n_neighbors value,Train_Accuracy,Train_Precision_micro,Train_Recall_micro,Train_f1_micro,Train_Precision_macro,Train_Recall_macro,Train_f1_macro,Train_Precision_weighted,Train_Recall_weighted,Train_f1_weighted,Train_Confusion_Matrix,Test_Accuracy,Test_Precision_micro,Test_Recall_micro,Test_f1_micro,Test_Precision_macro,Test_Recall_macro,Test_f1_macro,Test_Precision_weighted,Test_Recall_weighted,Test_f1_weighted,Test_Confusion_Matrix
1,"[1.0, 1.0, 1.0, 1.0, 1.0, 1.0, 1.0, 1.0, 1.0, 1.0]","[1.0, 1.0, 1.0, 1.0, 1.0, 1.0, 1.0, 1.0, 1.0, 1.0]","[1.0, 1.0, 1.0, 1.0, 1.0, 1.0, 1.0, 1.0, 1.0, 1.0]","[1.0, 1.0, 1.0, 1.0, 1.0, 1.0, 1.0, 1.0, 1.0, 1.0]","[1.0, 1.0, 1.0, 1.0, 1.0, 1.0, 1.0, 1.0, 1.0, 1.0]","[1.0, 1.0, 1.0, 1.0, 1.0, 1.0, 1.0, 1.0, 1.0, 1.0]","[1.0, 1.0, 1.0, 1.0, 1.0, 1.0, 1.0, 1.0, 1.0, 1.0]","[1.0, 1.0, 1.0, 1.0, 1.0, 1.0, 1.0, 1.0, 1.0, 1.0]","[1.0, 1.0, 1.0, 1.0, 1.0, 1.0, 1.0, 1.0, 1.0, 1.0]","[1.0, 1.0, 1.0, 1.0, 1.0, 1.0, 1.0, 1.0, 1.0, 1.0]","[array([[100,   0,   0,   0],
       [  0, 134,   0,   0],
       [  0,   0,  89,   0],
       [  0,   0,   0, 134]]), array([[100,   0,   0,   0],
       [  0, 134,   0,   0],
       [  0,   0,  89,   0],
       [  0,   0,   0, 134]]), array([[101,   0,   0,   0],
       [  0, 134,   0,   0],
       [  0,   0,  89,   0],
       [  0,   0,   0, 134]]), array([[101,   0,   0,   0],
       [  0, 134,   0,   0],
       [  0,   0,  89,   0],
       [  0,   0,   0, 134]]), array([[101,   0,   0,   0],
       [  0, 135,   0,   0],
       [  0,   0,  89,   0],
       [  0,   0,   0, 135]]), array([[101,   0,   0,   0],
       [  0, 134,   0,   0],
       [  0,   0,  90,   0],
       [  0,   0,   0, 134]]), array([[101,   0,   0,   0],
       [  0, 134,   0,   0],
       [  0,   0,  89,   0],
       [  0,   0,   0, 134]]), array([[101,   0,   0,   0],
       [  0, 134,   0,   0],
       [  0,   0,  89,   0],
       [  0,   0,   0, 134]]), array([[101,   0,   0,   0],
       [  0, 134,   0,   0],
       [  0,   0,  89,   0],
       [  0,   0,   0, 134]]), array([[101,   0,   0,   0],
       [  0, 134,   0,   0],
       [  0,   0,  89,   0],
       [  0,   0,   0, 134]])]","[0.6521739130434783, 0.8043478260869565, 0.8260869565217391, 0.7391304347826086, 0.8222222222222222, 0.8444444444444444, 0.6666666666666666, 0.7111111111111111, 0.7333333333333333, 0.7555555555555555]","[0.6521739130434783, 0.8043478260869565, 0.8260869565217391, 0.7391304347826086, 0.8222222222222222, 0.8444444444444444, 0.6666666666666666, 0.7111111111111111, 0.7333333333333333, 0.7555555555555555]","[0.6521739130434783, 0.8043478260869565, 0.8260869565217391, 0.7391304347826086, 0.8222222222222222, 0.8444444444444444, 0.6666666666666666, 0.7111111111111111, 0.7333333333333333, 0.7555555555555555]","[0.6521739130434783, 0.8043478260869565, 0.8260869565217391, 0.7391304347826086, 0.8222222222222222, 0.8444444444444444, 0.6666666666666666, 0.7111111111111111, 0.7333333333333333, 0.7555555555555555]","[0.6628787878787878, 0.8082837301587301, 0.8212121212121212, 0.7405011655011655, 0.8267676767676768, 0.8447455322455323, 0.6666666666666666, 0.7222222222222222, 0.770995670995671, 0.7562500000000001]","[0.6624999999999999, 0.7875, 0.8212121212121212, 0.7522727272727273, 0.8188311688311688, 0.8555555555555556, 0.6479797979797981, 0.6772727272727272, 0.7305555555555555, 0.7489898989898991]","[0.6563003220611916, 0.7929264072090898, 0.8212121212121212, 0.7447722567287784, 0.8219683220590661, 0.8433966861598441, 0.653601807549176, 0.6713286713286712, 0.7291903498800051, 0.75153452685422]","[0.6699604743083004, 0.806698585231194, 0.8260869565217391, 0.7372808351069221, 0.8241975308641976, 0.8553785720452388, 0.671604938271605, 0.7203703703703703, 0.7587686387686388, 0.7583333333333333]","[0.6521739130434783, 0.8043478260869565, 0.8260869565217391, 0.7391304347826086, 0.8222222222222222, 0.8444444444444444, 0.6666666666666666, 0.7111111111111111, 0.7333333333333333, 0.7555555555555555]","[0.654641881957572, 0.801150268864523, 0.8260869565217391, 0.7364074174093078, 0.8223835450695703, 0.8428135152696556, 0.664997341839447, 0.6911162911162912, 0.7277279553141622, 0.7560102301790282]","[array([[9, 2, 1, 0],
       [2, 6, 0, 1],
       [0, 0, 7, 3],
       [0, 1, 6, 8]]), array([[11,  1,  0,  0],
       [ 3,  6,  0,  0],
       [ 0,  0,  7,  3],
       [ 0,  0,  2, 13]]), array([[ 9,  2,  0,  0],
       [ 2,  8,  0,  0],
       [ 0,  0,  8,  2],
       [ 0,  0,  2, 13]]), array([[10,  1,  0,  0],
       [ 1,  8,  0,  1],
       [ 0,  0,  7,  3],
       [ 1,  1,  4,  9]]), array([[ 9,  1,  0,  1],
       [ 2,  8,  0,  0],
       [ 0,  0,  8,  2],
       [ 0,  0,  2, 12]]), array([[11,  0,  0,  0],
       [ 2,  8,  0,  0],
       [ 0,  0,  8,  1],
       [ 0,  1,  3, 11]]), array([[ 7,  3,  1,  0],
       [ 2,  5,  0,  2],
       [ 0,  0,  6,  4],
       [ 0,  1,  2, 12]]), array([[10,  1,  0,  0],
       [ 5,  3,  0,  1],
       [ 0,  0,  6,  4],
       [ 0,  0,  2, 13]]), array([[11,  0,  0,  0],
       [ 3,  5,  0,  1],
       [ 0,  0,  7,  3],
       [ 1,  0,  4, 10]]), array([[ 9,  1,  1,  0],
       [ 2,  7,  0,  0],
       [ 1,  0,  6,  3],
       [ 0,  0,  3, 12]])]"
2,"[1.0, 1.0, 1.0, 1.0, 1.0, 1.0, 1.0, 1.0, 1.0, 1.0]","[1.0, 1.0, 1.0, 1.0, 1.0, 1.0, 1.0, 1.0, 1.0, 1.0]","[1.0, 1.0, 1.0, 1.0, 1.0, 1.0, 1.0, 1.0, 1.0, 1.0]","[1.0, 1.0, 1.0, 1.0, 1.0, 1.0, 1.0, 1.0, 1.0, 1.0]","[1.0, 1.0, 1.0, 1.0, 1.0, 1.0, 1.0, 1.0, 1.0, 1.0]","[1.0, 1.0, 1.0, 1.0, 1.0, 1.0, 1.0, 1.0, 1.0, 1.0]","[1.0, 1.0, 1.0, 1.0, 1.0, 1.0, 1.0, 1.0, 1.0, 1.0]","[1.0, 1.0, 1.0, 1.0, 1.0, 1.0, 1.0, 1.0, 1.0, 1.0]","[1.0, 1.0, 1.0, 1.0, 1.0, 1.0, 1.0, 1.0, 1.0, 1.0]","[1.0, 1.0, 1.0, 1.0, 1.0, 1.0, 1.0, 1.0, 1.0, 1.0]","[array([[100,   0,   0,   0],
       [  0, 134,   0,   0],
       [  0,   0,  89,   0],
       [  0,   0,   0, 134]]), array([[100,   0,   0,   0],
       [  0, 134,   0,   0],
       [  0,   0,  89,   0],
       [  0,   0,   0, 134]]), array([[101,   0,   0,   0],
       [  0, 134,   0,   0],
       [  0,   0,  89,   0],
       [  0,   0,   0, 134]]), array([[101,   0,   0,   0],
       [  0, 134,   0,   0],
       [  0,   0,  89,   0],
       [  0,   0,   0, 134]]), array([[101,   0,   0,   0],
       [  0, 135,   0,   0],
       [  0,   0,  89,   0],
       [  0,   0,   0, 135]]), array([[101,   0,   0,   0],
       [  0, 134,   0,   0],
       [  0,   0,  90,   0],
       [  0,   0,   0, 134]]), array([[101,   0,   0,   0],
       [  0, 134,   0,   0],
       [  0,   0,  89,   0],
       [  0,   0,   0, 134]]), array([[101,   0,   0,   0],
       [  0, 134,   0,   0],
       [  0,   0,  89,   0],
       [  0,   0,   0, 134]]), array([[101,   0,   0,   0],
       [  0, 134,   0,   0],
       [  0,   0,  89,   0],
       [  0,   0,   0, 134]]), array([[101,   0,   0,   0],
       [  0, 134,   0,   0],
       [  0,   0,  89,   0],
       [  0,   0,   0, 134]])]","[0.6304347826086957, 0.8043478260869565, 0.8260869565217391, 0.717391304347826, 0.8222222222222222, 0.8, 0.7111111111111111, 0.7111111111111111, 0.7111111111111111, 0.7333333333333333]","[0.6304347826086957, 0.8043478260869565, 0.8260869565217391, 0.717391304347826, 0.8222222222222222, 0.8, 0.7111111111111111, 0.7111111111111111, 0.7111111111111111, 0.7333333333333333]","[0.6304347826086957, 0.8043478260869565, 0.8260869565217391, 0.717391304347826, 0.8222222222222222, 0.8, 0.7111111111111111, 0.7111111111111111, 0.7111111111111111, 0.7333333333333333]","[0.6304347826086957, 0.8043478260869565, 0.8260869565217391, 0.717391304347826, 0.8222222222222222, 0.8, 0.7111111111111111, 0.7111111111111111, 0.7111111111111111, 0.7333333333333333]","[0.6369047619047619, 0.8082837301587301, 0.8212121212121212, 0.7194805194805195, 0.8267676767676768, 0.7973484848484848, 0.7412280701754386, 0.7233455882352942, 0.7595373376623377, 0.7392857142857143]","[0.6277777777777778, 0.7875, 0.8212121212121212, 0.7234848484848485, 0.8188311688311688, 0.8101010101010101, 0.6984848484848485, 0.6833333333333333, 0.7027777777777777, 0.7212121212121212]","[0.6196225071225071, 0.7929264072090898, 0.8212121212121212, 0.7200328407224958, 0.8219683220590661, 0.7987253487253487, 0.7115583075335397, 0.6732549857549858, 0.6966303173199725, 0.7267005610098176]","[0.6428571428571428, 0.806698585231194, 0.8260869565217391, 0.7206662902315076, 0.8241975308641976, 0.8126262626262627, 0.7364522417153996, 0.7200163398692812, 0.7475649350649352, 0.7380952380952381]","[0.6304347826086957, 0.8043478260869565, 0.8260869565217391, 0.717391304347826, 0.8222222222222222, 0.8, 0.7111111111111111, 0.7111111111111111, 0.7111111111111111, 0.7333333333333333]","[0.6250650315867707, 0.801150268864523, 0.8260869565217391, 0.7176411794102948, 0.8223835450695703, 0.8009171075837742, 0.714826281389749, 0.6896327951883506, 0.7002870834288458, 0.7327021972884527]","[array([[10,  1,  1,  0],
       [ 4,  4,  0,  1],
       [ 0,  0,  7,  3],
       [ 0,  1,  6,  8]]), array([[11,  1,  0,  0],
       [ 3,  6,  0,  0],
       [ 0,  0,  7,  3],
       [ 0,  0,  2, 13]]), array([[ 9,  2,  0,  0],
       [ 2,  8,  0,  0],
       [ 0,  0,  8,  2],
       [ 0,  0,  2, 13]]), array([[ 8,  3,  0,  0],
       [ 1,  8,  0,  1],
       [ 0,  0,  7,  3],
       [ 1,  0,  4, 10]]), array([[ 9,  1,  0,  1],
       [ 2,  8,  0,  0],
       [ 0,  0,  8,  2],
       [ 0,  0,  2, 12]]), array([[ 9,  2,  0,  0],
       [ 2,  8,  0,  0],
       [ 0,  0,  8,  1],
       [ 0,  1,  3, 11]]), array([[ 8,  2,  1,  0],
       [ 0,  6,  0,  3],
       [ 0,  0,  6,  4],
       [ 0,  1,  2, 12]]), array([[11,  0,  0,  0],
       [ 5,  3,  0,  1],
       [ 0,  0,  6,  4],
       [ 0,  1,  2, 12]]), array([[11,  0,  0,  0],
       [ 4,  4,  0,  1],
       [ 0,  0,  7,  3],
       [ 1,  0,  4, 10]]), array([[ 9,  1,  1,  0],
       [ 2,  6,  0,  1],
       [ 1,  0,  6,  3],
       [ 0,  0,  3, 12]])]"
3,"[1.0, 1.0, 1.0, 1.0, 1.0, 1.0, 1.0, 1.0, 1.0, 1.0]","[1.0, 1.0, 1.0, 1.0, 1.0, 1.0, 1.0, 1.0, 1.0, 1.0]","[1.0, 1.0, 1.0, 1.0, 1.0, 1.0, 1.0, 1.0, 1.0, 1.0]","[1.0, 1.0, 1.0, 1.0, 1.0, 1.0, 1.0, 1.0, 1.0, 1.0]","[1.0, 1.0, 1.0, 1.0, 1.0, 1.0, 1.0, 1.0, 1.0, 1.0]","[1.0, 1.0, 1.0, 1.0, 1.0, 1.0, 1.0, 1.0, 1.0, 1.0]","[1.0, 1.0, 1.0, 1.0, 1.0, 1.0, 1.0, 1.0, 1.0, 1.0]","[1.0, 1.0, 1.0, 1.0, 1.0, 1.0, 1.0, 1.0, 1.0, 1.0]","[1.0, 1.0, 1.0, 1.0, 1.0, 1.0, 1.0, 1.0, 1.0, 1.0]","[1.0, 1.0, 1.0, 1.0, 1.0, 1.0, 1.0, 1.0, 1.0, 1.0]","[array([[100,   0,   0,   0],
       [  0, 134,   0,   0],
       [  0,   0,  89,   0],
       [  0,   0,   0, 134]]), array([[100,   0,   0,   0],
       [  0, 134,   0,   0],
       [  0,   0,  89,   0],
       [  0,   0,   0, 134]]), array([[101,   0,   0,   0],
       [  0, 134,   0,   0],
       [  0,   0,  89,   0],
       [  0,   0,   0, 134]]), array([[101,   0,   0,   0],
       [  0, 134,   0,   0],
       [  0,   0,  89,   0],
       [  0,   0,   0, 134]]), array([[101,   0,   0,   0],
       [  0, 135,   0,   0],
       [  0,   0,  89,   0],
       [  0,   0,   0, 135]]), array([[101,   0,   0,   0],
       [  0, 134,   0,   0],
       [  0,   0,  90,   0],
       [  0,   0,   0, 134]]), array([[101,   0,   0,   0],
       [  0, 134,   0,   0],
       [  0,   0,  89,   0],
       [  0,   0,   0, 134]]), array([[101,   0,   0,   0],
       [  0, 134,   0,   0],
       [  0,   0,  89,   0],
       [  0,   0,   0, 134]]), array([[101,   0,   0,   0],
       [  0, 134,   0,   0],
       [  0,   0,  89,   0],
       [  0,   0,   0, 134]]), array([[101,   0,   0,   0],
       [  0, 134,   0,   0],
       [  0,   0,  89,   0],
       [  0,   0,   0, 134]])]","[0.7391304347826086, 0.7391304347826086, 0.782608695652174, 0.7391304347826086, 0.8, 0.8222222222222222, 0.7111111111111111, 0.7333333333333333, 0.7555555555555555, 0.6666666666666666]","[0.7391304347826086, 0.7391304347826086, 0.782608695652174, 0.7391304347826086, 0.8, 0.8222222222222222, 0.7111111111111111, 0.7333333333333333, 0.7555555555555555, 0.6666666666666666]","[0.7391304347826086, 0.7391304347826086, 0.782608695652174, 0.7391304347826086, 0.8, 0.8222222222222222, 0.7111111111111111, 0.7333333333333333, 0.7555555555555555, 0.6666666666666666]","[0.7391304347826086, 0.7391304347826086, 0.782608695652174, 0.7391304347826086, 0.8, 0.8222222222222222, 0.7111111111111111, 0.7333333333333333, 0.7555555555555555, 0.6666666666666666]","[0.7524038461538461, 0.735498366013072, 0.7885416666666667, 0.7340909090909091, 0.8009740259740259, 0.8217171717171716, 0.7424242424242423, 0.7473039215686275, 0.7688492063492064, 0.6764705882352942]","[0.7486111111111111, 0.7277777777777779, 0.7734848484848486, 0.7340909090909091, 0.8009740259740259, 0.8217171717171716, 0.7007575757575757, 0.711111111111111, 0.7411616161616161, 0.6457070707070707]","[0.7447229326513214, 0.7291666666666667, 0.7764162360936555, 0.7333333333333334, 0.7999999999999999, 0.8217171717171716, 0.7095959595959596, 0.708562271062271, 0.7444255800792303, 0.6530797101449275]","[0.7535535117056855, 0.7356138107416881, 0.791394927536232, 0.7405138339920948, 0.8018181818181818, 0.8222222222222222, 0.7414141414141413, 0.7412200435729849, 0.7641093474426808, 0.6760348583877995]","[0.7391304347826086, 0.7391304347826086, 0.782608695652174, 0.7391304347826086, 0.8, 0.8222222222222222, 0.7111111111111111, 0.7333333333333333, 0.7555555555555555, 0.6666666666666666]","[0.7404069832091627, 0.7349033816425121, 0.7828717954945164, 0.7391304347826086, 0.8, 0.8222222222222222, 0.7140291806958474, 0.7192714692714692, 0.7506960950764008, 0.6644927536231884]","[array([[11,  1,  0,  0],
       [ 2,  7,  0,  0],
       [ 0,  0,  7,  3],
       [ 0,  0,  6,  9]]), array([[10,  2,  0,  0],
       [ 2,  7,  0,  0],
       [ 0,  0,  5,  5],
       [ 0,  0,  3, 12]]), array([[ 8,  3,  0,  0],
       [ 2,  8,  0,  0],
       [ 0,  0,  7,  3],
       [ 0,  1,  1, 13]]), array([[ 7,  4,  0,  0],
       [ 2,  7,  0,  1],
       [ 0,  0,  8,  2],
       [ 1,  0,  2, 12]]), array([[ 9,  2,  0,  0],
       [ 1,  9,  0,  0],
       [ 0,  0,  7,  3],
       [ 0,  0,  3, 11]]), array([[10,  1,  0,  0],
       [ 1,  8,  0,  1],
       [ 0,  0,  7,  2],
       [ 0,  1,  2, 12]]), array([[ 7,  3,  1,  0],
       [ 0,  6,  0,  3],
       [ 0,  0,  7,  3],
       [ 0,  0,  3, 12]]), array([[11,  0,  0,  0],
       [ 4,  4,  0,  1],
       [ 0,  0,  6,  4],
       [ 0,  1,  2, 12]]), array([[10,  1,  0,  0],
       [ 3,  5,  0,  1],
       [ 0,  0,  7,  3],
       [ 1,  0,  2, 12]]), array([[ 8,  1,  2,  0],
       [ 3,  5,  0,  1],
       [ 1,  0,  5,  4],
       [ 0,  0,  3, 12]])]"
4,"[1.0, 1.0, 1.0, 1.0, 1.0, 1.0, 1.0, 1.0, 1.0, 1.0]","[1.0, 1.0, 1.0, 1.0, 1.0, 1.0, 1.0, 1.0, 1.0, 1.0]","[1.0, 1.0, 1.0, 1.0, 1.0, 1.0, 1.0, 1.0, 1.0, 1.0]","[1.0, 1.0, 1.0, 1.0, 1.0, 1.0, 1.0, 1.0, 1.0, 1.0]","[1.0, 1.0, 1.0, 1.0, 1.0, 1.0, 1.0, 1.0, 1.0, 1.0]","[1.0, 1.0, 1.0, 1.0, 1.0, 1.0, 1.0, 1.0, 1.0, 1.0]","[1.0, 1.0, 1.0, 1.0, 1.0, 1.0, 1.0, 1.0, 1.0, 1.0]","[1.0, 1.0, 1.0, 1.0, 1.0, 1.0, 1.0, 1.0, 1.0, 1.0]","[1.0, 1.0, 1.0, 1.0, 1.0, 1.0, 1.0, 1.0, 1.0, 1.0]","[1.0, 1.0, 1.0, 1.0, 1.0, 1.0, 1.0, 1.0, 1.0, 1.0]","[array([[100,   0,   0,   0],
       [  0, 134,   0,   0],
       [  0,   0,  89,   0],
       [  0,   0,   0, 134]]), array([[100,   0,   0,   0],
       [  0, 134,   0,   0],
       [  0,   0,  89,   0],
       [  0,   0,   0, 134]]), array([[101,   0,   0,   0],
       [  0, 134,   0,   0],
       [  0,   0,  89,   0],
       [  0,   0,   0, 134]]), array([[101,   0,   0,   0],
       [  0, 134,   0,   0],
       [  0,   0,  89,   0],
       [  0,   0,   0, 134]]), array([[101,   0,   0,   0],
       [  0, 135,   0,   0],
       [  0,   0,  89,   0],
       [  0,   0,   0, 135]]), array([[101,   0,   0,   0],
       [  0, 134,   0,   0],
       [  0,   0,  90,   0],
       [  0,   0,   0, 134]]), array([[101,   0,   0,   0],
       [  0, 134,   0,   0],
       [  0,   0,  89,   0],
       [  0,   0,   0, 134]]), array([[101,   0,   0,   0],
       [  0, 134,   0,   0],
       [  0,   0,  89,   0],
       [  0,   0,   0, 134]]), array([[101,   0,   0,   0],
       [  0, 134,   0,   0],
       [  0,   0,  89,   0],
       [  0,   0,   0, 134]]), array([[101,   0,   0,   0],
       [  0, 134,   0,   0],
       [  0,   0,  89,   0],
       [  0,   0,   0, 134]])]","[0.717391304347826, 0.7608695652173914, 0.8043478260869565, 0.7608695652173914, 0.8222222222222222, 0.8222222222222222, 0.7333333333333333, 0.7555555555555555, 0.8222222222222222, 0.7111111111111111]","[0.717391304347826, 0.7608695652173914, 0.8043478260869565, 0.7608695652173914, 0.8222222222222222, 0.8222222222222222, 0.7333333333333333, 0.7555555555555555, 0.8222222222222222, 0.7111111111111111]","[0.717391304347826, 0.7608695652173914, 0.8043478260869565, 0.7608695652173914, 0.8222222222222222, 0.8222222222222222, 0.7333333333333333, 0.7555555555555555, 0.8222222222222222, 0.7111111111111111]","[0.717391304347826, 0.7608695652173914, 0.8043478260869565, 0.7608695652173914, 0.8222222222222222, 0.8222222222222222, 0.7333333333333333, 0.7555555555555555, 0.8222222222222222, 0.7111111111111111]","[0.7283653846153846, 0.7630090497737557, 0.8082386363636364, 0.7568181818181818, 0.8229020979020979, 0.825974025974026, 0.7598039215686274, 0.7687324929971989, 0.8425324675324676, 0.7058150183150182]","[0.7236111111111111, 0.7486111111111111, 0.7962121212121213, 0.7568181818181818, 0.825974025974026, 0.830050505050505, 0.7257575757575758, 0.7388888888888889, 0.8166666666666667, 0.6934343434343435]","[0.7229602750190985, 0.7522712418300654, 0.7991435088209282, 0.7568181818181818, 0.8227513227513228, 0.8262466511105349, 0.7304292929292929, 0.7408333333333333, 0.8173727422003284, 0.6951931239388796]","[0.7263795986622074, 0.7579800314774738, 0.8089179841897234, 0.7608695652173914, 0.8266822066822066, 0.828167388167388, 0.7612200435729847, 0.7606909430438843, 0.8393939393939394, 0.7102360602360602]","[0.717391304347826, 0.7608695652173914, 0.8043478260869565, 0.7608695652173914, 0.8222222222222222, 0.8222222222222222, 0.7333333333333333, 0.7555555555555555, 0.8222222222222222, 0.7111111111111111]","[0.7188949413757598, 0.7560287013356067, 0.8038580556112115, 0.7608695652173914, 0.8228101116990005, 0.8235224075514457, 0.7350729517396185, 0.7465925925925926, 0.8202853493887976, 0.706748726655348]","[array([[11,  1,  0,  0],
       [ 2,  7,  0,  0],
       [ 0,  0,  6,  4],
       [ 0,  0,  6,  9]]), array([[11,  1,  0,  0],
       [ 2,  7,  0,  0],
       [ 0,  0,  5,  5],
       [ 0,  0,  3, 12]]), array([[ 9,  2,  0,  0],
       [ 2,  8,  0,  0],
       [ 0,  0,  7,  3],
       [ 0,  1,  1, 13]]), array([[ 8,  3,  0,  0],
       [ 2,  7,  0,  1],
       [ 0,  0,  8,  2],
       [ 1,  0,  2, 12]]), array([[ 9,  2,  0,  0],
       [ 1,  9,  0,  0],
       [ 0,  0,  8,  2],
       [ 0,  0,  3, 11]]), array([[10,  1,  0,  0],
       [ 0,  9,  0,  1],
       [ 0,  0,  7,  2],
       [ 0,  1,  3, 11]]), array([[ 7,  3,  1,  0],
       [ 0,  6,  0,  3],
       [ 0,  0,  8,  2],
       [ 0,  0,  3, 12]]), array([[11,  0,  0,  0],
       [ 3,  5,  0,  1],
       [ 0,  0,  6,  4],
       [ 0,  1,  2, 12]]), array([[11,  0,  0,  0],
       [ 3,  6,  0,  0],
       [ 0,  0,  8,  2],
       [ 0,  0,  3, 12]]), array([[ 9,  2,  0,  0],
       [ 3,  5,  0,  1],
       [ 1,  0,  6,  3],
       [ 0,  0,  3, 12]])]"
5,"[1.0, 1.0, 1.0, 1.0, 1.0, 1.0, 1.0, 1.0, 1.0, 1.0]","[1.0, 1.0, 1.0, 1.0, 1.0, 1.0, 1.0, 1.0, 1.0, 1.0]","[1.0, 1.0, 1.0, 1.0, 1.0, 1.0, 1.0, 1.0, 1.0, 1.0]","[1.0, 1.0, 1.0, 1.0, 1.0, 1.0, 1.0, 1.0, 1.0, 1.0]","[1.0, 1.0, 1.0, 1.0, 1.0, 1.0, 1.0, 1.0, 1.0, 1.0]","[1.0, 1.0, 1.0, 1.0, 1.0, 1.0, 1.0, 1.0, 1.0, 1.0]","[1.0, 1.0, 1.0, 1.0, 1.0, 1.0, 1.0, 1.0, 1.0, 1.0]","[1.0, 1.0, 1.0, 1.0, 1.0, 1.0, 1.0, 1.0, 1.0, 1.0]","[1.0, 1.0, 1.0, 1.0, 1.0, 1.0, 1.0, 1.0, 1.0, 1.0]","[1.0, 1.0, 1.0, 1.0, 1.0, 1.0, 1.0, 1.0, 1.0, 1.0]","[array([[100,   0,   0,   0],
       [  0, 134,   0,   0],
       [  0,   0,  89,   0],
       [  0,   0,   0, 134]]), array([[100,   0,   0,   0],
       [  0, 134,   0,   0],
       [  0,   0,  89,   0],
       [  0,   0,   0, 134]]), array([[101,   0,   0,   0],
       [  0, 134,   0,   0],
       [  0,   0,  89,   0],
       [  0,   0,   0, 134]]), array([[101,   0,   0,   0],
       [  0, 134,   0,   0],
       [  0,   0,  89,   0],
       [  0,   0,   0, 134]]), array([[101,   0,   0,   0],
       [  0, 135,   0,   0],
       [  0,   0,  89,   0],
       [  0,   0,   0, 135]]), array([[101,   0,   0,   0],
       [  0, 134,   0,   0],
       [  0,   0,  90,   0],
       [  0,   0,   0, 134]]), array([[101,   0,   0,   0],
       [  0, 134,   0,   0],
       [  0,   0,  89,   0],
       [  0,   0,   0, 134]]), array([[101,   0,   0,   0],
       [  0, 134,   0,   0],
       [  0,   0,  89,   0],
       [  0,   0,   0, 134]]), array([[101,   0,   0,   0],
       [  0, 134,   0,   0],
       [  0,   0,  89,   0],
       [  0,   0,   0, 134]]), array([[101,   0,   0,   0],
       [  0, 134,   0,   0],
       [  0,   0,  89,   0],
       [  0,   0,   0, 134]])]","[0.7391304347826086, 0.8478260869565217, 0.7391304347826086, 0.717391304347826, 0.8, 0.7777777777777778, 0.6888888888888889, 0.8, 0.7333333333333333, 0.7777777777777778]","[0.7391304347826086, 0.8478260869565217, 0.7391304347826086, 0.717391304347826, 0.8, 0.7777777777777778, 0.6888888888888889, 0.8, 0.7333333333333333, 0.7777777777777778]","[0.7391304347826086, 0.8478260869565217, 0.7391304347826086, 0.717391304347826, 0.8, 0.7777777777777778, 0.6888888888888889, 0.8, 0.7333333333333333, 0.7777777777777778]","[0.7391304347826086, 0.8478260869565217, 0.7391304347826086, 0.717391304347826, 0.8, 0.7777777777777778, 0.6888888888888889, 0.8, 0.7333333333333333, 0.7777777777777778]","[0.7488553113553114, 0.8647875816993463, 0.7463712757830405, 0.720788770053476, 0.8041666666666667, 0.7818181818181819, 0.6956959706959707, 0.8082399626517274, 0.7410714285714286, 0.7815934065934065]","[0.7374999999999999, 0.8430555555555556, 0.7234848484848485, 0.7068181818181818, 0.7961038961038961, 0.7712121212121212, 0.6835858585858586, 0.7856060606060605, 0.7161616161616162, 0.7689393939393938]","[0.7367007992007992, 0.851796310629515, 0.7280804367201427, 0.7109848484848484, 0.7956525325853819, 0.7747808800939731, 0.6772311212814646, 0.7922268306636155, 0.7181097906055462, 0.7708333333333333]","[0.7503185220576525, 0.8532253481102586, 0.7479489819643272, 0.7193094629156012, 0.8056790123456791, 0.7816161616161617, 0.7078144078144077, 0.8028737420894283, 0.7394179894179894, 0.7816849816849817]","[0.7391304347826086, 0.8478260869565217, 0.7391304347826086, 0.717391304347826, 0.8, 0.7777777777777778, 0.6888888888888889, 0.8, 0.7333333333333333, 0.7777777777777778]","[0.7387340919949615, 0.8484023758244715, 0.7372389173060528, 0.7155797101449275, 0.7985876918000331, 0.7780769655532466, 0.686583608780405, 0.7971364098652428, 0.7273042822109037, 0.775925925925926]","[array([[11,  1,  0,  0],
       [ 3,  6,  0,  0],
       [ 0,  0,  7,  3],
       [ 0,  0,  5, 10]]), array([[11,  0,  0,  1],
       [ 1,  8,  0,  0],
       [ 0,  0,  7,  3],
       [ 0,  0,  2, 13]]), array([[ 8,  3,  0,  0],
       [ 3,  7,  0,  0],
       [ 0,  0,  6,  4],
       [ 0,  1,  1, 13]]), array([[ 8,  3,  0,  0],
       [ 2,  7,  0,  1],
       [ 0,  0,  6,  4],
       [ 1,  0,  2, 12]]), array([[ 8,  3,  0,  0],
       [ 1,  9,  0,  0],
       [ 0,  0,  7,  3],
       [ 0,  0,  2, 12]]), array([[ 9,  2,  0,  0],
       [ 1,  8,  0,  1],
       [ 0,  0,  6,  3],
       [ 0,  1,  2, 12]]), array([[ 6,  4,  1,  0],
       [ 1,  5,  0,  3],
       [ 0,  0,  9,  1],
       [ 0,  1,  3, 11]]), array([[10,  1,  0,  0],
       [ 2,  6,  0,  1],
       [ 0,  0,  7,  3],
       [ 0,  0,  2, 13]]), array([[10,  1,  0,  0],
       [ 4,  5,  0,  0],
       [ 0,  0,  6,  4],
       [ 0,  0,  3, 12]]), array([[10,  1,  0,  0],
       [ 2,  6,  0,  1],
       [ 1,  0,  7,  2],
       [ 0,  0,  3, 12]])]"
6,"[1.0, 1.0, 1.0, 1.0, 1.0, 1.0, 1.0, 1.0, 1.0, 1.0]","[1.0, 1.0, 1.0, 1.0, 1.0, 1.0, 1.0, 1.0, 1.0, 1.0]","[1.0, 1.0, 1.0, 1.0, 1.0, 1.0, 1.0, 1.0, 1.0, 1.0]","[1.0, 1.0, 1.0, 1.0, 1.0, 1.0, 1.0, 1.0, 1.0, 1.0]","[1.0, 1.0, 1.0, 1.0, 1.0, 1.0, 1.0, 1.0, 1.0, 1.0]","[1.0, 1.0, 1.0, 1.0, 1.0, 1.0, 1.0, 1.0, 1.0, 1.0]","[1.0, 1.0, 1.0, 1.0, 1.0, 1.0, 1.0, 1.0, 1.0, 1.0]","[1.0, 1.0, 1.0, 1.0, 1.0, 1.0, 1.0, 1.0, 1.0, 1.0]","[1.0, 1.0, 1.0, 1.0, 1.0, 1.0, 1.0, 1.0, 1.0, 1.0]","[1.0, 1.0, 1.0, 1.0, 1.0, 1.0, 1.0, 1.0, 1.0, 1.0]","[array([[100,   0,   0,   0],
       [  0, 134,   0,   0],
       [  0,   0,  89,   0],
       [  0,   0,   0, 134]]), array([[100,   0,   0,   0],
       [  0, 134,   0,   0],
       [  0,   0,  89,   0],
       [  0,   0,   0, 134]]), array([[101,   0,   0,   0],
       [  0, 134,   0,   0],
       [  0,   0,  89,   0],
       [  0,   0,   0, 134]]), array([[101,   0,   0,   0],
       [  0, 134,   0,   0],
       [  0,   0,  89,   0],
       [  0,   0,   0, 134]]), array([[101,   0,   0,   0],
       [  0, 135,   0,   0],
       [  0,   0,  89,   0],
       [  0,   0,   0, 135]]), array([[101,   0,   0,   0],
       [  0, 134,   0,   0],
       [  0,   0,  90,   0],
       [  0,   0,   0, 134]]), array([[101,   0,   0,   0],
       [  0, 134,   0,   0],
       [  0,   0,  89,   0],
       [  0,   0,   0, 134]]), array([[101,   0,   0,   0],
       [  0, 134,   0,   0],
       [  0,   0,  89,   0],
       [  0,   0,   0, 134]]), array([[101,   0,   0,   0],
       [  0, 134,   0,   0],
       [  0,   0,  89,   0],
       [  0,   0,   0, 134]]), array([[101,   0,   0,   0],
       [  0, 134,   0,   0],
       [  0,   0,  89,   0],
       [  0,   0,   0, 134]])]","[0.7391304347826086, 0.8260869565217391, 0.782608695652174, 0.7391304347826086, 0.8, 0.7777777777777778, 0.7777777777777778, 0.8, 0.7333333333333333, 0.7555555555555555]","[0.7391304347826086, 0.8260869565217391, 0.782608695652174, 0.7391304347826086, 0.8, 0.7777777777777778, 0.7777777777777778, 0.8, 0.7333333333333333, 0.7555555555555555]","[0.7391304347826086, 0.8260869565217391, 0.782608695652174, 0.7391304347826086, 0.8, 0.7777777777777778, 0.7777777777777778, 0.8, 0.7333333333333333, 0.7555555555555555]","[0.7391304347826086, 0.8260869565217391, 0.782608695652174, 0.7391304347826086, 0.8, 0.7777777777777778, 0.7777777777777778, 0.8, 0.7333333333333333, 0.7555555555555555]","[0.7524038461538461, 0.8416666666666666, 0.7988153594771241, 0.7340909090909091, 0.8041666666666667, 0.7772727272727272, 0.7945054945054945, 0.7958333333333334, 0.7660539215686275, 0.7619047619047619]","[0.7486111111111111, 0.8263888888888888, 0.7734848484848486, 0.7340909090909091, 0.7961038961038961, 0.7772727272727272, 0.7845959595959596, 0.793939393939394, 0.7138888888888888, 0.7411616161616161]","[0.7447229326513214, 0.8330091714104997, 0.7793876262626263, 0.7333333333333334, 0.7956525325853819, 0.7772727272727272, 0.7800441884320997, 0.7938618925831202, 0.716498778998779, 0.7416666666666667]","[0.7535535117056855, 0.8315217391304348, 0.7970659278204034, 0.7405138339920948, 0.8056790123456791, 0.7777777777777778, 0.8001953601953602, 0.7981481481481483, 0.753442265795207, 0.7634920634920636]","[0.7391304347826086, 0.8260869565217391, 0.782608695652174, 0.7391304347826086, 0.8, 0.7777777777777778, 0.7777777777777778, 0.8, 0.7333333333333333, 0.7555555555555555]","[0.7404069832091627, 0.8279019882847949, 0.7834348924022837, 0.7391304347826086, 0.7985876918000331, 0.7777777777777778, 0.7800029809656576, 0.7981813015061098, 0.7231515398182066, 0.7511111111111111]","[array([[11,  1,  0,  0],
       [ 2,  7,  0,  0],
       [ 0,  0,  7,  3],
       [ 0,  0,  6,  9]]), array([[11,  0,  0,  1],
       [ 1,  8,  0,  0],
       [ 0,  0,  7,  3],
       [ 0,  0,  3, 12]]), array([[ 8,  3,  0,  0],
       [ 1,  8,  0,  1],
       [ 0,  0,  7,  3],
       [ 0,  1,  1, 13]]), array([[ 7,  4,  0,  0],
       [ 2,  7,  0,  1],
       [ 0,  0,  8,  2],
       [ 1,  0,  2, 12]]), array([[ 8,  3,  0,  0],
       [ 1,  9,  0,  0],
       [ 0,  0,  7,  3],
       [ 0,  0,  2, 12]]), array([[10,  1,  0,  0],
       [ 1,  8,  0,  1],
       [ 0,  0,  6,  3],
       [ 0,  1,  3, 11]]), array([[ 8,  2,  1,  0],
       [ 0,  7,  0,  2],
       [ 0,  0,  9,  1],
       [ 0,  1,  3, 11]]), array([[10,  1,  0,  0],
       [ 2,  6,  0,  1],
       [ 0,  0,  8,  2],
       [ 0,  1,  2, 12]]), array([[11,  0,  0,  0],
       [ 4,  5,  0,  0],
       [ 0,  0,  5,  5],
       [ 0,  0,  3, 12]]), array([[10,  1,  0,  0],
       [ 3,  5,  0,  1],
       [ 1,  0,  7,  2],
       [ 0,  0,  3, 12]])]"
7,"[1.0, 1.0, 1.0, 1.0, 1.0, 1.0, 1.0, 1.0, 1.0, 1.0]","[1.0, 1.0, 1.0, 1.0, 1.0, 1.0, 1.0, 1.0, 1.0, 1.0]","[1.0, 1.0, 1.0, 1.0, 1.0, 1.0, 1.0, 1.0, 1.0, 1.0]","[1.0, 1.0, 1.0, 1.0, 1.0, 1.0, 1.0, 1.0, 1.0, 1.0]","[1.0, 1.0, 1.0, 1.0, 1.0, 1.0, 1.0, 1.0, 1.0, 1.0]","[1.0, 1.0, 1.0, 1.0, 1.0, 1.0, 1.0, 1.0, 1.0, 1.0]","[1.0, 1.0, 1.0, 1.0, 1.0, 1.0, 1.0, 1.0, 1.0, 1.0]","[1.0, 1.0, 1.0, 1.0, 1.0, 1.0, 1.0, 1.0, 1.0, 1.0]","[1.0, 1.0, 1.0, 1.0, 1.0, 1.0, 1.0, 1.0, 1.0, 1.0]","[1.0, 1.0, 1.0, 1.0, 1.0, 1.0, 1.0, 1.0, 1.0, 1.0]","[array([[100,   0,   0,   0],
       [  0, 134,   0,   0],
       [  0,   0,  89,   0],
       [  0,   0,   0, 134]]), array([[100,   0,   0,   0],
       [  0, 134,   0,   0],
       [  0,   0,  89,   0],
       [  0,   0,   0, 134]]), array([[101,   0,   0,   0],
       [  0, 134,   0,   0],
       [  0,   0,  89,   0],
       [  0,   0,   0, 134]]), array([[101,   0,   0,   0],
       [  0, 134,   0,   0],
       [  0,   0,  89,   0],
       [  0,   0,   0, 134]]), array([[101,   0,   0,   0],
       [  0, 135,   0,   0],
       [  0,   0,  89,   0],
       [  0,   0,   0, 135]]), array([[101,   0,   0,   0],
       [  0, 134,   0,   0],
       [  0,   0,  90,   0],
       [  0,   0,   0, 134]]), array([[101,   0,   0,   0],
       [  0, 134,   0,   0],
       [  0,   0,  89,   0],
       [  0,   0,   0, 134]]), array([[101,   0,   0,   0],
       [  0, 134,   0,   0],
       [  0,   0,  89,   0],
       [  0,   0,   0, 134]]), array([[101,   0,   0,   0],
       [  0, 134,   0,   0],
       [  0,   0,  89,   0],
       [  0,   0,   0, 134]]), array([[101,   0,   0,   0],
       [  0, 134,   0,   0],
       [  0,   0,  89,   0],
       [  0,   0,   0, 134]])]","[0.7391304347826086, 0.8478260869565217, 0.7608695652173914, 0.7608695652173914, 0.7333333333333333, 0.7555555555555555, 0.6888888888888889, 0.7555555555555555, 0.7333333333333333, 0.7777777777777778]","[0.7391304347826086, 0.8478260869565217, 0.7608695652173914, 0.7608695652173914, 0.7333333333333333, 0.7555555555555555, 0.6888888888888889, 0.7555555555555555, 0.7333333333333333, 0.7777777777777778]","[0.7391304347826086, 0.8478260869565217, 0.7608695652173914, 0.7608695652173914, 0.7333333333333333, 0.7555555555555555, 0.6888888888888889, 0.7555555555555555, 0.7333333333333333, 0.7777777777777778]","[0.7391304347826086, 0.8478260869565217, 0.7608695652173914, 0.7608695652173914, 0.7333333333333333, 0.7555555555555555, 0.6888888888888889, 0.7555555555555555, 0.7333333333333333, 0.7777777777777778]","[0.7502289377289377, 0.8626893939393939, 0.7734962406015038, 0.7820855614973262, 0.7282467532467531, 0.7730769230769231, 0.7021199388846449, 0.7545454545454546, 0.7341269841269842, 0.7815934065934065]","[0.7374999999999999, 0.838888888888889, 0.7401515151515152, 0.7484848484848484, 0.7282467532467531, 0.7568181818181818, 0.678030303030303, 0.7462121212121211, 0.7128787878787879, 0.7689393939393938]","[0.7390047021943573, 0.8461791831357048, 0.7478291316526611, 0.757492201426025, 0.7282467532467531, 0.7561784897025171, 0.6791666666666667, 0.7495644298775228, 0.7161512826474463, 0.7708333333333333]","[0.7481684981684983, 0.8549077733860342, 0.7700882641386074, 0.7790048825854451, 0.7333333333333333, 0.776068376068376, 0.709464391817333, 0.7555555555555555, 0.7328042328042328, 0.7816849816849817]","[0.7391304347826086, 0.8478260869565217, 0.7608695652173914, 0.7608695652173914, 0.7333333333333333, 0.7555555555555555, 0.6888888888888889, 0.7555555555555555, 0.7333333333333333, 0.7777777777777778]","[0.7395318249965928, 0.8465181111683948, 0.7563634149311897, 0.7628143648763853, 0.7333333333333333, 0.757538774472413, 0.6885185185185185, 0.7547965422728231, 0.725826035288951, 0.775925925925926]","[array([[11,  1,  0,  0],
       [ 2,  6,  0,  1],
       [ 0,  0,  7,  3],
       [ 0,  0,  5, 10]]), array([[10,  1,  0,  1],
       [ 1,  8,  0,  0],
       [ 0,  0,  7,  3],
       [ 0,  0,  1, 14]]), array([[ 8,  3,  0,  0],
       [ 2,  7,  0,  1],
       [ 0,  0,  6,  4],
       [ 0,  0,  1, 14]]), array([[ 8,  3,  0,  0],
       [ 2,  7,  0,  1],
       [ 0,  0,  7,  3],
       [ 1,  1,  0, 13]]), array([[ 8,  3,  0,  0],
       [ 3,  7,  0,  0],
       [ 0,  0,  7,  3],
       [ 0,  0,  3, 11]]), array([[ 8,  3,  0,  0],
       [ 0,  9,  0,  1],
       [ 0,  0,  6,  3],
       [ 0,  1,  3, 11]]), array([[ 6,  4,  1,  0],
       [ 1,  6,  0,  2],
       [ 0,  0,  7,  3],
       [ 0,  1,  2, 12]]), array([[ 9,  2,  0,  0],
       [ 2,  6,  0,  1],
       [ 0,  0,  7,  3],
       [ 0,  0,  3, 12]]), array([[ 9,  2,  0,  0],
       [ 3,  6,  0,  0],
       [ 0,  0,  5,  5],
       [ 0,  0,  2, 13]]), array([[10,  1,  0,  0],
       [ 2,  6,  0,  1],
       [ 1,  0,  7,  2],
       [ 0,  0,  3, 12]])]"
8,"[1.0, 1.0, 1.0, 1.0, 1.0, 1.0, 1.0, 1.0, 1.0, 1.0]","[1.0, 1.0, 1.0, 1.0, 1.0, 1.0, 1.0, 1.0, 1.0, 1.0]","[1.0, 1.0, 1.0, 1.0, 1.0, 1.0, 1.0, 1.0, 1.0, 1.0]","[1.0, 1.0, 1.0, 1.0, 1.0, 1.0, 1.0, 1.0, 1.0, 1.0]","[1.0, 1.0, 1.0, 1.0, 1.0, 1.0, 1.0, 1.0, 1.0, 1.0]","[1.0, 1.0, 1.0, 1.0, 1.0, 1.0, 1.0, 1.0, 1.0, 1.0]","[1.0, 1.0, 1.0, 1.0, 1.0, 1.0, 1.0, 1.0, 1.0, 1.0]","[1.0, 1.0, 1.0, 1.0, 1.0, 1.0, 1.0, 1.0, 1.0, 1.0]","[1.0, 1.0, 1.0, 1.0, 1.0, 1.0, 1.0, 1.0, 1.0, 1.0]","[1.0, 1.0, 1.0, 1.0, 1.0, 1.0, 1.0, 1.0, 1.0, 1.0]","[array([[100,   0,   0,   0],
       [  0, 134,   0,   0],
       [  0,   0,  89,   0],
       [  0,   0,   0, 134]]), array([[100,   0,   0,   0],
       [  0, 134,   0,   0],
       [  0,   0,  89,   0],
       [  0,   0,   0, 134]]), array([[101,   0,   0,   0],
       [  0, 134,   0,   0],
       [  0,   0,  89,   0],
       [  0,   0,   0, 134]]), array([[101,   0,   0,   0],
       [  0, 134,   0,   0],
       [  0,   0,  89,   0],
       [  0,   0,   0, 134]]), array([[101,   0,   0,   0],
       [  0, 135,   0,   0],
       [  0,   0,  89,   0],
       [  0,   0,   0, 135]]), array([[101,   0,   0,   0],
       [  0, 134,   0,   0],
       [  0,   0,  90,   0],
       [  0,   0,   0, 134]]), array([[101,   0,   0,   0],
       [  0, 134,   0,   0],
       [  0,   0,  89,   0],
       [  0,   0,   0, 134]]), array([[101,   0,   0,   0],
       [  0, 134,   0,   0],
       [  0,   0,  89,   0],
       [  0,   0,   0, 134]]), array([[101,   0,   0,   0],
       [  0, 134,   0,   0],
       [  0,   0,  89,   0],
       [  0,   0,   0, 134]]), array([[101,   0,   0,   0],
       [  0, 134,   0,   0],
       [  0,   0,  89,   0],
       [  0,   0,   0, 134]])]","[0.782608695652174, 0.8478260869565217, 0.717391304347826, 0.782608695652174, 0.8, 0.7555555555555555, 0.7111111111111111, 0.8444444444444444, 0.7333333333333333, 0.7555555555555555]","[0.782608695652174, 0.8478260869565217, 0.717391304347826, 0.782608695652174, 0.8, 0.7555555555555555, 0.7111111111111111, 0.8444444444444444, 0.7333333333333333, 0.7555555555555555]","[0.782608695652174, 0.8478260869565217, 0.717391304347826, 0.782608695652174, 0.8, 0.7555555555555555, 0.7111111111111111, 0.8444444444444444, 0.7333333333333333, 0.7555555555555555]","[0.782608695652174, 0.8478260869565217, 0.717391304347826, 0.782608695652174, 0.8, 0.7555555555555555, 0.7111111111111111, 0.8444444444444444, 0.7333333333333333, 0.7555555555555555]","[0.8051739926739927, 0.8647875816993463, 0.7384768740031898, 0.782165404040404, 0.8061126373626374, 0.7730769230769231, 0.718452380952381, 0.8646634615384616, 0.7393139948287007, 0.752573815073815]","[0.7861111111111111, 0.8430555555555556, 0.6984848484848485, 0.7734848484848486, 0.7983766233766234, 0.7568181818181818, 0.7030303030303029, 0.8333333333333334, 0.718939393939394, 0.7573232323232324]","[0.7902547021943573, 0.851796310629515, 0.7045693277310924, 0.7770219169624942, 0.7941484145145473, 0.7561784897025171, 0.699927972423728, 0.8388440860215054, 0.7222222222222223, 0.753191856452726]","[0.7961856983596114, 0.8532253481102586, 0.7339158172110117, 0.7842693236714975, 0.8121794871794871, 0.776068376068376, 0.7276719576719576, 0.8554487179487179, 0.7336457659987072, 0.7623543123543123]","[0.782608695652174, 0.8478260869565217, 0.717391304347826, 0.782608695652174, 0.8, 0.7555555555555555, 0.7111111111111111, 0.8444444444444444, 0.7333333333333333, 0.7555555555555555]","[0.7848579119531144, 0.8484023758244715, 0.7123523322372426, 0.7826456041928102, 0.7984744469870327, 0.757538774472413, 0.708959430181841, 0.8414217443249701, 0.7271604938271605, 0.7569128134345525]","[array([[12,  0,  0,  0],
       [ 1,  7,  0,  1],
       [ 0,  0,  7,  3],
       [ 0,  0,  5, 10]]), array([[11,  0,  0,  1],
       [ 1,  8,  0,  0],
       [ 0,  0,  7,  3],
       [ 0,  0,  2, 13]]), array([[ 8,  3,  0,  0],
       [ 2,  7,  0,  1],
       [ 0,  0,  5,  5],
       [ 0,  1,  1, 13]]), array([[ 8,  3,  0,  0],
       [ 2,  7,  0,  1],
       [ 0,  0,  8,  2],
       [ 1,  0,  1, 13]]), array([[ 7,  4,  0,  0],
       [ 1,  9,  0,  0],
       [ 0,  0,  8,  2],
       [ 0,  0,  2, 12]]), array([[ 8,  3,  0,  0],
       [ 0,  9,  0,  1],
       [ 0,  0,  6,  3],
       [ 0,  1,  3, 11]]), array([[ 6,  4,  1,  0],
       [ 1,  6,  0,  2],
       [ 0,  0,  8,  2],
       [ 0,  0,  3, 12]]), array([[11,  0,  0,  0],
       [ 2,  6,  0,  1],
       [ 0,  0,  8,  2],
       [ 0,  0,  2, 13]]), array([[10,  1,  0,  0],
       [ 3,  6,  0,  0],
       [ 0,  0,  5,  5],
       [ 0,  0,  3, 12]]), array([[ 9,  2,  0,  0],
       [ 2,  7,  0,  0],
       [ 1,  0,  7,  2],
       [ 0,  0,  4, 11]])]"
9,"[1.0, 1.0, 1.0, 1.0, 1.0, 1.0, 1.0, 1.0, 1.0, 1.0]","[1.0, 1.0, 1.0, 1.0, 1.0, 1.0, 1.0, 1.0, 1.0, 1.0]","[1.0, 1.0, 1.0, 1.0, 1.0, 1.0, 1.0, 1.0, 1.0, 1.0]","[1.0, 1.0, 1.0, 1.0, 1.0, 1.0, 1.0, 1.0, 1.0, 1.0]","[1.0, 1.0, 1.0, 1.0, 1.0, 1.0, 1.0, 1.0, 1.0, 1.0]","[1.0, 1.0, 1.0, 1.0, 1.0, 1.0, 1.0, 1.0, 1.0, 1.0]","[1.0, 1.0, 1.0, 1.0, 1.0, 1.0, 1.0, 1.0, 1.0, 1.0]","[1.0, 1.0, 1.0, 1.0, 1.0, 1.0, 1.0, 1.0, 1.0, 1.0]","[1.0, 1.0, 1.0, 1.0, 1.0, 1.0, 1.0, 1.0, 1.0, 1.0]","[1.0, 1.0, 1.0, 1.0, 1.0, 1.0, 1.0, 1.0, 1.0, 1.0]","[array([[100,   0,   0,   0],
       [  0, 134,   0,   0],
       [  0,   0,  89,   0],
       [  0,   0,   0, 134]]), array([[100,   0,   0,   0],
       [  0, 134,   0,   0],
       [  0,   0,  89,   0],
       [  0,   0,   0, 134]]), array([[101,   0,   0,   0],
       [  0, 134,   0,   0],
       [  0,   0,  89,   0],
       [  0,   0,   0, 134]]), array([[101,   0,   0,   0],
       [  0, 134,   0,   0],
       [  0,   0,  89,   0],
       [  0,   0,   0, 134]]), array([[101,   0,   0,   0],
       [  0, 135,   0,   0],
       [  0,   0,  89,   0],
       [  0,   0,   0, 135]]), array([[101,   0,   0,   0],
       [  0, 134,   0,   0],
       [  0,   0,  90,   0],
       [  0,   0,   0, 134]]), array([[101,   0,   0,   0],
       [  0, 134,   0,   0],
       [  0,   0,  89,   0],
       [  0,   0,   0, 134]]), array([[101,   0,   0,   0],
       [  0, 134,   0,   0],
       [  0,   0,  89,   0],
       [  0,   0,   0, 134]]), array([[101,   0,   0,   0],
       [  0, 134,   0,   0],
       [  0,   0,  89,   0],
       [  0,   0,   0, 134]]), array([[101,   0,   0,   0],
       [  0, 134,   0,   0],
       [  0,   0,  89,   0],
       [  0,   0,   0, 134]])]","[0.782608695652174, 0.8260869565217391, 0.782608695652174, 0.782608695652174, 0.7555555555555555, 0.7555555555555555, 0.7555555555555555, 0.7777777777777778, 0.7777777777777778, 0.7333333333333333]","[0.782608695652174, 0.8260869565217391, 0.782608695652174, 0.782608695652174, 0.7555555555555555, 0.7555555555555555, 0.7555555555555555, 0.7777777777777778, 0.7777777777777778, 0.7333333333333333]","[0.782608695652174, 0.8260869565217391, 0.782608695652174, 0.782608695652174, 0.7555555555555555, 0.7555555555555555, 0.7555555555555555, 0.7777777777777778, 0.7777777777777778, 0.7333333333333333]","[0.782608695652174, 0.8260869565217391, 0.782608695652174, 0.782608695652174, 0.7555555555555555, 0.7555555555555555, 0.7555555555555555, 0.7777777777777778, 0.7777777777777778, 0.7333333333333333]","[0.7966269841269842, 0.8270944741532977, 0.8007613301730948, 0.7940340909090909, 0.7532467532467533, 0.7857142857142857, 0.7587301587301587, 0.7851190476190476, 0.7776663695781343, 0.7266483516483515]","[0.7930555555555555, 0.8152777777777778, 0.7734848484848486, 0.7734848484848486, 0.7532467532467533, 0.7507575757575757, 0.7363636363636363, 0.7689393939393938, 0.7656565656565657, 0.7184343434343434]","[0.7928573591991883, 0.8193729341469616, 0.7752477621483377, 0.7803844900619095, 0.7523809523809524, 0.7519634197765128, 0.7366826156299842, 0.7734396914446002, 0.7687815656565656, 0.71875]","[0.7945134575569359, 0.8273915626856803, 0.7987580762516823, 0.7945899209486165, 0.7571717171717173, 0.7873015873015874, 0.7665608465608466, 0.7806878306878307, 0.777124183006536, 0.7343101343101343]","[0.782608695652174, 0.8260869565217391, 0.782608695652174, 0.782608695652174, 0.7555555555555555, 0.7555555555555555, 0.7555555555555555, 0.7777777777777778, 0.7777777777777778, 0.7333333333333333]","[0.7866679308567062, 0.8247251517261963, 0.7798350105637717, 0.7855695808009974, 0.7555555555555555, 0.7560311101740578, 0.7498848130427078, 0.7761804581580177, 0.774537037037037, 0.7305555555555555]","[array([[11,  1,  0,  0],
       [ 0,  8,  0,  1],
       [ 0,  0,  7,  3],
       [ 0,  0,  5, 10]]), array([[ 9,  2,  0,  1],
       [ 2,  7,  0,  0],
       [ 0,  0,  8,  2],
       [ 0,  0,  1, 14]]), array([[ 8,  3,  0,  0],
       [ 1,  9,  0,  0],
       [ 0,  0,  6,  4],
       [ 0,  1,  1, 13]]), array([[ 8,  3,  0,  0],
       [ 2,  7,  0,  1],
       [ 0,  0,  8,  2],
       [ 1,  1,  0, 13]]), array([[ 8,  3,  0,  0],
       [ 2,  8,  0,  0],
       [ 0,  0,  7,  3],
       [ 0,  0,  3, 11]]), array([[ 7,  4,  0,  0],
       [ 0,  9,  0,  1],
       [ 0,  0,  6,  3],
       [ 0,  1,  2, 12]]), array([[ 6,  4,  1,  0],
       [ 1,  6,  0,  2],
       [ 0,  0,  8,  2],
       [ 0,  0,  1, 14]]), array([[10,  1,  0,  0],
       [ 2,  6,  0,  1],
       [ 0,  0,  7,  3],
       [ 0,  0,  3, 12]]), array([[ 9,  2,  0,  0],
       [ 2,  7,  0,  0],
       [ 0,  0,  6,  4],
       [ 0,  0,  2, 13]]), array([[ 9,  2,  0,  0],
       [ 3,  5,  0,  1],
       [ 1,  0,  7,  2],
       [ 0,  0,  3, 12]])]"
10,"[1.0, 1.0, 1.0, 1.0, 1.0, 1.0, 1.0, 1.0, 1.0, 1.0]","[1.0, 1.0, 1.0, 1.0, 1.0, 1.0, 1.0, 1.0, 1.0, 1.0]","[1.0, 1.0, 1.0, 1.0, 1.0, 1.0, 1.0, 1.0, 1.0, 1.0]","[1.0, 1.0, 1.0, 1.0, 1.0, 1.0, 1.0, 1.0, 1.0, 1.0]","[1.0, 1.0, 1.0, 1.0, 1.0, 1.0, 1.0, 1.0, 1.0, 1.0]","[1.0, 1.0, 1.0, 1.0, 1.0, 1.0, 1.0, 1.0, 1.0, 1.0]","[1.0, 1.0, 1.0, 1.0, 1.0, 1.0, 1.0, 1.0, 1.0, 1.0]","[1.0, 1.0, 1.0, 1.0, 1.0, 1.0, 1.0, 1.0, 1.0, 1.0]","[1.0, 1.0, 1.0, 1.0, 1.0, 1.0, 1.0, 1.0, 1.0, 1.0]","[1.0, 1.0, 1.0, 1.0, 1.0, 1.0, 1.0, 1.0, 1.0, 1.0]","[array([[100,   0,   0,   0],
       [  0, 134,   0,   0],
       [  0,   0,  89,   0],
       [  0,   0,   0, 134]]), array([[100,   0,   0,   0],
       [  0, 134,   0,   0],
       [  0,   0,  89,   0],
       [  0,   0,   0, 134]]), array([[101,   0,   0,   0],
       [  0, 134,   0,   0],
       [  0,   0,  89,   0],
       [  0,   0,   0, 134]]), array([[101,   0,   0,   0],
       [  0, 134,   0,   0],
       [  0,   0,  89,   0],
       [  0,   0,   0, 134]]), array([[101,   0,   0,   0],
       [  0, 135,   0,   0],
       [  0,   0,  89,   0],
       [  0,   0,   0, 135]]), array([[101,   0,   0,   0],
       [  0, 134,   0,   0],
       [  0,   0,  90,   0],
       [  0,   0,   0, 134]]), array([[101,   0,   0,   0],
       [  0, 134,   0,   0],
       [  0,   0,  89,   0],
       [  0,   0,   0, 134]]), array([[101,   0,   0,   0],
       [  0, 134,   0,   0],
       [  0,   0,  89,   0],
       [  0,   0,   0, 134]]), array([[101,   0,   0,   0],
       [  0, 134,   0,   0],
       [  0,   0,  89,   0],
       [  0,   0,   0, 134]]), array([[101,   0,   0,   0],
       [  0, 134,   0,   0],
       [  0,   0,  89,   0],
       [  0,   0,   0, 134]])]","[0.8043478260869565, 0.8478260869565217, 0.7608695652173914, 0.8043478260869565, 0.7555555555555555, 0.8, 0.6888888888888889, 0.8222222222222222, 0.8, 0.7777777777777778]","[0.8043478260869565, 0.8478260869565217, 0.7608695652173914, 0.8043478260869565, 0.7555555555555555, 0.8, 0.6888888888888889, 0.8222222222222222, 0.8, 0.7777777777777778]","[0.8043478260869565, 0.8478260869565217, 0.7608695652173914, 0.8043478260869565, 0.7555555555555555, 0.8, 0.6888888888888889, 0.8222222222222222, 0.8, 0.7777777777777778]","[0.8043478260869565, 0.8478260869565217, 0.7608695652173914, 0.8043478260869565, 0.7555555555555555, 0.8, 0.6888888888888889, 0.8222222222222222, 0.8, 0.7777777777777778]","[0.824404761904762, 0.8647875816993463, 0.7837301587301587, 0.8182043650793651, 0.7555555555555555, 0.8, 0.724905303030303, 0.8257440476190476, 0.7965593434343434, 0.8019480519480519]","[0.8138888888888888, 0.8430555555555556, 0.7484848484848485, 0.793939393939394, 0.7483766233766235, 0.7962121212121211, 0.6863636363636363, 0.8106060606060607, 0.7906565656565657, 0.7749999999999999]","[0.8167988198414162, 0.851796310629515, 0.755258467023173, 0.7966743233796065, 0.7479252598581092, 0.7953017570664629, 0.6857081248921857, 0.8145687237026649, 0.7928778446605272, 0.7763218390804598]","[0.8162525879917185, 0.8532253481102586, 0.7793305728088337, 0.8153252242926156, 0.76, 0.8033333333333333, 0.7308501683501684, 0.8237433862433862, 0.7992283950617284, 0.7953823953823953]","[0.8043478260869565, 0.8478260869565217, 0.7608695652173914, 0.8043478260869565, 0.7555555555555555, 0.8, 0.6888888888888889, 0.8222222222222222, 0.8, 0.7777777777777778]","[0.8082402648942909, 0.8484023758244715, 0.7597767960939317, 0.8013156809191528, 0.7539412271535683, 0.7991851285968933, 0.6907243210089511, 0.819908056724326, 0.7988681380871534, 0.7761328224776501]","[array([[12,  0,  0,  0],
       [ 0,  8,  0,  1],
       [ 0,  0,  7,  3],
       [ 0,  0,  5, 10]]), array([[11,  0,  0,  1],
       [ 1,  8,  0,  0],
       [ 0,  0,  7,  3],
       [ 0,  0,  2, 13]]), array([[ 8,  3,  0,  0],
       [ 1,  8,  0,  1],
       [ 0,  0,  6,  4],
       [ 0,  1,  1, 13]]), array([[10,  1,  0,  0],
       [ 3,  6,  0,  1],
       [ 0,  0,  8,  2],
       [ 1,  0,  1, 13]]), array([[ 7,  4,  0,  0],
       [ 2,  8,  0,  0],
       [ 0,  0,  7,  3],
       [ 0,  0,  2, 12]]), array([[ 9,  2,  0,  0],
       [ 1,  9,  0,  0],
       [ 0,  0,  6,  3],
       [ 0,  1,  2, 12]]), array([[ 6,  4,  1,  0],
       [ 0,  6,  0,  3],
       [ 0,  0,  8,  2],
       [ 0,  1,  3, 11]]), array([[10,  1,  0,  0],
       [ 2,  6,  0,  1],
       [ 0,  0,  8,  2],
       [ 0,  0,  2, 13]]), array([[ 9,  2,  0,  0],
       [ 2,  7,  0,  0],
       [ 0,  0,  7,  3],
       [ 0,  0,  2, 13]]), array([[11,  0,  0,  0],
       [ 2,  6,  0,  1],
       [ 1,  0,  7,  2],
       [ 0,  0,  4, 11]])]"
11,"[1.0, 1.0, 1.0, 1.0, 1.0, 1.0, 1.0, 1.0, 1.0, 1.0]","[1.0, 1.0, 1.0, 1.0, 1.0, 1.0, 1.0, 1.0, 1.0, 1.0]","[1.0, 1.0, 1.0, 1.0, 1.0, 1.0, 1.0, 1.0, 1.0, 1.0]","[1.0, 1.0, 1.0, 1.0, 1.0, 1.0, 1.0, 1.0, 1.0, 1.0]","[1.0, 1.0, 1.0, 1.0, 1.0, 1.0, 1.0, 1.0, 1.0, 1.0]","[1.0, 1.0, 1.0, 1.0, 1.0, 1.0, 1.0, 1.0, 1.0, 1.0]","[1.0, 1.0, 1.0, 1.0, 1.0, 1.0, 1.0, 1.0, 1.0, 1.0]","[1.0, 1.0, 1.0, 1.0, 1.0, 1.0, 1.0, 1.0, 1.0, 1.0]","[1.0, 1.0, 1.0, 1.0, 1.0, 1.0, 1.0, 1.0, 1.0, 1.0]","[1.0, 1.0, 1.0, 1.0, 1.0, 1.0, 1.0, 1.0, 1.0, 1.0]","[array([[100,   0,   0,   0],
       [  0, 134,   0,   0],
       [  0,   0,  89,   0],
       [  0,   0,   0, 134]]), array([[100,   0,   0,   0],
       [  0, 134,   0,   0],
       [  0,   0,  89,   0],
       [  0,   0,   0, 134]]), array([[101,   0,   0,   0],
       [  0, 134,   0,   0],
       [  0,   0,  89,   0],
       [  0,   0,   0, 134]]), array([[101,   0,   0,   0],
       [  0, 134,   0,   0],
       [  0,   0,  89,   0],
       [  0,   0,   0, 134]]), array([[101,   0,   0,   0],
       [  0, 135,   0,   0],
       [  0,   0,  89,   0],
       [  0,   0,   0, 135]]), array([[101,   0,   0,   0],
       [  0, 134,   0,   0],
       [  0,   0,  90,   0],
       [  0,   0,   0, 134]]), array([[101,   0,   0,   0],
       [  0, 134,   0,   0],
       [  0,   0,  89,   0],
       [  0,   0,   0, 134]]), array([[101,   0,   0,   0],
       [  0, 134,   0,   0],
       [  0,   0,  89,   0],
       [  0,   0,   0, 134]]), array([[101,   0,   0,   0],
       [  0, 134,   0,   0],
       [  0,   0,  89,   0],
       [  0,   0,   0, 134]]), array([[101,   0,   0,   0],
       [  0, 134,   0,   0],
       [  0,   0,  89,   0],
       [  0,   0,   0, 134]])]","[0.782608695652174, 0.8478260869565217, 0.7608695652173914, 0.8260869565217391, 0.7555555555555555, 0.8, 0.7111111111111111, 0.8222222222222222, 0.8, 0.7555555555555555]","[0.782608695652174, 0.8478260869565217, 0.7608695652173914, 0.8260869565217391, 0.7555555555555555, 0.8, 0.7111111111111111, 0.8222222222222222, 0.8, 0.7555555555555555]","[0.782608695652174, 0.8478260869565217, 0.7608695652173914, 0.8260869565217391, 0.7555555555555555, 0.8, 0.7111111111111111, 0.8222222222222222, 0.8, 0.7555555555555555]","[0.782608695652174, 0.8478260869565217, 0.7608695652173914, 0.8260869565217391, 0.7555555555555555, 0.8, 0.7111111111111111, 0.8222222222222222, 0.8, 0.7555555555555555]","[0.7966269841269842, 0.8606209150326797, 0.7734962406015038, 0.8199925074925074, 0.7532467532467533, 0.8, 0.7125, 0.8471593765711413, 0.804162851037851, 0.7642361111111111]","[0.7930555555555555, 0.85, 0.7401515151515152, 0.8212121212121212, 0.7532467532467533, 0.7962121212121211, 0.6946969696969696, 0.8083333333333332, 0.7856060606060605, 0.730050505050505]","[0.7928573591991883, 0.8514503588516746, 0.7478291316526611, 0.8163998357963874, 0.7523809523809524, 0.7953017570664629, 0.696969696969697, 0.8165021929824562, 0.7897212790039616, 0.7290527808354634]","[0.7945134575569359, 0.8553992611537369, 0.7700882641386074, 0.8290188072796769, 0.7571717171717173, 0.8033333333333333, 0.7169135802469137, 0.83457907379476, 0.8031355989689323, 0.7666358024691358]","[0.782608695652174, 0.8478260869565217, 0.7608695652173914, 0.8260869565217391, 0.7555555555555555, 0.8, 0.7111111111111111, 0.8222222222222222, 0.8, 0.7555555555555555]","[0.7866679308567062, 0.8476375598086123, 0.7563634149311897, 0.8236685228814165, 0.7555555555555555, 0.7991851285968933, 0.7070707070707071, 0.8186500974658868, 0.7970162862353015, 0.7456324848515]","[array([[11,  1,  0,  0],
       [ 0,  8,  0,  1],
       [ 0,  0,  7,  3],
       [ 0,  0,  5, 10]]), array([[10,  1,  0,  1],
       [ 0,  9,  0,  0],
       [ 0,  0,  7,  3],
       [ 0,  0,  2, 13]]), array([[ 8,  3,  0,  0],
       [ 2,  7,  0,  1],
       [ 0,  0,  6,  4],
       [ 0,  0,  1, 14]]), array([[ 9,  2,  0,  0],
       [ 3,  6,  0,  1],
       [ 0,  0, 10,  0],
       [ 1,  0,  1, 13]]), array([[ 8,  3,  0,  0],
       [ 2,  8,  0,  0],
       [ 0,  0,  7,  3],
       [ 0,  0,  3, 11]]), array([[ 9,  2,  0,  0],
       [ 1,  9,  0,  0],
       [ 0,  0,  6,  3],
       [ 0,  1,  2, 12]]), array([[ 6,  4,  1,  0],
       [ 1,  6,  0,  2],
       [ 0,  0,  7,  3],
       [ 1,  0,  1, 13]]), array([[11,  0,  0,  0],
       [ 2,  6,  0,  1],
       [ 0,  0,  7,  3],
       [ 0,  0,  2, 13]]), array([[10,  1,  0,  0],
       [ 3,  6,  0,  0],
       [ 0,  0,  7,  3],
       [ 0,  0,  2, 13]]), array([[10,  1,  0,  0],
       [ 4,  4,  0,  1],
       [ 1,  0,  7,  2],
       [ 0,  0,  2, 13]])]"
12,"[1.0, 1.0, 1.0, 1.0, 1.0, 1.0, 1.0, 1.0, 1.0, 1.0]","[1.0, 1.0, 1.0, 1.0, 1.0, 1.0, 1.0, 1.0, 1.0, 1.0]","[1.0, 1.0, 1.0, 1.0, 1.0, 1.0, 1.0, 1.0, 1.0, 1.0]","[1.0, 1.0, 1.0, 1.0, 1.0, 1.0, 1.0, 1.0, 1.0, 1.0]","[1.0, 1.0, 1.0, 1.0, 1.0, 1.0, 1.0, 1.0, 1.0, 1.0]","[1.0, 1.0, 1.0, 1.0, 1.0, 1.0, 1.0, 1.0, 1.0, 1.0]","[1.0, 1.0, 1.0, 1.0, 1.0, 1.0, 1.0, 1.0, 1.0, 1.0]","[1.0, 1.0, 1.0, 1.0, 1.0, 1.0, 1.0, 1.0, 1.0, 1.0]","[1.0, 1.0, 1.0, 1.0, 1.0, 1.0, 1.0, 1.0, 1.0, 1.0]","[1.0, 1.0, 1.0, 1.0, 1.0, 1.0, 1.0, 1.0, 1.0, 1.0]","[array([[100,   0,   0,   0],
       [  0, 134,   0,   0],
       [  0,   0,  89,   0],
       [  0,   0,   0, 134]]), array([[100,   0,   0,   0],
       [  0, 134,   0,   0],
       [  0,   0,  89,   0],
       [  0,   0,   0, 134]]), array([[101,   0,   0,   0],
       [  0, 134,   0,   0],
       [  0,   0,  89,   0],
       [  0,   0,   0, 134]]), array([[101,   0,   0,   0],
       [  0, 134,   0,   0],
       [  0,   0,  89,   0],
       [  0,   0,   0, 134]]), array([[101,   0,   0,   0],
       [  0, 135,   0,   0],
       [  0,   0,  89,   0],
       [  0,   0,   0, 135]]), array([[101,   0,   0,   0],
       [  0, 134,   0,   0],
       [  0,   0,  90,   0],
       [  0,   0,   0, 134]]), array([[101,   0,   0,   0],
       [  0, 134,   0,   0],
       [  0,   0,  89,   0],
       [  0,   0,   0, 134]]), array([[101,   0,   0,   0],
       [  0, 134,   0,   0],
       [  0,   0,  89,   0],
       [  0,   0,   0, 134]]), array([[101,   0,   0,   0],
       [  0, 134,   0,   0],
       [  0,   0,  89,   0],
       [  0,   0,   0, 134]]), array([[101,   0,   0,   0],
       [  0, 134,   0,   0],
       [  0,   0,  89,   0],
       [  0,   0,   0, 134]])]","[0.782608695652174, 0.782608695652174, 0.8043478260869565, 0.8043478260869565, 0.7777777777777778, 0.7555555555555555, 0.6888888888888889, 0.7555555555555555, 0.7777777777777778, 0.8]","[0.782608695652174, 0.782608695652174, 0.8043478260869565, 0.8043478260869565, 0.7777777777777778, 0.7555555555555555, 0.6888888888888889, 0.7555555555555555, 0.7777777777777778, 0.8]","[0.782608695652174, 0.782608695652174, 0.8043478260869565, 0.8043478260869565, 0.7777777777777778, 0.7555555555555555, 0.6888888888888889, 0.7555555555555555, 0.7777777777777778, 0.8]","[0.782608695652174, 0.782608695652174, 0.8043478260869565, 0.8043478260869565, 0.7777777777777778, 0.7555555555555555, 0.6888888888888889, 0.7555555555555555, 0.7777777777777778, 0.8]","[0.7966269841269842, 0.795138888888889, 0.8359962406015038, 0.8022435897435898, 0.7811507936507935, 0.7583943833943834, 0.7021199388846449, 0.7601010101010102, 0.7844742063492064, 0.8038194444444444]","[0.7930555555555555, 0.7694444444444445, 0.7901515151515153, 0.7962121212121213, 0.7782467532467532, 0.7568181818181818, 0.678030303030303, 0.7378787878787879, 0.7578282828282829, 0.7906565656565657]","[0.7928573591991883, 0.7778520499108734, 0.7974247115113988, 0.7958333333333333, 0.775974025974026, 0.7519740129935033, 0.6791666666666667, 0.7446524064171123, 0.7605546123372949, 0.7954224725248482]","[0.7945134575569359, 0.7871376811594203, 0.8287839163125205, 0.8068561872909699, 0.7839506172839507, 0.7663681997015329, 0.709464391817333, 0.7574074074074074, 0.784942680776014, 0.8020061728395061]","[0.782608695652174, 0.782608695652174, 0.8043478260869565, 0.8043478260869565, 0.7777777777777778, 0.7555555555555555, 0.6888888888888889, 0.7555555555555555, 0.7777777777777778, 0.8]","[0.7866679308567062, 0.7803611563202356, 0.8012334952703776, 0.8025362318840579, 0.7773737373737374, 0.7556754955855406, 0.6885185185185185, 0.751950881362646, 0.7722014714204868, 0.7993228127106259]","[array([[11,  1,  0,  0],
       [ 0,  8,  0,  1],
       [ 0,  0,  7,  3],
       [ 0,  0,  5, 10]]), array([[10,  1,  0,  1],
       [ 2,  7,  0,  0],
       [ 0,  0,  6,  4],
       [ 0,  0,  2, 13]]), array([[ 8,  3,  0,  0],
       [ 0,  9,  0,  1],
       [ 0,  0,  6,  4],
       [ 0,  0,  1, 14]]), array([[ 9,  2,  0,  0],
       [ 3,  6,  0,  1],
       [ 0,  0,  9,  1],
       [ 1,  0,  1, 13]]), array([[ 8,  3,  0,  0],
       [ 1,  9,  0,  0],
       [ 0,  0,  7,  3],
       [ 0,  0,  3, 11]]), array([[ 8,  3,  0,  0],
       [ 1,  9,  0,  0],
       [ 0,  0,  6,  3],
       [ 0,  1,  3, 11]]), array([[ 6,  4,  1,  0],
       [ 1,  6,  0,  2],
       [ 0,  0,  7,  3],
       [ 0,  1,  2, 12]]), array([[ 9,  2,  0,  0],
       [ 2,  6,  0,  1],
       [ 0,  0,  6,  4],
       [ 0,  0,  2, 13]]), array([[10,  1,  0,  0],
       [ 4,  5,  0,  0],
       [ 0,  0,  7,  3],
       [ 0,  0,  2, 13]]), array([[ 9,  1,  0,  1],
       [ 2,  7,  0,  0],
       [ 1,  0,  7,  2],
       [ 0,  0,  2, 13]])]"
13,"[1.0, 1.0, 1.0, 1.0, 1.0, 1.0, 1.0, 1.0, 1.0, 1.0]","[1.0, 1.0, 1.0, 1.0, 1.0, 1.0, 1.0, 1.0, 1.0, 1.0]","[1.0, 1.0, 1.0, 1.0, 1.0, 1.0, 1.0, 1.0, 1.0, 1.0]","[1.0, 1.0, 1.0, 1.0, 1.0, 1.0, 1.0, 1.0, 1.0, 1.0]","[1.0, 1.0, 1.0, 1.0, 1.0, 1.0, 1.0, 1.0, 1.0, 1.0]","[1.0, 1.0, 1.0, 1.0, 1.0, 1.0, 1.0, 1.0, 1.0, 1.0]","[1.0, 1.0, 1.0, 1.0, 1.0, 1.0, 1.0, 1.0, 1.0, 1.0]","[1.0, 1.0, 1.0, 1.0, 1.0, 1.0, 1.0, 1.0, 1.0, 1.0]","[1.0, 1.0, 1.0, 1.0, 1.0, 1.0, 1.0, 1.0, 1.0, 1.0]","[1.0, 1.0, 1.0, 1.0, 1.0, 1.0, 1.0, 1.0, 1.0, 1.0]","[array([[100,   0,   0,   0],
       [  0, 134,   0,   0],
       [  0,   0,  89,   0],
       [  0,   0,   0, 134]]), array([[100,   0,   0,   0],
       [  0, 134,   0,   0],
       [  0,   0,  89,   0],
       [  0,   0,   0, 134]]), array([[101,   0,   0,   0],
       [  0, 134,   0,   0],
       [  0,   0,  89,   0],
       [  0,   0,   0, 134]]), array([[101,   0,   0,   0],
       [  0, 134,   0,   0],
       [  0,   0,  89,   0],
       [  0,   0,   0, 134]]), array([[101,   0,   0,   0],
       [  0, 135,   0,   0],
       [  0,   0,  89,   0],
       [  0,   0,   0, 135]]), array([[101,   0,   0,   0],
       [  0, 134,   0,   0],
       [  0,   0,  90,   0],
       [  0,   0,   0, 134]]), array([[101,   0,   0,   0],
       [  0, 134,   0,   0],
       [  0,   0,  89,   0],
       [  0,   0,   0, 134]]), array([[101,   0,   0,   0],
       [  0, 134,   0,   0],
       [  0,   0,  89,   0],
       [  0,   0,   0, 134]]), array([[101,   0,   0,   0],
       [  0, 134,   0,   0],
       [  0,   0,  89,   0],
       [  0,   0,   0, 134]]), array([[101,   0,   0,   0],
       [  0, 134,   0,   0],
       [  0,   0,  89,   0],
       [  0,   0,   0, 134]])]","[0.8043478260869565, 0.7608695652173914, 0.8260869565217391, 0.8043478260869565, 0.7777777777777778, 0.8, 0.7111111111111111, 0.7777777777777778, 0.7777777777777778, 0.8]","[0.8043478260869565, 0.7608695652173914, 0.8260869565217391, 0.8043478260869565, 0.7777777777777778, 0.8, 0.7111111111111111, 0.7777777777777778, 0.7777777777777778, 0.8]","[0.8043478260869565, 0.7608695652173914, 0.8260869565217391, 0.8043478260869565, 0.7777777777777778, 0.8, 0.7111111111111111, 0.7777777777777778, 0.7777777777777778, 0.8]","[0.8043478260869565, 0.7608695652173914, 0.8260869565217391, 0.8043478260869565, 0.7777777777777778, 0.8, 0.7111111111111111, 0.7777777777777778, 0.7777777777777778, 0.8]","[0.824404761904762, 0.7767073934837093, 0.8504464285714286, 0.7979166666666666, 0.7811507936507935, 0.8161764705882353, 0.7198412698412698, 0.7697916666666667, 0.7815934065934065, 0.8125]","[0.8138888888888888, 0.7444444444444445, 0.8234848484848485, 0.790151515151515, 0.7782467532467532, 0.7901515151515152, 0.6946969696969696, 0.7651515151515152, 0.7689393939393938, 0.7767676767676768]","[0.8167988198414162, 0.7524509803921569, 0.8229815129220902, 0.7913861617578307, 0.775974025974026, 0.7946673585702224, 0.6965311004784689, 0.7668202764976959, 0.7708333333333333, 0.784966368490396]","[0.8162525879917185, 0.7669785877737824, 0.8495729813664595, 0.8034420289855071, 0.7839506172839507, 0.8160130718954248, 0.7258201058201059, 0.7775, 0.7816849816849817, 0.8067901234567901]","[0.8043478260869565, 0.7608695652173914, 0.8260869565217391, 0.8043478260869565, 0.7777777777777778, 0.8, 0.7111111111111111, 0.7777777777777778, 0.7777777777777778, 0.8]","[0.8082402648942909, 0.7557544757033249, 0.8251068297203975, 0.8014614712279204, 0.7773737373737374, 0.7996759389561247, 0.7074605706184655, 0.7769243898276156, 0.775925925925926, 0.7946004669116797]","[array([[12,  0,  0,  0],
       [ 0,  8,  0,  1],
       [ 0,  0,  7,  3],
       [ 0,  0,  5, 10]]), array([[10,  1,  0,  1],
       [ 2,  7,  0,  0],
       [ 0,  0,  5,  5],
       [ 0,  0,  2, 13]]), array([[ 8,  3,  0,  0],
       [ 0, 10,  0,  0],
       [ 0,  0,  7,  3],
       [ 0,  1,  1, 13]]), array([[ 8,  2,  1,  0],
       [ 3,  6,  0,  1],
       [ 0,  0,  9,  1],
       [ 1,  0,  0, 14]]), array([[ 8,  3,  0,  0],
       [ 1,  9,  0,  0],
       [ 0,  0,  7,  3],
       [ 0,  0,  3, 11]]), array([[ 8,  3,  0,  0],
       [ 0,  9,  0,  1],
       [ 0,  0,  6,  3],
       [ 0,  0,  2, 13]]), array([[ 6,  4,  1,  0],
       [ 1,  6,  0,  2],
       [ 0,  0,  7,  3],
       [ 0,  0,  2, 13]]), array([[ 8,  3,  0,  0],
       [ 2,  6,  0,  1],
       [ 0,  0,  8,  2],
       [ 0,  0,  2, 13]]), array([[10,  1,  0,  0],
       [ 3,  6,  0,  0],
       [ 0,  0,  7,  3],
       [ 0,  0,  3, 12]]), array([[ 9,  1,  0,  1],
       [ 3,  5,  0,  1],
       [ 0,  0,  8,  2],
       [ 0,  0,  1, 14]])]"
14,"[1.0, 1.0, 1.0, 1.0, 1.0, 1.0, 1.0, 1.0, 1.0, 1.0]","[1.0, 1.0, 1.0, 1.0, 1.0, 1.0, 1.0, 1.0, 1.0, 1.0]","[1.0, 1.0, 1.0, 1.0, 1.0, 1.0, 1.0, 1.0, 1.0, 1.0]","[1.0, 1.0, 1.0, 1.0, 1.0, 1.0, 1.0, 1.0, 1.0, 1.0]","[1.0, 1.0, 1.0, 1.0, 1.0, 1.0, 1.0, 1.0, 1.0, 1.0]","[1.0, 1.0, 1.0, 1.0, 1.0, 1.0, 1.0, 1.0, 1.0, 1.0]","[1.0, 1.0, 1.0, 1.0, 1.0, 1.0, 1.0, 1.0, 1.0, 1.0]","[1.0, 1.0, 1.0, 1.0, 1.0, 1.0, 1.0, 1.0, 1.0, 1.0]","[1.0, 1.0, 1.0, 1.0, 1.0, 1.0, 1.0, 1.0, 1.0, 1.0]","[1.0, 1.0, 1.0, 1.0, 1.0, 1.0, 1.0, 1.0, 1.0, 1.0]","[array([[100,   0,   0,   0],
       [  0, 134,   0,   0],
       [  0,   0,  89,   0],
       [  0,   0,   0, 134]]), array([[100,   0,   0,   0],
       [  0, 134,   0,   0],
       [  0,   0,  89,   0],
       [  0,   0,   0, 134]]), array([[101,   0,   0,   0],
       [  0, 134,   0,   0],
       [  0,   0,  89,   0],
       [  0,   0,   0, 134]]), array([[101,   0,   0,   0],
       [  0, 134,   0,   0],
       [  0,   0,  89,   0],
       [  0,   0,   0, 134]]), array([[101,   0,   0,   0],
       [  0, 135,   0,   0],
       [  0,   0,  89,   0],
       [  0,   0,   0, 135]]), array([[101,   0,   0,   0],
       [  0, 134,   0,   0],
       [  0,   0,  90,   0],
       [  0,   0,   0, 134]]), array([[101,   0,   0,   0],
       [  0, 134,   0,   0],
       [  0,   0,  89,   0],
       [  0,   0,   0, 134]]), array([[101,   0,   0,   0],
       [  0, 134,   0,   0],
       [  0,   0,  89,   0],
       [  0,   0,   0, 134]]), array([[101,   0,   0,   0],
       [  0, 134,   0,   0],
       [  0,   0,  89,   0],
       [  0,   0,   0, 134]]), array([[101,   0,   0,   0],
       [  0, 134,   0,   0],
       [  0,   0,  89,   0],
       [  0,   0,   0, 134]])]","[0.8043478260869565, 0.7391304347826086, 0.717391304347826, 0.8043478260869565, 0.7555555555555555, 0.8222222222222222, 0.6888888888888889, 0.7777777777777778, 0.8, 0.7777777777777778]","[0.8043478260869565, 0.7391304347826086, 0.717391304347826, 0.8043478260869565, 0.7555555555555555, 0.8222222222222222, 0.6888888888888889, 0.7777777777777778, 0.8, 0.7777777777777778]","[0.8043478260869565, 0.7391304347826086, 0.717391304347826, 0.8043478260869565, 0.7555555555555555, 0.8222222222222222, 0.6888888888888889, 0.7777777777777778, 0.8, 0.7777777777777778]","[0.8043478260869565, 0.7391304347826086, 0.717391304347826, 0.8043478260869565, 0.7555555555555555, 0.8222222222222222, 0.6888888888888889, 0.7777777777777778, 0.8, 0.7777777777777778]","[0.824404761904762, 0.760515873015873, 0.7371031746031746, 0.8031045751633987, 0.7632554945054945, 0.8337301587301588, 0.7021199388846449, 0.7776663695781343, 0.8020833333333333, 0.7870098039215687]","[0.8138888888888888, 0.7236111111111111, 0.703030303030303, 0.7901515151515153, 0.7555194805194805, 0.8045454545454545, 0.678030303030303, 0.7628787878787878, 0.7967171717171717, 0.76010101010101]","[0.8167988198414162, 0.7317630082335965, 0.6986144338118023, 0.7947525062656642, 0.7512912716574043, 0.8139069264069264, 0.6791666666666667, 0.7683515690965381, 0.7982736572890026, 0.7654438405797102]","[0.8162525879917185, 0.7541925465838509, 0.7357660455486542, 0.8052571753339016, 0.7677350427350427, 0.8284656084656083, 0.709464391817333, 0.7777414669571532, 0.800925925925926, 0.7826797385620915]","[0.8043478260869565, 0.7391304347826086, 0.717391304347826, 0.8043478260869565, 0.7555555555555555, 0.8222222222222222, 0.6888888888888889, 0.7777777777777778, 0.8, 0.7777777777777778]","[0.8082402648942909, 0.7357259109177268, 0.7068597878094446, 0.8027609785332896, 0.7540300025425883, 0.8201298701298702, 0.6885185185185185, 0.7757524939800482, 0.7994884910485933, 0.7732487922705314]","[array([[12,  0,  0,  0],
       [ 0,  8,  0,  1],
       [ 0,  0,  7,  3],
       [ 0,  0,  5, 10]]), array([[ 9,  2,  0,  1],
       [ 1,  7,  0,  1],
       [ 0,  0,  5,  5],
       [ 0,  0,  2, 13]]), array([[ 6,  5,  0,  0],
       [ 1,  9,  0,  0],
       [ 0,  0,  5,  5],
       [ 1,  0,  1, 13]]), array([[ 8,  2,  1,  0],
       [ 2,  7,  0,  1],
       [ 0,  0,  8,  2],
       [ 0,  1,  0, 14]]), array([[ 7,  4,  0,  0],
       [ 1,  9,  0,  0],
       [ 0,  0,  7,  3],
       [ 0,  0,  3, 11]]), array([[ 9,  2,  0,  0],
       [ 1,  8,  0,  1],
       [ 0,  0,  6,  3],
       [ 0,  0,  1, 14]]), array([[ 6,  4,  1,  0],
       [ 1,  6,  0,  2],
       [ 0,  0,  7,  3],
       [ 0,  1,  2, 12]]), array([[ 9,  2,  0,  0],
       [ 2,  6,  0,  1],
       [ 0,  0,  7,  3],
       [ 0,  0,  2, 13]]), array([[10,  1,  0,  0],
       [ 2,  7,  0,  0],
       [ 0,  0,  7,  3],
       [ 0,  0,  3, 12]]), array([[ 9,  1,  0,  1],
       [ 3,  5,  0,  1],
       [ 0,  0,  8,  2],
       [ 0,  0,  2, 13]])]"
15,"[1.0, 1.0, 1.0, 1.0, 1.0, 1.0, 1.0, 1.0, 1.0, 1.0]","[1.0, 1.0, 1.0, 1.0, 1.0, 1.0, 1.0, 1.0, 1.0, 1.0]","[1.0, 1.0, 1.0, 1.0, 1.0, 1.0, 1.0, 1.0, 1.0, 1.0]","[1.0, 1.0, 1.0, 1.0, 1.0, 1.0, 1.0, 1.0, 1.0, 1.0]","[1.0, 1.0, 1.0, 1.0, 1.0, 1.0, 1.0, 1.0, 1.0, 1.0]","[1.0, 1.0, 1.0, 1.0, 1.0, 1.0, 1.0, 1.0, 1.0, 1.0]","[1.0, 1.0, 1.0, 1.0, 1.0, 1.0, 1.0, 1.0, 1.0, 1.0]","[1.0, 1.0, 1.0, 1.0, 1.0, 1.0, 1.0, 1.0, 1.0, 1.0]","[1.0, 1.0, 1.0, 1.0, 1.0, 1.0, 1.0, 1.0, 1.0, 1.0]","[1.0, 1.0, 1.0, 1.0, 1.0, 1.0, 1.0, 1.0, 1.0, 1.0]","[array([[100,   0,   0,   0],
       [  0, 134,   0,   0],
       [  0,   0,  89,   0],
       [  0,   0,   0, 134]]), array([[100,   0,   0,   0],
       [  0, 134,   0,   0],
       [  0,   0,  89,   0],
       [  0,   0,   0, 134]]), array([[101,   0,   0,   0],
       [  0, 134,   0,   0],
       [  0,   0,  89,   0],
       [  0,   0,   0, 134]]), array([[101,   0,   0,   0],
       [  0, 134,   0,   0],
       [  0,   0,  89,   0],
       [  0,   0,   0, 134]]), array([[101,   0,   0,   0],
       [  0, 135,   0,   0],
       [  0,   0,  89,   0],
       [  0,   0,   0, 135]]), array([[101,   0,   0,   0],
       [  0, 134,   0,   0],
       [  0,   0,  90,   0],
       [  0,   0,   0, 134]]), array([[101,   0,   0,   0],
       [  0, 134,   0,   0],
       [  0,   0,  89,   0],
       [  0,   0,   0, 134]]), array([[101,   0,   0,   0],
       [  0, 134,   0,   0],
       [  0,   0,  89,   0],
       [  0,   0,   0, 134]]), array([[101,   0,   0,   0],
       [  0, 134,   0,   0],
       [  0,   0,  89,   0],
       [  0,   0,   0, 134]]), array([[101,   0,   0,   0],
       [  0, 134,   0,   0],
       [  0,   0,  89,   0],
       [  0,   0,   0, 134]])]","[0.8043478260869565, 0.782608695652174, 0.7608695652173914, 0.782608695652174, 0.8, 0.8444444444444444, 0.7111111111111111, 0.7555555555555555, 0.7777777777777778, 0.8444444444444444]","[0.8043478260869565, 0.782608695652174, 0.7608695652173914, 0.782608695652174, 0.8, 0.8444444444444444, 0.7111111111111111, 0.7555555555555555, 0.7777777777777778, 0.8444444444444444]","[0.8043478260869565, 0.782608695652174, 0.7608695652173914, 0.782608695652174, 0.8, 0.8444444444444444, 0.7111111111111111, 0.7555555555555555, 0.7777777777777778, 0.8444444444444444]","[0.8043478260869565, 0.782608695652174, 0.7608695652173914, 0.782608695652174, 0.8, 0.8444444444444444, 0.7111111111111111, 0.7555555555555555, 0.7777777777777778, 0.8444444444444444]","[0.824404761904762, 0.8001827485380116, 0.7698412698412698, 0.7781045751633986, 0.8009740259740259, 0.859375, 0.7198412698412698, 0.7601010101010102, 0.7725694444444444, 0.8406565656565657]","[0.8138888888888888, 0.7694444444444444, 0.7424242424242424, 0.7674242424242426, 0.8009740259740259, 0.8406565656565657, 0.6946969696969696, 0.7378787878787879, 0.7628787878787878, 0.8406565656565657]","[0.8167988198414162, 0.7750135141776009, 0.7454099821746881, 0.7709429824561403, 0.7999999999999999, 0.8451052268414698, 0.6965311004784689, 0.7446524064171123, 0.7660107078189659, 0.8396825396825397]","[0.8162525879917185, 0.7993325705568267, 0.7708764665286403, 0.7813441318556408, 0.8018181818181818, 0.8569444444444444, 0.7258201058201059, 0.7574074074074074, 0.7770061728395062, 0.8462626262626262]","[0.8043478260869565, 0.782608695652174, 0.7608695652173914, 0.782608695652174, 0.8, 0.8444444444444444, 0.7111111111111111, 0.7555555555555555, 0.7777777777777778, 0.8444444444444444]","[0.8082402648942909, 0.7805468487929115, 0.7556265984654731, 0.7799866514111365, 0.8, 0.8460939566442414, 0.7074605706184655, 0.751950881362646, 0.7757934009459202, 0.8444444444444444]","[array([[12,  0,  0,  0],
       [ 0,  8,  0,  1],
       [ 0,  0,  7,  3],
       [ 0,  0,  5, 10]]), array([[ 8,  3,  0,  1],
       [ 1,  7,  0,  1],
       [ 0,  0,  7,  3],
       [ 0,  0,  1, 14]]), array([[ 7,  4,  0,  0],
       [ 2,  8,  0,  0],
       [ 0,  0,  6,  4],
       [ 0,  0,  1, 14]]), array([[ 7,  3,  1,  0],
       [ 2,  7,  0,  1],
       [ 0,  0,  8,  2],
       [ 1,  0,  0, 14]]), array([[ 9,  2,  0,  0],
       [ 1,  9,  0,  0],
       [ 0,  0,  7,  3],
       [ 0,  0,  3, 11]]), array([[ 9,  2,  0,  0],
       [ 0,  9,  0,  1],
       [ 0,  0,  7,  2],
       [ 0,  1,  1, 13]]), array([[ 6,  4,  1,  0],
       [ 1,  6,  0,  2],
       [ 0,  0,  7,  3],
       [ 0,  0,  2, 13]]), array([[ 9,  2,  0,  0],
       [ 2,  6,  0,  1],
       [ 0,  0,  6,  4],
       [ 0,  0,  2, 13]]), array([[ 9,  2,  0,  0],
       [ 3,  6,  0,  0],
       [ 0,  0,  7,  3],
       [ 0,  0,  2, 13]]), array([[ 9,  1,  0,  1],
       [ 1,  7,  0,  1],
       [ 0,  1,  9,  0],
       [ 0,  0,  2, 13]])]"
16,"[1.0, 1.0, 1.0, 1.0, 1.0, 1.0, 1.0, 1.0, 1.0, 1.0]","[1.0, 1.0, 1.0, 1.0, 1.0, 1.0, 1.0, 1.0, 1.0, 1.0]","[1.0, 1.0, 1.0, 1.0, 1.0, 1.0, 1.0, 1.0, 1.0, 1.0]","[1.0, 1.0, 1.0, 1.0, 1.0, 1.0, 1.0, 1.0, 1.0, 1.0]","[1.0, 1.0, 1.0, 1.0, 1.0, 1.0, 1.0, 1.0, 1.0, 1.0]","[1.0, 1.0, 1.0, 1.0, 1.0, 1.0, 1.0, 1.0, 1.0, 1.0]","[1.0, 1.0, 1.0, 1.0, 1.0, 1.0, 1.0, 1.0, 1.0, 1.0]","[1.0, 1.0, 1.0, 1.0, 1.0, 1.0, 1.0, 1.0, 1.0, 1.0]","[1.0, 1.0, 1.0, 1.0, 1.0, 1.0, 1.0, 1.0, 1.0, 1.0]","[1.0, 1.0, 1.0, 1.0, 1.0, 1.0, 1.0, 1.0, 1.0, 1.0]","[array([[100,   0,   0,   0],
       [  0, 134,   0,   0],
       [  0,   0,  89,   0],
       [  0,   0,   0, 134]]), array([[100,   0,   0,   0],
       [  0, 134,   0,   0],
       [  0,   0,  89,   0],
       [  0,   0,   0, 134]]), array([[101,   0,   0,   0],
       [  0, 134,   0,   0],
       [  0,   0,  89,   0],
       [  0,   0,   0, 134]]), array([[101,   0,   0,   0],
       [  0, 134,   0,   0],
       [  0,   0,  89,   0],
       [  0,   0,   0, 134]]), array([[101,   0,   0,   0],
       [  0, 135,   0,   0],
       [  0,   0,  89,   0],
       [  0,   0,   0, 135]]), array([[101,   0,   0,   0],
       [  0, 134,   0,   0],
       [  0,   0,  90,   0],
       [  0,   0,   0, 134]]), array([[101,   0,   0,   0],
       [  0, 134,   0,   0],
       [  0,   0,  89,   0],
       [  0,   0,   0, 134]]), array([[101,   0,   0,   0],
       [  0, 134,   0,   0],
       [  0,   0,  89,   0],
       [  0,   0,   0, 134]]), array([[101,   0,   0,   0],
       [  0, 134,   0,   0],
       [  0,   0,  89,   0],
       [  0,   0,   0, 134]]), array([[101,   0,   0,   0],
       [  0, 134,   0,   0],
       [  0,   0,  89,   0],
       [  0,   0,   0, 134]])]","[0.8043478260869565, 0.8260869565217391, 0.7608695652173914, 0.8043478260869565, 0.6888888888888889, 0.8222222222222222, 0.7111111111111111, 0.8222222222222222, 0.7777777777777778, 0.8444444444444444]","[0.8043478260869565, 0.8260869565217391, 0.7608695652173914, 0.8043478260869565, 0.6888888888888889, 0.8222222222222222, 0.7111111111111111, 0.8222222222222222, 0.7777777777777778, 0.8444444444444444]","[0.8043478260869565, 0.8260869565217391, 0.7608695652173914, 0.8043478260869565, 0.6888888888888889, 0.8222222222222222, 0.7111111111111111, 0.8222222222222222, 0.7777777777777778, 0.8444444444444444]","[0.8043478260869565, 0.8260869565217391, 0.7608695652173914, 0.8043478260869565, 0.6888888888888889, 0.8222222222222222, 0.7111111111111111, 0.8222222222222222, 0.7777777777777778, 0.8444444444444444]","[0.824404761904762, 0.8333333333333333, 0.7839129072681704, 0.7972853535353536, 0.6976648351648351, 0.8286931818181819, 0.7198412698412698, 0.8358134920634921, 0.7725694444444444, 0.8438311688311688]","[0.8138888888888888, 0.8263888888888888, 0.7424242424242424, 0.7924242424242425, 0.689935064935065, 0.8156565656565656, 0.6946969696969696, 0.8022727272727272, 0.7628787878787878, 0.8378787878787879]","[0.8167988198414162, 0.8291478023014525, 0.7483816493104418, 0.7924731182795699, 0.6847465886939571, 0.82032167705792, 0.6965311004784689, 0.8114569609134826, 0.7660107078189659, 0.8359848484848486]","[0.8162525879917185, 0.8266908212560387, 0.7807766699357088, 0.805308519982433, 0.7051892551892552, 0.8274494949494949, 0.7258201058201059, 0.8288359788359787, 0.7770061728395062, 0.8455026455026455]","[0.8043478260869565, 0.8260869565217391, 0.7608695652173914, 0.8043478260869565, 0.6888888888888889, 0.8222222222222222, 0.7111111111111111, 0.8222222222222222, 0.7777777777777778, 0.8444444444444444]","[0.8082402648942909, 0.8256809625747398, 0.7562990247066166, 0.8025011687704534, 0.6885423435131037, 0.8231117536620383, 0.7074605706184655, 0.8182281754745524, 0.7757934009459202, 0.8409090909090909]","[array([[12,  0,  0,  0],
       [ 0,  8,  0,  1],
       [ 0,  0,  7,  3],
       [ 0,  0,  5, 10]]), array([[11,  0,  0,  1],
       [ 1,  8,  0,  0],
       [ 0,  0,  7,  3],
       [ 0,  1,  2, 12]]), array([[ 7,  4,  0,  0],
       [ 1,  8,  0,  1],
       [ 0,  0,  6,  4],
       [ 0,  0,  1, 14]]), array([[ 7,  3,  1,  0],
       [ 2,  7,  0,  1],
       [ 0,  0,  9,  1],
       [ 0,  1,  0, 14]]), array([[ 6,  5,  0,  0],
       [ 2,  8,  0,  0],
       [ 0,  0,  7,  3],
       [ 0,  1,  3, 10]]), array([[ 9,  2,  0,  0],
       [ 1,  8,  0,  1],
       [ 0,  0,  7,  2],
       [ 0,  1,  1, 13]]), array([[ 6,  4,  1,  0],
       [ 1,  6,  0,  2],
       [ 0,  0,  7,  3],
       [ 0,  0,  2, 13]]), array([[10,  1,  0,  0],
       [ 2,  6,  0,  1],
       [ 0,  0,  7,  3],
       [ 0,  0,  1, 14]]), array([[ 9,  2,  0,  0],
       [ 3,  6,  0,  0],
       [ 0,  0,  7,  3],
       [ 0,  0,  2, 13]]), array([[ 9,  1,  0,  1],
       [ 2,  6,  0,  1],
       [ 0,  0, 10,  0],
       [ 0,  0,  2, 13]])]"
17,"[1.0, 1.0, 1.0, 1.0, 1.0, 1.0, 1.0, 1.0, 1.0, 1.0]","[1.0, 1.0, 1.0, 1.0, 1.0, 1.0, 1.0, 1.0, 1.0, 1.0]","[1.0, 1.0, 1.0, 1.0, 1.0, 1.0, 1.0, 1.0, 1.0, 1.0]","[1.0, 1.0, 1.0, 1.0, 1.0, 1.0, 1.0, 1.0, 1.0, 1.0]","[1.0, 1.0, 1.0, 1.0, 1.0, 1.0, 1.0, 1.0, 1.0, 1.0]","[1.0, 1.0, 1.0, 1.0, 1.0, 1.0, 1.0, 1.0, 1.0, 1.0]","[1.0, 1.0, 1.0, 1.0, 1.0, 1.0, 1.0, 1.0, 1.0, 1.0]","[1.0, 1.0, 1.0, 1.0, 1.0, 1.0, 1.0, 1.0, 1.0, 1.0]","[1.0, 1.0, 1.0, 1.0, 1.0, 1.0, 1.0, 1.0, 1.0, 1.0]","[1.0, 1.0, 1.0, 1.0, 1.0, 1.0, 1.0, 1.0, 1.0, 1.0]","[array([[100,   0,   0,   0],
       [  0, 134,   0,   0],
       [  0,   0,  89,   0],
       [  0,   0,   0, 134]]), array([[100,   0,   0,   0],
       [  0, 134,   0,   0],
       [  0,   0,  89,   0],
       [  0,   0,   0, 134]]), array([[101,   0,   0,   0],
       [  0, 134,   0,   0],
       [  0,   0,  89,   0],
       [  0,   0,   0, 134]]), array([[101,   0,   0,   0],
       [  0, 134,   0,   0],
       [  0,   0,  89,   0],
       [  0,   0,   0, 134]]), array([[101,   0,   0,   0],
       [  0, 135,   0,   0],
       [  0,   0,  89,   0],
       [  0,   0,   0, 135]]), array([[101,   0,   0,   0],
       [  0, 134,   0,   0],
       [  0,   0,  90,   0],
       [  0,   0,   0, 134]]), array([[101,   0,   0,   0],
       [  0, 134,   0,   0],
       [  0,   0,  89,   0],
       [  0,   0,   0, 134]]), array([[101,   0,   0,   0],
       [  0, 134,   0,   0],
       [  0,   0,  89,   0],
       [  0,   0,   0, 134]]), array([[101,   0,   0,   0],
       [  0, 134,   0,   0],
       [  0,   0,  89,   0],
       [  0,   0,   0, 134]]), array([[101,   0,   0,   0],
       [  0, 134,   0,   0],
       [  0,   0,  89,   0],
       [  0,   0,   0, 134]])]","[0.782608695652174, 0.8260869565217391, 0.7391304347826086, 0.782608695652174, 0.7777777777777778, 0.8444444444444444, 0.7111111111111111, 0.8, 0.7555555555555555, 0.8444444444444444]","[0.782608695652174, 0.8260869565217391, 0.7391304347826086, 0.782608695652174, 0.7777777777777778, 0.8444444444444444, 0.7111111111111111, 0.8, 0.7555555555555555, 0.8444444444444444]","[0.782608695652174, 0.8260869565217391, 0.7391304347826086, 0.782608695652174, 0.7777777777777778, 0.8444444444444444, 0.7111111111111111, 0.8, 0.7555555555555555, 0.8444444444444444]","[0.782608695652174, 0.8260869565217391, 0.7391304347826086, 0.782608695652174, 0.7777777777777778, 0.8444444444444444, 0.7111111111111111, 0.8, 0.7555555555555555, 0.8444444444444444]","[0.8076923076923077, 0.8351158645276292, 0.7559523809523809, 0.7695075757575758, 0.7811507936507935, 0.8479166666666667, 0.7199675324675325, 0.805239898989899, 0.75, 0.8416666666666667]","[0.7972222222222222, 0.8222222222222223, 0.7257575757575758, 0.7674242424242423, 0.7782467532467532, 0.8406565656565657, 0.7030303030303029, 0.7795454545454545, 0.7462121212121211, 0.842929292929293]","[0.7981823164048228, 0.8269490528858378, 0.7302584670231729, 0.7677920975459176, 0.775974025974026, 0.841380188439012, 0.7006912442396314, 0.7875816993464053, 0.7471227621483376, 0.8383838383838385]","[0.7993311036789297, 0.8295099330904957, 0.7527605244996549, 0.7780797101449275, 0.7839506172839507, 0.8505555555555555, 0.7302308802308802, 0.8037037037037037, 0.7555555555555555, 0.8469135802469137]","[0.782608695652174, 0.8260869565217391, 0.7391304347826086, 0.782608695652174, 0.7777777777777778, 0.8444444444444444, 0.7111111111111111, 0.8, 0.7555555555555555, 0.8444444444444444]","[0.7869652586932695, 0.8258848622027659, 0.7358637526156708, 0.7796560124012697, 0.7773737373737374, 0.8449367625838214, 0.7103396484041645, 0.7968442595893576, 0.7547030406365445, 0.842020202020202]","[array([[12,  0,  0,  0],
       [ 0,  8,  0,  1],
       [ 0,  0,  7,  3],
       [ 0,  0,  6,  9]]), array([[10,  1,  0,  1],
       [ 1,  8,  0,  0],
       [ 0,  0,  7,  3],
       [ 0,  0,  2, 13]]), array([[ 7,  4,  0,  0],
       [ 1,  8,  0,  1],
       [ 0,  0,  6,  4],
       [ 1,  0,  1, 13]]), array([[ 7,  3,  1,  0],
       [ 3,  6,  0,  1],
       [ 0,  0,  9,  1],
       [ 1,  0,  0, 14]]), array([[ 8,  3,  0,  0],
       [ 1,  9,  0,  0],
       [ 0,  0,  7,  3],
       [ 0,  0,  3, 11]]), array([[ 9,  2,  0,  0],
       [ 1,  9,  0,  0],
       [ 0,  0,  7,  2],
       [ 0,  1,  1, 13]]), array([[ 6,  4,  1,  0],
       [ 1,  6,  0,  2],
       [ 0,  0,  8,  2],
       [ 0,  1,  2, 12]]), array([[ 9,  2,  0,  0],
       [ 2,  6,  0,  1],
       [ 0,  0,  7,  3],
       [ 0,  0,  1, 14]]), array([[ 9,  2,  0,  0],
       [ 3,  6,  0,  0],
       [ 0,  0,  7,  3],
       [ 0,  0,  3, 12]]), array([[ 8,  2,  0,  1],
       [ 1,  7,  0,  1],
       [ 0,  0, 10,  0],
       [ 0,  0,  2, 13]])]"
18,"[1.0, 1.0, 1.0, 1.0, 1.0, 1.0, 1.0, 1.0, 1.0, 1.0]","[1.0, 1.0, 1.0, 1.0, 1.0, 1.0, 1.0, 1.0, 1.0, 1.0]","[1.0, 1.0, 1.0, 1.0, 1.0, 1.0, 1.0, 1.0, 1.0, 1.0]","[1.0, 1.0, 1.0, 1.0, 1.0, 1.0, 1.0, 1.0, 1.0, 1.0]","[1.0, 1.0, 1.0, 1.0, 1.0, 1.0, 1.0, 1.0, 1.0, 1.0]","[1.0, 1.0, 1.0, 1.0, 1.0, 1.0, 1.0, 1.0, 1.0, 1.0]","[1.0, 1.0, 1.0, 1.0, 1.0, 1.0, 1.0, 1.0, 1.0, 1.0]","[1.0, 1.0, 1.0, 1.0, 1.0, 1.0, 1.0, 1.0, 1.0, 1.0]","[1.0, 1.0, 1.0, 1.0, 1.0, 1.0, 1.0, 1.0, 1.0, 1.0]","[1.0, 1.0, 1.0, 1.0, 1.0, 1.0, 1.0, 1.0, 1.0, 1.0]","[array([[100,   0,   0,   0],
       [  0, 134,   0,   0],
       [  0,   0,  89,   0],
       [  0,   0,   0, 134]]), array([[100,   0,   0,   0],
       [  0, 134,   0,   0],
       [  0,   0,  89,   0],
       [  0,   0,   0, 134]]), array([[101,   0,   0,   0],
       [  0, 134,   0,   0],
       [  0,   0,  89,   0],
       [  0,   0,   0, 134]]), array([[101,   0,   0,   0],
       [  0, 134,   0,   0],
       [  0,   0,  89,   0],
       [  0,   0,   0, 134]]), array([[101,   0,   0,   0],
       [  0, 135,   0,   0],
       [  0,   0,  89,   0],
       [  0,   0,   0, 135]]), array([[101,   0,   0,   0],
       [  0, 134,   0,   0],
       [  0,   0,  90,   0],
       [  0,   0,   0, 134]]), array([[101,   0,   0,   0],
       [  0, 134,   0,   0],
       [  0,   0,  89,   0],
       [  0,   0,   0, 134]]), array([[101,   0,   0,   0],
       [  0, 134,   0,   0],
       [  0,   0,  89,   0],
       [  0,   0,   0, 134]]), array([[101,   0,   0,   0],
       [  0, 134,   0,   0],
       [  0,   0,  89,   0],
       [  0,   0,   0, 134]]), array([[101,   0,   0,   0],
       [  0, 134,   0,   0],
       [  0,   0,  89,   0],
       [  0,   0,   0, 134]])]","[0.782608695652174, 0.8043478260869565, 0.6956521739130435, 0.7391304347826086, 0.7555555555555555, 0.8222222222222222, 0.6888888888888889, 0.8222222222222222, 0.7777777777777778, 0.8]","[0.782608695652174, 0.8043478260869565, 0.6956521739130435, 0.7391304347826086, 0.7555555555555555, 0.8222222222222222, 0.6888888888888889, 0.8222222222222222, 0.7777777777777778, 0.8]","[0.782608695652174, 0.8043478260869565, 0.6956521739130435, 0.7391304347826086, 0.7555555555555555, 0.8222222222222222, 0.6888888888888889, 0.8222222222222222, 0.7777777777777778, 0.8]","[0.782608695652174, 0.8043478260869565, 0.6956521739130435, 0.7391304347826086, 0.7555555555555555, 0.8222222222222222, 0.6888888888888889, 0.8222222222222222, 0.7777777777777778, 0.8]","[0.8051739926739927, 0.8092171717171717, 0.7232905982905983, 0.7391562685680333, 0.7632554945054945, 0.8299107142857143, 0.7021199388846449, 0.8358134920634921, 0.7725694444444444, 0.7951704545454545]","[0.7861111111111111, 0.8055555555555556, 0.6840909090909091, 0.7257575757575757, 0.7555194805194805, 0.8128787878787879, 0.678030303030303, 0.8022727272727272, 0.7628787878787878, 0.787878787878788]","[0.7902547021943573, 0.8056765335498635, 0.6869812252964427, 0.7290021929824562, 0.7512912716574043, 0.8160085881860075, 0.6791666666666667, 0.8114569609134826, 0.7660107078189659, 0.7906934621355874]","[0.7961856983596114, 0.8073232323232323, 0.7183203270159793, 0.7427729985274741, 0.7677350427350427, 0.8289285714285715, 0.709464391817333, 0.8288359788359787, 0.7770061728395062, 0.7986111111111112]","[0.782608695652174, 0.8043478260869565, 0.6956521739130435, 0.7391304347826086, 0.7555555555555555, 0.8222222222222222, 0.6888888888888889, 0.8222222222222222, 0.7777777777777778, 0.8]","[0.7848579119531144, 0.8042403099033638, 0.6916437532222031, 0.7374475591151792, 0.7540300025425883, 0.8209118838151097, 0.6885185185185185, 0.8182281754745524, 0.7757934009459202, 0.7985241408391315]","[array([[12,  0,  0,  0],
       [ 1,  7,  0,  1],
       [ 0,  0,  7,  3],
       [ 0,  0,  5, 10]]), array([[10,  1,  0,  1],
       [ 1,  8,  0,  0],
       [ 0,  0,  7,  3],
       [ 0,  1,  2, 12]]), array([[ 7,  4,  0,  0],
       [ 1,  8,  0,  1],
       [ 0,  0,  5,  5],
       [ 1,  1,  1, 12]]), array([[ 7,  3,  1,  0],
       [ 2,  7,  0,  1],
       [ 0,  0,  7,  3],
       [ 0,  1,  1, 13]]), array([[ 7,  4,  0,  0],
       [ 1,  9,  0,  0],
       [ 0,  0,  7,  3],
       [ 0,  0,  3, 11]]), array([[ 9,  2,  0,  0],
       [ 1,  9,  0,  0],
       [ 0,  0,  6,  3],
       [ 0,  1,  1, 13]]), array([[ 6,  4,  1,  0],
       [ 1,  6,  0,  2],
       [ 0,  0,  7,  3],
       [ 0,  1,  2, 12]]), array([[10,  1,  0,  0],
       [ 2,  6,  0,  1],
       [ 0,  0,  7,  3],
       [ 0,  0,  1, 14]]), array([[ 9,  2,  0,  0],
       [ 3,  6,  0,  0],
       [ 0,  0,  7,  3],
       [ 0,  0,  2, 13]]), array([[ 9,  1,  0,  1],
       [ 2,  6,  0,  1],
       [ 0,  1,  8,  1],
       [ 0,  0,  2, 13]])]"
19,"[1.0, 1.0, 1.0, 1.0, 1.0, 1.0, 1.0, 1.0, 1.0, 1.0]","[1.0, 1.0, 1.0, 1.0, 1.0, 1.0, 1.0, 1.0, 1.0, 1.0]","[1.0, 1.0, 1.0, 1.0, 1.0, 1.0, 1.0, 1.0, 1.0, 1.0]","[1.0, 1.0, 1.0, 1.0, 1.0, 1.0, 1.0, 1.0, 1.0, 1.0]","[1.0, 1.0, 1.0, 1.0, 1.0, 1.0, 1.0, 1.0, 1.0, 1.0]","[1.0, 1.0, 1.0, 1.0, 1.0, 1.0, 1.0, 1.0, 1.0, 1.0]","[1.0, 1.0, 1.0, 1.0, 1.0, 1.0, 1.0, 1.0, 1.0, 1.0]","[1.0, 1.0, 1.0, 1.0, 1.0, 1.0, 1.0, 1.0, 1.0, 1.0]","[1.0, 1.0, 1.0, 1.0, 1.0, 1.0, 1.0, 1.0, 1.0, 1.0]","[1.0, 1.0, 1.0, 1.0, 1.0, 1.0, 1.0, 1.0, 1.0, 1.0]","[array([[100,   0,   0,   0],
       [  0, 134,   0,   0],
       [  0,   0,  89,   0],
       [  0,   0,   0, 134]]), array([[100,   0,   0,   0],
       [  0, 134,   0,   0],
       [  0,   0,  89,   0],
       [  0,   0,   0, 134]]), array([[101,   0,   0,   0],
       [  0, 134,   0,   0],
       [  0,   0,  89,   0],
       [  0,   0,   0, 134]]), array([[101,   0,   0,   0],
       [  0, 134,   0,   0],
       [  0,   0,  89,   0],
       [  0,   0,   0, 134]]), array([[101,   0,   0,   0],
       [  0, 135,   0,   0],
       [  0,   0,  89,   0],
       [  0,   0,   0, 135]]), array([[101,   0,   0,   0],
       [  0, 134,   0,   0],
       [  0,   0,  90,   0],
       [  0,   0,   0, 134]]), array([[101,   0,   0,   0],
       [  0, 134,   0,   0],
       [  0,   0,  89,   0],
       [  0,   0,   0, 134]]), array([[101,   0,   0,   0],
       [  0, 134,   0,   0],
       [  0,   0,  89,   0],
       [  0,   0,   0, 134]]), array([[101,   0,   0,   0],
       [  0, 134,   0,   0],
       [  0,   0,  89,   0],
       [  0,   0,   0, 134]]), array([[101,   0,   0,   0],
       [  0, 134,   0,   0],
       [  0,   0,  89,   0],
       [  0,   0,   0, 134]])]","[0.8043478260869565, 0.8695652173913043, 0.7608695652173914, 0.782608695652174, 0.7777777777777778, 0.8666666666666667, 0.6888888888888889, 0.8222222222222222, 0.7555555555555555, 0.8666666666666667]","[0.8043478260869565, 0.8695652173913043, 0.7608695652173914, 0.782608695652174, 0.7777777777777778, 0.8666666666666667, 0.6888888888888889, 0.8222222222222222, 0.7555555555555555, 0.8666666666666667]","[0.8043478260869565, 0.8695652173913043, 0.7608695652173914, 0.782608695652174, 0.7777777777777778, 0.8666666666666667, 0.6888888888888889, 0.8222222222222222, 0.7555555555555555, 0.8666666666666667]","[0.8043478260869565, 0.8695652173913043, 0.7608695652173914, 0.782608695652174, 0.7777777777777778, 0.8666666666666667, 0.6888888888888889, 0.8222222222222222, 0.7555555555555555, 0.8666666666666667]","[0.8303571428571428, 0.892361111111111, 0.7729835523953171, 0.7881944444444444, 0.7811507936507935, 0.86010101010101, 0.7021199388846449, 0.8201500297088533, 0.75, 0.86875]","[0.8222222222222223, 0.8597222222222223, 0.7507575757575757, 0.7651515151515151, 0.7782467532467532, 0.86010101010101, 0.678030303030303, 0.8045454545454547, 0.7462121212121211, 0.8656565656565657]","[0.8186274509803921, 0.8710264408793821, 0.7502477621483377, 0.7720418470418471, 0.775974025974026, 0.86010101010101, 0.6791666666666667, 0.8102923585702224, 0.7471227621483376, 0.8641074611662847]","[0.8253105590062112, 0.878623188405797, 0.7721880279425035, 0.7873188405797101, 0.7839506172839507, 0.8666666666666667, 0.709464391817333, 0.8220406681190996, 0.7555555555555555, 0.8690740740740741]","[0.8043478260869565, 0.8695652173913043, 0.7608695652173914, 0.782608695652174, 0.7777777777777778, 0.8666666666666667, 0.6888888888888889, 0.8222222222222222, 0.7555555555555555, 0.8666666666666667]","[0.8073316283034953, 0.8690356247901004, 0.755921967085511, 0.7801304975218019, 0.7773737373737374, 0.8666666666666667, 0.6885185185185185, 0.8199776401788786, 0.7547030406365445, 0.8651387827858416]","[array([[12,  0,  0,  0],
       [ 0,  8,  0,  1],
       [ 0,  0,  8,  2],
       [ 0,  0,  6,  9]]), array([[11,  0,  0,  1],
       [ 1,  8,  0,  0],
       [ 0,  0,  7,  3],
       [ 0,  0,  1, 14]]), array([[ 7,  4,  0,  0],
       [ 1,  9,  0,  0],
       [ 0,  0,  6,  4],
       [ 1,  0,  1, 13]]), array([[ 8,  2,  1,  0],
       [ 2,  7,  0,  1],
       [ 0,  0,  7,  3],
       [ 0,  1,  0, 14]]), array([[ 8,  3,  0,  0],
       [ 1,  9,  0,  0],
       [ 0,  0,  7,  3],
       [ 0,  0,  3, 11]]), array([[ 9,  2,  0,  0],
       [ 2,  8,  0,  0],
       [ 0,  0,  8,  1],
       [ 0,  0,  1, 14]]), array([[ 6,  4,  1,  0],
       [ 1,  6,  0,  2],
       [ 0,  0,  7,  3],
       [ 0,  1,  2, 12]]), array([[ 9,  2,  0,  0],
       [ 2,  6,  0,  1],
       [ 0,  0,  8,  2],
       [ 0,  0,  1, 14]]), array([[ 9,  2,  0,  0],
       [ 3,  6,  0,  0],
       [ 0,  0,  7,  3],
       [ 0,  0,  3, 12]]), array([[ 9,  1,  0,  1],
       [ 1,  7,  0,  1],
       [ 0,  0, 10,  0],
       [ 0,  0,  2, 13]])]"
20,"[1.0, 1.0, 1.0, 1.0, 1.0, 1.0, 1.0, 1.0, 1.0, 1.0]","[1.0, 1.0, 1.0, 1.0, 1.0, 1.0, 1.0, 1.0, 1.0, 1.0]","[1.0, 1.0, 1.0, 1.0, 1.0, 1.0, 1.0, 1.0, 1.0, 1.0]","[1.0, 1.0, 1.0, 1.0, 1.0, 1.0, 1.0, 1.0, 1.0, 1.0]","[1.0, 1.0, 1.0, 1.0, 1.0, 1.0, 1.0, 1.0, 1.0, 1.0]","[1.0, 1.0, 1.0, 1.0, 1.0, 1.0, 1.0, 1.0, 1.0, 1.0]","[1.0, 1.0, 1.0, 1.0, 1.0, 1.0, 1.0, 1.0, 1.0, 1.0]","[1.0, 1.0, 1.0, 1.0, 1.0, 1.0, 1.0, 1.0, 1.0, 1.0]","[1.0, 1.0, 1.0, 1.0, 1.0, 1.0, 1.0, 1.0, 1.0, 1.0]","[1.0, 1.0, 1.0, 1.0, 1.0, 1.0, 1.0, 1.0, 1.0, 1.0]","[array([[100,   0,   0,   0],
       [  0, 134,   0,   0],
       [  0,   0,  89,   0],
       [  0,   0,   0, 134]]), array([[100,   0,   0,   0],
       [  0, 134,   0,   0],
       [  0,   0,  89,   0],
       [  0,   0,   0, 134]]), array([[101,   0,   0,   0],
       [  0, 134,   0,   0],
       [  0,   0,  89,   0],
       [  0,   0,   0, 134]]), array([[101,   0,   0,   0],
       [  0, 134,   0,   0],
       [  0,   0,  89,   0],
       [  0,   0,   0, 134]]), array([[101,   0,   0,   0],
       [  0, 135,   0,   0],
       [  0,   0,  89,   0],
       [  0,   0,   0, 135]]), array([[101,   0,   0,   0],
       [  0, 134,   0,   0],
       [  0,   0,  90,   0],
       [  0,   0,   0, 134]]), array([[101,   0,   0,   0],
       [  0, 134,   0,   0],
       [  0,   0,  89,   0],
       [  0,   0,   0, 134]]), array([[101,   0,   0,   0],
       [  0, 134,   0,   0],
       [  0,   0,  89,   0],
       [  0,   0,   0, 134]]), array([[101,   0,   0,   0],
       [  0, 134,   0,   0],
       [  0,   0,  89,   0],
       [  0,   0,   0, 134]]), array([[101,   0,   0,   0],
       [  0, 134,   0,   0],
       [  0,   0,  89,   0],
       [  0,   0,   0, 134]])]","[0.782608695652174, 0.8260869565217391, 0.7391304347826086, 0.8043478260869565, 0.7333333333333333, 0.8444444444444444, 0.7111111111111111, 0.8, 0.7555555555555555, 0.8222222222222222]","[0.782608695652174, 0.8260869565217391, 0.7391304347826086, 0.8043478260869565, 0.7333333333333333, 0.8444444444444444, 0.7111111111111111, 0.8, 0.7555555555555555, 0.8222222222222222]","[0.782608695652174, 0.8260869565217391, 0.7391304347826086, 0.8043478260869565, 0.7333333333333333, 0.8444444444444444, 0.7111111111111111, 0.8, 0.7555555555555555, 0.8222222222222222]","[0.782608695652174, 0.8260869565217391, 0.7391304347826086, 0.8043478260869565, 0.7333333333333333, 0.8444444444444444, 0.7111111111111111, 0.8, 0.7555555555555555, 0.8222222222222222]","[0.8051739926739927, 0.8333333333333333, 0.7564102564102565, 0.8031045751633987, 0.7282467532467531, 0.8479166666666667, 0.7198412698412698, 0.805239898989899, 0.75, 0.8243371212121212]","[0.7861111111111111, 0.8263888888888888, 0.7257575757575757, 0.7901515151515153, 0.7282467532467531, 0.8406565656565657, 0.6946969696969696, 0.7795454545454545, 0.7462121212121211, 0.817929292929293]","[0.7902547021943573, 0.8291478023014525, 0.7238718708827405, 0.7947525062656642, 0.7282467532467531, 0.841380188439012, 0.6965311004784689, 0.7875816993464053, 0.7471227621483376, 0.8184075780849975]","[0.7961856983596114, 0.8266908212560387, 0.7531586770717206, 0.8052571753339016, 0.7333333333333333, 0.8505555555555555, 0.7258201058201059, 0.8037037037037037, 0.7555555555555555, 0.8254910213243546]","[0.782608695652174, 0.8260869565217391, 0.7391304347826086, 0.8043478260869565, 0.7333333333333333, 0.8444444444444444, 0.7111111111111111, 0.8, 0.7555555555555555, 0.8222222222222222]","[0.7848579119531144, 0.8256809625747398, 0.7303101907544252, 0.8027609785332896, 0.7333333333333333, 0.8449367625838214, 0.7074605706184655, 0.7968442595893576, 0.7547030406365445, 0.82115719406042]","[array([[12,  0,  0,  0],
       [ 1,  7,  0,  1],
       [ 0,  0,  7,  3],
       [ 0,  0,  5, 10]]), array([[11,  0,  0,  1],
       [ 1,  8,  0,  0],
       [ 0,  0,  7,  3],
       [ 0,  1,  2, 12]]), array([[ 7,  4,  0,  0],
       [ 1,  9,  0,  0],
       [ 0,  0,  5,  5],
       [ 1,  0,  1, 13]]), array([[ 8,  2,  1,  0],
       [ 2,  7,  0,  1],
       [ 0,  0,  8,  2],
       [ 0,  1,  0, 14]]), array([[ 8,  3,  0,  0],
       [ 3,  7,  0,  0],
       [ 0,  0,  7,  3],
       [ 0,  0,  3, 11]]), array([[ 9,  2,  0,  0],
       [ 1,  9,  0,  0],
       [ 0,  0,  7,  2],
       [ 0,  1,  1, 13]]), array([[ 6,  4,  1,  0],
       [ 1,  6,  0,  2],
       [ 0,  0,  7,  3],
       [ 0,  0,  2, 13]]), array([[ 9,  2,  0,  0],
       [ 2,  6,  0,  1],
       [ 0,  0,  7,  3],
       [ 0,  0,  1, 14]]), array([[ 9,  2,  0,  0],
       [ 3,  6,  0,  0],
       [ 0,  0,  7,  3],
       [ 0,  0,  3, 12]]), array([[ 8,  2,  0,  1],
       [ 1,  7,  0,  1],
       [ 0,  0,  9,  1],
       [ 0,  0,  2, 13]])]"
21,"[1.0, 1.0, 1.0, 1.0, 1.0, 1.0, 1.0, 1.0, 1.0, 1.0]","[1.0, 1.0, 1.0, 1.0, 1.0, 1.0, 1.0, 1.0, 1.0, 1.0]","[1.0, 1.0, 1.0, 1.0, 1.0, 1.0, 1.0, 1.0, 1.0, 1.0]","[1.0, 1.0, 1.0, 1.0, 1.0, 1.0, 1.0, 1.0, 1.0, 1.0]","[1.0, 1.0, 1.0, 1.0, 1.0, 1.0, 1.0, 1.0, 1.0, 1.0]","[1.0, 1.0, 1.0, 1.0, 1.0, 1.0, 1.0, 1.0, 1.0, 1.0]","[1.0, 1.0, 1.0, 1.0, 1.0, 1.0, 1.0, 1.0, 1.0, 1.0]","[1.0, 1.0, 1.0, 1.0, 1.0, 1.0, 1.0, 1.0, 1.0, 1.0]","[1.0, 1.0, 1.0, 1.0, 1.0, 1.0, 1.0, 1.0, 1.0, 1.0]","[1.0, 1.0, 1.0, 1.0, 1.0, 1.0, 1.0, 1.0, 1.0, 1.0]","[array([[100,   0,   0,   0],
       [  0, 134,   0,   0],
       [  0,   0,  89,   0],
       [  0,   0,   0, 134]]), array([[100,   0,   0,   0],
       [  0, 134,   0,   0],
       [  0,   0,  89,   0],
       [  0,   0,   0, 134]]), array([[101,   0,   0,   0],
       [  0, 134,   0,   0],
       [  0,   0,  89,   0],
       [  0,   0,   0, 134]]), array([[101,   0,   0,   0],
       [  0, 134,   0,   0],
       [  0,   0,  89,   0],
       [  0,   0,   0, 134]]), array([[101,   0,   0,   0],
       [  0, 135,   0,   0],
       [  0,   0,  89,   0],
       [  0,   0,   0, 135]]), array([[101,   0,   0,   0],
       [  0, 134,   0,   0],
       [  0,   0,  90,   0],
       [  0,   0,   0, 134]]), array([[101,   0,   0,   0],
       [  0, 134,   0,   0],
       [  0,   0,  89,   0],
       [  0,   0,   0, 134]]), array([[101,   0,   0,   0],
       [  0, 134,   0,   0],
       [  0,   0,  89,   0],
       [  0,   0,   0, 134]]), array([[101,   0,   0,   0],
       [  0, 134,   0,   0],
       [  0,   0,  89,   0],
       [  0,   0,   0, 134]]), array([[101,   0,   0,   0],
       [  0, 134,   0,   0],
       [  0,   0,  89,   0],
       [  0,   0,   0, 134]])]","[0.782608695652174, 0.8478260869565217, 0.7391304347826086, 0.8043478260869565, 0.7555555555555555, 0.8666666666666667, 0.7555555555555555, 0.8, 0.7333333333333333, 0.8666666666666667]","[0.782608695652174, 0.8478260869565217, 0.7391304347826086, 0.8043478260869565, 0.7555555555555555, 0.8666666666666667, 0.7555555555555555, 0.8, 0.7333333333333333, 0.8666666666666667]","[0.782608695652174, 0.8478260869565217, 0.7391304347826086, 0.8043478260869565, 0.7555555555555555, 0.8666666666666667, 0.7555555555555555, 0.8, 0.7333333333333333, 0.8666666666666667]","[0.782608695652174, 0.8478260869565217, 0.7391304347826086, 0.8043478260869565, 0.7555555555555555, 0.8666666666666667, 0.7555555555555555, 0.8, 0.7333333333333333, 0.8666666666666667]","[0.8051739926739927, 0.8626893939393939, 0.7440173796791444, 0.8031045751633987, 0.7532467532467533, 0.8668650793650794, 0.7638888888888888, 0.7951704545454545, 0.7234848484848484, 0.86875]","[0.7861111111111111, 0.838888888888889, 0.7257575757575757, 0.7901515151515153, 0.7532467532467533, 0.8684343434343434, 0.7401515151515151, 0.787878787878788, 0.7234848484848484, 0.8656565656565657]","[0.7902547021943573, 0.8461791831357048, 0.7309027777777778, 0.7947525062656642, 0.7523809523809524, 0.8651913220878739, 0.7478468899521531, 0.7906934621355874, 0.7234848484848484, 0.8641074611662847]","[0.7961856983596114, 0.8549077733860342, 0.7453092304115322, 0.8052571753339016, 0.7571717171717173, 0.873968253968254, 0.7641975308641975, 0.7986111111111112, 0.7333333333333333, 0.8690740740740741]","[0.782608695652174, 0.8478260869565217, 0.7391304347826086, 0.8043478260869565, 0.7555555555555555, 0.8666666666666667, 0.7555555555555555, 0.8, 0.7333333333333333, 0.8666666666666667]","[0.7848579119531144, 0.8465181111683948, 0.7383756038647343, 0.8027609785332896, 0.7555555555555555, 0.8679703438324129, 0.7552578415736311, 0.7985241408391315, 0.7333333333333333, 0.8651387827858416]","[array([[12,  0,  0,  0],
       [ 1,  7,  0,  1],
       [ 0,  0,  7,  3],
       [ 0,  0,  5, 10]]), array([[10,  1,  0,  1],
       [ 1,  8,  0,  0],
       [ 0,  0,  7,  3],
       [ 0,  0,  1, 14]]), array([[ 7,  4,  0,  0],
       [ 2,  7,  0,  1],
       [ 0,  0,  7,  3],
       [ 1,  0,  1, 13]]), array([[ 8,  2,  1,  0],
       [ 2,  7,  0,  1],
       [ 0,  0,  8,  2],
       [ 0,  1,  0, 14]]), array([[ 8,  3,  0,  0],
       [ 2,  8,  0,  0],
       [ 0,  0,  7,  3],
       [ 0,  0,  3, 11]]), array([[ 9,  2,  0,  0],
       [ 1,  9,  0,  0],
       [ 0,  0,  8,  1],
       [ 0,  1,  1, 13]]), array([[ 8,  2,  1,  0],
       [ 1,  6,  0,  2],
       [ 0,  0,  7,  3],
       [ 0,  1,  1, 13]]), array([[ 9,  2,  0,  0],
       [ 2,  6,  0,  1],
       [ 0,  0,  8,  2],
       [ 0,  0,  2, 13]]), array([[ 8,  3,  0,  0],
       [ 3,  6,  0,  0],
       [ 0,  0,  7,  3],
       [ 0,  0,  3, 12]]), array([[ 9,  1,  0,  1],
       [ 1,  7,  0,  1],
       [ 0,  0, 10,  0],
       [ 0,  0,  2, 13]])]"
22,"[1.0, 1.0, 1.0, 1.0, 1.0, 1.0, 1.0, 1.0, 1.0, 1.0]","[1.0, 1.0, 1.0, 1.0, 1.0, 1.0, 1.0, 1.0, 1.0, 1.0]","[1.0, 1.0, 1.0, 1.0, 1.0, 1.0, 1.0, 1.0, 1.0, 1.0]","[1.0, 1.0, 1.0, 1.0, 1.0, 1.0, 1.0, 1.0, 1.0, 1.0]","[1.0, 1.0, 1.0, 1.0, 1.0, 1.0, 1.0, 1.0, 1.0, 1.0]","[1.0, 1.0, 1.0, 1.0, 1.0, 1.0, 1.0, 1.0, 1.0, 1.0]","[1.0, 1.0, 1.0, 1.0, 1.0, 1.0, 1.0, 1.0, 1.0, 1.0]","[1.0, 1.0, 1.0, 1.0, 1.0, 1.0, 1.0, 1.0, 1.0, 1.0]","[1.0, 1.0, 1.0, 1.0, 1.0, 1.0, 1.0, 1.0, 1.0, 1.0]","[1.0, 1.0, 1.0, 1.0, 1.0, 1.0, 1.0, 1.0, 1.0, 1.0]","[array([[100,   0,   0,   0],
       [  0, 134,   0,   0],
       [  0,   0,  89,   0],
       [  0,   0,   0, 134]]), array([[100,   0,   0,   0],
       [  0, 134,   0,   0],
       [  0,   0,  89,   0],
       [  0,   0,   0, 134]]), array([[101,   0,   0,   0],
       [  0, 134,   0,   0],
       [  0,   0,  89,   0],
       [  0,   0,   0, 134]]), array([[101,   0,   0,   0],
       [  0, 134,   0,   0],
       [  0,   0,  89,   0],
       [  0,   0,   0, 134]]), array([[101,   0,   0,   0],
       [  0, 135,   0,   0],
       [  0,   0,  89,   0],
       [  0,   0,   0, 135]]), array([[101,   0,   0,   0],
       [  0, 134,   0,   0],
       [  0,   0,  90,   0],
       [  0,   0,   0, 134]]), array([[101,   0,   0,   0],
       [  0, 134,   0,   0],
       [  0,   0,  89,   0],
       [  0,   0,   0, 134]]), array([[101,   0,   0,   0],
       [  0, 134,   0,   0],
       [  0,   0,  89,   0],
       [  0,   0,   0, 134]]), array([[101,   0,   0,   0],
       [  0, 134,   0,   0],
       [  0,   0,  89,   0],
       [  0,   0,   0, 134]]), array([[101,   0,   0,   0],
       [  0, 134,   0,   0],
       [  0,   0,  89,   0],
       [  0,   0,   0, 134]])]","[0.7391304347826086, 0.8695652173913043, 0.7391304347826086, 0.8043478260869565, 0.7555555555555555, 0.8222222222222222, 0.7333333333333333, 0.8222222222222222, 0.7333333333333333, 0.8222222222222222]","[0.7391304347826086, 0.8695652173913043, 0.7391304347826086, 0.8043478260869565, 0.7555555555555555, 0.8222222222222222, 0.7333333333333333, 0.8222222222222222, 0.7333333333333333, 0.8222222222222222]","[0.7391304347826086, 0.8695652173913043, 0.7391304347826086, 0.8043478260869565, 0.7555555555555555, 0.8222222222222222, 0.7333333333333333, 0.8222222222222222, 0.7333333333333333, 0.8222222222222222]","[0.7391304347826086, 0.8695652173913043, 0.7391304347826086, 0.8043478260869565, 0.7555555555555555, 0.8222222222222222, 0.7333333333333333, 0.8222222222222222, 0.7333333333333333, 0.8222222222222222]","[0.7502289377289377, 0.8775995246583481, 0.7440173796791444, 0.7962121212121213, 0.7532467532467533, 0.821780303030303, 0.7429406850459482, 0.8201500297088533, 0.7234848484848484, 0.8125]","[0.7374999999999999, 0.8638888888888889, 0.7257575757575757, 0.7984848484848485, 0.7532467532467533, 0.8156565656565656, 0.7113636363636363, 0.8045454545454547, 0.7234848484848484, 0.8151515151515152]","[0.7390047021943573, 0.8688898423595219, 0.7309027777777778, 0.7964285714285714, 0.7523809523809524, 0.8175706646294881, 0.7146542827657378, 0.8102923585702224, 0.7234848484848484, 0.8108861726508786]","[0.7481684981684983, 0.8728461081402258, 0.7453092304115322, 0.8039525691699605, 0.7571717171717173, 0.8255050505050505, 0.7479773507843684, 0.8220406681190996, 0.7333333333333333, 0.8196296296296296]","[0.7391304347826086, 0.8695652173913043, 0.7391304347826086, 0.8043478260869565, 0.7555555555555555, 0.8222222222222222, 0.7333333333333333, 0.8222222222222222, 0.7333333333333333, 0.8222222222222222]","[0.7395318249965928, 0.8691485921798826, 0.7383756038647343, 0.8033126293995858, 0.7555555555555555, 0.8229069405539993, 0.7275312464166954, 0.8199776401788786, 0.7333333333333333, 0.8183289477407124]","[array([[11,  1,  0,  0],
       [ 2,  6,  0,  1],
       [ 0,  0,  7,  3],
       [ 0,  0,  5, 10]]), array([[10,  1,  0,  1],
       [ 1,  8,  0,  0],
       [ 0,  0,  8,  2],
       [ 0,  0,  1, 14]]), array([[ 7,  4,  0,  0],
       [ 2,  7,  0,  1],
       [ 0,  0,  7,  3],
       [ 1,  0,  1, 13]]), array([[ 8,  2,  1,  0],
       [ 2,  7,  0,  1],
       [ 0,  0,  9,  1],
       [ 0,  1,  1, 13]]), array([[ 8,  3,  0,  0],
       [ 2,  8,  0,  0],
       [ 0,  0,  7,  3],
       [ 0,  0,  3, 11]]), array([[ 9,  2,  0,  0],
       [ 2,  8,  0,  0],
       [ 0,  0,  7,  2],
       [ 0,  1,  1, 13]]), array([[ 6,  4,  1,  0],
       [ 1,  6,  0,  2],
       [ 0,  0,  7,  3],
       [ 0,  0,  1, 14]]), array([[ 9,  2,  0,  0],
       [ 2,  6,  0,  1],
       [ 0,  0,  8,  2],
       [ 0,  0,  1, 14]]), array([[ 8,  3,  0,  0],
       [ 3,  6,  0,  0],
       [ 0,  0,  7,  3],
       [ 0,  0,  3, 12]]), array([[ 8,  2,  0,  1],
       [ 2,  6,  0,  1],
       [ 0,  0, 10,  0],
       [ 0,  0,  2, 13]])]"
23,"[1.0, 1.0, 1.0, 1.0, 1.0, 1.0, 1.0, 1.0, 1.0, 1.0]","[1.0, 1.0, 1.0, 1.0, 1.0, 1.0, 1.0, 1.0, 1.0, 1.0]","[1.0, 1.0, 1.0, 1.0, 1.0, 1.0, 1.0, 1.0, 1.0, 1.0]","[1.0, 1.0, 1.0, 1.0, 1.0, 1.0, 1.0, 1.0, 1.0, 1.0]","[1.0, 1.0, 1.0, 1.0, 1.0, 1.0, 1.0, 1.0, 1.0, 1.0]","[1.0, 1.0, 1.0, 1.0, 1.0, 1.0, 1.0, 1.0, 1.0, 1.0]","[1.0, 1.0, 1.0, 1.0, 1.0, 1.0, 1.0, 1.0, 1.0, 1.0]","[1.0, 1.0, 1.0, 1.0, 1.0, 1.0, 1.0, 1.0, 1.0, 1.0]","[1.0, 1.0, 1.0, 1.0, 1.0, 1.0, 1.0, 1.0, 1.0, 1.0]","[1.0, 1.0, 1.0, 1.0, 1.0, 1.0, 1.0, 1.0, 1.0, 1.0]","[array([[100,   0,   0,   0],
       [  0, 134,   0,   0],
       [  0,   0,  89,   0],
       [  0,   0,   0, 134]]), array([[100,   0,   0,   0],
       [  0, 134,   0,   0],
       [  0,   0,  89,   0],
       [  0,   0,   0, 134]]), array([[101,   0,   0,   0],
       [  0, 134,   0,   0],
       [  0,   0,  89,   0],
       [  0,   0,   0, 134]]), array([[101,   0,   0,   0],
       [  0, 134,   0,   0],
       [  0,   0,  89,   0],
       [  0,   0,   0, 134]]), array([[101,   0,   0,   0],
       [  0, 135,   0,   0],
       [  0,   0,  89,   0],
       [  0,   0,   0, 135]]), array([[101,   0,   0,   0],
       [  0, 134,   0,   0],
       [  0,   0,  90,   0],
       [  0,   0,   0, 134]]), array([[101,   0,   0,   0],
       [  0, 134,   0,   0],
       [  0,   0,  89,   0],
       [  0,   0,   0, 134]]), array([[101,   0,   0,   0],
       [  0, 134,   0,   0],
       [  0,   0,  89,   0],
       [  0,   0,   0, 134]]), array([[101,   0,   0,   0],
       [  0, 134,   0,   0],
       [  0,   0,  89,   0],
       [  0,   0,   0, 134]]), array([[101,   0,   0,   0],
       [  0, 134,   0,   0],
       [  0,   0,  89,   0],
       [  0,   0,   0, 134]])]","[0.782608695652174, 0.8260869565217391, 0.717391304347826, 0.8478260869565217, 0.7777777777777778, 0.8222222222222222, 0.7777777777777778, 0.8222222222222222, 0.7555555555555555, 0.8444444444444444]","[0.782608695652174, 0.8260869565217391, 0.717391304347826, 0.8478260869565217, 0.7777777777777778, 0.8222222222222222, 0.7777777777777778, 0.8222222222222222, 0.7555555555555555, 0.8444444444444444]","[0.782608695652174, 0.8260869565217391, 0.717391304347826, 0.8478260869565217, 0.7777777777777778, 0.8222222222222222, 0.7777777777777778, 0.8222222222222222, 0.7555555555555555, 0.8444444444444444]","[0.782608695652174, 0.8260869565217391, 0.717391304347826, 0.8478260869565217, 0.7777777777777778, 0.8222222222222222, 0.7777777777777778, 0.8222222222222222, 0.7555555555555555, 0.8444444444444444]","[0.7966269841269842, 0.8381944444444445, 0.7224264705882353, 0.8669400452488687, 0.7811507936507935, 0.821780303030303, 0.7798611111111111, 0.8201500297088533, 0.749217796092796, 0.8438311688311688]","[0.7930555555555555, 0.8180555555555555, 0.703030303030303, 0.8356060606060607, 0.7782467532467532, 0.8156565656565656, 0.759090909090909, 0.8045454545454547, 0.7351010101010101, 0.8378787878787879]","[0.7928573591991883, 0.8216374269005848, 0.7066603535353535, 0.84375, 0.775974025974026, 0.8175706646294881, 0.7629984051036682, 0.8102923585702224, 0.7376379456706282, 0.8359848484848486]","[0.7945134575569359, 0.8351449275362318, 0.7258098891730606, 0.8600973834349793, 0.7839506172839507, 0.8255050505050505, 0.7842592592592592, 0.8220406681190996, 0.755760751594085, 0.8455026455026455]","[0.782608695652174, 0.8260869565217391, 0.717391304347826, 0.8478260869565217, 0.7777777777777778, 0.8222222222222222, 0.7777777777777778, 0.8222222222222222, 0.7555555555555555, 0.8444444444444444]","[0.7866679308567062, 0.8239604280794213, 0.7158459595959595, 0.8469202898550725, 0.7773737373737374, 0.8229069405539993, 0.7740563530037214, 0.8199776401788786, 0.7516459158649311, 0.8409090909090909]","[array([[11,  1,  0,  0],
       [ 0,  8,  0,  1],
       [ 0,  0,  7,  3],
       [ 0,  0,  5, 10]]), array([[ 9,  2,  0,  1],
       [ 1,  8,  0,  0],
       [ 0,  0,  7,  3],
       [ 0,  0,  1, 14]]), array([[ 6,  5,  0,  0],
       [ 2,  7,  0,  1],
       [ 0,  0,  7,  3],
       [ 1,  0,  1, 13]]), array([[10,  1,  0,  0],
       [ 2,  7,  0,  1],
       [ 0,  0,  8,  2],
       [ 1,  0,  0, 14]]), array([[ 8,  3,  0,  0],
       [ 1,  9,  0,  0],
       [ 0,  0,  7,  3],
       [ 0,  0,  3, 11]]), array([[ 9,  2,  0,  0],
       [ 2,  8,  0,  0],
       [ 0,  0,  7,  2],
       [ 0,  1,  1, 13]]), array([[ 7,  3,  1,  0],
       [ 1,  6,  0,  2],
       [ 0,  0,  8,  2],
       [ 0,  0,  1, 14]]), array([[ 9,  2,  0,  0],
       [ 2,  6,  0,  1],
       [ 0,  0,  8,  2],
       [ 0,  0,  1, 14]]), array([[ 9,  2,  0,  0],
       [ 4,  5,  0,  0],
       [ 0,  0,  7,  3],
       [ 0,  0,  2, 13]]), array([[ 9,  1,  0,  1],
       [ 2,  6,  0,  1],
       [ 0,  0, 10,  0],
       [ 0,  0,  2, 13]])]"
24,"[1.0, 1.0, 1.0, 1.0, 1.0, 1.0, 1.0, 1.0, 1.0, 1.0]","[1.0, 1.0, 1.0, 1.0, 1.0, 1.0, 1.0, 1.0, 1.0, 1.0]","[1.0, 1.0, 1.0, 1.0, 1.0, 1.0, 1.0, 1.0, 1.0, 1.0]","[1.0, 1.0, 1.0, 1.0, 1.0, 1.0, 1.0, 1.0, 1.0, 1.0]","[1.0, 1.0, 1.0, 1.0, 1.0, 1.0, 1.0, 1.0, 1.0, 1.0]","[1.0, 1.0, 1.0, 1.0, 1.0, 1.0, 1.0, 1.0, 1.0, 1.0]","[1.0, 1.0, 1.0, 1.0, 1.0, 1.0, 1.0, 1.0, 1.0, 1.0]","[1.0, 1.0, 1.0, 1.0, 1.0, 1.0, 1.0, 1.0, 1.0, 1.0]","[1.0, 1.0, 1.0, 1.0, 1.0, 1.0, 1.0, 1.0, 1.0, 1.0]","[1.0, 1.0, 1.0, 1.0, 1.0, 1.0, 1.0, 1.0, 1.0, 1.0]","[array([[100,   0,   0,   0],
       [  0, 134,   0,   0],
       [  0,   0,  89,   0],
       [  0,   0,   0, 134]]), array([[100,   0,   0,   0],
       [  0, 134,   0,   0],
       [  0,   0,  89,   0],
       [  0,   0,   0, 134]]), array([[101,   0,   0,   0],
       [  0, 134,   0,   0],
       [  0,   0,  89,   0],
       [  0,   0,   0, 134]]), array([[101,   0,   0,   0],
       [  0, 134,   0,   0],
       [  0,   0,  89,   0],
       [  0,   0,   0, 134]]), array([[101,   0,   0,   0],
       [  0, 135,   0,   0],
       [  0,   0,  89,   0],
       [  0,   0,   0, 135]]), array([[101,   0,   0,   0],
       [  0, 134,   0,   0],
       [  0,   0,  90,   0],
       [  0,   0,   0, 134]]), array([[101,   0,   0,   0],
       [  0, 134,   0,   0],
       [  0,   0,  89,   0],
       [  0,   0,   0, 134]]), array([[101,   0,   0,   0],
       [  0, 134,   0,   0],
       [  0,   0,  89,   0],
       [  0,   0,   0, 134]]), array([[101,   0,   0,   0],
       [  0, 134,   0,   0],
       [  0,   0,  89,   0],
       [  0,   0,   0, 134]]), array([[101,   0,   0,   0],
       [  0, 134,   0,   0],
       [  0,   0,  89,   0],
       [  0,   0,   0, 134]])]","[0.7391304347826086, 0.782608695652174, 0.7391304347826086, 0.8260869565217391, 0.7777777777777778, 0.8666666666666667, 0.6666666666666666, 0.8, 0.7333333333333333, 0.8888888888888888]","[0.7391304347826086, 0.782608695652174, 0.7391304347826086, 0.8260869565217391, 0.7777777777777778, 0.8666666666666667, 0.6666666666666666, 0.8, 0.7333333333333333, 0.8888888888888888]","[0.7391304347826086, 0.782608695652174, 0.7391304347826086, 0.8260869565217391, 0.7777777777777778, 0.8666666666666667, 0.6666666666666666, 0.8, 0.7333333333333333, 0.8888888888888888]","[0.7391304347826086, 0.782608695652174, 0.7391304347826086, 0.8260869565217391, 0.7777777777777778, 0.8666666666666667, 0.6666666666666666, 0.8, 0.7333333333333333, 0.8888888888888888]","[0.7502289377289377, 0.7988153594771241, 0.7564102564102565, 0.835427807486631, 0.7811507936507935, 0.8670454545454546, 0.6861607142857142, 0.7947712418300654, 0.7266483516483515, 0.8876984126984127]","[0.7374999999999999, 0.7805555555555556, 0.7257575757575757, 0.812878787878788, 0.7782467532467532, 0.8573232323232323, 0.6613636363636363, 0.781818181818182, 0.7184343434343434, 0.8934343434343435]","[0.7390047021943573, 0.7785218253968254, 0.7238718708827405, 0.8205176767676767, 0.775974025974026, 0.8602602331255083, 0.6619431643625192, 0.7864191729323308, 0.71875, 0.8879185948151466]","[0.7481684981684983, 0.8018968456947996, 0.7531586770717206, 0.8337595907928389, 0.7839506172839507, 0.8684848484848484, 0.6942460317460318, 0.8009295570079884, 0.7343101343101343, 0.8924867724867726]","[0.7391304347826086, 0.782608695652174, 0.7391304347826086, 0.8260869565217391, 0.7777777777777778, 0.8666666666666667, 0.6666666666666666, 0.8, 0.7333333333333333, 0.8888888888888888]","[0.7395318249965928, 0.7818538647342995, 0.7303101907544252, 0.8263888888888888, 0.7773737373737374, 0.8657811511701455, 0.6693633725891791, 0.7983778891673627, 0.7305555555555555, 0.888172364034433]","[array([[11,  1,  0,  0],
       [ 2,  6,  0,  1],
       [ 0,  0,  7,  3],
       [ 0,  0,  5, 10]]), array([[ 8,  3,  0,  1],
       [ 1,  8,  0,  0],
       [ 0,  0,  7,  3],
       [ 0,  1,  1, 13]]), array([[ 7,  4,  0,  0],
       [ 1,  9,  0,  0],
       [ 0,  0,  5,  5],
       [ 1,  0,  1, 13]]), array([[ 9,  2,  0,  0],
       [ 2,  7,  0,  1],
       [ 0,  0,  8,  2],
       [ 0,  1,  0, 14]]), array([[ 8,  3,  0,  0],
       [ 1,  9,  0,  0],
       [ 0,  0,  7,  3],
       [ 0,  0,  3, 11]]), array([[ 9,  2,  0,  0],
       [ 1,  9,  0,  0],
       [ 0,  0,  7,  2],
       [ 0,  0,  1, 14]]), array([[ 6,  4,  1,  0],
       [ 1,  6,  0,  2],
       [ 0,  0,  7,  3],
       [ 0,  2,  2, 11]]), array([[ 8,  3,  0,  0],
       [ 2,  6,  0,  1],
       [ 0,  0,  8,  2],
       [ 0,  0,  1, 14]]), array([[ 9,  2,  0,  0],
       [ 4,  5,  0,  0],
       [ 0,  0,  7,  3],
       [ 0,  0,  3, 12]]), array([[ 9,  1,  0,  1],
       [ 1,  8,  0,  0],
       [ 0,  0, 10,  0],
       [ 0,  0,  2, 13]])]"
25,"[1.0, 1.0, 1.0, 1.0, 1.0, 1.0, 1.0, 1.0, 1.0, 1.0]","[1.0, 1.0, 1.0, 1.0, 1.0, 1.0, 1.0, 1.0, 1.0, 1.0]","[1.0, 1.0, 1.0, 1.0, 1.0, 1.0, 1.0, 1.0, 1.0, 1.0]","[1.0, 1.0, 1.0, 1.0, 1.0, 1.0, 1.0, 1.0, 1.0, 1.0]","[1.0, 1.0, 1.0, 1.0, 1.0, 1.0, 1.0, 1.0, 1.0, 1.0]","[1.0, 1.0, 1.0, 1.0, 1.0, 1.0, 1.0, 1.0, 1.0, 1.0]","[1.0, 1.0, 1.0, 1.0, 1.0, 1.0, 1.0, 1.0, 1.0, 1.0]","[1.0, 1.0, 1.0, 1.0, 1.0, 1.0, 1.0, 1.0, 1.0, 1.0]","[1.0, 1.0, 1.0, 1.0, 1.0, 1.0, 1.0, 1.0, 1.0, 1.0]","[1.0, 1.0, 1.0, 1.0, 1.0, 1.0, 1.0, 1.0, 1.0, 1.0]","[array([[100,   0,   0,   0],
       [  0, 134,   0,   0],
       [  0,   0,  89,   0],
       [  0,   0,   0, 134]]), array([[100,   0,   0,   0],
       [  0, 134,   0,   0],
       [  0,   0,  89,   0],
       [  0,   0,   0, 134]]), array([[101,   0,   0,   0],
       [  0, 134,   0,   0],
       [  0,   0,  89,   0],
       [  0,   0,   0, 134]]), array([[101,   0,   0,   0],
       [  0, 134,   0,   0],
       [  0,   0,  89,   0],
       [  0,   0,   0, 134]]), array([[101,   0,   0,   0],
       [  0, 135,   0,   0],
       [  0,   0,  89,   0],
       [  0,   0,   0, 135]]), array([[101,   0,   0,   0],
       [  0, 134,   0,   0],
       [  0,   0,  90,   0],
       [  0,   0,   0, 134]]), array([[101,   0,   0,   0],
       [  0, 134,   0,   0],
       [  0,   0,  89,   0],
       [  0,   0,   0, 134]]), array([[101,   0,   0,   0],
       [  0, 134,   0,   0],
       [  0,   0,  89,   0],
       [  0,   0,   0, 134]]), array([[101,   0,   0,   0],
       [  0, 134,   0,   0],
       [  0,   0,  89,   0],
       [  0,   0,   0, 134]]), array([[101,   0,   0,   0],
       [  0, 134,   0,   0],
       [  0,   0,  89,   0],
       [  0,   0,   0, 134]])]","[0.7608695652173914, 0.8478260869565217, 0.717391304347826, 0.782608695652174, 0.7777777777777778, 0.8666666666666667, 0.7111111111111111, 0.8444444444444444, 0.7333333333333333, 0.8444444444444444]","[0.7608695652173914, 0.8478260869565217, 0.717391304347826, 0.782608695652174, 0.7777777777777778, 0.8666666666666667, 0.7111111111111111, 0.8444444444444444, 0.7333333333333333, 0.8444444444444444]","[0.7608695652173914, 0.8478260869565217, 0.717391304347826, 0.782608695652174, 0.7777777777777778, 0.8666666666666667, 0.7111111111111111, 0.8444444444444444, 0.7333333333333333, 0.8444444444444444]","[0.7608695652173914, 0.8478260869565217, 0.717391304347826, 0.782608695652174, 0.7777777777777778, 0.8666666666666667, 0.7111111111111111, 0.8444444444444444, 0.7333333333333333, 0.8444444444444444]","[0.7723214285714286, 0.8626893939393939, 0.728932178932179, 0.798611111111111, 0.7811507936507935, 0.86010101010101, 0.7198412698412698, 0.8507236227824462, 0.7266483516483515, 0.8514204545454546]","[0.7652777777777777, 0.838888888888889, 0.7007575757575758, 0.7628787878787879, 0.7782467532467532, 0.86010101010101, 0.6946969696969696, 0.8272727272727274, 0.7184343434343434, 0.8406565656565657]","[0.7665537218022005, 0.8461791831357048, 0.7067736185383244, 0.7715504758175373, 0.775974025974026, 0.86010101010101, 0.6965311004784689, 0.8341676201372997, 0.71875, 0.8441312008674438]","[0.7700569358178054, 0.8549077733860342, 0.7275738753999623, 0.7952898550724636, 0.7839506172839507, 0.8666666666666667, 0.7258201058201059, 0.8471729432513746, 0.7343101343101343, 0.847651515151515]","[0.7608695652173914, 0.8478260869565217, 0.717391304347826, 0.782608695652174, 0.7777777777777778, 0.8666666666666667, 0.7111111111111111, 0.8444444444444444, 0.7333333333333333, 0.8444444444444444]","[0.7634832316462089, 0.8465181111683948, 0.7147175075563822, 0.7801533037125633, 0.7773737373737374, 0.8666666666666667, 0.7074605706184655, 0.8413615560640733, 0.7305555555555555, 0.8442757748260596]","[array([[11,  1,  0,  0],
       [ 1,  7,  0,  1],
       [ 0,  0,  7,  3],
       [ 0,  0,  5, 10]]), array([[10,  1,  0,  1],
       [ 1,  8,  0,  0],
       [ 0,  0,  7,  3],
       [ 0,  0,  1, 14]]), array([[ 7,  4,  0,  0],
       [ 2,  7,  0,  1],
       [ 0,  0,  6,  4],
       [ 1,  0,  1, 13]]), array([[ 9,  2,  0,  0],
       [ 3,  6,  0,  1],
       [ 0,  0,  7,  3],
       [ 0,  1,  0, 14]]), array([[ 8,  3,  0,  0],
       [ 1,  9,  0,  0],
       [ 0,  0,  7,  3],
       [ 0,  0,  3, 11]]), array([[ 9,  2,  0,  0],
       [ 2,  8,  0,  0],
       [ 0,  0,  8,  1],
       [ 0,  0,  1, 14]]), array([[ 6,  4,  1,  0],
       [ 1,  6,  0,  2],
       [ 0,  0,  7,  3],
       [ 0,  0,  2, 13]]), array([[10,  1,  0,  0],
       [ 2,  6,  0,  1],
       [ 0,  0,  8,  2],
       [ 0,  0,  1, 14]]), array([[ 9,  2,  0,  0],
       [ 4,  5,  0,  0],
       [ 0,  0,  7,  3],
       [ 0,  0,  3, 12]]), array([[ 9,  0,  0,  2],
       [ 1,  7,  0,  1],
       [ 0,  1,  9,  0],
       [ 0,  0,  2, 13]])]"
26,"[1.0, 1.0, 1.0, 1.0, 1.0, 1.0, 1.0, 1.0, 1.0, 1.0]","[1.0, 1.0, 1.0, 1.0, 1.0, 1.0, 1.0, 1.0, 1.0, 1.0]","[1.0, 1.0, 1.0, 1.0, 1.0, 1.0, 1.0, 1.0, 1.0, 1.0]","[1.0, 1.0, 1.0, 1.0, 1.0, 1.0, 1.0, 1.0, 1.0, 1.0]","[1.0, 1.0, 1.0, 1.0, 1.0, 1.0, 1.0, 1.0, 1.0, 1.0]","[1.0, 1.0, 1.0, 1.0, 1.0, 1.0, 1.0, 1.0, 1.0, 1.0]","[1.0, 1.0, 1.0, 1.0, 1.0, 1.0, 1.0, 1.0, 1.0, 1.0]","[1.0, 1.0, 1.0, 1.0, 1.0, 1.0, 1.0, 1.0, 1.0, 1.0]","[1.0, 1.0, 1.0, 1.0, 1.0, 1.0, 1.0, 1.0, 1.0, 1.0]","[1.0, 1.0, 1.0, 1.0, 1.0, 1.0, 1.0, 1.0, 1.0, 1.0]","[array([[100,   0,   0,   0],
       [  0, 134,   0,   0],
       [  0,   0,  89,   0],
       [  0,   0,   0, 134]]), array([[100,   0,   0,   0],
       [  0, 134,   0,   0],
       [  0,   0,  89,   0],
       [  0,   0,   0, 134]]), array([[101,   0,   0,   0],
       [  0, 134,   0,   0],
       [  0,   0,  89,   0],
       [  0,   0,   0, 134]]), array([[101,   0,   0,   0],
       [  0, 134,   0,   0],
       [  0,   0,  89,   0],
       [  0,   0,   0, 134]]), array([[101,   0,   0,   0],
       [  0, 135,   0,   0],
       [  0,   0,  89,   0],
       [  0,   0,   0, 135]]), array([[101,   0,   0,   0],
       [  0, 134,   0,   0],
       [  0,   0,  90,   0],
       [  0,   0,   0, 134]]), array([[101,   0,   0,   0],
       [  0, 134,   0,   0],
       [  0,   0,  89,   0],
       [  0,   0,   0, 134]]), array([[101,   0,   0,   0],
       [  0, 134,   0,   0],
       [  0,   0,  89,   0],
       [  0,   0,   0, 134]]), array([[101,   0,   0,   0],
       [  0, 134,   0,   0],
       [  0,   0,  89,   0],
       [  0,   0,   0, 134]]), array([[101,   0,   0,   0],
       [  0, 134,   0,   0],
       [  0,   0,  89,   0],
       [  0,   0,   0, 134]])]","[0.6739130434782609, 0.8260869565217391, 0.717391304347826, 0.8043478260869565, 0.7777777777777778, 0.8222222222222222, 0.7333333333333333, 0.8222222222222222, 0.7555555555555555, 0.8222222222222222]","[0.6739130434782609, 0.8260869565217391, 0.717391304347826, 0.8043478260869565, 0.7777777777777778, 0.8222222222222222, 0.7333333333333333, 0.8222222222222222, 0.7555555555555555, 0.8222222222222222]","[0.6739130434782609, 0.8260869565217391, 0.717391304347826, 0.8043478260869565, 0.7777777777777778, 0.8222222222222222, 0.7333333333333333, 0.8222222222222222, 0.7555555555555555, 0.8222222222222222]","[0.6739130434782609, 0.8260869565217391, 0.717391304347826, 0.8043478260869565, 0.7777777777777778, 0.8222222222222222, 0.7333333333333333, 0.8222222222222222, 0.7555555555555555, 0.8222222222222222]","[0.674404761904762, 0.8351158645276292, 0.7368686868686869, 0.8100490196078431, 0.7811507936507935, 0.821780303030303, 0.7409722222222221, 0.8253267973856209, 0.75, 0.8257440476190476]","[0.6749999999999999, 0.8222222222222223, 0.6924242424242424, 0.7878787878787878, 0.7782467532467532, 0.8156565656565656, 0.7174242424242424, 0.8095959595959596, 0.7512626262626263, 0.8151515151515152]","[0.6712176208546444, 0.8269490528858378, 0.6979166666666667, 0.794519132977371, 0.775974025974026, 0.8175706646294881, 0.7228468899521532, 0.8134868421052631, 0.7496867167919798, 0.8149263371037565]","[0.6858178053830228, 0.8295099330904957, 0.7337505489679402, 0.8102088661551576, 0.7839506172839507, 0.8255050505050505, 0.7435185185185186, 0.8293246187363833, 0.7577777777777778, 0.8230026455026456]","[0.6739130434782609, 0.8260869565217391, 0.717391304347826, 0.8043478260869565, 0.7777777777777778, 0.8222222222222222, 0.7333333333333333, 0.8222222222222222, 0.7555555555555555, 0.8222222222222222]","[0.6765205913789517, 0.8258848622027659, 0.7090579710144927, 0.8030081307553698, 0.7773737373737374, 0.8229069405539993, 0.731632110579479, 0.8217251461988304, 0.7558340295182401, 0.8178334807367065]","[array([[ 8,  4,  0,  0],
       [ 2,  6,  0,  1],
       [ 0,  0,  7,  3],
       [ 0,  0,  5, 10]]), array([[10,  1,  0,  1],
       [ 1,  8,  0,  0],
       [ 0,  0,  7,  3],
       [ 0,  0,  2, 13]]), array([[ 7,  4,  0,  0],
       [ 2,  7,  0,  1],
       [ 0,  0,  5,  5],
       [ 0,  0,  1, 14]]), array([[ 9,  2,  0,  0],
       [ 3,  6,  0,  1],
       [ 0,  0,  8,  2],
       [ 0,  1,  0, 14]]), array([[ 8,  3,  0,  0],
       [ 1,  9,  0,  0],
       [ 0,  0,  7,  3],
       [ 0,  0,  3, 11]]), array([[ 9,  2,  0,  0],
       [ 2,  8,  0,  0],
       [ 0,  0,  7,  2],
       [ 0,  1,  1, 13]]), array([[ 7,  3,  1,  0],
       [ 1,  6,  0,  2],
       [ 0,  0,  7,  3],
       [ 0,  0,  2, 13]]), array([[ 8,  3,  0,  0],
       [ 1,  7,  0,  1],
       [ 0,  0,  8,  2],
       [ 0,  0,  1, 14]]), array([[ 8,  3,  0,  0],
       [ 2,  7,  0,  0],
       [ 0,  0,  7,  3],
       [ 0,  0,  3, 12]]), array([[ 8,  1,  0,  2],
       [ 2,  6,  0,  1],
       [ 0,  0, 10,  0],
       [ 0,  0,  2, 13]])]"
27,"[1.0, 1.0, 1.0, 1.0, 1.0, 1.0, 1.0, 1.0, 1.0, 1.0]","[1.0, 1.0, 1.0, 1.0, 1.0, 1.0, 1.0, 1.0, 1.0, 1.0]","[1.0, 1.0, 1.0, 1.0, 1.0, 1.0, 1.0, 1.0, 1.0, 1.0]","[1.0, 1.0, 1.0, 1.0, 1.0, 1.0, 1.0, 1.0, 1.0, 1.0]","[1.0, 1.0, 1.0, 1.0, 1.0, 1.0, 1.0, 1.0, 1.0, 1.0]","[1.0, 1.0, 1.0, 1.0, 1.0, 1.0, 1.0, 1.0, 1.0, 1.0]","[1.0, 1.0, 1.0, 1.0, 1.0, 1.0, 1.0, 1.0, 1.0, 1.0]","[1.0, 1.0, 1.0, 1.0, 1.0, 1.0, 1.0, 1.0, 1.0, 1.0]","[1.0, 1.0, 1.0, 1.0, 1.0, 1.0, 1.0, 1.0, 1.0, 1.0]","[1.0, 1.0, 1.0, 1.0, 1.0, 1.0, 1.0, 1.0, 1.0, 1.0]","[array([[100,   0,   0,   0],
       [  0, 134,   0,   0],
       [  0,   0,  89,   0],
       [  0,   0,   0, 134]]), array([[100,   0,   0,   0],
       [  0, 134,   0,   0],
       [  0,   0,  89,   0],
       [  0,   0,   0, 134]]), array([[101,   0,   0,   0],
       [  0, 134,   0,   0],
       [  0,   0,  89,   0],
       [  0,   0,   0, 134]]), array([[101,   0,   0,   0],
       [  0, 134,   0,   0],
       [  0,   0,  89,   0],
       [  0,   0,   0, 134]]), array([[101,   0,   0,   0],
       [  0, 135,   0,   0],
       [  0,   0,  89,   0],
       [  0,   0,   0, 135]]), array([[101,   0,   0,   0],
       [  0, 134,   0,   0],
       [  0,   0,  90,   0],
       [  0,   0,   0, 134]]), array([[101,   0,   0,   0],
       [  0, 134,   0,   0],
       [  0,   0,  89,   0],
       [  0,   0,   0, 134]]), array([[101,   0,   0,   0],
       [  0, 134,   0,   0],
       [  0,   0,  89,   0],
       [  0,   0,   0, 134]]), array([[101,   0,   0,   0],
       [  0, 134,   0,   0],
       [  0,   0,  89,   0],
       [  0,   0,   0, 134]]), array([[101,   0,   0,   0],
       [  0, 134,   0,   0],
       [  0,   0,  89,   0],
       [  0,   0,   0, 134]])]","[0.7608695652173914, 0.782608695652174, 0.7391304347826086, 0.782608695652174, 0.7777777777777778, 0.8444444444444444, 0.7333333333333333, 0.8222222222222222, 0.7777777777777778, 0.8222222222222222]","[0.7608695652173914, 0.782608695652174, 0.7391304347826086, 0.782608695652174, 0.7777777777777778, 0.8444444444444444, 0.7333333333333333, 0.8222222222222222, 0.7777777777777778, 0.8222222222222222]","[0.7608695652173914, 0.782608695652174, 0.7391304347826086, 0.782608695652174, 0.7777777777777778, 0.8444444444444444, 0.7333333333333333, 0.8222222222222222, 0.7777777777777778, 0.8222222222222222]","[0.7608695652173914, 0.782608695652174, 0.7391304347826086, 0.782608695652174, 0.7777777777777778, 0.8444444444444444, 0.7333333333333333, 0.8222222222222222, 0.7777777777777778, 0.8222222222222222]","[0.7744047619047619, 0.7887626262626263, 0.7564102564102565, 0.7822712418300652, 0.78125, 0.8407287157287158, 0.7429406850459482, 0.8326388888888889, 0.7711038961038962, 0.8257440476190476]","[0.7722222222222223, 0.7847222222222221, 0.7257575757575757, 0.7651515151515151, 0.7733766233766234, 0.8434343434343434, 0.7113636363636363, 0.8073232323232324, 0.7762626262626262, 0.8151515151515152]","[0.7693037452565583, 0.7823043679580182, 0.7238718708827405, 0.7698560259344012, 0.7706525325853819, 0.84138179827835, 0.7146542827657378, 0.8152958152958153, 0.7720594589923083, 0.8149263371037565]","[0.7771221532091097, 0.7907224418093984, 0.7531586770717206, 0.7842426825802784, 0.785, 0.848917748917749, 0.7479773507843684, 0.8292592592592591, 0.7828860028860029, 0.8230026455026456]","[0.7608695652173914, 0.782608695652174, 0.7391304347826086, 0.782608695652174, 0.7777777777777778, 0.8444444444444444, 0.7333333333333333, 0.8222222222222222, 0.7777777777777778, 0.8222222222222222]","[0.7651413527685919, 0.7825979586221707, 0.7303101907544252, 0.7796715915497628, 0.774961960805881, 0.8459405218025908, 0.7275312464166954, 0.8207471540804875, 0.7787860455737043, 0.8178334807367065]","[array([[10,  2,  0,  0],
       [ 0,  8,  0,  1],
       [ 0,  0,  7,  3],
       [ 0,  0,  5, 10]]), array([[ 9,  2,  0,  1],
       [ 1,  8,  0,  0],
       [ 0,  0,  7,  3],
       [ 0,  1,  2, 12]]), array([[ 7,  4,  0,  0],
       [ 1,  9,  0,  0],
       [ 0,  0,  5,  5],
       [ 1,  0,  1, 13]]), array([[ 8,  2,  1,  0],
       [ 3,  6,  0,  1],
       [ 0,  0,  8,  2],
       [ 1,  0,  0, 14]]), array([[ 7,  3,  1,  0],
       [ 1,  9,  0,  0],
       [ 0,  0,  7,  3],
       [ 0,  0,  2, 12]]), array([[ 9,  2,  0,  0],
       [ 2,  8,  0,  0],
       [ 0,  0,  8,  1],
       [ 0,  1,  1, 13]]), array([[ 6,  4,  1,  0],
       [ 1,  6,  0,  2],
       [ 0,  0,  7,  3],
       [ 0,  0,  1, 14]]), array([[ 9,  2,  0,  0],
       [ 1,  7,  0,  1],
       [ 0,  0,  7,  3],
       [ 0,  0,  1, 14]]), array([[ 8,  3,  0,  0],
       [ 2,  7,  0,  0],
       [ 0,  0,  8,  2],
       [ 0,  0,  3, 12]]), array([[ 8,  1,  0,  2],
       [ 2,  6,  0,  1],
       [ 0,  0, 10,  0],
       [ 0,  0,  2, 13]])]"
28,"[1.0, 1.0, 1.0, 1.0, 1.0, 1.0, 1.0, 1.0, 1.0, 1.0]","[1.0, 1.0, 1.0, 1.0, 1.0, 1.0, 1.0, 1.0, 1.0, 1.0]","[1.0, 1.0, 1.0, 1.0, 1.0, 1.0, 1.0, 1.0, 1.0, 1.0]","[1.0, 1.0, 1.0, 1.0, 1.0, 1.0, 1.0, 1.0, 1.0, 1.0]","[1.0, 1.0, 1.0, 1.0, 1.0, 1.0, 1.0, 1.0, 1.0, 1.0]","[1.0, 1.0, 1.0, 1.0, 1.0, 1.0, 1.0, 1.0, 1.0, 1.0]","[1.0, 1.0, 1.0, 1.0, 1.0, 1.0, 1.0, 1.0, 1.0, 1.0]","[1.0, 1.0, 1.0, 1.0, 1.0, 1.0, 1.0, 1.0, 1.0, 1.0]","[1.0, 1.0, 1.0, 1.0, 1.0, 1.0, 1.0, 1.0, 1.0, 1.0]","[1.0, 1.0, 1.0, 1.0, 1.0, 1.0, 1.0, 1.0, 1.0, 1.0]","[array([[100,   0,   0,   0],
       [  0, 134,   0,   0],
       [  0,   0,  89,   0],
       [  0,   0,   0, 134]]), array([[100,   0,   0,   0],
       [  0, 134,   0,   0],
       [  0,   0,  89,   0],
       [  0,   0,   0, 134]]), array([[101,   0,   0,   0],
       [  0, 134,   0,   0],
       [  0,   0,  89,   0],
       [  0,   0,   0, 134]]), array([[101,   0,   0,   0],
       [  0, 134,   0,   0],
       [  0,   0,  89,   0],
       [  0,   0,   0, 134]]), array([[101,   0,   0,   0],
       [  0, 135,   0,   0],
       [  0,   0,  89,   0],
       [  0,   0,   0, 135]]), array([[101,   0,   0,   0],
       [  0, 134,   0,   0],
       [  0,   0,  90,   0],
       [  0,   0,   0, 134]]), array([[101,   0,   0,   0],
       [  0, 134,   0,   0],
       [  0,   0,  89,   0],
       [  0,   0,   0, 134]]), array([[101,   0,   0,   0],
       [  0, 134,   0,   0],
       [  0,   0,  89,   0],
       [  0,   0,   0, 134]]), array([[101,   0,   0,   0],
       [  0, 134,   0,   0],
       [  0,   0,  89,   0],
       [  0,   0,   0, 134]]), array([[101,   0,   0,   0],
       [  0, 134,   0,   0],
       [  0,   0,  89,   0],
       [  0,   0,   0, 134]])]","[0.7391304347826086, 0.8478260869565217, 0.7391304347826086, 0.8043478260869565, 0.7555555555555555, 0.8666666666666667, 0.7333333333333333, 0.8444444444444444, 0.7333333333333333, 0.8444444444444444]","[0.7391304347826086, 0.8478260869565217, 0.7391304347826086, 0.8043478260869565, 0.7555555555555555, 0.8666666666666667, 0.7333333333333333, 0.8444444444444444, 0.7333333333333333, 0.8444444444444444]","[0.7391304347826086, 0.8478260869565217, 0.7391304347826086, 0.8043478260869565, 0.7555555555555555, 0.8666666666666667, 0.7333333333333333, 0.8444444444444444, 0.7333333333333333, 0.8444444444444444]","[0.7391304347826086, 0.8478260869565217, 0.7391304347826086, 0.8043478260869565, 0.7555555555555555, 0.8666666666666667, 0.7333333333333333, 0.8444444444444444, 0.7333333333333333, 0.8444444444444444]","[0.7562229437229437, 0.8526199494949496, 0.7675438596491229, 0.8031045751633987, 0.7512626262626263, 0.86010101010101, 0.7483766233766234, 0.847549019607843, 0.7211038961038961, 0.8524305555555556]","[0.7513888888888888, 0.8472222222222222, 0.7196969696969697, 0.7901515151515153, 0.7483766233766235, 0.86010101010101, 0.7224747474747474, 0.8323232323232324, 0.7257575757575758, 0.842929292929293]","[0.7457904164800716, 0.849290945924887, 0.7162990196078431, 0.7947525062656642, 0.7473727422003283, 0.86010101010101, 0.7228468899521532, 0.8380064745196324, 0.7219341457091003, 0.8428324995687425]","[0.7628929041972521, 0.8499258893280632, 0.7661545167265992, 0.8052571753339016, 0.7561840628507296, 0.8666666666666667, 0.7503767837101172, 0.8475962236746549, 0.7384415584415585, 0.8483024691358025]","[0.7391304347826086, 0.8478260869565217, 0.7391304347826086, 0.8043478260869565, 0.7555555555555555, 0.8666666666666667, 0.7333333333333333, 0.8444444444444444, 0.7333333333333333, 0.8444444444444444]","[0.7433517007729901, 0.8481614732605647, 0.7268755328218244, 0.8027609785332896, 0.7534501003466519, 0.8666666666666667, 0.729331915647705, 0.8438805346700083, 0.7344529907143338, 0.841851532401817]","[array([[ 9,  3,  0,  0],
       [ 0,  8,  0,  1],
       [ 0,  0,  7,  3],
       [ 0,  0,  5, 10]]), array([[10,  1,  0,  1],
       [ 1,  8,  0,  0],
       [ 0,  0,  8,  2],
       [ 0,  0,  2, 13]]), array([[ 6,  5,  0,  0],
       [ 1,  9,  0,  0],
       [ 0,  0,  5,  5],
       [ 0,  0,  1, 14]]), array([[ 8,  2,  1,  0],
       [ 2,  7,  0,  1],
       [ 0,  0,  8,  2],
       [ 0,  1,  0, 14]]), array([[ 7,  3,  1,  0],
       [ 2,  8,  0,  0],
       [ 0,  0,  7,  3],
       [ 0,  0,  2, 12]]), array([[ 9,  2,  0,  0],
       [ 2,  8,  0,  0],
       [ 0,  0,  8,  1],
       [ 0,  0,  1, 14]]), array([[ 6,  4,  1,  0],
       [ 0,  7,  0,  2],
       [ 0,  0,  7,  3],
       [ 1,  0,  1, 13]]), array([[ 9,  2,  0,  0],
       [ 1,  7,  0,  1],
       [ 0,  0,  8,  2],
       [ 0,  0,  1, 14]]), array([[ 7,  4,  0,  0],
       [ 3,  6,  0,  0],
       [ 0,  0,  8,  2],
       [ 0,  0,  3, 12]]), array([[ 8,  1,  0,  2],
       [ 1,  7,  0,  1],
       [ 0,  0, 10,  0],
       [ 0,  0,  2, 13]])]"
29,"[1.0, 1.0, 1.0, 1.0, 1.0, 1.0, 1.0, 1.0, 1.0, 1.0]","[1.0, 1.0, 1.0, 1.0, 1.0, 1.0, 1.0, 1.0, 1.0, 1.0]","[1.0, 1.0, 1.0, 1.0, 1.0, 1.0, 1.0, 1.0, 1.0, 1.0]","[1.0, 1.0, 1.0, 1.0, 1.0, 1.0, 1.0, 1.0, 1.0, 1.0]","[1.0, 1.0, 1.0, 1.0, 1.0, 1.0, 1.0, 1.0, 1.0, 1.0]","[1.0, 1.0, 1.0, 1.0, 1.0, 1.0, 1.0, 1.0, 1.0, 1.0]","[1.0, 1.0, 1.0, 1.0, 1.0, 1.0, 1.0, 1.0, 1.0, 1.0]","[1.0, 1.0, 1.0, 1.0, 1.0, 1.0, 1.0, 1.0, 1.0, 1.0]","[1.0, 1.0, 1.0, 1.0, 1.0, 1.0, 1.0, 1.0, 1.0, 1.0]","[1.0, 1.0, 1.0, 1.0, 1.0, 1.0, 1.0, 1.0, 1.0, 1.0]","[array([[100,   0,   0,   0],
       [  0, 134,   0,   0],
       [  0,   0,  89,   0],
       [  0,   0,   0, 134]]), array([[100,   0,   0,   0],
       [  0, 134,   0,   0],
       [  0,   0,  89,   0],
       [  0,   0,   0, 134]]), array([[101,   0,   0,   0],
       [  0, 134,   0,   0],
       [  0,   0,  89,   0],
       [  0,   0,   0, 134]]), array([[101,   0,   0,   0],
       [  0, 134,   0,   0],
       [  0,   0,  89,   0],
       [  0,   0,   0, 134]]), array([[101,   0,   0,   0],
       [  0, 135,   0,   0],
       [  0,   0,  89,   0],
       [  0,   0,   0, 135]]), array([[101,   0,   0,   0],
       [  0, 134,   0,   0],
       [  0,   0,  90,   0],
       [  0,   0,   0, 134]]), array([[101,   0,   0,   0],
       [  0, 134,   0,   0],
       [  0,   0,  89,   0],
       [  0,   0,   0, 134]]), array([[101,   0,   0,   0],
       [  0, 134,   0,   0],
       [  0,   0,  89,   0],
       [  0,   0,   0, 134]]), array([[101,   0,   0,   0],
       [  0, 134,   0,   0],
       [  0,   0,  89,   0],
       [  0,   0,   0, 134]]), array([[101,   0,   0,   0],
       [  0, 134,   0,   0],
       [  0,   0,  89,   0],
       [  0,   0,   0, 134]])]","[0.7608695652173914, 0.8260869565217391, 0.7391304347826086, 0.8043478260869565, 0.7777777777777778, 0.8444444444444444, 0.7333333333333333, 0.8444444444444444, 0.7777777777777778, 0.8444444444444444]","[0.7608695652173914, 0.8260869565217391, 0.7391304347826086, 0.8043478260869565, 0.7777777777777778, 0.8444444444444444, 0.7333333333333333, 0.8444444444444444, 0.7777777777777778, 0.8444444444444444]","[0.7608695652173914, 0.8260869565217391, 0.7391304347826086, 0.8043478260869565, 0.7777777777777778, 0.8444444444444444, 0.7333333333333333, 0.8444444444444444, 0.7777777777777778, 0.8444444444444444]","[0.7608695652173914, 0.8260869565217391, 0.7391304347826086, 0.8043478260869565, 0.7777777777777778, 0.8444444444444444, 0.7333333333333333, 0.8444444444444444, 0.7777777777777778, 0.8444444444444444]","[0.7723214285714286, 0.8302884615384616, 0.7559523809523809, 0.8031045751633987, 0.7892857142857143, 0.8373737373737373, 0.7429406850459482, 0.847549019607843, 0.7725694444444444, 0.8524305555555556]","[0.7652777777777777, 0.8236111111111111, 0.7257575757575758, 0.7901515151515153, 0.7756493506493506, 0.8373737373737373, 0.7113636363636363, 0.8323232323232324, 0.7628787878787878, 0.842929292929293]","[0.7665537218022005, 0.8258823529411765, 0.7302584670231729, 0.7947525062656642, 0.768452380952381, 0.8365079365079364, 0.7146542827657378, 0.8380064745196324, 0.7660107078189659, 0.8428324995687425]","[0.7700569358178054, 0.8267140468227424, 0.7527605244996549, 0.8052571753339016, 0.7968253968253969, 0.8460606060606062, 0.7479773507843684, 0.8475962236746549, 0.7770061728395062, 0.8483024691358025]","[0.7608695652173914, 0.8260869565217391, 0.7391304347826086, 0.8043478260869565, 0.7777777777777778, 0.8444444444444444, 0.7333333333333333, 0.8444444444444444, 0.7777777777777778, 0.8444444444444444]","[0.7634832316462089, 0.825473145780051, 0.7358637526156708, 0.8027609785332896, 0.7740740740740739, 0.8444444444444444, 0.7275312464166954, 0.8438805346700083, 0.7757934009459202, 0.841851532401817]","[array([[11,  1,  0,  0],
       [ 1,  7,  0,  1],
       [ 0,  0,  7,  3],
       [ 0,  0,  5, 10]]), array([[11,  0,  0,  1],
       [ 2,  7,  0,  0],
       [ 0,  0,  8,  2],
       [ 0,  1,  2, 12]]), array([[ 7,  4,  0,  0],
       [ 1,  8,  0,  1],
       [ 0,  0,  6,  4],
       [ 1,  0,  1, 13]]), array([[ 8,  2,  1,  0],
       [ 2,  7,  0,  1],
       [ 0,  0,  8,  2],
       [ 0,  1,  0, 14]]), array([[ 6,  5,  0,  0],
       [ 1,  9,  0,  0],
       [ 0,  0,  8,  2],
       [ 0,  0,  2, 12]]), array([[ 8,  3,  0,  0],
       [ 2,  8,  0,  0],
       [ 0,  0,  8,  1],
       [ 0,  0,  1, 14]]), array([[ 6,  4,  1,  0],
       [ 1,  6,  0,  2],
       [ 0,  0,  7,  3],
       [ 0,  0,  1, 14]]), array([[ 9,  2,  0,  0],
       [ 1,  7,  0,  1],
       [ 0,  0,  8,  2],
       [ 0,  0,  1, 14]]), array([[ 9,  2,  0,  0],
       [ 3,  6,  0,  0],
       [ 0,  0,  7,  3],
       [ 0,  0,  2, 13]]), array([[ 8,  1,  0,  2],
       [ 1,  7,  0,  1],
       [ 0,  0, 10,  0],
       [ 0,  0,  2, 13]])]"
30,"[1.0, 1.0, 1.0, 1.0, 1.0, 1.0, 1.0, 1.0, 1.0, 1.0]","[1.0, 1.0, 1.0, 1.0, 1.0, 1.0, 1.0, 1.0, 1.0, 1.0]","[1.0, 1.0, 1.0, 1.0, 1.0, 1.0, 1.0, 1.0, 1.0, 1.0]","[1.0, 1.0, 1.0, 1.0, 1.0, 1.0, 1.0, 1.0, 1.0, 1.0]","[1.0, 1.0, 1.0, 1.0, 1.0, 1.0, 1.0, 1.0, 1.0, 1.0]","[1.0, 1.0, 1.0, 1.0, 1.0, 1.0, 1.0, 1.0, 1.0, 1.0]","[1.0, 1.0, 1.0, 1.0, 1.0, 1.0, 1.0, 1.0, 1.0, 1.0]","[1.0, 1.0, 1.0, 1.0, 1.0, 1.0, 1.0, 1.0, 1.0, 1.0]","[1.0, 1.0, 1.0, 1.0, 1.0, 1.0, 1.0, 1.0, 1.0, 1.0]","[1.0, 1.0, 1.0, 1.0, 1.0, 1.0, 1.0, 1.0, 1.0, 1.0]","[array([[100,   0,   0,   0],
       [  0, 134,   0,   0],
       [  0,   0,  89,   0],
       [  0,   0,   0, 134]]), array([[100,   0,   0,   0],
       [  0, 134,   0,   0],
       [  0,   0,  89,   0],
       [  0,   0,   0, 134]]), array([[101,   0,   0,   0],
       [  0, 134,   0,   0],
       [  0,   0,  89,   0],
       [  0,   0,   0, 134]]), array([[101,   0,   0,   0],
       [  0, 134,   0,   0],
       [  0,   0,  89,   0],
       [  0,   0,   0, 134]]), array([[101,   0,   0,   0],
       [  0, 135,   0,   0],
       [  0,   0,  89,   0],
       [  0,   0,   0, 135]]), array([[101,   0,   0,   0],
       [  0, 134,   0,   0],
       [  0,   0,  90,   0],
       [  0,   0,   0, 134]]), array([[101,   0,   0,   0],
       [  0, 134,   0,   0],
       [  0,   0,  89,   0],
       [  0,   0,   0, 134]]), array([[101,   0,   0,   0],
       [  0, 134,   0,   0],
       [  0,   0,  89,   0],
       [  0,   0,   0, 134]]), array([[101,   0,   0,   0],
       [  0, 134,   0,   0],
       [  0,   0,  89,   0],
       [  0,   0,   0, 134]]), array([[101,   0,   0,   0],
       [  0, 134,   0,   0],
       [  0,   0,  89,   0],
       [  0,   0,   0, 134]])]","[0.782608695652174, 0.8478260869565217, 0.7391304347826086, 0.7608695652173914, 0.7777777777777778, 0.8444444444444444, 0.7111111111111111, 0.8222222222222222, 0.7555555555555555, 0.8222222222222222]","[0.782608695652174, 0.8478260869565217, 0.7391304347826086, 0.7608695652173914, 0.7777777777777778, 0.8444444444444444, 0.7111111111111111, 0.8222222222222222, 0.7555555555555555, 0.8222222222222222]","[0.782608695652174, 0.8478260869565217, 0.7391304347826086, 0.7608695652173914, 0.7777777777777778, 0.8444444444444444, 0.7111111111111111, 0.8222222222222222, 0.7555555555555555, 0.8222222222222222]","[0.782608695652174, 0.8478260869565217, 0.7391304347826086, 0.7608695652173914, 0.7777777777777778, 0.8444444444444444, 0.7111111111111111, 0.8222222222222222, 0.7555555555555555, 0.8222222222222222]","[0.7966269841269842, 0.8526199494949496, 0.7520315941368573, 0.766729797979798, 0.78125, 0.8420454545454545, 0.7248472116119176, 0.8326388888888889, 0.7460542929292929, 0.8257440476190476]","[0.7930555555555555, 0.8472222222222222, 0.7174242424242425, 0.7424242424242424, 0.7733766233766234, 0.8323232323232324, 0.7058080808080807, 0.8073232323232324, 0.7401515151515151, 0.8151515151515152]","[0.7928573591991883, 0.849290945924887, 0.7240196078431373, 0.7482323232323232, 0.7706525325853819, 0.8362342590995342, 0.7041666666666666, 0.8152958152958153, 0.7423727941554767, 0.8149263371037565]","[0.7945134575569359, 0.8499258893280632, 0.7509402623819099, 0.7681708388230126, 0.785, 0.8444444444444444, 0.7276462099991512, 0.8292592592592591, 0.754783950617284, 0.8230026455026456]","[0.782608695652174, 0.8478260869565217, 0.7391304347826086, 0.7608695652173914, 0.7777777777777778, 0.8444444444444444, 0.7111111111111111, 0.8222222222222222, 0.7555555555555555, 0.8222222222222222]","[0.7866679308567062, 0.8481614732605647, 0.7343137254901961, 0.7580808080808081, 0.774961960805881, 0.8435589289479233, 0.7085185185185185, 0.8207471540804875, 0.7544236936427089, 0.8178334807367065]","[array([[11,  1,  0,  0],
       [ 0,  8,  0,  1],
       [ 0,  0,  7,  3],
       [ 0,  0,  5, 10]]), array([[10,  1,  0,  1],
       [ 1,  8,  0,  0],
       [ 0,  0,  8,  2],
       [ 0,  0,  2, 13]]), array([[ 7,  4,  0,  0],
       [ 2,  7,  0,  1],
       [ 0,  0,  6,  4],
       [ 0,  0,  1, 14]]), array([[ 7,  3,  1,  0],
       [ 2,  7,  0,  1],
       [ 0,  0,  7,  3],
       [ 0,  1,  0, 14]]), array([[ 7,  3,  1,  0],
       [ 1,  9,  0,  0],
       [ 0,  0,  7,  3],
       [ 0,  0,  2, 12]]), array([[ 9,  2,  0,  0],
       [ 2,  8,  0,  0],
       [ 0,  0,  7,  2],
       [ 0,  0,  1, 14]]), array([[ 6,  4,  1,  0],
       [ 0,  7,  0,  2],
       [ 0,  0,  7,  3],
       [ 1,  0,  2, 12]]), array([[ 9,  2,  0,  0],
       [ 1,  7,  0,  1],
       [ 0,  0,  7,  3],
       [ 0,  0,  1, 14]]), array([[ 8,  3,  0,  0],
       [ 3,  6,  0,  0],
       [ 0,  0,  7,  3],
       [ 0,  0,  2, 13]]), array([[ 8,  1,  0,  2],
       [ 2,  6,  0,  1],
       [ 0,  0, 10,  0],
       [ 0,  0,  2, 13]])]"
31,"[1.0, 1.0, 1.0, 1.0, 1.0, 1.0, 1.0, 1.0, 1.0, 1.0]","[1.0, 1.0, 1.0, 1.0, 1.0, 1.0, 1.0, 1.0, 1.0, 1.0]","[1.0, 1.0, 1.0, 1.0, 1.0, 1.0, 1.0, 1.0, 1.0, 1.0]","[1.0, 1.0, 1.0, 1.0, 1.0, 1.0, 1.0, 1.0, 1.0, 1.0]","[1.0, 1.0, 1.0, 1.0, 1.0, 1.0, 1.0, 1.0, 1.0, 1.0]","[1.0, 1.0, 1.0, 1.0, 1.0, 1.0, 1.0, 1.0, 1.0, 1.0]","[1.0, 1.0, 1.0, 1.0, 1.0, 1.0, 1.0, 1.0, 1.0, 1.0]","[1.0, 1.0, 1.0, 1.0, 1.0, 1.0, 1.0, 1.0, 1.0, 1.0]","[1.0, 1.0, 1.0, 1.0, 1.0, 1.0, 1.0, 1.0, 1.0, 1.0]","[1.0, 1.0, 1.0, 1.0, 1.0, 1.0, 1.0, 1.0, 1.0, 1.0]","[array([[100,   0,   0,   0],
       [  0, 134,   0,   0],
       [  0,   0,  89,   0],
       [  0,   0,   0, 134]]), array([[100,   0,   0,   0],
       [  0, 134,   0,   0],
       [  0,   0,  89,   0],
       [  0,   0,   0, 134]]), array([[101,   0,   0,   0],
       [  0, 134,   0,   0],
       [  0,   0,  89,   0],
       [  0,   0,   0, 134]]), array([[101,   0,   0,   0],
       [  0, 134,   0,   0],
       [  0,   0,  89,   0],
       [  0,   0,   0, 134]]), array([[101,   0,   0,   0],
       [  0, 135,   0,   0],
       [  0,   0,  89,   0],
       [  0,   0,   0, 135]]), array([[101,   0,   0,   0],
       [  0, 134,   0,   0],
       [  0,   0,  90,   0],
       [  0,   0,   0, 134]]), array([[101,   0,   0,   0],
       [  0, 134,   0,   0],
       [  0,   0,  89,   0],
       [  0,   0,   0, 134]]), array([[101,   0,   0,   0],
       [  0, 134,   0,   0],
       [  0,   0,  89,   0],
       [  0,   0,   0, 134]]), array([[101,   0,   0,   0],
       [  0, 134,   0,   0],
       [  0,   0,  89,   0],
       [  0,   0,   0, 134]]), array([[101,   0,   0,   0],
       [  0, 134,   0,   0],
       [  0,   0,  89,   0],
       [  0,   0,   0, 134]])]","[0.7608695652173914, 0.8043478260869565, 0.7608695652173914, 0.782608695652174, 0.7777777777777778, 0.8222222222222222, 0.7555555555555555, 0.8222222222222222, 0.7777777777777778, 0.8444444444444444]","[0.7608695652173914, 0.8043478260869565, 0.7608695652173914, 0.782608695652174, 0.7777777777777778, 0.8222222222222222, 0.7555555555555555, 0.8222222222222222, 0.7777777777777778, 0.8444444444444444]","[0.7608695652173914, 0.8043478260869565, 0.7608695652173914, 0.782608695652174, 0.7777777777777778, 0.8222222222222222, 0.7555555555555555, 0.8222222222222222, 0.7777777777777778, 0.8444444444444444]","[0.7608695652173914, 0.8043478260869565, 0.7608695652173914, 0.782608695652174, 0.7777777777777778, 0.8222222222222222, 0.7555555555555555, 0.8222222222222222, 0.7777777777777778, 0.8444444444444444]","[0.7744047619047619, 0.8092171717171717, 0.7843707827260459, 0.7765894236482471, 0.7862713675213675, 0.8193181818181818, 0.7640716374269005, 0.8326388888888889, 0.7725694444444444, 0.8524305555555556]","[0.7722222222222223, 0.8055555555555556, 0.7424242424242424, 0.7651515151515151, 0.7733766233766234, 0.8095959595959596, 0.7340909090909091, 0.8073232323232324, 0.7628787878787878, 0.842929292929293]","[0.7693037452565583, 0.8056765335498635, 0.7419950531700095, 0.7689892344497608, 0.7709697782687603, 0.8126411855064606, 0.7409700722394221, 0.8152958152958153, 0.7660107078189659, 0.8428324995687425]","[0.7771221532091097, 0.8073232323232323, 0.7811748225077745, 0.7806194941744814, 0.7894634377967711, 0.8238383838383839, 0.7656757634827811, 0.8292592592592591, 0.7770061728395062, 0.8483024691358025]","[0.7608695652173914, 0.8043478260869565, 0.7608695652173914, 0.782608695652174, 0.7777777777777778, 0.8222222222222222, 0.7555555555555555, 0.8222222222222222, 0.7777777777777778, 0.8444444444444444]","[0.7651413527685919, 0.8042403099033638, 0.7507454628453709, 0.7796052631578947, 0.775243956968884, 0.821336706725701, 0.7517027863777089, 0.8207471540804875, 0.7757934009459202, 0.841851532401817]","[array([[10,  2,  0,  0],
       [ 0,  8,  0,  1],
       [ 0,  0,  7,  3],
       [ 0,  0,  5, 10]]), array([[10,  1,  0,  1],
       [ 1,  8,  0,  0],
       [ 0,  0,  7,  3],
       [ 0,  1,  2, 12]]), array([[ 7,  4,  0,  0],
       [ 1,  9,  0,  0],
       [ 0,  0,  5,  5],
       [ 0,  0,  1, 14]]), array([[ 8,  2,  1,  0],
       [ 3,  6,  0,  1],
       [ 0,  0,  8,  2],
       [ 0,  1,  0, 14]]), array([[ 7,  4,  0,  0],
       [ 1,  9,  0,  0],
       [ 0,  0,  7,  3],
       [ 0,  0,  2, 12]]), array([[ 8,  3,  0,  0],
       [ 2,  8,  0,  0],
       [ 0,  0,  7,  2],
       [ 0,  0,  1, 14]]), array([[ 7,  3,  1,  0],
       [ 1,  6,  0,  2],
       [ 0,  0,  7,  3],
       [ 0,  0,  1, 14]]), array([[ 9,  2,  0,  0],
       [ 1,  7,  0,  1],
       [ 0,  0,  7,  3],
       [ 0,  0,  1, 14]]), array([[ 9,  2,  0,  0],
       [ 3,  6,  0,  0],
       [ 0,  0,  7,  3],
       [ 0,  0,  2, 13]]), array([[ 8,  1,  0,  2],
       [ 1,  7,  0,  1],
       [ 0,  0, 10,  0],
       [ 0,  0,  2, 13]])]"
32,"[1.0, 1.0, 1.0, 1.0, 1.0, 1.0, 1.0, 1.0, 1.0, 1.0]","[1.0, 1.0, 1.0, 1.0, 1.0, 1.0, 1.0, 1.0, 1.0, 1.0]","[1.0, 1.0, 1.0, 1.0, 1.0, 1.0, 1.0, 1.0, 1.0, 1.0]","[1.0, 1.0, 1.0, 1.0, 1.0, 1.0, 1.0, 1.0, 1.0, 1.0]","[1.0, 1.0, 1.0, 1.0, 1.0, 1.0, 1.0, 1.0, 1.0, 1.0]","[1.0, 1.0, 1.0, 1.0, 1.0, 1.0, 1.0, 1.0, 1.0, 1.0]","[1.0, 1.0, 1.0, 1.0, 1.0, 1.0, 1.0, 1.0, 1.0, 1.0]","[1.0, 1.0, 1.0, 1.0, 1.0, 1.0, 1.0, 1.0, 1.0, 1.0]","[1.0, 1.0, 1.0, 1.0, 1.0, 1.0, 1.0, 1.0, 1.0, 1.0]","[1.0, 1.0, 1.0, 1.0, 1.0, 1.0, 1.0, 1.0, 1.0, 1.0]","[array([[100,   0,   0,   0],
       [  0, 134,   0,   0],
       [  0,   0,  89,   0],
       [  0,   0,   0, 134]]), array([[100,   0,   0,   0],
       [  0, 134,   0,   0],
       [  0,   0,  89,   0],
       [  0,   0,   0, 134]]), array([[101,   0,   0,   0],
       [  0, 134,   0,   0],
       [  0,   0,  89,   0],
       [  0,   0,   0, 134]]), array([[101,   0,   0,   0],
       [  0, 134,   0,   0],
       [  0,   0,  89,   0],
       [  0,   0,   0, 134]]), array([[101,   0,   0,   0],
       [  0, 135,   0,   0],
       [  0,   0,  89,   0],
       [  0,   0,   0, 135]]), array([[101,   0,   0,   0],
       [  0, 134,   0,   0],
       [  0,   0,  90,   0],
       [  0,   0,   0, 134]]), array([[101,   0,   0,   0],
       [  0, 134,   0,   0],
       [  0,   0,  89,   0],
       [  0,   0,   0, 134]]), array([[101,   0,   0,   0],
       [  0, 134,   0,   0],
       [  0,   0,  89,   0],
       [  0,   0,   0, 134]]), array([[101,   0,   0,   0],
       [  0, 134,   0,   0],
       [  0,   0,  89,   0],
       [  0,   0,   0, 134]]), array([[101,   0,   0,   0],
       [  0, 134,   0,   0],
       [  0,   0,  89,   0],
       [  0,   0,   0, 134]])]","[0.7608695652173914, 0.8043478260869565, 0.7391304347826086, 0.8043478260869565, 0.7777777777777778, 0.8222222222222222, 0.7555555555555555, 0.8222222222222222, 0.7333333333333333, 0.8222222222222222]","[0.7608695652173914, 0.8043478260869565, 0.7391304347826086, 0.8043478260869565, 0.7777777777777778, 0.8222222222222222, 0.7555555555555555, 0.8222222222222222, 0.7333333333333333, 0.8222222222222222]","[0.7608695652173914, 0.8043478260869565, 0.7391304347826086, 0.8043478260869565, 0.7777777777777778, 0.8222222222222222, 0.7555555555555555, 0.8222222222222222, 0.7333333333333333, 0.8222222222222222]","[0.7608695652173914, 0.8043478260869565, 0.7391304347826086, 0.8043478260869565, 0.7777777777777778, 0.8222222222222222, 0.7555555555555555, 0.8222222222222222, 0.7333333333333333, 0.8222222222222222]","[0.7744047619047619, 0.8092171717171717, 0.7520315941368573, 0.8031045751633987, 0.7811507936507935, 0.821780303030303, 0.7652777777777777, 0.8326388888888889, 0.7225694444444444, 0.8257440476190476]","[0.7722222222222223, 0.8055555555555556, 0.7174242424242425, 0.7901515151515153, 0.7782467532467532, 0.8156565656565656, 0.7401515151515151, 0.8073232323232324, 0.7174242424242424, 0.8151515151515152]","[0.7693037452565583, 0.8056765335498635, 0.7240196078431373, 0.7947525062656642, 0.775974025974026, 0.8175706646294881, 0.7484402852049912, 0.8152958152958153, 0.7184493491794002, 0.8149263371037565]","[0.7771221532091097, 0.8073232323232323, 0.7509402623819099, 0.8052571753339016, 0.7839506172839507, 0.8255050505050505, 0.7635802469135803, 0.8292592592592591, 0.734783950617284, 0.8230026455026456]","[0.7608695652173914, 0.8043478260869565, 0.7391304347826086, 0.8043478260869565, 0.7777777777777778, 0.8222222222222222, 0.7555555555555555, 0.8222222222222222, 0.7333333333333333, 0.8222222222222222]","[0.7651413527685919, 0.8042403099033638, 0.7343137254901961, 0.8027609785332896, 0.7773737373737374, 0.8229069405539993, 0.7549138443256092, 0.8207471540804875, 0.732591334968245, 0.8178334807367065]","[array([[10,  2,  0,  0],
       [ 0,  8,  0,  1],
       [ 0,  0,  7,  3],
       [ 0,  0,  5, 10]]), array([[10,  1,  0,  1],
       [ 1,  8,  0,  0],
       [ 0,  0,  7,  3],
       [ 0,  1,  2, 12]]), array([[ 7,  4,  0,  0],
       [ 2,  7,  0,  1],
       [ 0,  0,  6,  4],
       [ 0,  0,  1, 14]]), array([[ 8,  2,  1,  0],
       [ 2,  7,  0,  1],
       [ 0,  0,  8,  2],
       [ 0,  1,  0, 14]]), array([[ 8,  3,  0,  0],
       [ 1,  9,  0,  0],
       [ 0,  0,  7,  3],
       [ 0,  0,  3, 11]]), array([[ 9,  2,  0,  0],
       [ 2,  8,  0,  0],
       [ 0,  0,  7,  2],
       [ 0,  1,  1, 13]]), array([[ 8,  2,  1,  0],
       [ 1,  6,  0,  2],
       [ 0,  0,  7,  3],
       [ 0,  0,  2, 13]]), array([[ 9,  2,  0,  0],
       [ 1,  7,  0,  1],
       [ 0,  0,  7,  3],
       [ 0,  0,  1, 14]]), array([[ 7,  4,  0,  0],
       [ 3,  6,  0,  0],
       [ 0,  0,  7,  3],
       [ 0,  0,  2, 13]]), array([[ 8,  1,  0,  2],
       [ 2,  6,  0,  1],
       [ 0,  0, 10,  0],
       [ 0,  0,  2, 13]])]"
33,"[1.0, 1.0, 1.0, 1.0, 1.0, 1.0, 1.0, 1.0, 1.0, 1.0]","[1.0, 1.0, 1.0, 1.0, 1.0, 1.0, 1.0, 1.0, 1.0, 1.0]","[1.0, 1.0, 1.0, 1.0, 1.0, 1.0, 1.0, 1.0, 1.0, 1.0]","[1.0, 1.0, 1.0, 1.0, 1.0, 1.0, 1.0, 1.0, 1.0, 1.0]","[1.0, 1.0, 1.0, 1.0, 1.0, 1.0, 1.0, 1.0, 1.0, 1.0]","[1.0, 1.0, 1.0, 1.0, 1.0, 1.0, 1.0, 1.0, 1.0, 1.0]","[1.0, 1.0, 1.0, 1.0, 1.0, 1.0, 1.0, 1.0, 1.0, 1.0]","[1.0, 1.0, 1.0, 1.0, 1.0, 1.0, 1.0, 1.0, 1.0, 1.0]","[1.0, 1.0, 1.0, 1.0, 1.0, 1.0, 1.0, 1.0, 1.0, 1.0]","[1.0, 1.0, 1.0, 1.0, 1.0, 1.0, 1.0, 1.0, 1.0, 1.0]","[array([[100,   0,   0,   0],
       [  0, 134,   0,   0],
       [  0,   0,  89,   0],
       [  0,   0,   0, 134]]), array([[100,   0,   0,   0],
       [  0, 134,   0,   0],
       [  0,   0,  89,   0],
       [  0,   0,   0, 134]]), array([[101,   0,   0,   0],
       [  0, 134,   0,   0],
       [  0,   0,  89,   0],
       [  0,   0,   0, 134]]), array([[101,   0,   0,   0],
       [  0, 134,   0,   0],
       [  0,   0,  89,   0],
       [  0,   0,   0, 134]]), array([[101,   0,   0,   0],
       [  0, 135,   0,   0],
       [  0,   0,  89,   0],
       [  0,   0,   0, 135]]), array([[101,   0,   0,   0],
       [  0, 134,   0,   0],
       [  0,   0,  90,   0],
       [  0,   0,   0, 134]]), array([[101,   0,   0,   0],
       [  0, 134,   0,   0],
       [  0,   0,  89,   0],
       [  0,   0,   0, 134]]), array([[101,   0,   0,   0],
       [  0, 134,   0,   0],
       [  0,   0,  89,   0],
       [  0,   0,   0, 134]]), array([[101,   0,   0,   0],
       [  0, 134,   0,   0],
       [  0,   0,  89,   0],
       [  0,   0,   0, 134]]), array([[101,   0,   0,   0],
       [  0, 134,   0,   0],
       [  0,   0,  89,   0],
       [  0,   0,   0, 134]])]","[0.7608695652173914, 0.8043478260869565, 0.7391304347826086, 0.8043478260869565, 0.7555555555555555, 0.8, 0.7333333333333333, 0.8222222222222222, 0.7555555555555555, 0.8444444444444444]","[0.7608695652173914, 0.8043478260869565, 0.7391304347826086, 0.8043478260869565, 0.7555555555555555, 0.8, 0.7333333333333333, 0.8222222222222222, 0.7555555555555555, 0.8444444444444444]","[0.7608695652173914, 0.8043478260869565, 0.7391304347826086, 0.8043478260869565, 0.7555555555555555, 0.8, 0.7333333333333333, 0.8222222222222222, 0.7555555555555555, 0.8444444444444444]","[0.7608695652173914, 0.8043478260869565, 0.7391304347826086, 0.8043478260869565, 0.7555555555555555, 0.8, 0.7333333333333333, 0.8222222222222222, 0.7555555555555555, 0.8444444444444444]","[0.7678710178710179, 0.8092171717171717, 0.7520315941368573, 0.8031045751633987, 0.7632554945054945, 0.8020833333333334, 0.7409722222222221, 0.8236222519310754, 0.7460542929292929, 0.8524305555555556]","[0.7694444444444445, 0.8055555555555556, 0.7174242424242425, 0.7901515151515153, 0.7555194805194805, 0.7929292929292929, 0.7174242424242424, 0.8073232323232324, 0.7401515151515151, 0.842929292929293]","[0.7643202208419599, 0.8056765335498635, 0.7240196078431373, 0.7947525062656642, 0.7512912716574043, 0.7948433919022154, 0.7228468899521532, 0.8121843434343434, 0.7423727941554767, 0.8428324995687425]","[0.7739434478564913, 0.8073232323232323, 0.7509402623819099, 0.8052571753339016, 0.7677350427350427, 0.8075925925925926, 0.7435185185185186, 0.8245098039215686, 0.754783950617284, 0.8483024691358025]","[0.7608695652173914, 0.8043478260869565, 0.7391304347826086, 0.8043478260869565, 0.7555555555555555, 0.8, 0.7333333333333333, 0.8222222222222222, 0.7555555555555555, 0.8444444444444444]","[0.7631650013502566, 0.8042403099033638, 0.7343137254901961, 0.8027609785332896, 0.7540300025425883, 0.801454319101378, 0.731632110579479, 0.8200617283950618, 0.7544236936427089, 0.841851532401817]","[array([[10,  2,  0,  0],
       [ 1,  7,  0,  1],
       [ 0,  0,  8,  2],
       [ 0,  0,  5, 10]]), array([[10,  1,  0,  1],
       [ 1,  8,  0,  0],
       [ 0,  0,  7,  3],
       [ 0,  1,  2, 12]]), array([[ 7,  4,  0,  0],
       [ 2,  7,  0,  1],
       [ 0,  0,  6,  4],
       [ 0,  0,  1, 14]]), array([[ 8,  2,  1,  0],
       [ 2,  7,  0,  1],
       [ 0,  0,  8,  2],
       [ 0,  1,  0, 14]]), array([[ 7,  4,  0,  0],
       [ 1,  9,  0,  0],
       [ 0,  0,  7,  3],
       [ 0,  0,  3, 11]]), array([[ 8,  3,  0,  0],
       [ 2,  8,  0,  0],
       [ 0,  0,  7,  2],
       [ 0,  1,  1, 13]]), array([[ 7,  3,  1,  0],
       [ 1,  6,  0,  2],
       [ 0,  0,  7,  3],
       [ 0,  0,  2, 13]]), array([[ 9,  2,  0,  0],
       [ 2,  7,  0,  0],
       [ 0,  0,  7,  3],
       [ 0,  0,  1, 14]]), array([[ 8,  3,  0,  0],
       [ 3,  6,  0,  0],
       [ 0,  0,  7,  3],
       [ 0,  0,  2, 13]]), array([[ 8,  1,  0,  2],
       [ 1,  7,  0,  1],
       [ 0,  0, 10,  0],
       [ 0,  0,  2, 13]])]"
34,"[1.0, 1.0, 1.0, 1.0, 1.0, 1.0, 1.0, 1.0, 1.0, 1.0]","[1.0, 1.0, 1.0, 1.0, 1.0, 1.0, 1.0, 1.0, 1.0, 1.0]","[1.0, 1.0, 1.0, 1.0, 1.0, 1.0, 1.0, 1.0, 1.0, 1.0]","[1.0, 1.0, 1.0, 1.0, 1.0, 1.0, 1.0, 1.0, 1.0, 1.0]","[1.0, 1.0, 1.0, 1.0, 1.0, 1.0, 1.0, 1.0, 1.0, 1.0]","[1.0, 1.0, 1.0, 1.0, 1.0, 1.0, 1.0, 1.0, 1.0, 1.0]","[1.0, 1.0, 1.0, 1.0, 1.0, 1.0, 1.0, 1.0, 1.0, 1.0]","[1.0, 1.0, 1.0, 1.0, 1.0, 1.0, 1.0, 1.0, 1.0, 1.0]","[1.0, 1.0, 1.0, 1.0, 1.0, 1.0, 1.0, 1.0, 1.0, 1.0]","[1.0, 1.0, 1.0, 1.0, 1.0, 1.0, 1.0, 1.0, 1.0, 1.0]","[array([[100,   0,   0,   0],
       [  0, 134,   0,   0],
       [  0,   0,  89,   0],
       [  0,   0,   0, 134]]), array([[100,   0,   0,   0],
       [  0, 134,   0,   0],
       [  0,   0,  89,   0],
       [  0,   0,   0, 134]]), array([[101,   0,   0,   0],
       [  0, 134,   0,   0],
       [  0,   0,  89,   0],
       [  0,   0,   0, 134]]), array([[101,   0,   0,   0],
       [  0, 134,   0,   0],
       [  0,   0,  89,   0],
       [  0,   0,   0, 134]]), array([[101,   0,   0,   0],
       [  0, 135,   0,   0],
       [  0,   0,  89,   0],
       [  0,   0,   0, 135]]), array([[101,   0,   0,   0],
       [  0, 134,   0,   0],
       [  0,   0,  90,   0],
       [  0,   0,   0, 134]]), array([[101,   0,   0,   0],
       [  0, 134,   0,   0],
       [  0,   0,  89,   0],
       [  0,   0,   0, 134]]), array([[101,   0,   0,   0],
       [  0, 134,   0,   0],
       [  0,   0,  89,   0],
       [  0,   0,   0, 134]]), array([[101,   0,   0,   0],
       [  0, 134,   0,   0],
       [  0,   0,  89,   0],
       [  0,   0,   0, 134]]), array([[101,   0,   0,   0],
       [  0, 134,   0,   0],
       [  0,   0,  89,   0],
       [  0,   0,   0, 134]])]","[0.7391304347826086, 0.782608695652174, 0.717391304347826, 0.782608695652174, 0.7777777777777778, 0.8222222222222222, 0.7555555555555555, 0.8444444444444444, 0.7777777777777778, 0.8444444444444444]","[0.7391304347826086, 0.782608695652174, 0.717391304347826, 0.782608695652174, 0.7777777777777778, 0.8222222222222222, 0.7555555555555555, 0.8444444444444444, 0.7777777777777778, 0.8444444444444444]","[0.7391304347826086, 0.782608695652174, 0.717391304347826, 0.782608695652174, 0.7777777777777778, 0.8222222222222222, 0.7555555555555555, 0.8444444444444444, 0.7777777777777778, 0.8444444444444444]","[0.7391304347826086, 0.782608695652174, 0.717391304347826, 0.782608695652174, 0.7777777777777778, 0.8222222222222222, 0.7555555555555555, 0.8444444444444444, 0.7777777777777778, 0.8444444444444444]","[0.7461219336219337, 0.7887626262626263, 0.7351190476190477, 0.7881944444444444, 0.7811507936507935, 0.821780303030303, 0.7652777777777777, 0.847549019607843, 0.7725694444444444, 0.8524305555555556]","[0.7444444444444444, 0.7847222222222221, 0.7007575757575758, 0.7651515151515151, 0.7782467532467532, 0.8156565656565656, 0.7401515151515151, 0.8323232323232324, 0.7628787878787878, 0.842929292929293]","[0.7433404509866279, 0.7823043679580182, 0.7075311942959002, 0.7720418470418471, 0.775974025974026, 0.8175706646294881, 0.7484402852049912, 0.8380064745196324, 0.7660107078189659, 0.8428324995687425]","[0.7490589121023904, 0.7907224418093984, 0.7346445824706695, 0.7873188405797101, 0.7839506172839507, 0.8255050505050505, 0.7635802469135803, 0.8475962236746549, 0.7770061728395062, 0.8483024691358025]","[0.7391304347826086, 0.782608695652174, 0.717391304347826, 0.782608695652174, 0.7777777777777778, 0.8222222222222222, 0.7555555555555555, 0.8444444444444444, 0.7777777777777778, 0.8444444444444444]","[0.7422444904030199, 0.7825979586221707, 0.7161009067658684, 0.7801304975218019, 0.7773737373737374, 0.8229069405539993, 0.7549138443256092, 0.8438805346700083, 0.7757934009459202, 0.841851532401817]","[array([[10,  2,  0,  0],
       [ 1,  7,  0,  1],
       [ 0,  0,  7,  3],
       [ 0,  0,  5, 10]]), array([[ 9,  2,  0,  1],
       [ 1,  8,  0,  0],
       [ 0,  0,  7,  3],
       [ 0,  1,  2, 12]]), array([[ 7,  4,  0,  0],
       [ 2,  7,  0,  1],
       [ 0,  0,  6,  4],
       [ 0,  1,  1, 13]]), array([[ 8,  2,  1,  0],
       [ 2,  7,  0,  1],
       [ 0,  0,  7,  3],
       [ 0,  1,  0, 14]]), array([[ 8,  3,  0,  0],
       [ 1,  9,  0,  0],
       [ 0,  0,  7,  3],
       [ 0,  0,  3, 11]]), array([[ 9,  2,  0,  0],
       [ 2,  8,  0,  0],
       [ 0,  0,  7,  2],
       [ 0,  1,  1, 13]]), array([[ 8,  2,  1,  0],
       [ 1,  6,  0,  2],
       [ 0,  0,  7,  3],
       [ 0,  0,  2, 13]]), array([[ 9,  2,  0,  0],
       [ 1,  7,  0,  1],
       [ 0,  0,  8,  2],
       [ 0,  0,  1, 14]]), array([[ 9,  2,  0,  0],
       [ 3,  6,  0,  0],
       [ 0,  0,  7,  3],
       [ 0,  0,  2, 13]]), array([[ 8,  1,  0,  2],
       [ 1,  7,  0,  1],
       [ 0,  0, 10,  0],
       [ 0,  0,  2, 13]])]"
35,"[1.0, 1.0, 1.0, 1.0, 1.0, 1.0, 1.0, 1.0, 1.0, 1.0]","[1.0, 1.0, 1.0, 1.0, 1.0, 1.0, 1.0, 1.0, 1.0, 1.0]","[1.0, 1.0, 1.0, 1.0, 1.0, 1.0, 1.0, 1.0, 1.0, 1.0]","[1.0, 1.0, 1.0, 1.0, 1.0, 1.0, 1.0, 1.0, 1.0, 1.0]","[1.0, 1.0, 1.0, 1.0, 1.0, 1.0, 1.0, 1.0, 1.0, 1.0]","[1.0, 1.0, 1.0, 1.0, 1.0, 1.0, 1.0, 1.0, 1.0, 1.0]","[1.0, 1.0, 1.0, 1.0, 1.0, 1.0, 1.0, 1.0, 1.0, 1.0]","[1.0, 1.0, 1.0, 1.0, 1.0, 1.0, 1.0, 1.0, 1.0, 1.0]","[1.0, 1.0, 1.0, 1.0, 1.0, 1.0, 1.0, 1.0, 1.0, 1.0]","[1.0, 1.0, 1.0, 1.0, 1.0, 1.0, 1.0, 1.0, 1.0, 1.0]","[array([[100,   0,   0,   0],
       [  0, 134,   0,   0],
       [  0,   0,  89,   0],
       [  0,   0,   0, 134]]), array([[100,   0,   0,   0],
       [  0, 134,   0,   0],
       [  0,   0,  89,   0],
       [  0,   0,   0, 134]]), array([[101,   0,   0,   0],
       [  0, 134,   0,   0],
       [  0,   0,  89,   0],
       [  0,   0,   0, 134]]), array([[101,   0,   0,   0],
       [  0, 134,   0,   0],
       [  0,   0,  89,   0],
       [  0,   0,   0, 134]]), array([[101,   0,   0,   0],
       [  0, 135,   0,   0],
       [  0,   0,  89,   0],
       [  0,   0,   0, 135]]), array([[101,   0,   0,   0],
       [  0, 134,   0,   0],
       [  0,   0,  90,   0],
       [  0,   0,   0, 134]]), array([[101,   0,   0,   0],
       [  0, 134,   0,   0],
       [  0,   0,  89,   0],
       [  0,   0,   0, 134]]), array([[101,   0,   0,   0],
       [  0, 134,   0,   0],
       [  0,   0,  89,   0],
       [  0,   0,   0, 134]]), array([[101,   0,   0,   0],
       [  0, 134,   0,   0],
       [  0,   0,  89,   0],
       [  0,   0,   0, 134]]), array([[101,   0,   0,   0],
       [  0, 134,   0,   0],
       [  0,   0,  89,   0],
       [  0,   0,   0, 134]])]","[0.7608695652173914, 0.782608695652174, 0.7608695652173914, 0.8043478260869565, 0.7777777777777778, 0.8222222222222222, 0.7555555555555555, 0.8444444444444444, 0.7555555555555555, 0.8]","[0.7608695652173914, 0.782608695652174, 0.7608695652173914, 0.8043478260869565, 0.7777777777777778, 0.8222222222222222, 0.7555555555555555, 0.8444444444444444, 0.7555555555555555, 0.8]","[0.7608695652173914, 0.782608695652174, 0.7608695652173914, 0.8043478260869565, 0.7777777777777778, 0.8222222222222222, 0.7555555555555555, 0.8444444444444444, 0.7555555555555555, 0.8]","[0.7608695652173914, 0.782608695652174, 0.7608695652173914, 0.8043478260869565, 0.7777777777777778, 0.8222222222222222, 0.7555555555555555, 0.8444444444444444, 0.7555555555555555, 0.8]","[0.7744047619047619, 0.7847222222222222, 0.7839129072681704, 0.8031045751633987, 0.7751748251748253, 0.821780303030303, 0.7625000000000001, 0.847549019607843, 0.7460542929292929, 0.8100076394194041]","[0.7722222222222223, 0.7777777777777777, 0.7424242424242424, 0.7901515151515153, 0.7782467532467532, 0.8156565656565656, 0.7401515151515151, 0.8323232323232324, 0.7401515151515151, 0.7901515151515152]","[0.7693037452565583, 0.7805366911903415, 0.7483816493104418, 0.7947525062656642, 0.7751322751322751, 0.8175706646294881, 0.748127001996971, 0.8380064745196324, 0.7423727941554767, 0.7953869047619048]","[0.7771221532091097, 0.7832125603864735, 0.7807766699357088, 0.8052571753339016, 0.7820357420357422, 0.8255050505050505, 0.7591358024691358, 0.8475962236746549, 0.754783950617284, 0.8037042695866224]","[0.7608695652173914, 0.782608695652174, 0.7608695652173914, 0.8043478260869565, 0.7777777777777778, 0.8222222222222222, 0.7555555555555555, 0.8444444444444444, 0.7555555555555555, 0.8]","[0.7651413527685919, 0.7822027017051746, 0.7562990247066166, 0.8027609785332896, 0.7783656672545561, 0.8229069405539993, 0.7537888095163637, 0.8438805346700083, 0.7544236936427089, 0.79755291005291]","[array([[10,  2,  0,  0],
       [ 0,  8,  0,  1],
       [ 0,  0,  7,  3],
       [ 0,  0,  5, 10]]), array([[10,  1,  0,  1],
       [ 2,  7,  0,  0],
       [ 0,  0,  7,  3],
       [ 0,  1,  2, 12]]), array([[ 7,  4,  0,  0],
       [ 1,  8,  0,  1],
       [ 0,  0,  6,  4],
       [ 0,  0,  1, 14]]), array([[ 8,  2,  1,  0],
       [ 2,  7,  0,  1],
       [ 0,  0,  8,  2],
       [ 0,  1,  0, 14]]), array([[ 8,  3,  0,  0],
       [ 2,  8,  0,  0],
       [ 0,  0,  8,  2],
       [ 0,  0,  3, 11]]), array([[ 9,  2,  0,  0],
       [ 2,  8,  0,  0],
       [ 0,  0,  7,  2],
       [ 0,  1,  1, 13]]), array([[ 8,  2,  1,  0],
       [ 1,  6,  0,  2],
       [ 0,  0,  7,  3],
       [ 1,  0,  1, 13]]), array([[ 9,  2,  0,  0],
       [ 1,  7,  0,  1],
       [ 0,  0,  8,  2],
       [ 0,  0,  1, 14]]), array([[ 8,  3,  0,  0],
       [ 3,  6,  0,  0],
       [ 0,  0,  7,  3],
       [ 0,  0,  2, 13]]), array([[ 8,  1,  0,  2],
       [ 2,  6,  0,  1],
       [ 0,  0,  9,  1],
       [ 0,  0,  2, 13]])]"
36,"[1.0, 1.0, 1.0, 1.0, 1.0, 1.0, 1.0, 1.0, 1.0, 1.0]","[1.0, 1.0, 1.0, 1.0, 1.0, 1.0, 1.0, 1.0, 1.0, 1.0]","[1.0, 1.0, 1.0, 1.0, 1.0, 1.0, 1.0, 1.0, 1.0, 1.0]","[1.0, 1.0, 1.0, 1.0, 1.0, 1.0, 1.0, 1.0, 1.0, 1.0]","[1.0, 1.0, 1.0, 1.0, 1.0, 1.0, 1.0, 1.0, 1.0, 1.0]","[1.0, 1.0, 1.0, 1.0, 1.0, 1.0, 1.0, 1.0, 1.0, 1.0]","[1.0, 1.0, 1.0, 1.0, 1.0, 1.0, 1.0, 1.0, 1.0, 1.0]","[1.0, 1.0, 1.0, 1.0, 1.0, 1.0, 1.0, 1.0, 1.0, 1.0]","[1.0, 1.0, 1.0, 1.0, 1.0, 1.0, 1.0, 1.0, 1.0, 1.0]","[1.0, 1.0, 1.0, 1.0, 1.0, 1.0, 1.0, 1.0, 1.0, 1.0]","[array([[100,   0,   0,   0],
       [  0, 134,   0,   0],
       [  0,   0,  89,   0],
       [  0,   0,   0, 134]]), array([[100,   0,   0,   0],
       [  0, 134,   0,   0],
       [  0,   0,  89,   0],
       [  0,   0,   0, 134]]), array([[101,   0,   0,   0],
       [  0, 134,   0,   0],
       [  0,   0,  89,   0],
       [  0,   0,   0, 134]]), array([[101,   0,   0,   0],
       [  0, 134,   0,   0],
       [  0,   0,  89,   0],
       [  0,   0,   0, 134]]), array([[101,   0,   0,   0],
       [  0, 135,   0,   0],
       [  0,   0,  89,   0],
       [  0,   0,   0, 135]]), array([[101,   0,   0,   0],
       [  0, 134,   0,   0],
       [  0,   0,  90,   0],
       [  0,   0,   0, 134]]), array([[101,   0,   0,   0],
       [  0, 134,   0,   0],
       [  0,   0,  89,   0],
       [  0,   0,   0, 134]]), array([[101,   0,   0,   0],
       [  0, 134,   0,   0],
       [  0,   0,  89,   0],
       [  0,   0,   0, 134]]), array([[101,   0,   0,   0],
       [  0, 134,   0,   0],
       [  0,   0,  89,   0],
       [  0,   0,   0, 134]]), array([[101,   0,   0,   0],
       [  0, 134,   0,   0],
       [  0,   0,  89,   0],
       [  0,   0,   0, 134]])]","[0.717391304347826, 0.782608695652174, 0.7608695652173914, 0.782608695652174, 0.7777777777777778, 0.8222222222222222, 0.7111111111111111, 0.8222222222222222, 0.7777777777777778, 0.8222222222222222]","[0.717391304347826, 0.782608695652174, 0.7608695652173914, 0.782608695652174, 0.7777777777777778, 0.8222222222222222, 0.7111111111111111, 0.8222222222222222, 0.7777777777777778, 0.8222222222222222]","[0.717391304347826, 0.782608695652174, 0.7608695652173914, 0.782608695652174, 0.7777777777777778, 0.8222222222222222, 0.7111111111111111, 0.8222222222222222, 0.7777777777777778, 0.8222222222222222]","[0.717391304347826, 0.782608695652174, 0.7608695652173914, 0.782608695652174, 0.7777777777777778, 0.8222222222222222, 0.7111111111111111, 0.8222222222222222, 0.7777777777777778, 0.8222222222222222]","[0.724404761904762, 0.7887626262626263, 0.7698412698412698, 0.7816399286987521, 0.7811507936507935, 0.8338293650793651, 0.7125, 0.8253267973856209, 0.7651515151515152, 0.8366941473559121]","[0.7236111111111111, 0.7847222222222221, 0.7424242424242424, 0.7674242424242426, 0.7782467532467532, 0.822979797979798, 0.6946969696969696, 0.8095959595959596, 0.7651515151515152, 0.817929292929293]","[0.7202606830556014, 0.7823043679580182, 0.7454099821746881, 0.7709429824561403, 0.775974025974026, 0.8180706795724945, 0.696969696969697, 0.8134868421052631, 0.7651515151515152, 0.8232930672268908]","[0.7314699792960664, 0.7907224418093984, 0.7708764665286403, 0.7861091735772042, 0.7839506172839507, 0.8440476190476192, 0.7169135802469137, 0.8293246187363833, 0.7777777777777778, 0.8290040932197794]","[0.717391304347826, 0.782608695652174, 0.7608695652173914, 0.782608695652174, 0.7777777777777778, 0.8222222222222222, 0.7111111111111111, 0.8222222222222222, 0.7777777777777778, 0.8222222222222222]","[0.7208309720737718, 0.7825979586221707, 0.7556265984654731, 0.7807112890922959, 0.7773737373737374, 0.8234119782214155, 0.7070707070707071, 0.8217251461988304, 0.7777777777777778, 0.8215709617180205]","[array([[ 9,  3,  0,  0],
       [ 1,  7,  0,  1],
       [ 0,  0,  7,  3],
       [ 0,  0,  5, 10]]), array([[ 9,  2,  0,  1],
       [ 1,  8,  0,  0],
       [ 0,  0,  7,  3],
       [ 0,  1,  2, 12]]), array([[ 7,  4,  0,  0],
       [ 2,  8,  0,  0],
       [ 0,  0,  6,  4],
       [ 0,  0,  1, 14]]), array([[ 7,  3,  1,  0],
       [ 2,  7,  0,  1],
       [ 0,  0,  8,  2],
       [ 0,  1,  0, 14]]), array([[ 8,  3,  0,  0],
       [ 1,  9,  0,  0],
       [ 0,  0,  7,  3],
       [ 0,  0,  3, 11]]), array([[ 7,  4,  0,  0],
       [ 1,  9,  0,  0],
       [ 0,  0,  8,  1],
       [ 0,  1,  1, 13]]), array([[ 6,  4,  1,  0],
       [ 1,  6,  0,  2],
       [ 0,  0,  7,  3],
       [ 1,  0,  1, 13]]), array([[ 8,  3,  0,  0],
       [ 1,  7,  0,  1],
       [ 0,  0,  8,  2],
       [ 0,  0,  1, 14]]), array([[ 8,  3,  0,  0],
       [ 3,  6,  0,  0],
       [ 0,  0,  8,  2],
       [ 0,  0,  2, 13]]), array([[ 8,  1,  0,  2],
       [ 1,  7,  0,  1],
       [ 0,  0,  9,  1],
       [ 0,  0,  2, 13]])]"
37,"[1.0, 1.0, 1.0, 1.0, 1.0, 1.0, 1.0, 1.0, 1.0, 1.0]","[1.0, 1.0, 1.0, 1.0, 1.0, 1.0, 1.0, 1.0, 1.0, 1.0]","[1.0, 1.0, 1.0, 1.0, 1.0, 1.0, 1.0, 1.0, 1.0, 1.0]","[1.0, 1.0, 1.0, 1.0, 1.0, 1.0, 1.0, 1.0, 1.0, 1.0]","[1.0, 1.0, 1.0, 1.0, 1.0, 1.0, 1.0, 1.0, 1.0, 1.0]","[1.0, 1.0, 1.0, 1.0, 1.0, 1.0, 1.0, 1.0, 1.0, 1.0]","[1.0, 1.0, 1.0, 1.0, 1.0, 1.0, 1.0, 1.0, 1.0, 1.0]","[1.0, 1.0, 1.0, 1.0, 1.0, 1.0, 1.0, 1.0, 1.0, 1.0]","[1.0, 1.0, 1.0, 1.0, 1.0, 1.0, 1.0, 1.0, 1.0, 1.0]","[1.0, 1.0, 1.0, 1.0, 1.0, 1.0, 1.0, 1.0, 1.0, 1.0]","[array([[100,   0,   0,   0],
       [  0, 134,   0,   0],
       [  0,   0,  89,   0],
       [  0,   0,   0, 134]]), array([[100,   0,   0,   0],
       [  0, 134,   0,   0],
       [  0,   0,  89,   0],
       [  0,   0,   0, 134]]), array([[101,   0,   0,   0],
       [  0, 134,   0,   0],
       [  0,   0,  89,   0],
       [  0,   0,   0, 134]]), array([[101,   0,   0,   0],
       [  0, 134,   0,   0],
       [  0,   0,  89,   0],
       [  0,   0,   0, 134]]), array([[101,   0,   0,   0],
       [  0, 135,   0,   0],
       [  0,   0,  89,   0],
       [  0,   0,   0, 135]]), array([[101,   0,   0,   0],
       [  0, 134,   0,   0],
       [  0,   0,  90,   0],
       [  0,   0,   0, 134]]), array([[101,   0,   0,   0],
       [  0, 134,   0,   0],
       [  0,   0,  89,   0],
       [  0,   0,   0, 134]]), array([[101,   0,   0,   0],
       [  0, 134,   0,   0],
       [  0,   0,  89,   0],
       [  0,   0,   0, 134]]), array([[101,   0,   0,   0],
       [  0, 134,   0,   0],
       [  0,   0,  89,   0],
       [  0,   0,   0, 134]]), array([[101,   0,   0,   0],
       [  0, 134,   0,   0],
       [  0,   0,  89,   0],
       [  0,   0,   0, 134]])]","[0.7391304347826086, 0.782608695652174, 0.7608695652173914, 0.8043478260869565, 0.8222222222222222, 0.8444444444444444, 0.7333333333333333, 0.8222222222222222, 0.7555555555555555, 0.8444444444444444]","[0.7391304347826086, 0.782608695652174, 0.7608695652173914, 0.8043478260869565, 0.8222222222222222, 0.8444444444444444, 0.7333333333333333, 0.8222222222222222, 0.7555555555555555, 0.8444444444444444]","[0.7391304347826086, 0.782608695652174, 0.7608695652173914, 0.8043478260869565, 0.8222222222222222, 0.8444444444444444, 0.7333333333333333, 0.8222222222222222, 0.7555555555555555, 0.8444444444444444]","[0.7391304347826086, 0.782608695652174, 0.7608695652173914, 0.8043478260869565, 0.8222222222222222, 0.8444444444444444, 0.7333333333333333, 0.8222222222222222, 0.7555555555555555, 0.8444444444444444]","[0.7461219336219337, 0.7887626262626263, 0.7813263125763126, 0.8031045751633987, 0.8240079365079366, 0.8479166666666667, 0.7483766233766234, 0.8253267973856209, 0.7416666666666666, 0.8707219251336898]","[0.7444444444444444, 0.7847222222222221, 0.7446969696969696, 0.7878787878787878, 0.8211038961038962, 0.8406565656565657, 0.7224747474747474, 0.8095959595959596, 0.7424242424242424, 0.8406565656565657]","[0.7433404509866279, 0.7823043679580182, 0.7471453667105841, 0.7915951563691839, 0.8188311688311688, 0.841380188439012, 0.7228468899521532, 0.8134868421052631, 0.7412280701754387, 0.8504464285714286]","[0.7490589121023904, 0.7907224418093984, 0.7825887880235706, 0.8041702188121626, 0.828395061728395, 0.8505555555555555, 0.7503767837101172, 0.8293246187363833, 0.7577777777777777, 0.8567201426024954]","[0.7391304347826086, 0.782608695652174, 0.7608695652173914, 0.8043478260869565, 0.8222222222222222, 0.8444444444444444, 0.7333333333333333, 0.8222222222222222, 0.7555555555555555, 0.8444444444444444]","[0.7422444904030199, 0.7825979586221707, 0.7564109908155277, 0.8004655424004244, 0.8218181818181819, 0.8449367625838214, 0.729331915647705, 0.8217251461988304, 0.7559454191033138, 0.8458333333333333]","[array([[10,  2,  0,  0],
       [ 1,  7,  0,  1],
       [ 0,  0,  7,  3],
       [ 0,  0,  5, 10]]), array([[ 9,  2,  0,  1],
       [ 1,  8,  0,  0],
       [ 0,  0,  7,  3],
       [ 0,  1,  2, 12]]), array([[ 6,  5,  0,  0],
       [ 1,  8,  0,  1],
       [ 0,  0,  7,  3],
       [ 0,  0,  1, 14]]), array([[ 9,  1,  1,  0],
       [ 3,  6,  0,  1],
       [ 0,  0,  8,  2],
       [ 0,  1,  0, 14]]), array([[ 8,  3,  0,  0],
       [ 1,  9,  0,  0],
       [ 0,  0,  8,  2],
       [ 0,  0,  2, 12]]), array([[ 9,  2,  0,  0],
       [ 1,  9,  0,  0],
       [ 0,  0,  7,  2],
       [ 0,  1,  1, 13]]), array([[ 6,  4,  1,  0],
       [ 0,  7,  0,  2],
       [ 0,  0,  7,  3],
       [ 1,  0,  1, 13]]), array([[ 8,  3,  0,  0],
       [ 1,  7,  0,  1],
       [ 0,  0,  8,  2],
       [ 0,  0,  1, 14]]), array([[ 7,  4,  0,  0],
       [ 3,  6,  0,  0],
       [ 0,  0,  8,  2],
       [ 0,  0,  2, 13]]), array([[ 9,  0,  0,  2],
       [ 1,  7,  0,  1],
       [ 0,  0,  9,  1],
       [ 0,  0,  2, 13]])]"
38,"[1.0, 1.0, 1.0, 1.0, 1.0, 1.0, 1.0, 1.0, 1.0, 1.0]","[1.0, 1.0, 1.0, 1.0, 1.0, 1.0, 1.0, 1.0, 1.0, 1.0]","[1.0, 1.0, 1.0, 1.0, 1.0, 1.0, 1.0, 1.0, 1.0, 1.0]","[1.0, 1.0, 1.0, 1.0, 1.0, 1.0, 1.0, 1.0, 1.0, 1.0]","[1.0, 1.0, 1.0, 1.0, 1.0, 1.0, 1.0, 1.0, 1.0, 1.0]","[1.0, 1.0, 1.0, 1.0, 1.0, 1.0, 1.0, 1.0, 1.0, 1.0]","[1.0, 1.0, 1.0, 1.0, 1.0, 1.0, 1.0, 1.0, 1.0, 1.0]","[1.0, 1.0, 1.0, 1.0, 1.0, 1.0, 1.0, 1.0, 1.0, 1.0]","[1.0, 1.0, 1.0, 1.0, 1.0, 1.0, 1.0, 1.0, 1.0, 1.0]","[1.0, 1.0, 1.0, 1.0, 1.0, 1.0, 1.0, 1.0, 1.0, 1.0]","[array([[100,   0,   0,   0],
       [  0, 134,   0,   0],
       [  0,   0,  89,   0],
       [  0,   0,   0, 134]]), array([[100,   0,   0,   0],
       [  0, 134,   0,   0],
       [  0,   0,  89,   0],
       [  0,   0,   0, 134]]), array([[101,   0,   0,   0],
       [  0, 134,   0,   0],
       [  0,   0,  89,   0],
       [  0,   0,   0, 134]]), array([[101,   0,   0,   0],
       [  0, 134,   0,   0],
       [  0,   0,  89,   0],
       [  0,   0,   0, 134]]), array([[101,   0,   0,   0],
       [  0, 135,   0,   0],
       [  0,   0,  89,   0],
       [  0,   0,   0, 135]]), array([[101,   0,   0,   0],
       [  0, 134,   0,   0],
       [  0,   0,  90,   0],
       [  0,   0,   0, 134]]), array([[101,   0,   0,   0],
       [  0, 134,   0,   0],
       [  0,   0,  89,   0],
       [  0,   0,   0, 134]]), array([[101,   0,   0,   0],
       [  0, 134,   0,   0],
       [  0,   0,  89,   0],
       [  0,   0,   0, 134]]), array([[101,   0,   0,   0],
       [  0, 134,   0,   0],
       [  0,   0,  89,   0],
       [  0,   0,   0, 134]]), array([[101,   0,   0,   0],
       [  0, 134,   0,   0],
       [  0,   0,  89,   0],
       [  0,   0,   0, 134]])]","[0.7608695652173914, 0.782608695652174, 0.782608695652174, 0.8043478260869565, 0.8222222222222222, 0.8666666666666667, 0.7777777777777778, 0.8444444444444444, 0.7777777777777778, 0.8]","[0.7608695652173914, 0.782608695652174, 0.782608695652174, 0.8043478260869565, 0.8222222222222222, 0.8666666666666667, 0.7777777777777778, 0.8444444444444444, 0.7777777777777778, 0.8]","[0.7608695652173914, 0.782608695652174, 0.782608695652174, 0.8043478260869565, 0.8222222222222222, 0.8666666666666667, 0.7777777777777778, 0.8444444444444444, 0.7777777777777778, 0.8]","[0.7608695652173914, 0.782608695652174, 0.782608695652174, 0.8043478260869565, 0.8222222222222222, 0.8666666666666667, 0.7777777777777778, 0.8444444444444444, 0.7777777777777778, 0.8]","[0.7744047619047619, 0.7887626262626263, 0.798611111111111, 0.8031045751633987, 0.8240079365079366, 0.8668650793650794, 0.7883771929824561, 0.847549019607843, 0.7651515151515152, 0.8089163695781343]","[0.7722222222222223, 0.7847222222222221, 0.7674242424242426, 0.7901515151515153, 0.8211038961038962, 0.8684343434343434, 0.7568181818181818, 0.8323232323232324, 0.7651515151515152, 0.7952020202020202]","[0.7693037452565583, 0.7823043679580182, 0.7725943646996278, 0.7947525062656642, 0.8188311688311688, 0.8651913220878739, 0.7665634674922601, 0.8380064745196324, 0.7651515151515152, 0.7960656850459482]","[0.7771221532091097, 0.7907224418093984, 0.7980072463768115, 0.8052571753339016, 0.828395061728395, 0.873968253968254, 0.7857374918778428, 0.8475962236746549, 0.7777777777777778, 0.8061645870469399]","[0.7608695652173914, 0.782608695652174, 0.782608695652174, 0.8043478260869565, 0.8222222222222222, 0.8666666666666667, 0.7777777777777778, 0.8444444444444444, 0.7777777777777778, 0.8]","[0.7651413527685919, 0.7825979586221707, 0.7800661072972287, 0.8027609785332896, 0.8218181818181819, 0.8679703438324129, 0.774984520123839, 0.8438805346700083, 0.7777777777777778, 0.7969820384294068]","[array([[10,  2,  0,  0],
       [ 0,  8,  0,  1],
       [ 0,  0,  7,  3],
       [ 0,  0,  5, 10]]), array([[ 9,  2,  0,  1],
       [ 1,  8,  0,  0],
       [ 0,  0,  7,  3],
       [ 0,  1,  2, 12]]), array([[ 7,  4,  0,  0],
       [ 1,  8,  0,  1],
       [ 0,  0,  7,  3],
       [ 0,  0,  1, 14]]), array([[ 8,  2,  1,  0],
       [ 2,  7,  0,  1],
       [ 0,  0,  8,  2],
       [ 0,  1,  0, 14]]), array([[ 8,  3,  0,  0],
       [ 1,  9,  0,  0],
       [ 0,  0,  8,  2],
       [ 0,  0,  2, 12]]), array([[ 9,  2,  0,  0],
       [ 1,  9,  0,  0],
       [ 0,  0,  8,  1],
       [ 0,  1,  1, 13]]), array([[ 8,  2,  1,  0],
       [ 1,  6,  0,  2],
       [ 0,  0,  7,  3],
       [ 0,  0,  1, 14]]), array([[ 9,  2,  0,  0],
       [ 1,  7,  0,  1],
       [ 0,  0,  8,  2],
       [ 0,  0,  1, 14]]), array([[ 8,  3,  0,  0],
       [ 3,  6,  0,  0],
       [ 0,  0,  8,  2],
       [ 0,  0,  2, 13]]), array([[ 7,  2,  0,  2],
       [ 1,  7,  0,  1],
       [ 0,  0,  9,  1],
       [ 0,  0,  2, 13]])]"
