n_neighbors value,Train_Accuracy,Train_Precision_micro,Train_Recall_micro,Train_f1_micro,Train_Precision_macro,Train_Recall_macro,Train_f1_macro,Train_Precision_weighted,Train_Recall_weighted,Train_f1_weighted,Train_Confusion_Matrix,Test_Accuracy,Test_Precision_micro,Test_Recall_micro,Test_f1_micro,Test_Precision_macro,Test_Recall_macro,Test_f1_macro,Test_Precision_weighted,Test_Recall_weighted,Test_f1_weighted,Test_Confusion_Matrix
1,"[1.0, 1.0, 1.0, 1.0, 1.0, 1.0, 1.0, 1.0, 1.0, 1.0]","[1.0, 1.0, 1.0, 1.0, 1.0, 1.0, 1.0, 1.0, 1.0, 1.0]","[1.0, 1.0, 1.0, 1.0, 1.0, 1.0, 1.0, 1.0, 1.0, 1.0]","[1.0, 1.0, 1.0, 1.0, 1.0, 1.0, 1.0, 1.0, 1.0, 1.0]","[1.0, 1.0, 1.0, 1.0, 1.0, 1.0, 1.0, 1.0, 1.0, 1.0]","[1.0, 1.0, 1.0, 1.0, 1.0, 1.0, 1.0, 1.0, 1.0, 1.0]","[1.0, 1.0, 1.0, 1.0, 1.0, 1.0, 1.0, 1.0, 1.0, 1.0]","[1.0, 1.0, 1.0, 1.0, 1.0, 1.0, 1.0, 1.0, 1.0, 1.0]","[1.0, 1.0, 1.0, 1.0, 1.0, 1.0, 1.0, 1.0, 1.0, 1.0]","[1.0, 1.0, 1.0, 1.0, 1.0, 1.0, 1.0, 1.0, 1.0, 1.0]","[array([[100,   0,   0,   0],
       [  0, 134,   0,   0],
       [  0,   0,  89,   0],
       [  0,   0,   0, 134]]), array([[100,   0,   0,   0],
       [  0, 134,   0,   0],
       [  0,   0,  89,   0],
       [  0,   0,   0, 134]]), array([[101,   0,   0,   0],
       [  0, 134,   0,   0],
       [  0,   0,  89,   0],
       [  0,   0,   0, 134]]), array([[101,   0,   0,   0],
       [  0, 134,   0,   0],
       [  0,   0,  89,   0],
       [  0,   0,   0, 134]]), array([[101,   0,   0,   0],
       [  0, 135,   0,   0],
       [  0,   0,  89,   0],
       [  0,   0,   0, 135]]), array([[101,   0,   0,   0],
       [  0, 134,   0,   0],
       [  0,   0,  90,   0],
       [  0,   0,   0, 134]]), array([[101,   0,   0,   0],
       [  0, 134,   0,   0],
       [  0,   0,  89,   0],
       [  0,   0,   0, 134]]), array([[101,   0,   0,   0],
       [  0, 134,   0,   0],
       [  0,   0,  89,   0],
       [  0,   0,   0, 134]]), array([[101,   0,   0,   0],
       [  0, 134,   0,   0],
       [  0,   0,  89,   0],
       [  0,   0,   0, 134]]), array([[101,   0,   0,   0],
       [  0, 134,   0,   0],
       [  0,   0,  89,   0],
       [  0,   0,   0, 134]])]","[0.6304347826086957, 0.8260869565217391, 0.8260869565217391, 0.7608695652173914, 0.8, 0.8444444444444444, 0.6888888888888889, 0.7111111111111111, 0.7111111111111111, 0.7111111111111111]","[0.6304347826086957, 0.8260869565217391, 0.8260869565217391, 0.7608695652173914, 0.8, 0.8444444444444444, 0.6888888888888889, 0.7111111111111111, 0.7111111111111111, 0.7111111111111111]","[0.6304347826086957, 0.8260869565217391, 0.8260869565217391, 0.7608695652173914, 0.8, 0.8444444444444444, 0.6888888888888889, 0.7111111111111111, 0.7111111111111111, 0.7111111111111111]","[0.6304347826086957, 0.8260869565217391, 0.8260869565217391, 0.7608695652173914, 0.8, 0.8444444444444444, 0.6888888888888889, 0.7111111111111111, 0.7111111111111111, 0.7111111111111111]","[0.6517857142857143, 0.827857905982906, 0.8212121212121212, 0.7628787878787879, 0.8062499999999999, 0.8447455322455323, 0.724561403508772, 0.7233455882352942, 0.7595373376623377, 0.7026515151515151]","[0.6222222222222222, 0.8152777777777778, 0.8212121212121212, 0.7628787878787879, 0.7938311688311689, 0.8555555555555556, 0.6757575757575758, 0.6833333333333333, 0.7027777777777777, 0.6984848484848485]","[0.6277831364038261, 0.8197702986118047, 0.8212121212121212, 0.7628787878787879, 0.7969931700816258, 0.8433966861598441, 0.6867045063639492, 0.6732549857549858, 0.6966303173199725, 0.699927972423728]","[0.6495859213250518, 0.8259592159048681, 0.8260869565217391, 0.7608695652173914, 0.8044444444444445, 0.8553785720452388, 0.7231189083820662, 0.7200163398692812, 0.7475649350649352, 0.7092592592592593]","[0.6304347826086957, 0.8260869565217391, 0.8260869565217391, 0.7608695652173914, 0.8, 0.8444444444444444, 0.6888888888888889, 0.7111111111111111, 0.7111111111111111, 0.7111111111111111]","[0.6323167087784779, 0.8243658895609621, 0.8260869565217391, 0.7608695652173914, 0.7993928961445204, 0.8428135152696556, 0.692084241103849, 0.6896327951883506, 0.7002870834288458, 0.7095265044331259]","[array([[10,  1,  1,  0],
       [ 4,  5,  0,  0],
       [ 0,  0,  5,  5],
       [ 0,  0,  6,  9]]), array([[11,  1,  0,  0],
       [ 2,  7,  0,  0],
       [ 0,  0,  7,  3],
       [ 0,  0,  2, 13]]), array([[ 9,  2,  0,  0],
       [ 2,  8,  0,  0],
       [ 0,  0,  8,  2],
       [ 0,  0,  2, 13]]), array([[ 9,  2,  0,  0],
       [ 1,  8,  0,  1],
       [ 0,  0,  7,  3],
       [ 1,  0,  3, 11]]), array([[ 9,  1,  0,  1],
       [ 3,  7,  0,  0],
       [ 0,  0,  8,  2],
       [ 0,  0,  2, 12]]), array([[11,  0,  0,  0],
       [ 2,  8,  0,  0],
       [ 0,  0,  8,  1],
       [ 0,  1,  3, 11]]), array([[ 7,  3,  1,  0],
       [ 0,  6,  0,  3],
       [ 0,  0,  6,  4],
       [ 0,  1,  2, 12]]), array([[11,  0,  0,  0],
       [ 5,  3,  0,  1],
       [ 0,  0,  6,  4],
       [ 0,  1,  2, 12]]), array([[11,  0,  0,  0],
       [ 4,  4,  0,  1],
       [ 0,  0,  7,  3],
       [ 1,  0,  4, 10]]), array([[ 8,  3,  0,  0],
       [ 2,  6,  0,  1],
       [ 1,  0,  6,  3],
       [ 0,  0,  3, 12]])]"
2,"[1.0, 1.0, 1.0, 1.0, 1.0, 1.0, 1.0, 1.0, 1.0, 1.0]","[1.0, 1.0, 1.0, 1.0, 1.0, 1.0, 1.0, 1.0, 1.0, 1.0]","[1.0, 1.0, 1.0, 1.0, 1.0, 1.0, 1.0, 1.0, 1.0, 1.0]","[1.0, 1.0, 1.0, 1.0, 1.0, 1.0, 1.0, 1.0, 1.0, 1.0]","[1.0, 1.0, 1.0, 1.0, 1.0, 1.0, 1.0, 1.0, 1.0, 1.0]","[1.0, 1.0, 1.0, 1.0, 1.0, 1.0, 1.0, 1.0, 1.0, 1.0]","[1.0, 1.0, 1.0, 1.0, 1.0, 1.0, 1.0, 1.0, 1.0, 1.0]","[1.0, 1.0, 1.0, 1.0, 1.0, 1.0, 1.0, 1.0, 1.0, 1.0]","[1.0, 1.0, 1.0, 1.0, 1.0, 1.0, 1.0, 1.0, 1.0, 1.0]","[1.0, 1.0, 1.0, 1.0, 1.0, 1.0, 1.0, 1.0, 1.0, 1.0]","[array([[100,   0,   0,   0],
       [  0, 134,   0,   0],
       [  0,   0,  89,   0],
       [  0,   0,   0, 134]]), array([[100,   0,   0,   0],
       [  0, 134,   0,   0],
       [  0,   0,  89,   0],
       [  0,   0,   0, 134]]), array([[101,   0,   0,   0],
       [  0, 134,   0,   0],
       [  0,   0,  89,   0],
       [  0,   0,   0, 134]]), array([[101,   0,   0,   0],
       [  0, 134,   0,   0],
       [  0,   0,  89,   0],
       [  0,   0,   0, 134]]), array([[101,   0,   0,   0],
       [  0, 135,   0,   0],
       [  0,   0,  89,   0],
       [  0,   0,   0, 135]]), array([[101,   0,   0,   0],
       [  0, 134,   0,   0],
       [  0,   0,  90,   0],
       [  0,   0,   0, 134]]), array([[101,   0,   0,   0],
       [  0, 134,   0,   0],
       [  0,   0,  89,   0],
       [  0,   0,   0, 134]]), array([[101,   0,   0,   0],
       [  0, 134,   0,   0],
       [  0,   0,  89,   0],
       [  0,   0,   0, 134]]), array([[101,   0,   0,   0],
       [  0, 134,   0,   0],
       [  0,   0,  89,   0],
       [  0,   0,   0, 134]]), array([[101,   0,   0,   0],
       [  0, 134,   0,   0],
       [  0,   0,  89,   0],
       [  0,   0,   0, 134]])]","[0.6086956521739131, 0.8043478260869565, 0.8260869565217391, 0.7608695652173914, 0.8222222222222222, 0.8444444444444444, 0.6666666666666666, 0.7333333333333333, 0.6888888888888889, 0.7555555555555555]","[0.6086956521739131, 0.8043478260869565, 0.8260869565217391, 0.7608695652173914, 0.8222222222222222, 0.8444444444444444, 0.6666666666666666, 0.7333333333333333, 0.6888888888888889, 0.7555555555555555]","[0.6086956521739131, 0.8043478260869565, 0.8260869565217391, 0.7608695652173914, 0.8222222222222222, 0.8444444444444444, 0.6666666666666666, 0.7333333333333333, 0.6888888888888889, 0.7555555555555555]","[0.6086956521739131, 0.8043478260869565, 0.8260869565217391, 0.7608695652173914, 0.8222222222222222, 0.8444444444444444, 0.6666666666666666, 0.7333333333333333, 0.6888888888888889, 0.7555555555555555]","[0.6327380952380952, 0.8082837301587301, 0.8212121212121212, 0.7628787878787879, 0.8267676767676768, 0.8447455322455323, 0.6822002923976609, 0.7899305555555556, 0.7494270435446906, 0.7486111111111111]","[0.5944444444444444, 0.7875, 0.8212121212121212, 0.7628787878787879, 0.8188311688311688, 0.8555555555555556, 0.6479797979797981, 0.7, 0.6749999999999999, 0.7489898989898991]","[0.5988011988011989, 0.7929264072090898, 0.8212121212121212, 0.7628787878787879, 0.8219683220590661, 0.8433966861598441, 0.6574647402820777, 0.6923400673400673, 0.6605090311986863, 0.7479913551995931]","[0.6290890269151139, 0.806698585231194, 0.8260869565217391, 0.7608695652173914, 0.8241975308641976, 0.8553785720452388, 0.6836744639376218, 0.775462962962963, 0.7376793141499023, 0.7537037037037037]","[0.6086956521739131, 0.8043478260869565, 0.8260869565217391, 0.7608695652173914, 0.8222222222222222, 0.8444444444444444, 0.6666666666666666, 0.7333333333333333, 0.6888888888888889, 0.7555555555555555]","[0.6069365417191505, 0.801150268864523, 0.8260869565217391, 0.7608695652173914, 0.8223835450695703, 0.8428135152696556, 0.6668730650154798, 0.7099513655069211, 0.6700966976829046, 0.7538774472412917]","[array([[10,  1,  1,  0],
       [ 4,  4,  0,  1],
       [ 0,  0,  5,  5],
       [ 0,  0,  6,  9]]), array([[11,  1,  0,  0],
       [ 3,  6,  0,  0],
       [ 0,  0,  7,  3],
       [ 0,  0,  2, 13]]), array([[ 9,  2,  0,  0],
       [ 2,  8,  0,  0],
       [ 0,  0,  8,  2],
       [ 0,  0,  2, 13]]), array([[ 9,  2,  0,  0],
       [ 1,  8,  0,  1],
       [ 0,  0,  7,  3],
       [ 1,  0,  3, 11]]), array([[ 9,  1,  0,  1],
       [ 2,  8,  0,  0],
       [ 0,  0,  8,  2],
       [ 0,  0,  2, 12]]), array([[11,  0,  0,  0],
       [ 2,  8,  0,  0],
       [ 0,  0,  8,  1],
       [ 0,  1,  3, 11]]), array([[ 7,  3,  1,  0],
       [ 1,  5,  0,  3],
       [ 0,  0,  6,  4],
       [ 0,  1,  2, 12]]), array([[11,  0,  0,  0],
       [ 5,  3,  0,  1],
       [ 0,  0,  6,  4],
       [ 0,  0,  2, 13]]), array([[11,  0,  0,  0],
       [ 5,  3,  0,  1],
       [ 0,  0,  7,  3],
       [ 1,  0,  4, 10]]), array([[ 9,  2,  0,  0],
       [ 2,  7,  0,  0],
       [ 1,  0,  6,  3],
       [ 0,  0,  3, 12]])]"
3,"[1.0, 1.0, 1.0, 1.0, 1.0, 1.0, 1.0, 1.0, 1.0, 1.0]","[1.0, 1.0, 1.0, 1.0, 1.0, 1.0, 1.0, 1.0, 1.0, 1.0]","[1.0, 1.0, 1.0, 1.0, 1.0, 1.0, 1.0, 1.0, 1.0, 1.0]","[1.0, 1.0, 1.0, 1.0, 1.0, 1.0, 1.0, 1.0, 1.0, 1.0]","[1.0, 1.0, 1.0, 1.0, 1.0, 1.0, 1.0, 1.0, 1.0, 1.0]","[1.0, 1.0, 1.0, 1.0, 1.0, 1.0, 1.0, 1.0, 1.0, 1.0]","[1.0, 1.0, 1.0, 1.0, 1.0, 1.0, 1.0, 1.0, 1.0, 1.0]","[1.0, 1.0, 1.0, 1.0, 1.0, 1.0, 1.0, 1.0, 1.0, 1.0]","[1.0, 1.0, 1.0, 1.0, 1.0, 1.0, 1.0, 1.0, 1.0, 1.0]","[1.0, 1.0, 1.0, 1.0, 1.0, 1.0, 1.0, 1.0, 1.0, 1.0]","[array([[100,   0,   0,   0],
       [  0, 134,   0,   0],
       [  0,   0,  89,   0],
       [  0,   0,   0, 134]]), array([[100,   0,   0,   0],
       [  0, 134,   0,   0],
       [  0,   0,  89,   0],
       [  0,   0,   0, 134]]), array([[101,   0,   0,   0],
       [  0, 134,   0,   0],
       [  0,   0,  89,   0],
       [  0,   0,   0, 134]]), array([[101,   0,   0,   0],
       [  0, 134,   0,   0],
       [  0,   0,  89,   0],
       [  0,   0,   0, 134]]), array([[101,   0,   0,   0],
       [  0, 135,   0,   0],
       [  0,   0,  89,   0],
       [  0,   0,   0, 135]]), array([[101,   0,   0,   0],
       [  0, 134,   0,   0],
       [  0,   0,  90,   0],
       [  0,   0,   0, 134]]), array([[101,   0,   0,   0],
       [  0, 134,   0,   0],
       [  0,   0,  89,   0],
       [  0,   0,   0, 134]]), array([[101,   0,   0,   0],
       [  0, 134,   0,   0],
       [  0,   0,  89,   0],
       [  0,   0,   0, 134]]), array([[101,   0,   0,   0],
       [  0, 134,   0,   0],
       [  0,   0,  89,   0],
       [  0,   0,   0, 134]]), array([[101,   0,   0,   0],
       [  0, 134,   0,   0],
       [  0,   0,  89,   0],
       [  0,   0,   0, 134]])]","[0.6956521739130435, 0.7608695652173914, 0.7391304347826086, 0.8043478260869565, 0.7777777777777778, 0.8444444444444444, 0.6888888888888889, 0.7555555555555555, 0.8, 0.6888888888888889]","[0.6956521739130435, 0.7608695652173914, 0.7391304347826086, 0.8043478260869565, 0.7777777777777778, 0.8444444444444444, 0.6888888888888889, 0.7555555555555555, 0.8, 0.6888888888888889]","[0.6956521739130435, 0.7608695652173914, 0.7391304347826086, 0.8043478260869565, 0.7777777777777778, 0.8444444444444444, 0.6888888888888889, 0.7555555555555555, 0.8, 0.6888888888888889]","[0.6956521739130435, 0.7608695652173914, 0.7391304347826086, 0.8043478260869565, 0.7777777777777778, 0.8444444444444444, 0.6888888888888889, 0.7555555555555555, 0.8, 0.6888888888888889]","[0.7087912087912087, 0.7630090497737557, 0.7445075757575756, 0.8007756132756133, 0.7805555555555556, 0.8424908424908425, 0.7257575757575757, 0.7686965811965812, 0.8277777777777777, 0.6975744843391902]","[0.6958333333333333, 0.7486111111111111, 0.7318181818181817, 0.8045454545454545, 0.7737012987012987, 0.8444444444444446, 0.678030303030303, 0.7328282828282828, 0.7916666666666665, 0.6734848484848486]","[0.6961163836163836, 0.7522712418300654, 0.7350241545893719, 0.8010449662386852, 0.7754675293931981, 0.8410339786247226, 0.6828501735622479, 0.7386363636363635, 0.795748987854251, 0.6818181818181819]","[0.7071189679885331, 0.7579800314774738, 0.7488471673254281, 0.8057986699291046, 0.7775308641975308, 0.845638312304979, 0.7280808080808081, 0.7621082621082621, 0.8187654320987655, 0.6956115779645192]","[0.6956521739130435, 0.7608695652173914, 0.7391304347826086, 0.8043478260869565, 0.7777777777777778, 0.8444444444444444, 0.6888888888888889, 0.7555555555555555, 0.8, 0.6888888888888889]","[0.6956793206793207, 0.7560287013356067, 0.7412308338584331, 0.8035290952104858, 0.7760610922608872, 0.8426262015191235, 0.6894371996539179, 0.7478114478114479, 0.797246963562753, 0.6888888888888889]","[array([[11,  1,  0,  0],
       [ 3,  6,  0,  0],
       [ 0,  0,  6,  4],
       [ 0,  0,  6,  9]]), array([[11,  1,  0,  0],
       [ 2,  7,  0,  0],
       [ 0,  0,  5,  5],
       [ 0,  0,  3, 12]]), array([[ 8,  3,  0,  0],
       [ 3,  7,  0,  0],
       [ 0,  0,  7,  3],
       [ 1,  1,  1, 12]]), array([[ 9,  2,  0,  0],
       [ 2,  7,  0,  1],
       [ 0,  0,  9,  1],
       [ 1,  0,  2, 12]]), array([[10,  1,  0,  0],
       [ 2,  8,  0,  0],
       [ 0,  0,  6,  4],
       [ 0,  0,  3, 11]]), array([[11,  0,  0,  0],
       [ 2,  8,  0,  0],
       [ 0,  0,  7,  2],
       [ 0,  1,  2, 12]]), array([[ 6,  4,  1,  0],
       [ 0,  6,  0,  3],
       [ 0,  0,  7,  3],
       [ 0,  0,  3, 12]]), array([[10,  1,  0,  0],
       [ 3,  5,  0,  1],
       [ 0,  0,  6,  4],
       [ 0,  0,  2, 13]]), array([[11,  0,  0,  0],
       [ 3,  6,  0,  0],
       [ 0,  0,  7,  3],
       [ 1,  0,  2, 12]]), array([[ 8,  1,  2,  0],
       [ 2,  6,  0,  1],
       [ 1,  0,  5,  4],
       [ 0,  0,  3, 12]])]"
4,"[1.0, 1.0, 1.0, 1.0, 1.0, 1.0, 1.0, 1.0, 1.0, 1.0]","[1.0, 1.0, 1.0, 1.0, 1.0, 1.0, 1.0, 1.0, 1.0, 1.0]","[1.0, 1.0, 1.0, 1.0, 1.0, 1.0, 1.0, 1.0, 1.0, 1.0]","[1.0, 1.0, 1.0, 1.0, 1.0, 1.0, 1.0, 1.0, 1.0, 1.0]","[1.0, 1.0, 1.0, 1.0, 1.0, 1.0, 1.0, 1.0, 1.0, 1.0]","[1.0, 1.0, 1.0, 1.0, 1.0, 1.0, 1.0, 1.0, 1.0, 1.0]","[1.0, 1.0, 1.0, 1.0, 1.0, 1.0, 1.0, 1.0, 1.0, 1.0]","[1.0, 1.0, 1.0, 1.0, 1.0, 1.0, 1.0, 1.0, 1.0, 1.0]","[1.0, 1.0, 1.0, 1.0, 1.0, 1.0, 1.0, 1.0, 1.0, 1.0]","[1.0, 1.0, 1.0, 1.0, 1.0, 1.0, 1.0, 1.0, 1.0, 1.0]","[array([[100,   0,   0,   0],
       [  0, 134,   0,   0],
       [  0,   0,  89,   0],
       [  0,   0,   0, 134]]), array([[100,   0,   0,   0],
       [  0, 134,   0,   0],
       [  0,   0,  89,   0],
       [  0,   0,   0, 134]]), array([[101,   0,   0,   0],
       [  0, 134,   0,   0],
       [  0,   0,  89,   0],
       [  0,   0,   0, 134]]), array([[101,   0,   0,   0],
       [  0, 134,   0,   0],
       [  0,   0,  89,   0],
       [  0,   0,   0, 134]]), array([[101,   0,   0,   0],
       [  0, 135,   0,   0],
       [  0,   0,  89,   0],
       [  0,   0,   0, 135]]), array([[101,   0,   0,   0],
       [  0, 134,   0,   0],
       [  0,   0,  90,   0],
       [  0,   0,   0, 134]]), array([[101,   0,   0,   0],
       [  0, 134,   0,   0],
       [  0,   0,  89,   0],
       [  0,   0,   0, 134]]), array([[101,   0,   0,   0],
       [  0, 134,   0,   0],
       [  0,   0,  89,   0],
       [  0,   0,   0, 134]]), array([[101,   0,   0,   0],
       [  0, 134,   0,   0],
       [  0,   0,  89,   0],
       [  0,   0,   0, 134]]), array([[101,   0,   0,   0],
       [  0, 134,   0,   0],
       [  0,   0,  89,   0],
       [  0,   0,   0, 134]])]","[0.6739130434782609, 0.7391304347826086, 0.782608695652174, 0.7608695652173914, 0.8666666666666667, 0.8222222222222222, 0.7111111111111111, 0.8, 0.7777777777777778, 0.7555555555555555]","[0.6739130434782609, 0.7391304347826086, 0.782608695652174, 0.7608695652173914, 0.8666666666666667, 0.8222222222222222, 0.7111111111111111, 0.8, 0.7777777777777778, 0.7555555555555555]","[0.6739130434782609, 0.7391304347826086, 0.782608695652174, 0.7608695652173914, 0.8666666666666667, 0.8222222222222222, 0.7111111111111111, 0.8, 0.7777777777777778, 0.7555555555555555]","[0.6739130434782609, 0.7391304347826086, 0.782608695652174, 0.7608695652173914, 0.8666666666666667, 0.8222222222222222, 0.7111111111111111, 0.8, 0.7777777777777778, 0.7555555555555555]","[0.675595238095238, 0.7434348739495799, 0.7880681818181818, 0.7611111111111111, 0.8665584415584416, 0.8202991452991454, 0.7181372549019608, 0.8320494864612511, 0.8083333333333333, 0.7607600732600732]","[0.6791666666666666, 0.7208333333333332, 0.7795454545454545, 0.759090909090909, 0.8665584415584416, 0.8277777777777778, 0.697979797979798, 0.7805555555555556, 0.7638888888888888, 0.7439393939393939]","[0.6725208342855402, 0.7254273504273505, 0.7805728088336783, 0.7568181818181818, 0.8665584415584416, 0.8203320802005012, 0.7005875316633831, 0.7859069548872181, 0.7651098901098901, 0.7472764572722128]","[0.6777950310559007, 0.7387194008037998, 0.7885375494071146, 0.7657004830917874, 0.8666666666666667, 0.8264197530864198, 0.7223311546840958, 0.8198049590206453, 0.8014814814814814, 0.7576109076109075]","[0.6739130434782609, 0.7391304347826086, 0.782608695652174, 0.7608695652173914, 0.8666666666666667, 0.8222222222222222, 0.7111111111111111, 0.8, 0.7777777777777778, 0.7555555555555555]","[0.6706569929076323, 0.7328130806391676, 0.7827287184565068, 0.7602766798418972, 0.8666666666666667, 0.8204817599554443, 0.7093801795040184, 0.7925442773600669, 0.771916971916972, 0.7521190970257183]","[array([[11,  1,  0,  0],
       [ 3,  6,  0,  0],
       [ 0,  0,  6,  4],
       [ 0,  1,  6,  8]]), array([[11,  1,  0,  0],
       [ 3,  6,  0,  0],
       [ 0,  0,  5,  5],
       [ 0,  0,  3, 12]]), array([[ 9,  2,  0,  0],
       [ 2,  8,  0,  0],
       [ 0,  0,  7,  3],
       [ 1,  1,  1, 12]]), array([[ 7,  4,  0,  0],
       [ 1,  8,  0,  1],
       [ 0,  0,  8,  2],
       [ 1,  0,  2, 12]]), array([[10,  1,  0,  0],
       [ 1,  9,  0,  0],
       [ 0,  0,  8,  2],
       [ 0,  0,  2, 12]]), array([[11,  0,  0,  0],
       [ 2,  8,  0,  0],
       [ 0,  0,  7,  2],
       [ 0,  1,  3, 11]]), array([[ 7,  3,  1,  0],
       [ 1,  5,  0,  3],
       [ 0,  0,  8,  2],
       [ 0,  0,  3, 12]]), array([[11,  0,  0,  0],
       [ 3,  5,  0,  1],
       [ 0,  0,  7,  3],
       [ 0,  0,  2, 13]]), array([[11,  0,  0,  0],
       [ 4,  5,  0,  0],
       [ 0,  0,  7,  3],
       [ 0,  0,  3, 12]]), array([[10,  1,  0,  0],
       [ 2,  6,  0,  1],
       [ 1,  0,  6,  3],
       [ 0,  0,  3, 12]])]"
5,"[1.0, 1.0, 1.0, 1.0, 1.0, 1.0, 1.0, 1.0, 1.0, 1.0]","[1.0, 1.0, 1.0, 1.0, 1.0, 1.0, 1.0, 1.0, 1.0, 1.0]","[1.0, 1.0, 1.0, 1.0, 1.0, 1.0, 1.0, 1.0, 1.0, 1.0]","[1.0, 1.0, 1.0, 1.0, 1.0, 1.0, 1.0, 1.0, 1.0, 1.0]","[1.0, 1.0, 1.0, 1.0, 1.0, 1.0, 1.0, 1.0, 1.0, 1.0]","[1.0, 1.0, 1.0, 1.0, 1.0, 1.0, 1.0, 1.0, 1.0, 1.0]","[1.0, 1.0, 1.0, 1.0, 1.0, 1.0, 1.0, 1.0, 1.0, 1.0]","[1.0, 1.0, 1.0, 1.0, 1.0, 1.0, 1.0, 1.0, 1.0, 1.0]","[1.0, 1.0, 1.0, 1.0, 1.0, 1.0, 1.0, 1.0, 1.0, 1.0]","[1.0, 1.0, 1.0, 1.0, 1.0, 1.0, 1.0, 1.0, 1.0, 1.0]","[array([[100,   0,   0,   0],
       [  0, 134,   0,   0],
       [  0,   0,  89,   0],
       [  0,   0,   0, 134]]), array([[100,   0,   0,   0],
       [  0, 134,   0,   0],
       [  0,   0,  89,   0],
       [  0,   0,   0, 134]]), array([[101,   0,   0,   0],
       [  0, 134,   0,   0],
       [  0,   0,  89,   0],
       [  0,   0,   0, 134]]), array([[101,   0,   0,   0],
       [  0, 134,   0,   0],
       [  0,   0,  89,   0],
       [  0,   0,   0, 134]]), array([[101,   0,   0,   0],
       [  0, 135,   0,   0],
       [  0,   0,  89,   0],
       [  0,   0,   0, 135]]), array([[101,   0,   0,   0],
       [  0, 134,   0,   0],
       [  0,   0,  90,   0],
       [  0,   0,   0, 134]]), array([[101,   0,   0,   0],
       [  0, 134,   0,   0],
       [  0,   0,  89,   0],
       [  0,   0,   0, 134]]), array([[101,   0,   0,   0],
       [  0, 134,   0,   0],
       [  0,   0,  89,   0],
       [  0,   0,   0, 134]]), array([[101,   0,   0,   0],
       [  0, 134,   0,   0],
       [  0,   0,  89,   0],
       [  0,   0,   0, 134]]), array([[101,   0,   0,   0],
       [  0, 134,   0,   0],
       [  0,   0,  89,   0],
       [  0,   0,   0, 134]])]","[0.782608695652174, 0.782608695652174, 0.717391304347826, 0.7391304347826086, 0.7777777777777778, 0.7777777777777778, 0.7333333333333333, 0.7333333333333333, 0.7111111111111111, 0.8]","[0.782608695652174, 0.782608695652174, 0.717391304347826, 0.7391304347826086, 0.7777777777777778, 0.7777777777777778, 0.7333333333333333, 0.7333333333333333, 0.7111111111111111, 0.8]","[0.782608695652174, 0.782608695652174, 0.717391304347826, 0.7391304347826086, 0.7777777777777778, 0.7777777777777778, 0.7333333333333333, 0.7333333333333333, 0.7111111111111111, 0.8]","[0.782608695652174, 0.782608695652174, 0.717391304347826, 0.7391304347826086, 0.7777777777777778, 0.7777777777777778, 0.7333333333333333, 0.7333333333333333, 0.7111111111111111, 0.8]","[0.80242673992674, 0.7926322043969103, 0.7316653934300994, 0.7440173796791444, 0.7861721611721612, 0.7827168746286393, 0.760576923076923, 0.7351827094474154, 0.7058150183150182, 0.8020833333333333]","[0.7861111111111111, 0.7805555555555557, 0.7068181818181818, 0.7257575757575757, 0.7782467532467532, 0.7651515151515151, 0.728030303030303, 0.7212121212121212, 0.6934343434343435, 0.7967171717171717]","[0.7871815684315685, 0.7850082634121536, 0.7124554367201427, 0.7309027777777778, 0.7762912716574044, 0.7700717787114846, 0.723565886087217, 0.7264107796228539, 0.6951931239388796, 0.7982736572890026]","[0.7969023729893295, 0.7861737580407656, 0.7287673962865778, 0.7453092304115322, 0.7884140550807217, 0.7838020730177593, 0.7682905982905983, 0.7334422657952069, 0.7102360602360602, 0.800925925925926]","[0.782608695652174, 0.782608695652174, 0.717391304347826, 0.7391304347826086, 0.7777777777777778, 0.7777777777777778, 0.7333333333333333, 0.7333333333333333, 0.7111111111111111, 0.8]","[0.783257503366199, 0.7826211322256491, 0.7168584825234442, 0.7383756038647343, 0.7776557335367404, 0.7768775287892934, 0.7308423686888205, 0.7315273477812178, 0.706748726655348, 0.7994884910485933]","[array([[12,  0,  0,  0],
       [ 2,  7,  0,  0],
       [ 0,  0,  7,  3],
       [ 0,  0,  5, 10]]), array([[10,  1,  0,  1],
       [ 1,  8,  0,  0],
       [ 0,  0,  6,  4],
       [ 0,  0,  3, 12]]), array([[ 8,  3,  0,  0],
       [ 2,  7,  0,  1],
       [ 0,  0,  6,  4],
       [ 1,  1,  1, 12]]), array([[ 7,  4,  0,  0],
       [ 2,  7,  0,  1],
       [ 0,  0,  7,  3],
       [ 1,  0,  1, 13]]), array([[ 8,  3,  0,  0],
       [ 1,  9,  0,  0],
       [ 0,  0,  7,  3],
       [ 0,  1,  2, 11]]), array([[ 8,  3,  0,  0],
       [ 1,  8,  0,  1],
       [ 0,  0,  6,  3],
       [ 0,  0,  2, 13]]), array([[ 6,  4,  1,  0],
       [ 0,  6,  0,  3],
       [ 0,  0,  9,  1],
       [ 0,  0,  3, 12]]), array([[ 9,  2,  0,  0],
       [ 2,  6,  0,  1],
       [ 0,  0,  6,  4],
       [ 0,  0,  3, 12]]), array([[ 9,  2,  0,  0],
       [ 4,  5,  0,  0],
       [ 0,  0,  6,  4],
       [ 0,  0,  3, 12]]), array([[10,  1,  0,  0],
       [ 1,  7,  0,  1],
       [ 1,  0,  7,  2],
       [ 0,  0,  3, 12]])]"
6,"[1.0, 1.0, 1.0, 1.0, 1.0, 1.0, 1.0, 1.0, 1.0, 1.0]","[1.0, 1.0, 1.0, 1.0, 1.0, 1.0, 1.0, 1.0, 1.0, 1.0]","[1.0, 1.0, 1.0, 1.0, 1.0, 1.0, 1.0, 1.0, 1.0, 1.0]","[1.0, 1.0, 1.0, 1.0, 1.0, 1.0, 1.0, 1.0, 1.0, 1.0]","[1.0, 1.0, 1.0, 1.0, 1.0, 1.0, 1.0, 1.0, 1.0, 1.0]","[1.0, 1.0, 1.0, 1.0, 1.0, 1.0, 1.0, 1.0, 1.0, 1.0]","[1.0, 1.0, 1.0, 1.0, 1.0, 1.0, 1.0, 1.0, 1.0, 1.0]","[1.0, 1.0, 1.0, 1.0, 1.0, 1.0, 1.0, 1.0, 1.0, 1.0]","[1.0, 1.0, 1.0, 1.0, 1.0, 1.0, 1.0, 1.0, 1.0, 1.0]","[1.0, 1.0, 1.0, 1.0, 1.0, 1.0, 1.0, 1.0, 1.0, 1.0]","[array([[100,   0,   0,   0],
       [  0, 134,   0,   0],
       [  0,   0,  89,   0],
       [  0,   0,   0, 134]]), array([[100,   0,   0,   0],
       [  0, 134,   0,   0],
       [  0,   0,  89,   0],
       [  0,   0,   0, 134]]), array([[101,   0,   0,   0],
       [  0, 134,   0,   0],
       [  0,   0,  89,   0],
       [  0,   0,   0, 134]]), array([[101,   0,   0,   0],
       [  0, 134,   0,   0],
       [  0,   0,  89,   0],
       [  0,   0,   0, 134]]), array([[101,   0,   0,   0],
       [  0, 135,   0,   0],
       [  0,   0,  89,   0],
       [  0,   0,   0, 135]]), array([[101,   0,   0,   0],
       [  0, 134,   0,   0],
       [  0,   0,  90,   0],
       [  0,   0,   0, 134]]), array([[101,   0,   0,   0],
       [  0, 134,   0,   0],
       [  0,   0,  89,   0],
       [  0,   0,   0, 134]]), array([[101,   0,   0,   0],
       [  0, 134,   0,   0],
       [  0,   0,  89,   0],
       [  0,   0,   0, 134]]), array([[101,   0,   0,   0],
       [  0, 134,   0,   0],
       [  0,   0,  89,   0],
       [  0,   0,   0, 134]]), array([[101,   0,   0,   0],
       [  0, 134,   0,   0],
       [  0,   0,  89,   0],
       [  0,   0,   0, 134]])]","[0.7391304347826086, 0.8260869565217391, 0.7391304347826086, 0.782608695652174, 0.7777777777777778, 0.7333333333333333, 0.7111111111111111, 0.8, 0.7555555555555555, 0.7777777777777778]","[0.7391304347826086, 0.8260869565217391, 0.7391304347826086, 0.782608695652174, 0.7777777777777778, 0.7333333333333333, 0.7111111111111111, 0.8, 0.7555555555555555, 0.7777777777777778]","[0.7391304347826086, 0.8260869565217391, 0.7391304347826086, 0.782608695652174, 0.7777777777777778, 0.7333333333333333, 0.7111111111111111, 0.8, 0.7555555555555555, 0.7777777777777778]","[0.7391304347826086, 0.8260869565217391, 0.7391304347826086, 0.782608695652174, 0.7777777777777778, 0.7333333333333333, 0.7111111111111111, 0.8, 0.7555555555555555, 0.7777777777777778]","[0.7721153846153846, 0.8349358974358975, 0.7682748538011696, 0.782165404040404, 0.7762626262626262, 0.7388888888888888, 0.738011988011988, 0.8082399626517274, 0.7888528138528138, 0.777724358974359]","[0.7416666666666666, 0.8222222222222222, 0.7234848484848485, 0.7734848484848486, 0.7711038961038962, 0.7318181818181818, 0.7174242424242424, 0.7856060606060605, 0.7472222222222222, 0.7717171717171718]","[0.7410628019323672, 0.8267372415859382, 0.7292446524064171, 0.7770219169624942, 0.7720594589923083, 0.7318181818181818, 0.7125104114609362, 0.7922268306636155, 0.74643172919035, 0.7721104231166149]","[0.7659698996655517, 0.8259476031215162, 0.7617594711416222, 0.7842693236714975, 0.7789001122334456, 0.7432098765432098, 0.7454767454767455, 0.8028737420894283, 0.7825781625781626, 0.7778490028490027]","[0.7391304347826086, 0.8260869565217391, 0.7391304347826086, 0.782608695652174, 0.7777777777777778, 0.7333333333333333, 0.7111111111111111, 0.8, 0.7555555555555555, 0.7777777777777778]","[0.738122243226213, 0.8243321942344517, 0.734637293652639, 0.7826456041928102, 0.776769509981851, 0.734949494949495, 0.7139215577396486, 0.7971364098652428, 0.7507164610612886, 0.775427129916294]","[array([[12,  0,  0,  0],
       [ 3,  6,  0,  0],
       [ 0,  0,  7,  3],
       [ 0,  0,  6,  9]]), array([[12,  0,  0,  0],
       [ 1,  8,  0,  0],
       [ 0,  0,  6,  4],
       [ 0,  0,  3, 12]]), array([[ 8,  3,  0,  0],
       [ 1,  8,  0,  1],
       [ 0,  0,  5,  5],
       [ 0,  1,  1, 13]]), array([[ 8,  3,  0,  0],
       [ 2,  7,  0,  1],
       [ 0,  0,  8,  2],
       [ 1,  0,  1, 13]]), array([[ 8,  3,  0,  0],
       [ 2,  8,  0,  0],
       [ 0,  0,  7,  3],
       [ 0,  0,  2, 12]]), array([[ 8,  3,  0,  0],
       [ 1,  8,  0,  1],
       [ 0,  0,  6,  3],
       [ 0,  1,  3, 11]]), array([[ 7,  3,  1,  0],
       [ 0,  6,  0,  3],
       [ 0,  0,  9,  1],
       [ 0,  2,  3, 10]]), array([[10,  1,  0,  0],
       [ 2,  6,  0,  1],
       [ 0,  0,  7,  3],
       [ 0,  0,  2, 13]]), array([[11,  0,  0,  0],
       [ 4,  5,  0,  0],
       [ 0,  0,  7,  3],
       [ 0,  0,  4, 11]]), array([[10,  1,  0,  0],
       [ 2,  7,  0,  0],
       [ 1,  0,  6,  3],
       [ 0,  0,  3, 12]])]"
7,"[1.0, 1.0, 1.0, 1.0, 1.0, 1.0, 1.0, 1.0, 1.0, 1.0]","[1.0, 1.0, 1.0, 1.0, 1.0, 1.0, 1.0, 1.0, 1.0, 1.0]","[1.0, 1.0, 1.0, 1.0, 1.0, 1.0, 1.0, 1.0, 1.0, 1.0]","[1.0, 1.0, 1.0, 1.0, 1.0, 1.0, 1.0, 1.0, 1.0, 1.0]","[1.0, 1.0, 1.0, 1.0, 1.0, 1.0, 1.0, 1.0, 1.0, 1.0]","[1.0, 1.0, 1.0, 1.0, 1.0, 1.0, 1.0, 1.0, 1.0, 1.0]","[1.0, 1.0, 1.0, 1.0, 1.0, 1.0, 1.0, 1.0, 1.0, 1.0]","[1.0, 1.0, 1.0, 1.0, 1.0, 1.0, 1.0, 1.0, 1.0, 1.0]","[1.0, 1.0, 1.0, 1.0, 1.0, 1.0, 1.0, 1.0, 1.0, 1.0]","[1.0, 1.0, 1.0, 1.0, 1.0, 1.0, 1.0, 1.0, 1.0, 1.0]","[array([[100,   0,   0,   0],
       [  0, 134,   0,   0],
       [  0,   0,  89,   0],
       [  0,   0,   0, 134]]), array([[100,   0,   0,   0],
       [  0, 134,   0,   0],
       [  0,   0,  89,   0],
       [  0,   0,   0, 134]]), array([[101,   0,   0,   0],
       [  0, 134,   0,   0],
       [  0,   0,  89,   0],
       [  0,   0,   0, 134]]), array([[101,   0,   0,   0],
       [  0, 134,   0,   0],
       [  0,   0,  89,   0],
       [  0,   0,   0, 134]]), array([[101,   0,   0,   0],
       [  0, 135,   0,   0],
       [  0,   0,  89,   0],
       [  0,   0,   0, 135]]), array([[101,   0,   0,   0],
       [  0, 134,   0,   0],
       [  0,   0,  90,   0],
       [  0,   0,   0, 134]]), array([[101,   0,   0,   0],
       [  0, 134,   0,   0],
       [  0,   0,  89,   0],
       [  0,   0,   0, 134]]), array([[101,   0,   0,   0],
       [  0, 134,   0,   0],
       [  0,   0,  89,   0],
       [  0,   0,   0, 134]]), array([[101,   0,   0,   0],
       [  0, 134,   0,   0],
       [  0,   0,  89,   0],
       [  0,   0,   0, 134]]), array([[101,   0,   0,   0],
       [  0, 134,   0,   0],
       [  0,   0,  89,   0],
       [  0,   0,   0, 134]])]","[0.7608695652173914, 0.8695652173913043, 0.7608695652173914, 0.8260869565217391, 0.7777777777777778, 0.7555555555555555, 0.6666666666666666, 0.7333333333333333, 0.7555555555555555, 0.6888888888888889]","[0.7608695652173914, 0.8695652173913043, 0.7608695652173914, 0.8260869565217391, 0.7777777777777778, 0.7555555555555555, 0.6666666666666666, 0.7333333333333333, 0.7555555555555555, 0.6888888888888889]","[0.7608695652173914, 0.8695652173913043, 0.7608695652173914, 0.8260869565217391, 0.7777777777777778, 0.7555555555555555, 0.6666666666666666, 0.7333333333333333, 0.7555555555555555, 0.6888888888888889]","[0.7608695652173914, 0.8695652173913043, 0.7608695652173914, 0.8260869565217391, 0.7777777777777778, 0.7555555555555555, 0.6666666666666666, 0.7333333333333333, 0.7555555555555555, 0.6888888888888889]","[0.7886904761904763, 0.8760212418300652, 0.7763888888888889, 0.835427807486631, 0.7762626262626262, 0.7730769230769231, 0.6816152597402597, 0.7351827094474154, 0.7657203907203908, 0.6791666666666666]","[0.7583333333333332, 0.8597222222222223, 0.7484848484848485, 0.812878787878788, 0.7711038961038962, 0.7568181818181818, 0.6613636363636363, 0.7212121212121212, 0.7356060606060606, 0.6757575757575758]","[0.7622739329635881, 0.8645833333333333, 0.7482413419913421, 0.8205176767676767, 0.7720594589923083, 0.7561784897025171, 0.6607526881720429, 0.7264107796228539, 0.7398618538324422, 0.6760045274476514]","[0.7789855072463768, 0.8718030690537084, 0.7710144927536232, 0.8337595907928389, 0.7789001122334456, 0.776068376068376, 0.6891955266955266, 0.7334422657952069, 0.7589336589336588, 0.6892592592592592]","[0.7608695652173914, 0.8695652173913043, 0.7608695652173914, 0.8260869565217391, 0.7777777777777778, 0.7555555555555555, 0.6666666666666666, 0.7333333333333333, 0.7555555555555555, 0.6888888888888889]","[0.7605518918862246, 0.8674516908212561, 0.7528467908902691, 0.8263888888888888, 0.776769509981851, 0.757538774472413, 0.6676702508960574, 0.7315273477812178, 0.7470489205783324, 0.687694145758662]","[array([[12,  0,  0,  0],
       [ 2,  6,  0,  1],
       [ 0,  0,  7,  3],
       [ 0,  0,  5, 10]]), array([[11,  1,  0,  0],
       [ 1,  8,  0,  0],
       [ 0,  0,  7,  3],
       [ 0,  0,  1, 14]]), array([[ 8,  3,  0,  0],
       [ 1,  9,  0,  0],
       [ 0,  0,  5,  5],
       [ 1,  0,  1, 13]]), array([[ 9,  2,  0,  0],
       [ 2,  7,  0,  1],
       [ 0,  0,  8,  2],
       [ 0,  1,  0, 14]]), array([[ 8,  3,  0,  0],
       [ 2,  8,  0,  0],
       [ 0,  0,  7,  3],
       [ 0,  0,  2, 12]]), array([[ 8,  3,  0,  0],
       [ 0,  9,  0,  1],
       [ 0,  0,  6,  3],
       [ 0,  1,  3, 11]]), array([[ 6,  4,  1,  0],
       [ 1,  6,  0,  2],
       [ 0,  0,  7,  3],
       [ 0,  1,  3, 11]]), array([[ 9,  2,  0,  0],
       [ 2,  6,  0,  1],
       [ 0,  0,  6,  4],
       [ 0,  0,  3, 12]]), array([[10,  1,  0,  0],
       [ 3,  6,  0,  0],
       [ 0,  0,  5,  5],
       [ 0,  0,  2, 13]]), array([[ 7,  4,  0,  0],
       [ 2,  6,  0,  1],
       [ 1,  0,  6,  3],
       [ 0,  0,  3, 12]])]"
8,"[1.0, 1.0, 1.0, 1.0, 1.0, 1.0, 1.0, 1.0, 1.0, 1.0]","[1.0, 1.0, 1.0, 1.0, 1.0, 1.0, 1.0, 1.0, 1.0, 1.0]","[1.0, 1.0, 1.0, 1.0, 1.0, 1.0, 1.0, 1.0, 1.0, 1.0]","[1.0, 1.0, 1.0, 1.0, 1.0, 1.0, 1.0, 1.0, 1.0, 1.0]","[1.0, 1.0, 1.0, 1.0, 1.0, 1.0, 1.0, 1.0, 1.0, 1.0]","[1.0, 1.0, 1.0, 1.0, 1.0, 1.0, 1.0, 1.0, 1.0, 1.0]","[1.0, 1.0, 1.0, 1.0, 1.0, 1.0, 1.0, 1.0, 1.0, 1.0]","[1.0, 1.0, 1.0, 1.0, 1.0, 1.0, 1.0, 1.0, 1.0, 1.0]","[1.0, 1.0, 1.0, 1.0, 1.0, 1.0, 1.0, 1.0, 1.0, 1.0]","[1.0, 1.0, 1.0, 1.0, 1.0, 1.0, 1.0, 1.0, 1.0, 1.0]","[array([[100,   0,   0,   0],
       [  0, 134,   0,   0],
       [  0,   0,  89,   0],
       [  0,   0,   0, 134]]), array([[100,   0,   0,   0],
       [  0, 134,   0,   0],
       [  0,   0,  89,   0],
       [  0,   0,   0, 134]]), array([[101,   0,   0,   0],
       [  0, 134,   0,   0],
       [  0,   0,  89,   0],
       [  0,   0,   0, 134]]), array([[101,   0,   0,   0],
       [  0, 134,   0,   0],
       [  0,   0,  89,   0],
       [  0,   0,   0, 134]]), array([[101,   0,   0,   0],
       [  0, 135,   0,   0],
       [  0,   0,  89,   0],
       [  0,   0,   0, 135]]), array([[101,   0,   0,   0],
       [  0, 134,   0,   0],
       [  0,   0,  90,   0],
       [  0,   0,   0, 134]]), array([[101,   0,   0,   0],
       [  0, 134,   0,   0],
       [  0,   0,  89,   0],
       [  0,   0,   0, 134]]), array([[101,   0,   0,   0],
       [  0, 134,   0,   0],
       [  0,   0,  89,   0],
       [  0,   0,   0, 134]]), array([[101,   0,   0,   0],
       [  0, 134,   0,   0],
       [  0,   0,  89,   0],
       [  0,   0,   0, 134]]), array([[101,   0,   0,   0],
       [  0, 134,   0,   0],
       [  0,   0,  89,   0],
       [  0,   0,   0, 134]])]","[0.7608695652173914, 0.8260869565217391, 0.7391304347826086, 0.8043478260869565, 0.8, 0.8, 0.7111111111111111, 0.8222222222222222, 0.7555555555555555, 0.7777777777777778]","[0.7608695652173914, 0.8260869565217391, 0.7391304347826086, 0.8043478260869565, 0.8, 0.8, 0.7111111111111111, 0.8222222222222222, 0.7555555555555555, 0.7777777777777778]","[0.7608695652173914, 0.8260869565217391, 0.7391304347826086, 0.8043478260869565, 0.8, 0.8, 0.7111111111111111, 0.8222222222222222, 0.7555555555555555, 0.7777777777777778]","[0.7608695652173914, 0.8260869565217391, 0.7391304347826086, 0.8043478260869565, 0.8, 0.8, 0.7111111111111111, 0.8222222222222222, 0.7555555555555555, 0.7777777777777778]","[0.7886904761904763, 0.8351158645276292, 0.7702991452991452, 0.8072916666666666, 0.7961038961038961, 0.8045454545454546, 0.75, 0.8471593765711413, 0.7607600732600732, 0.7816870629370629]","[0.7583333333333332, 0.8222222222222223, 0.7318181818181819, 0.7962121212121213, 0.7961038961038961, 0.8022727272727272, 0.7224747474747474, 0.8083333333333332, 0.7439393939393939, 0.7800505050505051]","[0.7622739329635881, 0.8269490528858378, 0.7337203557312253, 0.8000664353731454, 0.7952380952380952, 0.8023809523809523, 0.7097850998106753, 0.8165021929824562, 0.7472764572722128, 0.7773109243697478]","[0.7789855072463768, 0.8295099330904957, 0.7616127833519137, 0.8066123188405798, 0.8016161616161617, 0.804040404040404, 0.7623931623931623, 0.83457907379476, 0.7576109076109075, 0.7864996114996115]","[0.7608695652173914, 0.8260869565217391, 0.7391304347826086, 0.8043478260869565, 0.8, 0.8, 0.7111111111111111, 0.8222222222222222, 0.7555555555555555, 0.7777777777777778]","[0.7605518918862246, 0.8258848622027659, 0.7344603883828837, 0.8038872716885818, 0.8, 0.8010582010582011, 0.7118300284540693, 0.8186500974658868, 0.7521190970257183, 0.7784624961095549]","[array([[12,  0,  0,  0],
       [ 2,  6,  0,  1],
       [ 0,  0,  7,  3],
       [ 0,  0,  5, 10]]), array([[10,  1,  0,  1],
       [ 1,  8,  0,  0],
       [ 0,  0,  7,  3],
       [ 0,  0,  2, 13]]), array([[ 8,  3,  0,  0],
       [ 0,  9,  0,  1],
       [ 0,  0,  5,  5],
       [ 1,  1,  1, 12]]), array([[ 9,  2,  0,  0],
       [ 2,  7,  0,  1],
       [ 0,  0,  8,  2],
       [ 1,  0,  1, 13]]), array([[ 8,  3,  0,  0],
       [ 2,  8,  0,  0],
       [ 0,  0,  8,  2],
       [ 0,  0,  2, 12]]), array([[10,  1,  0,  0],
       [ 0,  9,  0,  1],
       [ 0,  0,  6,  3],
       [ 0,  1,  3, 11]]), array([[ 6,  4,  1,  0],
       [ 0,  7,  0,  2],
       [ 0,  0,  9,  1],
       [ 0,  2,  3, 10]]), array([[11,  0,  0,  0],
       [ 2,  6,  0,  1],
       [ 0,  0,  7,  3],
       [ 0,  0,  2, 13]]), array([[10,  1,  0,  0],
       [ 3,  6,  0,  0],
       [ 0,  0,  6,  4],
       [ 0,  0,  3, 12]]), array([[10,  1,  0,  0],
       [ 2,  7,  0,  0],
       [ 1,  0,  7,  2],
       [ 0,  0,  4, 11]])]"
9,"[1.0, 1.0, 1.0, 1.0, 1.0, 1.0, 1.0, 1.0, 1.0, 1.0]","[1.0, 1.0, 1.0, 1.0, 1.0, 1.0, 1.0, 1.0, 1.0, 1.0]","[1.0, 1.0, 1.0, 1.0, 1.0, 1.0, 1.0, 1.0, 1.0, 1.0]","[1.0, 1.0, 1.0, 1.0, 1.0, 1.0, 1.0, 1.0, 1.0, 1.0]","[1.0, 1.0, 1.0, 1.0, 1.0, 1.0, 1.0, 1.0, 1.0, 1.0]","[1.0, 1.0, 1.0, 1.0, 1.0, 1.0, 1.0, 1.0, 1.0, 1.0]","[1.0, 1.0, 1.0, 1.0, 1.0, 1.0, 1.0, 1.0, 1.0, 1.0]","[1.0, 1.0, 1.0, 1.0, 1.0, 1.0, 1.0, 1.0, 1.0, 1.0]","[1.0, 1.0, 1.0, 1.0, 1.0, 1.0, 1.0, 1.0, 1.0, 1.0]","[1.0, 1.0, 1.0, 1.0, 1.0, 1.0, 1.0, 1.0, 1.0, 1.0]","[array([[100,   0,   0,   0],
       [  0, 134,   0,   0],
       [  0,   0,  89,   0],
       [  0,   0,   0, 134]]), array([[100,   0,   0,   0],
       [  0, 134,   0,   0],
       [  0,   0,  89,   0],
       [  0,   0,   0, 134]]), array([[101,   0,   0,   0],
       [  0, 134,   0,   0],
       [  0,   0,  89,   0],
       [  0,   0,   0, 134]]), array([[101,   0,   0,   0],
       [  0, 134,   0,   0],
       [  0,   0,  89,   0],
       [  0,   0,   0, 134]]), array([[101,   0,   0,   0],
       [  0, 135,   0,   0],
       [  0,   0,  89,   0],
       [  0,   0,   0, 135]]), array([[101,   0,   0,   0],
       [  0, 134,   0,   0],
       [  0,   0,  90,   0],
       [  0,   0,   0, 134]]), array([[101,   0,   0,   0],
       [  0, 134,   0,   0],
       [  0,   0,  89,   0],
       [  0,   0,   0, 134]]), array([[101,   0,   0,   0],
       [  0, 134,   0,   0],
       [  0,   0,  89,   0],
       [  0,   0,   0, 134]]), array([[101,   0,   0,   0],
       [  0, 134,   0,   0],
       [  0,   0,  89,   0],
       [  0,   0,   0, 134]]), array([[101,   0,   0,   0],
       [  0, 134,   0,   0],
       [  0,   0,  89,   0],
       [  0,   0,   0, 134]])]","[0.8043478260869565, 0.8260869565217391, 0.7391304347826086, 0.782608695652174, 0.8, 0.8, 0.7333333333333333, 0.7555555555555555, 0.7777777777777778, 0.7333333333333333]","[0.8043478260869565, 0.8260869565217391, 0.7391304347826086, 0.782608695652174, 0.8, 0.8, 0.7333333333333333, 0.7555555555555555, 0.7777777777777778, 0.7333333333333333]","[0.8043478260869565, 0.8260869565217391, 0.7391304347826086, 0.782608695652174, 0.8, 0.8, 0.7333333333333333, 0.7555555555555555, 0.7777777777777778, 0.7333333333333333]","[0.8043478260869565, 0.8260869565217391, 0.7391304347826086, 0.782608695652174, 0.8, 0.8, 0.7333333333333333, 0.7555555555555555, 0.7777777777777778, 0.7333333333333333]","[0.824404761904762, 0.8402777777777778, 0.7674374236874237, 0.7989583333333333, 0.8041666666666667, 0.8161764705882353, 0.7353219696969697, 0.7522875816993464, 0.78125, 0.7267316017316017]","[0.8138888888888888, 0.8111111111111111, 0.7257575757575758, 0.7734848484848486, 0.7961038961038961, 0.7901515151515152, 0.7219696969696969, 0.7401515151515151, 0.7717171717171718, 0.7295454545454545]","[0.8167988198414162, 0.8207813428401664, 0.7315638549990415, 0.7814667411441605, 0.7956525325853819, 0.7946673585702224, 0.711281697429705, 0.7444783834586466, 0.7747167812278821, 0.727533960292581]","[0.8162525879917185, 0.832427536231884, 0.7648610447523491, 0.8004528985507247, 0.8056790123456791, 0.8160130718954248, 0.7502946127946128, 0.7566303558460422, 0.7768518518518519, 0.7366522366522367]","[0.8043478260869565, 0.8260869565217391, 0.7391304347826086, 0.782608695652174, 0.8, 0.8, 0.7333333333333333, 0.7555555555555555, 0.7777777777777778, 0.7333333333333333]","[0.8082402648942909, 0.8242785915420187, 0.7377997879264946, 0.7872635390166948, 0.7985876918000331, 0.7996759389561247, 0.7251789239645029, 0.7541527429685323, 0.7756816621483857, 0.7343550446998722]","[array([[12,  0,  0,  0],
       [ 0,  8,  0,  1],
       [ 0,  0,  7,  3],
       [ 0,  0,  5, 10]]), array([[10,  1,  0,  1],
       [ 2,  7,  0,  0],
       [ 0,  0,  7,  3],
       [ 0,  0,  1, 14]]), array([[ 7,  4,  0,  0],
       [ 1,  8,  0,  1],
       [ 0,  0,  6,  4],
       [ 0,  1,  1, 13]]), array([[ 8,  3,  0,  0],
       [ 2,  7,  0,  1],
       [ 0,  0,  8,  2],
       [ 0,  2,  0, 13]]), array([[ 8,  3,  0,  0],
       [ 1,  9,  0,  0],
       [ 0,  0,  7,  3],
       [ 0,  0,  2, 12]]), array([[ 8,  3,  0,  0],
       [ 0,  9,  0,  1],
       [ 0,  0,  6,  3],
       [ 0,  0,  2, 13]]), array([[ 5,  5,  1,  0],
       [ 1,  6,  0,  2],
       [ 0,  0,  9,  1],
       [ 0,  0,  2, 13]]), array([[ 8,  3,  0,  0],
       [ 2,  6,  0,  1],
       [ 0,  0,  7,  3],
       [ 0,  0,  2, 13]]), array([[10,  1,  0,  0],
       [ 2,  7,  0,  0],
       [ 0,  0,  6,  4],
       [ 0,  0,  3, 12]]), array([[ 9,  2,  0,  0],
       [ 2,  6,  0,  1],
       [ 0,  1,  7,  2],
       [ 0,  0,  4, 11]])]"
10,"[1.0, 1.0, 1.0, 1.0, 1.0, 1.0, 1.0, 1.0, 1.0, 1.0]","[1.0, 1.0, 1.0, 1.0, 1.0, 1.0, 1.0, 1.0, 1.0, 1.0]","[1.0, 1.0, 1.0, 1.0, 1.0, 1.0, 1.0, 1.0, 1.0, 1.0]","[1.0, 1.0, 1.0, 1.0, 1.0, 1.0, 1.0, 1.0, 1.0, 1.0]","[1.0, 1.0, 1.0, 1.0, 1.0, 1.0, 1.0, 1.0, 1.0, 1.0]","[1.0, 1.0, 1.0, 1.0, 1.0, 1.0, 1.0, 1.0, 1.0, 1.0]","[1.0, 1.0, 1.0, 1.0, 1.0, 1.0, 1.0, 1.0, 1.0, 1.0]","[1.0, 1.0, 1.0, 1.0, 1.0, 1.0, 1.0, 1.0, 1.0, 1.0]","[1.0, 1.0, 1.0, 1.0, 1.0, 1.0, 1.0, 1.0, 1.0, 1.0]","[1.0, 1.0, 1.0, 1.0, 1.0, 1.0, 1.0, 1.0, 1.0, 1.0]","[array([[100,   0,   0,   0],
       [  0, 134,   0,   0],
       [  0,   0,  89,   0],
       [  0,   0,   0, 134]]), array([[100,   0,   0,   0],
       [  0, 134,   0,   0],
       [  0,   0,  89,   0],
       [  0,   0,   0, 134]]), array([[101,   0,   0,   0],
       [  0, 134,   0,   0],
       [  0,   0,  89,   0],
       [  0,   0,   0, 134]]), array([[101,   0,   0,   0],
       [  0, 134,   0,   0],
       [  0,   0,  89,   0],
       [  0,   0,   0, 134]]), array([[101,   0,   0,   0],
       [  0, 135,   0,   0],
       [  0,   0,  89,   0],
       [  0,   0,   0, 135]]), array([[101,   0,   0,   0],
       [  0, 134,   0,   0],
       [  0,   0,  90,   0],
       [  0,   0,   0, 134]]), array([[101,   0,   0,   0],
       [  0, 134,   0,   0],
       [  0,   0,  89,   0],
       [  0,   0,   0, 134]]), array([[101,   0,   0,   0],
       [  0, 134,   0,   0],
       [  0,   0,  89,   0],
       [  0,   0,   0, 134]]), array([[101,   0,   0,   0],
       [  0, 134,   0,   0],
       [  0,   0,  89,   0],
       [  0,   0,   0, 134]]), array([[101,   0,   0,   0],
       [  0, 134,   0,   0],
       [  0,   0,  89,   0],
       [  0,   0,   0, 134]])]","[0.8043478260869565, 0.8260869565217391, 0.6956521739130435, 0.8260869565217391, 0.7555555555555555, 0.7555555555555555, 0.7333333333333333, 0.8222222222222222, 0.8222222222222222, 0.7555555555555555]","[0.8043478260869565, 0.8260869565217391, 0.6956521739130435, 0.8260869565217391, 0.7555555555555555, 0.7555555555555555, 0.7333333333333333, 0.8222222222222222, 0.8222222222222222, 0.7555555555555555]","[0.8043478260869565, 0.8260869565217391, 0.6956521739130435, 0.8260869565217391, 0.7555555555555555, 0.7555555555555555, 0.7333333333333333, 0.8222222222222222, 0.8222222222222222, 0.7555555555555555]","[0.8043478260869565, 0.8260869565217391, 0.6956521739130435, 0.8260869565217391, 0.7555555555555555, 0.7555555555555555, 0.7333333333333333, 0.8222222222222222, 0.8222222222222222, 0.7555555555555555]","[0.824404761904762, 0.8472222222222222, 0.7196637426900585, 0.835427807486631, 0.7555555555555555, 0.7568181818181818, 0.7428821178821179, 0.8257440476190476, 0.8246527777777778, 0.752573815073815]","[0.8138888888888888, 0.8180555555555555, 0.6757575757575758, 0.812878787878788, 0.7483766233766235, 0.7545454545454545, 0.7391414141414141, 0.8106060606060607, 0.8133838383838384, 0.7573232323232324]","[0.8167988198414162, 0.8280971479500892, 0.6815173796791444, 0.8205176767676767, 0.7479252598581092, 0.7547619047619047, 0.7269740129935032, 0.8145687237026649, 0.8171616029596308, 0.753191856452726]","[0.8162525879917185, 0.8333333333333334, 0.7170734808034579, 0.8337595907928389, 0.76, 0.7593939393939394, 0.7525474525474525, 0.8237433862433862, 0.8223765432098765, 0.7623543123543123]","[0.8043478260869565, 0.8260869565217391, 0.6956521739130435, 0.8260869565217391, 0.7555555555555555, 0.7555555555555555, 0.7333333333333333, 0.8222222222222222, 0.8222222222222222, 0.7555555555555555]","[0.8082402648942909, 0.8251181895683174, 0.6909614043245756, 0.8263888888888888, 0.7539412271535683, 0.7566137566137567, 0.7297495696596146, 0.819908056724326, 0.8205788513579689, 0.7569128134345525]","[array([[12,  0,  0,  0],
       [ 0,  8,  0,  1],
       [ 0,  0,  7,  3],
       [ 0,  0,  5, 10]]), array([[11,  0,  0,  1],
       [ 1,  8,  0,  0],
       [ 0,  0,  6,  4],
       [ 0,  0,  2, 13]]), array([[ 7,  4,  0,  0],
       [ 2,  7,  0,  1],
       [ 0,  0,  5,  5],
       [ 0,  1,  1, 13]]), array([[ 9,  2,  0,  0],
       [ 2,  7,  0,  1],
       [ 0,  0,  8,  2],
       [ 0,  1,  0, 14]]), array([[ 7,  4,  0,  0],
       [ 2,  8,  0,  0],
       [ 0,  0,  7,  3],
       [ 0,  0,  2, 12]]), array([[ 9,  2,  0,  0],
       [ 1,  8,  0,  1],
       [ 0,  0,  6,  3],
       [ 0,  1,  3, 11]]), array([[ 6,  4,  1,  0],
       [ 0,  7,  0,  2],
       [ 0,  0,  9,  1],
       [ 1,  0,  3, 11]]), array([[10,  1,  0,  0],
       [ 2,  6,  0,  1],
       [ 0,  0,  8,  2],
       [ 0,  0,  2, 13]]), array([[10,  1,  0,  0],
       [ 2,  7,  0,  0],
       [ 0,  0,  7,  3],
       [ 0,  0,  2, 13]]), array([[ 9,  2,  0,  0],
       [ 2,  7,  0,  0],
       [ 1,  0,  7,  2],
       [ 0,  0,  4, 11]])]"
11,"[1.0, 1.0, 1.0, 1.0, 1.0, 1.0, 1.0, 1.0, 1.0, 1.0]","[1.0, 1.0, 1.0, 1.0, 1.0, 1.0, 1.0, 1.0, 1.0, 1.0]","[1.0, 1.0, 1.0, 1.0, 1.0, 1.0, 1.0, 1.0, 1.0, 1.0]","[1.0, 1.0, 1.0, 1.0, 1.0, 1.0, 1.0, 1.0, 1.0, 1.0]","[1.0, 1.0, 1.0, 1.0, 1.0, 1.0, 1.0, 1.0, 1.0, 1.0]","[1.0, 1.0, 1.0, 1.0, 1.0, 1.0, 1.0, 1.0, 1.0, 1.0]","[1.0, 1.0, 1.0, 1.0, 1.0, 1.0, 1.0, 1.0, 1.0, 1.0]","[1.0, 1.0, 1.0, 1.0, 1.0, 1.0, 1.0, 1.0, 1.0, 1.0]","[1.0, 1.0, 1.0, 1.0, 1.0, 1.0, 1.0, 1.0, 1.0, 1.0]","[1.0, 1.0, 1.0, 1.0, 1.0, 1.0, 1.0, 1.0, 1.0, 1.0]","[array([[100,   0,   0,   0],
       [  0, 134,   0,   0],
       [  0,   0,  89,   0],
       [  0,   0,   0, 134]]), array([[100,   0,   0,   0],
       [  0, 134,   0,   0],
       [  0,   0,  89,   0],
       [  0,   0,   0, 134]]), array([[101,   0,   0,   0],
       [  0, 134,   0,   0],
       [  0,   0,  89,   0],
       [  0,   0,   0, 134]]), array([[101,   0,   0,   0],
       [  0, 134,   0,   0],
       [  0,   0,  89,   0],
       [  0,   0,   0, 134]]), array([[101,   0,   0,   0],
       [  0, 135,   0,   0],
       [  0,   0,  89,   0],
       [  0,   0,   0, 135]]), array([[101,   0,   0,   0],
       [  0, 134,   0,   0],
       [  0,   0,  90,   0],
       [  0,   0,   0, 134]]), array([[101,   0,   0,   0],
       [  0, 134,   0,   0],
       [  0,   0,  89,   0],
       [  0,   0,   0, 134]]), array([[101,   0,   0,   0],
       [  0, 134,   0,   0],
       [  0,   0,  89,   0],
       [  0,   0,   0, 134]]), array([[101,   0,   0,   0],
       [  0, 134,   0,   0],
       [  0,   0,  89,   0],
       [  0,   0,   0, 134]]), array([[101,   0,   0,   0],
       [  0, 134,   0,   0],
       [  0,   0,  89,   0],
       [  0,   0,   0, 134]])]","[0.782608695652174, 0.8260869565217391, 0.7608695652173914, 0.8695652173913043, 0.7777777777777778, 0.8, 0.7555555555555555, 0.8, 0.7555555555555555, 0.8222222222222222]","[0.782608695652174, 0.8260869565217391, 0.7608695652173914, 0.8695652173913043, 0.7777777777777778, 0.8, 0.7555555555555555, 0.8, 0.7555555555555555, 0.8222222222222222]","[0.782608695652174, 0.8260869565217391, 0.7608695652173914, 0.8695652173913043, 0.7777777777777778, 0.8, 0.7555555555555555, 0.8, 0.7555555555555555, 0.8222222222222222]","[0.782608695652174, 0.8260869565217391, 0.7608695652173914, 0.8695652173913043, 0.7777777777777778, 0.8, 0.7555555555555555, 0.8, 0.7555555555555555, 0.8222222222222222]","[0.7966269841269842, 0.8471593765711413, 0.7866681929181929, 0.8652777777777778, 0.7811507936507935, 0.8036764705882353, 0.7640716374269005, 0.8082399626517274, 0.75, 0.8303571428571428]","[0.7930555555555555, 0.8152777777777778, 0.7507575757575757, 0.8628787878787878, 0.7782467532467532, 0.7878787878787878, 0.7340909090909091, 0.7856060606060605, 0.7462121212121211, 0.8022727272727272]","[0.7928573591991883, 0.8260855263157895, 0.753302985433824, 0.8631960335621662, 0.775974025974026, 0.7938813025210084, 0.7409700722394221, 0.7922268306636155, 0.7471227621483376, 0.8077508960573477]","[0.7945134575569359, 0.8348306992808271, 0.781583452779105, 0.8701690821256038, 0.7839506172839507, 0.8026797385620914, 0.7656757634827811, 0.8028737420894283, 0.7555555555555555, 0.8321428571428571]","[0.782608695652174, 0.8260869565217391, 0.7608695652173914, 0.8695652173913043, 0.7777777777777778, 0.8, 0.7555555555555555, 0.8, 0.7555555555555555, 0.8222222222222222]","[0.7866679308567062, 0.8258895881006865, 0.7567033796089142, 0.8690677544522935, 0.7773737373737374, 0.799311391223156, 0.7517027863777089, 0.7971364098652428, 0.7547030406365445, 0.8194703305455995]","[array([[11,  1,  0,  0],
       [ 0,  8,  0,  1],
       [ 0,  0,  7,  3],
       [ 0,  0,  5, 10]]), array([[11,  0,  0,  1],
       [ 2,  7,  0,  0],
       [ 0,  0,  7,  3],
       [ 0,  0,  2, 13]]), array([[ 7,  4,  0,  0],
       [ 0,  9,  0,  1],
       [ 0,  0,  6,  4],
       [ 1,  0,  1, 13]]), array([[ 9,  2,  0,  0],
       [ 2,  7,  0,  1],
       [ 0,  0, 10,  0],
       [ 1,  0,  0, 14]]), array([[ 8,  3,  0,  0],
       [ 1,  9,  0,  0],
       [ 0,  0,  7,  3],
       [ 0,  0,  3, 11]]), array([[ 9,  2,  0,  0],
       [ 1,  8,  0,  1],
       [ 0,  0,  6,  3],
       [ 0,  0,  2, 13]]), array([[ 7,  3,  1,  0],
       [ 1,  6,  0,  2],
       [ 0,  0,  7,  3],
       [ 0,  0,  1, 14]]), array([[10,  1,  0,  0],
       [ 2,  6,  0,  1],
       [ 0,  0,  7,  3],
       [ 0,  0,  2, 13]]), array([[ 9,  2,  0,  0],
       [ 3,  6,  0,  0],
       [ 0,  0,  7,  3],
       [ 0,  0,  3, 12]]), array([[10,  1,  0,  0],
       [ 3,  6,  0,  0],
       [ 1,  0,  7,  2],
       [ 0,  0,  1, 14]])]"
12,"[1.0, 1.0, 1.0, 1.0, 1.0, 1.0, 1.0, 1.0, 1.0, 1.0]","[1.0, 1.0, 1.0, 1.0, 1.0, 1.0, 1.0, 1.0, 1.0, 1.0]","[1.0, 1.0, 1.0, 1.0, 1.0, 1.0, 1.0, 1.0, 1.0, 1.0]","[1.0, 1.0, 1.0, 1.0, 1.0, 1.0, 1.0, 1.0, 1.0, 1.0]","[1.0, 1.0, 1.0, 1.0, 1.0, 1.0, 1.0, 1.0, 1.0, 1.0]","[1.0, 1.0, 1.0, 1.0, 1.0, 1.0, 1.0, 1.0, 1.0, 1.0]","[1.0, 1.0, 1.0, 1.0, 1.0, 1.0, 1.0, 1.0, 1.0, 1.0]","[1.0, 1.0, 1.0, 1.0, 1.0, 1.0, 1.0, 1.0, 1.0, 1.0]","[1.0, 1.0, 1.0, 1.0, 1.0, 1.0, 1.0, 1.0, 1.0, 1.0]","[1.0, 1.0, 1.0, 1.0, 1.0, 1.0, 1.0, 1.0, 1.0, 1.0]","[array([[100,   0,   0,   0],
       [  0, 134,   0,   0],
       [  0,   0,  89,   0],
       [  0,   0,   0, 134]]), array([[100,   0,   0,   0],
       [  0, 134,   0,   0],
       [  0,   0,  89,   0],
       [  0,   0,   0, 134]]), array([[101,   0,   0,   0],
       [  0, 134,   0,   0],
       [  0,   0,  89,   0],
       [  0,   0,   0, 134]]), array([[101,   0,   0,   0],
       [  0, 134,   0,   0],
       [  0,   0,  89,   0],
       [  0,   0,   0, 134]]), array([[101,   0,   0,   0],
       [  0, 135,   0,   0],
       [  0,   0,  89,   0],
       [  0,   0,   0, 135]]), array([[101,   0,   0,   0],
       [  0, 134,   0,   0],
       [  0,   0,  90,   0],
       [  0,   0,   0, 134]]), array([[101,   0,   0,   0],
       [  0, 134,   0,   0],
       [  0,   0,  89,   0],
       [  0,   0,   0, 134]]), array([[101,   0,   0,   0],
       [  0, 134,   0,   0],
       [  0,   0,  89,   0],
       [  0,   0,   0, 134]]), array([[101,   0,   0,   0],
       [  0, 134,   0,   0],
       [  0,   0,  89,   0],
       [  0,   0,   0, 134]]), array([[101,   0,   0,   0],
       [  0, 134,   0,   0],
       [  0,   0,  89,   0],
       [  0,   0,   0, 134]])]","[0.782608695652174, 0.8260869565217391, 0.7391304347826086, 0.8043478260869565, 0.7111111111111111, 0.7777777777777778, 0.7111111111111111, 0.7555555555555555, 0.8, 0.7555555555555555]","[0.782608695652174, 0.8260869565217391, 0.7391304347826086, 0.8043478260869565, 0.7111111111111111, 0.7777777777777778, 0.7111111111111111, 0.7555555555555555, 0.8, 0.7555555555555555]","[0.782608695652174, 0.8260869565217391, 0.7391304347826086, 0.8043478260869565, 0.7111111111111111, 0.7777777777777778, 0.7111111111111111, 0.7555555555555555, 0.8, 0.7555555555555555]","[0.782608695652174, 0.8260869565217391, 0.7391304347826086, 0.8043478260869565, 0.7111111111111111, 0.7777777777777778, 0.7111111111111111, 0.7555555555555555, 0.8, 0.7555555555555555]","[0.7966269841269842, 0.8472222222222222, 0.7682748538011696, 0.7984848484848485, 0.7297619047619047, 0.7980769230769231, 0.7198412698412698, 0.7601010101010102, 0.804162851037851, 0.7966269841269842]","[0.7930555555555555, 0.8180555555555555, 0.7234848484848485, 0.7984848484848485, 0.7100649350649351, 0.7734848484848484, 0.6946969696969696, 0.7378787878787879, 0.7856060606060605, 0.7328282828282828]","[0.7928573591991883, 0.8280971479500892, 0.7292446524064171, 0.7984848484848485, 0.6984873949579831, 0.7761974650345855, 0.6965311004784689, 0.7446524064171123, 0.7897212790039616, 0.7422077922077921]","[0.7945134575569359, 0.8333333333333334, 0.7617594711416222, 0.8043478260869565, 0.7370370370370372, 0.7982905982905982, 0.7258201058201059, 0.7574074074074074, 0.8031355989689323, 0.782010582010582]","[0.782608695652174, 0.8260869565217391, 0.7391304347826086, 0.8043478260869565, 0.7111111111111111, 0.7777777777777778, 0.7111111111111111, 0.7555555555555555, 0.8, 0.7555555555555555]","[0.7866679308567062, 0.8251181895683174, 0.734637293652639, 0.8043478260869565, 0.7037908496732026, 0.7790019834119029, 0.7074605706184655, 0.751950881362646, 0.7970162862353015, 0.7491871091871092]","[array([[11,  1,  0,  0],
       [ 0,  8,  0,  1],
       [ 0,  0,  7,  3],
       [ 0,  0,  5, 10]]), array([[11,  0,  0,  1],
       [ 1,  8,  0,  0],
       [ 0,  0,  6,  4],
       [ 0,  0,  2, 13]]), array([[ 8,  3,  0,  0],
       [ 1,  8,  0,  1],
       [ 0,  0,  5,  5],
       [ 0,  1,  1, 13]]), array([[ 8,  3,  0,  0],
       [ 2,  7,  0,  1],
       [ 0,  0,  9,  1],
       [ 1,  0,  1, 13]]), array([[ 5,  6,  0,  0],
       [ 1,  9,  0,  0],
       [ 0,  0,  7,  3],
       [ 0,  0,  3, 11]]), array([[ 8,  3,  0,  0],
       [ 0,  9,  0,  1],
       [ 0,  0,  6,  3],
       [ 0,  1,  2, 12]]), array([[ 6,  4,  1,  0],
       [ 1,  6,  0,  2],
       [ 0,  0,  7,  3],
       [ 0,  0,  2, 13]]), array([[ 9,  2,  0,  0],
       [ 2,  6,  0,  1],
       [ 0,  0,  6,  4],
       [ 0,  0,  2, 13]]), array([[10,  1,  0,  0],
       [ 3,  6,  0,  0],
       [ 0,  0,  7,  3],
       [ 0,  0,  2, 13]]), array([[10,  0,  0,  1],
       [ 3,  5,  0,  1],
       [ 1,  0,  6,  3],
       [ 0,  0,  2, 13]])]"
13,"[1.0, 1.0, 1.0, 1.0, 1.0, 1.0, 1.0, 1.0, 1.0, 1.0]","[1.0, 1.0, 1.0, 1.0, 1.0, 1.0, 1.0, 1.0, 1.0, 1.0]","[1.0, 1.0, 1.0, 1.0, 1.0, 1.0, 1.0, 1.0, 1.0, 1.0]","[1.0, 1.0, 1.0, 1.0, 1.0, 1.0, 1.0, 1.0, 1.0, 1.0]","[1.0, 1.0, 1.0, 1.0, 1.0, 1.0, 1.0, 1.0, 1.0, 1.0]","[1.0, 1.0, 1.0, 1.0, 1.0, 1.0, 1.0, 1.0, 1.0, 1.0]","[1.0, 1.0, 1.0, 1.0, 1.0, 1.0, 1.0, 1.0, 1.0, 1.0]","[1.0, 1.0, 1.0, 1.0, 1.0, 1.0, 1.0, 1.0, 1.0, 1.0]","[1.0, 1.0, 1.0, 1.0, 1.0, 1.0, 1.0, 1.0, 1.0, 1.0]","[1.0, 1.0, 1.0, 1.0, 1.0, 1.0, 1.0, 1.0, 1.0, 1.0]","[array([[100,   0,   0,   0],
       [  0, 134,   0,   0],
       [  0,   0,  89,   0],
       [  0,   0,   0, 134]]), array([[100,   0,   0,   0],
       [  0, 134,   0,   0],
       [  0,   0,  89,   0],
       [  0,   0,   0, 134]]), array([[101,   0,   0,   0],
       [  0, 134,   0,   0],
       [  0,   0,  89,   0],
       [  0,   0,   0, 134]]), array([[101,   0,   0,   0],
       [  0, 134,   0,   0],
       [  0,   0,  89,   0],
       [  0,   0,   0, 134]]), array([[101,   0,   0,   0],
       [  0, 135,   0,   0],
       [  0,   0,  89,   0],
       [  0,   0,   0, 135]]), array([[101,   0,   0,   0],
       [  0, 134,   0,   0],
       [  0,   0,  90,   0],
       [  0,   0,   0, 134]]), array([[101,   0,   0,   0],
       [  0, 134,   0,   0],
       [  0,   0,  89,   0],
       [  0,   0,   0, 134]]), array([[101,   0,   0,   0],
       [  0, 134,   0,   0],
       [  0,   0,  89,   0],
       [  0,   0,   0, 134]]), array([[101,   0,   0,   0],
       [  0, 134,   0,   0],
       [  0,   0,  89,   0],
       [  0,   0,   0, 134]]), array([[101,   0,   0,   0],
       [  0, 134,   0,   0],
       [  0,   0,  89,   0],
       [  0,   0,   0, 134]])]","[0.7608695652173914, 0.782608695652174, 0.782608695652174, 0.8260869565217391, 0.7777777777777778, 0.8222222222222222, 0.7111111111111111, 0.8, 0.8, 0.8]","[0.7608695652173914, 0.782608695652174, 0.782608695652174, 0.8260869565217391, 0.7777777777777778, 0.8222222222222222, 0.7111111111111111, 0.8, 0.8, 0.8]","[0.7608695652173914, 0.782608695652174, 0.782608695652174, 0.8260869565217391, 0.7777777777777778, 0.8222222222222222, 0.7111111111111111, 0.8, 0.8, 0.8]","[0.7608695652173914, 0.782608695652174, 0.782608695652174, 0.8260869565217391, 0.7777777777777778, 0.8222222222222222, 0.7111111111111111, 0.8, 0.8, 0.8]","[0.7744047619047619, 0.8111625216888375, 0.7929621848739495, 0.8293269230769231, 0.7811507936507935, 0.8225694444444445, 0.7198412698412698, 0.8082399626517274, 0.804162851037851, 0.8125]","[0.7722222222222223, 0.7652777777777778, 0.7734848484848486, 0.812878787878788, 0.7782467532467532, 0.8156565656565656, 0.6946969696969696, 0.7856060606060605, 0.7856060606060605, 0.7767676767676768]","[0.7693037452565583, 0.776985294117647, 0.7746172332569392, 0.8168152235427277, 0.775974025974026, 0.8184075780849974, 0.6965311004784689, 0.7922268306636155, 0.7897212790039616, 0.784966368490396]","[0.7771221532091097, 0.7947795911182638, 0.7900438436244063, 0.8313127090301002, 0.7839506172839507, 0.8241666666666666, 0.7258201058201059, 0.8028737420894283, 0.8031355989689323, 0.8067901234567901]","[0.7608695652173914, 0.782608695652174, 0.782608695652174, 0.8260869565217391, 0.7777777777777778, 0.8222222222222222, 0.7111111111111111, 0.8, 0.8, 0.8]","[0.7651413527685919, 0.7779987212276215, 0.7784585672213548, 0.8247551733471125, 0.7773737373737374, 0.8224270353302612, 0.7074605706184655, 0.7971364098652428, 0.7970162862353015, 0.7946004669116797]","[array([[10,  2,  0,  0],
       [ 0,  8,  0,  1],
       [ 0,  0,  7,  3],
       [ 0,  0,  5, 10]]), array([[11,  0,  0,  1],
       [ 2,  7,  0,  0],
       [ 0,  0,  5,  5],
       [ 0,  0,  2, 13]]), array([[ 8,  3,  0,  0],
       [ 1,  9,  0,  0],
       [ 0,  0,  6,  4],
       [ 1,  0,  1, 13]]), array([[ 9,  2,  0,  0],
       [ 3,  6,  0,  1],
       [ 0,  0,  9,  1],
       [ 1,  0,  0, 14]]), array([[ 8,  3,  0,  0],
       [ 1,  9,  0,  0],
       [ 0,  0,  7,  3],
       [ 0,  0,  3, 11]]), array([[ 9,  2,  0,  0],
       [ 1,  8,  0,  1],
       [ 0,  0,  7,  2],
       [ 0,  0,  2, 13]]), array([[ 6,  4,  1,  0],
       [ 1,  6,  0,  2],
       [ 0,  0,  7,  3],
       [ 0,  0,  2, 13]]), array([[10,  1,  0,  0],
       [ 2,  6,  0,  1],
       [ 0,  0,  7,  3],
       [ 0,  0,  2, 13]]), array([[10,  1,  0,  0],
       [ 3,  6,  0,  0],
       [ 0,  0,  7,  3],
       [ 0,  0,  2, 13]]), array([[ 9,  1,  0,  1],
       [ 3,  5,  0,  1],
       [ 0,  0,  8,  2],
       [ 0,  0,  1, 14]])]"
14,"[1.0, 1.0, 1.0, 1.0, 1.0, 1.0, 1.0, 1.0, 1.0, 1.0]","[1.0, 1.0, 1.0, 1.0, 1.0, 1.0, 1.0, 1.0, 1.0, 1.0]","[1.0, 1.0, 1.0, 1.0, 1.0, 1.0, 1.0, 1.0, 1.0, 1.0]","[1.0, 1.0, 1.0, 1.0, 1.0, 1.0, 1.0, 1.0, 1.0, 1.0]","[1.0, 1.0, 1.0, 1.0, 1.0, 1.0, 1.0, 1.0, 1.0, 1.0]","[1.0, 1.0, 1.0, 1.0, 1.0, 1.0, 1.0, 1.0, 1.0, 1.0]","[1.0, 1.0, 1.0, 1.0, 1.0, 1.0, 1.0, 1.0, 1.0, 1.0]","[1.0, 1.0, 1.0, 1.0, 1.0, 1.0, 1.0, 1.0, 1.0, 1.0]","[1.0, 1.0, 1.0, 1.0, 1.0, 1.0, 1.0, 1.0, 1.0, 1.0]","[1.0, 1.0, 1.0, 1.0, 1.0, 1.0, 1.0, 1.0, 1.0, 1.0]","[array([[100,   0,   0,   0],
       [  0, 134,   0,   0],
       [  0,   0,  89,   0],
       [  0,   0,   0, 134]]), array([[100,   0,   0,   0],
       [  0, 134,   0,   0],
       [  0,   0,  89,   0],
       [  0,   0,   0, 134]]), array([[101,   0,   0,   0],
       [  0, 134,   0,   0],
       [  0,   0,  89,   0],
       [  0,   0,   0, 134]]), array([[101,   0,   0,   0],
       [  0, 134,   0,   0],
       [  0,   0,  89,   0],
       [  0,   0,   0, 134]]), array([[101,   0,   0,   0],
       [  0, 135,   0,   0],
       [  0,   0,  89,   0],
       [  0,   0,   0, 135]]), array([[101,   0,   0,   0],
       [  0, 134,   0,   0],
       [  0,   0,  90,   0],
       [  0,   0,   0, 134]]), array([[101,   0,   0,   0],
       [  0, 134,   0,   0],
       [  0,   0,  89,   0],
       [  0,   0,   0, 134]]), array([[101,   0,   0,   0],
       [  0, 134,   0,   0],
       [  0,   0,  89,   0],
       [  0,   0,   0, 134]]), array([[101,   0,   0,   0],
       [  0, 134,   0,   0],
       [  0,   0,  89,   0],
       [  0,   0,   0, 134]]), array([[101,   0,   0,   0],
       [  0, 134,   0,   0],
       [  0,   0,  89,   0],
       [  0,   0,   0, 134]])]","[0.782608695652174, 0.8043478260869565, 0.7391304347826086, 0.8043478260869565, 0.7777777777777778, 0.8222222222222222, 0.7333333333333333, 0.8, 0.8222222222222222, 0.8444444444444444]","[0.782608695652174, 0.8043478260869565, 0.7391304347826086, 0.8043478260869565, 0.7777777777777778, 0.8222222222222222, 0.7333333333333333, 0.8, 0.8222222222222222, 0.8444444444444444]","[0.782608695652174, 0.8043478260869565, 0.7391304347826086, 0.8043478260869565, 0.7777777777777778, 0.8222222222222222, 0.7333333333333333, 0.8, 0.8222222222222222, 0.8444444444444444]","[0.782608695652174, 0.8043478260869565, 0.7391304347826086, 0.8043478260869565, 0.7777777777777778, 0.8222222222222222, 0.7333333333333333, 0.8, 0.8222222222222222, 0.8444444444444444]","[0.7966269841269842, 0.8287907268170426, 0.7536549707602339, 0.7974747474747476, 0.7811507936507935, 0.8429621848739496, 0.7372803666921314, 0.8082399626517274, 0.8246527777777778, 0.8646634615384616]","[0.7930555555555555, 0.7930555555555555, 0.7174242424242425, 0.7984848484848485, 0.7782467532467532, 0.8128787878787879, 0.7196969696969696, 0.7856060606060605, 0.8133838383838384, 0.8333333333333334]","[0.7928573591991883, 0.8026960784313726, 0.7189505347593583, 0.7969810890863522, 0.775974025974026, 0.8201704545454546, 0.7181625939849624, 0.7922268306636155, 0.8171616029596308, 0.8388440860215054]","[0.7945134575569359, 0.8131742399476954, 0.7523518942283245, 0.8034694773825208, 0.7839506172839507, 0.8374416433239963, 0.7460419319242848, 0.8028737420894283, 0.8223765432098765, 0.8554487179487179]","[0.782608695652174, 0.8043478260869565, 0.7391304347826086, 0.8043478260869565, 0.7777777777777778, 0.8222222222222222, 0.7333333333333333, 0.8, 0.8222222222222222, 0.8444444444444444]","[0.7866679308567062, 0.8005115089514065, 0.7299058358521274, 0.8030402092186989, 0.7773737373737374, 0.822651515151515, 0.7294242550821498, 0.7971364098652428, 0.8205788513579689, 0.8414217443249701]","[array([[11,  1,  0,  0],
       [ 0,  8,  0,  1],
       [ 0,  0,  7,  3],
       [ 0,  0,  5, 10]]), array([[11,  0,  0,  1],
       [ 1,  8,  0,  0],
       [ 0,  0,  5,  5],
       [ 0,  0,  2, 13]]), array([[ 7,  4,  0,  0],
       [ 2,  8,  0,  0],
       [ 0,  0,  5,  5],
       [ 0,  0,  1, 14]]), array([[ 8,  2,  1,  0],
       [ 2,  7,  0,  1],
       [ 0,  0,  9,  1],
       [ 1,  0,  1, 13]]), array([[ 8,  3,  0,  0],
       [ 1,  9,  0,  0],
       [ 0,  0,  7,  3],
       [ 0,  0,  3, 11]]), array([[ 9,  2,  0,  0],
       [ 0,  9,  0,  1],
       [ 0,  0,  6,  3],
       [ 0,  1,  1, 13]]), array([[ 6,  4,  1,  0],
       [ 1,  6,  0,  2],
       [ 0,  0,  8,  2],
       [ 0,  0,  2, 13]]), array([[10,  1,  0,  0],
       [ 2,  6,  0,  1],
       [ 0,  0,  7,  3],
       [ 0,  0,  2, 13]]), array([[10,  1,  0,  0],
       [ 2,  7,  0,  0],
       [ 0,  0,  7,  3],
       [ 0,  0,  2, 13]]), array([[11,  0,  0,  0],
       [ 2,  6,  0,  1],
       [ 0,  0,  8,  2],
       [ 0,  0,  2, 13]])]"
15,"[1.0, 1.0, 1.0, 1.0, 1.0, 1.0, 1.0, 1.0, 1.0, 1.0]","[1.0, 1.0, 1.0, 1.0, 1.0, 1.0, 1.0, 1.0, 1.0, 1.0]","[1.0, 1.0, 1.0, 1.0, 1.0, 1.0, 1.0, 1.0, 1.0, 1.0]","[1.0, 1.0, 1.0, 1.0, 1.0, 1.0, 1.0, 1.0, 1.0, 1.0]","[1.0, 1.0, 1.0, 1.0, 1.0, 1.0, 1.0, 1.0, 1.0, 1.0]","[1.0, 1.0, 1.0, 1.0, 1.0, 1.0, 1.0, 1.0, 1.0, 1.0]","[1.0, 1.0, 1.0, 1.0, 1.0, 1.0, 1.0, 1.0, 1.0, 1.0]","[1.0, 1.0, 1.0, 1.0, 1.0, 1.0, 1.0, 1.0, 1.0, 1.0]","[1.0, 1.0, 1.0, 1.0, 1.0, 1.0, 1.0, 1.0, 1.0, 1.0]","[1.0, 1.0, 1.0, 1.0, 1.0, 1.0, 1.0, 1.0, 1.0, 1.0]","[array([[100,   0,   0,   0],
       [  0, 134,   0,   0],
       [  0,   0,  89,   0],
       [  0,   0,   0, 134]]), array([[100,   0,   0,   0],
       [  0, 134,   0,   0],
       [  0,   0,  89,   0],
       [  0,   0,   0, 134]]), array([[101,   0,   0,   0],
       [  0, 134,   0,   0],
       [  0,   0,  89,   0],
       [  0,   0,   0, 134]]), array([[101,   0,   0,   0],
       [  0, 134,   0,   0],
       [  0,   0,  89,   0],
       [  0,   0,   0, 134]]), array([[101,   0,   0,   0],
       [  0, 135,   0,   0],
       [  0,   0,  89,   0],
       [  0,   0,   0, 135]]), array([[101,   0,   0,   0],
       [  0, 134,   0,   0],
       [  0,   0,  90,   0],
       [  0,   0,   0, 134]]), array([[101,   0,   0,   0],
       [  0, 134,   0,   0],
       [  0,   0,  89,   0],
       [  0,   0,   0, 134]]), array([[101,   0,   0,   0],
       [  0, 134,   0,   0],
       [  0,   0,  89,   0],
       [  0,   0,   0, 134]]), array([[101,   0,   0,   0],
       [  0, 134,   0,   0],
       [  0,   0,  89,   0],
       [  0,   0,   0, 134]]), array([[101,   0,   0,   0],
       [  0, 134,   0,   0],
       [  0,   0,  89,   0],
       [  0,   0,   0, 134]])]","[0.782608695652174, 0.782608695652174, 0.782608695652174, 0.8043478260869565, 0.7777777777777778, 0.8666666666666667, 0.7111111111111111, 0.8, 0.7777777777777778, 0.8]","[0.782608695652174, 0.782608695652174, 0.782608695652174, 0.8043478260869565, 0.7777777777777778, 0.8666666666666667, 0.7111111111111111, 0.8, 0.7777777777777778, 0.8]","[0.782608695652174, 0.782608695652174, 0.782608695652174, 0.8043478260869565, 0.7777777777777778, 0.8666666666666667, 0.7111111111111111, 0.8, 0.7777777777777778, 0.8]","[0.782608695652174, 0.782608695652174, 0.782608695652174, 0.8043478260869565, 0.7777777777777778, 0.8666666666666667, 0.7111111111111111, 0.8, 0.7777777777777778, 0.8]","[0.8051739926739927, 0.7896613190730838, 0.8027836134453782, 0.7958333333333333, 0.7811507936507935, 0.879177807486631, 0.7198412698412698, 0.805239898989899, 0.7725694444444444, 0.7951704545454545]","[0.7861111111111111, 0.7805555555555556, 0.7757575757575758, 0.7962121212121213, 0.7782467532467532, 0.8573232323232323, 0.6946969696969696, 0.7795454545454545, 0.7628787878787878, 0.787878787878788]","[0.7902547021943573, 0.7778117167919799, 0.7721394478844169, 0.7952135774218154, 0.775974025974026, 0.8639180672268907, 0.6965311004784689, 0.7875816993464053, 0.7660107078189659, 0.7906934621355874]","[0.7961856983596114, 0.792619287504198, 0.8002146510778224, 0.8025362318840579, 0.7839506172839507, 0.8757724301841948, 0.7258201058201059, 0.8037037037037037, 0.7770061728395062, 0.7986111111111112]","[0.782608695652174, 0.782608695652174, 0.782608695652174, 0.8043478260869565, 0.7777777777777778, 0.8666666666666667, 0.7111111111111111, 0.8, 0.7777777777777778, 0.8]","[0.7848579119531144, 0.780408221641059, 0.7757591308834747, 0.8027061983882201, 0.7773737373737374, 0.8668487394957983, 0.7074605706184655, 0.7968442595893576, 0.7757934009459202, 0.7985241408391315]","[array([[12,  0,  0,  0],
       [ 1,  7,  0,  1],
       [ 0,  0,  7,  3],
       [ 0,  0,  5, 10]]), array([[ 8,  3,  0,  1],
       [ 1,  8,  0,  0],
       [ 0,  0,  7,  3],
       [ 0,  0,  2, 13]]), array([[ 7,  4,  0,  0],
       [ 0, 10,  0,  0],
       [ 0,  0,  6,  4],
       [ 1,  0,  1, 13]]), array([[ 9,  2,  0,  0],
       [ 3,  6,  0,  1],
       [ 0,  0,  9,  1],
       [ 0,  1,  1, 13]]), array([[ 8,  3,  0,  0],
       [ 1,  9,  0,  0],
       [ 0,  0,  7,  3],
       [ 0,  0,  3, 11]]), array([[ 9,  2,  0,  0],
       [ 0,  9,  0,  1],
       [ 0,  0,  7,  2],
       [ 0,  0,  1, 14]]), array([[ 6,  4,  1,  0],
       [ 1,  6,  0,  2],
       [ 0,  0,  7,  3],
       [ 0,  0,  2, 13]]), array([[ 9,  2,  0,  0],
       [ 2,  6,  0,  1],
       [ 0,  0,  7,  3],
       [ 0,  0,  1, 14]]), array([[ 9,  2,  0,  0],
       [ 3,  6,  0,  0],
       [ 0,  0,  7,  3],
       [ 0,  0,  2, 13]]), array([[ 9,  2,  0,  0],
       [ 2,  6,  0,  1],
       [ 0,  0,  8,  2],
       [ 0,  0,  2, 13]])]"
16,"[1.0, 1.0, 1.0, 1.0, 1.0, 1.0, 1.0, 1.0, 1.0, 1.0]","[1.0, 1.0, 1.0, 1.0, 1.0, 1.0, 1.0, 1.0, 1.0, 1.0]","[1.0, 1.0, 1.0, 1.0, 1.0, 1.0, 1.0, 1.0, 1.0, 1.0]","[1.0, 1.0, 1.0, 1.0, 1.0, 1.0, 1.0, 1.0, 1.0, 1.0]","[1.0, 1.0, 1.0, 1.0, 1.0, 1.0, 1.0, 1.0, 1.0, 1.0]","[1.0, 1.0, 1.0, 1.0, 1.0, 1.0, 1.0, 1.0, 1.0, 1.0]","[1.0, 1.0, 1.0, 1.0, 1.0, 1.0, 1.0, 1.0, 1.0, 1.0]","[1.0, 1.0, 1.0, 1.0, 1.0, 1.0, 1.0, 1.0, 1.0, 1.0]","[1.0, 1.0, 1.0, 1.0, 1.0, 1.0, 1.0, 1.0, 1.0, 1.0]","[1.0, 1.0, 1.0, 1.0, 1.0, 1.0, 1.0, 1.0, 1.0, 1.0]","[array([[100,   0,   0,   0],
       [  0, 134,   0,   0],
       [  0,   0,  89,   0],
       [  0,   0,   0, 134]]), array([[100,   0,   0,   0],
       [  0, 134,   0,   0],
       [  0,   0,  89,   0],
       [  0,   0,   0, 134]]), array([[101,   0,   0,   0],
       [  0, 134,   0,   0],
       [  0,   0,  89,   0],
       [  0,   0,   0, 134]]), array([[101,   0,   0,   0],
       [  0, 134,   0,   0],
       [  0,   0,  89,   0],
       [  0,   0,   0, 134]]), array([[101,   0,   0,   0],
       [  0, 135,   0,   0],
       [  0,   0,  89,   0],
       [  0,   0,   0, 135]]), array([[101,   0,   0,   0],
       [  0, 134,   0,   0],
       [  0,   0,  90,   0],
       [  0,   0,   0, 134]]), array([[101,   0,   0,   0],
       [  0, 134,   0,   0],
       [  0,   0,  89,   0],
       [  0,   0,   0, 134]]), array([[101,   0,   0,   0],
       [  0, 134,   0,   0],
       [  0,   0,  89,   0],
       [  0,   0,   0, 134]]), array([[101,   0,   0,   0],
       [  0, 134,   0,   0],
       [  0,   0,  89,   0],
       [  0,   0,   0, 134]]), array([[101,   0,   0,   0],
       [  0, 134,   0,   0],
       [  0,   0,  89,   0],
       [  0,   0,   0, 134]])]","[0.8043478260869565, 0.8260869565217391, 0.7391304347826086, 0.8260869565217391, 0.7777777777777778, 0.8222222222222222, 0.7111111111111111, 0.8222222222222222, 0.7777777777777778, 0.8888888888888888]","[0.8043478260869565, 0.8260869565217391, 0.7391304347826086, 0.8260869565217391, 0.7777777777777778, 0.8222222222222222, 0.7111111111111111, 0.8222222222222222, 0.7777777777777778, 0.8888888888888888]","[0.8043478260869565, 0.8260869565217391, 0.7391304347826086, 0.8260869565217391, 0.7777777777777778, 0.8222222222222222, 0.7111111111111111, 0.8222222222222222, 0.7777777777777778, 0.8888888888888888]","[0.8043478260869565, 0.8260869565217391, 0.7391304347826086, 0.8260869565217391, 0.7777777777777778, 0.8222222222222222, 0.7111111111111111, 0.8222222222222222, 0.7777777777777778, 0.8888888888888888]","[0.824404761904762, 0.8541666666666666, 0.7471288515406163, 0.8212121212121212, 0.7811507936507935, 0.8449519230769231, 0.7198412698412698, 0.8358134920634921, 0.7725694444444444, 0.8861832611832612]","[0.8138888888888888, 0.8152777777777778, 0.7257575757575758, 0.8212121212121212, 0.7782467532467532, 0.817929292929293, 0.6946969696969696, 0.8022727272727272, 0.7628787878787878, 0.8911616161616162]","[0.8167988198414162, 0.8290968899521531, 0.7280804367201427, 0.8212121212121212, 0.775974025974026, 0.8217382619985323, 0.6965311004784689, 0.8114569609134826, 0.7660107078189659, 0.8879185948151466]","[0.8162525879917185, 0.8393719806763286, 0.7480148581171598, 0.8260869565217391, 0.7839506172839507, 0.8441239316239315, 0.7258201058201059, 0.8288359788359787, 0.7770061728395062, 0.8913419913419913]","[0.8043478260869565, 0.8260869565217391, 0.7391304347826086, 0.8260869565217391, 0.7777777777777778, 0.8222222222222222, 0.7111111111111111, 0.8222222222222222, 0.7777777777777778, 0.8888888888888888]","[0.8082402648942909, 0.8274261493655086, 0.7359213942493994, 0.8260869565217391, 0.7773737373737374, 0.8240367715206945, 0.7074605706184655, 0.8182281754745524, 0.7757934009459202, 0.8893267651888341]","[array([[12,  0,  0,  0],
       [ 0,  8,  0,  1],
       [ 0,  0,  7,  3],
       [ 0,  0,  5, 10]]), array([[11,  0,  0,  1],
       [ 1,  7,  0,  1],
       [ 0,  0,  7,  3],
       [ 0,  0,  2, 13]]), array([[ 7,  4,  0,  0],
       [ 2,  8,  0,  0],
       [ 0,  0,  6,  4],
       [ 1,  0,  1, 13]]), array([[ 9,  2,  0,  0],
       [ 2,  7,  0,  1],
       [ 0,  0,  9,  1],
       [ 0,  1,  1, 13]]), array([[ 8,  3,  0,  0],
       [ 1,  9,  0,  0],
       [ 0,  0,  7,  3],
       [ 0,  0,  3, 11]]), array([[ 8,  3,  0,  0],
       [ 0,  9,  0,  1],
       [ 0,  0,  7,  2],
       [ 0,  1,  1, 13]]), array([[ 6,  4,  1,  0],
       [ 1,  6,  0,  2],
       [ 0,  0,  7,  3],
       [ 0,  0,  2, 13]]), array([[10,  1,  0,  0],
       [ 2,  6,  0,  1],
       [ 0,  0,  7,  3],
       [ 0,  0,  1, 14]]), array([[ 9,  2,  0,  0],
       [ 3,  6,  0,  0],
       [ 0,  0,  7,  3],
       [ 0,  0,  2, 13]]), array([[10,  1,  0,  0],
       [ 1,  8,  0,  0],
       [ 0,  0,  9,  1],
       [ 0,  0,  2, 13]])]"
17,"[1.0, 1.0, 1.0, 1.0, 1.0, 1.0, 1.0, 1.0, 1.0, 1.0]","[1.0, 1.0, 1.0, 1.0, 1.0, 1.0, 1.0, 1.0, 1.0, 1.0]","[1.0, 1.0, 1.0, 1.0, 1.0, 1.0, 1.0, 1.0, 1.0, 1.0]","[1.0, 1.0, 1.0, 1.0, 1.0, 1.0, 1.0, 1.0, 1.0, 1.0]","[1.0, 1.0, 1.0, 1.0, 1.0, 1.0, 1.0, 1.0, 1.0, 1.0]","[1.0, 1.0, 1.0, 1.0, 1.0, 1.0, 1.0, 1.0, 1.0, 1.0]","[1.0, 1.0, 1.0, 1.0, 1.0, 1.0, 1.0, 1.0, 1.0, 1.0]","[1.0, 1.0, 1.0, 1.0, 1.0, 1.0, 1.0, 1.0, 1.0, 1.0]","[1.0, 1.0, 1.0, 1.0, 1.0, 1.0, 1.0, 1.0, 1.0, 1.0]","[1.0, 1.0, 1.0, 1.0, 1.0, 1.0, 1.0, 1.0, 1.0, 1.0]","[array([[100,   0,   0,   0],
       [  0, 134,   0,   0],
       [  0,   0,  89,   0],
       [  0,   0,   0, 134]]), array([[100,   0,   0,   0],
       [  0, 134,   0,   0],
       [  0,   0,  89,   0],
       [  0,   0,   0, 134]]), array([[101,   0,   0,   0],
       [  0, 134,   0,   0],
       [  0,   0,  89,   0],
       [  0,   0,   0, 134]]), array([[101,   0,   0,   0],
       [  0, 134,   0,   0],
       [  0,   0,  89,   0],
       [  0,   0,   0, 134]]), array([[101,   0,   0,   0],
       [  0, 135,   0,   0],
       [  0,   0,  89,   0],
       [  0,   0,   0, 135]]), array([[101,   0,   0,   0],
       [  0, 134,   0,   0],
       [  0,   0,  90,   0],
       [  0,   0,   0, 134]]), array([[101,   0,   0,   0],
       [  0, 134,   0,   0],
       [  0,   0,  89,   0],
       [  0,   0,   0, 134]]), array([[101,   0,   0,   0],
       [  0, 134,   0,   0],
       [  0,   0,  89,   0],
       [  0,   0,   0, 134]]), array([[101,   0,   0,   0],
       [  0, 134,   0,   0],
       [  0,   0,  89,   0],
       [  0,   0,   0, 134]]), array([[101,   0,   0,   0],
       [  0, 134,   0,   0],
       [  0,   0,  89,   0],
       [  0,   0,   0, 134]])]","[0.7391304347826086, 0.8478260869565217, 0.7608695652173914, 0.782608695652174, 0.7111111111111111, 0.8666666666666667, 0.7333333333333333, 0.8, 0.7555555555555555, 0.8888888888888888]","[0.7391304347826086, 0.8478260869565217, 0.7608695652173914, 0.782608695652174, 0.7111111111111111, 0.8666666666666667, 0.7333333333333333, 0.8, 0.7555555555555555, 0.8888888888888888]","[0.7391304347826086, 0.8478260869565217, 0.7608695652173914, 0.782608695652174, 0.7111111111111111, 0.8666666666666667, 0.7333333333333333, 0.8, 0.7555555555555555, 0.8888888888888888]","[0.7391304347826086, 0.8478260869565217, 0.7608695652173914, 0.782608695652174, 0.7111111111111111, 0.8666666666666667, 0.7333333333333333, 0.8, 0.7555555555555555, 0.8888888888888888]","[0.7461538461538462, 0.8647875816993463, 0.7635416666666667, 0.7844381313131313, 0.7127747252747252, 0.877724358974359, 0.7372803666921314, 0.8211152882205514, 0.75, 0.8876984126984127]","[0.748611111111111, 0.8430555555555556, 0.7507575757575758, 0.7734848484848486, 0.7077922077922078, 0.8656565656565657, 0.7196969696969696, 0.7772727272727273, 0.7462121212121211, 0.8934343434343435]","[0.7412404529109335, 0.851796310629515, 0.7526067122841317, 0.7773465922871695, 0.7032363517489375, 0.8649403239556692, 0.7181625939849624, 0.7872442455242967, 0.7471227621483376, 0.8879185948151466]","[0.7563545150501673, 0.8532253481102586, 0.767481884057971, 0.7878266359244621, 0.7200854700854701, 0.8792735042735043, 0.7460419319242848, 0.8112225006961848, 0.7555555555555555, 0.8924867724867726]","[0.7391304347826086, 0.8478260869565217, 0.7608695652173914, 0.782608695652174, 0.7111111111111111, 0.8666666666666667, 0.7333333333333333, 0.8, 0.7555555555555555, 0.8888888888888888]","[0.7417514830210084, 0.8484023758244715, 0.7600974683723632, 0.7836808008801808, 0.708975336892957, 0.8668314862176756, 0.7294242550821498, 0.7939329354930378, 0.7547030406365445, 0.888172364034433]","[array([[ 9,  3,  0,  0],
       [ 1,  7,  0,  1],
       [ 0,  0,  8,  2],
       [ 0,  0,  5, 10]]), array([[11,  0,  0,  1],
       [ 1,  8,  0,  0],
       [ 0,  0,  7,  3],
       [ 0,  0,  2, 13]]), array([[ 7,  4,  0,  0],
       [ 2,  8,  0,  0],
       [ 0,  0,  7,  3],
       [ 1,  0,  1, 13]]), array([[ 8,  3,  0,  0],
       [ 2,  7,  0,  1],
       [ 0,  0,  8,  2],
       [ 0,  1,  1, 13]]), array([[ 6,  5,  0,  0],
       [ 2,  8,  0,  0],
       [ 0,  0,  7,  3],
       [ 0,  0,  3, 11]]), array([[ 9,  2,  0,  0],
       [ 0, 10,  0,  0],
       [ 0,  0,  7,  2],
       [ 0,  1,  1, 13]]), array([[ 6,  4,  1,  0],
       [ 1,  6,  0,  2],
       [ 0,  0,  8,  2],
       [ 0,  0,  2, 13]]), array([[10,  1,  0,  0],
       [ 2,  6,  0,  1],
       [ 0,  0,  6,  4],
       [ 0,  0,  1, 14]]), array([[ 9,  2,  0,  0],
       [ 3,  6,  0,  0],
       [ 0,  0,  7,  3],
       [ 0,  0,  3, 12]]), array([[ 9,  1,  0,  1],
       [ 1,  8,  0,  0],
       [ 0,  0, 10,  0],
       [ 0,  0,  2, 13]])]"
18,"[1.0, 1.0, 1.0, 1.0, 1.0, 1.0, 1.0, 1.0, 1.0, 1.0]","[1.0, 1.0, 1.0, 1.0, 1.0, 1.0, 1.0, 1.0, 1.0, 1.0]","[1.0, 1.0, 1.0, 1.0, 1.0, 1.0, 1.0, 1.0, 1.0, 1.0]","[1.0, 1.0, 1.0, 1.0, 1.0, 1.0, 1.0, 1.0, 1.0, 1.0]","[1.0, 1.0, 1.0, 1.0, 1.0, 1.0, 1.0, 1.0, 1.0, 1.0]","[1.0, 1.0, 1.0, 1.0, 1.0, 1.0, 1.0, 1.0, 1.0, 1.0]","[1.0, 1.0, 1.0, 1.0, 1.0, 1.0, 1.0, 1.0, 1.0, 1.0]","[1.0, 1.0, 1.0, 1.0, 1.0, 1.0, 1.0, 1.0, 1.0, 1.0]","[1.0, 1.0, 1.0, 1.0, 1.0, 1.0, 1.0, 1.0, 1.0, 1.0]","[1.0, 1.0, 1.0, 1.0, 1.0, 1.0, 1.0, 1.0, 1.0, 1.0]","[array([[100,   0,   0,   0],
       [  0, 134,   0,   0],
       [  0,   0,  89,   0],
       [  0,   0,   0, 134]]), array([[100,   0,   0,   0],
       [  0, 134,   0,   0],
       [  0,   0,  89,   0],
       [  0,   0,   0, 134]]), array([[101,   0,   0,   0],
       [  0, 134,   0,   0],
       [  0,   0,  89,   0],
       [  0,   0,   0, 134]]), array([[101,   0,   0,   0],
       [  0, 134,   0,   0],
       [  0,   0,  89,   0],
       [  0,   0,   0, 134]]), array([[101,   0,   0,   0],
       [  0, 135,   0,   0],
       [  0,   0,  89,   0],
       [  0,   0,   0, 135]]), array([[101,   0,   0,   0],
       [  0, 134,   0,   0],
       [  0,   0,  90,   0],
       [  0,   0,   0, 134]]), array([[101,   0,   0,   0],
       [  0, 134,   0,   0],
       [  0,   0,  89,   0],
       [  0,   0,   0, 134]]), array([[101,   0,   0,   0],
       [  0, 134,   0,   0],
       [  0,   0,  89,   0],
       [  0,   0,   0, 134]]), array([[101,   0,   0,   0],
       [  0, 134,   0,   0],
       [  0,   0,  89,   0],
       [  0,   0,   0, 134]]), array([[101,   0,   0,   0],
       [  0, 134,   0,   0],
       [  0,   0,  89,   0],
       [  0,   0,   0, 134]])]","[0.8043478260869565, 0.8260869565217391, 0.7391304347826086, 0.7391304347826086, 0.7777777777777778, 0.8222222222222222, 0.7333333333333333, 0.7777777777777778, 0.7777777777777778, 0.8666666666666667]","[0.8043478260869565, 0.8260869565217391, 0.7391304347826086, 0.7391304347826086, 0.7777777777777778, 0.8222222222222222, 0.7333333333333333, 0.7777777777777778, 0.7777777777777778, 0.8666666666666667]","[0.8043478260869565, 0.8260869565217391, 0.7391304347826086, 0.7391304347826086, 0.7777777777777778, 0.8222222222222222, 0.7333333333333333, 0.7777777777777778, 0.7777777777777778, 0.8666666666666667]","[0.8043478260869565, 0.8260869565217391, 0.7391304347826086, 0.7391304347826086, 0.7777777777777778, 0.8222222222222222, 0.7333333333333333, 0.7777777777777778, 0.7777777777777778, 0.8666666666666667]","[0.8146464646464646, 0.8351158645276292, 0.7564102564102565, 0.7391562685680333, 0.7811507936507935, 0.821780303030303, 0.7409722222222221, 0.7905416951469584, 0.7815934065934065, 0.8795454545454546]","[0.8097222222222222, 0.8222222222222223, 0.7257575757575757, 0.7257575757575757, 0.7782467532467532, 0.8156565656565656, 0.7174242424242424, 0.7545454545454546, 0.7689393939393938, 0.8633838383838384]","[0.811352657004831, 0.8269490528858378, 0.7238718708827405, 0.7290021929824562, 0.775974025974026, 0.8175706646294881, 0.7228468899521532, 0.7633689839572193, 0.7708333333333333, 0.867093685300207]","[0.8122529644268773, 0.8295099330904957, 0.7531586770717206, 0.7427729985274741, 0.7839506172839507, 0.8255050505050505, 0.7435185185185186, 0.7860902255639097, 0.7816849816849817, 0.8744107744107745]","[0.8043478260869565, 0.8260869565217391, 0.7391304347826086, 0.7391304347826086, 0.7777777777777778, 0.8222222222222222, 0.7333333333333333, 0.7777777777777778, 0.7777777777777778, 0.8666666666666667]","[0.8074984247006931, 0.8258848622027659, 0.7303101907544252, 0.7374475591151792, 0.7773737373737374, 0.8229069405539993, 0.731632110579479, 0.7725490196078432, 0.775925925925926, 0.8669254658385094]","[array([[11,  1,  0,  0],
       [ 0,  8,  0,  1],
       [ 0,  0,  7,  3],
       [ 0,  0,  4, 11]]), array([[10,  1,  0,  1],
       [ 1,  8,  0,  0],
       [ 0,  0,  7,  3],
       [ 0,  0,  2, 13]]), array([[ 7,  4,  0,  0],
       [ 1,  9,  0,  0],
       [ 0,  0,  5,  5],
       [ 1,  0,  1, 13]]), array([[ 7,  3,  1,  0],
       [ 2,  7,  0,  1],
       [ 0,  0,  7,  3],
       [ 0,  1,  1, 13]]), array([[ 8,  3,  0,  0],
       [ 1,  9,  0,  0],
       [ 0,  0,  7,  3],
       [ 0,  0,  3, 11]]), array([[ 9,  2,  0,  0],
       [ 2,  8,  0,  0],
       [ 0,  0,  7,  2],
       [ 0,  1,  1, 13]]), array([[ 7,  3,  1,  0],
       [ 1,  6,  0,  2],
       [ 0,  0,  7,  3],
       [ 0,  0,  2, 13]]), array([[ 9,  2,  0,  0],
       [ 2,  6,  0,  1],
       [ 0,  0,  6,  4],
       [ 0,  0,  1, 14]]), array([[10,  1,  0,  0],
       [ 3,  6,  0,  0],
       [ 0,  0,  7,  3],
       [ 0,  0,  3, 12]]), array([[10,  0,  0,  1],
       [ 2,  7,  0,  0],
       [ 0,  0,  9,  1],
       [ 0,  0,  2, 13]])]"
19,"[1.0, 1.0, 1.0, 1.0, 1.0, 1.0, 1.0, 1.0, 1.0, 1.0]","[1.0, 1.0, 1.0, 1.0, 1.0, 1.0, 1.0, 1.0, 1.0, 1.0]","[1.0, 1.0, 1.0, 1.0, 1.0, 1.0, 1.0, 1.0, 1.0, 1.0]","[1.0, 1.0, 1.0, 1.0, 1.0, 1.0, 1.0, 1.0, 1.0, 1.0]","[1.0, 1.0, 1.0, 1.0, 1.0, 1.0, 1.0, 1.0, 1.0, 1.0]","[1.0, 1.0, 1.0, 1.0, 1.0, 1.0, 1.0, 1.0, 1.0, 1.0]","[1.0, 1.0, 1.0, 1.0, 1.0, 1.0, 1.0, 1.0, 1.0, 1.0]","[1.0, 1.0, 1.0, 1.0, 1.0, 1.0, 1.0, 1.0, 1.0, 1.0]","[1.0, 1.0, 1.0, 1.0, 1.0, 1.0, 1.0, 1.0, 1.0, 1.0]","[1.0, 1.0, 1.0, 1.0, 1.0, 1.0, 1.0, 1.0, 1.0, 1.0]","[array([[100,   0,   0,   0],
       [  0, 134,   0,   0],
       [  0,   0,  89,   0],
       [  0,   0,   0, 134]]), array([[100,   0,   0,   0],
       [  0, 134,   0,   0],
       [  0,   0,  89,   0],
       [  0,   0,   0, 134]]), array([[101,   0,   0,   0],
       [  0, 134,   0,   0],
       [  0,   0,  89,   0],
       [  0,   0,   0, 134]]), array([[101,   0,   0,   0],
       [  0, 134,   0,   0],
       [  0,   0,  89,   0],
       [  0,   0,   0, 134]]), array([[101,   0,   0,   0],
       [  0, 135,   0,   0],
       [  0,   0,  89,   0],
       [  0,   0,   0, 135]]), array([[101,   0,   0,   0],
       [  0, 134,   0,   0],
       [  0,   0,  90,   0],
       [  0,   0,   0, 134]]), array([[101,   0,   0,   0],
       [  0, 134,   0,   0],
       [  0,   0,  89,   0],
       [  0,   0,   0, 134]]), array([[101,   0,   0,   0],
       [  0, 134,   0,   0],
       [  0,   0,  89,   0],
       [  0,   0,   0, 134]]), array([[101,   0,   0,   0],
       [  0, 134,   0,   0],
       [  0,   0,  89,   0],
       [  0,   0,   0, 134]]), array([[101,   0,   0,   0],
       [  0, 134,   0,   0],
       [  0,   0,  89,   0],
       [  0,   0,   0, 134]])]","[0.8043478260869565, 0.8260869565217391, 0.7391304347826086, 0.7391304347826086, 0.7555555555555555, 0.8222222222222222, 0.7333333333333333, 0.8, 0.7333333333333333, 0.8666666666666667]","[0.8043478260869565, 0.8260869565217391, 0.7391304347826086, 0.7391304347826086, 0.7555555555555555, 0.8222222222222222, 0.7333333333333333, 0.8, 0.7333333333333333, 0.8666666666666667]","[0.8043478260869565, 0.8260869565217391, 0.7391304347826086, 0.7391304347826086, 0.7555555555555555, 0.8222222222222222, 0.7333333333333333, 0.8, 0.7333333333333333, 0.8666666666666667]","[0.8043478260869565, 0.8260869565217391, 0.7391304347826086, 0.7391304347826086, 0.7555555555555555, 0.8222222222222222, 0.7333333333333333, 0.8, 0.7333333333333333, 0.8666666666666667]","[0.8303571428571428, 0.8371991978609625, 0.7536764705882353, 0.7391562685680333, 0.7632554945054945, 0.821031746031746, 0.7409722222222221, 0.8211152882205514, 0.7266483516483515, 0.86875]","[0.8222222222222223, 0.8222222222222223, 0.728030303030303, 0.7257575757575757, 0.7555194805194805, 0.8207070707070707, 0.7174242424242424, 0.7772727272727273, 0.7184343434343434, 0.8656565656565657]","[0.8186274509803921, 0.8254870645817441, 0.7249903250773994, 0.7290021929824562, 0.7512912716574043, 0.8186545255510772, 0.7228468899521532, 0.7872442455242967, 0.71875, 0.8641074611662847]","[0.8253105590062112, 0.8332538944431527, 0.7547953964194373, 0.7427729985274741, 0.7677350427350427, 0.8310052910052911, 0.7435185185185186, 0.8112225006961848, 0.7343101343101343, 0.8690740740740741]","[0.8043478260869565, 0.8260869565217391, 0.7391304347826086, 0.7391304347826086, 0.7555555555555555, 0.8222222222222222, 0.7333333333333333, 0.8, 0.7333333333333333, 0.8666666666666667]","[0.8073316283034953, 0.8256306033672713, 0.7324715641405304, 0.7374475591151792, 0.7540300025425883, 0.8244879003499693, 0.731632110579479, 0.7939329354930378, 0.7305555555555555, 0.8651387827858416]","[array([[12,  0,  0,  0],
       [ 0,  8,  0,  1],
       [ 0,  0,  8,  2],
       [ 0,  0,  6,  9]]), array([[10,  1,  0,  1],
       [ 1,  8,  0,  0],
       [ 0,  0,  7,  3],
       [ 0,  1,  1, 13]]), array([[ 6,  5,  0,  0],
       [ 1,  9,  0,  0],
       [ 0,  0,  6,  4],
       [ 1,  0,  1, 13]]), array([[ 7,  3,  1,  0],
       [ 2,  7,  0,  1],
       [ 0,  0,  7,  3],
       [ 0,  1,  1, 13]]), array([[ 7,  4,  0,  0],
       [ 1,  9,  0,  0],
       [ 0,  0,  7,  3],
       [ 0,  0,  3, 11]]), array([[ 8,  3,  0,  0],
       [ 2,  8,  0,  0],
       [ 0,  0,  8,  1],
       [ 0,  1,  1, 13]]), array([[ 7,  3,  1,  0],
       [ 1,  6,  0,  2],
       [ 0,  0,  7,  3],
       [ 0,  0,  2, 13]]), array([[10,  1,  0,  0],
       [ 2,  6,  0,  1],
       [ 0,  0,  6,  4],
       [ 0,  0,  1, 14]]), array([[ 9,  2,  0,  0],
       [ 4,  5,  0,  0],
       [ 0,  0,  7,  3],
       [ 0,  0,  3, 12]]), array([[ 9,  1,  0,  1],
       [ 1,  7,  0,  1],
       [ 0,  0, 10,  0],
       [ 0,  0,  2, 13]])]"
20,"[1.0, 1.0, 1.0, 1.0, 1.0, 1.0, 1.0, 1.0, 1.0, 1.0]","[1.0, 1.0, 1.0, 1.0, 1.0, 1.0, 1.0, 1.0, 1.0, 1.0]","[1.0, 1.0, 1.0, 1.0, 1.0, 1.0, 1.0, 1.0, 1.0, 1.0]","[1.0, 1.0, 1.0, 1.0, 1.0, 1.0, 1.0, 1.0, 1.0, 1.0]","[1.0, 1.0, 1.0, 1.0, 1.0, 1.0, 1.0, 1.0, 1.0, 1.0]","[1.0, 1.0, 1.0, 1.0, 1.0, 1.0, 1.0, 1.0, 1.0, 1.0]","[1.0, 1.0, 1.0, 1.0, 1.0, 1.0, 1.0, 1.0, 1.0, 1.0]","[1.0, 1.0, 1.0, 1.0, 1.0, 1.0, 1.0, 1.0, 1.0, 1.0]","[1.0, 1.0, 1.0, 1.0, 1.0, 1.0, 1.0, 1.0, 1.0, 1.0]","[1.0, 1.0, 1.0, 1.0, 1.0, 1.0, 1.0, 1.0, 1.0, 1.0]","[array([[100,   0,   0,   0],
       [  0, 134,   0,   0],
       [  0,   0,  89,   0],
       [  0,   0,   0, 134]]), array([[100,   0,   0,   0],
       [  0, 134,   0,   0],
       [  0,   0,  89,   0],
       [  0,   0,   0, 134]]), array([[101,   0,   0,   0],
       [  0, 134,   0,   0],
       [  0,   0,  89,   0],
       [  0,   0,   0, 134]]), array([[101,   0,   0,   0],
       [  0, 134,   0,   0],
       [  0,   0,  89,   0],
       [  0,   0,   0, 134]]), array([[101,   0,   0,   0],
       [  0, 135,   0,   0],
       [  0,   0,  89,   0],
       [  0,   0,   0, 135]]), array([[101,   0,   0,   0],
       [  0, 134,   0,   0],
       [  0,   0,  90,   0],
       [  0,   0,   0, 134]]), array([[101,   0,   0,   0],
       [  0, 134,   0,   0],
       [  0,   0,  89,   0],
       [  0,   0,   0, 134]]), array([[101,   0,   0,   0],
       [  0, 134,   0,   0],
       [  0,   0,  89,   0],
       [  0,   0,   0, 134]]), array([[101,   0,   0,   0],
       [  0, 134,   0,   0],
       [  0,   0,  89,   0],
       [  0,   0,   0, 134]]), array([[101,   0,   0,   0],
       [  0, 134,   0,   0],
       [  0,   0,  89,   0],
       [  0,   0,   0, 134]])]","[0.8043478260869565, 0.8260869565217391, 0.7608695652173914, 0.717391304347826, 0.7777777777777778, 0.8666666666666667, 0.6666666666666666, 0.7777777777777778, 0.7555555555555555, 0.8888888888888888]","[0.8043478260869565, 0.8260869565217391, 0.7608695652173914, 0.717391304347826, 0.7777777777777778, 0.8666666666666667, 0.6666666666666666, 0.7777777777777778, 0.7555555555555555, 0.8888888888888888]","[0.8043478260869565, 0.8260869565217391, 0.7608695652173914, 0.717391304347826, 0.7777777777777778, 0.8666666666666667, 0.6666666666666666, 0.7777777777777778, 0.7555555555555555, 0.8888888888888888]","[0.8043478260869565, 0.8260869565217391, 0.7608695652173914, 0.717391304347826, 0.7777777777777778, 0.8666666666666667, 0.6666666666666666, 0.7777777777777778, 0.7555555555555555, 0.8888888888888888]","[0.824404761904762, 0.8351158645276292, 0.7729835523953171, 0.7106209150326797, 0.7811507936507935, 0.8668650793650794, 0.6861607142857142, 0.7776663695781343, 0.75, 0.9022727272727273]","[0.8138888888888888, 0.8222222222222223, 0.7507575757575757, 0.7007575757575757, 0.7782467532467532, 0.8684343434343434, 0.6613636363636363, 0.7628787878787878, 0.7462121212121211, 0.8883838383838384]","[0.8167988198414162, 0.8269490528858378, 0.7502477621483377, 0.7040021929824561, 0.775974025974026, 0.8651913220878739, 0.6619431643625192, 0.7683515690965381, 0.7471227621483376, 0.8899621212121213]","[0.8162525879917185, 0.8295099330904957, 0.7721880279425035, 0.7162688263711281, 0.7839506172839507, 0.873968253968254, 0.6942460317460318, 0.7777414669571532, 0.7555555555555555, 0.8962962962962964]","[0.8043478260869565, 0.8260869565217391, 0.7608695652173914, 0.717391304347826, 0.7777777777777778, 0.8666666666666667, 0.6666666666666666, 0.7777777777777778, 0.7555555555555555, 0.8888888888888888]","[0.8082402648942909, 0.8258848622027659, 0.755921967085511, 0.7149837909992371, 0.7773737373737374, 0.8679703438324129, 0.6693633725891791, 0.7757524939800482, 0.7547030406365445, 0.8881313131313132]","[array([[12,  0,  0,  0],
       [ 0,  8,  0,  1],
       [ 0,  0,  7,  3],
       [ 0,  0,  5, 10]]), array([[10,  1,  0,  1],
       [ 1,  8,  0,  0],
       [ 0,  0,  7,  3],
       [ 0,  0,  2, 13]]), array([[ 7,  4,  0,  0],
       [ 1,  9,  0,  0],
       [ 0,  0,  6,  4],
       [ 1,  0,  1, 13]]), array([[ 7,  3,  1,  0],
       [ 3,  6,  0,  1],
       [ 0,  0,  7,  3],
       [ 0,  1,  1, 13]]), array([[ 8,  3,  0,  0],
       [ 1,  9,  0,  0],
       [ 0,  0,  7,  3],
       [ 0,  0,  3, 11]]), array([[ 9,  2,  0,  0],
       [ 1,  9,  0,  0],
       [ 0,  0,  8,  1],
       [ 0,  1,  1, 13]]), array([[ 6,  4,  1,  0],
       [ 1,  6,  0,  2],
       [ 0,  0,  7,  3],
       [ 0,  2,  2, 11]]), array([[ 9,  2,  0,  0],
       [ 2,  6,  0,  1],
       [ 0,  0,  7,  3],
       [ 0,  0,  2, 13]]), array([[ 9,  2,  0,  0],
       [ 3,  6,  0,  0],
       [ 0,  0,  7,  3],
       [ 0,  0,  3, 12]]), array([[10,  0,  0,  1],
       [ 1,  7,  0,  1],
       [ 0,  0, 10,  0],
       [ 0,  0,  2, 13]])]"
21,"[1.0, 1.0, 1.0, 1.0, 1.0, 1.0, 1.0, 1.0, 1.0, 1.0]","[1.0, 1.0, 1.0, 1.0, 1.0, 1.0, 1.0, 1.0, 1.0, 1.0]","[1.0, 1.0, 1.0, 1.0, 1.0, 1.0, 1.0, 1.0, 1.0, 1.0]","[1.0, 1.0, 1.0, 1.0, 1.0, 1.0, 1.0, 1.0, 1.0, 1.0]","[1.0, 1.0, 1.0, 1.0, 1.0, 1.0, 1.0, 1.0, 1.0, 1.0]","[1.0, 1.0, 1.0, 1.0, 1.0, 1.0, 1.0, 1.0, 1.0, 1.0]","[1.0, 1.0, 1.0, 1.0, 1.0, 1.0, 1.0, 1.0, 1.0, 1.0]","[1.0, 1.0, 1.0, 1.0, 1.0, 1.0, 1.0, 1.0, 1.0, 1.0]","[1.0, 1.0, 1.0, 1.0, 1.0, 1.0, 1.0, 1.0, 1.0, 1.0]","[1.0, 1.0, 1.0, 1.0, 1.0, 1.0, 1.0, 1.0, 1.0, 1.0]","[array([[100,   0,   0,   0],
       [  0, 134,   0,   0],
       [  0,   0,  89,   0],
       [  0,   0,   0, 134]]), array([[100,   0,   0,   0],
       [  0, 134,   0,   0],
       [  0,   0,  89,   0],
       [  0,   0,   0, 134]]), array([[101,   0,   0,   0],
       [  0, 134,   0,   0],
       [  0,   0,  89,   0],
       [  0,   0,   0, 134]]), array([[101,   0,   0,   0],
       [  0, 134,   0,   0],
       [  0,   0,  89,   0],
       [  0,   0,   0, 134]]), array([[101,   0,   0,   0],
       [  0, 135,   0,   0],
       [  0,   0,  89,   0],
       [  0,   0,   0, 135]]), array([[101,   0,   0,   0],
       [  0, 134,   0,   0],
       [  0,   0,  90,   0],
       [  0,   0,   0, 134]]), array([[101,   0,   0,   0],
       [  0, 134,   0,   0],
       [  0,   0,  89,   0],
       [  0,   0,   0, 134]]), array([[101,   0,   0,   0],
       [  0, 134,   0,   0],
       [  0,   0,  89,   0],
       [  0,   0,   0, 134]]), array([[101,   0,   0,   0],
       [  0, 134,   0,   0],
       [  0,   0,  89,   0],
       [  0,   0,   0, 134]]), array([[101,   0,   0,   0],
       [  0, 134,   0,   0],
       [  0,   0,  89,   0],
       [  0,   0,   0, 134]])]","[0.782608695652174, 0.8478260869565217, 0.7608695652173914, 0.782608695652174, 0.7333333333333333, 0.8444444444444444, 0.7111111111111111, 0.8, 0.7555555555555555, 0.8444444444444444]","[0.782608695652174, 0.8478260869565217, 0.7608695652173914, 0.782608695652174, 0.7333333333333333, 0.8444444444444444, 0.7111111111111111, 0.8, 0.7555555555555555, 0.8444444444444444]","[0.782608695652174, 0.8478260869565217, 0.7608695652173914, 0.782608695652174, 0.7333333333333333, 0.8444444444444444, 0.7111111111111111, 0.8, 0.7555555555555555, 0.8444444444444444]","[0.782608695652174, 0.8478260869565217, 0.7608695652173914, 0.782608695652174, 0.7333333333333333, 0.8444444444444444, 0.7111111111111111, 0.8, 0.7555555555555555, 0.8444444444444444]","[0.8051739926739927, 0.8647875816993463, 0.7729835523953171, 0.782165404040404, 0.7325396825396825, 0.8496642246642248, 0.7198412698412698, 0.7951704545454545, 0.75, 0.8416666666666667]","[0.7861111111111111, 0.8430555555555556, 0.7507575757575757, 0.7734848484848486, 0.7305194805194806, 0.8457070707070707, 0.6946969696969696, 0.787878787878788, 0.7462121212121211, 0.842929292929293]","[0.7902547021943573, 0.851796310629515, 0.7502477621483377, 0.7770219169624942, 0.7282467532467531, 0.8420123271697485, 0.6965311004784689, 0.7906934621355874, 0.7471227621483376, 0.8383838383838385]","[0.7961856983596114, 0.8532253481102586, 0.7721880279425035, 0.7842693236714975, 0.7382716049382716, 0.8584316917650251, 0.7258201058201059, 0.7986111111111112, 0.7555555555555555, 0.8469135802469137]","[0.782608695652174, 0.8478260869565217, 0.7608695652173914, 0.782608695652174, 0.7333333333333333, 0.8444444444444444, 0.7111111111111111, 0.8, 0.7555555555555555, 0.8444444444444444]","[0.7848579119531144, 0.8484023758244715, 0.755921967085511, 0.7826456041928102, 0.7327272727272727, 0.8460969515242379, 0.7074605706184655, 0.7985241408391315, 0.7547030406365445, 0.842020202020202]","[array([[12,  0,  0,  0],
       [ 1,  7,  0,  1],
       [ 0,  0,  7,  3],
       [ 0,  0,  5, 10]]), array([[11,  0,  0,  1],
       [ 1,  8,  0,  0],
       [ 0,  0,  7,  3],
       [ 0,  0,  2, 13]]), array([[ 7,  4,  0,  0],
       [ 1,  9,  0,  0],
       [ 0,  0,  6,  4],
       [ 1,  0,  1, 13]]), array([[ 8,  3,  0,  0],
       [ 2,  7,  0,  1],
       [ 0,  0,  8,  2],
       [ 1,  0,  1, 13]]), array([[ 7,  4,  0,  0],
       [ 2,  8,  0,  0],
       [ 0,  0,  7,  3],
       [ 0,  0,  3, 11]]), array([[ 8,  3,  0,  0],
       [ 1,  9,  0,  0],
       [ 0,  0,  8,  1],
       [ 0,  1,  1, 13]]), array([[ 6,  4,  1,  0],
       [ 1,  6,  0,  2],
       [ 0,  0,  7,  3],
       [ 0,  0,  2, 13]]), array([[ 9,  2,  0,  0],
       [ 2,  6,  0,  1],
       [ 0,  0,  8,  2],
       [ 0,  0,  2, 13]]), array([[ 9,  2,  0,  0],
       [ 3,  6,  0,  0],
       [ 0,  0,  7,  3],
       [ 0,  0,  3, 12]]), array([[ 8,  2,  0,  1],
       [ 1,  7,  0,  1],
       [ 0,  0, 10,  0],
       [ 0,  0,  2, 13]])]"
22,"[1.0, 1.0, 1.0, 1.0, 1.0, 1.0, 1.0, 1.0, 1.0, 1.0]","[1.0, 1.0, 1.0, 1.0, 1.0, 1.0, 1.0, 1.0, 1.0, 1.0]","[1.0, 1.0, 1.0, 1.0, 1.0, 1.0, 1.0, 1.0, 1.0, 1.0]","[1.0, 1.0, 1.0, 1.0, 1.0, 1.0, 1.0, 1.0, 1.0, 1.0]","[1.0, 1.0, 1.0, 1.0, 1.0, 1.0, 1.0, 1.0, 1.0, 1.0]","[1.0, 1.0, 1.0, 1.0, 1.0, 1.0, 1.0, 1.0, 1.0, 1.0]","[1.0, 1.0, 1.0, 1.0, 1.0, 1.0, 1.0, 1.0, 1.0, 1.0]","[1.0, 1.0, 1.0, 1.0, 1.0, 1.0, 1.0, 1.0, 1.0, 1.0]","[1.0, 1.0, 1.0, 1.0, 1.0, 1.0, 1.0, 1.0, 1.0, 1.0]","[1.0, 1.0, 1.0, 1.0, 1.0, 1.0, 1.0, 1.0, 1.0, 1.0]","[array([[100,   0,   0,   0],
       [  0, 134,   0,   0],
       [  0,   0,  89,   0],
       [  0,   0,   0, 134]]), array([[100,   0,   0,   0],
       [  0, 134,   0,   0],
       [  0,   0,  89,   0],
       [  0,   0,   0, 134]]), array([[101,   0,   0,   0],
       [  0, 134,   0,   0],
       [  0,   0,  89,   0],
       [  0,   0,   0, 134]]), array([[101,   0,   0,   0],
       [  0, 134,   0,   0],
       [  0,   0,  89,   0],
       [  0,   0,   0, 134]]), array([[101,   0,   0,   0],
       [  0, 135,   0,   0],
       [  0,   0,  89,   0],
       [  0,   0,   0, 135]]), array([[101,   0,   0,   0],
       [  0, 134,   0,   0],
       [  0,   0,  90,   0],
       [  0,   0,   0, 134]]), array([[101,   0,   0,   0],
       [  0, 134,   0,   0],
       [  0,   0,  89,   0],
       [  0,   0,   0, 134]]), array([[101,   0,   0,   0],
       [  0, 134,   0,   0],
       [  0,   0,  89,   0],
       [  0,   0,   0, 134]]), array([[101,   0,   0,   0],
       [  0, 134,   0,   0],
       [  0,   0,  89,   0],
       [  0,   0,   0, 134]]), array([[101,   0,   0,   0],
       [  0, 134,   0,   0],
       [  0,   0,  89,   0],
       [  0,   0,   0, 134]])]","[0.782608695652174, 0.8478260869565217, 0.6956521739130435, 0.782608695652174, 0.7555555555555555, 0.8222222222222222, 0.7111111111111111, 0.8, 0.7555555555555555, 0.8222222222222222]","[0.782608695652174, 0.8478260869565217, 0.6956521739130435, 0.782608695652174, 0.7555555555555555, 0.8222222222222222, 0.7111111111111111, 0.8, 0.7555555555555555, 0.8222222222222222]","[0.782608695652174, 0.8478260869565217, 0.6956521739130435, 0.782608695652174, 0.7555555555555555, 0.8222222222222222, 0.7111111111111111, 0.8, 0.7555555555555555, 0.8222222222222222]","[0.782608695652174, 0.8478260869565217, 0.6956521739130435, 0.782608695652174, 0.7555555555555555, 0.8222222222222222, 0.7111111111111111, 0.8, 0.7555555555555555, 0.8222222222222222]","[0.7966269841269842, 0.8647875816993463, 0.7115896358543418, 0.7844381313131313, 0.7632554945054945, 0.821780303030303, 0.7198412698412698, 0.7951704545454545, 0.75, 0.8208333333333334]","[0.7930555555555555, 0.8430555555555556, 0.6840909090909091, 0.7734848484848486, 0.7555194805194805, 0.8156565656565656, 0.6946969696969696, 0.787878787878788, 0.7462121212121211, 0.8101010101010101]","[0.7928573591991883, 0.851796310629515, 0.6897281639928698, 0.7773465922871695, 0.7512912716574043, 0.8175706646294881, 0.6965311004784689, 0.7906934621355874, 0.7471227621483376, 0.8062582345191041]","[0.7945134575569359, 0.8532253481102586, 0.7107173304104251, 0.7878266359244621, 0.7677350427350427, 0.8255050505050505, 0.7258201058201059, 0.7986111111111112, 0.7555555555555555, 0.8240740740740742]","[0.782608695652174, 0.8478260869565217, 0.6956521739130435, 0.782608695652174, 0.7555555555555555, 0.8222222222222222, 0.7111111111111111, 0.8, 0.7555555555555555, 0.8222222222222222]","[0.7866679308567062, 0.8484023758244715, 0.6957781136169882, 0.7836808008801808, 0.7540300025425883, 0.8229069405539993, 0.7074605706184655, 0.7985241408391315, 0.7547030406365445, 0.8155467720685111]","[array([[11,  1,  0,  0],
       [ 0,  8,  0,  1],
       [ 0,  0,  7,  3],
       [ 0,  0,  5, 10]]), array([[11,  0,  0,  1],
       [ 1,  8,  0,  0],
       [ 0,  0,  7,  3],
       [ 0,  0,  2, 13]]), array([[ 7,  4,  0,  0],
       [ 2,  7,  0,  1],
       [ 0,  0,  6,  4],
       [ 1,  1,  1, 12]]), array([[ 8,  3,  0,  0],
       [ 2,  7,  0,  1],
       [ 0,  0,  8,  2],
       [ 0,  1,  1, 13]]), array([[ 7,  4,  0,  0],
       [ 1,  9,  0,  0],
       [ 0,  0,  7,  3],
       [ 0,  0,  3, 11]]), array([[ 9,  2,  0,  0],
       [ 2,  8,  0,  0],
       [ 0,  0,  7,  2],
       [ 0,  1,  1, 13]]), array([[ 6,  4,  1,  0],
       [ 1,  6,  0,  2],
       [ 0,  0,  7,  3],
       [ 0,  0,  2, 13]]), array([[ 9,  2,  0,  0],
       [ 2,  6,  0,  1],
       [ 0,  0,  8,  2],
       [ 0,  0,  2, 13]]), array([[ 9,  2,  0,  0],
       [ 3,  6,  0,  0],
       [ 0,  0,  7,  3],
       [ 0,  0,  3, 12]]), array([[ 9,  1,  0,  1],
       [ 3,  5,  0,  1],
       [ 0,  0, 10,  0],
       [ 0,  0,  2, 13]])]"
23,"[1.0, 1.0, 1.0, 1.0, 1.0, 1.0, 1.0, 1.0, 1.0, 1.0]","[1.0, 1.0, 1.0, 1.0, 1.0, 1.0, 1.0, 1.0, 1.0, 1.0]","[1.0, 1.0, 1.0, 1.0, 1.0, 1.0, 1.0, 1.0, 1.0, 1.0]","[1.0, 1.0, 1.0, 1.0, 1.0, 1.0, 1.0, 1.0, 1.0, 1.0]","[1.0, 1.0, 1.0, 1.0, 1.0, 1.0, 1.0, 1.0, 1.0, 1.0]","[1.0, 1.0, 1.0, 1.0, 1.0, 1.0, 1.0, 1.0, 1.0, 1.0]","[1.0, 1.0, 1.0, 1.0, 1.0, 1.0, 1.0, 1.0, 1.0, 1.0]","[1.0, 1.0, 1.0, 1.0, 1.0, 1.0, 1.0, 1.0, 1.0, 1.0]","[1.0, 1.0, 1.0, 1.0, 1.0, 1.0, 1.0, 1.0, 1.0, 1.0]","[1.0, 1.0, 1.0, 1.0, 1.0, 1.0, 1.0, 1.0, 1.0, 1.0]","[array([[100,   0,   0,   0],
       [  0, 134,   0,   0],
       [  0,   0,  89,   0],
       [  0,   0,   0, 134]]), array([[100,   0,   0,   0],
       [  0, 134,   0,   0],
       [  0,   0,  89,   0],
       [  0,   0,   0, 134]]), array([[101,   0,   0,   0],
       [  0, 134,   0,   0],
       [  0,   0,  89,   0],
       [  0,   0,   0, 134]]), array([[101,   0,   0,   0],
       [  0, 134,   0,   0],
       [  0,   0,  89,   0],
       [  0,   0,   0, 134]]), array([[101,   0,   0,   0],
       [  0, 135,   0,   0],
       [  0,   0,  89,   0],
       [  0,   0,   0, 135]]), array([[101,   0,   0,   0],
       [  0, 134,   0,   0],
       [  0,   0,  90,   0],
       [  0,   0,   0, 134]]), array([[101,   0,   0,   0],
       [  0, 134,   0,   0],
       [  0,   0,  89,   0],
       [  0,   0,   0, 134]]), array([[101,   0,   0,   0],
       [  0, 134,   0,   0],
       [  0,   0,  89,   0],
       [  0,   0,   0, 134]]), array([[101,   0,   0,   0],
       [  0, 134,   0,   0],
       [  0,   0,  89,   0],
       [  0,   0,   0, 134]]), array([[101,   0,   0,   0],
       [  0, 134,   0,   0],
       [  0,   0,  89,   0],
       [  0,   0,   0, 134]])]","[0.7608695652173914, 0.7608695652173914, 0.7608695652173914, 0.782608695652174, 0.7555555555555555, 0.8444444444444444, 0.6888888888888889, 0.8666666666666667, 0.7777777777777778, 0.8666666666666667]","[0.7608695652173914, 0.7608695652173914, 0.7608695652173914, 0.782608695652174, 0.7555555555555555, 0.8444444444444444, 0.6888888888888889, 0.8666666666666667, 0.7777777777777778, 0.8666666666666667]","[0.7608695652173914, 0.7608695652173914, 0.7608695652173914, 0.782608695652174, 0.7555555555555555, 0.8444444444444444, 0.6888888888888889, 0.8666666666666667, 0.7777777777777778, 0.8666666666666667]","[0.7608695652173914, 0.7608695652173914, 0.7608695652173914, 0.782608695652174, 0.7555555555555555, 0.8444444444444444, 0.6888888888888889, 0.8666666666666667, 0.7777777777777778, 0.8666666666666667]","[0.7723214285714286, 0.7708333333333333, 0.7866681929181929, 0.7793876262626263, 0.7532467532467533, 0.8496642246642248, 0.7021199388846449, 0.8781045751633987, 0.7725694444444444, 0.86875]","[0.7652777777777777, 0.7638888888888888, 0.7507575757575757, 0.7734848484848486, 0.7532467532467533, 0.8457070707070707, 0.678030303030303, 0.8601010101010103, 0.7628787878787878, 0.8656565656565657]","[0.7665537218022005, 0.7587112943649446, 0.753302985433824, 0.77570612748881, 0.7523809523809524, 0.8420123271697485, 0.6791666666666667, 0.8648026315789473, 0.7660107078189659, 0.8641074611662847]","[0.7700569358178054, 0.7759661835748792, 0.781583452779105, 0.7818538647342995, 0.7571717171717173, 0.8584316917650251, 0.709464391817333, 0.8764851125635439, 0.7770061728395062, 0.8690740740740741]","[0.7608695652173914, 0.7608695652173914, 0.7608695652173914, 0.782608695652174, 0.7555555555555555, 0.8444444444444444, 0.6888888888888889, 0.8666666666666667, 0.7777777777777778, 0.8666666666666667]","[0.7634832316462089, 0.760463571270392, 0.7567033796089142, 0.7815014394330848, 0.7555555555555555, 0.8460969515242379, 0.6885185185185185, 0.8672222222222222, 0.7757934009459202, 0.8651387827858416]","[array([[11,  1,  0,  0],
       [ 1,  7,  0,  1],
       [ 0,  0,  7,  3],
       [ 0,  0,  5, 10]]), array([[ 8,  3,  0,  1],
       [ 1,  8,  0,  0],
       [ 0,  0,  7,  3],
       [ 0,  1,  2, 12]]), array([[ 7,  4,  0,  0],
       [ 0,  9,  0,  1],
       [ 0,  0,  6,  4],
       [ 1,  0,  1, 13]]), array([[ 8,  2,  1,  0],
       [ 2,  7,  0,  1],
       [ 0,  0,  8,  2],
       [ 1,  0,  1, 13]]), array([[ 8,  3,  0,  0],
       [ 2,  8,  0,  0],
       [ 0,  0,  7,  3],
       [ 0,  0,  3, 11]]), array([[ 8,  3,  0,  0],
       [ 1,  9,  0,  0],
       [ 0,  0,  8,  1],
       [ 0,  1,  1, 13]]), array([[ 6,  4,  1,  0],
       [ 1,  6,  0,  2],
       [ 0,  0,  7,  3],
       [ 0,  1,  2, 12]]), array([[ 9,  2,  0,  0],
       [ 0,  8,  0,  1],
       [ 0,  0,  8,  2],
       [ 0,  0,  1, 14]]), array([[ 9,  2,  0,  0],
       [ 3,  6,  0,  0],
       [ 0,  0,  7,  3],
       [ 0,  0,  2, 13]]), array([[ 9,  1,  0,  1],
       [ 1,  7,  0,  1],
       [ 0,  0, 10,  0],
       [ 0,  0,  2, 13]])]"
24,"[1.0, 1.0, 1.0, 1.0, 1.0, 1.0, 1.0, 1.0, 1.0, 1.0]","[1.0, 1.0, 1.0, 1.0, 1.0, 1.0, 1.0, 1.0, 1.0, 1.0]","[1.0, 1.0, 1.0, 1.0, 1.0, 1.0, 1.0, 1.0, 1.0, 1.0]","[1.0, 1.0, 1.0, 1.0, 1.0, 1.0, 1.0, 1.0, 1.0, 1.0]","[1.0, 1.0, 1.0, 1.0, 1.0, 1.0, 1.0, 1.0, 1.0, 1.0]","[1.0, 1.0, 1.0, 1.0, 1.0, 1.0, 1.0, 1.0, 1.0, 1.0]","[1.0, 1.0, 1.0, 1.0, 1.0, 1.0, 1.0, 1.0, 1.0, 1.0]","[1.0, 1.0, 1.0, 1.0, 1.0, 1.0, 1.0, 1.0, 1.0, 1.0]","[1.0, 1.0, 1.0, 1.0, 1.0, 1.0, 1.0, 1.0, 1.0, 1.0]","[1.0, 1.0, 1.0, 1.0, 1.0, 1.0, 1.0, 1.0, 1.0, 1.0]","[array([[100,   0,   0,   0],
       [  0, 134,   0,   0],
       [  0,   0,  89,   0],
       [  0,   0,   0, 134]]), array([[100,   0,   0,   0],
       [  0, 134,   0,   0],
       [  0,   0,  89,   0],
       [  0,   0,   0, 134]]), array([[101,   0,   0,   0],
       [  0, 134,   0,   0],
       [  0,   0,  89,   0],
       [  0,   0,   0, 134]]), array([[101,   0,   0,   0],
       [  0, 134,   0,   0],
       [  0,   0,  89,   0],
       [  0,   0,   0, 134]]), array([[101,   0,   0,   0],
       [  0, 135,   0,   0],
       [  0,   0,  89,   0],
       [  0,   0,   0, 135]]), array([[101,   0,   0,   0],
       [  0, 134,   0,   0],
       [  0,   0,  90,   0],
       [  0,   0,   0, 134]]), array([[101,   0,   0,   0],
       [  0, 134,   0,   0],
       [  0,   0,  89,   0],
       [  0,   0,   0, 134]]), array([[101,   0,   0,   0],
       [  0, 134,   0,   0],
       [  0,   0,  89,   0],
       [  0,   0,   0, 134]]), array([[101,   0,   0,   0],
       [  0, 134,   0,   0],
       [  0,   0,  89,   0],
       [  0,   0,   0, 134]]), array([[101,   0,   0,   0],
       [  0, 134,   0,   0],
       [  0,   0,  89,   0],
       [  0,   0,   0, 134]])]","[0.6956521739130435, 0.8260869565217391, 0.7391304347826086, 0.7608695652173914, 0.7333333333333333, 0.8222222222222222, 0.6888888888888889, 0.8222222222222222, 0.7555555555555555, 0.8888888888888888]","[0.6956521739130435, 0.8260869565217391, 0.7391304347826086, 0.7608695652173914, 0.7333333333333333, 0.8222222222222222, 0.6888888888888889, 0.8222222222222222, 0.7555555555555555, 0.8888888888888888]","[0.6956521739130435, 0.8260869565217391, 0.7391304347826086, 0.7608695652173914, 0.7333333333333333, 0.8222222222222222, 0.6888888888888889, 0.8222222222222222, 0.7555555555555555, 0.8888888888888888]","[0.6956521739130435, 0.8260869565217391, 0.7391304347826086, 0.7608695652173914, 0.7333333333333333, 0.8222222222222222, 0.6888888888888889, 0.8222222222222222, 0.7555555555555555, 0.8888888888888888]","[0.6956168831168832, 0.8471593765711413, 0.7712128879892037, 0.7606209150326797, 0.7325396825396825, 0.821780303030303, 0.6998472116119175, 0.8201500297088533, 0.749217796092796, 0.8876984126984127]","[0.6958333333333332, 0.8152777777777778, 0.7257575757575757, 0.7484848484848484, 0.7305194805194806, 0.8156565656565656, 0.678030303030303, 0.8045454545454547, 0.7351010101010101, 0.8934343434343435]","[0.6938235427740675, 0.8260855263157895, 0.7272891708170682, 0.7528117167919799, 0.7282467532467531, 0.8175706646294881, 0.6787280701754386, 0.8102923585702224, 0.7376379456706282, 0.8879185948151466]","[0.7036043666478449, 0.8348306992808271, 0.7640123511118935, 0.7619210002841718, 0.7382716049382716, 0.8255050505050505, 0.7062320685850098, 0.8220406681190996, 0.755760751594085, 0.8924867724867726]","[0.6956521739130435, 0.8260869565217391, 0.7391304347826086, 0.7608695652173914, 0.7333333333333333, 0.8222222222222222, 0.6888888888888889, 0.8222222222222222, 0.7555555555555555, 0.8888888888888888]","[0.6978210499493337, 0.8258895881006865, 0.7315638771676215, 0.759497248556173, 0.7327272727272727, 0.8229069405539993, 0.6874269005847953, 0.8199776401788786, 0.7516459158649311, 0.888172364034433]","[array([[ 9,  3,  0,  0],
       [ 2,  6,  0,  1],
       [ 0,  0,  7,  3],
       [ 0,  0,  5, 10]]), array([[11,  0,  0,  1],
       [ 2,  7,  0,  0],
       [ 0,  0,  7,  3],
       [ 0,  0,  2, 13]]), array([[ 7,  4,  0,  0],
       [ 0,  9,  0,  1],
       [ 0,  0,  5,  5],
       [ 1,  0,  1, 13]]), array([[ 8,  2,  1,  0],
       [ 2,  7,  0,  1],
       [ 0,  0,  7,  3],
       [ 0,  1,  1, 13]]), array([[ 7,  4,  0,  0],
       [ 2,  8,  0,  0],
       [ 0,  0,  7,  3],
       [ 0,  0,  3, 11]]), array([[ 9,  2,  0,  0],
       [ 2,  8,  0,  0],
       [ 0,  0,  7,  2],
       [ 0,  1,  1, 13]]), array([[ 6,  4,  1,  0],
       [ 1,  6,  0,  2],
       [ 0,  0,  7,  3],
       [ 0,  0,  3, 12]]), array([[ 9,  2,  0,  0],
       [ 2,  6,  0,  1],
       [ 0,  0,  8,  2],
       [ 0,  0,  1, 14]]), array([[ 9,  2,  0,  0],
       [ 4,  5,  0,  0],
       [ 0,  0,  7,  3],
       [ 0,  0,  2, 13]]), array([[ 9,  1,  0,  1],
       [ 1,  8,  0,  0],
       [ 0,  0, 10,  0],
       [ 0,  0,  2, 13]])]"
25,"[1.0, 1.0, 1.0, 1.0, 1.0, 1.0, 1.0, 1.0, 1.0, 1.0]","[1.0, 1.0, 1.0, 1.0, 1.0, 1.0, 1.0, 1.0, 1.0, 1.0]","[1.0, 1.0, 1.0, 1.0, 1.0, 1.0, 1.0, 1.0, 1.0, 1.0]","[1.0, 1.0, 1.0, 1.0, 1.0, 1.0, 1.0, 1.0, 1.0, 1.0]","[1.0, 1.0, 1.0, 1.0, 1.0, 1.0, 1.0, 1.0, 1.0, 1.0]","[1.0, 1.0, 1.0, 1.0, 1.0, 1.0, 1.0, 1.0, 1.0, 1.0]","[1.0, 1.0, 1.0, 1.0, 1.0, 1.0, 1.0, 1.0, 1.0, 1.0]","[1.0, 1.0, 1.0, 1.0, 1.0, 1.0, 1.0, 1.0, 1.0, 1.0]","[1.0, 1.0, 1.0, 1.0, 1.0, 1.0, 1.0, 1.0, 1.0, 1.0]","[1.0, 1.0, 1.0, 1.0, 1.0, 1.0, 1.0, 1.0, 1.0, 1.0]","[array([[100,   0,   0,   0],
       [  0, 134,   0,   0],
       [  0,   0,  89,   0],
       [  0,   0,   0, 134]]), array([[100,   0,   0,   0],
       [  0, 134,   0,   0],
       [  0,   0,  89,   0],
       [  0,   0,   0, 134]]), array([[101,   0,   0,   0],
       [  0, 134,   0,   0],
       [  0,   0,  89,   0],
       [  0,   0,   0, 134]]), array([[101,   0,   0,   0],
       [  0, 134,   0,   0],
       [  0,   0,  89,   0],
       [  0,   0,   0, 134]]), array([[101,   0,   0,   0],
       [  0, 135,   0,   0],
       [  0,   0,  89,   0],
       [  0,   0,   0, 135]]), array([[101,   0,   0,   0],
       [  0, 134,   0,   0],
       [  0,   0,  90,   0],
       [  0,   0,   0, 134]]), array([[101,   0,   0,   0],
       [  0, 134,   0,   0],
       [  0,   0,  89,   0],
       [  0,   0,   0, 134]]), array([[101,   0,   0,   0],
       [  0, 134,   0,   0],
       [  0,   0,  89,   0],
       [  0,   0,   0, 134]]), array([[101,   0,   0,   0],
       [  0, 134,   0,   0],
       [  0,   0,  89,   0],
       [  0,   0,   0, 134]]), array([[101,   0,   0,   0],
       [  0, 134,   0,   0],
       [  0,   0,  89,   0],
       [  0,   0,   0, 134]])]","[0.7608695652173914, 0.8260869565217391, 0.717391304347826, 0.782608695652174, 0.7555555555555555, 0.8, 0.7333333333333333, 0.8222222222222222, 0.7333333333333333, 0.8444444444444444]","[0.7608695652173914, 0.8260869565217391, 0.717391304347826, 0.782608695652174, 0.7555555555555555, 0.8, 0.7333333333333333, 0.8222222222222222, 0.7333333333333333, 0.8444444444444444]","[0.7608695652173914, 0.8260869565217391, 0.717391304347826, 0.782608695652174, 0.7555555555555555, 0.8, 0.7333333333333333, 0.8222222222222222, 0.7333333333333333, 0.8444444444444444]","[0.7608695652173914, 0.8260869565217391, 0.717391304347826, 0.782608695652174, 0.7555555555555555, 0.8, 0.7333333333333333, 0.8222222222222222, 0.7333333333333333, 0.8444444444444444]","[0.7723214285714286, 0.8371991978609625, 0.728932178932179, 0.7881944444444444, 0.7632554945054945, 0.8020833333333334, 0.7372803666921314, 0.8201500297088533, 0.7266483516483515, 0.8416666666666667]","[0.7652777777777777, 0.8222222222222223, 0.7007575757575758, 0.7651515151515151, 0.7555194805194805, 0.7929292929292929, 0.7196969696969696, 0.8045454545454547, 0.7184343434343434, 0.842929292929293]","[0.7665537218022005, 0.8254870645817441, 0.7067736185383244, 0.7720418470418471, 0.7512912716574043, 0.7948433919022154, 0.7181625939849624, 0.8102923585702224, 0.71875, 0.8383838383838385]","[0.7700569358178054, 0.8332538944431527, 0.7275738753999623, 0.7873188405797101, 0.7677350427350427, 0.8075925925925926, 0.7460419319242848, 0.8220406681190996, 0.7343101343101343, 0.8469135802469137]","[0.7608695652173914, 0.8260869565217391, 0.717391304347826, 0.782608695652174, 0.7555555555555555, 0.8, 0.7333333333333333, 0.8222222222222222, 0.7333333333333333, 0.8444444444444444]","[0.7634832316462089, 0.8256306033672713, 0.7147175075563822, 0.7801304975218019, 0.7540300025425883, 0.801454319101378, 0.7294242550821498, 0.8199776401788786, 0.7305555555555555, 0.842020202020202]","[array([[11,  1,  0,  0],
       [ 1,  7,  0,  1],
       [ 0,  0,  7,  3],
       [ 0,  0,  5, 10]]), array([[10,  1,  0,  1],
       [ 1,  8,  0,  0],
       [ 0,  0,  7,  3],
       [ 0,  1,  1, 13]]), array([[ 7,  4,  0,  0],
       [ 2,  7,  0,  1],
       [ 0,  0,  6,  4],
       [ 1,  0,  1, 13]]), array([[ 8,  2,  1,  0],
       [ 2,  7,  0,  1],
       [ 0,  0,  7,  3],
       [ 0,  1,  0, 14]]), array([[ 7,  4,  0,  0],
       [ 1,  9,  0,  0],
       [ 0,  0,  7,  3],
       [ 0,  0,  3, 11]]), array([[ 8,  3,  0,  0],
       [ 2,  8,  0,  0],
       [ 0,  0,  7,  2],
       [ 0,  1,  1, 13]]), array([[ 6,  4,  1,  0],
       [ 1,  6,  0,  2],
       [ 0,  0,  8,  2],
       [ 0,  0,  2, 13]]), array([[ 9,  2,  0,  0],
       [ 2,  6,  0,  1],
       [ 0,  0,  8,  2],
       [ 0,  0,  1, 14]]), array([[ 9,  2,  0,  0],
       [ 4,  5,  0,  0],
       [ 0,  0,  7,  3],
       [ 0,  0,  3, 12]]), array([[ 8,  2,  0,  1],
       [ 1,  7,  0,  1],
       [ 0,  0, 10,  0],
       [ 0,  0,  2, 13]])]"
26,"[1.0, 1.0, 1.0, 1.0, 1.0, 1.0, 1.0, 1.0, 1.0, 1.0]","[1.0, 1.0, 1.0, 1.0, 1.0, 1.0, 1.0, 1.0, 1.0, 1.0]","[1.0, 1.0, 1.0, 1.0, 1.0, 1.0, 1.0, 1.0, 1.0, 1.0]","[1.0, 1.0, 1.0, 1.0, 1.0, 1.0, 1.0, 1.0, 1.0, 1.0]","[1.0, 1.0, 1.0, 1.0, 1.0, 1.0, 1.0, 1.0, 1.0, 1.0]","[1.0, 1.0, 1.0, 1.0, 1.0, 1.0, 1.0, 1.0, 1.0, 1.0]","[1.0, 1.0, 1.0, 1.0, 1.0, 1.0, 1.0, 1.0, 1.0, 1.0]","[1.0, 1.0, 1.0, 1.0, 1.0, 1.0, 1.0, 1.0, 1.0, 1.0]","[1.0, 1.0, 1.0, 1.0, 1.0, 1.0, 1.0, 1.0, 1.0, 1.0]","[1.0, 1.0, 1.0, 1.0, 1.0, 1.0, 1.0, 1.0, 1.0, 1.0]","[array([[100,   0,   0,   0],
       [  0, 134,   0,   0],
       [  0,   0,  89,   0],
       [  0,   0,   0, 134]]), array([[100,   0,   0,   0],
       [  0, 134,   0,   0],
       [  0,   0,  89,   0],
       [  0,   0,   0, 134]]), array([[101,   0,   0,   0],
       [  0, 134,   0,   0],
       [  0,   0,  89,   0],
       [  0,   0,   0, 134]]), array([[101,   0,   0,   0],
       [  0, 134,   0,   0],
       [  0,   0,  89,   0],
       [  0,   0,   0, 134]]), array([[101,   0,   0,   0],
       [  0, 135,   0,   0],
       [  0,   0,  89,   0],
       [  0,   0,   0, 135]]), array([[101,   0,   0,   0],
       [  0, 134,   0,   0],
       [  0,   0,  90,   0],
       [  0,   0,   0, 134]]), array([[101,   0,   0,   0],
       [  0, 134,   0,   0],
       [  0,   0,  89,   0],
       [  0,   0,   0, 134]]), array([[101,   0,   0,   0],
       [  0, 134,   0,   0],
       [  0,   0,  89,   0],
       [  0,   0,   0, 134]]), array([[101,   0,   0,   0],
       [  0, 134,   0,   0],
       [  0,   0,  89,   0],
       [  0,   0,   0, 134]]), array([[101,   0,   0,   0],
       [  0, 134,   0,   0],
       [  0,   0,  89,   0],
       [  0,   0,   0, 134]])]","[0.7608695652173914, 0.8043478260869565, 0.7391304347826086, 0.782608695652174, 0.7333333333333333, 0.8222222222222222, 0.7111111111111111, 0.8222222222222222, 0.7555555555555555, 0.8888888888888888]","[0.7608695652173914, 0.8043478260869565, 0.7391304347826086, 0.782608695652174, 0.7333333333333333, 0.8222222222222222, 0.7111111111111111, 0.8222222222222222, 0.7555555555555555, 0.8888888888888888]","[0.7608695652173914, 0.8043478260869565, 0.7391304347826086, 0.782608695652174, 0.7333333333333333, 0.8222222222222222, 0.7111111111111111, 0.8222222222222222, 0.7555555555555555, 0.8888888888888888]","[0.7608695652173914, 0.8043478260869565, 0.7391304347826086, 0.782608695652174, 0.7333333333333333, 0.8222222222222222, 0.7111111111111111, 0.8222222222222222, 0.7555555555555555, 0.8888888888888888]","[0.7744047619047619, 0.812232905982906, 0.7564102564102565, 0.7881944444444444, 0.7317821067821068, 0.821780303030303, 0.7184659090909091, 0.8201500297088533, 0.75, 0.9022727272727273]","[0.7722222222222223, 0.7986111111111112, 0.7257575757575757, 0.7651515151515151, 0.7305194805194806, 0.8156565656565656, 0.7068181818181818, 0.8045454545454547, 0.7462121212121211, 0.8883838383838384]","[0.7693037452565583, 0.8036412663537402, 0.7238718708827405, 0.7720418470418471, 0.7285714285714285, 0.8175706646294881, 0.7110328002168609, 0.8102923585702224, 0.7471227621483376, 0.8899621212121213]","[0.7771221532091097, 0.8055787811222593, 0.7531586770717206, 0.7873188405797101, 0.7375982042648709, 0.8255050505050505, 0.7161363636363637, 0.8220406681190996, 0.7555555555555555, 0.8962962962962964]","[0.7608695652173914, 0.8043478260869565, 0.7391304347826086, 0.782608695652174, 0.7333333333333333, 0.8222222222222222, 0.7111111111111111, 0.8222222222222222, 0.7555555555555555, 0.8888888888888888]","[0.7651413527685919, 0.8033280213982693, 0.7303101907544252, 0.7801304975218019, 0.7330158730158729, 0.8229069405539993, 0.7121271447647158, 0.8199776401788786, 0.7547030406365445, 0.8881313131313132]","[array([[10,  2,  0,  0],
       [ 0,  8,  0,  1],
       [ 0,  0,  7,  3],
       [ 0,  0,  5, 10]]), array([[11,  0,  0,  1],
       [ 2,  7,  0,  0],
       [ 0,  0,  7,  3],
       [ 0,  1,  2, 12]]), array([[ 7,  4,  0,  0],
       [ 1,  9,  0,  0],
       [ 0,  0,  5,  5],
       [ 1,  0,  1, 13]]), array([[ 8,  2,  1,  0],
       [ 2,  7,  0,  1],
       [ 0,  0,  7,  3],
       [ 0,  1,  0, 14]]), array([[ 7,  3,  1,  0],
       [ 2,  8,  0,  0],
       [ 0,  0,  7,  3],
       [ 0,  0,  3, 11]]), array([[ 9,  2,  0,  0],
       [ 2,  8,  0,  0],
       [ 0,  0,  7,  2],
       [ 0,  1,  1, 13]]), array([[ 8,  2,  1,  0],
       [ 1,  6,  0,  2],
       [ 0,  0,  7,  3],
       [ 1,  0,  3, 11]]), array([[ 9,  2,  0,  0],
       [ 2,  6,  0,  1],
       [ 0,  0,  8,  2],
       [ 0,  0,  1, 14]]), array([[ 9,  2,  0,  0],
       [ 3,  6,  0,  0],
       [ 0,  0,  7,  3],
       [ 0,  0,  3, 12]]), array([[10,  0,  0,  1],
       [ 1,  7,  0,  1],
       [ 0,  0, 10,  0],
       [ 0,  0,  2, 13]])]"
27,"[1.0, 1.0, 1.0, 1.0, 1.0, 1.0, 1.0, 1.0, 1.0, 1.0]","[1.0, 1.0, 1.0, 1.0, 1.0, 1.0, 1.0, 1.0, 1.0, 1.0]","[1.0, 1.0, 1.0, 1.0, 1.0, 1.0, 1.0, 1.0, 1.0, 1.0]","[1.0, 1.0, 1.0, 1.0, 1.0, 1.0, 1.0, 1.0, 1.0, 1.0]","[1.0, 1.0, 1.0, 1.0, 1.0, 1.0, 1.0, 1.0, 1.0, 1.0]","[1.0, 1.0, 1.0, 1.0, 1.0, 1.0, 1.0, 1.0, 1.0, 1.0]","[1.0, 1.0, 1.0, 1.0, 1.0, 1.0, 1.0, 1.0, 1.0, 1.0]","[1.0, 1.0, 1.0, 1.0, 1.0, 1.0, 1.0, 1.0, 1.0, 1.0]","[1.0, 1.0, 1.0, 1.0, 1.0, 1.0, 1.0, 1.0, 1.0, 1.0]","[1.0, 1.0, 1.0, 1.0, 1.0, 1.0, 1.0, 1.0, 1.0, 1.0]","[array([[100,   0,   0,   0],
       [  0, 134,   0,   0],
       [  0,   0,  89,   0],
       [  0,   0,   0, 134]]), array([[100,   0,   0,   0],
       [  0, 134,   0,   0],
       [  0,   0,  89,   0],
       [  0,   0,   0, 134]]), array([[101,   0,   0,   0],
       [  0, 134,   0,   0],
       [  0,   0,  89,   0],
       [  0,   0,   0, 134]]), array([[101,   0,   0,   0],
       [  0, 134,   0,   0],
       [  0,   0,  89,   0],
       [  0,   0,   0, 134]]), array([[101,   0,   0,   0],
       [  0, 135,   0,   0],
       [  0,   0,  89,   0],
       [  0,   0,   0, 135]]), array([[101,   0,   0,   0],
       [  0, 134,   0,   0],
       [  0,   0,  90,   0],
       [  0,   0,   0, 134]]), array([[101,   0,   0,   0],
       [  0, 134,   0,   0],
       [  0,   0,  89,   0],
       [  0,   0,   0, 134]]), array([[101,   0,   0,   0],
       [  0, 134,   0,   0],
       [  0,   0,  89,   0],
       [  0,   0,   0, 134]]), array([[101,   0,   0,   0],
       [  0, 134,   0,   0],
       [  0,   0,  89,   0],
       [  0,   0,   0, 134]]), array([[101,   0,   0,   0],
       [  0, 134,   0,   0],
       [  0,   0,  89,   0],
       [  0,   0,   0, 134]])]","[0.7608695652173914, 0.8043478260869565, 0.717391304347826, 0.7608695652173914, 0.7555555555555555, 0.8444444444444444, 0.7333333333333333, 0.8444444444444444, 0.7777777777777778, 0.8444444444444444]","[0.7608695652173914, 0.8043478260869565, 0.717391304347826, 0.7608695652173914, 0.7555555555555555, 0.8444444444444444, 0.7333333333333333, 0.8444444444444444, 0.7777777777777778, 0.8444444444444444]","[0.7608695652173914, 0.8043478260869565, 0.717391304347826, 0.7608695652173914, 0.7555555555555555, 0.8444444444444444, 0.7333333333333333, 0.8444444444444444, 0.7777777777777778, 0.8444444444444444]","[0.7608695652173914, 0.8043478260869565, 0.717391304347826, 0.7608695652173914, 0.7555555555555555, 0.8444444444444444, 0.7333333333333333, 0.8444444444444444, 0.7777777777777778, 0.8444444444444444]","[0.7641414141414141, 0.8092171717171717, 0.7404970760233918, 0.7734962406015038, 0.7694444444444444, 0.8407287157287158, 0.7646464646464646, 0.847549019607843, 0.7711038961038962, 0.8524305555555556]","[0.7611111111111111, 0.8055555555555556, 0.7007575757575758, 0.7401515151515152, 0.7506493506493507, 0.8434343434343434, 0.7224747474747474, 0.8323232323232324, 0.7712121212121212, 0.842929292929293]","[0.7618357487922706, 0.8056765335498635, 0.7042446524064171, 0.7478291316526611, 0.745273744706594, 0.84138179827835, 0.723440285204991, 0.8380064745196324, 0.769495504348666, 0.8428324995687425]","[0.7667984189723319, 0.8073232323232323, 0.7351894228324435, 0.7700882641386074, 0.7741093474426808, 0.848917748917749, 0.768013468013468, 0.8475962236746549, 0.7806637806637806, 0.8483024691358025]","[0.7608695652173914, 0.8043478260869565, 0.717391304347826, 0.7608695652173914, 0.7555555555555555, 0.8444444444444444, 0.7333333333333333, 0.8444444444444444, 0.7777777777777778, 0.8444444444444444]","[0.7630749842470069, 0.8042403099033638, 0.7107242501743779, 0.7563634149311897, 0.7508435840559252, 0.8459405218025908, 0.7307308377896613, 0.8438805346700083, 0.7776550566920089, 0.841851532401817]","[array([[10,  2,  0,  0],
       [ 1,  7,  0,  1],
       [ 0,  0,  7,  3],
       [ 0,  0,  4, 11]]), array([[10,  1,  0,  1],
       [ 1,  8,  0,  0],
       [ 0,  0,  7,  3],
       [ 0,  1,  2, 12]]), array([[ 7,  4,  0,  0],
       [ 1,  8,  0,  1],
       [ 0,  0,  5,  5],
       [ 1,  0,  1, 13]]), array([[ 8,  2,  1,  0],
       [ 2,  7,  0,  1],
       [ 0,  0,  6,  4],
       [ 0,  1,  0, 14]]), array([[ 6,  5,  0,  0],
       [ 1,  9,  0,  0],
       [ 0,  0,  7,  3],
       [ 0,  0,  2, 12]]), array([[ 9,  2,  0,  0],
       [ 2,  8,  0,  0],
       [ 0,  0,  8,  1],
       [ 0,  1,  1, 13]]), array([[ 6,  4,  1,  0],
       [ 0,  7,  0,  2],
       [ 0,  0,  7,  3],
       [ 0,  0,  2, 13]]), array([[ 9,  2,  0,  0],
       [ 1,  7,  0,  1],
       [ 0,  0,  8,  2],
       [ 0,  0,  1, 14]]), array([[ 9,  2,  0,  0],
       [ 3,  6,  0,  0],
       [ 0,  0,  8,  2],
       [ 0,  0,  3, 12]]), array([[ 8,  1,  0,  2],
       [ 1,  7,  0,  1],
       [ 0,  0, 10,  0],
       [ 0,  0,  2, 13]])]"
28,"[1.0, 1.0, 1.0, 1.0, 1.0, 1.0, 1.0, 1.0, 1.0, 1.0]","[1.0, 1.0, 1.0, 1.0, 1.0, 1.0, 1.0, 1.0, 1.0, 1.0]","[1.0, 1.0, 1.0, 1.0, 1.0, 1.0, 1.0, 1.0, 1.0, 1.0]","[1.0, 1.0, 1.0, 1.0, 1.0, 1.0, 1.0, 1.0, 1.0, 1.0]","[1.0, 1.0, 1.0, 1.0, 1.0, 1.0, 1.0, 1.0, 1.0, 1.0]","[1.0, 1.0, 1.0, 1.0, 1.0, 1.0, 1.0, 1.0, 1.0, 1.0]","[1.0, 1.0, 1.0, 1.0, 1.0, 1.0, 1.0, 1.0, 1.0, 1.0]","[1.0, 1.0, 1.0, 1.0, 1.0, 1.0, 1.0, 1.0, 1.0, 1.0]","[1.0, 1.0, 1.0, 1.0, 1.0, 1.0, 1.0, 1.0, 1.0, 1.0]","[1.0, 1.0, 1.0, 1.0, 1.0, 1.0, 1.0, 1.0, 1.0, 1.0]","[array([[100,   0,   0,   0],
       [  0, 134,   0,   0],
       [  0,   0,  89,   0],
       [  0,   0,   0, 134]]), array([[100,   0,   0,   0],
       [  0, 134,   0,   0],
       [  0,   0,  89,   0],
       [  0,   0,   0, 134]]), array([[101,   0,   0,   0],
       [  0, 134,   0,   0],
       [  0,   0,  89,   0],
       [  0,   0,   0, 134]]), array([[101,   0,   0,   0],
       [  0, 134,   0,   0],
       [  0,   0,  89,   0],
       [  0,   0,   0, 134]]), array([[101,   0,   0,   0],
       [  0, 135,   0,   0],
       [  0,   0,  89,   0],
       [  0,   0,   0, 135]]), array([[101,   0,   0,   0],
       [  0, 134,   0,   0],
       [  0,   0,  90,   0],
       [  0,   0,   0, 134]]), array([[101,   0,   0,   0],
       [  0, 134,   0,   0],
       [  0,   0,  89,   0],
       [  0,   0,   0, 134]]), array([[101,   0,   0,   0],
       [  0, 134,   0,   0],
       [  0,   0,  89,   0],
       [  0,   0,   0, 134]]), array([[101,   0,   0,   0],
       [  0, 134,   0,   0],
       [  0,   0,  89,   0],
       [  0,   0,   0, 134]]), array([[101,   0,   0,   0],
       [  0, 134,   0,   0],
       [  0,   0,  89,   0],
       [  0,   0,   0, 134]])]","[0.8043478260869565, 0.8478260869565217, 0.717391304347826, 0.782608695652174, 0.7777777777777778, 0.8444444444444444, 0.7333333333333333, 0.8222222222222222, 0.7777777777777778, 0.8666666666666667]","[0.8043478260869565, 0.8478260869565217, 0.717391304347826, 0.782608695652174, 0.7777777777777778, 0.8444444444444444, 0.7333333333333333, 0.8222222222222222, 0.7777777777777778, 0.8666666666666667]","[0.8043478260869565, 0.8478260869565217, 0.717391304347826, 0.782608695652174, 0.7777777777777778, 0.8444444444444444, 0.7333333333333333, 0.8222222222222222, 0.7777777777777778, 0.8666666666666667]","[0.8043478260869565, 0.8478260869565217, 0.717391304347826, 0.782608695652174, 0.7777777777777778, 0.8444444444444444, 0.7333333333333333, 0.8222222222222222, 0.7777777777777778, 0.8666666666666667]","[0.8146464646464646, 0.8513888888888888, 0.7404970760233918, 0.7881944444444444, 0.7762626262626262, 0.8479166666666667, 0.7409722222222221, 0.8201500297088533, 0.7711038961038962, 0.8864583333333333]","[0.8097222222222222, 0.8513888888888888, 0.7007575757575758, 0.7651515151515151, 0.7711038961038962, 0.8406565656565657, 0.7174242424242424, 0.8045454545454547, 0.7712121212121212, 0.8656565656565657]","[0.811352657004831, 0.8513888888888888, 0.7042446524064171, 0.7720418470418471, 0.7720594589923083, 0.841380188439012, 0.7228468899521532, 0.8102923585702224, 0.769495504348666, 0.8699858609132803]","[0.8122529644268773, 0.8478260869565217, 0.7351894228324435, 0.7873188405797101, 0.7789001122334456, 0.8505555555555555, 0.7435185185185186, 0.8220406681190996, 0.7806637806637806, 0.8760185185185185]","[0.8043478260869565, 0.8478260869565217, 0.717391304347826, 0.782608695652174, 0.7777777777777778, 0.8444444444444444, 0.7333333333333333, 0.8222222222222222, 0.7777777777777778, 0.8666666666666667]","[0.8074984247006931, 0.8478260869565217, 0.7107242501743779, 0.7801304975218019, 0.776769509981851, 0.8449367625838214, 0.731632110579479, 0.8199776401788786, 0.7776550566920089, 0.8661139040171298]","[array([[11,  1,  0,  0],
       [ 0,  8,  0,  1],
       [ 0,  0,  7,  3],
       [ 0,  0,  4, 11]]), array([[11,  0,  0,  1],
       [ 1,  8,  0,  0],
       [ 0,  0,  8,  2],
       [ 0,  1,  2, 12]]), array([[ 7,  4,  0,  0],
       [ 1,  8,  0,  1],
       [ 0,  0,  5,  5],
       [ 1,  0,  1, 13]]), array([[ 8,  2,  1,  0],
       [ 2,  7,  0,  1],
       [ 0,  0,  7,  3],
       [ 0,  1,  0, 14]]), array([[ 8,  3,  0,  0],
       [ 2,  8,  0,  0],
       [ 0,  0,  7,  3],
       [ 0,  0,  2, 12]]), array([[ 9,  2,  0,  0],
       [ 1,  9,  0,  0],
       [ 0,  0,  7,  2],
       [ 0,  1,  1, 13]]), array([[ 7,  3,  1,  0],
       [ 1,  6,  0,  2],
       [ 0,  0,  7,  3],
       [ 0,  0,  2, 13]]), array([[ 9,  2,  0,  0],
       [ 2,  6,  0,  1],
       [ 0,  0,  8,  2],
       [ 0,  0,  1, 14]]), array([[ 9,  2,  0,  0],
       [ 3,  6,  0,  0],
       [ 0,  0,  8,  2],
       [ 0,  0,  3, 12]]), array([[ 9,  0,  0,  2],
       [ 1,  7,  0,  1],
       [ 0,  0, 10,  0],
       [ 0,  0,  2, 13]])]"
29,"[1.0, 1.0, 1.0, 1.0, 1.0, 1.0, 1.0, 1.0, 1.0, 1.0]","[1.0, 1.0, 1.0, 1.0, 1.0, 1.0, 1.0, 1.0, 1.0, 1.0]","[1.0, 1.0, 1.0, 1.0, 1.0, 1.0, 1.0, 1.0, 1.0, 1.0]","[1.0, 1.0, 1.0, 1.0, 1.0, 1.0, 1.0, 1.0, 1.0, 1.0]","[1.0, 1.0, 1.0, 1.0, 1.0, 1.0, 1.0, 1.0, 1.0, 1.0]","[1.0, 1.0, 1.0, 1.0, 1.0, 1.0, 1.0, 1.0, 1.0, 1.0]","[1.0, 1.0, 1.0, 1.0, 1.0, 1.0, 1.0, 1.0, 1.0, 1.0]","[1.0, 1.0, 1.0, 1.0, 1.0, 1.0, 1.0, 1.0, 1.0, 1.0]","[1.0, 1.0, 1.0, 1.0, 1.0, 1.0, 1.0, 1.0, 1.0, 1.0]","[1.0, 1.0, 1.0, 1.0, 1.0, 1.0, 1.0, 1.0, 1.0, 1.0]","[array([[100,   0,   0,   0],
       [  0, 134,   0,   0],
       [  0,   0,  89,   0],
       [  0,   0,   0, 134]]), array([[100,   0,   0,   0],
       [  0, 134,   0,   0],
       [  0,   0,  89,   0],
       [  0,   0,   0, 134]]), array([[101,   0,   0,   0],
       [  0, 134,   0,   0],
       [  0,   0,  89,   0],
       [  0,   0,   0, 134]]), array([[101,   0,   0,   0],
       [  0, 134,   0,   0],
       [  0,   0,  89,   0],
       [  0,   0,   0, 134]]), array([[101,   0,   0,   0],
       [  0, 135,   0,   0],
       [  0,   0,  89,   0],
       [  0,   0,   0, 135]]), array([[101,   0,   0,   0],
       [  0, 134,   0,   0],
       [  0,   0,  90,   0],
       [  0,   0,   0, 134]]), array([[101,   0,   0,   0],
       [  0, 134,   0,   0],
       [  0,   0,  89,   0],
       [  0,   0,   0, 134]]), array([[101,   0,   0,   0],
       [  0, 134,   0,   0],
       [  0,   0,  89,   0],
       [  0,   0,   0, 134]]), array([[101,   0,   0,   0],
       [  0, 134,   0,   0],
       [  0,   0,  89,   0],
       [  0,   0,   0, 134]]), array([[101,   0,   0,   0],
       [  0, 134,   0,   0],
       [  0,   0,  89,   0],
       [  0,   0,   0, 134]])]","[0.7391304347826086, 0.782608695652174, 0.7391304347826086, 0.7608695652173914, 0.7777777777777778, 0.8222222222222222, 0.7333333333333333, 0.8222222222222222, 0.7777777777777778, 0.8444444444444444]","[0.7391304347826086, 0.782608695652174, 0.7391304347826086, 0.7608695652173914, 0.7777777777777778, 0.8222222222222222, 0.7333333333333333, 0.8222222222222222, 0.7777777777777778, 0.8444444444444444]","[0.7391304347826086, 0.782608695652174, 0.7391304347826086, 0.7608695652173914, 0.7777777777777778, 0.8222222222222222, 0.7333333333333333, 0.8222222222222222, 0.7777777777777778, 0.8444444444444444]","[0.7391304347826086, 0.782608695652174, 0.7391304347826086, 0.7608695652173914, 0.7777777777777778, 0.8222222222222222, 0.7333333333333333, 0.8222222222222222, 0.7777777777777778, 0.8444444444444444]","[0.7382575757575758, 0.7888888888888888, 0.7712128879892037, 0.7734962406015038, 0.7862713675213675, 0.821780303030303, 0.7361111111111112, 0.8159722222222222, 0.7711038961038962, 0.8524305555555556]","[0.7333333333333334, 0.7888888888888888, 0.7257575757575757, 0.7401515151515152, 0.7733766233766234, 0.8156565656565656, 0.7174242424242424, 0.8045454545454547, 0.7712121212121212, 0.842929292929293]","[0.7348039215686275, 0.7809523809523808, 0.7272891708170682, 0.7478291316526611, 0.7709697782687603, 0.8175706646294881, 0.7228468899521532, 0.8084555295507145, 0.769495504348666, 0.8428324995687425]","[0.7416007905138339, 0.7971014492753623, 0.7640123511118935, 0.7700882641386074, 0.7894634377967711, 0.8255050505050505, 0.7370370370370369, 0.8225308641975307, 0.7806637806637806, 0.8483024691358025]","[0.7391304347826086, 0.782608695652174, 0.7391304347826086, 0.7608695652173914, 0.7777777777777778, 0.8222222222222222, 0.7333333333333333, 0.8222222222222222, 0.7777777777777778, 0.8444444444444444]","[0.7395566922421142, 0.782608695652174, 0.7315638771676215, 0.7563634149311897, 0.775243956968884, 0.8229069405539993, 0.7308133971291866, 0.8206905901555033, 0.7776550566920089, 0.841851532401817]","[array([[10,  2,  0,  0],
       [ 2,  6,  0,  1],
       [ 0,  0,  7,  3],
       [ 0,  0,  4, 11]]), array([[ 8,  3,  0,  1],
       [ 1,  8,  0,  0],
       [ 0,  0,  8,  2],
       [ 0,  1,  2, 12]]), array([[ 7,  4,  0,  0],
       [ 0,  9,  0,  1],
       [ 0,  0,  5,  5],
       [ 1,  0,  1, 13]]), array([[ 8,  2,  1,  0],
       [ 2,  7,  0,  1],
       [ 0,  0,  6,  4],
       [ 0,  1,  0, 14]]), array([[ 7,  4,  0,  0],
       [ 1,  9,  0,  0],
       [ 0,  0,  7,  3],
       [ 0,  0,  2, 12]]), array([[ 9,  2,  0,  0],
       [ 2,  8,  0,  0],
       [ 0,  0,  7,  2],
       [ 0,  1,  1, 13]]), array([[ 7,  3,  1,  0],
       [ 1,  6,  0,  2],
       [ 0,  0,  7,  3],
       [ 1,  0,  1, 13]]), array([[ 9,  2,  0,  0],
       [ 3,  6,  0,  0],
       [ 0,  0,  8,  2],
       [ 0,  0,  1, 14]]), array([[ 9,  2,  0,  0],
       [ 3,  6,  0,  0],
       [ 0,  0,  8,  2],
       [ 0,  0,  3, 12]]), array([[ 8,  1,  0,  2],
       [ 1,  7,  0,  1],
       [ 0,  0, 10,  0],
       [ 0,  0,  2, 13]])]"
30,"[1.0, 1.0, 1.0, 1.0, 1.0, 1.0, 1.0, 1.0, 1.0, 1.0]","[1.0, 1.0, 1.0, 1.0, 1.0, 1.0, 1.0, 1.0, 1.0, 1.0]","[1.0, 1.0, 1.0, 1.0, 1.0, 1.0, 1.0, 1.0, 1.0, 1.0]","[1.0, 1.0, 1.0, 1.0, 1.0, 1.0, 1.0, 1.0, 1.0, 1.0]","[1.0, 1.0, 1.0, 1.0, 1.0, 1.0, 1.0, 1.0, 1.0, 1.0]","[1.0, 1.0, 1.0, 1.0, 1.0, 1.0, 1.0, 1.0, 1.0, 1.0]","[1.0, 1.0, 1.0, 1.0, 1.0, 1.0, 1.0, 1.0, 1.0, 1.0]","[1.0, 1.0, 1.0, 1.0, 1.0, 1.0, 1.0, 1.0, 1.0, 1.0]","[1.0, 1.0, 1.0, 1.0, 1.0, 1.0, 1.0, 1.0, 1.0, 1.0]","[1.0, 1.0, 1.0, 1.0, 1.0, 1.0, 1.0, 1.0, 1.0, 1.0]","[array([[100,   0,   0,   0],
       [  0, 134,   0,   0],
       [  0,   0,  89,   0],
       [  0,   0,   0, 134]]), array([[100,   0,   0,   0],
       [  0, 134,   0,   0],
       [  0,   0,  89,   0],
       [  0,   0,   0, 134]]), array([[101,   0,   0,   0],
       [  0, 134,   0,   0],
       [  0,   0,  89,   0],
       [  0,   0,   0, 134]]), array([[101,   0,   0,   0],
       [  0, 134,   0,   0],
       [  0,   0,  89,   0],
       [  0,   0,   0, 134]]), array([[101,   0,   0,   0],
       [  0, 135,   0,   0],
       [  0,   0,  89,   0],
       [  0,   0,   0, 135]]), array([[101,   0,   0,   0],
       [  0, 134,   0,   0],
       [  0,   0,  90,   0],
       [  0,   0,   0, 134]]), array([[101,   0,   0,   0],
       [  0, 134,   0,   0],
       [  0,   0,  89,   0],
       [  0,   0,   0, 134]]), array([[101,   0,   0,   0],
       [  0, 134,   0,   0],
       [  0,   0,  89,   0],
       [  0,   0,   0, 134]]), array([[101,   0,   0,   0],
       [  0, 134,   0,   0],
       [  0,   0,  89,   0],
       [  0,   0,   0, 134]]), array([[101,   0,   0,   0],
       [  0, 134,   0,   0],
       [  0,   0,  89,   0],
       [  0,   0,   0, 134]])]","[0.7391304347826086, 0.8478260869565217, 0.7391304347826086, 0.7608695652173914, 0.7555555555555555, 0.8222222222222222, 0.7333333333333333, 0.8666666666666667, 0.7777777777777778, 0.8444444444444444]","[0.7391304347826086, 0.8478260869565217, 0.7391304347826086, 0.7608695652173914, 0.7555555555555555, 0.8222222222222222, 0.7333333333333333, 0.8666666666666667, 0.7777777777777778, 0.8444444444444444]","[0.7391304347826086, 0.8478260869565217, 0.7391304347826086, 0.7608695652173914, 0.7555555555555555, 0.8222222222222222, 0.7333333333333333, 0.8666666666666667, 0.7777777777777778, 0.8444444444444444]","[0.7391304347826086, 0.8478260869565217, 0.7391304347826086, 0.7608695652173914, 0.7555555555555555, 0.8222222222222222, 0.7333333333333333, 0.8666666666666667, 0.7777777777777778, 0.8444444444444444]","[0.7562229437229437, 0.8526199494949496, 0.7564102564102565, 0.766729797979798, 0.7512626262626263, 0.821780303030303, 0.7431372549019608, 0.8573232323232323, 0.7651515151515152, 0.8524305555555556]","[0.7513888888888888, 0.8472222222222222, 0.7257575757575757, 0.7424242424242424, 0.746103896103896, 0.8156565656565656, 0.7234848484848484, 0.8573232323232323, 0.7651515151515152, 0.842929292929293]","[0.7457904164800716, 0.849290945924887, 0.7238718708827405, 0.7482323232323232, 0.7479252598581092, 0.8175706646294881, 0.7296052631578948, 0.8573232323232323, 0.7651515151515152, 0.8428324995687425]","[0.7628929041972521, 0.8499258893280632, 0.7531586770717206, 0.7681708388230126, 0.7550617283950618, 0.8255050505050505, 0.7454175744371823, 0.8666666666666667, 0.7777777777777778, 0.8483024691358025]","[0.7391304347826086, 0.8478260869565217, 0.7391304347826086, 0.7608695652173914, 0.7555555555555555, 0.8222222222222222, 0.7333333333333333, 0.8666666666666667, 0.7777777777777778, 0.8444444444444444]","[0.7433517007729901, 0.8481614732605647, 0.7303101907544252, 0.7580808080808081, 0.754547287759629, 0.8229069405539993, 0.7356140350877193, 0.8666666666666667, 0.7777777777777778, 0.841851532401817]","[array([[ 9,  3,  0,  0],
       [ 0,  8,  0,  1],
       [ 0,  0,  7,  3],
       [ 0,  0,  5, 10]]), array([[10,  1,  0,  1],
       [ 1,  8,  0,  0],
       [ 0,  0,  8,  2],
       [ 0,  0,  2, 13]]), array([[ 7,  4,  0,  0],
       [ 1,  9,  0,  0],
       [ 0,  0,  5,  5],
       [ 1,  0,  1, 13]]), array([[ 7,  3,  1,  0],
       [ 2,  7,  0,  1],
       [ 0,  0,  7,  3],
       [ 0,  1,  0, 14]]), array([[ 8,  3,  0,  0],
       [ 3,  7,  0,  0],
       [ 0,  0,  7,  3],
       [ 0,  0,  2, 12]]), array([[ 9,  2,  0,  0],
       [ 2,  8,  0,  0],
       [ 0,  0,  7,  2],
       [ 0,  1,  1, 13]]), array([[ 8,  2,  1,  0],
       [ 1,  6,  0,  2],
       [ 0,  0,  7,  3],
       [ 0,  2,  1, 12]]), array([[ 9,  2,  0,  0],
       [ 2,  7,  0,  0],
       [ 0,  0,  9,  1],
       [ 0,  0,  1, 14]]), array([[ 8,  3,  0,  0],
       [ 3,  6,  0,  0],
       [ 0,  0,  8,  2],
       [ 0,  0,  2, 13]]), array([[ 8,  1,  0,  2],
       [ 1,  7,  0,  1],
       [ 0,  0, 10,  0],
       [ 0,  0,  2, 13]])]"
31,"[1.0, 1.0, 1.0, 1.0, 1.0, 1.0, 1.0, 1.0, 1.0, 1.0]","[1.0, 1.0, 1.0, 1.0, 1.0, 1.0, 1.0, 1.0, 1.0, 1.0]","[1.0, 1.0, 1.0, 1.0, 1.0, 1.0, 1.0, 1.0, 1.0, 1.0]","[1.0, 1.0, 1.0, 1.0, 1.0, 1.0, 1.0, 1.0, 1.0, 1.0]","[1.0, 1.0, 1.0, 1.0, 1.0, 1.0, 1.0, 1.0, 1.0, 1.0]","[1.0, 1.0, 1.0, 1.0, 1.0, 1.0, 1.0, 1.0, 1.0, 1.0]","[1.0, 1.0, 1.0, 1.0, 1.0, 1.0, 1.0, 1.0, 1.0, 1.0]","[1.0, 1.0, 1.0, 1.0, 1.0, 1.0, 1.0, 1.0, 1.0, 1.0]","[1.0, 1.0, 1.0, 1.0, 1.0, 1.0, 1.0, 1.0, 1.0, 1.0]","[1.0, 1.0, 1.0, 1.0, 1.0, 1.0, 1.0, 1.0, 1.0, 1.0]","[array([[100,   0,   0,   0],
       [  0, 134,   0,   0],
       [  0,   0,  89,   0],
       [  0,   0,   0, 134]]), array([[100,   0,   0,   0],
       [  0, 134,   0,   0],
       [  0,   0,  89,   0],
       [  0,   0,   0, 134]]), array([[101,   0,   0,   0],
       [  0, 134,   0,   0],
       [  0,   0,  89,   0],
       [  0,   0,   0, 134]]), array([[101,   0,   0,   0],
       [  0, 134,   0,   0],
       [  0,   0,  89,   0],
       [  0,   0,   0, 134]]), array([[101,   0,   0,   0],
       [  0, 135,   0,   0],
       [  0,   0,  89,   0],
       [  0,   0,   0, 135]]), array([[101,   0,   0,   0],
       [  0, 134,   0,   0],
       [  0,   0,  90,   0],
       [  0,   0,   0, 134]]), array([[101,   0,   0,   0],
       [  0, 134,   0,   0],
       [  0,   0,  89,   0],
       [  0,   0,   0, 134]]), array([[101,   0,   0,   0],
       [  0, 134,   0,   0],
       [  0,   0,  89,   0],
       [  0,   0,   0, 134]]), array([[101,   0,   0,   0],
       [  0, 134,   0,   0],
       [  0,   0,  89,   0],
       [  0,   0,   0, 134]]), array([[101,   0,   0,   0],
       [  0, 134,   0,   0],
       [  0,   0,  89,   0],
       [  0,   0,   0, 134]])]","[0.7391304347826086, 0.8260869565217391, 0.7391304347826086, 0.8043478260869565, 0.7777777777777778, 0.8444444444444444, 0.7777777777777778, 0.8222222222222222, 0.8, 0.8666666666666667]","[0.7391304347826086, 0.8260869565217391, 0.7391304347826086, 0.8043478260869565, 0.7777777777777778, 0.8444444444444444, 0.7777777777777778, 0.8222222222222222, 0.8, 0.8666666666666667]","[0.7391304347826086, 0.8260869565217391, 0.7391304347826086, 0.8043478260869565, 0.7777777777777778, 0.8444444444444444, 0.7777777777777778, 0.8222222222222222, 0.8, 0.8666666666666667]","[0.7391304347826086, 0.8260869565217391, 0.7391304347826086, 0.8043478260869565, 0.7777777777777778, 0.8444444444444444, 0.7777777777777778, 0.8222222222222222, 0.8, 0.8666666666666667]","[0.7502289377289377, 0.8351158645276292, 0.7564102564102565, 0.8031045751633987, 0.7762626262626262, 0.84375, 0.7883771929824561, 0.8159722222222222, 0.7916666666666666, 0.8694444444444445]","[0.7374999999999999, 0.8222222222222223, 0.7257575757575757, 0.7901515151515153, 0.7711038961038962, 0.8383838383838383, 0.7568181818181818, 0.8045454545454547, 0.787878787878788, 0.8707070707070707]","[0.7390047021943573, 0.8269490528858378, 0.7238718708827405, 0.7947525062656642, 0.7720594589923083, 0.8399403239556692, 0.7665634674922601, 0.8084555295507145, 0.7887894288150042, 0.8661616161616161]","[0.7481684981684983, 0.8295099330904957, 0.7531586770717206, 0.8052571753339016, 0.7789001122334456, 0.8453703703703704, 0.7857374918778428, 0.8225308641975307, 0.8, 0.8691358024691359]","[0.7391304347826086, 0.8260869565217391, 0.7391304347826086, 0.8043478260869565, 0.7777777777777778, 0.8444444444444444, 0.7777777777777778, 0.8222222222222222, 0.8, 0.8666666666666667]","[0.7395318249965928, 0.8258848622027659, 0.7303101907544252, 0.8027609785332896, 0.776769509981851, 0.8439329354930377, 0.774984520123839, 0.8206905901555033, 0.7991474850809889, 0.8642424242424243]","[array([[11,  1,  0,  0],
       [ 2,  6,  0,  1],
       [ 0,  0,  7,  3],
       [ 0,  0,  5, 10]]), array([[10,  1,  0,  1],
       [ 1,  8,  0,  0],
       [ 0,  0,  7,  3],
       [ 0,  0,  2, 13]]), array([[ 7,  4,  0,  0],
       [ 1,  9,  0,  0],
       [ 0,  0,  5,  5],
       [ 1,  0,  1, 13]]), array([[ 8,  2,  1,  0],
       [ 2,  7,  0,  1],
       [ 0,  0,  8,  2],
       [ 0,  1,  0, 14]]), array([[ 8,  3,  0,  0],
       [ 2,  8,  0,  0],
       [ 0,  0,  7,  3],
       [ 0,  0,  2, 12]]), array([[10,  1,  0,  0],
       [ 2,  8,  0,  0],
       [ 0,  0,  7,  2],
       [ 0,  1,  1, 13]]), array([[ 8,  2,  1,  0],
       [ 1,  6,  0,  2],
       [ 0,  0,  7,  3],
       [ 0,  0,  1, 14]]), array([[ 9,  2,  0,  0],
       [ 3,  6,  0,  0],
       [ 0,  0,  8,  2],
       [ 0,  0,  1, 14]]), array([[ 9,  2,  0,  0],
       [ 3,  6,  0,  0],
       [ 0,  0,  8,  2],
       [ 0,  0,  2, 13]]), array([[ 8,  1,  0,  2],
       [ 1,  8,  0,  0],
       [ 0,  0, 10,  0],
       [ 0,  0,  2, 13]])]"
32,"[1.0, 1.0, 1.0, 1.0, 1.0, 1.0, 1.0, 1.0, 1.0, 1.0]","[1.0, 1.0, 1.0, 1.0, 1.0, 1.0, 1.0, 1.0, 1.0, 1.0]","[1.0, 1.0, 1.0, 1.0, 1.0, 1.0, 1.0, 1.0, 1.0, 1.0]","[1.0, 1.0, 1.0, 1.0, 1.0, 1.0, 1.0, 1.0, 1.0, 1.0]","[1.0, 1.0, 1.0, 1.0, 1.0, 1.0, 1.0, 1.0, 1.0, 1.0]","[1.0, 1.0, 1.0, 1.0, 1.0, 1.0, 1.0, 1.0, 1.0, 1.0]","[1.0, 1.0, 1.0, 1.0, 1.0, 1.0, 1.0, 1.0, 1.0, 1.0]","[1.0, 1.0, 1.0, 1.0, 1.0, 1.0, 1.0, 1.0, 1.0, 1.0]","[1.0, 1.0, 1.0, 1.0, 1.0, 1.0, 1.0, 1.0, 1.0, 1.0]","[1.0, 1.0, 1.0, 1.0, 1.0, 1.0, 1.0, 1.0, 1.0, 1.0]","[array([[100,   0,   0,   0],
       [  0, 134,   0,   0],
       [  0,   0,  89,   0],
       [  0,   0,   0, 134]]), array([[100,   0,   0,   0],
       [  0, 134,   0,   0],
       [  0,   0,  89,   0],
       [  0,   0,   0, 134]]), array([[101,   0,   0,   0],
       [  0, 134,   0,   0],
       [  0,   0,  89,   0],
       [  0,   0,   0, 134]]), array([[101,   0,   0,   0],
       [  0, 134,   0,   0],
       [  0,   0,  89,   0],
       [  0,   0,   0, 134]]), array([[101,   0,   0,   0],
       [  0, 135,   0,   0],
       [  0,   0,  89,   0],
       [  0,   0,   0, 135]]), array([[101,   0,   0,   0],
       [  0, 134,   0,   0],
       [  0,   0,  90,   0],
       [  0,   0,   0, 134]]), array([[101,   0,   0,   0],
       [  0, 134,   0,   0],
       [  0,   0,  89,   0],
       [  0,   0,   0, 134]]), array([[101,   0,   0,   0],
       [  0, 134,   0,   0],
       [  0,   0,  89,   0],
       [  0,   0,   0, 134]]), array([[101,   0,   0,   0],
       [  0, 134,   0,   0],
       [  0,   0,  89,   0],
       [  0,   0,   0, 134]]), array([[101,   0,   0,   0],
       [  0, 134,   0,   0],
       [  0,   0,  89,   0],
       [  0,   0,   0, 134]])]","[0.7608695652173914, 0.8260869565217391, 0.6739130434782609, 0.782608695652174, 0.7333333333333333, 0.8444444444444444, 0.7555555555555555, 0.8222222222222222, 0.8, 0.8444444444444444]","[0.7608695652173914, 0.8260869565217391, 0.6739130434782609, 0.782608695652174, 0.7333333333333333, 0.8444444444444444, 0.7555555555555555, 0.8222222222222222, 0.8, 0.8444444444444444]","[0.7608695652173914, 0.8260869565217391, 0.6739130434782609, 0.782608695652174, 0.7333333333333333, 0.8444444444444444, 0.7555555555555555, 0.8222222222222222, 0.8, 0.8444444444444444]","[0.7608695652173914, 0.8260869565217391, 0.6739130434782609, 0.782608695652174, 0.7333333333333333, 0.8444444444444444, 0.7555555555555555, 0.8222222222222222, 0.8, 0.8444444444444444]","[0.7744047619047619, 0.8351158645276292, 0.7053571428571428, 0.7881944444444444, 0.7282467532467531, 0.8420454545454545, 0.7640716374269005, 0.8159722222222222, 0.7916666666666666, 0.8524305555555556]","[0.7722222222222223, 0.8222222222222223, 0.6613636363636364, 0.7651515151515151, 0.7282467532467531, 0.8323232323232324, 0.7340909090909091, 0.8095959595959596, 0.787878787878788, 0.842929292929293]","[0.7693037452565583, 0.8269490528858378, 0.6626295853269537, 0.7720418470418471, 0.7282467532467531, 0.8362342590995342, 0.7409700722394221, 0.8110194841943569, 0.7887894288150042, 0.8428324995687425]","[0.7771221532091097, 0.8295099330904957, 0.7021221532091098, 0.7873188405797101, 0.7333333333333333, 0.8444444444444444, 0.7656757634827811, 0.8247530864197532, 0.8, 0.8483024691358025]","[0.7608695652173914, 0.8260869565217391, 0.6739130434782609, 0.782608695652174, 0.7333333333333333, 0.8444444444444444, 0.7555555555555555, 0.8222222222222222, 0.8, 0.8444444444444444]","[0.7651413527685919, 0.8258848622027659, 0.6689809999306567, 0.7801304975218019, 0.7333333333333333, 0.8435589289479233, 0.7517027863777089, 0.8218215790371987, 0.7991474850809889, 0.841851532401817]","[array([[10,  2,  0,  0],
       [ 0,  8,  0,  1],
       [ 0,  0,  7,  3],
       [ 0,  0,  5, 10]]), array([[10,  1,  0,  1],
       [ 1,  8,  0,  0],
       [ 0,  0,  7,  3],
       [ 0,  0,  2, 13]]), array([[ 6,  5,  0,  0],
       [ 1,  8,  0,  1],
       [ 0,  0,  5,  5],
       [ 1,  1,  1, 12]]), array([[ 8,  2,  1,  0],
       [ 2,  7,  0,  1],
       [ 0,  0,  7,  3],
       [ 0,  1,  0, 14]]), array([[ 8,  3,  0,  0],
       [ 3,  7,  0,  0],
       [ 0,  0,  7,  3],
       [ 0,  0,  3, 11]]), array([[ 9,  2,  0,  0],
       [ 2,  8,  0,  0],
       [ 0,  0,  7,  2],
       [ 0,  0,  1, 14]]), array([[ 7,  3,  1,  0],
       [ 1,  6,  0,  2],
       [ 0,  0,  7,  3],
       [ 0,  0,  1, 14]]), array([[ 8,  3,  0,  0],
       [ 2,  7,  0,  0],
       [ 0,  0,  8,  2],
       [ 0,  0,  1, 14]]), array([[ 9,  2,  0,  0],
       [ 3,  6,  0,  0],
       [ 0,  0,  8,  2],
       [ 0,  0,  2, 13]]), array([[ 8,  1,  0,  2],
       [ 1,  7,  0,  1],
       [ 0,  0, 10,  0],
       [ 0,  0,  2, 13]])]"
33,"[1.0, 1.0, 1.0, 1.0, 1.0, 1.0, 1.0, 1.0, 1.0, 1.0]","[1.0, 1.0, 1.0, 1.0, 1.0, 1.0, 1.0, 1.0, 1.0, 1.0]","[1.0, 1.0, 1.0, 1.0, 1.0, 1.0, 1.0, 1.0, 1.0, 1.0]","[1.0, 1.0, 1.0, 1.0, 1.0, 1.0, 1.0, 1.0, 1.0, 1.0]","[1.0, 1.0, 1.0, 1.0, 1.0, 1.0, 1.0, 1.0, 1.0, 1.0]","[1.0, 1.0, 1.0, 1.0, 1.0, 1.0, 1.0, 1.0, 1.0, 1.0]","[1.0, 1.0, 1.0, 1.0, 1.0, 1.0, 1.0, 1.0, 1.0, 1.0]","[1.0, 1.0, 1.0, 1.0, 1.0, 1.0, 1.0, 1.0, 1.0, 1.0]","[1.0, 1.0, 1.0, 1.0, 1.0, 1.0, 1.0, 1.0, 1.0, 1.0]","[1.0, 1.0, 1.0, 1.0, 1.0, 1.0, 1.0, 1.0, 1.0, 1.0]","[array([[100,   0,   0,   0],
       [  0, 134,   0,   0],
       [  0,   0,  89,   0],
       [  0,   0,   0, 134]]), array([[100,   0,   0,   0],
       [  0, 134,   0,   0],
       [  0,   0,  89,   0],
       [  0,   0,   0, 134]]), array([[101,   0,   0,   0],
       [  0, 134,   0,   0],
       [  0,   0,  89,   0],
       [  0,   0,   0, 134]]), array([[101,   0,   0,   0],
       [  0, 134,   0,   0],
       [  0,   0,  89,   0],
       [  0,   0,   0, 134]]), array([[101,   0,   0,   0],
       [  0, 135,   0,   0],
       [  0,   0,  89,   0],
       [  0,   0,   0, 135]]), array([[101,   0,   0,   0],
       [  0, 134,   0,   0],
       [  0,   0,  90,   0],
       [  0,   0,   0, 134]]), array([[101,   0,   0,   0],
       [  0, 134,   0,   0],
       [  0,   0,  89,   0],
       [  0,   0,   0, 134]]), array([[101,   0,   0,   0],
       [  0, 134,   0,   0],
       [  0,   0,  89,   0],
       [  0,   0,   0, 134]]), array([[101,   0,   0,   0],
       [  0, 134,   0,   0],
       [  0,   0,  89,   0],
       [  0,   0,   0, 134]]), array([[101,   0,   0,   0],
       [  0, 134,   0,   0],
       [  0,   0,  89,   0],
       [  0,   0,   0, 134]])]","[0.8043478260869565, 0.8260869565217391, 0.7391304347826086, 0.8260869565217391, 0.7555555555555555, 0.8, 0.8, 0.8222222222222222, 0.7777777777777778, 0.8222222222222222]","[0.8043478260869565, 0.8260869565217391, 0.7391304347826086, 0.8260869565217391, 0.7555555555555555, 0.8, 0.8, 0.8222222222222222, 0.7777777777777778, 0.8222222222222222]","[0.8043478260869565, 0.8260869565217391, 0.7391304347826086, 0.8260869565217391, 0.7555555555555555, 0.8, 0.8, 0.8222222222222222, 0.7777777777777778, 0.8222222222222222]","[0.8043478260869565, 0.8260869565217391, 0.7391304347826086, 0.8260869565217391, 0.7555555555555555, 0.8, 0.8, 0.8222222222222222, 0.7777777777777778, 0.8222222222222222]","[0.824404761904762, 0.8351158645276292, 0.76875, 0.8270944741532977, 0.7694444444444444, 0.8020833333333334, 0.8041666666666667, 0.8201500297088533, 0.7651515151515152, 0.8257440476190476]","[0.8138888888888888, 0.8222222222222223, 0.7174242424242425, 0.812878787878788, 0.7506493506493507, 0.7929292929292929, 0.781818181818182, 0.8045454545454547, 0.7651515151515152, 0.8151515151515152]","[0.8167988198414162, 0.8269490528858378, 0.7222787081339712, 0.8180322966507176, 0.745273744706594, 0.7948433919022154, 0.7885918003565062, 0.8102923585702224, 0.7651515151515152, 0.8149263371037565]","[0.8162525879917185, 0.8295099330904957, 0.7635869565217391, 0.8265132139812446, 0.7741093474426808, 0.8075925925925926, 0.8043209876543209, 0.8220406681190996, 0.7777777777777778, 0.8230026455026456]","[0.8043478260869565, 0.8260869565217391, 0.7391304347826086, 0.8260869565217391, 0.7555555555555555, 0.8, 0.8, 0.8222222222222222, 0.7777777777777778, 0.8222222222222222]","[0.8082402648942909, 0.8258848622027659, 0.7310432702309132, 0.8242276887871853, 0.7508435840559252, 0.801454319101378, 0.7973380867498515, 0.8199776401788786, 0.7777777777777778, 0.8178334807367065]","[array([[12,  0,  0,  0],
       [ 0,  8,  0,  1],
       [ 0,  0,  7,  3],
       [ 0,  0,  5, 10]]), array([[10,  1,  0,  1],
       [ 1,  8,  0,  0],
       [ 0,  0,  7,  3],
       [ 0,  0,  2, 13]]), array([[ 7,  4,  0,  0],
       [ 1,  8,  0,  1],
       [ 0,  0,  5,  5],
       [ 0,  0,  1, 14]]), array([[ 9,  1,  1,  0],
       [ 2,  7,  0,  1],
       [ 0,  0,  8,  2],
       [ 0,  1,  0, 14]]), array([[ 6,  5,  0,  0],
       [ 1,  9,  0,  0],
       [ 0,  0,  7,  3],
       [ 0,  0,  2, 12]]), array([[ 8,  3,  0,  0],
       [ 2,  8,  0,  0],
       [ 0,  0,  7,  2],
       [ 0,  1,  1, 13]]), array([[ 8,  2,  1,  0],
       [ 1,  6,  0,  2],
       [ 0,  0,  8,  2],
       [ 0,  0,  1, 14]]), array([[ 9,  2,  0,  0],
       [ 2,  6,  0,  1],
       [ 0,  0,  8,  2],
       [ 0,  0,  1, 14]]), array([[ 8,  3,  0,  0],
       [ 3,  6,  0,  0],
       [ 0,  0,  8,  2],
       [ 0,  0,  2, 13]]), array([[ 8,  1,  0,  2],
       [ 2,  6,  0,  1],
       [ 0,  0, 10,  0],
       [ 0,  0,  2, 13]])]"
34,"[1.0, 1.0, 1.0, 1.0, 1.0, 1.0, 1.0, 1.0, 1.0, 1.0]","[1.0, 1.0, 1.0, 1.0, 1.0, 1.0, 1.0, 1.0, 1.0, 1.0]","[1.0, 1.0, 1.0, 1.0, 1.0, 1.0, 1.0, 1.0, 1.0, 1.0]","[1.0, 1.0, 1.0, 1.0, 1.0, 1.0, 1.0, 1.0, 1.0, 1.0]","[1.0, 1.0, 1.0, 1.0, 1.0, 1.0, 1.0, 1.0, 1.0, 1.0]","[1.0, 1.0, 1.0, 1.0, 1.0, 1.0, 1.0, 1.0, 1.0, 1.0]","[1.0, 1.0, 1.0, 1.0, 1.0, 1.0, 1.0, 1.0, 1.0, 1.0]","[1.0, 1.0, 1.0, 1.0, 1.0, 1.0, 1.0, 1.0, 1.0, 1.0]","[1.0, 1.0, 1.0, 1.0, 1.0, 1.0, 1.0, 1.0, 1.0, 1.0]","[1.0, 1.0, 1.0, 1.0, 1.0, 1.0, 1.0, 1.0, 1.0, 1.0]","[array([[100,   0,   0,   0],
       [  0, 134,   0,   0],
       [  0,   0,  89,   0],
       [  0,   0,   0, 134]]), array([[100,   0,   0,   0],
       [  0, 134,   0,   0],
       [  0,   0,  89,   0],
       [  0,   0,   0, 134]]), array([[101,   0,   0,   0],
       [  0, 134,   0,   0],
       [  0,   0,  89,   0],
       [  0,   0,   0, 134]]), array([[101,   0,   0,   0],
       [  0, 134,   0,   0],
       [  0,   0,  89,   0],
       [  0,   0,   0, 134]]), array([[101,   0,   0,   0],
       [  0, 135,   0,   0],
       [  0,   0,  89,   0],
       [  0,   0,   0, 135]]), array([[101,   0,   0,   0],
       [  0, 134,   0,   0],
       [  0,   0,  90,   0],
       [  0,   0,   0, 134]]), array([[101,   0,   0,   0],
       [  0, 134,   0,   0],
       [  0,   0,  89,   0],
       [  0,   0,   0, 134]]), array([[101,   0,   0,   0],
       [  0, 134,   0,   0],
       [  0,   0,  89,   0],
       [  0,   0,   0, 134]]), array([[101,   0,   0,   0],
       [  0, 134,   0,   0],
       [  0,   0,  89,   0],
       [  0,   0,   0, 134]]), array([[101,   0,   0,   0],
       [  0, 134,   0,   0],
       [  0,   0,  89,   0],
       [  0,   0,   0, 134]])]","[0.782608695652174, 0.8043478260869565, 0.717391304347826, 0.782608695652174, 0.7555555555555555, 0.8444444444444444, 0.7111111111111111, 0.8444444444444444, 0.8, 0.8222222222222222]","[0.782608695652174, 0.8043478260869565, 0.717391304347826, 0.782608695652174, 0.7555555555555555, 0.8444444444444444, 0.7111111111111111, 0.8444444444444444, 0.8, 0.8222222222222222]","[0.782608695652174, 0.8043478260869565, 0.717391304347826, 0.782608695652174, 0.7555555555555555, 0.8444444444444444, 0.7111111111111111, 0.8444444444444444, 0.8, 0.8222222222222222]","[0.782608695652174, 0.8043478260869565, 0.717391304347826, 0.782608695652174, 0.7555555555555555, 0.8444444444444444, 0.7111111111111111, 0.8444444444444444, 0.8, 0.8222222222222222]","[0.7966269841269842, 0.8106209150326797, 0.7368686868686869, 0.7816399286987521, 0.7532467532467533, 0.84375, 0.7125816993464053, 0.8517156862745099, 0.7916666666666666, 0.8257440476190476]","[0.7930555555555555, 0.8013888888888888, 0.6924242424242424, 0.7674242424242426, 0.7532467532467533, 0.8383838383838383, 0.7007575757575757, 0.8300505050505051, 0.787878787878788, 0.8151515151515152]","[0.7928573591991883, 0.8024072966507177, 0.6979166666666667, 0.7709429824561403, 0.7523809523809524, 0.8399403239556692, 0.7041666666666666, 0.836468101733447, 0.7887894288150042, 0.8149263371037565]","[0.7945134575569359, 0.8097470872406933, 0.7337505489679402, 0.7861091735772042, 0.7571717171717173, 0.8453703703703704, 0.7143064633260713, 0.8476579520697167, 0.8, 0.8230026455026456]","[0.782608695652174, 0.8043478260869565, 0.717391304347826, 0.782608695652174, 0.7555555555555555, 0.8444444444444444, 0.7111111111111111, 0.8444444444444444, 0.8, 0.8222222222222222]","[0.7866679308567062, 0.8033271791137924, 0.7090579710144927, 0.7807112890922959, 0.7555555555555555, 0.8439329354930377, 0.71, 0.8417724416658773, 0.7991474850809889, 0.8178334807367065]","[array([[11,  1,  0,  0],
       [ 0,  8,  0,  1],
       [ 0,  0,  7,  3],
       [ 0,  0,  5, 10]]), array([[ 9,  2,  0,  1],
       [ 1,  8,  0,  0],
       [ 0,  0,  7,  3],
       [ 0,  0,  2, 13]]), array([[ 7,  4,  0,  0],
       [ 2,  7,  0,  1],
       [ 0,  0,  5,  5],
       [ 0,  0,  1, 14]]), array([[ 7,  3,  1,  0],
       [ 2,  7,  0,  1],
       [ 0,  0,  8,  2],
       [ 0,  1,  0, 14]]), array([[ 8,  3,  0,  0],
       [ 2,  8,  0,  0],
       [ 0,  0,  7,  3],
       [ 0,  0,  3, 11]]), array([[10,  1,  0,  0],
       [ 2,  8,  0,  0],
       [ 0,  0,  7,  2],
       [ 0,  1,  1, 13]]), array([[ 7,  3,  1,  0],
       [ 1,  6,  0,  2],
       [ 0,  0,  7,  3],
       [ 1,  0,  2, 12]]), array([[10,  1,  0,  0],
       [ 2,  7,  0,  0],
       [ 0,  0,  7,  3],
       [ 0,  0,  1, 14]]), array([[ 9,  2,  0,  0],
       [ 3,  6,  0,  0],
       [ 0,  0,  8,  2],
       [ 0,  0,  2, 13]]), array([[ 8,  1,  0,  2],
       [ 2,  6,  0,  1],
       [ 0,  0, 10,  0],
       [ 0,  0,  2, 13]])]"
35,"[1.0, 1.0, 1.0, 1.0, 1.0, 1.0, 1.0, 1.0, 1.0, 1.0]","[1.0, 1.0, 1.0, 1.0, 1.0, 1.0, 1.0, 1.0, 1.0, 1.0]","[1.0, 1.0, 1.0, 1.0, 1.0, 1.0, 1.0, 1.0, 1.0, 1.0]","[1.0, 1.0, 1.0, 1.0, 1.0, 1.0, 1.0, 1.0, 1.0, 1.0]","[1.0, 1.0, 1.0, 1.0, 1.0, 1.0, 1.0, 1.0, 1.0, 1.0]","[1.0, 1.0, 1.0, 1.0, 1.0, 1.0, 1.0, 1.0, 1.0, 1.0]","[1.0, 1.0, 1.0, 1.0, 1.0, 1.0, 1.0, 1.0, 1.0, 1.0]","[1.0, 1.0, 1.0, 1.0, 1.0, 1.0, 1.0, 1.0, 1.0, 1.0]","[1.0, 1.0, 1.0, 1.0, 1.0, 1.0, 1.0, 1.0, 1.0, 1.0]","[1.0, 1.0, 1.0, 1.0, 1.0, 1.0, 1.0, 1.0, 1.0, 1.0]","[array([[100,   0,   0,   0],
       [  0, 134,   0,   0],
       [  0,   0,  89,   0],
       [  0,   0,   0, 134]]), array([[100,   0,   0,   0],
       [  0, 134,   0,   0],
       [  0,   0,  89,   0],
       [  0,   0,   0, 134]]), array([[101,   0,   0,   0],
       [  0, 134,   0,   0],
       [  0,   0,  89,   0],
       [  0,   0,   0, 134]]), array([[101,   0,   0,   0],
       [  0, 134,   0,   0],
       [  0,   0,  89,   0],
       [  0,   0,   0, 134]]), array([[101,   0,   0,   0],
       [  0, 135,   0,   0],
       [  0,   0,  89,   0],
       [  0,   0,   0, 135]]), array([[101,   0,   0,   0],
       [  0, 134,   0,   0],
       [  0,   0,  90,   0],
       [  0,   0,   0, 134]]), array([[101,   0,   0,   0],
       [  0, 134,   0,   0],
       [  0,   0,  89,   0],
       [  0,   0,   0, 134]]), array([[101,   0,   0,   0],
       [  0, 134,   0,   0],
       [  0,   0,  89,   0],
       [  0,   0,   0, 134]]), array([[101,   0,   0,   0],
       [  0, 134,   0,   0],
       [  0,   0,  89,   0],
       [  0,   0,   0, 134]]), array([[101,   0,   0,   0],
       [  0, 134,   0,   0],
       [  0,   0,  89,   0],
       [  0,   0,   0, 134]])]","[0.7391304347826086, 0.8043478260869565, 0.7391304347826086, 0.782608695652174, 0.8, 0.8222222222222222, 0.7777777777777778, 0.8222222222222222, 0.7777777777777778, 0.8222222222222222]","[0.7391304347826086, 0.8043478260869565, 0.7391304347826086, 0.782608695652174, 0.8, 0.8222222222222222, 0.7777777777777778, 0.8222222222222222, 0.7777777777777778, 0.8222222222222222]","[0.7391304347826086, 0.8043478260869565, 0.7391304347826086, 0.782608695652174, 0.8, 0.8222222222222222, 0.7777777777777778, 0.8222222222222222, 0.7777777777777778, 0.8222222222222222]","[0.7391304347826086, 0.8043478260869565, 0.7391304347826086, 0.782608695652174, 0.8, 0.8222222222222222, 0.7777777777777778, 0.8222222222222222, 0.7777777777777778, 0.8222222222222222]","[0.7562229437229437, 0.8106209150326797, 0.76875, 0.7816399286987521, 0.8041666666666667, 0.8307158119658119, 0.7883771929824561, 0.8201500297088533, 0.7651515151515152, 0.8366941473559121]","[0.7513888888888888, 0.8013888888888888, 0.7174242424242425, 0.7674242424242426, 0.7961038961038961, 0.817929292929293, 0.7568181818181818, 0.8045454545454547, 0.7651515151515152, 0.817929292929293]","[0.7457904164800716, 0.8024072966507177, 0.7222787081339712, 0.7709429824561403, 0.7956525325853819, 0.8182011935208867, 0.7665634674922601, 0.8102923585702224, 0.7651515151515152, 0.8232930672268908]","[0.7628929041972521, 0.8097470872406933, 0.7635869565217391, 0.7861091735772042, 0.8056790123456791, 0.8350189933523267, 0.7857374918778428, 0.8220406681190996, 0.7777777777777778, 0.8290040932197794]","[0.7391304347826086, 0.8043478260869565, 0.7391304347826086, 0.782608695652174, 0.8, 0.8222222222222222, 0.7777777777777778, 0.8222222222222222, 0.7777777777777778, 0.8222222222222222]","[0.7433517007729901, 0.8033271791137924, 0.7310432702309132, 0.7807112890922959, 0.7985876918000331, 0.8230633702756466, 0.774984520123839, 0.8199776401788786, 0.7777777777777778, 0.8215709617180205]","[array([[ 9,  3,  0,  0],
       [ 0,  8,  0,  1],
       [ 0,  0,  7,  3],
       [ 0,  0,  5, 10]]), array([[ 9,  2,  0,  1],
       [ 1,  8,  0,  0],
       [ 0,  0,  7,  3],
       [ 0,  0,  2, 13]]), array([[ 7,  4,  0,  0],
       [ 1,  8,  0,  1],
       [ 0,  0,  5,  5],
       [ 0,  0,  1, 14]]), array([[ 7,  3,  1,  0],
       [ 2,  7,  0,  1],
       [ 0,  0,  8,  2],
       [ 0,  1,  0, 14]]), array([[ 8,  3,  0,  0],
       [ 1,  9,  0,  0],
       [ 0,  0,  7,  3],
       [ 0,  0,  2, 12]]), array([[ 8,  3,  0,  0],
       [ 1,  9,  0,  0],
       [ 0,  0,  7,  2],
       [ 0,  1,  1, 13]]), array([[ 8,  2,  1,  0],
       [ 1,  6,  0,  2],
       [ 0,  0,  7,  3],
       [ 0,  0,  1, 14]]), array([[ 9,  2,  0,  0],
       [ 2,  6,  0,  1],
       [ 0,  0,  8,  2],
       [ 0,  0,  1, 14]]), array([[ 8,  3,  0,  0],
       [ 3,  6,  0,  0],
       [ 0,  0,  8,  2],
       [ 0,  0,  2, 13]]), array([[ 8,  1,  0,  2],
       [ 1,  7,  0,  1],
       [ 0,  0,  9,  1],
       [ 0,  0,  2, 13]])]"
36,"[1.0, 1.0, 1.0, 1.0, 1.0, 1.0, 1.0, 1.0, 1.0, 1.0]","[1.0, 1.0, 1.0, 1.0, 1.0, 1.0, 1.0, 1.0, 1.0, 1.0]","[1.0, 1.0, 1.0, 1.0, 1.0, 1.0, 1.0, 1.0, 1.0, 1.0]","[1.0, 1.0, 1.0, 1.0, 1.0, 1.0, 1.0, 1.0, 1.0, 1.0]","[1.0, 1.0, 1.0, 1.0, 1.0, 1.0, 1.0, 1.0, 1.0, 1.0]","[1.0, 1.0, 1.0, 1.0, 1.0, 1.0, 1.0, 1.0, 1.0, 1.0]","[1.0, 1.0, 1.0, 1.0, 1.0, 1.0, 1.0, 1.0, 1.0, 1.0]","[1.0, 1.0, 1.0, 1.0, 1.0, 1.0, 1.0, 1.0, 1.0, 1.0]","[1.0, 1.0, 1.0, 1.0, 1.0, 1.0, 1.0, 1.0, 1.0, 1.0]","[1.0, 1.0, 1.0, 1.0, 1.0, 1.0, 1.0, 1.0, 1.0, 1.0]","[array([[100,   0,   0,   0],
       [  0, 134,   0,   0],
       [  0,   0,  89,   0],
       [  0,   0,   0, 134]]), array([[100,   0,   0,   0],
       [  0, 134,   0,   0],
       [  0,   0,  89,   0],
       [  0,   0,   0, 134]]), array([[101,   0,   0,   0],
       [  0, 134,   0,   0],
       [  0,   0,  89,   0],
       [  0,   0,   0, 134]]), array([[101,   0,   0,   0],
       [  0, 134,   0,   0],
       [  0,   0,  89,   0],
       [  0,   0,   0, 134]]), array([[101,   0,   0,   0],
       [  0, 135,   0,   0],
       [  0,   0,  89,   0],
       [  0,   0,   0, 135]]), array([[101,   0,   0,   0],
       [  0, 134,   0,   0],
       [  0,   0,  90,   0],
       [  0,   0,   0, 134]]), array([[101,   0,   0,   0],
       [  0, 134,   0,   0],
       [  0,   0,  89,   0],
       [  0,   0,   0, 134]]), array([[101,   0,   0,   0],
       [  0, 134,   0,   0],
       [  0,   0,  89,   0],
       [  0,   0,   0, 134]]), array([[101,   0,   0,   0],
       [  0, 134,   0,   0],
       [  0,   0,  89,   0],
       [  0,   0,   0, 134]]), array([[101,   0,   0,   0],
       [  0, 134,   0,   0],
       [  0,   0,  89,   0],
       [  0,   0,   0, 134]])]","[0.7608695652173914, 0.8043478260869565, 0.6956521739130435, 0.8043478260869565, 0.8, 0.8, 0.7555555555555555, 0.8444444444444444, 0.8, 0.8222222222222222]","[0.7608695652173914, 0.8043478260869565, 0.6956521739130435, 0.8043478260869565, 0.8, 0.8, 0.7555555555555555, 0.8444444444444444, 0.8, 0.8222222222222222]","[0.7608695652173914, 0.8043478260869565, 0.6956521739130435, 0.8043478260869565, 0.8, 0.8, 0.7555555555555555, 0.8444444444444444, 0.8, 0.8222222222222222]","[0.7608695652173914, 0.8043478260869565, 0.6956521739130435, 0.8043478260869565, 0.8, 0.8, 0.7555555555555555, 0.8444444444444444, 0.8, 0.8222222222222222]","[0.7744047619047619, 0.8106209150326797, 0.7166666666666668, 0.8031045751633987, 0.8041666666666667, 0.8020833333333334, 0.7625000000000001, 0.8399621212121212, 0.7916666666666666, 0.8366941473559121]","[0.7722222222222223, 0.8013888888888888, 0.6696969696969697, 0.7901515151515153, 0.7961038961038961, 0.7929292929292929, 0.7401515151515151, 0.8323232323232324, 0.787878787878788, 0.817929292929293]","[0.7693037452565583, 0.8024072966507177, 0.6732356459330144, 0.7947525062656642, 0.7956525325853819, 0.7948433919022154, 0.748127001996971, 0.8353226663922759, 0.7887894288150042, 0.8232930672268908]","[0.7771221532091097, 0.8097470872406933, 0.7155797101449276, 0.8052571753339016, 0.8056790123456791, 0.8075925925925926, 0.7591358024691358, 0.844753086419753, 0.8, 0.8290040932197794]","[0.7608695652173914, 0.8043478260869565, 0.6956521739130435, 0.8043478260869565, 0.8, 0.8, 0.7555555555555555, 0.8444444444444444, 0.8, 0.8222222222222222]","[0.7651413527685919, 0.8033271791137924, 0.686108799667152, 0.8027609785332896, 0.7985876918000331, 0.801454319101378, 0.7537888095163637, 0.8437653272967364, 0.7991474850809889, 0.8215709617180205]","[array([[10,  2,  0,  0],
       [ 0,  8,  0,  1],
       [ 0,  0,  7,  3],
       [ 0,  0,  5, 10]]), array([[ 9,  2,  0,  1],
       [ 1,  8,  0,  0],
       [ 0,  0,  7,  3],
       [ 0,  0,  2, 13]]), array([[ 6,  5,  0,  0],
       [ 2,  7,  0,  1],
       [ 0,  0,  5,  5],
       [ 0,  0,  1, 14]]), array([[ 8,  2,  1,  0],
       [ 2,  7,  0,  1],
       [ 0,  0,  8,  2],
       [ 0,  1,  0, 14]]), array([[ 8,  3,  0,  0],
       [ 1,  9,  0,  0],
       [ 0,  0,  7,  3],
       [ 0,  0,  2, 12]]), array([[ 8,  3,  0,  0],
       [ 2,  8,  0,  0],
       [ 0,  0,  7,  2],
       [ 0,  1,  1, 13]]), array([[ 8,  2,  1,  0],
       [ 1,  6,  0,  2],
       [ 0,  0,  7,  3],
       [ 1,  0,  1, 13]]), array([[ 9,  2,  0,  0],
       [ 2,  7,  0,  0],
       [ 0,  0,  8,  2],
       [ 0,  0,  1, 14]]), array([[ 9,  2,  0,  0],
       [ 3,  6,  0,  0],
       [ 0,  0,  8,  2],
       [ 0,  0,  2, 13]]), array([[ 8,  1,  0,  2],
       [ 1,  7,  0,  1],
       [ 0,  0,  9,  1],
       [ 0,  0,  2, 13]])]"
37,"[1.0, 1.0, 1.0, 1.0, 1.0, 1.0, 1.0, 1.0, 1.0, 1.0]","[1.0, 1.0, 1.0, 1.0, 1.0, 1.0, 1.0, 1.0, 1.0, 1.0]","[1.0, 1.0, 1.0, 1.0, 1.0, 1.0, 1.0, 1.0, 1.0, 1.0]","[1.0, 1.0, 1.0, 1.0, 1.0, 1.0, 1.0, 1.0, 1.0, 1.0]","[1.0, 1.0, 1.0, 1.0, 1.0, 1.0, 1.0, 1.0, 1.0, 1.0]","[1.0, 1.0, 1.0, 1.0, 1.0, 1.0, 1.0, 1.0, 1.0, 1.0]","[1.0, 1.0, 1.0, 1.0, 1.0, 1.0, 1.0, 1.0, 1.0, 1.0]","[1.0, 1.0, 1.0, 1.0, 1.0, 1.0, 1.0, 1.0, 1.0, 1.0]","[1.0, 1.0, 1.0, 1.0, 1.0, 1.0, 1.0, 1.0, 1.0, 1.0]","[1.0, 1.0, 1.0, 1.0, 1.0, 1.0, 1.0, 1.0, 1.0, 1.0]","[array([[100,   0,   0,   0],
       [  0, 134,   0,   0],
       [  0,   0,  89,   0],
       [  0,   0,   0, 134]]), array([[100,   0,   0,   0],
       [  0, 134,   0,   0],
       [  0,   0,  89,   0],
       [  0,   0,   0, 134]]), array([[101,   0,   0,   0],
       [  0, 134,   0,   0],
       [  0,   0,  89,   0],
       [  0,   0,   0, 134]]), array([[101,   0,   0,   0],
       [  0, 134,   0,   0],
       [  0,   0,  89,   0],
       [  0,   0,   0, 134]]), array([[101,   0,   0,   0],
       [  0, 135,   0,   0],
       [  0,   0,  89,   0],
       [  0,   0,   0, 135]]), array([[101,   0,   0,   0],
       [  0, 134,   0,   0],
       [  0,   0,  90,   0],
       [  0,   0,   0, 134]]), array([[101,   0,   0,   0],
       [  0, 134,   0,   0],
       [  0,   0,  89,   0],
       [  0,   0,   0, 134]]), array([[101,   0,   0,   0],
       [  0, 134,   0,   0],
       [  0,   0,  89,   0],
       [  0,   0,   0, 134]]), array([[101,   0,   0,   0],
       [  0, 134,   0,   0],
       [  0,   0,  89,   0],
       [  0,   0,   0, 134]]), array([[101,   0,   0,   0],
       [  0, 134,   0,   0],
       [  0,   0,  89,   0],
       [  0,   0,   0, 134]])]","[0.7608695652173914, 0.8043478260869565, 0.7391304347826086, 0.782608695652174, 0.7555555555555555, 0.8, 0.7111111111111111, 0.8666666666666667, 0.8, 0.8222222222222222]","[0.7608695652173914, 0.8043478260869565, 0.7391304347826086, 0.782608695652174, 0.7555555555555555, 0.8, 0.7111111111111111, 0.8666666666666667, 0.8, 0.8222222222222222]","[0.7608695652173914, 0.8043478260869565, 0.7391304347826086, 0.782608695652174, 0.7555555555555555, 0.8, 0.7111111111111111, 0.8666666666666667, 0.8, 0.8222222222222222]","[0.7608695652173914, 0.8043478260869565, 0.7391304347826086, 0.782608695652174, 0.7555555555555555, 0.8, 0.7111111111111111, 0.8666666666666667, 0.8, 0.8222222222222222]","[0.7723214285714286, 0.8092171717171717, 0.7465277777777778, 0.7816399286987521, 0.7512626262626263, 0.7979166666666667, 0.7555304172951232, 0.874127302436126, 0.7916666666666666, 0.8366941473559121]","[0.7652777777777777, 0.8055555555555556, 0.7196969696969697, 0.7674242424242426, 0.746103896103896, 0.7906565656565656, 0.7058080808080807, 0.8550505050505051, 0.787878787878788, 0.817929292929293]","[0.7665537218022005, 0.8056765335498635, 0.723551302498671, 0.7709429824561403, 0.7479252598581092, 0.7932011935208866, 0.7072720236419927, 0.8624313960033774, 0.7887894288150042, 0.8232930672268908]","[0.7700569358178054, 0.8073232323232323, 0.75, 0.7861091735772042, 0.7550617283950618, 0.8027777777777778, 0.7602703759566506, 0.8692628903413218, 0.8, 0.8290040932197794]","[0.7608695652173914, 0.8043478260869565, 0.7391304347826086, 0.782608695652174, 0.7555555555555555, 0.8, 0.7111111111111111, 0.8666666666666667, 0.8, 0.8222222222222222]","[0.7634832316462089, 0.8042403099033638, 0.7351316367334675, 0.7807112890922959, 0.754547287759629, 0.8004546746234726, 0.71356443693905, 0.8657292741658067, 0.7991474850809889, 0.8215709617180205]","[array([[11,  1,  0,  0],
       [ 1,  7,  0,  1],
       [ 0,  0,  7,  3],
       [ 0,  0,  5, 10]]), array([[10,  1,  0,  1],
       [ 1,  8,  0,  0],
       [ 0,  0,  7,  3],
       [ 0,  1,  2, 12]]), array([[ 6,  5,  0,  0],
       [ 2,  7,  0,  1],
       [ 0,  0,  7,  3],
       [ 0,  0,  1, 14]]), array([[ 7,  3,  1,  0],
       [ 2,  7,  0,  1],
       [ 0,  0,  8,  2],
       [ 0,  1,  0, 14]]), array([[ 8,  3,  0,  0],
       [ 3,  7,  0,  0],
       [ 0,  0,  7,  3],
       [ 0,  0,  2, 12]]), array([[ 9,  2,  0,  0],
       [ 3,  7,  0,  0],
       [ 0,  0,  7,  2],
       [ 0,  1,  1, 13]]), array([[ 6,  4,  1,  0],
       [ 0,  7,  0,  2],
       [ 0,  0,  7,  3],
       [ 0,  2,  1, 12]]), array([[10,  1,  0,  0],
       [ 1,  7,  0,  1],
       [ 0,  0,  8,  2],
       [ 0,  0,  1, 14]]), array([[ 9,  2,  0,  0],
       [ 3,  6,  0,  0],
       [ 0,  0,  8,  2],
       [ 0,  0,  2, 13]]), array([[ 8,  1,  0,  2],
       [ 1,  7,  0,  1],
       [ 0,  0,  9,  1],
       [ 0,  0,  2, 13]])]"
38,"[1.0, 1.0, 1.0, 1.0, 1.0, 1.0, 1.0, 1.0, 1.0, 1.0]","[1.0, 1.0, 1.0, 1.0, 1.0, 1.0, 1.0, 1.0, 1.0, 1.0]","[1.0, 1.0, 1.0, 1.0, 1.0, 1.0, 1.0, 1.0, 1.0, 1.0]","[1.0, 1.0, 1.0, 1.0, 1.0, 1.0, 1.0, 1.0, 1.0, 1.0]","[1.0, 1.0, 1.0, 1.0, 1.0, 1.0, 1.0, 1.0, 1.0, 1.0]","[1.0, 1.0, 1.0, 1.0, 1.0, 1.0, 1.0, 1.0, 1.0, 1.0]","[1.0, 1.0, 1.0, 1.0, 1.0, 1.0, 1.0, 1.0, 1.0, 1.0]","[1.0, 1.0, 1.0, 1.0, 1.0, 1.0, 1.0, 1.0, 1.0, 1.0]","[1.0, 1.0, 1.0, 1.0, 1.0, 1.0, 1.0, 1.0, 1.0, 1.0]","[1.0, 1.0, 1.0, 1.0, 1.0, 1.0, 1.0, 1.0, 1.0, 1.0]","[array([[100,   0,   0,   0],
       [  0, 134,   0,   0],
       [  0,   0,  89,   0],
       [  0,   0,   0, 134]]), array([[100,   0,   0,   0],
       [  0, 134,   0,   0],
       [  0,   0,  89,   0],
       [  0,   0,   0, 134]]), array([[101,   0,   0,   0],
       [  0, 134,   0,   0],
       [  0,   0,  89,   0],
       [  0,   0,   0, 134]]), array([[101,   0,   0,   0],
       [  0, 134,   0,   0],
       [  0,   0,  89,   0],
       [  0,   0,   0, 134]]), array([[101,   0,   0,   0],
       [  0, 135,   0,   0],
       [  0,   0,  89,   0],
       [  0,   0,   0, 135]]), array([[101,   0,   0,   0],
       [  0, 134,   0,   0],
       [  0,   0,  90,   0],
       [  0,   0,   0, 134]]), array([[101,   0,   0,   0],
       [  0, 134,   0,   0],
       [  0,   0,  89,   0],
       [  0,   0,   0, 134]]), array([[101,   0,   0,   0],
       [  0, 134,   0,   0],
       [  0,   0,  89,   0],
       [  0,   0,   0, 134]]), array([[101,   0,   0,   0],
       [  0, 134,   0,   0],
       [  0,   0,  89,   0],
       [  0,   0,   0, 134]]), array([[101,   0,   0,   0],
       [  0, 134,   0,   0],
       [  0,   0,  89,   0],
       [  0,   0,   0, 134]])]","[0.7608695652173914, 0.7608695652173914, 0.7391304347826086, 0.782608695652174, 0.8, 0.8444444444444444, 0.7111111111111111, 0.8444444444444444, 0.8, 0.8]","[0.7608695652173914, 0.7608695652173914, 0.7391304347826086, 0.782608695652174, 0.8, 0.8444444444444444, 0.7111111111111111, 0.8444444444444444, 0.8, 0.8]","[0.7608695652173914, 0.7608695652173914, 0.7391304347826086, 0.782608695652174, 0.8, 0.8444444444444444, 0.7111111111111111, 0.8444444444444444, 0.8, 0.8]","[0.7608695652173914, 0.7608695652173914, 0.7391304347826086, 0.782608695652174, 0.8, 0.8444444444444444, 0.7111111111111111, 0.8444444444444444, 0.8, 0.8]","[0.7744047619047619, 0.7614898989898989, 0.7500763125763126, 0.7816399286987521, 0.8041666666666667, 0.8496642246642248, 0.7196637426900585, 0.847549019607843, 0.7916666666666666, 0.8100076394194041]","[0.7722222222222223, 0.7569444444444444, 0.7196969696969697, 0.7674242424242426, 0.7961038961038961, 0.8457070707070707, 0.6924242424242424, 0.8323232323232324, 0.7929292929292929, 0.7901515151515152]","[0.7693037452565583, 0.7576216136413967, 0.7203995806768724, 0.7709429824561403, 0.7956525325853819, 0.8420123271697485, 0.6995098039215686, 0.8380064745196324, 0.7913533834586467, 0.7953869047619048]","[0.7771221532091097, 0.7640425999121652, 0.7530856824335084, 0.7861091735772042, 0.8056790123456791, 0.8584316917650251, 0.71819363222872, 0.8475962236746549, 0.8022222222222223, 0.8037042695866224]","[0.7608695652173914, 0.7608695652173914, 0.7391304347826086, 0.782608695652174, 0.8, 0.8444444444444444, 0.7111111111111111, 0.8444444444444444, 0.8, 0.8]","[0.7651413527685919, 0.7609610342094031, 0.7323910090623383, 0.7807112890922959, 0.7985876918000331, 0.8460969515242379, 0.7074945533769063, 0.8438805346700083, 0.8002784739626846, 0.79755291005291]","[array([[10,  2,  0,  0],
       [ 0,  8,  0,  1],
       [ 0,  0,  7,  3],
       [ 0,  0,  5, 10]]), array([[ 9,  2,  0,  1],
       [ 2,  7,  0,  0],
       [ 0,  0,  7,  3],
       [ 0,  1,  2, 12]]), array([[ 6,  5,  0,  0],
       [ 2,  8,  0,  0],
       [ 0,  0,  6,  4],
       [ 0,  0,  1, 14]]), array([[ 7,  3,  1,  0],
       [ 2,  7,  0,  1],
       [ 0,  0,  8,  2],
       [ 0,  1,  0, 14]]), array([[ 8,  3,  0,  0],
       [ 1,  9,  0,  0],
       [ 0,  0,  7,  3],
       [ 0,  0,  2, 12]]), array([[ 8,  3,  0,  0],
       [ 1,  9,  0,  0],
       [ 0,  0,  8,  1],
       [ 0,  1,  1, 13]]), array([[ 7,  3,  1,  0],
       [ 1,  6,  0,  2],
       [ 0,  0,  6,  4],
       [ 1,  0,  1, 13]]), array([[ 9,  2,  0,  0],
       [ 1,  7,  0,  1],
       [ 0,  0,  8,  2],
       [ 0,  0,  1, 14]]), array([[ 8,  3,  0,  0],
       [ 2,  7,  0,  0],
       [ 0,  0,  8,  2],
       [ 0,  0,  2, 13]]), array([[ 8,  1,  0,  2],
       [ 2,  6,  0,  1],
       [ 0,  0,  9,  1],
       [ 0,  0,  2, 13]])]"
