n_neighbors value,Train_Accuracy,Train_Precision_micro,Train_Recall_micro,Train_f1_micro,Train_Precision_macro,Train_Recall_macro,Train_f1_macro,Train_Precision_weighted,Train_Recall_weighted,Train_f1_weighted,Train_Confusion_Matrix,Test_Accuracy,Test_Precision_micro,Test_Recall_micro,Test_f1_micro,Test_Precision_macro,Test_Recall_macro,Test_f1_macro,Test_Precision_weighted,Test_Recall_weighted,Test_f1_weighted,Test_Confusion_Matrix
1,"[1.0, 1.0, 1.0, 1.0, 1.0, 1.0, 1.0, 1.0, 1.0, 1.0]","[1.0, 1.0, 1.0, 1.0, 1.0, 1.0, 1.0, 1.0, 1.0, 1.0]","[1.0, 1.0, 1.0, 1.0, 1.0, 1.0, 1.0, 1.0, 1.0, 1.0]","[1.0, 1.0, 1.0, 1.0, 1.0, 1.0, 1.0, 1.0, 1.0, 1.0]","[1.0, 1.0, 1.0, 1.0, 1.0, 1.0, 1.0, 1.0, 1.0, 1.0]","[1.0, 1.0, 1.0, 1.0, 1.0, 1.0, 1.0, 1.0, 1.0, 1.0]","[1.0, 1.0, 1.0, 1.0, 1.0, 1.0, 1.0, 1.0, 1.0, 1.0]","[1.0, 1.0, 1.0, 1.0, 1.0, 1.0, 1.0, 1.0, 1.0, 1.0]","[1.0, 1.0, 1.0, 1.0, 1.0, 1.0, 1.0, 1.0, 1.0, 1.0]","[1.0, 1.0, 1.0, 1.0, 1.0, 1.0, 1.0, 1.0, 1.0, 1.0]","[array([[100,   0,   0,   0],
       [  0,  85,   0,   0],
       [  0,   0,  89,   0],
       [  0,   0,   0, 134]]), array([[100,   0,   0,   0],
       [  0,  85,   0,   0],
       [  0,   0,  89,   0],
       [  0,   0,   0, 134]]), array([[101,   0,   0,   0],
       [  0,  84,   0,   0],
       [  0,   0,  89,   0],
       [  0,   0,   0, 134]]), array([[101,   0,   0,   0],
       [  0,  84,   0,   0],
       [  0,   0,  89,   0],
       [  0,   0,   0, 134]]), array([[101,   0,   0,   0],
       [  0,  84,   0,   0],
       [  0,   0,  89,   0],
       [  0,   0,   0, 135]]), array([[101,   0,   0,   0],
       [  0,  84,   0,   0],
       [  0,   0,  90,   0],
       [  0,   0,   0, 134]]), array([[101,   0,   0,   0],
       [  0,  85,   0,   0],
       [  0,   0,  89,   0],
       [  0,   0,   0, 134]]), array([[101,   0,   0,   0],
       [  0,  85,   0,   0],
       [  0,   0,  89,   0],
       [  0,   0,   0, 134]]), array([[101,   0,   0,   0],
       [  0,  85,   0,   0],
       [  0,   0,  89,   0],
       [  0,   0,   0, 134]]), array([[101,   0,   0,   0],
       [  0,  85,   0,   0],
       [  0,   0,  89,   0],
       [  0,   0,   0, 134]])]","[0.6086956521739131, 0.8043478260869565, 0.8260869565217391, 0.782608695652174, 0.8, 0.7777777777777778, 0.6666666666666666, 0.7333333333333333, 0.6666666666666666, 0.7333333333333333]","[0.6086956521739131, 0.8043478260869565, 0.8260869565217391, 0.782608695652174, 0.8, 0.7777777777777778, 0.6666666666666666, 0.7333333333333333, 0.6666666666666666, 0.7333333333333333]","[0.6086956521739131, 0.8043478260869565, 0.8260869565217391, 0.782608695652174, 0.8, 0.7777777777777778, 0.6666666666666666, 0.7333333333333333, 0.6666666666666666, 0.7333333333333333]","[0.6086956521739131, 0.8043478260869565, 0.8260869565217391, 0.782608695652174, 0.8000000000000002, 0.7777777777777778, 0.6666666666666666, 0.7333333333333333, 0.6666666666666666, 0.7333333333333333]","[0.6327380952380952, 0.8082837301587301, 0.8212121212121212, 0.788888888888889, 0.8062499999999999, 0.7841575091575091, 0.6674185463659148, 0.7899305555555556, 0.7404401154401155, 0.7392857142857143]","[0.5944444444444444, 0.7875, 0.8212121212121212, 0.7856060606060606, 0.7938311688311689, 0.7777777777777778, 0.6429292929292929, 0.7, 0.6472222222222223, 0.7212121212121212]","[0.5988011988011988, 0.7929264072090898, 0.8212121212121213, 0.7862509534706331, 0.796993170081626, 0.7686481475181164, 0.6498415155535898, 0.6923400673400673, 0.619644723092999, 0.7267005610098177]","[0.6290890269151139, 0.806698585231194, 0.8260869565217391, 0.783816425120773, 0.8044444444444445, 0.7917867317867318, 0.6685157337788916, 0.775462962962963, 0.7288920955587623, 0.7380952380952381]","[0.6086956521739131, 0.8043478260869565, 0.8260869565217391, 0.782608695652174, 0.8, 0.7777777777777778, 0.6666666666666666, 0.7333333333333333, 0.6666666666666666, 0.7333333333333333]","[0.6069365417191505, 0.801150268864523, 0.8260869565217391, 0.7823102178887673, 0.7993928961445205, 0.7729735348930394, 0.6618883810834275, 0.709951365506921, 0.6362010913735051, 0.7327021972884527]","[array([[10,  1,  1,  0],
       [ 4,  4,  0,  1],
       [ 0,  0,  5,  5],
       [ 0,  0,  6,  9]]), array([[11,  1,  0,  0],
       [ 3,  6,  0,  0],
       [ 0,  0,  7,  3],
       [ 0,  0,  2, 13]]), array([[ 9,  2,  0,  0],
       [ 2,  8,  0,  0],
       [ 0,  0,  8,  2],
       [ 0,  0,  2, 13]]), array([[10,  1,  0,  0],
       [ 1,  8,  0,  1],
       [ 0,  0,  7,  3],
       [ 1,  0,  3, 11]]), array([[ 9,  1,  0,  1],
       [ 3,  7,  0,  0],
       [ 0,  0,  8,  2],
       [ 0,  0,  2, 12]]), array([[11,  0,  0,  0],
       [ 4,  6,  0,  0],
       [ 0,  0,  7,  2],
       [ 0,  1,  3, 11]]), array([[ 8,  2,  1,  0],
       [ 2,  4,  0,  3],
       [ 0,  0,  6,  4],
       [ 0,  1,  2, 12]]), array([[11,  0,  0,  0],
       [ 5,  3,  0,  1],
       [ 0,  0,  6,  4],
       [ 0,  0,  2, 13]]), array([[11,  0,  0,  0],
       [ 6,  2,  0,  1],
       [ 0,  0,  7,  3],
       [ 1,  0,  4, 10]]), array([[ 9,  1,  1,  0],
       [ 2,  6,  0,  1],
       [ 1,  0,  6,  3],
       [ 0,  0,  3, 12]])]"
2,"[1.0, 1.0, 1.0, 1.0, 1.0, 1.0, 1.0, 1.0, 1.0, 1.0]","[1.0, 1.0, 1.0, 1.0, 1.0, 1.0, 1.0, 1.0, 1.0, 1.0]","[1.0, 1.0, 1.0, 1.0, 1.0, 1.0, 1.0, 1.0, 1.0, 1.0]","[1.0, 1.0, 1.0, 1.0, 1.0, 1.0, 1.0, 1.0, 1.0, 1.0]","[1.0, 1.0, 1.0, 1.0, 1.0, 1.0, 1.0, 1.0, 1.0, 1.0]","[1.0, 1.0, 1.0, 1.0, 1.0, 1.0, 1.0, 1.0, 1.0, 1.0]","[1.0, 1.0, 1.0, 1.0, 1.0, 1.0, 1.0, 1.0, 1.0, 1.0]","[1.0, 1.0, 1.0, 1.0, 1.0, 1.0, 1.0, 1.0, 1.0, 1.0]","[1.0, 1.0, 1.0, 1.0, 1.0, 1.0, 1.0, 1.0, 1.0, 1.0]","[1.0, 1.0, 1.0, 1.0, 1.0, 1.0, 1.0, 1.0, 1.0, 1.0]","[array([[100,   0,   0,   0],
       [  0,  85,   0,   0],
       [  0,   0,  89,   0],
       [  0,   0,   0, 134]]), array([[100,   0,   0,   0],
       [  0,  85,   0,   0],
       [  0,   0,  89,   0],
       [  0,   0,   0, 134]]), array([[101,   0,   0,   0],
       [  0,  84,   0,   0],
       [  0,   0,  89,   0],
       [  0,   0,   0, 134]]), array([[101,   0,   0,   0],
       [  0,  84,   0,   0],
       [  0,   0,  89,   0],
       [  0,   0,   0, 134]]), array([[101,   0,   0,   0],
       [  0,  84,   0,   0],
       [  0,   0,  89,   0],
       [  0,   0,   0, 135]]), array([[101,   0,   0,   0],
       [  0,  84,   0,   0],
       [  0,   0,  90,   0],
       [  0,   0,   0, 134]]), array([[101,   0,   0,   0],
       [  0,  85,   0,   0],
       [  0,   0,  89,   0],
       [  0,   0,   0, 134]]), array([[101,   0,   0,   0],
       [  0,  85,   0,   0],
       [  0,   0,  89,   0],
       [  0,   0,   0, 134]]), array([[101,   0,   0,   0],
       [  0,  85,   0,   0],
       [  0,   0,  89,   0],
       [  0,   0,   0, 134]]), array([[101,   0,   0,   0],
       [  0,  85,   0,   0],
       [  0,   0,  89,   0],
       [  0,   0,   0, 134]])]","[0.6086956521739131, 0.8043478260869565, 0.8260869565217391, 0.782608695652174, 0.8, 0.7777777777777778, 0.6666666666666666, 0.7333333333333333, 0.6666666666666666, 0.7333333333333333]","[0.6086956521739131, 0.8043478260869565, 0.8260869565217391, 0.782608695652174, 0.8, 0.7777777777777778, 0.6666666666666666, 0.7333333333333333, 0.6666666666666666, 0.7333333333333333]","[0.6086956521739131, 0.8043478260869565, 0.8260869565217391, 0.782608695652174, 0.8, 0.7777777777777778, 0.6666666666666666, 0.7333333333333333, 0.6666666666666666, 0.7333333333333333]","[0.6086956521739131, 0.8043478260869565, 0.8260869565217391, 0.782608695652174, 0.8000000000000002, 0.7777777777777778, 0.6666666666666666, 0.7333333333333333, 0.6666666666666666, 0.7333333333333333]","[0.6327380952380952, 0.8082837301587301, 0.8212121212121212, 0.788888888888889, 0.8062499999999999, 0.7841575091575091, 0.6674185463659148, 0.7899305555555556, 0.7404401154401155, 0.7392857142857143]","[0.5944444444444444, 0.7875, 0.8212121212121212, 0.7856060606060606, 0.7938311688311689, 0.7777777777777778, 0.6429292929292929, 0.7, 0.6472222222222223, 0.7212121212121212]","[0.5988011988011988, 0.7929264072090898, 0.8212121212121213, 0.7862509534706331, 0.796993170081626, 0.7686481475181164, 0.6498415155535898, 0.6923400673400673, 0.619644723092999, 0.7267005610098177]","[0.6290890269151139, 0.806698585231194, 0.8260869565217391, 0.783816425120773, 0.8044444444444445, 0.7917867317867318, 0.6685157337788916, 0.775462962962963, 0.7288920955587623, 0.7380952380952381]","[0.6086956521739131, 0.8043478260869565, 0.8260869565217391, 0.782608695652174, 0.8, 0.7777777777777778, 0.6666666666666666, 0.7333333333333333, 0.6666666666666666, 0.7333333333333333]","[0.6069365417191505, 0.801150268864523, 0.8260869565217391, 0.7823102178887673, 0.7993928961445205, 0.7729735348930394, 0.6618883810834275, 0.709951365506921, 0.6362010913735051, 0.7327021972884527]","[array([[10,  1,  1,  0],
       [ 4,  4,  0,  1],
       [ 0,  0,  5,  5],
       [ 0,  0,  6,  9]]), array([[11,  1,  0,  0],
       [ 3,  6,  0,  0],
       [ 0,  0,  7,  3],
       [ 0,  0,  2, 13]]), array([[ 9,  2,  0,  0],
       [ 2,  8,  0,  0],
       [ 0,  0,  8,  2],
       [ 0,  0,  2, 13]]), array([[10,  1,  0,  0],
       [ 1,  8,  0,  1],
       [ 0,  0,  7,  3],
       [ 1,  0,  3, 11]]), array([[ 9,  1,  0,  1],
       [ 3,  7,  0,  0],
       [ 0,  0,  8,  2],
       [ 0,  0,  2, 12]]), array([[11,  0,  0,  0],
       [ 4,  6,  0,  0],
       [ 0,  0,  7,  2],
       [ 0,  1,  3, 11]]), array([[ 8,  2,  1,  0],
       [ 2,  4,  0,  3],
       [ 0,  0,  6,  4],
       [ 0,  1,  2, 12]]), array([[11,  0,  0,  0],
       [ 5,  3,  0,  1],
       [ 0,  0,  6,  4],
       [ 0,  0,  2, 13]]), array([[11,  0,  0,  0],
       [ 6,  2,  0,  1],
       [ 0,  0,  7,  3],
       [ 1,  0,  4, 10]]), array([[ 9,  1,  1,  0],
       [ 2,  6,  0,  1],
       [ 1,  0,  6,  3],
       [ 0,  0,  3, 12]])]"
3,"[1.0, 1.0, 1.0, 1.0, 1.0, 1.0, 1.0, 1.0, 1.0, 1.0]","[1.0, 1.0, 1.0, 1.0, 1.0, 1.0, 1.0, 1.0, 1.0, 1.0]","[1.0, 1.0, 1.0, 1.0, 1.0, 1.0, 1.0, 1.0, 1.0, 1.0]","[1.0, 1.0, 1.0, 1.0, 1.0, 1.0, 1.0, 1.0, 1.0, 1.0]","[1.0, 1.0, 1.0, 1.0, 1.0, 1.0, 1.0, 1.0, 1.0, 1.0]","[1.0, 1.0, 1.0, 1.0, 1.0, 1.0, 1.0, 1.0, 1.0, 1.0]","[1.0, 1.0, 1.0, 1.0, 1.0, 1.0, 1.0, 1.0, 1.0, 1.0]","[1.0, 1.0, 1.0, 1.0, 1.0, 1.0, 1.0, 1.0, 1.0, 1.0]","[1.0, 1.0, 1.0, 1.0, 1.0, 1.0, 1.0, 1.0, 1.0, 1.0]","[1.0, 1.0, 1.0, 1.0, 1.0, 1.0, 1.0, 1.0, 1.0, 1.0]","[array([[100,   0,   0,   0],
       [  0,  85,   0,   0],
       [  0,   0,  89,   0],
       [  0,   0,   0, 134]]), array([[100,   0,   0,   0],
       [  0,  85,   0,   0],
       [  0,   0,  89,   0],
       [  0,   0,   0, 134]]), array([[101,   0,   0,   0],
       [  0,  84,   0,   0],
       [  0,   0,  89,   0],
       [  0,   0,   0, 134]]), array([[101,   0,   0,   0],
       [  0,  84,   0,   0],
       [  0,   0,  89,   0],
       [  0,   0,   0, 134]]), array([[101,   0,   0,   0],
       [  0,  84,   0,   0],
       [  0,   0,  89,   0],
       [  0,   0,   0, 135]]), array([[101,   0,   0,   0],
       [  0,  84,   0,   0],
       [  0,   0,  90,   0],
       [  0,   0,   0, 134]]), array([[101,   0,   0,   0],
       [  0,  85,   0,   0],
       [  0,   0,  89,   0],
       [  0,   0,   0, 134]]), array([[101,   0,   0,   0],
       [  0,  85,   0,   0],
       [  0,   0,  89,   0],
       [  0,   0,   0, 134]]), array([[101,   0,   0,   0],
       [  0,  85,   0,   0],
       [  0,   0,  89,   0],
       [  0,   0,   0, 134]]), array([[101,   0,   0,   0],
       [  0,  85,   0,   0],
       [  0,   0,  89,   0],
       [  0,   0,   0, 134]])]","[0.7391304347826086, 0.782608695652174, 0.7608695652173914, 0.8260869565217391, 0.7555555555555555, 0.8222222222222222, 0.6888888888888889, 0.7555555555555555, 0.7555555555555555, 0.6666666666666666]","[0.7391304347826086, 0.782608695652174, 0.7608695652173914, 0.8260869565217391, 0.7555555555555555, 0.8222222222222222, 0.6888888888888889, 0.7555555555555555, 0.7555555555555555, 0.6666666666666666]","[0.7391304347826086, 0.782608695652174, 0.7608695652173914, 0.8260869565217391, 0.7555555555555555, 0.8222222222222222, 0.6888888888888889, 0.7555555555555555, 0.7555555555555555, 0.6666666666666666]","[0.7391304347826085, 0.782608695652174, 0.7608695652173914, 0.8260869565217391, 0.7555555555555555, 0.8222222222222222, 0.6888888888888889, 0.7555555555555555, 0.7555555555555555, 0.6666666666666666]","[0.7721153846153846, 0.7970063025210085, 0.7668269230769231, 0.8298888611388612, 0.7610576923076923, 0.8239087301587301, 0.7058745348219031, 0.8013888888888889, 0.8062091503267974, 0.7121848739495799]","[0.7416666666666666, 0.7694444444444444, 0.7545454545454544, 0.8272727272727272, 0.7487012987012986, 0.8194444444444444, 0.6679292929292929, 0.7277777777777777, 0.7361111111111112, 0.6406565656565657]","[0.7410628019323672, 0.7759081196581197, 0.7569444444444445, 0.82396004378763, 0.7503276870336761, 0.8157854406130267, 0.6764705882352942, 0.7290209790209788, 0.7344852515905148, 0.6463461538461539]","[0.7659698996655517, 0.7853032517354768, 0.7688127090301002, 0.8315325978369456, 0.7587749287749287, 0.8277777777777777, 0.7025577411542323, 0.7866666666666666, 0.797676107480029, 0.7035480859010271]","[0.7391304347826086, 0.782608695652174, 0.7608695652173914, 0.8260869565217391, 0.7555555555555555, 0.8222222222222222, 0.6888888888888889, 0.7555555555555555, 0.7555555555555555, 0.6666666666666666]","[0.7381222432262129, 0.777336492010405, 0.7614734299516909, 0.8245579591156804, 0.7529094127400238, 0.8193682418050234, 0.6856644880174292, 0.7406889406889405, 0.7455497718655614, 0.6601880341880343]","[array([[12,  0,  0,  0],
       [ 3,  6,  0,  0],
       [ 0,  0,  7,  3],
       [ 0,  0,  6,  9]]), array([[12,  0,  0,  0],
       [ 2,  7,  0,  0],
       [ 0,  0,  5,  5],
       [ 0,  0,  3, 12]]), array([[ 9,  2,  0,  0],
       [ 3,  7,  0,  0],
       [ 0,  0,  7,  3],
       [ 1,  1,  1, 12]]), array([[10,  1,  0,  0],
       [ 2,  7,  0,  1],
       [ 0,  0,  9,  1],
       [ 1,  0,  2, 12]]), array([[10,  1,  0,  0],
       [ 3,  7,  0,  0],
       [ 0,  0,  6,  4],
       [ 0,  0,  3, 11]]), array([[11,  0,  0,  0],
       [ 3,  7,  0,  0],
       [ 0,  0,  7,  2],
       [ 0,  1,  2, 12]]), array([[ 8,  2,  1,  0],
       [ 1,  4,  0,  4],
       [ 0,  0,  7,  3],
       [ 0,  0,  3, 12]]), array([[11,  0,  0,  0],
       [ 4,  4,  0,  1],
       [ 0,  0,  6,  4],
       [ 0,  0,  2, 13]]), array([[11,  0,  0,  0],
       [ 5,  4,  0,  0],
       [ 0,  0,  7,  3],
       [ 1,  0,  2, 12]]), array([[ 9,  0,  2,  0],
       [ 4,  4,  0,  1],
       [ 1,  0,  5,  4],
       [ 0,  0,  3, 12]])]"
4,"[1.0, 1.0, 1.0, 1.0, 1.0, 1.0, 1.0, 1.0, 1.0, 1.0]","[1.0, 1.0, 1.0, 1.0, 1.0, 1.0, 1.0, 1.0, 1.0, 1.0]","[1.0, 1.0, 1.0, 1.0, 1.0, 1.0, 1.0, 1.0, 1.0, 1.0]","[1.0, 1.0, 1.0, 1.0, 1.0, 1.0, 1.0, 1.0, 1.0, 1.0]","[1.0, 1.0, 1.0, 1.0, 1.0, 1.0, 1.0, 1.0, 1.0, 1.0]","[1.0, 1.0, 1.0, 1.0, 1.0, 1.0, 1.0, 1.0, 1.0, 1.0]","[1.0, 1.0, 1.0, 1.0, 1.0, 1.0, 1.0, 1.0, 1.0, 1.0]","[1.0, 1.0, 1.0, 1.0, 1.0, 1.0, 1.0, 1.0, 1.0, 1.0]","[1.0, 1.0, 1.0, 1.0, 1.0, 1.0, 1.0, 1.0, 1.0, 1.0]","[1.0, 1.0, 1.0, 1.0, 1.0, 1.0, 1.0, 1.0, 1.0, 1.0]","[array([[100,   0,   0,   0],
       [  0,  85,   0,   0],
       [  0,   0,  89,   0],
       [  0,   0,   0, 134]]), array([[100,   0,   0,   0],
       [  0,  85,   0,   0],
       [  0,   0,  89,   0],
       [  0,   0,   0, 134]]), array([[101,   0,   0,   0],
       [  0,  84,   0,   0],
       [  0,   0,  89,   0],
       [  0,   0,   0, 134]]), array([[101,   0,   0,   0],
       [  0,  84,   0,   0],
       [  0,   0,  89,   0],
       [  0,   0,   0, 134]]), array([[101,   0,   0,   0],
       [  0,  84,   0,   0],
       [  0,   0,  89,   0],
       [  0,   0,   0, 135]]), array([[101,   0,   0,   0],
       [  0,  84,   0,   0],
       [  0,   0,  90,   0],
       [  0,   0,   0, 134]]), array([[101,   0,   0,   0],
       [  0,  85,   0,   0],
       [  0,   0,  89,   0],
       [  0,   0,   0, 134]]), array([[101,   0,   0,   0],
       [  0,  85,   0,   0],
       [  0,   0,  89,   0],
       [  0,   0,   0, 134]]), array([[101,   0,   0,   0],
       [  0,  85,   0,   0],
       [  0,   0,  89,   0],
       [  0,   0,   0, 134]]), array([[101,   0,   0,   0],
       [  0,  85,   0,   0],
       [  0,   0,  89,   0],
       [  0,   0,   0, 134]])]","[0.717391304347826, 0.7391304347826086, 0.7608695652173914, 0.8260869565217391, 0.8222222222222222, 0.7777777777777778, 0.7111111111111111, 0.7777777777777778, 0.7333333333333333, 0.7333333333333333]","[0.717391304347826, 0.7391304347826086, 0.7608695652173914, 0.8260869565217391, 0.8222222222222222, 0.7777777777777778, 0.7111111111111111, 0.7777777777777778, 0.7333333333333333, 0.7333333333333333]","[0.717391304347826, 0.7391304347826086, 0.7608695652173914, 0.8260869565217391, 0.8222222222222222, 0.7777777777777778, 0.7111111111111111, 0.7777777777777778, 0.7333333333333333, 0.7333333333333333]","[0.717391304347826, 0.7391304347826085, 0.7608695652173914, 0.8260869565217391, 0.8222222222222222, 0.7777777777777778, 0.7111111111111111, 0.7777777777777778, 0.7333333333333333, 0.7333333333333333]","[0.7480769230769231, 0.7702205882352942, 0.7668269230769231, 0.8464285714285713, 0.8253434065934065, 0.7841575091575091, 0.7222222222222221, 0.818954248366013, 0.7867647058823528, 0.7660714285714286]","[0.7166666666666667, 0.7138888888888888, 0.7545454545454544, 0.825, 0.8165584415584416, 0.7777777777777778, 0.692929292929293, 0.7527777777777778, 0.7083333333333333, 0.7161616161616162]","[0.7193001443001443, 0.7192460317460317, 0.7569444444444445, 0.8258823529411766, 0.817063492063492, 0.7686481475181164, 0.6969696969696969, 0.7527201417004048, 0.6964285714285715, 0.7221198156682028]","[0.7387959866220737, 0.7573529411764707, 0.7688127090301002, 0.8400621118012421, 0.8269230769230769, 0.7917867317867318, 0.7209876543209877, 0.8070007262164125, 0.7803921568627451, 0.757936507936508]","[0.717391304347826, 0.7391304347826086, 0.7608695652173914, 0.8260869565217391, 0.8222222222222222, 0.7777777777777778, 0.7111111111111111, 0.7777777777777778, 0.7333333333333333, 0.7333333333333333]","[0.7166102013928102, 0.7286922015182885, 0.7614734299516909, 0.8242455242966752, 0.8209876543209876, 0.7729735348930394, 0.7062626262626261, 0.7644905533063427, 0.7142857142857143, 0.729810547875064]","[array([[12,  0,  0,  0],
       [ 3,  6,  0,  0],
       [ 0,  0,  6,  4],
       [ 0,  0,  6,  9]]), array([[12,  0,  0,  0],
       [ 4,  5,  0,  0],
       [ 0,  0,  5,  5],
       [ 0,  0,  3, 12]]), array([[ 9,  2,  0,  0],
       [ 3,  7,  0,  0],
       [ 0,  0,  7,  3],
       [ 1,  1,  1, 12]]), array([[11,  0,  0,  0],
       [ 2,  7,  0,  1],
       [ 0,  0,  8,  2],
       [ 1,  0,  2, 12]]), array([[10,  1,  0,  0],
       [ 3,  7,  0,  0],
       [ 0,  0,  8,  2],
       [ 0,  0,  2, 12]]), array([[11,  0,  0,  0],
       [ 4,  6,  0,  0],
       [ 0,  0,  7,  2],
       [ 0,  1,  3, 11]]), array([[ 8,  2,  1,  0],
       [ 1,  4,  0,  4],
       [ 0,  0,  8,  2],
       [ 0,  0,  3, 12]]), array([[11,  0,  0,  0],
       [ 4,  4,  0,  1],
       [ 0,  0,  7,  3],
       [ 0,  0,  2, 13]]), array([[11,  0,  0,  0],
       [ 6,  3,  0,  0],
       [ 0,  0,  7,  3],
       [ 0,  0,  3, 12]]), array([[10,  0,  1,  0],
       [ 3,  5,  0,  1],
       [ 1,  0,  6,  3],
       [ 0,  0,  3, 12]])]"
5,"[1.0, 1.0, 1.0, 1.0, 1.0, 1.0, 1.0, 1.0, 1.0, 1.0]","[1.0, 1.0, 1.0, 1.0, 1.0, 1.0, 1.0, 1.0, 1.0, 1.0]","[1.0, 1.0, 1.0, 1.0, 1.0, 1.0, 1.0, 1.0, 1.0, 1.0]","[1.0, 1.0, 1.0, 1.0, 1.0, 1.0, 1.0, 1.0, 1.0, 1.0]","[1.0, 1.0, 1.0, 1.0, 1.0, 1.0, 1.0, 1.0, 1.0, 1.0]","[1.0, 1.0, 1.0, 1.0, 1.0, 1.0, 1.0, 1.0, 1.0, 1.0]","[1.0, 1.0, 1.0, 1.0, 1.0, 1.0, 1.0, 1.0, 1.0, 1.0]","[1.0, 1.0, 1.0, 1.0, 1.0, 1.0, 1.0, 1.0, 1.0, 1.0]","[1.0, 1.0, 1.0, 1.0, 1.0, 1.0, 1.0, 1.0, 1.0, 1.0]","[1.0, 1.0, 1.0, 1.0, 1.0, 1.0, 1.0, 1.0, 1.0, 1.0]","[array([[100,   0,   0,   0],
       [  0,  85,   0,   0],
       [  0,   0,  89,   0],
       [  0,   0,   0, 134]]), array([[100,   0,   0,   0],
       [  0,  85,   0,   0],
       [  0,   0,  89,   0],
       [  0,   0,   0, 134]]), array([[101,   0,   0,   0],
       [  0,  84,   0,   0],
       [  0,   0,  89,   0],
       [  0,   0,   0, 134]]), array([[101,   0,   0,   0],
       [  0,  84,   0,   0],
       [  0,   0,  89,   0],
       [  0,   0,   0, 134]]), array([[101,   0,   0,   0],
       [  0,  84,   0,   0],
       [  0,   0,  89,   0],
       [  0,   0,   0, 135]]), array([[101,   0,   0,   0],
       [  0,  84,   0,   0],
       [  0,   0,  90,   0],
       [  0,   0,   0, 134]]), array([[101,   0,   0,   0],
       [  0,  85,   0,   0],
       [  0,   0,  89,   0],
       [  0,   0,   0, 134]]), array([[101,   0,   0,   0],
       [  0,  85,   0,   0],
       [  0,   0,  89,   0],
       [  0,   0,   0, 134]]), array([[101,   0,   0,   0],
       [  0,  85,   0,   0],
       [  0,   0,  89,   0],
       [  0,   0,   0, 134]]), array([[101,   0,   0,   0],
       [  0,  85,   0,   0],
       [  0,   0,  89,   0],
       [  0,   0,   0, 134]])]","[0.7391304347826086, 0.8043478260869565, 0.7391304347826086, 0.782608695652174, 0.8222222222222222, 0.8, 0.7111111111111111, 0.7555555555555555, 0.7333333333333333, 0.7555555555555555]","[0.7391304347826086, 0.8043478260869565, 0.7391304347826086, 0.782608695652174, 0.8222222222222222, 0.8, 0.7111111111111111, 0.7555555555555555, 0.7333333333333333, 0.7555555555555555]","[0.7391304347826086, 0.8043478260869565, 0.7391304347826086, 0.782608695652174, 0.8222222222222222, 0.8, 0.7111111111111111, 0.7555555555555555, 0.7333333333333333, 0.7555555555555555]","[0.7391304347826085, 0.8043478260869565, 0.7391304347826085, 0.782608695652174, 0.8222222222222222, 0.8000000000000002, 0.7111111111111111, 0.7555555555555555, 0.7333333333333333, 0.7555555555555555]","[0.7756410256410257, 0.8295940170940171, 0.7714646464646465, 0.8027836134453781, 0.825, 0.8036764705882353, 0.7111546541693601, 0.7895658263305322, 0.7760416666666666, 0.796875]","[0.7305555555555555, 0.7902777777777777, 0.7234848484848485, 0.7689393939393939, 0.8165584415584416, 0.7878787878787878, 0.6952020202020202, 0.7388888888888889, 0.711111111111111, 0.7361111111111112]","[0.7305194805194806, 0.8023863636363635, 0.7329545454545454, 0.7740400326797385, 0.8190246981772271, 0.7938813025210085, 0.692362700228833, 0.7439661654135339, 0.708992981488737, 0.7325498575498576]","[0.7689520624303234, 0.8149386845039019, 0.7651515151515151, 0.7967208622579467, 0.8229629629629631, 0.8026797385620914, 0.7173148746678157, 0.7755057578586991, 0.7662037037037036, 0.7902777777777777]","[0.7391304347826086, 0.8043478260869565, 0.7391304347826086, 0.782608695652174, 0.8222222222222222, 0.8, 0.7111111111111111, 0.7555555555555555, 0.7333333333333333, 0.7555555555555555]","[0.7346132128740825, 0.8026054018445322, 0.7388010540184453, 0.7787848110258596, 0.8209088438237021, 0.799311391223156, 0.7040300025425883, 0.7483191311612365, 0.7206692711314481, 0.7444761000316557]","[array([[12,  0,  0,  0],
       [ 4,  5,  0,  0],
       [ 0,  0,  7,  3],
       [ 0,  0,  5, 10]]), array([[11,  0,  0,  1],
       [ 2,  7,  0,  0],
       [ 0,  0,  6,  4],
       [ 0,  0,  2, 13]]), array([[ 8,  3,  0,  0],
       [ 2,  7,  0,  1],
       [ 0,  0,  6,  4],
       [ 1,  1,  0, 13]]), array([[10,  1,  0,  0],
       [ 3,  6,  0,  1],
       [ 0,  0,  7,  3],
       [ 1,  0,  1, 13]]), array([[10,  1,  0,  0],
       [ 2,  8,  0,  0],
       [ 0,  0,  7,  3],
       [ 0,  0,  2, 12]]), array([[ 9,  2,  0,  0],
       [ 1,  8,  0,  1],
       [ 0,  0,  6,  3],
       [ 0,  0,  2, 13]]), array([[ 7,  3,  1,  0],
       [ 1,  4,  0,  4],
       [ 0,  0,  9,  1],
       [ 0,  0,  3, 12]]), array([[11,  0,  0,  0],
       [ 3,  5,  0,  1],
       [ 0,  0,  6,  4],
       [ 0,  0,  3, 12]]), array([[11,  0,  0,  0],
       [ 5,  4,  0,  0],
       [ 0,  0,  6,  4],
       [ 0,  0,  3, 12]]), array([[11,  0,  0,  0],
       [ 4,  4,  0,  1],
       [ 1,  0,  7,  2],
       [ 0,  0,  3, 12]])]"
6,"[1.0, 1.0, 1.0, 1.0, 1.0, 1.0, 1.0, 1.0, 1.0, 1.0]","[1.0, 1.0, 1.0, 1.0, 1.0, 1.0, 1.0, 1.0, 1.0, 1.0]","[1.0, 1.0, 1.0, 1.0, 1.0, 1.0, 1.0, 1.0, 1.0, 1.0]","[1.0, 1.0, 1.0, 1.0, 1.0, 1.0, 1.0, 1.0, 1.0, 1.0]","[1.0, 1.0, 1.0, 1.0, 1.0, 1.0, 1.0, 1.0, 1.0, 1.0]","[1.0, 1.0, 1.0, 1.0, 1.0, 1.0, 1.0, 1.0, 1.0, 1.0]","[1.0, 1.0, 1.0, 1.0, 1.0, 1.0, 1.0, 1.0, 1.0, 1.0]","[1.0, 1.0, 1.0, 1.0, 1.0, 1.0, 1.0, 1.0, 1.0, 1.0]","[1.0, 1.0, 1.0, 1.0, 1.0, 1.0, 1.0, 1.0, 1.0, 1.0]","[1.0, 1.0, 1.0, 1.0, 1.0, 1.0, 1.0, 1.0, 1.0, 1.0]","[array([[100,   0,   0,   0],
       [  0,  85,   0,   0],
       [  0,   0,  89,   0],
       [  0,   0,   0, 134]]), array([[100,   0,   0,   0],
       [  0,  85,   0,   0],
       [  0,   0,  89,   0],
       [  0,   0,   0, 134]]), array([[101,   0,   0,   0],
       [  0,  84,   0,   0],
       [  0,   0,  89,   0],
       [  0,   0,   0, 134]]), array([[101,   0,   0,   0],
       [  0,  84,   0,   0],
       [  0,   0,  89,   0],
       [  0,   0,   0, 134]]), array([[101,   0,   0,   0],
       [  0,  84,   0,   0],
       [  0,   0,  89,   0],
       [  0,   0,   0, 135]]), array([[101,   0,   0,   0],
       [  0,  84,   0,   0],
       [  0,   0,  90,   0],
       [  0,   0,   0, 134]]), array([[101,   0,   0,   0],
       [  0,  85,   0,   0],
       [  0,   0,  89,   0],
       [  0,   0,   0, 134]]), array([[101,   0,   0,   0],
       [  0,  85,   0,   0],
       [  0,   0,  89,   0],
       [  0,   0,   0, 134]]), array([[101,   0,   0,   0],
       [  0,  85,   0,   0],
       [  0,   0,  89,   0],
       [  0,   0,   0, 134]]), array([[101,   0,   0,   0],
       [  0,  85,   0,   0],
       [  0,   0,  89,   0],
       [  0,   0,   0, 134]])]","[0.717391304347826, 0.782608695652174, 0.7391304347826086, 0.8260869565217391, 0.7777777777777778, 0.7777777777777778, 0.7333333333333333, 0.8, 0.7555555555555555, 0.7555555555555555]","[0.717391304347826, 0.782608695652174, 0.7391304347826086, 0.8260869565217391, 0.7777777777777778, 0.7777777777777778, 0.7333333333333333, 0.8, 0.7555555555555555, 0.7555555555555555]","[0.717391304347826, 0.782608695652174, 0.7391304347826086, 0.8260869565217391, 0.7777777777777778, 0.7777777777777778, 0.7333333333333333, 0.8, 0.7555555555555555, 0.7555555555555555]","[0.717391304347826, 0.782608695652174, 0.7391304347826085, 0.8260869565217391, 0.7777777777777778, 0.7777777777777778, 0.7333333333333333, 0.8000000000000002, 0.7555555555555555, 0.7555555555555555]","[0.7596153846153846, 0.8041666666666667, 0.7583333333333333, 0.8586805555555556, 0.7763888888888888, 0.78125, 0.7272435897435898, 0.8320494864612511, 0.796875, 0.7875]","[0.7138888888888889, 0.7666666666666666, 0.7151515151515151, 0.8166666666666668, 0.7688311688311688, 0.7689393939393938, 0.7179292929292929, 0.7805555555555556, 0.7361111111111112, 0.7388888888888889]","[0.7116977225672877, 0.7736653461611018, 0.7217261904761905, 0.8192421966827739, 0.7709697782687603, 0.7720508025557113, 0.7130100848193415, 0.785906954887218, 0.7325498575498576, 0.7415530140487696]","[0.7529264214046824, 0.7938405797101449, 0.7528985507246376, 0.8509359903381642, 0.7779012345679013, 0.7814814814814816, 0.7327350427350428, 0.8198049590206453, 0.7902777777777777, 0.7774074074074074]","[0.717391304347826, 0.782608695652174, 0.7391304347826086, 0.8260869565217391, 0.7777777777777778, 0.7777777777777778, 0.7333333333333333, 0.8, 0.7555555555555555, 0.7555555555555555]","[0.7130704833918443, 0.7781599862208116, 0.7311076604554865, 0.8219432630556865, 0.7762609923108619, 0.7767977421086351, 0.7248876125173461, 0.7925442773600668, 0.7444761000316557, 0.7481101430167644]","[array([[12,  0,  0,  0],
       [ 4,  5,  0,  0],
       [ 0,  0,  7,  3],
       [ 0,  0,  6,  9]]), array([[12,  0,  0,  0],
       [ 3,  6,  0,  0],
       [ 0,  0,  6,  4],
       [ 0,  0,  3, 12]]), array([[ 8,  3,  0,  0],
       [ 2,  7,  0,  1],
       [ 0,  0,  5,  5],
       [ 0,  0,  1, 14]]), array([[11,  0,  0,  0],
       [ 3,  6,  0,  1],
       [ 0,  0,  8,  2],
       [ 1,  0,  1, 13]]), array([[ 9,  2,  0,  0],
       [ 3,  7,  0,  0],
       [ 0,  0,  7,  3],
       [ 0,  0,  2, 12]]), array([[10,  1,  0,  0],
       [ 2,  7,  0,  1],
       [ 0,  0,  6,  3],
       [ 0,  0,  3, 12]]), array([[ 8,  2,  1,  0],
       [ 2,  4,  0,  3],
       [ 0,  0,  9,  1],
       [ 0,  0,  3, 12]]), array([[11,  0,  0,  0],
       [ 3,  5,  0,  1],
       [ 0,  0,  7,  3],
       [ 0,  0,  2, 13]]), array([[11,  0,  0,  0],
       [ 5,  4,  0,  0],
       [ 0,  0,  7,  3],
       [ 0,  0,  3, 12]]), array([[11,  0,  0,  0],
       [ 3,  5,  0,  1],
       [ 1,  0,  6,  3],
       [ 0,  0,  3, 12]])]"
7,"[1.0, 1.0, 1.0, 1.0, 1.0, 1.0, 1.0, 1.0, 1.0, 1.0]","[1.0, 1.0, 1.0, 1.0, 1.0, 1.0, 1.0, 1.0, 1.0, 1.0]","[1.0, 1.0, 1.0, 1.0, 1.0, 1.0, 1.0, 1.0, 1.0, 1.0]","[1.0, 1.0, 1.0, 1.0, 1.0, 1.0, 1.0, 1.0, 1.0, 1.0]","[1.0, 1.0, 1.0, 1.0, 1.0, 1.0, 1.0, 1.0, 1.0, 1.0]","[1.0, 1.0, 1.0, 1.0, 1.0, 1.0, 1.0, 1.0, 1.0, 1.0]","[1.0, 1.0, 1.0, 1.0, 1.0, 1.0, 1.0, 1.0, 1.0, 1.0]","[1.0, 1.0, 1.0, 1.0, 1.0, 1.0, 1.0, 1.0, 1.0, 1.0]","[1.0, 1.0, 1.0, 1.0, 1.0, 1.0, 1.0, 1.0, 1.0, 1.0]","[1.0, 1.0, 1.0, 1.0, 1.0, 1.0, 1.0, 1.0, 1.0, 1.0]","[array([[100,   0,   0,   0],
       [  0,  85,   0,   0],
       [  0,   0,  89,   0],
       [  0,   0,   0, 134]]), array([[100,   0,   0,   0],
       [  0,  85,   0,   0],
       [  0,   0,  89,   0],
       [  0,   0,   0, 134]]), array([[101,   0,   0,   0],
       [  0,  84,   0,   0],
       [  0,   0,  89,   0],
       [  0,   0,   0, 134]]), array([[101,   0,   0,   0],
       [  0,  84,   0,   0],
       [  0,   0,  89,   0],
       [  0,   0,   0, 134]]), array([[101,   0,   0,   0],
       [  0,  84,   0,   0],
       [  0,   0,  89,   0],
       [  0,   0,   0, 135]]), array([[101,   0,   0,   0],
       [  0,  84,   0,   0],
       [  0,   0,  90,   0],
       [  0,   0,   0, 134]]), array([[101,   0,   0,   0],
       [  0,  85,   0,   0],
       [  0,   0,  89,   0],
       [  0,   0,   0, 134]]), array([[101,   0,   0,   0],
       [  0,  85,   0,   0],
       [  0,   0,  89,   0],
       [  0,   0,   0, 134]]), array([[101,   0,   0,   0],
       [  0,  85,   0,   0],
       [  0,   0,  89,   0],
       [  0,   0,   0, 134]]), array([[101,   0,   0,   0],
       [  0,  85,   0,   0],
       [  0,   0,  89,   0],
       [  0,   0,   0, 134]])]","[0.7608695652173914, 0.8478260869565217, 0.6956521739130435, 0.8260869565217391, 0.7555555555555555, 0.8, 0.7111111111111111, 0.7777777777777778, 0.7111111111111111, 0.7333333333333333]","[0.7608695652173914, 0.8478260869565217, 0.6956521739130435, 0.8260869565217391, 0.7555555555555555, 0.8, 0.7111111111111111, 0.7777777777777778, 0.7111111111111111, 0.7333333333333333]","[0.7608695652173914, 0.8478260869565217, 0.6956521739130435, 0.8260869565217391, 0.7555555555555555, 0.8, 0.7111111111111111, 0.7777777777777778, 0.7111111111111111, 0.7333333333333333]","[0.7608695652173914, 0.8478260869565218, 0.6956521739130435, 0.8260869565217391, 0.7555555555555555, 0.8000000000000002, 0.7111111111111111, 0.7777777777777778, 0.7111111111111111, 0.7333333333333333]","[0.7886904761904763, 0.8618551587301587, 0.7159090909090909, 0.8487394957983192, 0.7550213675213675, 0.8036616161616161, 0.7230614973262033, 0.8046757164404224, 0.7257936507936509, 0.7760416666666666]","[0.7583333333333332, 0.8361111111111111, 0.6818181818181819, 0.8106060606060606, 0.7438311688311688, 0.793939393939394, 0.6906565656565656, 0.7666666666666666, 0.680050505050505, 0.711111111111111]","[0.7622739329635883, 0.843407176439859, 0.6865530303030303, 0.8174428104575163, 0.745273744706594, 0.7980140968256418, 0.692675983436853, 0.774561403508772, 0.6791933556639438, 0.708992981488737]","[0.7789855072463768, 0.8532824361628709, 0.7108036890645586, 0.8430763609791743, 0.7576258309591644, 0.8030864197530864, 0.7200415923945337, 0.7902798726328137, 0.7224338624338625, 0.7662037037037036]","[0.7608695652173914, 0.8478260869565217, 0.6956521739130435, 0.8260869565217391, 0.7555555555555555, 0.8, 0.7111111111111111, 0.7777777777777778, 0.7111111111111111, 0.7333333333333333]","[0.7605518918862247, 0.8456736802357604, 0.6918642951251646, 0.8233198351804489, 0.7526954359077772, 0.8007545746085645, 0.7037382102599494, 0.7744249512670566, 0.6956651191945308, 0.7206692711314481]","[array([[12,  0,  0,  0],
       [ 2,  6,  0,  1],
       [ 0,  0,  7,  3],
       [ 0,  0,  5, 10]]), array([[12,  0,  0,  0],
       [ 2,  7,  0,  0],
       [ 0,  0,  7,  3],
       [ 0,  0,  2, 13]]), array([[ 8,  3,  0,  0],
       [ 2,  7,  0,  1],
       [ 0,  0,  5,  5],
       [ 1,  1,  1, 12]]), array([[10,  1,  0,  0],
       [ 3,  6,  0,  1],
       [ 0,  0,  8,  2],
       [ 1,  0,  0, 14]]), array([[ 9,  2,  0,  0],
       [ 4,  6,  0,  0],
       [ 0,  0,  7,  3],
       [ 0,  0,  2, 12]]), array([[10,  1,  0,  0],
       [ 1,  8,  0,  1],
       [ 0,  0,  6,  3],
       [ 0,  0,  3, 12]]), array([[ 9,  1,  1,  0],
       [ 3,  4,  0,  2],
       [ 0,  0,  7,  3],
       [ 0,  0,  3, 12]]), array([[11,  0,  0,  0],
       [ 2,  6,  0,  1],
       [ 0,  0,  6,  4],
       [ 0,  0,  3, 12]]), array([[10,  1,  0,  0],
       [ 5,  4,  0,  0],
       [ 0,  0,  5,  5],
       [ 0,  0,  2, 13]]), array([[11,  0,  0,  0],
       [ 4,  4,  0,  1],
       [ 1,  0,  6,  3],
       [ 0,  0,  3, 12]])]"
8,"[1.0, 1.0, 1.0, 1.0, 1.0, 1.0, 1.0, 1.0, 1.0, 1.0]","[1.0, 1.0, 1.0, 1.0, 1.0, 1.0, 1.0, 1.0, 1.0, 1.0]","[1.0, 1.0, 1.0, 1.0, 1.0, 1.0, 1.0, 1.0, 1.0, 1.0]","[1.0, 1.0, 1.0, 1.0, 1.0, 1.0, 1.0, 1.0, 1.0, 1.0]","[1.0, 1.0, 1.0, 1.0, 1.0, 1.0, 1.0, 1.0, 1.0, 1.0]","[1.0, 1.0, 1.0, 1.0, 1.0, 1.0, 1.0, 1.0, 1.0, 1.0]","[1.0, 1.0, 1.0, 1.0, 1.0, 1.0, 1.0, 1.0, 1.0, 1.0]","[1.0, 1.0, 1.0, 1.0, 1.0, 1.0, 1.0, 1.0, 1.0, 1.0]","[1.0, 1.0, 1.0, 1.0, 1.0, 1.0, 1.0, 1.0, 1.0, 1.0]","[1.0, 1.0, 1.0, 1.0, 1.0, 1.0, 1.0, 1.0, 1.0, 1.0]","[array([[100,   0,   0,   0],
       [  0,  85,   0,   0],
       [  0,   0,  89,   0],
       [  0,   0,   0, 134]]), array([[100,   0,   0,   0],
       [  0,  85,   0,   0],
       [  0,   0,  89,   0],
       [  0,   0,   0, 134]]), array([[101,   0,   0,   0],
       [  0,  84,   0,   0],
       [  0,   0,  89,   0],
       [  0,   0,   0, 134]]), array([[101,   0,   0,   0],
       [  0,  84,   0,   0],
       [  0,   0,  89,   0],
       [  0,   0,   0, 134]]), array([[101,   0,   0,   0],
       [  0,  84,   0,   0],
       [  0,   0,  89,   0],
       [  0,   0,   0, 135]]), array([[101,   0,   0,   0],
       [  0,  84,   0,   0],
       [  0,   0,  90,   0],
       [  0,   0,   0, 134]]), array([[101,   0,   0,   0],
       [  0,  85,   0,   0],
       [  0,   0,  89,   0],
       [  0,   0,   0, 134]]), array([[101,   0,   0,   0],
       [  0,  85,   0,   0],
       [  0,   0,  89,   0],
       [  0,   0,   0, 134]]), array([[101,   0,   0,   0],
       [  0,  85,   0,   0],
       [  0,   0,  89,   0],
       [  0,   0,   0, 134]]), array([[101,   0,   0,   0],
       [  0,  85,   0,   0],
       [  0,   0,  89,   0],
       [  0,   0,   0, 134]])]","[0.7391304347826086, 0.8260869565217391, 0.7391304347826086, 0.8043478260869565, 0.8, 0.8, 0.7333333333333333, 0.8222222222222222, 0.7333333333333333, 0.7333333333333333]","[0.7391304347826086, 0.8260869565217391, 0.7391304347826086, 0.8043478260869565, 0.8, 0.8, 0.7333333333333333, 0.8222222222222222, 0.7333333333333333, 0.7333333333333333]","[0.7391304347826086, 0.8260869565217391, 0.7391304347826086, 0.8043478260869565, 0.8, 0.8, 0.7333333333333333, 0.8222222222222222, 0.7333333333333333, 0.7333333333333333]","[0.7391304347826085, 0.8260869565217391, 0.7391304347826085, 0.8043478260869565, 0.8000000000000002, 0.8000000000000002, 0.7333333333333333, 0.8222222222222222, 0.7333333333333333, 0.7333333333333333]","[0.7744047619047619, 0.8471593765711413, 0.7589314194577352, 0.8308823529411764, 0.8071428571428572, 0.8157051282051282, 0.7272435897435898, 0.8471593765711413, 0.7760416666666666, 0.7773944805194805]","[0.7305555555555555, 0.8152777777777778, 0.7212121212121212, 0.7856060606060606, 0.7915584415584416, 0.7916666666666667, 0.7179292929292929, 0.8083333333333332, 0.711111111111111, 0.7194444444444444]","[0.7322983529880082, 0.8260855263157894, 0.7269719251336899, 0.7895299145299145, 0.7907563025210085, 0.795264073371284, 0.7130100848193415, 0.8165021929824561, 0.708992981488737, 0.7138716966303174]","[0.7640786749482402, 0.8348306992808271, 0.7520976353928299, 0.8265132139812446, 0.8095238095238095, 0.8123931623931624, 0.7327350427350428, 0.83457907379476, 0.7662037037037036, 0.7713744588744589]","[0.7391304347826086, 0.8260869565217391, 0.7391304347826086, 0.8043478260869565, 0.8, 0.8, 0.7333333333333333, 0.8222222222222222, 0.7333333333333333, 0.7333333333333333]","[0.7348630879365513, 0.8258895881006865, 0.7330562659846547, 0.7983788554440727, 0.7968627450980392, 0.7984784594841521, 0.7248876125173461, 0.8186500974658868, 0.7206692711314481, 0.7232755891759723]","[array([[12,  0,  0,  0],
       [ 3,  5,  0,  1],
       [ 0,  0,  7,  3],
       [ 0,  0,  5, 10]]), array([[11,  0,  0,  1],
       [ 2,  7,  0,  0],
       [ 0,  0,  7,  3],
       [ 0,  0,  2, 13]]), array([[ 9,  2,  0,  0],
       [ 2,  7,  0,  1],
       [ 0,  0,  5,  5],
       [ 0,  1,  1, 13]]), array([[10,  1,  0,  0],
       [ 4,  5,  0,  1],
       [ 0,  0,  8,  2],
       [ 1,  0,  0, 14]]), array([[10,  1,  0,  0],
       [ 4,  6,  0,  0],
       [ 0,  0,  8,  2],
       [ 0,  0,  2, 12]]), array([[11,  0,  0,  0],
       [ 2,  7,  0,  1],
       [ 0,  0,  6,  3],
       [ 0,  0,  3, 12]]), array([[ 8,  2,  1,  0],
       [ 2,  4,  0,  3],
       [ 0,  0,  9,  1],
       [ 0,  0,  3, 12]]), array([[11,  0,  0,  0],
       [ 2,  6,  0,  1],
       [ 0,  0,  7,  3],
       [ 0,  0,  2, 13]]), array([[11,  0,  0,  0],
       [ 5,  4,  0,  0],
       [ 0,  0,  6,  4],
       [ 0,  0,  3, 12]]), array([[11,  0,  0,  0],
       [ 4,  4,  0,  1],
       [ 1,  0,  7,  2],
       [ 0,  0,  4, 11]])]"
9,"[1.0, 1.0, 1.0, 1.0, 1.0, 1.0, 1.0, 1.0, 1.0, 1.0]","[1.0, 1.0, 1.0, 1.0, 1.0, 1.0, 1.0, 1.0, 1.0, 1.0]","[1.0, 1.0, 1.0, 1.0, 1.0, 1.0, 1.0, 1.0, 1.0, 1.0]","[1.0, 1.0, 1.0, 1.0, 1.0, 1.0, 1.0, 1.0, 1.0, 1.0]","[1.0, 1.0, 1.0, 1.0, 1.0, 1.0, 1.0, 1.0, 1.0, 1.0]","[1.0, 1.0, 1.0, 1.0, 1.0, 1.0, 1.0, 1.0, 1.0, 1.0]","[1.0, 1.0, 1.0, 1.0, 1.0, 1.0, 1.0, 1.0, 1.0, 1.0]","[1.0, 1.0, 1.0, 1.0, 1.0, 1.0, 1.0, 1.0, 1.0, 1.0]","[1.0, 1.0, 1.0, 1.0, 1.0, 1.0, 1.0, 1.0, 1.0, 1.0]","[1.0, 1.0, 1.0, 1.0, 1.0, 1.0, 1.0, 1.0, 1.0, 1.0]","[array([[100,   0,   0,   0],
       [  0,  85,   0,   0],
       [  0,   0,  89,   0],
       [  0,   0,   0, 134]]), array([[100,   0,   0,   0],
       [  0,  85,   0,   0],
       [  0,   0,  89,   0],
       [  0,   0,   0, 134]]), array([[101,   0,   0,   0],
       [  0,  84,   0,   0],
       [  0,   0,  89,   0],
       [  0,   0,   0, 134]]), array([[101,   0,   0,   0],
       [  0,  84,   0,   0],
       [  0,   0,  89,   0],
       [  0,   0,   0, 134]]), array([[101,   0,   0,   0],
       [  0,  84,   0,   0],
       [  0,   0,  89,   0],
       [  0,   0,   0, 135]]), array([[101,   0,   0,   0],
       [  0,  84,   0,   0],
       [  0,   0,  90,   0],
       [  0,   0,   0, 134]]), array([[101,   0,   0,   0],
       [  0,  85,   0,   0],
       [  0,   0,  89,   0],
       [  0,   0,   0, 134]]), array([[101,   0,   0,   0],
       [  0,  85,   0,   0],
       [  0,   0,  89,   0],
       [  0,   0,   0, 134]]), array([[101,   0,   0,   0],
       [  0,  85,   0,   0],
       [  0,   0,  89,   0],
       [  0,   0,   0, 134]]), array([[101,   0,   0,   0],
       [  0,  85,   0,   0],
       [  0,   0,  89,   0],
       [  0,   0,   0, 134]])]","[0.7608695652173914, 0.8695652173913043, 0.782608695652174, 0.8043478260869565, 0.7555555555555555, 0.8222222222222222, 0.7777777777777778, 0.8222222222222222, 0.7333333333333333, 0.7333333333333333]","[0.7608695652173914, 0.8695652173913043, 0.782608695652174, 0.8043478260869565, 0.7555555555555555, 0.8222222222222222, 0.7777777777777778, 0.8222222222222222, 0.7333333333333333, 0.7333333333333333]","[0.7608695652173914, 0.8695652173913043, 0.782608695652174, 0.8043478260869565, 0.7555555555555555, 0.8222222222222222, 0.7777777777777778, 0.8222222222222222, 0.7333333333333333, 0.7333333333333333]","[0.7608695652173914, 0.8695652173913043, 0.782608695652174, 0.8043478260869565, 0.7555555555555555, 0.8222222222222222, 0.7777777777777778, 0.8222222222222222, 0.7333333333333333, 0.7333333333333333]","[0.7886904761904763, 0.8896430367018602, 0.7974861395914028, 0.8676470588235294, 0.7694444444444444, 0.8281714200831848, 0.7832219251336898, 0.8471593765711413, 0.745343137254902, 0.7773944805194805]","[0.7583333333333332, 0.8569444444444445, 0.7628787878787879, 0.7833333333333334, 0.7415584415584416, 0.8106060606060606, 0.7573232323232323, 0.8083333333333332, 0.705050505050505, 0.7194444444444444]","[0.7622739329635883, 0.8680263157894736, 0.7711089220377145, 0.7802579365079365, 0.7396647703476196, 0.8173946312974951, 0.755073051948052, 0.8165021929824561, 0.7049565018315018, 0.7138716966303174]","[0.7789855072463768, 0.8781668743305571, 0.7913443027859504, 0.8580562659846547, 0.7698765432098765, 0.8246550472040667, 0.7815686274509804, 0.83457907379476, 0.7445315904139432, 0.7713744588744589]","[0.7608695652173914, 0.8695652173913043, 0.782608695652174, 0.8043478260869565, 0.7555555555555555, 0.8222222222222222, 0.7777777777777778, 0.8222222222222222, 0.7333333333333333, 0.7333333333333333]","[0.7605518918862247, 0.8691533180778032, 0.7778301251850853, 0.7906746031746031, 0.7481370313493724, 0.8213665290677675, 0.7669372294372294, 0.8186500974658868, 0.7213013838013836, 0.7232755891759723]","[array([[12,  0,  0,  0],
       [ 2,  6,  0,  1],
       [ 0,  0,  7,  3],
       [ 0,  0,  5, 10]]), array([[11,  0,  0,  1],
       [ 2,  7,  0,  0],
       [ 0,  0,  8,  2],
       [ 0,  0,  1, 14]]), array([[ 9,  2,  0,  0],
       [ 2,  7,  0,  1],
       [ 0,  0,  6,  4],
       [ 0,  0,  1, 14]]), array([[11,  0,  0,  0],
       [ 5,  4,  0,  1],
       [ 0,  0,  8,  2],
       [ 1,  0,  0, 14]]), array([[10,  1,  0,  0],
       [ 5,  5,  0,  0],
       [ 0,  0,  7,  3],
       [ 0,  0,  2, 12]]), array([[10,  1,  0,  0],
       [ 1,  8,  0,  1],
       [ 0,  0,  6,  3],
       [ 0,  0,  2, 13]]), array([[ 9,  1,  1,  0],
       [ 2,  4,  0,  3],
       [ 0,  0,  9,  1],
       [ 0,  0,  2, 13]]), array([[11,  0,  0,  0],
       [ 2,  6,  0,  1],
       [ 0,  0,  7,  3],
       [ 0,  0,  2, 13]]), array([[10,  1,  0,  0],
       [ 5,  4,  0,  0],
       [ 0,  0,  6,  4],
       [ 0,  0,  2, 13]]), array([[11,  0,  0,  0],
       [ 4,  4,  0,  1],
       [ 1,  0,  7,  2],
       [ 0,  0,  4, 11]])]"
10,"[1.0, 1.0, 1.0, 1.0, 1.0, 1.0, 1.0, 1.0, 1.0, 1.0]","[1.0, 1.0, 1.0, 1.0, 1.0, 1.0, 1.0, 1.0, 1.0, 1.0]","[1.0, 1.0, 1.0, 1.0, 1.0, 1.0, 1.0, 1.0, 1.0, 1.0]","[1.0, 1.0, 1.0, 1.0, 1.0, 1.0, 1.0, 1.0, 1.0, 1.0]","[1.0, 1.0, 1.0, 1.0, 1.0, 1.0, 1.0, 1.0, 1.0, 1.0]","[1.0, 1.0, 1.0, 1.0, 1.0, 1.0, 1.0, 1.0, 1.0, 1.0]","[1.0, 1.0, 1.0, 1.0, 1.0, 1.0, 1.0, 1.0, 1.0, 1.0]","[1.0, 1.0, 1.0, 1.0, 1.0, 1.0, 1.0, 1.0, 1.0, 1.0]","[1.0, 1.0, 1.0, 1.0, 1.0, 1.0, 1.0, 1.0, 1.0, 1.0]","[1.0, 1.0, 1.0, 1.0, 1.0, 1.0, 1.0, 1.0, 1.0, 1.0]","[array([[100,   0,   0,   0],
       [  0,  85,   0,   0],
       [  0,   0,  89,   0],
       [  0,   0,   0, 134]]), array([[100,   0,   0,   0],
       [  0,  85,   0,   0],
       [  0,   0,  89,   0],
       [  0,   0,   0, 134]]), array([[101,   0,   0,   0],
       [  0,  84,   0,   0],
       [  0,   0,  89,   0],
       [  0,   0,   0, 134]]), array([[101,   0,   0,   0],
       [  0,  84,   0,   0],
       [  0,   0,  89,   0],
       [  0,   0,   0, 134]]), array([[101,   0,   0,   0],
       [  0,  84,   0,   0],
       [  0,   0,  89,   0],
       [  0,   0,   0, 135]]), array([[101,   0,   0,   0],
       [  0,  84,   0,   0],
       [  0,   0,  90,   0],
       [  0,   0,   0, 134]]), array([[101,   0,   0,   0],
       [  0,  85,   0,   0],
       [  0,   0,  89,   0],
       [  0,   0,   0, 134]]), array([[101,   0,   0,   0],
       [  0,  85,   0,   0],
       [  0,   0,  89,   0],
       [  0,   0,   0, 134]]), array([[101,   0,   0,   0],
       [  0,  85,   0,   0],
       [  0,   0,  89,   0],
       [  0,   0,   0, 134]]), array([[101,   0,   0,   0],
       [  0,  85,   0,   0],
       [  0,   0,  89,   0],
       [  0,   0,   0, 134]])]","[0.7391304347826086, 0.8043478260869565, 0.7608695652173914, 0.8260869565217391, 0.7555555555555555, 0.8, 0.7555555555555555, 0.8444444444444444, 0.7555555555555555, 0.7333333333333333]","[0.7391304347826086, 0.8043478260869565, 0.7608695652173914, 0.8260869565217391, 0.7555555555555555, 0.8, 0.7555555555555555, 0.8444444444444444, 0.7555555555555555, 0.7333333333333333]","[0.7391304347826086, 0.8043478260869565, 0.7608695652173914, 0.8260869565217391, 0.7555555555555555, 0.8, 0.7555555555555555, 0.8444444444444444, 0.7555555555555555, 0.7333333333333333]","[0.7391304347826085, 0.8043478260869565, 0.7608695652173914, 0.8260869565217391, 0.7555555555555555, 0.8000000000000002, 0.7555555555555555, 0.8444444444444444, 0.7555555555555555, 0.7333333333333333]","[0.7744047619047619, 0.8295940170940171, 0.7823232323232323, 0.8777573529411764, 0.7694444444444444, 0.8157051282051282, 0.760576923076923, 0.8646634615384616, 0.7642361111111111, 0.7773944805194805]","[0.7305555555555555, 0.7902777777777777, 0.7378787878787878, 0.8083333333333333, 0.7415584415584416, 0.7916666666666667, 0.7406565656565656, 0.8333333333333334, 0.730050505050505, 0.7194444444444444]","[0.7322983529880082, 0.8023863636363635, 0.7450059808612439, 0.8113425925925926, 0.7396647703476196, 0.795264073371284, 0.7341614906832298, 0.8388440860215055, 0.7290527808354633, 0.7138716966303174]","[0.7640786749482402, 0.8149386845039019, 0.7741545893719808, 0.8677269820971867, 0.7698765432098765, 0.8123931623931624, 0.7638461538461538, 0.8554487179487179, 0.7666358024691358, 0.7713744588744589]","[0.7391304347826086, 0.8043478260869565, 0.7608695652173914, 0.8260869565217391, 0.7555555555555555, 0.8, 0.7555555555555555, 0.8444444444444444, 0.7555555555555555, 0.7333333333333333]","[0.7348630879365513, 0.8026054018445322, 0.752574370709382, 0.8183373590982287, 0.7481370313493724, 0.7984784594841521, 0.7461697722567288, 0.8414217443249701, 0.7456324848515, 0.7232755891759723]","[array([[12,  0,  0,  0],
       [ 3,  5,  0,  1],
       [ 0,  0,  7,  3],
       [ 0,  0,  5, 10]]), array([[11,  0,  0,  1],
       [ 2,  7,  0,  0],
       [ 0,  0,  6,  4],
       [ 0,  0,  2, 13]]), array([[ 9,  2,  0,  0],
       [ 2,  7,  0,  1],
       [ 0,  0,  5,  5],
       [ 0,  0,  1, 14]]), array([[11,  0,  0,  0],
       [ 4,  5,  0,  1],
       [ 0,  0,  8,  2],
       [ 1,  0,  0, 14]]), array([[10,  1,  0,  0],
       [ 5,  5,  0,  0],
       [ 0,  0,  7,  3],
       [ 0,  0,  2, 12]]), array([[11,  0,  0,  0],
       [ 2,  7,  0,  1],
       [ 0,  0,  6,  3],
       [ 0,  0,  3, 12]]), array([[ 9,  1,  1,  0],
       [ 3,  4,  0,  2],
       [ 0,  0,  9,  1],
       [ 0,  0,  3, 12]]), array([[11,  0,  0,  0],
       [ 2,  6,  0,  1],
       [ 0,  0,  8,  2],
       [ 0,  0,  2, 13]]), array([[10,  1,  0,  0],
       [ 5,  4,  0,  0],
       [ 0,  0,  7,  3],
       [ 0,  0,  2, 13]]), array([[11,  0,  0,  0],
       [ 4,  4,  0,  1],
       [ 1,  0,  7,  2],
       [ 0,  0,  4, 11]])]"
11,"[1.0, 1.0, 1.0, 1.0, 1.0, 1.0, 1.0, 1.0, 1.0, 1.0]","[1.0, 1.0, 1.0, 1.0, 1.0, 1.0, 1.0, 1.0, 1.0, 1.0]","[1.0, 1.0, 1.0, 1.0, 1.0, 1.0, 1.0, 1.0, 1.0, 1.0]","[1.0, 1.0, 1.0, 1.0, 1.0, 1.0, 1.0, 1.0, 1.0, 1.0]","[1.0, 1.0, 1.0, 1.0, 1.0, 1.0, 1.0, 1.0, 1.0, 1.0]","[1.0, 1.0, 1.0, 1.0, 1.0, 1.0, 1.0, 1.0, 1.0, 1.0]","[1.0, 1.0, 1.0, 1.0, 1.0, 1.0, 1.0, 1.0, 1.0, 1.0]","[1.0, 1.0, 1.0, 1.0, 1.0, 1.0, 1.0, 1.0, 1.0, 1.0]","[1.0, 1.0, 1.0, 1.0, 1.0, 1.0, 1.0, 1.0, 1.0, 1.0]","[1.0, 1.0, 1.0, 1.0, 1.0, 1.0, 1.0, 1.0, 1.0, 1.0]","[array([[100,   0,   0,   0],
       [  0,  85,   0,   0],
       [  0,   0,  89,   0],
       [  0,   0,   0, 134]]), array([[100,   0,   0,   0],
       [  0,  85,   0,   0],
       [  0,   0,  89,   0],
       [  0,   0,   0, 134]]), array([[101,   0,   0,   0],
       [  0,  84,   0,   0],
       [  0,   0,  89,   0],
       [  0,   0,   0, 134]]), array([[101,   0,   0,   0],
       [  0,  84,   0,   0],
       [  0,   0,  89,   0],
       [  0,   0,   0, 134]]), array([[101,   0,   0,   0],
       [  0,  84,   0,   0],
       [  0,   0,  89,   0],
       [  0,   0,   0, 135]]), array([[101,   0,   0,   0],
       [  0,  84,   0,   0],
       [  0,   0,  90,   0],
       [  0,   0,   0, 134]]), array([[101,   0,   0,   0],
       [  0,  85,   0,   0],
       [  0,   0,  89,   0],
       [  0,   0,   0, 134]]), array([[101,   0,   0,   0],
       [  0,  85,   0,   0],
       [  0,   0,  89,   0],
       [  0,   0,   0, 134]]), array([[101,   0,   0,   0],
       [  0,  85,   0,   0],
       [  0,   0,  89,   0],
       [  0,   0,   0, 134]]), array([[101,   0,   0,   0],
       [  0,  85,   0,   0],
       [  0,   0,  89,   0],
       [  0,   0,   0, 134]])]","[0.7391304347826086, 0.8043478260869565, 0.717391304347826, 0.8695652173913043, 0.6888888888888889, 0.8222222222222222, 0.7555555555555555, 0.8222222222222222, 0.7555555555555555, 0.8222222222222222]","[0.7391304347826086, 0.8043478260869565, 0.717391304347826, 0.8695652173913043, 0.6888888888888889, 0.8222222222222222, 0.7555555555555555, 0.8222222222222222, 0.7555555555555555, 0.8222222222222222]","[0.7391304347826086, 0.8043478260869565, 0.717391304347826, 0.8695652173913043, 0.6888888888888889, 0.8222222222222222, 0.7555555555555555, 0.8222222222222222, 0.7555555555555555, 0.8222222222222222]","[0.7391304347826085, 0.8043478260869565, 0.717391304347826, 0.8695652173913043, 0.6888888888888889, 0.8222222222222222, 0.7555555555555555, 0.8222222222222222, 0.7555555555555555, 0.8222222222222222]","[0.7744047619047619, 0.8295940170940171, 0.7281746031746031, 0.9052083333333334, 0.6880952380952381, 0.8402149321266968, 0.766154970760234, 0.8471593765711413, 0.7619047619047619, 0.8614379084967321]","[0.7305555555555555, 0.7902777777777777, 0.6984848484848485, 0.8583333333333334, 0.675974025974026, 0.8083333333333333, 0.723989898989899, 0.8083333333333332, 0.7411616161616161, 0.7944444444444445]","[0.7322983529880082, 0.8023863636363635, 0.7052480655253571, 0.8537037037037036, 0.6695054945054945, 0.8146446078431373, 0.7286021960271523, 0.8165021929824561, 0.7416666666666668, 0.794660931174089]","[0.7640786749482402, 0.8149386845039019, 0.7261904761904762, 0.9035326086956522, 0.6948148148148148, 0.8339617898441427, 0.761786874593892, 0.83457907379476, 0.7634920634920636, 0.8512999273783587]","[0.7391304347826086, 0.8043478260869565, 0.717391304347826, 0.8695652173913043, 0.6888888888888889, 0.8222222222222222, 0.7555555555555555, 0.8222222222222222, 0.7555555555555555, 0.8222222222222222]","[0.7348630879365513, 0.8026054018445322, 0.7140210594417667, 0.8615136876006441, 0.6803418803418803, 0.8190904139433551, 0.7438425560918492, 0.8186500974658868, 0.7511111111111112, 0.8087156995051732]","[array([[12,  0,  0,  0],
       [ 3,  5,  0,  1],
       [ 0,  0,  7,  3],
       [ 0,  0,  5, 10]]), array([[11,  0,  0,  1],
       [ 2,  7,  0,  0],
       [ 0,  0,  6,  4],
       [ 0,  0,  2, 13]]), array([[ 8,  3,  0,  0],
       [ 3,  6,  0,  1],
       [ 0,  0,  6,  4],
       [ 1,  0,  1, 13]]), array([[11,  0,  0,  0],
       [ 4,  5,  0,  1],
       [ 0,  0, 10,  0],
       [ 1,  0,  0, 14]]), array([[ 9,  2,  0,  0],
       [ 6,  4,  0,  0],
       [ 0,  0,  7,  3],
       [ 0,  0,  3, 11]]), array([[11,  0,  0,  0],
       [ 2,  7,  0,  1],
       [ 0,  0,  6,  3],
       [ 0,  0,  2, 13]]), array([[ 9,  1,  1,  0],
       [ 3,  4,  0,  2],
       [ 0,  0,  7,  3],
       [ 0,  0,  1, 14]]), array([[11,  0,  0,  0],
       [ 2,  6,  0,  1],
       [ 0,  0,  7,  3],
       [ 0,  0,  2, 13]]), array([[10,  1,  0,  0],
       [ 4,  5,  0,  0],
       [ 0,  0,  7,  3],
       [ 0,  0,  3, 12]]), array([[11,  0,  0,  0],
       [ 4,  4,  0,  1],
       [ 0,  0,  8,  2],
       [ 0,  0,  1, 14]])]"
12,"[1.0, 1.0, 1.0, 1.0, 1.0, 1.0, 1.0, 1.0, 1.0, 1.0]","[1.0, 1.0, 1.0, 1.0, 1.0, 1.0, 1.0, 1.0, 1.0, 1.0]","[1.0, 1.0, 1.0, 1.0, 1.0, 1.0, 1.0, 1.0, 1.0, 1.0]","[1.0, 1.0, 1.0, 1.0, 1.0, 1.0, 1.0, 1.0, 1.0, 1.0]","[1.0, 1.0, 1.0, 1.0, 1.0, 1.0, 1.0, 1.0, 1.0, 1.0]","[1.0, 1.0, 1.0, 1.0, 1.0, 1.0, 1.0, 1.0, 1.0, 1.0]","[1.0, 1.0, 1.0, 1.0, 1.0, 1.0, 1.0, 1.0, 1.0, 1.0]","[1.0, 1.0, 1.0, 1.0, 1.0, 1.0, 1.0, 1.0, 1.0, 1.0]","[1.0, 1.0, 1.0, 1.0, 1.0, 1.0, 1.0, 1.0, 1.0, 1.0]","[1.0, 1.0, 1.0, 1.0, 1.0, 1.0, 1.0, 1.0, 1.0, 1.0]","[array([[100,   0,   0,   0],
       [  0,  85,   0,   0],
       [  0,   0,  89,   0],
       [  0,   0,   0, 134]]), array([[100,   0,   0,   0],
       [  0,  85,   0,   0],
       [  0,   0,  89,   0],
       [  0,   0,   0, 134]]), array([[101,   0,   0,   0],
       [  0,  84,   0,   0],
       [  0,   0,  89,   0],
       [  0,   0,   0, 134]]), array([[101,   0,   0,   0],
       [  0,  84,   0,   0],
       [  0,   0,  89,   0],
       [  0,   0,   0, 134]]), array([[101,   0,   0,   0],
       [  0,  84,   0,   0],
       [  0,   0,  89,   0],
       [  0,   0,   0, 135]]), array([[101,   0,   0,   0],
       [  0,  84,   0,   0],
       [  0,   0,  90,   0],
       [  0,   0,   0, 134]]), array([[101,   0,   0,   0],
       [  0,  85,   0,   0],
       [  0,   0,  89,   0],
       [  0,   0,   0, 134]]), array([[101,   0,   0,   0],
       [  0,  85,   0,   0],
       [  0,   0,  89,   0],
       [  0,   0,   0, 134]]), array([[101,   0,   0,   0],
       [  0,  85,   0,   0],
       [  0,   0,  89,   0],
       [  0,   0,   0, 134]]), array([[101,   0,   0,   0],
       [  0,  85,   0,   0],
       [  0,   0,  89,   0],
       [  0,   0,   0, 134]])]","[0.717391304347826, 0.782608695652174, 0.717391304347826, 0.8260869565217391, 0.7111111111111111, 0.8222222222222222, 0.7333333333333333, 0.8, 0.7555555555555555, 0.7333333333333333]","[0.717391304347826, 0.782608695652174, 0.717391304347826, 0.8260869565217391, 0.7111111111111111, 0.8222222222222222, 0.7333333333333333, 0.8, 0.7555555555555555, 0.7333333333333333]","[0.717391304347826, 0.782608695652174, 0.717391304347826, 0.8260869565217391, 0.7111111111111111, 0.8222222222222222, 0.7333333333333333, 0.8, 0.7555555555555555, 0.7333333333333333]","[0.717391304347826, 0.782608695652174, 0.717391304347826, 0.8260869565217391, 0.7111111111111111, 0.8222222222222222, 0.7333333333333333, 0.8000000000000002, 0.7555555555555555, 0.7333333333333333]","[0.761904761904762, 0.8200910931174089, 0.7318181818181819, 0.8635416666666667, 0.7276785714285714, 0.8402149321266968, 0.7505980861244019, 0.8295940170940171, 0.7642361111111111, 0.7786324786324786]","[0.7027777777777777, 0.7625, 0.6901515151515152, 0.8166666666666667, 0.6987012987012986, 0.8083333333333333, 0.7073232323232324, 0.7833333333333333, 0.730050505050505, 0.7073232323232324]","[0.6996365703262255, 0.777843137254902, 0.6959629186602871, 0.812037037037037, 0.6899470899470899, 0.8146446078431373, 0.7135790679908327, 0.7928030303030302, 0.7290527808354633, 0.7133158508158507]","[0.7510351966873706, 0.8025435662735434, 0.7282608695652174, 0.8600543478260869, 0.7305555555555555, 0.8339617898441427, 0.743625730994152, 0.8142450142450143, 0.7666358024691358, 0.7655270655270655]","[0.717391304347826, 0.782608695652174, 0.717391304347826, 0.8260869565217391, 0.7111111111111111, 0.8222222222222222, 0.7333333333333333, 0.8, 0.7555555555555555, 0.7333333333333333]","[0.7072312994351975, 0.7803751065643647, 0.7079519450800916, 0.8180354267310789, 0.6995884773662552, 0.8190904139433551, 0.7247432306255835, 0.7948484848484848, 0.7456324848515, 0.7245920745920746]","[array([[12,  0,  0,  0],
       [ 4,  4,  0,  1],
       [ 0,  0,  7,  3],
       [ 0,  0,  5, 10]]), array([[11,  0,  0,  1],
       [ 2,  6,  0,  1],
       [ 0,  0,  6,  4],
       [ 0,  0,  2, 13]]), array([[ 8,  3,  0,  0],
       [ 3,  6,  0,  1],
       [ 0,  0,  5,  5],
       [ 0,  0,  1, 14]]), array([[11,  0,  0,  0],
       [ 4,  5,  0,  1],
       [ 0,  0,  9,  1],
       [ 1,  0,  1, 13]]), array([[10,  1,  0,  0],
       [ 6,  4,  0,  0],
       [ 0,  0,  7,  3],
       [ 0,  0,  3, 11]]), array([[11,  0,  0,  0],
       [ 2,  7,  0,  1],
       [ 0,  0,  6,  3],
       [ 0,  0,  2, 13]]), array([[ 9,  1,  1,  0],
       [ 2,  4,  0,  3],
       [ 0,  0,  7,  3],
       [ 0,  0,  2, 13]]), array([[11,  0,  0,  0],
       [ 2,  6,  0,  1],
       [ 0,  0,  6,  4],
       [ 0,  0,  2, 13]]), array([[10,  1,  0,  0],
       [ 5,  4,  0,  0],
       [ 0,  0,  7,  3],
       [ 0,  0,  2, 13]]), array([[ 9,  0,  1,  1],
       [ 4,  4,  0,  1],
       [ 0,  0,  7,  3],
       [ 0,  0,  2, 13]])]"
13,"[1.0, 1.0, 1.0, 1.0, 1.0, 1.0, 1.0, 1.0, 1.0, 1.0]","[1.0, 1.0, 1.0, 1.0, 1.0, 1.0, 1.0, 1.0, 1.0, 1.0]","[1.0, 1.0, 1.0, 1.0, 1.0, 1.0, 1.0, 1.0, 1.0, 1.0]","[1.0, 1.0, 1.0, 1.0, 1.0, 1.0, 1.0, 1.0, 1.0, 1.0]","[1.0, 1.0, 1.0, 1.0, 1.0, 1.0, 1.0, 1.0, 1.0, 1.0]","[1.0, 1.0, 1.0, 1.0, 1.0, 1.0, 1.0, 1.0, 1.0, 1.0]","[1.0, 1.0, 1.0, 1.0, 1.0, 1.0, 1.0, 1.0, 1.0, 1.0]","[1.0, 1.0, 1.0, 1.0, 1.0, 1.0, 1.0, 1.0, 1.0, 1.0]","[1.0, 1.0, 1.0, 1.0, 1.0, 1.0, 1.0, 1.0, 1.0, 1.0]","[1.0, 1.0, 1.0, 1.0, 1.0, 1.0, 1.0, 1.0, 1.0, 1.0]","[array([[100,   0,   0,   0],
       [  0,  85,   0,   0],
       [  0,   0,  89,   0],
       [  0,   0,   0, 134]]), array([[100,   0,   0,   0],
       [  0,  85,   0,   0],
       [  0,   0,  89,   0],
       [  0,   0,   0, 134]]), array([[101,   0,   0,   0],
       [  0,  84,   0,   0],
       [  0,   0,  89,   0],
       [  0,   0,   0, 134]]), array([[101,   0,   0,   0],
       [  0,  84,   0,   0],
       [  0,   0,  89,   0],
       [  0,   0,   0, 134]]), array([[101,   0,   0,   0],
       [  0,  84,   0,   0],
       [  0,   0,  89,   0],
       [  0,   0,   0, 135]]), array([[101,   0,   0,   0],
       [  0,  84,   0,   0],
       [  0,   0,  90,   0],
       [  0,   0,   0, 134]]), array([[101,   0,   0,   0],
       [  0,  85,   0,   0],
       [  0,   0,  89,   0],
       [  0,   0,   0, 134]]), array([[101,   0,   0,   0],
       [  0,  85,   0,   0],
       [  0,   0,  89,   0],
       [  0,   0,   0, 134]]), array([[101,   0,   0,   0],
       [  0,  85,   0,   0],
       [  0,   0,  89,   0],
       [  0,   0,   0, 134]]), array([[101,   0,   0,   0],
       [  0,  85,   0,   0],
       [  0,   0,  89,   0],
       [  0,   0,   0, 134]])]","[0.717391304347826, 0.7608695652173914, 0.6956521739130435, 0.8478260869565217, 0.7333333333333333, 0.8444444444444444, 0.6888888888888889, 0.8222222222222222, 0.7777777777777778, 0.8]","[0.717391304347826, 0.7608695652173914, 0.6956521739130435, 0.8478260869565217, 0.7333333333333333, 0.8444444444444444, 0.6888888888888889, 0.8222222222222222, 0.7777777777777778, 0.8]","[0.717391304347826, 0.7608695652173914, 0.6956521739130435, 0.8478260869565217, 0.7333333333333333, 0.8444444444444444, 0.6888888888888889, 0.8222222222222222, 0.7777777777777778, 0.8]","[0.717391304347826, 0.7608695652173914, 0.6956521739130435, 0.8478260869565218, 0.7333333333333333, 0.8444444444444444, 0.6888888888888889, 0.8222222222222222, 0.7777777777777778, 0.8000000000000002]","[0.761904761904762, 0.8026098901098901, 0.7049374236874237, 0.890625, 0.7320054945054945, 0.859107905982906, 0.685796221322537, 0.8471593765711413, 0.7844742063492064, 0.8452380952380952]","[0.7027777777777777, 0.7374999999999999, 0.6734848484848485, 0.8333333333333333, 0.7259740259740259, 0.8361111111111111, 0.6517676767676768, 0.8083333333333332, 0.7578282828282829, 0.7717171717171718]","[0.6996365703262255, 0.7527731092436974, 0.6789958407605466, 0.8330189272464315, 0.725595238095238, 0.8391708834071263, 0.6370098039215687, 0.8165021929824561, 0.7605546123372948, 0.7764936817568396]","[0.7510351966873706, 0.7836239847109413, 0.7048694059563626, 0.8845108695652174, 0.7358974358974358, 0.8554487179487179, 0.6861898335582546, 0.83457907379476, 0.784942680776014, 0.8313932980599646]","[0.717391304347826, 0.7608695652173914, 0.6956521739130435, 0.8478260869565217, 0.7333333333333333, 0.8444444444444444, 0.6888888888888889, 0.8222222222222222, 0.7777777777777778, 0.8]","[0.7072312994351975, 0.7562002192181219, 0.6905629181844015, 0.8402543681941335, 0.7314814814814816, 0.8422060580504603, 0.6604575163398694, 0.8186500974658868, 0.7722014714204868, 0.7885952643847381]","[array([[12,  0,  0,  0],
       [ 4,  4,  0,  1],
       [ 0,  0,  7,  3],
       [ 0,  0,  5, 10]]), array([[11,  0,  0,  1],
       [ 2,  6,  0,  1],
       [ 0,  0,  5,  5],
       [ 0,  0,  2, 13]]), array([[ 8,  3,  0,  0],
       [ 4,  5,  0,  1],
       [ 0,  0,  6,  4],
       [ 1,  0,  1, 13]]), array([[11,  0,  0,  0],
       [ 4,  5,  0,  1],
       [ 0,  0,  9,  1],
       [ 1,  0,  0, 14]]), array([[ 9,  2,  0,  0],
       [ 4,  6,  0,  0],
       [ 0,  0,  7,  3],
       [ 0,  0,  3, 11]]), array([[11,  0,  0,  0],
       [ 2,  7,  0,  1],
       [ 0,  0,  7,  2],
       [ 0,  0,  2, 13]]), array([[ 9,  1,  1,  0],
       [ 4,  2,  0,  3],
       [ 0,  0,  7,  3],
       [ 0,  0,  2, 13]]), array([[11,  0,  0,  0],
       [ 2,  6,  0,  1],
       [ 0,  0,  7,  3],
       [ 0,  0,  2, 13]]), array([[10,  1,  0,  0],
       [ 4,  5,  0,  0],
       [ 0,  0,  7,  3],
       [ 0,  0,  2, 13]]), array([[10,  0,  0,  1],
       [ 4,  4,  0,  1],
       [ 0,  0,  8,  2],
       [ 0,  0,  1, 14]])]"
14,"[1.0, 1.0, 1.0, 1.0, 1.0, 1.0, 1.0, 1.0, 1.0, 1.0]","[1.0, 1.0, 1.0, 1.0, 1.0, 1.0, 1.0, 1.0, 1.0, 1.0]","[1.0, 1.0, 1.0, 1.0, 1.0, 1.0, 1.0, 1.0, 1.0, 1.0]","[1.0, 1.0, 1.0, 1.0, 1.0, 1.0, 1.0, 1.0, 1.0, 1.0]","[1.0, 1.0, 1.0, 1.0, 1.0, 1.0, 1.0, 1.0, 1.0, 1.0]","[1.0, 1.0, 1.0, 1.0, 1.0, 1.0, 1.0, 1.0, 1.0, 1.0]","[1.0, 1.0, 1.0, 1.0, 1.0, 1.0, 1.0, 1.0, 1.0, 1.0]","[1.0, 1.0, 1.0, 1.0, 1.0, 1.0, 1.0, 1.0, 1.0, 1.0]","[1.0, 1.0, 1.0, 1.0, 1.0, 1.0, 1.0, 1.0, 1.0, 1.0]","[1.0, 1.0, 1.0, 1.0, 1.0, 1.0, 1.0, 1.0, 1.0, 1.0]","[array([[100,   0,   0,   0],
       [  0,  85,   0,   0],
       [  0,   0,  89,   0],
       [  0,   0,   0, 134]]), array([[100,   0,   0,   0],
       [  0,  85,   0,   0],
       [  0,   0,  89,   0],
       [  0,   0,   0, 134]]), array([[101,   0,   0,   0],
       [  0,  84,   0,   0],
       [  0,   0,  89,   0],
       [  0,   0,   0, 134]]), array([[101,   0,   0,   0],
       [  0,  84,   0,   0],
       [  0,   0,  89,   0],
       [  0,   0,   0, 134]]), array([[101,   0,   0,   0],
       [  0,  84,   0,   0],
       [  0,   0,  89,   0],
       [  0,   0,   0, 135]]), array([[101,   0,   0,   0],
       [  0,  84,   0,   0],
       [  0,   0,  90,   0],
       [  0,   0,   0, 134]]), array([[101,   0,   0,   0],
       [  0,  85,   0,   0],
       [  0,   0,  89,   0],
       [  0,   0,   0, 134]]), array([[101,   0,   0,   0],
       [  0,  85,   0,   0],
       [  0,   0,  89,   0],
       [  0,   0,   0, 134]]), array([[101,   0,   0,   0],
       [  0,  85,   0,   0],
       [  0,   0,  89,   0],
       [  0,   0,   0, 134]]), array([[101,   0,   0,   0],
       [  0,  85,   0,   0],
       [  0,   0,  89,   0],
       [  0,   0,   0, 134]])]","[0.717391304347826, 0.7608695652173914, 0.6956521739130435, 0.8043478260869565, 0.7555555555555555, 0.8222222222222222, 0.7333333333333333, 0.8222222222222222, 0.7555555555555555, 0.8]","[0.717391304347826, 0.7608695652173914, 0.6956521739130435, 0.8043478260869565, 0.7555555555555555, 0.8222222222222222, 0.7333333333333333, 0.8222222222222222, 0.7555555555555555, 0.8]","[0.717391304347826, 0.7608695652173914, 0.6956521739130435, 0.8043478260869565, 0.7555555555555555, 0.8222222222222222, 0.7333333333333333, 0.8222222222222222, 0.7555555555555555, 0.8]","[0.717391304347826, 0.7608695652173914, 0.6956521739130435, 0.8043478260869565, 0.7555555555555555, 0.8222222222222222, 0.7333333333333333, 0.8222222222222222, 0.7555555555555555, 0.8000000000000002]","[0.761904761904762, 0.8026098901098901, 0.70625, 0.8378787878787879, 0.7642857142857142, 0.8551587301587301, 0.7335715754833402, 0.8471593765711413, 0.7642361111111111, 0.8364583333333333]","[0.7027777777777777, 0.7374999999999999, 0.6651515151515152, 0.793939393939394, 0.7487012987012986, 0.8, 0.7045454545454546, 0.8083333333333332, 0.730050505050505, 0.7777777777777778]","[0.6996365703262255, 0.7527731092436974, 0.6690519323671498, 0.7899267399267399, 0.7478991596638656, 0.8071212121212121, 0.6964858058608059, 0.8165021929824561, 0.7290527808354633, 0.7750620347394541]","[0.7510351966873706, 0.7836239847109413, 0.7047101449275361, 0.8372859025032938, 0.7650793650793651, 0.8449735449735448, 0.7357488916312445, 0.83457907379476, 0.7666358024691358, 0.8278703703703703]","[0.717391304347826, 0.7608695652173914, 0.6956521739130435, 0.8043478260869565, 0.7555555555555555, 0.8222222222222222, 0.7333333333333333, 0.8222222222222222, 0.7555555555555555, 0.8]","[0.7072312994351975, 0.7562002192181219, 0.683863684099979, 0.7978181239050804, 0.7524183006535948, 0.8146060606060606, 0.7157865282865284, 0.8186500974658868, 0.7456324848515, 0.7872622001654261]","[array([[12,  0,  0,  0],
       [ 4,  4,  0,  1],
       [ 0,  0,  7,  3],
       [ 0,  0,  5, 10]]), array([[11,  0,  0,  1],
       [ 2,  6,  0,  1],
       [ 0,  0,  5,  5],
       [ 0,  0,  2, 13]]), array([[ 8,  3,  0,  0],
       [ 4,  5,  0,  1],
       [ 0,  0,  5,  5],
       [ 0,  0,  1, 14]]), array([[10,  0,  1,  0],
       [ 4,  5,  0,  1],
       [ 0,  0,  9,  1],
       [ 1,  0,  1, 13]]), array([[10,  1,  0,  0],
       [ 4,  6,  0,  0],
       [ 0,  0,  7,  3],
       [ 0,  0,  3, 11]]), array([[11,  0,  0,  0],
       [ 3,  6,  0,  1],
       [ 0,  0,  6,  3],
       [ 0,  0,  1, 14]]), array([[ 9,  1,  1,  0],
       [ 4,  3,  0,  2],
       [ 0,  0,  8,  2],
       [ 0,  0,  2, 13]]), array([[11,  0,  0,  0],
       [ 2,  6,  0,  1],
       [ 0,  0,  7,  3],
       [ 0,  0,  2, 13]]), array([[10,  1,  0,  0],
       [ 5,  4,  0,  0],
       [ 0,  0,  7,  3],
       [ 0,  0,  2, 13]]), array([[11,  0,  0,  0],
       [ 4,  4,  0,  1],
       [ 0,  0,  8,  2],
       [ 0,  0,  2, 13]])]"
15,"[1.0, 1.0, 1.0, 1.0, 1.0, 1.0, 1.0, 1.0, 1.0, 1.0]","[1.0, 1.0, 1.0, 1.0, 1.0, 1.0, 1.0, 1.0, 1.0, 1.0]","[1.0, 1.0, 1.0, 1.0, 1.0, 1.0, 1.0, 1.0, 1.0, 1.0]","[1.0, 1.0, 1.0, 1.0, 1.0, 1.0, 1.0, 1.0, 1.0, 1.0]","[1.0, 1.0, 1.0, 1.0, 1.0, 1.0, 1.0, 1.0, 1.0, 1.0]","[1.0, 1.0, 1.0, 1.0, 1.0, 1.0, 1.0, 1.0, 1.0, 1.0]","[1.0, 1.0, 1.0, 1.0, 1.0, 1.0, 1.0, 1.0, 1.0, 1.0]","[1.0, 1.0, 1.0, 1.0, 1.0, 1.0, 1.0, 1.0, 1.0, 1.0]","[1.0, 1.0, 1.0, 1.0, 1.0, 1.0, 1.0, 1.0, 1.0, 1.0]","[1.0, 1.0, 1.0, 1.0, 1.0, 1.0, 1.0, 1.0, 1.0, 1.0]","[array([[100,   0,   0,   0],
       [  0,  85,   0,   0],
       [  0,   0,  89,   0],
       [  0,   0,   0, 134]]), array([[100,   0,   0,   0],
       [  0,  85,   0,   0],
       [  0,   0,  89,   0],
       [  0,   0,   0, 134]]), array([[101,   0,   0,   0],
       [  0,  84,   0,   0],
       [  0,   0,  89,   0],
       [  0,   0,   0, 134]]), array([[101,   0,   0,   0],
       [  0,  84,   0,   0],
       [  0,   0,  89,   0],
       [  0,   0,   0, 134]]), array([[101,   0,   0,   0],
       [  0,  84,   0,   0],
       [  0,   0,  89,   0],
       [  0,   0,   0, 135]]), array([[101,   0,   0,   0],
       [  0,  84,   0,   0],
       [  0,   0,  90,   0],
       [  0,   0,   0, 134]]), array([[101,   0,   0,   0],
       [  0,  85,   0,   0],
       [  0,   0,  89,   0],
       [  0,   0,   0, 134]]), array([[101,   0,   0,   0],
       [  0,  85,   0,   0],
       [  0,   0,  89,   0],
       [  0,   0,   0, 134]]), array([[101,   0,   0,   0],
       [  0,  85,   0,   0],
       [  0,   0,  89,   0],
       [  0,   0,   0, 134]]), array([[101,   0,   0,   0],
       [  0,  85,   0,   0],
       [  0,   0,  89,   0],
       [  0,   0,   0, 134]])]","[0.6956521739130435, 0.8043478260869565, 0.6956521739130435, 0.8043478260869565, 0.6666666666666666, 0.8444444444444444, 0.6888888888888889, 0.8222222222222222, 0.7777777777777778, 0.8]","[0.6956521739130435, 0.8043478260869565, 0.6956521739130435, 0.8043478260869565, 0.6666666666666666, 0.8444444444444444, 0.6888888888888889, 0.8222222222222222, 0.7777777777777778, 0.8]","[0.6956521739130435, 0.8043478260869565, 0.6956521739130435, 0.8043478260869565, 0.6666666666666666, 0.8444444444444444, 0.6888888888888889, 0.8222222222222222, 0.7777777777777778, 0.8]","[0.6956521739130435, 0.8043478260869565, 0.6956521739130435, 0.8043478260869565, 0.6666666666666666, 0.8444444444444444, 0.6888888888888889, 0.8222222222222222, 0.7777777777777778, 0.8000000000000002]","[0.7508753501400561, 0.8365384615384616, 0.7049374236874237, 0.8534313725490196, 0.66504329004329, 0.8708333333333333, 0.682936507936508, 0.864498987854251, 0.7844742063492064, 0.8364583333333333]","[0.6749999999999999, 0.7875, 0.6734848484848485, 0.7916666666666666, 0.6532467532467533, 0.8277777777777777, 0.6517676767676768, 0.7972222222222223, 0.7578282828282829, 0.7777777777777778]","[0.6634012539184952, 0.8011802232854863, 0.6789958407605466, 0.780952380952381, 0.6480952380952381, 0.8307272660925412, 0.6353030303030303, 0.8080648926237162, 0.7605546123372948, 0.7750620347394541]","[0.739526245280721, 0.8209773318468971, 0.7048694059563626, 0.850383631713555, 0.6736892736892737, 0.8681481481481481, 0.6867724867724868, 0.8468960863697705, 0.784942680776014, 0.8278703703703703]","[0.6956521739130435, 0.8043478260869565, 0.6956521739130435, 0.8043478260869565, 0.6666666666666666, 0.8444444444444444, 0.6888888888888889, 0.8222222222222222, 0.7777777777777778, 0.8]","[0.676945618100041, 0.803187018930726, 0.6905629181844015, 0.7903726708074535, 0.660148148148148, 0.839285424674419, 0.6608484848484848, 0.814280527025625, 0.7722014714204868, 0.7872622001654261]","[array([[12,  0,  0,  0],
       [ 5,  3,  0,  1],
       [ 0,  0,  7,  3],
       [ 0,  0,  5, 10]]), array([[11,  0,  0,  1],
       [ 2,  6,  0,  1],
       [ 0,  0,  7,  3],
       [ 0,  0,  2, 13]]), array([[ 8,  3,  0,  0],
       [ 4,  5,  0,  1],
       [ 0,  0,  6,  4],
       [ 1,  0,  1, 13]]), array([[11,  0,  0,  0],
       [ 5,  4,  0,  1],
       [ 0,  0,  9,  1],
       [ 1,  0,  1, 13]]), array([[ 8,  2,  1,  0],
       [ 6,  4,  0,  0],
       [ 0,  0,  7,  3],
       [ 0,  0,  3, 11]]), array([[11,  0,  0,  0],
       [ 4,  6,  0,  0],
       [ 0,  0,  7,  2],
       [ 0,  0,  1, 14]]), array([[ 9,  1,  1,  0],
       [ 5,  2,  0,  2],
       [ 0,  0,  7,  3],
       [ 0,  0,  2, 13]]), array([[11,  0,  0,  0],
       [ 2,  5,  0,  2],
       [ 0,  0,  7,  3],
       [ 0,  0,  1, 14]]), array([[10,  1,  0,  0],
       [ 4,  5,  0,  0],
       [ 0,  0,  7,  3],
       [ 0,  0,  2, 13]]), array([[11,  0,  0,  0],
       [ 4,  4,  0,  1],
       [ 0,  0,  8,  2],
       [ 0,  0,  2, 13]])]"
16,"[1.0, 1.0, 1.0, 1.0, 1.0, 1.0, 1.0, 1.0, 1.0, 1.0]","[1.0, 1.0, 1.0, 1.0, 1.0, 1.0, 1.0, 1.0, 1.0, 1.0]","[1.0, 1.0, 1.0, 1.0, 1.0, 1.0, 1.0, 1.0, 1.0, 1.0]","[1.0, 1.0, 1.0, 1.0, 1.0, 1.0, 1.0, 1.0, 1.0, 1.0]","[1.0, 1.0, 1.0, 1.0, 1.0, 1.0, 1.0, 1.0, 1.0, 1.0]","[1.0, 1.0, 1.0, 1.0, 1.0, 1.0, 1.0, 1.0, 1.0, 1.0]","[1.0, 1.0, 1.0, 1.0, 1.0, 1.0, 1.0, 1.0, 1.0, 1.0]","[1.0, 1.0, 1.0, 1.0, 1.0, 1.0, 1.0, 1.0, 1.0, 1.0]","[1.0, 1.0, 1.0, 1.0, 1.0, 1.0, 1.0, 1.0, 1.0, 1.0]","[1.0, 1.0, 1.0, 1.0, 1.0, 1.0, 1.0, 1.0, 1.0, 1.0]","[array([[100,   0,   0,   0],
       [  0,  85,   0,   0],
       [  0,   0,  89,   0],
       [  0,   0,   0, 134]]), array([[100,   0,   0,   0],
       [  0,  85,   0,   0],
       [  0,   0,  89,   0],
       [  0,   0,   0, 134]]), array([[101,   0,   0,   0],
       [  0,  84,   0,   0],
       [  0,   0,  89,   0],
       [  0,   0,   0, 134]]), array([[101,   0,   0,   0],
       [  0,  84,   0,   0],
       [  0,   0,  89,   0],
       [  0,   0,   0, 134]]), array([[101,   0,   0,   0],
       [  0,  84,   0,   0],
       [  0,   0,  89,   0],
       [  0,   0,   0, 135]]), array([[101,   0,   0,   0],
       [  0,  84,   0,   0],
       [  0,   0,  90,   0],
       [  0,   0,   0, 134]]), array([[101,   0,   0,   0],
       [  0,  85,   0,   0],
       [  0,   0,  89,   0],
       [  0,   0,   0, 134]]), array([[101,   0,   0,   0],
       [  0,  85,   0,   0],
       [  0,   0,  89,   0],
       [  0,   0,   0, 134]]), array([[101,   0,   0,   0],
       [  0,  85,   0,   0],
       [  0,   0,  89,   0],
       [  0,   0,   0, 134]]), array([[101,   0,   0,   0],
       [  0,  85,   0,   0],
       [  0,   0,  89,   0],
       [  0,   0,   0, 134]])]","[0.6956521739130435, 0.8043478260869565, 0.6956521739130435, 0.8043478260869565, 0.7333333333333333, 0.8222222222222222, 0.7111111111111111, 0.8222222222222222, 0.7777777777777778, 0.8]","[0.6956521739130435, 0.8043478260869565, 0.6956521739130435, 0.8043478260869565, 0.7333333333333333, 0.8222222222222222, 0.7111111111111111, 0.8222222222222222, 0.7777777777777778, 0.8]","[0.6956521739130435, 0.8043478260869565, 0.6956521739130435, 0.8043478260869565, 0.7333333333333333, 0.8222222222222222, 0.7111111111111111, 0.8222222222222222, 0.7777777777777778, 0.8]","[0.6956521739130435, 0.8043478260869565, 0.6956521739130435, 0.8043478260869565, 0.7333333333333333, 0.8222222222222222, 0.7111111111111111, 0.8222222222222222, 0.7777777777777778, 0.8000000000000002]","[0.7508753501400561, 0.8365384615384616, 0.7049374236874237, 0.8534313725490196, 0.7464285714285714, 0.8303571428571428, 0.7161324786324786, 0.864498987854251, 0.7844742063492064, 0.8362418831168832]","[0.6749999999999999, 0.7875, 0.6734848484848485, 0.7916666666666666, 0.7237012987012987, 0.805050505050505, 0.6795454545454546, 0.7972222222222223, 0.7578282828282829, 0.780050505050505]","[0.6634012539184952, 0.8011802232854863, 0.6789958407605466, 0.780952380952381, 0.7199862637362637, 0.8081593927893739, 0.6748543123543124, 0.8080648926237162, 0.7605546123372948, 0.7778092874867069]","[0.739526245280721, 0.8209773318468971, 0.7048694059563626, 0.850383631713555, 0.7481481481481482, 0.8317460317460318, 0.7155270655270656, 0.8468960863697705, 0.784942680776014, 0.8272546897546899]","[0.6956521739130435, 0.8043478260869565, 0.6956521739130435, 0.8043478260869565, 0.7333333333333333, 0.8222222222222222, 0.7111111111111111, 0.8222222222222222, 0.7777777777777778, 0.8]","[0.676945618100041, 0.803187018930726, 0.6905629181844015, 0.7903726708074535, 0.7269230769230769, 0.8181994518237403, 0.6938228438228439, 0.814280527025625, 0.7722014714204868, 0.7886785615817874]","[array([[12,  0,  0,  0],
       [ 5,  3,  0,  1],
       [ 0,  0,  7,  3],
       [ 0,  0,  5, 10]]), array([[11,  0,  0,  1],
       [ 2,  6,  0,  1],
       [ 0,  0,  7,  3],
       [ 0,  0,  2, 13]]), array([[ 8,  3,  0,  0],
       [ 4,  5,  0,  1],
       [ 0,  0,  6,  4],
       [ 1,  0,  1, 13]]), array([[11,  0,  0,  0],
       [ 5,  4,  0,  1],
       [ 0,  0,  9,  1],
       [ 1,  0,  1, 13]]), array([[10,  1,  0,  0],
       [ 5,  5,  0,  0],
       [ 0,  0,  7,  3],
       [ 0,  0,  3, 11]]), array([[10,  1,  0,  0],
       [ 4,  6,  0,  0],
       [ 0,  0,  7,  2],
       [ 0,  0,  1, 14]]), array([[ 9,  1,  1,  0],
       [ 4,  3,  0,  2],
       [ 0,  0,  7,  3],
       [ 0,  0,  2, 13]]), array([[11,  0,  0,  0],
       [ 2,  5,  0,  2],
       [ 0,  0,  7,  3],
       [ 0,  0,  1, 14]]), array([[10,  1,  0,  0],
       [ 4,  5,  0,  0],
       [ 0,  0,  7,  3],
       [ 0,  0,  2, 13]]), array([[10,  0,  0,  1],
       [ 4,  4,  0,  1],
       [ 0,  0,  9,  1],
       [ 0,  0,  2, 13]])]"
17,"[1.0, 1.0, 1.0, 1.0, 1.0, 1.0, 1.0, 1.0, 1.0, 1.0]","[1.0, 1.0, 1.0, 1.0, 1.0, 1.0, 1.0, 1.0, 1.0, 1.0]","[1.0, 1.0, 1.0, 1.0, 1.0, 1.0, 1.0, 1.0, 1.0, 1.0]","[1.0, 1.0, 1.0, 1.0, 1.0, 1.0, 1.0, 1.0, 1.0, 1.0]","[1.0, 1.0, 1.0, 1.0, 1.0, 1.0, 1.0, 1.0, 1.0, 1.0]","[1.0, 1.0, 1.0, 1.0, 1.0, 1.0, 1.0, 1.0, 1.0, 1.0]","[1.0, 1.0, 1.0, 1.0, 1.0, 1.0, 1.0, 1.0, 1.0, 1.0]","[1.0, 1.0, 1.0, 1.0, 1.0, 1.0, 1.0, 1.0, 1.0, 1.0]","[1.0, 1.0, 1.0, 1.0, 1.0, 1.0, 1.0, 1.0, 1.0, 1.0]","[1.0, 1.0, 1.0, 1.0, 1.0, 1.0, 1.0, 1.0, 1.0, 1.0]","[array([[100,   0,   0,   0],
       [  0,  85,   0,   0],
       [  0,   0,  89,   0],
       [  0,   0,   0, 134]]), array([[100,   0,   0,   0],
       [  0,  85,   0,   0],
       [  0,   0,  89,   0],
       [  0,   0,   0, 134]]), array([[101,   0,   0,   0],
       [  0,  84,   0,   0],
       [  0,   0,  89,   0],
       [  0,   0,   0, 134]]), array([[101,   0,   0,   0],
       [  0,  84,   0,   0],
       [  0,   0,  89,   0],
       [  0,   0,   0, 134]]), array([[101,   0,   0,   0],
       [  0,  84,   0,   0],
       [  0,   0,  89,   0],
       [  0,   0,   0, 135]]), array([[101,   0,   0,   0],
       [  0,  84,   0,   0],
       [  0,   0,  90,   0],
       [  0,   0,   0, 134]]), array([[101,   0,   0,   0],
       [  0,  85,   0,   0],
       [  0,   0,  89,   0],
       [  0,   0,   0, 134]]), array([[101,   0,   0,   0],
       [  0,  85,   0,   0],
       [  0,   0,  89,   0],
       [  0,   0,   0, 134]]), array([[101,   0,   0,   0],
       [  0,  85,   0,   0],
       [  0,   0,  89,   0],
       [  0,   0,   0, 134]]), array([[101,   0,   0,   0],
       [  0,  85,   0,   0],
       [  0,   0,  89,   0],
       [  0,   0,   0, 134]])]","[0.717391304347826, 0.8043478260869565, 0.6956521739130435, 0.7608695652173914, 0.7333333333333333, 0.8, 0.6888888888888889, 0.8, 0.7555555555555555, 0.8222222222222222]","[0.717391304347826, 0.8043478260869565, 0.6956521739130435, 0.7608695652173914, 0.7333333333333333, 0.8, 0.6888888888888889, 0.8, 0.7555555555555555, 0.8222222222222222]","[0.717391304347826, 0.8043478260869565, 0.6956521739130435, 0.7608695652173914, 0.7333333333333333, 0.8, 0.6888888888888889, 0.8, 0.7555555555555555, 0.8222222222222222]","[0.717391304347826, 0.8043478260869565, 0.6956521739130435, 0.7608695652173914, 0.7333333333333333, 0.8000000000000002, 0.6888888888888889, 0.8000000000000002, 0.7555555555555555, 0.8222222222222222]","[0.7726244343891403, 0.8320494864612511, 0.7049374236874237, 0.809375, 0.7464285714285714, 0.8125, 0.682936507936508, 0.8508241758241759, 0.7619047619047619, 0.8535714285714286]","[0.7, 0.7875, 0.6734848484848485, 0.743939393939394, 0.7237012987012987, 0.7800505050505051, 0.6517676767676768, 0.7722222222222221, 0.7411616161616161, 0.805050505050505]","[0.6843810237738273, 0.798873987854251, 0.6789958407605466, 0.7377197473971668, 0.7199862637362637, 0.780246496861772, 0.6353030303030303, 0.7842086834733892, 0.7416666666666668, 0.7977855477855478]","[0.764410781034822, 0.8190638574270288, 0.7048694059563626, 0.8057065217391305, 0.7481481481481482, 0.8148148148148149, 0.6867724867724868, 0.8306471306471306, 0.7634920634920636, 0.8486772486772487]","[0.717391304347826, 0.8043478260869565, 0.6956521739130435, 0.7608695652173914, 0.7333333333333333, 0.8, 0.6888888888888889, 0.8, 0.7555555555555555, 0.8222222222222222]","[0.6978661290472776, 0.8023862436190811, 0.6905629181844015, 0.748762587472265, 0.7269230769230769, 0.7927042280932224, 0.6608484848484848, 0.7904606286959228, 0.7511111111111112, 0.8095415695415694]","[array([[12,  0,  0,  0],
       [ 5,  3,  0,  1],
       [ 0,  0,  8,  2],
       [ 0,  0,  5, 10]]), array([[11,  0,  0,  1],
       [ 3,  6,  0,  0],
       [ 0,  0,  7,  3],
       [ 0,  0,  2, 13]]), array([[ 8,  3,  0,  0],
       [ 4,  5,  0,  1],
       [ 0,  0,  6,  4],
       [ 1,  0,  1, 13]]), array([[10,  0,  1,  0],
       [ 5,  4,  0,  1],
       [ 0,  0,  8,  2],
       [ 1,  0,  1, 13]]), array([[10,  1,  0,  0],
       [ 5,  5,  0,  0],
       [ 0,  0,  7,  3],
       [ 0,  0,  3, 11]]), array([[10,  1,  0,  0],
       [ 5,  5,  0,  0],
       [ 0,  0,  7,  2],
       [ 0,  0,  1, 14]]), array([[ 9,  1,  1,  0],
       [ 5,  2,  0,  2],
       [ 0,  0,  7,  3],
       [ 0,  0,  2, 13]]), array([[11,  0,  0,  0],
       [ 2,  5,  0,  2],
       [ 0,  0,  6,  4],
       [ 0,  0,  1, 14]]), array([[10,  1,  0,  0],
       [ 4,  5,  0,  0],
       [ 0,  0,  7,  3],
       [ 0,  0,  3, 12]]), array([[10,  0,  0,  1],
       [ 4,  4,  0,  1],
       [ 0,  0, 10,  0],
       [ 0,  0,  2, 13]])]"
18,"[1.0, 1.0, 1.0, 1.0, 1.0, 1.0, 1.0, 1.0, 1.0, 1.0]","[1.0, 1.0, 1.0, 1.0, 1.0, 1.0, 1.0, 1.0, 1.0, 1.0]","[1.0, 1.0, 1.0, 1.0, 1.0, 1.0, 1.0, 1.0, 1.0, 1.0]","[1.0, 1.0, 1.0, 1.0, 1.0, 1.0, 1.0, 1.0, 1.0, 1.0]","[1.0, 1.0, 1.0, 1.0, 1.0, 1.0, 1.0, 1.0, 1.0, 1.0]","[1.0, 1.0, 1.0, 1.0, 1.0, 1.0, 1.0, 1.0, 1.0, 1.0]","[1.0, 1.0, 1.0, 1.0, 1.0, 1.0, 1.0, 1.0, 1.0, 1.0]","[1.0, 1.0, 1.0, 1.0, 1.0, 1.0, 1.0, 1.0, 1.0, 1.0]","[1.0, 1.0, 1.0, 1.0, 1.0, 1.0, 1.0, 1.0, 1.0, 1.0]","[1.0, 1.0, 1.0, 1.0, 1.0, 1.0, 1.0, 1.0, 1.0, 1.0]","[array([[100,   0,   0,   0],
       [  0,  85,   0,   0],
       [  0,   0,  89,   0],
       [  0,   0,   0, 134]]), array([[100,   0,   0,   0],
       [  0,  85,   0,   0],
       [  0,   0,  89,   0],
       [  0,   0,   0, 134]]), array([[101,   0,   0,   0],
       [  0,  84,   0,   0],
       [  0,   0,  89,   0],
       [  0,   0,   0, 134]]), array([[101,   0,   0,   0],
       [  0,  84,   0,   0],
       [  0,   0,  89,   0],
       [  0,   0,   0, 134]]), array([[101,   0,   0,   0],
       [  0,  84,   0,   0],
       [  0,   0,  89,   0],
       [  0,   0,   0, 135]]), array([[101,   0,   0,   0],
       [  0,  84,   0,   0],
       [  0,   0,  90,   0],
       [  0,   0,   0, 134]]), array([[101,   0,   0,   0],
       [  0,  85,   0,   0],
       [  0,   0,  89,   0],
       [  0,   0,   0, 134]]), array([[101,   0,   0,   0],
       [  0,  85,   0,   0],
       [  0,   0,  89,   0],
       [  0,   0,   0, 134]]), array([[101,   0,   0,   0],
       [  0,  85,   0,   0],
       [  0,   0,  89,   0],
       [  0,   0,   0, 134]]), array([[101,   0,   0,   0],
       [  0,  85,   0,   0],
       [  0,   0,  89,   0],
       [  0,   0,   0, 134]])]","[0.717391304347826, 0.8043478260869565, 0.6521739130434783, 0.7391304347826086, 0.7111111111111111, 0.8222222222222222, 0.6888888888888889, 0.8, 0.7555555555555555, 0.8]","[0.717391304347826, 0.8043478260869565, 0.6521739130434783, 0.7391304347826086, 0.7111111111111111, 0.8222222222222222, 0.6888888888888889, 0.8, 0.7555555555555555, 0.8]","[0.717391304347826, 0.8043478260869565, 0.6521739130434783, 0.7391304347826086, 0.7111111111111111, 0.8222222222222222, 0.6888888888888889, 0.8, 0.7555555555555555, 0.8]","[0.717391304347826, 0.8043478260869565, 0.6521739130434783, 0.7391304347826085, 0.7111111111111111, 0.8222222222222222, 0.6888888888888889, 0.8000000000000002, 0.7555555555555555, 0.8000000000000002]","[0.7688948306595366, 0.8320494864612511, 0.6641081871345029, 0.7918709150326797, 0.7276785714285714, 0.8303571428571428, 0.682936507936508, 0.8508241758241759, 0.7619047619047619, 0.8362418831168832]","[0.6916666666666667, 0.7875, 0.6257575757575757, 0.7189393939393939, 0.6987012987012986, 0.805050505050505, 0.6517676767676768, 0.7722222222222221, 0.7411616161616161, 0.780050505050505]","[0.6818965517241379, 0.798873987854251, 0.6311793310001346, 0.7153778543581175, 0.6899470899470899, 0.8081593927893739, 0.6353030303030303, 0.7842086834733892, 0.7416666666666668, 0.7778092874867069]","[0.7572657521506625, 0.8190638574270288, 0.6645372489194, 0.785290565501563, 0.7305555555555555, 0.8317460317460318, 0.6867724867724868, 0.8306471306471306, 0.7634920634920636, 0.8272546897546899]","[0.717391304347826, 0.8043478260869565, 0.6521739130434783, 0.7391304347826086, 0.7111111111111111, 0.8222222222222222, 0.6888888888888889, 0.8, 0.7555555555555555, 0.8]","[0.6977761119440281, 0.8023862436190811, 0.6452043109553045, 0.726485976414466, 0.6995884773662552, 0.8181994518237403, 0.6608484848484848, 0.7904606286959228, 0.7511111111111112, 0.7886785615817874]","[array([[12,  0,  0,  0],
       [ 5,  3,  0,  1],
       [ 0,  0,  7,  3],
       [ 0,  0,  4, 11]]), array([[11,  0,  0,  1],
       [ 3,  6,  0,  0],
       [ 0,  0,  7,  3],
       [ 0,  0,  2, 13]]), array([[ 7,  4,  0,  0],
       [ 4,  5,  0,  1],
       [ 0,  0,  5,  5],
       [ 1,  0,  1, 13]]), array([[10,  0,  1,  0],
       [ 5,  4,  0,  1],
       [ 0,  0,  7,  3],
       [ 1,  0,  1, 13]]), array([[10,  1,  0,  0],
       [ 6,  4,  0,  0],
       [ 0,  0,  7,  3],
       [ 0,  0,  3, 11]]), array([[10,  1,  0,  0],
       [ 4,  6,  0,  0],
       [ 0,  0,  7,  2],
       [ 0,  0,  1, 14]]), array([[ 9,  1,  1,  0],
       [ 5,  2,  0,  2],
       [ 0,  0,  7,  3],
       [ 0,  0,  2, 13]]), array([[11,  0,  0,  0],
       [ 2,  5,  0,  2],
       [ 0,  0,  6,  4],
       [ 0,  0,  1, 14]]), array([[10,  1,  0,  0],
       [ 4,  5,  0,  0],
       [ 0,  0,  7,  3],
       [ 0,  0,  3, 12]]), array([[10,  0,  0,  1],
       [ 4,  4,  0,  1],
       [ 0,  0,  9,  1],
       [ 0,  0,  2, 13]])]"
19,"[1.0, 1.0, 1.0, 1.0, 1.0, 1.0, 1.0, 1.0, 1.0, 1.0]","[1.0, 1.0, 1.0, 1.0, 1.0, 1.0, 1.0, 1.0, 1.0, 1.0]","[1.0, 1.0, 1.0, 1.0, 1.0, 1.0, 1.0, 1.0, 1.0, 1.0]","[1.0, 1.0, 1.0, 1.0, 1.0, 1.0, 1.0, 1.0, 1.0, 1.0]","[1.0, 1.0, 1.0, 1.0, 1.0, 1.0, 1.0, 1.0, 1.0, 1.0]","[1.0, 1.0, 1.0, 1.0, 1.0, 1.0, 1.0, 1.0, 1.0, 1.0]","[1.0, 1.0, 1.0, 1.0, 1.0, 1.0, 1.0, 1.0, 1.0, 1.0]","[1.0, 1.0, 1.0, 1.0, 1.0, 1.0, 1.0, 1.0, 1.0, 1.0]","[1.0, 1.0, 1.0, 1.0, 1.0, 1.0, 1.0, 1.0, 1.0, 1.0]","[1.0, 1.0, 1.0, 1.0, 1.0, 1.0, 1.0, 1.0, 1.0, 1.0]","[array([[100,   0,   0,   0],
       [  0,  85,   0,   0],
       [  0,   0,  89,   0],
       [  0,   0,   0, 134]]), array([[100,   0,   0,   0],
       [  0,  85,   0,   0],
       [  0,   0,  89,   0],
       [  0,   0,   0, 134]]), array([[101,   0,   0,   0],
       [  0,  84,   0,   0],
       [  0,   0,  89,   0],
       [  0,   0,   0, 134]]), array([[101,   0,   0,   0],
       [  0,  84,   0,   0],
       [  0,   0,  89,   0],
       [  0,   0,   0, 134]]), array([[101,   0,   0,   0],
       [  0,  84,   0,   0],
       [  0,   0,  89,   0],
       [  0,   0,   0, 135]]), array([[101,   0,   0,   0],
       [  0,  84,   0,   0],
       [  0,   0,  90,   0],
       [  0,   0,   0, 134]]), array([[101,   0,   0,   0],
       [  0,  85,   0,   0],
       [  0,   0,  89,   0],
       [  0,   0,   0, 134]]), array([[101,   0,   0,   0],
       [  0,  85,   0,   0],
       [  0,   0,  89,   0],
       [  0,   0,   0, 134]]), array([[101,   0,   0,   0],
       [  0,  85,   0,   0],
       [  0,   0,  89,   0],
       [  0,   0,   0, 134]]), array([[101,   0,   0,   0],
       [  0,  85,   0,   0],
       [  0,   0,  89,   0],
       [  0,   0,   0, 134]])]","[0.6956521739130435, 0.8260869565217391, 0.6956521739130435, 0.7391304347826086, 0.7333333333333333, 0.8666666666666667, 0.6888888888888889, 0.7777777777777778, 0.7555555555555555, 0.8222222222222222]","[0.6956521739130435, 0.8260869565217391, 0.6956521739130435, 0.7391304347826086, 0.7333333333333333, 0.8666666666666667, 0.6888888888888889, 0.7777777777777778, 0.7555555555555555, 0.8222222222222222]","[0.6956521739130435, 0.8260869565217391, 0.6956521739130435, 0.7391304347826086, 0.7333333333333333, 0.8666666666666667, 0.6888888888888889, 0.7777777777777778, 0.7555555555555555, 0.8222222222222222]","[0.6956521739130435, 0.8260869565217391, 0.6956521739130435, 0.7391304347826085, 0.7333333333333333, 0.8666666666666667, 0.6888888888888889, 0.7777777777777778, 0.7555555555555555, 0.8222222222222222]","[0.756827731092437, 0.8596230158730158, 0.7049374236874237, 0.7546685340802988, 0.7464285714285714, 0.8888888888888888, 0.682936507936508, 0.8357142857142856, 0.7619047619047619, 0.8535714285714286]","[0.6833333333333333, 0.8041666666666667, 0.6734848484848485, 0.7212121212121213, 0.7237012987012987, 0.8555555555555556, 0.6517676767676768, 0.7444444444444445, 0.7411616161616161, 0.805050505050505]","[0.6652298850574712, 0.8181041181041181, 0.6789958407605466, 0.7235855263157895, 0.7199862637362637, 0.8545940170940169, 0.6353030303030303, 0.7503167420814478, 0.7416666666666668, 0.7977855477855478]","[0.7485842162952138, 0.8444616977225673, 0.7048694059563626, 0.7533288677789957, 0.7481481481481482, 0.8903703703703703, 0.6867724867724868, 0.8158730158730159, 0.7634920634920636, 0.8486772486772487]","[0.6956521739130435, 0.8260869565217391, 0.6956521739130435, 0.7391304347826086, 0.7333333333333333, 0.8666666666666667, 0.6888888888888889, 0.7777777777777778, 0.7555555555555555, 0.8222222222222222]","[0.6760369815092453, 0.8230194925847099, 0.6905629181844015, 0.7331721967963386, 0.7269230769230769, 0.8623931623931623, 0.6608484848484848, 0.76171744595274, 0.7511111111111112, 0.8095415695415694]","[array([[12,  0,  0,  0],
       [ 5,  3,  0,  1],
       [ 0,  0,  8,  2],
       [ 0,  0,  6,  9]]), array([[11,  0,  0,  1],
       [ 3,  6,  0,  0],
       [ 0,  0,  7,  3],
       [ 0,  0,  1, 14]]), array([[ 8,  3,  0,  0],
       [ 4,  5,  0,  1],
       [ 0,  0,  6,  4],
       [ 1,  0,  1, 13]]), array([[ 9,  1,  1,  0],
       [ 4,  5,  0,  1],
       [ 0,  0,  7,  3],
       [ 1,  0,  1, 13]]), array([[10,  1,  0,  0],
       [ 5,  5,  0,  0],
       [ 0,  0,  7,  3],
       [ 0,  0,  3, 11]]), array([[11,  0,  0,  0],
       [ 4,  6,  0,  0],
       [ 0,  0,  8,  1],
       [ 0,  0,  1, 14]]), array([[ 9,  1,  1,  0],
       [ 5,  2,  0,  2],
       [ 0,  0,  7,  3],
       [ 0,  0,  2, 13]]), array([[11,  0,  0,  0],
       [ 3,  4,  0,  2],
       [ 0,  0,  6,  4],
       [ 0,  0,  1, 14]]), array([[10,  1,  0,  0],
       [ 4,  5,  0,  0],
       [ 0,  0,  7,  3],
       [ 0,  0,  3, 12]]), array([[10,  0,  0,  1],
       [ 4,  4,  0,  1],
       [ 0,  0, 10,  0],
       [ 0,  0,  2, 13]])]"
20,"[1.0, 1.0, 1.0, 1.0, 1.0, 1.0, 1.0, 1.0, 1.0, 1.0]","[1.0, 1.0, 1.0, 1.0, 1.0, 1.0, 1.0, 1.0, 1.0, 1.0]","[1.0, 1.0, 1.0, 1.0, 1.0, 1.0, 1.0, 1.0, 1.0, 1.0]","[1.0, 1.0, 1.0, 1.0, 1.0, 1.0, 1.0, 1.0, 1.0, 1.0]","[1.0, 1.0, 1.0, 1.0, 1.0, 1.0, 1.0, 1.0, 1.0, 1.0]","[1.0, 1.0, 1.0, 1.0, 1.0, 1.0, 1.0, 1.0, 1.0, 1.0]","[1.0, 1.0, 1.0, 1.0, 1.0, 1.0, 1.0, 1.0, 1.0, 1.0]","[1.0, 1.0, 1.0, 1.0, 1.0, 1.0, 1.0, 1.0, 1.0, 1.0]","[1.0, 1.0, 1.0, 1.0, 1.0, 1.0, 1.0, 1.0, 1.0, 1.0]","[1.0, 1.0, 1.0, 1.0, 1.0, 1.0, 1.0, 1.0, 1.0, 1.0]","[array([[100,   0,   0,   0],
       [  0,  85,   0,   0],
       [  0,   0,  89,   0],
       [  0,   0,   0, 134]]), array([[100,   0,   0,   0],
       [  0,  85,   0,   0],
       [  0,   0,  89,   0],
       [  0,   0,   0, 134]]), array([[101,   0,   0,   0],
       [  0,  84,   0,   0],
       [  0,   0,  89,   0],
       [  0,   0,   0, 134]]), array([[101,   0,   0,   0],
       [  0,  84,   0,   0],
       [  0,   0,  89,   0],
       [  0,   0,   0, 134]]), array([[101,   0,   0,   0],
       [  0,  84,   0,   0],
       [  0,   0,  89,   0],
       [  0,   0,   0, 135]]), array([[101,   0,   0,   0],
       [  0,  84,   0,   0],
       [  0,   0,  90,   0],
       [  0,   0,   0, 134]]), array([[101,   0,   0,   0],
       [  0,  85,   0,   0],
       [  0,   0,  89,   0],
       [  0,   0,   0, 134]]), array([[101,   0,   0,   0],
       [  0,  85,   0,   0],
       [  0,   0,  89,   0],
       [  0,   0,   0, 134]]), array([[101,   0,   0,   0],
       [  0,  85,   0,   0],
       [  0,   0,  89,   0],
       [  0,   0,   0, 134]]), array([[101,   0,   0,   0],
       [  0,  85,   0,   0],
       [  0,   0,  89,   0],
       [  0,   0,   0, 134]])]","[0.6956521739130435, 0.8043478260869565, 0.6956521739130435, 0.782608695652174, 0.7111111111111111, 0.8444444444444444, 0.6888888888888889, 0.8, 0.7555555555555555, 0.8222222222222222]","[0.6956521739130435, 0.8043478260869565, 0.6956521739130435, 0.782608695652174, 0.7111111111111111, 0.8444444444444444, 0.6888888888888889, 0.8, 0.7555555555555555, 0.8222222222222222]","[0.6956521739130435, 0.8043478260869565, 0.6956521739130435, 0.782608695652174, 0.7111111111111111, 0.8444444444444444, 0.6888888888888889, 0.8, 0.7555555555555555, 0.8222222222222222]","[0.6956521739130435, 0.8043478260869565, 0.6956521739130435, 0.782608695652174, 0.7111111111111111, 0.8444444444444444, 0.6888888888888889, 0.8000000000000002, 0.7555555555555555, 0.8222222222222222]","[0.7508753501400561, 0.8320494864612511, 0.7049374236874237, 0.8318014705882353, 0.7245670995670995, 0.8484126984126985, 0.682936507936508, 0.8320494864612511, 0.7619047619047619, 0.8535714285714286]","[0.6749999999999999, 0.7875, 0.6734848484848485, 0.7666666666666667, 0.700974025974026, 0.8328282828282829, 0.6517676767676768, 0.7805555555555556, 0.7411616161616161, 0.805050505050505]","[0.6634012539184952, 0.798873987854251, 0.6789958407605466, 0.7679398148148148, 0.6993452380952381, 0.8320261437908496, 0.6353030303030303, 0.785906954887218, 0.7416666666666668, 0.7977855477855478]","[0.739526245280721, 0.8190638574270288, 0.7048694059563626, 0.821371483375959, 0.7281866281866283, 0.853968253968254, 0.6867724867724868, 0.8198049590206453, 0.7634920634920636, 0.8486772486772487]","[0.6956521739130435, 0.8043478260869565, 0.6956521739130435, 0.782608695652174, 0.7111111111111111, 0.8444444444444444, 0.6888888888888889, 0.8, 0.7555555555555555, 0.8222222222222222]","[0.676945618100041, 0.8023862436190811, 0.6905629181844015, 0.7738023349436393, 0.7074814814814815, 0.8413071895424836, 0.6608484848484848, 0.7925442773600668, 0.7511111111111112, 0.8095415695415694]","[array([[12,  0,  0,  0],
       [ 5,  3,  0,  1],
       [ 0,  0,  7,  3],
       [ 0,  0,  5, 10]]), array([[11,  0,  0,  1],
       [ 3,  6,  0,  0],
       [ 0,  0,  7,  3],
       [ 0,  0,  2, 13]]), array([[ 8,  3,  0,  0],
       [ 4,  5,  0,  1],
       [ 0,  0,  6,  4],
       [ 1,  0,  1, 13]]), array([[11,  0,  0,  0],
       [ 4,  5,  0,  1],
       [ 0,  0,  7,  3],
       [ 1,  0,  1, 13]]), array([[ 9,  1,  1,  0],
       [ 5,  5,  0,  0],
       [ 0,  0,  7,  3],
       [ 0,  0,  3, 11]]), array([[10,  1,  0,  0],
       [ 4,  6,  0,  0],
       [ 0,  0,  8,  1],
       [ 0,  0,  1, 14]]), array([[ 9,  1,  1,  0],
       [ 5,  2,  0,  2],
       [ 0,  0,  7,  3],
       [ 0,  0,  2, 13]]), array([[11,  0,  0,  0],
       [ 3,  5,  0,  1],
       [ 0,  0,  7,  3],
       [ 0,  0,  2, 13]]), array([[10,  1,  0,  0],
       [ 4,  5,  0,  0],
       [ 0,  0,  7,  3],
       [ 0,  0,  3, 12]]), array([[10,  0,  0,  1],
       [ 4,  4,  0,  1],
       [ 0,  0, 10,  0],
       [ 0,  0,  2, 13]])]"
21,"[1.0, 1.0, 1.0, 1.0, 1.0, 1.0, 1.0, 1.0, 1.0, 1.0]","[1.0, 1.0, 1.0, 1.0, 1.0, 1.0, 1.0, 1.0, 1.0, 1.0]","[1.0, 1.0, 1.0, 1.0, 1.0, 1.0, 1.0, 1.0, 1.0, 1.0]","[1.0, 1.0, 1.0, 1.0, 1.0, 1.0, 1.0, 1.0, 1.0, 1.0]","[1.0, 1.0, 1.0, 1.0, 1.0, 1.0, 1.0, 1.0, 1.0, 1.0]","[1.0, 1.0, 1.0, 1.0, 1.0, 1.0, 1.0, 1.0, 1.0, 1.0]","[1.0, 1.0, 1.0, 1.0, 1.0, 1.0, 1.0, 1.0, 1.0, 1.0]","[1.0, 1.0, 1.0, 1.0, 1.0, 1.0, 1.0, 1.0, 1.0, 1.0]","[1.0, 1.0, 1.0, 1.0, 1.0, 1.0, 1.0, 1.0, 1.0, 1.0]","[1.0, 1.0, 1.0, 1.0, 1.0, 1.0, 1.0, 1.0, 1.0, 1.0]","[array([[100,   0,   0,   0],
       [  0,  85,   0,   0],
       [  0,   0,  89,   0],
       [  0,   0,   0, 134]]), array([[100,   0,   0,   0],
       [  0,  85,   0,   0],
       [  0,   0,  89,   0],
       [  0,   0,   0, 134]]), array([[101,   0,   0,   0],
       [  0,  84,   0,   0],
       [  0,   0,  89,   0],
       [  0,   0,   0, 134]]), array([[101,   0,   0,   0],
       [  0,  84,   0,   0],
       [  0,   0,  89,   0],
       [  0,   0,   0, 134]]), array([[101,   0,   0,   0],
       [  0,  84,   0,   0],
       [  0,   0,  89,   0],
       [  0,   0,   0, 135]]), array([[101,   0,   0,   0],
       [  0,  84,   0,   0],
       [  0,   0,  90,   0],
       [  0,   0,   0, 134]]), array([[101,   0,   0,   0],
       [  0,  85,   0,   0],
       [  0,   0,  89,   0],
       [  0,   0,   0, 134]]), array([[101,   0,   0,   0],
       [  0,  85,   0,   0],
       [  0,   0,  89,   0],
       [  0,   0,   0, 134]]), array([[101,   0,   0,   0],
       [  0,  85,   0,   0],
       [  0,   0,  89,   0],
       [  0,   0,   0, 134]]), array([[101,   0,   0,   0],
       [  0,  85,   0,   0],
       [  0,   0,  89,   0],
       [  0,   0,   0, 134]])]","[0.6956521739130435, 0.8043478260869565, 0.6956521739130435, 0.7608695652173914, 0.6444444444444445, 0.8666666666666667, 0.6888888888888889, 0.8222222222222222, 0.7555555555555555, 0.8222222222222222]","[0.6956521739130435, 0.8043478260869565, 0.6956521739130435, 0.7608695652173914, 0.6444444444444445, 0.8666666666666667, 0.6888888888888889, 0.8222222222222222, 0.7555555555555555, 0.8222222222222222]","[0.6956521739130435, 0.8043478260869565, 0.6956521739130435, 0.7608695652173914, 0.6444444444444445, 0.8666666666666667, 0.6888888888888889, 0.8222222222222222, 0.7555555555555555, 0.8222222222222222]","[0.6956521739130435, 0.8043478260869565, 0.6956521739130435, 0.7608695652173914, 0.6444444444444445, 0.8666666666666667, 0.6888888888888889, 0.8222222222222222, 0.7555555555555555, 0.8222222222222222]","[0.7508753501400561, 0.8320494864612511, 0.7115079365079365, 0.7815972222222223, 0.6388528138528138, 0.8888888888888888, 0.682936507936508, 0.8495535714285714, 0.7619047619047619, 0.8535714285714286]","[0.6749999999999999, 0.7875, 0.6712121212121213, 0.743939393939394, 0.6282467532467533, 0.8555555555555556, 0.6517676767676768, 0.8055555555555556, 0.7411616161616161, 0.805050505050505]","[0.6634012539184952, 0.798873987854251, 0.6715172082819141, 0.738722253662831, 0.6169413919413919, 0.8545940170940169, 0.6353030303030303, 0.8082488479262674, 0.7416666666666668, 0.7977855477855478]","[0.739526245280721, 0.8190638574270288, 0.7102484472049689, 0.7815519323671497, 0.6495622895622896, 0.8903703703703703, 0.6867724867724868, 0.8406746031746031, 0.7634920634920636, 0.8486772486772487]","[0.6956521739130435, 0.8043478260869565, 0.6956521739130435, 0.7608695652173914, 0.6444444444444445, 0.8666666666666667, 0.6888888888888889, 0.8222222222222222, 0.7555555555555555, 0.8222222222222222]","[0.676945618100041, 0.8023862436190811, 0.6846171731082217, 0.7496343320511033, 0.6319088319088318, 0.8623931623931623, 0.6608484848484848, 0.8153159242191502, 0.7511111111111112, 0.8095415695415694]","[array([[12,  0,  0,  0],
       [ 5,  3,  0,  1],
       [ 0,  0,  7,  3],
       [ 0,  0,  5, 10]]), array([[11,  0,  0,  1],
       [ 3,  6,  0,  0],
       [ 0,  0,  7,  3],
       [ 0,  0,  2, 13]]), array([[ 9,  2,  0,  0],
       [ 5,  4,  0,  1],
       [ 0,  0,  6,  4],
       [ 1,  0,  1, 13]]), array([[10,  1,  0,  0],
       [ 5,  4,  0,  1],
       [ 0,  0,  8,  2],
       [ 1,  0,  1, 13]]), array([[ 8,  2,  1,  0],
       [ 7,  3,  0,  0],
       [ 0,  0,  7,  3],
       [ 0,  0,  3, 11]]), array([[11,  0,  0,  0],
       [ 4,  6,  0,  0],
       [ 0,  0,  8,  1],
       [ 0,  0,  1, 14]]), array([[ 9,  1,  1,  0],
       [ 5,  2,  0,  2],
       [ 0,  0,  7,  3],
       [ 0,  0,  2, 13]]), array([[11,  0,  0,  0],
       [ 3,  5,  0,  1],
       [ 0,  0,  8,  2],
       [ 0,  0,  2, 13]]), array([[10,  1,  0,  0],
       [ 4,  5,  0,  0],
       [ 0,  0,  7,  3],
       [ 0,  0,  3, 12]]), array([[10,  0,  0,  1],
       [ 4,  4,  0,  1],
       [ 0,  0, 10,  0],
       [ 0,  0,  2, 13]])]"
22,"[1.0, 1.0, 1.0, 1.0, 1.0, 1.0, 1.0, 1.0, 1.0, 1.0]","[1.0, 1.0, 1.0, 1.0, 1.0, 1.0, 1.0, 1.0, 1.0, 1.0]","[1.0, 1.0, 1.0, 1.0, 1.0, 1.0, 1.0, 1.0, 1.0, 1.0]","[1.0, 1.0, 1.0, 1.0, 1.0, 1.0, 1.0, 1.0, 1.0, 1.0]","[1.0, 1.0, 1.0, 1.0, 1.0, 1.0, 1.0, 1.0, 1.0, 1.0]","[1.0, 1.0, 1.0, 1.0, 1.0, 1.0, 1.0, 1.0, 1.0, 1.0]","[1.0, 1.0, 1.0, 1.0, 1.0, 1.0, 1.0, 1.0, 1.0, 1.0]","[1.0, 1.0, 1.0, 1.0, 1.0, 1.0, 1.0, 1.0, 1.0, 1.0]","[1.0, 1.0, 1.0, 1.0, 1.0, 1.0, 1.0, 1.0, 1.0, 1.0]","[1.0, 1.0, 1.0, 1.0, 1.0, 1.0, 1.0, 1.0, 1.0, 1.0]","[array([[100,   0,   0,   0],
       [  0,  85,   0,   0],
       [  0,   0,  89,   0],
       [  0,   0,   0, 134]]), array([[100,   0,   0,   0],
       [  0,  85,   0,   0],
       [  0,   0,  89,   0],
       [  0,   0,   0, 134]]), array([[101,   0,   0,   0],
       [  0,  84,   0,   0],
       [  0,   0,  89,   0],
       [  0,   0,   0, 134]]), array([[101,   0,   0,   0],
       [  0,  84,   0,   0],
       [  0,   0,  89,   0],
       [  0,   0,   0, 134]]), array([[101,   0,   0,   0],
       [  0,  84,   0,   0],
       [  0,   0,  89,   0],
       [  0,   0,   0, 135]]), array([[101,   0,   0,   0],
       [  0,  84,   0,   0],
       [  0,   0,  90,   0],
       [  0,   0,   0, 134]]), array([[101,   0,   0,   0],
       [  0,  85,   0,   0],
       [  0,   0,  89,   0],
       [  0,   0,   0, 134]]), array([[101,   0,   0,   0],
       [  0,  85,   0,   0],
       [  0,   0,  89,   0],
       [  0,   0,   0, 134]]), array([[101,   0,   0,   0],
       [  0,  85,   0,   0],
       [  0,   0,  89,   0],
       [  0,   0,   0, 134]]), array([[101,   0,   0,   0],
       [  0,  85,   0,   0],
       [  0,   0,  89,   0],
       [  0,   0,   0, 134]])]","[0.6956521739130435, 0.782608695652174, 0.717391304347826, 0.7391304347826086, 0.6444444444444445, 0.8222222222222222, 0.6666666666666666, 0.8222222222222222, 0.7555555555555555, 0.8222222222222222]","[0.6956521739130435, 0.782608695652174, 0.717391304347826, 0.7391304347826086, 0.6444444444444445, 0.8222222222222222, 0.6666666666666666, 0.8222222222222222, 0.7555555555555555, 0.8222222222222222]","[0.6956521739130435, 0.782608695652174, 0.717391304347826, 0.7391304347826086, 0.6444444444444445, 0.8222222222222222, 0.6666666666666666, 0.8222222222222222, 0.7555555555555555, 0.8222222222222222]","[0.6956521739130435, 0.782608695652174, 0.717391304347826, 0.7391304347826085, 0.6444444444444445, 0.8222222222222222, 0.6666666666666666, 0.8222222222222222, 0.7555555555555555, 0.8222222222222222]","[0.7508753501400561, 0.818954248366013, 0.7341269841269842, 0.753125, 0.6545390883626178, 0.8303571428571428, 0.6681372549019607, 0.8495535714285714, 0.7619047619047619, 0.8535714285714286]","[0.6749999999999999, 0.7597222222222223, 0.6962121212121213, 0.7212121212121213, 0.625974025974026, 0.805050505050505, 0.6351010101010102, 0.8055555555555556, 0.7411616161616161, 0.805050505050505]","[0.6634012539184952, 0.7696106585909217, 0.7004991087344027, 0.7160876757650952, 0.6007326007326007, 0.8081593927893739, 0.6189102564102564, 0.8082488479262674, 0.7416666666666668, 0.7977855477855478]","[0.739526245280721, 0.8053992611537367, 0.7308488612836439, 0.75625, 0.6634184987126163, 0.8317460317460318, 0.6708496732026145, 0.8406746031746031, 0.7634920634920636, 0.8486772486772487]","[0.6956521739130435, 0.782608695652174, 0.717391304347826, 0.7391304347826086, 0.6444444444444445, 0.8222222222222222, 0.6666666666666666, 0.8222222222222222, 0.7555555555555555, 0.8222222222222222]","[0.676945618100041, 0.7774406578039301, 0.7104208323645662, 0.7288991980436582, 0.6181115181115181, 0.8181994518237403, 0.6414529914529914, 0.8153159242191502, 0.7511111111111112, 0.8095415695415694]","[array([[12,  0,  0,  0],
       [ 5,  3,  0,  1],
       [ 0,  0,  7,  3],
       [ 0,  0,  5, 10]]), array([[11,  0,  0,  1],
       [ 4,  5,  0,  0],
       [ 0,  0,  7,  3],
       [ 0,  0,  2, 13]]), array([[ 9,  2,  0,  0],
       [ 4,  5,  0,  1],
       [ 0,  0,  6,  4],
       [ 1,  0,  1, 13]]), array([[ 9,  1,  1,  0],
       [ 5,  4,  0,  1],
       [ 0,  0,  8,  2],
       [ 1,  0,  1, 13]]), array([[ 9,  1,  1,  0],
       [ 8,  2,  0,  0],
       [ 0,  0,  7,  3],
       [ 0,  0,  3, 11]]), array([[10,  1,  0,  0],
       [ 4,  6,  0,  0],
       [ 0,  0,  7,  2],
       [ 0,  0,  1, 14]]), array([[ 9,  1,  1,  0],
       [ 5,  2,  0,  2],
       [ 0,  0,  7,  3],
       [ 1,  0,  2, 12]]), array([[11,  0,  0,  0],
       [ 3,  5,  0,  1],
       [ 0,  0,  8,  2],
       [ 0,  0,  2, 13]]), array([[10,  1,  0,  0],
       [ 4,  5,  0,  0],
       [ 0,  0,  7,  3],
       [ 0,  0,  3, 12]]), array([[10,  0,  0,  1],
       [ 4,  4,  0,  1],
       [ 0,  0, 10,  0],
       [ 0,  0,  2, 13]])]"
23,"[1.0, 1.0, 1.0, 1.0, 1.0, 1.0, 1.0, 1.0, 1.0, 1.0]","[1.0, 1.0, 1.0, 1.0, 1.0, 1.0, 1.0, 1.0, 1.0, 1.0]","[1.0, 1.0, 1.0, 1.0, 1.0, 1.0, 1.0, 1.0, 1.0, 1.0]","[1.0, 1.0, 1.0, 1.0, 1.0, 1.0, 1.0, 1.0, 1.0, 1.0]","[1.0, 1.0, 1.0, 1.0, 1.0, 1.0, 1.0, 1.0, 1.0, 1.0]","[1.0, 1.0, 1.0, 1.0, 1.0, 1.0, 1.0, 1.0, 1.0, 1.0]","[1.0, 1.0, 1.0, 1.0, 1.0, 1.0, 1.0, 1.0, 1.0, 1.0]","[1.0, 1.0, 1.0, 1.0, 1.0, 1.0, 1.0, 1.0, 1.0, 1.0]","[1.0, 1.0, 1.0, 1.0, 1.0, 1.0, 1.0, 1.0, 1.0, 1.0]","[1.0, 1.0, 1.0, 1.0, 1.0, 1.0, 1.0, 1.0, 1.0, 1.0]","[array([[100,   0,   0,   0],
       [  0,  85,   0,   0],
       [  0,   0,  89,   0],
       [  0,   0,   0, 134]]), array([[100,   0,   0,   0],
       [  0,  85,   0,   0],
       [  0,   0,  89,   0],
       [  0,   0,   0, 134]]), array([[101,   0,   0,   0],
       [  0,  84,   0,   0],
       [  0,   0,  89,   0],
       [  0,   0,   0, 134]]), array([[101,   0,   0,   0],
       [  0,  84,   0,   0],
       [  0,   0,  89,   0],
       [  0,   0,   0, 134]]), array([[101,   0,   0,   0],
       [  0,  84,   0,   0],
       [  0,   0,  89,   0],
       [  0,   0,   0, 135]]), array([[101,   0,   0,   0],
       [  0,  84,   0,   0],
       [  0,   0,  90,   0],
       [  0,   0,   0, 134]]), array([[101,   0,   0,   0],
       [  0,  85,   0,   0],
       [  0,   0,  89,   0],
       [  0,   0,   0, 134]]), array([[101,   0,   0,   0],
       [  0,  85,   0,   0],
       [  0,   0,  89,   0],
       [  0,   0,   0, 134]]), array([[101,   0,   0,   0],
       [  0,  85,   0,   0],
       [  0,   0,  89,   0],
       [  0,   0,   0, 134]]), array([[101,   0,   0,   0],
       [  0,  85,   0,   0],
       [  0,   0,  89,   0],
       [  0,   0,   0, 134]])]","[0.6956521739130435, 0.8043478260869565, 0.717391304347826, 0.7608695652173914, 0.6888888888888889, 0.8666666666666667, 0.7111111111111111, 0.8222222222222222, 0.7777777777777778, 0.8]","[0.6956521739130435, 0.8043478260869565, 0.717391304347826, 0.7608695652173914, 0.6888888888888889, 0.8666666666666667, 0.7111111111111111, 0.8222222222222222, 0.7777777777777778, 0.8]","[0.6956521739130435, 0.8043478260869565, 0.717391304347826, 0.7608695652173914, 0.6888888888888889, 0.8666666666666667, 0.7111111111111111, 0.8222222222222222, 0.7777777777777778, 0.8]","[0.6956521739130435, 0.8043478260869565, 0.717391304347826, 0.7608695652173914, 0.6888888888888889, 0.8666666666666667, 0.7111111111111111, 0.8222222222222222, 0.7777777777777778, 0.8000000000000002]","[0.7508753501400561, 0.8320494864612511, 0.7341269841269842, 0.772172619047619, 0.7055194805194804, 0.8888888888888888, 0.7060359231411864, 0.8614379084967321, 0.7844742063492064, 0.8345352564102564]","[0.6749999999999999, 0.7875, 0.6962121212121213, 0.7462121212121212, 0.675974025974026, 0.8555555555555556, 0.6684343434343434, 0.7944444444444445, 0.7578282828282829, 0.7823232323232323]","[0.6634012539184952, 0.798873987854251, 0.7004991087344027, 0.7459274193548389, 0.6695054945054945, 0.8545940170940169, 0.6534262125902992, 0.794660931174089, 0.7605546123372948, 0.7782963004737199]","[0.739526245280721, 0.8190638574270288, 0.7308488612836439, 0.7737448240165632, 0.7103030303030302, 0.8903703703703703, 0.7089297317367493, 0.8512999273783587, 0.784942680776014, 0.8252492877492877]","[0.6956521739130435, 0.8043478260869565, 0.717391304347826, 0.7608695652173914, 0.6888888888888889, 0.8666666666666667, 0.7111111111111111, 0.8222222222222222, 0.7777777777777778, 0.8]","[0.676945618100041, 0.8023862436190811, 0.7104208323645662, 0.7554488078541375, 0.6803418803418803, 0.8623931623931623, 0.6809191606467148, 0.8087156995051732, 0.7722014714204868, 0.7880003509035768]","[array([[12,  0,  0,  0],
       [ 5,  3,  0,  1],
       [ 0,  0,  7,  3],
       [ 0,  0,  5, 10]]), array([[11,  0,  0,  1],
       [ 3,  6,  0,  0],
       [ 0,  0,  7,  3],
       [ 0,  0,  2, 13]]), array([[ 9,  2,  0,  0],
       [ 4,  5,  0,  1],
       [ 0,  0,  6,  4],
       [ 1,  0,  1, 13]]), array([[ 9,  1,  1,  0],
       [ 4,  5,  0,  1],
       [ 0,  0,  8,  2],
       [ 1,  0,  1, 13]]), array([[ 9,  1,  1,  0],
       [ 6,  4,  0,  0],
       [ 0,  0,  7,  3],
       [ 0,  0,  3, 11]]), array([[11,  0,  0,  0],
       [ 4,  6,  0,  0],
       [ 0,  0,  8,  1],
       [ 0,  0,  1, 14]]), array([[ 9,  1,  1,  0],
       [ 5,  2,  0,  2],
       [ 0,  0,  7,  3],
       [ 0,  0,  1, 14]]), array([[11,  0,  0,  0],
       [ 4,  4,  0,  1],
       [ 0,  0,  8,  2],
       [ 0,  0,  1, 14]]), array([[10,  1,  0,  0],
       [ 4,  5,  0,  0],
       [ 0,  0,  7,  3],
       [ 0,  0,  2, 13]]), array([[ 9,  0,  0,  2],
       [ 4,  4,  0,  1],
       [ 0,  0, 10,  0],
       [ 0,  0,  2, 13]])]"
24,"[1.0, 1.0, 1.0, 1.0, 1.0, 1.0, 1.0, 1.0, 1.0, 1.0]","[1.0, 1.0, 1.0, 1.0, 1.0, 1.0, 1.0, 1.0, 1.0, 1.0]","[1.0, 1.0, 1.0, 1.0, 1.0, 1.0, 1.0, 1.0, 1.0, 1.0]","[1.0, 1.0, 1.0, 1.0, 1.0, 1.0, 1.0, 1.0, 1.0, 1.0]","[1.0, 1.0, 1.0, 1.0, 1.0, 1.0, 1.0, 1.0, 1.0, 1.0]","[1.0, 1.0, 1.0, 1.0, 1.0, 1.0, 1.0, 1.0, 1.0, 1.0]","[1.0, 1.0, 1.0, 1.0, 1.0, 1.0, 1.0, 1.0, 1.0, 1.0]","[1.0, 1.0, 1.0, 1.0, 1.0, 1.0, 1.0, 1.0, 1.0, 1.0]","[1.0, 1.0, 1.0, 1.0, 1.0, 1.0, 1.0, 1.0, 1.0, 1.0]","[1.0, 1.0, 1.0, 1.0, 1.0, 1.0, 1.0, 1.0, 1.0, 1.0]","[array([[100,   0,   0,   0],
       [  0,  85,   0,   0],
       [  0,   0,  89,   0],
       [  0,   0,   0, 134]]), array([[100,   0,   0,   0],
       [  0,  85,   0,   0],
       [  0,   0,  89,   0],
       [  0,   0,   0, 134]]), array([[101,   0,   0,   0],
       [  0,  84,   0,   0],
       [  0,   0,  89,   0],
       [  0,   0,   0, 134]]), array([[101,   0,   0,   0],
       [  0,  84,   0,   0],
       [  0,   0,  89,   0],
       [  0,   0,   0, 134]]), array([[101,   0,   0,   0],
       [  0,  84,   0,   0],
       [  0,   0,  89,   0],
       [  0,   0,   0, 135]]), array([[101,   0,   0,   0],
       [  0,  84,   0,   0],
       [  0,   0,  90,   0],
       [  0,   0,   0, 134]]), array([[101,   0,   0,   0],
       [  0,  85,   0,   0],
       [  0,   0,  89,   0],
       [  0,   0,   0, 134]]), array([[101,   0,   0,   0],
       [  0,  85,   0,   0],
       [  0,   0,  89,   0],
       [  0,   0,   0, 134]]), array([[101,   0,   0,   0],
       [  0,  85,   0,   0],
       [  0,   0,  89,   0],
       [  0,   0,   0, 134]]), array([[101,   0,   0,   0],
       [  0,  85,   0,   0],
       [  0,   0,  89,   0],
       [  0,   0,   0, 134]])]","[0.6956521739130435, 0.8043478260869565, 0.6956521739130435, 0.7391304347826086, 0.6888888888888889, 0.8222222222222222, 0.6666666666666666, 0.8444444444444444, 0.7555555555555555, 0.8]","[0.6956521739130435, 0.8043478260869565, 0.6956521739130435, 0.7391304347826086, 0.6888888888888889, 0.8222222222222222, 0.6666666666666666, 0.8444444444444444, 0.7555555555555555, 0.8]","[0.6956521739130435, 0.8043478260869565, 0.6956521739130435, 0.7391304347826086, 0.6888888888888889, 0.8222222222222222, 0.6666666666666666, 0.8444444444444444, 0.7555555555555555, 0.8]","[0.6956521739130435, 0.8043478260869565, 0.6956521739130435, 0.7391304347826085, 0.6888888888888889, 0.8222222222222222, 0.6666666666666666, 0.8444444444444444, 0.7555555555555555, 0.8000000000000002]","[0.7508753501400561, 0.8320494864612511, 0.718671679197995, 0.7546685340802988, 0.7055194805194804, 0.859375, 0.6629424497071557, 0.8745331465919701, 0.7619047619047619, 0.8345352564102564]","[0.6749999999999999, 0.7875, 0.6712121212121213, 0.7212121212121213, 0.675974025974026, 0.8027777777777778, 0.6351010101010102, 0.8222222222222222, 0.7411616161616161, 0.7823232323232323]","[0.6634012539184952, 0.798873987854251, 0.6744852941176471, 0.7235855263157895, 0.6695054945054945, 0.8020591749244501, 0.6175, 0.8278477443609022, 0.7416666666666668, 0.7782963004737199]","[0.739526245280721, 0.8190638574270288, 0.7132777596164325, 0.7533288677789957, 0.7103030303030302, 0.8569444444444444, 0.6671844495373908, 0.8641041601825915, 0.7634920634920636, 0.8252492877492877]","[0.6956521739130435, 0.8043478260869565, 0.6956521739130435, 0.7391304347826086, 0.6888888888888889, 0.8222222222222222, 0.6666666666666666, 0.8444444444444444, 0.7555555555555555, 0.8]","[0.676945618100041, 0.8023862436190811, 0.6852813299232736, 0.7331721967963386, 0.6803418803418803, 0.8131062540508038, 0.6408148148148148, 0.8367694235588973, 0.7511111111111112, 0.7880003509035768]","[array([[12,  0,  0,  0],
       [ 5,  3,  0,  1],
       [ 0,  0,  7,  3],
       [ 0,  0,  5, 10]]), array([[11,  0,  0,  1],
       [ 3,  6,  0,  0],
       [ 0,  0,  7,  3],
       [ 0,  0,  2, 13]]), array([[ 9,  2,  0,  0],
       [ 4,  5,  0,  1],
       [ 0,  0,  5,  5],
       [ 1,  0,  1, 13]]), array([[ 9,  1,  1,  0],
       [ 4,  5,  0,  1],
       [ 0,  0,  7,  3],
       [ 1,  0,  1, 13]]), array([[ 9,  1,  1,  0],
       [ 6,  4,  0,  0],
       [ 0,  0,  7,  3],
       [ 0,  0,  3, 11]]), array([[11,  0,  0,  0],
       [ 5,  5,  0,  0],
       [ 0,  0,  7,  2],
       [ 0,  0,  1, 14]]), array([[ 9,  1,  1,  0],
       [ 5,  2,  0,  2],
       [ 0,  0,  7,  3],
       [ 0,  0,  3, 12]]), array([[11,  0,  0,  0],
       [ 3,  5,  0,  1],
       [ 0,  0,  8,  2],
       [ 0,  0,  1, 14]]), array([[10,  1,  0,  0],
       [ 4,  5,  0,  0],
       [ 0,  0,  7,  3],
       [ 0,  0,  3, 12]]), array([[ 9,  0,  0,  2],
       [ 4,  4,  0,  1],
       [ 0,  0, 10,  0],
       [ 0,  0,  2, 13]])]"
25,"[1.0, 1.0, 1.0, 1.0, 1.0, 1.0, 1.0, 1.0, 1.0, 1.0]","[1.0, 1.0, 1.0, 1.0, 1.0, 1.0, 1.0, 1.0, 1.0, 1.0]","[1.0, 1.0, 1.0, 1.0, 1.0, 1.0, 1.0, 1.0, 1.0, 1.0]","[1.0, 1.0, 1.0, 1.0, 1.0, 1.0, 1.0, 1.0, 1.0, 1.0]","[1.0, 1.0, 1.0, 1.0, 1.0, 1.0, 1.0, 1.0, 1.0, 1.0]","[1.0, 1.0, 1.0, 1.0, 1.0, 1.0, 1.0, 1.0, 1.0, 1.0]","[1.0, 1.0, 1.0, 1.0, 1.0, 1.0, 1.0, 1.0, 1.0, 1.0]","[1.0, 1.0, 1.0, 1.0, 1.0, 1.0, 1.0, 1.0, 1.0, 1.0]","[1.0, 1.0, 1.0, 1.0, 1.0, 1.0, 1.0, 1.0, 1.0, 1.0]","[1.0, 1.0, 1.0, 1.0, 1.0, 1.0, 1.0, 1.0, 1.0, 1.0]","[array([[100,   0,   0,   0],
       [  0,  85,   0,   0],
       [  0,   0,  89,   0],
       [  0,   0,   0, 134]]), array([[100,   0,   0,   0],
       [  0,  85,   0,   0],
       [  0,   0,  89,   0],
       [  0,   0,   0, 134]]), array([[101,   0,   0,   0],
       [  0,  84,   0,   0],
       [  0,   0,  89,   0],
       [  0,   0,   0, 134]]), array([[101,   0,   0,   0],
       [  0,  84,   0,   0],
       [  0,   0,  89,   0],
       [  0,   0,   0, 134]]), array([[101,   0,   0,   0],
       [  0,  84,   0,   0],
       [  0,   0,  89,   0],
       [  0,   0,   0, 135]]), array([[101,   0,   0,   0],
       [  0,  84,   0,   0],
       [  0,   0,  90,   0],
       [  0,   0,   0, 134]]), array([[101,   0,   0,   0],
       [  0,  85,   0,   0],
       [  0,   0,  89,   0],
       [  0,   0,   0, 134]]), array([[101,   0,   0,   0],
       [  0,  85,   0,   0],
       [  0,   0,  89,   0],
       [  0,   0,   0, 134]]), array([[101,   0,   0,   0],
       [  0,  85,   0,   0],
       [  0,   0,  89,   0],
       [  0,   0,   0, 134]]), array([[101,   0,   0,   0],
       [  0,  85,   0,   0],
       [  0,   0,  89,   0],
       [  0,   0,   0, 134]])]","[0.6956521739130435, 0.8260869565217391, 0.6739130434782609, 0.7608695652173914, 0.7111111111111111, 0.8222222222222222, 0.7333333333333333, 0.8222222222222222, 0.7555555555555555, 0.8]","[0.6956521739130435, 0.8260869565217391, 0.6739130434782609, 0.7608695652173914, 0.7111111111111111, 0.8222222222222222, 0.7333333333333333, 0.8222222222222222, 0.7555555555555555, 0.8]","[0.6956521739130435, 0.8260869565217391, 0.6739130434782609, 0.7608695652173914, 0.7111111111111111, 0.8222222222222222, 0.7333333333333333, 0.8222222222222222, 0.7555555555555555, 0.8]","[0.6956521739130435, 0.8260869565217391, 0.6739130434782609, 0.7608695652173914, 0.7111111111111111, 0.8222222222222222, 0.7333333333333333, 0.8222222222222222, 0.7555555555555555, 0.8000000000000002]","[0.7508753501400561, 0.8596230158730158, 0.6960526315789474, 0.8194444444444444, 0.7742063492063491, 0.859375, 0.7218253968253968, 0.8614379084967321, 0.7619047619047619, 0.8345352564102564]","[0.6749999999999999, 0.8041666666666667, 0.6462121212121212, 0.7356060606060606, 0.6964285714285714, 0.8027777777777778, 0.6934343434343435, 0.7944444444444445, 0.7411616161616161, 0.7823232323232323]","[0.6634012539184952, 0.8181041181041181, 0.6455033936651584, 0.7346079846079846, 0.6764683592269799, 0.8020591749244501, 0.6754545454545455, 0.794660931174089, 0.7416666666666668, 0.7782963004737199]","[0.739526245280721, 0.8444616977225673, 0.6926773455377575, 0.8106884057971014, 0.7716049382716049, 0.8569444444444444, 0.7275132275132276, 0.8512999273783587, 0.7634920634920636, 0.8252492877492877]","[0.6956521739130435, 0.8260869565217391, 0.6739130434782609, 0.7608695652173914, 0.7111111111111111, 0.8222222222222222, 0.7333333333333333, 0.8222222222222222, 0.7555555555555555, 0.8]","[0.676945618100041, 0.8230194925847099, 0.659477670666929, 0.7471192253800949, 0.6880047155909225, 0.8131062540508038, 0.7032727272727273, 0.8087156995051732, 0.7511111111111112, 0.7880003509035768]","[array([[12,  0,  0,  0],
       [ 5,  3,  0,  1],
       [ 0,  0,  7,  3],
       [ 0,  0,  5, 10]]), array([[11,  0,  0,  1],
       [ 3,  6,  0,  0],
       [ 0,  0,  7,  3],
       [ 0,  0,  1, 14]]), array([[ 9,  2,  0,  0],
       [ 5,  4,  0,  1],
       [ 0,  0,  5,  5],
       [ 1,  0,  1, 13]]), array([[10,  0,  1,  0],
       [ 5,  4,  0,  1],
       [ 0,  0,  7,  3],
       [ 1,  0,  0, 14]]), array([[11,  0,  0,  0],
       [ 7,  3,  0,  0],
       [ 0,  0,  7,  3],
       [ 0,  0,  3, 11]]), array([[11,  0,  0,  0],
       [ 5,  5,  0,  0],
       [ 0,  0,  7,  2],
       [ 0,  0,  1, 14]]), array([[ 9,  1,  1,  0],
       [ 5,  2,  0,  2],
       [ 0,  0,  8,  2],
       [ 0,  0,  1, 14]]), array([[11,  0,  0,  0],
       [ 4,  4,  0,  1],
       [ 0,  0,  8,  2],
       [ 0,  0,  1, 14]]), array([[10,  1,  0,  0],
       [ 4,  5,  0,  0],
       [ 0,  0,  7,  3],
       [ 0,  0,  3, 12]]), array([[ 9,  0,  0,  2],
       [ 4,  4,  0,  1],
       [ 0,  0, 10,  0],
       [ 0,  0,  2, 13]])]"
26,"[1.0, 1.0, 1.0, 1.0, 1.0, 1.0, 1.0, 1.0, 1.0, 1.0]","[1.0, 1.0, 1.0, 1.0, 1.0, 1.0, 1.0, 1.0, 1.0, 1.0]","[1.0, 1.0, 1.0, 1.0, 1.0, 1.0, 1.0, 1.0, 1.0, 1.0]","[1.0, 1.0, 1.0, 1.0, 1.0, 1.0, 1.0, 1.0, 1.0, 1.0]","[1.0, 1.0, 1.0, 1.0, 1.0, 1.0, 1.0, 1.0, 1.0, 1.0]","[1.0, 1.0, 1.0, 1.0, 1.0, 1.0, 1.0, 1.0, 1.0, 1.0]","[1.0, 1.0, 1.0, 1.0, 1.0, 1.0, 1.0, 1.0, 1.0, 1.0]","[1.0, 1.0, 1.0, 1.0, 1.0, 1.0, 1.0, 1.0, 1.0, 1.0]","[1.0, 1.0, 1.0, 1.0, 1.0, 1.0, 1.0, 1.0, 1.0, 1.0]","[1.0, 1.0, 1.0, 1.0, 1.0, 1.0, 1.0, 1.0, 1.0, 1.0]","[array([[100,   0,   0,   0],
       [  0,  85,   0,   0],
       [  0,   0,  89,   0],
       [  0,   0,   0, 134]]), array([[100,   0,   0,   0],
       [  0,  85,   0,   0],
       [  0,   0,  89,   0],
       [  0,   0,   0, 134]]), array([[101,   0,   0,   0],
       [  0,  84,   0,   0],
       [  0,   0,  89,   0],
       [  0,   0,   0, 134]]), array([[101,   0,   0,   0],
       [  0,  84,   0,   0],
       [  0,   0,  89,   0],
       [  0,   0,   0, 134]]), array([[101,   0,   0,   0],
       [  0,  84,   0,   0],
       [  0,   0,  89,   0],
       [  0,   0,   0, 135]]), array([[101,   0,   0,   0],
       [  0,  84,   0,   0],
       [  0,   0,  90,   0],
       [  0,   0,   0, 134]]), array([[101,   0,   0,   0],
       [  0,  85,   0,   0],
       [  0,   0,  89,   0],
       [  0,   0,   0, 134]]), array([[101,   0,   0,   0],
       [  0,  85,   0,   0],
       [  0,   0,  89,   0],
       [  0,   0,   0, 134]]), array([[101,   0,   0,   0],
       [  0,  85,   0,   0],
       [  0,   0,  89,   0],
       [  0,   0,   0, 134]]), array([[101,   0,   0,   0],
       [  0,  85,   0,   0],
       [  0,   0,  89,   0],
       [  0,   0,   0, 134]])]","[0.717391304347826, 0.7608695652173914, 0.717391304347826, 0.782608695652174, 0.7111111111111111, 0.8222222222222222, 0.6888888888888889, 0.8222222222222222, 0.7333333333333333, 0.8]","[0.717391304347826, 0.7608695652173914, 0.717391304347826, 0.782608695652174, 0.7111111111111111, 0.8222222222222222, 0.6888888888888889, 0.8222222222222222, 0.7333333333333333, 0.8]","[0.717391304347826, 0.7608695652173914, 0.717391304347826, 0.782608695652174, 0.7111111111111111, 0.8222222222222222, 0.6888888888888889, 0.8222222222222222, 0.7333333333333333, 0.8]","[0.717391304347826, 0.7608695652173914, 0.717391304347826, 0.782608695652174, 0.7111111111111111, 0.8222222222222222, 0.6888888888888889, 0.8222222222222222, 0.7333333333333333, 0.8000000000000002]","[0.7688948306595366, 0.8074959150326797, 0.7543859649122807, 0.829861111111111, 0.7276785714285714, 0.859375, 0.6961384204031263, 0.8614379084967321, 0.7266483516483515, 0.8345352564102564]","[0.6916666666666667, 0.7319444444444444, 0.693939393939394, 0.7606060606060607, 0.6987012987012986, 0.8027777777777778, 0.6628787878787878, 0.7944444444444445, 0.7184343434343434, 0.7823232323232323]","[0.6818965517241379, 0.7376102515905147, 0.6959841628959276, 0.7655400155400155, 0.6899470899470899, 0.8020591749244501, 0.657051282051282, 0.794660931174089, 0.7187500000000001, 0.7782963004737199]","[0.7572657521506625, 0.7934427394146064, 0.7448512585812357, 0.8206521739130435, 0.7305555555555555, 0.8569444444444444, 0.6959390282919695, 0.8512999273783587, 0.7343101343101343, 0.8252492877492877]","[0.717391304347826, 0.7608695652173914, 0.717391304347826, 0.782608695652174, 0.7111111111111111, 0.8222222222222222, 0.6888888888888889, 0.8222222222222222, 0.7333333333333333, 0.8]","[0.6977761119440281, 0.7504990004274902, 0.7050462325398388, 0.7746359920272963, 0.6995884773662552, 0.8131062540508038, 0.6737891737891739, 0.8087156995051732, 0.7305555555555557, 0.7880003509035768]","[array([[12,  0,  0,  0],
       [ 5,  3,  0,  1],
       [ 0,  0,  7,  3],
       [ 0,  0,  4, 11]]), array([[11,  0,  0,  1],
       [ 5,  4,  0,  0],
       [ 0,  0,  7,  3],
       [ 0,  0,  2, 13]]), array([[10,  1,  0,  0],
       [ 4,  5,  0,  1],
       [ 0,  0,  5,  5],
       [ 1,  0,  1, 13]]), array([[10,  0,  1,  0],
       [ 4,  5,  0,  1],
       [ 0,  0,  7,  3],
       [ 1,  0,  0, 14]]), array([[10,  1,  0,  0],
       [ 6,  4,  0,  0],
       [ 0,  0,  7,  3],
       [ 0,  0,  3, 11]]), array([[11,  0,  0,  0],
       [ 5,  5,  0,  0],
       [ 0,  0,  7,  2],
       [ 0,  0,  1, 14]]), array([[ 9,  1,  1,  0],
       [ 4,  3,  0,  2],
       [ 0,  0,  7,  3],
       [ 0,  0,  3, 12]]), array([[11,  0,  0,  0],
       [ 4,  4,  0,  1],
       [ 0,  0,  8,  2],
       [ 0,  0,  1, 14]]), array([[ 9,  2,  0,  0],
       [ 4,  5,  0,  0],
       [ 0,  0,  7,  3],
       [ 0,  0,  3, 12]]), array([[ 9,  0,  0,  2],
       [ 4,  4,  0,  1],
       [ 0,  0, 10,  0],
       [ 0,  0,  2, 13]])]"
27,"[1.0, 1.0, 1.0, 1.0, 1.0, 1.0, 1.0, 1.0, 1.0, 1.0]","[1.0, 1.0, 1.0, 1.0, 1.0, 1.0, 1.0, 1.0, 1.0, 1.0]","[1.0, 1.0, 1.0, 1.0, 1.0, 1.0, 1.0, 1.0, 1.0, 1.0]","[1.0, 1.0, 1.0, 1.0, 1.0, 1.0, 1.0, 1.0, 1.0, 1.0]","[1.0, 1.0, 1.0, 1.0, 1.0, 1.0, 1.0, 1.0, 1.0, 1.0]","[1.0, 1.0, 1.0, 1.0, 1.0, 1.0, 1.0, 1.0, 1.0, 1.0]","[1.0, 1.0, 1.0, 1.0, 1.0, 1.0, 1.0, 1.0, 1.0, 1.0]","[1.0, 1.0, 1.0, 1.0, 1.0, 1.0, 1.0, 1.0, 1.0, 1.0]","[1.0, 1.0, 1.0, 1.0, 1.0, 1.0, 1.0, 1.0, 1.0, 1.0]","[1.0, 1.0, 1.0, 1.0, 1.0, 1.0, 1.0, 1.0, 1.0, 1.0]","[array([[100,   0,   0,   0],
       [  0,  85,   0,   0],
       [  0,   0,  89,   0],
       [  0,   0,   0, 134]]), array([[100,   0,   0,   0],
       [  0,  85,   0,   0],
       [  0,   0,  89,   0],
       [  0,   0,   0, 134]]), array([[101,   0,   0,   0],
       [  0,  84,   0,   0],
       [  0,   0,  89,   0],
       [  0,   0,   0, 134]]), array([[101,   0,   0,   0],
       [  0,  84,   0,   0],
       [  0,   0,  89,   0],
       [  0,   0,   0, 134]]), array([[101,   0,   0,   0],
       [  0,  84,   0,   0],
       [  0,   0,  89,   0],
       [  0,   0,   0, 135]]), array([[101,   0,   0,   0],
       [  0,  84,   0,   0],
       [  0,   0,  90,   0],
       [  0,   0,   0, 134]]), array([[101,   0,   0,   0],
       [  0,  85,   0,   0],
       [  0,   0,  89,   0],
       [  0,   0,   0, 134]]), array([[101,   0,   0,   0],
       [  0,  85,   0,   0],
       [  0,   0,  89,   0],
       [  0,   0,   0, 134]]), array([[101,   0,   0,   0],
       [  0,  85,   0,   0],
       [  0,   0,  89,   0],
       [  0,   0,   0, 134]]), array([[101,   0,   0,   0],
       [  0,  85,   0,   0],
       [  0,   0,  89,   0],
       [  0,   0,   0, 134]])]","[0.717391304347826, 0.782608695652174, 0.6521739130434783, 0.7608695652173914, 0.7333333333333333, 0.8222222222222222, 0.6666666666666666, 0.8444444444444444, 0.7555555555555555, 0.8]","[0.717391304347826, 0.782608695652174, 0.6521739130434783, 0.7608695652173914, 0.7333333333333333, 0.8222222222222222, 0.6666666666666666, 0.8444444444444444, 0.7555555555555555, 0.8]","[0.717391304347826, 0.782608695652174, 0.6521739130434783, 0.7608695652173914, 0.7333333333333333, 0.8222222222222222, 0.6666666666666666, 0.8444444444444444, 0.7555555555555555, 0.8]","[0.717391304347826, 0.782608695652174, 0.6521739130434783, 0.7608695652173914, 0.7333333333333333, 0.8222222222222222, 0.6666666666666666, 0.8444444444444444, 0.7555555555555555, 0.8000000000000002]","[0.7688948306595366, 0.818954248366013, 0.6700109649122807, 0.8151629072681704, 0.7972222222222223, 0.8673202614379085, 0.6681372549019607, 0.8745331465919701, 0.7477522477522477, 0.8345352564102564]","[0.6916666666666667, 0.7597222222222223, 0.6212121212121212, 0.7356060606060606, 0.7142857142857143, 0.8055555555555556, 0.6351010101010102, 0.8222222222222222, 0.7434343434343433, 0.7823232323232323]","[0.6818965517241379, 0.7696106585909217, 0.614093137254902, 0.7413273001508294, 0.6961468658383358, 0.7948412698412699, 0.6189102564102564, 0.8278477443609022, 0.7411227422003286, 0.7782963004737199]","[0.7572657521506625, 0.8053992611537367, 0.6692172006102213, 0.8034215974719408, 0.7933333333333334, 0.869281045751634, 0.6708496732026145, 0.8641041601825915, 0.7594183594183593, 0.8252492877492877]","[0.717391304347826, 0.782608695652174, 0.6521739130434783, 0.7608695652173914, 0.7333333333333333, 0.8222222222222222, 0.6666666666666666, 0.8444444444444444, 0.7555555555555555, 0.8]","[0.6977761119440281, 0.7774406578039301, 0.6316069906223359, 0.7508689094366844, 0.7092186700172181, 0.8079365079365081, 0.6414529914529914, 0.8367694235588973, 0.7535075716110201, 0.7880003509035768]","[array([[12,  0,  0,  0],
       [ 5,  3,  0,  1],
       [ 0,  0,  7,  3],
       [ 0,  0,  4, 11]]), array([[11,  0,  0,  1],
       [ 4,  5,  0,  0],
       [ 0,  0,  7,  3],
       [ 0,  0,  2, 13]]), array([[ 9,  2,  0,  0],
       [ 6,  3,  0,  1],
       [ 0,  0,  5,  5],
       [ 1,  0,  1, 13]]), array([[10,  0,  1,  0],
       [ 4,  5,  0,  1],
       [ 0,  0,  6,  4],
       [ 1,  0,  0, 14]]), array([[11,  0,  0,  0],
       [ 7,  3,  0,  0],
       [ 0,  0,  7,  3],
       [ 0,  0,  2, 12]]), array([[11,  0,  0,  0],
       [ 6,  4,  0,  0],
       [ 0,  0,  8,  1],
       [ 0,  0,  1, 14]]), array([[ 9,  1,  1,  0],
       [ 5,  2,  0,  2],
       [ 0,  0,  7,  3],
       [ 1,  0,  2, 12]]), array([[11,  0,  0,  0],
       [ 3,  5,  0,  1],
       [ 0,  0,  8,  2],
       [ 0,  0,  1, 14]]), array([[ 9,  2,  0,  0],
       [ 4,  5,  0,  0],
       [ 0,  0,  8,  2],
       [ 0,  0,  3, 12]]), array([[ 9,  0,  0,  2],
       [ 4,  4,  0,  1],
       [ 0,  0, 10,  0],
       [ 0,  0,  2, 13]])]"
28,"[1.0, 1.0, 1.0, 1.0, 1.0, 1.0, 1.0, 1.0, 1.0, 1.0]","[1.0, 1.0, 1.0, 1.0, 1.0, 1.0, 1.0, 1.0, 1.0, 1.0]","[1.0, 1.0, 1.0, 1.0, 1.0, 1.0, 1.0, 1.0, 1.0, 1.0]","[1.0, 1.0, 1.0, 1.0, 1.0, 1.0, 1.0, 1.0, 1.0, 1.0]","[1.0, 1.0, 1.0, 1.0, 1.0, 1.0, 1.0, 1.0, 1.0, 1.0]","[1.0, 1.0, 1.0, 1.0, 1.0, 1.0, 1.0, 1.0, 1.0, 1.0]","[1.0, 1.0, 1.0, 1.0, 1.0, 1.0, 1.0, 1.0, 1.0, 1.0]","[1.0, 1.0, 1.0, 1.0, 1.0, 1.0, 1.0, 1.0, 1.0, 1.0]","[1.0, 1.0, 1.0, 1.0, 1.0, 1.0, 1.0, 1.0, 1.0, 1.0]","[1.0, 1.0, 1.0, 1.0, 1.0, 1.0, 1.0, 1.0, 1.0, 1.0]","[array([[100,   0,   0,   0],
       [  0,  85,   0,   0],
       [  0,   0,  89,   0],
       [  0,   0,   0, 134]]), array([[100,   0,   0,   0],
       [  0,  85,   0,   0],
       [  0,   0,  89,   0],
       [  0,   0,   0, 134]]), array([[101,   0,   0,   0],
       [  0,  84,   0,   0],
       [  0,   0,  89,   0],
       [  0,   0,   0, 134]]), array([[101,   0,   0,   0],
       [  0,  84,   0,   0],
       [  0,   0,  89,   0],
       [  0,   0,   0, 134]]), array([[101,   0,   0,   0],
       [  0,  84,   0,   0],
       [  0,   0,  89,   0],
       [  0,   0,   0, 135]]), array([[101,   0,   0,   0],
       [  0,  84,   0,   0],
       [  0,   0,  90,   0],
       [  0,   0,   0, 134]]), array([[101,   0,   0,   0],
       [  0,  85,   0,   0],
       [  0,   0,  89,   0],
       [  0,   0,   0, 134]]), array([[101,   0,   0,   0],
       [  0,  85,   0,   0],
       [  0,   0,  89,   0],
       [  0,   0,   0, 134]]), array([[101,   0,   0,   0],
       [  0,  85,   0,   0],
       [  0,   0,  89,   0],
       [  0,   0,   0, 134]]), array([[101,   0,   0,   0],
       [  0,  85,   0,   0],
       [  0,   0,  89,   0],
       [  0,   0,   0, 134]])]","[0.717391304347826, 0.8043478260869565, 0.6521739130434783, 0.7391304347826086, 0.7333333333333333, 0.8, 0.6666666666666666, 0.8444444444444444, 0.7555555555555555, 0.8]","[0.717391304347826, 0.8043478260869565, 0.6521739130434783, 0.7391304347826086, 0.7333333333333333, 0.8, 0.6666666666666666, 0.8444444444444444, 0.7555555555555555, 0.8]","[0.717391304347826, 0.8043478260869565, 0.6521739130434783, 0.7391304347826086, 0.7333333333333333, 0.8, 0.6666666666666666, 0.8444444444444444, 0.7555555555555555, 0.8]","[0.717391304347826, 0.8043478260869565, 0.6521739130434783, 0.7391304347826085, 0.7333333333333333, 0.8000000000000002, 0.6666666666666666, 0.8444444444444444, 0.7555555555555555, 0.8000000000000002]","[0.7688948306595366, 0.8364583333333333, 0.6700109649122807, 0.8047462406015038, 0.7972222222222223, 0.8492647058823529, 0.6681372549019607, 0.8743055555555556, 0.7477522477522477, 0.8345352564102564]","[0.6916666666666667, 0.7847222222222222, 0.6212121212121212, 0.7106060606060607, 0.7142857142857143, 0.7777777777777777, 0.6351010101010102, 0.8222222222222222, 0.7434343434343433, 0.7823232323232323]","[0.6818965517241379, 0.791952551629971, 0.614093137254902, 0.7103952692187985, 0.6961468658383358, 0.7709745188397941, 0.6189102564102564, 0.826442657512267, 0.7411227422003286, 0.7782963004737199]","[0.7572657521506625, 0.8258152173913043, 0.6692172006102213, 0.7934578293559987, 0.7933333333333334, 0.8470588235294118, 0.6708496732026145, 0.8684567901234568, 0.7594183594183593, 0.8252492877492877]","[0.717391304347826, 0.8043478260869565, 0.6521739130434783, 0.7391304347826086, 0.7333333333333333, 0.8, 0.6666666666666666, 0.8444444444444444, 0.7555555555555555, 0.8]","[0.6977761119440281, 0.799717268861729, 0.6316069906223359, 0.7233521427894829, 0.7092186700172181, 0.7848287702177646, 0.6414529914529914, 0.8379045214359305, 0.7535075716110201, 0.7880003509035768]","[array([[12,  0,  0,  0],
       [ 5,  3,  0,  1],
       [ 0,  0,  7,  3],
       [ 0,  0,  4, 11]]), array([[11,  0,  0,  1],
       [ 4,  5,  0,  0],
       [ 0,  0,  8,  2],
       [ 0,  0,  2, 13]]), array([[ 9,  2,  0,  0],
       [ 6,  3,  0,  1],
       [ 0,  0,  5,  5],
       [ 1,  0,  1, 13]]), array([[10,  0,  1,  0],
       [ 5,  4,  0,  1],
       [ 0,  0,  6,  4],
       [ 1,  0,  0, 14]]), array([[11,  0,  0,  0],
       [ 7,  3,  0,  0],
       [ 0,  0,  7,  3],
       [ 0,  0,  2, 12]]), array([[11,  0,  0,  0],
       [ 6,  4,  0,  0],
       [ 0,  0,  7,  2],
       [ 0,  0,  1, 14]]), array([[ 9,  1,  1,  0],
       [ 5,  2,  0,  2],
       [ 0,  0,  7,  3],
       [ 1,  0,  2, 12]]), array([[11,  0,  0,  0],
       [ 4,  5,  0,  0],
       [ 0,  0,  8,  2],
       [ 0,  0,  1, 14]]), array([[ 9,  2,  0,  0],
       [ 4,  5,  0,  0],
       [ 0,  0,  8,  2],
       [ 0,  0,  3, 12]]), array([[ 9,  0,  0,  2],
       [ 4,  4,  0,  1],
       [ 0,  0, 10,  0],
       [ 0,  0,  2, 13]])]"
29,"[1.0, 1.0, 1.0, 1.0, 1.0, 1.0, 1.0, 1.0, 1.0, 1.0]","[1.0, 1.0, 1.0, 1.0, 1.0, 1.0, 1.0, 1.0, 1.0, 1.0]","[1.0, 1.0, 1.0, 1.0, 1.0, 1.0, 1.0, 1.0, 1.0, 1.0]","[1.0, 1.0, 1.0, 1.0, 1.0, 1.0, 1.0, 1.0, 1.0, 1.0]","[1.0, 1.0, 1.0, 1.0, 1.0, 1.0, 1.0, 1.0, 1.0, 1.0]","[1.0, 1.0, 1.0, 1.0, 1.0, 1.0, 1.0, 1.0, 1.0, 1.0]","[1.0, 1.0, 1.0, 1.0, 1.0, 1.0, 1.0, 1.0, 1.0, 1.0]","[1.0, 1.0, 1.0, 1.0, 1.0, 1.0, 1.0, 1.0, 1.0, 1.0]","[1.0, 1.0, 1.0, 1.0, 1.0, 1.0, 1.0, 1.0, 1.0, 1.0]","[1.0, 1.0, 1.0, 1.0, 1.0, 1.0, 1.0, 1.0, 1.0, 1.0]","[array([[100,   0,   0,   0],
       [  0,  85,   0,   0],
       [  0,   0,  89,   0],
       [  0,   0,   0, 134]]), array([[100,   0,   0,   0],
       [  0,  85,   0,   0],
       [  0,   0,  89,   0],
       [  0,   0,   0, 134]]), array([[101,   0,   0,   0],
       [  0,  84,   0,   0],
       [  0,   0,  89,   0],
       [  0,   0,   0, 134]]), array([[101,   0,   0,   0],
       [  0,  84,   0,   0],
       [  0,   0,  89,   0],
       [  0,   0,   0, 134]]), array([[101,   0,   0,   0],
       [  0,  84,   0,   0],
       [  0,   0,  89,   0],
       [  0,   0,   0, 135]]), array([[101,   0,   0,   0],
       [  0,  84,   0,   0],
       [  0,   0,  90,   0],
       [  0,   0,   0, 134]]), array([[101,   0,   0,   0],
       [  0,  85,   0,   0],
       [  0,   0,  89,   0],
       [  0,   0,   0, 134]]), array([[101,   0,   0,   0],
       [  0,  85,   0,   0],
       [  0,   0,  89,   0],
       [  0,   0,   0, 134]]), array([[101,   0,   0,   0],
       [  0,  85,   0,   0],
       [  0,   0,  89,   0],
       [  0,   0,   0, 134]]), array([[101,   0,   0,   0],
       [  0,  85,   0,   0],
       [  0,   0,  89,   0],
       [  0,   0,   0, 134]])]","[0.717391304347826, 0.8260869565217391, 0.6521739130434783, 0.7608695652173914, 0.7111111111111111, 0.8, 0.6888888888888889, 0.8222222222222222, 0.7555555555555555, 0.8]","[0.717391304347826, 0.8260869565217391, 0.6521739130434783, 0.7608695652173914, 0.7111111111111111, 0.8, 0.6888888888888889, 0.8222222222222222, 0.7555555555555555, 0.8]","[0.717391304347826, 0.8260869565217391, 0.6521739130434783, 0.7608695652173914, 0.7111111111111111, 0.8, 0.6888888888888889, 0.8222222222222222, 0.7555555555555555, 0.8]","[0.717391304347826, 0.8260869565217391, 0.6521739130434783, 0.7608695652173914, 0.7111111111111111, 0.8000000000000002, 0.6888888888888889, 0.8222222222222222, 0.7555555555555555, 0.8000000000000002]","[0.7688948306595366, 0.8495535714285714, 0.6700109649122807, 0.8151629072681704, 0.7891812865497077, 0.8492647058823529, 0.6916666666666667, 0.8628472222222222, 0.7440476190476191, 0.8345352564102564]","[0.6916666666666667, 0.8125, 0.6212121212121212, 0.7356060606060606, 0.6892857142857143, 0.7777777777777777, 0.6517676767676768, 0.7944444444444445, 0.7323232323232324, 0.7823232323232323]","[0.6818965517241379, 0.8212158808933003, 0.614093137254902, 0.7413273001508294, 0.6577737447065941, 0.7709745188397941, 0.6375904796957428, 0.7938826249522345, 0.7300000000000001, 0.7782963004737199]","[0.7572657521506625, 0.8394798136645963, 0.6692172006102213, 0.8034215974719408, 0.7854710851202079, 0.8470588235294118, 0.6935802469135802, 0.8572530864197531, 0.7571428571428571, 0.8252492877492877]","[0.717391304347826, 0.8260869565217391, 0.6521739130434783, 0.7608695652173914, 0.7111111111111111, 0.8, 0.6888888888888889, 0.8222222222222222, 0.7555555555555555, 0.8]","[0.6977761119440281, 0.82466285467688, 0.6316069906223359, 0.7508689094366844, 0.6745472877596289, 0.7848287702177646, 0.662266388582178, 0.8104636495506142, 0.7493333333333333, 0.7880003509035768]","[array([[12,  0,  0,  0],
       [ 5,  3,  0,  1],
       [ 0,  0,  7,  3],
       [ 0,  0,  4, 11]]), array([[11,  0,  0,  1],
       [ 3,  6,  0,  0],
       [ 0,  0,  8,  2],
       [ 0,  0,  2, 13]]), array([[ 9,  2,  0,  0],
       [ 6,  3,  0,  1],
       [ 0,  0,  5,  5],
       [ 1,  0,  1, 13]]), array([[10,  0,  1,  0],
       [ 4,  5,  0,  1],
       [ 0,  0,  6,  4],
       [ 1,  0,  0, 14]]), array([[11,  0,  0,  0],
       [ 8,  2,  0,  0],
       [ 0,  0,  7,  3],
       [ 0,  0,  2, 12]]), array([[11,  0,  0,  0],
       [ 6,  4,  0,  0],
       [ 0,  0,  7,  2],
       [ 0,  0,  1, 14]]), array([[ 9,  1,  1,  0],
       [ 5,  2,  0,  2],
       [ 0,  0,  7,  3],
       [ 1,  0,  1, 13]]), array([[11,  0,  0,  0],
       [ 5,  4,  0,  0],
       [ 0,  0,  8,  2],
       [ 0,  0,  1, 14]]), array([[ 9,  2,  0,  0],
       [ 5,  4,  0,  0],
       [ 0,  0,  8,  2],
       [ 0,  0,  2, 13]]), array([[ 9,  0,  0,  2],
       [ 4,  4,  0,  1],
       [ 0,  0, 10,  0],
       [ 0,  0,  2, 13]])]"
30,"[1.0, 1.0, 1.0, 1.0, 1.0, 1.0, 1.0, 1.0, 1.0, 1.0]","[1.0, 1.0, 1.0, 1.0, 1.0, 1.0, 1.0, 1.0, 1.0, 1.0]","[1.0, 1.0, 1.0, 1.0, 1.0, 1.0, 1.0, 1.0, 1.0, 1.0]","[1.0, 1.0, 1.0, 1.0, 1.0, 1.0, 1.0, 1.0, 1.0, 1.0]","[1.0, 1.0, 1.0, 1.0, 1.0, 1.0, 1.0, 1.0, 1.0, 1.0]","[1.0, 1.0, 1.0, 1.0, 1.0, 1.0, 1.0, 1.0, 1.0, 1.0]","[1.0, 1.0, 1.0, 1.0, 1.0, 1.0, 1.0, 1.0, 1.0, 1.0]","[1.0, 1.0, 1.0, 1.0, 1.0, 1.0, 1.0, 1.0, 1.0, 1.0]","[1.0, 1.0, 1.0, 1.0, 1.0, 1.0, 1.0, 1.0, 1.0, 1.0]","[1.0, 1.0, 1.0, 1.0, 1.0, 1.0, 1.0, 1.0, 1.0, 1.0]","[array([[100,   0,   0,   0],
       [  0,  85,   0,   0],
       [  0,   0,  89,   0],
       [  0,   0,   0, 134]]), array([[100,   0,   0,   0],
       [  0,  85,   0,   0],
       [  0,   0,  89,   0],
       [  0,   0,   0, 134]]), array([[101,   0,   0,   0],
       [  0,  84,   0,   0],
       [  0,   0,  89,   0],
       [  0,   0,   0, 134]]), array([[101,   0,   0,   0],
       [  0,  84,   0,   0],
       [  0,   0,  89,   0],
       [  0,   0,   0, 134]]), array([[101,   0,   0,   0],
       [  0,  84,   0,   0],
       [  0,   0,  89,   0],
       [  0,   0,   0, 135]]), array([[101,   0,   0,   0],
       [  0,  84,   0,   0],
       [  0,   0,  90,   0],
       [  0,   0,   0, 134]]), array([[101,   0,   0,   0],
       [  0,  85,   0,   0],
       [  0,   0,  89,   0],
       [  0,   0,   0, 134]]), array([[101,   0,   0,   0],
       [  0,  85,   0,   0],
       [  0,   0,  89,   0],
       [  0,   0,   0, 134]]), array([[101,   0,   0,   0],
       [  0,  85,   0,   0],
       [  0,   0,  89,   0],
       [  0,   0,   0, 134]]), array([[101,   0,   0,   0],
       [  0,  85,   0,   0],
       [  0,   0,  89,   0],
       [  0,   0,   0, 134]])]","[0.6956521739130435, 0.8043478260869565, 0.6739130434782609, 0.782608695652174, 0.7111111111111111, 0.8, 0.6888888888888889, 0.8444444444444444, 0.8, 0.8]","[0.6956521739130435, 0.8043478260869565, 0.6739130434782609, 0.782608695652174, 0.7111111111111111, 0.8, 0.6888888888888889, 0.8444444444444444, 0.8, 0.8]","[0.6956521739130435, 0.8043478260869565, 0.6739130434782609, 0.782608695652174, 0.7111111111111111, 0.8, 0.6888888888888889, 0.8444444444444444, 0.8, 0.8]","[0.6956521739130435, 0.8043478260869565, 0.6739130434782609, 0.782608695652174, 0.7111111111111111, 0.8000000000000002, 0.6888888888888889, 0.8444444444444444, 0.8000000000000002, 0.8000000000000002]","[0.7508753501400561, 0.8364583333333333, 0.6833333333333333, 0.829861111111111, 0.7290032679738563, 0.8492647058823529, 0.6916666666666667, 0.8743055555555556, 0.8035714285714286, 0.8345352564102564]","[0.6749999999999999, 0.7847222222222222, 0.6378787878787879, 0.7606060606060607, 0.6915584415584415, 0.7777777777777777, 0.6517676767676768, 0.8222222222222222, 0.7828282828282828, 0.7823232323232323]","[0.6634012539184952, 0.791952551629971, 0.6293269230769232, 0.7655400155400155, 0.6768213637542131, 0.7709745188397941, 0.6375904796957428, 0.826442657512267, 0.7833333333333334, 0.7782963004737199]","[0.739526245280721, 0.8258152173913043, 0.6833333333333333, 0.8206521739130435, 0.7321859114015977, 0.8470588235294118, 0.6935802469135802, 0.8684567901234568, 0.8079365079365081, 0.8252492877492877]","[0.6956521739130435, 0.8043478260869565, 0.6739130434782609, 0.782608695652174, 0.7111111111111111, 0.8, 0.6888888888888889, 0.8444444444444444, 0.8, 0.8]","[0.676945618100041, 0.799717268861729, 0.6492474916387959, 0.7746359920272963, 0.6910552242675655, 0.7848287702177646, 0.662266388582178, 0.8379045214359305, 0.7955555555555557, 0.7880003509035768]","[array([[12,  0,  0,  0],
       [ 5,  3,  0,  1],
       [ 0,  0,  7,  3],
       [ 0,  0,  5, 10]]), array([[11,  0,  0,  1],
       [ 4,  5,  0,  0],
       [ 0,  0,  8,  2],
       [ 0,  0,  2, 13]]), array([[ 9,  2,  0,  0],
       [ 6,  3,  0,  1],
       [ 0,  0,  5,  5],
       [ 0,  0,  1, 14]]), array([[10,  0,  1,  0],
       [ 4,  5,  0,  1],
       [ 0,  0,  7,  3],
       [ 1,  0,  0, 14]]), array([[10,  1,  0,  0],
       [ 7,  3,  0,  0],
       [ 0,  0,  7,  3],
       [ 0,  0,  2, 12]]), array([[11,  0,  0,  0],
       [ 6,  4,  0,  0],
       [ 0,  0,  7,  2],
       [ 0,  0,  1, 14]]), array([[ 9,  1,  1,  0],
       [ 5,  2,  0,  2],
       [ 0,  0,  7,  3],
       [ 1,  0,  1, 13]]), array([[11,  0,  0,  0],
       [ 4,  5,  0,  0],
       [ 0,  0,  8,  2],
       [ 0,  0,  1, 14]]), array([[10,  1,  0,  0],
       [ 4,  5,  0,  0],
       [ 0,  0,  8,  2],
       [ 0,  0,  2, 13]]), array([[ 9,  0,  0,  2],
       [ 4,  4,  0,  1],
       [ 0,  0, 10,  0],
       [ 0,  0,  2, 13]])]"
31,"[1.0, 1.0, 1.0, 1.0, 1.0, 1.0, 1.0, 1.0, 1.0, 1.0]","[1.0, 1.0, 1.0, 1.0, 1.0, 1.0, 1.0, 1.0, 1.0, 1.0]","[1.0, 1.0, 1.0, 1.0, 1.0, 1.0, 1.0, 1.0, 1.0, 1.0]","[1.0, 1.0, 1.0, 1.0, 1.0, 1.0, 1.0, 1.0, 1.0, 1.0]","[1.0, 1.0, 1.0, 1.0, 1.0, 1.0, 1.0, 1.0, 1.0, 1.0]","[1.0, 1.0, 1.0, 1.0, 1.0, 1.0, 1.0, 1.0, 1.0, 1.0]","[1.0, 1.0, 1.0, 1.0, 1.0, 1.0, 1.0, 1.0, 1.0, 1.0]","[1.0, 1.0, 1.0, 1.0, 1.0, 1.0, 1.0, 1.0, 1.0, 1.0]","[1.0, 1.0, 1.0, 1.0, 1.0, 1.0, 1.0, 1.0, 1.0, 1.0]","[1.0, 1.0, 1.0, 1.0, 1.0, 1.0, 1.0, 1.0, 1.0, 1.0]","[array([[100,   0,   0,   0],
       [  0,  85,   0,   0],
       [  0,   0,  89,   0],
       [  0,   0,   0, 134]]), array([[100,   0,   0,   0],
       [  0,  85,   0,   0],
       [  0,   0,  89,   0],
       [  0,   0,   0, 134]]), array([[101,   0,   0,   0],
       [  0,  84,   0,   0],
       [  0,   0,  89,   0],
       [  0,   0,   0, 134]]), array([[101,   0,   0,   0],
       [  0,  84,   0,   0],
       [  0,   0,  89,   0],
       [  0,   0,   0, 134]]), array([[101,   0,   0,   0],
       [  0,  84,   0,   0],
       [  0,   0,  89,   0],
       [  0,   0,   0, 135]]), array([[101,   0,   0,   0],
       [  0,  84,   0,   0],
       [  0,   0,  90,   0],
       [  0,   0,   0, 134]]), array([[101,   0,   0,   0],
       [  0,  85,   0,   0],
       [  0,   0,  89,   0],
       [  0,   0,   0, 134]]), array([[101,   0,   0,   0],
       [  0,  85,   0,   0],
       [  0,   0,  89,   0],
       [  0,   0,   0, 134]]), array([[101,   0,   0,   0],
       [  0,  85,   0,   0],
       [  0,   0,  89,   0],
       [  0,   0,   0, 134]]), array([[101,   0,   0,   0],
       [  0,  85,   0,   0],
       [  0,   0,  89,   0],
       [  0,   0,   0, 134]])]","[0.6956521739130435, 0.782608695652174, 0.6739130434782609, 0.8043478260869565, 0.7333333333333333, 0.8, 0.6888888888888889, 0.8444444444444444, 0.8, 0.8]","[0.6956521739130435, 0.782608695652174, 0.6739130434782609, 0.8043478260869565, 0.7333333333333333, 0.8, 0.6888888888888889, 0.8444444444444444, 0.8, 0.8]","[0.6956521739130435, 0.782608695652174, 0.6739130434782609, 0.8043478260869565, 0.7333333333333333, 0.8, 0.6888888888888889, 0.8444444444444444, 0.8, 0.8]","[0.6956521739130435, 0.782608695652174, 0.6739130434782609, 0.8043478260869565, 0.7333333333333333, 0.8000000000000002, 0.6888888888888889, 0.8444444444444444, 0.8000000000000002, 0.8000000000000002]","[0.7508753501400561, 0.818954248366013, 0.6833333333333333, 0.8447712418300652, 0.7972222222222223, 0.8492647058823529, 0.6916666666666667, 0.8745331465919701, 0.8035714285714286, 0.8345352564102564]","[0.6749999999999999, 0.7597222222222223, 0.6378787878787879, 0.7856060606060606, 0.7142857142857143, 0.7777777777777777, 0.6517676767676768, 0.8222222222222222, 0.7828282828282828, 0.7823232323232323]","[0.6634012539184952, 0.7696106585909217, 0.6293269230769232, 0.7882506747638326, 0.6961468658383358, 0.7709745188397941, 0.6375904796957428, 0.8278477443609022, 0.7833333333333334, 0.7782963004737199]","[0.739526245280721, 0.8053992611537367, 0.6833333333333333, 0.838590508667235, 0.7933333333333334, 0.8470588235294118, 0.6935802469135802, 0.8641041601825915, 0.8079365079365081, 0.8252492877492877]","[0.6956521739130435, 0.782608695652174, 0.6739130434782609, 0.8043478260869565, 0.7333333333333333, 0.8, 0.6888888888888889, 0.8444444444444444, 0.8, 0.8]","[0.676945618100041, 0.7774406578039301, 0.6492474916387959, 0.7972664730387843, 0.7092186700172181, 0.7848287702177646, 0.662266388582178, 0.8367694235588973, 0.7955555555555557, 0.7880003509035768]","[array([[12,  0,  0,  0],
       [ 5,  3,  0,  1],
       [ 0,  0,  7,  3],
       [ 0,  0,  5, 10]]), array([[11,  0,  0,  1],
       [ 4,  5,  0,  0],
       [ 0,  0,  7,  3],
       [ 0,  0,  2, 13]]), array([[ 9,  2,  0,  0],
       [ 6,  3,  0,  1],
       [ 0,  0,  5,  5],
       [ 0,  0,  1, 14]]), array([[10,  0,  1,  0],
       [ 4,  5,  0,  1],
       [ 0,  0,  8,  2],
       [ 1,  0,  0, 14]]), array([[11,  0,  0,  0],
       [ 7,  3,  0,  0],
       [ 0,  0,  7,  3],
       [ 0,  0,  2, 12]]), array([[11,  0,  0,  0],
       [ 6,  4,  0,  0],
       [ 0,  0,  7,  2],
       [ 0,  0,  1, 14]]), array([[ 9,  1,  1,  0],
       [ 5,  2,  0,  2],
       [ 0,  0,  7,  3],
       [ 1,  0,  1, 13]]), array([[11,  0,  0,  0],
       [ 3,  5,  0,  1],
       [ 0,  0,  8,  2],
       [ 0,  0,  1, 14]]), array([[10,  1,  0,  0],
       [ 4,  5,  0,  0],
       [ 0,  0,  8,  2],
       [ 0,  0,  2, 13]]), array([[ 9,  0,  0,  2],
       [ 4,  4,  0,  1],
       [ 0,  0, 10,  0],
       [ 0,  0,  2, 13]])]"
32,"[1.0, 1.0, 1.0, 1.0, 1.0, 1.0, 1.0, 1.0, 1.0, 1.0]","[1.0, 1.0, 1.0, 1.0, 1.0, 1.0, 1.0, 1.0, 1.0, 1.0]","[1.0, 1.0, 1.0, 1.0, 1.0, 1.0, 1.0, 1.0, 1.0, 1.0]","[1.0, 1.0, 1.0, 1.0, 1.0, 1.0, 1.0, 1.0, 1.0, 1.0]","[1.0, 1.0, 1.0, 1.0, 1.0, 1.0, 1.0, 1.0, 1.0, 1.0]","[1.0, 1.0, 1.0, 1.0, 1.0, 1.0, 1.0, 1.0, 1.0, 1.0]","[1.0, 1.0, 1.0, 1.0, 1.0, 1.0, 1.0, 1.0, 1.0, 1.0]","[1.0, 1.0, 1.0, 1.0, 1.0, 1.0, 1.0, 1.0, 1.0, 1.0]","[1.0, 1.0, 1.0, 1.0, 1.0, 1.0, 1.0, 1.0, 1.0, 1.0]","[1.0, 1.0, 1.0, 1.0, 1.0, 1.0, 1.0, 1.0, 1.0, 1.0]","[array([[100,   0,   0,   0],
       [  0,  85,   0,   0],
       [  0,   0,  89,   0],
       [  0,   0,   0, 134]]), array([[100,   0,   0,   0],
       [  0,  85,   0,   0],
       [  0,   0,  89,   0],
       [  0,   0,   0, 134]]), array([[101,   0,   0,   0],
       [  0,  84,   0,   0],
       [  0,   0,  89,   0],
       [  0,   0,   0, 134]]), array([[101,   0,   0,   0],
       [  0,  84,   0,   0],
       [  0,   0,  89,   0],
       [  0,   0,   0, 134]]), array([[101,   0,   0,   0],
       [  0,  84,   0,   0],
       [  0,   0,  89,   0],
       [  0,   0,   0, 135]]), array([[101,   0,   0,   0],
       [  0,  84,   0,   0],
       [  0,   0,  90,   0],
       [  0,   0,   0, 134]]), array([[101,   0,   0,   0],
       [  0,  85,   0,   0],
       [  0,   0,  89,   0],
       [  0,   0,   0, 134]]), array([[101,   0,   0,   0],
       [  0,  85,   0,   0],
       [  0,   0,  89,   0],
       [  0,   0,   0, 134]]), array([[101,   0,   0,   0],
       [  0,  85,   0,   0],
       [  0,   0,  89,   0],
       [  0,   0,   0, 134]]), array([[101,   0,   0,   0],
       [  0,  85,   0,   0],
       [  0,   0,  89,   0],
       [  0,   0,   0, 134]])]","[0.6956521739130435, 0.782608695652174, 0.6739130434782609, 0.782608695652174, 0.6888888888888889, 0.8, 0.7111111111111111, 0.8222222222222222, 0.8, 0.8]","[0.6956521739130435, 0.782608695652174, 0.6739130434782609, 0.782608695652174, 0.6888888888888889, 0.8, 0.7111111111111111, 0.8222222222222222, 0.8, 0.8]","[0.6956521739130435, 0.782608695652174, 0.6739130434782609, 0.782608695652174, 0.6888888888888889, 0.8, 0.7111111111111111, 0.8222222222222222, 0.8, 0.8]","[0.6956521739130435, 0.782608695652174, 0.6739130434782609, 0.782608695652174, 0.6888888888888889, 0.8000000000000002, 0.7111111111111111, 0.8222222222222222, 0.8000000000000002, 0.8000000000000002]","[0.7508753501400561, 0.818954248366013, 0.6833333333333333, 0.829861111111111, 0.7059873949579831, 0.8492647058823529, 0.7060359231411864, 0.8579656862745098, 0.8035714285714286, 0.8345352564102564]","[0.6749999999999999, 0.7597222222222223, 0.6378787878787879, 0.7606060606060607, 0.6737012987012987, 0.7777777777777777, 0.6684343434343434, 0.7972222222222223, 0.7828282828282828, 0.7823232323232323]","[0.6634012539184952, 0.7696106585909217, 0.6293269230769232, 0.7655400155400155, 0.6571428571428571, 0.7709745188397941, 0.6534262125902992, 0.8033043345543345, 0.7833333333333334, 0.7782963004737199]","[0.739526245280721, 0.8053992611537367, 0.6833333333333333, 0.8206521739130435, 0.7104575163398692, 0.8470588235294118, 0.7089297317367493, 0.8482135076252724, 0.8079365079365081, 0.8252492877492877]","[0.6956521739130435, 0.782608695652174, 0.6739130434782609, 0.782608695652174, 0.6888888888888889, 0.8, 0.7111111111111111, 0.8222222222222222, 0.8, 0.8]","[0.676945618100041, 0.7774406578039301, 0.6492474916387959, 0.7746359920272963, 0.6698412698412698, 0.7848287702177646, 0.6809191606467148, 0.8142009225342558, 0.7955555555555557, 0.7880003509035768]","[array([[12,  0,  0,  0],
       [ 5,  3,  0,  1],
       [ 0,  0,  7,  3],
       [ 0,  0,  5, 10]]), array([[11,  0,  0,  1],
       [ 4,  5,  0,  0],
       [ 0,  0,  7,  3],
       [ 0,  0,  2, 13]]), array([[ 9,  2,  0,  0],
       [ 6,  3,  0,  1],
       [ 0,  0,  5,  5],
       [ 0,  0,  1, 14]]), array([[10,  0,  1,  0],
       [ 4,  5,  0,  1],
       [ 0,  0,  7,  3],
       [ 1,  0,  0, 14]]), array([[10,  1,  0,  0],
       [ 7,  3,  0,  0],
       [ 0,  0,  7,  3],
       [ 0,  0,  3, 11]]), array([[11,  0,  0,  0],
       [ 6,  4,  0,  0],
       [ 0,  0,  7,  2],
       [ 0,  0,  1, 14]]), array([[ 9,  1,  1,  0],
       [ 5,  2,  0,  2],
       [ 0,  0,  7,  3],
       [ 0,  0,  1, 14]]), array([[11,  0,  0,  0],
       [ 4,  5,  0,  0],
       [ 0,  0,  7,  3],
       [ 0,  0,  1, 14]]), array([[10,  1,  0,  0],
       [ 4,  5,  0,  0],
       [ 0,  0,  8,  2],
       [ 0,  0,  2, 13]]), array([[ 9,  0,  0,  2],
       [ 4,  4,  0,  1],
       [ 0,  0, 10,  0],
       [ 0,  0,  2, 13]])]"
33,"[1.0, 1.0, 1.0, 1.0, 1.0, 1.0, 1.0, 1.0, 1.0, 1.0]","[1.0, 1.0, 1.0, 1.0, 1.0, 1.0, 1.0, 1.0, 1.0, 1.0]","[1.0, 1.0, 1.0, 1.0, 1.0, 1.0, 1.0, 1.0, 1.0, 1.0]","[1.0, 1.0, 1.0, 1.0, 1.0, 1.0, 1.0, 1.0, 1.0, 1.0]","[1.0, 1.0, 1.0, 1.0, 1.0, 1.0, 1.0, 1.0, 1.0, 1.0]","[1.0, 1.0, 1.0, 1.0, 1.0, 1.0, 1.0, 1.0, 1.0, 1.0]","[1.0, 1.0, 1.0, 1.0, 1.0, 1.0, 1.0, 1.0, 1.0, 1.0]","[1.0, 1.0, 1.0, 1.0, 1.0, 1.0, 1.0, 1.0, 1.0, 1.0]","[1.0, 1.0, 1.0, 1.0, 1.0, 1.0, 1.0, 1.0, 1.0, 1.0]","[1.0, 1.0, 1.0, 1.0, 1.0, 1.0, 1.0, 1.0, 1.0, 1.0]","[array([[100,   0,   0,   0],
       [  0,  85,   0,   0],
       [  0,   0,  89,   0],
       [  0,   0,   0, 134]]), array([[100,   0,   0,   0],
       [  0,  85,   0,   0],
       [  0,   0,  89,   0],
       [  0,   0,   0, 134]]), array([[101,   0,   0,   0],
       [  0,  84,   0,   0],
       [  0,   0,  89,   0],
       [  0,   0,   0, 134]]), array([[101,   0,   0,   0],
       [  0,  84,   0,   0],
       [  0,   0,  89,   0],
       [  0,   0,   0, 134]]), array([[101,   0,   0,   0],
       [  0,  84,   0,   0],
       [  0,   0,  89,   0],
       [  0,   0,   0, 135]]), array([[101,   0,   0,   0],
       [  0,  84,   0,   0],
       [  0,   0,  90,   0],
       [  0,   0,   0, 134]]), array([[101,   0,   0,   0],
       [  0,  85,   0,   0],
       [  0,   0,  89,   0],
       [  0,   0,   0, 134]]), array([[101,   0,   0,   0],
       [  0,  85,   0,   0],
       [  0,   0,  89,   0],
       [  0,   0,   0, 134]]), array([[101,   0,   0,   0],
       [  0,  85,   0,   0],
       [  0,   0,  89,   0],
       [  0,   0,   0, 134]]), array([[101,   0,   0,   0],
       [  0,  85,   0,   0],
       [  0,   0,  89,   0],
       [  0,   0,   0, 134]])]","[0.6956521739130435, 0.782608695652174, 0.6956521739130435, 0.8043478260869565, 0.6888888888888889, 0.8, 0.7111111111111111, 0.8222222222222222, 0.7777777777777778, 0.8]","[0.6956521739130435, 0.782608695652174, 0.6956521739130435, 0.8043478260869565, 0.6888888888888889, 0.8, 0.7111111111111111, 0.8222222222222222, 0.7777777777777778, 0.8]","[0.6956521739130435, 0.782608695652174, 0.6956521739130435, 0.8043478260869565, 0.6888888888888889, 0.8, 0.7111111111111111, 0.8222222222222222, 0.7777777777777778, 0.8]","[0.6956521739130435, 0.782608695652174, 0.6956521739130435, 0.8043478260869565, 0.6888888888888889, 0.8000000000000002, 0.7111111111111111, 0.8222222222222222, 0.7777777777777778, 0.8000000000000002]","[0.7508753501400561, 0.818954248366013, 0.6984962406015037, 0.8447712418300652, 0.7, 0.8492647058823529, 0.7078431372549019, 0.8614379084967321, 0.7833333333333333, 0.8345352564102564]","[0.6749999999999999, 0.7597222222222223, 0.6628787878787878, 0.7856060606060606, 0.6665584415584416, 0.7777777777777777, 0.6767676767676768, 0.7944444444444445, 0.7550505050505051, 0.7823232323232323]","[0.6634012539184952, 0.7696106585909217, 0.6554298642533937, 0.7882506747638326, 0.6404439480664526, 0.7709745188397941, 0.6595352564102565, 0.794660931174089, 0.7518315018315018, 0.7782963004737199]","[0.739526245280721, 0.8053992611537367, 0.700523046747303, 0.838590508667235, 0.7056790123456791, 0.8470588235294118, 0.7126797385620915, 0.8512999273783587, 0.7896296296296296, 0.8252492877492877]","[0.6956521739130435, 0.782608695652174, 0.6956521739130435, 0.8043478260869565, 0.6888888888888889, 0.8, 0.7111111111111111, 0.8222222222222222, 0.7777777777777778, 0.8]","[0.676945618100041, 0.7774406578039301, 0.6745032461144993, 0.7972664730387843, 0.6581723982812911, 0.7848287702177646, 0.684508547008547, 0.8087156995051732, 0.768986568986569, 0.7880003509035768]","[array([[12,  0,  0,  0],
       [ 5,  3,  0,  1],
       [ 0,  0,  7,  3],
       [ 0,  0,  5, 10]]), array([[11,  0,  0,  1],
       [ 4,  5,  0,  0],
       [ 0,  0,  7,  3],
       [ 0,  0,  2, 13]]), array([[ 9,  2,  0,  0],
       [ 6,  3,  0,  1],
       [ 0,  0,  6,  4],
       [ 0,  0,  1, 14]]), array([[10,  0,  1,  0],
       [ 4,  5,  0,  1],
       [ 0,  0,  8,  2],
       [ 1,  0,  0, 14]]), array([[10,  1,  0,  0],
       [ 8,  2,  0,  0],
       [ 0,  0,  7,  3],
       [ 0,  0,  2, 12]]), array([[11,  0,  0,  0],
       [ 6,  4,  0,  0],
       [ 0,  0,  7,  2],
       [ 0,  0,  1, 14]]), array([[ 9,  1,  1,  0],
       [ 5,  2,  0,  2],
       [ 0,  0,  8,  2],
       [ 1,  0,  1, 13]]), array([[11,  0,  0,  0],
       [ 4,  4,  0,  1],
       [ 0,  0,  8,  2],
       [ 0,  0,  1, 14]]), array([[10,  1,  0,  0],
       [ 5,  4,  0,  0],
       [ 0,  0,  8,  2],
       [ 0,  0,  2, 13]]), array([[ 9,  0,  0,  2],
       [ 4,  4,  0,  1],
       [ 0,  0, 10,  0],
       [ 0,  0,  2, 13]])]"
34,"[1.0, 1.0, 1.0, 1.0, 1.0, 1.0, 1.0, 1.0, 1.0, 1.0]","[1.0, 1.0, 1.0, 1.0, 1.0, 1.0, 1.0, 1.0, 1.0, 1.0]","[1.0, 1.0, 1.0, 1.0, 1.0, 1.0, 1.0, 1.0, 1.0, 1.0]","[1.0, 1.0, 1.0, 1.0, 1.0, 1.0, 1.0, 1.0, 1.0, 1.0]","[1.0, 1.0, 1.0, 1.0, 1.0, 1.0, 1.0, 1.0, 1.0, 1.0]","[1.0, 1.0, 1.0, 1.0, 1.0, 1.0, 1.0, 1.0, 1.0, 1.0]","[1.0, 1.0, 1.0, 1.0, 1.0, 1.0, 1.0, 1.0, 1.0, 1.0]","[1.0, 1.0, 1.0, 1.0, 1.0, 1.0, 1.0, 1.0, 1.0, 1.0]","[1.0, 1.0, 1.0, 1.0, 1.0, 1.0, 1.0, 1.0, 1.0, 1.0]","[1.0, 1.0, 1.0, 1.0, 1.0, 1.0, 1.0, 1.0, 1.0, 1.0]","[array([[100,   0,   0,   0],
       [  0,  85,   0,   0],
       [  0,   0,  89,   0],
       [  0,   0,   0, 134]]), array([[100,   0,   0,   0],
       [  0,  85,   0,   0],
       [  0,   0,  89,   0],
       [  0,   0,   0, 134]]), array([[101,   0,   0,   0],
       [  0,  84,   0,   0],
       [  0,   0,  89,   0],
       [  0,   0,   0, 134]]), array([[101,   0,   0,   0],
       [  0,  84,   0,   0],
       [  0,   0,  89,   0],
       [  0,   0,   0, 134]]), array([[101,   0,   0,   0],
       [  0,  84,   0,   0],
       [  0,   0,  89,   0],
       [  0,   0,   0, 135]]), array([[101,   0,   0,   0],
       [  0,  84,   0,   0],
       [  0,   0,  90,   0],
       [  0,   0,   0, 134]]), array([[101,   0,   0,   0],
       [  0,  85,   0,   0],
       [  0,   0,  89,   0],
       [  0,   0,   0, 134]]), array([[101,   0,   0,   0],
       [  0,  85,   0,   0],
       [  0,   0,  89,   0],
       [  0,   0,   0, 134]]), array([[101,   0,   0,   0],
       [  0,  85,   0,   0],
       [  0,   0,  89,   0],
       [  0,   0,   0, 134]]), array([[101,   0,   0,   0],
       [  0,  85,   0,   0],
       [  0,   0,  89,   0],
       [  0,   0,   0, 134]])]","[0.6956521739130435, 0.782608695652174, 0.717391304347826, 0.8043478260869565, 0.6666666666666666, 0.8, 0.6666666666666666, 0.8222222222222222, 0.8222222222222222, 0.8]","[0.6956521739130435, 0.782608695652174, 0.717391304347826, 0.8043478260869565, 0.6666666666666666, 0.8, 0.6666666666666666, 0.8222222222222222, 0.8222222222222222, 0.8]","[0.6956521739130435, 0.782608695652174, 0.717391304347826, 0.8043478260869565, 0.6666666666666666, 0.8, 0.6666666666666666, 0.8222222222222222, 0.8222222222222222, 0.8]","[0.6956521739130435, 0.782608695652174, 0.717391304347826, 0.8043478260869565, 0.6666666666666666, 0.8000000000000002, 0.6666666666666666, 0.8222222222222222, 0.8222222222222222, 0.8000000000000002]","[0.7508753501400561, 0.818954248366013, 0.7422462406015038, 0.8447712418300652, 0.676984126984127, 0.8492647058823529, 0.6681372549019607, 0.8596230158730158, 0.85, 0.8345352564102564]","[0.6749999999999999, 0.7597222222222223, 0.6856060606060606, 0.7856060606060606, 0.6487012987012987, 0.7777777777777777, 0.6351010101010102, 0.7972222222222223, 0.8055555555555556, 0.7823232323232323]","[0.6634012539184952, 0.7696106585909217, 0.6746809835045129, 0.7882506747638326, 0.6207654414550966, 0.7709745188397941, 0.6189102564102564, 0.8051370851370852, 0.8067765567765568, 0.7782963004737199]","[0.739526245280721, 0.8053992611537367, 0.7391100032690422, 0.838590508667235, 0.6839506172839507, 0.8470588235294118, 0.6708496732026145, 0.8457671957671958, 0.8459259259259259, 0.8252492877492877]","[0.6956521739130435, 0.782608695652174, 0.717391304347826, 0.8043478260869565, 0.6666666666666666, 0.8, 0.6666666666666666, 0.8222222222222222, 0.8222222222222222, 0.8]","[0.676945618100041, 0.7774406578039301, 0.6922962421683649, 0.7972664730387843, 0.6369584438549956, 0.7848287702177646, 0.6414529914529914, 0.8136360429693763, 0.8163614163614163, 0.7880003509035768]","[array([[12,  0,  0,  0],
       [ 5,  3,  0,  1],
       [ 0,  0,  7,  3],
       [ 0,  0,  5, 10]]), array([[11,  0,  0,  1],
       [ 4,  5,  0,  0],
       [ 0,  0,  7,  3],
       [ 0,  0,  2, 13]]), array([[10,  1,  0,  0],
       [ 6,  3,  0,  1],
       [ 0,  0,  6,  4],
       [ 0,  0,  1, 14]]), array([[10,  0,  1,  0],
       [ 4,  5,  0,  1],
       [ 0,  0,  8,  2],
       [ 1,  0,  0, 14]]), array([[10,  1,  0,  0],
       [ 8,  2,  0,  0],
       [ 0,  0,  7,  3],
       [ 0,  0,  3, 11]]), array([[11,  0,  0,  0],
       [ 6,  4,  0,  0],
       [ 0,  0,  7,  2],
       [ 0,  0,  1, 14]]), array([[ 9,  1,  1,  0],
       [ 5,  2,  0,  2],
       [ 0,  0,  7,  3],
       [ 1,  0,  2, 12]]), array([[11,  0,  0,  0],
       [ 3,  5,  0,  1],
       [ 0,  0,  7,  3],
       [ 0,  0,  1, 14]]), array([[11,  0,  0,  0],
       [ 4,  5,  0,  0],
       [ 0,  0,  8,  2],
       [ 0,  0,  2, 13]]), array([[ 9,  0,  0,  2],
       [ 4,  4,  0,  1],
       [ 0,  0, 10,  0],
       [ 0,  0,  2, 13]])]"
35,"[1.0, 1.0, 1.0, 1.0, 1.0, 1.0, 1.0, 1.0, 1.0, 1.0]","[1.0, 1.0, 1.0, 1.0, 1.0, 1.0, 1.0, 1.0, 1.0, 1.0]","[1.0, 1.0, 1.0, 1.0, 1.0, 1.0, 1.0, 1.0, 1.0, 1.0]","[1.0, 1.0, 1.0, 1.0, 1.0, 1.0, 1.0, 1.0, 1.0, 1.0]","[1.0, 1.0, 1.0, 1.0, 1.0, 1.0, 1.0, 1.0, 1.0, 1.0]","[1.0, 1.0, 1.0, 1.0, 1.0, 1.0, 1.0, 1.0, 1.0, 1.0]","[1.0, 1.0, 1.0, 1.0, 1.0, 1.0, 1.0, 1.0, 1.0, 1.0]","[1.0, 1.0, 1.0, 1.0, 1.0, 1.0, 1.0, 1.0, 1.0, 1.0]","[1.0, 1.0, 1.0, 1.0, 1.0, 1.0, 1.0, 1.0, 1.0, 1.0]","[1.0, 1.0, 1.0, 1.0, 1.0, 1.0, 1.0, 1.0, 1.0, 1.0]","[array([[100,   0,   0,   0],
       [  0,  85,   0,   0],
       [  0,   0,  89,   0],
       [  0,   0,   0, 134]]), array([[100,   0,   0,   0],
       [  0,  85,   0,   0],
       [  0,   0,  89,   0],
       [  0,   0,   0, 134]]), array([[101,   0,   0,   0],
       [  0,  84,   0,   0],
       [  0,   0,  89,   0],
       [  0,   0,   0, 134]]), array([[101,   0,   0,   0],
       [  0,  84,   0,   0],
       [  0,   0,  89,   0],
       [  0,   0,   0, 134]]), array([[101,   0,   0,   0],
       [  0,  84,   0,   0],
       [  0,   0,  89,   0],
       [  0,   0,   0, 135]]), array([[101,   0,   0,   0],
       [  0,  84,   0,   0],
       [  0,   0,  90,   0],
       [  0,   0,   0, 134]]), array([[101,   0,   0,   0],
       [  0,  85,   0,   0],
       [  0,   0,  89,   0],
       [  0,   0,   0, 134]]), array([[101,   0,   0,   0],
       [  0,  85,   0,   0],
       [  0,   0,  89,   0],
       [  0,   0,   0, 134]]), array([[101,   0,   0,   0],
       [  0,  85,   0,   0],
       [  0,   0,  89,   0],
       [  0,   0,   0, 134]]), array([[101,   0,   0,   0],
       [  0,  85,   0,   0],
       [  0,   0,  89,   0],
       [  0,   0,   0, 134]])]","[0.6956521739130435, 0.782608695652174, 0.717391304347826, 0.8043478260869565, 0.6666666666666666, 0.8, 0.6888888888888889, 0.8444444444444444, 0.8222222222222222, 0.7777777777777778]","[0.6956521739130435, 0.782608695652174, 0.717391304347826, 0.8043478260869565, 0.6666666666666666, 0.8, 0.6888888888888889, 0.8444444444444444, 0.8222222222222222, 0.7777777777777778]","[0.6956521739130435, 0.782608695652174, 0.717391304347826, 0.8043478260869565, 0.6666666666666666, 0.8, 0.6888888888888889, 0.8444444444444444, 0.8222222222222222, 0.7777777777777778]","[0.6956521739130435, 0.782608695652174, 0.717391304347826, 0.8043478260869565, 0.6666666666666666, 0.8000000000000002, 0.6888888888888889, 0.8444444444444444, 0.8222222222222222, 0.7777777777777778]","[0.7508753501400561, 0.818954248366013, 0.7422462406015038, 0.8447712418300652, 0.6510233918128654, 0.8492647058823529, 0.6916666666666667, 0.8745331465919701, 0.85, 0.8187988482106129]","[0.6749999999999999, 0.7597222222222223, 0.6856060606060606, 0.7856060606060606, 0.6415584415584416, 0.7777777777777777, 0.6517676767676768, 0.8222222222222222, 0.8055555555555556, 0.7573232323232323]","[0.6634012539184952, 0.7696106585909217, 0.6746809835045129, 0.7882506747638326, 0.5994404113732608, 0.7709745188397941, 0.6375904796957428, 0.8278477443609022, 0.8067765567765568, 0.7587568681318682]","[0.739526245280721, 0.8053992611537367, 0.7391100032690422, 0.838590508667235, 0.6614944769330734, 0.8470588235294118, 0.6935802469135802, 0.8641041601825915, 0.8459259259259259, 0.8059509118332646]","[0.6956521739130435, 0.782608695652174, 0.717391304347826, 0.8043478260869565, 0.6666666666666666, 0.8, 0.6888888888888889, 0.8444444444444444, 0.8222222222222222, 0.7777777777777778]","[0.676945618100041, 0.7774406578039301, 0.6922962421683649, 0.7972664730387843, 0.6212139544262956, 0.7848287702177646, 0.662266388582178, 0.8367694235588973, 0.8163614163614163, 0.7677197802197804]","[array([[12,  0,  0,  0],
       [ 5,  3,  0,  1],
       [ 0,  0,  7,  3],
       [ 0,  0,  5, 10]]), array([[11,  0,  0,  1],
       [ 4,  5,  0,  0],
       [ 0,  0,  7,  3],
       [ 0,  0,  2, 13]]), array([[10,  1,  0,  0],
       [ 6,  3,  0,  1],
       [ 0,  0,  6,  4],
       [ 0,  0,  1, 14]]), array([[10,  0,  1,  0],
       [ 4,  5,  0,  1],
       [ 0,  0,  8,  2],
       [ 1,  0,  0, 14]]), array([[10,  1,  0,  0],
       [ 9,  1,  0,  0],
       [ 0,  0,  7,  3],
       [ 0,  0,  2, 12]]), array([[11,  0,  0,  0],
       [ 6,  4,  0,  0],
       [ 0,  0,  7,  2],
       [ 0,  0,  1, 14]]), array([[ 9,  1,  1,  0],
       [ 5,  2,  0,  2],
       [ 0,  0,  7,  3],
       [ 1,  0,  1, 13]]), array([[11,  0,  0,  0],
       [ 3,  5,  0,  1],
       [ 0,  0,  8,  2],
       [ 0,  0,  1, 14]]), array([[11,  0,  0,  0],
       [ 4,  5,  0,  0],
       [ 0,  0,  8,  2],
       [ 0,  0,  2, 13]]), array([[ 9,  0,  0,  2],
       [ 4,  4,  0,  1],
       [ 0,  0,  9,  1],
       [ 0,  0,  2, 13]])]"
36,"[1.0, 1.0, 1.0, 1.0, 1.0, 1.0, 1.0, 1.0, 1.0, 1.0]","[1.0, 1.0, 1.0, 1.0, 1.0, 1.0, 1.0, 1.0, 1.0, 1.0]","[1.0, 1.0, 1.0, 1.0, 1.0, 1.0, 1.0, 1.0, 1.0, 1.0]","[1.0, 1.0, 1.0, 1.0, 1.0, 1.0, 1.0, 1.0, 1.0, 1.0]","[1.0, 1.0, 1.0, 1.0, 1.0, 1.0, 1.0, 1.0, 1.0, 1.0]","[1.0, 1.0, 1.0, 1.0, 1.0, 1.0, 1.0, 1.0, 1.0, 1.0]","[1.0, 1.0, 1.0, 1.0, 1.0, 1.0, 1.0, 1.0, 1.0, 1.0]","[1.0, 1.0, 1.0, 1.0, 1.0, 1.0, 1.0, 1.0, 1.0, 1.0]","[1.0, 1.0, 1.0, 1.0, 1.0, 1.0, 1.0, 1.0, 1.0, 1.0]","[1.0, 1.0, 1.0, 1.0, 1.0, 1.0, 1.0, 1.0, 1.0, 1.0]","[array([[100,   0,   0,   0],
       [  0,  85,   0,   0],
       [  0,   0,  89,   0],
       [  0,   0,   0, 134]]), array([[100,   0,   0,   0],
       [  0,  85,   0,   0],
       [  0,   0,  89,   0],
       [  0,   0,   0, 134]]), array([[101,   0,   0,   0],
       [  0,  84,   0,   0],
       [  0,   0,  89,   0],
       [  0,   0,   0, 134]]), array([[101,   0,   0,   0],
       [  0,  84,   0,   0],
       [  0,   0,  89,   0],
       [  0,   0,   0, 134]]), array([[101,   0,   0,   0],
       [  0,  84,   0,   0],
       [  0,   0,  89,   0],
       [  0,   0,   0, 135]]), array([[101,   0,   0,   0],
       [  0,  84,   0,   0],
       [  0,   0,  90,   0],
       [  0,   0,   0, 134]]), array([[101,   0,   0,   0],
       [  0,  85,   0,   0],
       [  0,   0,  89,   0],
       [  0,   0,   0, 134]]), array([[101,   0,   0,   0],
       [  0,  85,   0,   0],
       [  0,   0,  89,   0],
       [  0,   0,   0, 134]]), array([[101,   0,   0,   0],
       [  0,  85,   0,   0],
       [  0,   0,  89,   0],
       [  0,   0,   0, 134]]), array([[101,   0,   0,   0],
       [  0,  85,   0,   0],
       [  0,   0,  89,   0],
       [  0,   0,   0, 134]])]","[0.6956521739130435, 0.782608695652174, 0.717391304347826, 0.8043478260869565, 0.6666666666666666, 0.8222222222222222, 0.7111111111111111, 0.8222222222222222, 0.8222222222222222, 0.7777777777777778]","[0.6956521739130435, 0.782608695652174, 0.717391304347826, 0.8043478260869565, 0.6666666666666666, 0.8222222222222222, 0.7111111111111111, 0.8222222222222222, 0.8222222222222222, 0.7777777777777778]","[0.6956521739130435, 0.782608695652174, 0.717391304347826, 0.8043478260869565, 0.6666666666666666, 0.8222222222222222, 0.7111111111111111, 0.8222222222222222, 0.8222222222222222, 0.7777777777777778]","[0.6956521739130435, 0.782608695652174, 0.717391304347826, 0.8043478260869565, 0.6666666666666666, 0.8222222222222222, 0.7111111111111111, 0.8222222222222222, 0.8222222222222222, 0.7777777777777778]","[0.7508753501400561, 0.818954248366013, 0.7422462406015038, 0.8447712418300652, 0.6510233918128654, 0.8673202614379085, 0.78125, 0.8614379084967321, 0.85, 0.8187988482106129]","[0.6749999999999999, 0.7597222222222223, 0.6856060606060606, 0.7856060606060606, 0.6415584415584416, 0.8055555555555556, 0.6744949494949495, 0.7944444444444445, 0.8055555555555556, 0.7573232323232323]","[0.6634012539184952, 0.7696106585909217, 0.6746809835045129, 0.7882506747638326, 0.5994404113732608, 0.7948412698412699, 0.6572744993797625, 0.794660931174089, 0.8067765567765568, 0.7587568681318682]","[0.739526245280721, 0.8053992611537367, 0.7391100032690422, 0.838590508667235, 0.6614944769330734, 0.869281045751634, 0.766358024691358, 0.8512999273783587, 0.8459259259259259, 0.8059509118332646]","[0.6956521739130435, 0.782608695652174, 0.717391304347826, 0.8043478260869565, 0.6666666666666666, 0.8222222222222222, 0.7111111111111111, 0.8222222222222222, 0.8222222222222222, 0.7777777777777778]","[0.676945618100041, 0.7774406578039301, 0.6922962421683649, 0.7972664730387843, 0.6212139544262956, 0.8079365079365081, 0.6801661842597514, 0.8087156995051732, 0.8163614163614163, 0.7677197802197804]","[array([[12,  0,  0,  0],
       [ 5,  3,  0,  1],
       [ 0,  0,  7,  3],
       [ 0,  0,  5, 10]]), array([[11,  0,  0,  1],
       [ 4,  5,  0,  0],
       [ 0,  0,  7,  3],
       [ 0,  0,  2, 13]]), array([[10,  1,  0,  0],
       [ 6,  3,  0,  1],
       [ 0,  0,  6,  4],
       [ 0,  0,  1, 14]]), array([[10,  0,  1,  0],
       [ 4,  5,  0,  1],
       [ 0,  0,  8,  2],
       [ 1,  0,  0, 14]]), array([[10,  1,  0,  0],
       [ 9,  1,  0,  0],
       [ 0,  0,  7,  3],
       [ 0,  0,  2, 12]]), array([[11,  0,  0,  0],
       [ 6,  4,  0,  0],
       [ 0,  0,  8,  1],
       [ 0,  0,  1, 14]]), array([[10,  0,  1,  0],
       [ 5,  2,  0,  2],
       [ 0,  0,  7,  3],
       [ 1,  0,  1, 13]]), array([[11,  0,  0,  0],
       [ 4,  4,  0,  1],
       [ 0,  0,  8,  2],
       [ 0,  0,  1, 14]]), array([[11,  0,  0,  0],
       [ 4,  5,  0,  0],
       [ 0,  0,  8,  2],
       [ 0,  0,  2, 13]]), array([[ 9,  0,  0,  2],
       [ 4,  4,  0,  1],
       [ 0,  0,  9,  1],
       [ 0,  0,  2, 13]])]"
37,"[1.0, 1.0, 1.0, 1.0, 1.0, 1.0, 1.0, 1.0, 1.0, 1.0]","[1.0, 1.0, 1.0, 1.0, 1.0, 1.0, 1.0, 1.0, 1.0, 1.0]","[1.0, 1.0, 1.0, 1.0, 1.0, 1.0, 1.0, 1.0, 1.0, 1.0]","[1.0, 1.0, 1.0, 1.0, 1.0, 1.0, 1.0, 1.0, 1.0, 1.0]","[1.0, 1.0, 1.0, 1.0, 1.0, 1.0, 1.0, 1.0, 1.0, 1.0]","[1.0, 1.0, 1.0, 1.0, 1.0, 1.0, 1.0, 1.0, 1.0, 1.0]","[1.0, 1.0, 1.0, 1.0, 1.0, 1.0, 1.0, 1.0, 1.0, 1.0]","[1.0, 1.0, 1.0, 1.0, 1.0, 1.0, 1.0, 1.0, 1.0, 1.0]","[1.0, 1.0, 1.0, 1.0, 1.0, 1.0, 1.0, 1.0, 1.0, 1.0]","[1.0, 1.0, 1.0, 1.0, 1.0, 1.0, 1.0, 1.0, 1.0, 1.0]","[array([[100,   0,   0,   0],
       [  0,  85,   0,   0],
       [  0,   0,  89,   0],
       [  0,   0,   0, 134]]), array([[100,   0,   0,   0],
       [  0,  85,   0,   0],
       [  0,   0,  89,   0],
       [  0,   0,   0, 134]]), array([[101,   0,   0,   0],
       [  0,  84,   0,   0],
       [  0,   0,  89,   0],
       [  0,   0,   0, 134]]), array([[101,   0,   0,   0],
       [  0,  84,   0,   0],
       [  0,   0,  89,   0],
       [  0,   0,   0, 134]]), array([[101,   0,   0,   0],
       [  0,  84,   0,   0],
       [  0,   0,  89,   0],
       [  0,   0,   0, 135]]), array([[101,   0,   0,   0],
       [  0,  84,   0,   0],
       [  0,   0,  90,   0],
       [  0,   0,   0, 134]]), array([[101,   0,   0,   0],
       [  0,  85,   0,   0],
       [  0,   0,  89,   0],
       [  0,   0,   0, 134]]), array([[101,   0,   0,   0],
       [  0,  85,   0,   0],
       [  0,   0,  89,   0],
       [  0,   0,   0, 134]]), array([[101,   0,   0,   0],
       [  0,  85,   0,   0],
       [  0,   0,  89,   0],
       [  0,   0,   0, 134]]), array([[101,   0,   0,   0],
       [  0,  85,   0,   0],
       [  0,   0,  89,   0],
       [  0,   0,   0, 134]])]","[0.6956521739130435, 0.782608695652174, 0.717391304347826, 0.782608695652174, 0.6888888888888889, 0.8, 0.7111111111111111, 0.8222222222222222, 0.8222222222222222, 0.7777777777777778]","[0.6956521739130435, 0.782608695652174, 0.717391304347826, 0.782608695652174, 0.6888888888888889, 0.8, 0.7111111111111111, 0.8222222222222222, 0.8222222222222222, 0.7777777777777778]","[0.6956521739130435, 0.782608695652174, 0.717391304347826, 0.782608695652174, 0.6888888888888889, 0.8, 0.7111111111111111, 0.8222222222222222, 0.8222222222222222, 0.7777777777777778]","[0.6956521739130435, 0.782608695652174, 0.717391304347826, 0.782608695652174, 0.6888888888888889, 0.8000000000000002, 0.7111111111111111, 0.8222222222222222, 0.8222222222222222, 0.7777777777777778]","[0.7508753501400561, 0.818954248366013, 0.7422462406015038, 0.8343545751633987, 0.7, 0.8492647058823529, 0.78125, 0.8614379084967321, 0.85, 0.8187988482106129]","[0.6749999999999999, 0.7597222222222223, 0.6856060606060606, 0.7606060606060607, 0.6665584415584416, 0.7777777777777777, 0.6744949494949495, 0.7944444444444445, 0.8055555555555556, 0.7573232323232323]","[0.6634012539184952, 0.7696106585909217, 0.6746809835045129, 0.7573186438318017, 0.6404439480664526, 0.7709745188397941, 0.6572744993797625, 0.794660931174089, 0.8067765567765568, 0.7587568681318682]","[0.739526245280721, 0.8053992611537367, 0.7391100032690422, 0.828626740551293, 0.7056790123456791, 0.8470588235294118, 0.766358024691358, 0.8512999273783587, 0.8459259259259259, 0.8059509118332646]","[0.6956521739130435, 0.782608695652174, 0.717391304347826, 0.782608695652174, 0.6888888888888889, 0.8, 0.7111111111111111, 0.8222222222222222, 0.8222222222222222, 0.7777777777777778]","[0.676945618100041, 0.7774406578039301, 0.6922962421683649, 0.7697497063915829, 0.6581723982812911, 0.7848287702177646, 0.6801661842597514, 0.8087156995051732, 0.8163614163614163, 0.7677197802197804]","[array([[12,  0,  0,  0],
       [ 5,  3,  0,  1],
       [ 0,  0,  7,  3],
       [ 0,  0,  5, 10]]), array([[11,  0,  0,  1],
       [ 4,  5,  0,  0],
       [ 0,  0,  7,  3],
       [ 0,  0,  2, 13]]), array([[10,  1,  0,  0],
       [ 6,  3,  0,  1],
       [ 0,  0,  6,  4],
       [ 0,  0,  1, 14]]), array([[10,  0,  1,  0],
       [ 5,  4,  0,  1],
       [ 0,  0,  8,  2],
       [ 1,  0,  0, 14]]), array([[10,  1,  0,  0],
       [ 8,  2,  0,  0],
       [ 0,  0,  7,  3],
       [ 0,  0,  2, 12]]), array([[11,  0,  0,  0],
       [ 6,  4,  0,  0],
       [ 0,  0,  7,  2],
       [ 0,  0,  1, 14]]), array([[10,  0,  1,  0],
       [ 5,  2,  0,  2],
       [ 0,  0,  7,  3],
       [ 1,  0,  1, 13]]), array([[11,  0,  0,  0],
       [ 4,  4,  0,  1],
       [ 0,  0,  8,  2],
       [ 0,  0,  1, 14]]), array([[11,  0,  0,  0],
       [ 4,  5,  0,  0],
       [ 0,  0,  8,  2],
       [ 0,  0,  2, 13]]), array([[ 9,  0,  0,  2],
       [ 4,  4,  0,  1],
       [ 0,  0,  9,  1],
       [ 0,  0,  2, 13]])]"
38,"[1.0, 1.0, 1.0, 1.0, 1.0, 1.0, 1.0, 1.0, 1.0, 1.0]","[1.0, 1.0, 1.0, 1.0, 1.0, 1.0, 1.0, 1.0, 1.0, 1.0]","[1.0, 1.0, 1.0, 1.0, 1.0, 1.0, 1.0, 1.0, 1.0, 1.0]","[1.0, 1.0, 1.0, 1.0, 1.0, 1.0, 1.0, 1.0, 1.0, 1.0]","[1.0, 1.0, 1.0, 1.0, 1.0, 1.0, 1.0, 1.0, 1.0, 1.0]","[1.0, 1.0, 1.0, 1.0, 1.0, 1.0, 1.0, 1.0, 1.0, 1.0]","[1.0, 1.0, 1.0, 1.0, 1.0, 1.0, 1.0, 1.0, 1.0, 1.0]","[1.0, 1.0, 1.0, 1.0, 1.0, 1.0, 1.0, 1.0, 1.0, 1.0]","[1.0, 1.0, 1.0, 1.0, 1.0, 1.0, 1.0, 1.0, 1.0, 1.0]","[1.0, 1.0, 1.0, 1.0, 1.0, 1.0, 1.0, 1.0, 1.0, 1.0]","[array([[100,   0,   0,   0],
       [  0,  85,   0,   0],
       [  0,   0,  89,   0],
       [  0,   0,   0, 134]]), array([[100,   0,   0,   0],
       [  0,  85,   0,   0],
       [  0,   0,  89,   0],
       [  0,   0,   0, 134]]), array([[101,   0,   0,   0],
       [  0,  84,   0,   0],
       [  0,   0,  89,   0],
       [  0,   0,   0, 134]]), array([[101,   0,   0,   0],
       [  0,  84,   0,   0],
       [  0,   0,  89,   0],
       [  0,   0,   0, 134]]), array([[101,   0,   0,   0],
       [  0,  84,   0,   0],
       [  0,   0,  89,   0],
       [  0,   0,   0, 135]]), array([[101,   0,   0,   0],
       [  0,  84,   0,   0],
       [  0,   0,  90,   0],
       [  0,   0,   0, 134]]), array([[101,   0,   0,   0],
       [  0,  85,   0,   0],
       [  0,   0,  89,   0],
       [  0,   0,   0, 134]]), array([[101,   0,   0,   0],
       [  0,  85,   0,   0],
       [  0,   0,  89,   0],
       [  0,   0,   0, 134]]), array([[101,   0,   0,   0],
       [  0,  85,   0,   0],
       [  0,   0,  89,   0],
       [  0,   0,   0, 134]]), array([[101,   0,   0,   0],
       [  0,  85,   0,   0],
       [  0,   0,  89,   0],
       [  0,   0,   0, 134]])]","[0.6956521739130435, 0.782608695652174, 0.6956521739130435, 0.782608695652174, 0.6666666666666666, 0.8, 0.7111111111111111, 0.8222222222222222, 0.8, 0.7777777777777778]","[0.6956521739130435, 0.782608695652174, 0.6956521739130435, 0.782608695652174, 0.6666666666666666, 0.8, 0.7111111111111111, 0.8222222222222222, 0.8, 0.7777777777777778]","[0.6956521739130435, 0.782608695652174, 0.6956521739130435, 0.782608695652174, 0.6666666666666666, 0.8, 0.7111111111111111, 0.8222222222222222, 0.8, 0.7777777777777778]","[0.6956521739130435, 0.782608695652174, 0.6956521739130435, 0.782608695652174, 0.6666666666666666, 0.8000000000000002, 0.7111111111111111, 0.8222222222222222, 0.8000000000000002, 0.7777777777777778]","[0.7508753501400561, 0.818954248366013, 0.7270833333333333, 0.8343545751633987, 0.6510233918128654, 0.8472222222222222, 0.7791666666666666, 0.8614379084967321, 0.8385416666666666, 0.8187988482106129]","[0.6749999999999999, 0.7597222222222223, 0.6606060606060606, 0.7606060606060607, 0.6415584415584416, 0.7828282828282829, 0.6661616161616162, 0.7944444444444445, 0.7777777777777778, 0.7573232323232323]","[0.6634012539184952, 0.7696106585909217, 0.6485780423280423, 0.7573186438318017, 0.5994404113732608, 0.7760710018774535, 0.6498834498834498, 0.794660931174089, 0.7742165242165242, 0.7587568681318682]","[0.739526245280721, 0.8053992611537367, 0.7219202898550725, 0.828626740551293, 0.6614944769330734, 0.8444444444444444, 0.7629629629629628, 0.8512999273783587, 0.8347222222222223, 0.8059509118332646]","[0.6956521739130435, 0.782608695652174, 0.6956521739130435, 0.782608695652174, 0.6666666666666666, 0.8, 0.7111111111111111, 0.8222222222222222, 0.8, 0.7777777777777778]","[0.676945618100041, 0.7774406578039301, 0.6670404876926616, 0.7697497063915829, 0.6212139544262956, 0.7869071324268456, 0.6755762755762755, 0.8087156995051732, 0.7889205444761, 0.7677197802197804]","[array([[12,  0,  0,  0],
       [ 5,  3,  0,  1],
       [ 0,  0,  7,  3],
       [ 0,  0,  5, 10]]), array([[11,  0,  0,  1],
       [ 4,  5,  0,  0],
       [ 0,  0,  7,  3],
       [ 0,  0,  2, 13]]), array([[10,  1,  0,  0],
       [ 6,  3,  0,  1],
       [ 0,  0,  5,  5],
       [ 0,  0,  1, 14]]), array([[10,  0,  1,  0],
       [ 5,  4,  0,  1],
       [ 0,  0,  8,  2],
       [ 1,  0,  0, 14]]), array([[10,  1,  0,  0],
       [ 9,  1,  0,  0],
       [ 0,  0,  7,  3],
       [ 0,  0,  2, 12]]), array([[10,  0,  0,  1],
       [ 6,  4,  0,  0],
       [ 0,  0,  8,  1],
       [ 0,  0,  1, 14]]), array([[10,  0,  1,  0],
       [ 5,  2,  0,  2],
       [ 0,  0,  6,  4],
       [ 0,  0,  1, 14]]), array([[11,  0,  0,  0],
       [ 4,  4,  0,  1],
       [ 0,  0,  8,  2],
       [ 0,  0,  1, 14]]), array([[11,  0,  0,  0],
       [ 5,  4,  0,  0],
       [ 0,  0,  8,  2],
       [ 0,  0,  2, 13]]), array([[ 9,  0,  0,  2],
       [ 4,  4,  0,  1],
       [ 0,  0,  9,  1],
       [ 0,  0,  2, 13]])]"
