n_neighbors value,Train_Accuracy,Train_Precision_micro,Train_Recall_micro,Train_f1_micro,Train_Precision_macro,Train_Recall_macro,Train_f1_macro,Train_Precision_weighted,Train_Recall_weighted,Train_f1_weighted,Train_Confusion_Matrix,Test_Accuracy,Test_Precision_micro,Test_Recall_micro,Test_f1_micro,Test_Precision_macro,Test_Recall_macro,Test_f1_macro,Test_Precision_weighted,Test_Recall_weighted,Test_f1_weighted,Test_Confusion_Matrix
1,"[1.0, 1.0, 1.0, 1.0, 1.0, 1.0, 1.0, 1.0, 1.0, 1.0]","[1.0, 1.0, 1.0, 1.0, 1.0, 1.0, 1.0, 1.0, 1.0, 1.0]","[1.0, 1.0, 1.0, 1.0, 1.0, 1.0, 1.0, 1.0, 1.0, 1.0]","[1.0, 1.0, 1.0, 1.0, 1.0, 1.0, 1.0, 1.0, 1.0, 1.0]","[1.0, 1.0, 1.0, 1.0, 1.0, 1.0, 1.0, 1.0, 1.0, 1.0]","[1.0, 1.0, 1.0, 1.0, 1.0, 1.0, 1.0, 1.0, 1.0, 1.0]","[1.0, 1.0, 1.0, 1.0, 1.0, 1.0, 1.0, 1.0, 1.0, 1.0]","[1.0, 1.0, 1.0, 1.0, 1.0, 1.0, 1.0, 1.0, 1.0, 1.0]","[1.0, 1.0, 1.0, 1.0, 1.0, 1.0, 1.0, 1.0, 1.0, 1.0]","[1.0, 1.0, 1.0, 1.0, 1.0, 1.0, 1.0, 1.0, 1.0, 1.0]","[array([[100,   0,   0,   0],
       [  0, 136,   0,   0],
       [  0,   0,  89,   0],
       [  0,   0,   0, 134]]), array([[100,   0,   0,   0],
       [  0, 135,   0,   0],
       [  0,   0,  89,   0],
       [  0,   0,   0, 134]]), array([[101,   0,   0,   0],
       [  0, 134,   0,   0],
       [  0,   0,  89,   0],
       [  0,   0,   0, 134]]), array([[101,   0,   0,   0],
       [  0, 132,   0,   0],
       [  0,   0,  89,   0],
       [  0,   0,   0, 134]]), array([[101,   0,   0,   0],
       [  0, 133,   0,   0],
       [  0,   0,  89,   0],
       [  0,   0,   0, 135]]), array([[101,   0,   0,   0],
       [  0, 140,   0,   0],
       [  0,   0,  90,   0],
       [  0,   0,   0, 134]]), array([[101,   0,   0,   0],
       [  0, 132,   0,   0],
       [  0,   0,  89,   0],
       [  0,   0,   0, 134]]), array([[101,   0,   0,   0],
       [  0, 134,   0,   0],
       [  0,   0,  89,   0],
       [  0,   0,   0, 134]]), array([[101,   0,   0,   0],
       [  0, 136,   0,   0],
       [  0,   0,  89,   0],
       [  0,   0,   0, 134]]), array([[101,   0,   0,   0],
       [  0, 137,   0,   0],
       [  0,   0,  89,   0],
       [  0,   0,   0, 134]])]","[0.6521739130434783, 0.7391304347826086, 0.8260869565217391, 0.717391304347826, 0.8, 0.8, 0.6666666666666666, 0.7555555555555555, 0.7111111111111111, 0.7333333333333333]","[0.6521739130434783, 0.7391304347826086, 0.8260869565217391, 0.717391304347826, 0.8, 0.8, 0.6666666666666666, 0.7555555555555555, 0.7111111111111111, 0.7333333333333333]","[0.6521739130434783, 0.7391304347826086, 0.8260869565217391, 0.717391304347826, 0.8, 0.8, 0.6666666666666666, 0.7555555555555555, 0.7111111111111111, 0.7333333333333333]","[0.6521739130434783, 0.7391304347826086, 0.8260869565217391, 0.717391304347826, 0.8, 0.8, 0.6666666666666666, 0.7555555555555555, 0.7111111111111111, 0.7333333333333333]","[0.6470238095238094, 0.7291666666666665, 0.8295454545454546, 0.7160353535353535, 0.8052884615384616, 0.7968559218559218, 0.7027777777777778, 0.7652777777777777, 0.7672841864018334, 0.7318181818181818]","[0.6416666666666667, 0.7291666666666665, 0.8295454545454546, 0.709090909090909, 0.8009740259740259, 0.8, 0.6590909090909091, 0.7361111111111112, 0.6916666666666667, 0.7234848484848484]","[0.6256613756613756, 0.7291666666666665, 0.8285714285714285, 0.7110922467458969, 0.7983457766066462, 0.7960148215366001, 0.6690058479532164, 0.7321545178081681, 0.6777504105090311, 0.7268371571502501]","[0.6600931677018633, 0.7391304347826086, 0.8278656126482212, 0.7193785682916117, 0.8076923076923077, 0.799606566273233, 0.7014814814814815, 0.7620987654320988, 0.7614888379594261, 0.7333333333333333]","[0.6521739130434783, 0.7391304347826086, 0.8260869565217391, 0.717391304347826, 0.8, 0.8, 0.6666666666666666, 0.7555555555555555, 0.7111111111111111, 0.7333333333333333]","[0.6394064872325742, 0.7391304347826086, 0.8260869565217391, 0.7169853104008268, 0.7994599782039395, 0.7974154735497748, 0.6719948018193632, 0.742930527310833, 0.6930852034300311, 0.732574320050601]","[array([[10,  1,  1,  0],
       [ 5,  3,  0,  1],
       [ 0,  0,  8,  2],
       [ 0,  1,  5,  9]]), array([[ 9,  3,  0,  0],
       [ 3,  6,  0,  0],
       [ 0,  0,  7,  3],
       [ 0,  0,  3, 12]]), array([[ 9,  2,  0,  0],
       [ 0,  9,  0,  1],
       [ 0,  0,  8,  2],
       [ 1,  0,  2, 12]]), array([[ 7,  4,  0,  0],
       [ 2,  7,  0,  1],
       [ 0,  0,  7,  3],
       [ 1,  0,  2, 12]]), array([[ 9,  1,  0,  1],
       [ 3,  7,  0,  0],
       [ 0,  0,  9,  1],
       [ 0,  0,  3, 11]]), array([[11,  0,  0,  0],
       [ 2,  8,  0,  0],
       [ 0,  0,  6,  3],
       [ 0,  1,  3, 11]]), array([[ 7,  3,  1,  0],
       [ 0,  6,  0,  3],
       [ 0,  0,  6,  4],
       [ 0,  1,  3, 11]]), array([[11,  0,  0,  0],
       [ 4,  4,  0,  1],
       [ 0,  0,  7,  3],
       [ 0,  1,  2, 12]]), array([[11,  0,  0,  0],
       [ 6,  3,  0,  0],
       [ 0,  0,  7,  3],
       [ 0,  0,  4, 11]]), array([[ 8,  2,  0,  1],
       [ 2,  6,  0,  1],
       [ 1,  0,  7,  2],
       [ 0,  0,  3, 12]])]"
2,"[0.9193899782135077, 0.9082969432314411, 0.9170305676855895, 0.9254385964912281, 0.9148471615720524, 0.9161290322580645, 0.9210526315789473, 0.9213973799126638, 0.9152173913043479, 0.913232104121475]","[0.9193899782135077, 0.9082969432314411, 0.9170305676855895, 0.9254385964912281, 0.9148471615720524, 0.9161290322580645, 0.9210526315789473, 0.9213973799126638, 0.9152173913043479, 0.913232104121475]","[0.9193899782135077, 0.9082969432314411, 0.9170305676855895, 0.9254385964912281, 0.9148471615720524, 0.9161290322580645, 0.9210526315789473, 0.9213973799126638, 0.9152173913043479, 0.913232104121475]","[0.9193899782135077, 0.9082969432314411, 0.9170305676855895, 0.9254385964912281, 0.9148471615720524, 0.9161290322580645, 0.9210526315789473, 0.9213973799126638, 0.9152173913043479, 0.913232104121475]","[0.9188669226964592, 0.9089538154755546, 0.9180263969780427, 0.9268466190268816, 0.9172673762296404, 0.9168336639235997, 0.9201836159800761, 0.9215563571441584, 0.9171005474781678, 0.9159755022972349]","[0.9301640138698445, 0.9207952124520966, 0.9281611604896864, 0.9355955793047022, 0.9276663881927039, 0.9256544657664061, 0.93169462950823, 0.9318925037732686, 0.9263503615432421, 0.9255365508225297]","[0.9170255545091862, 0.9060286873614026, 0.9150040408018841, 0.9233179061751111, 0.9134183693705863, 0.9129637096418237, 0.9191107246968663, 0.9191333487184438, 0.9127317800362225, 0.9110861236048642]","[0.9330056010003368, 0.9238068314962182, 0.9311743088673686, 0.9400187630707277, 0.9301868835073086, 0.930500501510339, 0.9345680183477111, 0.9346459227373917, 0.9295400518109681, 0.9293911033317209]","[0.9193899782135077, 0.9082969432314411, 0.9170305676855895, 0.9254385964912281, 0.9148471615720524, 0.9161290322580645, 0.9210526315789473, 0.9213973799126638, 0.9152173913043479, 0.913232104121475]","[0.9188656905015984, 0.9072907431450122, 0.9160929247488391, 0.9249501170737596, 0.913524518665724, 0.9151355390737083, 0.9211711555326799, 0.9205079031984406, 0.9133322264944944, 0.9117894053696218]","[array([[100,   0,   0,   0],
       [  5, 131,   0,   0],
       [  1,   0,  88,   0],
       [  2,   3,  26, 103]]), array([[100,   0,   0,   0],
       [  7, 128,   0,   0],
       [  1,   0,  88,   0],
       [  3,   4,  27, 100]]), array([[101,   0,   0,   0],
       [  4, 130,   0,   0],
       [  1,   0,  88,   0],
       [  1,   5,  27, 101]]), array([[101,   0,   0,   0],
       [  1, 131,   0,   0],
       [  1,   0,  88,   0],
       [  1,   3,  28, 102]]), array([[101,   0,   0,   0],
       [  4, 129,   0,   0],
       [  0,   0,  89,   0],
       [  1,   6,  28, 100]]), array([[101,   0,   0,   0],
       [  3, 137,   0,   0],
       [  2,   0,  88,   0],
       [  1,   5,  28, 100]]), array([[101,   0,   0,   0],
       [  7, 125,   0,   0],
       [  1,   0,  88,   0],
       [  2,   1,  25, 106]]), array([[101,   0,   0,   0],
       [  3, 131,   0,   0],
       [  1,   0,  88,   0],
       [  2,   4,  26, 102]]), array([[101,   0,   0,   0],
       [  2, 134,   0,   0],
       [  1,   0,  88,   0],
       [  2,   7,  27,  98]]), array([[101,   0,   0,   0],
       [  4, 133,   0,   0],
       [  0,   0,  89,   0],
       [  1,   6,  29,  98]])]","[0.6521739130434783, 0.7608695652173914, 0.782608695652174, 0.717391304347826, 0.8222222222222222, 0.8222222222222222, 0.7555555555555555, 0.7111111111111111, 0.6888888888888889, 0.8444444444444444]","[0.6521739130434783, 0.7608695652173914, 0.782608695652174, 0.717391304347826, 0.8222222222222222, 0.8222222222222222, 0.7555555555555555, 0.7111111111111111, 0.6888888888888889, 0.8444444444444444]","[0.6521739130434783, 0.7608695652173914, 0.782608695652174, 0.717391304347826, 0.8222222222222222, 0.8222222222222222, 0.7555555555555555, 0.7111111111111111, 0.6888888888888889, 0.8444444444444444]","[0.6521739130434783, 0.7608695652173914, 0.782608695652174, 0.717391304347826, 0.8222222222222222, 0.8222222222222222, 0.7555555555555555, 0.7111111111111111, 0.6888888888888889, 0.8444444444444444]","[0.6663194444444444, 0.7677947052947053, 0.8035714285714286, 0.7232142857142858, 0.8589743589743589, 0.8277417027417027, 0.775, 0.6994973776223776, 0.7094804318488529, 0.8651515151515152]","[0.6569444444444446, 0.7666666666666666, 0.8128787878787879, 0.7378787878787878, 0.8308441558441558, 0.8388888888888889, 0.7595959595959596, 0.7083333333333334, 0.6805555555555556, 0.8444444444444443]","[0.6355952380952381, 0.7562782805429864, 0.7824440052700923, 0.7181521739130435, 0.8225490196078432, 0.8228340080971659, 0.7598883572567783, 0.6795756578365273, 0.6423188405797102, 0.8429868742368742]","[0.6793478260869565, 0.7836022672979195, 0.8237577639751552, 0.7321428571428572, 0.8695156695156694, 0.8380792047458714, 0.7770370370370371, 0.7146289821289821, 0.7286999550157445, 0.8742087542087543]","[0.6521739130434783, 0.7608695652173914, 0.782608695652174, 0.717391304347826, 0.8222222222222222, 0.8222222222222222, 0.7555555555555555, 0.7111111111111111, 0.6888888888888889, 0.8444444444444444]","[0.6386645962732919, 0.7606826677159159, 0.7730136907830669, 0.7110586011342156, 0.8237472766884532, 0.818655870445344, 0.759276980329612, 0.6895735146942876, 0.6598389694041867, 0.8474460724460724]","[array([[11,  1,  0,  0],
       [ 5,  4,  0,  0],
       [ 0,  0,  8,  2],
       [ 0,  1,  7,  7]]), array([[10,  2,  0,  0],
       [ 3,  6,  0,  0],
       [ 0,  0,  9,  1],
       [ 0,  0,  5, 10]]), array([[ 9,  2,  0,  0],
       [ 1,  9,  0,  0],
       [ 0,  0, 10,  0],
       [ 2,  1,  4,  8]]), array([[9, 2, 0, 0],
       [2, 7, 0, 1],
       [0, 0, 9, 1],
       [1, 1, 5, 8]]), array([[10,  0,  1,  0],
       [ 3,  7,  0,  0],
       [ 0,  0, 10,  0],
       [ 0,  0,  4, 10]]), array([[11,  0,  0,  0],
       [ 2,  8,  0,  0],
       [ 0,  0,  8,  1],
       [ 1,  1,  3, 10]]), array([[ 8,  2,  1,  0],
       [ 0,  7,  0,  2],
       [ 0,  0,  8,  2],
       [ 0,  1,  3, 11]]), array([[11,  0,  0,  0],
       [ 5,  3,  0,  1],
       [ 0,  0,  9,  1],
       [ 0,  2,  4,  9]]), array([[11,  0,  0,  0],
       [ 7,  2,  0,  0],
       [ 0,  0,  9,  1],
       [ 1,  1,  4,  9]]), array([[11,  0,  0,  0],
       [ 2,  7,  0,  0],
       [ 2,  0,  8,  0],
       [ 0,  0,  3, 12]])]"
3,"[0.9128540305010894, 0.9104803493449781, 0.9061135371179039, 0.9276315789473685, 0.9126637554585153, 0.9118279569892473, 0.9144736842105263, 0.9104803493449781, 0.9260869565217391, 0.9045553145336226]","[0.9128540305010894, 0.9104803493449781, 0.9061135371179039, 0.9276315789473685, 0.9126637554585153, 0.9118279569892473, 0.9144736842105263, 0.9104803493449781, 0.9260869565217391, 0.9045553145336226]","[0.9128540305010894, 0.9104803493449781, 0.9061135371179039, 0.9276315789473685, 0.9126637554585153, 0.9118279569892473, 0.9144736842105263, 0.9104803493449781, 0.9260869565217391, 0.9045553145336226]","[0.9128540305010894, 0.9104803493449781, 0.9061135371179039, 0.9276315789473685, 0.9126637554585153, 0.9118279569892473, 0.9144736842105263, 0.9104803493449781, 0.9260869565217391, 0.9045553145336226]","[0.9098074228845698, 0.907517634111089, 0.9032630932896891, 0.9235293932005793, 0.9101383679265815, 0.9103273025486553, 0.9107812947773097, 0.9082496329806952, 0.9242161262100302, 0.9009122992217256]","[0.9106223056890037, 0.9084206153999043, 0.901693072627739, 0.9265627321578377, 0.9138215187292715, 0.9086059565444817, 0.9118726395530715, 0.9076447913951213, 0.9235893169497671, 0.903072801839088]","[0.9093413690343666, 0.9075384968399756, 0.9022431946584489, 0.9242593812385477, 0.9104743978713995, 0.9082291319522321, 0.9111101841693785, 0.9073318625226398, 0.9232850735432566, 0.900619319181462]","[0.9142636107445474, 0.9109952319424025, 0.9056697495109185, 0.9295386167489242, 0.9157112695960355, 0.9141234489412391, 0.9147900156719695, 0.9112896512935463, 0.927005231244762, 0.9070876387717005]","[0.9128540305010894, 0.9104803493449781, 0.9061135371179039, 0.9276315789473685, 0.9126637554585153, 0.9118279569892473, 0.9144736842105263, 0.9104803493449781, 0.9260869565217391, 0.9045553145336226]","[0.9126142921433257, 0.9102899739954613, 0.9056261116082743, 0.927836188711222, 0.9127358306403354, 0.9118306202601164, 0.9144080714185362, 0.9102154612635981, 0.9259082718546641, 0.9044968186492252]","[array([[ 90,   9,   1,   0],
       [  3, 133,   0,   0],
       [  2,   0,  80,   7],
       [  2,   3,  13, 116]]), array([[ 91,   8,   1,   0],
       [  2, 131,   0,   2],
       [  1,   0,  79,   9],
       [  3,   2,  13, 116]]), array([[ 93,   7,   1,   0],
       [  2, 131,   0,   1],
       [  1,   0,  75,  13],
       [  3,   3,  12, 116]]), array([[ 94,   6,   1,   0],
       [  2, 130,   0,   0],
       [  1,   0,  81,   7],
       [  1,   0,  15, 118]]), array([[ 94,   6,   1,   0],
       [  2, 130,   0,   1],
       [  0,   0,  81,   8],
       [  1,   3,  18, 113]]), array([[ 88,  11,   2,   0],
       [  3, 136,   0,   1],
       [  0,   0,  82,   8],
       [  1,   1,  14, 118]]), array([[ 93,   8,   0,   0],
       [  3, 128,   0,   1],
       [  1,   0,  78,  10],
       [  2,   0,  14, 118]]), array([[ 92,   8,   1,   0],
       [  3, 131,   0,   0],
       [  1,   0,  78,  10],
       [  1,   4,  13, 116]]), array([[ 92,   8,   1,   0],
       [  1, 134,   0,   1],
       [  1,   0,  81,   7],
       [  2,   2,  11, 119]]), array([[ 92,   7,   1,   1],
       [  2, 135,   0,   0],
       [  0,   0,  79,  10],
       [  2,   2,  19, 111]])]","[0.6739130434782609, 0.7391304347826086, 0.8043478260869565, 0.717391304347826, 0.8222222222222222, 0.8, 0.7111111111111111, 0.7333333333333333, 0.8222222222222222, 0.7111111111111111]","[0.6739130434782609, 0.7391304347826086, 0.8043478260869565, 0.717391304347826, 0.8222222222222222, 0.8, 0.7111111111111111, 0.7333333333333333, 0.8222222222222222, 0.7111111111111111]","[0.6739130434782609, 0.7391304347826086, 0.8043478260869565, 0.717391304347826, 0.8222222222222222, 0.8, 0.7111111111111111, 0.7333333333333333, 0.8222222222222222, 0.7111111111111111]","[0.6739130434782609, 0.7391304347826086, 0.8043478260869565, 0.717391304347826, 0.8222222222222222, 0.8, 0.7111111111111111, 0.7333333333333333, 0.8222222222222222, 0.7111111111111111]","[0.6754079254079255, 0.7337121212121211, 0.8095848595848596, 0.7146103896103896, 0.823989898989899, 0.8045454545454546, 0.7460526315789473, 0.7433035714285714, 0.8253434065934065, 0.7]","[0.6833333333333333, 0.7319444444444445, 0.8068181818181819, 0.7151515151515151, 0.8188311688311688, 0.8022727272727272, 0.6946969696969696, 0.7222222222222222, 0.8217171717171716, 0.7012626262626263]","[0.6726867335562988, 0.7313058241677124, 0.8035512319028455, 0.7143304970891178, 0.8196785066113559, 0.8023809523809523, 0.7005417956656346, 0.7219807583474815, 0.8211122379986477, 0.6999364352911264]","[0.6853146853146853, 0.7398880105401844, 0.8145458406327972, 0.7226143421795596, 0.8235465768799102, 0.804040404040404, 0.7480701754385964, 0.7360449735449736, 0.8265262515262515, 0.7086419753086419]","[0.6739130434782609, 0.7391304347826086, 0.8043478260869565, 0.717391304347826, 0.8222222222222222, 0.8, 0.7111111111111111, 0.7333333333333333, 0.8222222222222222, 0.7111111111111111]","[0.6721244728806167, 0.738077739014895, 0.8052583711413336, 0.7194260012850718, 0.8212139544262956, 0.8010582010582011, 0.7093223254213966, 0.7253544614223733, 0.8220494327999399, 0.7092295957284516]","[array([[10,  2,  0,  0],
       [ 3,  6,  0,  0],
       [ 0,  0,  7,  3],
       [ 0,  1,  6,  8]]), array([[ 9,  3,  0,  0],
       [ 2,  7,  0,  0],
       [ 0,  0,  6,  4],
       [ 0,  0,  3, 12]]), array([[ 8,  3,  0,  0],
       [ 1,  9,  0,  0],
       [ 0,  0,  8,  2],
       [ 1,  1,  1, 12]]), array([[ 8,  3,  0,  0],
       [ 3,  6,  0,  1],
       [ 0,  0,  8,  2],
       [ 0,  2,  2, 11]]), array([[ 9,  2,  0,  0],
       [ 1,  9,  0,  0],
       [ 0,  0,  7,  3],
       [ 0,  0,  2, 12]]), array([[10,  1,  0,  0],
       [ 0,  9,  0,  1],
       [ 0,  0,  6,  3],
       [ 0,  1,  3, 11]]), array([[ 6,  4,  1,  0],
       [ 0,  6,  0,  3],
       [ 0,  0,  7,  3],
       [ 0,  0,  2, 13]]), array([[11,  0,  0,  0],
       [ 3,  5,  0,  1],
       [ 0,  0,  6,  4],
       [ 0,  1,  3, 11]]), array([[10,  1,  0,  0],
       [ 2,  7,  0,  0],
       [ 0,  0,  8,  2],
       [ 1,  0,  2, 12]]), array([[ 8,  2,  1,  0],
       [ 2,  7,  0,  0],
       [ 2,  0,  5,  3],
       [ 0,  0,  3, 12]])]"
4,"[0.8888888888888888, 0.8930131004366813, 0.8777292576419214, 0.8903508771929824, 0.888646288209607, 0.8838709677419355, 0.8903508771929824, 0.8864628820960698, 0.8869565217391304, 0.8850325379609545]","[0.8888888888888888, 0.8930131004366813, 0.8777292576419214, 0.8903508771929824, 0.888646288209607, 0.8838709677419355, 0.8903508771929824, 0.8864628820960698, 0.8869565217391304, 0.8850325379609545]","[0.8888888888888888, 0.8930131004366813, 0.8777292576419214, 0.8903508771929824, 0.888646288209607, 0.8838709677419355, 0.8903508771929824, 0.8864628820960698, 0.8869565217391304, 0.8850325379609545]","[0.8888888888888888, 0.8930131004366813, 0.8777292576419214, 0.8903508771929824, 0.888646288209607, 0.8838709677419355, 0.8903508771929824, 0.8864628820960698, 0.8869565217391304, 0.8850325379609545]","[0.8864425825592573, 0.8899999980951052, 0.8749855321191107, 0.8879942110938401, 0.8872051745883521, 0.881634336316227, 0.8896862203322514, 0.8833253685830424, 0.8859814777079762, 0.8831218371515233]","[0.8976281801501415, 0.8998887429270624, 0.8846521370231942, 0.8980314317277778, 0.8979978143403031, 0.8926847668775405, 0.9016337226125766, 0.8933339753562812, 0.8974913527127244, 0.891560156182707]","[0.8869000629924475, 0.8914483426548754, 0.8764626474501633, 0.888809579126228, 0.8871827049997909, 0.88228317439717, 0.8890944343931444, 0.8843795197071954, 0.8852890403579041, 0.8834082518489175]","[0.8994875779376259, 0.8992548890823653, 0.8839710346449317, 0.8986023866677794, 0.8986766751020107, 0.8923996060009202, 0.9035784842763125, 0.8937068634769879, 0.8997015913770543, 0.8916565337485726]","[0.8888888888888888, 0.8930131004366813, 0.8777292576419214, 0.8903508771929824, 0.888646288209607, 0.8838709677419355, 0.8903508771929824, 0.8864628820960698, 0.8869565217391304, 0.8850325379609545]","[0.8892084346812777, 0.8926341227228628, 0.8775454559890008, 0.8903293896002635, 0.8883635774339821, 0.8833750970923063, 0.8906160384493121, 0.886169168653316, 0.8870479031793217, 0.8844802674950885]","[array([[ 94,   4,   2,   0],
       [ 13, 123,   0,   0],
       [  1,   0,  85,   3],
       [  2,   4,  22, 106]]), array([[ 95,   4,   1,   0],
       [ 10, 125,   0,   0],
       [  1,   0,  83,   5],
       [  1,   7,  20, 106]]), array([[ 94,   6,   1,   0],
       [ 12, 121,   0,   1],
       [  1,   0,  82,   6],
       [  0,   7,  22, 105]]), array([[ 95,   5,   1,   0],
       [ 11, 121,   0,   0],
       [  1,   0,  84,   4],
       [  1,   5,  22, 106]]), array([[ 97,   3,   1,   0],
       [  9, 123,   0,   1],
       [  1,   0,  84,   4],
       [  0,   6,  26, 103]]), array([[ 96,   4,   1,   0],
       [ 12, 127,   0,   1],
       [  1,   0,  85,   4],
       [  1,   7,  23, 103]]), array([[ 98,   3,   0,   0],
       [ 14, 117,   0,   1],
       [  1,   0,  86,   2],
       [  1,   2,  26, 105]]), array([[ 96,   4,   1,   0],
       [ 10, 124,   0,   0],
       [  1,   0,  82,   6],
       [  1,   6,  23, 104]]), array([[ 96,   4,   1,   0],
       [ 14, 122,   0,   0],
       [  1,   0,  86,   2],
       [  2,   4,  24, 104]]), array([[ 94,   5,   1,   1],
       [  9, 128,   0,   0],
       [  0,   0,  83,   6],
       [  0,   8,  23, 103]])]","[0.7391304347826086, 0.8260869565217391, 0.8478260869565217, 0.782608695652174, 0.8222222222222222, 0.8444444444444444, 0.7333333333333333, 0.7777777777777778, 0.8444444444444444, 0.7555555555555555]","[0.7391304347826086, 0.8260869565217391, 0.8478260869565217, 0.782608695652174, 0.8222222222222222, 0.8444444444444444, 0.7333333333333333, 0.7777777777777778, 0.8444444444444444, 0.7555555555555555]","[0.7391304347826086, 0.8260869565217391, 0.8478260869565217, 0.782608695652174, 0.8222222222222222, 0.8444444444444444, 0.7333333333333333, 0.7777777777777778, 0.8444444444444444, 0.7555555555555555]","[0.7391304347826086, 0.8260869565217391, 0.8478260869565217, 0.782608695652174, 0.8222222222222222, 0.8444444444444444, 0.7333333333333333, 0.7777777777777778, 0.8444444444444444, 0.7555555555555555]","[0.7680555555555556, 0.8392857142857142, 0.8478146853146853, 0.7788461538461539, 0.830905205905206, 0.8464285714285713, 0.7178571428571429, 0.7830086580086579, 0.8573717948717948, 0.7634865134865135]","[0.7472222222222222, 0.8194444444444444, 0.8545454545454545, 0.7856060606060606, 0.8308441558441558, 0.8527777777777777, 0.7179292929292929, 0.7722222222222223, 0.8555555555555556, 0.7522727272727272]","[0.7276190476190475, 0.8245192307692308, 0.8483766233766235, 0.775974025974026, 0.8235697940503433, 0.8488656987295826, 0.7135700321184193, 0.7667980295566503, 0.8526713056764208, 0.7505952380952381]","[0.7789855072463767, 0.8322981366459627, 0.8553511705685619, 0.7859531772575251, 0.8379090045756713, 0.8463492063492064, 0.7265079365079365, 0.7822510822510822, 0.8542735042735043, 0.7694971694971695]","[0.7391304347826086, 0.8260869565217391, 0.8478260869565217, 0.782608695652174, 0.8222222222222222, 0.8444444444444444, 0.7333333333333333, 0.7777777777777778, 0.8444444444444444, 0.7555555555555555]","[0.727950310559006, 0.8250418060200669, 0.8486730660643703, 0.7782796913231695, 0.8224968217645563, 0.8446864287154667, 0.7261260841906003, 0.7706301769750046, 0.8455726427593434, 0.7556084656084656]","[array([[12,  0,  0,  0],
       [ 4,  5,  0,  0],
       [ 0,  0,  9,  1],
       [ 0,  1,  6,  8]]), array([[12,  0,  0,  0],
       [ 2,  7,  0,  0],
       [ 0,  0,  7,  3],
       [ 0,  0,  3, 12]]), array([[ 9,  2,  0,  0],
       [ 1,  9,  0,  0],
       [ 0,  0,  9,  1],
       [ 1,  1,  1, 12]]), array([[10,  1,  0,  0],
       [ 3,  6,  0,  1],
       [ 0,  0,  9,  1],
       [ 0,  1,  3, 11]]), array([[10,  1,  0,  0],
       [ 2,  8,  0,  0],
       [ 0,  0,  9,  1],
       [ 0,  0,  4, 10]]), array([[11,  0,  0,  0],
       [ 0,  9,  0,  1],
       [ 0,  0,  7,  2],
       [ 0,  1,  3, 11]]), array([[ 8,  2,  1,  0],
       [ 2,  4,  0,  3],
       [ 0,  0,  9,  1],
       [ 0,  1,  2, 12]]), array([[11,  0,  0,  0],
       [ 3,  5,  0,  1],
       [ 0,  0,  8,  2],
       [ 0,  1,  3, 11]]), array([[11,  0,  0,  0],
       [ 1,  8,  0,  0],
       [ 0,  0,  8,  2],
       [ 0,  0,  4, 11]]), array([[10,  1,  0,  0],
       [ 3,  6,  0,  0],
       [ 1,  0,  7,  2],
       [ 0,  0,  4, 11]])]"
5,"[0.8736383442265795, 0.8842794759825328, 0.8755458515283843, 0.8859649122807017, 0.868995633187773, 0.8709677419354839, 0.9013157894736842, 0.8777292576419214, 0.8652173913043478, 0.8915401301518439]","[0.8736383442265795, 0.8842794759825328, 0.8755458515283843, 0.8859649122807017, 0.868995633187773, 0.8709677419354839, 0.9013157894736842, 0.8777292576419214, 0.8652173913043478, 0.8915401301518439]","[0.8736383442265795, 0.8842794759825328, 0.8755458515283843, 0.8859649122807017, 0.868995633187773, 0.8709677419354839, 0.9013157894736842, 0.8777292576419214, 0.8652173913043478, 0.8915401301518439]","[0.8736383442265795, 0.8842794759825328, 0.8755458515283843, 0.8859649122807017, 0.868995633187773, 0.8709677419354839, 0.9013157894736842, 0.8777292576419214, 0.8652173913043478, 0.8915401301518439]","[0.8689474070525698, 0.8840320910973085, 0.8735464700554558, 0.8829900104614924, 0.8670580049838302, 0.8678570285960259, 0.8979079502878335, 0.8743324045048182, 0.8620565365360066, 0.8900212194521896]","[0.8720185383393673, 0.8775954497177036, 0.8702475081484335, 0.8815135643197055, 0.8636556348039974, 0.8655044262421977, 0.8970681048483853, 0.8761622829229091, 0.861333729054856, 0.8881156477204571]","[0.8702908129543953, 0.8804231905584095, 0.8715144560188763, 0.8822130129679635, 0.8648883700569094, 0.8664626149442859, 0.8972836751593605, 0.8745947155480225, 0.8616857121685847, 0.8888680205476919]","[0.8745513561882052, 0.8842862567468606, 0.8760811785903592, 0.8858396201795903, 0.8693637105220485, 0.8710254023617555, 0.9010555480320487, 0.8792217207967847, 0.8651602986385595, 0.8921351696026316]","[0.8736383442265795, 0.8842794759825328, 0.8755458515283843, 0.8859649122807017, 0.868995633187773, 0.8709677419354839, 0.9013157894736842, 0.8777292576419214, 0.8652173913043478, 0.8915401301518439]","[0.8739040155975734, 0.8839212535631642, 0.8754385536521103, 0.8858672617992793, 0.8686912243832905, 0.8707834296759344, 0.9010144834055771, 0.8778392543172464, 0.8651804083466427, 0.8916562644826438]","[array([[ 89,   8,   2,   1],
       [ 12, 121,   0,   3],
       [  1,   0,  75,  13],
       [  2,   2,  14, 116]]), array([[ 88,  11,   1,   0],
       [  6, 126,   0,   3],
       [  1,   0,  72,  16],
       [  1,   3,  11, 119]]), array([[ 92,   7,   1,   1],
       [  9, 121,   0,   4],
       [  1,   0,  70,  18],
       [  1,   2,  13, 118]]), array([[ 91,   8,   1,   1],
       [  8, 122,   0,   2],
       [  1,   0,  73,  15],
       [  1,   2,  13, 118]]), array([[ 84,  16,   1,   0],
       [  9, 123,   0,   1],
       [  1,   0,  74,  14],
       [  1,   3,  14, 117]]), array([[ 85,  13,   2,   1],
       [  9, 129,   0,   2],
       [  1,   0,  75,  14],
       [  1,   3,  14, 116]]), array([[ 95,   5,   0,   1],
       [  8, 124,   0,   0],
       [  1,   0,  73,  15],
       [  1,   2,  12, 119]]), array([[ 94,   5,   1,   1],
       [ 12, 119,   0,   3],
       [  1,   0,  73,  15],
       [  3,   2,  13, 116]]), array([[ 89,  10,   1,   1],
       [  9, 123,   0,   4],
       [  1,   0,  72,  16],
       [  2,   3,  15, 114]]), array([[ 90,   9,   1,   1],
       [  6, 128,   0,   3],
       [  0,   0,  76,  13],
       [  0,   3,  14, 117]])]","[0.782608695652174, 0.7608695652173914, 0.7391304347826086, 0.7608695652173914, 0.8222222222222222, 0.7777777777777778, 0.7333333333333333, 0.7777777777777778, 0.8, 0.7555555555555555]","[0.782608695652174, 0.7608695652173914, 0.7391304347826086, 0.7608695652173914, 0.8222222222222222, 0.7777777777777778, 0.7333333333333333, 0.7777777777777778, 0.8, 0.7555555555555555]","[0.782608695652174, 0.7608695652173914, 0.7391304347826086, 0.7608695652173914, 0.8222222222222222, 0.7777777777777778, 0.7333333333333333, 0.7777777777777778, 0.8, 0.7555555555555555]","[0.782608695652174, 0.7608695652173914, 0.7391304347826086, 0.7608695652173914, 0.8222222222222222, 0.7777777777777778, 0.7333333333333333, 0.7777777777777778, 0.8, 0.7555555555555555]","[0.785807942057942, 0.7702205882352942, 0.7569444444444444, 0.7638888888888888, 0.8240079365079366, 0.7943510737628384, 0.7651515151515151, 0.7776663695781343, 0.8020833333333333, 0.746103896103896]","[0.7819444444444444, 0.7527777777777778, 0.7340909090909091, 0.7545454545454544, 0.8211038961038962, 0.7651515151515151, 0.7308080808080808, 0.7628787878787878, 0.7967171717171717, 0.7512626262626263]","[0.7822041920216363, 0.759610423116615, 0.7325189753320682, 0.7576216136413967, 0.8188311688311688, 0.7724431818181818, 0.7271618324749254, 0.7683515690965381, 0.7982736572890026, 0.7479252598581092]","[0.7864825391999304, 0.7636935208866155, 0.7566425120772947, 0.7620772946859904, 0.828395061728395, 0.7917626309783172, 0.7727272727272727, 0.7777414669571532, 0.800925925925926, 0.7590476190476191]","[0.782608695652174, 0.7608695652173914, 0.7391304347826086, 0.7608695652173914, 0.8222222222222222, 0.7777777777777778, 0.7333333333333333, 0.7777777777777778, 0.8, 0.7555555555555555]","[0.782994385160361, 0.7603816125992731, 0.7363418859830048, 0.7599661083313809, 0.8218181818181819, 0.7780050505050506, 0.733259038382378, 0.7757524939800482, 0.7994884910485933, 0.7565638233514821]","[array([[11,  1,  0,  0],
       [ 2,  7,  0,  0],
       [ 0,  0,  7,  3],
       [ 0,  0,  4, 11]]), array([[10,  1,  0,  1],
       [ 2,  7,  0,  0],
       [ 0,  0,  6,  4],
       [ 0,  0,  3, 12]]), array([[ 7,  4,  0,  0],
       [ 1,  9,  0,  0],
       [ 0,  0,  6,  4],
       [ 1,  1,  1, 12]]), array([[ 9,  2,  0,  0],
       [ 2,  7,  0,  1],
       [ 0,  0,  7,  3],
       [ 1,  0,  2, 12]]), array([[ 8,  3,  0,  0],
       [ 1,  9,  0,  0],
       [ 0,  0,  8,  2],
       [ 0,  0,  2, 12]]), array([[ 8,  3,  0,  0],
       [ 1,  8,  0,  1],
       [ 0,  0,  6,  3],
       [ 0,  1,  1, 13]]), array([[ 6,  4,  1,  0],
       [ 0,  7,  0,  2],
       [ 0,  0,  8,  2],
       [ 0,  1,  2, 12]]), array([[ 9,  2,  0,  0],
       [ 2,  6,  0,  1],
       [ 0,  0,  7,  3],
       [ 0,  0,  2, 13]]), array([[10,  1,  0,  0],
       [ 2,  7,  0,  0],
       [ 0,  0,  7,  3],
       [ 0,  0,  3, 12]]), array([[ 8,  3,  0,  0],
       [ 2,  7,  0,  0],
       [ 1,  0,  7,  2],
       [ 0,  0,  3, 12]])]"
6,"[0.8801742919389978, 0.87117903930131, 0.8755458515283843, 0.8728070175438597, 0.8668122270742358, 0.8623655913978494, 0.8793859649122807, 0.8646288209606987, 0.8608695652173913, 0.8741865509761388]","[0.8801742919389978, 0.87117903930131, 0.8755458515283843, 0.8728070175438597, 0.8668122270742358, 0.8623655913978494, 0.8793859649122807, 0.8646288209606987, 0.8608695652173913, 0.8741865509761388]","[0.8801742919389978, 0.87117903930131, 0.8755458515283843, 0.8728070175438597, 0.8668122270742358, 0.8623655913978494, 0.8793859649122807, 0.8646288209606987, 0.8608695652173913, 0.8741865509761388]","[0.8801742919389978, 0.87117903930131, 0.8755458515283843, 0.8728070175438597, 0.8668122270742358, 0.8623655913978494, 0.8793859649122807, 0.8646288209606987, 0.8608695652173913, 0.8741865509761388]","[0.8754701704159157, 0.8667701335055986, 0.8703359250447948, 0.8680270045710253, 0.8620407747196738, 0.8578245461638255, 0.8748892082884179, 0.8602688465567868, 0.856207283072246, 0.870161900172469]","[0.8844618036716616, 0.8747091943528301, 0.8761832455256258, 0.8761704685897066, 0.870714218643852, 0.8645282545312101, 0.8847022919212933, 0.8700185799227249, 0.8636478685391598, 0.8794528449516642]","[0.8776828363923761, 0.8697352197352198, 0.8727116854943311, 0.8702342466716825, 0.8649414209409262, 0.8600807547960347, 0.8772576621450213, 0.8631722307692585, 0.8589944827624816, 0.873231234806633]","[0.8853544195119317, 0.8733145355419398, 0.876867131657759, 0.8773090313929779, 0.8701902612519977, 0.8648303013205105, 0.8847883873055499, 0.869008912559951, 0.8629197043140663, 0.8774518226975356]","[0.8801742919389978, 0.87117903930131, 0.8755458515283843, 0.8728070175438597, 0.8668122270742358, 0.8623655913978494, 0.8793859649122807, 0.8646288209606987, 0.8608695652173913, 0.8741865509761388]","[0.8806724801016378, 0.8712863496706291, 0.8756796821973779, 0.8732800456406481, 0.8671418589383668, 0.8625666358778755, 0.8796207349017331, 0.8649546193610889, 0.8610089079294484, 0.874393148802991]","[array([[ 91,   6,   2,   1],
       [  9, 124,   0,   3],
       [  1,   0,  81,   7],
       [  2,   2,  22, 108]]), array([[ 92,   7,   1,   0],
       [ 13, 118,   0,   4],
       [  1,   0,  78,  10],
       [  2,   4,  17, 111]]), array([[ 94,   6,   1,   0],
       [ 12, 120,   0,   2],
       [  1,   0,  75,  13],
       [  0,   4,  18, 112]]), array([[ 93,   7,   1,   0],
       [ 12, 119,   0,   1],
       [  1,   0,  78,  10],
       [  0,   3,  23, 108]]), array([[ 94,   6,   1,   0],
       [ 13, 116,   0,   4],
       [  1,   0,  77,  11],
       [  1,   3,  21, 110]]), array([[ 89,  10,   2,   0],
       [ 13, 124,   0,   3],
       [  1,   0,  79,  10],
       [  1,   5,  19, 109]]), array([[ 98,   3,   0,   0],
       [ 16, 115,   0,   1],
       [  1,   0,  78,  10],
       [  0,   3,  21, 110]]), array([[ 93,   7,   1,   0],
       [ 15, 115,   0,   4],
       [  1,   0,  79,   9],
       [  1,   3,  21, 109]]), array([[ 91,   9,   1,   0],
       [ 14, 119,   0,   3],
       [  0,   0,  77,  12],
       [  2,   4,  19, 109]]), array([[ 92,   7,   1,   1],
       [ 13, 120,   0,   4],
       [  0,   0,  81,   8],
       [  0,   4,  20, 110]])]","[0.8043478260869565, 0.8478260869565217, 0.8260869565217391, 0.8043478260869565, 0.8444444444444444, 0.7777777777777778, 0.6888888888888889, 0.8222222222222222, 0.7777777777777778, 0.7777777777777778]","[0.8043478260869565, 0.8478260869565217, 0.8260869565217391, 0.8043478260869565, 0.8444444444444444, 0.7777777777777778, 0.6888888888888889, 0.8222222222222222, 0.7777777777777778, 0.7777777777777778]","[0.8043478260869565, 0.8478260869565217, 0.8260869565217391, 0.8043478260869565, 0.8444444444444444, 0.7777777777777778, 0.6888888888888889, 0.8222222222222222, 0.7777777777777778, 0.7777777777777778]","[0.8043478260869565, 0.8478260869565217, 0.8260869565217391, 0.8043478260869565, 0.8444444444444444, 0.7777777777777778, 0.6888888888888889, 0.8222222222222222, 0.7777777777777778, 0.7777777777777778]","[0.8182754745254746, 0.8603896103896104, 0.8288461538461538, 0.8007756132756133, 0.8450369075369075, 0.7772727272727272, 0.7003517316017316, 0.8257440476190476, 0.7826028138528138, 0.7712301587301588]","[0.8152777777777778, 0.8444444444444443, 0.8318181818181818, 0.8045454545454545, 0.8461038961038961, 0.7772727272727272, 0.6924242424242424, 0.8106060606060607, 0.7800505050505051, 0.773989898989899]","[0.8056900452488688, 0.8468919729695592, 0.8254140786749482, 0.8010449662386852, 0.841053391053391, 0.7772727272727272, 0.6884425012374196, 0.8145687237026649, 0.7795954963694622, 0.7719931700816258]","[0.8281256786691569, 0.8568605307735742, 0.8384615384615385, 0.8057986699291046, 0.8529482862816196, 0.7777777777777778, 0.7092231842231842, 0.8237433862433862, 0.7820226070226071, 0.78015873015873]","[0.8043478260869565, 0.8478260869565217, 0.8260869565217391, 0.8043478260869565, 0.8444444444444444, 0.7777777777777778, 0.6888888888888889, 0.8222222222222222, 0.7777777777777778, 0.7777777777777778]","[0.8045701357466063, 0.8474948652047603, 0.8274822216221082, 0.8035290952104858, 0.8443931377264711, 0.7777777777777778, 0.6916181781517534, 0.819908056724326, 0.77828798019291, 0.7782775279027153]","[array([[11,  1,  0,  0],
       [ 2,  7,  0,  0],
       [ 0,  0,  9,  1],
       [ 0,  0,  5, 10]]), array([[12,  0,  0,  0],
       [ 2,  7,  0,  0],
       [ 0,  0,  8,  2],
       [ 0,  0,  3, 12]]), array([[ 8,  3,  0,  0],
       [ 1,  9,  0,  0],
       [ 0,  0,  9,  1],
       [ 1,  1,  1, 12]]), array([[ 9,  2,  0,  0],
       [ 2,  7,  0,  1],
       [ 0,  0,  9,  1],
       [ 1,  0,  2, 12]]), array([[ 8,  3,  0,  0],
       [ 1,  9,  0,  0],
       [ 0,  0,  9,  1],
       [ 0,  0,  2, 12]]), array([[10,  1,  0,  0],
       [ 1,  8,  0,  1],
       [ 0,  0,  6,  3],
       [ 0,  1,  3, 11]]), array([[ 7,  3,  1,  0],
       [ 1,  6,  0,  2],
       [ 0,  0,  8,  2],
       [ 0,  2,  3, 10]]), array([[10,  1,  0,  0],
       [ 2,  6,  0,  1],
       [ 0,  0,  8,  2],
       [ 0,  0,  2, 13]]), array([[10,  1,  0,  0],
       [ 2,  7,  0,  0],
       [ 0,  0,  7,  3],
       [ 0,  0,  4, 11]]), array([[ 9,  2,  0,  0],
       [ 2,  7,  0,  0],
       [ 1,  0,  7,  2],
       [ 0,  0,  3, 12]])]"
7,"[0.8540305010893247, 0.8471615720524017, 0.8427947598253275, 0.8486842105263158, 0.8471615720524017, 0.8473118279569892, 0.8618421052631579, 0.8624454148471615, 0.8478260869565217, 0.8611713665943601]","[0.8540305010893247, 0.8471615720524017, 0.8427947598253275, 0.8486842105263158, 0.8471615720524017, 0.8473118279569892, 0.8618421052631579, 0.8624454148471615, 0.8478260869565217, 0.8611713665943601]","[0.8540305010893247, 0.8471615720524017, 0.8427947598253275, 0.8486842105263158, 0.8471615720524017, 0.8473118279569892, 0.8618421052631579, 0.8624454148471615, 0.8478260869565217, 0.8611713665943601]","[0.8540305010893247, 0.8471615720524017, 0.8427947598253275, 0.8486842105263158, 0.8471615720524017, 0.8473118279569892, 0.8618421052631579, 0.8624454148471615, 0.8478260869565217, 0.8611713665943601]","[0.85162892165938, 0.848618534018476, 0.842879668134377, 0.8470537177819664, 0.8443050065876152, 0.8470602262169, 0.8587434635418261, 0.8596111543956653, 0.8490943492781727, 0.858112244117182]","[0.8510413111244832, 0.8374393947863676, 0.8373279198622529, 0.8427298027052412, 0.8430000632909451, 0.8395221851609468, 0.8560283948485408, 0.8569489160051339, 0.8396451146123284, 0.8591117818147469]","[0.8504936836421317, 0.8418452780367928, 0.839435525692244, 0.8441840865243537, 0.8436119007502576, 0.8427276779508854, 0.8572376044199947, 0.858186108228909, 0.8434086145470018, 0.8582460772583138]","[0.8554372848952705, 0.847995687736265, 0.8442029054398573, 0.8492327474743628, 0.8471308202587869, 0.8477465880258026, 0.8617160845463419, 0.8625053293123189, 0.8486749013986866, 0.8617916620879605]","[0.8540305010893247, 0.8471615720524017, 0.8427947598253275, 0.8486842105263158, 0.8471615720524017, 0.8473118279569892, 0.8618421052631579, 0.8624454148471615, 0.8478260869565217, 0.8611713665943601]","[0.8539736941870838, 0.8464747783686104, 0.8427828712851215, 0.8482657399571033, 0.8471024849065826, 0.8469965788101683, 0.8616338250832073, 0.8623819559582468, 0.84733372544046, 0.8611405073527129]","[array([[ 81,  17,   1,   1],
       [  9, 123,   0,   4],
       [  1,   0,  76,  12],
       [  1,   2,  19, 112]]), array([[ 82,  17,   1,   0],
       [  9, 120,   0,   6],
       [  1,   0,  67,  21],
       [  2,   1,  12, 119]]), array([[ 87,  12,   1,   1],
       [ 12, 114,   0,   8],
       [  1,   0,  68,  20],
       [  0,   2,  15, 117]]), array([[ 81,  18,   1,   1],
       [  8, 121,   0,   3],
       [  1,   0,  72,  16],
       [  2,   2,  17, 113]]), array([[ 84,  16,   1,   0],
       [ 13, 115,   0,   5],
       [  1,   0,  72,  16],
       [  2,   1,  15, 117]]), array([[ 83,  16,   1,   1],
       [  9, 125,   0,   6],
       [  1,   0,  70,  19],
       [  2,   2,  14, 116]]), array([[ 86,  14,   0,   1],
       [  9, 121,   0,   2],
       [  1,   0,  71,  17],
       [  1,   1,  17, 115]]), array([[ 87,  12,   1,   1],
       [  9, 121,   0,   4],
       [  1,   0,  71,  17],
       [  2,   1,  15, 116]]), array([[ 81,  18,   1,   1],
       [  9, 123,   0,   4],
       [  0,   0,  70,  19],
       [  1,   3,  14, 116]]), array([[ 85,  14,   1,   1],
       [ 10, 124,   0,   3],
       [  0,   0,  76,  13],
       [  2,   3,  17, 112]])]","[0.7608695652173914, 0.8260869565217391, 0.7608695652173914, 0.782608695652174, 0.7555555555555555, 0.7777777777777778, 0.6666666666666666, 0.7777777777777778, 0.7777777777777778, 0.7777777777777778]","[0.7608695652173914, 0.8260869565217391, 0.7608695652173914, 0.782608695652174, 0.7555555555555555, 0.7777777777777778, 0.6666666666666666, 0.7777777777777778, 0.7777777777777778, 0.7777777777777778]","[0.7608695652173914, 0.8260869565217391, 0.7608695652173914, 0.782608695652174, 0.7555555555555555, 0.7777777777777778, 0.6666666666666666, 0.7777777777777778, 0.7777777777777778, 0.7777777777777778]","[0.7608695652173914, 0.8260869565217391, 0.7608695652173914, 0.782608695652174, 0.7555555555555555, 0.7777777777777778, 0.6666666666666666, 0.7777777777777778, 0.7777777777777778, 0.7777777777777778]","[0.7684294871794872, 0.8194444444444445, 0.7860554478201537, 0.798611111111111, 0.7694444444444444, 0.7818181818181819, 0.6691017316017316, 0.7697916666666667, 0.7791666666666667, 0.7712301587301588]","[0.7652777777777777, 0.8194444444444445, 0.7568181818181818, 0.7628787878787879, 0.7506493506493507, 0.7712121212121212, 0.6696969696969696, 0.7651515151515152, 0.7767676767676768, 0.773989898989899]","[0.7635446906035142, 0.8194444444444445, 0.7596227621483377, 0.7715504758175373, 0.745273744706594, 0.7747808800939731, 0.6621267117637353, 0.7668202764976959, 0.7762551540140674, 0.7719931700816258]","[0.7695791527313267, 0.8260869565217391, 0.7795764905739329, 0.7952898550724636, 0.7741093474426808, 0.7816161616161617, 0.6786676286676286, 0.7775, 0.7781481481481481, 0.78015873015873]","[0.7608695652173914, 0.8260869565217391, 0.7608695652173914, 0.782608695652174, 0.7555555555555555, 0.7777777777777778, 0.6666666666666666, 0.7777777777777778, 0.7777777777777778, 0.7777777777777778]","[0.7619497126914007, 0.8260869565217391, 0.759454575781163, 0.7801533037125633, 0.7508435840559252, 0.7780769655532466, 0.6658871839997066, 0.7769243898276156, 0.7763602554774031, 0.7782775279027153]","[array([[11,  1,  0,  0],
       [ 2,  7,  0,  0],
       [ 0,  0,  7,  3],
       [ 0,  0,  5, 10]]), array([[10,  2,  0,  0],
       [ 2,  7,  0,  0],
       [ 0,  0,  8,  2],
       [ 0,  0,  2, 13]]), array([[ 8,  3,  0,  0],
       [ 0,  9,  0,  1],
       [ 0,  0,  6,  4],
       [ 1,  1,  1, 12]]), array([[ 9,  2,  0,  0],
       [ 3,  6,  0,  1],
       [ 0,  0,  7,  3],
       [ 0,  1,  0, 14]]), array([[ 6,  5,  0,  0],
       [ 1,  9,  0,  0],
       [ 0,  0,  7,  3],
       [ 0,  0,  2, 12]]), array([[ 9,  2,  0,  0],
       [ 1,  8,  0,  1],
       [ 0,  0,  6,  3],
       [ 0,  1,  2, 12]]), array([[ 6,  4,  1,  0],
       [ 1,  6,  0,  2],
       [ 0,  0,  8,  2],
       [ 1,  1,  3, 10]]), array([[ 8,  3,  0,  0],
       [ 2,  6,  0,  1],
       [ 0,  0,  8,  2],
       [ 0,  0,  2, 13]]), array([[ 9,  2,  0,  0],
       [ 1,  8,  0,  0],
       [ 0,  0,  6,  4],
       [ 0,  0,  3, 12]]), array([[ 9,  2,  0,  0],
       [ 2,  7,  0,  0],
       [ 1,  0,  7,  2],
       [ 0,  0,  3, 12]])]"
8,"[0.8453159041394336, 0.851528384279476, 0.8384279475982532, 0.8552631578947368, 0.8602620087336245, 0.8580645161290322, 0.8662280701754386, 0.8624454148471615, 0.8652173913043478, 0.8590021691973969]","[0.8453159041394336, 0.851528384279476, 0.8384279475982532, 0.8552631578947368, 0.8602620087336245, 0.8580645161290322, 0.8662280701754386, 0.8624454148471615, 0.8652173913043478, 0.8590021691973969]","[0.8453159041394336, 0.851528384279476, 0.8384279475982532, 0.8552631578947368, 0.8602620087336245, 0.8580645161290322, 0.8662280701754386, 0.8624454148471615, 0.8652173913043478, 0.8590021691973969]","[0.8453159041394336, 0.851528384279476, 0.8384279475982532, 0.8552631578947368, 0.8602620087336245, 0.8580645161290322, 0.8662280701754386, 0.8624454148471615, 0.8652173913043478, 0.8590021691973969]","[0.841023879427791, 0.8480027296645771, 0.8333279498112179, 0.8512700634705601, 0.8558301910075039, 0.8534049988154466, 0.8622218673151693, 0.8580866634555473, 0.8610046745242206, 0.8568250018432501]","[0.8484650935671938, 0.8522833553828857, 0.8376456797113553, 0.8577786715448336, 0.8608343487611131, 0.8610367833158582, 0.8674690387452295, 0.8625509121430338, 0.8645797307039302, 0.8627765422849011]","[0.8435537239213243, 0.8498029646212444, 0.834994939271255, 0.8536409196609447, 0.8577920432370562, 0.8562555355643242, 0.8642442632884062, 0.8599181491747871, 0.8626087964323259, 0.8587942113124595]","[0.8480822384926044, 0.8526753169020879, 0.8403064285115595, 0.8573853975899585, 0.8619312203966027, 0.8604549704116388, 0.8677818116082076, 0.8638876736972704, 0.8659156130770281, 0.8606233703630667]","[0.8453159041394336, 0.851528384279476, 0.8384279475982532, 0.8552631578947368, 0.8602620087336245, 0.8580645161290322, 0.8662280701754386, 0.8624454148471615, 0.8652173913043478, 0.8590021691973969]","[0.8456321941792657, 0.851766027274547, 0.8388799404456726, 0.855521788126689, 0.8606116061139738, 0.858383226547234, 0.8664532555256199, 0.8628134448195567, 0.8653980148865059, 0.8589329893885209]","[array([[ 87,  11,   1,   1],
       [ 12, 118,   0,   6],
       [  1,   0,  77,  11],
       [  2,   3,  23, 106]]), array([[ 89,  10,   1,   0],
       [ 13, 115,   0,   7],
       [  1,   0,  74,  14],
       [  1,   3,  18, 112]]), array([[ 89,  10,   1,   1],
       [ 16, 114,   0,   4],
       [  1,   0,  71,  17],
       [  1,   2,  21, 110]]), array([[ 89,  10,   1,   1],
       [ 11, 116,   0,   5],
       [  1,   0,  77,  11],
       [  2,   3,  21, 108]]), array([[ 90,  10,   1,   0],
       [  9, 119,   0,   5],
       [  1,   0,  75,  13],
       [  2,   2,  21, 110]]), array([[ 89,  10,   1,   1],
       [ 14, 121,   0,   5],
       [  1,   0,  79,  10],
       [  1,   3,  20, 110]]), array([[ 88,  12,   0,   1],
       [ 12, 117,   0,   3],
       [  1,   0,  78,  10],
       [  1,   2,  19, 112]]), array([[ 90,   9,   1,   1],
       [  9, 120,   0,   5],
       [  1,   0,  75,  13],
       [  2,   2,  20, 110]]), array([[ 88,  12,   1,   0],
       [ 12, 120,   0,   4],
       [  1,   0,  76,  12],
       [  2,   2,  16, 114]]), array([[ 86,  13,   1,   1],
       [ 12, 119,   0,   6],
       [  0,   0,  81,   8],
       [  1,   5,  18, 110]])]","[0.7608695652173914, 0.782608695652174, 0.8478260869565217, 0.8478260869565217, 0.8222222222222222, 0.7555555555555555, 0.6888888888888889, 0.7777777777777778, 0.7555555555555555, 0.8222222222222222]","[0.7608695652173914, 0.782608695652174, 0.8478260869565217, 0.8478260869565217, 0.8222222222222222, 0.7555555555555555, 0.6888888888888889, 0.7777777777777778, 0.7555555555555555, 0.8222222222222222]","[0.7608695652173914, 0.782608695652174, 0.8478260869565217, 0.8478260869565217, 0.8222222222222222, 0.7555555555555555, 0.6888888888888889, 0.7777777777777778, 0.7555555555555555, 0.8222222222222222]","[0.7608695652173914, 0.782608695652174, 0.8478260869565217, 0.8478260869565217, 0.8222222222222222, 0.7555555555555555, 0.6888888888888889, 0.7777777777777778, 0.7555555555555555, 0.8222222222222222]","[0.7728937728937729, 0.7808080808080808, 0.8534188034188034, 0.8413600288600289, 0.8263888888888888, 0.7568181818181818, 0.6892482517482518, 0.7697916666666667, 0.7595598845598845, 0.823645104895105]","[0.7625, 0.7819444444444443, 0.8484848484848485, 0.8462121212121212, 0.8282467532467532, 0.7545454545454545, 0.6946969696969696, 0.7651515151515152, 0.7623737373737374, 0.8217171717171716]","[0.7581366902019075, 0.7805728088336783, 0.8445842868039665, 0.8420958693585537, 0.8206293706293707, 0.7547619047619047, 0.6821183393265773, 0.7668202764976959, 0.7563218390804598, 0.8189775910364145]","[0.7781892021022456, 0.7845849802371542, 0.8556298773690078, 0.8488534412447456, 0.8358024691358026, 0.7593939393939394, 0.7026806526806527, 0.7775, 0.7660573993907327, 0.8323426573426573]","[0.7608695652173914, 0.782608695652174, 0.8478260869565217, 0.8478260869565217, 0.8222222222222222, 0.7555555555555555, 0.6888888888888889, 0.7777777777777778, 0.7555555555555555, 0.8222222222222222]","[0.7602495435671238, 0.782833738410298, 0.8460153218585215, 0.8467217845800866, 0.8224397824397824, 0.7566137566137567, 0.6863942464857797, 0.7769243898276156, 0.7565772669220945, 0.8234360410830999]","[array([[11,  1,  0,  0],
       [ 3,  6,  0,  0],
       [ 0,  0,  8,  2],
       [ 0,  0,  5, 10]]), array([[ 9,  2,  0,  1],
       [ 2,  7,  0,  0],
       [ 0,  0,  8,  2],
       [ 0,  0,  3, 12]]), array([[ 8,  3,  0,  0],
       [ 0, 10,  0,  0],
       [ 0,  0,  8,  2],
       [ 1,  0,  1, 13]]), array([[ 9,  2,  0,  0],
       [ 2,  7,  0,  1],
       [ 0,  0, 10,  0],
       [ 1,  0,  1, 13]]), array([[ 8,  3,  0,  0],
       [ 1,  9,  0,  0],
       [ 0,  0,  9,  1],
       [ 0,  0,  3, 11]]), array([[ 9,  2,  0,  0],
       [ 1,  8,  0,  1],
       [ 0,  0,  6,  3],
       [ 0,  1,  3, 11]]), array([[ 6,  4,  1,  0],
       [ 1,  6,  0,  2],
       [ 0,  0,  9,  1],
       [ 1,  1,  3, 10]]), array([[ 8,  3,  0,  0],
       [ 2,  6,  0,  1],
       [ 0,  0,  8,  2],
       [ 0,  0,  2, 13]]), array([[ 8,  3,  0,  0],
       [ 1,  8,  0,  0],
       [ 0,  0,  7,  3],
       [ 0,  0,  4, 11]]), array([[10,  1,  0,  0],
       [ 2,  7,  0,  0],
       [ 1,  0,  8,  1],
       [ 0,  0,  3, 12]])]"
9,"[0.8474945533769063, 0.8231441048034934, 0.8384279475982532, 0.8530701754385965, 0.8471615720524017, 0.8473118279569892, 0.8596491228070176, 0.851528384279476, 0.85, 0.8568329718004338]","[0.8474945533769063, 0.8231441048034934, 0.8384279475982532, 0.8530701754385965, 0.8471615720524017, 0.8473118279569892, 0.8596491228070176, 0.851528384279476, 0.85, 0.8568329718004338]","[0.8474945533769063, 0.8231441048034934, 0.8384279475982532, 0.8530701754385965, 0.8471615720524017, 0.8473118279569892, 0.8596491228070176, 0.851528384279476, 0.85, 0.8568329718004338]","[0.8474945533769063, 0.8231441048034934, 0.8384279475982532, 0.8530701754385965, 0.8471615720524017, 0.8473118279569892, 0.8596491228070176, 0.851528384279476, 0.85, 0.8568329718004338]","[0.8480380402845071, 0.8247555324534699, 0.8385282379355582, 0.8531470345167133, 0.8455677213462014, 0.848284339119618, 0.8558178359539202, 0.8530409532233946, 0.8511754785582238, 0.8548450239261989]","[0.843342067751132, 0.8147603120477513, 0.8296053800416097, 0.8464894137409715, 0.8414311386927039, 0.8383875061280115, 0.8556308129555199, 0.8416848204189864, 0.8440588351766587, 0.8519000571578987]","[0.8451270736911471, 0.8188165785600219, 0.8332197899902327, 0.8488127238349364, 0.8432929987192144, 0.8423064765872408, 0.8557126320850075, 0.8461414937686886, 0.8470450615372179, 0.8529976256023439]","[0.8479735279704219, 0.823800569628227, 0.8391672495329404, 0.8540877330258354, 0.847387466359486, 0.8482610974628579, 0.8595728961441035, 0.852791779777873, 0.8509103549166597, 0.8573742192924867]","[0.8474945533769063, 0.8231441048034934, 0.8384279475982532, 0.8530701754385965, 0.8471615720524017, 0.8473118279569892, 0.8596491228070176, 0.851528384279476, 0.85, 0.8568329718004338]","[0.8472143167621694, 0.8225982267525078, 0.8379777767380673, 0.8526065239032494, 0.8470689965600057, 0.8468333184289415, 0.8596013338430822, 0.8510075604505294, 0.849899453908502, 0.8567551629828588]","[array([[ 79,  19,   1,   1],
       [ 10, 119,   0,   7],
       [  1,   0,  75,  13],
       [  1,   3,  14, 116]]), array([[ 80,  19,   1,   0],
       [ 12, 116,   0,   7],
       [  1,   0,  66,  22],
       [  1,   4,  14, 115]]), array([[ 82,  17,   1,   1],
       [ 10, 118,   0,   6],
       [  1,   0,  67,  21],
       [  1,   1,  15, 117]]), array([[ 81,  18,   1,   1],
       [  6, 122,   0,   4],
       [  1,   0,  72,  16],
       [  2,   2,  16, 114]]), array([[ 86,  14,   1,   0],
       [  9, 117,   1,   6],
       [  1,   0,  69,  19],
       [  2,   2,  15, 116]]), array([[ 84,  15,   1,   1],
       [ 10, 124,   0,   6],
       [  1,   0,  68,  21],
       [  2,   2,  12, 118]]), array([[ 87,  13,   0,   1],
       [ 12, 118,   0,   2],
       [  1,   0,  72,  16],
       [  2,   1,  16, 115]]), array([[ 85,  14,   1,   1],
       [  7, 121,   0,   6],
       [  1,   0,  66,  22],
       [  2,   1,  13, 118]]), array([[ 85,  14,   1,   1],
       [ 10, 119,   0,   7],
       [  0,   0,  70,  19],
       [  3,   2,  12, 117]]), array([[ 84,  15,   1,   1],
       [  8, 125,   0,   4],
       [  0,   0,  73,  16],
       [  2,   2,  17, 113]])]","[0.8260869565217391, 0.8260869565217391, 0.8043478260869565, 0.8043478260869565, 0.7777777777777778, 0.7555555555555555, 0.7333333333333333, 0.7777777777777778, 0.7777777777777778, 0.7777777777777778]","[0.8260869565217391, 0.8260869565217391, 0.8043478260869565, 0.8043478260869565, 0.7777777777777778, 0.7555555555555555, 0.7333333333333333, 0.7777777777777778, 0.7777777777777778, 0.7777777777777778]","[0.8260869565217391, 0.8260869565217391, 0.8043478260869565, 0.8043478260869565, 0.7777777777777778, 0.7555555555555555, 0.7333333333333333, 0.7777777777777778, 0.7777777777777778, 0.7777777777777778]","[0.8260869565217391, 0.8260869565217391, 0.8043478260869565, 0.8043478260869565, 0.7777777777777778, 0.7555555555555555, 0.7333333333333333, 0.7777777777777778, 0.7777777777777778, 0.7777777777777778]","[0.829594017094017, 0.828125, 0.8195436507936509, 0.8149732620320855, 0.7777777777777778, 0.7568181818181818, 0.7256944444444444, 0.7906746031746033, 0.7827168746286393, 0.7712301587301588]","[0.8347222222222221, 0.826388888888889, 0.8068181818181819, 0.7901515151515153, 0.7805194805194805, 0.7545454545454545, 0.7229797979797981, 0.7606060606060606, 0.7707070707070707, 0.773989898989899]","[0.8296356421356421, 0.824749189689767, 0.8027777777777778, 0.7981150793650793, 0.772902097902098, 0.7547619047619047, 0.7201526651716406, 0.7685276679841897, 0.7697916666666667, 0.7719931700816258]","[0.8338907469342252, 0.8301630434782609, 0.8189268461007593, 0.8155777726110207, 0.7901234567901235, 0.7593939393939394, 0.7317901234567902, 0.7825396825396825, 0.7843071235228096, 0.78015873015873]","[0.8260869565217391, 0.8260869565217391, 0.8043478260869565, 0.8043478260869565, 0.7777777777777778, 0.7555555555555555, 0.7333333333333333, 0.7777777777777778, 0.7777777777777778, 0.7777777777777778]","[0.8273574251835122, 0.8256037901715912, 0.8024154589371981, 0.8056849551414769, 0.7777933177933178, 0.7566137566137567, 0.7286408678818544, 0.7733347972478408, 0.774537037037037, 0.7782775279027153]","[array([[11,  1,  0,  0],
       [ 1,  8,  0,  0],
       [ 0,  0,  8,  2],
       [ 0,  0,  4, 11]]), array([[ 9,  2,  0,  1],
       [ 1,  8,  0,  0],
       [ 0,  0,  8,  2],
       [ 0,  0,  2, 13]]), array([[ 8,  3,  0,  0],
       [ 0, 10,  0,  0],
       [ 0,  0,  7,  3],
       [ 1,  1,  1, 12]]), array([[ 8,  3,  0,  0],
       [ 2,  7,  0,  1],
       [ 0,  0,  8,  2],
       [ 0,  1,  0, 14]]), array([[ 7,  4,  0,  0],
       [ 2,  8,  0,  0],
       [ 0,  0,  9,  1],
       [ 0,  0,  3, 11]]), array([[ 9,  2,  0,  0],
       [ 1,  8,  0,  1],
       [ 0,  0,  6,  3],
       [ 0,  1,  3, 11]]), array([[ 7,  3,  1,  0],
       [ 1,  5,  0,  3],
       [ 0,  0,  9,  1],
       [ 1,  0,  2, 12]]), array([[10,  1,  0,  0],
       [ 2,  6,  0,  1],
       [ 0,  0,  6,  4],
       [ 0,  0,  2, 13]]), array([[ 8,  3,  0,  0],
       [ 1,  8,  0,  0],
       [ 0,  0,  6,  4],
       [ 0,  0,  2, 13]]), array([[ 9,  2,  0,  0],
       [ 2,  7,  0,  0],
       [ 1,  0,  7,  2],
       [ 0,  0,  3, 12]])]"
10,"[0.8518518518518519, 0.8449781659388647, 0.8493449781659389, 0.8442982456140351, 0.851528384279476, 0.8580645161290322, 0.8662280701754386, 0.8537117903930131, 0.841304347826087, 0.8524945770065075]","[0.8518518518518519, 0.8449781659388647, 0.8493449781659389, 0.8442982456140351, 0.851528384279476, 0.8580645161290322, 0.8662280701754386, 0.8537117903930131, 0.841304347826087, 0.8524945770065075]","[0.8518518518518519, 0.8449781659388647, 0.8493449781659389, 0.8442982456140351, 0.851528384279476, 0.8580645161290322, 0.8662280701754386, 0.8537117903930131, 0.841304347826087, 0.8524945770065075]","[0.8518518518518519, 0.8449781659388647, 0.8493449781659389, 0.8442982456140351, 0.851528384279476, 0.8580645161290322, 0.8662280701754386, 0.8537117903930131, 0.841304347826087, 0.8524945770065075]","[0.8490487678711107, 0.8415186399826883, 0.8468080181797777, 0.8419839213371939, 0.8470951251847533, 0.8556937993020421, 0.8615518071213084, 0.8513782121604556, 0.8390717799191698, 0.8488289811552285]","[0.8555796159651182, 0.8451061639368699, 0.847699426994519, 0.8462030411912564, 0.8527083955051471, 0.8540206499327971, 0.8641143147519514, 0.8510970290388087, 0.8433639865513123, 0.8543087218692234]","[0.850054053446133, 0.8431317249712247, 0.8468963863501721, 0.843633475441413, 0.8493547482806164, 0.8545866388611854, 0.8625487079709145, 0.8509612737174543, 0.8409971849485625, 0.8508302494758248]","[0.8560558868757746, 0.8456344194855372, 0.8504100042683128, 0.8455783155558705, 0.8532637763157391, 0.8587273269374232, 0.8670755888634932, 0.8543963321072072, 0.8417942975793767, 0.853979901722077]","[0.8518518518518519, 0.8449781659388647, 0.8493449781659389, 0.8442982456140351, 0.851528384279476, 0.8580645161290322, 0.8662280701754386, 0.8537117903930131, 0.841304347826087, 0.8524945770065075]","[0.8518962816626987, 0.8451396811521149, 0.8495841670203083, 0.8445490884711016, 0.8518775072637491, 0.8581617820757078, 0.8663797941084888, 0.8538093422679975, 0.8413440903503238, 0.8525675359923159]","[array([[ 82,  16,   1,   1],
       [ 13, 119,   0,   4],
       [  1,   0,  82,   6],
       [  1,   3,  22, 108]]), array([[ 85,  14,   1,   0],
       [ 15, 114,   0,   6],
       [  1,   0,  75,  13],
       [  1,   3,  17, 113]]), array([[ 84,  15,   1,   1],
       [ 11, 117,   0,   6],
       [  1,   0,  75,  13],
       [  0,   2,  19, 113]]), array([[ 87,  12,   1,   1],
       [ 11, 113,   0,   8],
       [  1,   0,  76,  12],
       [  1,   4,  20, 109]]), array([[ 86,  13,   1,   1],
       [ 16, 114,   0,   3],
       [  1,   0,  77,  11],
       [  3,   2,  17, 113]]), array([[ 84,  15,   1,   1],
       [  9, 125,   0,   6],
       [  1,   0,  75,  14],
       [  1,   1,  17, 115]]), array([[ 87,  13,   0,   1],
       [ 11, 120,   0,   1],
       [  1,   0,  75,  13],
       [  1,   1,  19, 113]]), array([[ 85,  14,   1,   1],
       [  9, 120,   0,   5],
       [  1,   0,  74,  14],
       [  1,   3,  18, 112]]), array([[ 85,  14,   1,   1],
       [ 17, 113,   0,   6],
       [  0,   0,  77,  12],
       [  2,   5,  15, 112]]), array([[ 86,  13,   1,   1],
       [ 13, 120,   0,   4],
       [  0,   0,  78,  11],
       [  2,   4,  19, 109]])]","[0.8043478260869565, 0.8043478260869565, 0.7608695652173914, 0.8260869565217391, 0.8, 0.7333333333333333, 0.6888888888888889, 0.7777777777777778, 0.8, 0.7555555555555555]","[0.8043478260869565, 0.8043478260869565, 0.7608695652173914, 0.8260869565217391, 0.8, 0.7333333333333333, 0.6888888888888889, 0.7777777777777778, 0.8, 0.7555555555555555]","[0.8043478260869565, 0.8043478260869565, 0.7608695652173914, 0.8260869565217391, 0.8, 0.7333333333333333, 0.6888888888888889, 0.7777777777777778, 0.8, 0.7555555555555555]","[0.8043478260869565, 0.8043478260869565, 0.7608695652173914, 0.8260869565217391, 0.8, 0.7333333333333333, 0.6888888888888889, 0.7777777777777778, 0.8, 0.7555555555555555]","[0.8110119047619047, 0.802114898989899, 0.7672348484848486, 0.813582251082251, 0.7984848484848485, 0.7297619047619047, 0.684981684981685, 0.7697916666666667, 0.8, 0.7498626373626374]","[0.8069444444444445, 0.798611111111111, 0.7568181818181818, 0.8212121212121212, 0.8032467532467532, 0.7318181818181818, 0.6896464646464646, 0.7651515151515152, 0.8017676767676767, 0.7462121212121211]","[0.8065223738398182, 0.7997740377123267, 0.7580808080808081, 0.8157800798848697, 0.7970362970362971, 0.728616211374832, 0.6819548559053806, 0.7668202764976959, 0.7998120300751879, 0.7458671399594321]","[0.8114648033126294, 0.8044713438735178, 0.769927536231884, 0.8246988518727649, 0.809023569023569, 0.738941798941799, 0.6931759598426265, 0.7775, 0.8022222222222223, 0.7605006105006104]","[0.8043478260869565, 0.8043478260869565, 0.7608695652173914, 0.8260869565217391, 0.8, 0.7333333333333333, 0.6888888888888889, 0.7777777777777778, 0.8, 0.7555555555555555]","[0.8057348331182002, 0.8037380328068785, 0.7619675010979359, 0.8238384893855786, 0.8006216006216006, 0.734066444411272, 0.6860203231717474, 0.7769243898276156, 0.8001670843776107, 0.7559274284426414]","[array([[11,  1,  0,  0],
       [ 1,  7,  0,  1],
       [ 0,  0,  8,  2],
       [ 0,  0,  4, 11]]), array([[ 9,  2,  0,  1],
       [ 2,  7,  0,  0],
       [ 0,  0,  8,  2],
       [ 0,  0,  2, 13]]), array([[ 8,  3,  0,  0],
       [ 2,  8,  0,  0],
       [ 0,  0,  7,  3],
       [ 1,  1,  1, 12]]), array([[ 9,  2,  0,  0],
       [ 3,  6,  0,  1],
       [ 0,  0, 10,  0],
       [ 0,  1,  1, 13]]), array([[ 8,  3,  0,  0],
       [ 2,  8,  0,  0],
       [ 0,  0,  9,  1],
       [ 0,  0,  3, 11]]), array([[ 8,  3,  0,  0],
       [ 2,  8,  0,  0],
       [ 0,  0,  6,  3],
       [ 0,  1,  3, 11]]), array([[ 7,  3,  1,  0],
       [ 1,  5,  0,  3],
       [ 0,  0,  9,  1],
       [ 1,  1,  3, 10]]), array([[ 8,  3,  0,  0],
       [ 2,  6,  0,  1],
       [ 0,  0,  8,  2],
       [ 0,  0,  2, 13]]), array([[ 9,  2,  0,  0],
       [ 1,  8,  0,  0],
       [ 0,  0,  7,  3],
       [ 0,  0,  3, 12]]), array([[ 9,  2,  0,  0],
       [ 3,  6,  0,  0],
       [ 1,  0,  7,  2],
       [ 0,  0,  3, 12]])]"
11,"[0.8344226579520697, 0.8275109170305677, 0.8427947598253275, 0.8201754385964912, 0.8471615720524017, 0.8473118279569892, 0.8640350877192983, 0.8493449781659389, 0.8326086956521739, 0.841648590021692]","[0.8344226579520697, 0.8275109170305677, 0.8427947598253275, 0.8201754385964912, 0.8471615720524017, 0.8473118279569892, 0.8640350877192983, 0.8493449781659389, 0.8326086956521739, 0.841648590021692]","[0.8344226579520697, 0.8275109170305677, 0.8427947598253275, 0.8201754385964912, 0.8471615720524017, 0.8473118279569892, 0.8640350877192983, 0.8493449781659389, 0.8326086956521739, 0.841648590021692]","[0.8344226579520697, 0.8275109170305677, 0.8427947598253275, 0.8201754385964912, 0.8471615720524017, 0.8473118279569892, 0.8640350877192983, 0.8493449781659389, 0.8326086956521739, 0.841648590021692]","[0.8355075881876854, 0.8285398244733111, 0.8428397479350255, 0.8228048995758491, 0.8491848200907148, 0.848725759682085, 0.8625127376532009, 0.8523882356056994, 0.836277092783384, 0.8404514322985959]","[0.8310054774047805, 0.8194349724535872, 0.8383291435801302, 0.813981527072714, 0.8410857894665589, 0.8399846301261257, 0.8588104869517641, 0.839877055372819, 0.8253068835913097, 0.8397938170087464]","[0.8329912939858195, 0.823141926647973, 0.8402652245305917, 0.8172315828507213, 0.8444055223186842, 0.8436350170741015, 0.8604909090981243, 0.8447633890735304, 0.8294023459699453, 0.8398153559258876]","[0.8346856203668063, 0.8283219393305363, 0.8431743877708646, 0.821592652441489, 0.848396502109569, 0.8478533164162779, 0.8638193496492844, 0.8505094325133329, 0.8341054693859011, 0.8422806425399693]","[0.8344226579520697, 0.8275109170305677, 0.8427947598253275, 0.8201754385964912, 0.8471615720524017, 0.8473118279569892, 0.8640350877192983, 0.8493449781659389, 0.8326086956521739, 0.841648590021692]","[0.8342948451185175, 0.827101191763081, 0.8426594375924951, 0.819768581852393, 0.8470441320874761, 0.846916620860663, 0.8637656846461541, 0.8486533877192973, 0.8320364836589049, 0.841702419514629]","[array([[ 80,  18,   1,   1],
       [ 12, 115,   0,   9],
       [  1,   0,  73,  15],
       [  2,   4,  13, 115]]), array([[ 80,  19,   1,   0],
       [ 11, 116,   0,   8],
       [  1,   0,  67,  21],
       [  1,   2,  15, 116]]), array([[ 84,  15,   1,   1],
       [ 13, 114,   0,   7],
       [  1,   0,  71,  17],
       [  1,   3,  13, 117]]), array([[ 77,  22,   1,   1],
       [ 10, 115,   0,   7],
       [  1,   0,  70,  18],
       [  1,   5,  16, 112]]), array([[ 84,  15,   1,   1],
       [ 10, 115,   0,   8],
       [  0,   0,  70,  19],
       [  3,   1,  12, 119]]), array([[ 82,  17,   1,   1],
       [ 11, 123,   0,   6],
       [  1,   0,  71,  18],
       [  2,   3,  11, 118]]), array([[ 83,  17,   0,   1],
       [ 12, 118,   0,   2],
       [  1,   0,  74,  14],
       [  2,   1,  12, 119]]), array([[ 82,  17,   1,   1],
       [  9, 120,   0,   5],
       [  1,   0,  68,  20],
       [  1,   3,  11, 119]]), array([[ 80,  19,   1,   1],
       [ 16, 113,   0,   7],
       [  0,   0,  69,  20],
       [  2,   2,   9, 121]]), array([[ 82,  17,   1,   1],
       [ 11, 118,   0,   8],
       [  0,   0,  75,  14],
       [  2,   2,  17, 113]])]","[0.8043478260869565, 0.8478260869565217, 0.782608695652174, 0.8043478260869565, 0.7555555555555555, 0.7777777777777778, 0.6888888888888889, 0.7555555555555555, 0.7777777777777778, 0.8]","[0.8043478260869565, 0.8478260869565217, 0.782608695652174, 0.8043478260869565, 0.7555555555555555, 0.7777777777777778, 0.6888888888888889, 0.7555555555555555, 0.7777777777777778, 0.8]","[0.8043478260869565, 0.8478260869565217, 0.782608695652174, 0.8043478260869565, 0.7555555555555555, 0.7777777777777778, 0.6888888888888889, 0.7555555555555555, 0.7777777777777778, 0.8]","[0.8043478260869565, 0.8478260869565217, 0.782608695652174, 0.8043478260869565, 0.7555555555555555, 0.7777777777777778, 0.6888888888888889, 0.7555555555555555, 0.7777777777777778, 0.8]","[0.8110119047619047, 0.8531045751633988, 0.8025793650793651, 0.8007575757575758, 0.7544677544677545, 0.7763888888888888, 0.6947786690433749, 0.7601010101010102, 0.779040404040404, 0.8189102564102565]","[0.8069444444444445, 0.8430555555555557, 0.7818181818181817, 0.7984848484848485, 0.7555194805194805, 0.7734848484848484, 0.678030303030303, 0.7378787878787879, 0.779040404040404, 0.7712121212121212]","[0.8065223738398182, 0.8443480861244019, 0.7783523086654016, 0.7988095238095237, 0.750998075998076, 0.7712121212121212, 0.6796052631578947, 0.7446524064171123, 0.7749999999999999, 0.7787433155080214]","[0.8114648033126294, 0.8530832622904235, 0.7987405106970324, 0.807905138339921, 0.7631356298022964, 0.7839506172839507, 0.7005578662441407, 0.7574074074074074, 0.7849607182940516, 0.8192307692307692]","[0.8043478260869565, 0.8478260869565217, 0.782608695652174, 0.8043478260869565, 0.7555555555555555, 0.7777777777777778, 0.6888888888888889, 0.7555555555555555, 0.7777777777777778, 0.8]","[0.8057348331182002, 0.8465909090909092, 0.7783708714902511, 0.805383022774327, 0.7555373844262732, 0.7773737373737374, 0.6881286549707603, 0.751950881362646, 0.7777777777777778, 0.7942067736185382]","[array([[11,  1,  0,  0],
       [ 1,  7,  0,  1],
       [ 0,  0,  8,  2],
       [ 0,  0,  4, 11]]), array([[ 9,  2,  0,  1],
       [ 1,  8,  0,  0],
       [ 0,  0,  8,  2],
       [ 0,  0,  1, 14]]), array([[ 8,  3,  0,  0],
       [ 0, 10,  0,  0],
       [ 0,  0,  6,  4],
       [ 1,  1,  1, 12]]), array([[ 8,  3,  0,  0],
       [ 2,  7,  0,  1],
       [ 0,  0,  9,  1],
       [ 0,  1,  1, 13]]), array([[ 7,  4,  0,  0],
       [ 2,  8,  0,  0],
       [ 0,  0,  8,  2],
       [ 0,  0,  3, 11]]), array([[ 8,  3,  0,  0],
       [ 1,  9,  0,  0],
       [ 0,  0,  6,  3],
       [ 0,  0,  3, 12]]), array([[ 6,  4,  1,  0],
       [ 1,  6,  0,  2],
       [ 0,  0,  7,  3],
       [ 1,  1,  1, 12]]), array([[ 9,  2,  0,  0],
       [ 2,  6,  0,  1],
       [ 0,  0,  6,  4],
       [ 0,  0,  2, 13]]), array([[ 8,  3,  0,  0],
       [ 1,  8,  0,  0],
       [ 0,  0,  7,  3],
       [ 0,  0,  3, 12]]), array([[ 9,  2,  0,  0],
       [ 3,  6,  0,  0],
       [ 1,  0,  6,  3],
       [ 0,  0,  0, 15]])]"
12,"[0.8453159041394336, 0.8318777292576419, 0.8406113537117904, 0.8355263157894737, 0.8558951965065502, 0.8494623655913979, 0.8552631578947368, 0.8471615720524017, 0.8434782608695652, 0.8373101952277657]","[0.8453159041394336, 0.8318777292576419, 0.8406113537117904, 0.8355263157894737, 0.8558951965065502, 0.8494623655913979, 0.8552631578947368, 0.8471615720524017, 0.8434782608695652, 0.8373101952277657]","[0.8453159041394336, 0.8318777292576419, 0.8406113537117904, 0.8355263157894737, 0.8558951965065502, 0.8494623655913979, 0.8552631578947368, 0.8471615720524017, 0.8434782608695652, 0.8373101952277657]","[0.8453159041394336, 0.8318777292576419, 0.8406113537117904, 0.8355263157894737, 0.8558951965065502, 0.8494623655913979, 0.8552631578947368, 0.8471615720524017, 0.8434782608695652, 0.8373101952277657]","[0.8456309672063096, 0.8318467412217412, 0.8388308595339845, 0.8334985225313962, 0.853852566198104, 0.8474480964945664, 0.8512551990493168, 0.8441226917956433, 0.84304826402881, 0.834099609230996]","[0.84426256029831, 0.8256294681399494, 0.8414558921932777, 0.8356063008615132, 0.8555106570891946, 0.8468732774130291, 0.853844010512069, 0.8452241794697665, 0.8389662473771718, 0.8395428550984304]","[0.8430441898527005, 0.8280522768935143, 0.8399586666842009, 0.8344341633135804, 0.8546067795860559, 0.8470408336238758, 0.8520556082463935, 0.8445565342784669, 0.8405733715834351, 0.8358470644784513]","[0.847875296975485, 0.8324160848451242, 0.8411287490913583, 0.8359404228065856, 0.8561048577395644, 0.8493807909461852, 0.8564418696771637, 0.8473762304085207, 0.8433620226552724, 0.8392034006003638]","[0.8453159041394336, 0.8318777292576419, 0.8406113537117904, 0.8355263157894737, 0.8558951965065502, 0.8494623655913979, 0.8552631578947368, 0.8471615720524017, 0.8434782608695652, 0.8373101952277657]","[0.844850935464202, 0.8314797785737951, 0.8406769442460325, 0.8356347261584356, 0.8559365468490979, 0.8493162446491204, 0.8553655678656532, 0.8471604469294767, 0.8430120620734798, 0.8374039332173823]","[array([[ 76,  22,   1,   1],
       [ 11, 120,   0,   5],
       [  1,   0,  80,   8],
       [  0,   4,  18, 112]]), array([[ 78,  21,   1,   0],
       [ 11, 119,   0,   5],
       [  1,   0,  71,  17],
       [  1,   4,  16, 113]]), array([[ 86,  13,   1,   1],
       [ 15, 111,   0,   8],
       [  1,   0,  75,  13],
       [  2,   4,  15, 113]]), array([[ 85,  14,   1,   1],
       [ 13, 112,   0,   7],
       [  1,   0,  74,  14],
       [  1,   5,  18, 110]]), array([[ 86,  13,   1,   1],
       [ 12, 116,   0,   5],
       [  0,   0,  76,  13],
       [  2,   4,  15, 114]]), array([[ 81,  18,   1,   1],
       [ 14, 121,   0,   5],
       [  1,   0,  77,  12],
       [  1,   3,  14, 116]]), array([[ 84,  16,   0,   1],
       [ 13, 118,   0,   1],
       [  1,   0,  76,  12],
       [  1,   2,  19, 112]]), array([[ 83,  16,   1,   1],
       [ 12, 117,   1,   4],
       [  1,   0,  75,  13],
       [  3,   3,  15, 113]]), array([[ 78,  21,   1,   1],
       [ 14, 117,   0,   5],
       [  0,   0,  75,  14],
       [  1,   2,  13, 118]]), array([[ 83,  15,   2,   1],
       [ 15, 117,   0,   5],
       [  0,   0,  78,  11],
       [  1,   5,  20, 108]])]","[0.8043478260869565, 0.8478260869565217, 0.8043478260869565, 0.8260869565217391, 0.7555555555555555, 0.7555555555555555, 0.6666666666666666, 0.7777777777777778, 0.8, 0.8222222222222222]","[0.8043478260869565, 0.8478260869565217, 0.8043478260869565, 0.8260869565217391, 0.7555555555555555, 0.7555555555555555, 0.6666666666666666, 0.7777777777777778, 0.8, 0.8222222222222222]","[0.8043478260869565, 0.8478260869565217, 0.8043478260869565, 0.8260869565217391, 0.7555555555555555, 0.7555555555555555, 0.6666666666666666, 0.7777777777777778, 0.8, 0.8222222222222222]","[0.8043478260869565, 0.8478260869565217, 0.8043478260869565, 0.8260869565217391, 0.7555555555555555, 0.7555555555555555, 0.6666666666666666, 0.7777777777777778, 0.8, 0.8222222222222222]","[0.8183760683760684, 0.8531045751633988, 0.809375, 0.8154761904761905, 0.7544677544677545, 0.7532051282051283, 0.6707386363636363, 0.7738636363636364, 0.8, 0.8312257595345831]","[0.8180555555555554, 0.8430555555555557, 0.7984848484848485, 0.8234848484848485, 0.7555194805194805, 0.7595959595959596, 0.6613636363636363, 0.7712121212121212, 0.8017676767676767, 0.8022727272727272]","[0.8138371290545203, 0.8443480861244019, 0.7991435088209282, 0.8168868487834005, 0.750998075998076, 0.7529334700387331, 0.6603140916808149, 0.7714922332569392, 0.7998120300751879, 0.8090277777777778]","[0.8193979933110368, 0.8530832622904235, 0.8095108695652173, 0.827432712215321, 0.7631356298022964, 0.7657549857549858, 0.6771464646464646, 0.7782828282828282, 0.8022222222222223, 0.8284170078287725]","[0.8043478260869565, 0.8478260869565217, 0.8043478260869565, 0.8260869565217391, 0.7555555555555555, 0.7555555555555555, 0.6666666666666666, 0.7777777777777778, 0.8, 0.8222222222222222]","[0.8075884418039427, 0.8465909090909092, 0.8026346413443186, 0.8243508116071834, 0.7555373844262732, 0.7571327308169414, 0.6665006602527825, 0.7771553065670713, 0.8001670843776107, 0.8182098765432099]","[array([[11,  1,  0,  0],
       [ 0,  8,  0,  1],
       [ 0,  0,  8,  2],
       [ 0,  0,  5, 10]]), array([[ 9,  2,  0,  1],
       [ 1,  8,  0,  0],
       [ 0,  0,  8,  2],
       [ 0,  0,  1, 14]]), array([[ 8,  3,  0,  0],
       [ 1,  9,  0,  0],
       [ 0,  0,  7,  3],
       [ 1,  0,  1, 13]]), array([[ 8,  2,  1,  0],
       [ 2,  7,  0,  1],
       [ 0,  0, 10,  0],
       [ 0,  1,  1, 13]]), array([[ 7,  4,  0,  0],
       [ 2,  8,  0,  0],
       [ 0,  0,  8,  2],
       [ 0,  0,  3, 11]]), array([[ 8,  3,  0,  0],
       [ 2,  8,  0,  0],
       [ 0,  0,  7,  2],
       [ 0,  1,  3, 11]]), array([[ 6,  4,  1,  0],
       [ 1,  6,  0,  2],
       [ 0,  0,  7,  3],
       [ 1,  1,  2, 11]]), array([[ 9,  2,  0,  0],
       [ 2,  6,  0,  1],
       [ 0,  0,  8,  2],
       [ 0,  0,  3, 12]]), array([[ 9,  2,  0,  0],
       [ 1,  8,  0,  0],
       [ 0,  0,  7,  3],
       [ 0,  0,  3, 12]]), array([[10,  1,  0,  0],
       [ 3,  6,  0,  0],
       [ 0,  0,  7,  3],
       [ 0,  0,  1, 14]])]"
13,"[0.8257080610021786, 0.8144104803493449, 0.8296943231441049, 0.8179824561403509, 0.8384279475982532, 0.832258064516129, 0.8399122807017544, 0.8406113537117904, 0.8456521739130435, 0.8438177874186551]","[0.8257080610021786, 0.8144104803493449, 0.8296943231441049, 0.8179824561403509, 0.8384279475982532, 0.832258064516129, 0.8399122807017544, 0.8406113537117904, 0.8456521739130435, 0.8438177874186551]","[0.8257080610021786, 0.8144104803493449, 0.8296943231441049, 0.8179824561403509, 0.8384279475982532, 0.832258064516129, 0.8399122807017544, 0.8406113537117904, 0.8456521739130435, 0.8438177874186551]","[0.8257080610021786, 0.8144104803493449, 0.8296943231441049, 0.8179824561403509, 0.8384279475982532, 0.832258064516129, 0.8399122807017544, 0.8406113537117904, 0.8456521739130435, 0.8438177874186551]","[0.8296738138209285, 0.8169761322977268, 0.8320792802818325, 0.8195308592698034, 0.8423166910538472, 0.8345756753310625, 0.8381741122333035, 0.8429573924621614, 0.8499254935319942, 0.8440567673178365]","[0.8195832881198765, 0.8054197489456587, 0.8240872343145769, 0.809287275155488, 0.8339564285059071, 0.8281869471595348, 0.8386715327578373, 0.8343010030501625, 0.8367553795386049, 0.8394561656388179]","[0.8222662245963038, 0.8098969564646264, 0.8271898648872588, 0.812961797383269, 0.8374345697446368, 0.8299365886763047, 0.8383402860034123, 0.837859351239201, 0.8416177415812246, 0.8413148066456995]","[0.8281304186037671, 0.8150098164304989, 0.8307999452371735, 0.8187790121125728, 0.8399715262909767, 0.8341291102115771, 0.8401250649179721, 0.8417858696881338, 0.8468044912201841, 0.8441290999234383]","[0.8257080610021786, 0.8144104803493449, 0.8296943231441049, 0.8179824561403509, 0.8384279475982532, 0.832258064516129, 0.8399122807017544, 0.8406113537117904, 0.8456521739130435, 0.8438177874186551]","[0.8246598025905955, 0.8134892128963537, 0.8293535760345724, 0.8169927668964513, 0.8384969430418252, 0.8316908671151955, 0.8399250814483582, 0.8404423168979634, 0.8445874225479345, 0.8435593416559576]","[array([[ 71,  27,   1,   1],
       [ 10, 120,   0,   6],
       [  1,   0,  75,  13],
       [  1,   5,  15, 113]]), array([[ 74,  25,   1,   0],
       [ 15, 113,   0,   7],
       [  1,   0,  68,  20],
       [  1,   3,  12, 118]]), array([[ 79,  20,   1,   1],
       [ 12, 112,   0,  10],
       [  1,   0,  71,  17],
       [  0,   2,  14, 118]]), array([[ 74,  25,   1,   1],
       [ 12, 113,   0,   7],
       [  1,   0,  69,  19],
       [  1,   1,  15, 117]]), array([[ 83,  16,   1,   1],
       [ 10, 113,   0,  10],
       [  0,   0,  71,  18],
       [  1,   4,  13, 117]]), array([[ 81,  18,   1,   1],
       [ 21, 111,   0,   8],
       [  0,   0,  72,  18],
       [  1,   1,   9, 123]]), array([[ 84,  16,   0,   1],
       [ 15, 110,   0,   7],
       [  1,   0,  74,  14],
       [  1,   2,  16, 115]]), array([[ 82,  17,   1,   1],
       [ 10, 116,   0,   8],
       [  0,   0,  70,  19],
       [  2,   2,  13, 117]]), array([[ 76,  23,   1,   1],
       [ 12, 118,   0,   6],
       [  0,   0,  72,  17],
       [  1,   1,   9, 123]]), array([[ 80,  18,   2,   1],
       [ 12, 119,   0,   6],
       [  0,   0,  74,  15],
       [  1,   4,  13, 116]])]","[0.8260869565217391, 0.8478260869565217, 0.6956521739130435, 0.8043478260869565, 0.7777777777777778, 0.8, 0.6888888888888889, 0.7555555555555555, 0.7555555555555555, 0.8222222222222222]","[0.8260869565217391, 0.8478260869565217, 0.6956521739130435, 0.8043478260869565, 0.7777777777777778, 0.8, 0.6888888888888889, 0.7555555555555555, 0.7555555555555555, 0.8222222222222222]","[0.8260869565217391, 0.8478260869565217, 0.6956521739130435, 0.8043478260869565, 0.7777777777777778, 0.8, 0.6888888888888889, 0.7555555555555555, 0.7555555555555555, 0.8222222222222222]","[0.8260869565217391, 0.8478260869565217, 0.6956521739130435, 0.8043478260869565, 0.7777777777777778, 0.8, 0.6888888888888889, 0.7555555555555555, 0.7555555555555555, 0.8222222222222222]","[0.8461538461538461, 0.8531045751633988, 0.7209821428571429, 0.8007575757575758, 0.7751748251748253, 0.8160714285714286, 0.7021199388846449, 0.7597222222222222, 0.751104797979798, 0.8312257595345831]","[0.8388888888888889, 0.8430555555555557, 0.6886363636363637, 0.7984848484848485, 0.7782467532467532, 0.7984848484848486, 0.678030303030303, 0.7512626262626263, 0.7452020202020202, 0.8022727272727272]","[0.8377785896967482, 0.8443480861244019, 0.6819847872978804, 0.7988095238095237, 0.7751322751322751, 0.7953302373581013, 0.6791666666666667, 0.7527589134125636, 0.7438879456706282, 0.8090277777777778]","[0.8411371237458194, 0.8530832622904235, 0.7239906832298137, 0.807905138339921, 0.7820357420357422, 0.8198412698412697, 0.709464391817333, 0.7628395061728395, 0.7610690235690236, 0.8284170078287725]","[0.8260869565217391, 0.8478260869565217, 0.6956521739130435, 0.8043478260869565, 0.7777777777777778, 0.8, 0.6888888888888889, 0.7555555555555555, 0.7555555555555555, 0.8222222222222222]","[0.8291607758415275, 0.8465909090909092, 0.6892590171610055, 0.805383022774327, 0.7783656672545561, 0.7988762756564615, 0.6885185185185185, 0.7565440482927749, 0.7544236936427089, 0.8182098765432099]","[array([[12,  0,  0,  0],
       [ 0,  8,  0,  1],
       [ 0,  0,  8,  2],
       [ 0,  0,  5, 10]]), array([[ 9,  2,  0,  1],
       [ 1,  8,  0,  0],
       [ 0,  0,  8,  2],
       [ 0,  0,  1, 14]]), array([[ 5,  6,  0,  0],
       [ 1,  9,  0,  0],
       [ 0,  0,  6,  4],
       [ 1,  1,  1, 12]]), array([[ 8,  3,  0,  0],
       [ 2,  7,  0,  1],
       [ 0,  0,  9,  1],
       [ 0,  1,  1, 13]]), array([[ 8,  3,  0,  0],
       [ 2,  8,  0,  0],
       [ 0,  0,  8,  2],
       [ 0,  0,  3, 11]]), array([[ 8,  3,  0,  0],
       [ 0, 10,  0,  0],
       [ 0,  0,  6,  3],
       [ 0,  1,  2, 12]]), array([[ 6,  4,  1,  0],
       [ 1,  6,  0,  2],
       [ 0,  0,  7,  3],
       [ 0,  1,  2, 12]]), array([[ 8,  3,  0,  0],
       [ 1,  7,  0,  1],
       [ 0,  0,  7,  3],
       [ 0,  0,  3, 12]]), array([[ 7,  4,  0,  0],
       [ 2,  7,  0,  0],
       [ 0,  0,  7,  3],
       [ 0,  0,  2, 13]]), array([[10,  1,  0,  0],
       [ 3,  6,  0,  0],
       [ 0,  0,  7,  3],
       [ 0,  0,  1, 14]])]"
14,"[0.8257080610021786, 0.8144104803493449, 0.8406113537117904, 0.8201754385964912, 0.8253275109170306, 0.8279569892473119, 0.8486842105263158, 0.8384279475982532, 0.8478260869565217, 0.824295010845987]","[0.8257080610021786, 0.8144104803493449, 0.8406113537117904, 0.8201754385964912, 0.8253275109170306, 0.8279569892473119, 0.8486842105263158, 0.8384279475982532, 0.8478260869565217, 0.824295010845987]","[0.8257080610021786, 0.8144104803493449, 0.8406113537117904, 0.8201754385964912, 0.8253275109170306, 0.8279569892473119, 0.8486842105263158, 0.8384279475982532, 0.8478260869565217, 0.824295010845987]","[0.8257080610021786, 0.8144104803493449, 0.8406113537117904, 0.8201754385964912, 0.8253275109170306, 0.8279569892473119, 0.8486842105263158, 0.8384279475982532, 0.8478260869565217, 0.824295010845987]","[0.8241479057512274, 0.8125244849300705, 0.8380419248648976, 0.817499412593985, 0.8226990601990603, 0.8243819469739616, 0.8459269961579139, 0.8385446899723819, 0.8476698130048645, 0.8222102171985816]","[0.8256671903207032, 0.8101639741368066, 0.8399609057836859, 0.8209102741986424, 0.8237351515275997, 0.8282338601664004, 0.847886357686582, 0.8374856582589334, 0.847493451414767, 0.8240647415948734]","[0.8231957824121228, 0.8109272875816993, 0.8386850284029149, 0.8189312844480763, 0.8231838710013872, 0.8260363603081126, 0.8464945400873384, 0.8376318023158171, 0.847320629764251, 0.8225613803193558]","[0.8283912014725324, 0.8141410823466427, 0.8412523242600224, 0.8207269613177681, 0.8253261658283493, 0.8286672420613516, 0.8494354710743793, 0.8389729040699643, 0.8476518692722188, 0.8251442766265134]","[0.8257080610021786, 0.8144104803493449, 0.8406113537117904, 0.8201754385964912, 0.8253275109170306, 0.8279569892473119, 0.8486842105263158, 0.8384279475982532, 0.8478260869565217, 0.824295010845987]","[0.8255019579164428, 0.8138970945001, 0.8406723337274036, 0.8202175813244436, 0.8252993634994401, 0.8280790975960127, 0.8486882680554202, 0.8383686546800782, 0.8474684768362682, 0.8242006918098954]","[array([[ 76,  21,   2,   1],
       [ 14, 117,   0,   5],
       [  1,   0,  78,  10],
       [  0,   5,  21, 108]]), array([[ 74,  25,   1,   0],
       [ 17, 111,   0,   7],
       [  0,   0,  73,  16],
       [  1,   1,  17, 115]]), array([[ 82,  17,   1,   1],
       [ 15, 113,   0,   6],
       [  0,   0,  76,  13],
       [  0,   2,  18, 114]]), array([[ 81,  18,   1,   1],
       [ 18, 107,   0,   7],
       [  0,   0,  75,  14],
       [  1,   3,  19, 111]]), array([[ 80,  19,   1,   1],
       [ 19, 109,   0,   5],
       [  0,   1,  74,  14],
       [  1,   3,  16, 115]]), array([[ 82,  17,   1,   1],
       [ 17, 117,   0,   6],
       [  1,   0,  76,  13],
       [  1,   4,  19, 110]]), array([[ 82,  18,   0,   1],
       [ 14, 115,   0,   3],
       [  0,   0,  77,  12],
       [  1,   2,  18, 113]]), array([[ 81,  18,   1,   1],
       [ 12, 114,   0,   8],
       [  0,   0,  76,  13],
       [  1,   4,  16, 113]]), array([[ 81,  18,   1,   1],
       [ 15, 112,   0,   9],
       [  0,   0,  78,  11],
       [  1,   2,  12, 119]]), array([[ 79,  20,   1,   1],
       [ 16, 116,   0,   5],
       [  0,   0,  76,  13],
       [  1,   5,  19, 109]])]","[0.8260869565217391, 0.8043478260869565, 0.782608695652174, 0.8043478260869565, 0.7555555555555555, 0.8444444444444444, 0.6444444444444445, 0.7777777777777778, 0.8222222222222222, 0.8888888888888888]","[0.8260869565217391, 0.8043478260869565, 0.782608695652174, 0.8043478260869565, 0.7555555555555555, 0.8444444444444444, 0.6444444444444445, 0.7777777777777778, 0.8222222222222222, 0.8888888888888888]","[0.8260869565217391, 0.8043478260869565, 0.782608695652174, 0.8043478260869565, 0.7555555555555555, 0.8444444444444444, 0.6444444444444445, 0.7777777777777778, 0.8222222222222222, 0.8888888888888888]","[0.8260869565217391, 0.8043478260869565, 0.782608695652174, 0.8043478260869565, 0.7555555555555555, 0.8444444444444444, 0.6444444444444445, 0.7777777777777778, 0.8222222222222222, 0.8888888888888888]","[0.8461538461538461, 0.807165404040404, 0.7871031746031746, 0.7958333333333333, 0.7544677544677545, 0.8418650793650795, 0.66504329004329, 0.7738636363636364, 0.8246527777777778, 0.9047619047619048]","[0.8388888888888889, 0.8055555555555555, 0.778030303030303, 0.7962121212121213, 0.7555194805194805, 0.8457070707070707, 0.6446969696969697, 0.7712121212121212, 0.8133838383838384, 0.8833333333333333]","[0.8377785896967482, 0.8001536098310292, 0.7725877192982457, 0.7952135774218154, 0.750998075998076, 0.839209701369411, 0.6428571428571428, 0.7714922332569392, 0.8171616029596308, 0.8794155844155844]","[0.8411371237458194, 0.8130352437417655, 0.7949447895100069, 0.8025362318840579, 0.7631356298022964, 0.8534744268077601, 0.6731601731601731, 0.7782828282828282, 0.8223765432098765, 0.9105820105820105]","[0.8260869565217391, 0.8043478260869565, 0.782608695652174, 0.8043478260869565, 0.7555555555555555, 0.8444444444444444, 0.6444444444444445, 0.7777777777777778, 0.8222222222222222, 0.8888888888888888]","[0.8291607758415275, 0.8026848326988578, 0.7797482837528603, 0.8027061983882201, 0.7555373844262732, 0.84464536471796, 0.6476190476190475, 0.7771553065670713, 0.8205788513579689, 0.8866551226551227]","[array([[12,  0,  0,  0],
       [ 0,  8,  0,  1],
       [ 0,  0,  8,  2],
       [ 0,  0,  5, 10]]), array([[ 8,  3,  0,  1],
       [ 1,  8,  0,  0],
       [ 0,  0,  8,  2],
       [ 0,  0,  2, 13]]), array([[ 6,  5,  0,  0],
       [ 1,  9,  0,  0],
       [ 0,  0,  8,  2],
       [ 1,  0,  1, 13]]), array([[ 9,  2,  0,  0],
       [ 3,  6,  0,  1],
       [ 0,  0,  9,  1],
       [ 0,  1,  1, 13]]), array([[ 7,  4,  0,  0],
       [ 2,  8,  0,  0],
       [ 0,  0,  8,  2],
       [ 0,  0,  3, 11]]), array([[ 8,  3,  0,  0],
       [ 1,  9,  0,  0],
       [ 0,  0,  8,  1],
       [ 0,  0,  2, 13]]), array([[ 6,  4,  1,  0],
       [ 1,  6,  0,  2],
       [ 0,  0,  7,  3],
       [ 0,  2,  3, 10]]), array([[ 9,  2,  0,  0],
       [ 2,  6,  0,  1],
       [ 0,  0,  8,  2],
       [ 0,  0,  3, 12]]), array([[10,  1,  0,  0],
       [ 2,  7,  0,  0],
       [ 0,  0,  7,  3],
       [ 0,  0,  2, 13]]), array([[11,  0,  0,  0],
       [ 3,  6,  0,  0],
       [ 0,  0, 10,  0],
       [ 0,  0,  2, 13]])]"
15,"[0.8169934640522876, 0.8209606986899564, 0.8253275109170306, 0.8179824561403509, 0.8362445414847162, 0.8344086021505376, 0.8377192982456141, 0.8165938864628821, 0.8239130434782609, 0.8221258134490239]","[0.8169934640522876, 0.8209606986899564, 0.8253275109170306, 0.8179824561403509, 0.8362445414847162, 0.8344086021505376, 0.8377192982456141, 0.8165938864628821, 0.8239130434782609, 0.8221258134490239]","[0.8169934640522876, 0.8209606986899564, 0.8253275109170306, 0.8179824561403509, 0.8362445414847162, 0.8344086021505376, 0.8377192982456141, 0.8165938864628821, 0.8239130434782609, 0.8221258134490239]","[0.8169934640522876, 0.8209606986899564, 0.8253275109170306, 0.8179824561403509, 0.8362445414847162, 0.8344086021505376, 0.8377192982456141, 0.8165938864628821, 0.8239130434782609, 0.8221258134490239]","[0.8199142156862744, 0.8262884316373665, 0.8245961595340477, 0.8208744402663294, 0.8388164134116121, 0.833718899737752, 0.8380355327620043, 0.8189684690555399, 0.8278766874022898, 0.8198394726247987]","[0.8144697571297511, 0.8131985670896454, 0.8250145700466407, 0.8111173738956992, 0.8302065422390849, 0.830484980800852, 0.83353731147054, 0.8107307355756539, 0.8162669015715335, 0.8194099727098636]","[0.8154958818871054, 0.8178107448025288, 0.8246100224312194, 0.8147482143215622, 0.8337379408782242, 0.8318736166690684, 0.8354159269456286, 0.8140022794234751, 0.8207582110099323, 0.819434420529353]","[0.818891594401014, 0.8229370763426184, 0.8257110140575925, 0.8187832020598368, 0.8369175653133099, 0.8344962291425573, 0.8379564915488329, 0.8175024356199746, 0.8250995829878753, 0.8222802290406978]","[0.8169934640522876, 0.8209606986899564, 0.8253275109170306, 0.8179824561403509, 0.8362445414847162, 0.8344086021505376, 0.8377192982456141, 0.8165938864628821, 0.8239130434782609, 0.8221258134490239]","[0.8164320356392918, 0.8201159247681861, 0.8253262271029234, 0.8171869855343515, 0.8358269415407323, 0.8342168450239064, 0.8374829000260788, 0.8162368379279097, 0.8232604270807466, 0.8220403312261291]","[array([[ 73,  25,   1,   1],
       [ 11, 115,   0,  10],
       [  0,   0,  76,  13],
       [  1,   4,  18, 111]]), array([[ 73,  26,   1,   0],
       [ 11, 114,   0,  10],
       [  0,   0,  71,  18],
       [  1,   2,  13, 118]]), array([[ 82,  17,   1,   1],
       [ 16, 109,   0,   9],
       [  0,   0,  74,  15],
       [  0,   4,  17, 113]]), array([[ 74,  25,   1,   1],
       [ 14, 111,   0,   7],
       [  0,   0,  71,  18],
       [  1,   3,  13, 117]]), array([[ 80,  19,   1,   1],
       [ 14, 112,   0,   7],
       [  0,   0,  71,  18],
       [  1,   3,  11, 120]]), array([[ 81,  18,   1,   1],
       [ 17, 117,   0,   6],
       [  0,   0,  73,  17],
       [  1,   3,  13, 117]]), array([[ 80,  20,   0,   1],
       [ 12, 114,   0,   6],
       [  1,   0,  73,  15],
       [  1,   3,  15, 115]]), array([[ 77,  22,   1,   1],
       [ 13, 113,   0,   8],
       [  0,   0,  70,  19],
       [  1,   4,  15, 114]]), array([[ 76,  23,   1,   1],
       [ 13, 116,   0,   7],
       [  0,   0,  70,  19],
       [  1,   4,  12, 117]]), array([[ 79,  19,   2,   1],
       [ 16, 115,   0,   6],
       [  0,   0,  73,  16],
       [  1,   4,  17, 112]])]","[0.8043478260869565, 0.8260869565217391, 0.7608695652173914, 0.8043478260869565, 0.7555555555555555, 0.8, 0.6888888888888889, 0.8222222222222222, 0.7333333333333333, 0.8]","[0.8043478260869565, 0.8260869565217391, 0.7608695652173914, 0.8043478260869565, 0.7555555555555555, 0.8, 0.6888888888888889, 0.8222222222222222, 0.7333333333333333, 0.8]","[0.8043478260869565, 0.8260869565217391, 0.7608695652173914, 0.8043478260869565, 0.7555555555555555, 0.8, 0.6888888888888889, 0.8222222222222222, 0.7333333333333333, 0.8]","[0.8043478260869565, 0.8260869565217391, 0.7608695652173914, 0.8043478260869565, 0.7555555555555555, 0.8, 0.6888888888888889, 0.8222222222222222, 0.7333333333333333, 0.8]","[0.8183760683760684, 0.8401663695781343, 0.8117121848739496, 0.7962121212121213, 0.7544677544677545, 0.8107638888888888, 0.7021199388846449, 0.8318181818181818, 0.7234848484848484, 0.790530303030303]","[0.8180555555555554, 0.8291666666666667, 0.753030303030303, 0.7984848484848485, 0.7555194805194805, 0.7929292929292929, 0.678030303030303, 0.8267676767676768, 0.7234848484848484, 0.7901515151515152]","[0.8138371290545203, 0.8266212406015038, 0.749599358974359, 0.7964285714285714, 0.750998075998076, 0.797377954114197, 0.6791666666666667, 0.8260025062656642, 0.7234848484848484, 0.7892411510058569]","[0.8193979933110368, 0.8393913560153969, 0.8075904274753379, 0.8039525691699605, 0.7631356298022964, 0.8112654320987654, 0.709464391817333, 0.8327272727272726, 0.7333333333333333, 0.7984848484848485]","[0.8043478260869565, 0.8260869565217391, 0.7608695652173914, 0.8043478260869565, 0.7555555555555555, 0.8, 0.6888888888888889, 0.8222222222222222, 0.7333333333333333, 0.8]","[0.8075884418039427, 0.8248181595292579, 0.7546335005574135, 0.8033126293995858, 0.7555373844262732, 0.8014474919977765, 0.6885185185185185, 0.824399888610415, 0.7333333333333333, 0.7983193277310925]","[array([[11,  1,  0,  0],
       [ 0,  8,  0,  1],
       [ 0,  0,  8,  2],
       [ 0,  0,  5, 10]]), array([[ 9,  2,  0,  1],
       [ 0,  9,  0,  0],
       [ 0,  0,  7,  3],
       [ 0,  0,  2, 13]]), array([[ 6,  5,  0,  0],
       [ 0, 10,  0,  0],
       [ 0,  0,  6,  4],
       [ 1,  1,  0, 13]]), array([[ 8,  2,  1,  0],
       [ 2,  7,  0,  1],
       [ 0,  0,  9,  1],
       [ 0,  1,  1, 13]]), array([[ 7,  4,  0,  0],
       [ 2,  8,  0,  0],
       [ 0,  0,  8,  2],
       [ 0,  0,  3, 11]]), array([[ 8,  3,  0,  0],
       [ 1,  8,  0,  1],
       [ 0,  0,  7,  2],
       [ 0,  1,  1, 13]]), array([[ 6,  4,  1,  0],
       [ 1,  6,  0,  2],
       [ 0,  0,  7,  3],
       [ 0,  1,  2, 12]]), array([[ 9,  2,  0,  0],
       [ 0,  8,  0,  1],
       [ 0,  0,  8,  2],
       [ 0,  0,  3, 12]]), array([[ 8,  3,  0,  0],
       [ 3,  6,  0,  0],
       [ 0,  0,  7,  3],
       [ 0,  0,  3, 12]]), array([[ 8,  2,  0,  1],
       [ 3,  6,  0,  0],
       [ 0,  0,  9,  1],
       [ 0,  0,  2, 13]])]"
16,"[0.8344226579520697, 0.8100436681222707, 0.834061135371179, 0.8289473684210527, 0.8253275109170306, 0.8150537634408602, 0.8333333333333334, 0.834061135371179, 0.8304347826086956, 0.8047722342733189]","[0.8344226579520697, 0.8100436681222707, 0.834061135371179, 0.8289473684210527, 0.8253275109170306, 0.8150537634408602, 0.8333333333333334, 0.834061135371179, 0.8304347826086956, 0.8047722342733189]","[0.8344226579520697, 0.8100436681222707, 0.834061135371179, 0.8289473684210527, 0.8253275109170306, 0.8150537634408602, 0.8333333333333334, 0.834061135371179, 0.8304347826086956, 0.8047722342733189]","[0.8344226579520697, 0.8100436681222707, 0.834061135371179, 0.8289473684210527, 0.8253275109170306, 0.8150537634408602, 0.8333333333333334, 0.834061135371179, 0.8304347826086956, 0.8047722342733189]","[0.8346768298337779, 0.813074599330723, 0.8329702987619447, 0.8273989079348363, 0.8228889631798871, 0.8106973760509111, 0.8310301935659761, 0.8347960151802656, 0.8348991896445181, 0.8010665818490246]","[0.8327771009460299, 0.8067416196172694, 0.8325351632094284, 0.8269331387691847, 0.826189278836081, 0.811945165731925, 0.83410400930249, 0.8328109978530973, 0.8205624556879636, 0.8073655492869709]","[0.8319830785562894, 0.8089344458503569, 0.8320006244741378, 0.8268648679362964, 0.824321873571142, 0.8110606832628493, 0.8319266875200868, 0.8333253611604127, 0.8256038912068063, 0.8035035580827297]","[0.8362076613591172, 0.810884563160627, 0.8351749423900945, 0.8294036648555708, 0.8255444343430001, 0.8156289822453225, 0.8345101631703304, 0.8349746857469568, 0.8321498838470391, 0.8056660944695586]","[0.8344226579520697, 0.8100436681222707, 0.834061135371179, 0.8289473684210527, 0.8253275109170306, 0.8150537634408602, 0.8333333333333334, 0.834061135371179, 0.8304347826086956, 0.8047722342733189]","[0.8337519915582565, 0.8095618947365701, 0.8339821347242665, 0.8289157213342678, 0.8252237012095123, 0.8151171455111519, 0.8333960794211287, 0.8340999573431033, 0.8292740758993301, 0.8046163672520411]","[array([[ 74,  24,   1,   1],
       [ 12, 118,   0,   6],
       [  0,   0,  79,  10],
       [  1,   3,  18, 112]]), array([[ 73,  26,   1,   0],
       [ 14, 111,   0,  10],
       [  0,   0,  74,  15],
       [  1,   5,  15, 113]]), array([[ 79,  20,   1,   1],
       [ 13, 113,   0,   8],
       [  0,   0,  76,  13],
       [  0,   1,  19, 114]]), array([[ 80,  19,   1,   1],
       [ 14, 111,   0,   7],
       [  0,   0,  74,  15],
       [  1,   2,  18, 113]]), array([[ 81,  18,   1,   1],
       [ 20, 106,   0,   7],
       [  0,   0,  76,  13],
       [  1,   3,  16, 115]]), array([[ 78,  20,   2,   1],
       [ 18, 116,   0,   6],
       [  0,   0,  73,  17],
       [  1,   1,  20, 112]]), array([[ 81,  19,   0,   1],
       [ 14, 111,   0,   7],
       [  0,   0,  77,  12],
       [  1,   1,  21, 111]]), array([[ 81,  18,   1,   1],
       [ 11, 114,   0,   9],
       [  0,   0,  75,  14],
       [  1,   4,  17, 112]]), array([[ 74,  25,   1,   1],
       [ 11, 119,   0,   6],
       [  0,   0,  70,  19],
       [  1,   2,  12, 119]]), array([[ 77,  21,   2,   1],
       [ 22, 107,   0,   8],
       [  0,   0,  77,  12],
       [  1,   3,  20, 110]])]","[0.8043478260869565, 0.8478260869565217, 0.782608695652174, 0.7608695652173914, 0.7555555555555555, 0.8444444444444444, 0.7333333333333333, 0.8, 0.7777777777777778, 0.8444444444444444]","[0.8043478260869565, 0.8478260869565217, 0.782608695652174, 0.7608695652173914, 0.7555555555555555, 0.8444444444444444, 0.7333333333333333, 0.8, 0.7777777777777778, 0.8444444444444444]","[0.8043478260869565, 0.8478260869565217, 0.782608695652174, 0.7608695652173914, 0.7555555555555555, 0.8444444444444444, 0.7333333333333333, 0.8, 0.7777777777777778, 0.8444444444444444]","[0.8043478260869565, 0.8478260869565217, 0.782608695652174, 0.7608695652173914, 0.7555555555555555, 0.8444444444444444, 0.7333333333333333, 0.8, 0.7777777777777778, 0.8444444444444444]","[0.8183760683760684, 0.8526199494949496, 0.8027836134453782, 0.7506493506493507, 0.7501748251748251, 0.8472222222222222, 0.7372803666921314, 0.8012626262626263, 0.7711038961038962, 0.8422619047619049]","[0.8180555555555554, 0.8472222222222222, 0.7757575757575758, 0.7568181818181818, 0.7532467532467533, 0.8345959595959596, 0.7196969696969696, 0.7989898989898989, 0.7762626262626262, 0.8378787878787879]","[0.8138371290545203, 0.849290945924887, 0.7721394478844169, 0.753000447828034, 0.750998075998076, 0.8362342590995342, 0.7181625939849624, 0.7992063492063493, 0.7720594589923083, 0.8345628322202535]","[0.8193979933110368, 0.8499258893280632, 0.8002146510778224, 0.7617165443252398, 0.7581973581973582, 0.8506172839506173, 0.7460419319242848, 0.8038383838383838, 0.7828860028860029, 0.8494708994708995]","[0.8043478260869565, 0.8478260869565217, 0.782608695652174, 0.7608695652173914, 0.7555555555555555, 0.8444444444444444, 0.7333333333333333, 0.8, 0.7777777777777778, 0.8444444444444444]","[0.8075884418039427, 0.8481614732605647, 0.7757591308834747, 0.7605482972799315, 0.7561434450323339, 0.8431548885438829, 0.7294242550821498, 0.8010582010582011, 0.7787860455737043, 0.8421751245589326]","[array([[11,  1,  0,  0],
       [ 0,  8,  0,  1],
       [ 0,  0,  8,  2],
       [ 0,  0,  5, 10]]), array([[10,  1,  0,  1],
       [ 1,  8,  0,  0],
       [ 0,  0,  8,  2],
       [ 0,  0,  2, 13]]), array([[ 7,  4,  0,  0],
       [ 0, 10,  0,  0],
       [ 0,  0,  6,  4],
       [ 1,  0,  1, 13]]), array([[ 8,  2,  1,  0],
       [ 3,  6,  0,  1],
       [ 0,  0,  9,  1],
       [ 0,  2,  1, 12]]), array([[ 8,  3,  0,  0],
       [ 3,  7,  0,  0],
       [ 0,  0,  8,  2],
       [ 0,  0,  3, 11]]), array([[ 8,  3,  0,  0],
       [ 1,  9,  0,  0],
       [ 0,  0,  7,  2],
       [ 0,  0,  1, 14]]), array([[ 6,  4,  1,  0],
       [ 1,  6,  0,  2],
       [ 0,  0,  8,  2],
       [ 0,  0,  2, 13]]), array([[ 9,  2,  0,  0],
       [ 1,  7,  0,  1],
       [ 0,  0,  8,  2],
       [ 0,  0,  3, 12]]), array([[ 8,  3,  0,  0],
       [ 2,  7,  0,  0],
       [ 0,  0,  8,  2],
       [ 0,  0,  3, 12]]), array([[ 9,  1,  0,  1],
       [ 3,  6,  0,  0],
       [ 0,  0, 10,  0],
       [ 0,  0,  2, 13]])]"
17,"[0.8344226579520697, 0.8253275109170306, 0.8231441048034934, 0.8377192982456141, 0.8231441048034934, 0.810752688172043, 0.8333333333333334, 0.8362445414847162, 0.8130434782608695, 0.8177874186550976]","[0.8344226579520697, 0.8253275109170306, 0.8231441048034934, 0.8377192982456141, 0.8231441048034934, 0.810752688172043, 0.8333333333333334, 0.8362445414847162, 0.8130434782608695, 0.8177874186550976]","[0.8344226579520697, 0.8253275109170306, 0.8231441048034934, 0.8377192982456141, 0.8231441048034934, 0.810752688172043, 0.8333333333333334, 0.8362445414847162, 0.8130434782608695, 0.8177874186550976]","[0.8344226579520697, 0.8253275109170306, 0.8231441048034934, 0.8377192982456141, 0.8231441048034934, 0.810752688172043, 0.8333333333333334, 0.8362445414847162, 0.8130434782608695, 0.8177874186550976]","[0.83646420374246, 0.8357639468866609, 0.8218997758845399, 0.8375013380926366, 0.8284500104072713, 0.8112521731605673, 0.8357472584300425, 0.8412739213266112, 0.8246550589932943, 0.8187253760324504]","[0.8280167281569679, 0.8140170402668306, 0.8194335365114576, 0.8337566106099122, 0.8154385992793755, 0.8029765423237419, 0.8258995749063419, 0.8290746733569886, 0.7987610619544657, 0.8124094269216794]","[0.8301075313396546, 0.8210608461490887, 0.8203105352359085, 0.8353485054827254, 0.8197240259740259, 0.8060000402777248, 0.8291060750482485, 0.8333954725638204, 0.8061755363353229, 0.8145504126747127]","[0.8359361022248165, 0.8306392390568457, 0.8235804404290967, 0.8381252450336606, 0.8258748394598884, 0.8109962655061623, 0.8349274458256917, 0.8390140858993221, 0.819348657381266, 0.8191722746448324]","[0.8344226579520697, 0.8253275109170306, 0.8231441048034934, 0.8377192982456141, 0.8231441048034934, 0.810752688172043, 0.8333333333333334, 0.8362445414847162, 0.8130434782608695, 0.8177874186550976]","[0.8332050636737736, 0.8243808569791667, 0.8230305356942911, 0.8376340486309416, 0.822411813077752, 0.809764196760897, 0.832496228765841, 0.8359470378770386, 0.8109839767459954, 0.8175348539397189]","[array([[ 71,  26,   2,   1],
       [ 12, 119,   0,   5],
       [  0,   0,  76,  13],
       [  0,   3,  14, 117]]), array([[ 73,  26,   1,   0],
       [  6, 120,   0,   9],
       [  0,   0,  68,  21],
       [  1,   3,  13, 117]]), array([[ 79,  19,   2,   1],
       [ 15, 112,   0,   7],
       [  0,   0,  72,  17],
       [  0,   3,  17, 114]]), array([[ 82,  17,   1,   1],
       [ 13, 112,   0,   7],
       [  0,   0,  72,  17],
       [  1,   2,  15, 116]]), array([[ 74,  25,   1,   1],
       [  9, 115,   0,   9],
       [  0,   0,  71,  18],
       [  1,   2,  15, 117]]), array([[ 75,  24,   1,   1],
       [ 20, 113,   0,   7],
       [  0,   0,  69,  21],
       [  0,   1,  13, 120]]), array([[ 75,  25,   0,   1],
       [ 10, 117,   0,   5],
       [  0,   0,  72,  17],
       [  1,   1,  16, 116]]), array([[ 78,  20,   2,   1],
       [  7, 119,   0,   8],
       [  0,   0,  71,  18],
       [  1,   4,  14, 115]]), array([[ 69,  29,   2,   1],
       [  7, 121,   0,   8],
       [  0,   0,  66,  23],
       [  1,   3,  12, 118]]), array([[ 77,  21,   2,   1],
       [ 11, 119,   0,   7],
       [  0,   0,  71,  18],
       [  1,   5,  18, 110]])]","[0.782608695652174, 0.782608695652174, 0.7608695652173914, 0.782608695652174, 0.7555555555555555, 0.8, 0.7555555555555555, 0.8444444444444444, 0.7555555555555555, 0.8222222222222222]","[0.782608695652174, 0.782608695652174, 0.7608695652173914, 0.782608695652174, 0.7555555555555555, 0.8, 0.7555555555555555, 0.8444444444444444, 0.7555555555555555, 0.8222222222222222]","[0.782608695652174, 0.782608695652174, 0.7608695652173914, 0.782608695652174, 0.7555555555555555, 0.8, 0.7555555555555555, 0.8444444444444444, 0.7555555555555555, 0.8222222222222222]","[0.782608695652174, 0.782608695652174, 0.7608695652173914, 0.782608695652174, 0.7555555555555555, 0.8, 0.7555555555555555, 0.8444444444444444, 0.7555555555555555, 0.8222222222222222]","[0.7961538461538462, 0.8055555555555556, 0.8100198412698413, 0.7747474747474747, 0.7483766233766235, 0.8148809523809524, 0.787745879851143, 0.853125, 0.7604166666666665, 0.8156565656565657]","[0.7972222222222222, 0.7833333333333333, 0.7507575757575757, 0.7757575757575758, 0.7483766233766235, 0.7952020202020202, 0.7391414141414141, 0.8434343434343435, 0.7563131313131313, 0.817929292929293]","[0.7902835151118904, 0.7779220779220779, 0.7561802232854864, 0.7726190476190476, 0.7476190476190476, 0.7942595459236327, 0.74156346749226, 0.8452037351443125, 0.7496867167919798, 0.8158730158730159]","[0.8020066889632106, 0.8061594202898551, 0.8018892339544514, 0.7848045674132631, 0.756969696969697, 0.8206349206349207, 0.7901707129777306, 0.8530555555555556, 0.7694444444444445, 0.8218181818181819]","[0.782608695652174, 0.782608695652174, 0.7608695652173914, 0.782608695652174, 0.7555555555555555, 0.8, 0.7555555555555555, 0.8444444444444444, 0.7555555555555555, 0.8222222222222222]","[0.7860618637158284, 0.7782420478072652, 0.7592053255668816, 0.7812629399585921, 0.7555555555555555, 0.8003783969728242, 0.7508015135878913, 0.8457687228824752, 0.7547201336675021, 0.8211640211640211]","[array([[10,  2,  0,  0],
       [ 0,  8,  0,  1],
       [ 0,  0,  8,  2],
       [ 0,  0,  5, 10]]), array([[ 8,  3,  0,  1],
       [ 0,  9,  0,  0],
       [ 0,  0,  6,  4],
       [ 0,  0,  2, 13]]), array([[ 7,  4,  0,  0],
       [ 0,  9,  0,  1],
       [ 0,  0,  6,  4],
       [ 1,  1,  0, 13]]), array([[ 7,  3,  1,  0],
       [ 2,  7,  0,  1],
       [ 0,  0,  9,  1],
       [ 0,  1,  1, 13]]), array([[ 7,  4,  0,  0],
       [ 3,  7,  0,  0],
       [ 0,  0,  8,  2],
       [ 0,  0,  2, 12]]), array([[ 7,  4,  0,  0],
       [ 1,  9,  0,  0],
       [ 0,  0,  7,  2],
       [ 0,  1,  1, 13]]), array([[ 6,  4,  1,  0],
       [ 0,  7,  0,  2],
       [ 0,  0,  7,  3],
       [ 0,  0,  1, 14]]), array([[ 9,  2,  0,  0],
       [ 0,  8,  0,  1],
       [ 0,  0,  8,  2],
       [ 0,  0,  2, 13]]), array([[ 7,  4,  0,  0],
       [ 1,  8,  0,  0],
       [ 0,  0,  7,  3],
       [ 0,  0,  3, 12]]), array([[ 8,  2,  0,  1],
       [ 2,  7,  0,  0],
       [ 0,  0,  9,  1],
       [ 0,  0,  2, 13]])]"
18,"[0.8257080610021786, 0.8209606986899564, 0.8296943231441049, 0.8267543859649122, 0.8296943231441049, 0.8236559139784946, 0.8333333333333334, 0.834061135371179, 0.8108695652173913, 0.8047722342733189]","[0.8257080610021786, 0.8209606986899564, 0.8296943231441049, 0.8267543859649122, 0.8296943231441049, 0.8236559139784946, 0.8333333333333334, 0.834061135371179, 0.8108695652173913, 0.8047722342733189]","[0.8257080610021786, 0.8209606986899564, 0.8296943231441049, 0.8267543859649122, 0.8296943231441049, 0.8236559139784946, 0.8333333333333334, 0.834061135371179, 0.8108695652173913, 0.8047722342733189]","[0.8257080610021786, 0.8209606986899564, 0.8296943231441049, 0.8267543859649122, 0.8296943231441049, 0.8236559139784946, 0.8333333333333334, 0.834061135371179, 0.8108695652173913, 0.8047722342733189]","[0.8259264122878947, 0.8221977876774389, 0.831198418312746, 0.826033020932913, 0.8307278248067722, 0.8244424696353649, 0.8326214458753028, 0.8346729257959857, 0.815220105634652, 0.8031856134902474]","[0.8229031971668427, 0.8128757585356613, 0.8281942440428849, 0.8268692981154563, 0.8262036718723547, 0.817254779848987, 0.830692749804915, 0.8309822702042131, 0.8020737972007734, 0.8030713214130292]","[0.8231654324583453, 0.8163310744054659, 0.8288049858362556, 0.8259870083784826, 0.82808953935903, 0.819344870815459, 0.8311623059576364, 0.8319662594531704, 0.8066587687405531, 0.8023914874555549]","[0.8263859660570742, 0.8216170888621889, 0.8308719945245145, 0.8273899274806571, 0.8303174015136782, 0.824233454613516, 0.8341986335638066, 0.835140536344985, 0.813011435556612, 0.8055081203669364]","[0.8257080610021786, 0.8209606986899564, 0.8296943231441049, 0.8267543859649122, 0.8296943231441049, 0.8236559139784946, 0.8333333333333334, 0.834061135371179, 0.8108695652173913, 0.8047722342733189]","[0.8249550831377761, 0.8201394368359931, 0.8294968201894176, 0.8266692445688405, 0.8296225107551901, 0.8225663436289622, 0.8333248352139386, 0.8338277803446189, 0.8099697966491243, 0.8045158835401258]","[array([[ 73,  24,   2,   1],
       [ 14, 114,   0,   8],
       [  0,   0,  77,  12],
       [  0,   3,  16, 115]]), array([[ 74,  23,   2,   1],
       [ 13, 115,   0,   7],
       [  0,   0,  70,  19],
       [  1,   2,  14, 117]]), array([[ 78,  20,   2,   1],
       [ 12, 112,   0,  10],
       [  0,   0,  76,  13],
       [  0,   4,  16, 114]]), array([[ 80,  19,   1,   1],
       [ 14, 108,   0,  10],
       [  0,   0,  76,  13],
       [  1,   2,  18, 113]]), array([[ 81,  18,   1,   1],
       [ 13, 111,   0,   9],
       [  0,   0,  72,  17],
       [  1,   3,  15, 116]]), array([[ 72,  26,   2,   1],
       [ 13, 120,   0,   7],
       [  0,   0,  75,  15],
       [  1,   2,  15, 116]]), array([[ 80,  19,   1,   1],
       [ 12, 112,   0,   8],
       [  0,   0,  74,  15],
       [  1,   1,  18, 114]]), array([[ 78,  20,   2,   1],
       [ 11, 114,   0,   9],
       [  0,   0,  75,  14],
       [  1,   2,  16, 115]]), array([[ 77,  21,   2,   1],
       [ 16, 110,   0,  10],
       [  0,   0,  66,  23],
       [  1,   2,  11, 120]]), array([[ 75,  23,   2,   1],
       [ 16, 113,   0,   8],
       [  0,   0,  74,  15],
       [  1,   4,  20, 109]])]","[0.8260869565217391, 0.8260869565217391, 0.782608695652174, 0.7391304347826086, 0.7555555555555555, 0.8444444444444444, 0.7555555555555555, 0.7777777777777778, 0.7333333333333333, 0.8222222222222222]","[0.8260869565217391, 0.8260869565217391, 0.782608695652174, 0.7391304347826086, 0.7555555555555555, 0.8444444444444444, 0.7555555555555555, 0.7777777777777778, 0.7333333333333333, 0.8222222222222222]","[0.8260869565217391, 0.8260869565217391, 0.782608695652174, 0.7391304347826086, 0.7555555555555555, 0.8444444444444444, 0.7555555555555555, 0.7777777777777778, 0.7333333333333333, 0.8222222222222222]","[0.8260869565217391, 0.8260869565217391, 0.782608695652174, 0.7391304347826086, 0.7555555555555555, 0.8444444444444444, 0.7555555555555555, 0.7777777777777778, 0.7333333333333333, 0.8222222222222222]","[0.8412698412698413, 0.8351158645276292, 0.8027836134453782, 0.7318181818181817, 0.7476190476190476, 0.8473824786324786, 0.787745879851143, 0.7809659090909091, 0.7225694444444444, 0.8125]","[0.8430555555555554, 0.8222222222222223, 0.7757575757575758, 0.7318181818181817, 0.746103896103896, 0.8396464646464648, 0.7391414141414141, 0.7702020202020202, 0.7174242424242424, 0.8151515151515152]","[0.8340378421900161, 0.8269490528858378, 0.7721394478844169, 0.7318181818181817, 0.7460934946060804, 0.8354182557843886, 0.74156346749226, 0.7688879456706281, 0.7184493491794002, 0.8108861726508786]","[0.8462732919254659, 0.8295099330904957, 0.8002146510778224, 0.7391304347826086, 0.7555555555555555, 0.8566239316239316, 0.7901707129777306, 0.7897727272727273, 0.734783950617284, 0.8196296296296296]","[0.8260869565217391, 0.8260869565217391, 0.782608695652174, 0.7391304347826086, 0.7555555555555555, 0.8444444444444444, 0.7555555555555555, 0.7777777777777778, 0.7333333333333333, 0.8222222222222222]","[0.8280298256668768, 0.8258848622027659, 0.7757591308834747, 0.7391304347826086, 0.7548436308161709, 0.8429188914314772, 0.7508015135878913, 0.7774646293152235, 0.732591334968245, 0.8183289477407124]","[array([[11,  1,  0,  0],
       [ 0,  8,  0,  1],
       [ 0,  0,  9,  1],
       [ 0,  0,  5, 10]]), array([[10,  1,  0,  1],
       [ 1,  8,  0,  0],
       [ 0,  0,  7,  3],
       [ 0,  0,  2, 13]]), array([[ 7,  4,  0,  0],
       [ 0, 10,  0,  0],
       [ 0,  0,  6,  4],
       [ 1,  0,  1, 13]]), array([[ 8,  2,  1,  0],
       [ 3,  6,  0,  1],
       [ 0,  0,  8,  2],
       [ 0,  2,  1, 12]]), array([[ 8,  3,  0,  0],
       [ 4,  6,  0,  0],
       [ 0,  0,  8,  2],
       [ 0,  0,  2, 12]]), array([[ 7,  4,  0,  0],
       [ 1,  9,  0,  0],
       [ 0,  0,  8,  1],
       [ 0,  0,  1, 14]]), array([[ 6,  4,  1,  0],
       [ 0,  7,  0,  2],
       [ 0,  0,  7,  3],
       [ 0,  0,  1, 14]]), array([[ 7,  4,  0,  0],
       [ 1,  7,  0,  1],
       [ 0,  0,  8,  2],
       [ 0,  0,  2, 13]]), array([[ 7,  4,  0,  0],
       [ 3,  6,  0,  0],
       [ 0,  0,  7,  3],
       [ 0,  0,  2, 13]]), array([[ 8,  2,  0,  1],
       [ 2,  6,  0,  1],
       [ 0,  0, 10,  0],
       [ 0,  0,  2, 13]])]"
19,"[0.8278867102396514, 0.8165938864628821, 0.8231441048034934, 0.8355263157894737, 0.834061135371179, 0.8064516129032258, 0.8421052631578947, 0.8318777292576419, 0.808695652173913, 0.806941431670282]","[0.8278867102396514, 0.8165938864628821, 0.8231441048034934, 0.8355263157894737, 0.834061135371179, 0.8064516129032258, 0.8421052631578947, 0.8318777292576419, 0.808695652173913, 0.806941431670282]","[0.8278867102396514, 0.8165938864628821, 0.8231441048034934, 0.8355263157894737, 0.834061135371179, 0.8064516129032258, 0.8421052631578947, 0.8318777292576419, 0.808695652173913, 0.806941431670282]","[0.8278867102396514, 0.8165938864628821, 0.8231441048034934, 0.8355263157894737, 0.834061135371179, 0.8064516129032258, 0.8421052631578947, 0.8318777292576419, 0.808695652173913, 0.806941431670282]","[0.8286916922533707, 0.8245003226341222, 0.8270051303294883, 0.8365259740259741, 0.8365653820816864, 0.811222757314961, 0.8409626392362964, 0.8364430565517522, 0.8172178700459853, 0.8074448163200255]","[0.82219303351057, 0.8031013627244551, 0.8182722913411583, 0.8277356077046578, 0.8272192886265056, 0.7961845358309818, 0.8370493556147497, 0.8241241783074835, 0.7951364301613004, 0.8011228704422617]","[0.8240981069847294, 0.8095424276425115, 0.8208560404673262, 0.8308550986479791, 0.8306137376768598, 0.8014557137254728, 0.8383101851851851, 0.8285852941731496, 0.8021039913747733, 0.8034548086947445]","[0.8284026792852636, 0.8205599765643168, 0.8252225578569722, 0.8369446343130553, 0.8358387486982988, 0.8082268115984221, 0.8425344173930794, 0.8336195721092247, 0.8129569238395556, 0.807641420901217]","[0.8278867102396514, 0.8165938864628821, 0.8231441048034934, 0.8355263157894737, 0.834061135371179, 0.8064516129032258, 0.8421052631578947, 0.8318777292576419, 0.808695652173913, 0.806941431670282]","[0.8269088182043498, 0.8145605718579102, 0.8225344392453227, 0.8350257087293673, 0.8337375422663342, 0.8052087312835373, 0.8416737735542561, 0.8311039715112545, 0.8069502912362215, 0.8065134931054249]","[array([[ 72,  25,   2,   1],
       [ 14, 116,   0,   6],
       [  0,   0,  75,  14],
       [  0,   3,  14, 117]]), array([[ 69,  28,   2,   1],
       [  9, 118,   0,   8],
       [  0,   0,  67,  22],
       [  1,   1,  12, 120]]), array([[ 74,  24,   2,   1],
       [ 11, 114,   0,   9],
       [  0,   0,  74,  15],
       [  0,   4,  15, 115]]), array([[ 78,  21,   1,   1],
       [  9, 118,   0,   5],
       [  0,   0,  70,  19],
       [  1,   1,  17, 115]]), array([[ 78,  21,   1,   1],
       [  9, 116,   0,   8],
       [  0,   0,  71,  18],
       [  1,   1,  16, 117]]), array([[ 72,  26,   2,   1],
       [ 14, 117,   0,   9],
       [  0,   0,  68,  22],
       [  1,   3,  12, 118]]), array([[ 78,  21,   1,   1],
       [ 12, 116,   0,   4],
       [  0,   0,  74,  15],
       [  1,   1,  16, 116]]), array([[ 76,  22,   2,   1],
       [ 11, 114,   0,   9],
       [  0,   0,  71,  18],
       [  1,   2,  11, 120]]), array([[ 72,  26,   2,   1],
       [ 11, 115,   0,  10],
       [  0,   0,  64,  25],
       [  1,   1,  11, 121]]), array([[ 75,  23,   2,   1],
       [ 15, 114,   0,   8],
       [  0,   0,  70,  19],
       [  0,   4,  17, 113]])]","[0.8043478260869565, 0.8043478260869565, 0.7608695652173914, 0.7391304347826086, 0.8, 0.8444444444444444, 0.7555555555555555, 0.7777777777777778, 0.7111111111111111, 0.8222222222222222]","[0.8043478260869565, 0.8043478260869565, 0.7608695652173914, 0.7391304347826086, 0.8, 0.8444444444444444, 0.7555555555555555, 0.7777777777777778, 0.7111111111111111, 0.8222222222222222]","[0.8043478260869565, 0.8043478260869565, 0.7608695652173914, 0.7391304347826086, 0.8, 0.8444444444444444, 0.7555555555555555, 0.7777777777777778, 0.7111111111111111, 0.8222222222222222]","[0.8043478260869565, 0.8043478260869565, 0.7608695652173914, 0.7391304347826086, 0.8, 0.8444444444444444, 0.7555555555555555, 0.7777777777777778, 0.7111111111111111, 0.8222222222222222]","[0.8190476190476191, 0.8172348484848484, 0.7866681929181929, 0.7409465534465535, 0.7961038961038961, 0.8472222222222222, 0.787745879851143, 0.7697916666666667, 0.7, 0.8156565656565657]","[0.8222222222222222, 0.7972222222222223, 0.7507575757575757, 0.7363636363636363, 0.7961038961038961, 0.8345959595959596, 0.7391414141414141, 0.7651515151515152, 0.7007575757575757, 0.817929292929293]","[0.8104842282473861, 0.7970418470418471, 0.753302985433824, 0.7312509158954357, 0.7952380952380952, 0.8362342590995342, 0.74156346749226, 0.7668202764976959, 0.6995614035087719, 0.8158730158730159]","[0.8288819875776398, 0.8180171277997365, 0.781583452779105, 0.7537734005125308, 0.8016161616161617, 0.8506172839506173, 0.7901707129777306, 0.7775, 0.7133333333333332, 0.8218181818181819]","[0.8043478260869565, 0.8043478260869565, 0.7608695652173914, 0.7391304347826086, 0.8, 0.8444444444444444, 0.7555555555555555, 0.7777777777777778, 0.7111111111111111, 0.8222222222222222]","[0.8065032475787625, 0.801041470606688, 0.7567033796089142, 0.7395553612536654, 0.8, 0.8431548885438829, 0.7508015135878913, 0.7769243898276156, 0.7115009746588694, 0.8211640211640211]","[array([[10,  2,  0,  0],
       [ 0,  8,  0,  1],
       [ 0,  0,  9,  1],
       [ 0,  0,  5, 10]]), array([[ 8,  3,  0,  1],
       [ 1,  8,  0,  0],
       [ 0,  0,  7,  3],
       [ 0,  0,  1, 14]]), array([[ 7,  4,  0,  0],
       [ 0,  9,  0,  1],
       [ 0,  0,  6,  4],
       [ 1,  0,  1, 13]]), array([[ 6,  4,  1,  0],
       [ 2,  7,  0,  1],
       [ 0,  0,  9,  1],
       [ 0,  2,  1, 12]]), array([[ 8,  3,  0,  0],
       [ 2,  8,  0,  0],
       [ 0,  0,  8,  2],
       [ 0,  0,  2, 12]]), array([[ 8,  3,  0,  0],
       [ 1,  9,  0,  0],
       [ 0,  0,  7,  2],
       [ 0,  0,  1, 14]]), array([[ 6,  4,  1,  0],
       [ 0,  7,  0,  2],
       [ 0,  0,  7,  3],
       [ 0,  0,  1, 14]]), array([[ 8,  3,  0,  0],
       [ 2,  6,  0,  1],
       [ 0,  0,  8,  2],
       [ 0,  0,  2, 13]]), array([[ 7,  4,  0,  0],
       [ 3,  6,  0,  0],
       [ 0,  0,  7,  3],
       [ 0,  0,  3, 12]]), array([[ 8,  2,  0,  1],
       [ 2,  7,  0,  0],
       [ 0,  0,  9,  1],
       [ 0,  0,  2, 13]])]"
20,"[0.8257080610021786, 0.8056768558951966, 0.8100436681222707, 0.8223684210526315, 0.8231441048034934, 0.8150537634408602, 0.8355263157894737, 0.8296943231441049, 0.8152173913043478, 0.8177874186550976]","[0.8257080610021786, 0.8056768558951966, 0.8100436681222707, 0.8223684210526315, 0.8231441048034934, 0.8150537634408602, 0.8355263157894737, 0.8296943231441049, 0.8152173913043478, 0.8177874186550976]","[0.8257080610021786, 0.8056768558951966, 0.8100436681222707, 0.8223684210526315, 0.8231441048034934, 0.8150537634408602, 0.8355263157894737, 0.8296943231441049, 0.8152173913043478, 0.8177874186550976]","[0.8257080610021786, 0.8056768558951966, 0.8100436681222707, 0.8223684210526315, 0.8231441048034934, 0.8150537634408602, 0.8355263157894737, 0.8296943231441049, 0.8152173913043478, 0.8177874186550976]","[0.8252854904399571, 0.8086934081933168, 0.8084987266621678, 0.8205790934309463, 0.8257731201560636, 0.8166889383440543, 0.8352462600055702, 0.8299496234501016, 0.8191643278621601, 0.8184183700646646]","[0.821579667755078, 0.7982936907224178, 0.8095165650222577, 0.8224139368489927, 0.8163957361915686, 0.806388056183017, 0.8307579615499702, 0.8222585066656926, 0.8045067135756891, 0.8128486780595198]","[0.8216950959488274, 0.8021271954860595, 0.8082951239455585, 0.8213036279924615, 0.8192823458055377, 0.8100567670771666, 0.8323313537559608, 0.8249091438495195, 0.8095966859419037, 0.8151362392049094]","[0.826732862716619, 0.8068341864595054, 0.8103922823515478, 0.8227195680145036, 0.8250792122500338, 0.8163713548628562, 0.8357613020483033, 0.8306858553815722, 0.8165051059503162, 0.8184957660155722]","[0.8257080610021786, 0.8056768558951966, 0.8100436681222707, 0.8223684210526315, 0.8231441048034934, 0.8150537634408602, 0.8355263157894737, 0.8296943231441049, 0.8152173913043478, 0.8177874186550976]","[0.8246818246818247, 0.8049333037164891, 0.8094118042015765, 0.8223413913000618, 0.8224329357754652, 0.8142671760334466, 0.8350166327596521, 0.8290671226182654, 0.8137303770432454, 0.8176648920066261]","[array([[ 71,  26,   2,   1],
       [ 14, 116,   0,   6],
       [  0,   0,  77,  12],
       [  0,   2,  17, 115]]), array([[ 73,  24,   2,   1],
       [ 14, 111,   0,  10],
       [  0,   0,  69,  20],
       [  1,   3,  14, 116]]), array([[ 78,  20,   2,   1],
       [ 21, 102,   0,  11],
       [  0,   0,  74,  15],
       [  0,   1,  16, 117]]), array([[ 82,  17,   1,   1],
       [ 18, 106,   0,   8],
       [  0,   0,  74,  15],
       [  1,   3,  17, 113]]), array([[ 74,  24,   2,   1],
       [ 10, 115,   0,   8],
       [  0,   0,  72,  17],
       [  1,   2,  16, 116]]), array([[ 75,  23,   2,   1],
       [ 14, 117,   0,   9],
       [  0,   0,  69,  21],
       [  0,   1,  15, 118]]), array([[ 77,  22,   1,   1],
       [ 13, 113,   0,   6],
       [  0,   0,  74,  15],
       [  1,   1,  15, 117]]), array([[ 76,  22,   2,   1],
       [ 11, 117,   0,   6],
       [  0,   0,  71,  18],
       [  1,   1,  16, 116]]), array([[ 72,  26,   2,   1],
       [ 14, 115,   0,   7],
       [  0,   0,  68,  21],
       [  1,   2,  11, 120]]), array([[ 79,  19,   2,   1],
       [ 14, 115,   0,   8],
       [  0,   0,  70,  19],
       [  0,   5,  16, 113]])]","[0.8260869565217391, 0.8260869565217391, 0.7608695652173914, 0.8043478260869565, 0.7555555555555555, 0.8222222222222222, 0.7333333333333333, 0.8, 0.7333333333333333, 0.8444444444444444]","[0.8260869565217391, 0.8260869565217391, 0.7608695652173914, 0.8043478260869565, 0.7555555555555555, 0.8222222222222222, 0.7333333333333333, 0.8, 0.7333333333333333, 0.8444444444444444]","[0.8260869565217391, 0.8260869565217391, 0.7608695652173914, 0.8043478260869565, 0.7555555555555555, 0.8222222222222222, 0.7333333333333333, 0.8, 0.7333333333333333, 0.8444444444444444]","[0.8260869565217391, 0.8260869565217391, 0.7608695652173914, 0.8043478260869565, 0.7555555555555555, 0.8222222222222222, 0.7333333333333333, 0.8, 0.7333333333333333, 0.8444444444444444]","[0.8412698412698413, 0.8381944444444445, 0.7729835523953171, 0.8031045751633987, 0.7532467532467533, 0.8307158119658119, 0.7708333333333334, 0.8003472222222222, 0.7285353535353536, 0.8422619047619049]","[0.8430555555555554, 0.8180555555555555, 0.7507575757575757, 0.7901515151515153, 0.7532467532467533, 0.817929292929293, 0.7224747474747474, 0.7929292929292929, 0.7285353535353536, 0.8378787878787879]","[0.8340378421900161, 0.8216374269005848, 0.7502477621483377, 0.7947525062656642, 0.7523809523809524, 0.8182011935208867, 0.7243174781874473, 0.7938879456706283, 0.7249999999999999, 0.8345628322202535]","[0.8462732919254659, 0.8351449275362318, 0.7721880279425035, 0.8052571753339016, 0.7571717171717173, 0.8350189933523267, 0.7746913580246915, 0.805895061728395, 0.739618406285073, 0.8494708994708995]","[0.8260869565217391, 0.8260869565217391, 0.7608695652173914, 0.8043478260869565, 0.7555555555555555, 0.8222222222222222, 0.7333333333333333, 0.8, 0.7333333333333333, 0.8444444444444444]","[0.8280298256668768, 0.8239604280794213, 0.755921967085511, 0.8027609785332896, 0.7555555555555555, 0.8230633702756466, 0.7322513056259186, 0.8002716468590831, 0.7333333333333333, 0.8421751245589326]","[array([[11,  1,  0,  0],
       [ 0,  8,  0,  1],
       [ 0,  0,  9,  1],
       [ 0,  0,  5, 10]]), array([[ 9,  2,  0,  1],
       [ 1,  8,  0,  0],
       [ 0,  0,  7,  3],
       [ 0,  0,  1, 14]]), array([[ 7,  4,  0,  0],
       [ 1,  9,  0,  0],
       [ 0,  0,  6,  4],
       [ 1,  0,  1, 13]]), array([[ 8,  2,  1,  0],
       [ 2,  7,  0,  1],
       [ 0,  0,  8,  2],
       [ 0,  1,  0, 14]]), array([[ 8,  3,  0,  0],
       [ 2,  8,  0,  0],
       [ 0,  0,  7,  3],
       [ 0,  0,  3, 11]]), array([[ 8,  3,  0,  0],
       [ 1,  9,  0,  0],
       [ 0,  0,  7,  2],
       [ 0,  1,  1, 13]]), array([[ 6,  4,  1,  0],
       [ 0,  7,  0,  2],
       [ 0,  0,  7,  3],
       [ 0,  1,  1, 13]]), array([[ 8,  3,  0,  0],
       [ 1,  7,  0,  1],
       [ 0,  0,  8,  2],
       [ 0,  0,  2, 13]]), array([[ 7,  4,  0,  0],
       [ 2,  7,  0,  0],
       [ 0,  0,  7,  3],
       [ 0,  0,  3, 12]]), array([[ 9,  1,  0,  1],
       [ 3,  6,  0,  0],
       [ 0,  0, 10,  0],
       [ 0,  0,  2, 13]])]"
21,"[0.8082788671023965, 0.8013100436681223, 0.8187772925764192, 0.8245614035087719, 0.8078602620087336, 0.810752688172043, 0.8157894736842105, 0.8187772925764192, 0.8152173913043478, 0.806941431670282]","[0.8082788671023965, 0.8013100436681223, 0.8187772925764192, 0.8245614035087719, 0.8078602620087336, 0.810752688172043, 0.8157894736842105, 0.8187772925764192, 0.8152173913043478, 0.806941431670282]","[0.8082788671023965, 0.8013100436681223, 0.8187772925764192, 0.8245614035087719, 0.8078602620087336, 0.810752688172043, 0.8157894736842105, 0.8187772925764192, 0.8152173913043478, 0.806941431670282]","[0.8082788671023965, 0.8013100436681223, 0.8187772925764192, 0.8245614035087719, 0.8078602620087336, 0.810752688172043, 0.8157894736842105, 0.8187772925764192, 0.8152173913043478, 0.806941431670282]","[0.807123431689431, 0.8091130814222731, 0.8201052495760526, 0.8292637553019602, 0.8061293533050751, 0.8167102188792956, 0.8157506136861783, 0.8216802527250544, 0.8233333333333334, 0.8105547270931137]","[0.8049597148099554, 0.7891259836895422, 0.8135976309353222, 0.8153593700808954, 0.8031380598565052, 0.7979317521304369, 0.8108342341025986, 0.8117109966908145, 0.8009025682399257, 0.79682864256832]","[0.8053837476484104, 0.7952289413467308, 0.8156661940028873, 0.819280113307959, 0.8042984687377701, 0.8039614373069116, 0.8121896621896622, 0.8151728019813126, 0.8077252294044761, 0.8014146292407162]","[0.8076053697157837, 0.8056764129443614, 0.8194899864034151, 0.8283168525992428, 0.8077306986132491, 0.8140715034683244, 0.8159094724645488, 0.8199114687116408, 0.8197173913043477, 0.8094072237331978]","[0.8082788671023965, 0.8013100436681223, 0.8187772925764192, 0.8245614035087719, 0.8078602620087336, 0.810752688172043, 0.8157894736842105, 0.8187772925764192, 0.8152173913043478, 0.806941431670282]","[0.8073498597388079, 0.7998278626941592, 0.818017247881556, 0.8235925655834123, 0.8074244227682423, 0.8092095869787225, 0.8148271319323951, 0.8178538565642534, 0.8133220505984594, 0.8060202552931026]","[array([[ 71,  26,   2,   1],
       [ 19, 109,   0,   8],
       [  0,   0,  75,  14],
       [  0,   3,  15, 116]]), array([[ 69,  28,   2,   1],
       [  9, 116,   0,  10],
       [  0,   0,  66,  23],
       [  1,   2,  15, 116]]), array([[ 74,  24,   2,   1],
       [ 14, 111,   0,   9],
       [  0,   0,  73,  16],
       [  0,   2,  15, 117]]), array([[ 73,  26,   1,   1],
       [  7, 118,   0,   7],
       [  0,   0,  70,  19],
       [  1,   0,  18, 115]]), array([[ 77,  21,   2,   1],
       [ 20, 106,   0,   7],
       [  0,   0,  70,  19],
       [  1,   2,  15, 117]]), array([[ 72,  25,   2,   2],
       [ 12, 119,   0,   9],
       [  0,   0,  66,  24],
       [  0,   1,  13, 120]]), array([[ 72,  27,   1,   1],
       [ 15, 110,   0,   7],
       [  0,   0,  74,  15],
       [  1,   1,  16, 116]]), array([[ 74,  24,   2,   1],
       [ 13, 111,   0,  10],
       [  0,   0,  71,  18],
       [  1,   1,  13, 119]]), array([[ 71,  27,   2,   1],
       [  8, 121,   0,   7],
       [  0,   0,  65,  24],
       [  1,   2,  13, 118]]), array([[ 73,  25,   2,   1],
       [ 10, 120,   0,   7],
       [  0,   0,  67,  22],
       [  1,   4,  17, 112]])]","[0.8043478260869565, 0.8043478260869565, 0.717391304347826, 0.782608695652174, 0.7555555555555555, 0.8222222222222222, 0.7111111111111111, 0.8444444444444444, 0.7333333333333333, 0.8222222222222222]","[0.8043478260869565, 0.8043478260869565, 0.717391304347826, 0.782608695652174, 0.7555555555555555, 0.8222222222222222, 0.7111111111111111, 0.8444444444444444, 0.7333333333333333, 0.8222222222222222]","[0.8043478260869565, 0.8043478260869565, 0.717391304347826, 0.782608695652174, 0.7555555555555555, 0.8222222222222222, 0.7111111111111111, 0.8444444444444444, 0.7333333333333333, 0.8222222222222222]","[0.8043478260869565, 0.8043478260869565, 0.717391304347826, 0.782608695652174, 0.7555555555555555, 0.8222222222222222, 0.7111111111111111, 0.8444444444444444, 0.7333333333333333, 0.8222222222222222]","[0.8190476190476191, 0.8362713675213675, 0.7340336134453781, 0.7770833333333333, 0.7512626262626263, 0.8477092760180995, 0.7256493506493507, 0.847549019607843, 0.7234848484848484, 0.8156565656565657]","[0.8222222222222222, 0.8041666666666667, 0.7053030303030303, 0.7696969696969698, 0.746103896103896, 0.8118686868686869, 0.6946969696969696, 0.8323232323232324, 0.7234848484848484, 0.817929292929293]","[0.8104842282473861, 0.7953216374269007, 0.698484477124183, 0.7677920975459176, 0.7479252598581092, 0.8147289712986644, 0.697846889952153, 0.8380064745196324, 0.7234848484848484, 0.8158730158730159]","[0.8288819875776398, 0.8401616499442587, 0.7369382535622945, 0.7871376811594203, 0.7550617283950618, 0.847800402212167, 0.7321949655282989, 0.8475962236746549, 0.7333333333333333, 0.8218181818181819]","[0.8043478260869565, 0.8043478260869565, 0.717391304347826, 0.782608695652174, 0.7555555555555555, 0.8222222222222222, 0.7111111111111111, 0.8444444444444444, 0.7333333333333333, 0.8222222222222222]","[0.8065032475787625, 0.7980606985183644, 0.7077703182722364, 0.7795519974231128, 0.754547287759629, 0.8204090492879922, 0.7093319156477051, 0.8438805346700083, 0.7333333333333333, 0.8211640211640211]","[array([[10,  2,  0,  0],
       [ 0,  8,  0,  1],
       [ 0,  0,  9,  1],
       [ 0,  0,  5, 10]]), array([[ 7,  4,  0,  1],
       [ 0,  9,  0,  0],
       [ 0,  0,  7,  3],
       [ 0,  0,  1, 14]]), array([[ 5,  6,  0,  0],
       [ 1,  9,  0,  0],
       [ 0,  0,  6,  4],
       [ 1,  0,  1, 13]]), array([[ 6,  4,  1,  0],
       [ 2,  7,  0,  1],
       [ 0,  0,  9,  1],
       [ 0,  1,  0, 14]]), array([[ 8,  3,  0,  0],
       [ 3,  7,  0,  0],
       [ 0,  0,  7,  3],
       [ 0,  0,  2, 12]]), array([[ 7,  4,  0,  0],
       [ 0,  9,  0,  1],
       [ 0,  0,  7,  2],
       [ 0,  0,  1, 14]]), array([[ 6,  4,  1,  0],
       [ 1,  6,  0,  2],
       [ 0,  0,  7,  3],
       [ 0,  1,  1, 13]]), array([[ 9,  2,  0,  0],
       [ 1,  7,  0,  1],
       [ 0,  0,  8,  2],
       [ 0,  0,  1, 14]]), array([[ 8,  3,  0,  0],
       [ 3,  6,  0,  0],
       [ 0,  0,  7,  3],
       [ 0,  0,  3, 12]]), array([[ 8,  2,  0,  1],
       [ 2,  7,  0,  0],
       [ 0,  0,  9,  1],
       [ 0,  0,  2, 13]])]"
22,"[0.8235294117647058, 0.8078602620087336, 0.8165938864628821, 0.8267543859649122, 0.8275109170305677, 0.8150537634408602, 0.8421052631578947, 0.8100436681222707, 0.8108695652173913, 0.8221258134490239]","[0.8235294117647058, 0.8078602620087336, 0.8165938864628821, 0.8267543859649122, 0.8275109170305677, 0.8150537634408602, 0.8421052631578947, 0.8100436681222707, 0.8108695652173913, 0.8221258134490239]","[0.8235294117647058, 0.8078602620087336, 0.8165938864628821, 0.8267543859649122, 0.8275109170305677, 0.8150537634408602, 0.8421052631578947, 0.8100436681222707, 0.8108695652173913, 0.8221258134490239]","[0.8235294117647058, 0.8078602620087336, 0.8165938864628821, 0.8267543859649122, 0.8275109170305677, 0.8150537634408602, 0.8421052631578947, 0.8100436681222707, 0.8108695652173913, 0.8221258134490239]","[0.8226680368540096, 0.8114355393464983, 0.8186916557431918, 0.8267991717860496, 0.8300548824263473, 0.8196181368610989, 0.8426259459478804, 0.812671552481335, 0.8135954478926102, 0.8208079554853749]","[0.8198400923340995, 0.8010863286563438, 0.8123994417721161, 0.8211328060946292, 0.8203890943288804, 0.8047064594519153, 0.837354829101894, 0.8042483101236503, 0.8013849461750685, 0.8169546167059372]","[0.8205510173104937, 0.8043539750595757, 0.8137981373465244, 0.8229950424157492, 0.8237671095042487, 0.8098043175344476, 0.8390014046554295, 0.8072108175397676, 0.8057003138326109, 0.8183000552992796]","[0.8234090764397567, 0.8091065307446835, 0.8178503574699454, 0.8272055532385553, 0.8291706865989323, 0.817836412675912, 0.8428560668327463, 0.8112120828562827, 0.8121492429985064, 0.82279604797973]","[0.8235294117647058, 0.8078602620087336, 0.8165938864628821, 0.8267543859649122, 0.8275109170305677, 0.8150537634408602, 0.8421052631578947, 0.8100436681222707, 0.8108695652173913, 0.8221258134490239]","[0.8228308120121492, 0.8066839926862197, 0.815632101382207, 0.8260712788236831, 0.8269645112605207, 0.8141776321240836, 0.8415650894091093, 0.8094367542462696, 0.8097970920770685, 0.8218853124212445]","[array([[ 74,  23,   2,   1],
       [ 16, 112,   0,   8],
       [  0,   0,  75,  14],
       [  0,   2,  15, 117]]), array([[ 70,  27,   2,   1],
       [ 13, 111,   0,  11],
       [  0,   0,  72,  17],
       [  1,   2,  14, 117]]), array([[ 72,  26,   2,   1],
       [ 13, 111,   0,  10],
       [  0,   0,  75,  14],
       [  0,   2,  16, 116]]), array([[ 75,  23,   1,   2],
       [ 13, 113,   0,   6],
       [  0,   0,  73,  16],
       [  1,   1,  16, 116]]), array([[ 76,  22,   2,   1],
       [ 10, 115,   0,   8],
       [  0,   0,  71,  18],
       [  1,   2,  15, 117]]), array([[ 74,  23,   2,   2],
       [ 11, 119,   0,  10],
       [  0,   0,  68,  22],
       [  1,   1,  14, 118]]), array([[ 77,  22,   1,   1],
       [ 11, 115,   0,   6],
       [  0,   0,  75,  14],
       [  1,   1,  15, 117]]), array([[ 74,  24,   2,   1],
       [ 13, 111,   0,  10],
       [  0,   0,  71,  18],
       [  1,   3,  15, 115]]), array([[ 73,  25,   2,   1],
       [ 13, 115,   0,   8],
       [  0,   0,  68,  21],
       [  1,   2,  14, 117]]), array([[ 78,  20,   2,   1],
       [ 15, 114,   0,   8],
       [  0,   0,  71,  18],
       [  0,   1,  17, 116]])]","[0.782608695652174, 0.8043478260869565, 0.782608695652174, 0.7608695652173914, 0.7333333333333333, 0.8444444444444444, 0.7111111111111111, 0.8444444444444444, 0.7555555555555555, 0.8222222222222222]","[0.782608695652174, 0.8043478260869565, 0.782608695652174, 0.7608695652173914, 0.7333333333333333, 0.8444444444444444, 0.7111111111111111, 0.8444444444444444, 0.7555555555555555, 0.8222222222222222]","[0.782608695652174, 0.8043478260869565, 0.782608695652174, 0.7608695652173914, 0.7333333333333333, 0.8444444444444444, 0.7111111111111111, 0.8444444444444444, 0.7555555555555555, 0.8222222222222222]","[0.782608695652174, 0.8043478260869565, 0.782608695652174, 0.7608695652173914, 0.7333333333333333, 0.8444444444444444, 0.7111111111111111, 0.8444444444444444, 0.7555555555555555, 0.8222222222222222]","[0.7948717948717949, 0.8172348484848484, 0.8027836134453782, 0.761437908496732, 0.7277777777777779, 0.871031746031746, 0.7199675324675325, 0.8409722222222222, 0.75, 0.8265016233766234]","[0.7875, 0.7972222222222223, 0.7757575757575758, 0.7446969696969696, 0.7211038961038961, 0.847979797979798, 0.7030303030303029, 0.8345959595959596, 0.7512626262626263, 0.8128787878787879]","[0.7801851851851851, 0.7970418470418471, 0.7721394478844169, 0.746261961722488, 0.7229148583602935, 0.8408045977011495, 0.7006912442396314, 0.8350169779286927, 0.7496867167919798, 0.8160085881860076]","[0.7999283325370282, 0.8180171277997365, 0.8002146510778224, 0.7679383347541915, 0.7328395061728395, 0.8798941798941798, 0.7302308802308802, 0.8489506172839506, 0.7577777777777778, 0.8240800865800866]","[0.782608695652174, 0.8043478260869565, 0.782608695652174, 0.7608695652173914, 0.7333333333333333, 0.8444444444444444, 0.7111111111111111, 0.8444444444444444, 0.7555555555555555, 0.8222222222222222]","[0.7808937198067634, 0.801041470606688, 0.7757591308834747, 0.7577621177449553, 0.7316131407980221, 0.8445295870583228, 0.7103396484041645, 0.8439992454253914, 0.7558340295182401, 0.8200460829493087]","[array([[11,  1,  0,  0],
       [ 2,  6,  0,  1],
       [ 0,  0,  9,  1],
       [ 0,  0,  5, 10]]), array([[ 8,  3,  0,  1],
       [ 1,  8,  0,  0],
       [ 0,  0,  7,  3],
       [ 0,  0,  1, 14]]), array([[ 7,  4,  0,  0],
       [ 0, 10,  0,  0],
       [ 0,  0,  6,  4],
       [ 1,  0,  1, 13]]), array([[ 6,  4,  1,  0],
       [ 2,  7,  0,  1],
       [ 0,  0,  8,  2],
       [ 0,  1,  0, 14]]), array([[ 8,  3,  0,  0],
       [ 4,  6,  0,  0],
       [ 0,  0,  7,  3],
       [ 0,  0,  2, 12]]), array([[ 7,  4,  0,  0],
       [ 0, 10,  0,  0],
       [ 0,  0,  8,  1],
       [ 0,  1,  1, 13]]), array([[ 6,  4,  1,  0],
       [ 1,  6,  0,  2],
       [ 0,  0,  8,  2],
       [ 0,  1,  2, 12]]), array([[ 8,  3,  0,  0],
       [ 1,  7,  0,  1],
       [ 0,  0,  9,  1],
       [ 0,  0,  1, 14]]), array([[ 8,  3,  0,  0],
       [ 2,  7,  0,  0],
       [ 0,  0,  7,  3],
       [ 0,  0,  3, 12]]), array([[ 9,  1,  0,  1],
       [ 2,  6,  0,  1],
       [ 0,  0,  9,  1],
       [ 0,  0,  2, 13]])]"
23,"[0.8148148148148148, 0.8056768558951966, 0.8144104803493449, 0.8333333333333334, 0.7991266375545851, 0.7849462365591398, 0.8223684210526315, 0.8078602620087336, 0.8021739130434783, 0.8177874186550976]","[0.8148148148148148, 0.8056768558951966, 0.8144104803493449, 0.8333333333333334, 0.7991266375545851, 0.7849462365591398, 0.8223684210526315, 0.8078602620087336, 0.8021739130434783, 0.8177874186550976]","[0.8148148148148148, 0.8056768558951966, 0.8144104803493449, 0.8333333333333334, 0.7991266375545851, 0.7849462365591398, 0.8223684210526315, 0.8078602620087336, 0.8021739130434783, 0.8177874186550976]","[0.8148148148148148, 0.8056768558951966, 0.8144104803493449, 0.8333333333333334, 0.7991266375545851, 0.7849462365591398, 0.8223684210526315, 0.8078602620087336, 0.8021739130434783, 0.8177874186550976]","[0.8160854775490771, 0.8122412523740762, 0.8141681227943948, 0.8350728497121909, 0.8030727255405163, 0.785703773783244, 0.8202659659181398, 0.8082640738890738, 0.8069655456001386, 0.8177358682618447]","[0.8104469843446351, 0.792179008204918, 0.810809604773994, 0.8261471417978624, 0.7898374135236734, 0.7754938180385202, 0.8183178832724795, 0.8020488972425669, 0.7898731564752198, 0.8131824192988122]","[0.8119485548927585, 0.7974490019216995, 0.8116484883820357, 0.8291851786407909, 0.7946761283052592, 0.7790278186891674, 0.818620574044027, 0.8043481119112019, 0.7955425940782477, 0.8150068429776196]","[0.815354434632176, 0.809247269495971, 0.8145526819007625, 0.8351142874325129, 0.8013918443730558, 0.7856612061141008, 0.8218959466671137, 0.8083761721862159, 0.8043555408294424, 0.8182476009056505]","[0.8148148148148148, 0.8056768558951966, 0.8144104803493449, 0.8333333333333334, 0.7991266375545851, 0.7849462365591398, 0.8223684210526315, 0.8078602620087336, 0.8021739130434783, 0.8177874186550976]","[0.8138882139002974, 0.8029879496685958, 0.8137059585895233, 0.8328814603834079, 0.7985351440956406, 0.7837539119547388, 0.8215152254591009, 0.8073277677847623, 0.8005320751441664, 0.8175893903628698]","[array([[ 71,  26,   2,   1],
       [ 15, 113,   0,   8],
       [  0,   0,  75,  14],
       [  0,   4,  15, 115]]), array([[ 65,  32,   2,   1],
       [ 10, 118,   0,   7],
       [  0,   0,  68,  21],
       [  1,   1,  14, 118]]), array([[ 74,  24,   2,   1],
       [ 16, 109,   0,   9],
       [  0,   0,  74,  15],
       [  0,   2,  16, 116]]), array([[ 77,  22,   1,   1],
       [  9, 116,   0,   7],
       [  0,   0,  71,  18],
       [  1,   0,  17, 116]]), array([[ 75,  23,   2,   1],
       [ 12, 111,   0,  10],
       [  0,   0,  65,  24],
       [  1,   3,  16, 115]]), array([[ 71,  26,   2,   2],
       [ 19, 112,   0,   9],
       [  0,   0,  66,  24],
       [  0,   2,  16, 116]]), array([[ 72,  27,   1,   1],
       [ 18, 110,   0,   4],
       [  0,   0,  76,  13],
       [  1,   1,  15, 117]]), array([[ 75,  23,   2,   1],
       [ 15, 110,   0,   9],
       [  0,   0,  70,  19],
       [  1,   2,  16, 115]]), array([[ 71,  27,   2,   1],
       [ 13, 115,   0,   8],
       [  0,   0,  65,  24],
       [  1,   2,  13, 118]]), array([[ 78,  20,   2,   1],
       [ 14, 115,   0,   8],
       [  0,   0,  71,  18],
       [  1,   4,  16, 113]])]","[0.782608695652174, 0.8043478260869565, 0.7391304347826086, 0.7608695652173914, 0.8222222222222222, 0.8666666666666667, 0.7111111111111111, 0.8222222222222222, 0.7555555555555555, 0.8444444444444444]","[0.782608695652174, 0.8043478260869565, 0.7391304347826086, 0.7608695652173914, 0.8222222222222222, 0.8666666666666667, 0.7111111111111111, 0.8222222222222222, 0.7555555555555555, 0.8444444444444444]","[0.782608695652174, 0.8043478260869565, 0.7391304347826086, 0.7608695652173914, 0.8222222222222222, 0.8666666666666667, 0.7111111111111111, 0.8222222222222222, 0.7555555555555555, 0.8444444444444444]","[0.782608695652174, 0.8043478260869565, 0.7391304347826086, 0.7608695652173914, 0.8222222222222222, 0.8666666666666667, 0.7111111111111111, 0.8222222222222222, 0.7555555555555555, 0.8444444444444444]","[0.7966269841269842, 0.8362713675213675, 0.7559523809523809, 0.761437908496732, 0.8315972222222222, 0.8798076923076923, 0.7199675324675325, 0.8201500297088533, 0.7496392496392497, 0.8445075757575758]","[0.7930555555555555, 0.8041666666666667, 0.7257575757575758, 0.7446969696969696, 0.813961038961039, 0.8595959595959597, 0.7030303030303029, 0.8045454545454547, 0.7535353535353535, 0.8406565656565657]","[0.7928573591991883, 0.7953216374269007, 0.7302584670231729, 0.746261961722488, 0.8156565656565656, 0.8596064246913795, 0.7006912442396314, 0.8102923585702224, 0.7473727422003283, 0.841380188439012]","[0.7945134575569359, 0.8401616499442587, 0.7527605244996549, 0.7679383347541915, 0.8311728395061728, 0.882051282051282, 0.7302308802308802, 0.8220406681190996, 0.764726631393298, 0.8457070707070706]","[0.782608695652174, 0.8043478260869565, 0.7391304347826086, 0.7608695652173914, 0.8222222222222222, 0.8666666666666667, 0.7111111111111111, 0.8222222222222222, 0.7555555555555555, 0.8444444444444444]","[0.7866679308567062, 0.7980606985183644, 0.7358637526156708, 0.7577621177449553, 0.8198428731762065, 0.8648658193623651, 0.7103396484041645, 0.8199776401788786, 0.7562853493887978, 0.8440709617180205]","[array([[11,  1,  0,  0],
       [ 0,  8,  0,  1],
       [ 0,  0,  7,  3],
       [ 0,  0,  5, 10]]), array([[ 7,  4,  0,  1],
       [ 0,  9,  0,  0],
       [ 0,  0,  7,  3],
       [ 0,  0,  1, 14]]), array([[ 7,  4,  0,  0],
       [ 1,  8,  0,  1],
       [ 0,  0,  6,  4],
       [ 1,  0,  1, 13]]), array([[ 6,  4,  1,  0],
       [ 2,  7,  0,  1],
       [ 0,  0,  8,  2],
       [ 0,  1,  0, 14]]), array([[ 8,  3,  0,  0],
       [ 1,  9,  0,  0],
       [ 0,  0,  7,  3],
       [ 0,  0,  1, 13]]), array([[ 8,  3,  0,  0],
       [ 0, 10,  0,  0],
       [ 0,  0,  7,  2],
       [ 0,  0,  1, 14]]), array([[ 6,  4,  1,  0],
       [ 1,  6,  0,  2],
       [ 0,  0,  8,  2],
       [ 0,  1,  2, 12]]), array([[ 9,  2,  0,  0],
       [ 2,  6,  0,  1],
       [ 0,  0,  8,  2],
       [ 0,  0,  1, 14]]), array([[ 7,  4,  0,  0],
       [ 2,  7,  0,  0],
       [ 0,  0,  8,  2],
       [ 0,  0,  3, 12]]), array([[ 9,  1,  0,  1],
       [ 2,  7,  0,  0],
       [ 0,  0,  9,  1],
       [ 0,  0,  2, 13]])]"
24,"[0.8191721132897604, 0.8144104803493449, 0.8165938864628821, 0.8289473684210527, 0.8209606986899564, 0.7870967741935484, 0.8135964912280702, 0.8296943231441049, 0.8195652173913044, 0.8156182212581344]","[0.8191721132897604, 0.8144104803493449, 0.8165938864628821, 0.8289473684210527, 0.8209606986899564, 0.7870967741935484, 0.8135964912280702, 0.8296943231441049, 0.8195652173913044, 0.8156182212581344]","[0.8191721132897604, 0.8144104803493449, 0.8165938864628821, 0.8289473684210527, 0.8209606986899564, 0.7870967741935484, 0.8135964912280702, 0.8296943231441049, 0.8195652173913044, 0.8156182212581344]","[0.8191721132897604, 0.8144104803493449, 0.8165938864628821, 0.8289473684210527, 0.8209606986899564, 0.7870967741935484, 0.8135964912280702, 0.8296943231441049, 0.8195652173913044, 0.8156182212581344]","[0.8213265796295525, 0.8202170688803163, 0.8177867040408826, 0.8313911049042053, 0.8242257466408998, 0.7870429035375612, 0.8156913018637393, 0.828802715427722, 0.8230168932506807, 0.8183486315874664]","[0.8150393357074508, 0.8040656424494258, 0.8130090176550776, 0.8240265981151191, 0.81537339225742, 0.7803983383412968, 0.8081114196863255, 0.8244209755538694, 0.8100393481604822, 0.8085209012344208]","[0.8162959894191772, 0.8087147254274387, 0.8140540126435549, 0.8258509038475708, 0.8185028237816696, 0.7827579223340806, 0.8096912774217488, 0.825938349012611, 0.8147126099246063, 0.811635508199508]","[0.8206950192066037, 0.8177522863182908, 0.8173661476263191, 0.8312634725570293, 0.8230917351819727, 0.7869262881627168, 0.8147557894053057, 0.8304544663300198, 0.8213081038260646, 0.8170611411592836]","[0.8191721132897604, 0.8144104803493449, 0.8165938864628821, 0.8289473684210527, 0.8209606986899564, 0.7870967741935484, 0.8135964912280702, 0.8296943231441049, 0.8195652173913044, 0.8156182212581344]","[0.8182219189204586, 0.8128761354636319, 0.8157584696824569, 0.8283994318935334, 0.8207850439604149, 0.7860838291816113, 0.8121299760138048, 0.829455142075894, 0.8186853191316638, 0.8146541906769091]","[array([[ 71,  25,   2,   2],
       [ 13, 116,   0,   7],
       [  0,   0,  76,  13],
       [  0,   5,  16, 113]]), array([[ 69,  28,   2,   1],
       [  9, 118,   0,   8],
       [  0,   0,  70,  19],
       [  1,   2,  15, 116]]), array([[ 73,  25,   2,   1],
       [ 14, 110,   0,  10],
       [  0,   0,  75,  14],
       [  0,   2,  16, 116]]), array([[ 75,  23,   1,   2],
       [  9, 116,   0,   7],
       [  0,   0,  74,  15],
       [  1,   2,  18, 113]]), array([[ 77,  21,   2,   1],
       [ 10, 112,   0,  11],
       [  0,   0,  71,  18],
       [  1,   2,  16, 116]]), array([[ 70,  27,   2,   2],
       [ 19, 112,   0,   9],
       [  0,   0,  70,  20],
       [  1,   3,  16, 114]]), array([[ 69,  30,   1,   1],
       [ 13, 111,   0,   8],
       [  0,   0,  75,  14],
       [  1,   1,  16, 116]]), array([[ 78,  20,   2,   1],
       [ 11, 116,   0,   7],
       [  0,   0,  72,  17],
       [  2,   1,  17, 114]]), array([[ 75,  22,   2,   2],
       [ 12, 116,   0,   8],
       [  0,   0,  68,  21],
       [  1,   2,  13, 118]]), array([[ 72,  26,   2,   1],
       [ 13, 117,   0,   7],
       [  0,   0,  72,  17],
       [  0,   4,  15, 115]])]","[0.7608695652173914, 0.8043478260869565, 0.7608695652173914, 0.782608695652174, 0.7555555555555555, 0.8444444444444444, 0.7555555555555555, 0.8222222222222222, 0.7111111111111111, 0.8444444444444444]","[0.7608695652173914, 0.8043478260869565, 0.7608695652173914, 0.782608695652174, 0.7555555555555555, 0.8444444444444444, 0.7555555555555555, 0.8222222222222222, 0.7111111111111111, 0.8444444444444444]","[0.7608695652173914, 0.8043478260869565, 0.7608695652173914, 0.782608695652174, 0.7555555555555555, 0.8444444444444444, 0.7555555555555555, 0.8222222222222222, 0.7111111111111111, 0.8444444444444444]","[0.7608695652173914, 0.8043478260869565, 0.7608695652173914, 0.782608695652174, 0.7555555555555555, 0.8444444444444444, 0.7555555555555555, 0.8222222222222222, 0.7111111111111111, 0.8444444444444444]","[0.7744047619047619, 0.8135212418300652, 0.7729835523953171, 0.7816399286987521, 0.7532467532467533, 0.8619658119658119, 0.7820855614973261, 0.8253267973856209, 0.699134199134199, 0.8416666666666667]","[0.7722222222222223, 0.8013888888888889, 0.7507575757575757, 0.7674242424242426, 0.7532467532467533, 0.8457070707070707, 0.7474747474747475, 0.8095959595959596, 0.7030303030303029, 0.842929292929293]","[0.7693037452565583, 0.7947525062656642, 0.7502477621483377, 0.7709429824561403, 0.7523809523809524, 0.845067378591406, 0.7450717787114846, 0.8134868421052631, 0.6973727422003284, 0.8383838383838385]","[0.7771221532091097, 0.8204745666382496, 0.7721880279425035, 0.7861091735772042, 0.7571717171717173, 0.8649572649572649, 0.788235294117647, 0.8293246187363833, 0.7193843193843193, 0.8469135802469137]","[0.7608695652173914, 0.8043478260869565, 0.7608695652173914, 0.782608695652174, 0.7555555555555555, 0.8444444444444444, 0.7555555555555555, 0.8222222222222222, 0.7111111111111111, 0.8444444444444444]","[0.7651413527685919, 0.8000694671461261, 0.755921967085511, 0.7807112890922959, 0.7555555555555555, 0.8464276633613019, 0.7526945222533458, 0.8217251461988304, 0.7118409049443533, 0.842020202020202]","[array([[10,  2,  0,  0],
       [ 0,  8,  0,  1],
       [ 0,  0,  7,  3],
       [ 0,  0,  5, 10]]), array([[ 7,  4,  0,  1],
       [ 1,  8,  0,  0],
       [ 0,  0,  8,  2],
       [ 0,  0,  1, 14]]), array([[ 7,  4,  0,  0],
       [ 1,  9,  0,  0],
       [ 0,  0,  6,  4],
       [ 1,  0,  1, 13]]), array([[ 7,  3,  1,  0],
       [ 2,  7,  0,  1],
       [ 0,  0,  8,  2],
       [ 0,  1,  0, 14]]), array([[ 8,  3,  0,  0],
       [ 2,  8,  0,  0],
       [ 0,  0,  7,  3],
       [ 0,  0,  3, 11]]), array([[ 8,  3,  0,  0],
       [ 0,  9,  0,  1],
       [ 0,  0,  8,  1],
       [ 0,  1,  1, 13]]), array([[ 6,  4,  1,  0],
       [ 0,  7,  0,  2],
       [ 0,  0,  8,  2],
       [ 0,  0,  2, 13]]), array([[ 8,  3,  0,  0],
       [ 1,  7,  0,  1],
       [ 0,  0,  8,  2],
       [ 0,  0,  1, 14]]), array([[ 6,  5,  0,  0],
       [ 3,  6,  0,  0],
       [ 0,  0,  8,  2],
       [ 0,  0,  3, 12]]), array([[ 8,  2,  0,  1],
       [ 1,  7,  0,  1],
       [ 0,  0, 10,  0],
       [ 0,  0,  2, 13]])]"
25,"[0.8235294117647058, 0.7882096069868996, 0.8144104803493449, 0.8223684210526315, 0.7925764192139738, 0.7913978494623656, 0.8223684210526315, 0.7903930131004366, 0.8043478260869565, 0.8091106290672451]","[0.8235294117647058, 0.7882096069868996, 0.8144104803493449, 0.8223684210526315, 0.7925764192139738, 0.7913978494623656, 0.8223684210526315, 0.7903930131004366, 0.8043478260869565, 0.8091106290672451]","[0.8235294117647058, 0.7882096069868996, 0.8144104803493449, 0.8223684210526315, 0.7925764192139738, 0.7913978494623656, 0.8223684210526315, 0.7903930131004366, 0.8043478260869565, 0.8091106290672451]","[0.8235294117647058, 0.7882096069868996, 0.8144104803493449, 0.8223684210526315, 0.7925764192139738, 0.7913978494623656, 0.8223684210526315, 0.7903930131004366, 0.8043478260869565, 0.8091106290672451]","[0.8303487731857713, 0.7983536760250236, 0.8138091465851311, 0.8245681504221758, 0.795423606528171, 0.7954654593844017, 0.8258373708049533, 0.7910369150459617, 0.812071757910853, 0.8128758224759923]","[0.8161510565151768, 0.7750969403916745, 0.8095904530080712, 0.816238846549421, 0.7833409604653405, 0.7803794851766627, 0.8146859535442056, 0.7824648450925924, 0.7901036260687754, 0.8020214233103367]","[0.818903403507062, 0.7810650825138227, 0.8105753822265209, 0.8183686752747527, 0.7876269011559083, 0.7846048380213893, 0.8178993649242794, 0.7856048671762417, 0.7968393610468936, 0.8056114382335899]","[0.827658439235419, 0.7934635877699726, 0.8144236908203435, 0.8244566442649681, 0.7940288767138055, 0.7934609546276873, 0.8245821024932993, 0.7909192526556083, 0.8084819341218213, 0.8108655714265046]","[0.8235294117647058, 0.7882096069868996, 0.8144104803493449, 0.8223684210526315, 0.7925764192139738, 0.7913978494623656, 0.8223684210526315, 0.7903930131004366, 0.8043478260869565, 0.8091106290672451]","[0.8216165133907842, 0.7855285044483685, 0.8133842087774253, 0.8215329878894869, 0.7916158525718862, 0.7893224550087092, 0.8212516469038208, 0.7895557633919938, 0.8023987225516815, 0.8082610696453968]","[array([[ 67,  29,   2,   2],
       [  9, 119,   0,   8],
       [  0,   0,  76,  13],
       [  0,   3,  15, 116]]), array([[ 63,  34,   2,   1],
       [ 10, 114,   0,  11],
       [  0,   0,  67,  22],
       [  1,   2,  14, 117]]), array([[ 72,  26,   2,   1],
       [ 16, 110,   0,   8],
       [  0,   0,  74,  15],
       [  0,   1,  16, 117]]), array([[ 73,  25,   1,   2],
       [ 10, 115,   0,   7],
       [  0,   0,  73,  16],
       [  1,   1,  18, 114]]), array([[ 72,  26,   2,   1],
       [ 14, 110,   0,   9],
       [  0,   0,  66,  23],
       [  1,   3,  16, 115]]), array([[ 66,  30,   2,   3],
       [ 14, 117,   0,   9],
       [  0,   0,  69,  21],
       [  0,   2,  16, 116]]), array([[ 72,  27,   1,   1],
       [ 10, 115,   0,   7],
       [  0,   0,  72,  17],
       [  1,   1,  16, 116]]), array([[ 72,  26,   2,   1],
       [ 16, 110,   0,   8],
       [  0,   0,  67,  22],
       [  1,   3,  17, 113]]), array([[ 70,  27,   2,   2],
       [ 10, 118,   0,   8],
       [  0,   0,  64,  25],
       [  1,   2,  13, 118]]), array([[ 72,  26,   2,   1],
       [ 13, 116,   0,   8],
       [  0,   0,  71,  18],
       [  0,   5,  15, 114]])]","[0.7391304347826086, 0.782608695652174, 0.7391304347826086, 0.717391304347826, 0.8, 0.8222222222222222, 0.7333333333333333, 0.8222222222222222, 0.7555555555555555, 0.8444444444444444]","[0.7391304347826086, 0.782608695652174, 0.7391304347826086, 0.717391304347826, 0.8, 0.8222222222222222, 0.7333333333333333, 0.8222222222222222, 0.7555555555555555, 0.8444444444444444]","[0.7391304347826086, 0.782608695652174, 0.7391304347826086, 0.717391304347826, 0.8, 0.8222222222222222, 0.7333333333333333, 0.8222222222222222, 0.7555555555555555, 0.8444444444444444]","[0.7391304347826086, 0.782608695652174, 0.7391304347826086, 0.717391304347826, 0.8, 0.8222222222222222, 0.7333333333333333, 0.8222222222222222, 0.7555555555555555, 0.8444444444444444]","[0.7461219336219337, 0.7988153594771241, 0.7536764705882353, 0.7320418552036199, 0.8041666666666667, 0.8449519230769231, 0.7651515151515151, 0.8253267973856209, 0.7496392496392497, 0.8416666666666667]","[0.7444444444444444, 0.7805555555555556, 0.728030303030303, 0.703030303030303, 0.7961038961038961, 0.817929292929293, 0.7308080808080808, 0.8095959595959596, 0.7535353535353535, 0.842929292929293]","[0.7433404509866279, 0.7785218253968254, 0.7249903250773994, 0.707638094330028, 0.7956525325853819, 0.8217382619985323, 0.7271618324749254, 0.8134868421052631, 0.7473727422003283, 0.8383838383838385]","[0.7490589121023904, 0.8018968456947996, 0.7547953964194373, 0.735982687389337, 0.8056790123456791, 0.8441239316239315, 0.7727272727272727, 0.8293246187363833, 0.764726631393298, 0.8469135802469137]","[0.7391304347826086, 0.782608695652174, 0.7391304347826086, 0.717391304347826, 0.8, 0.8222222222222222, 0.7333333333333333, 0.8222222222222222, 0.7555555555555555, 0.8444444444444444]","[0.7422444904030199, 0.7818538647342995, 0.7324715641405304, 0.7173826678384683, 0.7985876918000331, 0.8240367715206945, 0.733259038382378, 0.8217251461988304, 0.7562853493887978, 0.842020202020202]","[array([[10,  2,  0,  0],
       [ 1,  7,  0,  1],
       [ 0,  0,  7,  3],
       [ 0,  0,  5, 10]]), array([[ 8,  3,  0,  1],
       [ 1,  8,  0,  0],
       [ 0,  0,  7,  3],
       [ 0,  1,  1, 13]]), array([[ 6,  5,  0,  0],
       [ 1,  9,  0,  0],
       [ 0,  0,  6,  4],
       [ 1,  0,  1, 13]]), array([[ 6,  4,  1,  0],
       [ 2,  7,  0,  1],
       [ 0,  0,  7,  3],
       [ 0,  2,  0, 13]]), array([[ 8,  3,  0,  0],
       [ 1,  9,  0,  0],
       [ 0,  0,  7,  3],
       [ 0,  0,  2, 12]]), array([[ 8,  3,  0,  0],
       [ 0,  9,  0,  1],
       [ 0,  0,  7,  2],
       [ 0,  1,  1, 13]]), array([[ 6,  4,  1,  0],
       [ 0,  7,  0,  2],
       [ 0,  0,  8,  2],
       [ 0,  1,  2, 12]]), array([[ 8,  3,  0,  0],
       [ 1,  7,  0,  1],
       [ 0,  0,  8,  2],
       [ 0,  0,  1, 14]]), array([[ 7,  4,  0,  0],
       [ 2,  7,  0,  0],
       [ 0,  0,  8,  2],
       [ 0,  0,  3, 12]]), array([[ 8,  2,  0,  1],
       [ 1,  7,  0,  1],
       [ 0,  0, 10,  0],
       [ 0,  0,  2, 13]])]"
26,"[0.8169934640522876, 0.8056768558951966, 0.8165938864628821, 0.8070175438596491, 0.8187772925764192, 0.7956989247311828, 0.8201754385964912, 0.8122270742358079, 0.8065217391304348, 0.8199566160520607]","[0.8169934640522876, 0.8056768558951966, 0.8165938864628821, 0.8070175438596491, 0.8187772925764192, 0.7956989247311828, 0.8201754385964912, 0.8122270742358079, 0.8065217391304348, 0.8199566160520607]","[0.8169934640522876, 0.8056768558951966, 0.8165938864628821, 0.8070175438596491, 0.8187772925764192, 0.7956989247311828, 0.8201754385964912, 0.8122270742358079, 0.8065217391304348, 0.8199566160520607]","[0.8169934640522876, 0.8056768558951966, 0.8165938864628821, 0.8070175438596491, 0.8187772925764192, 0.7956989247311828, 0.8201754385964912, 0.8122270742358079, 0.8065217391304348, 0.8199566160520607]","[0.8219877757551923, 0.8104225530246038, 0.818249351179541, 0.8045528109465436, 0.8200215473856087, 0.7973594877956804, 0.8262970523722931, 0.8146176204250414, 0.8120903035279501, 0.8236658456486041]","[0.8093291720511784, 0.7969810435960025, 0.8111802900061933, 0.8060022535458308, 0.8135377798149841, 0.7862420863621544, 0.8120493134757044, 0.8051706646431874, 0.7964344511255635, 0.8111863650251204]","[0.8124161065501848, 0.8009873813239969, 0.8127737099908523, 0.8050948420222028, 0.8157802321123586, 0.7895315249167931, 0.8143589195482207, 0.8082955464154816, 0.8016372342724138, 0.8152123880971576]","[0.8198247315030494, 0.8076503555367515, 0.8174604140251929, 0.8066479533641709, 0.819194754655075, 0.7967420269900667, 0.8245677058154368, 0.8140751905756476, 0.808950647588757, 0.8218547528219157]","[0.8169934640522876, 0.8056768558951966, 0.8165938864628821, 0.8070175438596491, 0.8187772925764192, 0.7956989247311828, 0.8201754385964912, 0.8122270742358079, 0.8065217391304348, 0.8199566160520607]","[0.8154095436309625, 0.8041167963409853, 0.8152421788265631, 0.8066797479409731, 0.8180400290202221, 0.7941057745942924, 0.8178501830250287, 0.8116495794604984, 0.8052375861615304, 0.8188053061890792]","[array([[ 68,  28,   2,   2],
       [ 11, 118,   0,   7],
       [  0,   0,  74,  15],
       [  0,   4,  15, 115]]), array([[ 68,  29,   2,   1],
       [ 12, 113,   0,  10],
       [  0,   0,  71,  18],
       [  1,   2,  14, 117]]), array([[ 70,  28,   2,   1],
       [ 14, 112,   0,   8],
       [  0,   0,  75,  14],
       [  0,   2,  15, 117]]), array([[ 75,  23,   1,   2],
       [ 21, 105,   0,   6],
       [  0,   0,  75,  14],
       [  1,   3,  17, 113]]), array([[ 74,  23,   2,   2],
       [ 14, 111,   0,   8],
       [  0,   0,  73,  16],
       [  1,   3,  14, 117]]), array([[ 68,  29,   2,   2],
       [ 15, 117,   0,   8],
       [  0,   0,  70,  20],
       [  0,   2,  17, 115]]), array([[ 66,  33,   1,   1],
       [  9, 117,   0,   6],
       [  0,   0,  75,  14],
       [  1,   1,  16, 116]]), array([[ 74,  24,   2,   1],
       [ 11, 114,   0,   9],
       [  0,   0,  70,  19],
       [  1,   2,  17, 114]]), array([[ 71,  26,   2,   2],
       [ 12, 115,   0,   9],
       [  0,   0,  68,  21],
       [  1,   3,  13, 117]]), array([[ 72,  26,   2,   1],
       [ 11, 120,   0,   6],
       [  0,   0,  71,  18],
       [  1,   4,  14, 115]])]","[0.7391304347826086, 0.8260869565217391, 0.7608695652173914, 0.7391304347826086, 0.7333333333333333, 0.8444444444444444, 0.7333333333333333, 0.8444444444444444, 0.7333333333333333, 0.8444444444444444]","[0.7391304347826086, 0.8260869565217391, 0.7608695652173914, 0.7391304347826086, 0.7333333333333333, 0.8444444444444444, 0.7333333333333333, 0.8444444444444444, 0.7333333333333333, 0.8444444444444444]","[0.7391304347826086, 0.8260869565217391, 0.7608695652173914, 0.7391304347826086, 0.7333333333333333, 0.8444444444444444, 0.7333333333333333, 0.8444444444444444, 0.7333333333333333, 0.8444444444444444]","[0.7391304347826086, 0.8260869565217391, 0.7608695652173914, 0.7391304347826086, 0.7333333333333333, 0.8444444444444444, 0.7333333333333333, 0.8444444444444444, 0.7333333333333333, 0.8444444444444444]","[0.7461219336219337, 0.8474264705882353, 0.7729835523953171, 0.7465277777777778, 0.7282467532467531, 0.871031746031746, 0.7651515151515151, 0.847549019607843, 0.7294372294372294, 0.8416666666666667]","[0.7444444444444444, 0.8291666666666667, 0.7507575757575757, 0.7196969696969697, 0.7282467532467531, 0.847979797979798, 0.7308080808080808, 0.8323232323232324, 0.7308080808080808, 0.842929292929293]","[0.7433404509866279, 0.826140873015873, 0.7502477621483377, 0.723551302498671, 0.7282467532467531, 0.8408045977011495, 0.7271618324749254, 0.8380064745196324, 0.7219341457091003, 0.8383838383838385]","[0.7490589121023904, 0.8471867007672634, 0.7721880279425035, 0.75, 0.7333333333333333, 0.8798941798941798, 0.7727272727272727, 0.8475962236746549, 0.7473304473304473, 0.8469135802469137]","[0.7391304347826086, 0.8260869565217391, 0.7608695652173914, 0.7391304347826086, 0.7333333333333333, 0.8444444444444444, 0.7333333333333333, 0.8444444444444444, 0.7333333333333333, 0.8444444444444444]","[0.7422444904030199, 0.8253321256038647, 0.755921967085511, 0.7351316367334675, 0.7333333333333333, 0.8445295870583228, 0.733259038382378, 0.8438805346700083, 0.7328935365233006, 0.842020202020202]","[array([[10,  2,  0,  0],
       [ 1,  7,  0,  1],
       [ 0,  0,  7,  3],
       [ 0,  0,  5, 10]]), array([[ 9,  2,  0,  1],
       [ 0,  9,  0,  0],
       [ 0,  0,  7,  3],
       [ 0,  1,  1, 13]]), array([[ 7,  4,  0,  0],
       [ 1,  9,  0,  0],
       [ 0,  0,  6,  4],
       [ 1,  0,  1, 13]]), array([[ 6,  4,  1,  0],
       [ 2,  7,  0,  1],
       [ 0,  0,  7,  3],
       [ 0,  1,  0, 14]]), array([[ 8,  3,  0,  0],
       [ 3,  7,  0,  0],
       [ 0,  0,  7,  3],
       [ 0,  0,  3, 11]]), array([[ 7,  4,  0,  0],
       [ 0, 10,  0,  0],
       [ 0,  0,  8,  1],
       [ 0,  1,  1, 13]]), array([[ 6,  4,  1,  0],
       [ 0,  7,  0,  2],
       [ 0,  0,  8,  2],
       [ 0,  1,  2, 12]]), array([[ 9,  2,  0,  0],
       [ 1,  7,  0,  1],
       [ 0,  0,  8,  2],
       [ 0,  0,  1, 14]]), array([[ 6,  5,  0,  0],
       [ 2,  7,  0,  0],
       [ 0,  0,  8,  2],
       [ 0,  0,  3, 12]]), array([[ 8,  2,  0,  1],
       [ 1,  7,  0,  1],
       [ 0,  0, 10,  0],
       [ 0,  0,  2, 13]])]"
27,"[0.803921568627451, 0.7947598253275109, 0.8231441048034934, 0.8135964912280702, 0.8078602620087336, 0.7763440860215054, 0.7982456140350878, 0.7925764192139738, 0.808695652173913, 0.8091106290672451]","[0.803921568627451, 0.7947598253275109, 0.8231441048034934, 0.8135964912280702, 0.8078602620087336, 0.7763440860215054, 0.7982456140350878, 0.7925764192139738, 0.808695652173913, 0.8091106290672451]","[0.803921568627451, 0.7947598253275109, 0.8231441048034934, 0.8135964912280702, 0.8078602620087336, 0.7763440860215054, 0.7982456140350878, 0.7925764192139738, 0.808695652173913, 0.8091106290672451]","[0.803921568627451, 0.7947598253275109, 0.8231441048034934, 0.8135964912280702, 0.8078602620087336, 0.7763440860215054, 0.7982456140350878, 0.7925764192139738, 0.808695652173913, 0.8091106290672451]","[0.8058556027306027, 0.8022962058196957, 0.8276877443544111, 0.8145352821979857, 0.8146001693360271, 0.7776306107431935, 0.8024897255892136, 0.7955707616361803, 0.8147135559204524, 0.8112702839756593]","[0.7964131260419646, 0.7829059291557195, 0.8167773049315664, 0.8065571555897835, 0.7986633280770559, 0.7671989826914462, 0.7898117310473292, 0.7840546820907145, 0.7969681917104615, 0.8005502385522071]","[0.7993209397585219, 0.7882748195971194, 0.819413588817921, 0.8087912550477647, 0.8037148652576637, 0.7708597692552377, 0.7926567611653317, 0.7878473676860773, 0.8028832105271588, 0.8042957216605461]","[0.8042767871199243, 0.7984086603924826, 0.8254021842085888, 0.8145249309130147, 0.8111802559984479, 0.7773896727624563, 0.8005802330835642, 0.794035070523843, 0.8116258220096301, 0.8096008984789219]","[0.803921568627451, 0.7947598253275109, 0.8231441048034934, 0.8135964912280702, 0.8078602620087336, 0.7763440860215054, 0.7982456140350878, 0.7925764192139738, 0.808695652173913, 0.8091106290672451]","[0.8023990287657053, 0.792518521961837, 0.8216617210082756, 0.8124161608429642, 0.8067566497182642, 0.7753341603138643, 0.7961100795378552, 0.7914324253949553, 0.8073548224185405, 0.80781831246096]","[array([[ 68,  28,   2,   2],
       [ 16, 112,   0,   8],
       [  0,   0,  72,  17],
       [  0,   3,  14, 117]]), array([[ 65,  32,   2,   1],
       [ 11, 114,   0,  10],
       [  0,   0,  68,  21],
       [  1,   2,  14, 117]]), array([[ 70,  27,   2,   2],
       [ 11, 114,   0,   9],
       [  0,   0,  75,  14],
       [  0,   2,  14, 118]]), array([[ 71,  27,   1,   2],
       [ 13, 113,   0,   6],
       [  0,   0,  72,  17],
       [  1,   1,  17, 115]]), array([[ 71,  26,   2,   2],
       [ 10, 114,   0,   9],
       [  0,   0,  69,  20],
       [  1,   4,  14, 116]]), array([[ 71,  26,   2,   2],
       [ 19, 111,   0,  10],
       [  0,   0,  65,  25],
       [  0,   3,  17, 114]]), array([[ 65,  34,   1,   1],
       [ 13, 112,   0,   7],
       [  0,   0,  72,  17],
       [  1,   2,  16, 115]]), array([[ 70,  27,   2,   2],
       [ 14, 111,   0,   9],
       [  0,   0,  68,  21],
       [  1,   3,  16, 114]]), array([[ 72,  25,   2,   2],
       [ 11, 117,   0,   8],
       [  0,   0,  66,  23],
       [  1,   3,  13, 117]]), array([[ 71,  27,   2,   1],
       [ 16, 114,   0,   7],
       [  0,   0,  70,  19],
       [  0,   3,  13, 118]])]","[0.717391304347826, 0.782608695652174, 0.7608695652173914, 0.7391304347826086, 0.7777777777777778, 0.8222222222222222, 0.7555555555555555, 0.8222222222222222, 0.7333333333333333, 0.8222222222222222]","[0.717391304347826, 0.782608695652174, 0.7608695652173914, 0.7391304347826086, 0.7777777777777778, 0.8222222222222222, 0.7555555555555555, 0.8222222222222222, 0.7333333333333333, 0.8222222222222222]","[0.717391304347826, 0.782608695652174, 0.7608695652173914, 0.7391304347826086, 0.7777777777777778, 0.8222222222222222, 0.7555555555555555, 0.8222222222222222, 0.7333333333333333, 0.8222222222222222]","[0.717391304347826, 0.782608695652174, 0.7608695652173914, 0.7391304347826086, 0.7777777777777778, 0.8222222222222222, 0.7555555555555555, 0.8222222222222222, 0.7333333333333333, 0.8222222222222222]","[0.7410714285714286, 0.7988153594771241, 0.7866681929181929, 0.7465277777777778, 0.7811507936507935, 0.8520833333333333, 0.7820855614973261, 0.8253267973856209, 0.7294372294372294, 0.8125]","[0.7305555555555555, 0.7805555555555556, 0.7507575757575757, 0.7196969696969697, 0.7782467532467532, 0.8202020202020202, 0.7474747474747475, 0.8095959595959596, 0.7308080808080808, 0.8151515151515152]","[0.7219808926705479, 0.7785218253968254, 0.753302985433824, 0.723551302498671, 0.775974025974026, 0.8169934640522877, 0.7450717787114846, 0.8134868421052631, 0.7219341457091003, 0.8108861726508786]","[0.7510351966873706, 0.8018968456947996, 0.781583452779105, 0.75, 0.7839506172839507, 0.8564814814814814, 0.788235294117647, 0.8293246187363833, 0.7473304473304473, 0.8196296296296296]","[0.717391304347826, 0.782608695652174, 0.7608695652173914, 0.7391304347826086, 0.7777777777777778, 0.8222222222222222, 0.7555555555555555, 0.8222222222222222, 0.7333333333333333, 0.8222222222222222]","[0.7209914523257852, 0.7818538647342995, 0.7567033796089142, 0.7351316367334675, 0.7773737373737374, 0.8214960058097313, 0.7526945222533458, 0.8217251461988304, 0.7328935365233006, 0.8183289477407124]","[array([[ 8,  4,  0,  0],
       [ 0,  8,  0,  1],
       [ 0,  0,  7,  3],
       [ 0,  0,  5, 10]]), array([[ 8,  3,  0,  1],
       [ 1,  8,  0,  0],
       [ 0,  0,  7,  3],
       [ 0,  1,  1, 13]]), array([[ 7,  4,  0,  0],
       [ 0,  9,  0,  1],
       [ 0,  0,  6,  4],
       [ 1,  0,  1, 13]]), array([[ 6,  4,  1,  0],
       [ 2,  7,  0,  1],
       [ 0,  0,  7,  3],
       [ 0,  1,  0, 14]]), array([[ 8,  3,  0,  0],
       [ 1,  9,  0,  0],
       [ 0,  0,  7,  3],
       [ 0,  0,  3, 11]]), array([[ 7,  4,  0,  0],
       [ 0, 10,  0,  0],
       [ 0,  0,  7,  2],
       [ 0,  1,  1, 13]]), array([[ 6,  4,  1,  0],
       [ 0,  7,  0,  2],
       [ 0,  0,  8,  2],
       [ 0,  0,  2, 13]]), array([[ 8,  3,  0,  0],
       [ 1,  7,  0,  1],
       [ 0,  0,  8,  2],
       [ 0,  0,  1, 14]]), array([[ 6,  5,  0,  0],
       [ 2,  7,  0,  0],
       [ 0,  0,  8,  2],
       [ 0,  0,  3, 12]]), array([[ 8,  2,  0,  1],
       [ 2,  6,  0,  1],
       [ 0,  0, 10,  0],
       [ 0,  0,  2, 13]])]"
28,"[0.8017429193899782, 0.7903930131004366, 0.8100436681222707, 0.8201754385964912, 0.8209606986899564, 0.7956989247311828, 0.8157894736842105, 0.7947598253275109, 0.8173913043478261, 0.8091106290672451]","[0.8017429193899782, 0.7903930131004366, 0.8100436681222707, 0.8201754385964912, 0.8209606986899564, 0.7956989247311828, 0.8157894736842105, 0.7947598253275109, 0.8173913043478261, 0.8091106290672451]","[0.8017429193899782, 0.7903930131004366, 0.8100436681222707, 0.8201754385964912, 0.8209606986899564, 0.7956989247311828, 0.8157894736842105, 0.7947598253275109, 0.8173913043478261, 0.8091106290672451]","[0.8017429193899782, 0.7903930131004366, 0.8100436681222707, 0.8201754385964912, 0.8209606986899564, 0.7956989247311828, 0.8157894736842105, 0.7947598253275109, 0.8173913043478261, 0.8091106290672451]","[0.800950833813737, 0.7994988258295744, 0.8092826187896611, 0.8195188284902593, 0.8245039964728638, 0.8023124005421721, 0.8150498579238799, 0.7983179013565906, 0.8239102296279912, 0.8100794996715733]","[0.7980391704728176, 0.7791582350420183, 0.805859109724489, 0.8170038809180264, 0.8138926412705475, 0.7855525531231162, 0.8105287606154545, 0.7893019743866051, 0.8078948079747454, 0.8033631374468881]","[0.7985165002458137, 0.7837607810596003, 0.806737247111148, 0.8175517485658995, 0.8173330060833902, 0.7900140253948924, 0.8119842607066277, 0.7925706794601453, 0.8135054556010438, 0.8058529926435992]","[0.8015526818886155, 0.7952024643047553, 0.8095678538817723, 0.8207040911383557, 0.8226610768174389, 0.7996521056425068, 0.8157959098209969, 0.796442222068838, 0.8207780313804857, 0.8094722681734506]","[0.8017429193899782, 0.7903930131004366, 0.8100436681222707, 0.8201754385964912, 0.8209606986899564, 0.7956989247311828, 0.8157894736842105, 0.7947598253275109, 0.8173913043478261, 0.8091106290672451]","[0.8007644511651324, 0.7876148137623631, 0.8090209242352463, 0.81980033613909, 0.8200517223838829, 0.7940426949573052, 0.815035407566691, 0.7943854369512057, 0.8167369197772011, 0.8084678469290804]","[array([[ 69,  27,   2,   2],
       [ 19, 111,   0,   6],
       [  0,   0,  75,  14],
       [  0,   5,  16, 113]]), array([[ 62,  35,   2,   1],
       [ 10, 114,   0,  11],
       [  0,   0,  70,  19],
       [  1,   2,  15, 116]]), array([[ 72,  25,   2,   2],
       [ 18, 108,   0,   8],
       [  0,   0,  74,  15],
       [  0,   2,  15, 117]]), array([[ 76,  22,   1,   2],
       [ 14, 110,   0,   8],
       [  0,   0,  74,  15],
       [  1,   1,  18, 114]]), array([[ 73,  24,   2,   2],
       [ 11, 114,   0,   8],
       [  0,   0,  72,  17],
       [  1,   3,  14, 117]]), array([[ 67,  29,   2,   3],
       [ 11, 118,   0,  11],
       [  0,   0,  70,  20],
       [  0,   2,  17, 115]]), array([[ 73,  26,   1,   1],
       [ 16, 111,   0,   5],
       [  0,   0,  73,  16],
       [  1,   2,  16, 115]]), array([[ 74,  23,   2,   2],
       [ 14, 108,   0,  12],
       [  0,   0,  69,  20],
       [  1,   4,  16, 113]]), array([[ 76,  21,   2,   2],
       [ 11, 114,   0,  11],
       [  0,   0,  67,  22],
       [  1,   2,  12, 119]]), array([[ 74,  24,   2,   1],
       [ 16, 113,   0,   8],
       [  0,   0,  71,  18],
       [  0,   4,  15, 115]])]","[0.7391304347826086, 0.8260869565217391, 0.7608695652173914, 0.782608695652174, 0.7555555555555555, 0.8444444444444444, 0.7333333333333333, 0.8444444444444444, 0.7333333333333333, 0.8666666666666667]","[0.7391304347826086, 0.8260869565217391, 0.7608695652173914, 0.782608695652174, 0.7555555555555555, 0.8444444444444444, 0.7333333333333333, 0.8444444444444444, 0.7333333333333333, 0.8666666666666667]","[0.7391304347826086, 0.8260869565217391, 0.7608695652173914, 0.782608695652174, 0.7555555555555555, 0.8444444444444444, 0.7333333333333333, 0.8444444444444444, 0.7333333333333333, 0.8666666666666667]","[0.7391304347826086, 0.8260869565217391, 0.7608695652173914, 0.782608695652174, 0.7555555555555555, 0.8444444444444444, 0.7333333333333333, 0.8444444444444444, 0.7333333333333333, 0.8666666666666667]","[0.7520743145743145, 0.8381944444444445, 0.7729835523953171, 0.7816399286987521, 0.7532467532467533, 0.8496642246642248, 0.7372803666921314, 0.8384469696969696, 0.7211038961038961, 0.86875]","[0.7527777777777779, 0.8180555555555555, 0.7507575757575757, 0.7674242424242426, 0.7532467532467533, 0.8457070707070707, 0.7196969696969696, 0.836868686868687, 0.7257575757575758, 0.8656565656565657]","[0.7451690821256038, 0.8216374269005848, 0.7502477621483377, 0.7709429824561403, 0.7523809523809524, 0.8420123271697485, 0.7181625939849624, 0.830639097744361, 0.7219341457091003, 0.8641074611662847]","[0.7581168831168831, 0.8351449275362318, 0.7721880279425035, 0.7861091735772042, 0.7571717171717173, 0.8584316917650251, 0.7460419319242848, 0.8542929292929292, 0.7384415584415585, 0.8690740740740741]","[0.7391304347826086, 0.8260869565217391, 0.7608695652173914, 0.782608695652174, 0.7555555555555555, 0.8444444444444444, 0.7333333333333333, 0.8444444444444444, 0.7333333333333333, 0.8666666666666667]","[0.7413358538122243, 0.8239604280794213, 0.755921967085511, 0.7807112890922959, 0.7555555555555555, 0.8460969515242379, 0.7294242550821498, 0.8428682818156503, 0.7344529907143338, 0.8651387827858416]","[array([[10,  2,  0,  0],
       [ 1,  7,  0,  1],
       [ 0,  0,  8,  2],
       [ 0,  0,  6,  9]]), array([[ 9,  2,  0,  1],
       [ 1,  8,  0,  0],
       [ 0,  0,  7,  3],
       [ 0,  0,  1, 14]]), array([[ 7,  4,  0,  0],
       [ 1,  9,  0,  0],
       [ 0,  0,  6,  4],
       [ 1,  0,  1, 13]]), array([[ 7,  3,  1,  0],
       [ 2,  7,  0,  1],
       [ 0,  0,  8,  2],
       [ 0,  1,  0, 14]]), array([[ 8,  3,  0,  0],
       [ 2,  8,  0,  0],
       [ 0,  0,  7,  3],
       [ 0,  0,  3, 11]]), array([[ 8,  3,  0,  0],
       [ 1,  9,  0,  0],
       [ 0,  0,  8,  1],
       [ 0,  1,  1, 13]]), array([[ 6,  4,  1,  0],
       [ 1,  6,  0,  2],
       [ 0,  0,  8,  2],
       [ 0,  0,  2, 13]]), array([[ 7,  4,  0,  0],
       [ 1,  7,  0,  1],
       [ 0,  0, 10,  0],
       [ 0,  0,  1, 14]]), array([[ 7,  4,  0,  0],
       [ 3,  6,  0,  0],
       [ 0,  0,  8,  2],
       [ 0,  0,  3, 12]]), array([[ 9,  1,  0,  1],
       [ 1,  7,  0,  1],
       [ 0,  0, 10,  0],
       [ 0,  0,  2, 13]])]"
29,"[0.8104575163398693, 0.8122270742358079, 0.8100436681222707, 0.8289473684210527, 0.8034934497816594, 0.7827956989247312, 0.8135964912280702, 0.7991266375545851, 0.7956521739130434, 0.8004338394793926]","[0.8104575163398693, 0.8122270742358079, 0.8100436681222707, 0.8289473684210527, 0.8034934497816594, 0.7827956989247312, 0.8135964912280702, 0.7991266375545851, 0.7956521739130434, 0.8004338394793926]","[0.8104575163398693, 0.8122270742358079, 0.8100436681222707, 0.8289473684210527, 0.8034934497816594, 0.7827956989247312, 0.8135964912280702, 0.7991266375545851, 0.7956521739130434, 0.8004338394793926]","[0.8104575163398693, 0.8122270742358079, 0.8100436681222707, 0.8289473684210527, 0.8034934497816594, 0.7827956989247312, 0.8135964912280702, 0.7991266375545851, 0.7956521739130434, 0.8004338394793926]","[0.8124761362011754, 0.8178417650005524, 0.8148496416162758, 0.8342733631401615, 0.8113361495947015, 0.791911334823592, 0.8156516416412237, 0.801512296427509, 0.8066354616987528, 0.8047120572366877]","[0.8032075741582899, 0.8006223253271719, 0.8034208061926434, 0.821254553343981, 0.7949758637827681, 0.7671153016154494, 0.8065854233419316, 0.7887083798938337, 0.7831423327272207, 0.7942658496274229]","[0.8056247769822001, 0.805643894375256, 0.8060547475326674, 0.8250374500163089, 0.7995080888670889, 0.7724136653161562, 0.8092156826712311, 0.7930163894085365, 0.7900395428124302, 0.798032105791791]","[0.8110421896177962, 0.8151962834050325, 0.8124803522116099, 0.8316979305293255, 0.8073526700999821, 0.7880878200353891, 0.8150168111013532, 0.8000542021049051, 0.8003542843388743, 0.8021172445341365]","[0.8104575163398693, 0.8122270742358079, 0.8100436681222707, 0.8289473684210527, 0.8034934497816594, 0.7827956989247312, 0.8135964912280702, 0.7991266375545851, 0.7956521739130434, 0.8004338394793926]","[0.8086976705783734, 0.8103363665798679, 0.8084055994912935, 0.8277479311532917, 0.8019907664871506, 0.7788284462689193, 0.8124898108692524, 0.7975824516051325, 0.7934216774074397, 0.7998951671350674]","[array([[ 67,  29,   2,   2],
       [ 15, 114,   0,   7],
       [  0,   0,  74,  15],
       [  0,   3,  14, 117]]), array([[ 68,  29,   2,   1],
       [ 10, 118,   0,   7],
       [  0,   0,  69,  20],
       [  1,   2,  14, 117]]), array([[ 68,  29,   2,   2],
       [ 12, 113,   0,   9],
       [  0,   0,  74,  15],
       [  0,   3,  15, 116]]), array([[ 72,  26,   1,   2],
       [  9, 116,   0,   7],
       [  0,   0,  73,  16],
       [  1,   2,  14, 117]]), array([[ 68,  29,   2,   2],
       [ 10, 113,   0,  10],
       [  0,   0,  71,  18],
       [  1,   4,  14, 116]]), array([[ 60,  36,   2,   3],
       [ 11, 121,   0,   8],
       [  0,   0,  67,  23],
       [  0,   2,  16, 116]]), array([[ 71,  28,   1,   1],
       [ 13, 114,   0,   5],
       [  0,   0,  72,  17],
       [  1,   3,  16, 114]]), array([[ 70,  27,   2,   2],
       [ 15, 112,   0,   7],
       [  0,   0,  67,  22],
       [  1,   2,  14, 117]]), array([[ 66,  30,   2,   3],
       [ 12, 114,   0,  10],
       [  0,   0,  67,  22],
       [  1,   4,  10, 119]]), array([[ 73,  25,   2,   1],
       [ 13, 115,   0,   9],
       [  0,   0,  70,  19],
       [  1,   7,  15, 111]])]","[0.7391304347826086, 0.782608695652174, 0.7608695652173914, 0.717391304347826, 0.8, 0.8222222222222222, 0.6888888888888889, 0.8666666666666667, 0.7333333333333333, 0.8444444444444444]","[0.7391304347826086, 0.782608695652174, 0.7608695652173914, 0.717391304347826, 0.8, 0.8222222222222222, 0.6888888888888889, 0.8666666666666667, 0.7333333333333333, 0.8444444444444444]","[0.7391304347826086, 0.782608695652174, 0.7608695652173914, 0.717391304347826, 0.8, 0.8222222222222222, 0.6888888888888889, 0.8666666666666667, 0.7333333333333333, 0.8444444444444444]","[0.7391304347826086, 0.782608695652174, 0.7608695652173914, 0.717391304347826, 0.8, 0.8222222222222222, 0.6888888888888889, 0.8666666666666667, 0.7333333333333333, 0.8444444444444444]","[0.7520743145743145, 0.820640756302521, 0.7864145658263305, 0.7263812576312576, 0.8041666666666667, 0.8606150793650793, 0.7021199388846449, 0.8631944444444445, 0.7294372294372294, 0.8416666666666667]","[0.7527777777777779, 0.7875, 0.753030303030303, 0.696969696969697, 0.7961038961038961, 0.8252525252525252, 0.678030303030303, 0.8573232323232323, 0.7308080808080808, 0.842929292929293]","[0.7451690821256038, 0.7774321446732774, 0.7462622549019609, 0.6976284584980238, 0.7956525325853819, 0.8151384337996914, 0.6791666666666667, 0.859536610343062, 0.7219341457091003, 0.8383838383838385]","[0.7581168831168831, 0.8262239678480087, 0.7855924978687127, 0.7317048893135849, 0.8056790123456791, 0.8706349206349207, 0.709464391817333, 0.8672222222222222, 0.7473304473304473, 0.8469135802469137]","[0.7391304347826086, 0.782608695652174, 0.7608695652173914, 0.717391304347826, 0.8, 0.8222222222222222, 0.6888888888888889, 0.8666666666666667, 0.7333333333333333, 0.8444444444444444]","[0.7413358538122243, 0.7793665500392443, 0.7517316709292412, 0.7109373508239294, 0.7985876918000331, 0.8201175430384356, 0.6885185185185185, 0.8661546338965694, 0.7328935365233006, 0.842020202020202]","[array([[10,  2,  0,  0],
       [ 1,  7,  0,  1],
       [ 0,  0,  8,  2],
       [ 0,  0,  6,  9]]), array([[ 7,  4,  0,  1],
       [ 0,  9,  0,  0],
       [ 0,  0,  7,  3],
       [ 0,  1,  1, 13]]), array([[ 6,  5,  0,  0],
       [ 0, 10,  0,  0],
       [ 0,  0,  6,  4],
       [ 1,  0,  1, 13]]), array([[ 5,  5,  1,  0],
       [ 2,  7,  0,  1],
       [ 0,  0,  7,  3],
       [ 0,  1,  0, 14]]), array([[ 8,  3,  0,  0],
       [ 1,  9,  0,  0],
       [ 0,  0,  7,  3],
       [ 0,  0,  2, 12]]), array([[ 6,  5,  0,  0],
       [ 0, 10,  0,  0],
       [ 0,  0,  8,  1],
       [ 0,  1,  1, 13]]), array([[ 6,  4,  1,  0],
       [ 1,  6,  0,  2],
       [ 0,  0,  7,  3],
       [ 0,  1,  2, 12]]), array([[ 9,  2,  0,  0],
       [ 1,  7,  0,  1],
       [ 0,  0,  9,  1],
       [ 0,  0,  1, 14]]), array([[ 6,  5,  0,  0],
       [ 2,  7,  0,  0],
       [ 0,  0,  8,  2],
       [ 0,  0,  3, 12]]), array([[ 8,  2,  0,  1],
       [ 1,  7,  0,  1],
       [ 0,  0, 10,  0],
       [ 0,  0,  2, 13]])]"
30,"[0.8061002178649237, 0.7991266375545851, 0.8056768558951966, 0.831140350877193, 0.8013100436681223, 0.8064516129032258, 0.8070175438596491, 0.8100436681222707, 0.808695652173913, 0.8004338394793926]","[0.8061002178649237, 0.7991266375545851, 0.8056768558951966, 0.831140350877193, 0.8013100436681223, 0.8064516129032258, 0.8070175438596491, 0.8100436681222707, 0.808695652173913, 0.8004338394793926]","[0.8061002178649237, 0.7991266375545851, 0.8056768558951966, 0.831140350877193, 0.8013100436681223, 0.8064516129032258, 0.8070175438596491, 0.8100436681222707, 0.808695652173913, 0.8004338394793926]","[0.8061002178649237, 0.7991266375545851, 0.8056768558951966, 0.831140350877193, 0.8013100436681223, 0.8064516129032258, 0.8070175438596491, 0.8100436681222707, 0.808695652173913, 0.8004338394793926]","[0.8067842366923021, 0.8061953751294781, 0.8076286910560173, 0.8333427848919384, 0.8064126415374636, 0.8134330732788084, 0.8066663457555123, 0.8157183616461683, 0.8156450545808754, 0.8070927321606414]","[0.8007448875911256, 0.7888354264880343, 0.8012423559142767, 0.8264170423834266, 0.7952165506038368, 0.7957757182967764, 0.8026771683960279, 0.8005329482302582, 0.7986308301063703, 0.7913474408341938]","[0.8022404359490656, 0.7939846787543444, 0.8022388688850937, 0.8287083773030067, 0.7985059882396555, 0.8000168611275383, 0.8039067557785996, 0.805067908709995, 0.8043327218080332, 0.7951120485438123]","[0.8065645152206196, 0.8024621797975036, 0.8068798867840989, 0.8322853018982077, 0.8035072034175572, 0.8105279124598838, 0.8065302285000019, 0.8135577745502325, 0.8121512614903708, 0.8048775362744538]","[0.8061002178649237, 0.7991266375545851, 0.8056768558951966, 0.831140350877193, 0.8013100436681223, 0.8064516129032258, 0.8070175438596491, 0.8100436681222707, 0.808695652173913, 0.8004338394793926]","[0.8049366169863869, 0.7974748424200087, 0.8042899297396743, 0.8306162420753181, 0.8002341574442897, 0.8042547524936985, 0.8060574730398855, 0.8089193349611652, 0.8076884343651196, 0.7987566225042271]","[array([[ 69,  27,   2,   2],
       [ 15, 114,   0,   7],
       [  0,   0,  74,  15],
       [  1,   4,  16, 113]]), array([[ 67,  30,   2,   1],
       [ 11, 115,   0,   9],
       [  0,   0,  69,  20],
       [  1,   4,  14, 115]]), array([[ 69,  28,   2,   2],
       [ 14, 110,   0,  10],
       [  0,   0,  75,  14],
       [  0,   2,  17, 115]]), array([[ 76,  22,   1,   2],
       [ 11, 113,   0,   8],
       [  0,   0,  74,  15],
       [  1,   2,  15, 116]]), array([[ 70,  27,   2,   2],
       [ 12, 109,   0,  12],
       [  0,   0,  72,  17],
       [  1,   3,  15, 116]]), array([[ 66,  30,   2,   3],
       [  9, 122,   0,   9],
       [  0,   0,  72,  18],
       [  1,   2,  16, 115]]), array([[ 71,  28,   1,   1],
       [ 18, 107,   0,   7],
       [  0,   0,  74,  15],
       [  1,   2,  15, 116]]), array([[ 71,  26,   2,   2],
       [  9, 116,   0,   9],
       [  0,   0,  69,  20],
       [  1,   2,  16, 115]]), array([[ 73,  23,   2,   3],
       [ 12, 113,   0,  11],
       [  0,   0,  67,  22],
       [  1,   2,  12, 119]]), array([[ 67,  31,   2,   1],
       [ 11, 120,   0,   6],
       [  0,   0,  71,  18],
       [  0,   6,  17, 111]])]","[0.7391304347826086, 0.7391304347826086, 0.7391304347826086, 0.7608695652173914, 0.7777777777777778, 0.8666666666666667, 0.6888888888888889, 0.8444444444444444, 0.7777777777777778, 0.8222222222222222]","[0.7391304347826086, 0.7391304347826086, 0.7391304347826086, 0.7608695652173914, 0.7777777777777778, 0.8666666666666667, 0.6888888888888889, 0.8444444444444444, 0.7777777777777778, 0.8222222222222222]","[0.7391304347826086, 0.7391304347826086, 0.7391304347826086, 0.7608695652173914, 0.7777777777777778, 0.8666666666666667, 0.6888888888888889, 0.8444444444444444, 0.7777777777777778, 0.8222222222222222]","[0.7391304347826086, 0.7391304347826086, 0.7391304347826086, 0.7608695652173914, 0.7777777777777778, 0.8666666666666667, 0.6888888888888889, 0.8444444444444444, 0.7777777777777778, 0.8222222222222222]","[0.7621753246753247, 0.7545405982905983, 0.770045518207283, 0.765625, 0.7811507936507935, 0.8841269841269841, 0.7021199388846449, 0.8409722222222222, 0.7702020202020202, 0.8246527777777778]","[0.7597222222222223, 0.7430555555555556, 0.7303030303030303, 0.7507575757575758, 0.7782467532467532, 0.8646464646464647, 0.678030303030303, 0.8345959595959596, 0.7702020202020202, 0.8202020202020203]","[0.7476190476190475, 0.7345770952307455, 0.7189621040723982, 0.7542946442352215, 0.775974025974026, 0.8583333333333334, 0.6791666666666667, 0.8350169779286927, 0.7666666666666667, 0.8156051173878]","[0.7719508752117449, 0.7623095503530287, 0.7708409450736816, 0.7709842995169083, 0.7839506172839507, 0.892063492063492, 0.709464391817333, 0.8489506172839506, 0.7840628507295174, 0.8254629629629631]","[0.7391304347826086, 0.7391304347826086, 0.7391304347826086, 0.7608695652173914, 0.7777777777777778, 0.8666666666666667, 0.6888888888888889, 0.8444444444444444, 0.7777777777777778, 0.8222222222222222]","[0.7424430641821946, 0.7375386700846213, 0.7262873795002952, 0.7622898729675136, 0.7773737373737374, 0.8641975308641975, 0.6885185185185185, 0.8439992454253914, 0.7777777777777778, 0.8172626091132034]","[array([[9, 3, 0, 0],
       [0, 8, 0, 1],
       [0, 0, 8, 2],
       [0, 0, 6, 9]]), array([[ 7,  4,  0,  1],
       [ 1,  8,  0,  0],
       [ 0,  0,  7,  3],
       [ 0,  1,  2, 12]]), array([[ 5,  6,  0,  0],
       [ 0, 10,  0,  0],
       [ 0,  0,  6,  4],
       [ 1,  0,  1, 13]]), array([[ 7,  3,  1,  0],
       [ 2,  7,  0,  1],
       [ 0,  0,  8,  2],
       [ 0,  2,  0, 13]]), array([[ 8,  3,  0,  0],
       [ 1,  9,  0,  0],
       [ 0,  0,  7,  3],
       [ 0,  0,  3, 11]]), array([[ 7,  4,  0,  0],
       [ 0, 10,  0,  0],
       [ 0,  0,  8,  1],
       [ 0,  0,  1, 14]]), array([[ 6,  4,  1,  0],
       [ 1,  6,  0,  2],
       [ 0,  0,  7,  3],
       [ 0,  1,  2, 12]]), array([[ 8,  3,  0,  0],
       [ 1,  7,  0,  1],
       [ 0,  0,  9,  1],
       [ 0,  0,  1, 14]]), array([[ 7,  4,  0,  0],
       [ 2,  7,  0,  0],
       [ 0,  0,  8,  2],
       [ 0,  0,  2, 13]]), array([[ 7,  2,  0,  2],
       [ 1,  7,  0,  1],
       [ 0,  0, 10,  0],
       [ 0,  0,  2, 13]])]"
31,"[0.8082788671023965, 0.8100436681222707, 0.8034934497816594, 0.8223684210526315, 0.8100436681222707, 0.789247311827957, 0.8201754385964912, 0.7947598253275109, 0.7891304347826087, 0.8004338394793926]","[0.8082788671023965, 0.8100436681222707, 0.8034934497816594, 0.8223684210526315, 0.8100436681222707, 0.789247311827957, 0.8201754385964912, 0.7947598253275109, 0.7891304347826087, 0.8004338394793926]","[0.8082788671023965, 0.8100436681222707, 0.8034934497816594, 0.8223684210526315, 0.8100436681222707, 0.789247311827957, 0.8201754385964912, 0.7947598253275109, 0.7891304347826087, 0.8004338394793926]","[0.8082788671023965, 0.8100436681222707, 0.8034934497816594, 0.8223684210526315, 0.8100436681222707, 0.789247311827957, 0.8201754385964912, 0.7947598253275109, 0.7891304347826087, 0.8004338394793926]","[0.8183571573398216, 0.8148566634954705, 0.8072596140491823, 0.8312293144208037, 0.8179914678265754, 0.7943361317724252, 0.826578724588092, 0.8004834458049193, 0.7998355263157895, 0.8044654973027534]","[0.7976417811800218, 0.7978133365631269, 0.7966046395013475, 0.8136095116303513, 0.800614961527129, 0.777984195007987, 0.8129347240023348, 0.7840916260836214, 0.7756891538052899, 0.7930875519850429]","[0.8016183153607903, 0.8027555697283832, 0.7988533180962946, 0.8171737687705536, 0.8052077430575041, 0.7828737863357543, 0.8156744763721764, 0.7885945884878269, 0.7821374378374053, 0.797065536675061]","[0.814628401599443, 0.812870406432444, 0.8053990099060157, 0.8278192526232839, 0.81436045877817, 0.7908582785566884, 0.8247538743735501, 0.7980139515948637, 0.7938744279176202, 0.8018393582283404]","[0.8082788671023965, 0.8100436681222707, 0.8034934497816594, 0.8223684210526315, 0.8100436681222707, 0.789247311827957, 0.8201754385964912, 0.7947598253275109, 0.7891304347826087, 0.8004338394793926]","[0.8054579048438368, 0.8080919030745789, 0.8015700440110751, 0.8201747308884955, 0.8083422545455393, 0.786958869537714, 0.81863841670136, 0.7929008825139301, 0.7861975871881773, 0.7995157371640915]","[array([[ 63,  33,   2,   2],
       [  8, 122,   0,   6],
       [  0,   0,  73,  16],
       [  1,   5,  15, 113]]), array([[ 68,  29,   2,   1],
       [ 10, 118,   0,   7],
       [  0,   0,  68,  21],
       [  1,   1,  15, 117]]), array([[ 66,  31,   2,   2],
       [ 14, 113,   0,   7],
       [  0,   0,  74,  15],
       [  0,   4,  15, 115]]), array([[ 67,  30,   1,   3],
       [  7, 118,   0,   7],
       [  0,   0,  74,  15],
       [  1,   2,  15, 116]]), array([[ 68,  29,   2,   2],
       [  9, 116,   0,   8],
       [  0,   0,  71,  18],
       [  1,   4,  14, 116]]), array([[ 65,  31,   2,   3],
       [ 16, 116,   0,   8],
       [  0,   0,  69,  21],
       [  0,   4,  13, 117]]), array([[ 69,  30,   1,   1],
       [  8, 117,   0,   7],
       [  0,   0,  74,  15],
       [  1,   2,  17, 114]]), array([[ 67,  30,   2,   2],
       [ 11, 114,   0,   9],
       [  0,   0,  68,  21],
       [  1,   2,  16, 115]]), array([[ 63,  33,   2,   3],
       [ 12, 115,   0,   9],
       [  0,   0,  67,  22],
       [  1,   4,  11, 118]]), array([[ 71,  27,   2,   1],
       [ 15, 114,   0,   8],
       [  0,   0,  70,  19],
       [  0,   6,  14, 114]])]","[0.6956521739130435, 0.7608695652173914, 0.782608695652174, 0.7608695652173914, 0.7555555555555555, 0.8222222222222222, 0.6888888888888889, 0.7555555555555555, 0.7555555555555555, 0.8444444444444444]","[0.6956521739130435, 0.7608695652173914, 0.782608695652174, 0.7608695652173914, 0.7555555555555555, 0.8222222222222222, 0.6888888888888889, 0.7555555555555555, 0.7555555555555555, 0.8444444444444444]","[0.6956521739130435, 0.7608695652173914, 0.782608695652174, 0.7608695652173914, 0.7555555555555555, 0.8222222222222222, 0.6888888888888889, 0.7555555555555555, 0.7555555555555555, 0.8444444444444444]","[0.6956521739130435, 0.7608695652173914, 0.782608695652174, 0.7608695652173914, 0.7555555555555555, 0.8222222222222222, 0.6888888888888889, 0.7555555555555555, 0.7555555555555555, 0.8444444444444444]","[0.7342032967032968, 0.7708333333333333, 0.8215731636784268, 0.761437908496732, 0.7617694805194805, 0.8576388888888888, 0.7021199388846449, 0.7733134920634921, 0.7500000000000001, 0.866003787878788]","[0.7180555555555556, 0.7638888888888888, 0.7674242424242423, 0.7446969696969696, 0.7555194805194805, 0.8191919191919192, 0.678030303030303, 0.7391414141414141, 0.7474747474747475, 0.8378787878787879]","[0.6993620414673045, 0.7587112943649446, 0.7724495595339584, 0.746261961722488, 0.7518512189564821, 0.8042786738351255, 0.6791666666666667, 0.73989898989899, 0.7412280701754387, 0.8414956011730206]","[0.7500597228858099, 0.7759661835748792, 0.8162421102924536, 0.7679383347541915, 0.7664141414141413, 0.8620370370370369, 0.709464391817333, 0.7798941798941799, 0.7666666666666667, 0.8560185185185186]","[0.6956521739130435, 0.7608695652173914, 0.782608695652174, 0.7608695652173914, 0.7555555555555555, 0.8222222222222222, 0.6888888888888889, 0.7555555555555555, 0.7555555555555555, 0.8444444444444444]","[0.6968310103321546, 0.760463571270392, 0.778117548216514, 0.7577621177449553, 0.7545277334751018, 0.8094086021505376, 0.6885185185185185, 0.7519640852974186, 0.7543859649122807, 0.8415900944933203]","[array([[7, 5, 0, 0],
       [0, 8, 0, 1],
       [0, 0, 8, 2],
       [0, 0, 6, 9]]), array([[ 8,  3,  0,  1],
       [ 1,  8,  0,  0],
       [ 0,  0,  7,  3],
       [ 0,  1,  2, 12]]), array([[ 7,  4,  0,  0],
       [ 0,  9,  0,  1],
       [ 0,  0,  6,  4],
       [ 0,  0,  1, 14]]), array([[ 6,  4,  1,  0],
       [ 2,  7,  0,  1],
       [ 0,  0,  8,  2],
       [ 0,  1,  0, 14]]), array([[ 7,  3,  1,  0],
       [ 1,  9,  0,  0],
       [ 0,  0,  7,  3],
       [ 0,  0,  3, 11]]), array([[ 5,  5,  0,  1],
       [ 0, 10,  0,  0],
       [ 0,  0,  8,  1],
       [ 0,  0,  1, 14]]), array([[ 6,  4,  1,  0],
       [ 1,  6,  0,  2],
       [ 0,  0,  7,  3],
       [ 0,  1,  2, 12]]), array([[ 6,  5,  0,  0],
       [ 1,  7,  0,  1],
       [ 0,  0,  7,  3],
       [ 0,  0,  1, 14]]), array([[ 6,  5,  0,  0],
       [ 2,  7,  0,  0],
       [ 0,  0,  8,  2],
       [ 0,  0,  2, 13]]), array([[ 9,  0,  0,  2],
       [ 2,  6,  0,  1],
       [ 0,  0, 10,  0],
       [ 0,  0,  2, 13]])]"
32,"[0.8061002178649237, 0.7969432314410481, 0.7882096069868996, 0.8201754385964912, 0.8056768558951966, 0.7849462365591398, 0.8201754385964912, 0.8034934497816594, 0.8043478260869565, 0.8047722342733189]","[0.8061002178649237, 0.7969432314410481, 0.7882096069868996, 0.8201754385964912, 0.8056768558951966, 0.7849462365591398, 0.8201754385964912, 0.8034934497816594, 0.8043478260869565, 0.8047722342733189]","[0.8061002178649237, 0.7969432314410481, 0.7882096069868996, 0.8201754385964912, 0.8056768558951966, 0.7849462365591398, 0.8201754385964912, 0.8034934497816594, 0.8043478260869565, 0.8047722342733189]","[0.8061002178649237, 0.7969432314410481, 0.7882096069868996, 0.8201754385964912, 0.8056768558951966, 0.7849462365591398, 0.8201754385964912, 0.8034934497816594, 0.8043478260869565, 0.8047722342733189]","[0.8092109750681573, 0.799820356157187, 0.7896117925735877, 0.8213696070224263, 0.8070536164698353, 0.7900678571277482, 0.8189038186082518, 0.803135447845366, 0.8083210273462145, 0.8075963718820862]","[0.7991508912805437, 0.7885888596965237, 0.7819920450035948, 0.8143166394033333, 0.8001670456533417, 0.773096358143277, 0.817643095644463, 0.7983175539589847, 0.7948476480277182, 0.7976805041437931]","[0.8011296237209458, 0.791631723706167, 0.7836248347977832, 0.8163151119033473, 0.8026036193142915, 0.77708504520333, 0.817820870154993, 0.8001734643069378, 0.7991100005889544, 0.8006456459129805]","[0.8074469651940597, 0.7990280071284798, 0.7888420223287467, 0.8212848666638649, 0.8058673823905934, 0.7873811653028328, 0.8199763779353141, 0.8036511840040507, 0.8063389802788464, 0.8066076900753071]","[0.8061002178649237, 0.7969432314410481, 0.7882096069868996, 0.8201754385964912, 0.8056768558951966, 0.7849462365591398, 0.8201754385964912, 0.8034934497816594, 0.8043478260869565, 0.8047722342733189]","[0.8039772483823926, 0.7955976114785596, 0.7864796813543832, 0.8193116667187874, 0.8048142979802743, 0.7819710170160835, 0.8196619639882293, 0.8030224729519863, 0.803004914402481, 0.8038366956239339]","[array([[ 65,  31,   2,   2],
       [ 14, 114,   0,   8],
       [  0,   0,  75,  14],
       [  0,   3,  15, 116]]), array([[ 68,  28,   2,   2],
       [ 13, 112,   0,  10],
       [  0,   0,  70,  19],
       [  0,   1,  18, 115]]), array([[ 65,  32,   2,   2],
       [ 18, 110,   0,   6],
       [  0,   0,  73,  16],
       [  0,   5,  16, 113]]), array([[ 73,  24,   1,   3],
       [ 12, 113,   0,   7],
       [  0,   0,  73,  16],
       [  1,   1,  17, 115]]), array([[ 72,  25,   2,   2],
       [ 16, 109,   0,   8],
       [  0,   0,  72,  17],
       [  1,   4,  14, 116]]), array([[ 62,  33,   2,   4],
       [ 14, 119,   0,   7],
       [  0,   0,  70,  20],
       [  0,   4,  16, 114]]), array([[ 74,  25,   1,   1],
       [ 18, 109,   0,   5],
       [  0,   0,  76,  13],
       [  1,   3,  15, 115]]), array([[ 75,  22,   2,   2],
       [ 17, 109,   0,   8],
       [  0,   0,  70,  19],
       [  1,   3,  16, 114]]), array([[ 70,  26,   2,   3],
       [ 12, 117,   0,   7],
       [  0,   0,  69,  20],
       [  1,   4,  15, 114]]), array([[ 71,  27,   2,   1],
       [ 13, 116,   0,   8],
       [  0,   0,  71,  18],
       [  0,   4,  17, 113]])]","[0.717391304347826, 0.782608695652174, 0.782608695652174, 0.782608695652174, 0.7555555555555555, 0.8222222222222222, 0.7111111111111111, 0.8, 0.7777777777777778, 0.8]","[0.717391304347826, 0.782608695652174, 0.782608695652174, 0.782608695652174, 0.7555555555555555, 0.8222222222222222, 0.7111111111111111, 0.8, 0.7777777777777778, 0.8]","[0.717391304347826, 0.782608695652174, 0.782608695652174, 0.782608695652174, 0.7555555555555555, 0.8222222222222222, 0.7111111111111111, 0.8, 0.7777777777777778, 0.8]","[0.717391304347826, 0.782608695652174, 0.782608695652174, 0.782608695652174, 0.7555555555555555, 0.8222222222222222, 0.7111111111111111, 0.8, 0.7777777777777778, 0.8]","[0.7469696969696971, 0.7887626262626263, 0.8308823529411764, 0.7816399286987521, 0.7617694805194805, 0.8576388888888888, 0.7199675324675325, 0.8104166666666666, 0.7702020202020202, 0.7934027777777778]","[0.7430555555555556, 0.7847222222222221, 0.771969696969697, 0.7674242424242426, 0.7555194805194805, 0.8191919191919192, 0.7030303030303029, 0.7845959595959597, 0.7702020202020202, 0.7924242424242424]","[0.7281318681318681, 0.7823043679580182, 0.7617521367521367, 0.7709429824561403, 0.7518512189564821, 0.8042786738351255, 0.7006912442396314, 0.790776182881446, 0.7666666666666667, 0.7884207348628601]","[0.7562582345191041, 0.7907224418093984, 0.8337595907928389, 0.7861091735772042, 0.7664141414141413, 0.8620370370370369, 0.7302308802308802, 0.8109876543209875, 0.7840628507295174, 0.796141975308642]","[0.717391304347826, 0.782608695652174, 0.782608695652174, 0.782608695652174, 0.7555555555555555, 0.8222222222222222, 0.7111111111111111, 0.8, 0.7777777777777778, 0.8]","[0.7199235547061634, 0.7825979586221707, 0.7710888145670755, 0.7807112890922959, 0.7545277334751018, 0.8094086021505376, 0.7103396484041645, 0.7985917656093094, 0.7777777777777778, 0.7938776761926666]","[array([[9, 3, 0, 0],
       [0, 8, 0, 1],
       [0, 0, 8, 2],
       [0, 0, 7, 8]]), array([[ 9,  2,  0,  1],
       [ 1,  8,  0,  0],
       [ 0,  0,  7,  3],
       [ 0,  1,  2, 12]]), array([[ 5,  6,  0,  0],
       [ 0, 10,  0,  0],
       [ 0,  0,  7,  3],
       [ 0,  0,  1, 14]]), array([[ 7,  3,  1,  0],
       [ 2,  7,  0,  1],
       [ 0,  0,  8,  2],
       [ 0,  1,  0, 14]]), array([[ 7,  3,  1,  0],
       [ 1,  9,  0,  0],
       [ 0,  0,  7,  3],
       [ 0,  0,  3, 11]]), array([[ 5,  5,  0,  1],
       [ 0, 10,  0,  0],
       [ 0,  0,  8,  1],
       [ 0,  0,  1, 14]]), array([[ 6,  4,  1,  0],
       [ 1,  6,  0,  2],
       [ 0,  0,  8,  2],
       [ 0,  1,  2, 12]]), array([[ 8,  3,  0,  0],
       [ 1,  7,  0,  1],
       [ 0,  0,  7,  3],
       [ 0,  0,  1, 14]]), array([[ 7,  4,  0,  0],
       [ 2,  7,  0,  0],
       [ 0,  0,  8,  2],
       [ 0,  0,  2, 13]]), array([[ 7,  2,  0,  2],
       [ 2,  6,  0,  1],
       [ 0,  0, 10,  0],
       [ 0,  0,  2, 13]])]"
33,"[0.8104575163398693, 0.8034934497816594, 0.8034934497816594, 0.8135964912280702, 0.8013100436681223, 0.7935483870967742, 0.8070175438596491, 0.7838427947598253, 0.7804347826086957, 0.8004338394793926]","[0.8104575163398693, 0.8034934497816594, 0.8034934497816594, 0.8135964912280702, 0.8013100436681223, 0.7935483870967742, 0.8070175438596491, 0.7838427947598253, 0.7804347826086957, 0.8004338394793926]","[0.8104575163398693, 0.8034934497816594, 0.8034934497816594, 0.8135964912280702, 0.8013100436681223, 0.7935483870967742, 0.8070175438596491, 0.7838427947598253, 0.7804347826086957, 0.8004338394793926]","[0.8104575163398693, 0.8034934497816594, 0.8034934497816594, 0.8135964912280702, 0.8013100436681223, 0.7935483870967742, 0.8070175438596491, 0.7838427947598253, 0.7804347826086957, 0.8004338394793926]","[0.8204569626278979, 0.8066926442102499, 0.8083676562084988, 0.817026503871352, 0.8071724132770645, 0.8034081024267477, 0.8174550640300443, 0.7854699810213053, 0.7907333704795073, 0.8069885884461312]","[0.8014489597616675, 0.7918909820435899, 0.7953275811398011, 0.8066715976897036, 0.7939535198486197, 0.7787974906232628, 0.7971681894837144, 0.7757065849969199, 0.7653690795236906, 0.7926074467236596]","[0.8047355912998043, 0.7956593898572369, 0.7984087379691667, 0.8086585492736783, 0.7983040898235244, 0.784032210738215, 0.8004758918366124, 0.7783982145011885, 0.7717147753410307, 0.7964025841443735]","[0.8166647858423307, 0.805940179661657, 0.8063269038331953, 0.8160202005161802, 0.8037592115610802, 0.7991510022272907, 0.8142055473831753, 0.7849033082120391, 0.7863464353650551, 0.8045262672745724]","[0.8104575163398693, 0.8034934497816594, 0.8034934497816594, 0.8135964912280702, 0.8013100436681223, 0.7935483870967742, 0.8070175438596491, 0.7838427947598253, 0.7804347826086957, 0.8004338394793926]","[0.8077802517955894, 0.8013171926422233, 0.801701527437491, 0.8118314603743514, 0.8003825100342451, 0.7897785804072034, 0.804129972227839, 0.7823170170907131, 0.7774206334354173, 0.7992591010065396]","[array([[ 63,  33,   2,   2],
       [  9, 120,   0,   7],
       [  0,   0,  75,  14],
       [  0,   5,  15, 114]]), array([[ 66,  30,   2,   2],
       [ 12, 118,   0,   5],
       [  0,   0,  69,  20],
       [  0,   2,  17, 115]]), array([[ 67,  30,   2,   2],
       [ 12, 114,   0,   8],
       [  0,   0,  72,  17],
       [  0,   3,  16, 115]]), array([[ 68,  29,   1,   3],
       [ 11, 115,   0,   6],
       [  0,   0,  74,  15],
       [  1,   2,  17, 114]]), array([[ 71,  26,   2,   2],
       [ 12, 110,   0,  11],
       [  0,   0,  70,  19],
       [  1,   4,  14, 116]]), array([[ 61,  34,   2,   4],
       [ 10, 122,   0,   8],
       [  0,   0,  69,  21],
       [  0,   2,  15, 117]]), array([[ 63,  36,   1,   1],
       [  8, 118,   0,   6],
       [  0,   0,  73,  16],
       [  1,   3,  16, 114]]), array([[ 67,  30,   2,   2],
       [ 15, 110,   0,   9],
       [  0,   0,  69,  20],
       [  1,   2,  18, 113]]), array([[ 63,  33,   2,   3],
       [ 10, 116,   0,  10],
       [  0,   0,  64,  25],
       [  1,   2,  15, 116]]), array([[ 69,  29,   2,   1],
       [ 11, 119,   0,   7],
       [  0,   0,  71,  18],
       [  0,   7,  17, 110]])]","[0.717391304347826, 0.717391304347826, 0.782608695652174, 0.7391304347826086, 0.7555555555555555, 0.8, 0.7111111111111111, 0.7777777777777778, 0.7777777777777778, 0.8]","[0.717391304347826, 0.717391304347826, 0.782608695652174, 0.7391304347826086, 0.7555555555555555, 0.8, 0.7111111111111111, 0.7777777777777778, 0.7777777777777778, 0.8]","[0.717391304347826, 0.717391304347826, 0.782608695652174, 0.7391304347826086, 0.7555555555555555, 0.8, 0.7111111111111111, 0.7777777777777778, 0.7777777777777778, 0.8]","[0.717391304347826, 0.717391304347826, 0.782608695652174, 0.7391304347826086, 0.7555555555555555, 0.8, 0.7111111111111111, 0.7777777777777778, 0.7777777777777778, 0.8]","[0.7470238095238095, 0.7390873015873015, 0.8239087301587301, 0.7474626068376068, 0.7632554945054945, 0.8138888888888889, 0.7596153846153846, 0.7910353535353535, 0.7702020202020202, 0.7934027777777778]","[0.7388888888888888, 0.7222222222222221, 0.7696969696969698, 0.728030303030303, 0.7555194805194805, 0.8002525252525252, 0.6997474747474748, 0.7618686868686868, 0.7702020202020202, 0.7924242424242424]","[0.7238095238095238, 0.7095666937329297, 0.7705362448009507, 0.730272385029896, 0.7512912716574043, 0.7930555555555555, 0.6965211323763956, 0.765776182881446, 0.7666666666666667, 0.7884207348628601]","[0.7600931677018634, 0.7490510697032435, 0.8227225672877847, 0.7545870494240059, 0.7677350427350427, 0.8190476190476191, 0.7657169990503324, 0.7948653198653198, 0.7840628507295174, 0.796141975308642]","[0.717391304347826, 0.717391304347826, 0.782608695652174, 0.7391304347826086, 0.7555555555555555, 0.8, 0.7111111111111111, 0.7777777777777778, 0.7777777777777778, 0.8]","[0.7200828157349897, 0.7135030698277494, 0.7776033997261619, 0.7399135377317616, 0.7540300025425883, 0.7962962962962962, 0.7064194577352472, 0.7757847480654498, 0.7777777777777778, 0.7938776761926666]","[array([[8, 4, 0, 0],
       [0, 8, 0, 1],
       [0, 0, 8, 2],
       [0, 0, 6, 9]]), array([[ 6,  5,  0,  1],
       [ 1,  8,  0,  0],
       [ 0,  0,  7,  3],
       [ 0,  1,  2, 12]]), array([[ 6,  5,  0,  0],
       [ 0,  9,  0,  1],
       [ 0,  0,  7,  3],
       [ 0,  0,  1, 14]]), array([[ 6,  4,  1,  0],
       [ 2,  7,  0,  1],
       [ 0,  0,  8,  2],
       [ 0,  2,  0, 13]]), array([[ 7,  4,  0,  0],
       [ 1,  9,  0,  0],
       [ 0,  0,  7,  3],
       [ 0,  0,  3, 11]]), array([[ 6,  4,  0,  1],
       [ 1,  9,  0,  0],
       [ 0,  0,  8,  1],
       [ 0,  1,  1, 13]]), array([[ 5,  5,  1,  0],
       [ 0,  7,  0,  2],
       [ 0,  0,  7,  3],
       [ 0,  1,  1, 13]]), array([[ 7,  4,  0,  0],
       [ 1,  7,  0,  1],
       [ 0,  0,  7,  3],
       [ 0,  0,  1, 14]]), array([[ 7,  4,  0,  0],
       [ 2,  7,  0,  0],
       [ 0,  0,  8,  2],
       [ 0,  0,  2, 13]]), array([[ 7,  2,  0,  2],
       [ 2,  6,  0,  1],
       [ 0,  0, 10,  0],
       [ 0,  0,  2, 13]])]"
34,"[0.8104575163398693, 0.7860262008733624, 0.8078602620087336, 0.8201754385964912, 0.8034934497816594, 0.7935483870967742, 0.793859649122807, 0.7969432314410481, 0.7891304347826087, 0.8047722342733189]","[0.8104575163398693, 0.7860262008733624, 0.8078602620087336, 0.8201754385964912, 0.8034934497816594, 0.7935483870967742, 0.793859649122807, 0.7969432314410481, 0.7891304347826087, 0.8047722342733189]","[0.8104575163398693, 0.7860262008733624, 0.8078602620087336, 0.8201754385964912, 0.8034934497816594, 0.7935483870967742, 0.793859649122807, 0.7969432314410481, 0.7891304347826087, 0.8047722342733189]","[0.8104575163398693, 0.7860262008733624, 0.8078602620087336, 0.8201754385964912, 0.8034934497816594, 0.7935483870967742, 0.793859649122807, 0.7969432314410481, 0.7891304347826087, 0.8047722342733189]","[0.8158895206597208, 0.7905177974792418, 0.8101534483851673, 0.8262410095986739, 0.8139313745597108, 0.797451923076923, 0.7954196625996002, 0.8025420435463709, 0.7949845113352162, 0.8073169071975267]","[0.80219303351057, 0.7732312687498835, 0.8031080275560677, 0.8120479423843776, 0.793712833027551, 0.7813112361342744, 0.7885200623869195, 0.789063083735843, 0.7755763745143196, 0.7983071324988351]","[0.8049052396878484, 0.7774930305829297, 0.804453046953047, 0.8149952006176426, 0.7995397196180565, 0.7845850101245784, 0.7897310796758267, 0.7925506589952456, 0.7811174794250859, 0.8004608972252459]","[0.8129498011002102, 0.788745545104682, 0.8089916830000994, 0.8245335651031003, 0.809046285762262, 0.7959074533590663, 0.79471728452794, 0.8006550989974998, 0.7922420567721614, 0.8067377633193994]","[0.8104575163398693, 0.7860262008733624, 0.8078602620087336, 0.8201754385964912, 0.8034934497816594, 0.7935483870967742, 0.793859649122807, 0.7969432314410481, 0.7891304347826087, 0.8047722342733189]","[0.8078961075551017, 0.7832835505559951, 0.8064386923120548, 0.818438911154654, 0.8022314211094259, 0.7902835692926201, 0.7921884164448203, 0.7957454181238418, 0.7867495788965656, 0.8035492372479291]","[array([[ 64,  31,   2,   3],
       [ 12, 116,   0,   8],
       [  0,   0,  75,  14],
       [  0,   3,  14, 117]]), array([[ 63,  33,   2,   2],
       [ 13, 114,   0,   8],
       [  0,   0,  67,  22],
       [  0,   1,  17, 116]]), array([[ 69,  29,   2,   1],
       [ 14, 110,   0,  10],
       [  0,   0,  75,  14],
       [  0,   2,  16, 116]]), array([[ 69,  28,   1,   3],
       [  8, 119,   0,   5],
       [  0,   0,  73,  16],
       [  1,   3,  17, 113]]), array([[ 69,  28,   2,   2],
       [  8, 114,   0,  11],
       [  0,   0,  69,  20],
       [  1,   4,  14, 116]]), array([[ 62,  33,   2,   4],
       [ 13, 121,   0,   6],
       [  0,   0,  71,  19],
       [  0,   2,  17, 115]]), array([[ 66,  32,   1,   2],
       [ 15, 110,   0,   7],
       [  0,   0,  74,  15],
       [  2,   3,  17, 112]]), array([[ 69,  28,   2,   2],
       [ 10, 116,   0,   8],
       [  0,   0,  70,  19],
       [  1,   5,  18, 110]]), array([[ 66,  30,   2,   3],
       [ 12, 117,   0,   7],
       [  0,   0,  65,  24],
       [  1,   3,  15, 115]]), array([[ 69,  29,   2,   1],
       [ 14, 117,   0,   6],
       [  0,   0,  73,  16],
       [  0,   5,  17, 112]])]","[0.717391304347826, 0.8043478260869565, 0.7391304347826086, 0.782608695652174, 0.7777777777777778, 0.8666666666666667, 0.7333333333333333, 0.7777777777777778, 0.7777777777777778, 0.8]","[0.717391304347826, 0.8043478260869565, 0.7391304347826086, 0.782608695652174, 0.7777777777777778, 0.8666666666666667, 0.7333333333333333, 0.7777777777777778, 0.7777777777777778, 0.8]","[0.717391304347826, 0.8043478260869565, 0.7391304347826086, 0.782608695652174, 0.7777777777777778, 0.8666666666666667, 0.7333333333333333, 0.7777777777777778, 0.7777777777777778, 0.8]","[0.717391304347826, 0.8043478260869565, 0.7391304347826086, 0.782608695652174, 0.7777777777777778, 0.8666666666666667, 0.7333333333333333, 0.7777777777777778, 0.7777777777777778, 0.8]","[0.7469696969696971, 0.8194444444444444, 0.766628108733372, 0.7816399286987521, 0.7844551282051282, 0.8832799145299145, 0.7744883040935673, 0.7715201465201464, 0.7702020202020202, 0.8100076394194041]","[0.7430555555555556, 0.8125, 0.7196969696969697, 0.7674242424242426, 0.7805194805194805, 0.8646464646464647, 0.7164141414141414, 0.7664141414141414, 0.7702020202020202, 0.7901515151515152]","[0.7281318681318681, 0.8063303419839922, 0.7229326513213981, 0.7709429824561403, 0.7742778663831296, 0.8598644226273959, 0.7130095459236325, 0.7563131313131313, 0.7666666666666667, 0.7953869047619048]","[0.7562582345191041, 0.821256038647343, 0.7653582115824679, 0.7861091735772042, 0.7919515669515669, 0.8848290598290599, 0.7795646523716699, 0.7934065934065934, 0.7840628507295174, 0.8037042695866224]","[0.717391304347826, 0.8043478260869565, 0.7391304347826086, 0.782608695652174, 0.7777777777777778, 0.8666666666666667, 0.7333333333333333, 0.7777777777777778, 0.7777777777777778, 0.8]","[0.7199235547061634, 0.8039418321399572, 0.7326439082249157, 0.7807112890922959, 0.7770492448855022, 0.8622132183609509, 0.7243636050911593, 0.7741863075196409, 0.7777777777777778, 0.79755291005291]","[array([[9, 3, 0, 0],
       [0, 8, 0, 1],
       [0, 0, 8, 2],
       [0, 0, 7, 8]]), array([[ 9,  2,  0,  1],
       [ 0,  9,  0,  0],
       [ 0,  0,  7,  3],
       [ 0,  1,  2, 12]]), array([[ 6,  5,  0,  0],
       [ 1,  8,  0,  1],
       [ 0,  0,  6,  4],
       [ 0,  0,  1, 14]]), array([[ 7,  3,  1,  0],
       [ 2,  7,  0,  1],
       [ 0,  0,  8,  2],
       [ 0,  1,  0, 14]]), array([[ 7,  3,  1,  0],
       [ 1,  9,  0,  0],
       [ 0,  0,  8,  2],
       [ 0,  0,  3, 11]]), array([[ 7,  3,  0,  1],
       [ 0, 10,  0,  0],
       [ 0,  0,  8,  1],
       [ 0,  0,  1, 14]]), array([[ 5,  5,  1,  0],
       [ 0,  7,  0,  2],
       [ 0,  0,  7,  3],
       [ 0,  0,  1, 14]]), array([[ 5,  6,  0,  0],
       [ 2,  7,  0,  0],
       [ 0,  0,  9,  1],
       [ 0,  0,  1, 14]]), array([[ 7,  4,  0,  0],
       [ 2,  7,  0,  0],
       [ 0,  0,  8,  2],
       [ 0,  0,  2, 13]]), array([[ 8,  1,  0,  2],
       [ 2,  6,  0,  1],
       [ 0,  0,  9,  1],
       [ 0,  0,  2, 13]])]"
35,"[0.7952069716775599, 0.7860262008733624, 0.8078602620087336, 0.8026315789473685, 0.8013100436681223, 0.7806451612903226, 0.8070175438596491, 0.7794759825327511, 0.7913043478260869, 0.789587852494577]","[0.7952069716775599, 0.7860262008733624, 0.8078602620087336, 0.8026315789473685, 0.8013100436681223, 0.7806451612903226, 0.8070175438596491, 0.7794759825327511, 0.7913043478260869, 0.789587852494577]","[0.7952069716775599, 0.7860262008733624, 0.8078602620087336, 0.8026315789473685, 0.8013100436681223, 0.7806451612903226, 0.8070175438596491, 0.7794759825327511, 0.7913043478260869, 0.789587852494577]","[0.7952069716775599, 0.7860262008733624, 0.8078602620087336, 0.8026315789473685, 0.8013100436681223, 0.7806451612903226, 0.8070175438596491, 0.7794759825327511, 0.7913043478260869, 0.789587852494577]","[0.8057804715332686, 0.8017750945195681, 0.8088585863004112, 0.8104291413483664, 0.8046788482834994, 0.7903151021729062, 0.8113402766808286, 0.7858091085271317, 0.7975224037328468, 0.7887452487469016]","[0.78399274693946, 0.7706386761572909, 0.8021647104338138, 0.7960096456149053, 0.7927624232953554, 0.7656321175827604, 0.7986362792324848, 0.7688694557029072, 0.7768873429684959, 0.7849476356395988]","[0.7874344700698558, 0.7765197256389018, 0.8035928247356787, 0.799657758810727, 0.7965378561279342, 0.7705474918738782, 0.800688170239784, 0.7733373303605242, 0.7826451097663739, 0.7863009272671586]","[0.8013566978641131, 0.7961539637334998, 0.8083960856462107, 0.8070598459366629, 0.8026213769079616, 0.7861524159167524, 0.8099412970855245, 0.7830470363223994, 0.7941557906971363, 0.7890067697858907]","[0.7952069716775599, 0.7860262008733624, 0.8078602620087336, 0.8026315789473685, 0.8013100436681223, 0.7806451612903226, 0.8070175438596491, 0.7794759825327511, 0.7913043478260869, 0.789587852494577]","[0.7913613936700157, 0.7820937663928937, 0.8063623531257867, 0.8015121537796894, 0.7998929074826783, 0.7765026679245979, 0.8044146501617532, 0.7774785715484077, 0.7884103895563427, 0.7887775573786229]","[array([[ 59,  36,   2,   3],
       [  9, 119,   0,   8],
       [  0,   0,  73,  16],
       [  1,   4,  15, 114]]), array([[ 59,  37,   2,   2],
       [  7, 118,   0,  10],
       [  0,   0,  67,  22],
       [  0,   2,  16, 116]]), array([[ 69,  29,   2,   1],
       [ 15, 110,   0,   9],
       [  0,   0,  74,  15],
       [  0,   1,  16, 117]]), array([[ 69,  28,   1,   3],
       [ 10, 113,   0,   9],
       [  0,   0,  72,  17],
       [  0,   5,  17, 112]]), array([[ 69,  28,   2,   2],
       [ 14, 112,   0,   7],
       [  0,   0,  70,  19],
       [  1,   4,  14, 116]]), array([[ 59,  36,   2,   4],
       [ 11, 120,   0,   9],
       [  0,   0,  68,  22],
       [  0,   2,  16, 116]]), array([[ 64,  34,   1,   2],
       [ 12, 115,   0,   5],
       [  0,   0,  74,  15],
       [  1,   2,  16, 115]]), array([[ 65,  31,   2,   3],
       [ 12, 111,   0,  11],
       [  0,   0,  67,  22],
       [  1,   2,  17, 114]]), array([[ 65,  31,   2,   3],
       [ 14, 115,   0,   7],
       [  0,   0,  65,  24],
       [  0,   2,  13, 119]]), array([[ 71,  27,   2,   1],
       [ 21, 108,   0,   8],
       [  0,   0,  71,  18],
       [  0,   4,  16, 114]])]","[0.7608695652173914, 0.7608695652173914, 0.7608695652173914, 0.7391304347826086, 0.7555555555555555, 0.8444444444444444, 0.7111111111111111, 0.7777777777777778, 0.7555555555555555, 0.8222222222222222]","[0.7608695652173914, 0.7608695652173914, 0.7608695652173914, 0.7391304347826086, 0.7555555555555555, 0.8444444444444444, 0.7111111111111111, 0.7777777777777778, 0.7555555555555555, 0.8222222222222222]","[0.7608695652173914, 0.7608695652173914, 0.7608695652173914, 0.7391304347826086, 0.7555555555555555, 0.8444444444444444, 0.7111111111111111, 0.7777777777777778, 0.7555555555555555, 0.8222222222222222]","[0.7608695652173914, 0.7608695652173914, 0.7608695652173914, 0.7391304347826086, 0.7555555555555555, 0.8444444444444444, 0.7111111111111111, 0.7777777777777778, 0.7555555555555555, 0.8222222222222222]","[0.7779720279720279, 0.7708333333333333, 0.8149801587301587, 0.7412913883502119, 0.7617694805194805, 0.8738095238095238, 0.7596153846153846, 0.7921626984126984, 0.7500000000000001, 0.8366941473559121]","[0.7763888888888889, 0.7638888888888888, 0.7469696969696971, 0.7219696969696969, 0.7555194805194805, 0.853030303030303, 0.6997474747474748, 0.7691919191919192, 0.7474747474747475, 0.817929292929293]","[0.7667701863354037, 0.7587112943649446, 0.7371494926641986, 0.7203391177218408, 0.7518512189564821, 0.8374506245329347, 0.6965211323763956, 0.7573046344100496, 0.7412280701754387, 0.8232930672268908]","[0.7877774399513531, 0.7759661835748792, 0.8149585921325051, 0.7496432240677764, 0.7664141414141413, 0.8821164021164022, 0.7657169990503324, 0.8071869488536154, 0.7666666666666667, 0.8290040932197794]","[0.7608695652173914, 0.7608695652173914, 0.7608695652173914, 0.7391304347826086, 0.7555555555555555, 0.8444444444444444, 0.7111111111111111, 0.7777777777777778, 0.7555555555555555, 0.8222222222222222]","[0.7642722117202269, 0.760463571270392, 0.7468131293259171, 0.7335678318354172, 0.7545277334751018, 0.838651056308791, 0.7064194577352472, 0.7711310561969923, 0.7543859649122807, 0.8215709617180205]","[array([[ 9,  3,  0,  0],
       [ 0,  8,  0,  1],
       [ 0,  0,  8,  2],
       [ 0,  0,  5, 10]]), array([[ 8,  3,  0,  1],
       [ 1,  8,  0,  0],
       [ 0,  0,  7,  3],
       [ 0,  1,  2, 12]]), array([[ 5,  6,  0,  0],
       [ 0, 10,  0,  0],
       [ 0,  0,  6,  4],
       [ 0,  0,  1, 14]]), array([[ 5,  5,  1,  0],
       [ 2,  7,  0,  1],
       [ 0,  0,  8,  2],
       [ 0,  1,  0, 14]]), array([[ 7,  3,  1,  0],
       [ 1,  9,  0,  0],
       [ 0,  0,  7,  3],
       [ 0,  0,  3, 11]]), array([[ 6,  4,  0,  1],
       [ 0, 10,  0,  0],
       [ 0,  0,  9,  0],
       [ 0,  1,  1, 13]]), array([[ 5,  5,  1,  0],
       [ 0,  7,  0,  2],
       [ 0,  0,  7,  3],
       [ 0,  1,  1, 13]]), array([[ 5,  6,  0,  0],
       [ 1,  8,  0,  0],
       [ 0,  0,  8,  2],
       [ 0,  0,  1, 14]]), array([[ 6,  5,  0,  0],
       [ 2,  7,  0,  0],
       [ 0,  0,  8,  2],
       [ 0,  0,  2, 13]]), array([[ 8,  1,  0,  2],
       [ 1,  7,  0,  1],
       [ 0,  0,  9,  1],
       [ 0,  0,  2, 13]])]"
36,"[0.8082788671023965, 0.7882096069868996, 0.8013100436681223, 0.8179824561403509, 0.7991266375545851, 0.7849462365591398, 0.7894736842105263, 0.7925764192139738, 0.7913043478260869, 0.7830802603036876]","[0.8082788671023965, 0.7882096069868996, 0.8013100436681223, 0.8179824561403509, 0.7991266375545851, 0.7849462365591398, 0.7894736842105263, 0.7925764192139738, 0.7913043478260869, 0.7830802603036876]","[0.8082788671023965, 0.7882096069868996, 0.8013100436681223, 0.8179824561403509, 0.7991266375545851, 0.7849462365591398, 0.7894736842105263, 0.7925764192139738, 0.7913043478260869, 0.7830802603036876]","[0.8082788671023965, 0.7882096069868996, 0.8013100436681223, 0.8179824561403509, 0.7991266375545851, 0.7849462365591398, 0.7894736842105263, 0.7925764192139738, 0.7913043478260869, 0.7830802603036876]","[0.8126551824619338, 0.7961534906940629, 0.8022536473615287, 0.8231389652466294, 0.8074509803921568, 0.7896584480886806, 0.7909782713898568, 0.7974867309169635, 0.8020148017506425, 0.7870202938548263]","[0.8005814779374771, 0.7737566536853808, 0.7950148025032253, 0.8107353111212513, 0.7869756931481495, 0.7718817217542651, 0.78226424122372, 0.7822259544418303, 0.7755584458118795, 0.7745626301485694]","[0.8023278684916616, 0.7775123584451499, 0.7967394271742098, 0.8135635998230542, 0.7917823555754591, 0.7764297719174602, 0.7842059120472887, 0.7865067065056917, 0.7819414651934828, 0.7771376715971543]","[0.8108000898853183, 0.7930683754390537, 0.8017353016868833, 0.8215954017373053, 0.803798270399863, 0.7873174067472642, 0.7901138771726063, 0.7952707258136577, 0.7974453357465359, 0.7848869576924009]","[0.8082788671023965, 0.7882096069868996, 0.8013100436681223, 0.8179824561403509, 0.7991266375545851, 0.7849462365591398, 0.7894736842105263, 0.7925764192139738, 0.7913043478260869, 0.7830802603036876]","[0.8055599064163411, 0.7837036062763635, 0.7997660993578973, 0.8166092084545515, 0.7963233122847639, 0.7820730108453845, 0.7875239439543066, 0.7907537705002246, 0.7879305385767428, 0.7805528306421385]","[array([[ 63,  32,   2,   3],
       [ 12, 118,   0,   6],
       [  0,   0,  76,  13],
       [  1,   4,  15, 114]]), array([[ 58,  36,   2,   4],
       [ 11, 118,   0,   6],
       [  0,   0,  69,  20],
       [  0,   2,  16, 116]]), array([[ 68,  28,   2,   3],
       [ 16, 111,   0,   7],
       [  0,   0,  73,  16],
       [  0,   3,  16, 115]]), array([[ 70,  27,   1,   3],
       [ 10, 117,   0,   5],
       [  0,   0,  73,  16],
       [  0,   4,  17, 113]]), array([[ 64,  32,   2,   3],
       [ 10, 117,   0,   6],
       [  0,   0,  69,  20],
       [  1,   4,  14, 116]]), array([[ 63,  32,   2,   4],
       [ 14, 119,   0,   7],
       [  0,   0,  68,  22],
       [  0,   3,  16, 115]]), array([[ 65,  33,   1,   2],
       [ 16, 109,   0,   7],
       [  0,   0,  72,  17],
       [  1,   2,  17, 114]]), array([[ 67,  29,   2,   3],
       [ 12, 113,   0,   9],
       [  0,   0,  68,  21],
       [  1,   2,  16, 115]]), array([[ 63,  33,   2,   3],
       [ 10, 119,   0,   7],
       [  0,   0,  65,  24],
       [  0,   3,  14, 117]]), array([[ 62,  35,   2,   2],
       [ 16, 114,   0,   7],
       [  0,   0,  72,  17],
       [  0,   5,  16, 113]])]","[0.7608695652173914, 0.7608695652173914, 0.7391304347826086, 0.782608695652174, 0.7333333333333333, 0.8444444444444444, 0.7111111111111111, 0.7777777777777778, 0.7777777777777778, 0.7777777777777778]","[0.7608695652173914, 0.7608695652173914, 0.7391304347826086, 0.782608695652174, 0.7333333333333333, 0.8444444444444444, 0.7111111111111111, 0.7777777777777778, 0.7777777777777778, 0.7777777777777778]","[0.7608695652173914, 0.7608695652173914, 0.7391304347826086, 0.782608695652174, 0.7333333333333333, 0.8444444444444444, 0.7111111111111111, 0.7777777777777778, 0.7777777777777778, 0.7777777777777778]","[0.7608695652173914, 0.7608695652173914, 0.7391304347826086, 0.782608695652174, 0.7333333333333333, 0.8444444444444444, 0.7111111111111111, 0.7777777777777778, 0.7777777777777778, 0.7777777777777778]","[0.7779720279720279, 0.7708333333333333, 0.7500763125763126, 0.7816399286987521, 0.7428821178821178, 0.8472222222222222, 0.7596153846153846, 0.7715201465201464, 0.7847985347985348, 0.7776663695781343]","[0.7763888888888889, 0.7638888888888888, 0.7196969696969697, 0.7674242424242426, 0.7327922077922078, 0.8396464646464648, 0.6997474747474748, 0.7664141414141414, 0.7752525252525252, 0.7674242424242425]","[0.7667701863354037, 0.7587112943649446, 0.7203995806768724, 0.7709429824561403, 0.7254140786749482, 0.8367846546963695, 0.6965211323763956, 0.7563131313131313, 0.7651515151515152, 0.7688813025210084]","[0.7877774399513531, 0.7759661835748792, 0.7530856824335084, 0.7861091735772042, 0.7492285492285491, 0.85, 0.7657169990503324, 0.7934065934065934, 0.7992673992673992, 0.7768435993926189]","[0.7608695652173914, 0.7608695652173914, 0.7391304347826086, 0.782608695652174, 0.7333333333333333, 0.8444444444444444, 0.7111111111111111, 0.7777777777777778, 0.7777777777777778, 0.7777777777777778]","[0.7642722117202269, 0.760463571270392, 0.7323910090623383, 0.7807112890922959, 0.7294685990338163, 0.8407881874774914, 0.7064194577352472, 0.7741863075196409, 0.775084175084175, 0.7735971055088702]","[array([[ 9,  3,  0,  0],
       [ 0,  8,  0,  1],
       [ 0,  0,  8,  2],
       [ 0,  0,  5, 10]]), array([[ 8,  3,  0,  1],
       [ 1,  8,  0,  0],
       [ 0,  0,  7,  3],
       [ 0,  1,  2, 12]]), array([[ 6,  5,  0,  0],
       [ 2,  8,  0,  0],
       [ 0,  0,  6,  4],
       [ 0,  0,  1, 14]]), array([[ 7,  3,  1,  0],
       [ 2,  7,  0,  1],
       [ 0,  0,  8,  2],
       [ 0,  1,  0, 14]]), array([[ 6,  4,  1,  0],
       [ 1,  9,  0,  0],
       [ 0,  0,  7,  3],
       [ 0,  0,  3, 11]]), array([[ 7,  3,  0,  1],
       [ 1,  9,  0,  0],
       [ 0,  0,  8,  1],
       [ 0,  0,  1, 14]]), array([[ 5,  5,  1,  0],
       [ 0,  7,  0,  2],
       [ 0,  0,  7,  3],
       [ 0,  1,  1, 13]]), array([[ 5,  6,  0,  0],
       [ 2,  7,  0,  0],
       [ 0,  0,  9,  1],
       [ 0,  0,  1, 14]]), array([[ 6,  5,  0,  0],
       [ 1,  8,  0,  0],
       [ 0,  0,  8,  2],
       [ 0,  0,  2, 13]]), array([[ 7,  2,  0,  2],
       [ 2,  6,  0,  1],
       [ 0,  0,  9,  1],
       [ 0,  0,  2, 13]])]"
37,"[0.8082788671023965, 0.7816593886462883, 0.7903930131004366, 0.7916666666666666, 0.7925764192139738, 0.7655913978494624, 0.8004385964912281, 0.7882096069868996, 0.7869565217391304, 0.7852494577006508]","[0.8082788671023965, 0.7816593886462883, 0.7903930131004366, 0.7916666666666666, 0.7925764192139738, 0.7655913978494624, 0.8004385964912281, 0.7882096069868996, 0.7869565217391304, 0.7852494577006508]","[0.8082788671023965, 0.7816593886462883, 0.7903930131004366, 0.7916666666666666, 0.7925764192139738, 0.7655913978494624, 0.8004385964912281, 0.7882096069868996, 0.7869565217391304, 0.7852494577006508]","[0.8082788671023965, 0.7816593886462883, 0.7903930131004366, 0.7916666666666666, 0.7925764192139738, 0.7655913978494624, 0.8004385964912281, 0.7882096069868996, 0.7869565217391304, 0.7852494577006508]","[0.8216118875086267, 0.7926487526202001, 0.7917444115486026, 0.7976903693933228, 0.7969735186719445, 0.7684893228546479, 0.8044277220364178, 0.7926802871492521, 0.7942498370875448, 0.790728761024372]","[0.797007452821813, 0.7669048018335289, 0.7838577166453858, 0.783938881478287, 0.7824719971645161, 0.752829587329735, 0.7920676794327093, 0.7778850352752866, 0.7732108723802606, 0.7760366539554445]","[0.8014528453492347, 0.7707136506865808, 0.7854576420534874, 0.7862851467160878, 0.7866120872472959, 0.7566511257957993, 0.7943680473496899, 0.7819184649090798, 0.7792473548723593, 0.7804035172991093]","[0.8166846341327727, 0.7883554897673906, 0.7906497094012752, 0.7952073254488856, 0.7942609697246947, 0.7663727069339774, 0.8027989823127124, 0.7905463724086503, 0.7900609596276245, 0.787607539820789]","[0.8082788671023965, 0.7816593886462883, 0.7903930131004366, 0.7916666666666666, 0.7925764192139738, 0.7655913978494624, 0.8004385964912281, 0.7882096069868996, 0.7869565217391304, 0.7852494577006508]","[0.8051780339415754, 0.7765939665628506, 0.788346448012772, 0.7891856595040018, 0.790455082605916, 0.7622075954755965, 0.7979442458885623, 0.7861802844482462, 0.7842528979587501, 0.7836079979597891]","[array([[ 62,  33,   2,   3],
       [  7, 122,   0,   7],
       [  0,   0,  73,  16],
       [  0,   5,  15, 114]]), array([[ 56,  38,   2,   4],
       [ 10, 117,   0,   8],
       [  0,   0,  69,  20],
       [  0,   2,  16, 116]]), array([[ 65,  31,   2,   3],
       [ 17, 109,   0,   8],
       [  0,   0,  73,  16],
       [  0,   3,  16, 115]]), array([[ 63,  34,   1,   3],
       [ 13, 112,   0,   7],
       [  0,   0,  73,  16],
       [  0,   4,  17, 113]]), array([[ 66,  30,   2,   3],
       [ 14, 110,   0,   9],
       [  0,   0,  69,  20],
       [  1,   2,  14, 118]]), array([[ 60,  35,   2,   4],
       [ 18, 113,   0,   9],
       [  0,   0,  67,  23],
       [  0,   2,  16, 116]]), array([[ 64,  34,   1,   2],
       [ 12, 114,   0,   6],
       [  0,   0,  73,  16],
       [  2,   2,  16, 114]]), array([[ 66,  30,   2,   3],
       [ 13, 111,   0,  10],
       [  0,   0,  68,  21],
       [  1,   1,  16, 116]]), array([[ 65,  30,   2,   4],
       [ 15, 113,   0,   8],
       [  0,   0,  65,  24],
       [  0,   3,  12, 119]]), array([[ 66,  32,   2,   1],
       [ 15, 114,   0,   8],
       [  0,   0,  69,  20],
       [  0,   6,  15, 113]])]","[0.7391304347826086, 0.7608695652173914, 0.717391304347826, 0.7391304347826086, 0.7555555555555555, 0.8444444444444444, 0.7333333333333333, 0.7777777777777778, 0.7777777777777778, 0.7777777777777778]","[0.7391304347826086, 0.7608695652173914, 0.717391304347826, 0.7391304347826086, 0.7555555555555555, 0.8444444444444444, 0.7333333333333333, 0.7777777777777778, 0.7777777777777778, 0.7777777777777778]","[0.7391304347826086, 0.7608695652173914, 0.717391304347826, 0.7391304347826086, 0.7555555555555555, 0.8444444444444444, 0.7333333333333333, 0.7777777777777778, 0.7777777777777778, 0.7777777777777778]","[0.7391304347826086, 0.7608695652173914, 0.717391304347826, 0.7391304347826086, 0.7555555555555555, 0.8444444444444444, 0.7333333333333333, 0.7777777777777778, 0.7777777777777778, 0.7777777777777778]","[0.7562229437229437, 0.7708333333333333, 0.7514652014652015, 0.7412913883502119, 0.7617694805194805, 0.8738095238095238, 0.7708333333333334, 0.7743055555555556, 0.7847985347985348, 0.7776663695781343]","[0.7513888888888888, 0.7638888888888888, 0.6946969696969697, 0.7219696969696969, 0.7555194805194805, 0.853030303030303, 0.7224747474747474, 0.7641414141414142, 0.7752525252525252, 0.7674242424242425]","[0.7457904164800716, 0.7587112943649446, 0.6968297101449274, 0.7203391177218408, 0.7518512189564821, 0.8374506245329347, 0.7243174781874473, 0.7608941709111489, 0.7651515151515152, 0.7688813025210084]","[0.7628929041972521, 0.7759661835748792, 0.7481684981684983, 0.7496432240677764, 0.7664141414141413, 0.8821164021164022, 0.7746913580246915, 0.7891975308641974, 0.7992673992673992, 0.7768435993926189]","[0.7391304347826086, 0.7608695652173914, 0.717391304347826, 0.7391304347826086, 0.7555555555555555, 0.8444444444444444, 0.7333333333333333, 0.7777777777777778, 0.7777777777777778, 0.7777777777777778]","[0.7433517007729901, 0.760463571270392, 0.7073881537492123, 0.7335678318354172, 0.7545277334751018, 0.838651056308791, 0.7322513056259186, 0.7759290699867948, 0.775084175084175, 0.7735971055088702]","[array([[ 9,  3,  0,  0],
       [ 0,  8,  0,  1],
       [ 0,  0,  7,  3],
       [ 0,  0,  5, 10]]), array([[ 8,  3,  0,  1],
       [ 1,  8,  0,  0],
       [ 0,  0,  7,  3],
       [ 0,  1,  2, 12]]), array([[ 6,  5,  0,  0],
       [ 1,  8,  0,  1],
       [ 0,  0,  5,  5],
       [ 0,  0,  1, 14]]), array([[ 5,  5,  1,  0],
       [ 2,  7,  0,  1],
       [ 0,  0,  8,  2],
       [ 0,  1,  0, 14]]), array([[ 7,  3,  1,  0],
       [ 1,  9,  0,  0],
       [ 0,  0,  7,  3],
       [ 0,  0,  3, 11]]), array([[ 6,  4,  0,  1],
       [ 0, 10,  0,  0],
       [ 0,  0,  9,  0],
       [ 0,  1,  1, 13]]), array([[ 6,  4,  1,  0],
       [ 0,  7,  0,  2],
       [ 0,  0,  7,  3],
       [ 0,  1,  1, 13]]), array([[ 6,  5,  0,  0],
       [ 2,  7,  0,  0],
       [ 0,  0,  8,  2],
       [ 0,  0,  1, 14]]), array([[ 6,  5,  0,  0],
       [ 1,  8,  0,  0],
       [ 0,  0,  8,  2],
       [ 0,  0,  2, 13]]), array([[ 7,  2,  0,  2],
       [ 2,  6,  0,  1],
       [ 0,  0,  9,  1],
       [ 0,  0,  2, 13]])]"
38,"[0.7864923747276689, 0.7751091703056768, 0.7991266375545851, 0.8048245614035088, 0.7947598253275109, 0.7655913978494624, 0.7982456140350878, 0.7991266375545851, 0.7869565217391304, 0.7700650759219089]","[0.7864923747276689, 0.7751091703056768, 0.7991266375545851, 0.8048245614035088, 0.7947598253275109, 0.7655913978494624, 0.7982456140350878, 0.7991266375545851, 0.7869565217391304, 0.7700650759219089]","[0.7864923747276689, 0.7751091703056768, 0.7991266375545851, 0.8048245614035088, 0.7947598253275109, 0.7655913978494624, 0.7982456140350878, 0.7991266375545851, 0.7869565217391304, 0.7700650759219089]","[0.7864923747276689, 0.7751091703056768, 0.7991266375545851, 0.8048245614035088, 0.7947598253275109, 0.7655913978494624, 0.7982456140350878, 0.7991266375545851, 0.7869565217391304, 0.7700650759219089]","[0.7997492758100406, 0.7917097728881168, 0.8082478511826339, 0.8091632505425609, 0.8037643094222042, 0.7769100140056022, 0.80658647020452, 0.8107215208198848, 0.7989489024864994, 0.7750776466803315]","[0.7739653105917865, 0.760364469785902, 0.7904349926859195, 0.796046589607812, 0.782854706016348, 0.7512106487834285, 0.7890111237771438, 0.7882146172021194, 0.7725768940499026, 0.761880363067613]","[0.7769733661158422, 0.7649162276900578, 0.7930287269170301, 0.7988322610572172, 0.7882577441002588, 0.7566295433419229, 0.7918551171105739, 0.79250367970831, 0.7783599776702913, 0.7658659494305305]","[0.7948631028267562, 0.7862591958581165, 0.8048221165792838, 0.8075215014870187, 0.7995090479059682, 0.7716635643504715, 0.8032887780602908, 0.8064763506858489, 0.7936424733068893, 0.7717389574199036]","[0.7864923747276689, 0.7751091703056768, 0.7991266375545851, 0.8048245614035088, 0.7947598253275109, 0.7655913978494624, 0.7982456140350878, 0.7991266375545851, 0.7869565217391304, 0.7700650759219089]","[0.7814303941838988, 0.7704328242975108, 0.7961018304067234, 0.8026447590448198, 0.7923642028166288, 0.7617119177366911, 0.7951735870388438, 0.7963071557085342, 0.7833508001834485, 0.768418580620025]","[array([[ 55,  40,   2,   3],
       [ 10, 120,   0,   6],
       [  0,   0,  73,  16],
       [  0,   6,  15, 113]]), array([[ 56,  38,   2,   4],
       [  7, 117,   0,  11],
       [  0,   0,  68,  21],
       [  0,   2,  18, 114]]), array([[ 62,  34,   2,   3],
       [ 10, 116,   0,   8],
       [  0,   0,  74,  15],
       [  0,   4,  16, 114]]), array([[ 66,  31,   1,   3],
       [ 12, 113,   0,   7],
       [  0,   0,  72,  17],
       [  0,   1,  17, 116]]), array([[ 65,  31,   2,   3],
       [ 10, 114,   0,   9],
       [  0,   0,  68,  21],
       [  1,   3,  14, 117]]), array([[ 58,  37,   2,   4],
       [ 12, 118,   0,  10],
       [  0,   0,  67,  23],
       [  0,   5,  16, 113]]), array([[ 62,  36,   1,   2],
       [  9, 115,   0,   8],
       [  0,   0,  73,  16],
       [  2,   2,  16, 114]]), array([[ 63,  33,   2,   3],
       [  8, 117,   0,   9],
       [  0,   0,  71,  18],
       [  0,   3,  16, 115]]), array([[ 61,  35,   2,   3],
       [ 10, 116,   0,  10],
       [  0,   0,  67,  22],
       [  0,   2,  14, 118]]), array([[ 64,  33,   2,   2],
       [ 18, 111,   0,   8],
       [  0,   0,  69,  20],
       [  0,   8,  15, 111]])]","[0.782608695652174, 0.7391304347826086, 0.717391304347826, 0.7608695652173914, 0.7555555555555555, 0.8444444444444444, 0.7333333333333333, 0.7777777777777778, 0.7777777777777778, 0.8]","[0.782608695652174, 0.7391304347826086, 0.717391304347826, 0.7608695652173914, 0.7555555555555555, 0.8444444444444444, 0.7333333333333333, 0.7777777777777778, 0.7777777777777778, 0.8]","[0.782608695652174, 0.7391304347826086, 0.717391304347826, 0.7608695652173914, 0.7555555555555555, 0.8444444444444444, 0.7333333333333333, 0.7777777777777778, 0.7777777777777778, 0.8]","[0.782608695652174, 0.7391304347826086, 0.717391304347826, 0.7608695652173914, 0.7555555555555555, 0.8444444444444444, 0.7333333333333333, 0.7777777777777778, 0.7777777777777778, 0.8]","[0.7949134199134199, 0.7545405982905983, 0.7854662698412699, 0.7808014354066986, 0.7655677655677655, 0.8738095238095238, 0.7708333333333334, 0.7743055555555556, 0.7847985347985348, 0.7965593434343434]","[0.7930555555555556, 0.7430555555555556, 0.7053030303030303, 0.7424242424242424, 0.7577922077922077, 0.853030303030303, 0.7224747474747474, 0.7641414141414142, 0.7752525252525252, 0.7952020202020202]","[0.7857590685176892, 0.7345770952307455, 0.7027672082819141, 0.751203990368077, 0.7478407261015957, 0.8374506245329347, 0.7243174781874473, 0.7608941709111489, 0.7651515151515152, 0.7934075780849975]","[0.804300771692076, 0.7623095503530287, 0.7832556935817806, 0.7780710422300811, 0.7747659747659748, 0.8821164021164022, 0.7746913580246915, 0.7891975308641974, 0.7992673992673992, 0.7983305274971941]","[0.782608695652174, 0.7391304347826086, 0.717391304347826, 0.7608695652173914, 0.7555555555555555, 0.8444444444444444, 0.7333333333333333, 0.7777777777777778, 0.7777777777777778, 0.8]","[0.7856033022449813, 0.7375386700846213, 0.7103278754493588, 0.7587532343219514, 0.7519901104442166, 0.838651056308791, 0.7322513056259186, 0.7759290699867948, 0.775084175084175, 0.7967127496159754]","[array([[ 9,  3,  0,  0],
       [ 0,  8,  0,  1],
       [ 0,  0,  8,  2],
       [ 0,  0,  4, 11]]), array([[ 7,  4,  0,  1],
       [ 1,  8,  0,  0],
       [ 0,  0,  7,  3],
       [ 0,  1,  2, 12]]), array([[ 5,  6,  0,  0],
       [ 0,  9,  0,  1],
       [ 0,  0,  6,  4],
       [ 0,  1,  1, 13]]), array([[ 7,  3,  1,  0],
       [ 1,  7,  0,  2],
       [ 0,  0,  7,  3],
       [ 0,  1,  0, 14]]), array([[ 6,  4,  1,  0],
       [ 1,  9,  0,  0],
       [ 0,  0,  8,  2],
       [ 0,  0,  3, 11]]), array([[ 6,  4,  0,  1],
       [ 0, 10,  0,  0],
       [ 0,  0,  9,  0],
       [ 0,  1,  1, 13]]), array([[ 6,  4,  1,  0],
       [ 0,  7,  0,  2],
       [ 0,  0,  7,  3],
       [ 0,  1,  1, 13]]), array([[ 6,  5,  0,  0],
       [ 2,  7,  0,  0],
       [ 0,  0,  8,  2],
       [ 0,  0,  1, 14]]), array([[ 6,  5,  0,  0],
       [ 1,  8,  0,  0],
       [ 0,  0,  8,  2],
       [ 0,  0,  2, 13]]), array([[ 7,  2,  0,  2],
       [ 2,  7,  0,  0],
       [ 0,  0,  9,  1],
       [ 0,  0,  2, 13]])]"
