n_neighbors value,Train_Accuracy,Train_Precision_micro,Train_Recall_micro,Train_f1_micro,Train_Precision_macro,Train_Recall_macro,Train_f1_macro,Train_Precision_weighted,Train_Recall_weighted,Train_f1_weighted,Train_Confusion_Matrix,Test_Accuracy,Test_Precision_micro,Test_Recall_micro,Test_f1_micro,Test_Precision_macro,Test_Recall_macro,Test_f1_macro,Test_Precision_weighted,Test_Recall_weighted,Test_f1_weighted,Test_Confusion_Matrix
1,"[1.0, 1.0, 1.0, 1.0, 1.0, 1.0, 1.0, 1.0, 1.0, 1.0]","[1.0, 1.0, 1.0, 1.0, 1.0, 1.0, 1.0, 1.0, 1.0, 1.0]","[1.0, 1.0, 1.0, 1.0, 1.0, 1.0, 1.0, 1.0, 1.0, 1.0]","[1.0, 1.0, 1.0, 1.0, 1.0, 1.0, 1.0, 1.0, 1.0, 1.0]","[1.0, 1.0, 1.0, 1.0, 1.0, 1.0, 1.0, 1.0, 1.0, 1.0]","[1.0, 1.0, 1.0, 1.0, 1.0, 1.0, 1.0, 1.0, 1.0, 1.0]","[1.0, 1.0, 1.0, 1.0, 1.0, 1.0, 1.0, 1.0, 1.0, 1.0]","[1.0, 1.0, 1.0, 1.0, 1.0, 1.0, 1.0, 1.0, 1.0, 1.0]","[1.0, 1.0, 1.0, 1.0, 1.0, 1.0, 1.0, 1.0, 1.0, 1.0]","[1.0, 1.0, 1.0, 1.0, 1.0, 1.0, 1.0, 1.0, 1.0, 1.0]","[array([[100,   0,   0,   0],
       [  0, 133,   0,   0],
       [  0,   0,  89,   0],
       [  0,   0,   0, 134]]), array([[100,   0,   0,   0],
       [  0, 132,   0,   0],
       [  0,   0,  89,   0],
       [  0,   0,   0, 134]]), array([[101,   0,   0,   0],
       [  0, 135,   0,   0],
       [  0,   0,  89,   0],
       [  0,   0,   0, 134]]), array([[101,   0,   0,   0],
       [  0, 132,   0,   0],
       [  0,   0,  89,   0],
       [  0,   0,   0, 134]]), array([[101,   0,   0,   0],
       [  0, 130,   0,   0],
       [  0,   0,  89,   0],
       [  0,   0,   0, 135]]), array([[101,   0,   0,   0],
       [  0, 137,   0,   0],
       [  0,   0,  90,   0],
       [  0,   0,   0, 134]]), array([[101,   0,   0,   0],
       [  0, 134,   0,   0],
       [  0,   0,  89,   0],
       [  0,   0,   0, 134]]), array([[101,   0,   0,   0],
       [  0, 133,   0,   0],
       [  0,   0,  89,   0],
       [  0,   0,   0, 134]]), array([[101,   0,   0,   0],
       [  0, 133,   0,   0],
       [  0,   0,  89,   0],
       [  0,   0,   0, 134]]), array([[101,   0,   0,   0],
       [  0, 133,   0,   0],
       [  0,   0,  89,   0],
       [  0,   0,   0, 134]])]","[0.6304347826086957, 0.7608695652173914, 0.8043478260869565, 0.7391304347826086, 0.8, 0.8222222222222222, 0.6444444444444445, 0.7555555555555555, 0.7333333333333333, 0.7777777777777778]","[0.6304347826086957, 0.7608695652173914, 0.8043478260869565, 0.7391304347826086, 0.8, 0.8222222222222222, 0.6444444444444445, 0.7555555555555555, 0.7333333333333333, 0.7777777777777778]","[0.6304347826086957, 0.7608695652173914, 0.8043478260869565, 0.7391304347826086, 0.8, 0.8222222222222222, 0.6444444444444445, 0.7555555555555555, 0.7333333333333333, 0.7777777777777778]","[0.6304347826086957, 0.7608695652173914, 0.8043478260869565, 0.7391304347826086, 0.8, 0.8222222222222222, 0.6444444444444445, 0.7555555555555555, 0.7333333333333333, 0.7777777777777778]","[0.6348214285714286, 0.751736111111111, 0.802114898989899, 0.7512726244343891, 0.8052884615384616, 0.8202991452991454, 0.6604166666666668, 0.8013888888888889, 0.770995670995671, 0.777724358974359]","[0.6388888888888888, 0.7458333333333332, 0.7962121212121213, 0.728030303030303, 0.8009740259740259, 0.8277777777777778, 0.634090909090909, 0.7277777777777777, 0.7305555555555555, 0.7717171717171718]","[0.6251998491704375, 0.7480546123372949, 0.7984334002160828, 0.7293772247648106, 0.7983457766066462, 0.8203320802005012, 0.6403508771929823, 0.729020979020979, 0.7291903498800051, 0.7721104231166149]","[0.6455745341614907, 0.7601147342995169, 0.8035929951690821, 0.7527050954160928, 0.8076923076923077, 0.8264197530864198, 0.6610493827160494, 0.7866666666666666, 0.7587686387686388, 0.7778490028490027]","[0.6304347826086957, 0.7608695652173914, 0.8043478260869565, 0.7391304347826086, 0.8, 0.8222222222222222, 0.6444444444444445, 0.7555555555555555, 0.7333333333333333, 0.7777777777777778]","[0.6251787002426389, 0.7597623089983022, 0.8032405698678674, 0.7362862595208878, 0.7994599782039395, 0.8204817599554443, 0.6456140350877193, 0.7406889406889406, 0.7277279553141622, 0.775427129916294]","[array([[10,  1,  1,  0],
       [ 4,  5,  0,  0],
       [ 0,  0,  7,  3],
       [ 0,  2,  6,  7]]), array([[ 9,  3,  0,  0],
       [ 3,  6,  0,  0],
       [ 0,  0,  7,  3],
       [ 0,  0,  2, 13]]), array([[ 9,  2,  0,  0],
       [ 2,  8,  0,  0],
       [ 0,  0,  7,  3],
       [ 0,  0,  2, 13]]), array([[ 6,  5,  0,  0],
       [ 1,  8,  0,  1],
       [ 0,  0,  7,  3],
       [ 1,  0,  1, 13]]), array([[ 9,  1,  0,  1],
       [ 3,  7,  0,  0],
       [ 0,  0,  9,  1],
       [ 0,  0,  3, 11]]), array([[11,  0,  0,  0],
       [ 2,  8,  0,  0],
       [ 0,  0,  7,  2],
       [ 0,  1,  3, 11]]), array([[ 7,  3,  1,  0],
       [ 1,  6,  0,  2],
       [ 0,  0,  5,  5],
       [ 0,  1,  3, 11]]), array([[11,  0,  0,  0],
       [ 4,  4,  0,  1],
       [ 0,  0,  6,  4],
       [ 0,  0,  2, 13]]), array([[11,  0,  0,  0],
       [ 3,  5,  0,  1],
       [ 0,  0,  7,  3],
       [ 1,  0,  4, 10]]), array([[10,  1,  0,  0],
       [ 2,  7,  0,  0],
       [ 1,  0,  6,  3],
       [ 0,  0,  3, 12]])]"
2,"[1.0, 1.0, 1.0, 1.0, 1.0, 1.0, 1.0, 1.0, 1.0, 1.0]","[1.0, 1.0, 1.0, 1.0, 1.0, 1.0, 1.0, 1.0, 1.0, 1.0]","[1.0, 1.0, 1.0, 1.0, 1.0, 1.0, 1.0, 1.0, 1.0, 1.0]","[1.0, 1.0, 1.0, 1.0, 1.0, 1.0, 1.0, 1.0, 1.0, 1.0]","[1.0, 1.0, 1.0, 1.0, 1.0, 1.0, 1.0, 1.0, 1.0, 1.0]","[1.0, 1.0, 1.0, 1.0, 1.0, 1.0, 1.0, 1.0, 1.0, 1.0]","[1.0, 1.0, 1.0, 1.0, 1.0, 1.0, 1.0, 1.0, 1.0, 1.0]","[1.0, 1.0, 1.0, 1.0, 1.0, 1.0, 1.0, 1.0, 1.0, 1.0]","[1.0, 1.0, 1.0, 1.0, 1.0, 1.0, 1.0, 1.0, 1.0, 1.0]","[1.0, 1.0, 1.0, 1.0, 1.0, 1.0, 1.0, 1.0, 1.0, 1.0]","[array([[100,   0,   0,   0],
       [  0, 133,   0,   0],
       [  0,   0,  89,   0],
       [  0,   0,   0, 134]]), array([[100,   0,   0,   0],
       [  0, 132,   0,   0],
       [  0,   0,  89,   0],
       [  0,   0,   0, 134]]), array([[101,   0,   0,   0],
       [  0, 135,   0,   0],
       [  0,   0,  89,   0],
       [  0,   0,   0, 134]]), array([[101,   0,   0,   0],
       [  0, 132,   0,   0],
       [  0,   0,  89,   0],
       [  0,   0,   0, 134]]), array([[101,   0,   0,   0],
       [  0, 130,   0,   0],
       [  0,   0,  89,   0],
       [  0,   0,   0, 135]]), array([[101,   0,   0,   0],
       [  0, 137,   0,   0],
       [  0,   0,  90,   0],
       [  0,   0,   0, 134]]), array([[101,   0,   0,   0],
       [  0, 134,   0,   0],
       [  0,   0,  89,   0],
       [  0,   0,   0, 134]]), array([[101,   0,   0,   0],
       [  0, 133,   0,   0],
       [  0,   0,  89,   0],
       [  0,   0,   0, 134]]), array([[101,   0,   0,   0],
       [  0, 133,   0,   0],
       [  0,   0,  89,   0],
       [  0,   0,   0, 134]]), array([[101,   0,   0,   0],
       [  0, 133,   0,   0],
       [  0,   0,  89,   0],
       [  0,   0,   0, 134]])]","[0.6304347826086957, 0.8043478260869565, 0.8043478260869565, 0.7391304347826086, 0.8444444444444444, 0.8, 0.6666666666666666, 0.7111111111111111, 0.7333333333333333, 0.7777777777777778]","[0.6304347826086957, 0.8043478260869565, 0.8043478260869565, 0.7391304347826086, 0.8444444444444444, 0.8, 0.6666666666666666, 0.7111111111111111, 0.7333333333333333, 0.7777777777777778]","[0.6304347826086957, 0.8043478260869565, 0.8043478260869565, 0.7391304347826086, 0.8444444444444444, 0.8, 0.6666666666666666, 0.7111111111111111, 0.7333333333333333, 0.7777777777777778]","[0.6304347826086957, 0.8043478260869565, 0.8043478260869565, 0.7391304347826086, 0.8444444444444444, 0.8, 0.6666666666666666, 0.7111111111111111, 0.7333333333333333, 0.7777777777777778]","[0.6326486013986014, 0.8003472222222222, 0.802114898989899, 0.7545405982905983, 0.8490384615384615, 0.7948717948717948, 0.7007575757575758, 0.7092086834733894, 0.770995670995671, 0.777724358974359]","[0.6388888888888888, 0.7944444444444444, 0.7962121212121213, 0.7340909090909091, 0.8509740259740259, 0.805050505050505, 0.6618686868686868, 0.6883838383838383, 0.7305555555555555, 0.7717171717171718]","[0.6275075414781297, 0.796665723448406, 0.7984334002160828, 0.7369058750194795, 0.8475348725348726, 0.798030402092187, 0.6676900584795321, 0.6875, 0.7291903498800051, 0.7721104231166149]","[0.6391570386135604, 0.8035929951690821, 0.8035929951690821, 0.7545522110739502, 0.8499145299145299, 0.8035327635327636, 0.6988776655443323, 0.7098972922502335, 0.7587686387686388, 0.7778490028490027]","[0.6304347826086957, 0.8043478260869565, 0.8043478260869565, 0.7391304347826086, 0.8444444444444444, 0.8, 0.6666666666666666, 0.7111111111111111, 0.7333333333333333, 0.7777777777777778]","[0.6261820447242442, 0.8032405698678674, 0.8032405698678674, 0.7401565813633622, 0.8448399337288226, 0.7996113472086012, 0.669304743339831, 0.7003703703703703, 0.7277279553141622, 0.775427129916294]","[array([[10,  1,  1,  0],
       [ 3,  5,  0,  1],
       [ 0,  0,  7,  3],
       [ 0,  2,  6,  7]]), array([[10,  2,  0,  0],
       [ 2,  7,  0,  0],
       [ 0,  0,  7,  3],
       [ 0,  0,  2, 13]]), array([[ 9,  2,  0,  0],
       [ 2,  8,  0,  0],
       [ 0,  0,  7,  3],
       [ 0,  0,  2, 13]]), array([[ 7,  4,  0,  0],
       [ 1,  8,  0,  1],
       [ 0,  0,  7,  3],
       [ 1,  1,  1, 12]]), array([[ 9,  1,  0,  1],
       [ 1,  9,  0,  0],
       [ 0,  0,  9,  1],
       [ 0,  0,  3, 11]]), array([[10,  1,  0,  0],
       [ 2,  8,  0,  0],
       [ 0,  0,  7,  2],
       [ 0,  1,  3, 11]]), array([[ 7,  3,  1,  0],
       [ 0,  7,  0,  2],
       [ 0,  0,  5,  5],
       [ 0,  1,  3, 11]]), array([[10,  1,  0,  0],
       [ 4,  4,  0,  1],
       [ 0,  0,  6,  4],
       [ 0,  1,  2, 12]]), array([[11,  0,  0,  0],
       [ 3,  5,  0,  1],
       [ 0,  0,  7,  3],
       [ 1,  0,  4, 10]]), array([[10,  1,  0,  0],
       [ 2,  7,  0,  0],
       [ 1,  0,  6,  3],
       [ 0,  0,  3, 12]])]"
3,"[1.0, 1.0, 1.0, 1.0, 1.0, 1.0, 1.0, 1.0, 1.0, 1.0]","[1.0, 1.0, 1.0, 1.0, 1.0, 1.0, 1.0, 1.0, 1.0, 1.0]","[1.0, 1.0, 1.0, 1.0, 1.0, 1.0, 1.0, 1.0, 1.0, 1.0]","[1.0, 1.0, 1.0, 1.0, 1.0, 1.0, 1.0, 1.0, 1.0, 1.0]","[1.0, 1.0, 1.0, 1.0, 1.0, 1.0, 1.0, 1.0, 1.0, 1.0]","[1.0, 1.0, 1.0, 1.0, 1.0, 1.0, 1.0, 1.0, 1.0, 1.0]","[1.0, 1.0, 1.0, 1.0, 1.0, 1.0, 1.0, 1.0, 1.0, 1.0]","[1.0, 1.0, 1.0, 1.0, 1.0, 1.0, 1.0, 1.0, 1.0, 1.0]","[1.0, 1.0, 1.0, 1.0, 1.0, 1.0, 1.0, 1.0, 1.0, 1.0]","[1.0, 1.0, 1.0, 1.0, 1.0, 1.0, 1.0, 1.0, 1.0, 1.0]","[array([[100,   0,   0,   0],
       [  0, 133,   0,   0],
       [  0,   0,  89,   0],
       [  0,   0,   0, 134]]), array([[100,   0,   0,   0],
       [  0, 132,   0,   0],
       [  0,   0,  89,   0],
       [  0,   0,   0, 134]]), array([[101,   0,   0,   0],
       [  0, 135,   0,   0],
       [  0,   0,  89,   0],
       [  0,   0,   0, 134]]), array([[101,   0,   0,   0],
       [  0, 132,   0,   0],
       [  0,   0,  89,   0],
       [  0,   0,   0, 134]]), array([[101,   0,   0,   0],
       [  0, 130,   0,   0],
       [  0,   0,  89,   0],
       [  0,   0,   0, 135]]), array([[101,   0,   0,   0],
       [  0, 137,   0,   0],
       [  0,   0,  90,   0],
       [  0,   0,   0, 134]]), array([[101,   0,   0,   0],
       [  0, 134,   0,   0],
       [  0,   0,  89,   0],
       [  0,   0,   0, 134]]), array([[101,   0,   0,   0],
       [  0, 133,   0,   0],
       [  0,   0,  89,   0],
       [  0,   0,   0, 134]]), array([[101,   0,   0,   0],
       [  0, 133,   0,   0],
       [  0,   0,  89,   0],
       [  0,   0,   0, 134]]), array([[101,   0,   0,   0],
       [  0, 133,   0,   0],
       [  0,   0,  89,   0],
       [  0,   0,   0, 134]])]","[0.6739130434782609, 0.7391304347826086, 0.7608695652173914, 0.782608695652174, 0.8, 0.7777777777777778, 0.6444444444444445, 0.7777777777777778, 0.8, 0.6888888888888889]","[0.6739130434782609, 0.7391304347826086, 0.7608695652173914, 0.782608695652174, 0.8, 0.7777777777777778, 0.6444444444444445, 0.7777777777777778, 0.8, 0.6888888888888889]","[0.6739130434782609, 0.7391304347826086, 0.7608695652173914, 0.782608695652174, 0.8, 0.7777777777777778, 0.6444444444444445, 0.7777777777777778, 0.8, 0.6888888888888889]","[0.6739130434782609, 0.7391304347826086, 0.7608695652173914, 0.782608695652174, 0.8, 0.7777777777777778, 0.6444444444444445, 0.7777777777777778, 0.8, 0.6888888888888889]","[0.6754079254079255, 0.7337121212121211, 0.7701655982905983, 0.7818181818181817, 0.8009740259740259, 0.7833333333333332, 0.6903409090909091, 0.7862619406737054, 0.8283730158730158, 0.6967697335344394]","[0.6833333333333333, 0.7319444444444445, 0.7507575757575758, 0.7818181818181817, 0.8009740259740259, 0.7762626262626262, 0.6446969696969697, 0.7578282828282829, 0.7916666666666665, 0.6684343434343434]","[0.6726867335562988, 0.7313058241677124, 0.7530349072775441, 0.7809523809523808, 0.7999999999999999, 0.7762626262626262, 0.6472847203397487, 0.7623355263157895, 0.7977589134125638, 0.6732456140350876]","[0.6853146853146853, 0.7398880105401844, 0.774932645856559, 0.7841897233201582, 0.8018181818181818, 0.7876543209876543, 0.6941919191919191, 0.7824423216580079, 0.8149029982363316, 0.6946483436679516]","[0.6739130434782609, 0.7391304347826086, 0.7608695652173914, 0.782608695652174, 0.8, 0.7777777777777778, 0.6444444444444445, 0.7777777777777778, 0.8, 0.6888888888888889]","[0.6721244728806167, 0.738077739014895, 0.7611944495260551, 0.782608695652174, 0.8, 0.7793939393939395, 0.6500366454825659, 0.7716130604288499, 0.796918317298623, 0.683625730994152]","[array([[10,  2,  0,  0],
       [ 3,  6,  0,  0],
       [ 0,  0,  7,  3],
       [ 0,  1,  6,  8]]), array([[ 9,  3,  0,  0],
       [ 2,  7,  0,  0],
       [ 0,  0,  6,  4],
       [ 0,  0,  3, 12]]), array([[ 7,  4,  0,  0],
       [ 2,  8,  0,  0],
       [ 0,  0,  7,  3],
       [ 0,  1,  1, 13]]), array([[ 8,  3,  0,  0],
       [ 1,  8,  0,  1],
       [ 0,  0,  8,  2],
       [ 1,  0,  2, 12]]), array([[ 9,  2,  0,  0],
       [ 1,  9,  0,  0],
       [ 0,  0,  7,  3],
       [ 0,  0,  3, 11]]), array([[ 8,  3,  0,  0],
       [ 1,  8,  0,  1],
       [ 0,  0,  7,  2],
       [ 0,  1,  2, 12]]), array([[ 6,  4,  1,  0],
       [ 0,  6,  0,  3],
       [ 0,  0,  7,  3],
       [ 0,  2,  3, 10]]), array([[10,  1,  0,  0],
       [ 3,  5,  0,  1],
       [ 0,  0,  7,  3],
       [ 0,  0,  2, 13]]), array([[11,  0,  0,  0],
       [ 2,  6,  0,  1],
       [ 0,  0,  7,  3],
       [ 1,  0,  2, 12]]), array([[ 9,  1,  1,  0],
       [ 3,  5,  0,  1],
       [ 1,  0,  5,  4],
       [ 0,  0,  3, 12]])]"
4,"[1.0, 1.0, 1.0, 1.0, 1.0, 1.0, 1.0, 1.0, 1.0, 1.0]","[1.0, 1.0, 1.0, 1.0, 1.0, 1.0, 1.0, 1.0, 1.0, 1.0]","[1.0, 1.0, 1.0, 1.0, 1.0, 1.0, 1.0, 1.0, 1.0, 1.0]","[1.0, 1.0, 1.0, 1.0, 1.0, 1.0, 1.0, 1.0, 1.0, 1.0]","[1.0, 1.0, 1.0, 1.0, 1.0, 1.0, 1.0, 1.0, 1.0, 1.0]","[1.0, 1.0, 1.0, 1.0, 1.0, 1.0, 1.0, 1.0, 1.0, 1.0]","[1.0, 1.0, 1.0, 1.0, 1.0, 1.0, 1.0, 1.0, 1.0, 1.0]","[1.0, 1.0, 1.0, 1.0, 1.0, 1.0, 1.0, 1.0, 1.0, 1.0]","[1.0, 1.0, 1.0, 1.0, 1.0, 1.0, 1.0, 1.0, 1.0, 1.0]","[1.0, 1.0, 1.0, 1.0, 1.0, 1.0, 1.0, 1.0, 1.0, 1.0]","[array([[100,   0,   0,   0],
       [  0, 133,   0,   0],
       [  0,   0,  89,   0],
       [  0,   0,   0, 134]]), array([[100,   0,   0,   0],
       [  0, 132,   0,   0],
       [  0,   0,  89,   0],
       [  0,   0,   0, 134]]), array([[101,   0,   0,   0],
       [  0, 135,   0,   0],
       [  0,   0,  89,   0],
       [  0,   0,   0, 134]]), array([[101,   0,   0,   0],
       [  0, 132,   0,   0],
       [  0,   0,  89,   0],
       [  0,   0,   0, 134]]), array([[101,   0,   0,   0],
       [  0, 130,   0,   0],
       [  0,   0,  89,   0],
       [  0,   0,   0, 135]]), array([[101,   0,   0,   0],
       [  0, 137,   0,   0],
       [  0,   0,  90,   0],
       [  0,   0,   0, 134]]), array([[101,   0,   0,   0],
       [  0, 134,   0,   0],
       [  0,   0,  89,   0],
       [  0,   0,   0, 134]]), array([[101,   0,   0,   0],
       [  0, 133,   0,   0],
       [  0,   0,  89,   0],
       [  0,   0,   0, 134]]), array([[101,   0,   0,   0],
       [  0, 133,   0,   0],
       [  0,   0,  89,   0],
       [  0,   0,   0, 134]]), array([[101,   0,   0,   0],
       [  0, 133,   0,   0],
       [  0,   0,  89,   0],
       [  0,   0,   0, 134]])]","[0.6956521739130435, 0.7391304347826086, 0.8043478260869565, 0.7391304347826086, 0.7777777777777778, 0.8444444444444444, 0.7111111111111111, 0.7333333333333333, 0.8444444444444444, 0.7777777777777778]","[0.6956521739130435, 0.7391304347826086, 0.8043478260869565, 0.7391304347826086, 0.7777777777777778, 0.8444444444444444, 0.7111111111111111, 0.7333333333333333, 0.8444444444444444, 0.7777777777777778]","[0.6956521739130435, 0.7391304347826086, 0.8043478260869565, 0.7391304347826086, 0.7777777777777778, 0.8444444444444444, 0.7111111111111111, 0.7333333333333333, 0.8444444444444444, 0.7777777777777778]","[0.6956521739130435, 0.7391304347826086, 0.8043478260869565, 0.7391304347826086, 0.7777777777777778, 0.8444444444444444, 0.7111111111111111, 0.7333333333333333, 0.8444444444444444, 0.7777777777777778]","[0.7087912087912087, 0.7337121212121211, 0.8179621848739496, 0.7430555555555556, 0.775974025974026, 0.8464285714285713, 0.718452380952381, 0.7466269841269841, 0.8576423576423576, 0.777724358974359]","[0.6958333333333333, 0.7319444444444445, 0.7962121212121213, 0.7340909090909091, 0.775974025974026, 0.8527777777777777, 0.7030303030303029, 0.705050505050505, 0.8444444444444443, 0.7717171717171718]","[0.6961163836163836, 0.7313058241677124, 0.7984267570664629, 0.7345770952307455, 0.775974025974026, 0.8488656987295826, 0.699927972423728, 0.7064935064935065, 0.845289408866995, 0.7721104231166149]","[0.7071189679885331, 0.7398880105401844, 0.813956887102667, 0.7445652173913043, 0.7777777777777778, 0.8463492063492064, 0.7276719576719576, 0.742010582010582, 0.8541680541680541, 0.7778490028490027]","[0.6956521739130435, 0.7391304347826086, 0.8043478260869565, 0.7391304347826086, 0.7777777777777778, 0.8444444444444444, 0.7111111111111111, 0.7333333333333333, 0.8444444444444444, 0.7777777777777778]","[0.6956793206793207, 0.738077739014895, 0.8012328943435081, 0.7381315554601153, 0.7777777777777778, 0.8446864287154667, 0.708959430181841, 0.7206156806156806, 0.8442483123517606, 0.775427129916294]","[array([[11,  1,  0,  0],
       [ 3,  6,  0,  0],
       [ 0,  0,  6,  4],
       [ 0,  0,  6,  9]]), array([[ 9,  3,  0,  0],
       [ 2,  7,  0,  0],
       [ 0,  0,  6,  4],
       [ 0,  0,  3, 12]]), array([[ 9,  2,  0,  0],
       [ 1,  9,  0,  0],
       [ 0,  0,  6,  4],
       [ 0,  1,  1, 13]]), array([[ 7,  4,  0,  0],
       [ 1,  8,  0,  1],
       [ 0,  0,  7,  3],
       [ 1,  0,  2, 12]]), array([[ 9,  2,  0,  0],
       [ 2,  8,  0,  0],
       [ 0,  0,  7,  3],
       [ 0,  0,  3, 11]]), array([[11,  0,  0,  0],
       [ 0,  9,  0,  1],
       [ 0,  0,  7,  2],
       [ 0,  1,  3, 11]]), array([[ 6,  4,  1,  0],
       [ 1,  6,  0,  2],
       [ 0,  0,  8,  2],
       [ 0,  0,  3, 12]]), array([[10,  1,  0,  0],
       [ 4,  4,  0,  1],
       [ 0,  0,  6,  4],
       [ 0,  0,  2, 13]]), array([[11,  0,  0,  0],
       [ 2,  7,  0,  0],
       [ 0,  0,  8,  2],
       [ 0,  0,  3, 12]]), array([[10,  1,  0,  0],
       [ 2,  7,  0,  0],
       [ 1,  0,  6,  3],
       [ 0,  0,  3, 12]])]"
5,"[1.0, 1.0, 1.0, 1.0, 1.0, 1.0, 1.0, 1.0, 1.0, 1.0]","[1.0, 1.0, 1.0, 1.0, 1.0, 1.0, 1.0, 1.0, 1.0, 1.0]","[1.0, 1.0, 1.0, 1.0, 1.0, 1.0, 1.0, 1.0, 1.0, 1.0]","[1.0, 1.0, 1.0, 1.0, 1.0, 1.0, 1.0, 1.0, 1.0, 1.0]","[1.0, 1.0, 1.0, 1.0, 1.0, 1.0, 1.0, 1.0, 1.0, 1.0]","[1.0, 1.0, 1.0, 1.0, 1.0, 1.0, 1.0, 1.0, 1.0, 1.0]","[1.0, 1.0, 1.0, 1.0, 1.0, 1.0, 1.0, 1.0, 1.0, 1.0]","[1.0, 1.0, 1.0, 1.0, 1.0, 1.0, 1.0, 1.0, 1.0, 1.0]","[1.0, 1.0, 1.0, 1.0, 1.0, 1.0, 1.0, 1.0, 1.0, 1.0]","[1.0, 1.0, 1.0, 1.0, 1.0, 1.0, 1.0, 1.0, 1.0, 1.0]","[array([[100,   0,   0,   0],
       [  0, 133,   0,   0],
       [  0,   0,  89,   0],
       [  0,   0,   0, 134]]), array([[100,   0,   0,   0],
       [  0, 132,   0,   0],
       [  0,   0,  89,   0],
       [  0,   0,   0, 134]]), array([[101,   0,   0,   0],
       [  0, 135,   0,   0],
       [  0,   0,  89,   0],
       [  0,   0,   0, 134]]), array([[101,   0,   0,   0],
       [  0, 132,   0,   0],
       [  0,   0,  89,   0],
       [  0,   0,   0, 134]]), array([[101,   0,   0,   0],
       [  0, 130,   0,   0],
       [  0,   0,  89,   0],
       [  0,   0,   0, 135]]), array([[101,   0,   0,   0],
       [  0, 137,   0,   0],
       [  0,   0,  90,   0],
       [  0,   0,   0, 134]]), array([[101,   0,   0,   0],
       [  0, 134,   0,   0],
       [  0,   0,  89,   0],
       [  0,   0,   0, 134]]), array([[101,   0,   0,   0],
       [  0, 133,   0,   0],
       [  0,   0,  89,   0],
       [  0,   0,   0, 134]]), array([[101,   0,   0,   0],
       [  0, 133,   0,   0],
       [  0,   0,  89,   0],
       [  0,   0,   0, 134]]), array([[101,   0,   0,   0],
       [  0, 133,   0,   0],
       [  0,   0,  89,   0],
       [  0,   0,   0, 134]])]","[0.782608695652174, 0.8043478260869565, 0.7391304347826086, 0.782608695652174, 0.8444444444444444, 0.7555555555555555, 0.7111111111111111, 0.7555555555555555, 0.7333333333333333, 0.7555555555555555]","[0.782608695652174, 0.8043478260869565, 0.7391304347826086, 0.782608695652174, 0.8444444444444444, 0.7555555555555555, 0.7111111111111111, 0.7555555555555555, 0.7333333333333333, 0.7555555555555555]","[0.782608695652174, 0.8043478260869565, 0.7391304347826086, 0.782608695652174, 0.8444444444444444, 0.7555555555555555, 0.7111111111111111, 0.7555555555555555, 0.7333333333333333, 0.7555555555555555]","[0.782608695652174, 0.8043478260869565, 0.7391304347826086, 0.782608695652174, 0.8444444444444444, 0.7555555555555555, 0.7111111111111111, 0.7555555555555555, 0.7333333333333333, 0.7555555555555555]","[0.80242673992674, 0.8119949494949494, 0.7574229691876752, 0.7887626262626263, 0.8438311688311689, 0.7638888888888888, 0.7201548451548452, 0.7516923436041083, 0.7323232323232324, 0.75]","[0.7861111111111111, 0.8055555555555556, 0.7318181818181819, 0.7795454545454545, 0.8438311688311689, 0.7484848484848485, 0.7113636363636363, 0.7351010101010101, 0.7323232323232324, 0.7462121212121211]","[0.7871815684315685, 0.8081619136668226, 0.7362649605296664, 0.7825208181744685, 0.8428571428571429, 0.7518371571502502, 0.7019740129935033, 0.739237700228833, 0.7323232323232324, 0.7471227621483376]","[0.7969023729893295, 0.8078063241106719, 0.7527463159176715, 0.7869675010979359, 0.8462626262626262, 0.7654320987654321, 0.7343656343656344, 0.7539319431476292, 0.7333333333333333, 0.7555555555555555]","[0.782608695652174, 0.8043478260869565, 0.7391304347826086, 0.782608695652174, 0.8444444444444444, 0.7555555555555555, 0.7111111111111111, 0.7555555555555555, 0.7333333333333333, 0.7555555555555555]","[0.783257503366199, 0.8053844746630893, 0.7383152865889437, 0.7832378983925451, 0.8444444444444444, 0.7564127038889848, 0.7097495696596146, 0.7508803712179, 0.7333333333333333, 0.7547030406365445]","[array([[12,  0,  0,  0],
       [ 2,  7,  0,  0],
       [ 0,  0,  7,  3],
       [ 0,  0,  5, 10]]), array([[10,  1,  0,  1],
       [ 1,  8,  0,  0],
       [ 0,  0,  7,  3],
       [ 0,  0,  3, 12]]), array([[ 8,  3,  0,  0],
       [ 1,  8,  0,  1],
       [ 0,  0,  6,  4],
       [ 1,  1,  1, 12]]), array([[ 9,  2,  0,  0],
       [ 1,  8,  0,  1],
       [ 0,  0,  7,  3],
       [ 0,  1,  2, 12]]), array([[ 9,  2,  0,  0],
       [ 1,  9,  0,  0],
       [ 0,  0,  8,  2],
       [ 0,  0,  2, 12]]), array([[ 8,  3,  0,  0],
       [ 1,  8,  0,  1],
       [ 0,  0,  6,  3],
       [ 0,  1,  2, 12]]), array([[ 6,  4,  1,  0],
       [ 1,  6,  0,  2],
       [ 0,  0,  9,  1],
       [ 0,  1,  3, 11]]), array([[ 9,  2,  0,  0],
       [ 3,  5,  0,  1],
       [ 0,  0,  7,  3],
       [ 0,  0,  2, 13]]), array([[ 9,  2,  0,  0],
       [ 2,  7,  0,  0],
       [ 0,  0,  6,  4],
       [ 0,  0,  4, 11]]), array([[ 9,  2,  0,  0],
       [ 2,  6,  0,  1],
       [ 1,  0,  7,  2],
       [ 0,  0,  3, 12]])]"
6,"[1.0, 1.0, 1.0, 1.0, 1.0, 1.0, 1.0, 1.0, 1.0, 1.0]","[1.0, 1.0, 1.0, 1.0, 1.0, 1.0, 1.0, 1.0, 1.0, 1.0]","[1.0, 1.0, 1.0, 1.0, 1.0, 1.0, 1.0, 1.0, 1.0, 1.0]","[1.0, 1.0, 1.0, 1.0, 1.0, 1.0, 1.0, 1.0, 1.0, 1.0]","[1.0, 1.0, 1.0, 1.0, 1.0, 1.0, 1.0, 1.0, 1.0, 1.0]","[1.0, 1.0, 1.0, 1.0, 1.0, 1.0, 1.0, 1.0, 1.0, 1.0]","[1.0, 1.0, 1.0, 1.0, 1.0, 1.0, 1.0, 1.0, 1.0, 1.0]","[1.0, 1.0, 1.0, 1.0, 1.0, 1.0, 1.0, 1.0, 1.0, 1.0]","[1.0, 1.0, 1.0, 1.0, 1.0, 1.0, 1.0, 1.0, 1.0, 1.0]","[1.0, 1.0, 1.0, 1.0, 1.0, 1.0, 1.0, 1.0, 1.0, 1.0]","[array([[100,   0,   0,   0],
       [  0, 133,   0,   0],
       [  0,   0,  89,   0],
       [  0,   0,   0, 134]]), array([[100,   0,   0,   0],
       [  0, 132,   0,   0],
       [  0,   0,  89,   0],
       [  0,   0,   0, 134]]), array([[101,   0,   0,   0],
       [  0, 135,   0,   0],
       [  0,   0,  89,   0],
       [  0,   0,   0, 134]]), array([[101,   0,   0,   0],
       [  0, 132,   0,   0],
       [  0,   0,  89,   0],
       [  0,   0,   0, 134]]), array([[101,   0,   0,   0],
       [  0, 130,   0,   0],
       [  0,   0,  89,   0],
       [  0,   0,   0, 135]]), array([[101,   0,   0,   0],
       [  0, 137,   0,   0],
       [  0,   0,  90,   0],
       [  0,   0,   0, 134]]), array([[101,   0,   0,   0],
       [  0, 134,   0,   0],
       [  0,   0,  89,   0],
       [  0,   0,   0, 134]]), array([[101,   0,   0,   0],
       [  0, 133,   0,   0],
       [  0,   0,  89,   0],
       [  0,   0,   0, 134]]), array([[101,   0,   0,   0],
       [  0, 133,   0,   0],
       [  0,   0,  89,   0],
       [  0,   0,   0, 134]]), array([[101,   0,   0,   0],
       [  0, 133,   0,   0],
       [  0,   0,  89,   0],
       [  0,   0,   0, 134]])]","[0.6739130434782609, 0.7608695652173914, 0.782608695652174, 0.7391304347826086, 0.8222222222222222, 0.8, 0.7111111111111111, 0.8222222222222222, 0.7333333333333333, 0.7111111111111111]","[0.6739130434782609, 0.7608695652173914, 0.782608695652174, 0.7391304347826086, 0.8222222222222222, 0.8, 0.7111111111111111, 0.8222222222222222, 0.7333333333333333, 0.7111111111111111]","[0.6739130434782609, 0.7608695652173914, 0.782608695652174, 0.7391304347826086, 0.8222222222222222, 0.8, 0.7111111111111111, 0.8222222222222222, 0.7333333333333333, 0.7111111111111111]","[0.6739130434782609, 0.7608695652173914, 0.782608695652174, 0.7391304347826086, 0.8222222222222222, 0.8, 0.7111111111111111, 0.8222222222222222, 0.7333333333333333, 0.7111111111111111]","[0.6727106227106228, 0.7681372549019608, 0.7885416666666667, 0.7402777777777778, 0.8200757575757576, 0.8089285714285714, 0.7201548451548452, 0.8257440476190476, 0.739935064935065, 0.704004329004329]","[0.6875, 0.7597222222222222, 0.7734848484848486, 0.7340909090909091, 0.8259740259740259, 0.8073232323232323, 0.7113636363636363, 0.8106060606060607, 0.7434343434343434, 0.7068181818181818]","[0.6703790412486065, 0.7604665071770336, 0.7764162360936555, 0.7340909090909091, 0.8208458208458209, 0.8034111532750372, 0.7019740129935033, 0.8145687237026649, 0.7400829660357792, 0.7048066875653083]","[0.6807214524605829, 0.7664109121909632, 0.791394927536232, 0.7475845410628018, 0.8286195286195285, 0.8130158730158731, 0.7343656343656344, 0.8237433862433862, 0.7393073593073594, 0.7144300144300145]","[0.6739130434782609, 0.7608695652173914, 0.782608695652174, 0.7391304347826086, 0.8222222222222222, 0.8, 0.7111111111111111, 0.8222222222222222, 0.7333333333333333, 0.7111111111111111]","[0.6661044059909844, 0.7600634491366757, 0.7828717954945164, 0.7405138339920948, 0.823036223036223, 0.8020601660892043, 0.7097495696596146, 0.819908056724326, 0.7348140466107798, 0.7121328224776501]","[array([[11,  1,  0,  0],
       [ 3,  6,  0,  0],
       [ 0,  0,  7,  3],
       [ 0,  2,  6,  7]]), array([[ 9,  2,  0,  1],
       [ 1,  8,  0,  0],
       [ 0,  0,  6,  4],
       [ 0,  0,  3, 12]]), array([[ 8,  3,  0,  0],
       [ 2,  8,  0,  0],
       [ 0,  0,  7,  3],
       [ 0,  1,  1, 13]]), array([[ 7,  4,  0,  0],
       [ 2,  7,  0,  1],
       [ 0,  0,  8,  2],
       [ 0,  1,  2, 12]]), array([[ 9,  2,  0,  0],
       [ 2,  8,  0,  0],
       [ 0,  0,  9,  1],
       [ 0,  1,  2, 11]]), array([[ 9,  2,  0,  0],
       [ 0,  9,  0,  1],
       [ 0,  0,  7,  2],
       [ 0,  1,  3, 11]]), array([[ 6,  4,  1,  0],
       [ 1,  6,  0,  2],
       [ 0,  0,  9,  1],
       [ 0,  1,  3, 11]]), array([[10,  1,  0,  0],
       [ 2,  6,  0,  1],
       [ 0,  0,  8,  2],
       [ 0,  0,  2, 13]]), array([[ 9,  2,  0,  0],
       [ 1,  8,  0,  0],
       [ 0,  0,  6,  4],
       [ 0,  0,  5, 10]]), array([[ 8,  3,  0,  0],
       [ 2,  6,  0,  1],
       [ 1,  0,  7,  2],
       [ 0,  0,  4, 11]])]"
7,"[1.0, 1.0, 1.0, 1.0, 1.0, 1.0, 1.0, 1.0, 1.0, 1.0]","[1.0, 1.0, 1.0, 1.0, 1.0, 1.0, 1.0, 1.0, 1.0, 1.0]","[1.0, 1.0, 1.0, 1.0, 1.0, 1.0, 1.0, 1.0, 1.0, 1.0]","[1.0, 1.0, 1.0, 1.0, 1.0, 1.0, 1.0, 1.0, 1.0, 1.0]","[1.0, 1.0, 1.0, 1.0, 1.0, 1.0, 1.0, 1.0, 1.0, 1.0]","[1.0, 1.0, 1.0, 1.0, 1.0, 1.0, 1.0, 1.0, 1.0, 1.0]","[1.0, 1.0, 1.0, 1.0, 1.0, 1.0, 1.0, 1.0, 1.0, 1.0]","[1.0, 1.0, 1.0, 1.0, 1.0, 1.0, 1.0, 1.0, 1.0, 1.0]","[1.0, 1.0, 1.0, 1.0, 1.0, 1.0, 1.0, 1.0, 1.0, 1.0]","[1.0, 1.0, 1.0, 1.0, 1.0, 1.0, 1.0, 1.0, 1.0, 1.0]","[array([[100,   0,   0,   0],
       [  0, 133,   0,   0],
       [  0,   0,  89,   0],
       [  0,   0,   0, 134]]), array([[100,   0,   0,   0],
       [  0, 132,   0,   0],
       [  0,   0,  89,   0],
       [  0,   0,   0, 134]]), array([[101,   0,   0,   0],
       [  0, 135,   0,   0],
       [  0,   0,  89,   0],
       [  0,   0,   0, 134]]), array([[101,   0,   0,   0],
       [  0, 132,   0,   0],
       [  0,   0,  89,   0],
       [  0,   0,   0, 134]]), array([[101,   0,   0,   0],
       [  0, 130,   0,   0],
       [  0,   0,  89,   0],
       [  0,   0,   0, 135]]), array([[101,   0,   0,   0],
       [  0, 137,   0,   0],
       [  0,   0,  90,   0],
       [  0,   0,   0, 134]]), array([[101,   0,   0,   0],
       [  0, 134,   0,   0],
       [  0,   0,  89,   0],
       [  0,   0,   0, 134]]), array([[101,   0,   0,   0],
       [  0, 133,   0,   0],
       [  0,   0,  89,   0],
       [  0,   0,   0, 134]]), array([[101,   0,   0,   0],
       [  0, 133,   0,   0],
       [  0,   0,  89,   0],
       [  0,   0,   0, 134]]), array([[101,   0,   0,   0],
       [  0, 133,   0,   0],
       [  0,   0,  89,   0],
       [  0,   0,   0, 134]])]","[0.782608695652174, 0.8478260869565217, 0.7608695652173914, 0.7608695652173914, 0.8222222222222222, 0.7555555555555555, 0.7333333333333333, 0.7555555555555555, 0.7777777777777778, 0.7777777777777778]","[0.782608695652174, 0.8478260869565217, 0.7608695652173914, 0.7608695652173914, 0.8222222222222222, 0.7555555555555555, 0.7333333333333333, 0.7555555555555555, 0.7777777777777778, 0.7777777777777778]","[0.782608695652174, 0.8478260869565217, 0.7608695652173914, 0.7608695652173914, 0.8222222222222222, 0.7555555555555555, 0.7333333333333333, 0.7555555555555555, 0.7777777777777778, 0.7777777777777778]","[0.782608695652174, 0.8478260869565217, 0.7608695652173914, 0.7608695652173914, 0.8222222222222222, 0.7555555555555555, 0.7333333333333333, 0.7555555555555555, 0.7777777777777778, 0.7777777777777778]","[0.80242673992674, 0.8531045751633988, 0.8055555555555556, 0.7680555555555555, 0.823989898989899, 0.7638888888888888, 0.7381493506493506, 0.7545454545454546, 0.7862103174603176, 0.7928571428571428]","[0.7861111111111111, 0.8430555555555557, 0.7507575757575757, 0.7568181818181818, 0.8188311688311688, 0.7484848484848485, 0.728030303030303, 0.7462121212121211, 0.7633838383838384, 0.7777777777777778]","[0.7871815684315685, 0.8443480861244019, 0.7553847296494356, 0.7600934153565733, 0.8196785066113559, 0.7518371571502502, 0.7212121212121212, 0.7495644298775228, 0.7673021777881113, 0.778405172413793]","[0.7969023729893295, 0.8530832622904235, 0.8007246376811594, 0.7722222222222223, 0.8235465768799102, 0.7654320987654321, 0.7519480519480519, 0.7555555555555555, 0.7781746031746033, 0.7873015873015874]","[0.782608695652174, 0.8478260869565217, 0.7608695652173914, 0.7608695652173914, 0.8222222222222222, 0.7555555555555555, 0.7333333333333333, 0.7555555555555555, 0.7777777777777778, 0.7777777777777778]","[0.783257503366199, 0.8465909090909092, 0.7594034978945465, 0.7644704646992977, 0.8212139544262956, 0.7564127038889848, 0.7314478114478115, 0.7547965422728231, 0.7706114857009998, 0.7763180076628353]","[array([[12,  0,  0,  0],
       [ 2,  7,  0,  0],
       [ 0,  0,  7,  3],
       [ 0,  0,  5, 10]]), array([[ 9,  2,  0,  1],
       [ 1,  8,  0,  0],
       [ 0,  0,  8,  2],
       [ 0,  0,  1, 14]]), array([[ 7,  4,  0,  0],
       [ 0,  9,  0,  1],
       [ 0,  0,  6,  4],
       [ 0,  1,  1, 13]]), array([[ 8,  3,  0,  0],
       [ 2,  7,  0,  1],
       [ 0,  0,  8,  2],
       [ 0,  2,  1, 12]]), array([[ 9,  2,  0,  0],
       [ 1,  9,  0,  0],
       [ 0,  0,  7,  3],
       [ 0,  0,  2, 12]]), array([[ 8,  3,  0,  0],
       [ 1,  8,  0,  1],
       [ 0,  0,  6,  3],
       [ 0,  1,  2, 12]]), array([[ 6,  4,  1,  0],
       [ 1,  6,  0,  2],
       [ 0,  0,  9,  1],
       [ 0,  1,  2, 12]]), array([[ 9,  2,  0,  0],
       [ 2,  6,  0,  1],
       [ 0,  0,  7,  3],
       [ 0,  0,  3, 12]]), array([[10,  1,  0,  0],
       [ 2,  7,  0,  0],
       [ 0,  0,  5,  5],
       [ 0,  0,  2, 13]]), array([[11,  0,  0,  0],
       [ 2,  7,  0,  0],
       [ 1,  0,  6,  3],
       [ 0,  0,  4, 11]])]"
8,"[1.0, 1.0, 1.0, 1.0, 1.0, 1.0, 1.0, 1.0, 1.0, 1.0]","[1.0, 1.0, 1.0, 1.0, 1.0, 1.0, 1.0, 1.0, 1.0, 1.0]","[1.0, 1.0, 1.0, 1.0, 1.0, 1.0, 1.0, 1.0, 1.0, 1.0]","[1.0, 1.0, 1.0, 1.0, 1.0, 1.0, 1.0, 1.0, 1.0, 1.0]","[1.0, 1.0, 1.0, 1.0, 1.0, 1.0, 1.0, 1.0, 1.0, 1.0]","[1.0, 1.0, 1.0, 1.0, 1.0, 1.0, 1.0, 1.0, 1.0, 1.0]","[1.0, 1.0, 1.0, 1.0, 1.0, 1.0, 1.0, 1.0, 1.0, 1.0]","[1.0, 1.0, 1.0, 1.0, 1.0, 1.0, 1.0, 1.0, 1.0, 1.0]","[1.0, 1.0, 1.0, 1.0, 1.0, 1.0, 1.0, 1.0, 1.0, 1.0]","[1.0, 1.0, 1.0, 1.0, 1.0, 1.0, 1.0, 1.0, 1.0, 1.0]","[array([[100,   0,   0,   0],
       [  0, 133,   0,   0],
       [  0,   0,  89,   0],
       [  0,   0,   0, 134]]), array([[100,   0,   0,   0],
       [  0, 132,   0,   0],
       [  0,   0,  89,   0],
       [  0,   0,   0, 134]]), array([[101,   0,   0,   0],
       [  0, 135,   0,   0],
       [  0,   0,  89,   0],
       [  0,   0,   0, 134]]), array([[101,   0,   0,   0],
       [  0, 132,   0,   0],
       [  0,   0,  89,   0],
       [  0,   0,   0, 134]]), array([[101,   0,   0,   0],
       [  0, 130,   0,   0],
       [  0,   0,  89,   0],
       [  0,   0,   0, 135]]), array([[101,   0,   0,   0],
       [  0, 137,   0,   0],
       [  0,   0,  90,   0],
       [  0,   0,   0, 134]]), array([[101,   0,   0,   0],
       [  0, 134,   0,   0],
       [  0,   0,  89,   0],
       [  0,   0,   0, 134]]), array([[101,   0,   0,   0],
       [  0, 133,   0,   0],
       [  0,   0,  89,   0],
       [  0,   0,   0, 134]]), array([[101,   0,   0,   0],
       [  0, 133,   0,   0],
       [  0,   0,  89,   0],
       [  0,   0,   0, 134]]), array([[101,   0,   0,   0],
       [  0, 133,   0,   0],
       [  0,   0,  89,   0],
       [  0,   0,   0, 134]])]","[0.7608695652173914, 0.782608695652174, 0.6739130434782609, 0.8043478260869565, 0.8, 0.7555555555555555, 0.7111111111111111, 0.7777777777777778, 0.7777777777777778, 0.7777777777777778]","[0.7608695652173914, 0.782608695652174, 0.6739130434782609, 0.8043478260869565, 0.8, 0.7555555555555555, 0.7111111111111111, 0.7777777777777778, 0.7777777777777778, 0.7777777777777778]","[0.7608695652173914, 0.782608695652174, 0.6739130434782609, 0.8043478260869565, 0.8, 0.7555555555555555, 0.7111111111111111, 0.7777777777777778, 0.7777777777777778, 0.7777777777777778]","[0.7608695652173914, 0.782608695652174, 0.6739130434782609, 0.8043478260869565, 0.8, 0.7555555555555555, 0.7111111111111111, 0.7777777777777778, 0.7777777777777778, 0.7777777777777778]","[0.7723214285714286, 0.7896613190730838, 0.7001124606387764, 0.8149732620320855, 0.8003787878787879, 0.7730769230769231, 0.718452380952381, 0.7712121212121212, 0.7822155377302437, 0.7816870629370629]","[0.7652777777777777, 0.7805555555555556, 0.6507575757575758, 0.7901515151515153, 0.8032467532467532, 0.7568181818181818, 0.7030303030303029, 0.7712121212121212, 0.7744949494949496, 0.7800505050505051]","[0.7665537218022005, 0.7778117167919799, 0.6516837169650469, 0.7981150793650793, 0.7981185481185481, 0.7561784897025171, 0.699927972423728, 0.7712121212121212, 0.7758838383838385, 0.7773109243697478]","[0.7700569358178054, 0.792619287504198, 0.7000723659762561, 0.8155777726110207, 0.8107070707070707, 0.776068376068376, 0.7276719576719576, 0.7777777777777778, 0.7741830065359478, 0.7864996114996115]","[0.7608695652173914, 0.782608695652174, 0.6739130434782609, 0.8043478260869565, 0.8, 0.7555555555555555, 0.7111111111111111, 0.7777777777777778, 0.7777777777777778, 0.7777777777777778]","[0.7634832316462089, 0.780408221641059, 0.6650190889210126, 0.8056849551414769, 0.8015836015836015, 0.757538774472413, 0.708959430181841, 0.7777777777777778, 0.7734567901234568, 0.7784624961095549]","[array([[11,  1,  0,  0],
       [ 1,  7,  0,  1],
       [ 0,  0,  7,  3],
       [ 0,  0,  5, 10]]), array([[ 8,  3,  0,  1],
       [ 1,  8,  0,  0],
       [ 0,  0,  7,  3],
       [ 0,  0,  2, 13]]), array([[ 7,  4,  0,  0],
       [ 2,  7,  0,  1],
       [ 0,  1,  4,  5],
       [ 0,  1,  1, 13]]), array([[ 8,  3,  0,  0],
       [ 2,  7,  0,  1],
       [ 0,  0,  8,  2],
       [ 0,  1,  0, 14]]), array([[ 8,  3,  0,  0],
       [ 2,  8,  0,  0],
       [ 0,  0,  9,  1],
       [ 0,  1,  2, 11]]), array([[ 8,  3,  0,  0],
       [ 0,  9,  0,  1],
       [ 0,  0,  6,  3],
       [ 0,  1,  3, 11]]), array([[ 6,  4,  1,  0],
       [ 1,  6,  0,  2],
       [ 0,  0,  8,  2],
       [ 0,  0,  3, 12]]), array([[ 9,  2,  0,  0],
       [ 2,  6,  0,  1],
       [ 0,  0,  8,  2],
       [ 0,  1,  2, 12]]), array([[10,  1,  0,  0],
       [ 1,  8,  0,  0],
       [ 0,  0,  5,  5],
       [ 0,  0,  3, 12]]), array([[10,  1,  0,  0],
       [ 2,  7,  0,  0],
       [ 1,  0,  7,  2],
       [ 0,  0,  4, 11]])]"
9,"[1.0, 1.0, 1.0, 1.0, 1.0, 1.0, 1.0, 1.0, 1.0, 1.0]","[1.0, 1.0, 1.0, 1.0, 1.0, 1.0, 1.0, 1.0, 1.0, 1.0]","[1.0, 1.0, 1.0, 1.0, 1.0, 1.0, 1.0, 1.0, 1.0, 1.0]","[1.0, 1.0, 1.0, 1.0, 1.0, 1.0, 1.0, 1.0, 1.0, 1.0]","[1.0, 1.0, 1.0, 1.0, 1.0, 1.0, 1.0, 1.0, 1.0, 1.0]","[1.0, 1.0, 1.0, 1.0, 1.0, 1.0, 1.0, 1.0, 1.0, 1.0]","[1.0, 1.0, 1.0, 1.0, 1.0, 1.0, 1.0, 1.0, 1.0, 1.0]","[1.0, 1.0, 1.0, 1.0, 1.0, 1.0, 1.0, 1.0, 1.0, 1.0]","[1.0, 1.0, 1.0, 1.0, 1.0, 1.0, 1.0, 1.0, 1.0, 1.0]","[1.0, 1.0, 1.0, 1.0, 1.0, 1.0, 1.0, 1.0, 1.0, 1.0]","[array([[100,   0,   0,   0],
       [  0, 133,   0,   0],
       [  0,   0,  89,   0],
       [  0,   0,   0, 134]]), array([[100,   0,   0,   0],
       [  0, 132,   0,   0],
       [  0,   0,  89,   0],
       [  0,   0,   0, 134]]), array([[101,   0,   0,   0],
       [  0, 135,   0,   0],
       [  0,   0,  89,   0],
       [  0,   0,   0, 134]]), array([[101,   0,   0,   0],
       [  0, 132,   0,   0],
       [  0,   0,  89,   0],
       [  0,   0,   0, 134]]), array([[101,   0,   0,   0],
       [  0, 130,   0,   0],
       [  0,   0,  89,   0],
       [  0,   0,   0, 135]]), array([[101,   0,   0,   0],
       [  0, 137,   0,   0],
       [  0,   0,  90,   0],
       [  0,   0,   0, 134]]), array([[101,   0,   0,   0],
       [  0, 134,   0,   0],
       [  0,   0,  89,   0],
       [  0,   0,   0, 134]]), array([[101,   0,   0,   0],
       [  0, 133,   0,   0],
       [  0,   0,  89,   0],
       [  0,   0,   0, 134]]), array([[101,   0,   0,   0],
       [  0, 133,   0,   0],
       [  0,   0,  89,   0],
       [  0,   0,   0, 134]]), array([[101,   0,   0,   0],
       [  0, 133,   0,   0],
       [  0,   0,  89,   0],
       [  0,   0,   0, 134]])]","[0.782608695652174, 0.8695652173913043, 0.8260869565217391, 0.8478260869565217, 0.8222222222222222, 0.7333333333333333, 0.7777777777777778, 0.7777777777777778, 0.7555555555555555, 0.7555555555555555]","[0.782608695652174, 0.8695652173913043, 0.8260869565217391, 0.8478260869565217, 0.8222222222222222, 0.7333333333333333, 0.7777777777777778, 0.7777777777777778, 0.7555555555555555, 0.7555555555555555]","[0.782608695652174, 0.8695652173913043, 0.8260869565217391, 0.8478260869565217, 0.8222222222222222, 0.7333333333333333, 0.7777777777777778, 0.7777777777777778, 0.7555555555555555, 0.7555555555555555]","[0.782608695652174, 0.8695652173913043, 0.8260869565217391, 0.8478260869565217, 0.8222222222222222, 0.7333333333333333, 0.7777777777777778, 0.7777777777777778, 0.7555555555555555, 0.7555555555555555]","[0.7966269841269842, 0.8822916666666667, 0.8343545751633987, 0.8482954545454545, 0.8240079365079366, 0.7475961538461539, 0.7747135217723453, 0.7697916666666667, 0.7536764705882353, 0.7484848484848485]","[0.7930555555555555, 0.8680555555555555, 0.8151515151515152, 0.8378787878787879, 0.8211038961038962, 0.7257575757575758, 0.7613636363636362, 0.7651515151515152, 0.7378787878787879, 0.7540404040404041]","[0.7928573591991883, 0.8741382036685643, 0.817739898989899, 0.8421940114215156, 0.8188311688311688, 0.7281425451261188, 0.7575971177944862, 0.7668202764976959, 0.7419144288150042, 0.7483709273182957]","[0.7945134575569359, 0.873641304347826, 0.8343634555271384, 0.8505434782608695, 0.828395061728395, 0.7506410256410256, 0.7858517952635599, 0.7775, 0.7549019607843137, 0.7558249158249158]","[0.782608695652174, 0.8695652173913043, 0.8260869565217391, 0.8478260869565217, 0.8222222222222222, 0.7333333333333333, 0.7777777777777778, 0.7777777777777778, 0.7555555555555555, 0.7555555555555555]","[0.7866679308567062, 0.8706789868822703, 0.8235781730346948, 0.8483058979847936, 0.8218181818181819, 0.7339473177622712, 0.7714216095795042, 0.7769243898276156, 0.7514622998958038, 0.7532609301030353]","[array([[11,  1,  0,  0],
       [ 0,  8,  0,  1],
       [ 0,  0,  7,  3],
       [ 0,  0,  5, 10]]), array([[11,  0,  0,  1],
       [ 1,  8,  0,  0],
       [ 0,  0,  8,  2],
       [ 0,  0,  2, 13]]), array([[ 8,  3,  0,  0],
       [ 1,  9,  0,  0],
       [ 0,  0,  7,  3],
       [ 0,  0,  1, 14]]), array([[ 9,  2,  0,  0],
       [ 2,  7,  0,  1],
       [ 0,  0,  9,  1],
       [ 0,  1,  0, 14]]), array([[ 8,  3,  0,  0],
       [ 1,  9,  0,  0],
       [ 0,  0,  8,  2],
       [ 0,  0,  2, 12]]), array([[ 7,  4,  0,  0],
       [ 1,  8,  0,  1],
       [ 0,  0,  6,  3],
       [ 0,  1,  2, 12]]), array([[ 6,  4,  1,  0],
       [ 1,  6,  0,  2],
       [ 0,  0,  9,  1],
       [ 0,  0,  1, 14]]), array([[ 8,  3,  0,  0],
       [ 2,  6,  0,  1],
       [ 0,  0,  8,  2],
       [ 0,  0,  2, 13]]), array([[ 9,  2,  0,  0],
       [ 3,  6,  0,  0],
       [ 0,  0,  6,  4],
       [ 0,  0,  2, 13]]), array([[ 8,  3,  0,  0],
       [ 1,  8,  0,  0],
       [ 1,  0,  6,  3],
       [ 0,  0,  3, 12]])]"
10,"[1.0, 1.0, 1.0, 1.0, 1.0, 1.0, 1.0, 1.0, 1.0, 1.0]","[1.0, 1.0, 1.0, 1.0, 1.0, 1.0, 1.0, 1.0, 1.0, 1.0]","[1.0, 1.0, 1.0, 1.0, 1.0, 1.0, 1.0, 1.0, 1.0, 1.0]","[1.0, 1.0, 1.0, 1.0, 1.0, 1.0, 1.0, 1.0, 1.0, 1.0]","[1.0, 1.0, 1.0, 1.0, 1.0, 1.0, 1.0, 1.0, 1.0, 1.0]","[1.0, 1.0, 1.0, 1.0, 1.0, 1.0, 1.0, 1.0, 1.0, 1.0]","[1.0, 1.0, 1.0, 1.0, 1.0, 1.0, 1.0, 1.0, 1.0, 1.0]","[1.0, 1.0, 1.0, 1.0, 1.0, 1.0, 1.0, 1.0, 1.0, 1.0]","[1.0, 1.0, 1.0, 1.0, 1.0, 1.0, 1.0, 1.0, 1.0, 1.0]","[1.0, 1.0, 1.0, 1.0, 1.0, 1.0, 1.0, 1.0, 1.0, 1.0]","[array([[100,   0,   0,   0],
       [  0, 133,   0,   0],
       [  0,   0,  89,   0],
       [  0,   0,   0, 134]]), array([[100,   0,   0,   0],
       [  0, 132,   0,   0],
       [  0,   0,  89,   0],
       [  0,   0,   0, 134]]), array([[101,   0,   0,   0],
       [  0, 135,   0,   0],
       [  0,   0,  89,   0],
       [  0,   0,   0, 134]]), array([[101,   0,   0,   0],
       [  0, 132,   0,   0],
       [  0,   0,  89,   0],
       [  0,   0,   0, 134]]), array([[101,   0,   0,   0],
       [  0, 130,   0,   0],
       [  0,   0,  89,   0],
       [  0,   0,   0, 135]]), array([[101,   0,   0,   0],
       [  0, 137,   0,   0],
       [  0,   0,  90,   0],
       [  0,   0,   0, 134]]), array([[101,   0,   0,   0],
       [  0, 134,   0,   0],
       [  0,   0,  89,   0],
       [  0,   0,   0, 134]]), array([[101,   0,   0,   0],
       [  0, 133,   0,   0],
       [  0,   0,  89,   0],
       [  0,   0,   0, 134]]), array([[101,   0,   0,   0],
       [  0, 133,   0,   0],
       [  0,   0,  89,   0],
       [  0,   0,   0, 134]]), array([[101,   0,   0,   0],
       [  0, 133,   0,   0],
       [  0,   0,  89,   0],
       [  0,   0,   0, 134]])]","[0.782608695652174, 0.8478260869565217, 0.717391304347826, 0.782608695652174, 0.8, 0.8, 0.7111111111111111, 0.7777777777777778, 0.8, 0.7111111111111111]","[0.782608695652174, 0.8478260869565217, 0.717391304347826, 0.782608695652174, 0.8, 0.8, 0.7111111111111111, 0.7777777777777778, 0.8, 0.7111111111111111]","[0.782608695652174, 0.8478260869565217, 0.717391304347826, 0.782608695652174, 0.8, 0.8, 0.7111111111111111, 0.7777777777777778, 0.8, 0.7111111111111111]","[0.782608695652174, 0.8478260869565217, 0.717391304347826, 0.782608695652174, 0.8, 0.8, 0.7111111111111111, 0.7777777777777778, 0.8, 0.7111111111111111]","[0.7966269841269842, 0.8526199494949496, 0.7384768740031898, 0.7844381313131313, 0.8061126373626374, 0.8125, 0.7201548451548452, 0.7697916666666667, 0.7965593434343434, 0.7055194805194804]","[0.7930555555555555, 0.8472222222222222, 0.6984848484848485, 0.7734848484848486, 0.7983766233766234, 0.7962121212121211, 0.7113636363636363, 0.7651515151515152, 0.7906565656565657, 0.7118686868686869]","[0.7928573591991883, 0.849290945924887, 0.7045693277310924, 0.7773465922871695, 0.7941484145145473, 0.7995644298775229, 0.7019740129935033, 0.7668202764976959, 0.7928778446605272, 0.7071990320629158]","[0.7945134575569359, 0.8499258893280632, 0.7339158172110117, 0.7878266359244621, 0.8121794871794871, 0.8111111111111111, 0.7343656343656344, 0.7775, 0.7992283950617284, 0.7144300144300145]","[0.782608695652174, 0.8478260869565217, 0.717391304347826, 0.782608695652174, 0.8, 0.8, 0.7111111111111111, 0.7777777777777778, 0.8, 0.7111111111111111]","[0.7866679308567062, 0.8481614732605647, 0.7123523322372426, 0.7836808008801808, 0.7984744469870327, 0.8010591685354493, 0.7097495696596146, 0.7769243898276156, 0.7988681380871534, 0.7113530953821334]","[array([[11,  1,  0,  0],
       [ 0,  8,  0,  1],
       [ 0,  0,  7,  3],
       [ 0,  0,  5, 10]]), array([[10,  1,  0,  1],
       [ 1,  8,  0,  0],
       [ 0,  0,  8,  2],
       [ 0,  0,  2, 13]]), array([[ 8,  3,  0,  0],
       [ 2,  7,  0,  1],
       [ 0,  0,  5,  5],
       [ 0,  1,  1, 13]]), array([[ 8,  3,  0,  0],
       [ 2,  7,  0,  1],
       [ 0,  0,  8,  2],
       [ 0,  1,  1, 13]]), array([[ 7,  4,  0,  0],
       [ 1,  9,  0,  0],
       [ 0,  0,  8,  2],
       [ 0,  0,  2, 12]]), array([[ 9,  2,  0,  0],
       [ 0,  9,  0,  1],
       [ 0,  0,  6,  3],
       [ 0,  1,  2, 12]]), array([[ 6,  4,  1,  0],
       [ 1,  6,  0,  2],
       [ 0,  0,  9,  1],
       [ 0,  1,  3, 11]]), array([[ 8,  3,  0,  0],
       [ 2,  6,  0,  1],
       [ 0,  0,  8,  2],
       [ 0,  0,  2, 13]]), array([[ 9,  2,  0,  0],
       [ 2,  7,  0,  0],
       [ 0,  0,  7,  3],
       [ 0,  0,  2, 13]]), array([[ 7,  3,  0,  1],
       [ 2,  7,  0,  0],
       [ 1,  0,  7,  2],
       [ 0,  0,  4, 11]])]"
11,"[1.0, 1.0, 1.0, 1.0, 1.0, 1.0, 1.0, 1.0, 1.0, 1.0]","[1.0, 1.0, 1.0, 1.0, 1.0, 1.0, 1.0, 1.0, 1.0, 1.0]","[1.0, 1.0, 1.0, 1.0, 1.0, 1.0, 1.0, 1.0, 1.0, 1.0]","[1.0, 1.0, 1.0, 1.0, 1.0, 1.0, 1.0, 1.0, 1.0, 1.0]","[1.0, 1.0, 1.0, 1.0, 1.0, 1.0, 1.0, 1.0, 1.0, 1.0]","[1.0, 1.0, 1.0, 1.0, 1.0, 1.0, 1.0, 1.0, 1.0, 1.0]","[1.0, 1.0, 1.0, 1.0, 1.0, 1.0, 1.0, 1.0, 1.0, 1.0]","[1.0, 1.0, 1.0, 1.0, 1.0, 1.0, 1.0, 1.0, 1.0, 1.0]","[1.0, 1.0, 1.0, 1.0, 1.0, 1.0, 1.0, 1.0, 1.0, 1.0]","[1.0, 1.0, 1.0, 1.0, 1.0, 1.0, 1.0, 1.0, 1.0, 1.0]","[array([[100,   0,   0,   0],
       [  0, 133,   0,   0],
       [  0,   0,  89,   0],
       [  0,   0,   0, 134]]), array([[100,   0,   0,   0],
       [  0, 132,   0,   0],
       [  0,   0,  89,   0],
       [  0,   0,   0, 134]]), array([[101,   0,   0,   0],
       [  0, 135,   0,   0],
       [  0,   0,  89,   0],
       [  0,   0,   0, 134]]), array([[101,   0,   0,   0],
       [  0, 132,   0,   0],
       [  0,   0,  89,   0],
       [  0,   0,   0, 134]]), array([[101,   0,   0,   0],
       [  0, 130,   0,   0],
       [  0,   0,  89,   0],
       [  0,   0,   0, 135]]), array([[101,   0,   0,   0],
       [  0, 137,   0,   0],
       [  0,   0,  90,   0],
       [  0,   0,   0, 134]]), array([[101,   0,   0,   0],
       [  0, 134,   0,   0],
       [  0,   0,  89,   0],
       [  0,   0,   0, 134]]), array([[101,   0,   0,   0],
       [  0, 133,   0,   0],
       [  0,   0,  89,   0],
       [  0,   0,   0, 134]]), array([[101,   0,   0,   0],
       [  0, 133,   0,   0],
       [  0,   0,  89,   0],
       [  0,   0,   0, 134]]), array([[101,   0,   0,   0],
       [  0, 133,   0,   0],
       [  0,   0,  89,   0],
       [  0,   0,   0, 134]])]","[0.8043478260869565, 0.8260869565217391, 0.7391304347826086, 0.8043478260869565, 0.7555555555555555, 0.7333333333333333, 0.6888888888888889, 0.7555555555555555, 0.8444444444444444, 0.7777777777777778]","[0.8043478260869565, 0.8260869565217391, 0.7391304347826086, 0.8043478260869565, 0.7555555555555555, 0.7333333333333333, 0.6888888888888889, 0.7555555555555555, 0.8444444444444444, 0.7777777777777778]","[0.8043478260869565, 0.8260869565217391, 0.7391304347826086, 0.8043478260869565, 0.7555555555555555, 0.7333333333333333, 0.6888888888888889, 0.7555555555555555, 0.8444444444444444, 0.7777777777777778]","[0.8043478260869565, 0.8260869565217391, 0.7391304347826086, 0.8043478260869565, 0.7555555555555555, 0.7333333333333333, 0.6888888888888889, 0.7555555555555555, 0.8444444444444444, 0.7777777777777778]","[0.8131410256410256, 0.840625, 0.7674374236874237, 0.7940115440115441, 0.7532467532467533, 0.7475961538461539, 0.6910714285714286, 0.7522875816993464, 0.8470643939393939, 0.7786764705882353]","[0.8208333333333332, 0.8333333333333334, 0.7257575757575758, 0.8007575757575758, 0.7532467532467533, 0.7257575757575758, 0.6803030303030303, 0.7401515151515151, 0.8411616161616161, 0.7707070707070707]","[0.8136348777081043, 0.8239631336405531, 0.7315638549990415, 0.7930773249738767, 0.7523809523809524, 0.7281425451261188, 0.6752944188428059, 0.7444783834586466, 0.8433828951655777, 0.7707941729323308]","[0.8146042363433669, 0.8464673913043478, 0.7648610447523491, 0.8082847104586236, 0.7571717171717173, 0.7506410256410256, 0.7023809523809524, 0.7566303558460422, 0.8436728395061729, 0.777124183006536]","[0.8043478260869565, 0.8260869565217391, 0.7391304347826086, 0.8043478260869565, 0.7555555555555555, 0.7333333333333333, 0.6888888888888889, 0.7555555555555555, 0.8444444444444444, 0.7777777777777778]","[0.8061412768904562, 0.8238028451212182, 0.7377997879264946, 0.8023011221661897, 0.7555555555555555, 0.7339473177622712, 0.6859304773283268, 0.7541527429685323, 0.8433125825315978, 0.7736459203564466]","[array([[11,  1,  0,  0],
       [ 0,  9,  0,  0],
       [ 0,  0,  7,  3],
       [ 0,  0,  5, 10]]), array([[ 8,  3,  0,  1],
       [ 0,  9,  0,  0],
       [ 0,  0,  8,  2],
       [ 0,  0,  2, 13]]), array([[ 7,  4,  0,  0],
       [ 1,  8,  0,  1],
       [ 0,  0,  6,  4],
       [ 0,  1,  1, 13]]), array([[ 7,  3,  1,  0],
       [ 2,  7,  0,  1],
       [ 0,  0, 10,  0],
       [ 0,  1,  1, 13]]), array([[ 8,  3,  0,  0],
       [ 2,  8,  0,  0],
       [ 0,  0,  7,  3],
       [ 0,  0,  3, 11]]), array([[ 7,  4,  0,  0],
       [ 1,  8,  0,  1],
       [ 0,  0,  6,  3],
       [ 0,  1,  2, 12]]), array([[ 5,  5,  1,  0],
       [ 1,  6,  0,  2],
       [ 0,  0,  8,  2],
       [ 1,  1,  1, 12]]), array([[ 8,  3,  0,  0],
       [ 2,  6,  0,  1],
       [ 0,  0,  7,  3],
       [ 0,  0,  2, 13]]), array([[10,  1,  0,  0],
       [ 1,  8,  0,  0],
       [ 0,  0,  7,  3],
       [ 0,  0,  2, 13]]), array([[ 8,  2,  0,  1],
       [ 1,  8,  0,  0],
       [ 1,  0,  6,  3],
       [ 0,  0,  2, 13]])]"
12,"[1.0, 1.0, 1.0, 1.0, 1.0, 1.0, 1.0, 1.0, 1.0, 1.0]","[1.0, 1.0, 1.0, 1.0, 1.0, 1.0, 1.0, 1.0, 1.0, 1.0]","[1.0, 1.0, 1.0, 1.0, 1.0, 1.0, 1.0, 1.0, 1.0, 1.0]","[1.0, 1.0, 1.0, 1.0, 1.0, 1.0, 1.0, 1.0, 1.0, 1.0]","[1.0, 1.0, 1.0, 1.0, 1.0, 1.0, 1.0, 1.0, 1.0, 1.0]","[1.0, 1.0, 1.0, 1.0, 1.0, 1.0, 1.0, 1.0, 1.0, 1.0]","[1.0, 1.0, 1.0, 1.0, 1.0, 1.0, 1.0, 1.0, 1.0, 1.0]","[1.0, 1.0, 1.0, 1.0, 1.0, 1.0, 1.0, 1.0, 1.0, 1.0]","[1.0, 1.0, 1.0, 1.0, 1.0, 1.0, 1.0, 1.0, 1.0, 1.0]","[1.0, 1.0, 1.0, 1.0, 1.0, 1.0, 1.0, 1.0, 1.0, 1.0]","[array([[100,   0,   0,   0],
       [  0, 133,   0,   0],
       [  0,   0,  89,   0],
       [  0,   0,   0, 134]]), array([[100,   0,   0,   0],
       [  0, 132,   0,   0],
       [  0,   0,  89,   0],
       [  0,   0,   0, 134]]), array([[101,   0,   0,   0],
       [  0, 135,   0,   0],
       [  0,   0,  89,   0],
       [  0,   0,   0, 134]]), array([[101,   0,   0,   0],
       [  0, 132,   0,   0],
       [  0,   0,  89,   0],
       [  0,   0,   0, 134]]), array([[101,   0,   0,   0],
       [  0, 130,   0,   0],
       [  0,   0,  89,   0],
       [  0,   0,   0, 135]]), array([[101,   0,   0,   0],
       [  0, 137,   0,   0],
       [  0,   0,  90,   0],
       [  0,   0,   0, 134]]), array([[101,   0,   0,   0],
       [  0, 134,   0,   0],
       [  0,   0,  89,   0],
       [  0,   0,   0, 134]]), array([[101,   0,   0,   0],
       [  0, 133,   0,   0],
       [  0,   0,  89,   0],
       [  0,   0,   0, 134]]), array([[101,   0,   0,   0],
       [  0, 133,   0,   0],
       [  0,   0,  89,   0],
       [  0,   0,   0, 134]]), array([[101,   0,   0,   0],
       [  0, 133,   0,   0],
       [  0,   0,  89,   0],
       [  0,   0,   0, 134]])]","[0.782608695652174, 0.8260869565217391, 0.717391304347826, 0.8043478260869565, 0.7555555555555555, 0.7777777777777778, 0.7333333333333333, 0.7333333333333333, 0.8222222222222222, 0.8]","[0.782608695652174, 0.8260869565217391, 0.717391304347826, 0.8043478260869565, 0.7555555555555555, 0.7777777777777778, 0.7333333333333333, 0.7333333333333333, 0.8222222222222222, 0.8]","[0.782608695652174, 0.8260869565217391, 0.717391304347826, 0.8043478260869565, 0.7555555555555555, 0.7777777777777778, 0.7333333333333333, 0.7333333333333333, 0.8222222222222222, 0.8]","[0.782608695652174, 0.8260869565217391, 0.717391304347826, 0.8043478260869565, 0.7555555555555555, 0.7777777777777778, 0.7333333333333333, 0.7333333333333333, 0.8222222222222222, 0.8]","[0.7966269841269842, 0.8302083333333334, 0.7514652014652015, 0.7962121212121213, 0.7532467532467533, 0.7827991452991452, 0.7381493506493506, 0.7347222222222223, 0.8246527777777778, 0.7950937950937952]","[0.7930555555555555, 0.8194444444444445, 0.6946969696969697, 0.7984848484848485, 0.7532467532467533, 0.7734848484848484, 0.728030303030303, 0.7151515151515152, 0.8133838383838384, 0.7989898989898989]","[0.7928573591991883, 0.8238931056293486, 0.6968297101449274, 0.7964285714285714, 0.7523809523809524, 0.7721227621483377, 0.7212121212121212, 0.7207792207792207, 0.8171616029596308, 0.7963626411902274]","[0.7945134575569359, 0.8274456521739131, 0.7481684981684983, 0.8039525691699605, 0.7571717171717173, 0.7877967711301044, 0.7519480519480519, 0.7362962962962963, 0.8223765432098765, 0.8028860028860029]","[0.782608695652174, 0.8260869565217391, 0.717391304347826, 0.8043478260869565, 0.7555555555555555, 0.7777777777777778, 0.7333333333333333, 0.7333333333333333, 0.8222222222222222, 0.8]","[0.7866679308567062, 0.8259219536341886, 0.7073881537492123, 0.8033126293995858, 0.7555555555555555, 0.7773117362887183, 0.7314478114478115, 0.7303511303511303, 0.8205788513579689, 0.8007297938332422]","[array([[11,  1,  0,  0],
       [ 0,  8,  0,  1],
       [ 0,  0,  7,  3],
       [ 0,  0,  5, 10]]), array([[10,  1,  0,  1],
       [ 2,  7,  0,  0],
       [ 0,  0,  8,  2],
       [ 0,  0,  2, 13]]), array([[ 6,  5,  0,  0],
       [ 1,  8,  0,  1],
       [ 0,  0,  5,  5],
       [ 0,  0,  1, 14]]), array([[ 8,  2,  1,  0],
       [ 2,  7,  0,  1],
       [ 0,  0,  9,  1],
       [ 0,  1,  1, 13]]), array([[ 8,  3,  0,  0],
       [ 2,  8,  0,  0],
       [ 0,  0,  7,  3],
       [ 0,  0,  3, 11]]), array([[ 8,  3,  0,  0],
       [ 1,  9,  0,  0],
       [ 0,  0,  6,  3],
       [ 0,  1,  2, 12]]), array([[ 6,  4,  1,  0],
       [ 1,  6,  0,  2],
       [ 0,  0,  9,  1],
       [ 0,  1,  2, 12]]), array([[ 8,  3,  0,  0],
       [ 2,  6,  0,  1],
       [ 0,  0,  6,  4],
       [ 0,  0,  2, 13]]), array([[10,  1,  0,  0],
       [ 2,  7,  0,  0],
       [ 0,  0,  7,  3],
       [ 0,  0,  2, 13]]), array([[ 9,  2,  0,  0],
       [ 2,  7,  0,  0],
       [ 0,  0,  8,  2],
       [ 0,  0,  3, 12]])]"
13,"[1.0, 1.0, 1.0, 1.0, 1.0, 1.0, 1.0, 1.0, 1.0, 1.0]","[1.0, 1.0, 1.0, 1.0, 1.0, 1.0, 1.0, 1.0, 1.0, 1.0]","[1.0, 1.0, 1.0, 1.0, 1.0, 1.0, 1.0, 1.0, 1.0, 1.0]","[1.0, 1.0, 1.0, 1.0, 1.0, 1.0, 1.0, 1.0, 1.0, 1.0]","[1.0, 1.0, 1.0, 1.0, 1.0, 1.0, 1.0, 1.0, 1.0, 1.0]","[1.0, 1.0, 1.0, 1.0, 1.0, 1.0, 1.0, 1.0, 1.0, 1.0]","[1.0, 1.0, 1.0, 1.0, 1.0, 1.0, 1.0, 1.0, 1.0, 1.0]","[1.0, 1.0, 1.0, 1.0, 1.0, 1.0, 1.0, 1.0, 1.0, 1.0]","[1.0, 1.0, 1.0, 1.0, 1.0, 1.0, 1.0, 1.0, 1.0, 1.0]","[1.0, 1.0, 1.0, 1.0, 1.0, 1.0, 1.0, 1.0, 1.0, 1.0]","[array([[100,   0,   0,   0],
       [  0, 133,   0,   0],
       [  0,   0,  89,   0],
       [  0,   0,   0, 134]]), array([[100,   0,   0,   0],
       [  0, 132,   0,   0],
       [  0,   0,  89,   0],
       [  0,   0,   0, 134]]), array([[101,   0,   0,   0],
       [  0, 135,   0,   0],
       [  0,   0,  89,   0],
       [  0,   0,   0, 134]]), array([[101,   0,   0,   0],
       [  0, 132,   0,   0],
       [  0,   0,  89,   0],
       [  0,   0,   0, 134]]), array([[101,   0,   0,   0],
       [  0, 130,   0,   0],
       [  0,   0,  89,   0],
       [  0,   0,   0, 135]]), array([[101,   0,   0,   0],
       [  0, 137,   0,   0],
       [  0,   0,  90,   0],
       [  0,   0,   0, 134]]), array([[101,   0,   0,   0],
       [  0, 134,   0,   0],
       [  0,   0,  89,   0],
       [  0,   0,   0, 134]]), array([[101,   0,   0,   0],
       [  0, 133,   0,   0],
       [  0,   0,  89,   0],
       [  0,   0,   0, 134]]), array([[101,   0,   0,   0],
       [  0, 133,   0,   0],
       [  0,   0,  89,   0],
       [  0,   0,   0, 134]]), array([[101,   0,   0,   0],
       [  0, 133,   0,   0],
       [  0,   0,  89,   0],
       [  0,   0,   0, 134]])]","[0.7608695652173914, 0.782608695652174, 0.8043478260869565, 0.8043478260869565, 0.7555555555555555, 0.8222222222222222, 0.6666666666666666, 0.7555555555555555, 0.8222222222222222, 0.8222222222222222]","[0.7608695652173914, 0.782608695652174, 0.8043478260869565, 0.8043478260869565, 0.7555555555555555, 0.8222222222222222, 0.6666666666666666, 0.7555555555555555, 0.8222222222222222, 0.8222222222222222]","[0.7608695652173914, 0.782608695652174, 0.8043478260869565, 0.8043478260869565, 0.7555555555555555, 0.8222222222222222, 0.6666666666666666, 0.7555555555555555, 0.8222222222222222, 0.8222222222222222]","[0.7608695652173914, 0.782608695652174, 0.8043478260869565, 0.8043478260869565, 0.7555555555555555, 0.8222222222222222, 0.6666666666666666, 0.7555555555555555, 0.8222222222222222, 0.8222222222222222]","[0.7744047619047619, 0.7896613190730838, 0.8412990196078431, 0.7962121212121213, 0.7532467532467533, 0.8459821428571429, 0.6888694638694639, 0.7522875816993464, 0.8246527777777778, 0.836489898989899]","[0.7722222222222223, 0.7805555555555556, 0.7946969696969697, 0.7984848484848485, 0.7532467532467533, 0.8151515151515152, 0.6636363636363636, 0.7401515151515151, 0.8133838383838384, 0.8073232323232324]","[0.7693037452565583, 0.7778117167919799, 0.7896650326797385, 0.7964285714285714, 0.7523809523809524, 0.8160370684776458, 0.657231983702572, 0.7444783834586466, 0.8171616029596308, 0.8169934640522876]","[0.7771221532091097, 0.792619287504198, 0.8428175618073316, 0.8039525691699605, 0.7571717171717173, 0.8454365079365078, 0.7020720020720022, 0.7566303558460422, 0.8223765432098765, 0.8287037037037036]","[0.7608695652173914, 0.782608695652174, 0.8043478260869565, 0.8043478260869565, 0.7555555555555555, 0.8222222222222222, 0.6666666666666666, 0.7555555555555555, 0.8222222222222222, 0.8222222222222222]","[0.7651413527685919, 0.780408221641059, 0.7971192100028418, 0.8033126293995858, 0.7555555555555555, 0.8206030308746778, 0.6666383725207254, 0.7541527429685323, 0.8205788513579689, 0.8203736713540636]","[array([[10,  2,  0,  0],
       [ 0,  8,  0,  1],
       [ 0,  0,  7,  3],
       [ 0,  0,  5, 10]]), array([[ 8,  3,  0,  1],
       [ 1,  8,  0,  0],
       [ 0,  0,  7,  3],
       [ 0,  0,  2, 13]]), array([[ 6,  5,  0,  0],
       [ 0, 10,  0,  0],
       [ 0,  0,  7,  3],
       [ 0,  0,  1, 14]]), array([[ 8,  2,  1,  0],
       [ 2,  7,  0,  1],
       [ 0,  0,  9,  1],
       [ 0,  1,  1, 13]]), array([[ 8,  3,  0,  0],
       [ 2,  8,  0,  0],
       [ 0,  0,  7,  3],
       [ 0,  0,  3, 11]]), array([[ 8,  3,  0,  0],
       [ 0, 10,  0,  0],
       [ 0,  0,  6,  3],
       [ 0,  1,  1, 13]]), array([[ 5,  5,  1,  0],
       [ 1,  6,  0,  2],
       [ 0,  0,  8,  2],
       [ 0,  2,  2, 11]]), array([[ 8,  3,  0,  0],
       [ 2,  6,  0,  1],
       [ 0,  0,  7,  3],
       [ 0,  0,  2, 13]]), array([[10,  1,  0,  0],
       [ 2,  7,  0,  0],
       [ 0,  0,  7,  3],
       [ 0,  0,  2, 13]]), array([[ 9,  1,  0,  1],
       [ 2,  7,  0,  0],
       [ 0,  0,  7,  3],
       [ 0,  0,  1, 14]])]"
14,"[1.0, 1.0, 1.0, 1.0, 1.0, 1.0, 1.0, 1.0, 1.0, 1.0]","[1.0, 1.0, 1.0, 1.0, 1.0, 1.0, 1.0, 1.0, 1.0, 1.0]","[1.0, 1.0, 1.0, 1.0, 1.0, 1.0, 1.0, 1.0, 1.0, 1.0]","[1.0, 1.0, 1.0, 1.0, 1.0, 1.0, 1.0, 1.0, 1.0, 1.0]","[1.0, 1.0, 1.0, 1.0, 1.0, 1.0, 1.0, 1.0, 1.0, 1.0]","[1.0, 1.0, 1.0, 1.0, 1.0, 1.0, 1.0, 1.0, 1.0, 1.0]","[1.0, 1.0, 1.0, 1.0, 1.0, 1.0, 1.0, 1.0, 1.0, 1.0]","[1.0, 1.0, 1.0, 1.0, 1.0, 1.0, 1.0, 1.0, 1.0, 1.0]","[1.0, 1.0, 1.0, 1.0, 1.0, 1.0, 1.0, 1.0, 1.0, 1.0]","[1.0, 1.0, 1.0, 1.0, 1.0, 1.0, 1.0, 1.0, 1.0, 1.0]","[array([[100,   0,   0,   0],
       [  0, 133,   0,   0],
       [  0,   0,  89,   0],
       [  0,   0,   0, 134]]), array([[100,   0,   0,   0],
       [  0, 132,   0,   0],
       [  0,   0,  89,   0],
       [  0,   0,   0, 134]]), array([[101,   0,   0,   0],
       [  0, 135,   0,   0],
       [  0,   0,  89,   0],
       [  0,   0,   0, 134]]), array([[101,   0,   0,   0],
       [  0, 132,   0,   0],
       [  0,   0,  89,   0],
       [  0,   0,   0, 134]]), array([[101,   0,   0,   0],
       [  0, 130,   0,   0],
       [  0,   0,  89,   0],
       [  0,   0,   0, 135]]), array([[101,   0,   0,   0],
       [  0, 137,   0,   0],
       [  0,   0,  90,   0],
       [  0,   0,   0, 134]]), array([[101,   0,   0,   0],
       [  0, 134,   0,   0],
       [  0,   0,  89,   0],
       [  0,   0,   0, 134]]), array([[101,   0,   0,   0],
       [  0, 133,   0,   0],
       [  0,   0,  89,   0],
       [  0,   0,   0, 134]]), array([[101,   0,   0,   0],
       [  0, 133,   0,   0],
       [  0,   0,  89,   0],
       [  0,   0,   0, 134]]), array([[101,   0,   0,   0],
       [  0, 133,   0,   0],
       [  0,   0,  89,   0],
       [  0,   0,   0, 134]])]","[0.782608695652174, 0.8043478260869565, 0.7608695652173914, 0.782608695652174, 0.7555555555555555, 0.8222222222222222, 0.7333333333333333, 0.7333333333333333, 0.8222222222222222, 0.8]","[0.782608695652174, 0.8043478260869565, 0.7608695652173914, 0.782608695652174, 0.7555555555555555, 0.8222222222222222, 0.7333333333333333, 0.7333333333333333, 0.8222222222222222, 0.8]","[0.782608695652174, 0.8043478260869565, 0.7608695652173914, 0.782608695652174, 0.7555555555555555, 0.8222222222222222, 0.7333333333333333, 0.7333333333333333, 0.8222222222222222, 0.8]","[0.782608695652174, 0.8043478260869565, 0.7608695652173914, 0.782608695652174, 0.7555555555555555, 0.8222222222222222, 0.7333333333333333, 0.7333333333333333, 0.8222222222222222, 0.8]","[0.7966269841269842, 0.8106209150326797, 0.7861607142857143, 0.7747474747474747, 0.7626068376068376, 0.8459821428571429, 0.7381493506493506, 0.7300653594771241, 0.8246527777777778, 0.7975694444444446]","[0.7930555555555555, 0.8013888888888888, 0.753030303030303, 0.7757575757575758, 0.7603896103896104, 0.8151515151515152, 0.728030303030303, 0.7174242424242424, 0.8133838383838384, 0.7929292929292929]","[0.7928573591991883, 0.8024072966507177, 0.7507885304659498, 0.7726190476190476, 0.7558373590982286, 0.8160370684776458, 0.7212121212121212, 0.7202302631578947, 0.8171616029596308, 0.7945980542754736]","[0.7945134575569359, 0.8097470872406933, 0.7905667701863355, 0.7848045674132631, 0.7660018993352326, 0.8454365079365078, 0.7519480519480519, 0.7378649237472766, 0.8223765432098765, 0.7997222222222221]","[0.782608695652174, 0.8043478260869565, 0.7608695652173914, 0.782608695652174, 0.7555555555555555, 0.8222222222222222, 0.7333333333333333, 0.7333333333333333, 0.8222222222222222, 0.8]","[0.7866679308567062, 0.8033271791137924, 0.7585164407043791, 0.7812629399585921, 0.7554768294864914, 0.8206030308746778, 0.7314478114478115, 0.7320029239766082, 0.8205788513579689, 0.7991466120498377]","[array([[11,  1,  0,  0],
       [ 0,  8,  0,  1],
       [ 0,  0,  7,  3],
       [ 0,  0,  5, 10]]), array([[ 9,  2,  0,  1],
       [ 1,  8,  0,  0],
       [ 0,  0,  7,  3],
       [ 0,  0,  2, 13]]), array([[ 6,  5,  0,  0],
       [ 1,  9,  0,  0],
       [ 0,  0,  7,  3],
       [ 0,  1,  1, 13]]), array([[ 7,  3,  1,  0],
       [ 2,  7,  0,  1],
       [ 0,  0,  9,  1],
       [ 0,  1,  1, 13]]), array([[ 8,  3,  0,  0],
       [ 1,  9,  0,  0],
       [ 0,  0,  7,  3],
       [ 0,  1,  3, 10]]), array([[ 8,  3,  0,  0],
       [ 0, 10,  0,  0],
       [ 0,  0,  6,  3],
       [ 0,  1,  1, 13]]), array([[ 6,  4,  1,  0],
       [ 1,  6,  0,  2],
       [ 0,  0,  9,  1],
       [ 0,  1,  2, 12]]), array([[ 7,  4,  0,  0],
       [ 2,  6,  0,  1],
       [ 0,  0,  7,  3],
       [ 0,  0,  2, 13]]), array([[10,  1,  0,  0],
       [ 2,  7,  0,  0],
       [ 0,  0,  7,  3],
       [ 0,  0,  2, 13]]), array([[ 8,  2,  0,  1],
       [ 2,  7,  0,  0],
       [ 0,  0,  8,  2],
       [ 0,  0,  2, 13]])]"
15,"[1.0, 1.0, 1.0, 1.0, 1.0, 1.0, 1.0, 1.0, 1.0, 1.0]","[1.0, 1.0, 1.0, 1.0, 1.0, 1.0, 1.0, 1.0, 1.0, 1.0]","[1.0, 1.0, 1.0, 1.0, 1.0, 1.0, 1.0, 1.0, 1.0, 1.0]","[1.0, 1.0, 1.0, 1.0, 1.0, 1.0, 1.0, 1.0, 1.0, 1.0]","[1.0, 1.0, 1.0, 1.0, 1.0, 1.0, 1.0, 1.0, 1.0, 1.0]","[1.0, 1.0, 1.0, 1.0, 1.0, 1.0, 1.0, 1.0, 1.0, 1.0]","[1.0, 1.0, 1.0, 1.0, 1.0, 1.0, 1.0, 1.0, 1.0, 1.0]","[1.0, 1.0, 1.0, 1.0, 1.0, 1.0, 1.0, 1.0, 1.0, 1.0]","[1.0, 1.0, 1.0, 1.0, 1.0, 1.0, 1.0, 1.0, 1.0, 1.0]","[1.0, 1.0, 1.0, 1.0, 1.0, 1.0, 1.0, 1.0, 1.0, 1.0]","[array([[100,   0,   0,   0],
       [  0, 133,   0,   0],
       [  0,   0,  89,   0],
       [  0,   0,   0, 134]]), array([[100,   0,   0,   0],
       [  0, 132,   0,   0],
       [  0,   0,  89,   0],
       [  0,   0,   0, 134]]), array([[101,   0,   0,   0],
       [  0, 135,   0,   0],
       [  0,   0,  89,   0],
       [  0,   0,   0, 134]]), array([[101,   0,   0,   0],
       [  0, 132,   0,   0],
       [  0,   0,  89,   0],
       [  0,   0,   0, 134]]), array([[101,   0,   0,   0],
       [  0, 130,   0,   0],
       [  0,   0,  89,   0],
       [  0,   0,   0, 135]]), array([[101,   0,   0,   0],
       [  0, 137,   0,   0],
       [  0,   0,  90,   0],
       [  0,   0,   0, 134]]), array([[101,   0,   0,   0],
       [  0, 134,   0,   0],
       [  0,   0,  89,   0],
       [  0,   0,   0, 134]]), array([[101,   0,   0,   0],
       [  0, 133,   0,   0],
       [  0,   0,  89,   0],
       [  0,   0,   0, 134]]), array([[101,   0,   0,   0],
       [  0, 133,   0,   0],
       [  0,   0,  89,   0],
       [  0,   0,   0, 134]]), array([[101,   0,   0,   0],
       [  0, 133,   0,   0],
       [  0,   0,  89,   0],
       [  0,   0,   0, 134]])]","[0.7608695652173914, 0.782608695652174, 0.8043478260869565, 0.7608695652173914, 0.7777777777777778, 0.8666666666666667, 0.6666666666666666, 0.8222222222222222, 0.8, 0.8222222222222222]","[0.7608695652173914, 0.782608695652174, 0.8043478260869565, 0.7608695652173914, 0.7777777777777778, 0.8666666666666667, 0.6666666666666666, 0.8222222222222222, 0.8, 0.8222222222222222]","[0.7608695652173914, 0.782608695652174, 0.8043478260869565, 0.7608695652173914, 0.7777777777777778, 0.8666666666666667, 0.6666666666666666, 0.8222222222222222, 0.8, 0.8222222222222222]","[0.7608695652173914, 0.782608695652174, 0.8043478260869565, 0.7608695652173914, 0.7777777777777778, 0.8666666666666667, 0.6666666666666666, 0.8222222222222222, 0.8, 0.8222222222222222]","[0.7744047619047619, 0.8025366446419078, 0.8412990196078431, 0.7637820512820512, 0.7811507936507935, 0.877724358974359, 0.6861607142857142, 0.8225694444444445, 0.8016098484848485, 0.8184343434343434]","[0.7722222222222223, 0.7722222222222221, 0.7946969696969697, 0.753030303030303, 0.7782467532467532, 0.8656565656565657, 0.6613636363636363, 0.8156565656565656, 0.7957070707070707, 0.817929292929293]","[0.7693037452565583, 0.772829131652661, 0.7896650326797385, 0.7517353165522502, 0.775974025974026, 0.8649403239556692, 0.6619431643625192, 0.8184075780849975, 0.7938879456706283, 0.8151629072681704]","[0.7771221532091097, 0.8007865513586337, 0.8428175618073316, 0.774665551839465, 0.7839506172839507, 0.8792735042735043, 0.6942460317460318, 0.8241666666666666, 0.8064113355780023, 0.8279910213243545]","[0.7608695652173914, 0.782608695652174, 0.8043478260869565, 0.7608695652173914, 0.7777777777777778, 0.8666666666666667, 0.6666666666666666, 0.8222222222222222, 0.8, 0.8222222222222222]","[0.7651413527685919, 0.7772743880160758, 0.7971192100028418, 0.7616157596259079, 0.7773737373737374, 0.8668314862176756, 0.6693633725891791, 0.8224270353302612, 0.7988681380871534, 0.8222890559732665]","[array([[10,  2,  0,  0],
       [ 0,  8,  0,  1],
       [ 0,  0,  7,  3],
       [ 0,  0,  5, 10]]), array([[ 8,  3,  0,  1],
       [ 1,  8,  0,  0],
       [ 0,  0,  6,  4],
       [ 0,  0,  1, 14]]), array([[ 6,  5,  0,  0],
       [ 0, 10,  0,  0],
       [ 0,  0,  7,  3],
       [ 0,  0,  1, 14]]), array([[ 6,  4,  1,  0],
       [ 2,  7,  0,  1],
       [ 0,  0,  9,  1],
       [ 0,  2,  0, 13]]), array([[ 8,  3,  0,  0],
       [ 1,  9,  0,  0],
       [ 0,  0,  7,  3],
       [ 0,  0,  3, 11]]), array([[ 9,  2,  0,  0],
       [ 0, 10,  0,  0],
       [ 0,  0,  7,  2],
       [ 0,  1,  1, 13]]), array([[ 6,  4,  1,  0],
       [ 1,  6,  0,  2],
       [ 0,  0,  7,  3],
       [ 0,  2,  2, 11]]), array([[ 9,  2,  0,  0],
       [ 1,  7,  0,  1],
       [ 0,  0,  8,  2],
       [ 0,  0,  2, 13]]), array([[ 8,  3,  0,  0],
       [ 1,  8,  0,  0],
       [ 0,  0,  7,  3],
       [ 0,  0,  2, 13]]), array([[ 8,  3,  0,  0],
       [ 1,  7,  0,  1],
       [ 0,  0,  9,  1],
       [ 0,  0,  2, 13]])]"
16,"[1.0, 1.0, 1.0, 1.0, 1.0, 1.0, 1.0, 1.0, 1.0, 1.0]","[1.0, 1.0, 1.0, 1.0, 1.0, 1.0, 1.0, 1.0, 1.0, 1.0]","[1.0, 1.0, 1.0, 1.0, 1.0, 1.0, 1.0, 1.0, 1.0, 1.0]","[1.0, 1.0, 1.0, 1.0, 1.0, 1.0, 1.0, 1.0, 1.0, 1.0]","[1.0, 1.0, 1.0, 1.0, 1.0, 1.0, 1.0, 1.0, 1.0, 1.0]","[1.0, 1.0, 1.0, 1.0, 1.0, 1.0, 1.0, 1.0, 1.0, 1.0]","[1.0, 1.0, 1.0, 1.0, 1.0, 1.0, 1.0, 1.0, 1.0, 1.0]","[1.0, 1.0, 1.0, 1.0, 1.0, 1.0, 1.0, 1.0, 1.0, 1.0]","[1.0, 1.0, 1.0, 1.0, 1.0, 1.0, 1.0, 1.0, 1.0, 1.0]","[1.0, 1.0, 1.0, 1.0, 1.0, 1.0, 1.0, 1.0, 1.0, 1.0]","[array([[100,   0,   0,   0],
       [  0, 133,   0,   0],
       [  0,   0,  89,   0],
       [  0,   0,   0, 134]]), array([[100,   0,   0,   0],
       [  0, 132,   0,   0],
       [  0,   0,  89,   0],
       [  0,   0,   0, 134]]), array([[101,   0,   0,   0],
       [  0, 135,   0,   0],
       [  0,   0,  89,   0],
       [  0,   0,   0, 134]]), array([[101,   0,   0,   0],
       [  0, 132,   0,   0],
       [  0,   0,  89,   0],
       [  0,   0,   0, 134]]), array([[101,   0,   0,   0],
       [  0, 130,   0,   0],
       [  0,   0,  89,   0],
       [  0,   0,   0, 135]]), array([[101,   0,   0,   0],
       [  0, 137,   0,   0],
       [  0,   0,  90,   0],
       [  0,   0,   0, 134]]), array([[101,   0,   0,   0],
       [  0, 134,   0,   0],
       [  0,   0,  89,   0],
       [  0,   0,   0, 134]]), array([[101,   0,   0,   0],
       [  0, 133,   0,   0],
       [  0,   0,  89,   0],
       [  0,   0,   0, 134]]), array([[101,   0,   0,   0],
       [  0, 133,   0,   0],
       [  0,   0,  89,   0],
       [  0,   0,   0, 134]]), array([[101,   0,   0,   0],
       [  0, 133,   0,   0],
       [  0,   0,  89,   0],
       [  0,   0,   0, 134]])]","[0.7608695652173914, 0.782608695652174, 0.782608695652174, 0.8043478260869565, 0.7555555555555555, 0.8222222222222222, 0.7333333333333333, 0.8222222222222222, 0.8, 0.8444444444444444]","[0.7608695652173914, 0.782608695652174, 0.782608695652174, 0.8043478260869565, 0.7555555555555555, 0.8222222222222222, 0.7333333333333333, 0.8222222222222222, 0.8, 0.8444444444444444]","[0.7608695652173914, 0.782608695652174, 0.782608695652174, 0.8043478260869565, 0.7555555555555555, 0.8222222222222222, 0.7333333333333333, 0.8222222222222222, 0.8, 0.8444444444444444]","[0.7608695652173914, 0.782608695652174, 0.782608695652174, 0.8043478260869565, 0.7555555555555555, 0.8222222222222222, 0.7333333333333333, 0.8222222222222222, 0.8, 0.8444444444444444]","[0.7744047619047619, 0.7930555555555556, 0.8221288515406162, 0.7962121212121213, 0.7626068376068376, 0.8459821428571429, 0.7372803666921314, 0.8201500297088533, 0.7965593434343434, 0.8407287157287158]","[0.7722222222222223, 0.7763888888888889, 0.7757575757575758, 0.7984848484848485, 0.7603896103896104, 0.8151515151515152, 0.7196969696969696, 0.8045454545454547, 0.7906565656565657, 0.8457070707070707]","[0.7693037452565583, 0.7787081339712918, 0.7740400326797386, 0.7964285714285714, 0.7558373590982286, 0.8160370684776458, 0.7181625939849624, 0.8102923585702224, 0.7928778446605272, 0.8384236453201971]","[0.7771221532091097, 0.7898550724637682, 0.8197539885519424, 0.8039525691699605, 0.7660018993352326, 0.8454365079365078, 0.7460419319242848, 0.8220406681190996, 0.7992283950617284, 0.8540804874138208]","[0.7608695652173914, 0.782608695652174, 0.782608695652174, 0.8043478260869565, 0.7555555555555555, 0.8222222222222222, 0.7333333333333333, 0.8222222222222222, 0.8, 0.8444444444444444]","[0.7651413527685919, 0.7800429928576382, 0.7783017192384201, 0.8033126293995858, 0.7554768294864914, 0.8206030308746778, 0.7294242550821498, 0.8199776401788786, 0.7988681380871534, 0.8448823207443897]","[array([[10,  2,  0,  0],
       [ 0,  8,  0,  1],
       [ 0,  0,  7,  3],
       [ 0,  0,  5, 10]]), array([[ 9,  2,  0,  1],
       [ 1,  8,  0,  0],
       [ 0,  0,  6,  4],
       [ 0,  0,  2, 13]]), array([[ 7,  4,  0,  0],
       [ 0, 10,  0,  0],
       [ 0,  0,  6,  4],
       [ 0,  1,  1, 13]]), array([[ 8,  2,  1,  0],
       [ 2,  7,  0,  1],
       [ 0,  0,  9,  1],
       [ 0,  1,  1, 13]]), array([[ 8,  3,  0,  0],
       [ 1,  9,  0,  0],
       [ 0,  0,  7,  3],
       [ 0,  1,  3, 10]]), array([[ 8,  3,  0,  0],
       [ 0, 10,  0,  0],
       [ 0,  0,  6,  3],
       [ 0,  1,  1, 13]]), array([[ 6,  4,  1,  0],
       [ 1,  6,  0,  2],
       [ 0,  0,  8,  2],
       [ 0,  0,  2, 13]]), array([[ 9,  2,  0,  0],
       [ 2,  6,  0,  1],
       [ 0,  0,  8,  2],
       [ 0,  0,  1, 14]]), array([[ 9,  2,  0,  0],
       [ 2,  7,  0,  0],
       [ 0,  0,  7,  3],
       [ 0,  0,  2, 13]]), array([[ 8,  3,  0,  0],
       [ 1,  8,  0,  0],
       [ 0,  0,  9,  1],
       [ 0,  0,  2, 13]])]"
17,"[1.0, 1.0, 1.0, 1.0, 1.0, 1.0, 1.0, 1.0, 1.0, 1.0]","[1.0, 1.0, 1.0, 1.0, 1.0, 1.0, 1.0, 1.0, 1.0, 1.0]","[1.0, 1.0, 1.0, 1.0, 1.0, 1.0, 1.0, 1.0, 1.0, 1.0]","[1.0, 1.0, 1.0, 1.0, 1.0, 1.0, 1.0, 1.0, 1.0, 1.0]","[1.0, 1.0, 1.0, 1.0, 1.0, 1.0, 1.0, 1.0, 1.0, 1.0]","[1.0, 1.0, 1.0, 1.0, 1.0, 1.0, 1.0, 1.0, 1.0, 1.0]","[1.0, 1.0, 1.0, 1.0, 1.0, 1.0, 1.0, 1.0, 1.0, 1.0]","[1.0, 1.0, 1.0, 1.0, 1.0, 1.0, 1.0, 1.0, 1.0, 1.0]","[1.0, 1.0, 1.0, 1.0, 1.0, 1.0, 1.0, 1.0, 1.0, 1.0]","[1.0, 1.0, 1.0, 1.0, 1.0, 1.0, 1.0, 1.0, 1.0, 1.0]","[array([[100,   0,   0,   0],
       [  0, 133,   0,   0],
       [  0,   0,  89,   0],
       [  0,   0,   0, 134]]), array([[100,   0,   0,   0],
       [  0, 132,   0,   0],
       [  0,   0,  89,   0],
       [  0,   0,   0, 134]]), array([[101,   0,   0,   0],
       [  0, 135,   0,   0],
       [  0,   0,  89,   0],
       [  0,   0,   0, 134]]), array([[101,   0,   0,   0],
       [  0, 132,   0,   0],
       [  0,   0,  89,   0],
       [  0,   0,   0, 134]]), array([[101,   0,   0,   0],
       [  0, 130,   0,   0],
       [  0,   0,  89,   0],
       [  0,   0,   0, 135]]), array([[101,   0,   0,   0],
       [  0, 137,   0,   0],
       [  0,   0,  90,   0],
       [  0,   0,   0, 134]]), array([[101,   0,   0,   0],
       [  0, 134,   0,   0],
       [  0,   0,  89,   0],
       [  0,   0,   0, 134]]), array([[101,   0,   0,   0],
       [  0, 133,   0,   0],
       [  0,   0,  89,   0],
       [  0,   0,   0, 134]]), array([[101,   0,   0,   0],
       [  0, 133,   0,   0],
       [  0,   0,  89,   0],
       [  0,   0,   0, 134]]), array([[101,   0,   0,   0],
       [  0, 133,   0,   0],
       [  0,   0,  89,   0],
       [  0,   0,   0, 134]])]","[0.7608695652173914, 0.8260869565217391, 0.7608695652173914, 0.7608695652173914, 0.7777777777777778, 0.8, 0.7333333333333333, 0.8, 0.8, 0.8666666666666667]","[0.7608695652173914, 0.8260869565217391, 0.7608695652173914, 0.7608695652173914, 0.7777777777777778, 0.8, 0.7333333333333333, 0.8, 0.8, 0.8666666666666667]","[0.7608695652173914, 0.8260869565217391, 0.7608695652173914, 0.7608695652173914, 0.7777777777777778, 0.8, 0.7333333333333333, 0.8, 0.8, 0.8666666666666667]","[0.7608695652173914, 0.8260869565217391, 0.7608695652173914, 0.7608695652173914, 0.7777777777777778, 0.8, 0.7333333333333333, 0.8, 0.8, 0.8666666666666667]","[0.7803571428571429, 0.8506944444444444, 0.7864145658263305, 0.761437908496732, 0.7811507936507935, 0.8325892857142857, 0.7418258212375859, 0.805239898989899, 0.7965593434343434, 0.8684343434343434]","[0.7805555555555556, 0.825, 0.753030303030303, 0.7446969696969696, 0.7782467532467532, 0.7952020202020202, 0.7196969696969696, 0.7795454545454545, 0.7906565656565657, 0.8684343434343434]","[0.7711323763955342, 0.8208513708513708, 0.7462622549019609, 0.746261961722488, 0.775974025974026, 0.7975042167404596, 0.7197916666666666, 0.7875816993464053, 0.7928778446605272, 0.8674603174603175]","[0.7861801242236024, 0.8514492753623187, 0.7855924978687127, 0.7679383347541915, 0.7839506172839507, 0.8331349206349207, 0.7512944571768101, 0.8037037037037037, 0.7992283950617284, 0.8684848484848484]","[0.7608695652173914, 0.8260869565217391, 0.7608695652173914, 0.7608695652173914, 0.7777777777777778, 0.8, 0.7333333333333333, 0.8, 0.8, 0.8666666666666667]","[0.7642327161777962, 0.8221594830290483, 0.7517316709292412, 0.7577621177449553, 0.7773737373737374, 0.8010658982828496, 0.731574074074074, 0.7968442595893576, 0.7988681380871534, 0.8666666666666667]","[array([[10,  2,  0,  0],
       [ 0,  8,  0,  1],
       [ 0,  0,  8,  2],
       [ 0,  0,  6,  9]]), array([[ 8,  3,  0,  1],
       [ 0,  9,  0,  0],
       [ 0,  0,  7,  3],
       [ 0,  0,  1, 14]]), array([[ 6,  5,  0,  0],
       [ 0, 10,  0,  0],
       [ 0,  0,  6,  4],
       [ 1,  0,  1, 13]]), array([[ 6,  4,  1,  0],
       [ 2,  7,  0,  1],
       [ 0,  0,  8,  2],
       [ 0,  1,  0, 14]]), array([[ 8,  3,  0,  0],
       [ 1,  9,  0,  0],
       [ 0,  0,  7,  3],
       [ 0,  0,  3, 11]]), array([[ 7,  4,  0,  0],
       [ 0,  9,  0,  1],
       [ 0,  0,  7,  2],
       [ 0,  1,  1, 13]]), array([[ 6,  4,  1,  0],
       [ 1,  6,  0,  2],
       [ 0,  0,  8,  2],
       [ 0,  1,  1, 13]]), array([[ 9,  2,  0,  0],
       [ 2,  6,  0,  1],
       [ 0,  0,  7,  3],
       [ 0,  0,  1, 14]]), array([[ 9,  2,  0,  0],
       [ 2,  7,  0,  0],
       [ 0,  0,  7,  3],
       [ 0,  0,  2, 13]]), array([[ 9,  1,  0,  1],
       [ 1,  8,  0,  0],
       [ 0,  0,  9,  1],
       [ 0,  0,  2, 13]])]"
18,"[1.0, 1.0, 1.0, 1.0, 1.0, 1.0, 1.0, 1.0, 1.0, 1.0]","[1.0, 1.0, 1.0, 1.0, 1.0, 1.0, 1.0, 1.0, 1.0, 1.0]","[1.0, 1.0, 1.0, 1.0, 1.0, 1.0, 1.0, 1.0, 1.0, 1.0]","[1.0, 1.0, 1.0, 1.0, 1.0, 1.0, 1.0, 1.0, 1.0, 1.0]","[1.0, 1.0, 1.0, 1.0, 1.0, 1.0, 1.0, 1.0, 1.0, 1.0]","[1.0, 1.0, 1.0, 1.0, 1.0, 1.0, 1.0, 1.0, 1.0, 1.0]","[1.0, 1.0, 1.0, 1.0, 1.0, 1.0, 1.0, 1.0, 1.0, 1.0]","[1.0, 1.0, 1.0, 1.0, 1.0, 1.0, 1.0, 1.0, 1.0, 1.0]","[1.0, 1.0, 1.0, 1.0, 1.0, 1.0, 1.0, 1.0, 1.0, 1.0]","[1.0, 1.0, 1.0, 1.0, 1.0, 1.0, 1.0, 1.0, 1.0, 1.0]","[array([[100,   0,   0,   0],
       [  0, 133,   0,   0],
       [  0,   0,  89,   0],
       [  0,   0,   0, 134]]), array([[100,   0,   0,   0],
       [  0, 132,   0,   0],
       [  0,   0,  89,   0],
       [  0,   0,   0, 134]]), array([[101,   0,   0,   0],
       [  0, 135,   0,   0],
       [  0,   0,  89,   0],
       [  0,   0,   0, 134]]), array([[101,   0,   0,   0],
       [  0, 132,   0,   0],
       [  0,   0,  89,   0],
       [  0,   0,   0, 134]]), array([[101,   0,   0,   0],
       [  0, 130,   0,   0],
       [  0,   0,  89,   0],
       [  0,   0,   0, 135]]), array([[101,   0,   0,   0],
       [  0, 137,   0,   0],
       [  0,   0,  90,   0],
       [  0,   0,   0, 134]]), array([[101,   0,   0,   0],
       [  0, 134,   0,   0],
       [  0,   0,  89,   0],
       [  0,   0,   0, 134]]), array([[101,   0,   0,   0],
       [  0, 133,   0,   0],
       [  0,   0,  89,   0],
       [  0,   0,   0, 134]]), array([[101,   0,   0,   0],
       [  0, 133,   0,   0],
       [  0,   0,  89,   0],
       [  0,   0,   0, 134]]), array([[101,   0,   0,   0],
       [  0, 133,   0,   0],
       [  0,   0,  89,   0],
       [  0,   0,   0, 134]])]","[0.8043478260869565, 0.8043478260869565, 0.717391304347826, 0.7608695652173914, 0.7555555555555555, 0.8444444444444444, 0.7777777777777778, 0.7555555555555555, 0.7555555555555555, 0.8444444444444444]","[0.8043478260869565, 0.8043478260869565, 0.717391304347826, 0.7608695652173914, 0.7555555555555555, 0.8444444444444444, 0.7777777777777778, 0.7555555555555555, 0.7555555555555555, 0.8444444444444444]","[0.8043478260869565, 0.8043478260869565, 0.717391304347826, 0.7608695652173914, 0.7555555555555555, 0.8444444444444444, 0.7777777777777778, 0.7555555555555555, 0.7555555555555555, 0.8444444444444444]","[0.8043478260869565, 0.8043478260869565, 0.717391304347826, 0.7608695652173914, 0.7555555555555555, 0.8444444444444444, 0.7777777777777778, 0.7555555555555555, 0.7555555555555555, 0.8444444444444444]","[0.824404761904762, 0.8234962406015038, 0.7571778711484594, 0.766729797979798, 0.7626068376068376, 0.8639880952380953, 0.8035353535353535, 0.751968211527035, 0.7604166666666665, 0.8514204545454546]","[0.8138888888888888, 0.7930555555555556, 0.7136363636363636, 0.7424242424242424, 0.7603896103896104, 0.842929292929293, 0.7641414141414142, 0.7363636363636363, 0.7563131313131313, 0.8406565656565657]","[0.8167988198414162, 0.7974247115113988, 0.7022629840466652, 0.7482323232323232, 0.7558373590982286, 0.8414086687306502, 0.7635918003565063, 0.7371710526315789, 0.7496867167919798, 0.8441312008674438]","[0.8162525879917185, 0.8179143510951291, 0.7580532212885155, 0.7681708388230126, 0.7660018993352326, 0.867063492063492, 0.8087542087542087, 0.7644649105433419, 0.7694444444444445, 0.847651515151515]","[0.8043478260869565, 0.8043478260869565, 0.717391304347826, 0.7608695652173914, 0.7555555555555555, 0.8444444444444444, 0.7777777777777778, 0.7555555555555555, 0.7555555555555555, 0.8444444444444444]","[0.8082402648942909, 0.8001933454888092, 0.7076026608243421, 0.7580808080808081, 0.7554768294864914, 0.8446279096433895, 0.7731550802139039, 0.7531871345029241, 0.7547201336675021, 0.8442757748260596]","[array([[12,  0,  0,  0],
       [ 0,  8,  0,  1],
       [ 0,  0,  7,  3],
       [ 0,  0,  5, 10]]), array([[ 9,  2,  0,  1],
       [ 1,  8,  0,  0],
       [ 0,  0,  6,  4],
       [ 0,  0,  1, 14]]), array([[ 5,  6,  0,  0],
       [ 0, 10,  0,  0],
       [ 0,  0,  6,  4],
       [ 1,  1,  1, 12]]), array([[ 7,  3,  1,  0],
       [ 2,  7,  0,  1],
       [ 0,  0,  7,  3],
       [ 0,  1,  0, 14]]), array([[ 8,  3,  0,  0],
       [ 1,  9,  0,  0],
       [ 0,  0,  7,  3],
       [ 0,  1,  3, 10]]), array([[ 8,  3,  0,  0],
       [ 0, 10,  0,  0],
       [ 0,  0,  7,  2],
       [ 0,  1,  1, 13]]), array([[ 6,  4,  1,  0],
       [ 0,  7,  0,  2],
       [ 0,  0,  8,  2],
       [ 0,  0,  1, 14]]), array([[ 6,  5,  0,  0],
       [ 2,  6,  0,  1],
       [ 0,  0,  8,  2],
       [ 0,  0,  1, 14]]), array([[ 7,  4,  0,  0],
       [ 1,  8,  0,  0],
       [ 0,  0,  7,  3],
       [ 0,  0,  3, 12]]), array([[ 9,  1,  0,  1],
       [ 1,  7,  0,  1],
       [ 0,  0,  9,  1],
       [ 0,  0,  2, 13]])]"
19,"[1.0, 1.0, 1.0, 1.0, 1.0, 1.0, 1.0, 1.0, 1.0, 1.0]","[1.0, 1.0, 1.0, 1.0, 1.0, 1.0, 1.0, 1.0, 1.0, 1.0]","[1.0, 1.0, 1.0, 1.0, 1.0, 1.0, 1.0, 1.0, 1.0, 1.0]","[1.0, 1.0, 1.0, 1.0, 1.0, 1.0, 1.0, 1.0, 1.0, 1.0]","[1.0, 1.0, 1.0, 1.0, 1.0, 1.0, 1.0, 1.0, 1.0, 1.0]","[1.0, 1.0, 1.0, 1.0, 1.0, 1.0, 1.0, 1.0, 1.0, 1.0]","[1.0, 1.0, 1.0, 1.0, 1.0, 1.0, 1.0, 1.0, 1.0, 1.0]","[1.0, 1.0, 1.0, 1.0, 1.0, 1.0, 1.0, 1.0, 1.0, 1.0]","[1.0, 1.0, 1.0, 1.0, 1.0, 1.0, 1.0, 1.0, 1.0, 1.0]","[1.0, 1.0, 1.0, 1.0, 1.0, 1.0, 1.0, 1.0, 1.0, 1.0]","[array([[100,   0,   0,   0],
       [  0, 133,   0,   0],
       [  0,   0,  89,   0],
       [  0,   0,   0, 134]]), array([[100,   0,   0,   0],
       [  0, 132,   0,   0],
       [  0,   0,  89,   0],
       [  0,   0,   0, 134]]), array([[101,   0,   0,   0],
       [  0, 135,   0,   0],
       [  0,   0,  89,   0],
       [  0,   0,   0, 134]]), array([[101,   0,   0,   0],
       [  0, 132,   0,   0],
       [  0,   0,  89,   0],
       [  0,   0,   0, 134]]), array([[101,   0,   0,   0],
       [  0, 130,   0,   0],
       [  0,   0,  89,   0],
       [  0,   0,   0, 135]]), array([[101,   0,   0,   0],
       [  0, 137,   0,   0],
       [  0,   0,  90,   0],
       [  0,   0,   0, 134]]), array([[101,   0,   0,   0],
       [  0, 134,   0,   0],
       [  0,   0,  89,   0],
       [  0,   0,   0, 134]]), array([[101,   0,   0,   0],
       [  0, 133,   0,   0],
       [  0,   0,  89,   0],
       [  0,   0,   0, 134]]), array([[101,   0,   0,   0],
       [  0, 133,   0,   0],
       [  0,   0,  89,   0],
       [  0,   0,   0, 134]]), array([[101,   0,   0,   0],
       [  0, 133,   0,   0],
       [  0,   0,  89,   0],
       [  0,   0,   0, 134]])]","[0.782608695652174, 0.8260869565217391, 0.7391304347826086, 0.782608695652174, 0.7333333333333333, 0.8444444444444444, 0.7333333333333333, 0.7777777777777778, 0.7333333333333333, 0.8444444444444444]","[0.782608695652174, 0.8260869565217391, 0.7391304347826086, 0.782608695652174, 0.7333333333333333, 0.8444444444444444, 0.7333333333333333, 0.7777777777777778, 0.7333333333333333, 0.8444444444444444]","[0.782608695652174, 0.8260869565217391, 0.7391304347826086, 0.782608695652174, 0.7333333333333333, 0.8444444444444444, 0.7333333333333333, 0.7777777777777778, 0.7333333333333333, 0.8444444444444444]","[0.782608695652174, 0.8260869565217391, 0.7391304347826086, 0.782608695652174, 0.7333333333333333, 0.8444444444444444, 0.7333333333333333, 0.7777777777777778, 0.7333333333333333, 0.8444444444444444]","[0.8025793650793651, 0.8381944444444445, 0.7702205882352942, 0.7770833333333333, 0.7282467532467531, 0.8496642246642248, 0.7418258212375859, 0.7725490196078431, 0.7285353535353536, 0.8349206349206351]","[0.8013888888888888, 0.8180555555555555, 0.7340909090909091, 0.7696969696969698, 0.7282467532467531, 0.8457070707070707, 0.7196969696969696, 0.759090909090909, 0.7285353535353536, 0.842929292929293]","[0.7946859903381642, 0.8216374269005848, 0.7279605263157894, 0.7677920975459176, 0.7282467532467531, 0.8420123271697485, 0.7197916666666666, 0.7621710526315789, 0.7249999999999999, 0.8363312932278449]","[0.8035714285714286, 0.8351449275362318, 0.7655051150895141, 0.7871376811594203, 0.7333333333333333, 0.8584316917650251, 0.7512944571768101, 0.7821641249092228, 0.739618406285073, 0.8458201058201058]","[0.782608695652174, 0.8260869565217391, 0.7391304347826086, 0.782608695652174, 0.7333333333333333, 0.8444444444444444, 0.7333333333333333, 0.7777777777777778, 0.7333333333333333, 0.8444444444444444]","[0.7857592942659105, 0.8239604280794213, 0.7305491990846683, 0.7795519974231128, 0.7333333333333333, 0.8460969515242379, 0.731574074074074, 0.7762280701754386, 0.7333333333333333, 0.8426697185317874]","[array([[11,  1,  0,  0],
       [ 0,  8,  0,  1],
       [ 0,  0,  8,  2],
       [ 0,  0,  6,  9]]), array([[ 9,  2,  0,  1],
       [ 1,  8,  0,  0],
       [ 0,  0,  7,  3],
       [ 0,  0,  1, 14]]), array([[ 7,  4,  0,  0],
       [ 0, 10,  0,  0],
       [ 0,  0,  5,  5],
       [ 1,  1,  1, 12]]), array([[ 6,  4,  1,  0],
       [ 2,  7,  0,  1],
       [ 0,  0,  9,  1],
       [ 0,  1,  0, 14]]), array([[ 8,  3,  0,  0],
       [ 3,  7,  0,  0],
       [ 0,  0,  7,  3],
       [ 0,  0,  3, 11]]), array([[ 8,  3,  0,  0],
       [ 1,  9,  0,  0],
       [ 0,  0,  8,  1],
       [ 0,  1,  1, 13]]), array([[ 6,  4,  1,  0],
       [ 1,  6,  0,  2],
       [ 0,  0,  8,  2],
       [ 0,  1,  1, 13]]), array([[ 7,  4,  0,  0],
       [ 2,  6,  0,  1],
       [ 0,  0,  8,  2],
       [ 0,  0,  1, 14]]), array([[ 7,  4,  0,  0],
       [ 2,  7,  0,  0],
       [ 0,  0,  7,  3],
       [ 0,  0,  3, 12]]), array([[ 8,  2,  0,  1],
       [ 2,  7,  0,  0],
       [ 0,  0, 10,  0],
       [ 0,  0,  2, 13]])]"
20,"[1.0, 1.0, 1.0, 1.0, 1.0, 1.0, 1.0, 1.0, 1.0, 1.0]","[1.0, 1.0, 1.0, 1.0, 1.0, 1.0, 1.0, 1.0, 1.0, 1.0]","[1.0, 1.0, 1.0, 1.0, 1.0, 1.0, 1.0, 1.0, 1.0, 1.0]","[1.0, 1.0, 1.0, 1.0, 1.0, 1.0, 1.0, 1.0, 1.0, 1.0]","[1.0, 1.0, 1.0, 1.0, 1.0, 1.0, 1.0, 1.0, 1.0, 1.0]","[1.0, 1.0, 1.0, 1.0, 1.0, 1.0, 1.0, 1.0, 1.0, 1.0]","[1.0, 1.0, 1.0, 1.0, 1.0, 1.0, 1.0, 1.0, 1.0, 1.0]","[1.0, 1.0, 1.0, 1.0, 1.0, 1.0, 1.0, 1.0, 1.0, 1.0]","[1.0, 1.0, 1.0, 1.0, 1.0, 1.0, 1.0, 1.0, 1.0, 1.0]","[1.0, 1.0, 1.0, 1.0, 1.0, 1.0, 1.0, 1.0, 1.0, 1.0]","[array([[100,   0,   0,   0],
       [  0, 133,   0,   0],
       [  0,   0,  89,   0],
       [  0,   0,   0, 134]]), array([[100,   0,   0,   0],
       [  0, 132,   0,   0],
       [  0,   0,  89,   0],
       [  0,   0,   0, 134]]), array([[101,   0,   0,   0],
       [  0, 135,   0,   0],
       [  0,   0,  89,   0],
       [  0,   0,   0, 134]]), array([[101,   0,   0,   0],
       [  0, 132,   0,   0],
       [  0,   0,  89,   0],
       [  0,   0,   0, 134]]), array([[101,   0,   0,   0],
       [  0, 130,   0,   0],
       [  0,   0,  89,   0],
       [  0,   0,   0, 135]]), array([[101,   0,   0,   0],
       [  0, 137,   0,   0],
       [  0,   0,  90,   0],
       [  0,   0,   0, 134]]), array([[101,   0,   0,   0],
       [  0, 134,   0,   0],
       [  0,   0,  89,   0],
       [  0,   0,   0, 134]]), array([[101,   0,   0,   0],
       [  0, 133,   0,   0],
       [  0,   0,  89,   0],
       [  0,   0,   0, 134]]), array([[101,   0,   0,   0],
       [  0, 133,   0,   0],
       [  0,   0,  89,   0],
       [  0,   0,   0, 134]]), array([[101,   0,   0,   0],
       [  0, 133,   0,   0],
       [  0,   0,  89,   0],
       [  0,   0,   0, 134]])]","[0.7608695652173914, 0.7608695652173914, 0.7608695652173914, 0.7608695652173914, 0.7333333333333333, 0.8, 0.6666666666666666, 0.8222222222222222, 0.7111111111111111, 0.8444444444444444]","[0.7608695652173914, 0.7608695652173914, 0.7608695652173914, 0.7608695652173914, 0.7333333333333333, 0.8, 0.6666666666666666, 0.8222222222222222, 0.7111111111111111, 0.8444444444444444]","[0.7608695652173914, 0.7608695652173914, 0.7608695652173914, 0.7608695652173914, 0.7333333333333333, 0.8, 0.6666666666666666, 0.8222222222222222, 0.7111111111111111, 0.8444444444444444]","[0.7608695652173914, 0.7608695652173914, 0.7608695652173914, 0.7608695652173914, 0.7333333333333333, 0.8, 0.6666666666666666, 0.8222222222222222, 0.7111111111111111, 0.8444444444444444]","[0.7744047619047619, 0.7825226244343891, 0.7864145658263305, 0.761437908496732, 0.7282467532467531, 0.8416666666666667, 0.6888694638694639, 0.8253267973856209, 0.7, 0.8416666666666667]","[0.7722222222222223, 0.7597222222222223, 0.753030303030303, 0.7446969696969696, 0.7282467532467531, 0.7974747474747474, 0.6636363636363636, 0.8095959595959596, 0.7007575757575757, 0.842929292929293]","[0.7693037452565583, 0.7543876262626262, 0.7462622549019609, 0.746261961722488, 0.7282467532467531, 0.7913273001508295, 0.657231983702572, 0.8134868421052631, 0.6995614035087719, 0.8383838383838385]","[0.7771221532091097, 0.7882402124729491, 0.7855924978687127, 0.7679383347541915, 0.7333333333333333, 0.8472222222222222, 0.7020720020720022, 0.8293246187363833, 0.7133333333333332, 0.8469135802469137]","[0.7608695652173914, 0.7608695652173914, 0.7608695652173914, 0.7608695652173914, 0.7333333333333333, 0.8, 0.6666666666666666, 0.8222222222222222, 0.7111111111111111, 0.8444444444444444]","[0.7651413527685919, 0.7589289635485288, 0.7517316709292412, 0.7577621177449553, 0.7333333333333333, 0.7970839617898441, 0.6666383725207254, 0.8217251461988304, 0.7115009746588694, 0.842020202020202]","[array([[10,  2,  0,  0],
       [ 0,  8,  0,  1],
       [ 0,  0,  7,  3],
       [ 0,  0,  5, 10]]), array([[ 7,  4,  0,  1],
       [ 1,  8,  0,  0],
       [ 0,  0,  7,  3],
       [ 0,  1,  1, 13]]), array([[ 6,  5,  0,  0],
       [ 0, 10,  0,  0],
       [ 0,  0,  6,  4],
       [ 1,  0,  1, 13]]), array([[ 6,  4,  1,  0],
       [ 2,  7,  0,  1],
       [ 0,  0,  8,  2],
       [ 0,  1,  0, 14]]), array([[ 8,  3,  0,  0],
       [ 3,  7,  0,  0],
       [ 0,  0,  7,  3],
       [ 0,  0,  3, 11]]), array([[ 6,  5,  0,  0],
       [ 0, 10,  0,  0],
       [ 0,  0,  7,  2],
       [ 0,  1,  1, 13]]), array([[ 5,  5,  1,  0],
       [ 1,  6,  0,  2],
       [ 0,  0,  8,  2],
       [ 0,  2,  2, 11]]), array([[ 8,  3,  0,  0],
       [ 1,  7,  0,  1],
       [ 0,  0,  8,  2],
       [ 0,  0,  1, 14]]), array([[ 7,  4,  0,  0],
       [ 3,  6,  0,  0],
       [ 0,  0,  7,  3],
       [ 0,  0,  3, 12]]), array([[ 8,  2,  0,  1],
       [ 1,  7,  0,  1],
       [ 0,  0, 10,  0],
       [ 0,  0,  2, 13]])]"
21,"[1.0, 1.0, 1.0, 1.0, 1.0, 1.0, 1.0, 1.0, 1.0, 1.0]","[1.0, 1.0, 1.0, 1.0, 1.0, 1.0, 1.0, 1.0, 1.0, 1.0]","[1.0, 1.0, 1.0, 1.0, 1.0, 1.0, 1.0, 1.0, 1.0, 1.0]","[1.0, 1.0, 1.0, 1.0, 1.0, 1.0, 1.0, 1.0, 1.0, 1.0]","[1.0, 1.0, 1.0, 1.0, 1.0, 1.0, 1.0, 1.0, 1.0, 1.0]","[1.0, 1.0, 1.0, 1.0, 1.0, 1.0, 1.0, 1.0, 1.0, 1.0]","[1.0, 1.0, 1.0, 1.0, 1.0, 1.0, 1.0, 1.0, 1.0, 1.0]","[1.0, 1.0, 1.0, 1.0, 1.0, 1.0, 1.0, 1.0, 1.0, 1.0]","[1.0, 1.0, 1.0, 1.0, 1.0, 1.0, 1.0, 1.0, 1.0, 1.0]","[1.0, 1.0, 1.0, 1.0, 1.0, 1.0, 1.0, 1.0, 1.0, 1.0]","[array([[100,   0,   0,   0],
       [  0, 133,   0,   0],
       [  0,   0,  89,   0],
       [  0,   0,   0, 134]]), array([[100,   0,   0,   0],
       [  0, 132,   0,   0],
       [  0,   0,  89,   0],
       [  0,   0,   0, 134]]), array([[101,   0,   0,   0],
       [  0, 135,   0,   0],
       [  0,   0,  89,   0],
       [  0,   0,   0, 134]]), array([[101,   0,   0,   0],
       [  0, 132,   0,   0],
       [  0,   0,  89,   0],
       [  0,   0,   0, 134]]), array([[101,   0,   0,   0],
       [  0, 130,   0,   0],
       [  0,   0,  89,   0],
       [  0,   0,   0, 135]]), array([[101,   0,   0,   0],
       [  0, 137,   0,   0],
       [  0,   0,  90,   0],
       [  0,   0,   0, 134]]), array([[101,   0,   0,   0],
       [  0, 134,   0,   0],
       [  0,   0,  89,   0],
       [  0,   0,   0, 134]]), array([[101,   0,   0,   0],
       [  0, 133,   0,   0],
       [  0,   0,  89,   0],
       [  0,   0,   0, 134]]), array([[101,   0,   0,   0],
       [  0, 133,   0,   0],
       [  0,   0,  89,   0],
       [  0,   0,   0, 134]]), array([[101,   0,   0,   0],
       [  0, 133,   0,   0],
       [  0,   0,  89,   0],
       [  0,   0,   0, 134]])]","[0.7608695652173914, 0.8043478260869565, 0.7391304347826086, 0.7608695652173914, 0.7555555555555555, 0.8444444444444444, 0.7333333333333333, 0.8222222222222222, 0.7111111111111111, 0.8666666666666667]","[0.7608695652173914, 0.8043478260869565, 0.7391304347826086, 0.7608695652173914, 0.7555555555555555, 0.8444444444444444, 0.7333333333333333, 0.8222222222222222, 0.7111111111111111, 0.8666666666666667]","[0.7608695652173914, 0.8043478260869565, 0.7391304347826086, 0.7608695652173914, 0.7555555555555555, 0.8444444444444444, 0.7333333333333333, 0.8222222222222222, 0.7111111111111111, 0.8666666666666667]","[0.7608695652173914, 0.8043478260869565, 0.7391304347826086, 0.7608695652173914, 0.7555555555555555, 0.8444444444444444, 0.7333333333333333, 0.8222222222222222, 0.7111111111111111, 0.8666666666666667]","[0.7744047619047619, 0.8172348484848484, 0.7564102564102565, 0.761437908496732, 0.7532467532467533, 0.871031746031746, 0.7429406850459482, 0.8225694444444445, 0.7, 0.86875]","[0.7722222222222223, 0.7972222222222223, 0.7257575757575757, 0.7446969696969696, 0.7532467532467533, 0.847979797979798, 0.7113636363636363, 0.8156565656565656, 0.7007575757575757, 0.8656565656565657]","[0.7693037452565583, 0.7970418470418471, 0.7238718708827405, 0.746261961722488, 0.7523809523809524, 0.8408045977011495, 0.7146542827657378, 0.8184075780849975, 0.6995614035087719, 0.8641074611662847]","[0.7771221532091097, 0.8180171277997365, 0.7531586770717206, 0.7679383347541915, 0.7571717171717173, 0.8798941798941798, 0.7479773507843684, 0.8241666666666666, 0.7133333333333332, 0.8690740740740741]","[0.7608695652173914, 0.8043478260869565, 0.7391304347826086, 0.7608695652173914, 0.7555555555555555, 0.8444444444444444, 0.7333333333333333, 0.8222222222222222, 0.7111111111111111, 0.8666666666666667]","[0.7651413527685919, 0.801041470606688, 0.7303101907544252, 0.7577621177449553, 0.7555555555555555, 0.8445295870583228, 0.7275312464166954, 0.8224270353302612, 0.7115009746588694, 0.8651387827858416]","[array([[10,  2,  0,  0],
       [ 0,  8,  0,  1],
       [ 0,  0,  7,  3],
       [ 0,  0,  5, 10]]), array([[ 8,  3,  0,  1],
       [ 1,  8,  0,  0],
       [ 0,  0,  7,  3],
       [ 0,  0,  1, 14]]), array([[ 7,  4,  0,  0],
       [ 1,  9,  0,  0],
       [ 0,  0,  5,  5],
       [ 1,  0,  1, 13]]), array([[ 6,  4,  1,  0],
       [ 2,  7,  0,  1],
       [ 0,  0,  8,  2],
       [ 0,  1,  0, 14]]), array([[ 8,  3,  0,  0],
       [ 2,  8,  0,  0],
       [ 0,  0,  7,  3],
       [ 0,  0,  3, 11]]), array([[ 7,  4,  0,  0],
       [ 0, 10,  0,  0],
       [ 0,  0,  8,  1],
       [ 0,  1,  1, 13]]), array([[ 6,  4,  1,  0],
       [ 1,  6,  0,  2],
       [ 0,  0,  7,  3],
       [ 0,  0,  1, 14]]), array([[ 9,  2,  0,  0],
       [ 1,  7,  0,  1],
       [ 0,  0,  8,  2],
       [ 0,  0,  2, 13]]), array([[ 7,  4,  0,  0],
       [ 3,  6,  0,  0],
       [ 0,  0,  7,  3],
       [ 0,  0,  3, 12]]), array([[ 9,  1,  0,  1],
       [ 1,  7,  0,  1],
       [ 0,  0, 10,  0],
       [ 0,  0,  2, 13]])]"
22,"[1.0, 1.0, 1.0, 1.0, 1.0, 1.0, 1.0, 1.0, 1.0, 1.0]","[1.0, 1.0, 1.0, 1.0, 1.0, 1.0, 1.0, 1.0, 1.0, 1.0]","[1.0, 1.0, 1.0, 1.0, 1.0, 1.0, 1.0, 1.0, 1.0, 1.0]","[1.0, 1.0, 1.0, 1.0, 1.0, 1.0, 1.0, 1.0, 1.0, 1.0]","[1.0, 1.0, 1.0, 1.0, 1.0, 1.0, 1.0, 1.0, 1.0, 1.0]","[1.0, 1.0, 1.0, 1.0, 1.0, 1.0, 1.0, 1.0, 1.0, 1.0]","[1.0, 1.0, 1.0, 1.0, 1.0, 1.0, 1.0, 1.0, 1.0, 1.0]","[1.0, 1.0, 1.0, 1.0, 1.0, 1.0, 1.0, 1.0, 1.0, 1.0]","[1.0, 1.0, 1.0, 1.0, 1.0, 1.0, 1.0, 1.0, 1.0, 1.0]","[1.0, 1.0, 1.0, 1.0, 1.0, 1.0, 1.0, 1.0, 1.0, 1.0]","[array([[100,   0,   0,   0],
       [  0, 133,   0,   0],
       [  0,   0,  89,   0],
       [  0,   0,   0, 134]]), array([[100,   0,   0,   0],
       [  0, 132,   0,   0],
       [  0,   0,  89,   0],
       [  0,   0,   0, 134]]), array([[101,   0,   0,   0],
       [  0, 135,   0,   0],
       [  0,   0,  89,   0],
       [  0,   0,   0, 134]]), array([[101,   0,   0,   0],
       [  0, 132,   0,   0],
       [  0,   0,  89,   0],
       [  0,   0,   0, 134]]), array([[101,   0,   0,   0],
       [  0, 130,   0,   0],
       [  0,   0,  89,   0],
       [  0,   0,   0, 135]]), array([[101,   0,   0,   0],
       [  0, 137,   0,   0],
       [  0,   0,  90,   0],
       [  0,   0,   0, 134]]), array([[101,   0,   0,   0],
       [  0, 134,   0,   0],
       [  0,   0,  89,   0],
       [  0,   0,   0, 134]]), array([[101,   0,   0,   0],
       [  0, 133,   0,   0],
       [  0,   0,  89,   0],
       [  0,   0,   0, 134]]), array([[101,   0,   0,   0],
       [  0, 133,   0,   0],
       [  0,   0,  89,   0],
       [  0,   0,   0, 134]]), array([[101,   0,   0,   0],
       [  0, 133,   0,   0],
       [  0,   0,  89,   0],
       [  0,   0,   0, 134]])]","[0.717391304347826, 0.7608695652173914, 0.7391304347826086, 0.7608695652173914, 0.7555555555555555, 0.8444444444444444, 0.7333333333333333, 0.8222222222222222, 0.7111111111111111, 0.8222222222222222]","[0.717391304347826, 0.7608695652173914, 0.7391304347826086, 0.7608695652173914, 0.7555555555555555, 0.8444444444444444, 0.7333333333333333, 0.8222222222222222, 0.7111111111111111, 0.8222222222222222]","[0.717391304347826, 0.7608695652173914, 0.7391304347826086, 0.7608695652173914, 0.7555555555555555, 0.8444444444444444, 0.7333333333333333, 0.8222222222222222, 0.7111111111111111, 0.8222222222222222]","[0.717391304347826, 0.7608695652173914, 0.7391304347826086, 0.7608695652173914, 0.7555555555555555, 0.8444444444444444, 0.7333333333333333, 0.8222222222222222, 0.7111111111111111, 0.8222222222222222]","[0.7410714285714286, 0.7825226244343891, 0.7564102564102565, 0.761437908496732, 0.7532467532467533, 0.8496642246642248, 0.7418258212375859, 0.8201500297088533, 0.7, 0.8243371212121212]","[0.7305555555555555, 0.7597222222222223, 0.7257575757575757, 0.7446969696969696, 0.7532467532467533, 0.8457070707070707, 0.7196969696969696, 0.8045454545454547, 0.7007575757575757, 0.817929292929293]","[0.7219808926705479, 0.7543876262626262, 0.7238718708827405, 0.746261961722488, 0.7523809523809524, 0.8420123271697485, 0.7197916666666666, 0.8102923585702224, 0.6995614035087719, 0.8184075780849975]","[0.7510351966873706, 0.7882402124729491, 0.7531586770717206, 0.7679383347541915, 0.7571717171717173, 0.8584316917650251, 0.7512944571768101, 0.8220406681190996, 0.7133333333333332, 0.8254910213243546]","[0.717391304347826, 0.7608695652173914, 0.7391304347826086, 0.7608695652173914, 0.7555555555555555, 0.8444444444444444, 0.7333333333333333, 0.8222222222222222, 0.7111111111111111, 0.8222222222222222]","[0.7209914523257852, 0.7589289635485288, 0.7303101907544252, 0.7577621177449553, 0.7555555555555555, 0.8460969515242379, 0.731574074074074, 0.8199776401788786, 0.7115009746588694, 0.82115719406042]","[array([[ 8,  4,  0,  0],
       [ 0,  8,  0,  1],
       [ 0,  0,  7,  3],
       [ 0,  0,  5, 10]]), array([[ 7,  4,  0,  1],
       [ 1,  8,  0,  0],
       [ 0,  0,  7,  3],
       [ 0,  1,  1, 13]]), array([[ 7,  4,  0,  0],
       [ 1,  9,  0,  0],
       [ 0,  0,  5,  5],
       [ 1,  0,  1, 13]]), array([[ 6,  4,  1,  0],
       [ 2,  7,  0,  1],
       [ 0,  0,  8,  2],
       [ 0,  1,  0, 14]]), array([[ 8,  3,  0,  0],
       [ 2,  8,  0,  0],
       [ 0,  0,  7,  3],
       [ 0,  0,  3, 11]]), array([[ 8,  3,  0,  0],
       [ 1,  9,  0,  0],
       [ 0,  0,  8,  1],
       [ 0,  1,  1, 13]]), array([[ 6,  4,  1,  0],
       [ 1,  6,  0,  2],
       [ 0,  0,  8,  2],
       [ 0,  1,  1, 13]]), array([[ 9,  2,  0,  0],
       [ 2,  6,  0,  1],
       [ 0,  0,  8,  2],
       [ 0,  0,  1, 14]]), array([[ 7,  4,  0,  0],
       [ 3,  6,  0,  0],
       [ 0,  0,  7,  3],
       [ 0,  0,  3, 12]]), array([[ 8,  2,  0,  1],
       [ 1,  7,  0,  1],
       [ 0,  0,  9,  1],
       [ 0,  0,  2, 13]])]"
23,"[1.0, 1.0, 1.0, 1.0, 1.0, 1.0, 1.0, 1.0, 1.0, 1.0]","[1.0, 1.0, 1.0, 1.0, 1.0, 1.0, 1.0, 1.0, 1.0, 1.0]","[1.0, 1.0, 1.0, 1.0, 1.0, 1.0, 1.0, 1.0, 1.0, 1.0]","[1.0, 1.0, 1.0, 1.0, 1.0, 1.0, 1.0, 1.0, 1.0, 1.0]","[1.0, 1.0, 1.0, 1.0, 1.0, 1.0, 1.0, 1.0, 1.0, 1.0]","[1.0, 1.0, 1.0, 1.0, 1.0, 1.0, 1.0, 1.0, 1.0, 1.0]","[1.0, 1.0, 1.0, 1.0, 1.0, 1.0, 1.0, 1.0, 1.0, 1.0]","[1.0, 1.0, 1.0, 1.0, 1.0, 1.0, 1.0, 1.0, 1.0, 1.0]","[1.0, 1.0, 1.0, 1.0, 1.0, 1.0, 1.0, 1.0, 1.0, 1.0]","[1.0, 1.0, 1.0, 1.0, 1.0, 1.0, 1.0, 1.0, 1.0, 1.0]","[array([[100,   0,   0,   0],
       [  0, 133,   0,   0],
       [  0,   0,  89,   0],
       [  0,   0,   0, 134]]), array([[100,   0,   0,   0],
       [  0, 132,   0,   0],
       [  0,   0,  89,   0],
       [  0,   0,   0, 134]]), array([[101,   0,   0,   0],
       [  0, 135,   0,   0],
       [  0,   0,  89,   0],
       [  0,   0,   0, 134]]), array([[101,   0,   0,   0],
       [  0, 132,   0,   0],
       [  0,   0,  89,   0],
       [  0,   0,   0, 134]]), array([[101,   0,   0,   0],
       [  0, 130,   0,   0],
       [  0,   0,  89,   0],
       [  0,   0,   0, 135]]), array([[101,   0,   0,   0],
       [  0, 137,   0,   0],
       [  0,   0,  90,   0],
       [  0,   0,   0, 134]]), array([[101,   0,   0,   0],
       [  0, 134,   0,   0],
       [  0,   0,  89,   0],
       [  0,   0,   0, 134]]), array([[101,   0,   0,   0],
       [  0, 133,   0,   0],
       [  0,   0,  89,   0],
       [  0,   0,   0, 134]]), array([[101,   0,   0,   0],
       [  0, 133,   0,   0],
       [  0,   0,  89,   0],
       [  0,   0,   0, 134]]), array([[101,   0,   0,   0],
       [  0, 133,   0,   0],
       [  0,   0,  89,   0],
       [  0,   0,   0, 134]])]","[0.7608695652173914, 0.8043478260869565, 0.7391304347826086, 0.8043478260869565, 0.7333333333333333, 0.8444444444444444, 0.6888888888888889, 0.8, 0.7555555555555555, 0.8444444444444444]","[0.7608695652173914, 0.8043478260869565, 0.7391304347826086, 0.8043478260869565, 0.7333333333333333, 0.8444444444444444, 0.6888888888888889, 0.8, 0.7555555555555555, 0.8444444444444444]","[0.7608695652173914, 0.8043478260869565, 0.7391304347826086, 0.8043478260869565, 0.7333333333333333, 0.8444444444444444, 0.6888888888888889, 0.8, 0.7555555555555555, 0.8444444444444444]","[0.7608695652173914, 0.8043478260869565, 0.7391304347826086, 0.8043478260869565, 0.7333333333333333, 0.8444444444444444, 0.6888888888888889, 0.8, 0.7555555555555555, 0.8444444444444444]","[0.7744047619047619, 0.8172348484848484, 0.7564102564102565, 0.7972853535353536, 0.7282467532467531, 0.871031746031746, 0.7102007469654529, 0.7947712418300654, 0.751104797979798, 0.8416666666666667]","[0.7722222222222223, 0.7972222222222223, 0.7257575757575757, 0.7924242424242425, 0.7282467532467531, 0.847979797979798, 0.678030303030303, 0.781818181818182, 0.7452020202020202, 0.842929292929293]","[0.7693037452565583, 0.7970418470418471, 0.7238718708827405, 0.7924731182795699, 0.7282467532467531, 0.8408045977011495, 0.681234335839599, 0.7864191729323308, 0.7438879456706282, 0.8383838383838385]","[0.7771221532091097, 0.8180171277997365, 0.7531586770717206, 0.805308519982433, 0.7333333333333333, 0.8798941798941798, 0.7176574333437079, 0.8009295570079884, 0.7610690235690236, 0.8469135802469137]","[0.7608695652173914, 0.8043478260869565, 0.7391304347826086, 0.8043478260869565, 0.7333333333333333, 0.8444444444444444, 0.6888888888888889, 0.8, 0.7555555555555555, 0.8444444444444444]","[0.7651413527685919, 0.801041470606688, 0.7303101907544252, 0.8025011687704534, 0.7333333333333333, 0.8445295870583228, 0.6909913673071567, 0.7983778891673627, 0.7544236936427089, 0.842020202020202]","[array([[10,  2,  0,  0],
       [ 0,  8,  0,  1],
       [ 0,  0,  7,  3],
       [ 0,  0,  5, 10]]), array([[ 8,  3,  0,  1],
       [ 1,  8,  0,  0],
       [ 0,  0,  7,  3],
       [ 0,  0,  1, 14]]), array([[ 7,  4,  0,  0],
       [ 1,  9,  0,  0],
       [ 0,  0,  5,  5],
       [ 1,  0,  1, 13]]), array([[ 7,  3,  1,  0],
       [ 2,  7,  0,  1],
       [ 0,  0,  9,  1],
       [ 0,  1,  0, 14]]), array([[ 8,  3,  0,  0],
       [ 3,  7,  0,  0],
       [ 0,  0,  7,  3],
       [ 0,  0,  3, 11]]), array([[ 7,  4,  0,  0],
       [ 0, 10,  0,  0],
       [ 0,  0,  8,  1],
       [ 0,  1,  1, 13]]), array([[ 6,  4,  1,  0],
       [ 1,  6,  0,  2],
       [ 0,  0,  7,  3],
       [ 0,  2,  1, 12]]), array([[ 8,  3,  0,  0],
       [ 2,  6,  0,  1],
       [ 0,  0,  8,  2],
       [ 0,  0,  1, 14]]), array([[ 7,  4,  0,  0],
       [ 2,  7,  0,  0],
       [ 0,  0,  7,  3],
       [ 0,  0,  2, 13]]), array([[ 8,  2,  0,  1],
       [ 1,  7,  0,  1],
       [ 0,  0, 10,  0],
       [ 0,  0,  2, 13]])]"
24,"[1.0, 1.0, 1.0, 1.0, 1.0, 1.0, 1.0, 1.0, 1.0, 1.0]","[1.0, 1.0, 1.0, 1.0, 1.0, 1.0, 1.0, 1.0, 1.0, 1.0]","[1.0, 1.0, 1.0, 1.0, 1.0, 1.0, 1.0, 1.0, 1.0, 1.0]","[1.0, 1.0, 1.0, 1.0, 1.0, 1.0, 1.0, 1.0, 1.0, 1.0]","[1.0, 1.0, 1.0, 1.0, 1.0, 1.0, 1.0, 1.0, 1.0, 1.0]","[1.0, 1.0, 1.0, 1.0, 1.0, 1.0, 1.0, 1.0, 1.0, 1.0]","[1.0, 1.0, 1.0, 1.0, 1.0, 1.0, 1.0, 1.0, 1.0, 1.0]","[1.0, 1.0, 1.0, 1.0, 1.0, 1.0, 1.0, 1.0, 1.0, 1.0]","[1.0, 1.0, 1.0, 1.0, 1.0, 1.0, 1.0, 1.0, 1.0, 1.0]","[1.0, 1.0, 1.0, 1.0, 1.0, 1.0, 1.0, 1.0, 1.0, 1.0]","[array([[100,   0,   0,   0],
       [  0, 133,   0,   0],
       [  0,   0,  89,   0],
       [  0,   0,   0, 134]]), array([[100,   0,   0,   0],
       [  0, 132,   0,   0],
       [  0,   0,  89,   0],
       [  0,   0,   0, 134]]), array([[101,   0,   0,   0],
       [  0, 135,   0,   0],
       [  0,   0,  89,   0],
       [  0,   0,   0, 134]]), array([[101,   0,   0,   0],
       [  0, 132,   0,   0],
       [  0,   0,  89,   0],
       [  0,   0,   0, 134]]), array([[101,   0,   0,   0],
       [  0, 130,   0,   0],
       [  0,   0,  89,   0],
       [  0,   0,   0, 135]]), array([[101,   0,   0,   0],
       [  0, 137,   0,   0],
       [  0,   0,  90,   0],
       [  0,   0,   0, 134]]), array([[101,   0,   0,   0],
       [  0, 134,   0,   0],
       [  0,   0,  89,   0],
       [  0,   0,   0, 134]]), array([[101,   0,   0,   0],
       [  0, 133,   0,   0],
       [  0,   0,  89,   0],
       [  0,   0,   0, 134]]), array([[101,   0,   0,   0],
       [  0, 133,   0,   0],
       [  0,   0,  89,   0],
       [  0,   0,   0, 134]]), array([[101,   0,   0,   0],
       [  0, 133,   0,   0],
       [  0,   0,  89,   0],
       [  0,   0,   0, 134]])]","[0.782608695652174, 0.782608695652174, 0.717391304347826, 0.7608695652173914, 0.7777777777777778, 0.8444444444444444, 0.7111111111111111, 0.8, 0.7555555555555555, 0.8444444444444444]","[0.782608695652174, 0.782608695652174, 0.717391304347826, 0.7608695652173914, 0.7777777777777778, 0.8444444444444444, 0.7111111111111111, 0.8, 0.7555555555555555, 0.8444444444444444]","[0.782608695652174, 0.782608695652174, 0.717391304347826, 0.7608695652173914, 0.7777777777777778, 0.8444444444444444, 0.7111111111111111, 0.8, 0.7555555555555555, 0.8444444444444444]","[0.782608695652174, 0.782608695652174, 0.717391304347826, 0.7608695652173914, 0.7777777777777778, 0.8444444444444444, 0.7111111111111111, 0.8, 0.7555555555555555, 0.8444444444444444]","[0.7966269841269842, 0.798611111111111, 0.7370098039215687, 0.761437908496732, 0.7811507936507935, 0.871031746031746, 0.7199675324675325, 0.8104166666666666, 0.751104797979798, 0.8514204545454546]","[0.7930555555555555, 0.776388888888889, 0.703030303030303, 0.7446969696969696, 0.7782467532467532, 0.847979797979798, 0.7030303030303029, 0.7845959595959597, 0.7452020202020202, 0.8406565656565657]","[0.7928573591991883, 0.7720418470418471, 0.6972697368421052, 0.746261961722488, 0.775974025974026, 0.8408045977011495, 0.7006912442396314, 0.790776182881446, 0.7438879456706282, 0.8441312008674438]","[0.7945134575569359, 0.8025362318840579, 0.7403026427962489, 0.7679383347541915, 0.7839506172839507, 0.8798941798941798, 0.7302308802308802, 0.8109876543209875, 0.7610690235690236, 0.847651515151515]","[0.782608695652174, 0.782608695652174, 0.717391304347826, 0.7608695652173914, 0.7777777777777778, 0.8444444444444444, 0.7111111111111111, 0.8, 0.7555555555555555, 0.8444444444444444]","[0.7866679308567062, 0.7774389861346384, 0.708366704805492, 0.7577621177449553, 0.7773737373737374, 0.8445295870583228, 0.7103396484041645, 0.7985917656093094, 0.7544236936427089, 0.8442757748260596]","[array([[11,  1,  0,  0],
       [ 0,  8,  0,  1],
       [ 0,  0,  7,  3],
       [ 0,  0,  5, 10]]), array([[ 7,  4,  0,  1],
       [ 1,  8,  0,  0],
       [ 0,  0,  7,  3],
       [ 0,  0,  1, 14]]), array([[ 6,  5,  0,  0],
       [ 1,  9,  0,  0],
       [ 0,  1,  5,  4],
       [ 1,  0,  1, 13]]), array([[ 6,  4,  1,  0],
       [ 2,  7,  0,  1],
       [ 0,  0,  8,  2],
       [ 0,  1,  0, 14]]), array([[ 8,  3,  0,  0],
       [ 1,  9,  0,  0],
       [ 0,  0,  7,  3],
       [ 0,  0,  3, 11]]), array([[ 7,  4,  0,  0],
       [ 0, 10,  0,  0],
       [ 0,  0,  8,  1],
       [ 0,  1,  1, 13]]), array([[ 6,  4,  1,  0],
       [ 1,  6,  0,  2],
       [ 0,  0,  8,  2],
       [ 0,  1,  2, 12]]), array([[ 8,  3,  0,  0],
       [ 1,  7,  0,  1],
       [ 0,  0,  7,  3],
       [ 0,  0,  1, 14]]), array([[ 7,  4,  0,  0],
       [ 2,  7,  0,  0],
       [ 0,  0,  7,  3],
       [ 0,  0,  2, 13]]), array([[ 9,  1,  0,  1],
       [ 1,  7,  0,  1],
       [ 0,  0,  9,  1],
       [ 0,  0,  2, 13]])]"
25,"[1.0, 1.0, 1.0, 1.0, 1.0, 1.0, 1.0, 1.0, 1.0, 1.0]","[1.0, 1.0, 1.0, 1.0, 1.0, 1.0, 1.0, 1.0, 1.0, 1.0]","[1.0, 1.0, 1.0, 1.0, 1.0, 1.0, 1.0, 1.0, 1.0, 1.0]","[1.0, 1.0, 1.0, 1.0, 1.0, 1.0, 1.0, 1.0, 1.0, 1.0]","[1.0, 1.0, 1.0, 1.0, 1.0, 1.0, 1.0, 1.0, 1.0, 1.0]","[1.0, 1.0, 1.0, 1.0, 1.0, 1.0, 1.0, 1.0, 1.0, 1.0]","[1.0, 1.0, 1.0, 1.0, 1.0, 1.0, 1.0, 1.0, 1.0, 1.0]","[1.0, 1.0, 1.0, 1.0, 1.0, 1.0, 1.0, 1.0, 1.0, 1.0]","[1.0, 1.0, 1.0, 1.0, 1.0, 1.0, 1.0, 1.0, 1.0, 1.0]","[1.0, 1.0, 1.0, 1.0, 1.0, 1.0, 1.0, 1.0, 1.0, 1.0]","[array([[100,   0,   0,   0],
       [  0, 133,   0,   0],
       [  0,   0,  89,   0],
       [  0,   0,   0, 134]]), array([[100,   0,   0,   0],
       [  0, 132,   0,   0],
       [  0,   0,  89,   0],
       [  0,   0,   0, 134]]), array([[101,   0,   0,   0],
       [  0, 135,   0,   0],
       [  0,   0,  89,   0],
       [  0,   0,   0, 134]]), array([[101,   0,   0,   0],
       [  0, 132,   0,   0],
       [  0,   0,  89,   0],
       [  0,   0,   0, 134]]), array([[101,   0,   0,   0],
       [  0, 130,   0,   0],
       [  0,   0,  89,   0],
       [  0,   0,   0, 135]]), array([[101,   0,   0,   0],
       [  0, 137,   0,   0],
       [  0,   0,  90,   0],
       [  0,   0,   0, 134]]), array([[101,   0,   0,   0],
       [  0, 134,   0,   0],
       [  0,   0,  89,   0],
       [  0,   0,   0, 134]]), array([[101,   0,   0,   0],
       [  0, 133,   0,   0],
       [  0,   0,  89,   0],
       [  0,   0,   0, 134]]), array([[101,   0,   0,   0],
       [  0, 133,   0,   0],
       [  0,   0,  89,   0],
       [  0,   0,   0, 134]]), array([[101,   0,   0,   0],
       [  0, 133,   0,   0],
       [  0,   0,  89,   0],
       [  0,   0,   0, 134]])]","[0.7391304347826086, 0.7608695652173914, 0.717391304347826, 0.782608695652174, 0.7777777777777778, 0.8222222222222222, 0.6888888888888889, 0.8222222222222222, 0.7111111111111111, 0.8444444444444444]","[0.7391304347826086, 0.7608695652173914, 0.717391304347826, 0.782608695652174, 0.7777777777777778, 0.8222222222222222, 0.6888888888888889, 0.8222222222222222, 0.7111111111111111, 0.8444444444444444]","[0.7391304347826086, 0.7608695652173914, 0.717391304347826, 0.782608695652174, 0.7777777777777778, 0.8222222222222222, 0.6888888888888889, 0.8222222222222222, 0.7111111111111111, 0.8444444444444444]","[0.7391304347826086, 0.7608695652173914, 0.717391304347826, 0.782608695652174, 0.7777777777777778, 0.8222222222222222, 0.6888888888888889, 0.8222222222222222, 0.7111111111111111, 0.8444444444444444]","[0.7562229437229437, 0.7825226244343891, 0.7404970760233918, 0.7881944444444444, 0.7751748251748253, 0.8606150793650793, 0.7044372294372294, 0.8253267973856209, 0.7, 0.8416666666666667]","[0.7513888888888888, 0.7597222222222223, 0.7007575757575758, 0.7651515151515151, 0.7782467532467532, 0.8252525252525252, 0.6863636363636363, 0.8095959595959596, 0.7007575757575757, 0.842929292929293]","[0.7457904164800716, 0.7543876262626262, 0.7042446524064171, 0.7720418470418471, 0.7751322751322751, 0.8151384337996914, 0.6833333333333333, 0.8134868421052631, 0.6995614035087719, 0.8383838383838385]","[0.7628929041972521, 0.7882402124729491, 0.7351894228324435, 0.7873188405797101, 0.7820357420357422, 0.8706349206349207, 0.7155844155844157, 0.8293246187363833, 0.7133333333333332, 0.8469135802469137]","[0.7391304347826086, 0.7608695652173914, 0.717391304347826, 0.782608695652174, 0.7777777777777778, 0.8222222222222222, 0.6888888888888889, 0.8222222222222222, 0.7111111111111111, 0.8444444444444444]","[0.7433517007729901, 0.7589289635485288, 0.7107242501743779, 0.7801304975218019, 0.7783656672545561, 0.8201175430384356, 0.691005291005291, 0.8217251461988304, 0.7115009746588694, 0.842020202020202]","[array([[ 9,  3,  0,  0],
       [ 0,  8,  0,  1],
       [ 0,  0,  7,  3],
       [ 0,  0,  5, 10]]), array([[ 7,  4,  0,  1],
       [ 1,  8,  0,  0],
       [ 0,  0,  7,  3],
       [ 0,  1,  1, 13]]), array([[ 7,  4,  0,  0],
       [ 1,  8,  0,  1],
       [ 0,  0,  5,  5],
       [ 1,  0,  1, 13]]), array([[ 8,  2,  1,  0],
       [ 2,  7,  0,  1],
       [ 0,  0,  7,  3],
       [ 0,  1,  0, 14]]), array([[ 8,  3,  0,  0],
       [ 2,  8,  0,  0],
       [ 0,  0,  8,  2],
       [ 0,  0,  3, 11]]), array([[ 6,  5,  0,  0],
       [ 0, 10,  0,  0],
       [ 0,  0,  8,  1],
       [ 0,  1,  1, 13]]), array([[ 6,  4,  1,  0],
       [ 1,  6,  0,  2],
       [ 0,  0,  8,  2],
       [ 0,  2,  2, 11]]), array([[ 8,  3,  0,  0],
       [ 1,  7,  0,  1],
       [ 0,  0,  8,  2],
       [ 0,  0,  1, 14]]), array([[ 7,  4,  0,  0],
       [ 3,  6,  0,  0],
       [ 0,  0,  7,  3],
       [ 0,  0,  3, 12]]), array([[ 8,  2,  0,  1],
       [ 1,  7,  0,  1],
       [ 0,  0, 10,  0],
       [ 0,  0,  2, 13]])]"
26,"[1.0, 1.0, 1.0, 1.0, 1.0, 1.0, 1.0, 1.0, 1.0, 1.0]","[1.0, 1.0, 1.0, 1.0, 1.0, 1.0, 1.0, 1.0, 1.0, 1.0]","[1.0, 1.0, 1.0, 1.0, 1.0, 1.0, 1.0, 1.0, 1.0, 1.0]","[1.0, 1.0, 1.0, 1.0, 1.0, 1.0, 1.0, 1.0, 1.0, 1.0]","[1.0, 1.0, 1.0, 1.0, 1.0, 1.0, 1.0, 1.0, 1.0, 1.0]","[1.0, 1.0, 1.0, 1.0, 1.0, 1.0, 1.0, 1.0, 1.0, 1.0]","[1.0, 1.0, 1.0, 1.0, 1.0, 1.0, 1.0, 1.0, 1.0, 1.0]","[1.0, 1.0, 1.0, 1.0, 1.0, 1.0, 1.0, 1.0, 1.0, 1.0]","[1.0, 1.0, 1.0, 1.0, 1.0, 1.0, 1.0, 1.0, 1.0, 1.0]","[1.0, 1.0, 1.0, 1.0, 1.0, 1.0, 1.0, 1.0, 1.0, 1.0]","[array([[100,   0,   0,   0],
       [  0, 133,   0,   0],
       [  0,   0,  89,   0],
       [  0,   0,   0, 134]]), array([[100,   0,   0,   0],
       [  0, 132,   0,   0],
       [  0,   0,  89,   0],
       [  0,   0,   0, 134]]), array([[101,   0,   0,   0],
       [  0, 135,   0,   0],
       [  0,   0,  89,   0],
       [  0,   0,   0, 134]]), array([[101,   0,   0,   0],
       [  0, 132,   0,   0],
       [  0,   0,  89,   0],
       [  0,   0,   0, 134]]), array([[101,   0,   0,   0],
       [  0, 130,   0,   0],
       [  0,   0,  89,   0],
       [  0,   0,   0, 135]]), array([[101,   0,   0,   0],
       [  0, 137,   0,   0],
       [  0,   0,  90,   0],
       [  0,   0,   0, 134]]), array([[101,   0,   0,   0],
       [  0, 134,   0,   0],
       [  0,   0,  89,   0],
       [  0,   0,   0, 134]]), array([[101,   0,   0,   0],
       [  0, 133,   0,   0],
       [  0,   0,  89,   0],
       [  0,   0,   0, 134]]), array([[101,   0,   0,   0],
       [  0, 133,   0,   0],
       [  0,   0,  89,   0],
       [  0,   0,   0, 134]]), array([[101,   0,   0,   0],
       [  0, 133,   0,   0],
       [  0,   0,  89,   0],
       [  0,   0,   0, 134]])]","[0.7391304347826086, 0.8260869565217391, 0.717391304347826, 0.7608695652173914, 0.7555555555555555, 0.8444444444444444, 0.7111111111111111, 0.8222222222222222, 0.7333333333333333, 0.8666666666666667]","[0.7391304347826086, 0.8260869565217391, 0.717391304347826, 0.7608695652173914, 0.7555555555555555, 0.8444444444444444, 0.7111111111111111, 0.8222222222222222, 0.7333333333333333, 0.8666666666666667]","[0.7391304347826086, 0.8260869565217391, 0.717391304347826, 0.7608695652173914, 0.7555555555555555, 0.8444444444444444, 0.7111111111111111, 0.8222222222222222, 0.7333333333333333, 0.8666666666666667]","[0.7391304347826086, 0.8260869565217391, 0.717391304347826, 0.7608695652173914, 0.7555555555555555, 0.8444444444444444, 0.7111111111111111, 0.8222222222222222, 0.7333333333333333, 0.8666666666666667]","[0.7562229437229437, 0.8381944444444445, 0.7404970760233918, 0.766729797979798, 0.7617694805194805, 0.871031746031746, 0.7199675324675325, 0.8253267973856209, 0.7285353535353536, 0.86875]","[0.7513888888888888, 0.8180555555555555, 0.7007575757575758, 0.7424242424242424, 0.7555194805194805, 0.847979797979798, 0.7030303030303029, 0.8095959595959596, 0.7285353535353536, 0.8656565656565657]","[0.7457904164800716, 0.8216374269005848, 0.7042446524064171, 0.7482323232323232, 0.7518512189564821, 0.8408045977011495, 0.7006912442396314, 0.8134868421052631, 0.7249999999999999, 0.8641074611662847]","[0.7628929041972521, 0.8351449275362318, 0.7351894228324435, 0.7681708388230126, 0.7664141414141413, 0.8798941798941798, 0.7302308802308802, 0.8293246187363833, 0.739618406285073, 0.8690740740740741]","[0.7391304347826086, 0.8260869565217391, 0.717391304347826, 0.7608695652173914, 0.7555555555555555, 0.8444444444444444, 0.7111111111111111, 0.8222222222222222, 0.7333333333333333, 0.8666666666666667]","[0.7433517007729901, 0.8239604280794213, 0.7107242501743779, 0.7580808080808081, 0.7545277334751018, 0.8445295870583228, 0.7103396484041645, 0.8217251461988304, 0.7333333333333333, 0.8651387827858416]","[array([[ 9,  3,  0,  0],
       [ 0,  8,  0,  1],
       [ 0,  0,  7,  3],
       [ 0,  0,  5, 10]]), array([[ 9,  2,  0,  1],
       [ 1,  8,  0,  0],
       [ 0,  0,  7,  3],
       [ 0,  0,  1, 14]]), array([[ 7,  4,  0,  0],
       [ 1,  8,  0,  1],
       [ 0,  0,  5,  5],
       [ 1,  0,  1, 13]]), array([[ 7,  3,  1,  0],
       [ 2,  7,  0,  1],
       [ 0,  0,  7,  3],
       [ 0,  1,  0, 14]]), array([[ 7,  3,  1,  0],
       [ 1,  9,  0,  0],
       [ 0,  0,  7,  3],
       [ 0,  0,  3, 11]]), array([[ 7,  4,  0,  0],
       [ 0, 10,  0,  0],
       [ 0,  0,  8,  1],
       [ 0,  1,  1, 13]]), array([[ 6,  4,  1,  0],
       [ 1,  6,  0,  2],
       [ 0,  0,  8,  2],
       [ 0,  1,  2, 12]]), array([[ 8,  3,  0,  0],
       [ 1,  7,  0,  1],
       [ 0,  0,  8,  2],
       [ 0,  0,  1, 14]]), array([[ 7,  4,  0,  0],
       [ 2,  7,  0,  0],
       [ 0,  0,  7,  3],
       [ 0,  0,  3, 12]]), array([[ 9,  1,  0,  1],
       [ 1,  7,  0,  1],
       [ 0,  0, 10,  0],
       [ 0,  0,  2, 13]])]"
27,"[1.0, 1.0, 1.0, 1.0, 1.0, 1.0, 1.0, 1.0, 1.0, 1.0]","[1.0, 1.0, 1.0, 1.0, 1.0, 1.0, 1.0, 1.0, 1.0, 1.0]","[1.0, 1.0, 1.0, 1.0, 1.0, 1.0, 1.0, 1.0, 1.0, 1.0]","[1.0, 1.0, 1.0, 1.0, 1.0, 1.0, 1.0, 1.0, 1.0, 1.0]","[1.0, 1.0, 1.0, 1.0, 1.0, 1.0, 1.0, 1.0, 1.0, 1.0]","[1.0, 1.0, 1.0, 1.0, 1.0, 1.0, 1.0, 1.0, 1.0, 1.0]","[1.0, 1.0, 1.0, 1.0, 1.0, 1.0, 1.0, 1.0, 1.0, 1.0]","[1.0, 1.0, 1.0, 1.0, 1.0, 1.0, 1.0, 1.0, 1.0, 1.0]","[1.0, 1.0, 1.0, 1.0, 1.0, 1.0, 1.0, 1.0, 1.0, 1.0]","[1.0, 1.0, 1.0, 1.0, 1.0, 1.0, 1.0, 1.0, 1.0, 1.0]","[array([[100,   0,   0,   0],
       [  0, 133,   0,   0],
       [  0,   0,  89,   0],
       [  0,   0,   0, 134]]), array([[100,   0,   0,   0],
       [  0, 132,   0,   0],
       [  0,   0,  89,   0],
       [  0,   0,   0, 134]]), array([[101,   0,   0,   0],
       [  0, 135,   0,   0],
       [  0,   0,  89,   0],
       [  0,   0,   0, 134]]), array([[101,   0,   0,   0],
       [  0, 132,   0,   0],
       [  0,   0,  89,   0],
       [  0,   0,   0, 134]]), array([[101,   0,   0,   0],
       [  0, 130,   0,   0],
       [  0,   0,  89,   0],
       [  0,   0,   0, 135]]), array([[101,   0,   0,   0],
       [  0, 137,   0,   0],
       [  0,   0,  90,   0],
       [  0,   0,   0, 134]]), array([[101,   0,   0,   0],
       [  0, 134,   0,   0],
       [  0,   0,  89,   0],
       [  0,   0,   0, 134]]), array([[101,   0,   0,   0],
       [  0, 133,   0,   0],
       [  0,   0,  89,   0],
       [  0,   0,   0, 134]]), array([[101,   0,   0,   0],
       [  0, 133,   0,   0],
       [  0,   0,  89,   0],
       [  0,   0,   0, 134]]), array([[101,   0,   0,   0],
       [  0, 133,   0,   0],
       [  0,   0,  89,   0],
       [  0,   0,   0, 134]])]","[0.717391304347826, 0.8043478260869565, 0.7391304347826086, 0.782608695652174, 0.7555555555555555, 0.8222222222222222, 0.6888888888888889, 0.8444444444444444, 0.6888888888888889, 0.8222222222222222]","[0.717391304347826, 0.8043478260869565, 0.7391304347826086, 0.782608695652174, 0.7555555555555555, 0.8222222222222222, 0.6888888888888889, 0.8444444444444444, 0.6888888888888889, 0.8222222222222222]","[0.717391304347826, 0.8043478260869565, 0.7391304347826086, 0.782608695652174, 0.7555555555555555, 0.8222222222222222, 0.6888888888888889, 0.8444444444444444, 0.6888888888888889, 0.8222222222222222]","[0.717391304347826, 0.8043478260869565, 0.7391304347826086, 0.782608695652174, 0.7555555555555555, 0.8222222222222222, 0.6888888888888889, 0.8444444444444444, 0.6888888888888889, 0.8222222222222222]","[0.724404761904762, 0.8167446524064171, 0.7712128879892037, 0.7881944444444444, 0.7512626262626263, 0.8496031746031746, 0.7102007469654529, 0.847549019607843, 0.672979797979798, 0.8246527777777778]","[0.7236111111111111, 0.8013888888888888, 0.7257575757575757, 0.7651515151515151, 0.7483766233766235, 0.822979797979798, 0.678030303030303, 0.8323232323232324, 0.672979797979798, 0.8202020202020203]","[0.7202606830556014, 0.802114898989899, 0.7272891708170682, 0.7720418470418471, 0.7473727422003283, 0.8208333333333333, 0.681234335839599, 0.8380064745196324, 0.672979797979798, 0.8156051173878]","[0.7314699792960664, 0.8166531039293187, 0.7640123511118935, 0.7873188405797101, 0.7561840628507296, 0.853968253968254, 0.7176574333437079, 0.8475962236746549, 0.6888888888888889, 0.8254629629629631]","[0.717391304347826, 0.8043478260869565, 0.7391304347826086, 0.782608695652174, 0.7555555555555555, 0.8222222222222222, 0.6888888888888889, 0.8444444444444444, 0.6888888888888889, 0.8222222222222222]","[0.7208309720737718, 0.8039882520860783, 0.7315638771676215, 0.7801304975218019, 0.7534501003466519, 0.8234567901234568, 0.6909913673071567, 0.8438805346700083, 0.6888888888888889, 0.8172626091132034]","[array([[ 9,  3,  0,  0],
       [ 1,  7,  0,  1],
       [ 0,  0,  7,  3],
       [ 0,  0,  5, 10]]), array([[ 9,  2,  0,  1],
       [ 1,  8,  0,  0],
       [ 0,  0,  7,  3],
       [ 0,  1,  1, 13]]), array([[ 7,  4,  0,  0],
       [ 0,  9,  0,  1],
       [ 0,  0,  5,  5],
       [ 1,  0,  1, 13]]), array([[ 8,  2,  1,  0],
       [ 2,  7,  0,  1],
       [ 0,  0,  7,  3],
       [ 0,  1,  0, 14]]), array([[ 7,  3,  1,  0],
       [ 2,  8,  0,  0],
       [ 0,  0,  7,  3],
       [ 0,  0,  2, 12]]), array([[ 7,  4,  0,  0],
       [ 0,  9,  0,  1],
       [ 0,  0,  8,  1],
       [ 0,  1,  1, 13]]), array([[ 6,  4,  1,  0],
       [ 1,  6,  0,  2],
       [ 0,  0,  7,  3],
       [ 0,  2,  1, 12]]), array([[ 9,  2,  0,  0],
       [ 1,  7,  0,  1],
       [ 0,  0,  8,  2],
       [ 0,  0,  1, 14]]), array([[ 7,  4,  0,  0],
       [ 4,  5,  0,  0],
       [ 0,  0,  7,  3],
       [ 0,  0,  3, 12]]), array([[ 7,  2,  0,  2],
       [ 1,  7,  0,  1],
       [ 0,  0, 10,  0],
       [ 0,  0,  2, 13]])]"
28,"[1.0, 1.0, 1.0, 1.0, 1.0, 1.0, 1.0, 1.0, 1.0, 1.0]","[1.0, 1.0, 1.0, 1.0, 1.0, 1.0, 1.0, 1.0, 1.0, 1.0]","[1.0, 1.0, 1.0, 1.0, 1.0, 1.0, 1.0, 1.0, 1.0, 1.0]","[1.0, 1.0, 1.0, 1.0, 1.0, 1.0, 1.0, 1.0, 1.0, 1.0]","[1.0, 1.0, 1.0, 1.0, 1.0, 1.0, 1.0, 1.0, 1.0, 1.0]","[1.0, 1.0, 1.0, 1.0, 1.0, 1.0, 1.0, 1.0, 1.0, 1.0]","[1.0, 1.0, 1.0, 1.0, 1.0, 1.0, 1.0, 1.0, 1.0, 1.0]","[1.0, 1.0, 1.0, 1.0, 1.0, 1.0, 1.0, 1.0, 1.0, 1.0]","[1.0, 1.0, 1.0, 1.0, 1.0, 1.0, 1.0, 1.0, 1.0, 1.0]","[1.0, 1.0, 1.0, 1.0, 1.0, 1.0, 1.0, 1.0, 1.0, 1.0]","[array([[100,   0,   0,   0],
       [  0, 133,   0,   0],
       [  0,   0,  89,   0],
       [  0,   0,   0, 134]]), array([[100,   0,   0,   0],
       [  0, 132,   0,   0],
       [  0,   0,  89,   0],
       [  0,   0,   0, 134]]), array([[101,   0,   0,   0],
       [  0, 135,   0,   0],
       [  0,   0,  89,   0],
       [  0,   0,   0, 134]]), array([[101,   0,   0,   0],
       [  0, 132,   0,   0],
       [  0,   0,  89,   0],
       [  0,   0,   0, 134]]), array([[101,   0,   0,   0],
       [  0, 130,   0,   0],
       [  0,   0,  89,   0],
       [  0,   0,   0, 135]]), array([[101,   0,   0,   0],
       [  0, 137,   0,   0],
       [  0,   0,  90,   0],
       [  0,   0,   0, 134]]), array([[101,   0,   0,   0],
       [  0, 134,   0,   0],
       [  0,   0,  89,   0],
       [  0,   0,   0, 134]]), array([[101,   0,   0,   0],
       [  0, 133,   0,   0],
       [  0,   0,  89,   0],
       [  0,   0,   0, 134]]), array([[101,   0,   0,   0],
       [  0, 133,   0,   0],
       [  0,   0,  89,   0],
       [  0,   0,   0, 134]]), array([[101,   0,   0,   0],
       [  0, 133,   0,   0],
       [  0,   0,  89,   0],
       [  0,   0,   0, 134]])]","[0.7608695652173914, 0.8043478260869565, 0.7608695652173914, 0.7608695652173914, 0.7777777777777778, 0.8222222222222222, 0.7111111111111111, 0.8222222222222222, 0.7555555555555555, 0.8]","[0.7608695652173914, 0.8043478260869565, 0.7608695652173914, 0.7608695652173914, 0.7777777777777778, 0.8222222222222222, 0.7111111111111111, 0.8222222222222222, 0.7555555555555555, 0.8]","[0.7608695652173914, 0.8043478260869565, 0.7608695652173914, 0.7608695652173914, 0.7777777777777778, 0.8222222222222222, 0.7111111111111111, 0.8222222222222222, 0.7555555555555555, 0.8]","[0.7608695652173914, 0.8043478260869565, 0.7608695652173914, 0.7608695652173914, 0.7777777777777778, 0.8222222222222222, 0.7111111111111111, 0.8222222222222222, 0.7555555555555555, 0.8]","[0.7744047619047619, 0.8106209150326797, 0.7862103174603176, 0.766729797979798, 0.7762626262626262, 0.8606150793650793, 0.7267857142857144, 0.8253267973856209, 0.7496392496392497, 0.7934027777777778]","[0.7722222222222223, 0.8013888888888888, 0.7507575757575757, 0.7424242424242424, 0.7711038961038962, 0.8252525252525252, 0.7030303030303029, 0.8095959595959596, 0.7535353535353535, 0.7924242424242424]","[0.7693037452565583, 0.8024072966507177, 0.7457635566188199, 0.7482323232323232, 0.7720594589923083, 0.8151384337996914, 0.7030721966205837, 0.8134868421052631, 0.7473727422003283, 0.7884207348628601]","[0.7771221532091097, 0.8097470872406933, 0.7811853002070394, 0.7681708388230126, 0.7789001122334456, 0.8706349206349207, 0.7373015873015873, 0.8293246187363833, 0.764726631393298, 0.796141975308642]","[0.7608695652173914, 0.8043478260869565, 0.7608695652173914, 0.7608695652173914, 0.7777777777777778, 0.8222222222222222, 0.7111111111111111, 0.8222222222222222, 0.7555555555555555, 0.8]","[0.7651413527685919, 0.8033271791137924, 0.7501473545523889, 0.7580808080808081, 0.776769509981851, 0.8201175430384356, 0.7130909711554874, 0.8217251461988304, 0.7562853493887978, 0.7938776761926666]","[array([[10,  2,  0,  0],
       [ 0,  8,  0,  1],
       [ 0,  0,  7,  3],
       [ 0,  0,  5, 10]]), array([[ 9,  2,  0,  1],
       [ 1,  8,  0,  0],
       [ 0,  0,  7,  3],
       [ 0,  0,  2, 13]]), array([[ 7,  4,  0,  0],
       [ 0, 10,  0,  0],
       [ 0,  0,  5,  5],
       [ 1,  0,  1, 13]]), array([[ 7,  3,  1,  0],
       [ 2,  7,  0,  1],
       [ 0,  0,  7,  3],
       [ 0,  1,  0, 14]]), array([[ 8,  3,  0,  0],
       [ 2,  8,  0,  0],
       [ 0,  0,  7,  3],
       [ 0,  0,  2, 12]]), array([[ 6,  5,  0,  0],
       [ 0, 10,  0,  0],
       [ 0,  0,  8,  1],
       [ 0,  1,  1, 13]]), array([[ 6,  4,  1,  0],
       [ 1,  6,  0,  2],
       [ 0,  0,  8,  2],
       [ 0,  2,  1, 12]]), array([[ 8,  3,  0,  0],
       [ 1,  7,  0,  1],
       [ 0,  0,  8,  2],
       [ 0,  0,  1, 14]]), array([[ 7,  4,  0,  0],
       [ 2,  7,  0,  0],
       [ 0,  0,  8,  2],
       [ 0,  0,  3, 12]]), array([[ 7,  2,  0,  2],
       [ 2,  6,  0,  1],
       [ 0,  0, 10,  0],
       [ 0,  0,  2, 13]])]"
29,"[1.0, 1.0, 1.0, 1.0, 1.0, 1.0, 1.0, 1.0, 1.0, 1.0]","[1.0, 1.0, 1.0, 1.0, 1.0, 1.0, 1.0, 1.0, 1.0, 1.0]","[1.0, 1.0, 1.0, 1.0, 1.0, 1.0, 1.0, 1.0, 1.0, 1.0]","[1.0, 1.0, 1.0, 1.0, 1.0, 1.0, 1.0, 1.0, 1.0, 1.0]","[1.0, 1.0, 1.0, 1.0, 1.0, 1.0, 1.0, 1.0, 1.0, 1.0]","[1.0, 1.0, 1.0, 1.0, 1.0, 1.0, 1.0, 1.0, 1.0, 1.0]","[1.0, 1.0, 1.0, 1.0, 1.0, 1.0, 1.0, 1.0, 1.0, 1.0]","[1.0, 1.0, 1.0, 1.0, 1.0, 1.0, 1.0, 1.0, 1.0, 1.0]","[1.0, 1.0, 1.0, 1.0, 1.0, 1.0, 1.0, 1.0, 1.0, 1.0]","[1.0, 1.0, 1.0, 1.0, 1.0, 1.0, 1.0, 1.0, 1.0, 1.0]","[array([[100,   0,   0,   0],
       [  0, 133,   0,   0],
       [  0,   0,  89,   0],
       [  0,   0,   0, 134]]), array([[100,   0,   0,   0],
       [  0, 132,   0,   0],
       [  0,   0,  89,   0],
       [  0,   0,   0, 134]]), array([[101,   0,   0,   0],
       [  0, 135,   0,   0],
       [  0,   0,  89,   0],
       [  0,   0,   0, 134]]), array([[101,   0,   0,   0],
       [  0, 132,   0,   0],
       [  0,   0,  89,   0],
       [  0,   0,   0, 134]]), array([[101,   0,   0,   0],
       [  0, 130,   0,   0],
       [  0,   0,  89,   0],
       [  0,   0,   0, 135]]), array([[101,   0,   0,   0],
       [  0, 137,   0,   0],
       [  0,   0,  90,   0],
       [  0,   0,   0, 134]]), array([[101,   0,   0,   0],
       [  0, 134,   0,   0],
       [  0,   0,  89,   0],
       [  0,   0,   0, 134]]), array([[101,   0,   0,   0],
       [  0, 133,   0,   0],
       [  0,   0,  89,   0],
       [  0,   0,   0, 134]]), array([[101,   0,   0,   0],
       [  0, 133,   0,   0],
       [  0,   0,  89,   0],
       [  0,   0,   0, 134]]), array([[101,   0,   0,   0],
       [  0, 133,   0,   0],
       [  0,   0,  89,   0],
       [  0,   0,   0, 134]])]","[0.7391304347826086, 0.7608695652173914, 0.717391304347826, 0.717391304347826, 0.7555555555555555, 0.8666666666666667, 0.7111111111111111, 0.8444444444444444, 0.7333333333333333, 0.8]","[0.7391304347826086, 0.7608695652173914, 0.717391304347826, 0.717391304347826, 0.7555555555555555, 0.8666666666666667, 0.7111111111111111, 0.8444444444444444, 0.7333333333333333, 0.8]","[0.7391304347826086, 0.7608695652173914, 0.717391304347826, 0.717391304347826, 0.7555555555555555, 0.8666666666666667, 0.7111111111111111, 0.8444444444444444, 0.7333333333333333, 0.8]","[0.7391304347826086, 0.7608695652173914, 0.717391304347826, 0.717391304347826, 0.7555555555555555, 0.8666666666666667, 0.7111111111111111, 0.8444444444444444, 0.7333333333333333, 0.8]","[0.7461219336219337, 0.7710375816993463, 0.7371031746031746, 0.7263812576312576, 0.7512626262626263, 0.8841269841269841, 0.7256493506493507, 0.847549019607843, 0.7285353535353536, 0.8089163695781343]","[0.7444444444444444, 0.7597222222222223, 0.703030303030303, 0.696969696969697, 0.7483766233766235, 0.8646464646464647, 0.6946969696969696, 0.8323232323232324, 0.7285353535353536, 0.7952020202020202]","[0.7433404509866279, 0.7528117167919799, 0.6986144338118023, 0.6976284584980238, 0.7473727422003283, 0.8583333333333334, 0.697846889952153, 0.8380064745196324, 0.7249999999999999, 0.7960656850459482]","[0.7490589121023904, 0.7771383915885195, 0.7357660455486542, 0.7317048893135849, 0.7561840628507296, 0.892063492063492, 0.7321949655282989, 0.8475962236746549, 0.739618406285073, 0.8061645870469399]","[0.7391304347826086, 0.7608695652173914, 0.717391304347826, 0.717391304347826, 0.7555555555555555, 0.8666666666666667, 0.7111111111111111, 0.8444444444444444, 0.7333333333333333, 0.8]","[0.7422444904030199, 0.7568057371690095, 0.7068597878094446, 0.7109373508239294, 0.7534501003466519, 0.8641975308641975, 0.7093319156477051, 0.8438805346700083, 0.7333333333333333, 0.7969820384294068]","[array([[10,  2,  0,  0],
       [ 1,  7,  0,  1],
       [ 0,  0,  7,  3],
       [ 0,  0,  5, 10]]), array([[ 7,  4,  0,  1],
       [ 1,  8,  0,  0],
       [ 0,  0,  7,  3],
       [ 0,  0,  2, 13]]), array([[ 6,  5,  0,  0],
       [ 1,  9,  0,  0],
       [ 0,  0,  5,  5],
       [ 1,  0,  1, 13]]), array([[ 5,  5,  1,  0],
       [ 2,  7,  0,  1],
       [ 0,  0,  7,  3],
       [ 0,  1,  0, 14]]), array([[ 7,  3,  1,  0],
       [ 2,  8,  0,  0],
       [ 0,  0,  7,  3],
       [ 0,  0,  2, 12]]), array([[ 7,  4,  0,  0],
       [ 0, 10,  0,  0],
       [ 0,  0,  8,  1],
       [ 0,  0,  1, 14]]), array([[ 6,  4,  1,  0],
       [ 1,  6,  0,  2],
       [ 0,  0,  7,  3],
       [ 0,  1,  1, 13]]), array([[ 9,  2,  0,  0],
       [ 1,  7,  0,  1],
       [ 0,  0,  8,  2],
       [ 0,  0,  1, 14]]), array([[ 7,  4,  0,  0],
       [ 2,  7,  0,  0],
       [ 0,  0,  7,  3],
       [ 0,  0,  3, 12]]), array([[ 7,  2,  0,  2],
       [ 1,  7,  0,  1],
       [ 0,  0,  9,  1],
       [ 0,  0,  2, 13]])]"
30,"[1.0, 1.0, 1.0, 1.0, 1.0, 1.0, 1.0, 1.0, 1.0, 1.0]","[1.0, 1.0, 1.0, 1.0, 1.0, 1.0, 1.0, 1.0, 1.0, 1.0]","[1.0, 1.0, 1.0, 1.0, 1.0, 1.0, 1.0, 1.0, 1.0, 1.0]","[1.0, 1.0, 1.0, 1.0, 1.0, 1.0, 1.0, 1.0, 1.0, 1.0]","[1.0, 1.0, 1.0, 1.0, 1.0, 1.0, 1.0, 1.0, 1.0, 1.0]","[1.0, 1.0, 1.0, 1.0, 1.0, 1.0, 1.0, 1.0, 1.0, 1.0]","[1.0, 1.0, 1.0, 1.0, 1.0, 1.0, 1.0, 1.0, 1.0, 1.0]","[1.0, 1.0, 1.0, 1.0, 1.0, 1.0, 1.0, 1.0, 1.0, 1.0]","[1.0, 1.0, 1.0, 1.0, 1.0, 1.0, 1.0, 1.0, 1.0, 1.0]","[1.0, 1.0, 1.0, 1.0, 1.0, 1.0, 1.0, 1.0, 1.0, 1.0]","[array([[100,   0,   0,   0],
       [  0, 133,   0,   0],
       [  0,   0,  89,   0],
       [  0,   0,   0, 134]]), array([[100,   0,   0,   0],
       [  0, 132,   0,   0],
       [  0,   0,  89,   0],
       [  0,   0,   0, 134]]), array([[101,   0,   0,   0],
       [  0, 135,   0,   0],
       [  0,   0,  89,   0],
       [  0,   0,   0, 134]]), array([[101,   0,   0,   0],
       [  0, 132,   0,   0],
       [  0,   0,  89,   0],
       [  0,   0,   0, 134]]), array([[101,   0,   0,   0],
       [  0, 130,   0,   0],
       [  0,   0,  89,   0],
       [  0,   0,   0, 135]]), array([[101,   0,   0,   0],
       [  0, 137,   0,   0],
       [  0,   0,  90,   0],
       [  0,   0,   0, 134]]), array([[101,   0,   0,   0],
       [  0, 134,   0,   0],
       [  0,   0,  89,   0],
       [  0,   0,   0, 134]]), array([[101,   0,   0,   0],
       [  0, 133,   0,   0],
       [  0,   0,  89,   0],
       [  0,   0,   0, 134]]), array([[101,   0,   0,   0],
       [  0, 133,   0,   0],
       [  0,   0,  89,   0],
       [  0,   0,   0, 134]]), array([[101,   0,   0,   0],
       [  0, 133,   0,   0],
       [  0,   0,  89,   0],
       [  0,   0,   0, 134]])]","[0.7608695652173914, 0.7391304347826086, 0.717391304347826, 0.7608695652173914, 0.8, 0.8222222222222222, 0.6888888888888889, 0.7777777777777778, 0.7555555555555555, 0.8222222222222222]","[0.7608695652173914, 0.7391304347826086, 0.717391304347826, 0.7608695652173914, 0.8, 0.8222222222222222, 0.6888888888888889, 0.7777777777777778, 0.7555555555555555, 0.8222222222222222]","[0.7608695652173914, 0.7391304347826086, 0.717391304347826, 0.7608695652173914, 0.8, 0.8222222222222222, 0.6888888888888889, 0.7777777777777778, 0.7555555555555555, 0.8222222222222222]","[0.7608695652173914, 0.7391304347826086, 0.717391304347826, 0.7608695652173914, 0.8, 0.8222222222222222, 0.6888888888888889, 0.7777777777777778, 0.7555555555555555, 0.8222222222222222]","[0.7779720279720279, 0.7545405982905983, 0.7361874236874237, 0.7690173796791444, 0.8041666666666667, 0.8307158119658119, 0.7314903846153846, 0.7882236227824462, 0.7496392496392497, 0.8257440476190476]","[0.7763888888888889, 0.7430555555555556, 0.703030303030303, 0.7484848484848484, 0.7961038961038961, 0.817929292929293, 0.689141414141414, 0.7641414141414142, 0.7535353535353535, 0.8151515151515152]","[0.7667701863354037, 0.7345770952307455, 0.7052480655253572, 0.7547123015873015, 0.7956525325853819, 0.8182011935208867, 0.6879808521649129, 0.7626096491228069, 0.7473727422003283, 0.8149263371037565]","[0.7877774399513531, 0.7623095503530287, 0.734969740404523, 0.769222273889793, 0.8056790123456791, 0.8350189933523267, 0.7368589743589744, 0.7982311443095756, 0.764726631393298, 0.8230026455026456]","[0.7608695652173914, 0.7391304347826086, 0.717391304347826, 0.7608695652173914, 0.8, 0.8222222222222222, 0.6888888888888889, 0.7777777777777778, 0.7555555555555555, 0.8222222222222222]","[0.7642722117202269, 0.7375386700846213, 0.7126281632125359, 0.7611499309868874, 0.7985876918000331, 0.8230633702756466, 0.6919364422210723, 0.7750974658869396, 0.7562853493887978, 0.8178334807367065]","[array([[ 9,  3,  0,  0],
       [ 0,  8,  0,  1],
       [ 0,  0,  8,  2],
       [ 0,  0,  5, 10]]), array([[ 7,  4,  0,  1],
       [ 1,  8,  0,  0],
       [ 0,  0,  7,  3],
       [ 0,  1,  2, 12]]), array([[ 6,  5,  0,  0],
       [ 1,  8,  0,  1],
       [ 0,  0,  6,  4],
       [ 1,  0,  1, 13]]), array([[ 8,  2,  1,  0],
       [ 2,  7,  0,  1],
       [ 0,  0,  7,  3],
       [ 0,  2,  0, 13]]), array([[ 8,  3,  0,  0],
       [ 1,  9,  0,  0],
       [ 0,  0,  7,  3],
       [ 0,  0,  2, 12]]), array([[ 8,  3,  0,  0],
       [ 1,  9,  0,  0],
       [ 0,  0,  7,  2],
       [ 0,  1,  1, 13]]), array([[ 6,  4,  1,  0],
       [ 0,  7,  0,  2],
       [ 0,  0,  7,  3],
       [ 0,  2,  2, 11]]), array([[ 6,  5,  0,  0],
       [ 1,  7,  0,  1],
       [ 0,  0,  8,  2],
       [ 0,  0,  1, 14]]), array([[ 7,  4,  0,  0],
       [ 2,  7,  0,  0],
       [ 0,  0,  8,  2],
       [ 0,  0,  3, 12]]), array([[ 8,  1,  0,  2],
       [ 2,  6,  0,  1],
       [ 0,  0, 10,  0],
       [ 0,  0,  2, 13]])]"
31,"[1.0, 1.0, 1.0, 1.0, 1.0, 1.0, 1.0, 1.0, 1.0, 1.0]","[1.0, 1.0, 1.0, 1.0, 1.0, 1.0, 1.0, 1.0, 1.0, 1.0]","[1.0, 1.0, 1.0, 1.0, 1.0, 1.0, 1.0, 1.0, 1.0, 1.0]","[1.0, 1.0, 1.0, 1.0, 1.0, 1.0, 1.0, 1.0, 1.0, 1.0]","[1.0, 1.0, 1.0, 1.0, 1.0, 1.0, 1.0, 1.0, 1.0, 1.0]","[1.0, 1.0, 1.0, 1.0, 1.0, 1.0, 1.0, 1.0, 1.0, 1.0]","[1.0, 1.0, 1.0, 1.0, 1.0, 1.0, 1.0, 1.0, 1.0, 1.0]","[1.0, 1.0, 1.0, 1.0, 1.0, 1.0, 1.0, 1.0, 1.0, 1.0]","[1.0, 1.0, 1.0, 1.0, 1.0, 1.0, 1.0, 1.0, 1.0, 1.0]","[1.0, 1.0, 1.0, 1.0, 1.0, 1.0, 1.0, 1.0, 1.0, 1.0]","[array([[100,   0,   0,   0],
       [  0, 133,   0,   0],
       [  0,   0,  89,   0],
       [  0,   0,   0, 134]]), array([[100,   0,   0,   0],
       [  0, 132,   0,   0],
       [  0,   0,  89,   0],
       [  0,   0,   0, 134]]), array([[101,   0,   0,   0],
       [  0, 135,   0,   0],
       [  0,   0,  89,   0],
       [  0,   0,   0, 134]]), array([[101,   0,   0,   0],
       [  0, 132,   0,   0],
       [  0,   0,  89,   0],
       [  0,   0,   0, 134]]), array([[101,   0,   0,   0],
       [  0, 130,   0,   0],
       [  0,   0,  89,   0],
       [  0,   0,   0, 135]]), array([[101,   0,   0,   0],
       [  0, 137,   0,   0],
       [  0,   0,  90,   0],
       [  0,   0,   0, 134]]), array([[101,   0,   0,   0],
       [  0, 134,   0,   0],
       [  0,   0,  89,   0],
       [  0,   0,   0, 134]]), array([[101,   0,   0,   0],
       [  0, 133,   0,   0],
       [  0,   0,  89,   0],
       [  0,   0,   0, 134]]), array([[101,   0,   0,   0],
       [  0, 133,   0,   0],
       [  0,   0,  89,   0],
       [  0,   0,   0, 134]]), array([[101,   0,   0,   0],
       [  0, 133,   0,   0],
       [  0,   0,  89,   0],
       [  0,   0,   0, 134]])]","[0.782608695652174, 0.7391304347826086, 0.7608695652173914, 0.782608695652174, 0.8, 0.8666666666666667, 0.7111111111111111, 0.8444444444444444, 0.7777777777777778, 0.8]","[0.782608695652174, 0.7391304347826086, 0.7608695652173914, 0.782608695652174, 0.8, 0.8666666666666667, 0.7111111111111111, 0.8444444444444444, 0.7777777777777778, 0.8]","[0.782608695652174, 0.7391304347826086, 0.7608695652173914, 0.782608695652174, 0.8, 0.8666666666666667, 0.7111111111111111, 0.8444444444444444, 0.7777777777777778, 0.8]","[0.782608695652174, 0.7391304347826086, 0.7608695652173914, 0.782608695652174, 0.8, 0.8666666666666667, 0.7111111111111111, 0.8444444444444444, 0.7777777777777778, 0.8]","[0.7940705128205128, 0.7545405982905983, 0.7862103174603176, 0.7881944444444444, 0.8041666666666667, 0.8652777777777778, 0.7473039215686275, 0.847549019607843, 0.7702020202020202, 0.8089163695781343]","[0.7902777777777777, 0.7430555555555556, 0.7507575757575757, 0.7651515151515151, 0.7961038961038961, 0.8623737373737375, 0.7058080808080807, 0.8323232323232324, 0.7702020202020202, 0.7952020202020202]","[0.7875334916575326, 0.7345770952307455, 0.7457635566188199, 0.7720418470418471, 0.7956525325853819, 0.86010101010101, 0.7056372549019607, 0.8380064745196324, 0.7666666666666667, 0.7960656850459482]","[0.7949414715719064, 0.7623095503530287, 0.7811853002070394, 0.7873188405797101, 0.8056790123456791, 0.8728395061728396, 0.7519607843137256, 0.8475962236746549, 0.7840628507295174, 0.8061645870469399]","[0.782608695652174, 0.7391304347826086, 0.7608695652173914, 0.782608695652174, 0.8, 0.8666666666666667, 0.7111111111111111, 0.8444444444444444, 0.7777777777777778, 0.8]","[0.7844037425934457, 0.7375386700846213, 0.7501473545523889, 0.7801304975218019, 0.7985876918000331, 0.8662626262626263, 0.711437908496732, 0.8438805346700083, 0.7777777777777778, 0.7969820384294068]","[array([[11,  1,  0,  0],
       [ 1,  7,  0,  1],
       [ 0,  0,  8,  2],
       [ 0,  0,  5, 10]]), array([[ 7,  4,  0,  1],
       [ 1,  8,  0,  0],
       [ 0,  0,  7,  3],
       [ 0,  1,  2, 12]]), array([[ 7,  4,  0,  0],
       [ 0, 10,  0,  0],
       [ 0,  0,  5,  5],
       [ 1,  0,  1, 13]]), array([[ 8,  2,  1,  0],
       [ 2,  7,  0,  1],
       [ 0,  0,  7,  3],
       [ 0,  1,  0, 14]]), array([[ 8,  3,  0,  0],
       [ 1,  9,  0,  0],
       [ 0,  0,  7,  3],
       [ 0,  0,  2, 12]]), array([[ 8,  3,  0,  0],
       [ 1,  9,  0,  0],
       [ 0,  0,  8,  1],
       [ 0,  0,  1, 14]]), array([[ 6,  4,  1,  0],
       [ 0,  7,  0,  2],
       [ 0,  0,  7,  3],
       [ 0,  1,  2, 12]]), array([[ 9,  2,  0,  0],
       [ 1,  7,  0,  1],
       [ 0,  0,  8,  2],
       [ 0,  0,  1, 14]]), array([[ 7,  4,  0,  0],
       [ 2,  7,  0,  0],
       [ 0,  0,  8,  2],
       [ 0,  0,  2, 13]]), array([[ 7,  2,  0,  2],
       [ 1,  7,  0,  1],
       [ 0,  0,  9,  1],
       [ 0,  0,  2, 13]])]"
32,"[1.0, 1.0, 1.0, 1.0, 1.0, 1.0, 1.0, 1.0, 1.0, 1.0]","[1.0, 1.0, 1.0, 1.0, 1.0, 1.0, 1.0, 1.0, 1.0, 1.0]","[1.0, 1.0, 1.0, 1.0, 1.0, 1.0, 1.0, 1.0, 1.0, 1.0]","[1.0, 1.0, 1.0, 1.0, 1.0, 1.0, 1.0, 1.0, 1.0, 1.0]","[1.0, 1.0, 1.0, 1.0, 1.0, 1.0, 1.0, 1.0, 1.0, 1.0]","[1.0, 1.0, 1.0, 1.0, 1.0, 1.0, 1.0, 1.0, 1.0, 1.0]","[1.0, 1.0, 1.0, 1.0, 1.0, 1.0, 1.0, 1.0, 1.0, 1.0]","[1.0, 1.0, 1.0, 1.0, 1.0, 1.0, 1.0, 1.0, 1.0, 1.0]","[1.0, 1.0, 1.0, 1.0, 1.0, 1.0, 1.0, 1.0, 1.0, 1.0]","[1.0, 1.0, 1.0, 1.0, 1.0, 1.0, 1.0, 1.0, 1.0, 1.0]","[array([[100,   0,   0,   0],
       [  0, 133,   0,   0],
       [  0,   0,  89,   0],
       [  0,   0,   0, 134]]), array([[100,   0,   0,   0],
       [  0, 132,   0,   0],
       [  0,   0,  89,   0],
       [  0,   0,   0, 134]]), array([[101,   0,   0,   0],
       [  0, 135,   0,   0],
       [  0,   0,  89,   0],
       [  0,   0,   0, 134]]), array([[101,   0,   0,   0],
       [  0, 132,   0,   0],
       [  0,   0,  89,   0],
       [  0,   0,   0, 134]]), array([[101,   0,   0,   0],
       [  0, 130,   0,   0],
       [  0,   0,  89,   0],
       [  0,   0,   0, 135]]), array([[101,   0,   0,   0],
       [  0, 137,   0,   0],
       [  0,   0,  90,   0],
       [  0,   0,   0, 134]]), array([[101,   0,   0,   0],
       [  0, 134,   0,   0],
       [  0,   0,  89,   0],
       [  0,   0,   0, 134]]), array([[101,   0,   0,   0],
       [  0, 133,   0,   0],
       [  0,   0,  89,   0],
       [  0,   0,   0, 134]]), array([[101,   0,   0,   0],
       [  0, 133,   0,   0],
       [  0,   0,  89,   0],
       [  0,   0,   0, 134]]), array([[101,   0,   0,   0],
       [  0, 133,   0,   0],
       [  0,   0,  89,   0],
       [  0,   0,   0, 134]])]","[0.7391304347826086, 0.7391304347826086, 0.7391304347826086, 0.7608695652173914, 0.7555555555555555, 0.8, 0.7333333333333333, 0.7777777777777778, 0.7777777777777778, 0.8]","[0.7391304347826086, 0.7391304347826086, 0.7391304347826086, 0.7608695652173914, 0.7555555555555555, 0.8, 0.7333333333333333, 0.7777777777777778, 0.7777777777777778, 0.8]","[0.7391304347826086, 0.7391304347826086, 0.7391304347826086, 0.7608695652173914, 0.7555555555555555, 0.8, 0.7333333333333333, 0.7777777777777778, 0.7777777777777778, 0.8]","[0.7391304347826086, 0.7391304347826086, 0.7391304347826086, 0.7608695652173914, 0.7555555555555555, 0.8, 0.7333333333333333, 0.7777777777777778, 0.7777777777777778, 0.8]","[0.7461538461538462, 0.7545405982905983, 0.770045518207283, 0.7690173796791444, 0.7532467532467533, 0.8148809523809524, 0.7651515151515151, 0.7910353535353535, 0.7702020202020202, 0.8007440476190476]","[0.748611111111111, 0.7430555555555556, 0.7303030303030303, 0.7484848484848484, 0.7532467532467533, 0.7952020202020202, 0.7308080808080808, 0.7618686868686868, 0.7702020202020202, 0.7974747474747474]","[0.7412404529109335, 0.7345770952307455, 0.7189621040723982, 0.7547123015873015, 0.7523809523809524, 0.7942595459236327, 0.7271618324749254, 0.765776182881446, 0.7666666666666667, 0.7878273396100222]","[0.7563545150501673, 0.7623095503530287, 0.7708409450736816, 0.769222273889793, 0.7571717171717173, 0.8206349206349207, 0.7727272727272727, 0.7948653198653198, 0.7840628507295174, 0.8055423280423281]","[0.7391304347826086, 0.7391304347826086, 0.7391304347826086, 0.7608695652173914, 0.7555555555555555, 0.8, 0.7333333333333333, 0.7777777777777778, 0.7777777777777778, 0.8]","[0.7417514830210084, 0.7375386700846213, 0.7262873795002952, 0.7611499309868874, 0.7555555555555555, 0.8003783969728242, 0.733259038382378, 0.7757847480654498, 0.7777777777777778, 0.7919214785089148]","[array([[ 9,  3,  0,  0],
       [ 1,  7,  0,  1],
       [ 0,  0,  8,  2],
       [ 0,  0,  5, 10]]), array([[ 7,  4,  0,  1],
       [ 1,  8,  0,  0],
       [ 0,  0,  7,  3],
       [ 0,  1,  2, 12]]), array([[ 5,  6,  0,  0],
       [ 0, 10,  0,  0],
       [ 0,  0,  6,  4],
       [ 1,  0,  1, 13]]), array([[ 8,  2,  1,  0],
       [ 2,  7,  0,  1],
       [ 0,  0,  7,  3],
       [ 0,  2,  0, 13]]), array([[ 8,  3,  0,  0],
       [ 2,  8,  0,  0],
       [ 0,  0,  7,  3],
       [ 0,  0,  3, 11]]), array([[ 7,  4,  0,  0],
       [ 1,  9,  0,  0],
       [ 0,  0,  7,  2],
       [ 0,  1,  1, 13]]), array([[ 6,  4,  1,  0],
       [ 0,  7,  0,  2],
       [ 0,  0,  8,  2],
       [ 0,  1,  2, 12]]), array([[ 7,  4,  0,  0],
       [ 1,  7,  0,  1],
       [ 0,  0,  7,  3],
       [ 0,  0,  1, 14]]), array([[ 7,  4,  0,  0],
       [ 2,  7,  0,  0],
       [ 0,  0,  8,  2],
       [ 0,  0,  2, 13]]), array([[ 6,  3,  0,  2],
       [ 1,  7,  0,  1],
       [ 0,  0, 10,  0],
       [ 0,  0,  2, 13]])]"
33,"[1.0, 1.0, 1.0, 1.0, 1.0, 1.0, 1.0, 1.0, 1.0, 1.0]","[1.0, 1.0, 1.0, 1.0, 1.0, 1.0, 1.0, 1.0, 1.0, 1.0]","[1.0, 1.0, 1.0, 1.0, 1.0, 1.0, 1.0, 1.0, 1.0, 1.0]","[1.0, 1.0, 1.0, 1.0, 1.0, 1.0, 1.0, 1.0, 1.0, 1.0]","[1.0, 1.0, 1.0, 1.0, 1.0, 1.0, 1.0, 1.0, 1.0, 1.0]","[1.0, 1.0, 1.0, 1.0, 1.0, 1.0, 1.0, 1.0, 1.0, 1.0]","[1.0, 1.0, 1.0, 1.0, 1.0, 1.0, 1.0, 1.0, 1.0, 1.0]","[1.0, 1.0, 1.0, 1.0, 1.0, 1.0, 1.0, 1.0, 1.0, 1.0]","[1.0, 1.0, 1.0, 1.0, 1.0, 1.0, 1.0, 1.0, 1.0, 1.0]","[1.0, 1.0, 1.0, 1.0, 1.0, 1.0, 1.0, 1.0, 1.0, 1.0]","[array([[100,   0,   0,   0],
       [  0, 133,   0,   0],
       [  0,   0,  89,   0],
       [  0,   0,   0, 134]]), array([[100,   0,   0,   0],
       [  0, 132,   0,   0],
       [  0,   0,  89,   0],
       [  0,   0,   0, 134]]), array([[101,   0,   0,   0],
       [  0, 135,   0,   0],
       [  0,   0,  89,   0],
       [  0,   0,   0, 134]]), array([[101,   0,   0,   0],
       [  0, 132,   0,   0],
       [  0,   0,  89,   0],
       [  0,   0,   0, 134]]), array([[101,   0,   0,   0],
       [  0, 130,   0,   0],
       [  0,   0,  89,   0],
       [  0,   0,   0, 135]]), array([[101,   0,   0,   0],
       [  0, 137,   0,   0],
       [  0,   0,  90,   0],
       [  0,   0,   0, 134]]), array([[101,   0,   0,   0],
       [  0, 134,   0,   0],
       [  0,   0,  89,   0],
       [  0,   0,   0, 134]]), array([[101,   0,   0,   0],
       [  0, 133,   0,   0],
       [  0,   0,  89,   0],
       [  0,   0,   0, 134]]), array([[101,   0,   0,   0],
       [  0, 133,   0,   0],
       [  0,   0,  89,   0],
       [  0,   0,   0, 134]]), array([[101,   0,   0,   0],
       [  0, 133,   0,   0],
       [  0,   0,  89,   0],
       [  0,   0,   0, 134]])]","[0.7391304347826086, 0.782608695652174, 0.782608695652174, 0.7608695652173914, 0.7333333333333333, 0.8222222222222222, 0.7111111111111111, 0.8222222222222222, 0.7555555555555555, 0.7777777777777778]","[0.7391304347826086, 0.782608695652174, 0.782608695652174, 0.7608695652173914, 0.7333333333333333, 0.8222222222222222, 0.7111111111111111, 0.8222222222222222, 0.7555555555555555, 0.7777777777777778]","[0.7391304347826086, 0.782608695652174, 0.782608695652174, 0.7608695652173914, 0.7333333333333333, 0.8222222222222222, 0.7111111111111111, 0.8222222222222222, 0.7555555555555555, 0.7777777777777778]","[0.7391304347826086, 0.782608695652174, 0.782608695652174, 0.7608695652173914, 0.7333333333333333, 0.8222222222222222, 0.7111111111111111, 0.8222222222222222, 0.7555555555555555, 0.7777777777777778]","[0.7461538461538462, 0.7887626262626263, 0.7996323529411764, 0.766729797979798, 0.733974358974359, 0.821031746031746, 0.7245098039215687, 0.8253267973856209, 0.7500000000000001, 0.7776663695781343]","[0.748611111111111, 0.7847222222222221, 0.7696969696969698, 0.7424242424242424, 0.7353896103896105, 0.8207070707070707, 0.696969696969697, 0.8095959595959596, 0.7474747474747475, 0.7674242424242425]","[0.7412404529109335, 0.7823043679580182, 0.767361111111111, 0.7482323232323232, 0.7324795574795575, 0.8186545255510772, 0.6930409663865547, 0.8134868421052631, 0.7412280701754387, 0.7688813025210084]","[0.7563545150501673, 0.7907224418093984, 0.8034800876872488, 0.7681708388230126, 0.7385754985754988, 0.8310052910052911, 0.7363834422657953, 0.8293246187363833, 0.7666666666666667, 0.7768435993926189]","[0.7391304347826086, 0.782608695652174, 0.782608695652174, 0.7608695652173914, 0.7333333333333333, 0.8222222222222222, 0.7111111111111111, 0.8222222222222222, 0.7555555555555555, 0.7777777777777778]","[0.7417514830210084, 0.7825979586221707, 0.7768719806763286, 0.7580808080808081, 0.7338677783122228, 0.8244879003499693, 0.706687675070028, 0.8217251461988304, 0.7543859649122807, 0.7735971055088702]","[array([[ 9,  3,  0,  0],
       [ 1,  7,  0,  1],
       [ 0,  0,  8,  2],
       [ 0,  0,  5, 10]]), array([[ 9,  2,  0,  1],
       [ 1,  8,  0,  0],
       [ 0,  0,  7,  3],
       [ 0,  1,  2, 12]]), array([[ 6,  5,  0,  0],
       [ 1,  9,  0,  0],
       [ 0,  0,  7,  3],
       [ 0,  0,  1, 14]]), array([[ 7,  3,  1,  0],
       [ 2,  7,  0,  1],
       [ 0,  0,  7,  3],
       [ 0,  1,  0, 14]]), array([[ 8,  3,  0,  0],
       [ 2,  8,  0,  0],
       [ 0,  0,  7,  3],
       [ 0,  1,  3, 10]]), array([[ 8,  3,  0,  0],
       [ 2,  8,  0,  0],
       [ 0,  0,  8,  1],
       [ 0,  1,  1, 13]]), array([[ 5,  5,  1,  0],
       [ 1,  6,  0,  2],
       [ 0,  0,  8,  2],
       [ 0,  1,  1, 13]]), array([[ 8,  3,  0,  0],
       [ 1,  7,  0,  1],
       [ 0,  0,  8,  2],
       [ 0,  0,  1, 14]]), array([[ 6,  5,  0,  0],
       [ 2,  7,  0,  0],
       [ 0,  0,  8,  2],
       [ 0,  0,  2, 13]]), array([[ 7,  2,  0,  2],
       [ 2,  6,  0,  1],
       [ 0,  0,  9,  1],
       [ 0,  0,  2, 13]])]"
34,"[1.0, 1.0, 1.0, 1.0, 1.0, 1.0, 1.0, 1.0, 1.0, 1.0]","[1.0, 1.0, 1.0, 1.0, 1.0, 1.0, 1.0, 1.0, 1.0, 1.0]","[1.0, 1.0, 1.0, 1.0, 1.0, 1.0, 1.0, 1.0, 1.0, 1.0]","[1.0, 1.0, 1.0, 1.0, 1.0, 1.0, 1.0, 1.0, 1.0, 1.0]","[1.0, 1.0, 1.0, 1.0, 1.0, 1.0, 1.0, 1.0, 1.0, 1.0]","[1.0, 1.0, 1.0, 1.0, 1.0, 1.0, 1.0, 1.0, 1.0, 1.0]","[1.0, 1.0, 1.0, 1.0, 1.0, 1.0, 1.0, 1.0, 1.0, 1.0]","[1.0, 1.0, 1.0, 1.0, 1.0, 1.0, 1.0, 1.0, 1.0, 1.0]","[1.0, 1.0, 1.0, 1.0, 1.0, 1.0, 1.0, 1.0, 1.0, 1.0]","[1.0, 1.0, 1.0, 1.0, 1.0, 1.0, 1.0, 1.0, 1.0, 1.0]","[array([[100,   0,   0,   0],
       [  0, 133,   0,   0],
       [  0,   0,  89,   0],
       [  0,   0,   0, 134]]), array([[100,   0,   0,   0],
       [  0, 132,   0,   0],
       [  0,   0,  89,   0],
       [  0,   0,   0, 134]]), array([[101,   0,   0,   0],
       [  0, 135,   0,   0],
       [  0,   0,  89,   0],
       [  0,   0,   0, 134]]), array([[101,   0,   0,   0],
       [  0, 132,   0,   0],
       [  0,   0,  89,   0],
       [  0,   0,   0, 134]]), array([[101,   0,   0,   0],
       [  0, 130,   0,   0],
       [  0,   0,  89,   0],
       [  0,   0,   0, 135]]), array([[101,   0,   0,   0],
       [  0, 137,   0,   0],
       [  0,   0,  90,   0],
       [  0,   0,   0, 134]]), array([[101,   0,   0,   0],
       [  0, 134,   0,   0],
       [  0,   0,  89,   0],
       [  0,   0,   0, 134]]), array([[101,   0,   0,   0],
       [  0, 133,   0,   0],
       [  0,   0,  89,   0],
       [  0,   0,   0, 134]]), array([[101,   0,   0,   0],
       [  0, 133,   0,   0],
       [  0,   0,  89,   0],
       [  0,   0,   0, 134]]), array([[101,   0,   0,   0],
       [  0, 133,   0,   0],
       [  0,   0,  89,   0],
       [  0,   0,   0, 134]])]","[0.7608695652173914, 0.782608695652174, 0.7391304347826086, 0.7608695652173914, 0.7777777777777778, 0.8222222222222222, 0.7333333333333333, 0.8, 0.7555555555555555, 0.8444444444444444]","[0.7608695652173914, 0.782608695652174, 0.7391304347826086, 0.7608695652173914, 0.7777777777777778, 0.8222222222222222, 0.7333333333333333, 0.8, 0.7555555555555555, 0.8444444444444444]","[0.7608695652173914, 0.782608695652174, 0.7391304347826086, 0.7608695652173914, 0.7777777777777778, 0.8222222222222222, 0.7333333333333333, 0.8, 0.7555555555555555, 0.8444444444444444]","[0.7608695652173914, 0.782608695652174, 0.7391304347826086, 0.7608695652173914, 0.7777777777777778, 0.8222222222222222, 0.7333333333333333, 0.8, 0.7555555555555555, 0.8444444444444444]","[0.7779720279720279, 0.7887626262626263, 0.7504464285714285, 0.766729797979798, 0.7811507936507935, 0.8520833333333333, 0.7721153846153845, 0.8104166666666666, 0.7500000000000001, 0.8524305555555556]","[0.7763888888888889, 0.7847222222222221, 0.7303030303030303, 0.7424242424242424, 0.7782467532467532, 0.8202020202020202, 0.7308080808080808, 0.7845959595959597, 0.7474747474747475, 0.842929292929293]","[0.7667701863354037, 0.7823043679580182, 0.723010752688172, 0.7482323232323232, 0.775974025974026, 0.8169934640522877, 0.7291098844229775, 0.790776182881446, 0.7412280701754387, 0.8428324995687425]","[0.7877774399513531, 0.7907224418093984, 0.7564052795031057, 0.7681708388230126, 0.7839506172839507, 0.8564814814814814, 0.7799145299145299, 0.8109876543209875, 0.7666666666666667, 0.8483024691358025]","[0.7608695652173914, 0.782608695652174, 0.7391304347826086, 0.7608695652173914, 0.7777777777777778, 0.8222222222222222, 0.7333333333333333, 0.8, 0.7555555555555555, 0.8444444444444444]","[0.7642722117202269, 0.7825979586221707, 0.7319463923952002, 0.7580808080808081, 0.7773737373737374, 0.8214960058097313, 0.7356640407873806, 0.7985917656093094, 0.7543859649122807, 0.841851532401817]","[array([[ 9,  3,  0,  0],
       [ 0,  8,  0,  1],
       [ 0,  0,  8,  2],
       [ 0,  0,  5, 10]]), array([[ 9,  2,  0,  1],
       [ 1,  8,  0,  0],
       [ 0,  0,  7,  3],
       [ 0,  1,  2, 12]]), array([[ 5,  6,  0,  0],
       [ 1,  9,  0,  0],
       [ 0,  0,  7,  3],
       [ 1,  0,  1, 13]]), array([[ 7,  3,  1,  0],
       [ 2,  7,  0,  1],
       [ 0,  0,  7,  3],
       [ 0,  1,  0, 14]]), array([[ 8,  3,  0,  0],
       [ 1,  9,  0,  0],
       [ 0,  0,  7,  3],
       [ 0,  0,  3, 11]]), array([[ 7,  4,  0,  0],
       [ 0, 10,  0,  0],
       [ 0,  0,  7,  2],
       [ 0,  1,  1, 13]]), array([[ 6,  4,  1,  0],
       [ 0,  7,  0,  2],
       [ 0,  0,  8,  2],
       [ 0,  2,  1, 12]]), array([[ 8,  3,  0,  0],
       [ 1,  7,  0,  1],
       [ 0,  0,  7,  3],
       [ 0,  0,  1, 14]]), array([[ 6,  5,  0,  0],
       [ 2,  7,  0,  0],
       [ 0,  0,  8,  2],
       [ 0,  0,  2, 13]]), array([[ 8,  1,  0,  2],
       [ 1,  7,  0,  1],
       [ 0,  0, 10,  0],
       [ 0,  0,  2, 13]])]"
35,"[1.0, 1.0, 1.0, 1.0, 1.0, 1.0, 1.0, 1.0, 1.0, 1.0]","[1.0, 1.0, 1.0, 1.0, 1.0, 1.0, 1.0, 1.0, 1.0, 1.0]","[1.0, 1.0, 1.0, 1.0, 1.0, 1.0, 1.0, 1.0, 1.0, 1.0]","[1.0, 1.0, 1.0, 1.0, 1.0, 1.0, 1.0, 1.0, 1.0, 1.0]","[1.0, 1.0, 1.0, 1.0, 1.0, 1.0, 1.0, 1.0, 1.0, 1.0]","[1.0, 1.0, 1.0, 1.0, 1.0, 1.0, 1.0, 1.0, 1.0, 1.0]","[1.0, 1.0, 1.0, 1.0, 1.0, 1.0, 1.0, 1.0, 1.0, 1.0]","[1.0, 1.0, 1.0, 1.0, 1.0, 1.0, 1.0, 1.0, 1.0, 1.0]","[1.0, 1.0, 1.0, 1.0, 1.0, 1.0, 1.0, 1.0, 1.0, 1.0]","[1.0, 1.0, 1.0, 1.0, 1.0, 1.0, 1.0, 1.0, 1.0, 1.0]","[array([[100,   0,   0,   0],
       [  0, 133,   0,   0],
       [  0,   0,  89,   0],
       [  0,   0,   0, 134]]), array([[100,   0,   0,   0],
       [  0, 132,   0,   0],
       [  0,   0,  89,   0],
       [  0,   0,   0, 134]]), array([[101,   0,   0,   0],
       [  0, 135,   0,   0],
       [  0,   0,  89,   0],
       [  0,   0,   0, 134]]), array([[101,   0,   0,   0],
       [  0, 132,   0,   0],
       [  0,   0,  89,   0],
       [  0,   0,   0, 134]]), array([[101,   0,   0,   0],
       [  0, 130,   0,   0],
       [  0,   0,  89,   0],
       [  0,   0,   0, 135]]), array([[101,   0,   0,   0],
       [  0, 137,   0,   0],
       [  0,   0,  90,   0],
       [  0,   0,   0, 134]]), array([[101,   0,   0,   0],
       [  0, 134,   0,   0],
       [  0,   0,  89,   0],
       [  0,   0,   0, 134]]), array([[101,   0,   0,   0],
       [  0, 133,   0,   0],
       [  0,   0,  89,   0],
       [  0,   0,   0, 134]]), array([[101,   0,   0,   0],
       [  0, 133,   0,   0],
       [  0,   0,  89,   0],
       [  0,   0,   0, 134]]), array([[101,   0,   0,   0],
       [  0, 133,   0,   0],
       [  0,   0,  89,   0],
       [  0,   0,   0, 134]])]","[0.7391304347826086, 0.782608695652174, 0.7608695652173914, 0.782608695652174, 0.7777777777777778, 0.8, 0.7333333333333333, 0.8, 0.7555555555555555, 0.8222222222222222]","[0.7391304347826086, 0.782608695652174, 0.7608695652173914, 0.782608695652174, 0.7777777777777778, 0.8, 0.7333333333333333, 0.8, 0.7555555555555555, 0.8222222222222222]","[0.7391304347826086, 0.782608695652174, 0.7608695652173914, 0.782608695652174, 0.7777777777777778, 0.8, 0.7333333333333333, 0.8, 0.7555555555555555, 0.8222222222222222]","[0.7391304347826086, 0.782608695652174, 0.7608695652173914, 0.782608695652174, 0.7777777777777778, 0.8, 0.7333333333333333, 0.8, 0.7555555555555555, 0.8222222222222222]","[0.7562229437229437, 0.7887626262626263, 0.8131944444444444, 0.7844381313131313, 0.7762626262626262, 0.8148809523809524, 0.7418258212375859, 0.8104166666666666, 0.7500000000000001, 0.8246527777777778]","[0.7513888888888888, 0.7847222222222221, 0.7469696969696971, 0.7734848484848486, 0.7711038961038962, 0.7952020202020202, 0.7196969696969696, 0.7845959595959597, 0.7474747474747475, 0.8202020202020203]","[0.7457904164800716, 0.7823043679580182, 0.7428156565656566, 0.7773465922871695, 0.7720594589923083, 0.7942595459236327, 0.7197916666666666, 0.790776182881446, 0.7412280701754387, 0.8156051173878]","[0.7628929041972521, 0.7907224418093984, 0.8134057971014492, 0.7878266359244621, 0.7789001122334456, 0.8206349206349207, 0.7512944571768101, 0.8109876543209875, 0.7666666666666667, 0.8254629629629631]","[0.7391304347826086, 0.782608695652174, 0.7608695652173914, 0.782608695652174, 0.7777777777777778, 0.8, 0.7333333333333333, 0.8, 0.7555555555555555, 0.8222222222222222]","[0.7433517007729901, 0.7825979586221707, 0.7517402283706632, 0.7836808008801808, 0.776769509981851, 0.8003783969728242, 0.731574074074074, 0.7985917656093094, 0.7543859649122807, 0.8172626091132034]","[array([[ 9,  3,  0,  0],
       [ 0,  8,  0,  1],
       [ 0,  0,  7,  3],
       [ 0,  0,  5, 10]]), array([[ 9,  2,  0,  1],
       [ 1,  8,  0,  0],
       [ 0,  0,  7,  3],
       [ 0,  1,  2, 12]]), array([[ 5,  6,  0,  0],
       [ 0,  9,  0,  1],
       [ 0,  0,  7,  3],
       [ 0,  0,  1, 14]]), array([[ 8,  2,  1,  0],
       [ 2,  7,  0,  1],
       [ 0,  0,  8,  2],
       [ 0,  2,  0, 13]]), array([[ 8,  3,  0,  0],
       [ 2,  8,  0,  0],
       [ 0,  0,  7,  3],
       [ 0,  0,  2, 12]]), array([[ 7,  4,  0,  0],
       [ 1,  9,  0,  0],
       [ 0,  0,  7,  2],
       [ 0,  1,  1, 13]]), array([[ 6,  4,  1,  0],
       [ 1,  6,  0,  2],
       [ 0,  0,  8,  2],
       [ 0,  1,  1, 13]]), array([[ 8,  3,  0,  0],
       [ 1,  7,  0,  1],
       [ 0,  0,  7,  3],
       [ 0,  0,  1, 14]]), array([[ 6,  5,  0,  0],
       [ 2,  7,  0,  0],
       [ 0,  0,  8,  2],
       [ 0,  0,  2, 13]]), array([[ 7,  2,  0,  2],
       [ 1,  7,  0,  1],
       [ 0,  0, 10,  0],
       [ 0,  0,  2, 13]])]"
36,"[1.0, 1.0, 1.0, 1.0, 1.0, 1.0, 1.0, 1.0, 1.0, 1.0]","[1.0, 1.0, 1.0, 1.0, 1.0, 1.0, 1.0, 1.0, 1.0, 1.0]","[1.0, 1.0, 1.0, 1.0, 1.0, 1.0, 1.0, 1.0, 1.0, 1.0]","[1.0, 1.0, 1.0, 1.0, 1.0, 1.0, 1.0, 1.0, 1.0, 1.0]","[1.0, 1.0, 1.0, 1.0, 1.0, 1.0, 1.0, 1.0, 1.0, 1.0]","[1.0, 1.0, 1.0, 1.0, 1.0, 1.0, 1.0, 1.0, 1.0, 1.0]","[1.0, 1.0, 1.0, 1.0, 1.0, 1.0, 1.0, 1.0, 1.0, 1.0]","[1.0, 1.0, 1.0, 1.0, 1.0, 1.0, 1.0, 1.0, 1.0, 1.0]","[1.0, 1.0, 1.0, 1.0, 1.0, 1.0, 1.0, 1.0, 1.0, 1.0]","[1.0, 1.0, 1.0, 1.0, 1.0, 1.0, 1.0, 1.0, 1.0, 1.0]","[array([[100,   0,   0,   0],
       [  0, 133,   0,   0],
       [  0,   0,  89,   0],
       [  0,   0,   0, 134]]), array([[100,   0,   0,   0],
       [  0, 132,   0,   0],
       [  0,   0,  89,   0],
       [  0,   0,   0, 134]]), array([[101,   0,   0,   0],
       [  0, 135,   0,   0],
       [  0,   0,  89,   0],
       [  0,   0,   0, 134]]), array([[101,   0,   0,   0],
       [  0, 132,   0,   0],
       [  0,   0,  89,   0],
       [  0,   0,   0, 134]]), array([[101,   0,   0,   0],
       [  0, 130,   0,   0],
       [  0,   0,  89,   0],
       [  0,   0,   0, 135]]), array([[101,   0,   0,   0],
       [  0, 137,   0,   0],
       [  0,   0,  90,   0],
       [  0,   0,   0, 134]]), array([[101,   0,   0,   0],
       [  0, 134,   0,   0],
       [  0,   0,  89,   0],
       [  0,   0,   0, 134]]), array([[101,   0,   0,   0],
       [  0, 133,   0,   0],
       [  0,   0,  89,   0],
       [  0,   0,   0, 134]]), array([[101,   0,   0,   0],
       [  0, 133,   0,   0],
       [  0,   0,  89,   0],
       [  0,   0,   0, 134]]), array([[101,   0,   0,   0],
       [  0, 133,   0,   0],
       [  0,   0,  89,   0],
       [  0,   0,   0, 134]])]","[0.7391304347826086, 0.7608695652173914, 0.7391304347826086, 0.7391304347826086, 0.8, 0.8666666666666667, 0.7333333333333333, 0.8222222222222222, 0.7555555555555555, 0.8]","[0.7391304347826086, 0.7608695652173914, 0.7391304347826086, 0.7391304347826086, 0.8, 0.8666666666666667, 0.7333333333333333, 0.8222222222222222, 0.7555555555555555, 0.8]","[0.7391304347826086, 0.7608695652173914, 0.7391304347826086, 0.7391304347826086, 0.8, 0.8666666666666667, 0.7333333333333333, 0.8222222222222222, 0.7555555555555555, 0.8]","[0.7391304347826086, 0.7608695652173914, 0.7391304347826086, 0.7391304347826086, 0.8, 0.8666666666666667, 0.7333333333333333, 0.8222222222222222, 0.7555555555555555, 0.8]","[0.7562229437229437, 0.7708333333333333, 0.7652573529411764, 0.7412913883502119, 0.8041666666666667, 0.8829365079365079, 0.7757918552036198, 0.8253267973856209, 0.7500000000000001, 0.8007440476190476]","[0.7513888888888888, 0.7638888888888888, 0.7242424242424242, 0.7219696969696969, 0.7961038961038961, 0.8707070707070707, 0.7247474747474748, 0.8095959595959596, 0.7474747474747475, 0.7974747474747474]","[0.7457904164800716, 0.7587112943649446, 0.7112713675213675, 0.7203391177218408, 0.7956525325853819, 0.865219802379512, 0.7184659090909091, 0.8134868421052631, 0.7412280701754387, 0.7878273396100222]","[0.7628929041972521, 0.7759661835748792, 0.7723465473145781, 0.7496432240677764, 0.8056790123456791, 0.8904761904761904, 0.7848164906988436, 0.8293246187363833, 0.7666666666666667, 0.8055423280423281]","[0.7391304347826086, 0.7608695652173914, 0.7391304347826086, 0.7391304347826086, 0.8, 0.8666666666666667, 0.7333333333333333, 0.8222222222222222, 0.7555555555555555, 0.8]","[0.7433517007729901, 0.760463571270392, 0.7244751021924936, 0.7335678318354172, 0.7985876918000331, 0.8676614908919811, 0.7286616161616162, 0.8217251461988304, 0.7543859649122807, 0.7919214785089148]","[array([[ 9,  3,  0,  0],
       [ 0,  8,  0,  1],
       [ 0,  0,  7,  3],
       [ 0,  0,  5, 10]]), array([[ 8,  3,  0,  1],
       [ 1,  8,  0,  0],
       [ 0,  0,  7,  3],
       [ 0,  1,  2, 12]]), array([[ 4,  7,  0,  0],
       [ 1,  9,  0,  0],
       [ 0,  0,  7,  3],
       [ 0,  0,  1, 14]]), array([[ 5,  5,  1,  0],
       [ 2,  7,  0,  1],
       [ 0,  0,  8,  2],
       [ 0,  1,  0, 14]]), array([[ 8,  3,  0,  0],
       [ 1,  9,  0,  0],
       [ 0,  0,  7,  3],
       [ 0,  0,  2, 12]]), array([[ 8,  3,  0,  0],
       [ 0, 10,  0,  0],
       [ 0,  0,  8,  1],
       [ 0,  1,  1, 13]]), array([[ 5,  5,  1,  0],
       [ 0,  7,  0,  2],
       [ 0,  0,  8,  2],
       [ 0,  1,  1, 13]]), array([[ 8,  3,  0,  0],
       [ 1,  7,  0,  1],
       [ 0,  0,  8,  2],
       [ 0,  0,  1, 14]]), array([[ 6,  5,  0,  0],
       [ 2,  7,  0,  0],
       [ 0,  0,  8,  2],
       [ 0,  0,  2, 13]]), array([[ 6,  3,  0,  2],
       [ 1,  7,  0,  1],
       [ 0,  0, 10,  0],
       [ 0,  0,  2, 13]])]"
37,"[1.0, 1.0, 1.0, 1.0, 1.0, 1.0, 1.0, 1.0, 1.0, 1.0]","[1.0, 1.0, 1.0, 1.0, 1.0, 1.0, 1.0, 1.0, 1.0, 1.0]","[1.0, 1.0, 1.0, 1.0, 1.0, 1.0, 1.0, 1.0, 1.0, 1.0]","[1.0, 1.0, 1.0, 1.0, 1.0, 1.0, 1.0, 1.0, 1.0, 1.0]","[1.0, 1.0, 1.0, 1.0, 1.0, 1.0, 1.0, 1.0, 1.0, 1.0]","[1.0, 1.0, 1.0, 1.0, 1.0, 1.0, 1.0, 1.0, 1.0, 1.0]","[1.0, 1.0, 1.0, 1.0, 1.0, 1.0, 1.0, 1.0, 1.0, 1.0]","[1.0, 1.0, 1.0, 1.0, 1.0, 1.0, 1.0, 1.0, 1.0, 1.0]","[1.0, 1.0, 1.0, 1.0, 1.0, 1.0, 1.0, 1.0, 1.0, 1.0]","[1.0, 1.0, 1.0, 1.0, 1.0, 1.0, 1.0, 1.0, 1.0, 1.0]","[array([[100,   0,   0,   0],
       [  0, 133,   0,   0],
       [  0,   0,  89,   0],
       [  0,   0,   0, 134]]), array([[100,   0,   0,   0],
       [  0, 132,   0,   0],
       [  0,   0,  89,   0],
       [  0,   0,   0, 134]]), array([[101,   0,   0,   0],
       [  0, 135,   0,   0],
       [  0,   0,  89,   0],
       [  0,   0,   0, 134]]), array([[101,   0,   0,   0],
       [  0, 132,   0,   0],
       [  0,   0,  89,   0],
       [  0,   0,   0, 134]]), array([[101,   0,   0,   0],
       [  0, 130,   0,   0],
       [  0,   0,  89,   0],
       [  0,   0,   0, 135]]), array([[101,   0,   0,   0],
       [  0, 137,   0,   0],
       [  0,   0,  90,   0],
       [  0,   0,   0, 134]]), array([[101,   0,   0,   0],
       [  0, 134,   0,   0],
       [  0,   0,  89,   0],
       [  0,   0,   0, 134]]), array([[101,   0,   0,   0],
       [  0, 133,   0,   0],
       [  0,   0,  89,   0],
       [  0,   0,   0, 134]]), array([[101,   0,   0,   0],
       [  0, 133,   0,   0],
       [  0,   0,  89,   0],
       [  0,   0,   0, 134]]), array([[101,   0,   0,   0],
       [  0, 133,   0,   0],
       [  0,   0,  89,   0],
       [  0,   0,   0, 134]])]","[0.717391304347826, 0.7608695652173914, 0.7608695652173914, 0.7608695652173914, 0.7777777777777778, 0.8222222222222222, 0.6888888888888889, 0.8222222222222222, 0.7555555555555555, 0.8]","[0.717391304347826, 0.7608695652173914, 0.7608695652173914, 0.7608695652173914, 0.7777777777777778, 0.8222222222222222, 0.6888888888888889, 0.8222222222222222, 0.7555555555555555, 0.8]","[0.717391304347826, 0.7608695652173914, 0.7608695652173914, 0.7608695652173914, 0.7777777777777778, 0.8222222222222222, 0.6888888888888889, 0.8222222222222222, 0.7555555555555555, 0.8]","[0.717391304347826, 0.7608695652173914, 0.7608695652173914, 0.7608695652173914, 0.7777777777777778, 0.8222222222222222, 0.6888888888888889, 0.8222222222222222, 0.7555555555555555, 0.8]","[0.7410714285714286, 0.7926587301587301, 0.7829656862745098, 0.765625, 0.7762626262626262, 0.8606150793650793, 0.75, 0.8253267973856209, 0.7500000000000001, 0.8089163695781343]","[0.7305555555555555, 0.7708333333333333, 0.7469696969696971, 0.7507575757575758, 0.7711038961038962, 0.8252525252525252, 0.6770202020202021, 0.8095959595959596, 0.7474747474747475, 0.7952020202020202]","[0.7219808926705479, 0.7576216136413967, 0.7402532679738562, 0.7542946442352215, 0.7720594589923083, 0.8151384337996914, 0.666687469662298, 0.8134868421052631, 0.7412280701754387, 0.7960656850459482]","[0.7510351966873706, 0.8002933057280883, 0.788469735720375, 0.7709842995169083, 0.7789001122334456, 0.8706349206349207, 0.7580246913580247, 0.8293246187363833, 0.7666666666666667, 0.8061645870469399]","[0.717391304347826, 0.7608695652173914, 0.7608695652173914, 0.7608695652173914, 0.7777777777777778, 0.8222222222222222, 0.6888888888888889, 0.8222222222222222, 0.7555555555555555, 0.8]","[0.7209914523257852, 0.7579762565753367, 0.7515949133276498, 0.7622898729675136, 0.776769509981851, 0.8201175430384356, 0.6784784534898951, 0.8217251461988304, 0.7543859649122807, 0.7969820384294068]","[array([[ 8,  4,  0,  0],
       [ 0,  8,  0,  1],
       [ 0,  0,  7,  3],
       [ 0,  0,  5, 10]]), array([[ 7,  4,  0,  1],
       [ 0,  9,  0,  0],
       [ 0,  0,  7,  3],
       [ 0,  1,  2, 12]]), array([[ 5,  6,  0,  0],
       [ 1,  9,  0,  0],
       [ 0,  0,  7,  3],
       [ 0,  0,  1, 14]]), array([[ 7,  3,  1,  0],
       [ 2,  7,  0,  1],
       [ 0,  0,  8,  2],
       [ 0,  2,  0, 13]]), array([[ 8,  3,  0,  0],
       [ 2,  8,  0,  0],
       [ 0,  0,  7,  3],
       [ 0,  0,  2, 12]]), array([[ 6,  5,  0,  0],
       [ 0, 10,  0,  0],
       [ 0,  0,  8,  1],
       [ 0,  1,  1, 13]]), array([[ 4,  6,  1,  0],
       [ 0,  7,  0,  2],
       [ 0,  0,  7,  3],
       [ 0,  1,  1, 13]]), array([[ 8,  3,  0,  0],
       [ 1,  7,  0,  1],
       [ 0,  0,  8,  2],
       [ 0,  0,  1, 14]]), array([[ 6,  5,  0,  0],
       [ 2,  7,  0,  0],
       [ 0,  0,  8,  2],
       [ 0,  0,  2, 13]]), array([[ 7,  2,  0,  2],
       [ 1,  7,  0,  1],
       [ 0,  0,  9,  1],
       [ 0,  0,  2, 13]])]"
38,"[1.0, 1.0, 1.0, 1.0, 1.0, 1.0, 1.0, 1.0, 1.0, 1.0]","[1.0, 1.0, 1.0, 1.0, 1.0, 1.0, 1.0, 1.0, 1.0, 1.0]","[1.0, 1.0, 1.0, 1.0, 1.0, 1.0, 1.0, 1.0, 1.0, 1.0]","[1.0, 1.0, 1.0, 1.0, 1.0, 1.0, 1.0, 1.0, 1.0, 1.0]","[1.0, 1.0, 1.0, 1.0, 1.0, 1.0, 1.0, 1.0, 1.0, 1.0]","[1.0, 1.0, 1.0, 1.0, 1.0, 1.0, 1.0, 1.0, 1.0, 1.0]","[1.0, 1.0, 1.0, 1.0, 1.0, 1.0, 1.0, 1.0, 1.0, 1.0]","[1.0, 1.0, 1.0, 1.0, 1.0, 1.0, 1.0, 1.0, 1.0, 1.0]","[1.0, 1.0, 1.0, 1.0, 1.0, 1.0, 1.0, 1.0, 1.0, 1.0]","[1.0, 1.0, 1.0, 1.0, 1.0, 1.0, 1.0, 1.0, 1.0, 1.0]","[array([[100,   0,   0,   0],
       [  0, 133,   0,   0],
       [  0,   0,  89,   0],
       [  0,   0,   0, 134]]), array([[100,   0,   0,   0],
       [  0, 132,   0,   0],
       [  0,   0,  89,   0],
       [  0,   0,   0, 134]]), array([[101,   0,   0,   0],
       [  0, 135,   0,   0],
       [  0,   0,  89,   0],
       [  0,   0,   0, 134]]), array([[101,   0,   0,   0],
       [  0, 132,   0,   0],
       [  0,   0,  89,   0],
       [  0,   0,   0, 134]]), array([[101,   0,   0,   0],
       [  0, 130,   0,   0],
       [  0,   0,  89,   0],
       [  0,   0,   0, 135]]), array([[101,   0,   0,   0],
       [  0, 137,   0,   0],
       [  0,   0,  90,   0],
       [  0,   0,   0, 134]]), array([[101,   0,   0,   0],
       [  0, 134,   0,   0],
       [  0,   0,  89,   0],
       [  0,   0,   0, 134]]), array([[101,   0,   0,   0],
       [  0, 133,   0,   0],
       [  0,   0,  89,   0],
       [  0,   0,   0, 134]]), array([[101,   0,   0,   0],
       [  0, 133,   0,   0],
       [  0,   0,  89,   0],
       [  0,   0,   0, 134]]), array([[101,   0,   0,   0],
       [  0, 133,   0,   0],
       [  0,   0,  89,   0],
       [  0,   0,   0, 134]])]","[0.7391304347826086, 0.782608695652174, 0.7608695652173914, 0.7608695652173914, 0.8, 0.8444444444444444, 0.7333333333333333, 0.8222222222222222, 0.7555555555555555, 0.8]","[0.7391304347826086, 0.782608695652174, 0.7608695652173914, 0.7608695652173914, 0.8, 0.8444444444444444, 0.7333333333333333, 0.8222222222222222, 0.7555555555555555, 0.8]","[0.7391304347826086, 0.782608695652174, 0.7608695652173914, 0.7608695652173914, 0.8, 0.8444444444444444, 0.7333333333333333, 0.8222222222222222, 0.7555555555555555, 0.8]","[0.7391304347826086, 0.782608695652174, 0.7608695652173914, 0.7608695652173914, 0.8, 0.8444444444444444, 0.7333333333333333, 0.8222222222222222, 0.7555555555555555, 0.8]","[0.7562229437229437, 0.7887626262626263, 0.8149801587301587, 0.765625, 0.8041666666666667, 0.871031746031746, 0.7708333333333334, 0.8253267973856209, 0.7500000000000001, 0.8007440476190476]","[0.7513888888888888, 0.7847222222222221, 0.7469696969696971, 0.7507575757575758, 0.7961038961038961, 0.847979797979798, 0.7224747474747474, 0.8095959595959596, 0.7474747474747475, 0.7974747474747474]","[0.7457904164800716, 0.7823043679580182, 0.7371494926641986, 0.7542946442352215, 0.7956525325853819, 0.8408045977011495, 0.7243174781874473, 0.8134868421052631, 0.7412280701754387, 0.7878273396100222]","[0.7628929041972521, 0.7907224418093984, 0.8149585921325051, 0.7709842995169083, 0.8056790123456791, 0.8798941798941798, 0.7746913580246915, 0.8293246187363833, 0.7666666666666667, 0.8055423280423281]","[0.7391304347826086, 0.782608695652174, 0.7608695652173914, 0.7608695652173914, 0.8, 0.8444444444444444, 0.7333333333333333, 0.8222222222222222, 0.7555555555555555, 0.8]","[0.7433517007729901, 0.7825979586221707, 0.7468131293259171, 0.7622898729675136, 0.7985876918000331, 0.8445295870583228, 0.7322513056259186, 0.8217251461988304, 0.7543859649122807, 0.7919214785089148]","[array([[ 9,  3,  0,  0],
       [ 0,  8,  0,  1],
       [ 0,  0,  7,  3],
       [ 0,  0,  5, 10]]), array([[ 9,  2,  0,  1],
       [ 1,  8,  0,  0],
       [ 0,  0,  7,  3],
       [ 0,  1,  2, 12]]), array([[ 5,  6,  0,  0],
       [ 0, 10,  0,  0],
       [ 0,  0,  6,  4],
       [ 0,  0,  1, 14]]), array([[ 7,  3,  1,  0],
       [ 2,  7,  0,  1],
       [ 0,  0,  8,  2],
       [ 0,  2,  0, 13]]), array([[ 8,  3,  0,  0],
       [ 1,  9,  0,  0],
       [ 0,  0,  7,  3],
       [ 0,  0,  2, 12]]), array([[ 7,  4,  0,  0],
       [ 0, 10,  0,  0],
       [ 0,  0,  8,  1],
       [ 0,  1,  1, 13]]), array([[ 6,  4,  1,  0],
       [ 0,  7,  0,  2],
       [ 0,  0,  7,  3],
       [ 0,  1,  1, 13]]), array([[ 8,  3,  0,  0],
       [ 1,  7,  0,  1],
       [ 0,  0,  8,  2],
       [ 0,  0,  1, 14]]), array([[ 6,  5,  0,  0],
       [ 2,  7,  0,  0],
       [ 0,  0,  8,  2],
       [ 0,  0,  2, 13]]), array([[ 6,  3,  0,  2],
       [ 1,  7,  0,  1],
       [ 0,  0, 10,  0],
       [ 0,  0,  2, 13]])]"
