n_neighbors value,Train_Accuracy,Train_Precision_micro,Train_Recall_micro,Train_f1_micro,Train_Precision_macro,Train_Recall_macro,Train_f1_macro,Train_Precision_weighted,Train_Recall_weighted,Train_f1_weighted,Train_Confusion_Matrix,Test_Accuracy,Test_Precision_micro,Test_Recall_micro,Test_f1_micro,Test_Precision_macro,Test_Recall_macro,Test_f1_macro,Test_Precision_weighted,Test_Recall_weighted,Test_f1_weighted,Test_Confusion_Matrix
1,"[1.0, 1.0, 1.0, 1.0, 1.0, 1.0, 1.0, 1.0, 1.0, 1.0]","[1.0, 1.0, 1.0, 1.0, 1.0, 1.0, 1.0, 1.0, 1.0, 1.0]","[1.0, 1.0, 1.0, 1.0, 1.0, 1.0, 1.0, 1.0, 1.0, 1.0]","[1.0, 1.0, 1.0, 1.0, 1.0, 1.0, 1.0, 1.0, 1.0, 1.0]","[1.0, 1.0, 1.0, 1.0, 1.0, 1.0, 1.0, 1.0, 1.0, 1.0]","[1.0, 1.0, 1.0, 1.0, 1.0, 1.0, 1.0, 1.0, 1.0, 1.0]","[1.0, 1.0, 1.0, 1.0, 1.0, 1.0, 1.0, 1.0, 1.0, 1.0]","[1.0, 1.0, 1.0, 1.0, 1.0, 1.0, 1.0, 1.0, 1.0, 1.0]","[1.0, 1.0, 1.0, 1.0, 1.0, 1.0, 1.0, 1.0, 1.0, 1.0]","[1.0, 1.0, 1.0, 1.0, 1.0, 1.0, 1.0, 1.0, 1.0, 1.0]","[array([[100,   0,   0,   0],
       [  0, 133,   0,   0],
       [  0,   0,  89,   0],
       [  0,   0,   0, 134]]), array([[100,   0,   0,   0],
       [  0, 123,   0,   0],
       [  0,   0,  89,   0],
       [  0,   0,   0, 134]]), array([[101,   0,   0,   0],
       [  0, 138,   0,   0],
       [  0,   0,  89,   0],
       [  0,   0,   0, 134]]), array([[101,   0,   0,   0],
       [  0, 137,   0,   0],
       [  0,   0,  89,   0],
       [  0,   0,   0, 134]]), array([[101,   0,   0,   0],
       [  0, 131,   0,   0],
       [  0,   0,  89,   0],
       [  0,   0,   0, 135]]), array([[101,   0,   0,   0],
       [  0, 136,   0,   0],
       [  0,   0,  90,   0],
       [  0,   0,   0, 134]]), array([[101,   0,   0,   0],
       [  0, 137,   0,   0],
       [  0,   0,  89,   0],
       [  0,   0,   0, 134]]), array([[101,   0,   0,   0],
       [  0, 133,   0,   0],
       [  0,   0,  89,   0],
       [  0,   0,   0, 134]]), array([[101,   0,   0,   0],
       [  0, 134,   0,   0],
       [  0,   0,  89,   0],
       [  0,   0,   0, 134]]), array([[101,   0,   0,   0],
       [  0, 121,   0,   0],
       [  0,   0,  89,   0],
       [  0,   0,   0, 134]])]","[0.6304347826086957, 0.782608695652174, 0.8043478260869565, 0.7391304347826086, 0.8222222222222222, 0.8222222222222222, 0.6222222222222222, 0.7555555555555555, 0.7111111111111111, 0.7555555555555555]","[0.6304347826086957, 0.782608695652174, 0.8043478260869565, 0.7391304347826086, 0.8222222222222222, 0.8222222222222222, 0.6222222222222222, 0.7555555555555555, 0.7111111111111111, 0.7555555555555555]","[0.6304347826086957, 0.782608695652174, 0.8043478260869565, 0.7391304347826086, 0.8222222222222222, 0.8222222222222222, 0.6222222222222222, 0.7555555555555555, 0.7111111111111111, 0.7555555555555555]","[0.6304347826086957, 0.782608695652174, 0.8043478260869565, 0.7391304347826086, 0.8222222222222222, 0.8222222222222222, 0.6222222222222222, 0.7555555555555555, 0.7111111111111111, 0.7555555555555555]","[0.6548076923076923, 0.7922143216260863, 0.8006493506493507, 0.7401515151515152, 0.8267676767676768, 0.8261634199134199, 0.623172514619883, 0.8013888888888889, 0.7595373376623377, 0.7607600732600732]","[0.6222222222222222, 0.7666666666666667, 0.8045454545454545, 0.7401515151515152, 0.8188311688311688, 0.8305555555555555, 0.5974747474747475, 0.7277777777777777, 0.7027777777777777, 0.7439393939393939]","[0.6303030303030304, 0.7748355263157894, 0.8019181967457829, 0.7392857142857143, 0.8219683220590661, 0.8181481481481482, 0.6033711730306157, 0.729020979020979, 0.6966303173199725, 0.7472764572722128]","[0.6499442586399109, 0.7868134990897139, 0.8071710897797854, 0.7407114624505929, 0.8241975308641976, 0.8375180375180374, 0.630896686159844, 0.7866666666666666, 0.7475649350649352, 0.7576109076109075]","[0.6304347826086957, 0.782608695652174, 0.8043478260869565, 0.7391304347826086, 0.8222222222222222, 0.8222222222222222, 0.6222222222222222, 0.7555555555555555, 0.7111111111111111, 0.7555555555555555]","[0.633596837944664, 0.7805635011441648, 0.8050617548368674, 0.7391304347826086, 0.8223835450695703, 0.8195555555555555, 0.6189198486412109, 0.7406889406889406, 0.7002870834288458, 0.7521190970257183]","[array([[10,  1,  1,  0],
       [ 3,  5,  0,  1],
       [ 0,  0,  5,  5],
       [ 0,  0,  6,  9]]), array([[10,  1,  0,  1],
       [ 3,  6,  0,  0],
       [ 0,  0,  7,  3],
       [ 0,  0,  2, 13]]), array([[ 9,  2,  0,  0],
       [ 2,  8,  0,  0],
       [ 0,  0,  8,  2],
       [ 0,  1,  2, 12]]), array([[ 8,  3,  0,  0],
       [ 1,  8,  0,  1],
       [ 0,  0,  7,  3],
       [ 1,  0,  3, 11]]), array([[ 9,  1,  0,  1],
       [ 2,  8,  0,  0],
       [ 0,  0,  8,  2],
       [ 0,  0,  2, 12]]), array([[11,  0,  0,  0],
       [ 3,  7,  0,  0],
       [ 0,  0,  8,  1],
       [ 0,  1,  3, 11]]), array([[ 6,  4,  1,  0],
       [ 2,  4,  0,  3],
       [ 0,  0,  6,  4],
       [ 0,  1,  2, 12]]), array([[11,  0,  0,  0],
       [ 4,  4,  0,  1],
       [ 0,  0,  6,  4],
       [ 0,  0,  2, 13]]), array([[11,  0,  0,  0],
       [ 4,  4,  0,  1],
       [ 0,  0,  7,  3],
       [ 1,  0,  4, 10]]), array([[10,  1,  0,  0],
       [ 2,  6,  0,  1],
       [ 1,  0,  6,  3],
       [ 0,  0,  3, 12]])]"
2,"[1.0, 1.0, 1.0, 1.0, 1.0, 1.0, 1.0, 1.0, 1.0, 1.0]","[1.0, 1.0, 1.0, 1.0, 1.0, 1.0, 1.0, 1.0, 1.0, 1.0]","[1.0, 1.0, 1.0, 1.0, 1.0, 1.0, 1.0, 1.0, 1.0, 1.0]","[1.0, 1.0, 1.0, 1.0, 1.0, 1.0, 1.0, 1.0, 1.0, 1.0]","[1.0, 1.0, 1.0, 1.0, 1.0, 1.0, 1.0, 1.0, 1.0, 1.0]","[1.0, 1.0, 1.0, 1.0, 1.0, 1.0, 1.0, 1.0, 1.0, 1.0]","[1.0, 1.0, 1.0, 1.0, 1.0, 1.0, 1.0, 1.0, 1.0, 1.0]","[1.0, 1.0, 1.0, 1.0, 1.0, 1.0, 1.0, 1.0, 1.0, 1.0]","[1.0, 1.0, 1.0, 1.0, 1.0, 1.0, 1.0, 1.0, 1.0, 1.0]","[1.0, 1.0, 1.0, 1.0, 1.0, 1.0, 1.0, 1.0, 1.0, 1.0]","[array([[100,   0,   0,   0],
       [  0, 133,   0,   0],
       [  0,   0,  89,   0],
       [  0,   0,   0, 134]]), array([[100,   0,   0,   0],
       [  0, 123,   0,   0],
       [  0,   0,  89,   0],
       [  0,   0,   0, 134]]), array([[101,   0,   0,   0],
       [  0, 138,   0,   0],
       [  0,   0,  89,   0],
       [  0,   0,   0, 134]]), array([[101,   0,   0,   0],
       [  0, 137,   0,   0],
       [  0,   0,  89,   0],
       [  0,   0,   0, 134]]), array([[101,   0,   0,   0],
       [  0, 131,   0,   0],
       [  0,   0,  89,   0],
       [  0,   0,   0, 135]]), array([[101,   0,   0,   0],
       [  0, 136,   0,   0],
       [  0,   0,  90,   0],
       [  0,   0,   0, 134]]), array([[101,   0,   0,   0],
       [  0, 137,   0,   0],
       [  0,   0,  89,   0],
       [  0,   0,   0, 134]]), array([[101,   0,   0,   0],
       [  0, 133,   0,   0],
       [  0,   0,  89,   0],
       [  0,   0,   0, 134]]), array([[101,   0,   0,   0],
       [  0, 134,   0,   0],
       [  0,   0,  89,   0],
       [  0,   0,   0, 134]]), array([[101,   0,   0,   0],
       [  0, 121,   0,   0],
       [  0,   0,  89,   0],
       [  0,   0,   0, 134]])]","[0.6086956521739131, 0.782608695652174, 0.8478260869565217, 0.717391304347826, 0.8222222222222222, 0.8222222222222222, 0.6666666666666666, 0.7555555555555555, 0.7111111111111111, 0.7777777777777778]","[0.6086956521739131, 0.782608695652174, 0.8478260869565217, 0.717391304347826, 0.8222222222222222, 0.8222222222222222, 0.6666666666666666, 0.7555555555555555, 0.7111111111111111, 0.7777777777777778]","[0.6086956521739131, 0.782608695652174, 0.8478260869565217, 0.717391304347826, 0.8222222222222222, 0.8222222222222222, 0.6666666666666666, 0.7555555555555555, 0.7111111111111111, 0.7777777777777778]","[0.6086956521739131, 0.782608695652174, 0.8478260869565217, 0.717391304347826, 0.8222222222222222, 0.8222222222222222, 0.6666666666666666, 0.7555555555555555, 0.7111111111111111, 0.7777777777777778]","[0.6179029304029304, 0.7922143216260863, 0.8462121212121213, 0.7194444444444444, 0.8267676767676768, 0.8193181818181817, 0.7109250398724083, 0.8013888888888889, 0.7595373376623377, 0.777724358974359]","[0.6055555555555555, 0.7666666666666667, 0.8462121212121213, 0.7174242424242425, 0.8188311688311688, 0.8328282828282828, 0.6530303030303031, 0.7277777777777777, 0.7027777777777777, 0.7717171717171718]","[0.6078173981191223, 0.7748355263157894, 0.8452380952380952, 0.7151515151515151, 0.8219683220590661, 0.8210950080515298, 0.6608359133126935, 0.729020979020979, 0.6966303173199725, 0.7721104231166149]","[0.617335562987737, 0.7868134990897139, 0.8496047430830039, 0.7222222222222222, 0.8241975308641976, 0.8324915824915826, 0.7122098174729754, 0.7866666666666666, 0.7475649350649352, 0.7778490028490027]","[0.6086956521739131, 0.782608695652174, 0.8478260869565217, 0.717391304347826, 0.8222222222222222, 0.8222222222222222, 0.6666666666666666, 0.7555555555555555, 0.7111111111111111, 0.7777777777777778]","[0.6097025350960884, 0.7805635011441648, 0.8478260869565217, 0.716798418972332, 0.8223835450695703, 0.8219431025228127, 0.6681940144478845, 0.7406889406889406, 0.7002870834288458, 0.775427129916294]","[array([[10,  1,  1,  0],
       [ 3,  5,  0,  1],
       [ 0,  0,  5,  5],
       [ 0,  1,  6,  8]]), array([[10,  1,  0,  1],
       [ 3,  6,  0,  0],
       [ 0,  0,  7,  3],
       [ 0,  0,  2, 13]]), array([[ 9,  2,  0,  0],
       [ 1,  9,  0,  0],
       [ 0,  0,  8,  2],
       [ 0,  0,  2, 13]]), array([[ 7,  4,  0,  0],
       [ 1,  8,  0,  1],
       [ 0,  0,  7,  3],
       [ 1,  0,  3, 11]]), array([[ 9,  1,  0,  1],
       [ 2,  8,  0,  0],
       [ 0,  0,  8,  2],
       [ 0,  0,  2, 12]]), array([[10,  1,  0,  0],
       [ 2,  8,  0,  0],
       [ 0,  0,  8,  1],
       [ 0,  1,  3, 11]]), array([[ 6,  4,  1,  0],
       [ 0,  6,  0,  3],
       [ 0,  0,  6,  4],
       [ 0,  1,  2, 12]]), array([[11,  0,  0,  0],
       [ 4,  4,  0,  1],
       [ 0,  0,  6,  4],
       [ 0,  0,  2, 13]]), array([[11,  0,  0,  0],
       [ 4,  4,  0,  1],
       [ 0,  0,  7,  3],
       [ 1,  0,  4, 10]]), array([[10,  1,  0,  0],
       [ 2,  7,  0,  0],
       [ 1,  0,  6,  3],
       [ 0,  0,  3, 12]])]"
3,"[1.0, 1.0, 1.0, 1.0, 1.0, 1.0, 1.0, 1.0, 1.0, 1.0]","[1.0, 1.0, 1.0, 1.0, 1.0, 1.0, 1.0, 1.0, 1.0, 1.0]","[1.0, 1.0, 1.0, 1.0, 1.0, 1.0, 1.0, 1.0, 1.0, 1.0]","[1.0, 1.0, 1.0, 1.0, 1.0, 1.0, 1.0, 1.0, 1.0, 1.0]","[1.0, 1.0, 1.0, 1.0, 1.0, 1.0, 1.0, 1.0, 1.0, 1.0]","[1.0, 1.0, 1.0, 1.0, 1.0, 1.0, 1.0, 1.0, 1.0, 1.0]","[1.0, 1.0, 1.0, 1.0, 1.0, 1.0, 1.0, 1.0, 1.0, 1.0]","[1.0, 1.0, 1.0, 1.0, 1.0, 1.0, 1.0, 1.0, 1.0, 1.0]","[1.0, 1.0, 1.0, 1.0, 1.0, 1.0, 1.0, 1.0, 1.0, 1.0]","[1.0, 1.0, 1.0, 1.0, 1.0, 1.0, 1.0, 1.0, 1.0, 1.0]","[array([[100,   0,   0,   0],
       [  0, 133,   0,   0],
       [  0,   0,  89,   0],
       [  0,   0,   0, 134]]), array([[100,   0,   0,   0],
       [  0, 123,   0,   0],
       [  0,   0,  89,   0],
       [  0,   0,   0, 134]]), array([[101,   0,   0,   0],
       [  0, 138,   0,   0],
       [  0,   0,  89,   0],
       [  0,   0,   0, 134]]), array([[101,   0,   0,   0],
       [  0, 137,   0,   0],
       [  0,   0,  89,   0],
       [  0,   0,   0, 134]]), array([[101,   0,   0,   0],
       [  0, 131,   0,   0],
       [  0,   0,  89,   0],
       [  0,   0,   0, 135]]), array([[101,   0,   0,   0],
       [  0, 136,   0,   0],
       [  0,   0,  90,   0],
       [  0,   0,   0, 134]]), array([[101,   0,   0,   0],
       [  0, 137,   0,   0],
       [  0,   0,  89,   0],
       [  0,   0,   0, 134]]), array([[101,   0,   0,   0],
       [  0, 133,   0,   0],
       [  0,   0,  89,   0],
       [  0,   0,   0, 134]]), array([[101,   0,   0,   0],
       [  0, 134,   0,   0],
       [  0,   0,  89,   0],
       [  0,   0,   0, 134]]), array([[101,   0,   0,   0],
       [  0, 121,   0,   0],
       [  0,   0,  89,   0],
       [  0,   0,   0, 134]])]","[0.6956521739130435, 0.7608695652173914, 0.7608695652173914, 0.7608695652173914, 0.8, 0.8222222222222222, 0.6222222222222222, 0.6888888888888889, 0.7777777777777778, 0.6888888888888889]","[0.6956521739130435, 0.7608695652173914, 0.7608695652173914, 0.7608695652173914, 0.8, 0.8222222222222222, 0.6222222222222222, 0.6888888888888889, 0.7777777777777778, 0.6888888888888889]","[0.6956521739130435, 0.7608695652173914, 0.7608695652173914, 0.7608695652173914, 0.8, 0.8222222222222222, 0.6222222222222222, 0.6888888888888889, 0.7777777777777778, 0.6888888888888889]","[0.6956521739130435, 0.7608695652173914, 0.7608695652173914, 0.7608695652173914, 0.8, 0.8222222222222222, 0.6222222222222222, 0.6888888888888889, 0.7777777777777778, 0.6888888888888889]","[0.7003621378621379, 0.7630090497737557, 0.7672348484848486, 0.7601773226773227, 0.8045454545454546, 0.8217171717171716, 0.6494755244755245, 0.6857638888888888, 0.8163194444444444, 0.6846776589423649]","[0.7041666666666666, 0.7486111111111111, 0.7568181818181818, 0.7613636363636365, 0.7938311688311689, 0.8217171717171716, 0.621969696969697, 0.6767676767676768, 0.7638888888888888, 0.6734848484848486]","[0.6940291166633877, 0.7522712418300654, 0.7580808080808081, 0.7529900463302183, 0.7952380952380953, 0.8217171717171716, 0.6167557932263814, 0.6786270843073088, 0.7664856585909217, 0.6773677174218969]","[0.705919080919081, 0.7579800314774738, 0.769927536231884, 0.7704958085392867, 0.8018181818181818, 0.8222222222222222, 0.6596477596477597, 0.6902777777777778, 0.8075617283950618, 0.6865286855482935]","[0.6956521739130435, 0.7608695652173914, 0.7608695652173914, 0.7608695652173914, 0.8, 0.8222222222222222, 0.6222222222222222, 0.6888888888888889, 0.7777777777777778, 0.6888888888888889]","[0.6918372409309805, 0.7560287013356067, 0.7619675010979359, 0.7584589529360851, 0.7970370370370371, 0.8222222222222222, 0.6232521291344821, 0.6871227468702925, 0.7724434543147993, 0.6859133126934984]","[array([[11,  1,  0,  0],
       [ 3,  6,  0,  0],
       [ 0,  0,  7,  3],
       [ 0,  1,  6,  8]]), array([[11,  1,  0,  0],
       [ 2,  7,  0,  0],
       [ 0,  0,  5,  5],
       [ 0,  0,  3, 12]]), array([[ 8,  3,  0,  0],
       [ 2,  8,  0,  0],
       [ 0,  0,  7,  3],
       [ 1,  1,  1, 12]]), array([[ 6,  5,  0,  0],
       [ 1,  8,  0,  1],
       [ 0,  0,  9,  1],
       [ 1,  0,  2, 12]]), array([[ 9,  2,  0,  0],
       [ 1,  9,  0,  0],
       [ 0,  0,  6,  4],
       [ 0,  0,  2, 12]]), array([[10,  1,  0,  0],
       [ 1,  8,  0,  1],
       [ 0,  0,  7,  2],
       [ 0,  1,  2, 12]]), array([[ 5,  5,  1,  0],
       [ 1,  6,  0,  2],
       [ 0,  0,  7,  3],
       [ 0,  2,  3, 10]]), array([[ 9,  2,  0,  0],
       [ 3,  5,  0,  1],
       [ 0,  0,  6,  4],
       [ 0,  2,  2, 11]]), array([[11,  0,  0,  0],
       [ 4,  5,  0,  0],
       [ 0,  0,  7,  3],
       [ 1,  0,  2, 12]]), array([[ 8,  2,  1,  0],
       [ 2,  6,  0,  1],
       [ 1,  0,  5,  4],
       [ 0,  0,  3, 12]])]"
4,"[1.0, 1.0, 1.0, 1.0, 1.0, 1.0, 1.0, 1.0, 1.0, 1.0]","[1.0, 1.0, 1.0, 1.0, 1.0, 1.0, 1.0, 1.0, 1.0, 1.0]","[1.0, 1.0, 1.0, 1.0, 1.0, 1.0, 1.0, 1.0, 1.0, 1.0]","[1.0, 1.0, 1.0, 1.0, 1.0, 1.0, 1.0, 1.0, 1.0, 1.0]","[1.0, 1.0, 1.0, 1.0, 1.0, 1.0, 1.0, 1.0, 1.0, 1.0]","[1.0, 1.0, 1.0, 1.0, 1.0, 1.0, 1.0, 1.0, 1.0, 1.0]","[1.0, 1.0, 1.0, 1.0, 1.0, 1.0, 1.0, 1.0, 1.0, 1.0]","[1.0, 1.0, 1.0, 1.0, 1.0, 1.0, 1.0, 1.0, 1.0, 1.0]","[1.0, 1.0, 1.0, 1.0, 1.0, 1.0, 1.0, 1.0, 1.0, 1.0]","[1.0, 1.0, 1.0, 1.0, 1.0, 1.0, 1.0, 1.0, 1.0, 1.0]","[array([[100,   0,   0,   0],
       [  0, 133,   0,   0],
       [  0,   0,  89,   0],
       [  0,   0,   0, 134]]), array([[100,   0,   0,   0],
       [  0, 123,   0,   0],
       [  0,   0,  89,   0],
       [  0,   0,   0, 134]]), array([[101,   0,   0,   0],
       [  0, 138,   0,   0],
       [  0,   0,  89,   0],
       [  0,   0,   0, 134]]), array([[101,   0,   0,   0],
       [  0, 137,   0,   0],
       [  0,   0,  89,   0],
       [  0,   0,   0, 134]]), array([[101,   0,   0,   0],
       [  0, 131,   0,   0],
       [  0,   0,  89,   0],
       [  0,   0,   0, 135]]), array([[101,   0,   0,   0],
       [  0, 136,   0,   0],
       [  0,   0,  90,   0],
       [  0,   0,   0, 134]]), array([[101,   0,   0,   0],
       [  0, 137,   0,   0],
       [  0,   0,  89,   0],
       [  0,   0,   0, 134]]), array([[101,   0,   0,   0],
       [  0, 133,   0,   0],
       [  0,   0,  89,   0],
       [  0,   0,   0, 134]]), array([[101,   0,   0,   0],
       [  0, 134,   0,   0],
       [  0,   0,  89,   0],
       [  0,   0,   0, 134]]), array([[101,   0,   0,   0],
       [  0, 121,   0,   0],
       [  0,   0,  89,   0],
       [  0,   0,   0, 134]])]","[0.6956521739130435, 0.7608695652173914, 0.782608695652174, 0.7608695652173914, 0.8222222222222222, 0.8, 0.6888888888888889, 0.7555555555555555, 0.7555555555555555, 0.7111111111111111]","[0.6956521739130435, 0.7608695652173914, 0.782608695652174, 0.7608695652173914, 0.8222222222222222, 0.8, 0.6888888888888889, 0.7555555555555555, 0.7555555555555555, 0.7111111111111111]","[0.6956521739130435, 0.7608695652173914, 0.782608695652174, 0.7608695652173914, 0.8222222222222222, 0.8, 0.6888888888888889, 0.7555555555555555, 0.7555555555555555, 0.7111111111111111]","[0.6956521739130435, 0.7608695652173914, 0.782608695652174, 0.7608695652173914, 0.8222222222222222, 0.8, 0.6888888888888889, 0.7555555555555555, 0.7555555555555555, 0.7111111111111111]","[0.7087912087912087, 0.7630090497737557, 0.7880681818181818, 0.7611111111111111, 0.8253434065934065, 0.7948717948717948, 0.7346153846153846, 0.7528235653235653, 0.7888528138528138, 0.7007575757575757]","[0.6958333333333333, 0.7486111111111111, 0.7795454545454545, 0.759090909090909, 0.8165584415584416, 0.805050505050505, 0.6914141414141415, 0.7411616161616161, 0.7472222222222222, 0.7035353535353535]","[0.6961163836163836, 0.7522712418300654, 0.7805728088336783, 0.7568181818181818, 0.8170634920634922, 0.798030402092187, 0.6804924242424242, 0.7423422467458971, 0.74643172919035, 0.6995614035087719]","[0.7071189679885331, 0.7579800314774738, 0.7885375494071146, 0.7657004830917874, 0.8269230769230769, 0.8035327635327636, 0.7447293447293447, 0.7537308370641704, 0.7825781625781626, 0.7131986531986532]","[0.6956521739130435, 0.7608695652173914, 0.782608695652174, 0.7608695652173914, 0.8222222222222222, 0.8, 0.6888888888888889, 0.7555555555555555, 0.7555555555555555, 0.7111111111111111]","[0.6956793206793207, 0.7560287013356067, 0.7827287184565068, 0.7602766798418972, 0.8209876543209876, 0.7996113472086012, 0.6861111111111111, 0.7505109098912155, 0.7507164610612886, 0.7099805068226122]","[array([[11,  1,  0,  0],
       [ 3,  6,  0,  0],
       [ 0,  0,  6,  4],
       [ 0,  0,  6,  9]]), array([[11,  1,  0,  0],
       [ 2,  7,  0,  0],
       [ 0,  0,  5,  5],
       [ 0,  0,  3, 12]]), array([[ 9,  2,  0,  0],
       [ 2,  8,  0,  0],
       [ 0,  0,  7,  3],
       [ 1,  1,  1, 12]]), array([[ 7,  4,  0,  0],
       [ 1,  8,  0,  1],
       [ 0,  0,  8,  2],
       [ 1,  0,  2, 12]]), array([[10,  1,  0,  0],
       [ 3,  7,  0,  0],
       [ 0,  0,  8,  2],
       [ 0,  0,  2, 12]]), array([[10,  1,  0,  0],
       [ 2,  8,  0,  0],
       [ 0,  0,  7,  2],
       [ 0,  1,  3, 11]]), array([[ 5,  5,  1,  0],
       [ 0,  7,  0,  2],
       [ 0,  0,  8,  2],
       [ 0,  1,  3, 11]]), array([[10,  1,  0,  0],
       [ 3,  5,  0,  1],
       [ 0,  0,  7,  3],
       [ 0,  1,  2, 12]]), array([[11,  0,  0,  0],
       [ 4,  5,  0,  0],
       [ 0,  0,  7,  3],
       [ 0,  0,  4, 11]]), array([[ 7,  4,  0,  0],
       [ 2,  7,  0,  0],
       [ 1,  0,  6,  3],
       [ 0,  0,  3, 12]])]"
5,"[1.0, 1.0, 1.0, 1.0, 1.0, 1.0, 1.0, 1.0, 1.0, 1.0]","[1.0, 1.0, 1.0, 1.0, 1.0, 1.0, 1.0, 1.0, 1.0, 1.0]","[1.0, 1.0, 1.0, 1.0, 1.0, 1.0, 1.0, 1.0, 1.0, 1.0]","[1.0, 1.0, 1.0, 1.0, 1.0, 1.0, 1.0, 1.0, 1.0, 1.0]","[1.0, 1.0, 1.0, 1.0, 1.0, 1.0, 1.0, 1.0, 1.0, 1.0]","[1.0, 1.0, 1.0, 1.0, 1.0, 1.0, 1.0, 1.0, 1.0, 1.0]","[1.0, 1.0, 1.0, 1.0, 1.0, 1.0, 1.0, 1.0, 1.0, 1.0]","[1.0, 1.0, 1.0, 1.0, 1.0, 1.0, 1.0, 1.0, 1.0, 1.0]","[1.0, 1.0, 1.0, 1.0, 1.0, 1.0, 1.0, 1.0, 1.0, 1.0]","[1.0, 1.0, 1.0, 1.0, 1.0, 1.0, 1.0, 1.0, 1.0, 1.0]","[array([[100,   0,   0,   0],
       [  0, 133,   0,   0],
       [  0,   0,  89,   0],
       [  0,   0,   0, 134]]), array([[100,   0,   0,   0],
       [  0, 123,   0,   0],
       [  0,   0,  89,   0],
       [  0,   0,   0, 134]]), array([[101,   0,   0,   0],
       [  0, 138,   0,   0],
       [  0,   0,  89,   0],
       [  0,   0,   0, 134]]), array([[101,   0,   0,   0],
       [  0, 137,   0,   0],
       [  0,   0,  89,   0],
       [  0,   0,   0, 134]]), array([[101,   0,   0,   0],
       [  0, 131,   0,   0],
       [  0,   0,  89,   0],
       [  0,   0,   0, 135]]), array([[101,   0,   0,   0],
       [  0, 136,   0,   0],
       [  0,   0,  90,   0],
       [  0,   0,   0, 134]]), array([[101,   0,   0,   0],
       [  0, 137,   0,   0],
       [  0,   0,  89,   0],
       [  0,   0,   0, 134]]), array([[101,   0,   0,   0],
       [  0, 133,   0,   0],
       [  0,   0,  89,   0],
       [  0,   0,   0, 134]]), array([[101,   0,   0,   0],
       [  0, 134,   0,   0],
       [  0,   0,  89,   0],
       [  0,   0,   0, 134]]), array([[101,   0,   0,   0],
       [  0, 121,   0,   0],
       [  0,   0,  89,   0],
       [  0,   0,   0, 134]])]","[0.7391304347826086, 0.782608695652174, 0.7608695652173914, 0.8043478260869565, 0.7777777777777778, 0.7777777777777778, 0.7333333333333333, 0.7555555555555555, 0.7333333333333333, 0.8]","[0.7391304347826086, 0.782608695652174, 0.7608695652173914, 0.8043478260869565, 0.7777777777777778, 0.7777777777777778, 0.7333333333333333, 0.7555555555555555, 0.7333333333333333, 0.8]","[0.7391304347826086, 0.782608695652174, 0.7608695652173914, 0.8043478260869565, 0.7777777777777778, 0.7777777777777778, 0.7333333333333333, 0.7555555555555555, 0.7333333333333333, 0.8]","[0.7391304347826086, 0.782608695652174, 0.7608695652173914, 0.8043478260869565, 0.7777777777777778, 0.7777777777777778, 0.7333333333333333, 0.7555555555555555, 0.7333333333333333, 0.8]","[0.7488553113553114, 0.7926322043969103, 0.7896613190730838, 0.8167446524064171, 0.7762626262626262, 0.7818181818181819, 0.7612179487179487, 0.7657563025210085, 0.7393139948287007, 0.8003434065934066]","[0.7374999999999999, 0.7805555555555557, 0.7484848484848485, 0.7962121212121213, 0.7711038961038962, 0.7712121212121212, 0.7452020202020202, 0.7439393939393939, 0.718939393939394, 0.7967171717171717]","[0.7367007992007992, 0.7850082634121536, 0.7542613636363636, 0.8023313492063492, 0.7720594589923083, 0.7747808800939731, 0.7353347135955832, 0.7502860411899313, 0.7222222222222223, 0.7961122379986476]","[0.7503185220576525, 0.7861737580407656, 0.7855924978687127, 0.8128981632178562, 0.7789001122334456, 0.7816161616161617, 0.7713675213675213, 0.758574540927482, 0.7336457659987072, 0.8043040293040292]","[0.7391304347826086, 0.782608695652174, 0.7608695652173914, 0.8043478260869565, 0.7777777777777778, 0.7777777777777778, 0.7333333333333333, 0.7555555555555555, 0.7333333333333333, 0.8]","[0.7387340919949615, 0.7826211322256491, 0.7600049407114625, 0.8046281918564526, 0.776769509981851, 0.7780769655532466, 0.7354650716969559, 0.7529112636664124, 0.7271604938271605, 0.7998272105777177]","[array([[11,  1,  0,  0],
       [ 3,  6,  0,  0],
       [ 0,  0,  7,  3],
       [ 0,  0,  5, 10]]), array([[10,  1,  0,  1],
       [ 1,  8,  0,  0],
       [ 0,  0,  6,  4],
       [ 0,  0,  3, 12]]), array([[ 8,  3,  0,  0],
       [ 2,  8,  0,  0],
       [ 0,  0,  6,  4],
       [ 1,  1,  0, 13]]), array([[ 9,  2,  0,  0],
       [ 1,  8,  0,  1],
       [ 0,  0,  7,  3],
       [ 0,  1,  1, 13]]), array([[ 8,  3,  0,  0],
       [ 2,  8,  0,  0],
       [ 0,  0,  7,  3],
       [ 0,  0,  2, 12]]), array([[ 9,  2,  0,  0],
       [ 1,  8,  0,  1],
       [ 0,  0,  6,  3],
       [ 0,  1,  2, 12]]), array([[ 7,  3,  1,  0],
       [ 0,  7,  0,  2],
       [ 0,  0,  9,  1],
       [ 0,  2,  3, 10]]), array([[10,  1,  0,  0],
       [ 2,  6,  0,  1],
       [ 0,  0,  6,  4],
       [ 0,  0,  3, 12]]), array([[10,  1,  0,  0],
       [ 3,  6,  0,  0],
       [ 0,  0,  5,  5],
       [ 0,  0,  3, 12]]), array([[10,  1,  0,  0],
       [ 2,  7,  0,  0],
       [ 1,  0,  7,  2],
       [ 0,  0,  3, 12]])]"
6,"[1.0, 1.0, 1.0, 1.0, 1.0, 1.0, 1.0, 1.0, 1.0, 1.0]","[1.0, 1.0, 1.0, 1.0, 1.0, 1.0, 1.0, 1.0, 1.0, 1.0]","[1.0, 1.0, 1.0, 1.0, 1.0, 1.0, 1.0, 1.0, 1.0, 1.0]","[1.0, 1.0, 1.0, 1.0, 1.0, 1.0, 1.0, 1.0, 1.0, 1.0]","[1.0, 1.0, 1.0, 1.0, 1.0, 1.0, 1.0, 1.0, 1.0, 1.0]","[1.0, 1.0, 1.0, 1.0, 1.0, 1.0, 1.0, 1.0, 1.0, 1.0]","[1.0, 1.0, 1.0, 1.0, 1.0, 1.0, 1.0, 1.0, 1.0, 1.0]","[1.0, 1.0, 1.0, 1.0, 1.0, 1.0, 1.0, 1.0, 1.0, 1.0]","[1.0, 1.0, 1.0, 1.0, 1.0, 1.0, 1.0, 1.0, 1.0, 1.0]","[1.0, 1.0, 1.0, 1.0, 1.0, 1.0, 1.0, 1.0, 1.0, 1.0]","[array([[100,   0,   0,   0],
       [  0, 133,   0,   0],
       [  0,   0,  89,   0],
       [  0,   0,   0, 134]]), array([[100,   0,   0,   0],
       [  0, 123,   0,   0],
       [  0,   0,  89,   0],
       [  0,   0,   0, 134]]), array([[101,   0,   0,   0],
       [  0, 138,   0,   0],
       [  0,   0,  89,   0],
       [  0,   0,   0, 134]]), array([[101,   0,   0,   0],
       [  0, 137,   0,   0],
       [  0,   0,  89,   0],
       [  0,   0,   0, 134]]), array([[101,   0,   0,   0],
       [  0, 131,   0,   0],
       [  0,   0,  89,   0],
       [  0,   0,   0, 135]]), array([[101,   0,   0,   0],
       [  0, 136,   0,   0],
       [  0,   0,  90,   0],
       [  0,   0,   0, 134]]), array([[101,   0,   0,   0],
       [  0, 137,   0,   0],
       [  0,   0,  89,   0],
       [  0,   0,   0, 134]]), array([[101,   0,   0,   0],
       [  0, 133,   0,   0],
       [  0,   0,  89,   0],
       [  0,   0,   0, 134]]), array([[101,   0,   0,   0],
       [  0, 134,   0,   0],
       [  0,   0,  89,   0],
       [  0,   0,   0, 134]]), array([[101,   0,   0,   0],
       [  0, 121,   0,   0],
       [  0,   0,  89,   0],
       [  0,   0,   0, 134]])]","[0.717391304347826, 0.782608695652174, 0.7391304347826086, 0.7608695652173914, 0.8, 0.7333333333333333, 0.7111111111111111, 0.7777777777777778, 0.7777777777777778, 0.7777777777777778]","[0.717391304347826, 0.782608695652174, 0.7391304347826086, 0.7608695652173914, 0.8, 0.7333333333333333, 0.7111111111111111, 0.7777777777777778, 0.7777777777777778, 0.7777777777777778]","[0.717391304347826, 0.782608695652174, 0.7391304347826086, 0.7608695652173914, 0.8, 0.7333333333333333, 0.7111111111111111, 0.7777777777777778, 0.7777777777777778, 0.7777777777777778]","[0.717391304347826, 0.782608695652174, 0.7391304347826086, 0.7608695652173914, 0.8, 0.7333333333333333, 0.7111111111111111, 0.7777777777777778, 0.7777777777777778, 0.7777777777777778]","[0.7328296703296703, 0.7926322043969103, 0.7555555555555556, 0.7667446524064171, 0.8041666666666667, 0.7388888888888888, 0.7201548451548452, 0.7777777777777778, 0.7948717948717949, 0.78125]","[0.7208333333333333, 0.7805555555555557, 0.7234848484848485, 0.7484848484848484, 0.7961038961038961, 0.7318181818181818, 0.7113636363636363, 0.7689393939393938, 0.7777777777777778, 0.7717171717171718]","[0.7178790412486065, 0.7850082634121536, 0.7255140692640694, 0.7543876262626262, 0.7956525325853819, 0.7318181818181818, 0.7019740129935033, 0.771620805995684, 0.78125, 0.7747167812278821]","[0.7342928810320114, 0.7861737580407656, 0.7528985507246376, 0.7656649616368286, 0.8056790123456791, 0.7432098765432098, 0.7343656343656344, 0.7765432098765431, 0.7846153846153846, 0.7768518518518519]","[0.717391304347826, 0.782608695652174, 0.7391304347826086, 0.7608695652173914, 0.8, 0.7333333333333333, 0.7111111111111111, 0.7777777777777778, 0.7777777777777778, 0.7777777777777778]","[0.7171913625127236, 0.7826211322256491, 0.7330839450404668, 0.7601147342995169, 0.7985876918000331, 0.734949494949495, 0.7097495696596146, 0.7755440632491769, 0.7768518518518518, 0.7756816621483857]","[array([[11,  1,  0,  0],
       [ 3,  6,  0,  0],
       [ 0,  0,  7,  3],
       [ 0,  0,  6,  9]]), array([[10,  1,  0,  1],
       [ 1,  8,  0,  0],
       [ 0,  0,  6,  4],
       [ 0,  0,  3, 12]]), array([[ 8,  3,  0,  0],
       [ 2,  8,  0,  0],
       [ 0,  0,  5,  5],
       [ 0,  1,  1, 13]]), array([[ 8,  3,  0,  0],
       [ 2,  7,  0,  1],
       [ 0,  0,  7,  3],
       [ 1,  0,  1, 13]]), array([[ 8,  3,  0,  0],
       [ 1,  9,  0,  0],
       [ 0,  0,  7,  3],
       [ 0,  0,  2, 12]]), array([[ 8,  3,  0,  0],
       [ 1,  8,  0,  1],
       [ 0,  0,  6,  3],
       [ 0,  1,  3, 11]]), array([[ 6,  4,  1,  0],
       [ 1,  6,  0,  2],
       [ 0,  0,  9,  1],
       [ 0,  1,  3, 11]]), array([[10,  1,  0,  0],
       [ 2,  6,  0,  1],
       [ 0,  0,  7,  3],
       [ 0,  1,  2, 12]]), array([[11,  0,  0,  0],
       [ 2,  7,  0,  0],
       [ 0,  0,  6,  4],
       [ 0,  0,  4, 11]]), array([[10,  1,  0,  0],
       [ 1,  7,  0,  1],
       [ 1,  0,  6,  3],
       [ 0,  0,  3, 12]])]"
7,"[1.0, 1.0, 1.0, 1.0, 1.0, 1.0, 1.0, 1.0, 1.0, 1.0]","[1.0, 1.0, 1.0, 1.0, 1.0, 1.0, 1.0, 1.0, 1.0, 1.0]","[1.0, 1.0, 1.0, 1.0, 1.0, 1.0, 1.0, 1.0, 1.0, 1.0]","[1.0, 1.0, 1.0, 1.0, 1.0, 1.0, 1.0, 1.0, 1.0, 1.0]","[1.0, 1.0, 1.0, 1.0, 1.0, 1.0, 1.0, 1.0, 1.0, 1.0]","[1.0, 1.0, 1.0, 1.0, 1.0, 1.0, 1.0, 1.0, 1.0, 1.0]","[1.0, 1.0, 1.0, 1.0, 1.0, 1.0, 1.0, 1.0, 1.0, 1.0]","[1.0, 1.0, 1.0, 1.0, 1.0, 1.0, 1.0, 1.0, 1.0, 1.0]","[1.0, 1.0, 1.0, 1.0, 1.0, 1.0, 1.0, 1.0, 1.0, 1.0]","[1.0, 1.0, 1.0, 1.0, 1.0, 1.0, 1.0, 1.0, 1.0, 1.0]","[array([[100,   0,   0,   0],
       [  0, 133,   0,   0],
       [  0,   0,  89,   0],
       [  0,   0,   0, 134]]), array([[100,   0,   0,   0],
       [  0, 123,   0,   0],
       [  0,   0,  89,   0],
       [  0,   0,   0, 134]]), array([[101,   0,   0,   0],
       [  0, 138,   0,   0],
       [  0,   0,  89,   0],
       [  0,   0,   0, 134]]), array([[101,   0,   0,   0],
       [  0, 137,   0,   0],
       [  0,   0,  89,   0],
       [  0,   0,   0, 134]]), array([[101,   0,   0,   0],
       [  0, 131,   0,   0],
       [  0,   0,  89,   0],
       [  0,   0,   0, 135]]), array([[101,   0,   0,   0],
       [  0, 136,   0,   0],
       [  0,   0,  90,   0],
       [  0,   0,   0, 134]]), array([[101,   0,   0,   0],
       [  0, 137,   0,   0],
       [  0,   0,  89,   0],
       [  0,   0,   0, 134]]), array([[101,   0,   0,   0],
       [  0, 133,   0,   0],
       [  0,   0,  89,   0],
       [  0,   0,   0, 134]]), array([[101,   0,   0,   0],
       [  0, 134,   0,   0],
       [  0,   0,  89,   0],
       [  0,   0,   0, 134]]), array([[101,   0,   0,   0],
       [  0, 121,   0,   0],
       [  0,   0,  89,   0],
       [  0,   0,   0, 134]])]","[0.7391304347826086, 0.8260869565217391, 0.717391304347826, 0.8260869565217391, 0.7777777777777778, 0.7555555555555555, 0.6444444444444445, 0.7555555555555555, 0.7777777777777778, 0.7777777777777778]","[0.7391304347826086, 0.8260869565217391, 0.717391304347826, 0.8260869565217391, 0.7777777777777778, 0.7555555555555555, 0.6444444444444445, 0.7555555555555555, 0.7777777777777778, 0.7777777777777778]","[0.7391304347826086, 0.8260869565217391, 0.717391304347826, 0.8260869565217391, 0.7777777777777778, 0.7555555555555555, 0.6444444444444445, 0.7555555555555555, 0.7777777777777778, 0.7777777777777778]","[0.7391304347826086, 0.8260869565217391, 0.717391304347826, 0.8260869565217391, 0.7777777777777778, 0.7555555555555555, 0.6444444444444445, 0.7555555555555555, 0.7777777777777778, 0.7777777777777778]","[0.7502289377289377, 0.8402777777777778, 0.7544642857142857, 0.8512626262626263, 0.7762626262626262, 0.7730769230769231, 0.66504329004329, 0.7541666666666667, 0.7862103174603176, 0.7712121212121212]","[0.7374999999999999, 0.8111111111111111, 0.709090909090909, 0.812878787878788, 0.7711038961038962, 0.7568181818181818, 0.6446969696969697, 0.7522727272727272, 0.7633838383838384, 0.7767676767676768]","[0.7390047021943573, 0.8207813428401664, 0.7097787081339713, 0.8227654698242934, 0.7720594589923083, 0.7561784897025171, 0.6428571428571428, 0.7521952259164535, 0.7673021777881113, 0.7729665071770335]","[0.7481684981684983, 0.832427536231884, 0.7475414078674949, 0.8443346508563899, 0.7789001122334456, 0.776068376068376, 0.6731601731601731, 0.7537037037037038, 0.7781746031746033, 0.7748148148148148]","[0.7391304347826086, 0.8260869565217391, 0.717391304347826, 0.8260869565217391, 0.7777777777777778, 0.7555555555555555, 0.6444444444444445, 0.7555555555555555, 0.7777777777777778, 0.7777777777777778]","[0.7395318249965928, 0.8242785915420187, 0.7122685666736011, 0.8263083889682356, 0.776769509981851, 0.757538774472413, 0.6476190476190475, 0.7537368570616653, 0.7706114857009998, 0.775438596491228]","[array([[11,  1,  0,  0],
       [ 2,  6,  0,  1],
       [ 0,  0,  7,  3],
       [ 0,  0,  5, 10]]), array([[10,  1,  0,  1],
       [ 2,  7,  0,  0],
       [ 0,  0,  7,  3],
       [ 0,  0,  1, 14]]), array([[ 7,  4,  0,  0],
       [ 0,  9,  0,  1],
       [ 0,  0,  5,  5],
       [ 1,  1,  1, 12]]), array([[ 9,  2,  0,  0],
       [ 1,  8,  0,  1],
       [ 0,  0,  7,  3],
       [ 0,  1,  0, 14]]), array([[ 8,  3,  0,  0],
       [ 2,  8,  0,  0],
       [ 0,  0,  7,  3],
       [ 0,  0,  2, 12]]), array([[ 8,  3,  0,  0],
       [ 0,  9,  0,  1],
       [ 0,  0,  6,  3],
       [ 0,  1,  3, 11]]), array([[ 6,  4,  1,  0],
       [ 1,  6,  0,  2],
       [ 0,  0,  7,  3],
       [ 0,  2,  3, 10]]), array([[10,  1,  0,  0],
       [ 2,  6,  0,  1],
       [ 0,  0,  7,  3],
       [ 0,  1,  3, 11]]), array([[10,  1,  0,  0],
       [ 2,  7,  0,  0],
       [ 0,  0,  5,  5],
       [ 0,  0,  2, 13]]), array([[ 9,  2,  0,  0],
       [ 1,  8,  0,  0],
       [ 1,  0,  6,  3],
       [ 0,  0,  3, 12]])]"
8,"[1.0, 1.0, 1.0, 1.0, 1.0, 1.0, 1.0, 1.0, 1.0, 1.0]","[1.0, 1.0, 1.0, 1.0, 1.0, 1.0, 1.0, 1.0, 1.0, 1.0]","[1.0, 1.0, 1.0, 1.0, 1.0, 1.0, 1.0, 1.0, 1.0, 1.0]","[1.0, 1.0, 1.0, 1.0, 1.0, 1.0, 1.0, 1.0, 1.0, 1.0]","[1.0, 1.0, 1.0, 1.0, 1.0, 1.0, 1.0, 1.0, 1.0, 1.0]","[1.0, 1.0, 1.0, 1.0, 1.0, 1.0, 1.0, 1.0, 1.0, 1.0]","[1.0, 1.0, 1.0, 1.0, 1.0, 1.0, 1.0, 1.0, 1.0, 1.0]","[1.0, 1.0, 1.0, 1.0, 1.0, 1.0, 1.0, 1.0, 1.0, 1.0]","[1.0, 1.0, 1.0, 1.0, 1.0, 1.0, 1.0, 1.0, 1.0, 1.0]","[1.0, 1.0, 1.0, 1.0, 1.0, 1.0, 1.0, 1.0, 1.0, 1.0]","[array([[100,   0,   0,   0],
       [  0, 133,   0,   0],
       [  0,   0,  89,   0],
       [  0,   0,   0, 134]]), array([[100,   0,   0,   0],
       [  0, 123,   0,   0],
       [  0,   0,  89,   0],
       [  0,   0,   0, 134]]), array([[101,   0,   0,   0],
       [  0, 138,   0,   0],
       [  0,   0,  89,   0],
       [  0,   0,   0, 134]]), array([[101,   0,   0,   0],
       [  0, 137,   0,   0],
       [  0,   0,  89,   0],
       [  0,   0,   0, 134]]), array([[101,   0,   0,   0],
       [  0, 131,   0,   0],
       [  0,   0,  89,   0],
       [  0,   0,   0, 135]]), array([[101,   0,   0,   0],
       [  0, 136,   0,   0],
       [  0,   0,  90,   0],
       [  0,   0,   0, 134]]), array([[101,   0,   0,   0],
       [  0, 137,   0,   0],
       [  0,   0,  89,   0],
       [  0,   0,   0, 134]]), array([[101,   0,   0,   0],
       [  0, 133,   0,   0],
       [  0,   0,  89,   0],
       [  0,   0,   0, 134]]), array([[101,   0,   0,   0],
       [  0, 134,   0,   0],
       [  0,   0,  89,   0],
       [  0,   0,   0, 134]]), array([[101,   0,   0,   0],
       [  0, 121,   0,   0],
       [  0,   0,  89,   0],
       [  0,   0,   0, 134]])]","[0.7608695652173914, 0.8260869565217391, 0.7391304347826086, 0.7608695652173914, 0.8222222222222222, 0.7333333333333333, 0.6888888888888889, 0.8222222222222222, 0.7555555555555555, 0.7111111111111111]","[0.7608695652173914, 0.8260869565217391, 0.7391304347826086, 0.7608695652173914, 0.8222222222222222, 0.7333333333333333, 0.6888888888888889, 0.8222222222222222, 0.7555555555555555, 0.7111111111111111]","[0.7608695652173914, 0.8260869565217391, 0.7391304347826086, 0.7608695652173914, 0.8222222222222222, 0.7333333333333333, 0.6888888888888889, 0.8222222222222222, 0.7555555555555555, 0.7111111111111111]","[0.7608695652173914, 0.8260869565217391, 0.7391304347826086, 0.7608695652173914, 0.8222222222222222, 0.7333333333333333, 0.6888888888888889, 0.8222222222222222, 0.7555555555555555, 0.7111111111111111]","[0.7886904761904763, 0.8471593765711413, 0.7682748538011696, 0.759090909090909, 0.8240079365079366, 0.7388888888888888, 0.7046703296703296, 0.8257440476190476, 0.7607600732600732, 0.7047202797202797]","[0.7583333333333332, 0.8152777777777778, 0.7234848484848485, 0.7568181818181818, 0.8211038961038962, 0.7318181818181818, 0.6946969696969696, 0.8106060606060607, 0.7439393939393939, 0.7118686868686869]","[0.7622739329635881, 0.8260855263157895, 0.7292446524064171, 0.7571428571428571, 0.8188311688311688, 0.7318181818181818, 0.6837474120082816, 0.8145687237026649, 0.7472764572722128, 0.7047619047619047]","[0.7789855072463768, 0.8348306992808271, 0.7617594711416222, 0.7644268774703558, 0.828395061728395, 0.7432098765432098, 0.7197802197802198, 0.8237433862433862, 0.7576109076109075, 0.7218492618492618]","[0.7608695652173914, 0.8260869565217391, 0.7391304347826086, 0.7608695652173914, 0.8222222222222222, 0.7333333333333333, 0.6888888888888889, 0.8222222222222222, 0.7555555555555555, 0.7111111111111111]","[0.7605518918862246, 0.8258895881006865, 0.734637293652639, 0.7619047619047619, 0.8218181818181819, 0.734949494949495, 0.6892569588221762, 0.819908056724326, 0.7521190970257183, 0.7130158730158729]","[array([[12,  0,  0,  0],
       [ 2,  6,  0,  1],
       [ 0,  0,  7,  3],
       [ 0,  0,  5, 10]]), array([[11,  0,  0,  1],
       [ 2,  7,  0,  0],
       [ 0,  0,  7,  3],
       [ 0,  0,  2, 13]]), array([[ 8,  3,  0,  0],
       [ 1,  8,  0,  1],
       [ 0,  0,  5,  5],
       [ 0,  1,  1, 13]]), array([[ 8,  3,  0,  0],
       [ 2,  7,  0,  1],
       [ 0,  0,  8,  2],
       [ 0,  1,  2, 12]]), array([[ 8,  3,  0,  0],
       [ 1,  9,  0,  0],
       [ 0,  0,  8,  2],
       [ 0,  0,  2, 12]]), array([[ 8,  3,  0,  0],
       [ 1,  8,  0,  1],
       [ 0,  0,  6,  3],
       [ 0,  1,  3, 11]]), array([[ 6,  4,  1,  0],
       [ 1,  6,  0,  2],
       [ 0,  0,  9,  1],
       [ 0,  2,  3, 10]]), array([[10,  1,  0,  0],
       [ 2,  6,  0,  1],
       [ 0,  0,  8,  2],
       [ 0,  0,  2, 13]]), array([[10,  1,  0,  0],
       [ 3,  6,  0,  0],
       [ 0,  0,  6,  4],
       [ 0,  0,  3, 12]]), array([[ 7,  4,  0,  0],
       [ 2,  7,  0,  0],
       [ 1,  0,  7,  2],
       [ 0,  0,  4, 11]])]"
9,"[1.0, 1.0, 1.0, 1.0, 1.0, 1.0, 1.0, 1.0, 1.0, 1.0]","[1.0, 1.0, 1.0, 1.0, 1.0, 1.0, 1.0, 1.0, 1.0, 1.0]","[1.0, 1.0, 1.0, 1.0, 1.0, 1.0, 1.0, 1.0, 1.0, 1.0]","[1.0, 1.0, 1.0, 1.0, 1.0, 1.0, 1.0, 1.0, 1.0, 1.0]","[1.0, 1.0, 1.0, 1.0, 1.0, 1.0, 1.0, 1.0, 1.0, 1.0]","[1.0, 1.0, 1.0, 1.0, 1.0, 1.0, 1.0, 1.0, 1.0, 1.0]","[1.0, 1.0, 1.0, 1.0, 1.0, 1.0, 1.0, 1.0, 1.0, 1.0]","[1.0, 1.0, 1.0, 1.0, 1.0, 1.0, 1.0, 1.0, 1.0, 1.0]","[1.0, 1.0, 1.0, 1.0, 1.0, 1.0, 1.0, 1.0, 1.0, 1.0]","[1.0, 1.0, 1.0, 1.0, 1.0, 1.0, 1.0, 1.0, 1.0, 1.0]","[array([[100,   0,   0,   0],
       [  0, 133,   0,   0],
       [  0,   0,  89,   0],
       [  0,   0,   0, 134]]), array([[100,   0,   0,   0],
       [  0, 123,   0,   0],
       [  0,   0,  89,   0],
       [  0,   0,   0, 134]]), array([[101,   0,   0,   0],
       [  0, 138,   0,   0],
       [  0,   0,  89,   0],
       [  0,   0,   0, 134]]), array([[101,   0,   0,   0],
       [  0, 137,   0,   0],
       [  0,   0,  89,   0],
       [  0,   0,   0, 134]]), array([[101,   0,   0,   0],
       [  0, 131,   0,   0],
       [  0,   0,  89,   0],
       [  0,   0,   0, 135]]), array([[101,   0,   0,   0],
       [  0, 136,   0,   0],
       [  0,   0,  90,   0],
       [  0,   0,   0, 134]]), array([[101,   0,   0,   0],
       [  0, 137,   0,   0],
       [  0,   0,  89,   0],
       [  0,   0,   0, 134]]), array([[101,   0,   0,   0],
       [  0, 133,   0,   0],
       [  0,   0,  89,   0],
       [  0,   0,   0, 134]]), array([[101,   0,   0,   0],
       [  0, 134,   0,   0],
       [  0,   0,  89,   0],
       [  0,   0,   0, 134]]), array([[101,   0,   0,   0],
       [  0, 121,   0,   0],
       [  0,   0,  89,   0],
       [  0,   0,   0, 134]])]","[0.8043478260869565, 0.8478260869565217, 0.7391304347826086, 0.782608695652174, 0.7555555555555555, 0.7555555555555555, 0.6888888888888889, 0.8222222222222222, 0.7333333333333333, 0.7777777777777778]","[0.8043478260869565, 0.8478260869565217, 0.7391304347826086, 0.782608695652174, 0.7555555555555555, 0.7555555555555555, 0.6888888888888889, 0.8222222222222222, 0.7333333333333333, 0.7777777777777778]","[0.8043478260869565, 0.8478260869565217, 0.7391304347826086, 0.782608695652174, 0.7555555555555555, 0.7555555555555555, 0.6888888888888889, 0.8222222222222222, 0.7333333333333333, 0.7777777777777778]","[0.8043478260869565, 0.8478260869565217, 0.7391304347826086, 0.782608695652174, 0.7555555555555555, 0.7555555555555555, 0.6888888888888889, 0.8222222222222222, 0.7333333333333333, 0.7777777777777778]","[0.824404761904762, 0.8626893939393939, 0.7674374236874237, 0.7989583333333333, 0.7532467532467533, 0.7857142857142857, 0.7413194444444444, 0.8471593765711413, 0.7291666666666666, 0.8019480519480519]","[0.8138888888888888, 0.838888888888889, 0.7257575757575758, 0.7734848484848486, 0.7532467532467533, 0.7507575757575757, 0.689141414141414, 0.8083333333333332, 0.7262626262626264, 0.7749999999999999]","[0.8167988198414162, 0.8461791831357048, 0.7315638549990415, 0.7814667411441605, 0.7523809523809524, 0.7519634197765128, 0.6902743824332715, 0.8165021929824562, 0.7261298407308594, 0.7763218390804598]","[0.8162525879917185, 0.8549077733860342, 0.7648610447523491, 0.8004528985507247, 0.7571717171717173, 0.7873015873015874, 0.7464506172839507, 0.83457907379476, 0.7337037037037036, 0.7953823953823953]","[0.8043478260869565, 0.8478260869565217, 0.7391304347826086, 0.782608695652174, 0.7555555555555555, 0.7555555555555555, 0.6888888888888889, 0.8222222222222222, 0.7333333333333333, 0.7777777777777778]","[0.8082402648942909, 0.8465181111683948, 0.7377997879264946, 0.7872635390166948, 0.7555555555555555, 0.7560311101740578, 0.6945899798860515, 0.8186500974658868, 0.7320272006180324, 0.7761328224776501]","[array([[12,  0,  0,  0],
       [ 0,  8,  0,  1],
       [ 0,  0,  7,  3],
       [ 0,  0,  5, 10]]), array([[10,  1,  0,  1],
       [ 1,  8,  0,  0],
       [ 0,  0,  7,  3],
       [ 0,  0,  1, 14]]), array([[ 7,  4,  0,  0],
       [ 1,  8,  0,  1],
       [ 0,  0,  6,  4],
       [ 0,  1,  1, 13]]), array([[ 8,  3,  0,  0],
       [ 2,  7,  0,  1],
       [ 0,  0,  8,  2],
       [ 0,  2,  0, 13]]), array([[ 8,  3,  0,  0],
       [ 2,  8,  0,  0],
       [ 0,  0,  7,  3],
       [ 0,  0,  3, 11]]), array([[ 7,  4,  0,  0],
       [ 0,  9,  0,  1],
       [ 0,  0,  6,  3],
       [ 0,  1,  2, 12]]), array([[ 6,  4,  1,  0],
       [ 0,  7,  0,  2],
       [ 0,  0,  7,  3],
       [ 0,  3,  1, 11]]), array([[11,  0,  0,  0],
       [ 2,  6,  0,  1],
       [ 0,  0,  7,  3],
       [ 0,  0,  2, 13]]), array([[ 8,  3,  0,  0],
       [ 2,  7,  0,  0],
       [ 0,  0,  6,  4],
       [ 0,  0,  3, 12]]), array([[11,  0,  0,  0],
       [ 2,  6,  0,  1],
       [ 1,  0,  7,  2],
       [ 0,  0,  4, 11]])]"
10,"[1.0, 1.0, 1.0, 1.0, 1.0, 1.0, 1.0, 1.0, 1.0, 1.0]","[1.0, 1.0, 1.0, 1.0, 1.0, 1.0, 1.0, 1.0, 1.0, 1.0]","[1.0, 1.0, 1.0, 1.0, 1.0, 1.0, 1.0, 1.0, 1.0, 1.0]","[1.0, 1.0, 1.0, 1.0, 1.0, 1.0, 1.0, 1.0, 1.0, 1.0]","[1.0, 1.0, 1.0, 1.0, 1.0, 1.0, 1.0, 1.0, 1.0, 1.0]","[1.0, 1.0, 1.0, 1.0, 1.0, 1.0, 1.0, 1.0, 1.0, 1.0]","[1.0, 1.0, 1.0, 1.0, 1.0, 1.0, 1.0, 1.0, 1.0, 1.0]","[1.0, 1.0, 1.0, 1.0, 1.0, 1.0, 1.0, 1.0, 1.0, 1.0]","[1.0, 1.0, 1.0, 1.0, 1.0, 1.0, 1.0, 1.0, 1.0, 1.0]","[1.0, 1.0, 1.0, 1.0, 1.0, 1.0, 1.0, 1.0, 1.0, 1.0]","[array([[100,   0,   0,   0],
       [  0, 133,   0,   0],
       [  0,   0,  89,   0],
       [  0,   0,   0, 134]]), array([[100,   0,   0,   0],
       [  0, 123,   0,   0],
       [  0,   0,  89,   0],
       [  0,   0,   0, 134]]), array([[101,   0,   0,   0],
       [  0, 138,   0,   0],
       [  0,   0,  89,   0],
       [  0,   0,   0, 134]]), array([[101,   0,   0,   0],
       [  0, 137,   0,   0],
       [  0,   0,  89,   0],
       [  0,   0,   0, 134]]), array([[101,   0,   0,   0],
       [  0, 131,   0,   0],
       [  0,   0,  89,   0],
       [  0,   0,   0, 135]]), array([[101,   0,   0,   0],
       [  0, 136,   0,   0],
       [  0,   0,  90,   0],
       [  0,   0,   0, 134]]), array([[101,   0,   0,   0],
       [  0, 137,   0,   0],
       [  0,   0,  89,   0],
       [  0,   0,   0, 134]]), array([[101,   0,   0,   0],
       [  0, 133,   0,   0],
       [  0,   0,  89,   0],
       [  0,   0,   0, 134]]), array([[101,   0,   0,   0],
       [  0, 134,   0,   0],
       [  0,   0,  89,   0],
       [  0,   0,   0, 134]]), array([[101,   0,   0,   0],
       [  0, 121,   0,   0],
       [  0,   0,  89,   0],
       [  0,   0,   0, 134]])]","[0.8043478260869565, 0.8260869565217391, 0.782608695652174, 0.8260869565217391, 0.7555555555555555, 0.7555555555555555, 0.6888888888888889, 0.8, 0.8222222222222222, 0.7555555555555555]","[0.8043478260869565, 0.8260869565217391, 0.782608695652174, 0.8260869565217391, 0.7555555555555555, 0.7555555555555555, 0.6888888888888889, 0.8, 0.8222222222222222, 0.7555555555555555]","[0.8043478260869565, 0.8260869565217391, 0.782608695652174, 0.8260869565217391, 0.7555555555555555, 0.7555555555555555, 0.6888888888888889, 0.8, 0.8222222222222222, 0.7555555555555555]","[0.8043478260869565, 0.8260869565217391, 0.782608695652174, 0.8260869565217391, 0.7555555555555555, 0.7555555555555555, 0.6888888888888889, 0.8, 0.8222222222222222, 0.7555555555555555]","[0.824404761904762, 0.8472222222222222, 0.8179181929181929, 0.835427807486631, 0.7512626262626263, 0.7638888888888888, 0.7094780219780219, 0.7951704545454545, 0.8246527777777778, 0.762112887112887]","[0.8138888888888888, 0.8180555555555555, 0.7734848484848486, 0.812878787878788, 0.746103896103896, 0.7484848484848485, 0.7058080808080808, 0.787878787878788, 0.8133838383838384, 0.7522727272727272]","[0.8167988198414162, 0.8280971479500892, 0.7796187749075083, 0.8205176767676767, 0.7479252598581092, 0.7518371571502502, 0.6880764163372859, 0.7906934621355874, 0.8171616029596308, 0.7521551724137931]","[0.8162525879917185, 0.8333333333333334, 0.8114747571269312, 0.8337595907928389, 0.7550617283950618, 0.7654320987654321, 0.721062271062271, 0.7986111111111112, 0.8223765432098765, 0.7627816627816628]","[0.8043478260869565, 0.8260869565217391, 0.782608695652174, 0.8260869565217391, 0.7555555555555555, 0.7555555555555555, 0.6888888888888889, 0.8, 0.8222222222222222, 0.7555555555555555]","[0.8082402648942909, 0.8251181895683174, 0.7818750043228732, 0.8263888888888888, 0.754547287759629, 0.7564127038889848, 0.6863709559361734, 0.7985241408391315, 0.8205788513579689, 0.7547254150702427]","[array([[12,  0,  0,  0],
       [ 0,  8,  0,  1],
       [ 0,  0,  7,  3],
       [ 0,  0,  5, 10]]), array([[11,  0,  0,  1],
       [ 1,  8,  0,  0],
       [ 0,  0,  6,  4],
       [ 0,  0,  2, 13]]), array([[ 8,  3,  0,  0],
       [ 0,  9,  0,  1],
       [ 0,  0,  6,  4],
       [ 0,  1,  1, 13]]), array([[ 9,  2,  0,  0],
       [ 2,  7,  0,  1],
       [ 0,  0,  8,  2],
       [ 0,  1,  0, 14]]), array([[ 8,  3,  0,  0],
       [ 3,  7,  0,  0],
       [ 0,  0,  7,  3],
       [ 0,  0,  2, 12]]), array([[ 8,  3,  0,  0],
       [ 1,  8,  0,  1],
       [ 0,  0,  6,  3],
       [ 0,  1,  2, 12]]), array([[6, 4, 1, 0],
       [0, 7, 0, 2],
       [0, 0, 9, 1],
       [1, 2, 3, 9]]), array([[ 9,  2,  0,  0],
       [ 2,  6,  0,  1],
       [ 0,  0,  8,  2],
       [ 0,  0,  2, 13]]), array([[10,  1,  0,  0],
       [ 2,  7,  0,  0],
       [ 0,  0,  7,  3],
       [ 0,  0,  2, 13]]), array([[10,  1,  0,  0],
       [ 2,  6,  0,  1],
       [ 1,  0,  7,  2],
       [ 0,  0,  4, 11]])]"
11,"[1.0, 1.0, 1.0, 1.0, 1.0, 1.0, 1.0, 1.0, 1.0, 1.0]","[1.0, 1.0, 1.0, 1.0, 1.0, 1.0, 1.0, 1.0, 1.0, 1.0]","[1.0, 1.0, 1.0, 1.0, 1.0, 1.0, 1.0, 1.0, 1.0, 1.0]","[1.0, 1.0, 1.0, 1.0, 1.0, 1.0, 1.0, 1.0, 1.0, 1.0]","[1.0, 1.0, 1.0, 1.0, 1.0, 1.0, 1.0, 1.0, 1.0, 1.0]","[1.0, 1.0, 1.0, 1.0, 1.0, 1.0, 1.0, 1.0, 1.0, 1.0]","[1.0, 1.0, 1.0, 1.0, 1.0, 1.0, 1.0, 1.0, 1.0, 1.0]","[1.0, 1.0, 1.0, 1.0, 1.0, 1.0, 1.0, 1.0, 1.0, 1.0]","[1.0, 1.0, 1.0, 1.0, 1.0, 1.0, 1.0, 1.0, 1.0, 1.0]","[1.0, 1.0, 1.0, 1.0, 1.0, 1.0, 1.0, 1.0, 1.0, 1.0]","[array([[100,   0,   0,   0],
       [  0, 133,   0,   0],
       [  0,   0,  89,   0],
       [  0,   0,   0, 134]]), array([[100,   0,   0,   0],
       [  0, 123,   0,   0],
       [  0,   0,  89,   0],
       [  0,   0,   0, 134]]), array([[101,   0,   0,   0],
       [  0, 138,   0,   0],
       [  0,   0,  89,   0],
       [  0,   0,   0, 134]]), array([[101,   0,   0,   0],
       [  0, 137,   0,   0],
       [  0,   0,  89,   0],
       [  0,   0,   0, 134]]), array([[101,   0,   0,   0],
       [  0, 131,   0,   0],
       [  0,   0,  89,   0],
       [  0,   0,   0, 135]]), array([[101,   0,   0,   0],
       [  0, 136,   0,   0],
       [  0,   0,  90,   0],
       [  0,   0,   0, 134]]), array([[101,   0,   0,   0],
       [  0, 137,   0,   0],
       [  0,   0,  89,   0],
       [  0,   0,   0, 134]]), array([[101,   0,   0,   0],
       [  0, 133,   0,   0],
       [  0,   0,  89,   0],
       [  0,   0,   0, 134]]), array([[101,   0,   0,   0],
       [  0, 134,   0,   0],
       [  0,   0,  89,   0],
       [  0,   0,   0, 134]]), array([[101,   0,   0,   0],
       [  0, 121,   0,   0],
       [  0,   0,  89,   0],
       [  0,   0,   0, 134]])]","[0.782608695652174, 0.8260869565217391, 0.7391304347826086, 0.8695652173913043, 0.7777777777777778, 0.7555555555555555, 0.7111111111111111, 0.8, 0.7555555555555555, 0.8666666666666667]","[0.782608695652174, 0.8260869565217391, 0.7391304347826086, 0.8695652173913043, 0.7777777777777778, 0.7555555555555555, 0.7111111111111111, 0.8, 0.7555555555555555, 0.8666666666666667]","[0.782608695652174, 0.8260869565217391, 0.7391304347826086, 0.8695652173913043, 0.7777777777777778, 0.7555555555555555, 0.7111111111111111, 0.8, 0.7555555555555555, 0.8666666666666667]","[0.782608695652174, 0.8260869565217391, 0.7391304347826086, 0.8695652173913043, 0.7777777777777778, 0.7555555555555555, 0.7111111111111111, 0.8, 0.7555555555555555, 0.8666666666666667]","[0.7966269841269842, 0.8351158645276292, 0.7702205882352942, 0.8628787878787878, 0.7811507936507935, 0.7541666666666667, 0.7125, 0.8082399626517274, 0.75, 0.8680555555555556]","[0.7930555555555555, 0.8222222222222223, 0.7340909090909091, 0.8628787878787878, 0.7782467532467532, 0.7484848484848485, 0.6946969696969696, 0.7856060606060605, 0.7462121212121211, 0.8578282828282828]","[0.7928573591991883, 0.8269490528858378, 0.7356811145510836, 0.8628787878787878, 0.775974025974026, 0.7487649605296665, 0.696969696969697, 0.7922268306636155, 0.7471227621483376, 0.8598644226273959]","[0.7945134575569359, 0.8295099330904957, 0.7655051150895141, 0.8695652173913043, 0.7839506172839507, 0.7603703703703704, 0.7169135802469137, 0.8028737420894283, 0.7555555555555555, 0.8675925925925927]","[0.782608695652174, 0.8260869565217391, 0.7391304347826086, 0.8695652173913043, 0.7777777777777778, 0.7555555555555555, 0.7111111111111111, 0.8, 0.7555555555555555, 0.8666666666666667]","[0.7866679308567062, 0.8258848622027659, 0.7372627540718805, 0.8695652173913043, 0.7773737373737374, 0.7557026851144498, 0.7070707070707071, 0.7971364098652428, 0.7547030406365445, 0.8642529392412516]","[array([[11,  1,  0,  0],
       [ 0,  8,  0,  1],
       [ 0,  0,  7,  3],
       [ 0,  0,  5, 10]]), array([[10,  1,  0,  1],
       [ 1,  8,  0,  0],
       [ 0,  0,  7,  3],
       [ 0,  0,  2, 13]]), array([[ 7,  4,  0,  0],
       [ 0,  9,  0,  1],
       [ 0,  0,  6,  4],
       [ 1,  1,  1, 12]]), array([[ 9,  2,  0,  0],
       [ 2,  7,  0,  1],
       [ 0,  0, 10,  0],
       [ 0,  1,  0, 14]]), array([[ 8,  3,  0,  0],
       [ 1,  9,  0,  0],
       [ 0,  0,  7,  3],
       [ 0,  0,  3, 11]]), array([[ 8,  3,  0,  0],
       [ 2,  8,  0,  0],
       [ 0,  0,  6,  3],
       [ 0,  1,  2, 12]]), array([[ 6,  4,  1,  0],
       [ 1,  6,  0,  2],
       [ 0,  0,  7,  3],
       [ 1,  0,  1, 13]]), array([[10,  1,  0,  0],
       [ 2,  6,  0,  1],
       [ 0,  0,  7,  3],
       [ 0,  0,  2, 13]]), array([[ 9,  2,  0,  0],
       [ 3,  6,  0,  0],
       [ 0,  0,  7,  3],
       [ 0,  0,  3, 12]]), array([[10,  1,  0,  0],
       [ 1,  8,  0,  0],
       [ 1,  0,  7,  2],
       [ 0,  0,  1, 14]])]"
12,"[1.0, 1.0, 1.0, 1.0, 1.0, 1.0, 1.0, 1.0, 1.0, 1.0]","[1.0, 1.0, 1.0, 1.0, 1.0, 1.0, 1.0, 1.0, 1.0, 1.0]","[1.0, 1.0, 1.0, 1.0, 1.0, 1.0, 1.0, 1.0, 1.0, 1.0]","[1.0, 1.0, 1.0, 1.0, 1.0, 1.0, 1.0, 1.0, 1.0, 1.0]","[1.0, 1.0, 1.0, 1.0, 1.0, 1.0, 1.0, 1.0, 1.0, 1.0]","[1.0, 1.0, 1.0, 1.0, 1.0, 1.0, 1.0, 1.0, 1.0, 1.0]","[1.0, 1.0, 1.0, 1.0, 1.0, 1.0, 1.0, 1.0, 1.0, 1.0]","[1.0, 1.0, 1.0, 1.0, 1.0, 1.0, 1.0, 1.0, 1.0, 1.0]","[1.0, 1.0, 1.0, 1.0, 1.0, 1.0, 1.0, 1.0, 1.0, 1.0]","[1.0, 1.0, 1.0, 1.0, 1.0, 1.0, 1.0, 1.0, 1.0, 1.0]","[array([[100,   0,   0,   0],
       [  0, 133,   0,   0],
       [  0,   0,  89,   0],
       [  0,   0,   0, 134]]), array([[100,   0,   0,   0],
       [  0, 123,   0,   0],
       [  0,   0,  89,   0],
       [  0,   0,   0, 134]]), array([[101,   0,   0,   0],
       [  0, 138,   0,   0],
       [  0,   0,  89,   0],
       [  0,   0,   0, 134]]), array([[101,   0,   0,   0],
       [  0, 137,   0,   0],
       [  0,   0,  89,   0],
       [  0,   0,   0, 134]]), array([[101,   0,   0,   0],
       [  0, 131,   0,   0],
       [  0,   0,  89,   0],
       [  0,   0,   0, 135]]), array([[101,   0,   0,   0],
       [  0, 136,   0,   0],
       [  0,   0,  90,   0],
       [  0,   0,   0, 134]]), array([[101,   0,   0,   0],
       [  0, 137,   0,   0],
       [  0,   0,  89,   0],
       [  0,   0,   0, 134]]), array([[101,   0,   0,   0],
       [  0, 133,   0,   0],
       [  0,   0,  89,   0],
       [  0,   0,   0, 134]]), array([[101,   0,   0,   0],
       [  0, 134,   0,   0],
       [  0,   0,  89,   0],
       [  0,   0,   0, 134]]), array([[101,   0,   0,   0],
       [  0, 121,   0,   0],
       [  0,   0,  89,   0],
       [  0,   0,   0, 134]])]","[0.782608695652174, 0.782608695652174, 0.7391304347826086, 0.782608695652174, 0.7777777777777778, 0.7777777777777778, 0.7111111111111111, 0.7333333333333333, 0.8222222222222222, 0.8]","[0.782608695652174, 0.782608695652174, 0.7391304347826086, 0.782608695652174, 0.7777777777777778, 0.7777777777777778, 0.7111111111111111, 0.7333333333333333, 0.8222222222222222, 0.8]","[0.782608695652174, 0.782608695652174, 0.7391304347826086, 0.782608695652174, 0.7777777777777778, 0.7777777777777778, 0.7111111111111111, 0.7333333333333333, 0.8222222222222222, 0.8]","[0.782608695652174, 0.782608695652174, 0.7391304347826086, 0.782608695652174, 0.7777777777777778, 0.7777777777777778, 0.7111111111111111, 0.7333333333333333, 0.8222222222222222, 0.8]","[0.7966269841269842, 0.8045753588516746, 0.7702205882352942, 0.7844381313131313, 0.7811507936507935, 0.7980769230769231, 0.7473039215686275, 0.7347222222222223, 0.8246527777777778, 0.81875]","[0.7930555555555555, 0.7694444444444445, 0.7340909090909091, 0.7734848484848486, 0.7782467532467532, 0.7734848484848484, 0.7058080808080807, 0.7151515151515152, 0.8133838383838384, 0.7906565656565657]","[0.7928573591991883, 0.7811167945439045, 0.7279605263157894, 0.7773465922871695, 0.775974025974026, 0.7761974650345855, 0.7056372549019607, 0.7207792207792207, 0.8171616029596308, 0.8013482905123772]","[0.7945134575569359, 0.7945054087788641, 0.7655051150895141, 0.7878266359244621, 0.7839506172839507, 0.7982905982905982, 0.7519607843137256, 0.7362962962962963, 0.8223765432098765, 0.8085802469135803]","[0.782608695652174, 0.782608695652174, 0.7391304347826086, 0.782608695652174, 0.7777777777777778, 0.7777777777777778, 0.7111111111111111, 0.7333333333333333, 0.8222222222222222, 0.8]","[0.7866679308567062, 0.7822565699247562, 0.7305491990846683, 0.7836808008801808, 0.7773737373737374, 0.7790019834119029, 0.711437908496732, 0.7303511303511303, 0.8205788513579689, 0.8005986445614929]","[array([[11,  1,  0,  0],
       [ 0,  8,  0,  1],
       [ 0,  0,  7,  3],
       [ 0,  0,  5, 10]]), array([[10,  1,  0,  1],
       [ 1,  7,  0,  1],
       [ 0,  0,  6,  4],
       [ 0,  0,  2, 13]]), array([[ 7,  4,  0,  0],
       [ 0, 10,  0,  0],
       [ 0,  0,  5,  5],
       [ 1,  1,  1, 12]]), array([[ 8,  3,  0,  0],
       [ 2,  7,  0,  1],
       [ 0,  0,  8,  2],
       [ 0,  1,  1, 13]]), array([[ 8,  3,  0,  0],
       [ 1,  9,  0,  0],
       [ 0,  0,  7,  3],
       [ 0,  0,  3, 11]]), array([[ 8,  3,  0,  0],
       [ 0,  9,  0,  1],
       [ 0,  0,  6,  3],
       [ 0,  1,  2, 12]]), array([[ 6,  4,  1,  0],
       [ 0,  7,  0,  2],
       [ 0,  0,  7,  3],
       [ 0,  1,  2, 12]]), array([[ 8,  3,  0,  0],
       [ 2,  6,  0,  1],
       [ 0,  0,  6,  4],
       [ 0,  0,  2, 13]]), array([[10,  1,  0,  0],
       [ 2,  7,  0,  0],
       [ 0,  0,  7,  3],
       [ 0,  0,  2, 13]]), array([[ 9,  1,  0,  1],
       [ 1,  7,  0,  1],
       [ 0,  0,  7,  3],
       [ 0,  0,  2, 13]])]"
13,"[1.0, 1.0, 1.0, 1.0, 1.0, 1.0, 1.0, 1.0, 1.0, 1.0]","[1.0, 1.0, 1.0, 1.0, 1.0, 1.0, 1.0, 1.0, 1.0, 1.0]","[1.0, 1.0, 1.0, 1.0, 1.0, 1.0, 1.0, 1.0, 1.0, 1.0]","[1.0, 1.0, 1.0, 1.0, 1.0, 1.0, 1.0, 1.0, 1.0, 1.0]","[1.0, 1.0, 1.0, 1.0, 1.0, 1.0, 1.0, 1.0, 1.0, 1.0]","[1.0, 1.0, 1.0, 1.0, 1.0, 1.0, 1.0, 1.0, 1.0, 1.0]","[1.0, 1.0, 1.0, 1.0, 1.0, 1.0, 1.0, 1.0, 1.0, 1.0]","[1.0, 1.0, 1.0, 1.0, 1.0, 1.0, 1.0, 1.0, 1.0, 1.0]","[1.0, 1.0, 1.0, 1.0, 1.0, 1.0, 1.0, 1.0, 1.0, 1.0]","[1.0, 1.0, 1.0, 1.0, 1.0, 1.0, 1.0, 1.0, 1.0, 1.0]","[array([[100,   0,   0,   0],
       [  0, 133,   0,   0],
       [  0,   0,  89,   0],
       [  0,   0,   0, 134]]), array([[100,   0,   0,   0],
       [  0, 123,   0,   0],
       [  0,   0,  89,   0],
       [  0,   0,   0, 134]]), array([[101,   0,   0,   0],
       [  0, 138,   0,   0],
       [  0,   0,  89,   0],
       [  0,   0,   0, 134]]), array([[101,   0,   0,   0],
       [  0, 137,   0,   0],
       [  0,   0,  89,   0],
       [  0,   0,   0, 134]]), array([[101,   0,   0,   0],
       [  0, 131,   0,   0],
       [  0,   0,  89,   0],
       [  0,   0,   0, 135]]), array([[101,   0,   0,   0],
       [  0, 136,   0,   0],
       [  0,   0,  90,   0],
       [  0,   0,   0, 134]]), array([[101,   0,   0,   0],
       [  0, 137,   0,   0],
       [  0,   0,  89,   0],
       [  0,   0,   0, 134]]), array([[101,   0,   0,   0],
       [  0, 133,   0,   0],
       [  0,   0,  89,   0],
       [  0,   0,   0, 134]]), array([[101,   0,   0,   0],
       [  0, 134,   0,   0],
       [  0,   0,  89,   0],
       [  0,   0,   0, 134]]), array([[101,   0,   0,   0],
       [  0, 121,   0,   0],
       [  0,   0,  89,   0],
       [  0,   0,   0, 134]])]","[0.7608695652173914, 0.8260869565217391, 0.8260869565217391, 0.8043478260869565, 0.8, 0.7555555555555555, 0.6888888888888889, 0.7555555555555555, 0.8222222222222222, 0.7777777777777778]","[0.7608695652173914, 0.8260869565217391, 0.8260869565217391, 0.8043478260869565, 0.8, 0.7555555555555555, 0.6888888888888889, 0.7555555555555555, 0.8222222222222222, 0.7777777777777778]","[0.7608695652173914, 0.8260869565217391, 0.8260869565217391, 0.8043478260869565, 0.8, 0.7555555555555555, 0.6888888888888889, 0.7555555555555555, 0.8222222222222222, 0.7777777777777778]","[0.7608695652173914, 0.8260869565217391, 0.8260869565217391, 0.8043478260869565, 0.8, 0.7555555555555555, 0.6888888888888889, 0.7555555555555555, 0.8222222222222222, 0.7777777777777778]","[0.7744047619047619, 0.849624060150376, 0.8343545751633987, 0.8149732620320855, 0.8009740259740259, 0.7638888888888888, 0.7021199388846449, 0.7522875816993464, 0.8246527777777778, 0.7849927849927849]","[0.7722222222222223, 0.8208333333333333, 0.8151515151515152, 0.7901515151515153, 0.8009740259740259, 0.7484848484848485, 0.678030303030303, 0.7401515151515151, 0.8133838383838384, 0.7568181818181818]","[0.7693037452565583, 0.8273657289002557, 0.817739898989899, 0.7981150793650793, 0.7999999999999999, 0.7518371571502502, 0.6791666666666667, 0.7444783834586466, 0.8171616029596308, 0.7656499202551834]","[0.7771221532091097, 0.834913370382478, 0.8343634555271384, 0.8155777726110207, 0.8018181818181818, 0.7654320987654321, 0.709464391817333, 0.7566303558460422, 0.8223765432098765, 0.781305114638448]","[0.7608695652173914, 0.8260869565217391, 0.8260869565217391, 0.8043478260869565, 0.8, 0.7555555555555555, 0.6888888888888889, 0.7555555555555555, 0.8222222222222222, 0.7777777777777778]","[0.7651413527685919, 0.8224174357833871, 0.8235781730346948, 0.8056849551414769, 0.8, 0.7564127038889848, 0.6885185185185185, 0.7541527429685323, 0.8205788513579689, 0.7743487506645402]","[array([[10,  2,  0,  0],
       [ 0,  8,  0,  1],
       [ 0,  0,  7,  3],
       [ 0,  0,  5, 10]]), array([[11,  0,  0,  1],
       [ 0,  9,  0,  0],
       [ 0,  0,  5,  5],
       [ 0,  0,  2, 13]]), array([[ 8,  3,  0,  0],
       [ 1,  9,  0,  0],
       [ 0,  0,  7,  3],
       [ 0,  0,  1, 14]]), array([[ 8,  3,  0,  0],
       [ 2,  7,  0,  1],
       [ 0,  0,  8,  2],
       [ 0,  1,  0, 14]]), array([[ 9,  2,  0,  0],
       [ 1,  9,  0,  0],
       [ 0,  0,  7,  3],
       [ 0,  0,  3, 11]]), array([[ 8,  3,  0,  0],
       [ 1,  8,  0,  1],
       [ 0,  0,  6,  3],
       [ 0,  1,  2, 12]]), array([[ 6,  4,  1,  0],
       [ 1,  6,  0,  2],
       [ 0,  0,  7,  3],
       [ 0,  1,  2, 12]]), array([[ 8,  3,  0,  0],
       [ 2,  6,  0,  1],
       [ 0,  0,  7,  3],
       [ 0,  0,  2, 13]]), array([[10,  1,  0,  0],
       [ 2,  7,  0,  0],
       [ 0,  0,  7,  3],
       [ 0,  0,  2, 13]]), array([[ 8,  1,  1,  1],
       [ 2,  6,  0,  1],
       [ 1,  0,  7,  2],
       [ 0,  0,  1, 14]])]"
14,"[1.0, 1.0, 1.0, 1.0, 1.0, 1.0, 1.0, 1.0, 1.0, 1.0]","[1.0, 1.0, 1.0, 1.0, 1.0, 1.0, 1.0, 1.0, 1.0, 1.0]","[1.0, 1.0, 1.0, 1.0, 1.0, 1.0, 1.0, 1.0, 1.0, 1.0]","[1.0, 1.0, 1.0, 1.0, 1.0, 1.0, 1.0, 1.0, 1.0, 1.0]","[1.0, 1.0, 1.0, 1.0, 1.0, 1.0, 1.0, 1.0, 1.0, 1.0]","[1.0, 1.0, 1.0, 1.0, 1.0, 1.0, 1.0, 1.0, 1.0, 1.0]","[1.0, 1.0, 1.0, 1.0, 1.0, 1.0, 1.0, 1.0, 1.0, 1.0]","[1.0, 1.0, 1.0, 1.0, 1.0, 1.0, 1.0, 1.0, 1.0, 1.0]","[1.0, 1.0, 1.0, 1.0, 1.0, 1.0, 1.0, 1.0, 1.0, 1.0]","[1.0, 1.0, 1.0, 1.0, 1.0, 1.0, 1.0, 1.0, 1.0, 1.0]","[array([[100,   0,   0,   0],
       [  0, 133,   0,   0],
       [  0,   0,  89,   0],
       [  0,   0,   0, 134]]), array([[100,   0,   0,   0],
       [  0, 123,   0,   0],
       [  0,   0,  89,   0],
       [  0,   0,   0, 134]]), array([[101,   0,   0,   0],
       [  0, 138,   0,   0],
       [  0,   0,  89,   0],
       [  0,   0,   0, 134]]), array([[101,   0,   0,   0],
       [  0, 137,   0,   0],
       [  0,   0,  89,   0],
       [  0,   0,   0, 134]]), array([[101,   0,   0,   0],
       [  0, 131,   0,   0],
       [  0,   0,  89,   0],
       [  0,   0,   0, 135]]), array([[101,   0,   0,   0],
       [  0, 136,   0,   0],
       [  0,   0,  90,   0],
       [  0,   0,   0, 134]]), array([[101,   0,   0,   0],
       [  0, 137,   0,   0],
       [  0,   0,  89,   0],
       [  0,   0,   0, 134]]), array([[101,   0,   0,   0],
       [  0, 133,   0,   0],
       [  0,   0,  89,   0],
       [  0,   0,   0, 134]]), array([[101,   0,   0,   0],
       [  0, 134,   0,   0],
       [  0,   0,  89,   0],
       [  0,   0,   0, 134]]), array([[101,   0,   0,   0],
       [  0, 121,   0,   0],
       [  0,   0,  89,   0],
       [  0,   0,   0, 134]])]","[0.7391304347826086, 0.782608695652174, 0.6956521739130435, 0.7608695652173914, 0.7333333333333333, 0.8, 0.6666666666666666, 0.8, 0.8222222222222222, 0.7777777777777778]","[0.7391304347826086, 0.782608695652174, 0.6956521739130435, 0.7608695652173914, 0.7333333333333333, 0.8, 0.6666666666666666, 0.8, 0.8222222222222222, 0.7777777777777778]","[0.7391304347826086, 0.782608695652174, 0.6956521739130435, 0.7608695652173914, 0.7333333333333333, 0.8, 0.6666666666666666, 0.8, 0.8222222222222222, 0.7777777777777778]","[0.7391304347826086, 0.782608695652174, 0.6956521739130435, 0.7608695652173914, 0.7333333333333333, 0.8, 0.6666666666666666, 0.8, 0.8222222222222222, 0.7777777777777778]","[0.7562229437229437, 0.7991190096453255, 0.7223039215686275, 0.765625, 0.7467719780219779, 0.8127098595848595, 0.6861607142857142, 0.8082399626517274, 0.8246527777777778, 0.7872803666921313]","[0.7513888888888888, 0.7722222222222223, 0.6863636363636363, 0.7507575757575758, 0.7376623376623377, 0.7901515151515152, 0.6613636363636363, 0.7856060606060605, 0.8133838383838384, 0.7651515151515152]","[0.7457904164800716, 0.7778488206876953, 0.6816447368421052, 0.7542946442352215, 0.7318957115009745, 0.7928295932678823, 0.6619431643625192, 0.7922268306636155, 0.8171616029596308, 0.7715773809523809]","[0.7628929041972521, 0.7894588249279325, 0.7211210571184996, 0.7709842995169083, 0.7516178266178267, 0.8133920092253425, 0.6942460317460318, 0.8028737420894283, 0.8223765432098765, 0.7835022493846022]","[0.7391304347826086, 0.782608695652174, 0.6956521739130435, 0.7608695652173914, 0.7333333333333333, 0.8, 0.6666666666666666, 0.8, 0.8222222222222222, 0.7777777777777778]","[0.7433517007729901, 0.7779939953297008, 0.6879862700228833, 0.7622898729675136, 0.732791856183669, 0.7990384915069348, 0.6693633725891791, 0.7971364098652428, 0.8205788513579689, 0.7763888888888889]","[array([[ 9,  3,  0,  0],
       [ 0,  8,  0,  1],
       [ 0,  0,  7,  3],
       [ 0,  0,  5, 10]]), array([[10,  1,  0,  1],
       [ 1,  8,  0,  0],
       [ 0,  0,  5,  5],
       [ 0,  0,  2, 13]]), array([[ 6,  5,  0,  0],
       [ 1,  9,  0,  0],
       [ 0,  0,  5,  5],
       [ 1,  1,  1, 12]]), array([[ 7,  4,  0,  0],
       [ 2,  7,  0,  1],
       [ 0,  0,  8,  2],
       [ 0,  1,  1, 13]]), array([[ 7,  4,  0,  0],
       [ 1,  9,  0,  0],
       [ 0,  0,  7,  3],
       [ 0,  1,  3, 10]]), array([[ 8,  3,  0,  0],
       [ 1,  9,  0,  0],
       [ 0,  0,  6,  3],
       [ 0,  1,  1, 13]]), array([[ 6,  4,  1,  0],
       [ 1,  6,  0,  2],
       [ 0,  0,  7,  3],
       [ 0,  2,  2, 11]]), array([[10,  1,  0,  0],
       [ 2,  6,  0,  1],
       [ 0,  0,  7,  3],
       [ 0,  0,  2, 13]]), array([[10,  1,  0,  0],
       [ 2,  7,  0,  0],
       [ 0,  0,  7,  3],
       [ 0,  0,  2, 13]]), array([[ 8,  1,  1,  1],
       [ 2,  6,  0,  1],
       [ 0,  0,  8,  2],
       [ 0,  0,  2, 13]])]"
15,"[1.0, 1.0, 1.0, 1.0, 1.0, 1.0, 1.0, 1.0, 1.0, 1.0]","[1.0, 1.0, 1.0, 1.0, 1.0, 1.0, 1.0, 1.0, 1.0, 1.0]","[1.0, 1.0, 1.0, 1.0, 1.0, 1.0, 1.0, 1.0, 1.0, 1.0]","[1.0, 1.0, 1.0, 1.0, 1.0, 1.0, 1.0, 1.0, 1.0, 1.0]","[1.0, 1.0, 1.0, 1.0, 1.0, 1.0, 1.0, 1.0, 1.0, 1.0]","[1.0, 1.0, 1.0, 1.0, 1.0, 1.0, 1.0, 1.0, 1.0, 1.0]","[1.0, 1.0, 1.0, 1.0, 1.0, 1.0, 1.0, 1.0, 1.0, 1.0]","[1.0, 1.0, 1.0, 1.0, 1.0, 1.0, 1.0, 1.0, 1.0, 1.0]","[1.0, 1.0, 1.0, 1.0, 1.0, 1.0, 1.0, 1.0, 1.0, 1.0]","[1.0, 1.0, 1.0, 1.0, 1.0, 1.0, 1.0, 1.0, 1.0, 1.0]","[array([[100,   0,   0,   0],
       [  0, 133,   0,   0],
       [  0,   0,  89,   0],
       [  0,   0,   0, 134]]), array([[100,   0,   0,   0],
       [  0, 123,   0,   0],
       [  0,   0,  89,   0],
       [  0,   0,   0, 134]]), array([[101,   0,   0,   0],
       [  0, 138,   0,   0],
       [  0,   0,  89,   0],
       [  0,   0,   0, 134]]), array([[101,   0,   0,   0],
       [  0, 137,   0,   0],
       [  0,   0,  89,   0],
       [  0,   0,   0, 134]]), array([[101,   0,   0,   0],
       [  0, 131,   0,   0],
       [  0,   0,  89,   0],
       [  0,   0,   0, 135]]), array([[101,   0,   0,   0],
       [  0, 136,   0,   0],
       [  0,   0,  90,   0],
       [  0,   0,   0, 134]]), array([[101,   0,   0,   0],
       [  0, 137,   0,   0],
       [  0,   0,  89,   0],
       [  0,   0,   0, 134]]), array([[101,   0,   0,   0],
       [  0, 133,   0,   0],
       [  0,   0,  89,   0],
       [  0,   0,   0, 134]]), array([[101,   0,   0,   0],
       [  0, 134,   0,   0],
       [  0,   0,  89,   0],
       [  0,   0,   0, 134]]), array([[101,   0,   0,   0],
       [  0, 121,   0,   0],
       [  0,   0,  89,   0],
       [  0,   0,   0, 134]])]","[0.7608695652173914, 0.8043478260869565, 0.7608695652173914, 0.7608695652173914, 0.8, 0.8444444444444444, 0.6666666666666666, 0.7555555555555555, 0.7333333333333333, 0.8888888888888888]","[0.7608695652173914, 0.8043478260869565, 0.7608695652173914, 0.7608695652173914, 0.8, 0.8444444444444444, 0.6666666666666666, 0.7555555555555555, 0.7333333333333333, 0.8888888888888888]","[0.7608695652173914, 0.8043478260869565, 0.7608695652173914, 0.7608695652173914, 0.8, 0.8444444444444444, 0.6666666666666666, 0.7555555555555555, 0.7333333333333333, 0.8888888888888888]","[0.7608695652173914, 0.8043478260869565, 0.7608695652173914, 0.7608695652173914, 0.8, 0.8444444444444444, 0.6666666666666666, 0.7555555555555555, 0.7333333333333333, 0.8888888888888888]","[0.7744047619047619, 0.8250000000000001, 0.7872023809523809, 0.7545454545454546, 0.8009740259740259, 0.8479166666666667, 0.6861607142857142, 0.7522875816993464, 0.7285353535353536, 0.9003787878787879]","[0.7722222222222223, 0.8013888888888888, 0.759090909090909, 0.753030303030303, 0.8009740259740259, 0.8406565656565657, 0.6613636363636363, 0.7401515151515151, 0.7285353535353536, 0.8861111111111111]","[0.7693037452565583, 0.8059922533606745, 0.7542295016478577, 0.7479380268853953, 0.7999999999999999, 0.841380188439012, 0.6619431643625192, 0.7444783834586466, 0.7249999999999999, 0.8888328157349896]","[0.7771221532091097, 0.8219806763285024, 0.785067287784679, 0.7666337285902504, 0.8018181818181818, 0.8505555555555555, 0.6942460317460318, 0.7566303558460422, 0.739618406285073, 0.8947811447811448]","[0.7608695652173914, 0.8043478260869565, 0.7608695652173914, 0.7608695652173914, 0.8, 0.8444444444444444, 0.6666666666666666, 0.7555555555555555, 0.7333333333333333, 0.8888888888888888]","[0.7651413527685919, 0.8054622722814943, 0.7560215198502817, 0.7583137686112514, 0.8, 0.8449367625838214, 0.6693633725891791, 0.7541527429685323, 0.7333333333333333, 0.8881815044858522]","[array([[10,  2,  0,  0],
       [ 0,  8,  0,  1],
       [ 0,  0,  7,  3],
       [ 0,  0,  5, 10]]), array([[ 9,  2,  0,  1],
       [ 0,  8,  0,  1],
       [ 0,  0,  7,  3],
       [ 0,  0,  2, 13]]), array([[ 7,  4,  0,  0],
       [ 0, 10,  0,  0],
       [ 0,  0,  6,  4],
       [ 1,  1,  1, 12]]), array([[ 6,  4,  1,  0],
       [ 2,  7,  0,  1],
       [ 0,  0,  9,  1],
       [ 0,  1,  1, 13]]), array([[ 9,  2,  0,  0],
       [ 1,  9,  0,  0],
       [ 0,  0,  7,  3],
       [ 0,  0,  3, 11]]), array([[ 9,  2,  0,  0],
       [ 1,  9,  0,  0],
       [ 0,  0,  7,  2],
       [ 0,  1,  1, 13]]), array([[ 6,  4,  1,  0],
       [ 1,  6,  0,  2],
       [ 0,  0,  7,  3],
       [ 0,  2,  2, 11]]), array([[ 8,  3,  0,  0],
       [ 2,  6,  0,  1],
       [ 0,  0,  7,  3],
       [ 0,  0,  2, 13]]), array([[ 7,  4,  0,  0],
       [ 2,  7,  0,  0],
       [ 0,  0,  7,  3],
       [ 0,  0,  3, 12]]), array([[11,  0,  0,  0],
       [ 1,  7,  0,  1],
       [ 0,  0,  9,  1],
       [ 0,  0,  2, 13]])]"
16,"[1.0, 1.0, 1.0, 1.0, 1.0, 1.0, 1.0, 1.0, 1.0, 1.0]","[1.0, 1.0, 1.0, 1.0, 1.0, 1.0, 1.0, 1.0, 1.0, 1.0]","[1.0, 1.0, 1.0, 1.0, 1.0, 1.0, 1.0, 1.0, 1.0, 1.0]","[1.0, 1.0, 1.0, 1.0, 1.0, 1.0, 1.0, 1.0, 1.0, 1.0]","[1.0, 1.0, 1.0, 1.0, 1.0, 1.0, 1.0, 1.0, 1.0, 1.0]","[1.0, 1.0, 1.0, 1.0, 1.0, 1.0, 1.0, 1.0, 1.0, 1.0]","[1.0, 1.0, 1.0, 1.0, 1.0, 1.0, 1.0, 1.0, 1.0, 1.0]","[1.0, 1.0, 1.0, 1.0, 1.0, 1.0, 1.0, 1.0, 1.0, 1.0]","[1.0, 1.0, 1.0, 1.0, 1.0, 1.0, 1.0, 1.0, 1.0, 1.0]","[1.0, 1.0, 1.0, 1.0, 1.0, 1.0, 1.0, 1.0, 1.0, 1.0]","[array([[100,   0,   0,   0],
       [  0, 133,   0,   0],
       [  0,   0,  89,   0],
       [  0,   0,   0, 134]]), array([[100,   0,   0,   0],
       [  0, 123,   0,   0],
       [  0,   0,  89,   0],
       [  0,   0,   0, 134]]), array([[101,   0,   0,   0],
       [  0, 138,   0,   0],
       [  0,   0,  89,   0],
       [  0,   0,   0, 134]]), array([[101,   0,   0,   0],
       [  0, 137,   0,   0],
       [  0,   0,  89,   0],
       [  0,   0,   0, 134]]), array([[101,   0,   0,   0],
       [  0, 131,   0,   0],
       [  0,   0,  89,   0],
       [  0,   0,   0, 135]]), array([[101,   0,   0,   0],
       [  0, 136,   0,   0],
       [  0,   0,  90,   0],
       [  0,   0,   0, 134]]), array([[101,   0,   0,   0],
       [  0, 137,   0,   0],
       [  0,   0,  89,   0],
       [  0,   0,   0, 134]]), array([[101,   0,   0,   0],
       [  0, 133,   0,   0],
       [  0,   0,  89,   0],
       [  0,   0,   0, 134]]), array([[101,   0,   0,   0],
       [  0, 134,   0,   0],
       [  0,   0,  89,   0],
       [  0,   0,   0, 134]]), array([[101,   0,   0,   0],
       [  0, 121,   0,   0],
       [  0,   0,  89,   0],
       [  0,   0,   0, 134]])]","[0.782608695652174, 0.8260869565217391, 0.782608695652174, 0.782608695652174, 0.7777777777777778, 0.8444444444444444, 0.6888888888888889, 0.7777777777777778, 0.8, 0.8444444444444444]","[0.782608695652174, 0.8260869565217391, 0.782608695652174, 0.782608695652174, 0.7777777777777778, 0.8444444444444444, 0.6888888888888889, 0.7777777777777778, 0.8, 0.8444444444444444]","[0.782608695652174, 0.8260869565217391, 0.782608695652174, 0.782608695652174, 0.7777777777777778, 0.8444444444444444, 0.6888888888888889, 0.7777777777777778, 0.8, 0.8444444444444444]","[0.782608695652174, 0.8260869565217391, 0.782608695652174, 0.782608695652174, 0.7777777777777778, 0.8444444444444444, 0.6888888888888889, 0.7777777777777778, 0.8, 0.8444444444444444]","[0.7966269841269842, 0.8351158645276292, 0.8027836134453782, 0.7747474747474747, 0.7811507936507935, 0.8479166666666667, 0.7021199388846449, 0.7798611111111111, 0.7965593434343434, 0.8406565656565657]","[0.7930555555555555, 0.8222222222222223, 0.7757575757575758, 0.7757575757575758, 0.7782467532467532, 0.8406565656565657, 0.678030303030303, 0.7568181818181818, 0.7906565656565657, 0.8406565656565657]","[0.7928573591991883, 0.8269490528858378, 0.7721394478844169, 0.7726190476190476, 0.775974025974026, 0.841380188439012, 0.6791666666666667, 0.7637085137085137, 0.7928778446605272, 0.8396825396825397]","[0.7945134575569359, 0.8295099330904957, 0.8002146510778224, 0.7848045674132631, 0.7839506172839507, 0.8505555555555555, 0.709464391817333, 0.7825925925925926, 0.7992283950617284, 0.8462626262626262]","[0.782608695652174, 0.8260869565217391, 0.782608695652174, 0.782608695652174, 0.7777777777777778, 0.8444444444444444, 0.6888888888888889, 0.7777777777777778, 0.8, 0.8444444444444444]","[0.7866679308567062, 0.8258848622027659, 0.7757591308834747, 0.7812629399585921, 0.7773737373737374, 0.8449367625838214, 0.6885185185185185, 0.7752445085778419, 0.7988681380871534, 0.8444444444444444]","[array([[11,  1,  0,  0],
       [ 0,  8,  0,  1],
       [ 0,  0,  7,  3],
       [ 0,  0,  5, 10]]), array([[10,  1,  0,  1],
       [ 1,  8,  0,  0],
       [ 0,  0,  7,  3],
       [ 0,  0,  2, 13]]), array([[ 7,  4,  0,  0],
       [ 0, 10,  0,  0],
       [ 0,  0,  6,  4],
       [ 1,  0,  1, 13]]), array([[ 7,  3,  1,  0],
       [ 2,  7,  0,  1],
       [ 0,  0,  9,  1],
       [ 0,  1,  1, 13]]), array([[ 8,  3,  0,  0],
       [ 1,  9,  0,  0],
       [ 0,  0,  7,  3],
       [ 0,  0,  3, 11]]), array([[ 9,  2,  0,  0],
       [ 1,  9,  0,  0],
       [ 0,  0,  7,  2],
       [ 0,  1,  1, 13]]), array([[ 6,  4,  1,  0],
       [ 1,  6,  0,  2],
       [ 0,  0,  7,  3],
       [ 0,  1,  2, 12]]), array([[ 8,  3,  0,  0],
       [ 2,  6,  0,  1],
       [ 0,  0,  7,  3],
       [ 0,  0,  1, 14]]), array([[ 9,  2,  0,  0],
       [ 2,  7,  0,  0],
       [ 0,  0,  7,  3],
       [ 0,  0,  2, 13]]), array([[ 9,  2,  0,  0],
       [ 1,  7,  0,  1],
       [ 0,  0,  9,  1],
       [ 0,  0,  2, 13]])]"
17,"[1.0, 1.0, 1.0, 1.0, 1.0, 1.0, 1.0, 1.0, 1.0, 1.0]","[1.0, 1.0, 1.0, 1.0, 1.0, 1.0, 1.0, 1.0, 1.0, 1.0]","[1.0, 1.0, 1.0, 1.0, 1.0, 1.0, 1.0, 1.0, 1.0, 1.0]","[1.0, 1.0, 1.0, 1.0, 1.0, 1.0, 1.0, 1.0, 1.0, 1.0]","[1.0, 1.0, 1.0, 1.0, 1.0, 1.0, 1.0, 1.0, 1.0, 1.0]","[1.0, 1.0, 1.0, 1.0, 1.0, 1.0, 1.0, 1.0, 1.0, 1.0]","[1.0, 1.0, 1.0, 1.0, 1.0, 1.0, 1.0, 1.0, 1.0, 1.0]","[1.0, 1.0, 1.0, 1.0, 1.0, 1.0, 1.0, 1.0, 1.0, 1.0]","[1.0, 1.0, 1.0, 1.0, 1.0, 1.0, 1.0, 1.0, 1.0, 1.0]","[1.0, 1.0, 1.0, 1.0, 1.0, 1.0, 1.0, 1.0, 1.0, 1.0]","[array([[100,   0,   0,   0],
       [  0, 133,   0,   0],
       [  0,   0,  89,   0],
       [  0,   0,   0, 134]]), array([[100,   0,   0,   0],
       [  0, 123,   0,   0],
       [  0,   0,  89,   0],
       [  0,   0,   0, 134]]), array([[101,   0,   0,   0],
       [  0, 138,   0,   0],
       [  0,   0,  89,   0],
       [  0,   0,   0, 134]]), array([[101,   0,   0,   0],
       [  0, 137,   0,   0],
       [  0,   0,  89,   0],
       [  0,   0,   0, 134]]), array([[101,   0,   0,   0],
       [  0, 131,   0,   0],
       [  0,   0,  89,   0],
       [  0,   0,   0, 135]]), array([[101,   0,   0,   0],
       [  0, 136,   0,   0],
       [  0,   0,  90,   0],
       [  0,   0,   0, 134]]), array([[101,   0,   0,   0],
       [  0, 137,   0,   0],
       [  0,   0,  89,   0],
       [  0,   0,   0, 134]]), array([[101,   0,   0,   0],
       [  0, 133,   0,   0],
       [  0,   0,  89,   0],
       [  0,   0,   0, 134]]), array([[101,   0,   0,   0],
       [  0, 134,   0,   0],
       [  0,   0,  89,   0],
       [  0,   0,   0, 134]]), array([[101,   0,   0,   0],
       [  0, 121,   0,   0],
       [  0,   0,  89,   0],
       [  0,   0,   0, 134]])]","[0.7608695652173914, 0.8260869565217391, 0.7608695652173914, 0.7608695652173914, 0.7777777777777778, 0.8222222222222222, 0.6888888888888889, 0.7777777777777778, 0.7777777777777778, 0.8888888888888888]","[0.7608695652173914, 0.8260869565217391, 0.7608695652173914, 0.7608695652173914, 0.7777777777777778, 0.8222222222222222, 0.6888888888888889, 0.7777777777777778, 0.7777777777777778, 0.8888888888888888]","[0.7608695652173914, 0.8260869565217391, 0.7608695652173914, 0.7608695652173914, 0.7777777777777778, 0.8222222222222222, 0.6888888888888889, 0.7777777777777778, 0.7777777777777778, 0.8888888888888888]","[0.7608695652173914, 0.8260869565217391, 0.7608695652173914, 0.7608695652173914, 0.7777777777777778, 0.8222222222222222, 0.6888888888888889, 0.7777777777777778, 0.7777777777777778, 0.8888888888888888]","[0.7803571428571429, 0.8333333333333333, 0.7864145658263305, 0.7566603535353535, 0.7811507936507935, 0.8449519230769231, 0.7102007469654529, 0.7905416951469584, 0.7725694444444444, 0.9022727272727273]","[0.7805555555555556, 0.8263888888888888, 0.753030303030303, 0.7507575757575758, 0.7782467532467532, 0.817929292929293, 0.678030303030303, 0.7545454545454546, 0.7628787878787878, 0.8883838383838384]","[0.7711323763955342, 0.8291478023014525, 0.7462622549019609, 0.7513440860215055, 0.775974025974026, 0.8217382619985323, 0.681234335839599, 0.7633689839572193, 0.7660107078189659, 0.8899621212121213]","[0.7861801242236024, 0.8266908212560387, 0.7855924978687127, 0.7631889547650417, 0.7839506172839507, 0.8441239316239315, 0.7176574333437079, 0.7860902255639097, 0.7770061728395062, 0.8962962962962964]","[0.7608695652173914, 0.8260869565217391, 0.7608695652173914, 0.7608695652173914, 0.7777777777777778, 0.8222222222222222, 0.6888888888888889, 0.7777777777777778, 0.7777777777777778, 0.8888888888888888]","[0.7642327161777962, 0.8256809625747398, 0.7517316709292412, 0.7597241701729781, 0.7773737373737374, 0.8240367715206945, 0.6909913673071567, 0.7725490196078432, 0.7757934009459202, 0.8881313131313132]","[array([[10,  2,  0,  0],
       [ 0,  8,  0,  1],
       [ 0,  0,  8,  2],
       [ 0,  0,  6,  9]]), array([[11,  0,  0,  1],
       [ 1,  8,  0,  0],
       [ 0,  0,  7,  3],
       [ 0,  1,  2, 12]]), array([[ 6,  5,  0,  0],
       [ 0, 10,  0,  0],
       [ 0,  0,  6,  4],
       [ 1,  0,  1, 13]]), array([[ 7,  3,  1,  0],
       [ 2,  7,  0,  1],
       [ 0,  0,  8,  2],
       [ 0,  1,  1, 13]]), array([[ 8,  3,  0,  0],
       [ 1,  9,  0,  0],
       [ 0,  0,  7,  3],
       [ 0,  0,  3, 11]]), array([[ 8,  3,  0,  0],
       [ 0,  9,  0,  1],
       [ 0,  0,  7,  2],
       [ 0,  1,  1, 13]]), array([[ 6,  4,  1,  0],
       [ 1,  6,  0,  2],
       [ 0,  0,  7,  3],
       [ 0,  2,  1, 12]]), array([[ 9,  2,  0,  0],
       [ 2,  6,  0,  1],
       [ 0,  0,  6,  4],
       [ 0,  0,  1, 14]]), array([[ 9,  2,  0,  0],
       [ 3,  6,  0,  0],
       [ 0,  0,  7,  3],
       [ 0,  0,  2, 13]]), array([[10,  0,  0,  1],
       [ 1,  7,  0,  1],
       [ 0,  0, 10,  0],
       [ 0,  0,  2, 13]])]"
18,"[1.0, 1.0, 1.0, 1.0, 1.0, 1.0, 1.0, 1.0, 1.0, 1.0]","[1.0, 1.0, 1.0, 1.0, 1.0, 1.0, 1.0, 1.0, 1.0, 1.0]","[1.0, 1.0, 1.0, 1.0, 1.0, 1.0, 1.0, 1.0, 1.0, 1.0]","[1.0, 1.0, 1.0, 1.0, 1.0, 1.0, 1.0, 1.0, 1.0, 1.0]","[1.0, 1.0, 1.0, 1.0, 1.0, 1.0, 1.0, 1.0, 1.0, 1.0]","[1.0, 1.0, 1.0, 1.0, 1.0, 1.0, 1.0, 1.0, 1.0, 1.0]","[1.0, 1.0, 1.0, 1.0, 1.0, 1.0, 1.0, 1.0, 1.0, 1.0]","[1.0, 1.0, 1.0, 1.0, 1.0, 1.0, 1.0, 1.0, 1.0, 1.0]","[1.0, 1.0, 1.0, 1.0, 1.0, 1.0, 1.0, 1.0, 1.0, 1.0]","[1.0, 1.0, 1.0, 1.0, 1.0, 1.0, 1.0, 1.0, 1.0, 1.0]","[array([[100,   0,   0,   0],
       [  0, 133,   0,   0],
       [  0,   0,  89,   0],
       [  0,   0,   0, 134]]), array([[100,   0,   0,   0],
       [  0, 123,   0,   0],
       [  0,   0,  89,   0],
       [  0,   0,   0, 134]]), array([[101,   0,   0,   0],
       [  0, 138,   0,   0],
       [  0,   0,  89,   0],
       [  0,   0,   0, 134]]), array([[101,   0,   0,   0],
       [  0, 137,   0,   0],
       [  0,   0,  89,   0],
       [  0,   0,   0, 134]]), array([[101,   0,   0,   0],
       [  0, 131,   0,   0],
       [  0,   0,  89,   0],
       [  0,   0,   0, 135]]), array([[101,   0,   0,   0],
       [  0, 136,   0,   0],
       [  0,   0,  90,   0],
       [  0,   0,   0, 134]]), array([[101,   0,   0,   0],
       [  0, 137,   0,   0],
       [  0,   0,  89,   0],
       [  0,   0,   0, 134]]), array([[101,   0,   0,   0],
       [  0, 133,   0,   0],
       [  0,   0,  89,   0],
       [  0,   0,   0, 134]]), array([[101,   0,   0,   0],
       [  0, 134,   0,   0],
       [  0,   0,  89,   0],
       [  0,   0,   0, 134]]), array([[101,   0,   0,   0],
       [  0, 121,   0,   0],
       [  0,   0,  89,   0],
       [  0,   0,   0, 134]])]","[0.7391304347826086, 0.782608695652174, 0.7391304347826086, 0.7391304347826086, 0.7777777777777778, 0.8222222222222222, 0.6444444444444445, 0.8, 0.7555555555555555, 0.8888888888888888]","[0.7391304347826086, 0.782608695652174, 0.7391304347826086, 0.7391304347826086, 0.7777777777777778, 0.8222222222222222, 0.6444444444444445, 0.8, 0.7555555555555555, 0.8888888888888888]","[0.7391304347826086, 0.782608695652174, 0.7391304347826086, 0.7391304347826086, 0.7777777777777778, 0.8222222222222222, 0.6444444444444445, 0.8, 0.7555555555555555, 0.8888888888888888]","[0.7391304347826086, 0.782608695652174, 0.7391304347826086, 0.7391304347826086, 0.7777777777777778, 0.8222222222222222, 0.6444444444444445, 0.8, 0.7555555555555555, 0.8888888888888888]","[0.7562229437229437, 0.7887626262626263, 0.7698412698412699, 0.7391562685680333, 0.7811507936507935, 0.8449519230769231, 0.6705929487179487, 0.805239898989899, 0.7460542929292929, 0.8984848484848486]","[0.7513888888888888, 0.7847222222222221, 0.728030303030303, 0.7257575757575757, 0.7782467532467532, 0.817929292929293, 0.6386363636363636, 0.7795454545454545, 0.7401515151515151, 0.8911616161616162]","[0.7457904164800716, 0.7823043679580182, 0.7198863636363637, 0.7290021929824562, 0.775974025974026, 0.8217382619985323, 0.6358418147317578, 0.7875816993464053, 0.7423727941554767, 0.893519225872167]","[0.7628929041972521, 0.7907224418093984, 0.7665631469979297, 0.7427729985274741, 0.7839506172839507, 0.8441239316239315, 0.6807336182336182, 0.8037037037037037, 0.754783950617284, 0.8929292929292929]","[0.7391304347826086, 0.782608695652174, 0.7391304347826086, 0.7391304347826086, 0.7777777777777778, 0.8222222222222222, 0.6444444444444445, 0.8, 0.7555555555555555, 0.8888888888888888]","[0.7433517007729901, 0.7825979586221707, 0.7261198945981554, 0.7374475591151792, 0.7773737373737374, 0.8240367715206945, 0.6449964541046135, 0.7968442595893576, 0.7544236936427089, 0.8898225957049486]","[array([[ 9,  3,  0,  0],
       [ 0,  8,  0,  1],
       [ 0,  0,  7,  3],
       [ 0,  0,  5, 10]]), array([[ 9,  2,  0,  1],
       [ 1,  8,  0,  0],
       [ 0,  0,  7,  3],
       [ 0,  1,  2, 12]]), array([[ 6,  5,  0,  0],
       [ 0, 10,  0,  0],
       [ 0,  0,  5,  5],
       [ 1,  0,  1, 13]]), array([[ 7,  3,  1,  0],
       [ 2,  7,  0,  1],
       [ 0,  0,  7,  3],
       [ 0,  1,  1, 13]]), array([[ 8,  3,  0,  0],
       [ 1,  9,  0,  0],
       [ 0,  0,  7,  3],
       [ 0,  0,  3, 11]]), array([[ 8,  3,  0,  0],
       [ 0,  9,  0,  1],
       [ 0,  0,  7,  2],
       [ 0,  1,  1, 13]]), array([[ 5,  5,  1,  0],
       [ 1,  6,  0,  2],
       [ 0,  0,  7,  3],
       [ 0,  2,  2, 11]]), array([[ 9,  2,  0,  0],
       [ 2,  6,  0,  1],
       [ 0,  0,  7,  3],
       [ 0,  0,  1, 14]]), array([[ 8,  3,  0,  0],
       [ 3,  6,  0,  0],
       [ 0,  0,  7,  3],
       [ 0,  0,  2, 13]]), array([[10,  0,  0,  1],
       [ 1,  8,  0,  0],
       [ 0,  0,  9,  1],
       [ 0,  0,  2, 13]])]"
19,"[1.0, 1.0, 1.0, 1.0, 1.0, 1.0, 1.0, 1.0, 1.0, 1.0]","[1.0, 1.0, 1.0, 1.0, 1.0, 1.0, 1.0, 1.0, 1.0, 1.0]","[1.0, 1.0, 1.0, 1.0, 1.0, 1.0, 1.0, 1.0, 1.0, 1.0]","[1.0, 1.0, 1.0, 1.0, 1.0, 1.0, 1.0, 1.0, 1.0, 1.0]","[1.0, 1.0, 1.0, 1.0, 1.0, 1.0, 1.0, 1.0, 1.0, 1.0]","[1.0, 1.0, 1.0, 1.0, 1.0, 1.0, 1.0, 1.0, 1.0, 1.0]","[1.0, 1.0, 1.0, 1.0, 1.0, 1.0, 1.0, 1.0, 1.0, 1.0]","[1.0, 1.0, 1.0, 1.0, 1.0, 1.0, 1.0, 1.0, 1.0, 1.0]","[1.0, 1.0, 1.0, 1.0, 1.0, 1.0, 1.0, 1.0, 1.0, 1.0]","[1.0, 1.0, 1.0, 1.0, 1.0, 1.0, 1.0, 1.0, 1.0, 1.0]","[array([[100,   0,   0,   0],
       [  0, 133,   0,   0],
       [  0,   0,  89,   0],
       [  0,   0,   0, 134]]), array([[100,   0,   0,   0],
       [  0, 123,   0,   0],
       [  0,   0,  89,   0],
       [  0,   0,   0, 134]]), array([[101,   0,   0,   0],
       [  0, 138,   0,   0],
       [  0,   0,  89,   0],
       [  0,   0,   0, 134]]), array([[101,   0,   0,   0],
       [  0, 137,   0,   0],
       [  0,   0,  89,   0],
       [  0,   0,   0, 134]]), array([[101,   0,   0,   0],
       [  0, 131,   0,   0],
       [  0,   0,  89,   0],
       [  0,   0,   0, 135]]), array([[101,   0,   0,   0],
       [  0, 136,   0,   0],
       [  0,   0,  90,   0],
       [  0,   0,   0, 134]]), array([[101,   0,   0,   0],
       [  0, 137,   0,   0],
       [  0,   0,  89,   0],
       [  0,   0,   0, 134]]), array([[101,   0,   0,   0],
       [  0, 133,   0,   0],
       [  0,   0,  89,   0],
       [  0,   0,   0, 134]]), array([[101,   0,   0,   0],
       [  0, 134,   0,   0],
       [  0,   0,  89,   0],
       [  0,   0,   0, 134]]), array([[101,   0,   0,   0],
       [  0, 121,   0,   0],
       [  0,   0,  89,   0],
       [  0,   0,   0, 134]])]","[0.7391304347826086, 0.8478260869565217, 0.7608695652173914, 0.7608695652173914, 0.7777777777777778, 0.8666666666666667, 0.6888888888888889, 0.7555555555555555, 0.7555555555555555, 0.8888888888888888]","[0.7391304347826086, 0.8478260869565217, 0.7608695652173914, 0.7608695652173914, 0.7777777777777778, 0.8666666666666667, 0.6888888888888889, 0.7555555555555555, 0.7555555555555555, 0.8888888888888888]","[0.7391304347826086, 0.8478260869565217, 0.7608695652173914, 0.7608695652173914, 0.7777777777777778, 0.8666666666666667, 0.6888888888888889, 0.7555555555555555, 0.7555555555555555, 0.8888888888888888]","[0.7391304347826086, 0.8478260869565217, 0.7608695652173914, 0.7608695652173914, 0.7777777777777778, 0.8666666666666667, 0.6888888888888889, 0.7555555555555555, 0.7555555555555555, 0.8888888888888888]","[0.7621753246753247, 0.8626893939393939, 0.7862103174603176, 0.761437908496732, 0.7811507936507935, 0.8829365079365079, 0.7021199388846449, 0.7576388888888889, 0.75, 0.8876984126984127]","[0.7597222222222223, 0.838888888888889, 0.7507575757575757, 0.7446969696969696, 0.7782467532467532, 0.8707070707070707, 0.678030303030303, 0.7340909090909091, 0.7462121212121211, 0.8934343434343435]","[0.7476190476190475, 0.8461791831357048, 0.7457635566188199, 0.746261961722488, 0.775974025974026, 0.865219802379512, 0.6791666666666667, 0.7394603934077618, 0.7471227621483376, 0.8879185948151466]","[0.7719508752117449, 0.8549077733860342, 0.7811853002070394, 0.7679383347541915, 0.7839506172839507, 0.8904761904761904, 0.709464391817333, 0.7638271604938272, 0.7555555555555555, 0.8924867724867726]","[0.7391304347826086, 0.8478260869565217, 0.7608695652173914, 0.7608695652173914, 0.7777777777777778, 0.8666666666666667, 0.6888888888888889, 0.7555555555555555, 0.7555555555555555, 0.8888888888888888]","[0.7424430641821946, 0.8465181111683948, 0.7501473545523889, 0.7577621177449553, 0.7773737373737374, 0.8676614908919811, 0.6885185185185185, 0.7530946895859176, 0.7547030406365445, 0.888172364034433]","[array([[9, 3, 0, 0],
       [0, 8, 0, 1],
       [0, 0, 8, 2],
       [0, 0, 6, 9]]), array([[10,  1,  0,  1],
       [ 1,  8,  0,  0],
       [ 0,  0,  7,  3],
       [ 0,  0,  1, 14]]), array([[ 7,  4,  0,  0],
       [ 0, 10,  0,  0],
       [ 0,  0,  5,  5],
       [ 1,  0,  1, 13]]), array([[ 6,  4,  1,  0],
       [ 2,  7,  0,  1],
       [ 0,  0,  8,  2],
       [ 0,  1,  0, 14]]), array([[ 8,  3,  0,  0],
       [ 1,  9,  0,  0],
       [ 0,  0,  7,  3],
       [ 0,  0,  3, 11]]), array([[ 8,  3,  0,  0],
       [ 0, 10,  0,  0],
       [ 0,  0,  8,  1],
       [ 0,  1,  1, 13]]), array([[ 6,  4,  1,  0],
       [ 1,  6,  0,  2],
       [ 0,  0,  7,  3],
       [ 0,  1,  2, 12]]), array([[ 7,  4,  0,  0],
       [ 2,  6,  0,  1],
       [ 0,  0,  7,  3],
       [ 0,  0,  1, 14]]), array([[ 9,  2,  0,  0],
       [ 3,  6,  0,  0],
       [ 0,  0,  7,  3],
       [ 0,  0,  3, 12]]), array([[ 9,  1,  0,  1],
       [ 1,  8,  0,  0],
       [ 0,  0, 10,  0],
       [ 0,  0,  2, 13]])]"
20,"[1.0, 1.0, 1.0, 1.0, 1.0, 1.0, 1.0, 1.0, 1.0, 1.0]","[1.0, 1.0, 1.0, 1.0, 1.0, 1.0, 1.0, 1.0, 1.0, 1.0]","[1.0, 1.0, 1.0, 1.0, 1.0, 1.0, 1.0, 1.0, 1.0, 1.0]","[1.0, 1.0, 1.0, 1.0, 1.0, 1.0, 1.0, 1.0, 1.0, 1.0]","[1.0, 1.0, 1.0, 1.0, 1.0, 1.0, 1.0, 1.0, 1.0, 1.0]","[1.0, 1.0, 1.0, 1.0, 1.0, 1.0, 1.0, 1.0, 1.0, 1.0]","[1.0, 1.0, 1.0, 1.0, 1.0, 1.0, 1.0, 1.0, 1.0, 1.0]","[1.0, 1.0, 1.0, 1.0, 1.0, 1.0, 1.0, 1.0, 1.0, 1.0]","[1.0, 1.0, 1.0, 1.0, 1.0, 1.0, 1.0, 1.0, 1.0, 1.0]","[1.0, 1.0, 1.0, 1.0, 1.0, 1.0, 1.0, 1.0, 1.0, 1.0]","[array([[100,   0,   0,   0],
       [  0, 133,   0,   0],
       [  0,   0,  89,   0],
       [  0,   0,   0, 134]]), array([[100,   0,   0,   0],
       [  0, 123,   0,   0],
       [  0,   0,  89,   0],
       [  0,   0,   0, 134]]), array([[101,   0,   0,   0],
       [  0, 138,   0,   0],
       [  0,   0,  89,   0],
       [  0,   0,   0, 134]]), array([[101,   0,   0,   0],
       [  0, 137,   0,   0],
       [  0,   0,  89,   0],
       [  0,   0,   0, 134]]), array([[101,   0,   0,   0],
       [  0, 131,   0,   0],
       [  0,   0,  89,   0],
       [  0,   0,   0, 135]]), array([[101,   0,   0,   0],
       [  0, 136,   0,   0],
       [  0,   0,  90,   0],
       [  0,   0,   0, 134]]), array([[101,   0,   0,   0],
       [  0, 137,   0,   0],
       [  0,   0,  89,   0],
       [  0,   0,   0, 134]]), array([[101,   0,   0,   0],
       [  0, 133,   0,   0],
       [  0,   0,  89,   0],
       [  0,   0,   0, 134]]), array([[101,   0,   0,   0],
       [  0, 134,   0,   0],
       [  0,   0,  89,   0],
       [  0,   0,   0, 134]]), array([[101,   0,   0,   0],
       [  0, 121,   0,   0],
       [  0,   0,  89,   0],
       [  0,   0,   0, 134]])]","[0.7391304347826086, 0.8043478260869565, 0.7391304347826086, 0.7391304347826086, 0.7555555555555555, 0.8222222222222222, 0.6666666666666666, 0.8, 0.7111111111111111, 0.8888888888888888]","[0.7391304347826086, 0.8043478260869565, 0.7391304347826086, 0.7391304347826086, 0.7555555555555555, 0.8222222222222222, 0.6666666666666666, 0.8, 0.7111111111111111, 0.8888888888888888]","[0.7391304347826086, 0.8043478260869565, 0.7391304347826086, 0.7391304347826086, 0.7555555555555555, 0.8222222222222222, 0.6666666666666666, 0.8, 0.7111111111111111, 0.8888888888888888]","[0.7391304347826086, 0.8043478260869565, 0.7391304347826086, 0.7391304347826086, 0.7555555555555555, 0.8222222222222222, 0.6666666666666666, 0.8, 0.7111111111111111, 0.8888888888888888]","[0.7562229437229437, 0.8092171717171717, 0.7564102564102565, 0.7391562685680333, 0.7632554945054945, 0.821031746031746, 0.6848039215686275, 0.805239898989899, 0.7, 0.8984848484848486]","[0.7513888888888888, 0.8055555555555556, 0.7257575757575757, 0.7257575757575757, 0.7555194805194805, 0.8207070707070707, 0.6553030303030303, 0.7795454545454545, 0.7007575757575757, 0.8911616161616162]","[0.7457904164800716, 0.8056765335498635, 0.7238718708827405, 0.7290021929824562, 0.7512912716574043, 0.8186545255510772, 0.6524159663865545, 0.7875816993464053, 0.6995614035087719, 0.893519225872167]","[0.7628929041972521, 0.8073232323232323, 0.7531586770717206, 0.7427729985274741, 0.7677350427350427, 0.8310052910052911, 0.6945533769063181, 0.8037037037037037, 0.7133333333333332, 0.8929292929292929]","[0.7391304347826086, 0.8043478260869565, 0.7391304347826086, 0.7391304347826086, 0.7555555555555555, 0.8222222222222222, 0.6666666666666666, 0.8, 0.7111111111111111, 0.8888888888888888]","[0.7433517007729901, 0.8042403099033638, 0.7303101907544252, 0.7374475591151792, 0.7540300025425883, 0.8244879003499693, 0.6636321195144725, 0.7968442595893576, 0.7115009746588694, 0.8898225957049486]","[array([[ 9,  3,  0,  0],
       [ 0,  8,  0,  1],
       [ 0,  0,  7,  3],
       [ 0,  0,  5, 10]]), array([[10,  1,  0,  1],
       [ 1,  8,  0,  0],
       [ 0,  0,  7,  3],
       [ 0,  1,  2, 12]]), array([[ 7,  4,  0,  0],
       [ 1,  9,  0,  0],
       [ 0,  0,  5,  5],
       [ 1,  0,  1, 13]]), array([[ 7,  3,  1,  0],
       [ 2,  7,  0,  1],
       [ 0,  0,  7,  3],
       [ 0,  1,  1, 13]]), array([[ 7,  4,  0,  0],
       [ 1,  9,  0,  0],
       [ 0,  0,  7,  3],
       [ 0,  0,  3, 11]]), array([[ 8,  3,  0,  0],
       [ 2,  8,  0,  0],
       [ 0,  0,  8,  1],
       [ 0,  1,  1, 13]]), array([[ 5,  5,  1,  0],
       [ 1,  6,  0,  2],
       [ 0,  0,  7,  3],
       [ 0,  1,  2, 12]]), array([[ 9,  2,  0,  0],
       [ 2,  6,  0,  1],
       [ 0,  0,  7,  3],
       [ 0,  0,  1, 14]]), array([[ 7,  4,  0,  0],
       [ 3,  6,  0,  0],
       [ 0,  0,  7,  3],
       [ 0,  0,  3, 12]]), array([[10,  0,  0,  1],
       [ 1,  8,  0,  0],
       [ 0,  0,  9,  1],
       [ 0,  0,  2, 13]])]"
21,"[1.0, 1.0, 1.0, 1.0, 1.0, 1.0, 1.0, 1.0, 1.0, 1.0]","[1.0, 1.0, 1.0, 1.0, 1.0, 1.0, 1.0, 1.0, 1.0, 1.0]","[1.0, 1.0, 1.0, 1.0, 1.0, 1.0, 1.0, 1.0, 1.0, 1.0]","[1.0, 1.0, 1.0, 1.0, 1.0, 1.0, 1.0, 1.0, 1.0, 1.0]","[1.0, 1.0, 1.0, 1.0, 1.0, 1.0, 1.0, 1.0, 1.0, 1.0]","[1.0, 1.0, 1.0, 1.0, 1.0, 1.0, 1.0, 1.0, 1.0, 1.0]","[1.0, 1.0, 1.0, 1.0, 1.0, 1.0, 1.0, 1.0, 1.0, 1.0]","[1.0, 1.0, 1.0, 1.0, 1.0, 1.0, 1.0, 1.0, 1.0, 1.0]","[1.0, 1.0, 1.0, 1.0, 1.0, 1.0, 1.0, 1.0, 1.0, 1.0]","[1.0, 1.0, 1.0, 1.0, 1.0, 1.0, 1.0, 1.0, 1.0, 1.0]","[array([[100,   0,   0,   0],
       [  0, 133,   0,   0],
       [  0,   0,  89,   0],
       [  0,   0,   0, 134]]), array([[100,   0,   0,   0],
       [  0, 123,   0,   0],
       [  0,   0,  89,   0],
       [  0,   0,   0, 134]]), array([[101,   0,   0,   0],
       [  0, 138,   0,   0],
       [  0,   0,  89,   0],
       [  0,   0,   0, 134]]), array([[101,   0,   0,   0],
       [  0, 137,   0,   0],
       [  0,   0,  89,   0],
       [  0,   0,   0, 134]]), array([[101,   0,   0,   0],
       [  0, 131,   0,   0],
       [  0,   0,  89,   0],
       [  0,   0,   0, 135]]), array([[101,   0,   0,   0],
       [  0, 136,   0,   0],
       [  0,   0,  90,   0],
       [  0,   0,   0, 134]]), array([[101,   0,   0,   0],
       [  0, 137,   0,   0],
       [  0,   0,  89,   0],
       [  0,   0,   0, 134]]), array([[101,   0,   0,   0],
       [  0, 133,   0,   0],
       [  0,   0,  89,   0],
       [  0,   0,   0, 134]]), array([[101,   0,   0,   0],
       [  0, 134,   0,   0],
       [  0,   0,  89,   0],
       [  0,   0,   0, 134]]), array([[101,   0,   0,   0],
       [  0, 121,   0,   0],
       [  0,   0,  89,   0],
       [  0,   0,   0, 134]])]","[0.7608695652173914, 0.8043478260869565, 0.7608695652173914, 0.7608695652173914, 0.7777777777777778, 0.8444444444444444, 0.7333333333333333, 0.8, 0.7333333333333333, 0.8888888888888888]","[0.7608695652173914, 0.8043478260869565, 0.7608695652173914, 0.7608695652173914, 0.7777777777777778, 0.8444444444444444, 0.7333333333333333, 0.8, 0.7333333333333333, 0.8888888888888888]","[0.7608695652173914, 0.8043478260869565, 0.7608695652173914, 0.7608695652173914, 0.7777777777777778, 0.8444444444444444, 0.7333333333333333, 0.8, 0.7333333333333333, 0.8888888888888888]","[0.7608695652173914, 0.8043478260869565, 0.7608695652173914, 0.7608695652173914, 0.7777777777777778, 0.8444444444444444, 0.7333333333333333, 0.8, 0.7333333333333333, 0.8888888888888888]","[0.7744047619047619, 0.8106209150326797, 0.7729835523953171, 0.765625, 0.7811507936507935, 0.8407287157287158, 0.7418258212375859, 0.7951704545454545, 0.7234848484848484, 0.9022727272727273]","[0.7722222222222223, 0.8013888888888888, 0.7507575757575757, 0.7507575757575758, 0.7782467532467532, 0.8434343434343434, 0.7196969696969696, 0.787878787878788, 0.7234848484848484, 0.8883838383838384]","[0.7693037452565583, 0.8024072966507177, 0.7502477621483377, 0.7542946442352215, 0.775974025974026, 0.84138179827835, 0.7197916666666666, 0.7906934621355874, 0.7234848484848484, 0.8899621212121213]","[0.7771221532091097, 0.8097470872406933, 0.7721880279425035, 0.7709842995169083, 0.7839506172839507, 0.848917748917749, 0.7512944571768101, 0.7986111111111112, 0.7333333333333333, 0.8962962962962964]","[0.7608695652173914, 0.8043478260869565, 0.7608695652173914, 0.7608695652173914, 0.7777777777777778, 0.8444444444444444, 0.7333333333333333, 0.8, 0.7333333333333333, 0.8888888888888888]","[0.7651413527685919, 0.8033271791137924, 0.755921967085511, 0.7622898729675136, 0.7773737373737374, 0.8459405218025908, 0.731574074074074, 0.7985241408391315, 0.7333333333333333, 0.8881313131313132]","[array([[10,  2,  0,  0],
       [ 0,  8,  0,  1],
       [ 0,  0,  7,  3],
       [ 0,  0,  5, 10]]), array([[ 9,  2,  0,  1],
       [ 1,  8,  0,  0],
       [ 0,  0,  7,  3],
       [ 0,  0,  2, 13]]), array([[ 7,  4,  0,  0],
       [ 1,  9,  0,  0],
       [ 0,  0,  6,  4],
       [ 1,  0,  1, 13]]), array([[ 7,  4,  0,  0],
       [ 2,  7,  0,  1],
       [ 0,  0,  8,  2],
       [ 0,  1,  1, 13]]), array([[ 8,  3,  0,  0],
       [ 1,  9,  0,  0],
       [ 0,  0,  7,  3],
       [ 0,  0,  3, 11]]), array([[ 9,  2,  0,  0],
       [ 2,  8,  0,  0],
       [ 0,  0,  8,  1],
       [ 0,  1,  1, 13]]), array([[ 6,  4,  1,  0],
       [ 1,  6,  0,  2],
       [ 0,  0,  8,  2],
       [ 0,  1,  1, 13]]), array([[ 9,  2,  0,  0],
       [ 2,  6,  0,  1],
       [ 0,  0,  8,  2],
       [ 0,  0,  2, 13]]), array([[ 8,  3,  0,  0],
       [ 3,  6,  0,  0],
       [ 0,  0,  7,  3],
       [ 0,  0,  3, 12]]), array([[10,  0,  0,  1],
       [ 1,  7,  0,  1],
       [ 0,  0, 10,  0],
       [ 0,  0,  2, 13]])]"
22,"[1.0, 1.0, 1.0, 1.0, 1.0, 1.0, 1.0, 1.0, 1.0, 1.0]","[1.0, 1.0, 1.0, 1.0, 1.0, 1.0, 1.0, 1.0, 1.0, 1.0]","[1.0, 1.0, 1.0, 1.0, 1.0, 1.0, 1.0, 1.0, 1.0, 1.0]","[1.0, 1.0, 1.0, 1.0, 1.0, 1.0, 1.0, 1.0, 1.0, 1.0]","[1.0, 1.0, 1.0, 1.0, 1.0, 1.0, 1.0, 1.0, 1.0, 1.0]","[1.0, 1.0, 1.0, 1.0, 1.0, 1.0, 1.0, 1.0, 1.0, 1.0]","[1.0, 1.0, 1.0, 1.0, 1.0, 1.0, 1.0, 1.0, 1.0, 1.0]","[1.0, 1.0, 1.0, 1.0, 1.0, 1.0, 1.0, 1.0, 1.0, 1.0]","[1.0, 1.0, 1.0, 1.0, 1.0, 1.0, 1.0, 1.0, 1.0, 1.0]","[1.0, 1.0, 1.0, 1.0, 1.0, 1.0, 1.0, 1.0, 1.0, 1.0]","[array([[100,   0,   0,   0],
       [  0, 133,   0,   0],
       [  0,   0,  89,   0],
       [  0,   0,   0, 134]]), array([[100,   0,   0,   0],
       [  0, 123,   0,   0],
       [  0,   0,  89,   0],
       [  0,   0,   0, 134]]), array([[101,   0,   0,   0],
       [  0, 138,   0,   0],
       [  0,   0,  89,   0],
       [  0,   0,   0, 134]]), array([[101,   0,   0,   0],
       [  0, 137,   0,   0],
       [  0,   0,  89,   0],
       [  0,   0,   0, 134]]), array([[101,   0,   0,   0],
       [  0, 131,   0,   0],
       [  0,   0,  89,   0],
       [  0,   0,   0, 135]]), array([[101,   0,   0,   0],
       [  0, 136,   0,   0],
       [  0,   0,  90,   0],
       [  0,   0,   0, 134]]), array([[101,   0,   0,   0],
       [  0, 137,   0,   0],
       [  0,   0,  89,   0],
       [  0,   0,   0, 134]]), array([[101,   0,   0,   0],
       [  0, 133,   0,   0],
       [  0,   0,  89,   0],
       [  0,   0,   0, 134]]), array([[101,   0,   0,   0],
       [  0, 134,   0,   0],
       [  0,   0,  89,   0],
       [  0,   0,   0, 134]]), array([[101,   0,   0,   0],
       [  0, 121,   0,   0],
       [  0,   0,  89,   0],
       [  0,   0,   0, 134]])]","[0.7608695652173914, 0.782608695652174, 0.782608695652174, 0.782608695652174, 0.7777777777777778, 0.8222222222222222, 0.7333333333333333, 0.8, 0.7555555555555555, 0.8888888888888888]","[0.7608695652173914, 0.782608695652174, 0.782608695652174, 0.782608695652174, 0.7777777777777778, 0.8222222222222222, 0.7333333333333333, 0.8, 0.7555555555555555, 0.8888888888888888]","[0.7608695652173914, 0.782608695652174, 0.782608695652174, 0.782608695652174, 0.7777777777777778, 0.8222222222222222, 0.7333333333333333, 0.8, 0.7555555555555555, 0.8888888888888888]","[0.7608695652173914, 0.782608695652174, 0.782608695652174, 0.782608695652174, 0.7777777777777778, 0.8222222222222222, 0.7333333333333333, 0.8, 0.7555555555555555, 0.8888888888888888]","[0.7744047619047619, 0.7887626262626263, 0.8028273809523809, 0.778125, 0.7811507936507935, 0.821780303030303, 0.7409722222222221, 0.7951704545454545, 0.75, 0.8876984126984127]","[0.7722222222222223, 0.7847222222222221, 0.778030303030303, 0.7734848484848486, 0.7782467532467532, 0.8156565656565656, 0.7174242424242424, 0.787878787878788, 0.7462121212121211, 0.8934343434343435]","[0.7693037452565583, 0.7823043679580182, 0.7707885304659499, 0.7751536098310292, 0.775974025974026, 0.8175706646294881, 0.7228468899521532, 0.7906934621355874, 0.7471227621483376, 0.8879185948151466]","[0.7771221532091097, 0.7907224418093984, 0.8050595238095238, 0.7823369565217391, 0.7839506172839507, 0.8255050505050505, 0.7435185185185186, 0.7986111111111112, 0.7555555555555555, 0.8924867724867726]","[0.7608695652173914, 0.782608695652174, 0.782608695652174, 0.782608695652174, 0.7777777777777778, 0.8222222222222222, 0.7333333333333333, 0.8, 0.7555555555555555, 0.8888888888888888]","[0.7651413527685919, 0.7825979586221707, 0.7759077450522051, 0.7817738596139717, 0.7773737373737374, 0.8229069405539993, 0.731632110579479, 0.7985241408391315, 0.7547030406365445, 0.888172364034433]","[array([[10,  2,  0,  0],
       [ 0,  8,  0,  1],
       [ 0,  0,  7,  3],
       [ 0,  0,  5, 10]]), array([[ 9,  2,  0,  1],
       [ 1,  8,  0,  0],
       [ 0,  0,  7,  3],
       [ 0,  1,  2, 12]]), array([[ 6,  5,  0,  0],
       [ 0, 10,  0,  0],
       [ 0,  0,  7,  3],
       [ 1,  0,  1, 13]]), array([[ 8,  2,  1,  0],
       [ 2,  7,  0,  1],
       [ 0,  0,  8,  2],
       [ 0,  1,  1, 13]]), array([[ 8,  3,  0,  0],
       [ 1,  9,  0,  0],
       [ 0,  0,  7,  3],
       [ 0,  0,  3, 11]]), array([[ 9,  2,  0,  0],
       [ 2,  8,  0,  0],
       [ 0,  0,  7,  2],
       [ 0,  1,  1, 13]]), array([[ 7,  3,  1,  0],
       [ 1,  6,  0,  2],
       [ 0,  0,  7,  3],
       [ 0,  0,  2, 13]]), array([[ 9,  2,  0,  0],
       [ 2,  6,  0,  1],
       [ 0,  0,  8,  2],
       [ 0,  0,  2, 13]]), array([[ 9,  2,  0,  0],
       [ 3,  6,  0,  0],
       [ 0,  0,  7,  3],
       [ 0,  0,  3, 12]]), array([[ 9,  1,  0,  1],
       [ 1,  8,  0,  0],
       [ 0,  0, 10,  0],
       [ 0,  0,  2, 13]])]"
23,"[1.0, 1.0, 1.0, 1.0, 1.0, 1.0, 1.0, 1.0, 1.0, 1.0]","[1.0, 1.0, 1.0, 1.0, 1.0, 1.0, 1.0, 1.0, 1.0, 1.0]","[1.0, 1.0, 1.0, 1.0, 1.0, 1.0, 1.0, 1.0, 1.0, 1.0]","[1.0, 1.0, 1.0, 1.0, 1.0, 1.0, 1.0, 1.0, 1.0, 1.0]","[1.0, 1.0, 1.0, 1.0, 1.0, 1.0, 1.0, 1.0, 1.0, 1.0]","[1.0, 1.0, 1.0, 1.0, 1.0, 1.0, 1.0, 1.0, 1.0, 1.0]","[1.0, 1.0, 1.0, 1.0, 1.0, 1.0, 1.0, 1.0, 1.0, 1.0]","[1.0, 1.0, 1.0, 1.0, 1.0, 1.0, 1.0, 1.0, 1.0, 1.0]","[1.0, 1.0, 1.0, 1.0, 1.0, 1.0, 1.0, 1.0, 1.0, 1.0]","[1.0, 1.0, 1.0, 1.0, 1.0, 1.0, 1.0, 1.0, 1.0, 1.0]","[array([[100,   0,   0,   0],
       [  0, 133,   0,   0],
       [  0,   0,  89,   0],
       [  0,   0,   0, 134]]), array([[100,   0,   0,   0],
       [  0, 123,   0,   0],
       [  0,   0,  89,   0],
       [  0,   0,   0, 134]]), array([[101,   0,   0,   0],
       [  0, 138,   0,   0],
       [  0,   0,  89,   0],
       [  0,   0,   0, 134]]), array([[101,   0,   0,   0],
       [  0, 137,   0,   0],
       [  0,   0,  89,   0],
       [  0,   0,   0, 134]]), array([[101,   0,   0,   0],
       [  0, 131,   0,   0],
       [  0,   0,  89,   0],
       [  0,   0,   0, 135]]), array([[101,   0,   0,   0],
       [  0, 136,   0,   0],
       [  0,   0,  90,   0],
       [  0,   0,   0, 134]]), array([[101,   0,   0,   0],
       [  0, 137,   0,   0],
       [  0,   0,  89,   0],
       [  0,   0,   0, 134]]), array([[101,   0,   0,   0],
       [  0, 133,   0,   0],
       [  0,   0,  89,   0],
       [  0,   0,   0, 134]]), array([[101,   0,   0,   0],
       [  0, 134,   0,   0],
       [  0,   0,  89,   0],
       [  0,   0,   0, 134]]), array([[101,   0,   0,   0],
       [  0, 121,   0,   0],
       [  0,   0,  89,   0],
       [  0,   0,   0, 134]])]","[0.717391304347826, 0.8043478260869565, 0.782608695652174, 0.782608695652174, 0.7777777777777778, 0.8, 0.7333333333333333, 0.8222222222222222, 0.7333333333333333, 0.9111111111111111]","[0.717391304347826, 0.8043478260869565, 0.782608695652174, 0.782608695652174, 0.7777777777777778, 0.8, 0.7333333333333333, 0.8222222222222222, 0.7333333333333333, 0.9111111111111111]","[0.717391304347826, 0.8043478260869565, 0.782608695652174, 0.782608695652174, 0.7777777777777778, 0.8, 0.7333333333333333, 0.8222222222222222, 0.7333333333333333, 0.9111111111111111]","[0.717391304347826, 0.8043478260869565, 0.782608695652174, 0.782608695652174, 0.7777777777777778, 0.8, 0.7333333333333333, 0.8222222222222222, 0.7333333333333333, 0.9111111111111111]","[0.7410714285714286, 0.8092171717171717, 0.8027836134453782, 0.7844381313131313, 0.7811507936507935, 0.8020833333333334, 0.7409722222222221, 0.8201500297088533, 0.7234848484848484, 0.9177489177489178]","[0.7305555555555555, 0.8055555555555556, 0.7757575757575758, 0.7734848484848486, 0.7782467532467532, 0.7929292929292929, 0.7174242424242424, 0.8045454545454547, 0.7234848484848484, 0.9161616161616162]","[0.7219808926705479, 0.8056765335498635, 0.7721394478844169, 0.7773465922871695, 0.775974025974026, 0.7948433919022154, 0.7228468899521532, 0.8102923585702224, 0.7234848484848484, 0.9139775032269961]","[0.7510351966873706, 0.8073232323232323, 0.8002146510778224, 0.7878266359244621, 0.7839506172839507, 0.8075925925925926, 0.7435185185185186, 0.8220406681190996, 0.7333333333333333, 0.916931216931217]","[0.717391304347826, 0.8043478260869565, 0.782608695652174, 0.782608695652174, 0.7777777777777778, 0.8, 0.7333333333333333, 0.8222222222222222, 0.7333333333333333, 0.9111111111111111]","[0.7209914523257852, 0.8042403099033638, 0.7757591308834747, 0.7836808008801808, 0.7773737373737374, 0.801454319101378, 0.731632110579479, 0.8199776401788786, 0.7333333333333333, 0.9113282930727149]","[array([[ 8,  4,  0,  0],
       [ 0,  8,  0,  1],
       [ 0,  0,  7,  3],
       [ 0,  0,  5, 10]]), array([[10,  1,  0,  1],
       [ 1,  8,  0,  0],
       [ 0,  0,  7,  3],
       [ 0,  1,  2, 12]]), array([[ 7,  4,  0,  0],
       [ 0, 10,  0,  0],
       [ 0,  0,  6,  4],
       [ 1,  0,  1, 13]]), array([[ 8,  3,  0,  0],
       [ 2,  7,  0,  1],
       [ 0,  0,  8,  2],
       [ 0,  1,  1, 13]]), array([[ 8,  3,  0,  0],
       [ 1,  9,  0,  0],
       [ 0,  0,  7,  3],
       [ 0,  0,  3, 11]]), array([[ 8,  3,  0,  0],
       [ 2,  8,  0,  0],
       [ 0,  0,  7,  2],
       [ 0,  1,  1, 13]]), array([[ 7,  3,  1,  0],
       [ 1,  6,  0,  2],
       [ 0,  0,  7,  3],
       [ 0,  0,  2, 13]]), array([[ 9,  2,  0,  0],
       [ 2,  6,  0,  1],
       [ 0,  0,  8,  2],
       [ 0,  0,  1, 14]]), array([[ 8,  3,  0,  0],
       [ 3,  6,  0,  0],
       [ 0,  0,  7,  3],
       [ 0,  0,  3, 12]]), array([[10,  0,  0,  1],
       [ 1,  8,  0,  0],
       [ 0,  0, 10,  0],
       [ 0,  0,  2, 13]])]"
24,"[1.0, 1.0, 1.0, 1.0, 1.0, 1.0, 1.0, 1.0, 1.0, 1.0]","[1.0, 1.0, 1.0, 1.0, 1.0, 1.0, 1.0, 1.0, 1.0, 1.0]","[1.0, 1.0, 1.0, 1.0, 1.0, 1.0, 1.0, 1.0, 1.0, 1.0]","[1.0, 1.0, 1.0, 1.0, 1.0, 1.0, 1.0, 1.0, 1.0, 1.0]","[1.0, 1.0, 1.0, 1.0, 1.0, 1.0, 1.0, 1.0, 1.0, 1.0]","[1.0, 1.0, 1.0, 1.0, 1.0, 1.0, 1.0, 1.0, 1.0, 1.0]","[1.0, 1.0, 1.0, 1.0, 1.0, 1.0, 1.0, 1.0, 1.0, 1.0]","[1.0, 1.0, 1.0, 1.0, 1.0, 1.0, 1.0, 1.0, 1.0, 1.0]","[1.0, 1.0, 1.0, 1.0, 1.0, 1.0, 1.0, 1.0, 1.0, 1.0]","[1.0, 1.0, 1.0, 1.0, 1.0, 1.0, 1.0, 1.0, 1.0, 1.0]","[array([[100,   0,   0,   0],
       [  0, 133,   0,   0],
       [  0,   0,  89,   0],
       [  0,   0,   0, 134]]), array([[100,   0,   0,   0],
       [  0, 123,   0,   0],
       [  0,   0,  89,   0],
       [  0,   0,   0, 134]]), array([[101,   0,   0,   0],
       [  0, 138,   0,   0],
       [  0,   0,  89,   0],
       [  0,   0,   0, 134]]), array([[101,   0,   0,   0],
       [  0, 137,   0,   0],
       [  0,   0,  89,   0],
       [  0,   0,   0, 134]]), array([[101,   0,   0,   0],
       [  0, 131,   0,   0],
       [  0,   0,  89,   0],
       [  0,   0,   0, 135]]), array([[101,   0,   0,   0],
       [  0, 136,   0,   0],
       [  0,   0,  90,   0],
       [  0,   0,   0, 134]]), array([[101,   0,   0,   0],
       [  0, 137,   0,   0],
       [  0,   0,  89,   0],
       [  0,   0,   0, 134]]), array([[101,   0,   0,   0],
       [  0, 133,   0,   0],
       [  0,   0,  89,   0],
       [  0,   0,   0, 134]]), array([[101,   0,   0,   0],
       [  0, 134,   0,   0],
       [  0,   0,  89,   0],
       [  0,   0,   0, 134]]), array([[101,   0,   0,   0],
       [  0, 121,   0,   0],
       [  0,   0,  89,   0],
       [  0,   0,   0, 134]])]","[0.6956521739130435, 0.8260869565217391, 0.7608695652173914, 0.7608695652173914, 0.7333333333333333, 0.8444444444444444, 0.6888888888888889, 0.8444444444444444, 0.7555555555555555, 0.9111111111111111]","[0.6956521739130435, 0.8260869565217391, 0.7608695652173914, 0.7608695652173914, 0.7333333333333333, 0.8444444444444444, 0.6888888888888889, 0.8444444444444444, 0.7555555555555555, 0.9111111111111111]","[0.6956521739130435, 0.8260869565217391, 0.7608695652173914, 0.7608695652173914, 0.7333333333333333, 0.8444444444444444, 0.6888888888888889, 0.8444444444444444, 0.7555555555555555, 0.9111111111111111]","[0.6956521739130435, 0.8260869565217391, 0.7608695652173914, 0.7608695652173914, 0.7333333333333333, 0.8444444444444444, 0.6888888888888889, 0.8444444444444444, 0.7555555555555555, 0.9111111111111111]","[0.7282509157509158, 0.8333333333333333, 0.7729835523953171, 0.7690173796791444, 0.7317821067821068, 0.8479166666666667, 0.6998472116119175, 0.847549019607843, 0.75, 0.9078282828282829]","[0.7097222222222223, 0.8263888888888888, 0.7507575757575757, 0.7484848484848484, 0.7305194805194806, 0.8406565656565657, 0.678030303030303, 0.8323232323232324, 0.7462121212121211, 0.9161616161616162]","[0.6975334103283286, 0.8291478023014525, 0.7502477621483377, 0.7547123015873015, 0.7285714285714285, 0.841380188439012, 0.6787280701754386, 0.8380064745196324, 0.7471227621483376, 0.9089105339105339]","[0.7410017518713172, 0.8266908212560387, 0.7721880279425035, 0.769222273889793, 0.7375982042648709, 0.8505555555555555, 0.7062320685850098, 0.8475962236746549, 0.7555555555555555, 0.9185185185185186]","[0.6956521739130435, 0.8260869565217391, 0.7608695652173914, 0.7608695652173914, 0.7333333333333333, 0.8444444444444444, 0.6888888888888889, 0.8444444444444444, 0.7555555555555555, 0.9111111111111111]","[0.69773964692295, 0.8256809625747398, 0.755921967085511, 0.7611499309868874, 0.7330158730158729, 0.8449367625838214, 0.6874269005847953, 0.8438805346700083, 0.7547030406365445, 0.9115440115440114]","[array([[ 7,  5,  0,  0],
       [ 0,  8,  0,  1],
       [ 0,  0,  7,  3],
       [ 0,  0,  5, 10]]), array([[11,  0,  0,  1],
       [ 1,  8,  0,  0],
       [ 0,  0,  7,  3],
       [ 0,  1,  2, 12]]), array([[ 7,  4,  0,  0],
       [ 1,  9,  0,  0],
       [ 0,  0,  6,  4],
       [ 1,  0,  1, 13]]), array([[ 8,  3,  0,  0],
       [ 2,  7,  0,  1],
       [ 0,  0,  7,  3],
       [ 0,  1,  1, 13]]), array([[ 7,  3,  1,  0],
       [ 2,  8,  0,  0],
       [ 0,  0,  7,  3],
       [ 0,  0,  3, 11]]), array([[ 9,  2,  0,  0],
       [ 1,  9,  0,  0],
       [ 0,  0,  7,  2],
       [ 0,  1,  1, 13]]), array([[ 6,  4,  1,  0],
       [ 1,  6,  0,  2],
       [ 0,  0,  7,  3],
       [ 0,  0,  3, 12]]), array([[ 9,  2,  0,  0],
       [ 1,  7,  0,  1],
       [ 0,  0,  8,  2],
       [ 0,  0,  1, 14]]), array([[ 9,  2,  0,  0],
       [ 3,  6,  0,  0],
       [ 0,  0,  7,  3],
       [ 0,  0,  3, 12]]), array([[10,  1,  0,  0],
       [ 1,  8,  0,  0],
       [ 0,  0, 10,  0],
       [ 0,  0,  2, 13]])]"
25,"[1.0, 1.0, 1.0, 1.0, 1.0, 1.0, 1.0, 1.0, 1.0, 1.0]","[1.0, 1.0, 1.0, 1.0, 1.0, 1.0, 1.0, 1.0, 1.0, 1.0]","[1.0, 1.0, 1.0, 1.0, 1.0, 1.0, 1.0, 1.0, 1.0, 1.0]","[1.0, 1.0, 1.0, 1.0, 1.0, 1.0, 1.0, 1.0, 1.0, 1.0]","[1.0, 1.0, 1.0, 1.0, 1.0, 1.0, 1.0, 1.0, 1.0, 1.0]","[1.0, 1.0, 1.0, 1.0, 1.0, 1.0, 1.0, 1.0, 1.0, 1.0]","[1.0, 1.0, 1.0, 1.0, 1.0, 1.0, 1.0, 1.0, 1.0, 1.0]","[1.0, 1.0, 1.0, 1.0, 1.0, 1.0, 1.0, 1.0, 1.0, 1.0]","[1.0, 1.0, 1.0, 1.0, 1.0, 1.0, 1.0, 1.0, 1.0, 1.0]","[1.0, 1.0, 1.0, 1.0, 1.0, 1.0, 1.0, 1.0, 1.0, 1.0]","[array([[100,   0,   0,   0],
       [  0, 133,   0,   0],
       [  0,   0,  89,   0],
       [  0,   0,   0, 134]]), array([[100,   0,   0,   0],
       [  0, 123,   0,   0],
       [  0,   0,  89,   0],
       [  0,   0,   0, 134]]), array([[101,   0,   0,   0],
       [  0, 138,   0,   0],
       [  0,   0,  89,   0],
       [  0,   0,   0, 134]]), array([[101,   0,   0,   0],
       [  0, 137,   0,   0],
       [  0,   0,  89,   0],
       [  0,   0,   0, 134]]), array([[101,   0,   0,   0],
       [  0, 131,   0,   0],
       [  0,   0,  89,   0],
       [  0,   0,   0, 135]]), array([[101,   0,   0,   0],
       [  0, 136,   0,   0],
       [  0,   0,  90,   0],
       [  0,   0,   0, 134]]), array([[101,   0,   0,   0],
       [  0, 137,   0,   0],
       [  0,   0,  89,   0],
       [  0,   0,   0, 134]]), array([[101,   0,   0,   0],
       [  0, 133,   0,   0],
       [  0,   0,  89,   0],
       [  0,   0,   0, 134]]), array([[101,   0,   0,   0],
       [  0, 134,   0,   0],
       [  0,   0,  89,   0],
       [  0,   0,   0, 134]]), array([[101,   0,   0,   0],
       [  0, 121,   0,   0],
       [  0,   0,  89,   0],
       [  0,   0,   0, 134]])]","[0.7608695652173914, 0.782608695652174, 0.717391304347826, 0.782608695652174, 0.7555555555555555, 0.8444444444444444, 0.7555555555555555, 0.8222222222222222, 0.7555555555555555, 0.9333333333333333]","[0.7608695652173914, 0.782608695652174, 0.717391304347826, 0.782608695652174, 0.7555555555555555, 0.8444444444444444, 0.7555555555555555, 0.8222222222222222, 0.7555555555555555, 0.9333333333333333]","[0.7608695652173914, 0.782608695652174, 0.717391304347826, 0.782608695652174, 0.7555555555555555, 0.8444444444444444, 0.7555555555555555, 0.8222222222222222, 0.7555555555555555, 0.9333333333333333]","[0.7608695652173914, 0.782608695652174, 0.717391304347826, 0.782608695652174, 0.7555555555555555, 0.8444444444444444, 0.7555555555555555, 0.8222222222222222, 0.7555555555555555, 0.9333333333333333]","[0.7744047619047619, 0.7887626262626263, 0.7404970760233918, 0.8035353535353535, 0.7617694805194805, 0.8479166666666667, 0.7587301587301587, 0.8201500297088533, 0.7445887445887446, 0.9375]","[0.7722222222222223, 0.7847222222222221, 0.7007575757575758, 0.7651515151515151, 0.7555194805194805, 0.8406565656565657, 0.7363636363636363, 0.8045454545454547, 0.7484848484848485, 0.9388888888888889]","[0.7693037452565583, 0.7823043679580182, 0.7042446524064171, 0.7751464222052458, 0.7518512189564821, 0.841380188439012, 0.7366826156299842, 0.8102923585702224, 0.7458575906851769, 0.933840136845252]","[0.7771221532091097, 0.7907224418093984, 0.7351894228324435, 0.8006587615283267, 0.7664141414141413, 0.8505555555555555, 0.7665608465608466, 0.8220406681190996, 0.7584415584415584, 0.9425925925925925]","[0.7608695652173914, 0.782608695652174, 0.717391304347826, 0.782608695652174, 0.7555555555555555, 0.8444444444444444, 0.7555555555555555, 0.8222222222222222, 0.7555555555555555, 0.9333333333333333]","[0.7651413527685919, 0.7825979586221707, 0.7107242501743779, 0.7828301280986701, 0.7545277334751018, 0.8449367625838214, 0.7498848130427078, 0.8199776401788786, 0.7562853493887978, 0.9335957307824316]","[array([[10,  2,  0,  0],
       [ 0,  8,  0,  1],
       [ 0,  0,  7,  3],
       [ 0,  0,  5, 10]]), array([[ 9,  2,  0,  1],
       [ 1,  8,  0,  0],
       [ 0,  0,  7,  3],
       [ 0,  1,  2, 12]]), array([[ 7,  4,  0,  0],
       [ 1,  8,  0,  1],
       [ 0,  0,  5,  5],
       [ 1,  0,  1, 13]]), array([[ 8,  3,  0,  0],
       [ 2,  7,  0,  1],
       [ 0,  0,  7,  3],
       [ 0,  1,  0, 14]]), array([[ 7,  3,  1,  0],
       [ 1,  9,  0,  0],
       [ 0,  0,  7,  3],
       [ 0,  0,  3, 11]]), array([[ 9,  2,  0,  0],
       [ 1,  9,  0,  0],
       [ 0,  0,  7,  2],
       [ 0,  1,  1, 13]]), array([[ 6,  4,  1,  0],
       [ 1,  6,  0,  2],
       [ 0,  0,  8,  2],
       [ 0,  0,  1, 14]]), array([[ 9,  2,  0,  0],
       [ 2,  6,  0,  1],
       [ 0,  0,  8,  2],
       [ 0,  0,  1, 14]]), array([[ 8,  3,  0,  0],
       [ 3,  6,  0,  0],
       [ 0,  0,  8,  2],
       [ 0,  0,  3, 12]]), array([[11,  0,  0,  0],
       [ 1,  8,  0,  0],
       [ 0,  0, 10,  0],
       [ 0,  0,  2, 13]])]"
26,"[1.0, 1.0, 1.0, 1.0, 1.0, 1.0, 1.0, 1.0, 1.0, 1.0]","[1.0, 1.0, 1.0, 1.0, 1.0, 1.0, 1.0, 1.0, 1.0, 1.0]","[1.0, 1.0, 1.0, 1.0, 1.0, 1.0, 1.0, 1.0, 1.0, 1.0]","[1.0, 1.0, 1.0, 1.0, 1.0, 1.0, 1.0, 1.0, 1.0, 1.0]","[1.0, 1.0, 1.0, 1.0, 1.0, 1.0, 1.0, 1.0, 1.0, 1.0]","[1.0, 1.0, 1.0, 1.0, 1.0, 1.0, 1.0, 1.0, 1.0, 1.0]","[1.0, 1.0, 1.0, 1.0, 1.0, 1.0, 1.0, 1.0, 1.0, 1.0]","[1.0, 1.0, 1.0, 1.0, 1.0, 1.0, 1.0, 1.0, 1.0, 1.0]","[1.0, 1.0, 1.0, 1.0, 1.0, 1.0, 1.0, 1.0, 1.0, 1.0]","[1.0, 1.0, 1.0, 1.0, 1.0, 1.0, 1.0, 1.0, 1.0, 1.0]","[array([[100,   0,   0,   0],
       [  0, 133,   0,   0],
       [  0,   0,  89,   0],
       [  0,   0,   0, 134]]), array([[100,   0,   0,   0],
       [  0, 123,   0,   0],
       [  0,   0,  89,   0],
       [  0,   0,   0, 134]]), array([[101,   0,   0,   0],
       [  0, 138,   0,   0],
       [  0,   0,  89,   0],
       [  0,   0,   0, 134]]), array([[101,   0,   0,   0],
       [  0, 137,   0,   0],
       [  0,   0,  89,   0],
       [  0,   0,   0, 134]]), array([[101,   0,   0,   0],
       [  0, 131,   0,   0],
       [  0,   0,  89,   0],
       [  0,   0,   0, 135]]), array([[101,   0,   0,   0],
       [  0, 136,   0,   0],
       [  0,   0,  90,   0],
       [  0,   0,   0, 134]]), array([[101,   0,   0,   0],
       [  0, 137,   0,   0],
       [  0,   0,  89,   0],
       [  0,   0,   0, 134]]), array([[101,   0,   0,   0],
       [  0, 133,   0,   0],
       [  0,   0,  89,   0],
       [  0,   0,   0, 134]]), array([[101,   0,   0,   0],
       [  0, 134,   0,   0],
       [  0,   0,  89,   0],
       [  0,   0,   0, 134]]), array([[101,   0,   0,   0],
       [  0, 121,   0,   0],
       [  0,   0,  89,   0],
       [  0,   0,   0, 134]])]","[0.717391304347826, 0.8043478260869565, 0.7391304347826086, 0.7608695652173914, 0.7333333333333333, 0.8222222222222222, 0.6444444444444445, 0.8, 0.7555555555555555, 0.8888888888888888]","[0.717391304347826, 0.8043478260869565, 0.7391304347826086, 0.7608695652173914, 0.7333333333333333, 0.8222222222222222, 0.6444444444444445, 0.8, 0.7555555555555555, 0.8888888888888888]","[0.717391304347826, 0.8043478260869565, 0.7391304347826086, 0.7608695652173914, 0.7333333333333333, 0.8222222222222222, 0.6444444444444445, 0.8, 0.7555555555555555, 0.8888888888888888]","[0.717391304347826, 0.8043478260869565, 0.7391304347826086, 0.7608695652173914, 0.7333333333333333, 0.8222222222222222, 0.6444444444444445, 0.8, 0.7555555555555555, 0.8888888888888888]","[0.7410714285714286, 0.8106209150326797, 0.7712128879892037, 0.766729797979798, 0.7317821067821068, 0.8307158119658119, 0.66504329004329, 0.7947712418300654, 0.75, 0.9022727272727273]","[0.7305555555555555, 0.8013888888888888, 0.7257575757575757, 0.7424242424242424, 0.7305194805194806, 0.817929292929293, 0.6446969696969697, 0.781818181818182, 0.7512626262626263, 0.8883838383838384]","[0.7219808926705479, 0.8024072966507177, 0.7272891708170682, 0.7482323232323232, 0.7285714285714285, 0.8182011935208867, 0.6428571428571428, 0.7864191729323308, 0.7496867167919798, 0.8899621212121213]","[0.7510351966873706, 0.8097470872406933, 0.7640123511118935, 0.7681708388230126, 0.7375982042648709, 0.8350189933523267, 0.6731601731601731, 0.8009295570079884, 0.7577777777777778, 0.8962962962962964]","[0.717391304347826, 0.8043478260869565, 0.7391304347826086, 0.7608695652173914, 0.7333333333333333, 0.8222222222222222, 0.6444444444444445, 0.8, 0.7555555555555555, 0.8888888888888888]","[0.7209914523257852, 0.8033271791137924, 0.7315638771676215, 0.7580808080808081, 0.7330158730158729, 0.8230633702756466, 0.6476190476190475, 0.7983778891673627, 0.7558340295182401, 0.8881313131313132]","[array([[ 8,  4,  0,  0],
       [ 0,  8,  0,  1],
       [ 0,  0,  7,  3],
       [ 0,  0,  5, 10]]), array([[ 9,  2,  0,  1],
       [ 1,  8,  0,  0],
       [ 0,  0,  7,  3],
       [ 0,  0,  2, 13]]), array([[ 7,  4,  0,  0],
       [ 0,  9,  0,  1],
       [ 0,  0,  5,  5],
       [ 1,  0,  1, 13]]), array([[ 7,  3,  1,  0],
       [ 2,  7,  0,  1],
       [ 0,  0,  7,  3],
       [ 0,  1,  0, 14]]), array([[ 7,  3,  1,  0],
       [ 2,  8,  0,  0],
       [ 0,  0,  7,  3],
       [ 0,  0,  3, 11]]), array([[ 8,  3,  0,  0],
       [ 1,  9,  0,  0],
       [ 0,  0,  7,  2],
       [ 0,  1,  1, 13]]), array([[ 6,  4,  1,  0],
       [ 1,  6,  0,  2],
       [ 0,  0,  7,  3],
       [ 0,  2,  3, 10]]), array([[ 8,  3,  0,  0],
       [ 2,  6,  0,  1],
       [ 0,  0,  8,  2],
       [ 0,  0,  1, 14]]), array([[ 8,  3,  0,  0],
       [ 2,  7,  0,  0],
       [ 0,  0,  7,  3],
       [ 0,  0,  3, 12]]), array([[10,  0,  0,  1],
       [ 1,  7,  0,  1],
       [ 0,  0, 10,  0],
       [ 0,  0,  2, 13]])]"
27,"[1.0, 1.0, 1.0, 1.0, 1.0, 1.0, 1.0, 1.0, 1.0, 1.0]","[1.0, 1.0, 1.0, 1.0, 1.0, 1.0, 1.0, 1.0, 1.0, 1.0]","[1.0, 1.0, 1.0, 1.0, 1.0, 1.0, 1.0, 1.0, 1.0, 1.0]","[1.0, 1.0, 1.0, 1.0, 1.0, 1.0, 1.0, 1.0, 1.0, 1.0]","[1.0, 1.0, 1.0, 1.0, 1.0, 1.0, 1.0, 1.0, 1.0, 1.0]","[1.0, 1.0, 1.0, 1.0, 1.0, 1.0, 1.0, 1.0, 1.0, 1.0]","[1.0, 1.0, 1.0, 1.0, 1.0, 1.0, 1.0, 1.0, 1.0, 1.0]","[1.0, 1.0, 1.0, 1.0, 1.0, 1.0, 1.0, 1.0, 1.0, 1.0]","[1.0, 1.0, 1.0, 1.0, 1.0, 1.0, 1.0, 1.0, 1.0, 1.0]","[1.0, 1.0, 1.0, 1.0, 1.0, 1.0, 1.0, 1.0, 1.0, 1.0]","[array([[100,   0,   0,   0],
       [  0, 133,   0,   0],
       [  0,   0,  89,   0],
       [  0,   0,   0, 134]]), array([[100,   0,   0,   0],
       [  0, 123,   0,   0],
       [  0,   0,  89,   0],
       [  0,   0,   0, 134]]), array([[101,   0,   0,   0],
       [  0, 138,   0,   0],
       [  0,   0,  89,   0],
       [  0,   0,   0, 134]]), array([[101,   0,   0,   0],
       [  0, 137,   0,   0],
       [  0,   0,  89,   0],
       [  0,   0,   0, 134]]), array([[101,   0,   0,   0],
       [  0, 131,   0,   0],
       [  0,   0,  89,   0],
       [  0,   0,   0, 135]]), array([[101,   0,   0,   0],
       [  0, 136,   0,   0],
       [  0,   0,  90,   0],
       [  0,   0,   0, 134]]), array([[101,   0,   0,   0],
       [  0, 137,   0,   0],
       [  0,   0,  89,   0],
       [  0,   0,   0, 134]]), array([[101,   0,   0,   0],
       [  0, 133,   0,   0],
       [  0,   0,  89,   0],
       [  0,   0,   0, 134]]), array([[101,   0,   0,   0],
       [  0, 134,   0,   0],
       [  0,   0,  89,   0],
       [  0,   0,   0, 134]]), array([[101,   0,   0,   0],
       [  0, 121,   0,   0],
       [  0,   0,  89,   0],
       [  0,   0,   0, 134]])]","[0.6956521739130435, 0.7608695652173914, 0.717391304347826, 0.7391304347826086, 0.7555555555555555, 0.8444444444444444, 0.7333333333333333, 0.8222222222222222, 0.7555555555555555, 0.8888888888888888]","[0.6956521739130435, 0.7608695652173914, 0.717391304347826, 0.7391304347826086, 0.7555555555555555, 0.8444444444444444, 0.7333333333333333, 0.8222222222222222, 0.7555555555555555, 0.8888888888888888]","[0.6956521739130435, 0.7608695652173914, 0.717391304347826, 0.7391304347826086, 0.7555555555555555, 0.8444444444444444, 0.7333333333333333, 0.8222222222222222, 0.7555555555555555, 0.8888888888888888]","[0.6956521739130435, 0.7608695652173914, 0.717391304347826, 0.7391304347826086, 0.7555555555555555, 0.8444444444444444, 0.7333333333333333, 0.8222222222222222, 0.7555555555555555, 0.8888888888888888]","[0.7282509157509158, 0.7708333333333333, 0.7543859649122807, 0.7520315941368573, 0.7555555555555555, 0.8496642246642248, 0.7429406850459482, 0.8201500297088533, 0.7445887445887446, 0.9022727272727273]","[0.7097222222222223, 0.7638888888888888, 0.703030303030303, 0.7174242424242425, 0.7483766233766235, 0.8457070707070707, 0.7113636363636363, 0.8045454545454547, 0.7484848484848485, 0.8883838383838384]","[0.6975334103283286, 0.7587112943649446, 0.7015931372549019, 0.7240196078431373, 0.7479252598581092, 0.8420123271697485, 0.7146542827657378, 0.8102923585702224, 0.7458575906851769, 0.8899621212121213]","[0.7410017518713172, 0.7759661835748792, 0.7489920453307181, 0.7509402623819099, 0.76, 0.8584316917650251, 0.7479773507843684, 0.8220406681190996, 0.7584415584415584, 0.8962962962962964]","[0.6956521739130435, 0.7608695652173914, 0.717391304347826, 0.7391304347826086, 0.7555555555555555, 0.8444444444444444, 0.7333333333333333, 0.8222222222222222, 0.7555555555555555, 0.8888888888888888]","[0.69773964692295, 0.760463571270392, 0.7076939471440749, 0.7343137254901961, 0.7539412271535683, 0.8460969515242379, 0.7275312464166954, 0.8199776401788786, 0.7562853493887978, 0.8881313131313132]","[array([[ 7,  5,  0,  0],
       [ 0,  8,  0,  1],
       [ 0,  0,  7,  3],
       [ 0,  0,  5, 10]]), array([[ 8,  3,  0,  1],
       [ 1,  8,  0,  0],
       [ 0,  0,  7,  3],
       [ 0,  1,  2, 12]]), array([[ 6,  5,  0,  0],
       [ 0,  9,  0,  1],
       [ 0,  0,  5,  5],
       [ 1,  0,  1, 13]]), array([[ 7,  3,  1,  0],
       [ 2,  7,  0,  1],
       [ 0,  0,  6,  4],
       [ 0,  1,  0, 14]]), array([[ 7,  4,  0,  0],
       [ 2,  8,  0,  0],
       [ 0,  0,  7,  3],
       [ 0,  0,  2, 12]]), array([[ 8,  3,  0,  0],
       [ 1,  9,  0,  0],
       [ 0,  0,  8,  1],
       [ 0,  1,  1, 13]]), array([[ 6,  4,  1,  0],
       [ 1,  6,  0,  2],
       [ 0,  0,  7,  3],
       [ 0,  0,  1, 14]]), array([[ 9,  2,  0,  0],
       [ 2,  6,  0,  1],
       [ 0,  0,  8,  2],
       [ 0,  0,  1, 14]]), array([[ 8,  3,  0,  0],
       [ 3,  6,  0,  0],
       [ 0,  0,  8,  2],
       [ 0,  0,  3, 12]]), array([[10,  0,  0,  1],
       [ 1,  7,  0,  1],
       [ 0,  0, 10,  0],
       [ 0,  0,  2, 13]])]"
28,"[1.0, 1.0, 1.0, 1.0, 1.0, 1.0, 1.0, 1.0, 1.0, 1.0]","[1.0, 1.0, 1.0, 1.0, 1.0, 1.0, 1.0, 1.0, 1.0, 1.0]","[1.0, 1.0, 1.0, 1.0, 1.0, 1.0, 1.0, 1.0, 1.0, 1.0]","[1.0, 1.0, 1.0, 1.0, 1.0, 1.0, 1.0, 1.0, 1.0, 1.0]","[1.0, 1.0, 1.0, 1.0, 1.0, 1.0, 1.0, 1.0, 1.0, 1.0]","[1.0, 1.0, 1.0, 1.0, 1.0, 1.0, 1.0, 1.0, 1.0, 1.0]","[1.0, 1.0, 1.0, 1.0, 1.0, 1.0, 1.0, 1.0, 1.0, 1.0]","[1.0, 1.0, 1.0, 1.0, 1.0, 1.0, 1.0, 1.0, 1.0, 1.0]","[1.0, 1.0, 1.0, 1.0, 1.0, 1.0, 1.0, 1.0, 1.0, 1.0]","[1.0, 1.0, 1.0, 1.0, 1.0, 1.0, 1.0, 1.0, 1.0, 1.0]","[array([[100,   0,   0,   0],
       [  0, 133,   0,   0],
       [  0,   0,  89,   0],
       [  0,   0,   0, 134]]), array([[100,   0,   0,   0],
       [  0, 123,   0,   0],
       [  0,   0,  89,   0],
       [  0,   0,   0, 134]]), array([[101,   0,   0,   0],
       [  0, 138,   0,   0],
       [  0,   0,  89,   0],
       [  0,   0,   0, 134]]), array([[101,   0,   0,   0],
       [  0, 137,   0,   0],
       [  0,   0,  89,   0],
       [  0,   0,   0, 134]]), array([[101,   0,   0,   0],
       [  0, 131,   0,   0],
       [  0,   0,  89,   0],
       [  0,   0,   0, 135]]), array([[101,   0,   0,   0],
       [  0, 136,   0,   0],
       [  0,   0,  90,   0],
       [  0,   0,   0, 134]]), array([[101,   0,   0,   0],
       [  0, 137,   0,   0],
       [  0,   0,  89,   0],
       [  0,   0,   0, 134]]), array([[101,   0,   0,   0],
       [  0, 133,   0,   0],
       [  0,   0,  89,   0],
       [  0,   0,   0, 134]]), array([[101,   0,   0,   0],
       [  0, 134,   0,   0],
       [  0,   0,  89,   0],
       [  0,   0,   0, 134]]), array([[101,   0,   0,   0],
       [  0, 121,   0,   0],
       [  0,   0,  89,   0],
       [  0,   0,   0, 134]])]","[0.717391304347826, 0.782608695652174, 0.7608695652173914, 0.7608695652173914, 0.7777777777777778, 0.8, 0.7111111111111111, 0.8444444444444444, 0.7333333333333333, 0.8666666666666667]","[0.717391304347826, 0.782608695652174, 0.7608695652173914, 0.7608695652173914, 0.7777777777777778, 0.8, 0.7111111111111111, 0.8444444444444444, 0.7333333333333333, 0.8666666666666667]","[0.717391304347826, 0.782608695652174, 0.7608695652173914, 0.7608695652173914, 0.7777777777777778, 0.8, 0.7111111111111111, 0.8444444444444444, 0.7333333333333333, 0.8666666666666667]","[0.717391304347826, 0.782608695652174, 0.7608695652173914, 0.7608695652173914, 0.7777777777777778, 0.8, 0.7111111111111111, 0.8444444444444444, 0.7333333333333333, 0.8666666666666667]","[0.7410714285714286, 0.7888888888888888, 0.7862103174603176, 0.766729797979798, 0.7862713675213675, 0.8020833333333334, 0.7473039215686275, 0.847549019607843, 0.7211038961038961, 0.8864583333333333]","[0.7305555555555555, 0.7888888888888888, 0.7507575757575757, 0.7424242424242424, 0.7733766233766234, 0.7929292929292929, 0.7058080808080807, 0.8323232323232324, 0.7257575757575758, 0.8656565656565657]","[0.7219808926705479, 0.7809523809523808, 0.7457635566188199, 0.7482323232323232, 0.7709697782687603, 0.7948433919022154, 0.7056372549019607, 0.8380064745196324, 0.7219341457091003, 0.8699858609132803]","[0.7510351966873706, 0.7971014492753623, 0.7811853002070394, 0.7681708388230126, 0.7894634377967711, 0.8075925925925926, 0.7519607843137256, 0.8475962236746549, 0.7384415584415585, 0.8760185185185185]","[0.717391304347826, 0.782608695652174, 0.7608695652173914, 0.7608695652173914, 0.7777777777777778, 0.8, 0.7111111111111111, 0.8444444444444444, 0.7333333333333333, 0.8666666666666667]","[0.7209914523257852, 0.782608695652174, 0.7501473545523889, 0.7580808080808081, 0.775243956968884, 0.801454319101378, 0.711437908496732, 0.8438805346700083, 0.7344529907143338, 0.8661139040171298]","[array([[ 8,  4,  0,  0],
       [ 0,  8,  0,  1],
       [ 0,  0,  7,  3],
       [ 0,  0,  5, 10]]), array([[ 8,  3,  0,  1],
       [ 1,  8,  0,  0],
       [ 0,  0,  8,  2],
       [ 0,  1,  2, 12]]), array([[ 7,  4,  0,  0],
       [ 0, 10,  0,  0],
       [ 0,  0,  5,  5],
       [ 1,  0,  1, 13]]), array([[ 7,  3,  1,  0],
       [ 2,  7,  0,  1],
       [ 0,  0,  7,  3],
       [ 0,  1,  0, 14]]), array([[ 7,  4,  0,  0],
       [ 1,  9,  0,  0],
       [ 0,  0,  7,  3],
       [ 0,  0,  2, 12]]), array([[ 8,  3,  0,  0],
       [ 2,  8,  0,  0],
       [ 0,  0,  7,  2],
       [ 0,  1,  1, 13]]), array([[ 6,  4,  1,  0],
       [ 0,  7,  0,  2],
       [ 0,  0,  7,  3],
       [ 0,  1,  2, 12]]), array([[ 9,  2,  0,  0],
       [ 1,  7,  0,  1],
       [ 0,  0,  8,  2],
       [ 0,  0,  1, 14]]), array([[ 7,  4,  0,  0],
       [ 3,  6,  0,  0],
       [ 0,  0,  8,  2],
       [ 0,  0,  3, 12]]), array([[ 9,  0,  0,  2],
       [ 1,  7,  0,  1],
       [ 0,  0, 10,  0],
       [ 0,  0,  2, 13]])]"
29,"[1.0, 1.0, 1.0, 1.0, 1.0, 1.0, 1.0, 1.0, 1.0, 1.0]","[1.0, 1.0, 1.0, 1.0, 1.0, 1.0, 1.0, 1.0, 1.0, 1.0]","[1.0, 1.0, 1.0, 1.0, 1.0, 1.0, 1.0, 1.0, 1.0, 1.0]","[1.0, 1.0, 1.0, 1.0, 1.0, 1.0, 1.0, 1.0, 1.0, 1.0]","[1.0, 1.0, 1.0, 1.0, 1.0, 1.0, 1.0, 1.0, 1.0, 1.0]","[1.0, 1.0, 1.0, 1.0, 1.0, 1.0, 1.0, 1.0, 1.0, 1.0]","[1.0, 1.0, 1.0, 1.0, 1.0, 1.0, 1.0, 1.0, 1.0, 1.0]","[1.0, 1.0, 1.0, 1.0, 1.0, 1.0, 1.0, 1.0, 1.0, 1.0]","[1.0, 1.0, 1.0, 1.0, 1.0, 1.0, 1.0, 1.0, 1.0, 1.0]","[1.0, 1.0, 1.0, 1.0, 1.0, 1.0, 1.0, 1.0, 1.0, 1.0]","[array([[100,   0,   0,   0],
       [  0, 133,   0,   0],
       [  0,   0,  89,   0],
       [  0,   0,   0, 134]]), array([[100,   0,   0,   0],
       [  0, 123,   0,   0],
       [  0,   0,  89,   0],
       [  0,   0,   0, 134]]), array([[101,   0,   0,   0],
       [  0, 138,   0,   0],
       [  0,   0,  89,   0],
       [  0,   0,   0, 134]]), array([[101,   0,   0,   0],
       [  0, 137,   0,   0],
       [  0,   0,  89,   0],
       [  0,   0,   0, 134]]), array([[101,   0,   0,   0],
       [  0, 131,   0,   0],
       [  0,   0,  89,   0],
       [  0,   0,   0, 135]]), array([[101,   0,   0,   0],
       [  0, 136,   0,   0],
       [  0,   0,  90,   0],
       [  0,   0,   0, 134]]), array([[101,   0,   0,   0],
       [  0, 137,   0,   0],
       [  0,   0,  89,   0],
       [  0,   0,   0, 134]]), array([[101,   0,   0,   0],
       [  0, 133,   0,   0],
       [  0,   0,  89,   0],
       [  0,   0,   0, 134]]), array([[101,   0,   0,   0],
       [  0, 134,   0,   0],
       [  0,   0,  89,   0],
       [  0,   0,   0, 134]]), array([[101,   0,   0,   0],
       [  0, 121,   0,   0],
       [  0,   0,  89,   0],
       [  0,   0,   0, 134]])]","[0.7608695652173914, 0.782608695652174, 0.717391304347826, 0.7608695652173914, 0.8, 0.8444444444444444, 0.6888888888888889, 0.8444444444444444, 0.7555555555555555, 0.8222222222222222]","[0.7608695652173914, 0.782608695652174, 0.717391304347826, 0.7608695652173914, 0.8, 0.8444444444444444, 0.6888888888888889, 0.8444444444444444, 0.7555555555555555, 0.8222222222222222]","[0.7608695652173914, 0.782608695652174, 0.717391304347826, 0.7608695652173914, 0.8, 0.8444444444444444, 0.6888888888888889, 0.8444444444444444, 0.7555555555555555, 0.8222222222222222]","[0.7608695652173914, 0.782608695652174, 0.717391304347826, 0.7608695652173914, 0.8, 0.8444444444444444, 0.6888888888888889, 0.8444444444444444, 0.7555555555555555, 0.8222222222222222]","[0.7641414141414141, 0.7888888888888888, 0.7371031746031746, 0.766729797979798, 0.8041666666666667, 0.8479166666666667, 0.7314903846153846, 0.847549019607843, 0.7445887445887446, 0.8257440476190476]","[0.7611111111111111, 0.7888888888888888, 0.703030303030303, 0.7424242424242424, 0.7961038961038961, 0.8406565656565657, 0.689141414141414, 0.8323232323232324, 0.7484848484848485, 0.8151515151515152]","[0.7618357487922706, 0.7809523809523808, 0.6986144338118023, 0.7482323232323232, 0.7956525325853819, 0.841380188439012, 0.6879808521649129, 0.8380064745196324, 0.7458575906851769, 0.8149263371037565]","[0.7667984189723319, 0.7971014492753623, 0.7357660455486542, 0.7681708388230126, 0.8056790123456791, 0.8505555555555555, 0.7368589743589744, 0.8475962236746549, 0.7584415584415584, 0.8230026455026456]","[0.7608695652173914, 0.782608695652174, 0.717391304347826, 0.7608695652173914, 0.8, 0.8444444444444444, 0.6888888888888889, 0.8444444444444444, 0.7555555555555555, 0.8222222222222222]","[0.7630749842470069, 0.782608695652174, 0.7068597878094446, 0.7580808080808081, 0.7985876918000331, 0.8449367625838214, 0.6919364422210723, 0.8438805346700083, 0.7562853493887978, 0.8178334807367065]","[array([[10,  2,  0,  0],
       [ 1,  7,  0,  1],
       [ 0,  0,  7,  3],
       [ 0,  0,  4, 11]]), array([[ 8,  3,  0,  1],
       [ 1,  8,  0,  0],
       [ 0,  0,  8,  2],
       [ 0,  1,  2, 12]]), array([[ 6,  5,  0,  0],
       [ 1,  9,  0,  0],
       [ 0,  0,  5,  5],
       [ 1,  0,  1, 13]]), array([[ 7,  3,  1,  0],
       [ 2,  7,  0,  1],
       [ 0,  0,  7,  3],
       [ 0,  1,  0, 14]]), array([[ 8,  3,  0,  0],
       [ 1,  9,  0,  0],
       [ 0,  0,  7,  3],
       [ 0,  0,  2, 12]]), array([[ 9,  2,  0,  0],
       [ 1,  9,  0,  0],
       [ 0,  0,  7,  2],
       [ 0,  1,  1, 13]]), array([[ 6,  4,  1,  0],
       [ 0,  7,  0,  2],
       [ 0,  0,  7,  3],
       [ 0,  2,  2, 11]]), array([[ 9,  2,  0,  0],
       [ 1,  7,  0,  1],
       [ 0,  0,  8,  2],
       [ 0,  0,  1, 14]]), array([[ 8,  3,  0,  0],
       [ 3,  6,  0,  0],
       [ 0,  0,  8,  2],
       [ 0,  0,  3, 12]]), array([[ 8,  1,  0,  2],
       [ 2,  6,  0,  1],
       [ 0,  0, 10,  0],
       [ 0,  0,  2, 13]])]"
30,"[1.0, 1.0, 1.0, 1.0, 1.0, 1.0, 1.0, 1.0, 1.0, 1.0]","[1.0, 1.0, 1.0, 1.0, 1.0, 1.0, 1.0, 1.0, 1.0, 1.0]","[1.0, 1.0, 1.0, 1.0, 1.0, 1.0, 1.0, 1.0, 1.0, 1.0]","[1.0, 1.0, 1.0, 1.0, 1.0, 1.0, 1.0, 1.0, 1.0, 1.0]","[1.0, 1.0, 1.0, 1.0, 1.0, 1.0, 1.0, 1.0, 1.0, 1.0]","[1.0, 1.0, 1.0, 1.0, 1.0, 1.0, 1.0, 1.0, 1.0, 1.0]","[1.0, 1.0, 1.0, 1.0, 1.0, 1.0, 1.0, 1.0, 1.0, 1.0]","[1.0, 1.0, 1.0, 1.0, 1.0, 1.0, 1.0, 1.0, 1.0, 1.0]","[1.0, 1.0, 1.0, 1.0, 1.0, 1.0, 1.0, 1.0, 1.0, 1.0]","[1.0, 1.0, 1.0, 1.0, 1.0, 1.0, 1.0, 1.0, 1.0, 1.0]","[array([[100,   0,   0,   0],
       [  0, 133,   0,   0],
       [  0,   0,  89,   0],
       [  0,   0,   0, 134]]), array([[100,   0,   0,   0],
       [  0, 123,   0,   0],
       [  0,   0,  89,   0],
       [  0,   0,   0, 134]]), array([[101,   0,   0,   0],
       [  0, 138,   0,   0],
       [  0,   0,  89,   0],
       [  0,   0,   0, 134]]), array([[101,   0,   0,   0],
       [  0, 137,   0,   0],
       [  0,   0,  89,   0],
       [  0,   0,   0, 134]]), array([[101,   0,   0,   0],
       [  0, 131,   0,   0],
       [  0,   0,  89,   0],
       [  0,   0,   0, 135]]), array([[101,   0,   0,   0],
       [  0, 136,   0,   0],
       [  0,   0,  90,   0],
       [  0,   0,   0, 134]]), array([[101,   0,   0,   0],
       [  0, 137,   0,   0],
       [  0,   0,  89,   0],
       [  0,   0,   0, 134]]), array([[101,   0,   0,   0],
       [  0, 133,   0,   0],
       [  0,   0,  89,   0],
       [  0,   0,   0, 134]]), array([[101,   0,   0,   0],
       [  0, 134,   0,   0],
       [  0,   0,  89,   0],
       [  0,   0,   0, 134]]), array([[101,   0,   0,   0],
       [  0, 121,   0,   0],
       [  0,   0,  89,   0],
       [  0,   0,   0, 134]])]","[0.717391304347826, 0.8043478260869565, 0.7608695652173914, 0.7608695652173914, 0.7777777777777778, 0.8444444444444444, 0.7333333333333333, 0.8222222222222222, 0.7777777777777778, 0.8666666666666667]","[0.717391304347826, 0.8043478260869565, 0.7608695652173914, 0.7608695652173914, 0.7777777777777778, 0.8444444444444444, 0.7333333333333333, 0.8222222222222222, 0.7777777777777778, 0.8666666666666667]","[0.717391304347826, 0.8043478260869565, 0.7608695652173914, 0.7608695652173914, 0.7777777777777778, 0.8444444444444444, 0.7333333333333333, 0.8222222222222222, 0.7777777777777778, 0.8666666666666667]","[0.717391304347826, 0.8043478260869565, 0.7608695652173914, 0.7608695652173914, 0.7777777777777778, 0.8444444444444444, 0.7333333333333333, 0.8222222222222222, 0.7777777777777778, 0.8666666666666667]","[0.7410714285714286, 0.802114898989899, 0.7862103174603176, 0.766729797979798, 0.7762626262626262, 0.8479166666666667, 0.7708333333333334, 0.8201500297088533, 0.7711038961038962, 0.8864583333333333]","[0.7305555555555555, 0.798611111111111, 0.7507575757575757, 0.7424242424242424, 0.7711038961038962, 0.8406565656565657, 0.7224747474747474, 0.8045454545454547, 0.7762626262626262, 0.8656565656565657]","[0.7219808926705479, 0.7997740377123267, 0.7457635566188199, 0.7482323232323232, 0.7720594589923083, 0.841380188439012, 0.7243174781874473, 0.8102923585702224, 0.7720594589923083, 0.8699858609132803]","[0.7510351966873706, 0.8044713438735178, 0.7811853002070394, 0.7681708388230126, 0.7789001122334456, 0.8505555555555555, 0.7746913580246915, 0.8220406681190996, 0.7828860028860029, 0.8760185185185185]","[0.717391304347826, 0.8043478260869565, 0.7608695652173914, 0.7608695652173914, 0.7777777777777778, 0.8444444444444444, 0.7333333333333333, 0.8222222222222222, 0.7777777777777778, 0.8666666666666667]","[0.7209914523257852, 0.8037380328068785, 0.7501473545523889, 0.7580808080808081, 0.776769509981851, 0.8449367625838214, 0.7322513056259186, 0.8199776401788786, 0.7787860455737043, 0.8661139040171298]","[array([[ 8,  4,  0,  0],
       [ 0,  8,  0,  1],
       [ 0,  0,  7,  3],
       [ 0,  0,  5, 10]]), array([[ 9,  2,  0,  1],
       [ 2,  7,  0,  0],
       [ 0,  0,  8,  2],
       [ 0,  0,  2, 13]]), array([[ 7,  4,  0,  0],
       [ 0, 10,  0,  0],
       [ 0,  0,  5,  5],
       [ 1,  0,  1, 13]]), array([[ 7,  3,  1,  0],
       [ 2,  7,  0,  1],
       [ 0,  0,  7,  3],
       [ 0,  1,  0, 14]]), array([[ 8,  3,  0,  0],
       [ 2,  8,  0,  0],
       [ 0,  0,  7,  3],
       [ 0,  0,  2, 12]]), array([[ 9,  2,  0,  0],
       [ 1,  9,  0,  0],
       [ 0,  0,  7,  2],
       [ 0,  1,  1, 13]]), array([[ 6,  4,  1,  0],
       [ 0,  7,  0,  2],
       [ 0,  0,  7,  3],
       [ 0,  1,  1, 13]]), array([[ 9,  2,  0,  0],
       [ 2,  6,  0,  1],
       [ 0,  0,  8,  2],
       [ 0,  0,  1, 14]]), array([[ 8,  3,  0,  0],
       [ 2,  7,  0,  0],
       [ 0,  0,  8,  2],
       [ 0,  0,  3, 12]]), array([[ 9,  0,  0,  2],
       [ 1,  7,  0,  1],
       [ 0,  0, 10,  0],
       [ 0,  0,  2, 13]])]"
31,"[1.0, 1.0, 1.0, 1.0, 1.0, 1.0, 1.0, 1.0, 1.0, 1.0]","[1.0, 1.0, 1.0, 1.0, 1.0, 1.0, 1.0, 1.0, 1.0, 1.0]","[1.0, 1.0, 1.0, 1.0, 1.0, 1.0, 1.0, 1.0, 1.0, 1.0]","[1.0, 1.0, 1.0, 1.0, 1.0, 1.0, 1.0, 1.0, 1.0, 1.0]","[1.0, 1.0, 1.0, 1.0, 1.0, 1.0, 1.0, 1.0, 1.0, 1.0]","[1.0, 1.0, 1.0, 1.0, 1.0, 1.0, 1.0, 1.0, 1.0, 1.0]","[1.0, 1.0, 1.0, 1.0, 1.0, 1.0, 1.0, 1.0, 1.0, 1.0]","[1.0, 1.0, 1.0, 1.0, 1.0, 1.0, 1.0, 1.0, 1.0, 1.0]","[1.0, 1.0, 1.0, 1.0, 1.0, 1.0, 1.0, 1.0, 1.0, 1.0]","[1.0, 1.0, 1.0, 1.0, 1.0, 1.0, 1.0, 1.0, 1.0, 1.0]","[array([[100,   0,   0,   0],
       [  0, 133,   0,   0],
       [  0,   0,  89,   0],
       [  0,   0,   0, 134]]), array([[100,   0,   0,   0],
       [  0, 123,   0,   0],
       [  0,   0,  89,   0],
       [  0,   0,   0, 134]]), array([[101,   0,   0,   0],
       [  0, 138,   0,   0],
       [  0,   0,  89,   0],
       [  0,   0,   0, 134]]), array([[101,   0,   0,   0],
       [  0, 137,   0,   0],
       [  0,   0,  89,   0],
       [  0,   0,   0, 134]]), array([[101,   0,   0,   0],
       [  0, 131,   0,   0],
       [  0,   0,  89,   0],
       [  0,   0,   0, 135]]), array([[101,   0,   0,   0],
       [  0, 136,   0,   0],
       [  0,   0,  90,   0],
       [  0,   0,   0, 134]]), array([[101,   0,   0,   0],
       [  0, 137,   0,   0],
       [  0,   0,  89,   0],
       [  0,   0,   0, 134]]), array([[101,   0,   0,   0],
       [  0, 133,   0,   0],
       [  0,   0,  89,   0],
       [  0,   0,   0, 134]]), array([[101,   0,   0,   0],
       [  0, 134,   0,   0],
       [  0,   0,  89,   0],
       [  0,   0,   0, 134]]), array([[101,   0,   0,   0],
       [  0, 121,   0,   0],
       [  0,   0,  89,   0],
       [  0,   0,   0, 134]])]","[0.7608695652173914, 0.8260869565217391, 0.7608695652173914, 0.782608695652174, 0.8, 0.8222222222222222, 0.7333333333333333, 0.8222222222222222, 0.7777777777777778, 0.8444444444444444]","[0.7608695652173914, 0.8260869565217391, 0.7608695652173914, 0.782608695652174, 0.8, 0.8222222222222222, 0.7333333333333333, 0.8222222222222222, 0.7777777777777778, 0.8444444444444444]","[0.7608695652173914, 0.8260869565217391, 0.7608695652173914, 0.782608695652174, 0.8, 0.8222222222222222, 0.7333333333333333, 0.8222222222222222, 0.7777777777777778, 0.8444444444444444]","[0.7608695652173914, 0.8260869565217391, 0.7608695652173914, 0.782608695652174, 0.8, 0.8222222222222222, 0.7333333333333333, 0.8222222222222222, 0.7777777777777778, 0.8444444444444444]","[0.7744047619047619, 0.836489898989899, 0.7862103174603176, 0.7816399286987521, 0.8041666666666667, 0.8307158119658119, 0.766748366013072, 0.8236222519310754, 0.7651515151515152, 0.8524305555555556]","[0.7722222222222223, 0.8333333333333333, 0.7507575757575757, 0.7674242424242426, 0.7961038961038961, 0.817929292929293, 0.7285353535353536, 0.8073232323232324, 0.7651515151515152, 0.842929292929293]","[0.7693037452565583, 0.830031640685291, 0.7457635566188199, 0.7709429824561403, 0.7956525325853819, 0.8182011935208867, 0.7328216374269005, 0.8121843434343434, 0.7651515151515152, 0.8428324995687425]","[0.7771221532091097, 0.8345959595959597, 0.7811853002070394, 0.7861091735772042, 0.8056790123456791, 0.8350189933523267, 0.7692447349310094, 0.8245098039215686, 0.7777777777777778, 0.8483024691358025]","[0.7608695652173914, 0.8260869565217391, 0.7608695652173914, 0.782608695652174, 0.8, 0.8222222222222222, 0.7333333333333333, 0.8222222222222222, 0.7777777777777778, 0.8444444444444444]","[0.7651413527685919, 0.8258785910332378, 0.7501473545523889, 0.7807112890922959, 0.7985876918000331, 0.8230633702756466, 0.7371994801819363, 0.8200617283950618, 0.7777777777777778, 0.841851532401817]","[array([[10,  2,  0,  0],
       [ 0,  8,  0,  1],
       [ 0,  0,  7,  3],
       [ 0,  0,  5, 10]]), array([[10,  1,  0,  1],
       [ 0,  9,  0,  0],
       [ 0,  0,  7,  3],
       [ 0,  1,  2, 12]]), array([[ 7,  4,  0,  0],
       [ 0, 10,  0,  0],
       [ 0,  0,  5,  5],
       [ 1,  0,  1, 13]]), array([[ 7,  3,  1,  0],
       [ 2,  7,  0,  1],
       [ 0,  0,  8,  2],
       [ 0,  1,  0, 14]]), array([[ 8,  3,  0,  0],
       [ 1,  9,  0,  0],
       [ 0,  0,  7,  3],
       [ 0,  0,  2, 12]]), array([[ 8,  3,  0,  0],
       [ 1,  9,  0,  0],
       [ 0,  0,  7,  2],
       [ 0,  1,  1, 13]]), array([[ 7,  3,  1,  0],
       [ 0,  7,  0,  2],
       [ 0,  0,  7,  3],
       [ 0,  2,  1, 12]]), array([[ 9,  2,  0,  0],
       [ 2,  7,  0,  0],
       [ 0,  0,  7,  3],
       [ 0,  0,  1, 14]]), array([[ 8,  3,  0,  0],
       [ 3,  6,  0,  0],
       [ 0,  0,  8,  2],
       [ 0,  0,  2, 13]]), array([[ 8,  1,  0,  2],
       [ 1,  7,  0,  1],
       [ 0,  0, 10,  0],
       [ 0,  0,  2, 13]])]"
32,"[1.0, 1.0, 1.0, 1.0, 1.0, 1.0, 1.0, 1.0, 1.0, 1.0]","[1.0, 1.0, 1.0, 1.0, 1.0, 1.0, 1.0, 1.0, 1.0, 1.0]","[1.0, 1.0, 1.0, 1.0, 1.0, 1.0, 1.0, 1.0, 1.0, 1.0]","[1.0, 1.0, 1.0, 1.0, 1.0, 1.0, 1.0, 1.0, 1.0, 1.0]","[1.0, 1.0, 1.0, 1.0, 1.0, 1.0, 1.0, 1.0, 1.0, 1.0]","[1.0, 1.0, 1.0, 1.0, 1.0, 1.0, 1.0, 1.0, 1.0, 1.0]","[1.0, 1.0, 1.0, 1.0, 1.0, 1.0, 1.0, 1.0, 1.0, 1.0]","[1.0, 1.0, 1.0, 1.0, 1.0, 1.0, 1.0, 1.0, 1.0, 1.0]","[1.0, 1.0, 1.0, 1.0, 1.0, 1.0, 1.0, 1.0, 1.0, 1.0]","[1.0, 1.0, 1.0, 1.0, 1.0, 1.0, 1.0, 1.0, 1.0, 1.0]","[array([[100,   0,   0,   0],
       [  0, 133,   0,   0],
       [  0,   0,  89,   0],
       [  0,   0,   0, 134]]), array([[100,   0,   0,   0],
       [  0, 123,   0,   0],
       [  0,   0,  89,   0],
       [  0,   0,   0, 134]]), array([[101,   0,   0,   0],
       [  0, 138,   0,   0],
       [  0,   0,  89,   0],
       [  0,   0,   0, 134]]), array([[101,   0,   0,   0],
       [  0, 137,   0,   0],
       [  0,   0,  89,   0],
       [  0,   0,   0, 134]]), array([[101,   0,   0,   0],
       [  0, 131,   0,   0],
       [  0,   0,  89,   0],
       [  0,   0,   0, 135]]), array([[101,   0,   0,   0],
       [  0, 136,   0,   0],
       [  0,   0,  90,   0],
       [  0,   0,   0, 134]]), array([[101,   0,   0,   0],
       [  0, 137,   0,   0],
       [  0,   0,  89,   0],
       [  0,   0,   0, 134]]), array([[101,   0,   0,   0],
       [  0, 133,   0,   0],
       [  0,   0,  89,   0],
       [  0,   0,   0, 134]]), array([[101,   0,   0,   0],
       [  0, 134,   0,   0],
       [  0,   0,  89,   0],
       [  0,   0,   0, 134]]), array([[101,   0,   0,   0],
       [  0, 121,   0,   0],
       [  0,   0,  89,   0],
       [  0,   0,   0, 134]])]","[0.7391304347826086, 0.8043478260869565, 0.7608695652173914, 0.7608695652173914, 0.7777777777777778, 0.8222222222222222, 0.7333333333333333, 0.8, 0.7777777777777778, 0.8222222222222222]","[0.7391304347826086, 0.8043478260869565, 0.7608695652173914, 0.7608695652173914, 0.7777777777777778, 0.8222222222222222, 0.7333333333333333, 0.8, 0.7777777777777778, 0.8222222222222222]","[0.7391304347826086, 0.8043478260869565, 0.7608695652173914, 0.7608695652173914, 0.7777777777777778, 0.8222222222222222, 0.7333333333333333, 0.8, 0.7777777777777778, 0.8222222222222222]","[0.7391304347826086, 0.8043478260869565, 0.7608695652173914, 0.7608695652173914, 0.7777777777777778, 0.8222222222222222, 0.7333333333333333, 0.8, 0.7777777777777778, 0.8222222222222222]","[0.7562229437229437, 0.8127042483660131, 0.7843707827260459, 0.766729797979798, 0.7811507936507935, 0.8307158119658119, 0.766748366013072, 0.7996323529411764, 0.7711038961038962, 0.8257440476190476]","[0.7513888888888888, 0.7944444444444444, 0.7424242424242424, 0.7424242424242424, 0.7782467532467532, 0.817929292929293, 0.7285353535353536, 0.7845959595959597, 0.7762626262626262, 0.8151515151515152]","[0.7457904164800716, 0.8015512125902993, 0.7419950531700095, 0.7482323232323232, 0.775974025974026, 0.8182011935208867, 0.7328216374269005, 0.7878811612364244, 0.7720594589923083, 0.8149263371037565]","[0.7628929041972521, 0.8070296959363455, 0.7811748225077745, 0.7681708388230126, 0.7839506172839507, 0.8350189933523267, 0.7692447349310094, 0.8045098039215687, 0.7828860028860029, 0.8230026455026456]","[0.7391304347826086, 0.8043478260869565, 0.7608695652173914, 0.7608695652173914, 0.7777777777777778, 0.8222222222222222, 0.7333333333333333, 0.8, 0.7777777777777778, 0.8222222222222222]","[0.7433517007729901, 0.8036453425763898, 0.7507454628453709, 0.7580808080808081, 0.7773737373737374, 0.8230633702756466, 0.7371994801819363, 0.7981179801355239, 0.7787860455737043, 0.8178334807367065]","[array([[ 9,  3,  0,  0],
       [ 0,  8,  0,  1],
       [ 0,  0,  7,  3],
       [ 0,  0,  5, 10]]), array([[10,  1,  0,  1],
       [ 2,  7,  0,  0],
       [ 0,  0,  7,  3],
       [ 0,  0,  2, 13]]), array([[ 7,  4,  0,  0],
       [ 1,  9,  0,  0],
       [ 0,  0,  5,  5],
       [ 0,  0,  1, 14]]), array([[ 7,  3,  1,  0],
       [ 2,  7,  0,  1],
       [ 0,  0,  7,  3],
       [ 0,  1,  0, 14]]), array([[ 8,  3,  0,  0],
       [ 1,  9,  0,  0],
       [ 0,  0,  7,  3],
       [ 0,  0,  3, 11]]), array([[ 8,  3,  0,  0],
       [ 1,  9,  0,  0],
       [ 0,  0,  7,  2],
       [ 0,  1,  1, 13]]), array([[ 7,  3,  1,  0],
       [ 0,  7,  0,  2],
       [ 0,  0,  7,  3],
       [ 0,  2,  1, 12]]), array([[ 8,  3,  0,  0],
       [ 2,  7,  0,  0],
       [ 0,  0,  7,  3],
       [ 0,  0,  1, 14]]), array([[ 8,  3,  0,  0],
       [ 2,  7,  0,  0],
       [ 0,  0,  8,  2],
       [ 0,  0,  3, 12]]), array([[ 8,  1,  0,  2],
       [ 2,  6,  0,  1],
       [ 0,  0, 10,  0],
       [ 0,  0,  2, 13]])]"
33,"[1.0, 1.0, 1.0, 1.0, 1.0, 1.0, 1.0, 1.0, 1.0, 1.0]","[1.0, 1.0, 1.0, 1.0, 1.0, 1.0, 1.0, 1.0, 1.0, 1.0]","[1.0, 1.0, 1.0, 1.0, 1.0, 1.0, 1.0, 1.0, 1.0, 1.0]","[1.0, 1.0, 1.0, 1.0, 1.0, 1.0, 1.0, 1.0, 1.0, 1.0]","[1.0, 1.0, 1.0, 1.0, 1.0, 1.0, 1.0, 1.0, 1.0, 1.0]","[1.0, 1.0, 1.0, 1.0, 1.0, 1.0, 1.0, 1.0, 1.0, 1.0]","[1.0, 1.0, 1.0, 1.0, 1.0, 1.0, 1.0, 1.0, 1.0, 1.0]","[1.0, 1.0, 1.0, 1.0, 1.0, 1.0, 1.0, 1.0, 1.0, 1.0]","[1.0, 1.0, 1.0, 1.0, 1.0, 1.0, 1.0, 1.0, 1.0, 1.0]","[1.0, 1.0, 1.0, 1.0, 1.0, 1.0, 1.0, 1.0, 1.0, 1.0]","[array([[100,   0,   0,   0],
       [  0, 133,   0,   0],
       [  0,   0,  89,   0],
       [  0,   0,   0, 134]]), array([[100,   0,   0,   0],
       [  0, 123,   0,   0],
       [  0,   0,  89,   0],
       [  0,   0,   0, 134]]), array([[101,   0,   0,   0],
       [  0, 138,   0,   0],
       [  0,   0,  89,   0],
       [  0,   0,   0, 134]]), array([[101,   0,   0,   0],
       [  0, 137,   0,   0],
       [  0,   0,  89,   0],
       [  0,   0,   0, 134]]), array([[101,   0,   0,   0],
       [  0, 131,   0,   0],
       [  0,   0,  89,   0],
       [  0,   0,   0, 135]]), array([[101,   0,   0,   0],
       [  0, 136,   0,   0],
       [  0,   0,  90,   0],
       [  0,   0,   0, 134]]), array([[101,   0,   0,   0],
       [  0, 137,   0,   0],
       [  0,   0,  89,   0],
       [  0,   0,   0, 134]]), array([[101,   0,   0,   0],
       [  0, 133,   0,   0],
       [  0,   0,  89,   0],
       [  0,   0,   0, 134]]), array([[101,   0,   0,   0],
       [  0, 134,   0,   0],
       [  0,   0,  89,   0],
       [  0,   0,   0, 134]]), array([[101,   0,   0,   0],
       [  0, 121,   0,   0],
       [  0,   0,  89,   0],
       [  0,   0,   0, 134]])]","[0.7391304347826086, 0.8043478260869565, 0.7608695652173914, 0.7608695652173914, 0.7777777777777778, 0.8222222222222222, 0.7333333333333333, 0.8222222222222222, 0.8222222222222222, 0.8]","[0.7391304347826086, 0.8043478260869565, 0.7608695652173914, 0.7608695652173914, 0.7777777777777778, 0.8222222222222222, 0.7333333333333333, 0.8222222222222222, 0.8222222222222222, 0.8]","[0.7391304347826086, 0.8043478260869565, 0.7608695652173914, 0.7608695652173914, 0.7777777777777778, 0.8222222222222222, 0.7333333333333333, 0.8222222222222222, 0.8222222222222222, 0.8]","[0.7391304347826086, 0.8043478260869565, 0.7608695652173914, 0.7608695652173914, 0.7777777777777778, 0.8222222222222222, 0.7333333333333333, 0.8222222222222222, 0.8222222222222222, 0.8]","[0.7562229437229437, 0.8194444444444444, 0.8092105263157895, 0.761437908496732, 0.7762626262626262, 0.8307158119658119, 0.7286764705882354, 0.8236222519310754, 0.8156565656565656, 0.8100076394194041]","[0.7513888888888888, 0.8125, 0.7446969696969696, 0.7446969696969696, 0.7711038961038962, 0.817929292929293, 0.7196969696969696, 0.8073232323232324, 0.8156565656565656, 0.7901515151515152]","[0.7457904164800716, 0.8063303419839922, 0.7386029411764705, 0.746261961722488, 0.7720594589923083, 0.8182011935208867, 0.7189144736842106, 0.8121843434343434, 0.8156565656565656, 0.7953869047619048]","[0.7628929041972521, 0.821256038647343, 0.805491990846682, 0.7679383347541915, 0.7789001122334456, 0.8350189933523267, 0.7360130718954248, 0.8245098039215686, 0.8222222222222222, 0.8037042695866224]","[0.7391304347826086, 0.8043478260869565, 0.7608695652173914, 0.7608695652173914, 0.7777777777777778, 0.8222222222222222, 0.7333333333333333, 0.8222222222222222, 0.8222222222222222, 0.8]","[0.7433517007729901, 0.8039418321399572, 0.7471227621483376, 0.7577621177449553, 0.776769509981851, 0.8230633702756466, 0.7293128654970761, 0.8200617283950618, 0.8222222222222222, 0.79755291005291]","[array([[ 9,  3,  0,  0],
       [ 0,  8,  0,  1],
       [ 0,  0,  7,  3],
       [ 0,  0,  5, 10]]), array([[ 9,  2,  0,  1],
       [ 0,  9,  0,  0],
       [ 0,  0,  7,  3],
       [ 0,  1,  2, 12]]), array([[ 6,  5,  0,  0],
       [ 0, 10,  0,  0],
       [ 0,  0,  5,  5],
       [ 0,  0,  1, 14]]), array([[ 6,  4,  1,  0],
       [ 2,  7,  0,  1],
       [ 0,  0,  8,  2],
       [ 0,  1,  0, 14]]), array([[ 8,  3,  0,  0],
       [ 2,  8,  0,  0],
       [ 0,  0,  7,  3],
       [ 0,  0,  2, 12]]), array([[ 8,  3,  0,  0],
       [ 1,  9,  0,  0],
       [ 0,  0,  7,  2],
       [ 0,  1,  1, 13]]), array([[ 6,  4,  1,  0],
       [ 1,  6,  0,  2],
       [ 0,  0,  8,  2],
       [ 1,  0,  1, 13]]), array([[ 9,  2,  0,  0],
       [ 2,  7,  0,  0],
       [ 0,  0,  7,  3],
       [ 0,  0,  1, 14]]), array([[ 9,  2,  0,  0],
       [ 2,  7,  0,  0],
       [ 0,  0,  8,  2],
       [ 0,  0,  2, 13]]), array([[ 8,  1,  0,  2],
       [ 2,  6,  0,  1],
       [ 0,  0,  9,  1],
       [ 0,  0,  2, 13]])]"
34,"[1.0, 1.0, 1.0, 1.0, 1.0, 1.0, 1.0, 1.0, 1.0, 1.0]","[1.0, 1.0, 1.0, 1.0, 1.0, 1.0, 1.0, 1.0, 1.0, 1.0]","[1.0, 1.0, 1.0, 1.0, 1.0, 1.0, 1.0, 1.0, 1.0, 1.0]","[1.0, 1.0, 1.0, 1.0, 1.0, 1.0, 1.0, 1.0, 1.0, 1.0]","[1.0, 1.0, 1.0, 1.0, 1.0, 1.0, 1.0, 1.0, 1.0, 1.0]","[1.0, 1.0, 1.0, 1.0, 1.0, 1.0, 1.0, 1.0, 1.0, 1.0]","[1.0, 1.0, 1.0, 1.0, 1.0, 1.0, 1.0, 1.0, 1.0, 1.0]","[1.0, 1.0, 1.0, 1.0, 1.0, 1.0, 1.0, 1.0, 1.0, 1.0]","[1.0, 1.0, 1.0, 1.0, 1.0, 1.0, 1.0, 1.0, 1.0, 1.0]","[1.0, 1.0, 1.0, 1.0, 1.0, 1.0, 1.0, 1.0, 1.0, 1.0]","[array([[100,   0,   0,   0],
       [  0, 133,   0,   0],
       [  0,   0,  89,   0],
       [  0,   0,   0, 134]]), array([[100,   0,   0,   0],
       [  0, 123,   0,   0],
       [  0,   0,  89,   0],
       [  0,   0,   0, 134]]), array([[101,   0,   0,   0],
       [  0, 138,   0,   0],
       [  0,   0,  89,   0],
       [  0,   0,   0, 134]]), array([[101,   0,   0,   0],
       [  0, 137,   0,   0],
       [  0,   0,  89,   0],
       [  0,   0,   0, 134]]), array([[101,   0,   0,   0],
       [  0, 131,   0,   0],
       [  0,   0,  89,   0],
       [  0,   0,   0, 135]]), array([[101,   0,   0,   0],
       [  0, 136,   0,   0],
       [  0,   0,  90,   0],
       [  0,   0,   0, 134]]), array([[101,   0,   0,   0],
       [  0, 137,   0,   0],
       [  0,   0,  89,   0],
       [  0,   0,   0, 134]]), array([[101,   0,   0,   0],
       [  0, 133,   0,   0],
       [  0,   0,  89,   0],
       [  0,   0,   0, 134]]), array([[101,   0,   0,   0],
       [  0, 134,   0,   0],
       [  0,   0,  89,   0],
       [  0,   0,   0, 134]]), array([[101,   0,   0,   0],
       [  0, 121,   0,   0],
       [  0,   0,  89,   0],
       [  0,   0,   0, 134]])]","[0.7608695652173914, 0.782608695652174, 0.7391304347826086, 0.7608695652173914, 0.7555555555555555, 0.8222222222222222, 0.6888888888888889, 0.8222222222222222, 0.7555555555555555, 0.8444444444444444]","[0.7608695652173914, 0.782608695652174, 0.7391304347826086, 0.7608695652173914, 0.7555555555555555, 0.8222222222222222, 0.6888888888888889, 0.8222222222222222, 0.7555555555555555, 0.8444444444444444]","[0.7608695652173914, 0.782608695652174, 0.7391304347826086, 0.7608695652173914, 0.7555555555555555, 0.8222222222222222, 0.6888888888888889, 0.8222222222222222, 0.7555555555555555, 0.8444444444444444]","[0.7608695652173914, 0.782608695652174, 0.7391304347826086, 0.7608695652173914, 0.7555555555555555, 0.8222222222222222, 0.6888888888888889, 0.8222222222222222, 0.7555555555555555, 0.8444444444444444]","[0.7744047619047619, 0.7847222222222222, 0.7698412698412699, 0.765625, 0.7532467532467533, 0.8307158119658119, 0.7019886363636363, 0.8236222519310754, 0.7416666666666666, 0.866003787878788]","[0.7722222222222223, 0.7777777777777777, 0.728030303030303, 0.7507575757575758, 0.7532467532467533, 0.817929292929293, 0.6840909090909091, 0.8073232323232324, 0.7424242424242424, 0.8378787878787879]","[0.7693037452565583, 0.7805366911903415, 0.7198863636363637, 0.7542946442352215, 0.7523809523809524, 0.8182011935208867, 0.6866298811544991, 0.8121843434343434, 0.7412280701754387, 0.8414956011730206]","[0.7771221532091097, 0.7832125603864735, 0.7665631469979297, 0.7709842995169083, 0.7571717171717173, 0.8350189933523267, 0.7077020202020201, 0.8245098039215686, 0.7577777777777777, 0.8560185185185186]","[0.7608695652173914, 0.782608695652174, 0.7391304347826086, 0.7608695652173914, 0.7555555555555555, 0.8222222222222222, 0.6888888888888889, 0.8222222222222222, 0.7555555555555555, 0.8444444444444444]","[0.7651413527685919, 0.7822027017051746, 0.7261198945981554, 0.7622898729675136, 0.7555555555555555, 0.8230633702756466, 0.6922316544048293, 0.8200617283950618, 0.7559454191033138, 0.8415900944933203]","[array([[10,  2,  0,  0],
       [ 0,  8,  0,  1],
       [ 0,  0,  7,  3],
       [ 0,  0,  5, 10]]), array([[10,  1,  0,  1],
       [ 2,  7,  0,  0],
       [ 0,  0,  7,  3],
       [ 0,  1,  2, 12]]), array([[ 6,  5,  0,  0],
       [ 0, 10,  0,  0],
       [ 0,  0,  5,  5],
       [ 1,  0,  1, 13]]), array([[ 7,  3,  1,  0],
       [ 2,  7,  0,  1],
       [ 0,  0,  8,  2],
       [ 0,  2,  0, 13]]), array([[ 8,  3,  0,  0],
       [ 2,  8,  0,  0],
       [ 0,  0,  7,  3],
       [ 0,  0,  3, 11]]), array([[ 8,  3,  0,  0],
       [ 1,  9,  0,  0],
       [ 0,  0,  7,  2],
       [ 0,  1,  1, 13]]), array([[ 7,  3,  1,  0],
       [ 1,  6,  0,  2],
       [ 0,  0,  7,  3],
       [ 0,  2,  2, 11]]), array([[ 9,  2,  0,  0],
       [ 2,  7,  0,  0],
       [ 0,  0,  7,  3],
       [ 0,  0,  1, 14]]), array([[ 7,  4,  0,  0],
       [ 3,  6,  0,  0],
       [ 0,  0,  8,  2],
       [ 0,  0,  2, 13]]), array([[ 9,  0,  0,  2],
       [ 2,  6,  0,  1],
       [ 0,  0, 10,  0],
       [ 0,  0,  2, 13]])]"
35,"[1.0, 1.0, 1.0, 1.0, 1.0, 1.0, 1.0, 1.0, 1.0, 1.0]","[1.0, 1.0, 1.0, 1.0, 1.0, 1.0, 1.0, 1.0, 1.0, 1.0]","[1.0, 1.0, 1.0, 1.0, 1.0, 1.0, 1.0, 1.0, 1.0, 1.0]","[1.0, 1.0, 1.0, 1.0, 1.0, 1.0, 1.0, 1.0, 1.0, 1.0]","[1.0, 1.0, 1.0, 1.0, 1.0, 1.0, 1.0, 1.0, 1.0, 1.0]","[1.0, 1.0, 1.0, 1.0, 1.0, 1.0, 1.0, 1.0, 1.0, 1.0]","[1.0, 1.0, 1.0, 1.0, 1.0, 1.0, 1.0, 1.0, 1.0, 1.0]","[1.0, 1.0, 1.0, 1.0, 1.0, 1.0, 1.0, 1.0, 1.0, 1.0]","[1.0, 1.0, 1.0, 1.0, 1.0, 1.0, 1.0, 1.0, 1.0, 1.0]","[1.0, 1.0, 1.0, 1.0, 1.0, 1.0, 1.0, 1.0, 1.0, 1.0]","[array([[100,   0,   0,   0],
       [  0, 133,   0,   0],
       [  0,   0,  89,   0],
       [  0,   0,   0, 134]]), array([[100,   0,   0,   0],
       [  0, 123,   0,   0],
       [  0,   0,  89,   0],
       [  0,   0,   0, 134]]), array([[101,   0,   0,   0],
       [  0, 138,   0,   0],
       [  0,   0,  89,   0],
       [  0,   0,   0, 134]]), array([[101,   0,   0,   0],
       [  0, 137,   0,   0],
       [  0,   0,  89,   0],
       [  0,   0,   0, 134]]), array([[101,   0,   0,   0],
       [  0, 131,   0,   0],
       [  0,   0,  89,   0],
       [  0,   0,   0, 135]]), array([[101,   0,   0,   0],
       [  0, 136,   0,   0],
       [  0,   0,  90,   0],
       [  0,   0,   0, 134]]), array([[101,   0,   0,   0],
       [  0, 137,   0,   0],
       [  0,   0,  89,   0],
       [  0,   0,   0, 134]]), array([[101,   0,   0,   0],
       [  0, 133,   0,   0],
       [  0,   0,  89,   0],
       [  0,   0,   0, 134]]), array([[101,   0,   0,   0],
       [  0, 134,   0,   0],
       [  0,   0,  89,   0],
       [  0,   0,   0, 134]]), array([[101,   0,   0,   0],
       [  0, 121,   0,   0],
       [  0,   0,  89,   0],
       [  0,   0,   0, 134]])]","[0.7608695652173914, 0.782608695652174, 0.782608695652174, 0.782608695652174, 0.7777777777777778, 0.8444444444444444, 0.7333333333333333, 0.8666666666666667, 0.8, 0.8222222222222222]","[0.7608695652173914, 0.782608695652174, 0.782608695652174, 0.782608695652174, 0.7777777777777778, 0.8444444444444444, 0.7333333333333333, 0.8666666666666667, 0.8, 0.8222222222222222]","[0.7608695652173914, 0.782608695652174, 0.782608695652174, 0.782608695652174, 0.7777777777777778, 0.8444444444444444, 0.7333333333333333, 0.8666666666666667, 0.8, 0.8222222222222222]","[0.7608695652173914, 0.782608695652174, 0.782608695652174, 0.782608695652174, 0.7777777777777778, 0.8444444444444444, 0.7333333333333333, 0.8666666666666667, 0.8, 0.8222222222222222]","[0.7744047619047619, 0.7887626262626263, 0.8211152882205515, 0.7816399286987521, 0.7762626262626262, 0.8479166666666667, 0.766748366013072, 0.8680555555555556, 0.7916666666666666, 0.8366941473559121]","[0.7722222222222223, 0.7847222222222221, 0.7674242424242423, 0.7674242424242426, 0.7711038961038962, 0.8406565656565657, 0.7285353535353536, 0.8550505050505051, 0.7929292929292929, 0.817929292929293]","[0.7693037452565583, 0.7823043679580182, 0.7649101307189543, 0.7709429824561403, 0.7720594589923083, 0.841380188439012, 0.7328216374269005, 0.8596064246913795, 0.7913533834586467, 0.8232930672268908]","[0.7771221532091097, 0.7907224418093984, 0.8158439577203879, 0.7861091735772042, 0.7789001122334456, 0.8505555555555555, 0.7692447349310094, 0.8679012345679012, 0.8022222222222223, 0.8290040932197794]","[0.7608695652173914, 0.782608695652174, 0.782608695652174, 0.782608695652174, 0.7777777777777778, 0.8444444444444444, 0.7333333333333333, 0.8666666666666667, 0.8, 0.8222222222222222]","[0.7651413527685919, 0.7825979586221707, 0.7715615231599887, 0.7807112890922959, 0.776769509981851, 0.8449367625838214, 0.7371994801819363, 0.8654760405675519, 0.8002784739626846, 0.8215709617180205]","[array([[10,  2,  0,  0],
       [ 0,  8,  0,  1],
       [ 0,  0,  7,  3],
       [ 0,  0,  5, 10]]), array([[ 9,  2,  0,  1],
       [ 1,  8,  0,  0],
       [ 0,  0,  7,  3],
       [ 0,  1,  2, 12]]), array([[ 7,  4,  0,  0],
       [ 0, 10,  0,  0],
       [ 0,  0,  5,  5],
       [ 0,  0,  1, 14]]), array([[ 7,  3,  1,  0],
       [ 2,  7,  0,  1],
       [ 0,  0,  8,  2],
       [ 0,  1,  0, 14]]), array([[ 8,  3,  0,  0],
       [ 2,  8,  0,  0],
       [ 0,  0,  7,  3],
       [ 0,  0,  2, 12]]), array([[ 9,  2,  0,  0],
       [ 1,  9,  0,  0],
       [ 0,  0,  7,  2],
       [ 0,  1,  1, 13]]), array([[ 7,  3,  1,  0],
       [ 0,  7,  0,  2],
       [ 0,  0,  7,  3],
       [ 0,  2,  1, 12]]), array([[10,  1,  0,  0],
       [ 2,  7,  0,  0],
       [ 0,  0,  8,  2],
       [ 0,  0,  1, 14]]), array([[ 8,  3,  0,  0],
       [ 2,  7,  0,  0],
       [ 0,  0,  8,  2],
       [ 0,  0,  2, 13]]), array([[ 8,  1,  0,  2],
       [ 1,  7,  0,  1],
       [ 0,  0,  9,  1],
       [ 0,  0,  2, 13]])]"
36,"[1.0, 1.0, 1.0, 1.0, 1.0, 1.0, 1.0, 1.0, 1.0, 1.0]","[1.0, 1.0, 1.0, 1.0, 1.0, 1.0, 1.0, 1.0, 1.0, 1.0]","[1.0, 1.0, 1.0, 1.0, 1.0, 1.0, 1.0, 1.0, 1.0, 1.0]","[1.0, 1.0, 1.0, 1.0, 1.0, 1.0, 1.0, 1.0, 1.0, 1.0]","[1.0, 1.0, 1.0, 1.0, 1.0, 1.0, 1.0, 1.0, 1.0, 1.0]","[1.0, 1.0, 1.0, 1.0, 1.0, 1.0, 1.0, 1.0, 1.0, 1.0]","[1.0, 1.0, 1.0, 1.0, 1.0, 1.0, 1.0, 1.0, 1.0, 1.0]","[1.0, 1.0, 1.0, 1.0, 1.0, 1.0, 1.0, 1.0, 1.0, 1.0]","[1.0, 1.0, 1.0, 1.0, 1.0, 1.0, 1.0, 1.0, 1.0, 1.0]","[1.0, 1.0, 1.0, 1.0, 1.0, 1.0, 1.0, 1.0, 1.0, 1.0]","[array([[100,   0,   0,   0],
       [  0, 133,   0,   0],
       [  0,   0,  89,   0],
       [  0,   0,   0, 134]]), array([[100,   0,   0,   0],
       [  0, 123,   0,   0],
       [  0,   0,  89,   0],
       [  0,   0,   0, 134]]), array([[101,   0,   0,   0],
       [  0, 138,   0,   0],
       [  0,   0,  89,   0],
       [  0,   0,   0, 134]]), array([[101,   0,   0,   0],
       [  0, 137,   0,   0],
       [  0,   0,  89,   0],
       [  0,   0,   0, 134]]), array([[101,   0,   0,   0],
       [  0, 131,   0,   0],
       [  0,   0,  89,   0],
       [  0,   0,   0, 135]]), array([[101,   0,   0,   0],
       [  0, 136,   0,   0],
       [  0,   0,  90,   0],
       [  0,   0,   0, 134]]), array([[101,   0,   0,   0],
       [  0, 137,   0,   0],
       [  0,   0,  89,   0],
       [  0,   0,   0, 134]]), array([[101,   0,   0,   0],
       [  0, 133,   0,   0],
       [  0,   0,  89,   0],
       [  0,   0,   0, 134]]), array([[101,   0,   0,   0],
       [  0, 134,   0,   0],
       [  0,   0,  89,   0],
       [  0,   0,   0, 134]]), array([[101,   0,   0,   0],
       [  0, 121,   0,   0],
       [  0,   0,  89,   0],
       [  0,   0,   0, 134]])]","[0.7391304347826086, 0.8043478260869565, 0.717391304347826, 0.7608695652173914, 0.7777777777777778, 0.8444444444444444, 0.7333333333333333, 0.8444444444444444, 0.7555555555555555, 0.8222222222222222]","[0.7391304347826086, 0.8043478260869565, 0.717391304347826, 0.7608695652173914, 0.7777777777777778, 0.8444444444444444, 0.7333333333333333, 0.8444444444444444, 0.7555555555555555, 0.8222222222222222]","[0.7391304347826086, 0.8043478260869565, 0.717391304347826, 0.7608695652173914, 0.7777777777777778, 0.8444444444444444, 0.7333333333333333, 0.8444444444444444, 0.7555555555555555, 0.8222222222222222]","[0.7391304347826086, 0.8043478260869565, 0.717391304347826, 0.7608695652173914, 0.7777777777777778, 0.8444444444444444, 0.7333333333333333, 0.8444444444444444, 0.7555555555555555, 0.8222222222222222]","[0.7562229437229437, 0.8092171717171717, 0.7534722222222223, 0.765625, 0.7762626262626262, 0.8479166666666667, 0.7483766233766234, 0.847549019607843, 0.7500000000000001, 0.8366941473559121]","[0.7513888888888888, 0.8055555555555556, 0.7053030303030303, 0.7507575757575758, 0.7711038961038962, 0.8406565656565657, 0.7224747474747474, 0.8323232323232324, 0.7474747474747475, 0.817929292929293]","[0.7457904164800716, 0.8056765335498635, 0.692586212806801, 0.7542946442352215, 0.7720594589923083, 0.841380188439012, 0.7228468899521532, 0.8380064745196324, 0.7412280701754387, 0.8232930672268908]","[0.7628929041972521, 0.8073232323232323, 0.7518115942028986, 0.7709842995169083, 0.7789001122334456, 0.8505555555555555, 0.7503767837101172, 0.8475962236746549, 0.7666666666666667, 0.8290040932197794]","[0.7391304347826086, 0.8043478260869565, 0.717391304347826, 0.7608695652173914, 0.7777777777777778, 0.8444444444444444, 0.7333333333333333, 0.8444444444444444, 0.7555555555555555, 0.8222222222222222]","[0.7433517007729901, 0.8042403099033638, 0.7006756031692093, 0.7622898729675136, 0.776769509981851, 0.8449367625838214, 0.729331915647705, 0.8438805346700083, 0.7543859649122807, 0.8215709617180205]","[array([[ 9,  3,  0,  0],
       [ 0,  8,  0,  1],
       [ 0,  0,  7,  3],
       [ 0,  0,  5, 10]]), array([[10,  1,  0,  1],
       [ 1,  8,  0,  0],
       [ 0,  0,  7,  3],
       [ 0,  1,  2, 12]]), array([[ 5,  6,  0,  0],
       [ 0, 10,  0,  0],
       [ 0,  0,  5,  5],
       [ 1,  0,  1, 13]]), array([[ 7,  3,  1,  0],
       [ 2,  7,  0,  1],
       [ 0,  0,  8,  2],
       [ 0,  2,  0, 13]]), array([[ 8,  3,  0,  0],
       [ 2,  8,  0,  0],
       [ 0,  0,  7,  3],
       [ 0,  0,  2, 12]]), array([[ 9,  2,  0,  0],
       [ 1,  9,  0,  0],
       [ 0,  0,  7,  2],
       [ 0,  1,  1, 13]]), array([[ 6,  4,  1,  0],
       [ 0,  7,  0,  2],
       [ 0,  0,  7,  3],
       [ 1,  0,  1, 13]]), array([[ 9,  2,  0,  0],
       [ 1,  7,  0,  1],
       [ 0,  0,  8,  2],
       [ 0,  0,  1, 14]]), array([[ 6,  5,  0,  0],
       [ 2,  7,  0,  0],
       [ 0,  0,  8,  2],
       [ 0,  0,  2, 13]]), array([[ 8,  1,  0,  2],
       [ 1,  7,  0,  1],
       [ 0,  0,  9,  1],
       [ 0,  0,  2, 13]])]"
37,"[1.0, 1.0, 1.0, 1.0, 1.0, 1.0, 1.0, 1.0, 1.0, 1.0]","[1.0, 1.0, 1.0, 1.0, 1.0, 1.0, 1.0, 1.0, 1.0, 1.0]","[1.0, 1.0, 1.0, 1.0, 1.0, 1.0, 1.0, 1.0, 1.0, 1.0]","[1.0, 1.0, 1.0, 1.0, 1.0, 1.0, 1.0, 1.0, 1.0, 1.0]","[1.0, 1.0, 1.0, 1.0, 1.0, 1.0, 1.0, 1.0, 1.0, 1.0]","[1.0, 1.0, 1.0, 1.0, 1.0, 1.0, 1.0, 1.0, 1.0, 1.0]","[1.0, 1.0, 1.0, 1.0, 1.0, 1.0, 1.0, 1.0, 1.0, 1.0]","[1.0, 1.0, 1.0, 1.0, 1.0, 1.0, 1.0, 1.0, 1.0, 1.0]","[1.0, 1.0, 1.0, 1.0, 1.0, 1.0, 1.0, 1.0, 1.0, 1.0]","[1.0, 1.0, 1.0, 1.0, 1.0, 1.0, 1.0, 1.0, 1.0, 1.0]","[array([[100,   0,   0,   0],
       [  0, 133,   0,   0],
       [  0,   0,  89,   0],
       [  0,   0,   0, 134]]), array([[100,   0,   0,   0],
       [  0, 123,   0,   0],
       [  0,   0,  89,   0],
       [  0,   0,   0, 134]]), array([[101,   0,   0,   0],
       [  0, 138,   0,   0],
       [  0,   0,  89,   0],
       [  0,   0,   0, 134]]), array([[101,   0,   0,   0],
       [  0, 137,   0,   0],
       [  0,   0,  89,   0],
       [  0,   0,   0, 134]]), array([[101,   0,   0,   0],
       [  0, 131,   0,   0],
       [  0,   0,  89,   0],
       [  0,   0,   0, 135]]), array([[101,   0,   0,   0],
       [  0, 136,   0,   0],
       [  0,   0,  90,   0],
       [  0,   0,   0, 134]]), array([[101,   0,   0,   0],
       [  0, 137,   0,   0],
       [  0,   0,  89,   0],
       [  0,   0,   0, 134]]), array([[101,   0,   0,   0],
       [  0, 133,   0,   0],
       [  0,   0,  89,   0],
       [  0,   0,   0, 134]]), array([[101,   0,   0,   0],
       [  0, 134,   0,   0],
       [  0,   0,  89,   0],
       [  0,   0,   0, 134]]), array([[101,   0,   0,   0],
       [  0, 121,   0,   0],
       [  0,   0,  89,   0],
       [  0,   0,   0, 134]])]","[0.7608695652173914, 0.8043478260869565, 0.782608695652174, 0.7608695652173914, 0.8, 0.8222222222222222, 0.7777777777777778, 0.8444444444444444, 0.8, 0.8222222222222222]","[0.7608695652173914, 0.8043478260869565, 0.782608695652174, 0.7608695652173914, 0.8, 0.8222222222222222, 0.7777777777777778, 0.8444444444444444, 0.8, 0.8222222222222222]","[0.7608695652173914, 0.8043478260869565, 0.782608695652174, 0.7608695652173914, 0.8, 0.8222222222222222, 0.7777777777777778, 0.8444444444444444, 0.8, 0.8222222222222222]","[0.7608695652173914, 0.8043478260869565, 0.782608695652174, 0.7608695652173914, 0.8, 0.8222222222222222, 0.7777777777777778, 0.8444444444444444, 0.8, 0.8222222222222222]","[0.7744047619047619, 0.8194444444444444, 0.8253968253968254, 0.765625, 0.8041666666666667, 0.8307158119658119, 0.803654970760234, 0.847549019607843, 0.7916666666666666, 0.8366941473559121]","[0.7722222222222223, 0.8125, 0.7696969696969698, 0.7507575757575758, 0.7961038961038961, 0.817929292929293, 0.7618686868686868, 0.8323232323232324, 0.7929292929292929, 0.817929292929293]","[0.7693037452565583, 0.8063303419839922, 0.7650623885918004, 0.7542946442352215, 0.7956525325853819, 0.8182011935208867, 0.7687478500171998, 0.8380064745196324, 0.7913533834586467, 0.8232930672268908]","[0.7771221532091097, 0.821256038647343, 0.8240165631469978, 0.7709842995169083, 0.8056790123456791, 0.8350189933523267, 0.8028979857050033, 0.8475962236746549, 0.8022222222222223, 0.8290040932197794]","[0.7608695652173914, 0.8043478260869565, 0.782608695652174, 0.7608695652173914, 0.8, 0.8222222222222222, 0.7777777777777778, 0.8444444444444444, 0.8, 0.8222222222222222]","[0.7651413527685919, 0.8039418321399572, 0.7728435247616834, 0.7622898729675136, 0.7985876918000331, 0.8230633702756466, 0.7757443718228031, 0.8438805346700083, 0.8002784739626846, 0.8215709617180205]","[array([[10,  2,  0,  0],
       [ 0,  8,  0,  1],
       [ 0,  0,  7,  3],
       [ 0,  0,  5, 10]]), array([[ 9,  2,  0,  1],
       [ 0,  9,  0,  0],
       [ 0,  0,  7,  3],
       [ 0,  1,  2, 12]]), array([[ 6,  5,  0,  0],
       [ 0, 10,  0,  0],
       [ 0,  0,  6,  4],
       [ 0,  0,  1, 14]]), array([[ 7,  3,  1,  0],
       [ 2,  7,  0,  1],
       [ 0,  0,  8,  2],
       [ 0,  2,  0, 13]]), array([[ 8,  3,  0,  0],
       [ 1,  9,  0,  0],
       [ 0,  0,  7,  3],
       [ 0,  0,  2, 12]]), array([[ 8,  3,  0,  0],
       [ 1,  9,  0,  0],
       [ 0,  0,  7,  2],
       [ 0,  1,  1, 13]]), array([[ 7,  3,  1,  0],
       [ 0,  7,  0,  2],
       [ 0,  0,  7,  3],
       [ 0,  0,  1, 14]]), array([[ 9,  2,  0,  0],
       [ 1,  7,  0,  1],
       [ 0,  0,  8,  2],
       [ 0,  0,  1, 14]]), array([[ 8,  3,  0,  0],
       [ 2,  7,  0,  0],
       [ 0,  0,  8,  2],
       [ 0,  0,  2, 13]]), array([[ 8,  1,  0,  2],
       [ 1,  7,  0,  1],
       [ 0,  0,  9,  1],
       [ 0,  0,  2, 13]])]"
38,"[1.0, 1.0, 1.0, 1.0, 1.0, 1.0, 1.0, 1.0, 1.0, 1.0]","[1.0, 1.0, 1.0, 1.0, 1.0, 1.0, 1.0, 1.0, 1.0, 1.0]","[1.0, 1.0, 1.0, 1.0, 1.0, 1.0, 1.0, 1.0, 1.0, 1.0]","[1.0, 1.0, 1.0, 1.0, 1.0, 1.0, 1.0, 1.0, 1.0, 1.0]","[1.0, 1.0, 1.0, 1.0, 1.0, 1.0, 1.0, 1.0, 1.0, 1.0]","[1.0, 1.0, 1.0, 1.0, 1.0, 1.0, 1.0, 1.0, 1.0, 1.0]","[1.0, 1.0, 1.0, 1.0, 1.0, 1.0, 1.0, 1.0, 1.0, 1.0]","[1.0, 1.0, 1.0, 1.0, 1.0, 1.0, 1.0, 1.0, 1.0, 1.0]","[1.0, 1.0, 1.0, 1.0, 1.0, 1.0, 1.0, 1.0, 1.0, 1.0]","[1.0, 1.0, 1.0, 1.0, 1.0, 1.0, 1.0, 1.0, 1.0, 1.0]","[array([[100,   0,   0,   0],
       [  0, 133,   0,   0],
       [  0,   0,  89,   0],
       [  0,   0,   0, 134]]), array([[100,   0,   0,   0],
       [  0, 123,   0,   0],
       [  0,   0,  89,   0],
       [  0,   0,   0, 134]]), array([[101,   0,   0,   0],
       [  0, 138,   0,   0],
       [  0,   0,  89,   0],
       [  0,   0,   0, 134]]), array([[101,   0,   0,   0],
       [  0, 137,   0,   0],
       [  0,   0,  89,   0],
       [  0,   0,   0, 134]]), array([[101,   0,   0,   0],
       [  0, 131,   0,   0],
       [  0,   0,  89,   0],
       [  0,   0,   0, 135]]), array([[101,   0,   0,   0],
       [  0, 136,   0,   0],
       [  0,   0,  90,   0],
       [  0,   0,   0, 134]]), array([[101,   0,   0,   0],
       [  0, 137,   0,   0],
       [  0,   0,  89,   0],
       [  0,   0,   0, 134]]), array([[101,   0,   0,   0],
       [  0, 133,   0,   0],
       [  0,   0,  89,   0],
       [  0,   0,   0, 134]]), array([[101,   0,   0,   0],
       [  0, 134,   0,   0],
       [  0,   0,  89,   0],
       [  0,   0,   0, 134]]), array([[101,   0,   0,   0],
       [  0, 121,   0,   0],
       [  0,   0,  89,   0],
       [  0,   0,   0, 134]])]","[0.7391304347826086, 0.782608695652174, 0.7391304347826086, 0.7608695652173914, 0.8, 0.8222222222222222, 0.6888888888888889, 0.8444444444444444, 0.8222222222222222, 0.8222222222222222]","[0.7391304347826086, 0.782608695652174, 0.7391304347826086, 0.7608695652173914, 0.8, 0.8222222222222222, 0.6888888888888889, 0.8444444444444444, 0.8222222222222222, 0.8222222222222222]","[0.7391304347826086, 0.782608695652174, 0.7391304347826086, 0.7608695652173914, 0.8, 0.8222222222222222, 0.6888888888888889, 0.8444444444444444, 0.8222222222222222, 0.8222222222222222]","[0.7391304347826086, 0.782608695652174, 0.7391304347826086, 0.7608695652173914, 0.8, 0.8222222222222222, 0.6888888888888889, 0.8444444444444444, 0.8222222222222222, 0.8222222222222222]","[0.7562229437229437, 0.7887626262626263, 0.7675438596491229, 0.765625, 0.8041666666666667, 0.8338293650793651, 0.7387820512820512, 0.847549019607843, 0.8207070707070707, 0.8366941473559121]","[0.7513888888888888, 0.7847222222222221, 0.7196969696969697, 0.7507575757575758, 0.7961038961038961, 0.822979797979798, 0.6808080808080808, 0.8323232323232324, 0.8207070707070707, 0.817929292929293]","[0.7457904164800716, 0.7823043679580182, 0.7162990196078431, 0.7542946442352215, 0.7956525325853819, 0.8180706795724945, 0.6840463458110517, 0.8380064745196324, 0.8166666666666668, 0.8232930672268908]","[0.7628929041972521, 0.7907224418093984, 0.7661545167265992, 0.7709842995169083, 0.8056790123456791, 0.8440476190476192, 0.7410256410256411, 0.8475962236746549, 0.829405162738496, 0.8290040932197794]","[0.7391304347826086, 0.782608695652174, 0.7391304347826086, 0.7608695652173914, 0.8, 0.8222222222222222, 0.6888888888888889, 0.8444444444444444, 0.8222222222222222, 0.8222222222222222]","[0.7433517007729901, 0.7825979586221707, 0.7268755328218244, 0.7622898729675136, 0.7985876918000331, 0.8234119782214155, 0.690394137452961, 0.8438805346700083, 0.8222222222222222, 0.8215709617180205]","[array([[ 9,  3,  0,  0],
       [ 0,  8,  0,  1],
       [ 0,  0,  7,  3],
       [ 0,  0,  5, 10]]), array([[ 9,  2,  0,  1],
       [ 1,  8,  0,  0],
       [ 0,  0,  7,  3],
       [ 0,  1,  2, 12]]), array([[ 6,  5,  0,  0],
       [ 1,  9,  0,  0],
       [ 0,  0,  5,  5],
       [ 0,  0,  1, 14]]), array([[ 7,  3,  1,  0],
       [ 2,  7,  0,  1],
       [ 0,  0,  8,  2],
       [ 0,  2,  0, 13]]), array([[ 8,  3,  0,  0],
       [ 1,  9,  0,  0],
       [ 0,  0,  7,  3],
       [ 0,  0,  2, 12]]), array([[ 7,  4,  0,  0],
       [ 1,  9,  0,  0],
       [ 0,  0,  8,  1],
       [ 0,  1,  1, 13]]), array([[ 6,  4,  1,  0],
       [ 0,  7,  0,  2],
       [ 0,  0,  6,  4],
       [ 0,  2,  1, 12]]), array([[ 9,  2,  0,  0],
       [ 1,  7,  0,  1],
       [ 0,  0,  8,  2],
       [ 0,  0,  1, 14]]), array([[ 8,  3,  0,  0],
       [ 1,  8,  0,  0],
       [ 0,  0,  8,  2],
       [ 0,  0,  2, 13]]), array([[ 8,  1,  0,  2],
       [ 1,  7,  0,  1],
       [ 0,  0,  9,  1],
       [ 0,  0,  2, 13]])]"
