n_neighbors value,Train_Accuracy,Train_Precision_micro,Train_Recall_micro,Train_f1_micro,Train_Precision_macro,Train_Recall_macro,Train_f1_macro,Train_Precision_weighted,Train_Recall_weighted,Train_f1_weighted,Train_Confusion_Matrix,Test_Accuracy,Test_Precision_micro,Test_Recall_micro,Test_f1_micro,Test_Precision_macro,Test_Recall_macro,Test_f1_macro,Test_Precision_weighted,Test_Recall_weighted,Test_f1_weighted,Test_Confusion_Matrix
1,"[1.0, 1.0, 1.0, 1.0, 1.0, 1.0, 1.0, 1.0, 1.0, 1.0]","[1.0, 1.0, 1.0, 1.0, 1.0, 1.0, 1.0, 1.0, 1.0, 1.0]","[1.0, 1.0, 1.0, 1.0, 1.0, 1.0, 1.0, 1.0, 1.0, 1.0]","[1.0, 1.0, 1.0, 1.0, 1.0, 1.0, 1.0, 1.0, 1.0, 1.0]","[1.0, 1.0, 1.0, 1.0, 1.0, 1.0, 1.0, 1.0, 1.0, 1.0]","[1.0, 1.0, 1.0, 1.0, 1.0, 1.0, 1.0, 1.0, 1.0, 1.0]","[1.0, 1.0, 1.0, 1.0, 1.0, 1.0, 1.0, 1.0, 1.0, 1.0]","[1.0, 1.0, 1.0, 1.0, 1.0, 1.0, 1.0, 1.0, 1.0, 1.0]","[1.0, 1.0, 1.0, 1.0, 1.0, 1.0, 1.0, 1.0, 1.0, 1.0]","[1.0, 1.0, 1.0, 1.0, 1.0, 1.0, 1.0, 1.0, 1.0, 1.0]","[array([[100,   0,   0,   0],
       [  0, 135,   0,   0],
       [  0,   0,  89,   0],
       [  0,   0,   0, 134]]), array([[100,   0,   0,   0],
       [  0, 124,   0,   0],
       [  0,   0,  89,   0],
       [  0,   0,   0, 134]]), array([[101,   0,   0,   0],
       [  0, 140,   0,   0],
       [  0,   0,  89,   0],
       [  0,   0,   0, 134]]), array([[101,   0,   0,   0],
       [  0, 138,   0,   0],
       [  0,   0,  89,   0],
       [  0,   0,   0, 134]]), array([[101,   0,   0,   0],
       [  0, 131,   0,   0],
       [  0,   0,  89,   0],
       [  0,   0,   0, 135]]), array([[101,   0,   0,   0],
       [  0, 136,   0,   0],
       [  0,   0,  90,   0],
       [  0,   0,   0, 134]]), array([[101,   0,   0,   0],
       [  0, 138,   0,   0],
       [  0,   0,  89,   0],
       [  0,   0,   0, 134]]), array([[101,   0,   0,   0],
       [  0, 136,   0,   0],
       [  0,   0,  89,   0],
       [  0,   0,   0, 134]]), array([[101,   0,   0,   0],
       [  0, 136,   0,   0],
       [  0,   0,  89,   0],
       [  0,   0,   0, 134]]), array([[101,   0,   0,   0],
       [  0, 121,   0,   0],
       [  0,   0,  89,   0],
       [  0,   0,   0, 134]])]","[0.6521739130434783, 0.782608695652174, 0.8260869565217391, 0.717391304347826, 0.8, 0.7777777777777778, 0.6666666666666666, 0.7333333333333333, 0.7333333333333333, 0.7555555555555555]","[0.6521739130434783, 0.782608695652174, 0.8260869565217391, 0.717391304347826, 0.8, 0.7777777777777778, 0.6666666666666666, 0.7333333333333333, 0.7333333333333333, 0.7555555555555555]","[0.6521739130434783, 0.782608695652174, 0.8260869565217391, 0.717391304347826, 0.8, 0.7777777777777778, 0.6666666666666666, 0.7333333333333333, 0.7333333333333333, 0.7555555555555555]","[0.6521739130434783, 0.782608695652174, 0.8260869565217391, 0.717391304347826, 0.8, 0.7777777777777778, 0.6666666666666666, 0.7333333333333333, 0.7333333333333333, 0.7555555555555555]","[0.6714743589743589, 0.7773771367521367, 0.8267857142857143, 0.7194444444444444, 0.8062499999999999, 0.7732905982905983, 0.6822002923976609, 0.7473039215686275, 0.770995670995671, 0.7562500000000001]","[0.65, 0.7666666666666667, 0.8295454545454546, 0.7174242424242425, 0.7938311688311689, 0.780050505050505, 0.6479797979797981, 0.711111111111111, 0.7305555555555555, 0.7489898989898991]","[0.656308777429467, 0.7703585339059223, 0.8257277205553067, 0.7151515151515151, 0.7969931700816258, 0.7731829573934836, 0.6574647402820777, 0.708562271062271, 0.7291903498800051, 0.75153452685422]","[0.6685777990125817, 0.7814358045336307, 0.8316770186335403, 0.7222222222222222, 0.8044444444444445, 0.7829249762583095, 0.6836744639376218, 0.7412200435729849, 0.7587686387686388, 0.7583333333333333]","[0.6521739130434783, 0.782608695652174, 0.8260869565217391, 0.717391304347826, 0.8, 0.7777777777777778, 0.6666666666666666, 0.7333333333333333, 0.7333333333333333, 0.7555555555555555]","[0.6566478124574077, 0.7804784215302717, 0.826612667692128, 0.716798418972332, 0.7993928961445204, 0.7767195767195767, 0.6668730650154798, 0.7192714692714692, 0.7277279553141622, 0.7560102301790282]","[array([[10,  1,  1,  0],
       [ 3,  6,  0,  0],
       [ 0,  0,  5,  5],
       [ 0,  0,  6,  9]]), array([[10,  2,  0,  0],
       [ 3,  6,  0,  0],
       [ 0,  0,  7,  3],
       [ 0,  0,  2, 13]]), array([[ 9,  2,  0,  0],
       [ 1,  9,  0,  0],
       [ 0,  0,  8,  2],
       [ 0,  1,  2, 12]]), array([[ 7,  4,  0,  0],
       [ 1,  8,  0,  1],
       [ 0,  0,  7,  3],
       [ 1,  0,  3, 11]]), array([[ 9,  1,  0,  1],
       [ 3,  7,  0,  0],
       [ 0,  0,  8,  2],
       [ 0,  0,  2, 12]]), array([[10,  1,  0,  0],
       [ 3,  7,  0,  0],
       [ 0,  0,  7,  2],
       [ 0,  1,  3, 11]]), array([[ 7,  3,  1,  0],
       [ 1,  5,  0,  3],
       [ 0,  0,  6,  4],
       [ 0,  1,  2, 12]]), array([[11,  0,  0,  0],
       [ 4,  4,  0,  1],
       [ 0,  0,  6,  4],
       [ 0,  1,  2, 12]]), array([[11,  0,  0,  0],
       [ 3,  5,  0,  1],
       [ 0,  0,  7,  3],
       [ 1,  0,  4, 10]]), array([[ 9,  1,  1,  0],
       [ 2,  7,  0,  0],
       [ 1,  0,  6,  3],
       [ 0,  0,  3, 12]])]"
2,"[1.0, 1.0, 1.0, 1.0, 1.0, 1.0, 1.0, 1.0, 1.0, 1.0]","[1.0, 1.0, 1.0, 1.0, 1.0, 1.0, 1.0, 1.0, 1.0, 1.0]","[1.0, 1.0, 1.0, 1.0, 1.0, 1.0, 1.0, 1.0, 1.0, 1.0]","[1.0, 1.0, 1.0, 1.0, 1.0, 1.0, 1.0, 1.0, 1.0, 1.0]","[1.0, 1.0, 1.0, 1.0, 1.0, 1.0, 1.0, 1.0, 1.0, 1.0]","[1.0, 1.0, 1.0, 1.0, 1.0, 1.0, 1.0, 1.0, 1.0, 1.0]","[1.0, 1.0, 1.0, 1.0, 1.0, 1.0, 1.0, 1.0, 1.0, 1.0]","[1.0, 1.0, 1.0, 1.0, 1.0, 1.0, 1.0, 1.0, 1.0, 1.0]","[1.0, 1.0, 1.0, 1.0, 1.0, 1.0, 1.0, 1.0, 1.0, 1.0]","[1.0, 1.0, 1.0, 1.0, 1.0, 1.0, 1.0, 1.0, 1.0, 1.0]","[array([[100,   0,   0,   0],
       [  0, 135,   0,   0],
       [  0,   0,  89,   0],
       [  0,   0,   0, 134]]), array([[100,   0,   0,   0],
       [  0, 124,   0,   0],
       [  0,   0,  89,   0],
       [  0,   0,   0, 134]]), array([[101,   0,   0,   0],
       [  0, 140,   0,   0],
       [  0,   0,  89,   0],
       [  0,   0,   0, 134]]), array([[101,   0,   0,   0],
       [  0, 138,   0,   0],
       [  0,   0,  89,   0],
       [  0,   0,   0, 134]]), array([[101,   0,   0,   0],
       [  0, 131,   0,   0],
       [  0,   0,  89,   0],
       [  0,   0,   0, 135]]), array([[101,   0,   0,   0],
       [  0, 136,   0,   0],
       [  0,   0,  90,   0],
       [  0,   0,   0, 134]]), array([[101,   0,   0,   0],
       [  0, 138,   0,   0],
       [  0,   0,  89,   0],
       [  0,   0,   0, 134]]), array([[101,   0,   0,   0],
       [  0, 136,   0,   0],
       [  0,   0,  89,   0],
       [  0,   0,   0, 134]]), array([[101,   0,   0,   0],
       [  0, 136,   0,   0],
       [  0,   0,  89,   0],
       [  0,   0,   0, 134]]), array([[101,   0,   0,   0],
       [  0, 121,   0,   0],
       [  0,   0,  89,   0],
       [  0,   0,   0, 134]])]","[0.6521739130434783, 0.8043478260869565, 0.8260869565217391, 0.7391304347826086, 0.8222222222222222, 0.8222222222222222, 0.6444444444444445, 0.7111111111111111, 0.6888888888888889, 0.7555555555555555]","[0.6521739130434783, 0.8043478260869565, 0.8260869565217391, 0.7391304347826086, 0.8222222222222222, 0.8222222222222222, 0.6444444444444445, 0.7111111111111111, 0.6888888888888889, 0.7555555555555555]","[0.6521739130434783, 0.8043478260869565, 0.8260869565217391, 0.7391304347826086, 0.8222222222222222, 0.8222222222222222, 0.6444444444444445, 0.7111111111111111, 0.6888888888888889, 0.7555555555555555]","[0.6521739130434783, 0.8043478260869565, 0.8260869565217391, 0.7391304347826086, 0.8222222222222222, 0.8222222222222222, 0.6444444444444445, 0.7111111111111111, 0.6888888888888889, 0.7555555555555555]","[0.6767857142857143, 0.8082837301587301, 0.8267857142857143, 0.7401515151515152, 0.8267676767676768, 0.8202991452991454, 0.6440058479532162, 0.709375, 0.7043290043290044, 0.7486111111111111]","[0.65, 0.7875, 0.8295454545454546, 0.7401515151515152, 0.8188311688311688, 0.8277777777777778, 0.6202020202020202, 0.6944444444444444, 0.6800505050505049, 0.7489898989898991]","[0.659469696969697, 0.7929264072090898, 0.8257277205553067, 0.7392857142857143, 0.8219683220590661, 0.8203320802005012, 0.6270123839009287, 0.6889578163771712, 0.6742452949349501, 0.7479913551995931]","[0.6713250517598344, 0.806698585231194, 0.8316770186335403, 0.7407114624505929, 0.8241975308641976, 0.8264197530864198, 0.6487979207277452, 0.7084259259259259, 0.7024723424723425, 0.7537037037037037]","[0.6521739130434783, 0.8043478260869565, 0.8260869565217391, 0.7391304347826086, 0.8222222222222222, 0.8222222222222222, 0.6444444444444445, 0.7111111111111111, 0.6888888888888889, 0.7555555555555555]","[0.6585968379446641, 0.801150268864523, 0.826612667692128, 0.7391304347826086, 0.8223835450695703, 0.8204817599554443, 0.6408737530099758, 0.698211561437368, 0.6803531079393148, 0.7538774472412917]","[array([[10,  1,  1,  0],
       [ 2,  6,  0,  1],
       [ 0,  0,  5,  5],
       [ 0,  0,  6,  9]]), array([[11,  1,  0,  0],
       [ 3,  6,  0,  0],
       [ 0,  0,  7,  3],
       [ 0,  0,  2, 13]]), array([[ 9,  2,  0,  0],
       [ 1,  9,  0,  0],
       [ 0,  0,  8,  2],
       [ 0,  1,  2, 12]]), array([[ 8,  3,  0,  0],
       [ 1,  8,  0,  1],
       [ 0,  0,  7,  3],
       [ 1,  0,  3, 11]]), array([[ 9,  1,  0,  1],
       [ 2,  8,  0,  0],
       [ 0,  0,  8,  2],
       [ 0,  0,  2, 12]]), array([[11,  0,  0,  0],
       [ 2,  8,  0,  0],
       [ 0,  0,  7,  2],
       [ 0,  1,  3, 11]]), array([[ 7,  3,  1,  0],
       [ 2,  4,  0,  3],
       [ 0,  0,  6,  4],
       [ 0,  1,  2, 12]]), array([[11,  0,  0,  0],
       [ 4,  4,  0,  1],
       [ 0,  0,  6,  4],
       [ 0,  2,  2, 11]]), array([[10,  1,  0,  0],
       [ 4,  4,  0,  1],
       [ 0,  0,  7,  3],
       [ 1,  0,  4, 10]]), array([[ 9,  2,  0,  0],
       [ 2,  7,  0,  0],
       [ 1,  0,  6,  3],
       [ 0,  0,  3, 12]])]"
3,"[1.0, 1.0, 1.0, 1.0, 1.0, 1.0, 1.0, 1.0, 1.0, 1.0]","[1.0, 1.0, 1.0, 1.0, 1.0, 1.0, 1.0, 1.0, 1.0, 1.0]","[1.0, 1.0, 1.0, 1.0, 1.0, 1.0, 1.0, 1.0, 1.0, 1.0]","[1.0, 1.0, 1.0, 1.0, 1.0, 1.0, 1.0, 1.0, 1.0, 1.0]","[1.0, 1.0, 1.0, 1.0, 1.0, 1.0, 1.0, 1.0, 1.0, 1.0]","[1.0, 1.0, 1.0, 1.0, 1.0, 1.0, 1.0, 1.0, 1.0, 1.0]","[1.0, 1.0, 1.0, 1.0, 1.0, 1.0, 1.0, 1.0, 1.0, 1.0]","[1.0, 1.0, 1.0, 1.0, 1.0, 1.0, 1.0, 1.0, 1.0, 1.0]","[1.0, 1.0, 1.0, 1.0, 1.0, 1.0, 1.0, 1.0, 1.0, 1.0]","[1.0, 1.0, 1.0, 1.0, 1.0, 1.0, 1.0, 1.0, 1.0, 1.0]","[array([[100,   0,   0,   0],
       [  0, 135,   0,   0],
       [  0,   0,  89,   0],
       [  0,   0,   0, 134]]), array([[100,   0,   0,   0],
       [  0, 124,   0,   0],
       [  0,   0,  89,   0],
       [  0,   0,   0, 134]]), array([[101,   0,   0,   0],
       [  0, 140,   0,   0],
       [  0,   0,  89,   0],
       [  0,   0,   0, 134]]), array([[101,   0,   0,   0],
       [  0, 138,   0,   0],
       [  0,   0,  89,   0],
       [  0,   0,   0, 134]]), array([[101,   0,   0,   0],
       [  0, 131,   0,   0],
       [  0,   0,  89,   0],
       [  0,   0,   0, 135]]), array([[101,   0,   0,   0],
       [  0, 136,   0,   0],
       [  0,   0,  90,   0],
       [  0,   0,   0, 134]]), array([[101,   0,   0,   0],
       [  0, 138,   0,   0],
       [  0,   0,  89,   0],
       [  0,   0,   0, 134]]), array([[101,   0,   0,   0],
       [  0, 136,   0,   0],
       [  0,   0,  89,   0],
       [  0,   0,   0, 134]]), array([[101,   0,   0,   0],
       [  0, 136,   0,   0],
       [  0,   0,  89,   0],
       [  0,   0,   0, 134]]), array([[101,   0,   0,   0],
       [  0, 121,   0,   0],
       [  0,   0,  89,   0],
       [  0,   0,   0, 134]])]","[0.717391304347826, 0.7391304347826086, 0.7391304347826086, 0.782608695652174, 0.7777777777777778, 0.8222222222222222, 0.6666666666666666, 0.7777777777777778, 0.7555555555555555, 0.6444444444444445]","[0.717391304347826, 0.7391304347826086, 0.7391304347826086, 0.782608695652174, 0.7777777777777778, 0.8222222222222222, 0.6666666666666666, 0.7777777777777778, 0.7555555555555555, 0.6444444444444445]","[0.717391304347826, 0.7391304347826086, 0.7391304347826086, 0.782608695652174, 0.7777777777777778, 0.8222222222222222, 0.6666666666666666, 0.7777777777777778, 0.7555555555555555, 0.6444444444444445]","[0.717391304347826, 0.7391304347826086, 0.7391304347826086, 0.782608695652174, 0.7777777777777778, 0.8222222222222222, 0.6666666666666666, 0.7777777777777778, 0.7555555555555555, 0.6444444444444445]","[0.7328296703296703, 0.735498366013072, 0.7475961538461537, 0.7799422799422799, 0.7805555555555556, 0.817063492063492, 0.7103729603729603, 0.7906746031746033, 0.8062091503267974, 0.6291666666666667]","[0.7208333333333333, 0.7277777777777779, 0.7340909090909091, 0.7840909090909092, 0.7737012987012987, 0.8217171717171716, 0.6724747474747473, 0.7606060606060606, 0.7361111111111112, 0.6280303030303029]","[0.7178790412486065, 0.7291666666666667, 0.7350241545893719, 0.778000447828034, 0.7754675293931981, 0.8187323005164084, 0.6688948306595365, 0.7685276679841897, 0.7344852515905147, 0.6280721966205838]","[0.7342928810320114, 0.7356138107416881, 0.752257525083612, 0.7882865926344186, 0.7775308641975308, 0.8227513227513228, 0.7157731157731159, 0.7825396825396825, 0.797676107480029, 0.6411111111111112]","[0.717391304347826, 0.7391304347826086, 0.7391304347826086, 0.782608695652174, 0.7777777777777778, 0.8222222222222222, 0.6666666666666666, 0.7777777777777778, 0.7555555555555555, 0.6444444444444445]","[0.7171913625127236, 0.7349033816425121, 0.7406007141356857, 0.7816945423392201, 0.7760610922608872, 0.8217557887722805, 0.6701921172509407, 0.7733347972478408, 0.7455497718655614, 0.6421915002560163]","[array([[11,  1,  0,  0],
       [ 3,  6,  0,  0],
       [ 0,  0,  7,  3],
       [ 0,  0,  6,  9]]), array([[10,  2,  0,  0],
       [ 2,  7,  0,  0],
       [ 0,  0,  5,  5],
       [ 0,  0,  3, 12]]), array([[ 7,  4,  0,  0],
       [ 2,  8,  0,  0],
       [ 0,  0,  7,  3],
       [ 1,  1,  1, 12]]), array([[ 7,  4,  0,  0],
       [ 1,  8,  0,  1],
       [ 0,  0,  9,  1],
       [ 1,  0,  2, 12]]), array([[10,  1,  0,  0],
       [ 2,  8,  0,  0],
       [ 0,  0,  6,  4],
       [ 0,  0,  3, 11]]), array([[10,  1,  0,  0],
       [ 2,  8,  0,  0],
       [ 0,  0,  7,  2],
       [ 0,  1,  2, 12]]), array([[ 6,  4,  1,  0],
       [ 0,  7,  0,  2],
       [ 0,  0,  7,  3],
       [ 0,  2,  3, 10]]), array([[10,  1,  0,  0],
       [ 2,  6,  0,  1],
       [ 0,  0,  6,  4],
       [ 0,  0,  2, 13]]), array([[11,  0,  0,  0],
       [ 5,  4,  0,  0],
       [ 0,  0,  7,  3],
       [ 1,  0,  2, 12]]), array([[ 6,  3,  2,  0],
       [ 3,  6,  0,  0],
       [ 1,  0,  5,  4],
       [ 0,  0,  3, 12]])]"
4,"[1.0, 1.0, 1.0, 1.0, 1.0, 1.0, 1.0, 1.0, 1.0, 1.0]","[1.0, 1.0, 1.0, 1.0, 1.0, 1.0, 1.0, 1.0, 1.0, 1.0]","[1.0, 1.0, 1.0, 1.0, 1.0, 1.0, 1.0, 1.0, 1.0, 1.0]","[1.0, 1.0, 1.0, 1.0, 1.0, 1.0, 1.0, 1.0, 1.0, 1.0]","[1.0, 1.0, 1.0, 1.0, 1.0, 1.0, 1.0, 1.0, 1.0, 1.0]","[1.0, 1.0, 1.0, 1.0, 1.0, 1.0, 1.0, 1.0, 1.0, 1.0]","[1.0, 1.0, 1.0, 1.0, 1.0, 1.0, 1.0, 1.0, 1.0, 1.0]","[1.0, 1.0, 1.0, 1.0, 1.0, 1.0, 1.0, 1.0, 1.0, 1.0]","[1.0, 1.0, 1.0, 1.0, 1.0, 1.0, 1.0, 1.0, 1.0, 1.0]","[1.0, 1.0, 1.0, 1.0, 1.0, 1.0, 1.0, 1.0, 1.0, 1.0]","[array([[100,   0,   0,   0],
       [  0, 135,   0,   0],
       [  0,   0,  89,   0],
       [  0,   0,   0, 134]]), array([[100,   0,   0,   0],
       [  0, 124,   0,   0],
       [  0,   0,  89,   0],
       [  0,   0,   0, 134]]), array([[101,   0,   0,   0],
       [  0, 140,   0,   0],
       [  0,   0,  89,   0],
       [  0,   0,   0, 134]]), array([[101,   0,   0,   0],
       [  0, 138,   0,   0],
       [  0,   0,  89,   0],
       [  0,   0,   0, 134]]), array([[101,   0,   0,   0],
       [  0, 131,   0,   0],
       [  0,   0,  89,   0],
       [  0,   0,   0, 135]]), array([[101,   0,   0,   0],
       [  0, 136,   0,   0],
       [  0,   0,  90,   0],
       [  0,   0,   0, 134]]), array([[101,   0,   0,   0],
       [  0, 138,   0,   0],
       [  0,   0,  89,   0],
       [  0,   0,   0, 134]]), array([[101,   0,   0,   0],
       [  0, 136,   0,   0],
       [  0,   0,  89,   0],
       [  0,   0,   0, 134]]), array([[101,   0,   0,   0],
       [  0, 136,   0,   0],
       [  0,   0,  89,   0],
       [  0,   0,   0, 134]]), array([[101,   0,   0,   0],
       [  0, 121,   0,   0],
       [  0,   0,  89,   0],
       [  0,   0,   0, 134]])]","[0.6956521739130435, 0.7391304347826086, 0.782608695652174, 0.7608695652173914, 0.8444444444444444, 0.8, 0.6888888888888889, 0.8, 0.8, 0.7555555555555555]","[0.6956521739130435, 0.7391304347826086, 0.782608695652174, 0.7608695652173914, 0.8444444444444444, 0.8, 0.6888888888888889, 0.8, 0.8, 0.7555555555555555]","[0.6956521739130435, 0.7391304347826086, 0.782608695652174, 0.7608695652173914, 0.8444444444444444, 0.8, 0.6888888888888889, 0.8, 0.8, 0.7555555555555555]","[0.6956521739130435, 0.7391304347826086, 0.782608695652174, 0.7608695652173914, 0.8444444444444444, 0.8, 0.6888888888888889, 0.8, 0.8, 0.7555555555555555]","[0.7087912087912087, 0.735498366013072, 0.791826923076923, 0.7611111111111111, 0.8448412698412698, 0.7948717948717948, 0.724905303030303, 0.8077686202686203, 0.8214285714285714, 0.7562500000000001]","[0.6958333333333333, 0.7277777777777779, 0.7818181818181817, 0.759090909090909, 0.8415584415584415, 0.805050505050505, 0.6863636363636363, 0.7916666666666665, 0.7916666666666665, 0.7489898989898991]","[0.6961163836163836, 0.7291666666666667, 0.7805728088336783, 0.7568181818181818, 0.8422033344230141, 0.798030402092187, 0.6857081248921857, 0.7944255800792304, 0.7949999999999999, 0.75153452685422]","[0.7071189679885331, 0.7356138107416881, 0.7928929765886288, 0.7657004830917874, 0.845679012345679, 0.8035327635327636, 0.7308501683501684, 0.8011056844390178, 0.8142857142857142, 0.7583333333333333]","[0.6956521739130435, 0.7391304347826086, 0.782608695652174, 0.7608695652173914, 0.8444444444444444, 0.8, 0.6888888888888889, 0.8, 0.8, 0.7555555555555555]","[0.6956793206793207, 0.7349033816425121, 0.7822786329402587, 0.7602766798418972, 0.844139333841851, 0.7996113472086012, 0.6907243210089511, 0.7958812802615859, 0.7973333333333332, 0.7560102301790282]","[array([[11,  1,  0,  0],
       [ 3,  6,  0,  0],
       [ 0,  0,  6,  4],
       [ 0,  0,  6,  9]]), array([[10,  2,  0,  0],
       [ 2,  7,  0,  0],
       [ 0,  0,  5,  5],
       [ 0,  0,  3, 12]]), array([[ 8,  3,  0,  0],
       [ 1,  9,  0,  0],
       [ 0,  0,  7,  3],
       [ 1,  1,  1, 12]]), array([[ 7,  4,  0,  0],
       [ 1,  8,  0,  1],
       [ 0,  0,  8,  2],
       [ 1,  0,  2, 12]]), array([[10,  1,  0,  0],
       [ 2,  8,  0,  0],
       [ 0,  0,  8,  2],
       [ 0,  0,  2, 12]]), array([[10,  1,  0,  0],
       [ 2,  8,  0,  0],
       [ 0,  0,  7,  2],
       [ 0,  1,  3, 11]]), array([[ 6,  4,  1,  0],
       [ 0,  6,  0,  3],
       [ 0,  0,  8,  2],
       [ 0,  1,  3, 11]]), array([[11,  0,  0,  0],
       [ 2,  6,  0,  1],
       [ 0,  0,  7,  3],
       [ 0,  1,  2, 12]]), array([[11,  0,  0,  0],
       [ 3,  6,  0,  0],
       [ 0,  0,  7,  3],
       [ 0,  0,  3, 12]]), array([[ 9,  1,  1,  0],
       [ 2,  7,  0,  0],
       [ 1,  0,  6,  3],
       [ 0,  0,  3, 12]])]"
5,"[1.0, 1.0, 1.0, 1.0, 1.0, 1.0, 1.0, 1.0, 1.0, 1.0]","[1.0, 1.0, 1.0, 1.0, 1.0, 1.0, 1.0, 1.0, 1.0, 1.0]","[1.0, 1.0, 1.0, 1.0, 1.0, 1.0, 1.0, 1.0, 1.0, 1.0]","[1.0, 1.0, 1.0, 1.0, 1.0, 1.0, 1.0, 1.0, 1.0, 1.0]","[1.0, 1.0, 1.0, 1.0, 1.0, 1.0, 1.0, 1.0, 1.0, 1.0]","[1.0, 1.0, 1.0, 1.0, 1.0, 1.0, 1.0, 1.0, 1.0, 1.0]","[1.0, 1.0, 1.0, 1.0, 1.0, 1.0, 1.0, 1.0, 1.0, 1.0]","[1.0, 1.0, 1.0, 1.0, 1.0, 1.0, 1.0, 1.0, 1.0, 1.0]","[1.0, 1.0, 1.0, 1.0, 1.0, 1.0, 1.0, 1.0, 1.0, 1.0]","[1.0, 1.0, 1.0, 1.0, 1.0, 1.0, 1.0, 1.0, 1.0, 1.0]","[array([[100,   0,   0,   0],
       [  0, 135,   0,   0],
       [  0,   0,  89,   0],
       [  0,   0,   0, 134]]), array([[100,   0,   0,   0],
       [  0, 124,   0,   0],
       [  0,   0,  89,   0],
       [  0,   0,   0, 134]]), array([[101,   0,   0,   0],
       [  0, 140,   0,   0],
       [  0,   0,  89,   0],
       [  0,   0,   0, 134]]), array([[101,   0,   0,   0],
       [  0, 138,   0,   0],
       [  0,   0,  89,   0],
       [  0,   0,   0, 134]]), array([[101,   0,   0,   0],
       [  0, 131,   0,   0],
       [  0,   0,  89,   0],
       [  0,   0,   0, 135]]), array([[101,   0,   0,   0],
       [  0, 136,   0,   0],
       [  0,   0,  90,   0],
       [  0,   0,   0, 134]]), array([[101,   0,   0,   0],
       [  0, 138,   0,   0],
       [  0,   0,  89,   0],
       [  0,   0,   0, 134]]), array([[101,   0,   0,   0],
       [  0, 136,   0,   0],
       [  0,   0,  89,   0],
       [  0,   0,   0, 134]]), array([[101,   0,   0,   0],
       [  0, 136,   0,   0],
       [  0,   0,  89,   0],
       [  0,   0,   0, 134]]), array([[101,   0,   0,   0],
       [  0, 121,   0,   0],
       [  0,   0,  89,   0],
       [  0,   0,   0, 134]])]","[0.7391304347826086, 0.8260869565217391, 0.7608695652173914, 0.782608695652174, 0.8, 0.7333333333333333, 0.7111111111111111, 0.7333333333333333, 0.7555555555555555, 0.8]","[0.7391304347826086, 0.8260869565217391, 0.7608695652173914, 0.782608695652174, 0.8, 0.7333333333333333, 0.7111111111111111, 0.7333333333333333, 0.7555555555555555, 0.8]","[0.7391304347826086, 0.8260869565217391, 0.7608695652173914, 0.782608695652174, 0.8, 0.7333333333333333, 0.7111111111111111, 0.7333333333333333, 0.7555555555555555, 0.8]","[0.7391304347826086, 0.8260869565217391, 0.7608695652173914, 0.782608695652174, 0.8, 0.7333333333333333, 0.7111111111111111, 0.7333333333333333, 0.7555555555555555, 0.8]","[0.7488553113553114, 0.8472222222222222, 0.8100198412698413, 0.7988153594771241, 0.8041666666666667, 0.7357905982905983, 0.7541208791208791, 0.7351827094474154, 0.7607600732600732, 0.7938311688311689]","[0.7374999999999999, 0.8180555555555555, 0.7507575757575757, 0.7734848484848486, 0.7961038961038961, 0.7257575757575758, 0.7164141414141414, 0.7212121212121212, 0.7439393939393939, 0.8017676767676767]","[0.7367007992007992, 0.8280971479500892, 0.7561802232854864, 0.7793876262626263, 0.7956525325853819, 0.7253836317135549, 0.7006482554177456, 0.7264107796228539, 0.7472764572722128, 0.7969683220590662]","[0.7503185220576525, 0.8333333333333334, 0.8018892339544514, 0.7970659278204034, 0.8056790123456791, 0.7435422602089269, 0.7678876678876678, 0.7334422657952069, 0.7576109076109075, 0.8012698412698412]","[0.7391304347826086, 0.8260869565217391, 0.7608695652173914, 0.782608695652174, 0.8, 0.7333333333333333, 0.7111111111111111, 0.7333333333333333, 0.7555555555555555, 0.8]","[0.7387340919949615, 0.8251181895683174, 0.7592053255668816, 0.7834348924022837, 0.7985876918000331, 0.7335436203466893, 0.7068371117471567, 0.7315273477812178, 0.7521190970257183, 0.7998386771526517]","[array([[11,  1,  0,  0],
       [ 3,  6,  0,  0],
       [ 0,  0,  7,  3],
       [ 0,  0,  5, 10]]), array([[11,  0,  0,  1],
       [ 1,  8,  0,  0],
       [ 0,  0,  6,  4],
       [ 0,  0,  2, 13]]), array([[ 7,  4,  0,  0],
       [ 0,  9,  0,  1],
       [ 0,  0,  6,  4],
       [ 1,  1,  0, 13]]), array([[ 8,  3,  0,  0],
       [ 1,  8,  0,  1],
       [ 0,  0,  7,  3],
       [ 0,  1,  1, 13]]), array([[ 8,  3,  0,  0],
       [ 1,  9,  0,  0],
       [ 0,  0,  7,  3],
       [ 0,  0,  2, 12]]), array([[ 7,  4,  0,  0],
       [ 2,  8,  0,  0],
       [ 0,  0,  6,  3],
       [ 0,  1,  2, 12]]), array([[ 5,  5,  1,  0],
       [ 0,  7,  0,  2],
       [ 0,  0,  9,  1],
       [ 0,  1,  3, 11]]), array([[ 9,  2,  0,  0],
       [ 2,  6,  0,  1],
       [ 0,  0,  6,  4],
       [ 0,  0,  3, 12]]), array([[10,  1,  0,  0],
       [ 3,  6,  0,  0],
       [ 0,  0,  6,  4],
       [ 0,  0,  3, 12]]), array([[ 9,  2,  0,  0],
       [ 1,  8,  0,  0],
       [ 1,  0,  7,  2],
       [ 0,  0,  3, 12]])]"
6,"[1.0, 1.0, 1.0, 1.0, 1.0, 1.0, 1.0, 1.0, 1.0, 1.0]","[1.0, 1.0, 1.0, 1.0, 1.0, 1.0, 1.0, 1.0, 1.0, 1.0]","[1.0, 1.0, 1.0, 1.0, 1.0, 1.0, 1.0, 1.0, 1.0, 1.0]","[1.0, 1.0, 1.0, 1.0, 1.0, 1.0, 1.0, 1.0, 1.0, 1.0]","[1.0, 1.0, 1.0, 1.0, 1.0, 1.0, 1.0, 1.0, 1.0, 1.0]","[1.0, 1.0, 1.0, 1.0, 1.0, 1.0, 1.0, 1.0, 1.0, 1.0]","[1.0, 1.0, 1.0, 1.0, 1.0, 1.0, 1.0, 1.0, 1.0, 1.0]","[1.0, 1.0, 1.0, 1.0, 1.0, 1.0, 1.0, 1.0, 1.0, 1.0]","[1.0, 1.0, 1.0, 1.0, 1.0, 1.0, 1.0, 1.0, 1.0, 1.0]","[1.0, 1.0, 1.0, 1.0, 1.0, 1.0, 1.0, 1.0, 1.0, 1.0]","[array([[100,   0,   0,   0],
       [  0, 135,   0,   0],
       [  0,   0,  89,   0],
       [  0,   0,   0, 134]]), array([[100,   0,   0,   0],
       [  0, 124,   0,   0],
       [  0,   0,  89,   0],
       [  0,   0,   0, 134]]), array([[101,   0,   0,   0],
       [  0, 140,   0,   0],
       [  0,   0,  89,   0],
       [  0,   0,   0, 134]]), array([[101,   0,   0,   0],
       [  0, 138,   0,   0],
       [  0,   0,  89,   0],
       [  0,   0,   0, 134]]), array([[101,   0,   0,   0],
       [  0, 131,   0,   0],
       [  0,   0,  89,   0],
       [  0,   0,   0, 135]]), array([[101,   0,   0,   0],
       [  0, 136,   0,   0],
       [  0,   0,  90,   0],
       [  0,   0,   0, 134]]), array([[101,   0,   0,   0],
       [  0, 138,   0,   0],
       [  0,   0,  89,   0],
       [  0,   0,   0, 134]]), array([[101,   0,   0,   0],
       [  0, 136,   0,   0],
       [  0,   0,  89,   0],
       [  0,   0,   0, 134]]), array([[101,   0,   0,   0],
       [  0, 136,   0,   0],
       [  0,   0,  89,   0],
       [  0,   0,   0, 134]]), array([[101,   0,   0,   0],
       [  0, 121,   0,   0],
       [  0,   0,  89,   0],
       [  0,   0,   0, 134]])]","[0.717391304347826, 0.8260869565217391, 0.7391304347826086, 0.8043478260869565, 0.8222222222222222, 0.7333333333333333, 0.6888888888888889, 0.8, 0.7777777777777778, 0.7555555555555555]","[0.717391304347826, 0.8260869565217391, 0.7391304347826086, 0.8043478260869565, 0.8222222222222222, 0.7333333333333333, 0.6888888888888889, 0.8, 0.7777777777777778, 0.7555555555555555]","[0.717391304347826, 0.8260869565217391, 0.7391304347826086, 0.8043478260869565, 0.8222222222222222, 0.7333333333333333, 0.6888888888888889, 0.8, 0.7777777777777778, 0.7555555555555555]","[0.717391304347826, 0.8260869565217391, 0.7391304347826086, 0.8043478260869565, 0.8222222222222222, 0.7333333333333333, 0.6888888888888889, 0.8, 0.7777777777777778, 0.7555555555555555]","[0.7328296703296703, 0.8349358974358975, 0.7555555555555556, 0.8048926767676767, 0.823989898989899, 0.7388888888888888, 0.7266483516483517, 0.8082399626517274, 0.7815934065934065, 0.7486111111111111]","[0.7208333333333333, 0.8222222222222222, 0.7234848484848485, 0.7962121212121213, 0.8188311688311688, 0.7318181818181818, 0.6946969696969696, 0.7856060606060605, 0.7689393939393938, 0.7489898989898991]","[0.7178790412486065, 0.8267372415859382, 0.7255140692640694, 0.7997491896897669, 0.8196785066113559, 0.7318181818181818, 0.6873936981089287, 0.7922268306636155, 0.7708333333333333, 0.7479913551995931]","[0.7342928810320114, 0.8259476031215162, 0.7528985507246376, 0.8060084541062801, 0.8235465768799102, 0.7432098765432098, 0.7363858363858365, 0.8028737420894283, 0.7816849816849817, 0.7537037037037037]","[0.717391304347826, 0.8260869565217391, 0.7391304347826086, 0.8043478260869565, 0.8222222222222222, 0.7333333333333333, 0.6888888888888889, 0.8, 0.7777777777777778, 0.7555555555555555]","[0.7171913625127236, 0.8243321942344517, 0.7330839450404668, 0.8043847346275927, 0.8212139544262956, 0.734949494949495, 0.6906328348430827, 0.7971364098652428, 0.775925925925926, 0.7538774472412917]","[array([[11,  1,  0,  0],
       [ 3,  6,  0,  0],
       [ 0,  0,  7,  3],
       [ 0,  0,  6,  9]]), array([[12,  0,  0,  0],
       [ 1,  8,  0,  0],
       [ 0,  0,  6,  4],
       [ 0,  0,  3, 12]]), array([[ 8,  3,  0,  0],
       [ 2,  8,  0,  0],
       [ 0,  0,  5,  5],
       [ 0,  1,  1, 13]]), array([[ 9,  2,  0,  0],
       [ 2,  7,  0,  1],
       [ 0,  0,  8,  2],
       [ 0,  1,  1, 13]]), array([[ 9,  2,  0,  0],
       [ 1,  9,  0,  0],
       [ 0,  0,  7,  3],
       [ 0,  0,  2, 12]]), array([[ 8,  3,  0,  0],
       [ 1,  8,  0,  1],
       [ 0,  0,  6,  3],
       [ 0,  1,  3, 11]]), array([[ 6,  4,  1,  0],
       [ 0,  6,  0,  3],
       [ 0,  0,  9,  1],
       [ 0,  2,  3, 10]]), array([[10,  1,  0,  0],
       [ 2,  6,  0,  1],
       [ 0,  0,  7,  3],
       [ 0,  0,  2, 13]]), array([[10,  1,  0,  0],
       [ 3,  6,  0,  0],
       [ 0,  0,  7,  3],
       [ 0,  0,  3, 12]]), array([[ 9,  2,  0,  0],
       [ 2,  7,  0,  0],
       [ 1,  0,  6,  3],
       [ 0,  0,  3, 12]])]"
7,"[1.0, 1.0, 1.0, 1.0, 1.0, 1.0, 1.0, 1.0, 1.0, 1.0]","[1.0, 1.0, 1.0, 1.0, 1.0, 1.0, 1.0, 1.0, 1.0, 1.0]","[1.0, 1.0, 1.0, 1.0, 1.0, 1.0, 1.0, 1.0, 1.0, 1.0]","[1.0, 1.0, 1.0, 1.0, 1.0, 1.0, 1.0, 1.0, 1.0, 1.0]","[1.0, 1.0, 1.0, 1.0, 1.0, 1.0, 1.0, 1.0, 1.0, 1.0]","[1.0, 1.0, 1.0, 1.0, 1.0, 1.0, 1.0, 1.0, 1.0, 1.0]","[1.0, 1.0, 1.0, 1.0, 1.0, 1.0, 1.0, 1.0, 1.0, 1.0]","[1.0, 1.0, 1.0, 1.0, 1.0, 1.0, 1.0, 1.0, 1.0, 1.0]","[1.0, 1.0, 1.0, 1.0, 1.0, 1.0, 1.0, 1.0, 1.0, 1.0]","[1.0, 1.0, 1.0, 1.0, 1.0, 1.0, 1.0, 1.0, 1.0, 1.0]","[array([[100,   0,   0,   0],
       [  0, 135,   0,   0],
       [  0,   0,  89,   0],
       [  0,   0,   0, 134]]), array([[100,   0,   0,   0],
       [  0, 124,   0,   0],
       [  0,   0,  89,   0],
       [  0,   0,   0, 134]]), array([[101,   0,   0,   0],
       [  0, 140,   0,   0],
       [  0,   0,  89,   0],
       [  0,   0,   0, 134]]), array([[101,   0,   0,   0],
       [  0, 138,   0,   0],
       [  0,   0,  89,   0],
       [  0,   0,   0, 134]]), array([[101,   0,   0,   0],
       [  0, 131,   0,   0],
       [  0,   0,  89,   0],
       [  0,   0,   0, 135]]), array([[101,   0,   0,   0],
       [  0, 136,   0,   0],
       [  0,   0,  90,   0],
       [  0,   0,   0, 134]]), array([[101,   0,   0,   0],
       [  0, 138,   0,   0],
       [  0,   0,  89,   0],
       [  0,   0,   0, 134]]), array([[101,   0,   0,   0],
       [  0, 136,   0,   0],
       [  0,   0,  89,   0],
       [  0,   0,   0, 134]]), array([[101,   0,   0,   0],
       [  0, 136,   0,   0],
       [  0,   0,  89,   0],
       [  0,   0,   0, 134]]), array([[101,   0,   0,   0],
       [  0, 121,   0,   0],
       [  0,   0,  89,   0],
       [  0,   0,   0, 134]])]","[0.717391304347826, 0.8478260869565217, 0.7608695652173914, 0.8043478260869565, 0.7777777777777778, 0.7555555555555555, 0.6444444444444445, 0.7333333333333333, 0.7111111111111111, 0.6888888888888889]","[0.717391304347826, 0.8478260869565217, 0.7608695652173914, 0.8043478260869565, 0.7777777777777778, 0.7555555555555555, 0.6444444444444445, 0.7333333333333333, 0.7111111111111111, 0.6888888888888889]","[0.717391304347826, 0.8478260869565217, 0.7608695652173914, 0.8043478260869565, 0.7777777777777778, 0.7555555555555555, 0.6444444444444445, 0.7333333333333333, 0.7111111111111111, 0.6888888888888889]","[0.717391304347826, 0.8478260869565217, 0.7608695652173914, 0.8043478260869565, 0.7777777777777778, 0.7555555555555555, 0.6444444444444445, 0.7333333333333333, 0.7111111111111111, 0.6888888888888889]","[0.717948717948718, 0.8489583333333333, 0.8024628879892037, 0.8149732620320855, 0.7762626262626262, 0.7730769230769231, 0.66504329004329, 0.7351827094474154, 0.7076118326118327, 0.6791666666666666]","[0.7166666666666667, 0.8430555555555556, 0.7484848484848485, 0.7901515151515153, 0.7711038961038962, 0.7568181818181818, 0.6446969696969697, 0.7212121212121212, 0.6901515151515152, 0.6757575757575758]","[0.7141329258976318, 0.8452768345595171, 0.7536049602907524, 0.7981150793650793, 0.7720594589923083, 0.7561784897025171, 0.6428571428571428, 0.7264107796228539, 0.6925133689839573, 0.6760045274476514]","[0.7250557413600892, 0.8470712560386474, 0.7939036554597195, 0.8155777726110207, 0.7789001122334456, 0.776068376068376, 0.6731601731601731, 0.7334422657952069, 0.7105820105820105, 0.6892592592592592]","[0.717391304347826, 0.8478260869565217, 0.7608695652173914, 0.8043478260869565, 0.7777777777777778, 0.7555555555555555, 0.6444444444444445, 0.7333333333333333, 0.7111111111111111, 0.6888888888888889]","[0.7180622446607102, 0.8467188307374327, 0.7567355018815805, 0.8056849551414769, 0.776769509981851, 0.757538774472413, 0.6476190476190475, 0.7315273477812178, 0.7044563279857398, 0.687694145758662]","[array([[10,  2,  0,  0],
       [ 3,  6,  0,  0],
       [ 0,  0,  7,  3],
       [ 0,  0,  5, 10]]), array([[11,  1,  0,  0],
       [ 1,  8,  0,  0],
       [ 0,  0,  7,  3],
       [ 0,  0,  2, 13]]), array([[ 8,  3,  0,  0],
       [ 0,  9,  0,  1],
       [ 0,  0,  5,  5],
       [ 0,  1,  1, 13]]), array([[ 8,  3,  0,  0],
       [ 2,  7,  0,  1],
       [ 0,  0,  8,  2],
       [ 0,  1,  0, 14]]), array([[ 8,  3,  0,  0],
       [ 2,  8,  0,  0],
       [ 0,  0,  7,  3],
       [ 0,  0,  2, 12]]), array([[ 8,  3,  0,  0],
       [ 0,  9,  0,  1],
       [ 0,  0,  6,  3],
       [ 0,  1,  3, 11]]), array([[ 6,  4,  1,  0],
       [ 1,  6,  0,  2],
       [ 0,  0,  7,  3],
       [ 0,  2,  3, 10]]), array([[ 9,  2,  0,  0],
       [ 2,  6,  0,  1],
       [ 0,  0,  6,  4],
       [ 0,  0,  3, 12]]), array([[ 8,  3,  0,  0],
       [ 3,  6,  0,  0],
       [ 0,  0,  5,  5],
       [ 0,  0,  2, 13]]), array([[ 7,  4,  0,  0],
       [ 2,  6,  0,  1],
       [ 1,  0,  6,  3],
       [ 0,  0,  3, 12]])]"
8,"[1.0, 1.0, 1.0, 1.0, 1.0, 1.0, 1.0, 1.0, 1.0, 1.0]","[1.0, 1.0, 1.0, 1.0, 1.0, 1.0, 1.0, 1.0, 1.0, 1.0]","[1.0, 1.0, 1.0, 1.0, 1.0, 1.0, 1.0, 1.0, 1.0, 1.0]","[1.0, 1.0, 1.0, 1.0, 1.0, 1.0, 1.0, 1.0, 1.0, 1.0]","[1.0, 1.0, 1.0, 1.0, 1.0, 1.0, 1.0, 1.0, 1.0, 1.0]","[1.0, 1.0, 1.0, 1.0, 1.0, 1.0, 1.0, 1.0, 1.0, 1.0]","[1.0, 1.0, 1.0, 1.0, 1.0, 1.0, 1.0, 1.0, 1.0, 1.0]","[1.0, 1.0, 1.0, 1.0, 1.0, 1.0, 1.0, 1.0, 1.0, 1.0]","[1.0, 1.0, 1.0, 1.0, 1.0, 1.0, 1.0, 1.0, 1.0, 1.0]","[1.0, 1.0, 1.0, 1.0, 1.0, 1.0, 1.0, 1.0, 1.0, 1.0]","[array([[100,   0,   0,   0],
       [  0, 135,   0,   0],
       [  0,   0,  89,   0],
       [  0,   0,   0, 134]]), array([[100,   0,   0,   0],
       [  0, 124,   0,   0],
       [  0,   0,  89,   0],
       [  0,   0,   0, 134]]), array([[101,   0,   0,   0],
       [  0, 140,   0,   0],
       [  0,   0,  89,   0],
       [  0,   0,   0, 134]]), array([[101,   0,   0,   0],
       [  0, 138,   0,   0],
       [  0,   0,  89,   0],
       [  0,   0,   0, 134]]), array([[101,   0,   0,   0],
       [  0, 131,   0,   0],
       [  0,   0,  89,   0],
       [  0,   0,   0, 135]]), array([[101,   0,   0,   0],
       [  0, 136,   0,   0],
       [  0,   0,  90,   0],
       [  0,   0,   0, 134]]), array([[101,   0,   0,   0],
       [  0, 138,   0,   0],
       [  0,   0,  89,   0],
       [  0,   0,   0, 134]]), array([[101,   0,   0,   0],
       [  0, 136,   0,   0],
       [  0,   0,  89,   0],
       [  0,   0,   0, 134]]), array([[101,   0,   0,   0],
       [  0, 136,   0,   0],
       [  0,   0,  89,   0],
       [  0,   0,   0, 134]]), array([[101,   0,   0,   0],
       [  0, 121,   0,   0],
       [  0,   0,  89,   0],
       [  0,   0,   0, 134]])]","[0.7608695652173914, 0.8260869565217391, 0.717391304347826, 0.8043478260869565, 0.8222222222222222, 0.7555555555555555, 0.6666666666666666, 0.8, 0.7111111111111111, 0.6888888888888889]","[0.7608695652173914, 0.8260869565217391, 0.717391304347826, 0.8043478260869565, 0.8222222222222222, 0.7555555555555555, 0.6666666666666666, 0.8, 0.7111111111111111, 0.6888888888888889]","[0.7608695652173914, 0.8260869565217391, 0.717391304347826, 0.8043478260869565, 0.8222222222222222, 0.7555555555555555, 0.6666666666666666, 0.8, 0.7111111111111111, 0.6888888888888889]","[0.7608695652173914, 0.8260869565217391, 0.717391304347826, 0.8043478260869565, 0.8222222222222222, 0.7555555555555555, 0.6666666666666666, 0.8, 0.7111111111111111, 0.6888888888888889]","[0.7886904761904763, 0.8351158645276292, 0.7384768740031898, 0.8048926767676767, 0.8240079365079366, 0.7730769230769231, 0.7272435897435898, 0.8082399626517274, 0.7026515151515151, 0.6805194805194804]","[0.7583333333333332, 0.8222222222222223, 0.6984848484848485, 0.7962121212121213, 0.8211038961038962, 0.7568181818181818, 0.6830808080808081, 0.7856060606060605, 0.6984848484848485, 0.6840909090909091]","[0.7622739329635881, 0.8269490528858378, 0.7045693277310924, 0.7997491896897669, 0.8188311688311688, 0.7561784897025171, 0.6644021739130435, 0.7922268306636155, 0.699927972423728, 0.6808832425892317]","[0.7789855072463768, 0.8295099330904957, 0.7339158172110117, 0.8060084541062801, 0.828395061728395, 0.776068376068376, 0.7416239316239316, 0.8028737420894283, 0.7092592592592593, 0.6944300144300144]","[0.7608695652173914, 0.8260869565217391, 0.717391304347826, 0.8043478260869565, 0.8222222222222222, 0.7555555555555555, 0.6666666666666666, 0.8, 0.7111111111111111, 0.6888888888888889]","[0.7605518918862246, 0.8258848622027659, 0.7123523322372426, 0.8043847346275927, 0.8218181818181819, 0.757538774472413, 0.6655797101449276, 0.7971364098652428, 0.7095265044331259, 0.6903004638031861]","[array([[12,  0,  0,  0],
       [ 2,  6,  0,  1],
       [ 0,  0,  7,  3],
       [ 0,  0,  5, 10]]), array([[10,  1,  0,  1],
       [ 1,  8,  0,  0],
       [ 0,  0,  7,  3],
       [ 0,  0,  2, 13]]), array([[ 8,  3,  0,  0],
       [ 2,  7,  0,  1],
       [ 0,  0,  5,  5],
       [ 0,  1,  1, 13]]), array([[ 9,  2,  0,  0],
       [ 2,  7,  0,  1],
       [ 0,  0,  8,  2],
       [ 0,  1,  1, 13]]), array([[ 8,  3,  0,  0],
       [ 1,  9,  0,  0],
       [ 0,  0,  8,  2],
       [ 0,  0,  2, 12]]), array([[ 8,  3,  0,  0],
       [ 0,  9,  0,  1],
       [ 0,  0,  6,  3],
       [ 0,  1,  3, 11]]), array([[5, 5, 1, 0],
       [0, 7, 0, 2],
       [0, 0, 9, 1],
       [0, 3, 3, 9]]), array([[10,  1,  0,  0],
       [ 2,  6,  0,  1],
       [ 0,  0,  7,  3],
       [ 0,  0,  2, 13]]), array([[ 8,  3,  0,  0],
       [ 3,  6,  0,  0],
       [ 0,  0,  6,  4],
       [ 0,  0,  3, 12]]), array([[ 7,  4,  0,  0],
       [ 2,  6,  0,  1],
       [ 1,  0,  7,  2],
       [ 0,  0,  4, 11]])]"
9,"[1.0, 1.0, 1.0, 1.0, 1.0, 1.0, 1.0, 1.0, 1.0, 1.0]","[1.0, 1.0, 1.0, 1.0, 1.0, 1.0, 1.0, 1.0, 1.0, 1.0]","[1.0, 1.0, 1.0, 1.0, 1.0, 1.0, 1.0, 1.0, 1.0, 1.0]","[1.0, 1.0, 1.0, 1.0, 1.0, 1.0, 1.0, 1.0, 1.0, 1.0]","[1.0, 1.0, 1.0, 1.0, 1.0, 1.0, 1.0, 1.0, 1.0, 1.0]","[1.0, 1.0, 1.0, 1.0, 1.0, 1.0, 1.0, 1.0, 1.0, 1.0]","[1.0, 1.0, 1.0, 1.0, 1.0, 1.0, 1.0, 1.0, 1.0, 1.0]","[1.0, 1.0, 1.0, 1.0, 1.0, 1.0, 1.0, 1.0, 1.0, 1.0]","[1.0, 1.0, 1.0, 1.0, 1.0, 1.0, 1.0, 1.0, 1.0, 1.0]","[1.0, 1.0, 1.0, 1.0, 1.0, 1.0, 1.0, 1.0, 1.0, 1.0]","[array([[100,   0,   0,   0],
       [  0, 135,   0,   0],
       [  0,   0,  89,   0],
       [  0,   0,   0, 134]]), array([[100,   0,   0,   0],
       [  0, 124,   0,   0],
       [  0,   0,  89,   0],
       [  0,   0,   0, 134]]), array([[101,   0,   0,   0],
       [  0, 140,   0,   0],
       [  0,   0,  89,   0],
       [  0,   0,   0, 134]]), array([[101,   0,   0,   0],
       [  0, 138,   0,   0],
       [  0,   0,  89,   0],
       [  0,   0,   0, 134]]), array([[101,   0,   0,   0],
       [  0, 131,   0,   0],
       [  0,   0,  89,   0],
       [  0,   0,   0, 135]]), array([[101,   0,   0,   0],
       [  0, 136,   0,   0],
       [  0,   0,  90,   0],
       [  0,   0,   0, 134]]), array([[101,   0,   0,   0],
       [  0, 138,   0,   0],
       [  0,   0,  89,   0],
       [  0,   0,   0, 134]]), array([[101,   0,   0,   0],
       [  0, 136,   0,   0],
       [  0,   0,  89,   0],
       [  0,   0,   0, 134]]), array([[101,   0,   0,   0],
       [  0, 136,   0,   0],
       [  0,   0,  89,   0],
       [  0,   0,   0, 134]]), array([[101,   0,   0,   0],
       [  0, 121,   0,   0],
       [  0,   0,  89,   0],
       [  0,   0,   0, 134]])]","[0.782608695652174, 0.8913043478260869, 0.782608695652174, 0.8043478260869565, 0.7555555555555555, 0.7777777777777778, 0.7111111111111111, 0.7777777777777778, 0.7555555555555555, 0.7333333333333333]","[0.782608695652174, 0.8913043478260869, 0.782608695652174, 0.8043478260869565, 0.7555555555555555, 0.7777777777777778, 0.7111111111111111, 0.7777777777777778, 0.7555555555555555, 0.7333333333333333]","[0.782608695652174, 0.8913043478260869, 0.782608695652174, 0.8043478260869565, 0.7555555555555555, 0.7777777777777778, 0.7111111111111111, 0.7777777777777778, 0.7555555555555555, 0.7333333333333333]","[0.782608695652174, 0.8913043478260869, 0.782608695652174, 0.8043478260869565, 0.7555555555555555, 0.7777777777777778, 0.7111111111111111, 0.7777777777777778, 0.7555555555555555, 0.7333333333333333]","[0.7966269841269842, 0.9072712418300652, 0.8007613301730948, 0.8100490196078431, 0.7533730158730159, 0.7980769230769231, 0.7142857142857143, 0.7776663695781343, 0.7531565656565656, 0.7305194805194805]","[0.7930555555555555, 0.8847222222222222, 0.7734848484848486, 0.7878787878787878, 0.7509740259740258, 0.7734848484848484, 0.7002525252525253, 0.7628787878787878, 0.7489898989898991, 0.7345959595959597]","[0.7928573591991883, 0.8937371001031992, 0.7752477621483377, 0.794519132977371, 0.7512912716574044, 0.7761974650345855, 0.6963394556773164, 0.7683515690965381, 0.7504330229287786, 0.7310085558724397]","[0.7945134575569359, 0.8965615231599887, 0.7987580762516823, 0.8102088661551576, 0.7561728395061729, 0.7982905982905982, 0.7261904761904763, 0.7777414669571532, 0.7537037037037037, 0.7388744588744588]","[0.782608695652174, 0.8913043478260869, 0.782608695652174, 0.8043478260869565, 0.7555555555555555, 0.7777777777777778, 0.7111111111111111, 0.7777777777777778, 0.7555555555555555, 0.7333333333333333]","[0.7866679308567062, 0.8916661058015883, 0.7798350105637717, 0.8030081307553698, 0.7550470378845666, 0.7790019834119029, 0.7081088188049139, 0.7757524939800482, 0.7539709488775704, 0.7346335186625568]","[array([[11,  1,  0,  0],
       [ 0,  8,  0,  1],
       [ 0,  0,  7,  3],
       [ 0,  0,  5, 10]]), array([[11,  0,  0,  1],
       [ 1,  8,  0,  0],
       [ 0,  0,  8,  2],
       [ 0,  0,  1, 14]]), array([[ 8,  3,  0,  0],
       [ 1,  9,  0,  0],
       [ 0,  0,  6,  4],
       [ 0,  1,  1, 13]]), array([[ 9,  2,  0,  0],
       [ 3,  6,  0,  1],
       [ 0,  0,  8,  2],
       [ 0,  1,  0, 14]]), array([[ 9,  2,  0,  0],
       [ 3,  7,  0,  0],
       [ 0,  0,  7,  3],
       [ 0,  1,  2, 11]]), array([[ 8,  3,  0,  0],
       [ 0,  9,  0,  1],
       [ 0,  0,  6,  3],
       [ 0,  1,  2, 12]]), array([[ 6,  4,  1,  0],
       [ 1,  5,  0,  3],
       [ 0,  0,  9,  1],
       [ 0,  1,  2, 12]]), array([[ 9,  2,  0,  0],
       [ 2,  6,  0,  1],
       [ 0,  0,  7,  3],
       [ 0,  0,  2, 13]]), array([[ 9,  2,  0,  0],
       [ 2,  7,  0,  0],
       [ 0,  0,  6,  4],
       [ 0,  0,  3, 12]]), array([[ 8,  3,  0,  0],
       [ 1,  7,  0,  1],
       [ 1,  0,  7,  2],
       [ 0,  0,  4, 11]])]"
10,"[1.0, 1.0, 1.0, 1.0, 1.0, 1.0, 1.0, 1.0, 1.0, 1.0]","[1.0, 1.0, 1.0, 1.0, 1.0, 1.0, 1.0, 1.0, 1.0, 1.0]","[1.0, 1.0, 1.0, 1.0, 1.0, 1.0, 1.0, 1.0, 1.0, 1.0]","[1.0, 1.0, 1.0, 1.0, 1.0, 1.0, 1.0, 1.0, 1.0, 1.0]","[1.0, 1.0, 1.0, 1.0, 1.0, 1.0, 1.0, 1.0, 1.0, 1.0]","[1.0, 1.0, 1.0, 1.0, 1.0, 1.0, 1.0, 1.0, 1.0, 1.0]","[1.0, 1.0, 1.0, 1.0, 1.0, 1.0, 1.0, 1.0, 1.0, 1.0]","[1.0, 1.0, 1.0, 1.0, 1.0, 1.0, 1.0, 1.0, 1.0, 1.0]","[1.0, 1.0, 1.0, 1.0, 1.0, 1.0, 1.0, 1.0, 1.0, 1.0]","[1.0, 1.0, 1.0, 1.0, 1.0, 1.0, 1.0, 1.0, 1.0, 1.0]","[array([[100,   0,   0,   0],
       [  0, 135,   0,   0],
       [  0,   0,  89,   0],
       [  0,   0,   0, 134]]), array([[100,   0,   0,   0],
       [  0, 124,   0,   0],
       [  0,   0,  89,   0],
       [  0,   0,   0, 134]]), array([[101,   0,   0,   0],
       [  0, 140,   0,   0],
       [  0,   0,  89,   0],
       [  0,   0,   0, 134]]), array([[101,   0,   0,   0],
       [  0, 138,   0,   0],
       [  0,   0,  89,   0],
       [  0,   0,   0, 134]]), array([[101,   0,   0,   0],
       [  0, 131,   0,   0],
       [  0,   0,  89,   0],
       [  0,   0,   0, 135]]), array([[101,   0,   0,   0],
       [  0, 136,   0,   0],
       [  0,   0,  90,   0],
       [  0,   0,   0, 134]]), array([[101,   0,   0,   0],
       [  0, 138,   0,   0],
       [  0,   0,  89,   0],
       [  0,   0,   0, 134]]), array([[101,   0,   0,   0],
       [  0, 136,   0,   0],
       [  0,   0,  89,   0],
       [  0,   0,   0, 134]]), array([[101,   0,   0,   0],
       [  0, 136,   0,   0],
       [  0,   0,  89,   0],
       [  0,   0,   0, 134]]), array([[101,   0,   0,   0],
       [  0, 121,   0,   0],
       [  0,   0,  89,   0],
       [  0,   0,   0, 134]])]","[0.782608695652174, 0.8043478260869565, 0.782608695652174, 0.8043478260869565, 0.7555555555555555, 0.7555555555555555, 0.6888888888888889, 0.8, 0.8, 0.7333333333333333]","[0.782608695652174, 0.8043478260869565, 0.782608695652174, 0.8043478260869565, 0.7555555555555555, 0.7555555555555555, 0.6888888888888889, 0.8, 0.8, 0.7333333333333333]","[0.782608695652174, 0.8043478260869565, 0.782608695652174, 0.8043478260869565, 0.7555555555555555, 0.7555555555555555, 0.6888888888888889, 0.8, 0.8, 0.7333333333333333]","[0.782608695652174, 0.8043478260869565, 0.782608695652174, 0.8043478260869565, 0.7555555555555555, 0.7555555555555555, 0.6888888888888889, 0.8, 0.8, 0.7333333333333333]","[0.7966269841269842, 0.8295940170940171, 0.8179181929181929, 0.8149732620320855, 0.7555555555555555, 0.7730769230769231, 0.7046703296703296, 0.7951704545454545, 0.7965593434343434, 0.7305194805194805]","[0.7930555555555555, 0.7902777777777777, 0.7734848484848486, 0.7901515151515153, 0.7483766233766235, 0.7568181818181818, 0.6946969696969696, 0.787878787878788, 0.7906565656565657, 0.7295454545454545]","[0.7928573591991883, 0.8023863636363635, 0.7796187749075083, 0.7981150793650793, 0.7479252598581092, 0.7561784897025171, 0.6837474120082816, 0.7906934621355874, 0.7928778446605272, 0.7284446012287973]","[0.7945134575569359, 0.8149386845039019, 0.8114747571269312, 0.8155777726110207, 0.76, 0.776068376068376, 0.7197802197802198, 0.7986111111111112, 0.7992283950617284, 0.7366522366522367]","[0.782608695652174, 0.8043478260869565, 0.782608695652174, 0.8043478260869565, 0.7555555555555555, 0.7555555555555555, 0.6888888888888889, 0.8, 0.8, 0.7333333333333333]","[0.7866679308567062, 0.8026054018445323, 0.7818750043228732, 0.8056849551414769, 0.7539412271535683, 0.757538774472413, 0.6892569588221762, 0.7985241408391315, 0.7988681380871534, 0.7335025297808612]","[array([[11,  1,  0,  0],
       [ 0,  8,  0,  1],
       [ 0,  0,  7,  3],
       [ 0,  0,  5, 10]]), array([[11,  0,  0,  1],
       [ 2,  7,  0,  0],
       [ 0,  0,  6,  4],
       [ 0,  0,  2, 13]]), array([[ 8,  3,  0,  0],
       [ 0,  9,  0,  1],
       [ 0,  0,  6,  4],
       [ 0,  1,  1, 13]]), array([[ 8,  3,  0,  0],
       [ 2,  7,  0,  1],
       [ 0,  0,  8,  2],
       [ 0,  1,  0, 14]]), array([[ 7,  4,  0,  0],
       [ 2,  8,  0,  0],
       [ 0,  0,  7,  3],
       [ 0,  0,  2, 12]]), array([[ 8,  3,  0,  0],
       [ 0,  9,  0,  1],
       [ 0,  0,  6,  3],
       [ 0,  1,  3, 11]]), array([[ 6,  4,  1,  0],
       [ 1,  6,  0,  2],
       [ 0,  0,  9,  1],
       [ 0,  2,  3, 10]]), array([[ 9,  2,  0,  0],
       [ 2,  6,  0,  1],
       [ 0,  0,  8,  2],
       [ 0,  0,  2, 13]]), array([[ 9,  2,  0,  0],
       [ 2,  7,  0,  0],
       [ 0,  0,  7,  3],
       [ 0,  0,  2, 13]]), array([[ 9,  2,  0,  0],
       [ 2,  6,  0,  1],
       [ 1,  0,  7,  2],
       [ 0,  0,  4, 11]])]"
11,"[1.0, 1.0, 1.0, 1.0, 1.0, 1.0, 1.0, 1.0, 1.0, 1.0]","[1.0, 1.0, 1.0, 1.0, 1.0, 1.0, 1.0, 1.0, 1.0, 1.0]","[1.0, 1.0, 1.0, 1.0, 1.0, 1.0, 1.0, 1.0, 1.0, 1.0]","[1.0, 1.0, 1.0, 1.0, 1.0, 1.0, 1.0, 1.0, 1.0, 1.0]","[1.0, 1.0, 1.0, 1.0, 1.0, 1.0, 1.0, 1.0, 1.0, 1.0]","[1.0, 1.0, 1.0, 1.0, 1.0, 1.0, 1.0, 1.0, 1.0, 1.0]","[1.0, 1.0, 1.0, 1.0, 1.0, 1.0, 1.0, 1.0, 1.0, 1.0]","[1.0, 1.0, 1.0, 1.0, 1.0, 1.0, 1.0, 1.0, 1.0, 1.0]","[1.0, 1.0, 1.0, 1.0, 1.0, 1.0, 1.0, 1.0, 1.0, 1.0]","[1.0, 1.0, 1.0, 1.0, 1.0, 1.0, 1.0, 1.0, 1.0, 1.0]","[array([[100,   0,   0,   0],
       [  0, 135,   0,   0],
       [  0,   0,  89,   0],
       [  0,   0,   0, 134]]), array([[100,   0,   0,   0],
       [  0, 124,   0,   0],
       [  0,   0,  89,   0],
       [  0,   0,   0, 134]]), array([[101,   0,   0,   0],
       [  0, 140,   0,   0],
       [  0,   0,  89,   0],
       [  0,   0,   0, 134]]), array([[101,   0,   0,   0],
       [  0, 138,   0,   0],
       [  0,   0,  89,   0],
       [  0,   0,   0, 134]]), array([[101,   0,   0,   0],
       [  0, 131,   0,   0],
       [  0,   0,  89,   0],
       [  0,   0,   0, 135]]), array([[101,   0,   0,   0],
       [  0, 136,   0,   0],
       [  0,   0,  90,   0],
       [  0,   0,   0, 134]]), array([[101,   0,   0,   0],
       [  0, 138,   0,   0],
       [  0,   0,  89,   0],
       [  0,   0,   0, 134]]), array([[101,   0,   0,   0],
       [  0, 136,   0,   0],
       [  0,   0,  89,   0],
       [  0,   0,   0, 134]]), array([[101,   0,   0,   0],
       [  0, 136,   0,   0],
       [  0,   0,  89,   0],
       [  0,   0,   0, 134]]), array([[101,   0,   0,   0],
       [  0, 121,   0,   0],
       [  0,   0,  89,   0],
       [  0,   0,   0, 134]])]","[0.7608695652173914, 0.782608695652174, 0.782608695652174, 0.8695652173913043, 0.7777777777777778, 0.7777777777777778, 0.7111111111111111, 0.7555555555555555, 0.8, 0.8444444444444444]","[0.7608695652173914, 0.782608695652174, 0.782608695652174, 0.8695652173913043, 0.7777777777777778, 0.7777777777777778, 0.7111111111111111, 0.7555555555555555, 0.8, 0.8444444444444444]","[0.7608695652173914, 0.782608695652174, 0.782608695652174, 0.8695652173913043, 0.7777777777777778, 0.7777777777777778, 0.7111111111111111, 0.7555555555555555, 0.8, 0.8444444444444444]","[0.7608695652173914, 0.782608695652174, 0.782608695652174, 0.8695652173913043, 0.7777777777777778, 0.7777777777777778, 0.7111111111111111, 0.7555555555555555, 0.8, 0.8444444444444444]","[0.7744047619047619, 0.7930555555555556, 0.8221288515406162, 0.8628787878787878, 0.775974025974026, 0.7980769230769231, 0.7256493506493507, 0.7522875816993464, 0.8020833333333333, 0.8450126262626263]","[0.7722222222222223, 0.7763888888888889, 0.7757575757575758, 0.8628787878787878, 0.775974025974026, 0.7734848484848484, 0.6946969696969696, 0.7401515151515151, 0.7967171717171717, 0.8373737373737373]","[0.7693037452565583, 0.7787081339712918, 0.7740400326797386, 0.8628787878787878, 0.775974025974026, 0.7761974650345855, 0.697846889952153, 0.7444783834586466, 0.7982736572890026, 0.8363327674023769]","[0.7771221532091097, 0.7898550724637682, 0.8197539885519424, 0.8695652173913043, 0.7777777777777778, 0.7982905982905982, 0.7321949655282989, 0.7566303558460422, 0.800925925925926, 0.8519360269360269]","[0.7608695652173914, 0.782608695652174, 0.782608695652174, 0.8695652173913043, 0.7777777777777778, 0.7777777777777778, 0.7111111111111111, 0.7555555555555555, 0.8, 0.8444444444444444]","[0.7651413527685919, 0.7800429928576382, 0.7783017192384201, 0.8695652173913043, 0.7777777777777778, 0.7790019834119029, 0.7093319156477051, 0.7541527429685323, 0.7994884910485933, 0.8437653272967364]","[array([[10,  2,  0,  0],
       [ 0,  8,  0,  1],
       [ 0,  0,  7,  3],
       [ 0,  0,  5, 10]]), array([[ 9,  2,  0,  1],
       [ 1,  8,  0,  0],
       [ 0,  0,  6,  4],
       [ 0,  0,  2, 13]]), array([[ 7,  4,  0,  0],
       [ 0, 10,  0,  0],
       [ 0,  0,  6,  4],
       [ 0,  1,  1, 13]]), array([[ 9,  2,  0,  0],
       [ 2,  7,  0,  1],
       [ 0,  0, 10,  0],
       [ 0,  1,  0, 14]]), array([[ 9,  2,  0,  0],
       [ 2,  8,  0,  0],
       [ 0,  0,  7,  3],
       [ 0,  0,  3, 11]]), array([[ 8,  3,  0,  0],
       [ 0,  9,  0,  1],
       [ 0,  0,  6,  3],
       [ 0,  1,  2, 12]]), array([[ 6,  4,  1,  0],
       [ 1,  6,  0,  2],
       [ 0,  0,  7,  3],
       [ 0,  1,  1, 13]]), array([[ 8,  3,  0,  0],
       [ 2,  6,  0,  1],
       [ 0,  0,  7,  3],
       [ 0,  0,  2, 13]]), array([[10,  1,  0,  0],
       [ 2,  7,  0,  0],
       [ 0,  0,  7,  3],
       [ 0,  0,  3, 12]]), array([[ 8,  3,  0,  0],
       [ 1,  8,  0,  0],
       [ 0,  0,  8,  2],
       [ 0,  0,  1, 14]])]"
12,"[1.0, 1.0, 1.0, 1.0, 1.0, 1.0, 1.0, 1.0, 1.0, 1.0]","[1.0, 1.0, 1.0, 1.0, 1.0, 1.0, 1.0, 1.0, 1.0, 1.0]","[1.0, 1.0, 1.0, 1.0, 1.0, 1.0, 1.0, 1.0, 1.0, 1.0]","[1.0, 1.0, 1.0, 1.0, 1.0, 1.0, 1.0, 1.0, 1.0, 1.0]","[1.0, 1.0, 1.0, 1.0, 1.0, 1.0, 1.0, 1.0, 1.0, 1.0]","[1.0, 1.0, 1.0, 1.0, 1.0, 1.0, 1.0, 1.0, 1.0, 1.0]","[1.0, 1.0, 1.0, 1.0, 1.0, 1.0, 1.0, 1.0, 1.0, 1.0]","[1.0, 1.0, 1.0, 1.0, 1.0, 1.0, 1.0, 1.0, 1.0, 1.0]","[1.0, 1.0, 1.0, 1.0, 1.0, 1.0, 1.0, 1.0, 1.0, 1.0]","[1.0, 1.0, 1.0, 1.0, 1.0, 1.0, 1.0, 1.0, 1.0, 1.0]","[array([[100,   0,   0,   0],
       [  0, 135,   0,   0],
       [  0,   0,  89,   0],
       [  0,   0,   0, 134]]), array([[100,   0,   0,   0],
       [  0, 124,   0,   0],
       [  0,   0,  89,   0],
       [  0,   0,   0, 134]]), array([[101,   0,   0,   0],
       [  0, 140,   0,   0],
       [  0,   0,  89,   0],
       [  0,   0,   0, 134]]), array([[101,   0,   0,   0],
       [  0, 138,   0,   0],
       [  0,   0,  89,   0],
       [  0,   0,   0, 134]]), array([[101,   0,   0,   0],
       [  0, 131,   0,   0],
       [  0,   0,  89,   0],
       [  0,   0,   0, 135]]), array([[101,   0,   0,   0],
       [  0, 136,   0,   0],
       [  0,   0,  90,   0],
       [  0,   0,   0, 134]]), array([[101,   0,   0,   0],
       [  0, 138,   0,   0],
       [  0,   0,  89,   0],
       [  0,   0,   0, 134]]), array([[101,   0,   0,   0],
       [  0, 136,   0,   0],
       [  0,   0,  89,   0],
       [  0,   0,   0, 134]]), array([[101,   0,   0,   0],
       [  0, 136,   0,   0],
       [  0,   0,  89,   0],
       [  0,   0,   0, 134]]), array([[101,   0,   0,   0],
       [  0, 121,   0,   0],
       [  0,   0,  89,   0],
       [  0,   0,   0, 134]])]","[0.782608695652174, 0.8043478260869565, 0.717391304347826, 0.8043478260869565, 0.7555555555555555, 0.7777777777777778, 0.7111111111111111, 0.7555555555555555, 0.8222222222222222, 0.8]","[0.782608695652174, 0.8043478260869565, 0.717391304347826, 0.8043478260869565, 0.7555555555555555, 0.7777777777777778, 0.7111111111111111, 0.7555555555555555, 0.8222222222222222, 0.8]","[0.782608695652174, 0.8043478260869565, 0.717391304347826, 0.8043478260869565, 0.7555555555555555, 0.7777777777777778, 0.7111111111111111, 0.7555555555555555, 0.8222222222222222, 0.8]","[0.782608695652174, 0.8043478260869565, 0.717391304347826, 0.8043478260869565, 0.7555555555555555, 0.7777777777777778, 0.7111111111111111, 0.7555555555555555, 0.8222222222222222, 0.8]","[0.7966269841269842, 0.8175505050505051, 0.7416666666666667, 0.8007575757575758, 0.7632554945054945, 0.7827168746286393, 0.7473039215686275, 0.7601010101010102, 0.8246527777777778, 0.8082399626517274]","[0.7930555555555555, 0.7972222222222223, 0.7068181818181818, 0.7984848484848485, 0.7555194805194805, 0.7651515151515151, 0.7058080808080807, 0.7378787878787879, 0.8133838383838384, 0.7856060606060605]","[0.7928573591991883, 0.8032498902064118, 0.7103625541125542, 0.7988095238095237, 0.7512912716574043, 0.7700717787114846, 0.7056372549019607, 0.7446524064171123, 0.8171616029596308, 0.7922268306636155]","[0.7945134575569359, 0.8096179183135704, 0.7347826086956522, 0.807905138339921, 0.7677350427350427, 0.7838020730177593, 0.7519607843137256, 0.7574074074074074, 0.8223765432098765, 0.8028737420894283]","[0.782608695652174, 0.8043478260869565, 0.717391304347826, 0.8043478260869565, 0.7555555555555555, 0.7777777777777778, 0.7111111111111111, 0.7555555555555555, 0.8222222222222222, 0.8]","[0.7866679308567062, 0.8026006759466118, 0.7133210991906644, 0.805383022774327, 0.7540300025425883, 0.7768775287892934, 0.711437908496732, 0.751950881362646, 0.8205788513579689, 0.7971364098652428]","[array([[11,  1,  0,  0],
       [ 0,  8,  0,  1],
       [ 0,  0,  7,  3],
       [ 0,  0,  5, 10]]), array([[10,  1,  0,  1],
       [ 1,  8,  0,  0],
       [ 0,  0,  6,  4],
       [ 0,  0,  2, 13]]), array([[ 8,  3,  0,  0],
       [ 1,  8,  0,  1],
       [ 0,  0,  5,  5],
       [ 1,  1,  1, 12]]), array([[ 8,  3,  0,  0],
       [ 2,  7,  0,  1],
       [ 0,  0,  9,  1],
       [ 0,  1,  1, 13]]), array([[ 7,  4,  0,  0],
       [ 1,  9,  0,  0],
       [ 0,  0,  7,  3],
       [ 0,  0,  3, 11]]), array([[ 8,  3,  0,  0],
       [ 1,  8,  0,  1],
       [ 0,  0,  6,  3],
       [ 0,  0,  2, 13]]), array([[ 6,  4,  1,  0],
       [ 0,  7,  0,  2],
       [ 0,  0,  7,  3],
       [ 0,  1,  2, 12]]), array([[ 9,  2,  0,  0],
       [ 2,  6,  0,  1],
       [ 0,  0,  6,  4],
       [ 0,  0,  2, 13]]), array([[10,  1,  0,  0],
       [ 2,  7,  0,  0],
       [ 0,  0,  7,  3],
       [ 0,  0,  2, 13]]), array([[10,  1,  0,  0],
       [ 2,  6,  0,  1],
       [ 0,  0,  7,  3],
       [ 0,  0,  2, 13]])]"
13,"[1.0, 1.0, 1.0, 1.0, 1.0, 1.0, 1.0, 1.0, 1.0, 1.0]","[1.0, 1.0, 1.0, 1.0, 1.0, 1.0, 1.0, 1.0, 1.0, 1.0]","[1.0, 1.0, 1.0, 1.0, 1.0, 1.0, 1.0, 1.0, 1.0, 1.0]","[1.0, 1.0, 1.0, 1.0, 1.0, 1.0, 1.0, 1.0, 1.0, 1.0]","[1.0, 1.0, 1.0, 1.0, 1.0, 1.0, 1.0, 1.0, 1.0, 1.0]","[1.0, 1.0, 1.0, 1.0, 1.0, 1.0, 1.0, 1.0, 1.0, 1.0]","[1.0, 1.0, 1.0, 1.0, 1.0, 1.0, 1.0, 1.0, 1.0, 1.0]","[1.0, 1.0, 1.0, 1.0, 1.0, 1.0, 1.0, 1.0, 1.0, 1.0]","[1.0, 1.0, 1.0, 1.0, 1.0, 1.0, 1.0, 1.0, 1.0, 1.0]","[1.0, 1.0, 1.0, 1.0, 1.0, 1.0, 1.0, 1.0, 1.0, 1.0]","[array([[100,   0,   0,   0],
       [  0, 135,   0,   0],
       [  0,   0,  89,   0],
       [  0,   0,   0, 134]]), array([[100,   0,   0,   0],
       [  0, 124,   0,   0],
       [  0,   0,  89,   0],
       [  0,   0,   0, 134]]), array([[101,   0,   0,   0],
       [  0, 140,   0,   0],
       [  0,   0,  89,   0],
       [  0,   0,   0, 134]]), array([[101,   0,   0,   0],
       [  0, 138,   0,   0],
       [  0,   0,  89,   0],
       [  0,   0,   0, 134]]), array([[101,   0,   0,   0],
       [  0, 131,   0,   0],
       [  0,   0,  89,   0],
       [  0,   0,   0, 135]]), array([[101,   0,   0,   0],
       [  0, 136,   0,   0],
       [  0,   0,  90,   0],
       [  0,   0,   0, 134]]), array([[101,   0,   0,   0],
       [  0, 138,   0,   0],
       [  0,   0,  89,   0],
       [  0,   0,   0, 134]]), array([[101,   0,   0,   0],
       [  0, 136,   0,   0],
       [  0,   0,  89,   0],
       [  0,   0,   0, 134]]), array([[101,   0,   0,   0],
       [  0, 136,   0,   0],
       [  0,   0,  89,   0],
       [  0,   0,   0, 134]]), array([[101,   0,   0,   0],
       [  0, 121,   0,   0],
       [  0,   0,  89,   0],
       [  0,   0,   0, 134]])]","[0.7608695652173914, 0.782608695652174, 0.7608695652173914, 0.8260869565217391, 0.7777777777777778, 0.7777777777777778, 0.6888888888888889, 0.7555555555555555, 0.8222222222222222, 0.8]","[0.7608695652173914, 0.782608695652174, 0.7608695652173914, 0.8260869565217391, 0.7777777777777778, 0.7777777777777778, 0.6888888888888889, 0.7555555555555555, 0.8222222222222222, 0.8]","[0.7608695652173914, 0.782608695652174, 0.7608695652173914, 0.8260869565217391, 0.7777777777777778, 0.7777777777777778, 0.6888888888888889, 0.7555555555555555, 0.8222222222222222, 0.8]","[0.7608695652173914, 0.782608695652174, 0.7608695652173914, 0.8260869565217391, 0.7777777777777778, 0.7777777777777778, 0.6888888888888889, 0.7555555555555555, 0.8222222222222222, 0.8]","[0.7744047619047619, 0.8111625216888375, 0.7864145658263305, 0.8255681818181818, 0.7811507936507935, 0.7833333333333332, 0.7314903846153846, 0.7522875816993464, 0.8246527777777778, 0.7947712418300654]","[0.7722222222222223, 0.7652777777777778, 0.753030303030303, 0.8151515151515152, 0.7782467532467532, 0.7762626262626262, 0.689141414141414, 0.7401515151515151, 0.8133838383838384, 0.7868686868686869]","[0.7693037452565583, 0.776985294117647, 0.7462622549019609, 0.8194667386942429, 0.775974025974026, 0.7762626262626262, 0.6879808521649129, 0.7444783834586466, 0.8171616029596308, 0.7881944444444444]","[0.7771221532091097, 0.7947795911182638, 0.7855924978687127, 0.8288043478260869, 0.7839506172839507, 0.7876543209876543, 0.7368589743589744, 0.7566303558460422, 0.8223765432098765, 0.7979665940450255]","[0.7608695652173914, 0.782608695652174, 0.7608695652173914, 0.8260869565217391, 0.7777777777777778, 0.7777777777777778, 0.6888888888888889, 0.7555555555555555, 0.8222222222222222, 0.8]","[0.7651413527685919, 0.7779987212276215, 0.7517316709292412, 0.826566767550011, 0.7773737373737374, 0.7793939393939395, 0.6919364422210723, 0.7541527429685323, 0.8205788513579689, 0.7961111111111112]","[array([[10,  2,  0,  0],
       [ 0,  8,  0,  1],
       [ 0,  0,  7,  3],
       [ 0,  0,  5, 10]]), array([[11,  0,  0,  1],
       [ 2,  7,  0,  0],
       [ 0,  0,  5,  5],
       [ 0,  0,  2, 13]]), array([[ 6,  5,  0,  0],
       [ 0, 10,  0,  0],
       [ 0,  0,  6,  4],
       [ 1,  0,  1, 13]]), array([[ 8,  3,  0,  0],
       [ 2,  7,  0,  1],
       [ 0,  0,  9,  1],
       [ 1,  0,  0, 14]]), array([[ 8,  3,  0,  0],
       [ 1,  9,  0,  0],
       [ 0,  0,  7,  3],
       [ 0,  0,  3, 11]]), array([[ 8,  3,  0,  0],
       [ 1,  8,  0,  1],
       [ 0,  0,  7,  2],
       [ 0,  1,  2, 12]]), array([[ 6,  4,  1,  0],
       [ 0,  7,  0,  2],
       [ 0,  0,  7,  3],
       [ 0,  2,  2, 11]]), array([[ 8,  3,  0,  0],
       [ 2,  6,  0,  1],
       [ 0,  0,  7,  3],
       [ 0,  0,  2, 13]]), array([[10,  1,  0,  0],
       [ 2,  7,  0,  0],
       [ 0,  0,  7,  3],
       [ 0,  0,  2, 13]]), array([[ 7,  2,  1,  1],
       [ 2,  7,  0,  0],
       [ 0,  0,  8,  2],
       [ 0,  0,  1, 14]])]"
14,"[1.0, 1.0, 1.0, 1.0, 1.0, 1.0, 1.0, 1.0, 1.0, 1.0]","[1.0, 1.0, 1.0, 1.0, 1.0, 1.0, 1.0, 1.0, 1.0, 1.0]","[1.0, 1.0, 1.0, 1.0, 1.0, 1.0, 1.0, 1.0, 1.0, 1.0]","[1.0, 1.0, 1.0, 1.0, 1.0, 1.0, 1.0, 1.0, 1.0, 1.0]","[1.0, 1.0, 1.0, 1.0, 1.0, 1.0, 1.0, 1.0, 1.0, 1.0]","[1.0, 1.0, 1.0, 1.0, 1.0, 1.0, 1.0, 1.0, 1.0, 1.0]","[1.0, 1.0, 1.0, 1.0, 1.0, 1.0, 1.0, 1.0, 1.0, 1.0]","[1.0, 1.0, 1.0, 1.0, 1.0, 1.0, 1.0, 1.0, 1.0, 1.0]","[1.0, 1.0, 1.0, 1.0, 1.0, 1.0, 1.0, 1.0, 1.0, 1.0]","[1.0, 1.0, 1.0, 1.0, 1.0, 1.0, 1.0, 1.0, 1.0, 1.0]","[array([[100,   0,   0,   0],
       [  0, 135,   0,   0],
       [  0,   0,  89,   0],
       [  0,   0,   0, 134]]), array([[100,   0,   0,   0],
       [  0, 124,   0,   0],
       [  0,   0,  89,   0],
       [  0,   0,   0, 134]]), array([[101,   0,   0,   0],
       [  0, 140,   0,   0],
       [  0,   0,  89,   0],
       [  0,   0,   0, 134]]), array([[101,   0,   0,   0],
       [  0, 138,   0,   0],
       [  0,   0,  89,   0],
       [  0,   0,   0, 134]]), array([[101,   0,   0,   0],
       [  0, 131,   0,   0],
       [  0,   0,  89,   0],
       [  0,   0,   0, 135]]), array([[101,   0,   0,   0],
       [  0, 136,   0,   0],
       [  0,   0,  90,   0],
       [  0,   0,   0, 134]]), array([[101,   0,   0,   0],
       [  0, 138,   0,   0],
       [  0,   0,  89,   0],
       [  0,   0,   0, 134]]), array([[101,   0,   0,   0],
       [  0, 136,   0,   0],
       [  0,   0,  89,   0],
       [  0,   0,   0, 134]]), array([[101,   0,   0,   0],
       [  0, 136,   0,   0],
       [  0,   0,  89,   0],
       [  0,   0,   0, 134]]), array([[101,   0,   0,   0],
       [  0, 121,   0,   0],
       [  0,   0,  89,   0],
       [  0,   0,   0, 134]])]","[0.7608695652173914, 0.782608695652174, 0.717391304347826, 0.7608695652173914, 0.7777777777777778, 0.7777777777777778, 0.7333333333333333, 0.7777777777777778, 0.8222222222222222, 0.8]","[0.7608695652173914, 0.782608695652174, 0.717391304347826, 0.7608695652173914, 0.7777777777777778, 0.7777777777777778, 0.7333333333333333, 0.7777777777777778, 0.8222222222222222, 0.8]","[0.7608695652173914, 0.782608695652174, 0.717391304347826, 0.7608695652173914, 0.7777777777777778, 0.7777777777777778, 0.7333333333333333, 0.7777777777777778, 0.8222222222222222, 0.8]","[0.7608695652173914, 0.782608695652174, 0.717391304347826, 0.7608695652173914, 0.7777777777777778, 0.7777777777777778, 0.7333333333333333, 0.7777777777777778, 0.8222222222222222, 0.8]","[0.7744047619047619, 0.7991190096453255, 0.7371031746031746, 0.746969696969697, 0.7811507936507935, 0.7943510737628384, 0.7372803666921314, 0.7776663695781343, 0.8246527777777778, 0.8139668746286393]","[0.7722222222222223, 0.7722222222222223, 0.703030303030303, 0.753030303030303, 0.7782467532467532, 0.7651515151515151, 0.7196969696969696, 0.7628787878787878, 0.8133838383838384, 0.7929292929292929]","[0.7693037452565583, 0.7778488206876953, 0.6986144338118023, 0.7476190476190476, 0.775974025974026, 0.7724431818181818, 0.7181625939849624, 0.7683515690965381, 0.8171616029596308, 0.7994835434173669]","[0.7771221532091097, 0.7894588249279325, 0.7357660455486542, 0.7582345191040842, 0.7839506172839507, 0.7917626309783172, 0.7460419319242848, 0.7777414669571532, 0.8223765432098765, 0.8088020730177593]","[0.7608695652173914, 0.782608695652174, 0.717391304347826, 0.7608695652173914, 0.7777777777777778, 0.7777777777777778, 0.7333333333333333, 0.7777777777777778, 0.8222222222222222, 0.8]","[0.7651413527685919, 0.7779939953297008, 0.7068597878094446, 0.7573498964803312, 0.7773737373737374, 0.7780050505050506, 0.7294242550821498, 0.7757524939800482, 0.8205788513579689, 0.8004069405539994]","[array([[10,  2,  0,  0],
       [ 0,  8,  0,  1],
       [ 0,  0,  7,  3],
       [ 0,  0,  5, 10]]), array([[10,  1,  0,  1],
       [ 1,  8,  0,  0],
       [ 0,  0,  5,  5],
       [ 0,  0,  2, 13]]), array([[ 6,  5,  0,  0],
       [ 1,  9,  0,  0],
       [ 0,  0,  5,  5],
       [ 1,  0,  1, 13]]), array([[ 6,  4,  1,  0],
       [ 2,  7,  0,  1],
       [ 0,  0,  9,  1],
       [ 1,  0,  1, 13]]), array([[ 8,  3,  0,  0],
       [ 1,  9,  0,  0],
       [ 0,  0,  7,  3],
       [ 0,  0,  3, 11]]), array([[ 8,  3,  0,  0],
       [ 1,  8,  0,  1],
       [ 0,  0,  6,  3],
       [ 0,  1,  1, 13]]), array([[ 6,  4,  1,  0],
       [ 1,  6,  0,  2],
       [ 0,  0,  8,  2],
       [ 0,  0,  2, 13]]), array([[ 9,  2,  0,  0],
       [ 2,  6,  0,  1],
       [ 0,  0,  7,  3],
       [ 0,  0,  2, 13]]), array([[10,  1,  0,  0],
       [ 2,  7,  0,  0],
       [ 0,  0,  7,  3],
       [ 0,  0,  2, 13]]), array([[ 8,  1,  1,  1],
       [ 1,  7,  0,  1],
       [ 0,  0,  8,  2],
       [ 0,  0,  2, 13]])]"
15,"[1.0, 1.0, 1.0, 1.0, 1.0, 1.0, 1.0, 1.0, 1.0, 1.0]","[1.0, 1.0, 1.0, 1.0, 1.0, 1.0, 1.0, 1.0, 1.0, 1.0]","[1.0, 1.0, 1.0, 1.0, 1.0, 1.0, 1.0, 1.0, 1.0, 1.0]","[1.0, 1.0, 1.0, 1.0, 1.0, 1.0, 1.0, 1.0, 1.0, 1.0]","[1.0, 1.0, 1.0, 1.0, 1.0, 1.0, 1.0, 1.0, 1.0, 1.0]","[1.0, 1.0, 1.0, 1.0, 1.0, 1.0, 1.0, 1.0, 1.0, 1.0]","[1.0, 1.0, 1.0, 1.0, 1.0, 1.0, 1.0, 1.0, 1.0, 1.0]","[1.0, 1.0, 1.0, 1.0, 1.0, 1.0, 1.0, 1.0, 1.0, 1.0]","[1.0, 1.0, 1.0, 1.0, 1.0, 1.0, 1.0, 1.0, 1.0, 1.0]","[1.0, 1.0, 1.0, 1.0, 1.0, 1.0, 1.0, 1.0, 1.0, 1.0]","[array([[100,   0,   0,   0],
       [  0, 135,   0,   0],
       [  0,   0,  89,   0],
       [  0,   0,   0, 134]]), array([[100,   0,   0,   0],
       [  0, 124,   0,   0],
       [  0,   0,  89,   0],
       [  0,   0,   0, 134]]), array([[101,   0,   0,   0],
       [  0, 140,   0,   0],
       [  0,   0,  89,   0],
       [  0,   0,   0, 134]]), array([[101,   0,   0,   0],
       [  0, 138,   0,   0],
       [  0,   0,  89,   0],
       [  0,   0,   0, 134]]), array([[101,   0,   0,   0],
       [  0, 131,   0,   0],
       [  0,   0,  89,   0],
       [  0,   0,   0, 135]]), array([[101,   0,   0,   0],
       [  0, 136,   0,   0],
       [  0,   0,  90,   0],
       [  0,   0,   0, 134]]), array([[101,   0,   0,   0],
       [  0, 138,   0,   0],
       [  0,   0,  89,   0],
       [  0,   0,   0, 134]]), array([[101,   0,   0,   0],
       [  0, 136,   0,   0],
       [  0,   0,  89,   0],
       [  0,   0,   0, 134]]), array([[101,   0,   0,   0],
       [  0, 136,   0,   0],
       [  0,   0,  89,   0],
       [  0,   0,   0, 134]]), array([[101,   0,   0,   0],
       [  0, 121,   0,   0],
       [  0,   0,  89,   0],
       [  0,   0,   0, 134]])]","[0.7608695652173914, 0.8043478260869565, 0.7391304347826086, 0.8043478260869565, 0.8, 0.8222222222222222, 0.7111111111111111, 0.8444444444444444, 0.8, 0.8666666666666667]","[0.7608695652173914, 0.8043478260869565, 0.7391304347826086, 0.8043478260869565, 0.8, 0.8222222222222222, 0.7111111111111111, 0.8444444444444444, 0.8, 0.8666666666666667]","[0.7608695652173914, 0.8043478260869565, 0.7391304347826086, 0.8043478260869565, 0.8, 0.8222222222222222, 0.7111111111111111, 0.8444444444444444, 0.8, 0.8666666666666667]","[0.7608695652173914, 0.8043478260869565, 0.7391304347826086, 0.8043478260869565, 0.8, 0.8222222222222222, 0.7111111111111111, 0.8444444444444444, 0.8, 0.8666666666666667]","[0.7744047619047619, 0.8210227272727273, 0.770045518207283, 0.8007575757575758, 0.8009740259740259, 0.8307158119658119, 0.7473039215686275, 0.8592171717171717, 0.8020833333333333, 0.8661616161616162]","[0.7722222222222223, 0.7944444444444444, 0.7303030303030303, 0.7984848484848485, 0.8009740259740259, 0.817929292929293, 0.7058080808080807, 0.8300505050505051, 0.7967171717171717, 0.8661616161616162]","[0.7693037452565583, 0.804453880574489, 0.7189621040723982, 0.7988095238095237, 0.7999999999999999, 0.8182011935208867, 0.7056372549019607, 0.8397207367795603, 0.7982736572890026, 0.8661616161616162]","[0.7771221532091097, 0.8129391743522179, 0.7708409450736816, 0.807905138339921, 0.8018181818181818, 0.8350189933523267, 0.7519607843137256, 0.8509259259259259, 0.800925925925926, 0.8666666666666667]","[0.7608695652173914, 0.8043478260869565, 0.7391304347826086, 0.8043478260869565, 0.8, 0.8222222222222222, 0.7111111111111111, 0.8444444444444444, 0.8, 0.8666666666666667]","[0.7651413527685919, 0.8050684822911174, 0.7262873795002952, 0.805383022774327, 0.8, 0.8230633702756466, 0.711437908496732, 0.8425958935762858, 0.7994884910485933, 0.8666666666666667]","[array([[10,  2,  0,  0],
       [ 0,  8,  0,  1],
       [ 0,  0,  7,  3],
       [ 0,  0,  5, 10]]), array([[10,  1,  0,  1],
       [ 1,  7,  0,  1],
       [ 0,  0,  7,  3],
       [ 0,  0,  2, 13]]), array([[ 5,  6,  0,  0],
       [ 0, 10,  0,  0],
       [ 0,  0,  6,  4],
       [ 1,  0,  1, 13]]), array([[ 8,  3,  0,  0],
       [ 2,  7,  0,  1],
       [ 0,  0,  9,  1],
       [ 0,  1,  1, 13]]), array([[ 9,  2,  0,  0],
       [ 1,  9,  0,  0],
       [ 0,  0,  7,  3],
       [ 0,  0,  3, 11]]), array([[ 8,  3,  0,  0],
       [ 1,  9,  0,  0],
       [ 0,  0,  7,  2],
       [ 0,  1,  1, 13]]), array([[ 6,  4,  1,  0],
       [ 0,  7,  0,  2],
       [ 0,  0,  7,  3],
       [ 0,  1,  2, 12]]), array([[10,  1,  0,  0],
       [ 1,  7,  0,  1],
       [ 0,  0,  7,  3],
       [ 0,  0,  1, 14]]), array([[10,  1,  0,  0],
       [ 2,  7,  0,  0],
       [ 0,  0,  7,  3],
       [ 0,  0,  3, 12]]), array([[10,  1,  0,  0],
       [ 1,  8,  0,  0],
       [ 0,  0,  8,  2],
       [ 0,  0,  2, 13]])]"
16,"[1.0, 1.0, 1.0, 1.0, 1.0, 1.0, 1.0, 1.0, 1.0, 1.0]","[1.0, 1.0, 1.0, 1.0, 1.0, 1.0, 1.0, 1.0, 1.0, 1.0]","[1.0, 1.0, 1.0, 1.0, 1.0, 1.0, 1.0, 1.0, 1.0, 1.0]","[1.0, 1.0, 1.0, 1.0, 1.0, 1.0, 1.0, 1.0, 1.0, 1.0]","[1.0, 1.0, 1.0, 1.0, 1.0, 1.0, 1.0, 1.0, 1.0, 1.0]","[1.0, 1.0, 1.0, 1.0, 1.0, 1.0, 1.0, 1.0, 1.0, 1.0]","[1.0, 1.0, 1.0, 1.0, 1.0, 1.0, 1.0, 1.0, 1.0, 1.0]","[1.0, 1.0, 1.0, 1.0, 1.0, 1.0, 1.0, 1.0, 1.0, 1.0]","[1.0, 1.0, 1.0, 1.0, 1.0, 1.0, 1.0, 1.0, 1.0, 1.0]","[1.0, 1.0, 1.0, 1.0, 1.0, 1.0, 1.0, 1.0, 1.0, 1.0]","[array([[100,   0,   0,   0],
       [  0, 135,   0,   0],
       [  0,   0,  89,   0],
       [  0,   0,   0, 134]]), array([[100,   0,   0,   0],
       [  0, 124,   0,   0],
       [  0,   0,  89,   0],
       [  0,   0,   0, 134]]), array([[101,   0,   0,   0],
       [  0, 140,   0,   0],
       [  0,   0,  89,   0],
       [  0,   0,   0, 134]]), array([[101,   0,   0,   0],
       [  0, 138,   0,   0],
       [  0,   0,  89,   0],
       [  0,   0,   0, 134]]), array([[101,   0,   0,   0],
       [  0, 131,   0,   0],
       [  0,   0,  89,   0],
       [  0,   0,   0, 135]]), array([[101,   0,   0,   0],
       [  0, 136,   0,   0],
       [  0,   0,  90,   0],
       [  0,   0,   0, 134]]), array([[101,   0,   0,   0],
       [  0, 138,   0,   0],
       [  0,   0,  89,   0],
       [  0,   0,   0, 134]]), array([[101,   0,   0,   0],
       [  0, 136,   0,   0],
       [  0,   0,  89,   0],
       [  0,   0,   0, 134]]), array([[101,   0,   0,   0],
       [  0, 136,   0,   0],
       [  0,   0,  89,   0],
       [  0,   0,   0, 134]]), array([[101,   0,   0,   0],
       [  0, 121,   0,   0],
       [  0,   0,  89,   0],
       [  0,   0,   0, 134]])]","[0.782608695652174, 0.8043478260869565, 0.7608695652173914, 0.8043478260869565, 0.7555555555555555, 0.8222222222222222, 0.6666666666666666, 0.8, 0.8222222222222222, 0.9111111111111111]","[0.782608695652174, 0.8043478260869565, 0.7608695652173914, 0.8043478260869565, 0.7555555555555555, 0.8222222222222222, 0.6666666666666666, 0.8, 0.8222222222222222, 0.9111111111111111]","[0.782608695652174, 0.8043478260869565, 0.7608695652173914, 0.8043478260869565, 0.7555555555555555, 0.8222222222222222, 0.6666666666666666, 0.8, 0.8222222222222222, 0.9111111111111111]","[0.782608695652174, 0.8043478260869565, 0.7608695652173914, 0.8043478260869565, 0.7555555555555555, 0.8222222222222222, 0.6666666666666666, 0.8, 0.8222222222222222, 0.9111111111111111]","[0.7966269841269842, 0.8106209150326797, 0.7864145658263305, 0.8007575757575758, 0.7617694805194805, 0.8449519230769231, 0.721875, 0.805239898989899, 0.8246527777777778, 0.9158549783549783]","[0.7930555555555555, 0.8013888888888888, 0.753030303030303, 0.7984848484848485, 0.7555194805194805, 0.817929292929293, 0.6664141414141413, 0.7795454545454545, 0.8133838383838384, 0.9138888888888889]","[0.7928573591991883, 0.8024072966507177, 0.7462622549019609, 0.7988095238095237, 0.7518512189564821, 0.8217382619985323, 0.660843267882188, 0.7875816993464053, 0.8171616029596308, 0.9128481977498646]","[0.7945134575569359, 0.8097470872406933, 0.7855924978687127, 0.807905138339921, 0.7664141414141413, 0.8441239316239315, 0.7291666666666666, 0.8037037037037037, 0.8223765432098765, 0.9154160654160655]","[0.782608695652174, 0.8043478260869565, 0.7608695652173914, 0.8043478260869565, 0.7555555555555555, 0.8222222222222222, 0.6666666666666666, 0.8, 0.8222222222222222, 0.9111111111111111]","[0.7866679308567062, 0.8033271791137924, 0.7517316709292412, 0.805383022774327, 0.7545277334751018, 0.8240367715206945, 0.6666316035530623, 0.7968442595893576, 0.8205788513579689, 0.9113784844272542]","[array([[11,  1,  0,  0],
       [ 0,  8,  0,  1],
       [ 0,  0,  7,  3],
       [ 0,  0,  5, 10]]), array([[ 9,  2,  0,  1],
       [ 1,  8,  0,  0],
       [ 0,  0,  7,  3],
       [ 0,  0,  2, 13]]), array([[ 6,  5,  0,  0],
       [ 0, 10,  0,  0],
       [ 0,  0,  6,  4],
       [ 1,  0,  1, 13]]), array([[ 8,  3,  0,  0],
       [ 2,  7,  0,  1],
       [ 0,  0,  9,  1],
       [ 0,  1,  1, 13]]), array([[ 7,  3,  1,  0],
       [ 1,  9,  0,  0],
       [ 0,  0,  7,  3],
       [ 0,  0,  3, 11]]), array([[ 8,  3,  0,  0],
       [ 0,  9,  0,  1],
       [ 0,  0,  7,  2],
       [ 0,  1,  1, 13]]), array([[ 5,  5,  1,  0],
       [ 0,  7,  0,  2],
       [ 0,  0,  7,  3],
       [ 0,  2,  2, 11]]), array([[ 9,  2,  0,  0],
       [ 2,  6,  0,  1],
       [ 0,  0,  7,  3],
       [ 0,  0,  1, 14]]), array([[10,  1,  0,  0],
       [ 2,  7,  0,  0],
       [ 0,  0,  7,  3],
       [ 0,  0,  2, 13]]), array([[11,  0,  0,  0],
       [ 1,  8,  0,  0],
       [ 0,  0,  9,  1],
       [ 0,  0,  2, 13]])]"
17,"[1.0, 1.0, 1.0, 1.0, 1.0, 1.0, 1.0, 1.0, 1.0, 1.0]","[1.0, 1.0, 1.0, 1.0, 1.0, 1.0, 1.0, 1.0, 1.0, 1.0]","[1.0, 1.0, 1.0, 1.0, 1.0, 1.0, 1.0, 1.0, 1.0, 1.0]","[1.0, 1.0, 1.0, 1.0, 1.0, 1.0, 1.0, 1.0, 1.0, 1.0]","[1.0, 1.0, 1.0, 1.0, 1.0, 1.0, 1.0, 1.0, 1.0, 1.0]","[1.0, 1.0, 1.0, 1.0, 1.0, 1.0, 1.0, 1.0, 1.0, 1.0]","[1.0, 1.0, 1.0, 1.0, 1.0, 1.0, 1.0, 1.0, 1.0, 1.0]","[1.0, 1.0, 1.0, 1.0, 1.0, 1.0, 1.0, 1.0, 1.0, 1.0]","[1.0, 1.0, 1.0, 1.0, 1.0, 1.0, 1.0, 1.0, 1.0, 1.0]","[1.0, 1.0, 1.0, 1.0, 1.0, 1.0, 1.0, 1.0, 1.0, 1.0]","[array([[100,   0,   0,   0],
       [  0, 135,   0,   0],
       [  0,   0,  89,   0],
       [  0,   0,   0, 134]]), array([[100,   0,   0,   0],
       [  0, 124,   0,   0],
       [  0,   0,  89,   0],
       [  0,   0,   0, 134]]), array([[101,   0,   0,   0],
       [  0, 140,   0,   0],
       [  0,   0,  89,   0],
       [  0,   0,   0, 134]]), array([[101,   0,   0,   0],
       [  0, 138,   0,   0],
       [  0,   0,  89,   0],
       [  0,   0,   0, 134]]), array([[101,   0,   0,   0],
       [  0, 131,   0,   0],
       [  0,   0,  89,   0],
       [  0,   0,   0, 135]]), array([[101,   0,   0,   0],
       [  0, 136,   0,   0],
       [  0,   0,  90,   0],
       [  0,   0,   0, 134]]), array([[101,   0,   0,   0],
       [  0, 138,   0,   0],
       [  0,   0,  89,   0],
       [  0,   0,   0, 134]]), array([[101,   0,   0,   0],
       [  0, 136,   0,   0],
       [  0,   0,  89,   0],
       [  0,   0,   0, 134]]), array([[101,   0,   0,   0],
       [  0, 136,   0,   0],
       [  0,   0,  89,   0],
       [  0,   0,   0, 134]]), array([[101,   0,   0,   0],
       [  0, 121,   0,   0],
       [  0,   0,  89,   0],
       [  0,   0,   0, 134]])]","[0.782608695652174, 0.8478260869565217, 0.7608695652173914, 0.782608695652174, 0.7555555555555555, 0.8222222222222222, 0.6444444444444445, 0.7777777777777778, 0.7777777777777778, 0.9111111111111111]","[0.782608695652174, 0.8478260869565217, 0.7608695652173914, 0.782608695652174, 0.7555555555555555, 0.8222222222222222, 0.6444444444444445, 0.7777777777777778, 0.7777777777777778, 0.9111111111111111]","[0.782608695652174, 0.8478260869565217, 0.7608695652173914, 0.782608695652174, 0.7555555555555555, 0.8222222222222222, 0.6444444444444445, 0.7777777777777778, 0.7777777777777778, 0.9111111111111111]","[0.782608695652174, 0.8478260869565217, 0.7608695652173914, 0.782608695652174, 0.7555555555555555, 0.8222222222222222, 0.6444444444444445, 0.7777777777777778, 0.7777777777777778, 0.9111111111111111]","[0.7961538461538462, 0.8606209150326797, 0.7864145658263305, 0.7844381313131313, 0.7632554945054945, 0.8307158119658119, 0.6705929487179487, 0.7905416951469584, 0.7725694444444444, 0.9177489177489178]","[0.7972222222222222, 0.85, 0.753030303030303, 0.7734848484848486, 0.7555194805194805, 0.817929292929293, 0.6386363636363636, 0.7545454545454546, 0.767929292929293, 0.9161616161616162]","[0.7902835151118904, 0.8514503588516746, 0.7462622549019609, 0.7773465922871695, 0.7512912716574043, 0.8182011935208867, 0.6358418147317578, 0.7633689839572193, 0.7685746624626082, 0.9139775032269961]","[0.8020066889632106, 0.8553992611537369, 0.7855924978687127, 0.7878266359244621, 0.7677350427350427, 0.8350189933523267, 0.6807336182336182, 0.7860902255639097, 0.7792283950617285, 0.916931216931217]","[0.782608695652174, 0.8478260869565217, 0.7608695652173914, 0.782608695652174, 0.7555555555555555, 0.8222222222222222, 0.6444444444444445, 0.7777777777777778, 0.7777777777777778, 0.9111111111111111]","[0.7860618637158284, 0.8476375598086123, 0.7517316709292412, 0.7836808008801808, 0.7540300025425883, 0.8230633702756466, 0.6449964541046135, 0.7725490196078432, 0.7769243898276156, 0.9113282930727149]","[array([[10,  2,  0,  0],
       [ 0,  8,  0,  1],
       [ 0,  0,  8,  2],
       [ 0,  0,  5, 10]]), array([[10,  1,  0,  1],
       [ 0,  9,  0,  0],
       [ 0,  0,  7,  3],
       [ 0,  0,  2, 13]]), array([[ 6,  5,  0,  0],
       [ 0, 10,  0,  0],
       [ 0,  0,  6,  4],
       [ 1,  0,  1, 13]]), array([[ 8,  3,  0,  0],
       [ 2,  7,  0,  1],
       [ 0,  0,  8,  2],
       [ 0,  1,  1, 13]]), array([[ 7,  4,  0,  0],
       [ 1,  9,  0,  0],
       [ 0,  0,  7,  3],
       [ 0,  0,  3, 11]]), array([[ 8,  3,  0,  0],
       [ 1,  9,  0,  0],
       [ 0,  0,  7,  2],
       [ 0,  1,  1, 13]]), array([[ 5,  5,  1,  0],
       [ 1,  6,  0,  2],
       [ 0,  0,  7,  3],
       [ 0,  2,  2, 11]]), array([[ 9,  2,  0,  0],
       [ 2,  6,  0,  1],
       [ 0,  0,  6,  4],
       [ 0,  0,  1, 14]]), array([[ 8,  3,  0,  0],
       [ 2,  7,  0,  0],
       [ 0,  0,  7,  3],
       [ 0,  0,  2, 13]]), array([[10,  0,  0,  1],
       [ 1,  8,  0,  0],
       [ 0,  0, 10,  0],
       [ 0,  0,  2, 13]])]"
18,"[1.0, 1.0, 1.0, 1.0, 1.0, 1.0, 1.0, 1.0, 1.0, 1.0]","[1.0, 1.0, 1.0, 1.0, 1.0, 1.0, 1.0, 1.0, 1.0, 1.0]","[1.0, 1.0, 1.0, 1.0, 1.0, 1.0, 1.0, 1.0, 1.0, 1.0]","[1.0, 1.0, 1.0, 1.0, 1.0, 1.0, 1.0, 1.0, 1.0, 1.0]","[1.0, 1.0, 1.0, 1.0, 1.0, 1.0, 1.0, 1.0, 1.0, 1.0]","[1.0, 1.0, 1.0, 1.0, 1.0, 1.0, 1.0, 1.0, 1.0, 1.0]","[1.0, 1.0, 1.0, 1.0, 1.0, 1.0, 1.0, 1.0, 1.0, 1.0]","[1.0, 1.0, 1.0, 1.0, 1.0, 1.0, 1.0, 1.0, 1.0, 1.0]","[1.0, 1.0, 1.0, 1.0, 1.0, 1.0, 1.0, 1.0, 1.0, 1.0]","[1.0, 1.0, 1.0, 1.0, 1.0, 1.0, 1.0, 1.0, 1.0, 1.0]","[array([[100,   0,   0,   0],
       [  0, 135,   0,   0],
       [  0,   0,  89,   0],
       [  0,   0,   0, 134]]), array([[100,   0,   0,   0],
       [  0, 124,   0,   0],
       [  0,   0,  89,   0],
       [  0,   0,   0, 134]]), array([[101,   0,   0,   0],
       [  0, 140,   0,   0],
       [  0,   0,  89,   0],
       [  0,   0,   0, 134]]), array([[101,   0,   0,   0],
       [  0, 138,   0,   0],
       [  0,   0,  89,   0],
       [  0,   0,   0, 134]]), array([[101,   0,   0,   0],
       [  0, 131,   0,   0],
       [  0,   0,  89,   0],
       [  0,   0,   0, 135]]), array([[101,   0,   0,   0],
       [  0, 136,   0,   0],
       [  0,   0,  90,   0],
       [  0,   0,   0, 134]]), array([[101,   0,   0,   0],
       [  0, 138,   0,   0],
       [  0,   0,  89,   0],
       [  0,   0,   0, 134]]), array([[101,   0,   0,   0],
       [  0, 136,   0,   0],
       [  0,   0,  89,   0],
       [  0,   0,   0, 134]]), array([[101,   0,   0,   0],
       [  0, 136,   0,   0],
       [  0,   0,  89,   0],
       [  0,   0,   0, 134]]), array([[101,   0,   0,   0],
       [  0, 121,   0,   0],
       [  0,   0,  89,   0],
       [  0,   0,   0, 134]])]","[0.782608695652174, 0.8260869565217391, 0.7608695652173914, 0.7391304347826086, 0.7777777777777778, 0.8, 0.7111111111111111, 0.7555555555555555, 0.7777777777777778, 0.8444444444444444]","[0.782608695652174, 0.8260869565217391, 0.7608695652173914, 0.7391304347826086, 0.7777777777777778, 0.8, 0.7111111111111111, 0.7555555555555555, 0.7777777777777778, 0.8444444444444444]","[0.782608695652174, 0.8260869565217391, 0.7608695652173914, 0.7391304347826086, 0.7777777777777778, 0.8, 0.7111111111111111, 0.7555555555555555, 0.7777777777777778, 0.8444444444444444]","[0.782608695652174, 0.8260869565217391, 0.7608695652173914, 0.7391304347826086, 0.7777777777777778, 0.8, 0.7111111111111111, 0.7555555555555555, 0.7777777777777778, 0.8444444444444444]","[0.7924242424242425, 0.836489898989899, 0.7864145658263305, 0.7391562685680333, 0.7811507936507935, 0.8107638888888888, 0.7473039215686275, 0.7651629072681705, 0.7725694444444444, 0.8514204545454546]","[0.788888888888889, 0.8333333333333333, 0.753030303030303, 0.7257575757575757, 0.7782467532467532, 0.7929292929292929, 0.7058080808080807, 0.7318181818181819, 0.767929292929293, 0.8406565656565657]","[0.7877990430622009, 0.830031640685291, 0.7462622549019609, 0.7290021929824562, 0.775974025974026, 0.797377954114197, 0.7056372549019607, 0.7394957983193278, 0.7685746624626082, 0.8441312008674438]","[0.7948616600790513, 0.8345959595959597, 0.7855924978687127, 0.7427729985274741, 0.7839506172839507, 0.8112654320987654, 0.7519607843137256, 0.7649791144527988, 0.7792283950617285, 0.847651515151515]","[0.782608695652174, 0.8260869565217391, 0.7608695652173914, 0.7391304347826086, 0.7777777777777778, 0.8, 0.7111111111111111, 0.7555555555555555, 0.7777777777777778, 0.8444444444444444]","[0.7859718466125788, 0.8258785910332378, 0.7517316709292412, 0.7374475591151792, 0.7773737373737374, 0.8014474919977765, 0.711437908496732, 0.7509492685963273, 0.7769243898276156, 0.8442757748260596]","[array([[10,  2,  0,  0],
       [ 0,  8,  0,  1],
       [ 0,  0,  7,  3],
       [ 0,  0,  4, 11]]), array([[10,  1,  0,  1],
       [ 0,  9,  0,  0],
       [ 0,  0,  7,  3],
       [ 0,  1,  2, 12]]), array([[ 6,  5,  0,  0],
       [ 0, 10,  0,  0],
       [ 0,  0,  6,  4],
       [ 1,  0,  1, 13]]), array([[ 7,  3,  1,  0],
       [ 2,  7,  0,  1],
       [ 0,  0,  7,  3],
       [ 0,  1,  1, 13]]), array([[ 8,  3,  0,  0],
       [ 1,  9,  0,  0],
       [ 0,  0,  7,  3],
       [ 0,  0,  3, 11]]), array([[ 8,  3,  0,  0],
       [ 1,  8,  0,  1],
       [ 0,  0,  7,  2],
       [ 0,  1,  1, 13]]), array([[ 6,  4,  1,  0],
       [ 0,  7,  0,  2],
       [ 0,  0,  7,  3],
       [ 0,  1,  2, 12]]), array([[ 8,  3,  0,  0],
       [ 2,  6,  0,  1],
       [ 0,  0,  6,  4],
       [ 0,  0,  1, 14]]), array([[ 8,  3,  0,  0],
       [ 2,  7,  0,  0],
       [ 0,  0,  7,  3],
       [ 0,  0,  2, 13]]), array([[ 9,  1,  0,  1],
       [ 1,  7,  0,  1],
       [ 0,  0,  9,  1],
       [ 0,  0,  2, 13]])]"
19,"[1.0, 1.0, 1.0, 1.0, 1.0, 1.0, 1.0, 1.0, 1.0, 1.0]","[1.0, 1.0, 1.0, 1.0, 1.0, 1.0, 1.0, 1.0, 1.0, 1.0]","[1.0, 1.0, 1.0, 1.0, 1.0, 1.0, 1.0, 1.0, 1.0, 1.0]","[1.0, 1.0, 1.0, 1.0, 1.0, 1.0, 1.0, 1.0, 1.0, 1.0]","[1.0, 1.0, 1.0, 1.0, 1.0, 1.0, 1.0, 1.0, 1.0, 1.0]","[1.0, 1.0, 1.0, 1.0, 1.0, 1.0, 1.0, 1.0, 1.0, 1.0]","[1.0, 1.0, 1.0, 1.0, 1.0, 1.0, 1.0, 1.0, 1.0, 1.0]","[1.0, 1.0, 1.0, 1.0, 1.0, 1.0, 1.0, 1.0, 1.0, 1.0]","[1.0, 1.0, 1.0, 1.0, 1.0, 1.0, 1.0, 1.0, 1.0, 1.0]","[1.0, 1.0, 1.0, 1.0, 1.0, 1.0, 1.0, 1.0, 1.0, 1.0]","[array([[100,   0,   0,   0],
       [  0, 135,   0,   0],
       [  0,   0,  89,   0],
       [  0,   0,   0, 134]]), array([[100,   0,   0,   0],
       [  0, 124,   0,   0],
       [  0,   0,  89,   0],
       [  0,   0,   0, 134]]), array([[101,   0,   0,   0],
       [  0, 140,   0,   0],
       [  0,   0,  89,   0],
       [  0,   0,   0, 134]]), array([[101,   0,   0,   0],
       [  0, 138,   0,   0],
       [  0,   0,  89,   0],
       [  0,   0,   0, 134]]), array([[101,   0,   0,   0],
       [  0, 131,   0,   0],
       [  0,   0,  89,   0],
       [  0,   0,   0, 135]]), array([[101,   0,   0,   0],
       [  0, 136,   0,   0],
       [  0,   0,  90,   0],
       [  0,   0,   0, 134]]), array([[101,   0,   0,   0],
       [  0, 138,   0,   0],
       [  0,   0,  89,   0],
       [  0,   0,   0, 134]]), array([[101,   0,   0,   0],
       [  0, 136,   0,   0],
       [  0,   0,  89,   0],
       [  0,   0,   0, 134]]), array([[101,   0,   0,   0],
       [  0, 136,   0,   0],
       [  0,   0,  89,   0],
       [  0,   0,   0, 134]]), array([[101,   0,   0,   0],
       [  0, 121,   0,   0],
       [  0,   0,  89,   0],
       [  0,   0,   0, 134]])]","[0.8043478260869565, 0.8695652173913043, 0.782608695652174, 0.717391304347826, 0.7777777777777778, 0.8666666666666667, 0.6888888888888889, 0.7777777777777778, 0.7555555555555555, 0.9111111111111111]","[0.8043478260869565, 0.8695652173913043, 0.782608695652174, 0.717391304347826, 0.7777777777777778, 0.8666666666666667, 0.6888888888888889, 0.7777777777777778, 0.7555555555555555, 0.9111111111111111]","[0.8043478260869565, 0.8695652173913043, 0.782608695652174, 0.717391304347826, 0.7777777777777778, 0.8666666666666667, 0.6888888888888889, 0.7777777777777778, 0.7555555555555555, 0.9111111111111111]","[0.8043478260869565, 0.8695652173913043, 0.782608695652174, 0.717391304347826, 0.7777777777777778, 0.8666666666666667, 0.6888888888888889, 0.7777777777777778, 0.7555555555555555, 0.9111111111111111]","[0.8183760683760684, 0.8881944444444444, 0.8027836134453782, 0.7189542483660131, 0.7811507936507935, 0.8829365079365079, 0.7021199388846449, 0.7905416951469584, 0.75, 0.9177489177489178]","[0.8180555555555554, 0.8666666666666667, 0.7757575757575758, 0.703030303030303, 0.7782467532467532, 0.8707070707070707, 0.678030303030303, 0.7545454545454546, 0.7462121212121211, 0.9161616161616162]","[0.8138371290545203, 0.8706804891015417, 0.7721394478844169, 0.7043211722488039, 0.775974025974026, 0.865219802379512, 0.6791666666666667, 0.7633689839572193, 0.7471227621483376, 0.9139775032269961]","[0.8193979933110368, 0.8807971014492754, 0.8002146510778224, 0.7246021597044615, 0.7839506172839507, 0.8904761904761904, 0.709464391817333, 0.7860902255639097, 0.7555555555555555, 0.916931216931217]","[0.8043478260869565, 0.8695652173913043, 0.782608695652174, 0.717391304347826, 0.7777777777777778, 0.8666666666666667, 0.6888888888888889, 0.7777777777777778, 0.7555555555555555, 0.9111111111111111]","[0.8075884418039427, 0.8682708087742412, 0.7757591308834747, 0.7144983877678385, 0.7773737373737374, 0.8676614908919811, 0.6885185185185185, 0.7725490196078432, 0.7547030406365445, 0.9113282930727149]","[array([[11,  1,  0,  0],
       [ 0,  8,  0,  1],
       [ 0,  0,  8,  2],
       [ 0,  0,  5, 10]]), array([[10,  1,  0,  1],
       [ 0,  9,  0,  0],
       [ 0,  0,  7,  3],
       [ 0,  0,  1, 14]]), array([[ 7,  4,  0,  0],
       [ 0, 10,  0,  0],
       [ 0,  0,  6,  4],
       [ 1,  0,  1, 13]]), array([[ 6,  4,  1,  0],
       [ 2,  7,  0,  1],
       [ 0,  0,  7,  3],
       [ 0,  1,  1, 13]]), array([[ 8,  3,  0,  0],
       [ 1,  9,  0,  0],
       [ 0,  0,  7,  3],
       [ 0,  0,  3, 11]]), array([[ 8,  3,  0,  0],
       [ 0, 10,  0,  0],
       [ 0,  0,  8,  1],
       [ 0,  1,  1, 13]]), array([[ 6,  4,  1,  0],
       [ 1,  6,  0,  2],
       [ 0,  0,  7,  3],
       [ 0,  1,  2, 12]]), array([[ 9,  2,  0,  0],
       [ 2,  6,  0,  1],
       [ 0,  0,  6,  4],
       [ 0,  0,  1, 14]]), array([[ 9,  2,  0,  0],
       [ 3,  6,  0,  0],
       [ 0,  0,  7,  3],
       [ 0,  0,  3, 12]]), array([[10,  0,  0,  1],
       [ 1,  8,  0,  0],
       [ 0,  0, 10,  0],
       [ 0,  0,  2, 13]])]"
20,"[1.0, 1.0, 1.0, 1.0, 1.0, 1.0, 1.0, 1.0, 1.0, 1.0]","[1.0, 1.0, 1.0, 1.0, 1.0, 1.0, 1.0, 1.0, 1.0, 1.0]","[1.0, 1.0, 1.0, 1.0, 1.0, 1.0, 1.0, 1.0, 1.0, 1.0]","[1.0, 1.0, 1.0, 1.0, 1.0, 1.0, 1.0, 1.0, 1.0, 1.0]","[1.0, 1.0, 1.0, 1.0, 1.0, 1.0, 1.0, 1.0, 1.0, 1.0]","[1.0, 1.0, 1.0, 1.0, 1.0, 1.0, 1.0, 1.0, 1.0, 1.0]","[1.0, 1.0, 1.0, 1.0, 1.0, 1.0, 1.0, 1.0, 1.0, 1.0]","[1.0, 1.0, 1.0, 1.0, 1.0, 1.0, 1.0, 1.0, 1.0, 1.0]","[1.0, 1.0, 1.0, 1.0, 1.0, 1.0, 1.0, 1.0, 1.0, 1.0]","[1.0, 1.0, 1.0, 1.0, 1.0, 1.0, 1.0, 1.0, 1.0, 1.0]","[array([[100,   0,   0,   0],
       [  0, 135,   0,   0],
       [  0,   0,  89,   0],
       [  0,   0,   0, 134]]), array([[100,   0,   0,   0],
       [  0, 124,   0,   0],
       [  0,   0,  89,   0],
       [  0,   0,   0, 134]]), array([[101,   0,   0,   0],
       [  0, 140,   0,   0],
       [  0,   0,  89,   0],
       [  0,   0,   0, 134]]), array([[101,   0,   0,   0],
       [  0, 138,   0,   0],
       [  0,   0,  89,   0],
       [  0,   0,   0, 134]]), array([[101,   0,   0,   0],
       [  0, 131,   0,   0],
       [  0,   0,  89,   0],
       [  0,   0,   0, 135]]), array([[101,   0,   0,   0],
       [  0, 136,   0,   0],
       [  0,   0,  90,   0],
       [  0,   0,   0, 134]]), array([[101,   0,   0,   0],
       [  0, 138,   0,   0],
       [  0,   0,  89,   0],
       [  0,   0,   0, 134]]), array([[101,   0,   0,   0],
       [  0, 136,   0,   0],
       [  0,   0,  89,   0],
       [  0,   0,   0, 134]]), array([[101,   0,   0,   0],
       [  0, 136,   0,   0],
       [  0,   0,  89,   0],
       [  0,   0,   0, 134]]), array([[101,   0,   0,   0],
       [  0, 121,   0,   0],
       [  0,   0,  89,   0],
       [  0,   0,   0, 134]])]","[0.7391304347826086, 0.8043478260869565, 0.717391304347826, 0.717391304347826, 0.7777777777777778, 0.8444444444444444, 0.6444444444444445, 0.8, 0.7333333333333333, 0.9111111111111111]","[0.7391304347826086, 0.8043478260869565, 0.717391304347826, 0.717391304347826, 0.7777777777777778, 0.8444444444444444, 0.6444444444444445, 0.8, 0.7333333333333333, 0.9111111111111111]","[0.7391304347826086, 0.8043478260869565, 0.717391304347826, 0.717391304347826, 0.7777777777777778, 0.8444444444444444, 0.6444444444444445, 0.8, 0.7333333333333333, 0.9111111111111111]","[0.7391304347826086, 0.8043478260869565, 0.717391304347826, 0.717391304347826, 0.7777777777777778, 0.8444444444444444, 0.6444444444444445, 0.8, 0.7333333333333333, 0.9111111111111111]","[0.7562229437229437, 0.8092171717171717, 0.7371031746031746, 0.7189542483660131, 0.7811507936507935, 0.8407287157287158, 0.6705929487179487, 0.8082399626517274, 0.7234848484848484, 0.9177489177489178]","[0.7513888888888888, 0.8055555555555556, 0.703030303030303, 0.703030303030303, 0.7782467532467532, 0.8434343434343434, 0.6386363636363636, 0.7856060606060605, 0.7234848484848484, 0.9161616161616162]","[0.7457904164800716, 0.8056765335498635, 0.6986144338118023, 0.7043211722488039, 0.775974025974026, 0.84138179827835, 0.6358418147317578, 0.7922268306636155, 0.7234848484848484, 0.9139775032269961]","[0.7628929041972521, 0.8073232323232323, 0.7357660455486542, 0.7246021597044615, 0.7839506172839507, 0.848917748917749, 0.6807336182336182, 0.8028737420894283, 0.7333333333333333, 0.916931216931217]","[0.7391304347826086, 0.8043478260869565, 0.717391304347826, 0.717391304347826, 0.7777777777777778, 0.8444444444444444, 0.6444444444444445, 0.8, 0.7333333333333333, 0.9111111111111111]","[0.7433517007729901, 0.8042403099033638, 0.7068597878094446, 0.7144983877678385, 0.7773737373737374, 0.8459405218025908, 0.6449964541046135, 0.7971364098652428, 0.7333333333333333, 0.9113282930727149]","[array([[ 9,  3,  0,  0],
       [ 0,  8,  0,  1],
       [ 0,  0,  7,  3],
       [ 0,  0,  5, 10]]), array([[10,  1,  0,  1],
       [ 1,  8,  0,  0],
       [ 0,  0,  7,  3],
       [ 0,  1,  2, 12]]), array([[ 6,  5,  0,  0],
       [ 1,  9,  0,  0],
       [ 0,  0,  5,  5],
       [ 1,  0,  1, 13]]), array([[ 6,  4,  1,  0],
       [ 2,  7,  0,  1],
       [ 0,  0,  7,  3],
       [ 0,  1,  1, 13]]), array([[ 8,  3,  0,  0],
       [ 1,  9,  0,  0],
       [ 0,  0,  7,  3],
       [ 0,  0,  3, 11]]), array([[ 9,  2,  0,  0],
       [ 2,  8,  0,  0],
       [ 0,  0,  8,  1],
       [ 0,  1,  1, 13]]), array([[ 5,  5,  1,  0],
       [ 1,  6,  0,  2],
       [ 0,  0,  7,  3],
       [ 0,  2,  2, 11]]), array([[10,  1,  0,  0],
       [ 2,  6,  0,  1],
       [ 0,  0,  7,  3],
       [ 0,  0,  2, 13]]), array([[ 8,  3,  0,  0],
       [ 3,  6,  0,  0],
       [ 0,  0,  7,  3],
       [ 0,  0,  3, 12]]), array([[10,  0,  0,  1],
       [ 1,  8,  0,  0],
       [ 0,  0, 10,  0],
       [ 0,  0,  2, 13]])]"
21,"[1.0, 1.0, 1.0, 1.0, 1.0, 1.0, 1.0, 1.0, 1.0, 1.0]","[1.0, 1.0, 1.0, 1.0, 1.0, 1.0, 1.0, 1.0, 1.0, 1.0]","[1.0, 1.0, 1.0, 1.0, 1.0, 1.0, 1.0, 1.0, 1.0, 1.0]","[1.0, 1.0, 1.0, 1.0, 1.0, 1.0, 1.0, 1.0, 1.0, 1.0]","[1.0, 1.0, 1.0, 1.0, 1.0, 1.0, 1.0, 1.0, 1.0, 1.0]","[1.0, 1.0, 1.0, 1.0, 1.0, 1.0, 1.0, 1.0, 1.0, 1.0]","[1.0, 1.0, 1.0, 1.0, 1.0, 1.0, 1.0, 1.0, 1.0, 1.0]","[1.0, 1.0, 1.0, 1.0, 1.0, 1.0, 1.0, 1.0, 1.0, 1.0]","[1.0, 1.0, 1.0, 1.0, 1.0, 1.0, 1.0, 1.0, 1.0, 1.0]","[1.0, 1.0, 1.0, 1.0, 1.0, 1.0, 1.0, 1.0, 1.0, 1.0]","[array([[100,   0,   0,   0],
       [  0, 135,   0,   0],
       [  0,   0,  89,   0],
       [  0,   0,   0, 134]]), array([[100,   0,   0,   0],
       [  0, 124,   0,   0],
       [  0,   0,  89,   0],
       [  0,   0,   0, 134]]), array([[101,   0,   0,   0],
       [  0, 140,   0,   0],
       [  0,   0,  89,   0],
       [  0,   0,   0, 134]]), array([[101,   0,   0,   0],
       [  0, 138,   0,   0],
       [  0,   0,  89,   0],
       [  0,   0,   0, 134]]), array([[101,   0,   0,   0],
       [  0, 131,   0,   0],
       [  0,   0,  89,   0],
       [  0,   0,   0, 135]]), array([[101,   0,   0,   0],
       [  0, 136,   0,   0],
       [  0,   0,  90,   0],
       [  0,   0,   0, 134]]), array([[101,   0,   0,   0],
       [  0, 138,   0,   0],
       [  0,   0,  89,   0],
       [  0,   0,   0, 134]]), array([[101,   0,   0,   0],
       [  0, 136,   0,   0],
       [  0,   0,  89,   0],
       [  0,   0,   0, 134]]), array([[101,   0,   0,   0],
       [  0, 136,   0,   0],
       [  0,   0,  89,   0],
       [  0,   0,   0, 134]]), array([[101,   0,   0,   0],
       [  0, 121,   0,   0],
       [  0,   0,  89,   0],
       [  0,   0,   0, 134]])]","[0.717391304347826, 0.782608695652174, 0.7391304347826086, 0.782608695652174, 0.7555555555555555, 0.8888888888888888, 0.6888888888888889, 0.8, 0.7555555555555555, 0.9111111111111111]","[0.717391304347826, 0.782608695652174, 0.7391304347826086, 0.782608695652174, 0.7555555555555555, 0.8888888888888888, 0.6888888888888889, 0.8, 0.7555555555555555, 0.9111111111111111]","[0.717391304347826, 0.782608695652174, 0.7391304347826086, 0.782608695652174, 0.7555555555555555, 0.8888888888888888, 0.6888888888888889, 0.8, 0.7555555555555555, 0.9111111111111111]","[0.717391304347826, 0.782608695652174, 0.7391304347826086, 0.782608695652174, 0.7555555555555555, 0.8888888888888888, 0.6888888888888889, 0.8, 0.7555555555555555, 0.9111111111111111]","[0.7410714285714286, 0.7896613190730838, 0.7559523809523809, 0.7793876262626263, 0.7532467532467533, 0.8966727716727716, 0.7021199388846449, 0.7951704545454545, 0.75, 0.9177489177489178]","[0.7305555555555555, 0.7805555555555556, 0.7257575757575758, 0.7734848484848486, 0.7532467532467533, 0.8934343434343435, 0.678030303030303, 0.787878787878788, 0.7462121212121211, 0.9161616161616162]","[0.7219808926705479, 0.7778117167919799, 0.7302584670231729, 0.77570612748881, 0.7523809523809524, 0.8887514576045311, 0.6791666666666667, 0.7906934621355874, 0.7471227621483376, 0.9139775032269961]","[0.7510351966873706, 0.792619287504198, 0.7527605244996549, 0.7818538647342995, 0.7571717171717173, 0.9026862026862028, 0.709464391817333, 0.7986111111111112, 0.7555555555555555, 0.916931216931217]","[0.717391304347826, 0.782608695652174, 0.7391304347826086, 0.782608695652174, 0.7555555555555555, 0.8888888888888888, 0.6888888888888889, 0.8, 0.7555555555555555, 0.9111111111111111]","[0.7209914523257852, 0.780408221641059, 0.7358637526156708, 0.7815014394330848, 0.7555555555555555, 0.8898650674662669, 0.6885185185185185, 0.7985241408391315, 0.7547030406365445, 0.9113282930727149]","[array([[ 8,  4,  0,  0],
       [ 0,  8,  0,  1],
       [ 0,  0,  7,  3],
       [ 0,  0,  5, 10]]), array([[ 8,  3,  0,  1],
       [ 1,  8,  0,  0],
       [ 0,  0,  7,  3],
       [ 0,  0,  2, 13]]), array([[ 7,  4,  0,  0],
       [ 1,  8,  0,  1],
       [ 0,  0,  6,  4],
       [ 1,  0,  1, 13]]), array([[ 8,  2,  1,  0],
       [ 2,  7,  0,  1],
       [ 0,  0,  8,  2],
       [ 1,  0,  1, 13]]), array([[ 8,  3,  0,  0],
       [ 2,  8,  0,  0],
       [ 0,  0,  7,  3],
       [ 0,  0,  3, 11]]), array([[ 9,  2,  0,  0],
       [ 0, 10,  0,  0],
       [ 0,  0,  8,  1],
       [ 0,  1,  1, 13]]), array([[ 6,  4,  1,  0],
       [ 1,  6,  0,  2],
       [ 0,  0,  7,  3],
       [ 0,  1,  2, 12]]), array([[ 9,  2,  0,  0],
       [ 2,  6,  0,  1],
       [ 0,  0,  8,  2],
       [ 0,  0,  2, 13]]), array([[ 9,  2,  0,  0],
       [ 3,  6,  0,  0],
       [ 0,  0,  7,  3],
       [ 0,  0,  3, 12]]), array([[10,  0,  0,  1],
       [ 1,  8,  0,  0],
       [ 0,  0, 10,  0],
       [ 0,  0,  2, 13]])]"
22,"[1.0, 1.0, 1.0, 1.0, 1.0, 1.0, 1.0, 1.0, 1.0, 1.0]","[1.0, 1.0, 1.0, 1.0, 1.0, 1.0, 1.0, 1.0, 1.0, 1.0]","[1.0, 1.0, 1.0, 1.0, 1.0, 1.0, 1.0, 1.0, 1.0, 1.0]","[1.0, 1.0, 1.0, 1.0, 1.0, 1.0, 1.0, 1.0, 1.0, 1.0]","[1.0, 1.0, 1.0, 1.0, 1.0, 1.0, 1.0, 1.0, 1.0, 1.0]","[1.0, 1.0, 1.0, 1.0, 1.0, 1.0, 1.0, 1.0, 1.0, 1.0]","[1.0, 1.0, 1.0, 1.0, 1.0, 1.0, 1.0, 1.0, 1.0, 1.0]","[1.0, 1.0, 1.0, 1.0, 1.0, 1.0, 1.0, 1.0, 1.0, 1.0]","[1.0, 1.0, 1.0, 1.0, 1.0, 1.0, 1.0, 1.0, 1.0, 1.0]","[1.0, 1.0, 1.0, 1.0, 1.0, 1.0, 1.0, 1.0, 1.0, 1.0]","[array([[100,   0,   0,   0],
       [  0, 135,   0,   0],
       [  0,   0,  89,   0],
       [  0,   0,   0, 134]]), array([[100,   0,   0,   0],
       [  0, 124,   0,   0],
       [  0,   0,  89,   0],
       [  0,   0,   0, 134]]), array([[101,   0,   0,   0],
       [  0, 140,   0,   0],
       [  0,   0,  89,   0],
       [  0,   0,   0, 134]]), array([[101,   0,   0,   0],
       [  0, 138,   0,   0],
       [  0,   0,  89,   0],
       [  0,   0,   0, 134]]), array([[101,   0,   0,   0],
       [  0, 131,   0,   0],
       [  0,   0,  89,   0],
       [  0,   0,   0, 135]]), array([[101,   0,   0,   0],
       [  0, 136,   0,   0],
       [  0,   0,  90,   0],
       [  0,   0,   0, 134]]), array([[101,   0,   0,   0],
       [  0, 138,   0,   0],
       [  0,   0,  89,   0],
       [  0,   0,   0, 134]]), array([[101,   0,   0,   0],
       [  0, 136,   0,   0],
       [  0,   0,  89,   0],
       [  0,   0,   0, 134]]), array([[101,   0,   0,   0],
       [  0, 136,   0,   0],
       [  0,   0,  89,   0],
       [  0,   0,   0, 134]]), array([[101,   0,   0,   0],
       [  0, 121,   0,   0],
       [  0,   0,  89,   0],
       [  0,   0,   0, 134]])]","[0.7391304347826086, 0.8043478260869565, 0.7608695652173914, 0.7608695652173914, 0.7555555555555555, 0.8222222222222222, 0.6888888888888889, 0.8222222222222222, 0.7333333333333333, 0.8888888888888888]","[0.7391304347826086, 0.8043478260869565, 0.7608695652173914, 0.7608695652173914, 0.7555555555555555, 0.8222222222222222, 0.6888888888888889, 0.8222222222222222, 0.7333333333333333, 0.8888888888888888]","[0.7391304347826086, 0.8043478260869565, 0.7608695652173914, 0.7608695652173914, 0.7555555555555555, 0.8222222222222222, 0.6888888888888889, 0.8222222222222222, 0.7333333333333333, 0.8888888888888888]","[0.7391304347826086, 0.8043478260869565, 0.7608695652173914, 0.7608695652173914, 0.7555555555555555, 0.8222222222222222, 0.6888888888888889, 0.8222222222222222, 0.7333333333333333, 0.8888888888888888]","[0.7562229437229437, 0.8106209150326797, 0.7864145658263305, 0.765625, 0.7617694805194805, 0.8307158119658119, 0.7021199388846449, 0.8257440476190476, 0.7234848484848484, 0.9022727272727273]","[0.7513888888888888, 0.8013888888888888, 0.753030303030303, 0.7507575757575758, 0.7555194805194805, 0.817929292929293, 0.678030303030303, 0.8106060606060607, 0.7234848484848484, 0.8883838383838384]","[0.7457904164800716, 0.8024072966507177, 0.7462622549019609, 0.7542946442352215, 0.7518512189564821, 0.8182011935208867, 0.6791666666666667, 0.8145687237026649, 0.7234848484848484, 0.8899621212121213]","[0.7628929041972521, 0.8097470872406933, 0.7855924978687127, 0.7709842995169083, 0.7664141414141413, 0.8350189933523267, 0.709464391817333, 0.8237433862433862, 0.7333333333333333, 0.8962962962962964]","[0.7391304347826086, 0.8043478260869565, 0.7608695652173914, 0.7608695652173914, 0.7555555555555555, 0.8222222222222222, 0.6888888888888889, 0.8222222222222222, 0.7333333333333333, 0.8888888888888888]","[0.7433517007729901, 0.8033271791137924, 0.7517316709292412, 0.7622898729675136, 0.7545277334751018, 0.8230633702756466, 0.6885185185185185, 0.819908056724326, 0.7333333333333333, 0.8881313131313132]","[array([[ 9,  3,  0,  0],
       [ 0,  8,  0,  1],
       [ 0,  0,  7,  3],
       [ 0,  0,  5, 10]]), array([[ 9,  2,  0,  1],
       [ 1,  8,  0,  0],
       [ 0,  0,  7,  3],
       [ 0,  0,  2, 13]]), array([[ 6,  5,  0,  0],
       [ 0, 10,  0,  0],
       [ 0,  0,  6,  4],
       [ 1,  0,  1, 13]]), array([[ 7,  4,  0,  0],
       [ 2,  7,  0,  1],
       [ 0,  0,  8,  2],
       [ 0,  1,  1, 13]]), array([[ 7,  3,  1,  0],
       [ 1,  9,  0,  0],
       [ 0,  0,  7,  3],
       [ 0,  0,  3, 11]]), array([[ 8,  3,  0,  0],
       [ 1,  9,  0,  0],
       [ 0,  0,  7,  2],
       [ 0,  1,  1, 13]]), array([[ 6,  4,  1,  0],
       [ 1,  6,  0,  2],
       [ 0,  0,  7,  3],
       [ 0,  1,  2, 12]]), array([[10,  1,  0,  0],
       [ 2,  6,  0,  1],
       [ 0,  0,  8,  2],
       [ 0,  0,  2, 13]]), array([[ 8,  3,  0,  0],
       [ 3,  6,  0,  0],
       [ 0,  0,  7,  3],
       [ 0,  0,  3, 12]]), array([[10,  0,  0,  1],
       [ 1,  7,  0,  1],
       [ 0,  0, 10,  0],
       [ 0,  0,  2, 13]])]"
23,"[1.0, 1.0, 1.0, 1.0, 1.0, 1.0, 1.0, 1.0, 1.0, 1.0]","[1.0, 1.0, 1.0, 1.0, 1.0, 1.0, 1.0, 1.0, 1.0, 1.0]","[1.0, 1.0, 1.0, 1.0, 1.0, 1.0, 1.0, 1.0, 1.0, 1.0]","[1.0, 1.0, 1.0, 1.0, 1.0, 1.0, 1.0, 1.0, 1.0, 1.0]","[1.0, 1.0, 1.0, 1.0, 1.0, 1.0, 1.0, 1.0, 1.0, 1.0]","[1.0, 1.0, 1.0, 1.0, 1.0, 1.0, 1.0, 1.0, 1.0, 1.0]","[1.0, 1.0, 1.0, 1.0, 1.0, 1.0, 1.0, 1.0, 1.0, 1.0]","[1.0, 1.0, 1.0, 1.0, 1.0, 1.0, 1.0, 1.0, 1.0, 1.0]","[1.0, 1.0, 1.0, 1.0, 1.0, 1.0, 1.0, 1.0, 1.0, 1.0]","[1.0, 1.0, 1.0, 1.0, 1.0, 1.0, 1.0, 1.0, 1.0, 1.0]","[array([[100,   0,   0,   0],
       [  0, 135,   0,   0],
       [  0,   0,  89,   0],
       [  0,   0,   0, 134]]), array([[100,   0,   0,   0],
       [  0, 124,   0,   0],
       [  0,   0,  89,   0],
       [  0,   0,   0, 134]]), array([[101,   0,   0,   0],
       [  0, 140,   0,   0],
       [  0,   0,  89,   0],
       [  0,   0,   0, 134]]), array([[101,   0,   0,   0],
       [  0, 138,   0,   0],
       [  0,   0,  89,   0],
       [  0,   0,   0, 134]]), array([[101,   0,   0,   0],
       [  0, 131,   0,   0],
       [  0,   0,  89,   0],
       [  0,   0,   0, 135]]), array([[101,   0,   0,   0],
       [  0, 136,   0,   0],
       [  0,   0,  90,   0],
       [  0,   0,   0, 134]]), array([[101,   0,   0,   0],
       [  0, 138,   0,   0],
       [  0,   0,  89,   0],
       [  0,   0,   0, 134]]), array([[101,   0,   0,   0],
       [  0, 136,   0,   0],
       [  0,   0,  89,   0],
       [  0,   0,   0, 134]]), array([[101,   0,   0,   0],
       [  0, 136,   0,   0],
       [  0,   0,  89,   0],
       [  0,   0,   0, 134]]), array([[101,   0,   0,   0],
       [  0, 121,   0,   0],
       [  0,   0,  89,   0],
       [  0,   0,   0, 134]])]","[0.7608695652173914, 0.782608695652174, 0.7391304347826086, 0.782608695652174, 0.7333333333333333, 0.8666666666666667, 0.6666666666666666, 0.8222222222222222, 0.7333333333333333, 0.8888888888888888]","[0.7608695652173914, 0.782608695652174, 0.7391304347826086, 0.782608695652174, 0.7333333333333333, 0.8666666666666667, 0.6666666666666666, 0.8222222222222222, 0.7333333333333333, 0.8888888888888888]","[0.7608695652173914, 0.782608695652174, 0.7391304347826086, 0.782608695652174, 0.7333333333333333, 0.8666666666666667, 0.6666666666666666, 0.8222222222222222, 0.7333333333333333, 0.8888888888888888]","[0.7608695652173914, 0.782608695652174, 0.7391304347826086, 0.782608695652174, 0.7333333333333333, 0.8666666666666667, 0.6666666666666666, 0.8222222222222222, 0.7333333333333333, 0.8888888888888888]","[0.7744047619047619, 0.7887626262626263, 0.770045518207283, 0.7844381313131313, 0.7317821067821068, 0.8668650793650794, 0.6946329813976874, 0.8201500297088533, 0.7234848484848484, 0.9022727272727273]","[0.7722222222222223, 0.7847222222222221, 0.7303030303030303, 0.7734848484848486, 0.7305194805194806, 0.8684343434343434, 0.6553030303030303, 0.8045454545454547, 0.7234848484848484, 0.8883838383838384]","[0.7693037452565583, 0.7823043679580182, 0.7189621040723982, 0.7773465922871695, 0.7285714285714285, 0.8651913220878739, 0.6551329862088376, 0.8102923585702224, 0.7234848484848484, 0.8899621212121213]","[0.7771221532091097, 0.7907224418093984, 0.7708409450736816, 0.7878266359244621, 0.7375982042648709, 0.873968253968254, 0.7041450198312944, 0.8220406681190996, 0.7333333333333333, 0.8962962962962964]","[0.7608695652173914, 0.782608695652174, 0.7391304347826086, 0.782608695652174, 0.7333333333333333, 0.8666666666666667, 0.6666666666666666, 0.8222222222222222, 0.7333333333333333, 0.8888888888888888]","[0.7651413527685919, 0.7825979586221707, 0.7262873795002952, 0.7836808008801808, 0.7330158730158729, 0.8679703438324129, 0.6666244488225912, 0.8199776401788786, 0.7333333333333333, 0.8881313131313132]","[array([[10,  2,  0,  0],
       [ 0,  8,  0,  1],
       [ 0,  0,  7,  3],
       [ 0,  0,  5, 10]]), array([[ 9,  2,  0,  1],
       [ 1,  8,  0,  0],
       [ 0,  0,  7,  3],
       [ 0,  1,  2, 12]]), array([[ 5,  6,  0,  0],
       [ 0, 10,  0,  0],
       [ 0,  0,  6,  4],
       [ 1,  0,  1, 13]]), array([[ 8,  3,  0,  0],
       [ 2,  7,  0,  1],
       [ 0,  0,  8,  2],
       [ 0,  1,  1, 13]]), array([[ 7,  3,  1,  0],
       [ 2,  8,  0,  0],
       [ 0,  0,  7,  3],
       [ 0,  0,  3, 11]]), array([[ 9,  2,  0,  0],
       [ 1,  9,  0,  0],
       [ 0,  0,  8,  1],
       [ 0,  1,  1, 13]]), array([[ 5,  5,  1,  0],
       [ 1,  6,  0,  2],
       [ 0,  0,  7,  3],
       [ 0,  2,  1, 12]]), array([[ 9,  2,  0,  0],
       [ 2,  6,  0,  1],
       [ 0,  0,  8,  2],
       [ 0,  0,  1, 14]]), array([[ 8,  3,  0,  0],
       [ 3,  6,  0,  0],
       [ 0,  0,  7,  3],
       [ 0,  0,  3, 12]]), array([[10,  0,  0,  1],
       [ 1,  7,  0,  1],
       [ 0,  0, 10,  0],
       [ 0,  0,  2, 13]])]"
24,"[1.0, 1.0, 1.0, 1.0, 1.0, 1.0, 1.0, 1.0, 1.0, 1.0]","[1.0, 1.0, 1.0, 1.0, 1.0, 1.0, 1.0, 1.0, 1.0, 1.0]","[1.0, 1.0, 1.0, 1.0, 1.0, 1.0, 1.0, 1.0, 1.0, 1.0]","[1.0, 1.0, 1.0, 1.0, 1.0, 1.0, 1.0, 1.0, 1.0, 1.0]","[1.0, 1.0, 1.0, 1.0, 1.0, 1.0, 1.0, 1.0, 1.0, 1.0]","[1.0, 1.0, 1.0, 1.0, 1.0, 1.0, 1.0, 1.0, 1.0, 1.0]","[1.0, 1.0, 1.0, 1.0, 1.0, 1.0, 1.0, 1.0, 1.0, 1.0]","[1.0, 1.0, 1.0, 1.0, 1.0, 1.0, 1.0, 1.0, 1.0, 1.0]","[1.0, 1.0, 1.0, 1.0, 1.0, 1.0, 1.0, 1.0, 1.0, 1.0]","[1.0, 1.0, 1.0, 1.0, 1.0, 1.0, 1.0, 1.0, 1.0, 1.0]","[array([[100,   0,   0,   0],
       [  0, 135,   0,   0],
       [  0,   0,  89,   0],
       [  0,   0,   0, 134]]), array([[100,   0,   0,   0],
       [  0, 124,   0,   0],
       [  0,   0,  89,   0],
       [  0,   0,   0, 134]]), array([[101,   0,   0,   0],
       [  0, 140,   0,   0],
       [  0,   0,  89,   0],
       [  0,   0,   0, 134]]), array([[101,   0,   0,   0],
       [  0, 138,   0,   0],
       [  0,   0,  89,   0],
       [  0,   0,   0, 134]]), array([[101,   0,   0,   0],
       [  0, 131,   0,   0],
       [  0,   0,  89,   0],
       [  0,   0,   0, 135]]), array([[101,   0,   0,   0],
       [  0, 136,   0,   0],
       [  0,   0,  90,   0],
       [  0,   0,   0, 134]]), array([[101,   0,   0,   0],
       [  0, 138,   0,   0],
       [  0,   0,  89,   0],
       [  0,   0,   0, 134]]), array([[101,   0,   0,   0],
       [  0, 136,   0,   0],
       [  0,   0,  89,   0],
       [  0,   0,   0, 134]]), array([[101,   0,   0,   0],
       [  0, 136,   0,   0],
       [  0,   0,  89,   0],
       [  0,   0,   0, 134]]), array([[101,   0,   0,   0],
       [  0, 121,   0,   0],
       [  0,   0,  89,   0],
       [  0,   0,   0, 134]])]","[0.6956521739130435, 0.8260869565217391, 0.7391304347826086, 0.717391304347826, 0.7333333333333333, 0.8222222222222222, 0.6666666666666666, 0.8, 0.8, 0.8666666666666667]","[0.6956521739130435, 0.8260869565217391, 0.7391304347826086, 0.717391304347826, 0.7333333333333333, 0.8222222222222222, 0.6666666666666666, 0.8, 0.8, 0.8666666666666667]","[0.6956521739130435, 0.8260869565217391, 0.7391304347826086, 0.717391304347826, 0.7333333333333333, 0.8222222222222222, 0.6666666666666666, 0.8, 0.8, 0.8666666666666667]","[0.6956521739130435, 0.8260869565217391, 0.7391304347826086, 0.717391304347826, 0.7333333333333333, 0.8222222222222222, 0.6666666666666666, 0.8, 0.8, 0.8666666666666667]","[0.7282509157509158, 0.8351158645276292, 0.7698412698412699, 0.7189542483660131, 0.7317821067821068, 0.821780303030303, 0.6816152597402597, 0.7947712418300654, 0.7965593434343434, 0.8833333333333334]","[0.7097222222222223, 0.8222222222222223, 0.728030303030303, 0.703030303030303, 0.7305194805194806, 0.8156565656565656, 0.6613636363636363, 0.781818181818182, 0.7906565656565657, 0.8606060606060606]","[0.6975334103283286, 0.8269490528858378, 0.7198863636363637, 0.7043211722488039, 0.7285714285714285, 0.8175706646294881, 0.6607526881720429, 0.7864191729323308, 0.7928778446605272, 0.8613306982872201]","[0.7410017518713172, 0.8295099330904957, 0.7665631469979297, 0.7246021597044615, 0.7375982042648709, 0.8255050505050505, 0.6891955266955266, 0.8009295570079884, 0.7992283950617284, 0.8777777777777778]","[0.6956521739130435, 0.8260869565217391, 0.7391304347826086, 0.717391304347826, 0.7333333333333333, 0.8222222222222222, 0.6666666666666666, 0.8, 0.8, 0.8666666666666667]","[0.69773964692295, 0.8258848622027659, 0.7261198945981554, 0.7144983877678385, 0.7330158730158729, 0.8229069405539993, 0.6676702508960574, 0.7983778891673627, 0.7988681380871534, 0.8634694773825209]","[array([[ 7,  5,  0,  0],
       [ 0,  8,  0,  1],
       [ 0,  0,  7,  3],
       [ 0,  0,  5, 10]]), array([[10,  1,  0,  1],
       [ 1,  8,  0,  0],
       [ 0,  0,  7,  3],
       [ 0,  0,  2, 13]]), array([[ 6,  5,  0,  0],
       [ 0, 10,  0,  0],
       [ 0,  0,  5,  5],
       [ 1,  0,  1, 13]]), array([[ 6,  4,  1,  0],
       [ 2,  7,  0,  1],
       [ 0,  0,  7,  3],
       [ 0,  1,  1, 13]]), array([[ 7,  3,  1,  0],
       [ 2,  8,  0,  0],
       [ 0,  0,  7,  3],
       [ 0,  0,  3, 11]]), array([[ 9,  2,  0,  0],
       [ 2,  8,  0,  0],
       [ 0,  0,  7,  2],
       [ 0,  1,  1, 13]]), array([[ 6,  4,  1,  0],
       [ 1,  6,  0,  2],
       [ 0,  0,  7,  3],
       [ 0,  1,  3, 11]]), array([[ 8,  3,  0,  0],
       [ 2,  6,  0,  1],
       [ 0,  0,  8,  2],
       [ 0,  0,  1, 14]]), array([[ 9,  2,  0,  0],
       [ 2,  7,  0,  0],
       [ 0,  0,  7,  3],
       [ 0,  0,  2, 13]]), array([[10,  0,  0,  1],
       [ 2,  6,  0,  1],
       [ 0,  0, 10,  0],
       [ 0,  0,  2, 13]])]"
25,"[1.0, 1.0, 1.0, 1.0, 1.0, 1.0, 1.0, 1.0, 1.0, 1.0]","[1.0, 1.0, 1.0, 1.0, 1.0, 1.0, 1.0, 1.0, 1.0, 1.0]","[1.0, 1.0, 1.0, 1.0, 1.0, 1.0, 1.0, 1.0, 1.0, 1.0]","[1.0, 1.0, 1.0, 1.0, 1.0, 1.0, 1.0, 1.0, 1.0, 1.0]","[1.0, 1.0, 1.0, 1.0, 1.0, 1.0, 1.0, 1.0, 1.0, 1.0]","[1.0, 1.0, 1.0, 1.0, 1.0, 1.0, 1.0, 1.0, 1.0, 1.0]","[1.0, 1.0, 1.0, 1.0, 1.0, 1.0, 1.0, 1.0, 1.0, 1.0]","[1.0, 1.0, 1.0, 1.0, 1.0, 1.0, 1.0, 1.0, 1.0, 1.0]","[1.0, 1.0, 1.0, 1.0, 1.0, 1.0, 1.0, 1.0, 1.0, 1.0]","[1.0, 1.0, 1.0, 1.0, 1.0, 1.0, 1.0, 1.0, 1.0, 1.0]","[array([[100,   0,   0,   0],
       [  0, 135,   0,   0],
       [  0,   0,  89,   0],
       [  0,   0,   0, 134]]), array([[100,   0,   0,   0],
       [  0, 124,   0,   0],
       [  0,   0,  89,   0],
       [  0,   0,   0, 134]]), array([[101,   0,   0,   0],
       [  0, 140,   0,   0],
       [  0,   0,  89,   0],
       [  0,   0,   0, 134]]), array([[101,   0,   0,   0],
       [  0, 138,   0,   0],
       [  0,   0,  89,   0],
       [  0,   0,   0, 134]]), array([[101,   0,   0,   0],
       [  0, 131,   0,   0],
       [  0,   0,  89,   0],
       [  0,   0,   0, 135]]), array([[101,   0,   0,   0],
       [  0, 136,   0,   0],
       [  0,   0,  90,   0],
       [  0,   0,   0, 134]]), array([[101,   0,   0,   0],
       [  0, 138,   0,   0],
       [  0,   0,  89,   0],
       [  0,   0,   0, 134]]), array([[101,   0,   0,   0],
       [  0, 136,   0,   0],
       [  0,   0,  89,   0],
       [  0,   0,   0, 134]]), array([[101,   0,   0,   0],
       [  0, 136,   0,   0],
       [  0,   0,  89,   0],
       [  0,   0,   0, 134]]), array([[101,   0,   0,   0],
       [  0, 121,   0,   0],
       [  0,   0,  89,   0],
       [  0,   0,   0, 134]])]","[0.782608695652174, 0.8260869565217391, 0.7608695652173914, 0.7608695652173914, 0.7555555555555555, 0.8222222222222222, 0.7111111111111111, 0.7777777777777778, 0.7111111111111111, 0.8888888888888888]","[0.782608695652174, 0.8260869565217391, 0.7608695652173914, 0.7608695652173914, 0.7555555555555555, 0.8222222222222222, 0.7111111111111111, 0.7777777777777778, 0.7111111111111111, 0.8888888888888888]","[0.782608695652174, 0.8260869565217391, 0.7608695652173914, 0.7608695652173914, 0.7555555555555555, 0.8222222222222222, 0.7111111111111111, 0.7777777777777778, 0.7111111111111111, 0.8888888888888888]","[0.782608695652174, 0.8260869565217391, 0.7608695652173914, 0.7608695652173914, 0.7555555555555555, 0.8222222222222222, 0.7111111111111111, 0.7777777777777778, 0.7111111111111111, 0.8888888888888888]","[0.7966269841269842, 0.8381944444444445, 0.7862103174603176, 0.7847222222222222, 0.7617694805194805, 0.8307158119658119, 0.7068181818181818, 0.7725490196078431, 0.7, 0.9]","[0.7930555555555555, 0.8180555555555555, 0.7507575757575757, 0.7424242424242424, 0.7555194805194805, 0.817929292929293, 0.7030303030303029, 0.759090909090909, 0.7007575757575757, 0.8934343434343435]","[0.7928573591991883, 0.8216374269005848, 0.7457635566188199, 0.7520944741532978, 0.7518512189564821, 0.8182011935208867, 0.6998140512571751, 0.7621710526315789, 0.6995614035087719, 0.893519225872167]","[0.7945134575569359, 0.8351449275362318, 0.7811853002070394, 0.783816425120773, 0.7664141414141413, 0.8350189933523267, 0.7149494949494949, 0.7821641249092228, 0.7133333333333332, 0.8940740740740741]","[0.782608695652174, 0.8260869565217391, 0.7608695652173914, 0.7608695652173914, 0.7555555555555555, 0.8222222222222222, 0.7111111111111111, 0.7777777777777778, 0.7111111111111111, 0.8888888888888888]","[0.7866679308567062, 0.8239604280794213, 0.7501473545523889, 0.7614392001860032, 0.7545277334751018, 0.8230633702756466, 0.7080784398271665, 0.7762280701754386, 0.7115009746588694, 0.8886681945505476]","[array([[11,  1,  0,  0],
       [ 0,  8,  0,  1],
       [ 0,  0,  7,  3],
       [ 0,  0,  5, 10]]), array([[ 9,  2,  0,  1],
       [ 1,  8,  0,  0],
       [ 0,  0,  7,  3],
       [ 0,  0,  1, 14]]), array([[ 7,  4,  0,  0],
       [ 0, 10,  0,  0],
       [ 0,  0,  5,  5],
       [ 1,  0,  1, 13]]), array([[ 7,  4,  0,  0],
       [ 2,  7,  0,  1],
       [ 0,  0,  7,  3],
       [ 0,  1,  0, 14]]), array([[ 7,  3,  1,  0],
       [ 1,  9,  0,  0],
       [ 0,  0,  7,  3],
       [ 0,  0,  3, 11]]), array([[ 8,  3,  0,  0],
       [ 1,  9,  0,  0],
       [ 0,  0,  7,  2],
       [ 0,  1,  1, 13]]), array([[ 6,  4,  1,  0],
       [ 1,  6,  0,  2],
       [ 0,  0,  8,  2],
       [ 1,  0,  2, 12]]), array([[ 7,  4,  0,  0],
       [ 2,  6,  0,  1],
       [ 0,  0,  8,  2],
       [ 0,  0,  1, 14]]), array([[ 7,  4,  0,  0],
       [ 3,  6,  0,  0],
       [ 0,  0,  7,  3],
       [ 0,  0,  3, 12]]), array([[ 9,  0,  0,  2],
       [ 1,  8,  0,  0],
       [ 0,  0, 10,  0],
       [ 0,  0,  2, 13]])]"
26,"[1.0, 1.0, 1.0, 1.0, 1.0, 1.0, 1.0, 1.0, 1.0, 1.0]","[1.0, 1.0, 1.0, 1.0, 1.0, 1.0, 1.0, 1.0, 1.0, 1.0]","[1.0, 1.0, 1.0, 1.0, 1.0, 1.0, 1.0, 1.0, 1.0, 1.0]","[1.0, 1.0, 1.0, 1.0, 1.0, 1.0, 1.0, 1.0, 1.0, 1.0]","[1.0, 1.0, 1.0, 1.0, 1.0, 1.0, 1.0, 1.0, 1.0, 1.0]","[1.0, 1.0, 1.0, 1.0, 1.0, 1.0, 1.0, 1.0, 1.0, 1.0]","[1.0, 1.0, 1.0, 1.0, 1.0, 1.0, 1.0, 1.0, 1.0, 1.0]","[1.0, 1.0, 1.0, 1.0, 1.0, 1.0, 1.0, 1.0, 1.0, 1.0]","[1.0, 1.0, 1.0, 1.0, 1.0, 1.0, 1.0, 1.0, 1.0, 1.0]","[1.0, 1.0, 1.0, 1.0, 1.0, 1.0, 1.0, 1.0, 1.0, 1.0]","[array([[100,   0,   0,   0],
       [  0, 135,   0,   0],
       [  0,   0,  89,   0],
       [  0,   0,   0, 134]]), array([[100,   0,   0,   0],
       [  0, 124,   0,   0],
       [  0,   0,  89,   0],
       [  0,   0,   0, 134]]), array([[101,   0,   0,   0],
       [  0, 140,   0,   0],
       [  0,   0,  89,   0],
       [  0,   0,   0, 134]]), array([[101,   0,   0,   0],
       [  0, 138,   0,   0],
       [  0,   0,  89,   0],
       [  0,   0,   0, 134]]), array([[101,   0,   0,   0],
       [  0, 131,   0,   0],
       [  0,   0,  89,   0],
       [  0,   0,   0, 135]]), array([[101,   0,   0,   0],
       [  0, 136,   0,   0],
       [  0,   0,  90,   0],
       [  0,   0,   0, 134]]), array([[101,   0,   0,   0],
       [  0, 138,   0,   0],
       [  0,   0,  89,   0],
       [  0,   0,   0, 134]]), array([[101,   0,   0,   0],
       [  0, 136,   0,   0],
       [  0,   0,  89,   0],
       [  0,   0,   0, 134]]), array([[101,   0,   0,   0],
       [  0, 136,   0,   0],
       [  0,   0,  89,   0],
       [  0,   0,   0, 134]]), array([[101,   0,   0,   0],
       [  0, 121,   0,   0],
       [  0,   0,  89,   0],
       [  0,   0,   0, 134]])]","[0.7608695652173914, 0.782608695652174, 0.7391304347826086, 0.7391304347826086, 0.7333333333333333, 0.8222222222222222, 0.6888888888888889, 0.8, 0.7111111111111111, 0.8888888888888888]","[0.7608695652173914, 0.782608695652174, 0.7391304347826086, 0.7391304347826086, 0.7333333333333333, 0.8222222222222222, 0.6888888888888889, 0.8, 0.7111111111111111, 0.8888888888888888]","[0.7608695652173914, 0.782608695652174, 0.7391304347826086, 0.7391304347826086, 0.7333333333333333, 0.8222222222222222, 0.6888888888888889, 0.8, 0.7111111111111111, 0.8888888888888888]","[0.7608695652173914, 0.782608695652174, 0.7391304347826086, 0.7391304347826086, 0.7333333333333333, 0.8222222222222222, 0.6888888888888889, 0.8, 0.7111111111111111, 0.8888888888888888]","[0.7744047619047619, 0.7887626262626263, 0.7702205882352942, 0.7465277777777778, 0.7317821067821068, 0.8307158119658119, 0.6998472116119175, 0.7947712418300654, 0.7, 0.9]","[0.7722222222222223, 0.7847222222222221, 0.7340909090909091, 0.7196969696969697, 0.7305194805194806, 0.817929292929293, 0.678030303030303, 0.781818181818182, 0.7007575757575757, 0.8934343434343435]","[0.7693037452565583, 0.7823043679580182, 0.7279605263157894, 0.723551302498671, 0.7285714285714285, 0.8182011935208867, 0.6787280701754386, 0.7864191729323308, 0.6995614035087719, 0.893519225872167]","[0.7771221532091097, 0.7907224418093984, 0.7655051150895141, 0.75, 0.7375982042648709, 0.8350189933523267, 0.7062320685850098, 0.8009295570079884, 0.7133333333333332, 0.8940740740740741]","[0.7608695652173914, 0.782608695652174, 0.7391304347826086, 0.7391304347826086, 0.7333333333333333, 0.8222222222222222, 0.6888888888888889, 0.8, 0.7111111111111111, 0.8888888888888888]","[0.7651413527685919, 0.7825979586221707, 0.7305491990846683, 0.7351316367334675, 0.7330158730158729, 0.8230633702756466, 0.6874269005847953, 0.7983778891673627, 0.7115009746588694, 0.8886681945505476]","[array([[10,  2,  0,  0],
       [ 0,  8,  0,  1],
       [ 0,  0,  7,  3],
       [ 0,  0,  5, 10]]), array([[ 9,  2,  0,  1],
       [ 1,  8,  0,  0],
       [ 0,  0,  7,  3],
       [ 0,  1,  2, 12]]), array([[ 7,  4,  0,  0],
       [ 0, 10,  0,  0],
       [ 0,  0,  5,  5],
       [ 1,  1,  1, 12]]), array([[ 6,  4,  1,  0],
       [ 2,  7,  0,  1],
       [ 0,  0,  7,  3],
       [ 0,  1,  0, 14]]), array([[ 7,  3,  1,  0],
       [ 2,  8,  0,  0],
       [ 0,  0,  7,  3],
       [ 0,  0,  3, 11]]), array([[ 8,  3,  0,  0],
       [ 1,  9,  0,  0],
       [ 0,  0,  7,  2],
       [ 0,  1,  1, 13]]), array([[ 6,  4,  1,  0],
       [ 1,  6,  0,  2],
       [ 0,  0,  7,  3],
       [ 0,  0,  3, 12]]), array([[ 8,  3,  0,  0],
       [ 2,  6,  0,  1],
       [ 0,  0,  8,  2],
       [ 0,  0,  1, 14]]), array([[ 7,  4,  0,  0],
       [ 3,  6,  0,  0],
       [ 0,  0,  7,  3],
       [ 0,  0,  3, 12]]), array([[ 9,  0,  0,  2],
       [ 1,  8,  0,  0],
       [ 0,  0, 10,  0],
       [ 0,  0,  2, 13]])]"
27,"[1.0, 1.0, 1.0, 1.0, 1.0, 1.0, 1.0, 1.0, 1.0, 1.0]","[1.0, 1.0, 1.0, 1.0, 1.0, 1.0, 1.0, 1.0, 1.0, 1.0]","[1.0, 1.0, 1.0, 1.0, 1.0, 1.0, 1.0, 1.0, 1.0, 1.0]","[1.0, 1.0, 1.0, 1.0, 1.0, 1.0, 1.0, 1.0, 1.0, 1.0]","[1.0, 1.0, 1.0, 1.0, 1.0, 1.0, 1.0, 1.0, 1.0, 1.0]","[1.0, 1.0, 1.0, 1.0, 1.0, 1.0, 1.0, 1.0, 1.0, 1.0]","[1.0, 1.0, 1.0, 1.0, 1.0, 1.0, 1.0, 1.0, 1.0, 1.0]","[1.0, 1.0, 1.0, 1.0, 1.0, 1.0, 1.0, 1.0, 1.0, 1.0]","[1.0, 1.0, 1.0, 1.0, 1.0, 1.0, 1.0, 1.0, 1.0, 1.0]","[1.0, 1.0, 1.0, 1.0, 1.0, 1.0, 1.0, 1.0, 1.0, 1.0]","[array([[100,   0,   0,   0],
       [  0, 135,   0,   0],
       [  0,   0,  89,   0],
       [  0,   0,   0, 134]]), array([[100,   0,   0,   0],
       [  0, 124,   0,   0],
       [  0,   0,  89,   0],
       [  0,   0,   0, 134]]), array([[101,   0,   0,   0],
       [  0, 140,   0,   0],
       [  0,   0,  89,   0],
       [  0,   0,   0, 134]]), array([[101,   0,   0,   0],
       [  0, 138,   0,   0],
       [  0,   0,  89,   0],
       [  0,   0,   0, 134]]), array([[101,   0,   0,   0],
       [  0, 131,   0,   0],
       [  0,   0,  89,   0],
       [  0,   0,   0, 135]]), array([[101,   0,   0,   0],
       [  0, 136,   0,   0],
       [  0,   0,  90,   0],
       [  0,   0,   0, 134]]), array([[101,   0,   0,   0],
       [  0, 138,   0,   0],
       [  0,   0,  89,   0],
       [  0,   0,   0, 134]]), array([[101,   0,   0,   0],
       [  0, 136,   0,   0],
       [  0,   0,  89,   0],
       [  0,   0,   0, 134]]), array([[101,   0,   0,   0],
       [  0, 136,   0,   0],
       [  0,   0,  89,   0],
       [  0,   0,   0, 134]]), array([[101,   0,   0,   0],
       [  0, 121,   0,   0],
       [  0,   0,  89,   0],
       [  0,   0,   0, 134]])]","[0.717391304347826, 0.8260869565217391, 0.717391304347826, 0.7391304347826086, 0.7555555555555555, 0.8222222222222222, 0.7111111111111111, 0.8222222222222222, 0.7333333333333333, 0.8444444444444444]","[0.717391304347826, 0.8260869565217391, 0.717391304347826, 0.7391304347826086, 0.7555555555555555, 0.8222222222222222, 0.7111111111111111, 0.8222222222222222, 0.7333333333333333, 0.8444444444444444]","[0.717391304347826, 0.8260869565217391, 0.717391304347826, 0.7391304347826086, 0.7555555555555555, 0.8222222222222222, 0.7111111111111111, 0.8222222222222222, 0.7333333333333333, 0.8444444444444444]","[0.717391304347826, 0.8260869565217391, 0.717391304347826, 0.7391304347826086, 0.7555555555555555, 0.8222222222222222, 0.7111111111111111, 0.8222222222222222, 0.7333333333333333, 0.8444444444444444]","[0.7462703962703963, 0.8351158645276292, 0.7543859649122807, 0.7520315941368573, 0.7512626262626263, 0.821031746031746, 0.7473039215686275, 0.8253267973856209, 0.7211038961038961, 0.8524305555555556]","[0.726388888888889, 0.8222222222222223, 0.703030303030303, 0.7174242424242425, 0.7483766233766235, 0.8207070707070707, 0.7058080808080807, 0.8095959595959596, 0.7257575757575758, 0.842929292929293]","[0.7160287081339712, 0.8269490528858378, 0.7015931372549019, 0.7240196078431373, 0.7473727422003283, 0.8186545255510772, 0.7056372549019607, 0.8134868421052631, 0.7219341457091003, 0.8428324995687425]","[0.7587412587412589, 0.8295099330904957, 0.7489920453307181, 0.7509402623819099, 0.7561840628507296, 0.8310052910052911, 0.7519607843137256, 0.8293246187363833, 0.7384415584415585, 0.8483024691358025]","[0.717391304347826, 0.8260869565217391, 0.717391304347826, 0.7391304347826086, 0.7555555555555555, 0.8222222222222222, 0.7111111111111111, 0.8222222222222222, 0.7333333333333333, 0.8444444444444444]","[0.7185701407669371, 0.8258848622027659, 0.7076939471440749, 0.7343137254901961, 0.7534501003466519, 0.8244879003499693, 0.711437908496732, 0.8217251461988304, 0.7344529907143338, 0.841851532401817]","[array([[ 7,  5,  0,  0],
       [ 0,  8,  0,  1],
       [ 0,  0,  7,  3],
       [ 0,  0,  4, 11]]), array([[10,  1,  0,  1],
       [ 1,  8,  0,  0],
       [ 0,  0,  7,  3],
       [ 0,  0,  2, 13]]), array([[ 6,  5,  0,  0],
       [ 0,  9,  0,  1],
       [ 0,  0,  5,  5],
       [ 1,  0,  1, 13]]), array([[ 7,  3,  1,  0],
       [ 2,  7,  0,  1],
       [ 0,  0,  6,  4],
       [ 0,  1,  0, 14]]), array([[ 7,  3,  1,  0],
       [ 2,  8,  0,  0],
       [ 0,  0,  7,  3],
       [ 0,  0,  2, 12]]), array([[ 8,  3,  0,  0],
       [ 2,  8,  0,  0],
       [ 0,  0,  8,  1],
       [ 0,  1,  1, 13]]), array([[ 6,  4,  1,  0],
       [ 0,  7,  0,  2],
       [ 0,  0,  7,  3],
       [ 0,  1,  2, 12]]), array([[ 8,  3,  0,  0],
       [ 1,  7,  0,  1],
       [ 0,  0,  8,  2],
       [ 0,  0,  1, 14]]), array([[ 7,  4,  0,  0],
       [ 3,  6,  0,  0],
       [ 0,  0,  8,  2],
       [ 0,  0,  3, 12]]), array([[ 8,  1,  0,  2],
       [ 1,  7,  0,  1],
       [ 0,  0, 10,  0],
       [ 0,  0,  2, 13]])]"
28,"[1.0, 1.0, 1.0, 1.0, 1.0, 1.0, 1.0, 1.0, 1.0, 1.0]","[1.0, 1.0, 1.0, 1.0, 1.0, 1.0, 1.0, 1.0, 1.0, 1.0]","[1.0, 1.0, 1.0, 1.0, 1.0, 1.0, 1.0, 1.0, 1.0, 1.0]","[1.0, 1.0, 1.0, 1.0, 1.0, 1.0, 1.0, 1.0, 1.0, 1.0]","[1.0, 1.0, 1.0, 1.0, 1.0, 1.0, 1.0, 1.0, 1.0, 1.0]","[1.0, 1.0, 1.0, 1.0, 1.0, 1.0, 1.0, 1.0, 1.0, 1.0]","[1.0, 1.0, 1.0, 1.0, 1.0, 1.0, 1.0, 1.0, 1.0, 1.0]","[1.0, 1.0, 1.0, 1.0, 1.0, 1.0, 1.0, 1.0, 1.0, 1.0]","[1.0, 1.0, 1.0, 1.0, 1.0, 1.0, 1.0, 1.0, 1.0, 1.0]","[1.0, 1.0, 1.0, 1.0, 1.0, 1.0, 1.0, 1.0, 1.0, 1.0]","[array([[100,   0,   0,   0],
       [  0, 135,   0,   0],
       [  0,   0,  89,   0],
       [  0,   0,   0, 134]]), array([[100,   0,   0,   0],
       [  0, 124,   0,   0],
       [  0,   0,  89,   0],
       [  0,   0,   0, 134]]), array([[101,   0,   0,   0],
       [  0, 140,   0,   0],
       [  0,   0,  89,   0],
       [  0,   0,   0, 134]]), array([[101,   0,   0,   0],
       [  0, 138,   0,   0],
       [  0,   0,  89,   0],
       [  0,   0,   0, 134]]), array([[101,   0,   0,   0],
       [  0, 131,   0,   0],
       [  0,   0,  89,   0],
       [  0,   0,   0, 135]]), array([[101,   0,   0,   0],
       [  0, 136,   0,   0],
       [  0,   0,  90,   0],
       [  0,   0,   0, 134]]), array([[101,   0,   0,   0],
       [  0, 138,   0,   0],
       [  0,   0,  89,   0],
       [  0,   0,   0, 134]]), array([[101,   0,   0,   0],
       [  0, 136,   0,   0],
       [  0,   0,  89,   0],
       [  0,   0,   0, 134]]), array([[101,   0,   0,   0],
       [  0, 136,   0,   0],
       [  0,   0,  89,   0],
       [  0,   0,   0, 134]]), array([[101,   0,   0,   0],
       [  0, 121,   0,   0],
       [  0,   0,  89,   0],
       [  0,   0,   0, 134]])]","[0.7608695652173914, 0.782608695652174, 0.6956521739130435, 0.7608695652173914, 0.7777777777777778, 0.8, 0.7111111111111111, 0.8222222222222222, 0.7555555555555555, 0.8666666666666667]","[0.7608695652173914, 0.782608695652174, 0.6956521739130435, 0.7608695652173914, 0.7777777777777778, 0.8, 0.7111111111111111, 0.8222222222222222, 0.7555555555555555, 0.8666666666666667]","[0.7608695652173914, 0.782608695652174, 0.6956521739130435, 0.7608695652173914, 0.7777777777777778, 0.8, 0.7111111111111111, 0.8222222222222222, 0.7555555555555555, 0.8666666666666667]","[0.7608695652173914, 0.782608695652174, 0.6956521739130435, 0.7608695652173914, 0.7777777777777778, 0.8, 0.7111111111111111, 0.8222222222222222, 0.7555555555555555, 0.8666666666666667]","[0.7742424242424243, 0.7795454545454545, 0.7232905982905983, 0.766729797979798, 0.78125, 0.8020833333333334, 0.7473039215686275, 0.8253267973856209, 0.7496392496392497, 0.8864583333333333]","[0.7680555555555555, 0.7819444444444443, 0.6840909090909091, 0.7424242424242424, 0.7733766233766234, 0.7929292929292929, 0.7058080808080807, 0.8095959595959596, 0.7535353535353535, 0.8656565656565657]","[0.7642857142857142, 0.779862700228833, 0.6869812252964427, 0.7482323232323232, 0.7706525325853819, 0.7948433919022154, 0.7056372549019607, 0.8134868421052631, 0.7473727422003283, 0.8699858609132803]","[0.7806324110671936, 0.7851778656126482, 0.7183203270159793, 0.7681708388230126, 0.785, 0.8075925925925926, 0.7519607843137256, 0.8293246187363833, 0.764726631393298, 0.8760185185185185]","[0.7608695652173914, 0.782608695652174, 0.6956521739130435, 0.7608695652173914, 0.7777777777777778, 0.8, 0.7111111111111111, 0.8222222222222222, 0.7555555555555555, 0.8666666666666667]","[0.7641821946169772, 0.7831061585911848, 0.6916437532222031, 0.7580808080808081, 0.774961960805881, 0.801454319101378, 0.711437908496732, 0.8217251461988304, 0.7562853493887978, 0.8661139040171298]","[array([[ 9,  3,  0,  0],
       [ 0,  8,  0,  1],
       [ 0,  0,  7,  3],
       [ 0,  0,  4, 11]]), array([[ 9,  2,  0,  1],
       [ 2,  7,  0,  0],
       [ 0,  0,  8,  2],
       [ 0,  1,  2, 12]]), array([[ 7,  4,  0,  0],
       [ 1,  8,  0,  1],
       [ 0,  0,  5,  5],
       [ 1,  1,  1, 12]]), array([[ 7,  3,  1,  0],
       [ 2,  7,  0,  1],
       [ 0,  0,  7,  3],
       [ 0,  1,  0, 14]]), array([[ 7,  3,  1,  0],
       [ 1,  9,  0,  0],
       [ 0,  0,  7,  3],
       [ 0,  0,  2, 12]]), array([[ 8,  3,  0,  0],
       [ 2,  8,  0,  0],
       [ 0,  0,  7,  2],
       [ 0,  1,  1, 13]]), array([[ 6,  4,  1,  0],
       [ 0,  7,  0,  2],
       [ 0,  0,  7,  3],
       [ 0,  1,  2, 12]]), array([[ 8,  3,  0,  0],
       [ 1,  7,  0,  1],
       [ 0,  0,  8,  2],
       [ 0,  0,  1, 14]]), array([[ 7,  4,  0,  0],
       [ 2,  7,  0,  0],
       [ 0,  0,  8,  2],
       [ 0,  0,  3, 12]]), array([[ 9,  0,  0,  2],
       [ 1,  7,  0,  1],
       [ 0,  0, 10,  0],
       [ 0,  0,  2, 13]])]"
29,"[1.0, 1.0, 1.0, 1.0, 1.0, 1.0, 1.0, 1.0, 1.0, 1.0]","[1.0, 1.0, 1.0, 1.0, 1.0, 1.0, 1.0, 1.0, 1.0, 1.0]","[1.0, 1.0, 1.0, 1.0, 1.0, 1.0, 1.0, 1.0, 1.0, 1.0]","[1.0, 1.0, 1.0, 1.0, 1.0, 1.0, 1.0, 1.0, 1.0, 1.0]","[1.0, 1.0, 1.0, 1.0, 1.0, 1.0, 1.0, 1.0, 1.0, 1.0]","[1.0, 1.0, 1.0, 1.0, 1.0, 1.0, 1.0, 1.0, 1.0, 1.0]","[1.0, 1.0, 1.0, 1.0, 1.0, 1.0, 1.0, 1.0, 1.0, 1.0]","[1.0, 1.0, 1.0, 1.0, 1.0, 1.0, 1.0, 1.0, 1.0, 1.0]","[1.0, 1.0, 1.0, 1.0, 1.0, 1.0, 1.0, 1.0, 1.0, 1.0]","[1.0, 1.0, 1.0, 1.0, 1.0, 1.0, 1.0, 1.0, 1.0, 1.0]","[array([[100,   0,   0,   0],
       [  0, 135,   0,   0],
       [  0,   0,  89,   0],
       [  0,   0,   0, 134]]), array([[100,   0,   0,   0],
       [  0, 124,   0,   0],
       [  0,   0,  89,   0],
       [  0,   0,   0, 134]]), array([[101,   0,   0,   0],
       [  0, 140,   0,   0],
       [  0,   0,  89,   0],
       [  0,   0,   0, 134]]), array([[101,   0,   0,   0],
       [  0, 138,   0,   0],
       [  0,   0,  89,   0],
       [  0,   0,   0, 134]]), array([[101,   0,   0,   0],
       [  0, 131,   0,   0],
       [  0,   0,  89,   0],
       [  0,   0,   0, 135]]), array([[101,   0,   0,   0],
       [  0, 136,   0,   0],
       [  0,   0,  90,   0],
       [  0,   0,   0, 134]]), array([[101,   0,   0,   0],
       [  0, 138,   0,   0],
       [  0,   0,  89,   0],
       [  0,   0,   0, 134]]), array([[101,   0,   0,   0],
       [  0, 136,   0,   0],
       [  0,   0,  89,   0],
       [  0,   0,   0, 134]]), array([[101,   0,   0,   0],
       [  0, 136,   0,   0],
       [  0,   0,  89,   0],
       [  0,   0,   0, 134]]), array([[101,   0,   0,   0],
       [  0, 121,   0,   0],
       [  0,   0,  89,   0],
       [  0,   0,   0, 134]])]","[0.782608695652174, 0.8043478260869565, 0.7391304347826086, 0.717391304347826, 0.7555555555555555, 0.8222222222222222, 0.7111111111111111, 0.8444444444444444, 0.7555555555555555, 0.7777777777777778]","[0.782608695652174, 0.8043478260869565, 0.7391304347826086, 0.717391304347826, 0.7555555555555555, 0.8222222222222222, 0.7111111111111111, 0.8444444444444444, 0.7555555555555555, 0.7777777777777778]","[0.782608695652174, 0.8043478260869565, 0.7391304347826086, 0.717391304347826, 0.7555555555555555, 0.8222222222222222, 0.7111111111111111, 0.8444444444444444, 0.7555555555555555, 0.7777777777777778]","[0.782608695652174, 0.8043478260869565, 0.7391304347826086, 0.717391304347826, 0.7555555555555555, 0.8222222222222222, 0.7111111111111111, 0.8444444444444444, 0.7555555555555555, 0.7777777777777778]","[0.7924242424242425, 0.8068181818181819, 0.7564102564102565, 0.7263812576312576, 0.7555555555555555, 0.8307158119658119, 0.7555304172951232, 0.8399621212121212, 0.7416666666666666, 0.7788825757575758]","[0.788888888888889, 0.8097222222222222, 0.7257575757575757, 0.696969696969697, 0.7483766233766235, 0.817929292929293, 0.7058080808080807, 0.8323232323232324, 0.7424242424242424, 0.7747474747474747]","[0.7877990430622009, 0.8045454545454545, 0.7238718708827405, 0.6976284584980238, 0.7479252598581092, 0.8182011935208867, 0.7072720236419927, 0.8353226663922759, 0.7412280701754387, 0.7590089701569778]","[0.7948616600790513, 0.8118577075098814, 0.7531586770717206, 0.7317048893135849, 0.76, 0.8350189933523267, 0.7602703759566506, 0.844753086419753, 0.7577777777777777, 0.7869949494949495]","[0.782608695652174, 0.8043478260869565, 0.7391304347826086, 0.717391304347826, 0.7555555555555555, 0.8222222222222222, 0.7111111111111111, 0.8444444444444444, 0.7555555555555555, 0.7777777777777778]","[0.7859718466125788, 0.8047430830039525, 0.7303101907544252, 0.7109373508239294, 0.7539412271535683, 0.8230633702756466, 0.71356443693905, 0.8437653272967364, 0.7559454191033138, 0.7653809441665228]","[array([[10,  2,  0,  0],
       [ 0,  8,  0,  1],
       [ 0,  0,  7,  3],
       [ 0,  0,  4, 11]]), array([[ 9,  2,  0,  1],
       [ 1,  8,  0,  0],
       [ 0,  0,  8,  2],
       [ 0,  1,  2, 12]]), array([[ 7,  4,  0,  0],
       [ 1,  9,  0,  0],
       [ 0,  0,  5,  5],
       [ 1,  0,  1, 13]]), array([[ 5,  5,  1,  0],
       [ 2,  7,  0,  1],
       [ 0,  0,  7,  3],
       [ 0,  1,  0, 14]]), array([[ 7,  4,  0,  0],
       [ 2,  8,  0,  0],
       [ 0,  0,  7,  3],
       [ 0,  0,  2, 12]]), array([[ 8,  3,  0,  0],
       [ 1,  9,  0,  0],
       [ 0,  0,  7,  2],
       [ 0,  1,  1, 13]]), array([[ 6,  4,  1,  0],
       [ 0,  7,  0,  2],
       [ 0,  0,  7,  3],
       [ 0,  2,  1, 12]]), array([[ 9,  2,  0,  0],
       [ 2,  7,  0,  0],
       [ 0,  0,  8,  2],
       [ 0,  0,  1, 14]]), array([[ 7,  4,  0,  0],
       [ 3,  6,  0,  0],
       [ 0,  0,  8,  2],
       [ 0,  0,  2, 13]]), array([[ 5,  4,  0,  2],
       [ 1,  7,  0,  1],
       [ 0,  0, 10,  0],
       [ 0,  0,  2, 13]])]"
30,"[1.0, 1.0, 1.0, 1.0, 1.0, 1.0, 1.0, 1.0, 1.0, 1.0]","[1.0, 1.0, 1.0, 1.0, 1.0, 1.0, 1.0, 1.0, 1.0, 1.0]","[1.0, 1.0, 1.0, 1.0, 1.0, 1.0, 1.0, 1.0, 1.0, 1.0]","[1.0, 1.0, 1.0, 1.0, 1.0, 1.0, 1.0, 1.0, 1.0, 1.0]","[1.0, 1.0, 1.0, 1.0, 1.0, 1.0, 1.0, 1.0, 1.0, 1.0]","[1.0, 1.0, 1.0, 1.0, 1.0, 1.0, 1.0, 1.0, 1.0, 1.0]","[1.0, 1.0, 1.0, 1.0, 1.0, 1.0, 1.0, 1.0, 1.0, 1.0]","[1.0, 1.0, 1.0, 1.0, 1.0, 1.0, 1.0, 1.0, 1.0, 1.0]","[1.0, 1.0, 1.0, 1.0, 1.0, 1.0, 1.0, 1.0, 1.0, 1.0]","[1.0, 1.0, 1.0, 1.0, 1.0, 1.0, 1.0, 1.0, 1.0, 1.0]","[array([[100,   0,   0,   0],
       [  0, 135,   0,   0],
       [  0,   0,  89,   0],
       [  0,   0,   0, 134]]), array([[100,   0,   0,   0],
       [  0, 124,   0,   0],
       [  0,   0,  89,   0],
       [  0,   0,   0, 134]]), array([[101,   0,   0,   0],
       [  0, 140,   0,   0],
       [  0,   0,  89,   0],
       [  0,   0,   0, 134]]), array([[101,   0,   0,   0],
       [  0, 138,   0,   0],
       [  0,   0,  89,   0],
       [  0,   0,   0, 134]]), array([[101,   0,   0,   0],
       [  0, 131,   0,   0],
       [  0,   0,  89,   0],
       [  0,   0,   0, 135]]), array([[101,   0,   0,   0],
       [  0, 136,   0,   0],
       [  0,   0,  90,   0],
       [  0,   0,   0, 134]]), array([[101,   0,   0,   0],
       [  0, 138,   0,   0],
       [  0,   0,  89,   0],
       [  0,   0,   0, 134]]), array([[101,   0,   0,   0],
       [  0, 136,   0,   0],
       [  0,   0,  89,   0],
       [  0,   0,   0, 134]]), array([[101,   0,   0,   0],
       [  0, 136,   0,   0],
       [  0,   0,  89,   0],
       [  0,   0,   0, 134]]), array([[101,   0,   0,   0],
       [  0, 121,   0,   0],
       [  0,   0,  89,   0],
       [  0,   0,   0, 134]])]","[0.7391304347826086, 0.8043478260869565, 0.7391304347826086, 0.7608695652173914, 0.7555555555555555, 0.8444444444444444, 0.7777777777777778, 0.8444444444444444, 0.7333333333333333, 0.8666666666666667]","[0.7391304347826086, 0.8043478260869565, 0.7391304347826086, 0.7608695652173914, 0.7555555555555555, 0.8444444444444444, 0.7777777777777778, 0.8444444444444444, 0.7333333333333333, 0.8666666666666667]","[0.7391304347826086, 0.8043478260869565, 0.7391304347826086, 0.7608695652173914, 0.7555555555555555, 0.8444444444444444, 0.7777777777777778, 0.8444444444444444, 0.7333333333333333, 0.8666666666666667]","[0.7391304347826086, 0.8043478260869565, 0.7391304347826086, 0.7608695652173914, 0.7555555555555555, 0.8444444444444444, 0.7777777777777778, 0.8444444444444444, 0.7333333333333333, 0.8666666666666667]","[0.7562229437229437, 0.8027777777777778, 0.7564102564102565, 0.766729797979798, 0.7512626262626263, 0.8479166666666667, 0.803654970760234, 0.8399621212121212, 0.7211038961038961, 0.8864583333333333]","[0.7513888888888888, 0.8027777777777778, 0.7257575757575757, 0.7424242424242424, 0.746103896103896, 0.8406565656565657, 0.7618686868686868, 0.8323232323232324, 0.7257575757575758, 0.8656565656565657]","[0.7457904164800716, 0.8027777777777778, 0.7238718708827405, 0.7482323232323232, 0.7479252598581092, 0.841380188439012, 0.7687478500171998, 0.8353226663922759, 0.7219341457091003, 0.8699858609132803]","[0.7628929041972521, 0.8043478260869565, 0.7531586770717206, 0.7681708388230126, 0.7550617283950618, 0.8505555555555555, 0.8028979857050033, 0.844753086419753, 0.7384415584415585, 0.8760185185185185]","[0.7391304347826086, 0.8043478260869565, 0.7391304347826086, 0.7608695652173914, 0.7555555555555555, 0.8444444444444444, 0.7777777777777778, 0.8444444444444444, 0.7333333333333333, 0.8666666666666667]","[0.7433517007729901, 0.8043478260869565, 0.7303101907544252, 0.7580808080808081, 0.754547287759629, 0.8449367625838214, 0.7757443718228031, 0.8437653272967364, 0.7344529907143338, 0.8661139040171298]","[array([[ 9,  3,  0,  0],
       [ 0,  8,  0,  1],
       [ 0,  0,  7,  3],
       [ 0,  0,  5, 10]]), array([[10,  1,  0,  1],
       [ 2,  7,  0,  0],
       [ 0,  0,  8,  2],
       [ 0,  1,  2, 12]]), array([[ 7,  4,  0,  0],
       [ 1,  9,  0,  0],
       [ 0,  0,  5,  5],
       [ 1,  0,  1, 13]]), array([[ 7,  3,  1,  0],
       [ 2,  7,  0,  1],
       [ 0,  0,  7,  3],
       [ 0,  1,  0, 14]]), array([[ 8,  3,  0,  0],
       [ 3,  7,  0,  0],
       [ 0,  0,  7,  3],
       [ 0,  0,  2, 12]]), array([[ 9,  2,  0,  0],
       [ 1,  9,  0,  0],
       [ 0,  0,  7,  2],
       [ 0,  1,  1, 13]]), array([[ 7,  3,  1,  0],
       [ 0,  7,  0,  2],
       [ 0,  0,  7,  3],
       [ 0,  0,  1, 14]]), array([[ 9,  2,  0,  0],
       [ 2,  7,  0,  0],
       [ 0,  0,  8,  2],
       [ 0,  0,  1, 14]]), array([[ 7,  4,  0,  0],
       [ 3,  6,  0,  0],
       [ 0,  0,  8,  2],
       [ 0,  0,  3, 12]]), array([[ 9,  0,  0,  2],
       [ 1,  7,  0,  1],
       [ 0,  0, 10,  0],
       [ 0,  0,  2, 13]])]"
31,"[1.0, 1.0, 1.0, 1.0, 1.0, 1.0, 1.0, 1.0, 1.0, 1.0]","[1.0, 1.0, 1.0, 1.0, 1.0, 1.0, 1.0, 1.0, 1.0, 1.0]","[1.0, 1.0, 1.0, 1.0, 1.0, 1.0, 1.0, 1.0, 1.0, 1.0]","[1.0, 1.0, 1.0, 1.0, 1.0, 1.0, 1.0, 1.0, 1.0, 1.0]","[1.0, 1.0, 1.0, 1.0, 1.0, 1.0, 1.0, 1.0, 1.0, 1.0]","[1.0, 1.0, 1.0, 1.0, 1.0, 1.0, 1.0, 1.0, 1.0, 1.0]","[1.0, 1.0, 1.0, 1.0, 1.0, 1.0, 1.0, 1.0, 1.0, 1.0]","[1.0, 1.0, 1.0, 1.0, 1.0, 1.0, 1.0, 1.0, 1.0, 1.0]","[1.0, 1.0, 1.0, 1.0, 1.0, 1.0, 1.0, 1.0, 1.0, 1.0]","[1.0, 1.0, 1.0, 1.0, 1.0, 1.0, 1.0, 1.0, 1.0, 1.0]","[array([[100,   0,   0,   0],
       [  0, 135,   0,   0],
       [  0,   0,  89,   0],
       [  0,   0,   0, 134]]), array([[100,   0,   0,   0],
       [  0, 124,   0,   0],
       [  0,   0,  89,   0],
       [  0,   0,   0, 134]]), array([[101,   0,   0,   0],
       [  0, 140,   0,   0],
       [  0,   0,  89,   0],
       [  0,   0,   0, 134]]), array([[101,   0,   0,   0],
       [  0, 138,   0,   0],
       [  0,   0,  89,   0],
       [  0,   0,   0, 134]]), array([[101,   0,   0,   0],
       [  0, 131,   0,   0],
       [  0,   0,  89,   0],
       [  0,   0,   0, 135]]), array([[101,   0,   0,   0],
       [  0, 136,   0,   0],
       [  0,   0,  90,   0],
       [  0,   0,   0, 134]]), array([[101,   0,   0,   0],
       [  0, 138,   0,   0],
       [  0,   0,  89,   0],
       [  0,   0,   0, 134]]), array([[101,   0,   0,   0],
       [  0, 136,   0,   0],
       [  0,   0,  89,   0],
       [  0,   0,   0, 134]]), array([[101,   0,   0,   0],
       [  0, 136,   0,   0],
       [  0,   0,  89,   0],
       [  0,   0,   0, 134]]), array([[101,   0,   0,   0],
       [  0, 121,   0,   0],
       [  0,   0,  89,   0],
       [  0,   0,   0, 134]])]","[0.717391304347826, 0.8043478260869565, 0.7391304347826086, 0.782608695652174, 0.8, 0.8222222222222222, 0.7333333333333333, 0.8666666666666667, 0.7555555555555555, 0.8444444444444444]","[0.717391304347826, 0.8043478260869565, 0.7391304347826086, 0.782608695652174, 0.8, 0.8222222222222222, 0.7333333333333333, 0.8666666666666667, 0.7555555555555555, 0.8444444444444444]","[0.717391304347826, 0.8043478260869565, 0.7391304347826086, 0.782608695652174, 0.8, 0.8222222222222222, 0.7333333333333333, 0.8666666666666667, 0.7555555555555555, 0.8444444444444444]","[0.717391304347826, 0.8043478260869565, 0.7391304347826086, 0.782608695652174, 0.8, 0.8222222222222222, 0.7333333333333333, 0.8666666666666667, 0.7555555555555555, 0.8444444444444444]","[0.7410714285714286, 0.8106209150326797, 0.7698412698412699, 0.7816399286987521, 0.8041666666666667, 0.8307158119658119, 0.7708333333333334, 0.8680555555555556, 0.7416666666666666, 0.8524305555555556]","[0.7305555555555555, 0.8013888888888888, 0.728030303030303, 0.7674242424242426, 0.7961038961038961, 0.817929292929293, 0.7224747474747474, 0.8550505050505051, 0.7424242424242424, 0.842929292929293]","[0.7219808926705479, 0.8024072966507177, 0.7198863636363637, 0.7709429824561403, 0.7956525325853819, 0.8182011935208867, 0.7243174781874473, 0.8596064246913795, 0.7412280701754387, 0.8428324995687425]","[0.7510351966873706, 0.8097470872406933, 0.7665631469979297, 0.7861091735772042, 0.8056790123456791, 0.8350189933523267, 0.7746913580246915, 0.8679012345679012, 0.7577777777777777, 0.8483024691358025]","[0.717391304347826, 0.8043478260869565, 0.7391304347826086, 0.782608695652174, 0.8, 0.8222222222222222, 0.7333333333333333, 0.8666666666666667, 0.7555555555555555, 0.8444444444444444]","[0.7209914523257852, 0.8033271791137924, 0.7261198945981554, 0.7807112890922959, 0.7985876918000331, 0.8230633702756466, 0.7322513056259186, 0.8654760405675519, 0.7559454191033138, 0.841851532401817]","[array([[ 8,  4,  0,  0],
       [ 0,  8,  0,  1],
       [ 0,  0,  7,  3],
       [ 0,  0,  5, 10]]), array([[ 9,  2,  0,  1],
       [ 1,  8,  0,  0],
       [ 0,  0,  7,  3],
       [ 0,  0,  2, 13]]), array([[ 6,  5,  0,  0],
       [ 0, 10,  0,  0],
       [ 0,  0,  5,  5],
       [ 1,  0,  1, 13]]), array([[ 7,  3,  1,  0],
       [ 2,  7,  0,  1],
       [ 0,  0,  8,  2],
       [ 0,  1,  0, 14]]), array([[ 8,  3,  0,  0],
       [ 1,  9,  0,  0],
       [ 0,  0,  7,  3],
       [ 0,  0,  2, 12]]), array([[ 8,  3,  0,  0],
       [ 1,  9,  0,  0],
       [ 0,  0,  7,  2],
       [ 0,  1,  1, 13]]), array([[ 6,  4,  1,  0],
       [ 0,  7,  0,  2],
       [ 0,  0,  7,  3],
       [ 0,  1,  1, 13]]), array([[10,  1,  0,  0],
       [ 2,  7,  0,  0],
       [ 0,  0,  8,  2],
       [ 0,  0,  1, 14]]), array([[ 7,  4,  0,  0],
       [ 3,  6,  0,  0],
       [ 0,  0,  8,  2],
       [ 0,  0,  2, 13]]), array([[ 8,  1,  0,  2],
       [ 1,  7,  0,  1],
       [ 0,  0, 10,  0],
       [ 0,  0,  2, 13]])]"
32,"[1.0, 1.0, 1.0, 1.0, 1.0, 1.0, 1.0, 1.0, 1.0, 1.0]","[1.0, 1.0, 1.0, 1.0, 1.0, 1.0, 1.0, 1.0, 1.0, 1.0]","[1.0, 1.0, 1.0, 1.0, 1.0, 1.0, 1.0, 1.0, 1.0, 1.0]","[1.0, 1.0, 1.0, 1.0, 1.0, 1.0, 1.0, 1.0, 1.0, 1.0]","[1.0, 1.0, 1.0, 1.0, 1.0, 1.0, 1.0, 1.0, 1.0, 1.0]","[1.0, 1.0, 1.0, 1.0, 1.0, 1.0, 1.0, 1.0, 1.0, 1.0]","[1.0, 1.0, 1.0, 1.0, 1.0, 1.0, 1.0, 1.0, 1.0, 1.0]","[1.0, 1.0, 1.0, 1.0, 1.0, 1.0, 1.0, 1.0, 1.0, 1.0]","[1.0, 1.0, 1.0, 1.0, 1.0, 1.0, 1.0, 1.0, 1.0, 1.0]","[1.0, 1.0, 1.0, 1.0, 1.0, 1.0, 1.0, 1.0, 1.0, 1.0]","[array([[100,   0,   0,   0],
       [  0, 135,   0,   0],
       [  0,   0,  89,   0],
       [  0,   0,   0, 134]]), array([[100,   0,   0,   0],
       [  0, 124,   0,   0],
       [  0,   0,  89,   0],
       [  0,   0,   0, 134]]), array([[101,   0,   0,   0],
       [  0, 140,   0,   0],
       [  0,   0,  89,   0],
       [  0,   0,   0, 134]]), array([[101,   0,   0,   0],
       [  0, 138,   0,   0],
       [  0,   0,  89,   0],
       [  0,   0,   0, 134]]), array([[101,   0,   0,   0],
       [  0, 131,   0,   0],
       [  0,   0,  89,   0],
       [  0,   0,   0, 135]]), array([[101,   0,   0,   0],
       [  0, 136,   0,   0],
       [  0,   0,  90,   0],
       [  0,   0,   0, 134]]), array([[101,   0,   0,   0],
       [  0, 138,   0,   0],
       [  0,   0,  89,   0],
       [  0,   0,   0, 134]]), array([[101,   0,   0,   0],
       [  0, 136,   0,   0],
       [  0,   0,  89,   0],
       [  0,   0,   0, 134]]), array([[101,   0,   0,   0],
       [  0, 136,   0,   0],
       [  0,   0,  89,   0],
       [  0,   0,   0, 134]]), array([[101,   0,   0,   0],
       [  0, 121,   0,   0],
       [  0,   0,  89,   0],
       [  0,   0,   0, 134]])]","[0.6956521739130435, 0.8260869565217391, 0.717391304347826, 0.7608695652173914, 0.7555555555555555, 0.8222222222222222, 0.7333333333333333, 0.8, 0.7555555555555555, 0.8444444444444444]","[0.6956521739130435, 0.8260869565217391, 0.717391304347826, 0.7608695652173914, 0.7555555555555555, 0.8222222222222222, 0.7333333333333333, 0.8, 0.7555555555555555, 0.8444444444444444]","[0.6956521739130435, 0.8260869565217391, 0.717391304347826, 0.7608695652173914, 0.7555555555555555, 0.8222222222222222, 0.7333333333333333, 0.8, 0.7555555555555555, 0.8444444444444444]","[0.6956521739130435, 0.8260869565217391, 0.717391304347826, 0.7608695652173914, 0.7555555555555555, 0.8222222222222222, 0.7333333333333333, 0.8, 0.7555555555555555, 0.8444444444444444]","[0.7282509157509158, 0.8351158645276292, 0.7371031746031746, 0.766729797979798, 0.7532467532467533, 0.8307158119658119, 0.74375, 0.7996323529411764, 0.7416666666666666, 0.8524305555555556]","[0.7097222222222223, 0.8222222222222223, 0.703030303030303, 0.7424242424242424, 0.7532467532467533, 0.817929292929293, 0.7174242424242424, 0.7845959595959597, 0.7424242424242424, 0.842929292929293]","[0.6975334103283286, 0.8269490528858378, 0.6986144338118023, 0.7482323232323232, 0.7523809523809524, 0.8182011935208867, 0.7232854864433811, 0.7878811612364244, 0.7412280701754387, 0.8428324995687425]","[0.7410017518713172, 0.8295099330904957, 0.7357660455486542, 0.7681708388230126, 0.7571717171717173, 0.8350189933523267, 0.7474691358024692, 0.8045098039215687, 0.7577777777777777, 0.8483024691358025]","[0.6956521739130435, 0.8260869565217391, 0.717391304347826, 0.7608695652173914, 0.7555555555555555, 0.8222222222222222, 0.7333333333333333, 0.8, 0.7555555555555555, 0.8444444444444444]","[0.69773964692295, 0.8258848622027659, 0.7068597878094446, 0.7580808080808081, 0.7555555555555555, 0.8230633702756466, 0.7328017012227538, 0.7981179801355239, 0.7559454191033138, 0.841851532401817]","[array([[ 7,  5,  0,  0],
       [ 0,  8,  0,  1],
       [ 0,  0,  7,  3],
       [ 0,  0,  5, 10]]), array([[10,  1,  0,  1],
       [ 1,  8,  0,  0],
       [ 0,  0,  7,  3],
       [ 0,  0,  2, 13]]), array([[ 6,  5,  0,  0],
       [ 1,  9,  0,  0],
       [ 0,  0,  5,  5],
       [ 1,  0,  1, 13]]), array([[ 7,  3,  1,  0],
       [ 2,  7,  0,  1],
       [ 0,  0,  7,  3],
       [ 0,  1,  0, 14]]), array([[ 8,  3,  0,  0],
       [ 2,  8,  0,  0],
       [ 0,  0,  7,  3],
       [ 0,  0,  3, 11]]), array([[ 8,  3,  0,  0],
       [ 1,  9,  0,  0],
       [ 0,  0,  7,  2],
       [ 0,  1,  1, 13]]), array([[ 7,  3,  1,  0],
       [ 1,  6,  0,  2],
       [ 0,  0,  7,  3],
       [ 0,  1,  1, 13]]), array([[ 8,  3,  0,  0],
       [ 2,  7,  0,  0],
       [ 0,  0,  7,  3],
       [ 0,  0,  1, 14]]), array([[ 7,  4,  0,  0],
       [ 3,  6,  0,  0],
       [ 0,  0,  8,  2],
       [ 0,  0,  2, 13]]), array([[ 8,  1,  0,  2],
       [ 1,  7,  0,  1],
       [ 0,  0, 10,  0],
       [ 0,  0,  2, 13]])]"
33,"[1.0, 1.0, 1.0, 1.0, 1.0, 1.0, 1.0, 1.0, 1.0, 1.0]","[1.0, 1.0, 1.0, 1.0, 1.0, 1.0, 1.0, 1.0, 1.0, 1.0]","[1.0, 1.0, 1.0, 1.0, 1.0, 1.0, 1.0, 1.0, 1.0, 1.0]","[1.0, 1.0, 1.0, 1.0, 1.0, 1.0, 1.0, 1.0, 1.0, 1.0]","[1.0, 1.0, 1.0, 1.0, 1.0, 1.0, 1.0, 1.0, 1.0, 1.0]","[1.0, 1.0, 1.0, 1.0, 1.0, 1.0, 1.0, 1.0, 1.0, 1.0]","[1.0, 1.0, 1.0, 1.0, 1.0, 1.0, 1.0, 1.0, 1.0, 1.0]","[1.0, 1.0, 1.0, 1.0, 1.0, 1.0, 1.0, 1.0, 1.0, 1.0]","[1.0, 1.0, 1.0, 1.0, 1.0, 1.0, 1.0, 1.0, 1.0, 1.0]","[1.0, 1.0, 1.0, 1.0, 1.0, 1.0, 1.0, 1.0, 1.0, 1.0]","[array([[100,   0,   0,   0],
       [  0, 135,   0,   0],
       [  0,   0,  89,   0],
       [  0,   0,   0, 134]]), array([[100,   0,   0,   0],
       [  0, 124,   0,   0],
       [  0,   0,  89,   0],
       [  0,   0,   0, 134]]), array([[101,   0,   0,   0],
       [  0, 140,   0,   0],
       [  0,   0,  89,   0],
       [  0,   0,   0, 134]]), array([[101,   0,   0,   0],
       [  0, 138,   0,   0],
       [  0,   0,  89,   0],
       [  0,   0,   0, 134]]), array([[101,   0,   0,   0],
       [  0, 131,   0,   0],
       [  0,   0,  89,   0],
       [  0,   0,   0, 135]]), array([[101,   0,   0,   0],
       [  0, 136,   0,   0],
       [  0,   0,  90,   0],
       [  0,   0,   0, 134]]), array([[101,   0,   0,   0],
       [  0, 138,   0,   0],
       [  0,   0,  89,   0],
       [  0,   0,   0, 134]]), array([[101,   0,   0,   0],
       [  0, 136,   0,   0],
       [  0,   0,  89,   0],
       [  0,   0,   0, 134]]), array([[101,   0,   0,   0],
       [  0, 136,   0,   0],
       [  0,   0,  89,   0],
       [  0,   0,   0, 134]]), array([[101,   0,   0,   0],
       [  0, 121,   0,   0],
       [  0,   0,  89,   0],
       [  0,   0,   0, 134]])]","[0.7608695652173914, 0.8043478260869565, 0.7608695652173914, 0.782608695652174, 0.7777777777777778, 0.8222222222222222, 0.7111111111111111, 0.8444444444444444, 0.8222222222222222, 0.8444444444444444]","[0.7608695652173914, 0.8043478260869565, 0.7608695652173914, 0.782608695652174, 0.7777777777777778, 0.8222222222222222, 0.7111111111111111, 0.8444444444444444, 0.8222222222222222, 0.8444444444444444]","[0.7608695652173914, 0.8043478260869565, 0.7608695652173914, 0.782608695652174, 0.7777777777777778, 0.8222222222222222, 0.7111111111111111, 0.8444444444444444, 0.8222222222222222, 0.8444444444444444]","[0.7608695652173914, 0.8043478260869565, 0.7608695652173914, 0.782608695652174, 0.7777777777777778, 0.8222222222222222, 0.7111111111111111, 0.8444444444444444, 0.8222222222222222, 0.8444444444444444]","[0.7744047619047619, 0.8194444444444444, 0.7843707827260459, 0.7816399286987521, 0.7762626262626262, 0.821780303030303, 0.7267857142857144, 0.8399621212121212, 0.8156565656565656, 0.8524305555555556]","[0.7722222222222223, 0.8125, 0.7424242424242424, 0.7674242424242426, 0.7711038961038962, 0.8156565656565656, 0.7030303030303029, 0.8323232323232324, 0.8156565656565656, 0.842929292929293]","[0.7693037452565583, 0.8063303419839922, 0.7419950531700095, 0.7709429824561403, 0.7720594589923083, 0.8175706646294881, 0.7030721966205837, 0.8353226663922759, 0.8156565656565656, 0.8428324995687425]","[0.7771221532091097, 0.821256038647343, 0.7811748225077745, 0.7861091735772042, 0.7789001122334456, 0.8255050505050505, 0.7373015873015873, 0.844753086419753, 0.8222222222222222, 0.8483024691358025]","[0.7608695652173914, 0.8043478260869565, 0.7608695652173914, 0.782608695652174, 0.7777777777777778, 0.8222222222222222, 0.7111111111111111, 0.8444444444444444, 0.8222222222222222, 0.8444444444444444]","[0.7651413527685919, 0.8039418321399572, 0.7507454628453709, 0.7807112890922959, 0.776769509981851, 0.8229069405539993, 0.7130909711554874, 0.8437653272967364, 0.8222222222222222, 0.841851532401817]","[array([[10,  2,  0,  0],
       [ 0,  8,  0,  1],
       [ 0,  0,  7,  3],
       [ 0,  0,  5, 10]]), array([[ 9,  2,  0,  1],
       [ 0,  9,  0,  0],
       [ 0,  0,  7,  3],
       [ 0,  1,  2, 12]]), array([[ 7,  4,  0,  0],
       [ 1,  9,  0,  0],
       [ 0,  0,  5,  5],
       [ 0,  0,  1, 14]]), array([[ 7,  3,  1,  0],
       [ 2,  7,  0,  1],
       [ 0,  0,  8,  2],
       [ 0,  1,  0, 14]]), array([[ 8,  3,  0,  0],
       [ 2,  8,  0,  0],
       [ 0,  0,  7,  3],
       [ 0,  0,  2, 12]]), array([[ 9,  2,  0,  0],
       [ 2,  8,  0,  0],
       [ 0,  0,  7,  2],
       [ 0,  1,  1, 13]]), array([[ 6,  4,  1,  0],
       [ 1,  6,  0,  2],
       [ 0,  0,  8,  2],
       [ 0,  2,  1, 12]]), array([[ 9,  2,  0,  0],
       [ 2,  7,  0,  0],
       [ 0,  0,  8,  2],
       [ 0,  0,  1, 14]]), array([[ 9,  2,  0,  0],
       [ 2,  7,  0,  0],
       [ 0,  0,  8,  2],
       [ 0,  0,  2, 13]]), array([[ 8,  1,  0,  2],
       [ 1,  7,  0,  1],
       [ 0,  0, 10,  0],
       [ 0,  0,  2, 13]])]"
34,"[1.0, 1.0, 1.0, 1.0, 1.0, 1.0, 1.0, 1.0, 1.0, 1.0]","[1.0, 1.0, 1.0, 1.0, 1.0, 1.0, 1.0, 1.0, 1.0, 1.0]","[1.0, 1.0, 1.0, 1.0, 1.0, 1.0, 1.0, 1.0, 1.0, 1.0]","[1.0, 1.0, 1.0, 1.0, 1.0, 1.0, 1.0, 1.0, 1.0, 1.0]","[1.0, 1.0, 1.0, 1.0, 1.0, 1.0, 1.0, 1.0, 1.0, 1.0]","[1.0, 1.0, 1.0, 1.0, 1.0, 1.0, 1.0, 1.0, 1.0, 1.0]","[1.0, 1.0, 1.0, 1.0, 1.0, 1.0, 1.0, 1.0, 1.0, 1.0]","[1.0, 1.0, 1.0, 1.0, 1.0, 1.0, 1.0, 1.0, 1.0, 1.0]","[1.0, 1.0, 1.0, 1.0, 1.0, 1.0, 1.0, 1.0, 1.0, 1.0]","[1.0, 1.0, 1.0, 1.0, 1.0, 1.0, 1.0, 1.0, 1.0, 1.0]","[array([[100,   0,   0,   0],
       [  0, 135,   0,   0],
       [  0,   0,  89,   0],
       [  0,   0,   0, 134]]), array([[100,   0,   0,   0],
       [  0, 124,   0,   0],
       [  0,   0,  89,   0],
       [  0,   0,   0, 134]]), array([[101,   0,   0,   0],
       [  0, 140,   0,   0],
       [  0,   0,  89,   0],
       [  0,   0,   0, 134]]), array([[101,   0,   0,   0],
       [  0, 138,   0,   0],
       [  0,   0,  89,   0],
       [  0,   0,   0, 134]]), array([[101,   0,   0,   0],
       [  0, 131,   0,   0],
       [  0,   0,  89,   0],
       [  0,   0,   0, 135]]), array([[101,   0,   0,   0],
       [  0, 136,   0,   0],
       [  0,   0,  90,   0],
       [  0,   0,   0, 134]]), array([[101,   0,   0,   0],
       [  0, 138,   0,   0],
       [  0,   0,  89,   0],
       [  0,   0,   0, 134]]), array([[101,   0,   0,   0],
       [  0, 136,   0,   0],
       [  0,   0,  89,   0],
       [  0,   0,   0, 134]]), array([[101,   0,   0,   0],
       [  0, 136,   0,   0],
       [  0,   0,  89,   0],
       [  0,   0,   0, 134]]), array([[101,   0,   0,   0],
       [  0, 121,   0,   0],
       [  0,   0,  89,   0],
       [  0,   0,   0, 134]])]","[0.717391304347826, 0.782608695652174, 0.717391304347826, 0.7608695652173914, 0.7333333333333333, 0.8222222222222222, 0.7333333333333333, 0.8222222222222222, 0.8, 0.8444444444444444]","[0.717391304347826, 0.782608695652174, 0.717391304347826, 0.7608695652173914, 0.7333333333333333, 0.8222222222222222, 0.7333333333333333, 0.8222222222222222, 0.8, 0.8444444444444444]","[0.717391304347826, 0.782608695652174, 0.717391304347826, 0.7608695652173914, 0.7333333333333333, 0.8222222222222222, 0.7333333333333333, 0.8222222222222222, 0.8, 0.8444444444444444]","[0.717391304347826, 0.782608695652174, 0.717391304347826, 0.7608695652173914, 0.7333333333333333, 0.8222222222222222, 0.7333333333333333, 0.8222222222222222, 0.8, 0.8444444444444444]","[0.7410714285714286, 0.7847222222222222, 0.7508771929824561, 0.765625, 0.7325396825396825, 0.8307158119658119, 0.7452205882352941, 0.8236222519310754, 0.7916666666666666, 0.866003787878788]","[0.7305555555555555, 0.7777777777777777, 0.696969696969697, 0.7507575757575758, 0.7305194805194806, 0.817929292929293, 0.7285353535353536, 0.8073232323232324, 0.7929292929292929, 0.8378787878787879]","[0.7219808926705479, 0.7805366911903415, 0.6891911764705883, 0.7542946442352215, 0.7282467532467531, 0.8182011935208867, 0.7309210526315789, 0.8121843434343434, 0.7913533834586467, 0.8414956011730206]","[0.7510351966873706, 0.7832125603864735, 0.7511441647597255, 0.7709842995169083, 0.7382716049382716, 0.8350189933523267, 0.7447385620915034, 0.8245098039215686, 0.8022222222222223, 0.8560185185185186]","[0.717391304347826, 0.782608695652174, 0.717391304347826, 0.7608695652173914, 0.7333333333333333, 0.8222222222222222, 0.7333333333333333, 0.8222222222222222, 0.8, 0.8444444444444444]","[0.7209914523257852, 0.7822027017051746, 0.7015984654731457, 0.7622898729675136, 0.7327272727272727, 0.8230633702756466, 0.7330409356725146, 0.8200617283950618, 0.8002784739626846, 0.8415900944933203]","[array([[ 8,  4,  0,  0],
       [ 0,  8,  0,  1],
       [ 0,  0,  7,  3],
       [ 0,  0,  5, 10]]), array([[10,  1,  0,  1],
       [ 2,  7,  0,  0],
       [ 0,  0,  7,  3],
       [ 0,  1,  2, 12]]), array([[ 5,  6,  0,  0],
       [ 1,  9,  0,  0],
       [ 0,  0,  5,  5],
       [ 0,  0,  1, 14]]), array([[ 7,  3,  1,  0],
       [ 2,  7,  0,  1],
       [ 0,  0,  8,  2],
       [ 0,  2,  0, 13]]), array([[ 7,  4,  0,  0],
       [ 2,  8,  0,  0],
       [ 0,  0,  7,  3],
       [ 0,  0,  3, 11]]), array([[ 8,  3,  0,  0],
       [ 1,  9,  0,  0],
       [ 0,  0,  7,  2],
       [ 0,  1,  1, 13]]), array([[ 7,  3,  1,  0],
       [ 0,  7,  0,  2],
       [ 0,  0,  7,  3],
       [ 1,  0,  2, 12]]), array([[ 9,  2,  0,  0],
       [ 2,  7,  0,  0],
       [ 0,  0,  7,  3],
       [ 0,  0,  1, 14]]), array([[ 8,  3,  0,  0],
       [ 2,  7,  0,  0],
       [ 0,  0,  8,  2],
       [ 0,  0,  2, 13]]), array([[ 9,  0,  0,  2],
       [ 2,  6,  0,  1],
       [ 0,  0, 10,  0],
       [ 0,  0,  2, 13]])]"
35,"[1.0, 1.0, 1.0, 1.0, 1.0, 1.0, 1.0, 1.0, 1.0, 1.0]","[1.0, 1.0, 1.0, 1.0, 1.0, 1.0, 1.0, 1.0, 1.0, 1.0]","[1.0, 1.0, 1.0, 1.0, 1.0, 1.0, 1.0, 1.0, 1.0, 1.0]","[1.0, 1.0, 1.0, 1.0, 1.0, 1.0, 1.0, 1.0, 1.0, 1.0]","[1.0, 1.0, 1.0, 1.0, 1.0, 1.0, 1.0, 1.0, 1.0, 1.0]","[1.0, 1.0, 1.0, 1.0, 1.0, 1.0, 1.0, 1.0, 1.0, 1.0]","[1.0, 1.0, 1.0, 1.0, 1.0, 1.0, 1.0, 1.0, 1.0, 1.0]","[1.0, 1.0, 1.0, 1.0, 1.0, 1.0, 1.0, 1.0, 1.0, 1.0]","[1.0, 1.0, 1.0, 1.0, 1.0, 1.0, 1.0, 1.0, 1.0, 1.0]","[1.0, 1.0, 1.0, 1.0, 1.0, 1.0, 1.0, 1.0, 1.0, 1.0]","[array([[100,   0,   0,   0],
       [  0, 135,   0,   0],
       [  0,   0,  89,   0],
       [  0,   0,   0, 134]]), array([[100,   0,   0,   0],
       [  0, 124,   0,   0],
       [  0,   0,  89,   0],
       [  0,   0,   0, 134]]), array([[101,   0,   0,   0],
       [  0, 140,   0,   0],
       [  0,   0,  89,   0],
       [  0,   0,   0, 134]]), array([[101,   0,   0,   0],
       [  0, 138,   0,   0],
       [  0,   0,  89,   0],
       [  0,   0,   0, 134]]), array([[101,   0,   0,   0],
       [  0, 131,   0,   0],
       [  0,   0,  89,   0],
       [  0,   0,   0, 135]]), array([[101,   0,   0,   0],
       [  0, 136,   0,   0],
       [  0,   0,  90,   0],
       [  0,   0,   0, 134]]), array([[101,   0,   0,   0],
       [  0, 138,   0,   0],
       [  0,   0,  89,   0],
       [  0,   0,   0, 134]]), array([[101,   0,   0,   0],
       [  0, 136,   0,   0],
       [  0,   0,  89,   0],
       [  0,   0,   0, 134]]), array([[101,   0,   0,   0],
       [  0, 136,   0,   0],
       [  0,   0,  89,   0],
       [  0,   0,   0, 134]]), array([[101,   0,   0,   0],
       [  0, 121,   0,   0],
       [  0,   0,  89,   0],
       [  0,   0,   0, 134]])]","[0.7608695652173914, 0.782608695652174, 0.7608695652173914, 0.782608695652174, 0.7777777777777778, 0.8222222222222222, 0.7333333333333333, 0.8444444444444444, 0.7777777777777778, 0.8222222222222222]","[0.7608695652173914, 0.782608695652174, 0.7608695652173914, 0.782608695652174, 0.7777777777777778, 0.8222222222222222, 0.7333333333333333, 0.8444444444444444, 0.7777777777777778, 0.8222222222222222]","[0.7608695652173914, 0.782608695652174, 0.7608695652173914, 0.782608695652174, 0.7777777777777778, 0.8222222222222222, 0.7333333333333333, 0.8444444444444444, 0.7777777777777778, 0.8222222222222222]","[0.7608695652173914, 0.782608695652174, 0.7608695652173914, 0.782608695652174, 0.7777777777777778, 0.8222222222222222, 0.7333333333333333, 0.8444444444444444, 0.7777777777777778, 0.8222222222222222]","[0.7744047619047619, 0.8050213675213675, 0.8092105263157895, 0.7979433760683761, 0.7762626262626262, 0.8307158119658119, 0.7487559417706476, 0.8399621212121212, 0.7702020202020202, 0.8366941473559121]","[0.7722222222222223, 0.7916666666666665, 0.7446969696969696, 0.7757575757575758, 0.7711038961038962, 0.817929292929293, 0.7285353535353536, 0.8323232323232324, 0.7702020202020202, 0.817929292929293]","[0.7693037452565583, 0.7823043679580182, 0.7386029411764705, 0.7783273049383628, 0.7720594589923083, 0.8182011935208867, 0.7309210526315789, 0.8353226663922759, 0.7666666666666667, 0.8232930672268908]","[0.7771221532091097, 0.8099684132292829, 0.805491990846682, 0.801200761798588, 0.7789001122334456, 0.8350189933523267, 0.7492952399815146, 0.844753086419753, 0.7840628507295174, 0.8290040932197794]","[0.7608695652173914, 0.782608695652174, 0.7608695652173914, 0.782608695652174, 0.7777777777777778, 0.8222222222222222, 0.7333333333333333, 0.8444444444444444, 0.7777777777777778, 0.8222222222222222]","[0.7651413527685919, 0.7814121878711824, 0.7471227621483376, 0.7839887541281401, 0.776769509981851, 0.8230633702756466, 0.733859649122807, 0.8437653272967364, 0.7777777777777778, 0.8215709617180205]","[array([[10,  2,  0,  0],
       [ 0,  8,  0,  1],
       [ 0,  0,  7,  3],
       [ 0,  0,  5, 10]]), array([[ 8,  3,  0,  1],
       [ 0,  9,  0,  0],
       [ 0,  0,  7,  3],
       [ 0,  1,  2, 12]]), array([[ 6,  5,  0,  0],
       [ 0, 10,  0,  0],
       [ 0,  0,  5,  5],
       [ 0,  0,  1, 14]]), array([[ 7,  3,  1,  0],
       [ 1,  8,  0,  1],
       [ 0,  0,  8,  2],
       [ 0,  2,  0, 13]]), array([[ 8,  3,  0,  0],
       [ 2,  8,  0,  0],
       [ 0,  0,  7,  3],
       [ 0,  0,  2, 12]]), array([[ 8,  3,  0,  0],
       [ 1,  9,  0,  0],
       [ 0,  0,  7,  2],
       [ 0,  1,  1, 13]]), array([[ 7,  3,  1,  0],
       [ 0,  7,  0,  2],
       [ 0,  0,  7,  3],
       [ 1,  1,  1, 12]]), array([[ 9,  2,  0,  0],
       [ 2,  7,  0,  0],
       [ 0,  0,  8,  2],
       [ 0,  0,  1, 14]]), array([[ 7,  4,  0,  0],
       [ 2,  7,  0,  0],
       [ 0,  0,  8,  2],
       [ 0,  0,  2, 13]]), array([[ 8,  1,  0,  2],
       [ 1,  7,  0,  1],
       [ 0,  0,  9,  1],
       [ 0,  0,  2, 13]])]"
36,"[1.0, 1.0, 1.0, 1.0, 1.0, 1.0, 1.0, 1.0, 1.0, 1.0]","[1.0, 1.0, 1.0, 1.0, 1.0, 1.0, 1.0, 1.0, 1.0, 1.0]","[1.0, 1.0, 1.0, 1.0, 1.0, 1.0, 1.0, 1.0, 1.0, 1.0]","[1.0, 1.0, 1.0, 1.0, 1.0, 1.0, 1.0, 1.0, 1.0, 1.0]","[1.0, 1.0, 1.0, 1.0, 1.0, 1.0, 1.0, 1.0, 1.0, 1.0]","[1.0, 1.0, 1.0, 1.0, 1.0, 1.0, 1.0, 1.0, 1.0, 1.0]","[1.0, 1.0, 1.0, 1.0, 1.0, 1.0, 1.0, 1.0, 1.0, 1.0]","[1.0, 1.0, 1.0, 1.0, 1.0, 1.0, 1.0, 1.0, 1.0, 1.0]","[1.0, 1.0, 1.0, 1.0, 1.0, 1.0, 1.0, 1.0, 1.0, 1.0]","[1.0, 1.0, 1.0, 1.0, 1.0, 1.0, 1.0, 1.0, 1.0, 1.0]","[array([[100,   0,   0,   0],
       [  0, 135,   0,   0],
       [  0,   0,  89,   0],
       [  0,   0,   0, 134]]), array([[100,   0,   0,   0],
       [  0, 124,   0,   0],
       [  0,   0,  89,   0],
       [  0,   0,   0, 134]]), array([[101,   0,   0,   0],
       [  0, 140,   0,   0],
       [  0,   0,  89,   0],
       [  0,   0,   0, 134]]), array([[101,   0,   0,   0],
       [  0, 138,   0,   0],
       [  0,   0,  89,   0],
       [  0,   0,   0, 134]]), array([[101,   0,   0,   0],
       [  0, 131,   0,   0],
       [  0,   0,  89,   0],
       [  0,   0,   0, 135]]), array([[101,   0,   0,   0],
       [  0, 136,   0,   0],
       [  0,   0,  90,   0],
       [  0,   0,   0, 134]]), array([[101,   0,   0,   0],
       [  0, 138,   0,   0],
       [  0,   0,  89,   0],
       [  0,   0,   0, 134]]), array([[101,   0,   0,   0],
       [  0, 136,   0,   0],
       [  0,   0,  89,   0],
       [  0,   0,   0, 134]]), array([[101,   0,   0,   0],
       [  0, 136,   0,   0],
       [  0,   0,  89,   0],
       [  0,   0,   0, 134]]), array([[101,   0,   0,   0],
       [  0, 121,   0,   0],
       [  0,   0,  89,   0],
       [  0,   0,   0, 134]])]","[0.7608695652173914, 0.8043478260869565, 0.7391304347826086, 0.7608695652173914, 0.7777777777777778, 0.8444444444444444, 0.7333333333333333, 0.8222222222222222, 0.7555555555555555, 0.8]","[0.7608695652173914, 0.8043478260869565, 0.7391304347826086, 0.7608695652173914, 0.7777777777777778, 0.8444444444444444, 0.7333333333333333, 0.8222222222222222, 0.7555555555555555, 0.8]","[0.7608695652173914, 0.8043478260869565, 0.7391304347826086, 0.7608695652173914, 0.7777777777777778, 0.8444444444444444, 0.7333333333333333, 0.8222222222222222, 0.7555555555555555, 0.8]","[0.7608695652173914, 0.8043478260869565, 0.7391304347826086, 0.7608695652173914, 0.7777777777777778, 0.8444444444444444, 0.7333333333333333, 0.8222222222222222, 0.7555555555555555, 0.8]","[0.7744047619047619, 0.8092171717171717, 0.7675438596491229, 0.765625, 0.7762626262626262, 0.8496642246642248, 0.766748366013072, 0.8159722222222222, 0.7500000000000001, 0.8089163695781343]","[0.7722222222222223, 0.8055555555555556, 0.7196969696969697, 0.7507575757575758, 0.7711038961038962, 0.8457070707070707, 0.7285353535353536, 0.8095959595959596, 0.7474747474747475, 0.7952020202020202]","[0.7693037452565583, 0.8056765335498635, 0.7162990196078431, 0.7542946442352215, 0.7720594589923083, 0.8420123271697485, 0.7328216374269005, 0.8110194841943569, 0.7412280701754387, 0.7960656850459482]","[0.7771221532091097, 0.8073232323232323, 0.7661545167265992, 0.7709842995169083, 0.7789001122334456, 0.8584316917650251, 0.7692447349310094, 0.8247530864197532, 0.7666666666666667, 0.8061645870469399]","[0.7608695652173914, 0.8043478260869565, 0.7391304347826086, 0.7608695652173914, 0.7777777777777778, 0.8444444444444444, 0.7333333333333333, 0.8222222222222222, 0.7555555555555555, 0.8]","[0.7651413527685919, 0.8042403099033638, 0.7268755328218244, 0.7622898729675136, 0.776769509981851, 0.8460969515242379, 0.7371994801819363, 0.8218215790371987, 0.7543859649122807, 0.7969820384294068]","[array([[10,  2,  0,  0],
       [ 0,  8,  0,  1],
       [ 0,  0,  7,  3],
       [ 0,  0,  5, 10]]), array([[10,  1,  0,  1],
       [ 1,  8,  0,  0],
       [ 0,  0,  7,  3],
       [ 0,  1,  2, 12]]), array([[ 6,  5,  0,  0],
       [ 1,  9,  0,  0],
       [ 0,  0,  5,  5],
       [ 0,  0,  1, 14]]), array([[ 7,  3,  1,  0],
       [ 2,  7,  0,  1],
       [ 0,  0,  8,  2],
       [ 0,  2,  0, 13]]), array([[ 8,  3,  0,  0],
       [ 2,  8,  0,  0],
       [ 0,  0,  7,  3],
       [ 0,  0,  2, 12]]), array([[ 8,  3,  0,  0],
       [ 1,  9,  0,  0],
       [ 0,  0,  8,  1],
       [ 0,  1,  1, 13]]), array([[ 7,  3,  1,  0],
       [ 0,  7,  0,  2],
       [ 0,  0,  7,  3],
       [ 0,  2,  1, 12]]), array([[ 8,  3,  0,  0],
       [ 2,  7,  0,  0],
       [ 0,  0,  8,  2],
       [ 0,  0,  1, 14]]), array([[ 6,  5,  0,  0],
       [ 2,  7,  0,  0],
       [ 0,  0,  8,  2],
       [ 0,  0,  2, 13]]), array([[ 7,  2,  0,  2],
       [ 1,  7,  0,  1],
       [ 0,  0,  9,  1],
       [ 0,  0,  2, 13]])]"
37,"[1.0, 1.0, 1.0, 1.0, 1.0, 1.0, 1.0, 1.0, 1.0, 1.0]","[1.0, 1.0, 1.0, 1.0, 1.0, 1.0, 1.0, 1.0, 1.0, 1.0]","[1.0, 1.0, 1.0, 1.0, 1.0, 1.0, 1.0, 1.0, 1.0, 1.0]","[1.0, 1.0, 1.0, 1.0, 1.0, 1.0, 1.0, 1.0, 1.0, 1.0]","[1.0, 1.0, 1.0, 1.0, 1.0, 1.0, 1.0, 1.0, 1.0, 1.0]","[1.0, 1.0, 1.0, 1.0, 1.0, 1.0, 1.0, 1.0, 1.0, 1.0]","[1.0, 1.0, 1.0, 1.0, 1.0, 1.0, 1.0, 1.0, 1.0, 1.0]","[1.0, 1.0, 1.0, 1.0, 1.0, 1.0, 1.0, 1.0, 1.0, 1.0]","[1.0, 1.0, 1.0, 1.0, 1.0, 1.0, 1.0, 1.0, 1.0, 1.0]","[1.0, 1.0, 1.0, 1.0, 1.0, 1.0, 1.0, 1.0, 1.0, 1.0]","[array([[100,   0,   0,   0],
       [  0, 135,   0,   0],
       [  0,   0,  89,   0],
       [  0,   0,   0, 134]]), array([[100,   0,   0,   0],
       [  0, 124,   0,   0],
       [  0,   0,  89,   0],
       [  0,   0,   0, 134]]), array([[101,   0,   0,   0],
       [  0, 140,   0,   0],
       [  0,   0,  89,   0],
       [  0,   0,   0, 134]]), array([[101,   0,   0,   0],
       [  0, 138,   0,   0],
       [  0,   0,  89,   0],
       [  0,   0,   0, 134]]), array([[101,   0,   0,   0],
       [  0, 131,   0,   0],
       [  0,   0,  89,   0],
       [  0,   0,   0, 135]]), array([[101,   0,   0,   0],
       [  0, 136,   0,   0],
       [  0,   0,  90,   0],
       [  0,   0,   0, 134]]), array([[101,   0,   0,   0],
       [  0, 138,   0,   0],
       [  0,   0,  89,   0],
       [  0,   0,   0, 134]]), array([[101,   0,   0,   0],
       [  0, 136,   0,   0],
       [  0,   0,  89,   0],
       [  0,   0,   0, 134]]), array([[101,   0,   0,   0],
       [  0, 136,   0,   0],
       [  0,   0,  89,   0],
       [  0,   0,   0, 134]]), array([[101,   0,   0,   0],
       [  0, 121,   0,   0],
       [  0,   0,  89,   0],
       [  0,   0,   0, 134]])]","[0.7608695652173914, 0.782608695652174, 0.7608695652173914, 0.7391304347826086, 0.8, 0.8222222222222222, 0.7333333333333333, 0.8222222222222222, 0.7777777777777778, 0.8222222222222222]","[0.7608695652173914, 0.782608695652174, 0.7608695652173914, 0.7391304347826086, 0.8, 0.8222222222222222, 0.7333333333333333, 0.8222222222222222, 0.7777777777777778, 0.8222222222222222]","[0.7608695652173914, 0.782608695652174, 0.7608695652173914, 0.7391304347826086, 0.8, 0.8222222222222222, 0.7333333333333333, 0.8222222222222222, 0.7777777777777778, 0.8222222222222222]","[0.7608695652173914, 0.782608695652174, 0.7608695652173914, 0.7391304347826086, 0.8, 0.8222222222222222, 0.7333333333333333, 0.8222222222222222, 0.7777777777777778, 0.8222222222222222]","[0.7744047619047619, 0.7887626262626263, 0.8092105263157895, 0.7474626068376068, 0.8041666666666667, 0.8307158119658119, 0.7708333333333334, 0.8253267973856209, 0.7651515151515152, 0.8366941473559121]","[0.7722222222222223, 0.7847222222222221, 0.7446969696969696, 0.728030303030303, 0.7961038961038961, 0.817929292929293, 0.7224747474747474, 0.8095959595959596, 0.7651515151515152, 0.817929292929293]","[0.7693037452565583, 0.7823043679580182, 0.7386029411764705, 0.730272385029896, 0.7956525325853819, 0.8182011935208867, 0.7243174781874473, 0.8134868421052631, 0.7651515151515152, 0.8232930672268908]","[0.7771221532091097, 0.7907224418093984, 0.805491990846682, 0.7545870494240059, 0.8056790123456791, 0.8350189933523267, 0.7746913580246915, 0.8293246187363833, 0.7777777777777778, 0.8290040932197794]","[0.7608695652173914, 0.782608695652174, 0.7608695652173914, 0.7391304347826086, 0.8, 0.8222222222222222, 0.7333333333333333, 0.8222222222222222, 0.7777777777777778, 0.8222222222222222]","[0.7651413527685919, 0.7825979586221707, 0.7471227621483376, 0.7399135377317616, 0.7985876918000331, 0.8230633702756466, 0.7322513056259186, 0.8217251461988304, 0.7777777777777778, 0.8215709617180205]","[array([[10,  2,  0,  0],
       [ 0,  8,  0,  1],
       [ 0,  0,  7,  3],
       [ 0,  0,  5, 10]]), array([[ 9,  2,  0,  1],
       [ 1,  8,  0,  0],
       [ 0,  0,  7,  3],
       [ 0,  1,  2, 12]]), array([[ 6,  5,  0,  0],
       [ 0, 10,  0,  0],
       [ 0,  0,  5,  5],
       [ 0,  0,  1, 14]]), array([[ 6,  4,  1,  0],
       [ 2,  7,  0,  1],
       [ 0,  0,  8,  2],
       [ 0,  2,  0, 13]]), array([[ 8,  3,  0,  0],
       [ 1,  9,  0,  0],
       [ 0,  0,  7,  3],
       [ 0,  0,  2, 12]]), array([[ 8,  3,  0,  0],
       [ 1,  9,  0,  0],
       [ 0,  0,  7,  2],
       [ 0,  1,  1, 13]]), array([[ 6,  4,  1,  0],
       [ 0,  7,  0,  2],
       [ 0,  0,  7,  3],
       [ 0,  1,  1, 13]]), array([[ 8,  3,  0,  0],
       [ 1,  7,  0,  1],
       [ 0,  0,  8,  2],
       [ 0,  0,  1, 14]]), array([[ 8,  3,  0,  0],
       [ 3,  6,  0,  0],
       [ 0,  0,  8,  2],
       [ 0,  0,  2, 13]]), array([[ 8,  1,  0,  2],
       [ 1,  7,  0,  1],
       [ 0,  0,  9,  1],
       [ 0,  0,  2, 13]])]"
38,"[1.0, 1.0, 1.0, 1.0, 1.0, 1.0, 1.0, 1.0, 1.0, 1.0]","[1.0, 1.0, 1.0, 1.0, 1.0, 1.0, 1.0, 1.0, 1.0, 1.0]","[1.0, 1.0, 1.0, 1.0, 1.0, 1.0, 1.0, 1.0, 1.0, 1.0]","[1.0, 1.0, 1.0, 1.0, 1.0, 1.0, 1.0, 1.0, 1.0, 1.0]","[1.0, 1.0, 1.0, 1.0, 1.0, 1.0, 1.0, 1.0, 1.0, 1.0]","[1.0, 1.0, 1.0, 1.0, 1.0, 1.0, 1.0, 1.0, 1.0, 1.0]","[1.0, 1.0, 1.0, 1.0, 1.0, 1.0, 1.0, 1.0, 1.0, 1.0]","[1.0, 1.0, 1.0, 1.0, 1.0, 1.0, 1.0, 1.0, 1.0, 1.0]","[1.0, 1.0, 1.0, 1.0, 1.0, 1.0, 1.0, 1.0, 1.0, 1.0]","[1.0, 1.0, 1.0, 1.0, 1.0, 1.0, 1.0, 1.0, 1.0, 1.0]","[array([[100,   0,   0,   0],
       [  0, 135,   0,   0],
       [  0,   0,  89,   0],
       [  0,   0,   0, 134]]), array([[100,   0,   0,   0],
       [  0, 124,   0,   0],
       [  0,   0,  89,   0],
       [  0,   0,   0, 134]]), array([[101,   0,   0,   0],
       [  0, 140,   0,   0],
       [  0,   0,  89,   0],
       [  0,   0,   0, 134]]), array([[101,   0,   0,   0],
       [  0, 138,   0,   0],
       [  0,   0,  89,   0],
       [  0,   0,   0, 134]]), array([[101,   0,   0,   0],
       [  0, 131,   0,   0],
       [  0,   0,  89,   0],
       [  0,   0,   0, 135]]), array([[101,   0,   0,   0],
       [  0, 136,   0,   0],
       [  0,   0,  90,   0],
       [  0,   0,   0, 134]]), array([[101,   0,   0,   0],
       [  0, 138,   0,   0],
       [  0,   0,  89,   0],
       [  0,   0,   0, 134]]), array([[101,   0,   0,   0],
       [  0, 136,   0,   0],
       [  0,   0,  89,   0],
       [  0,   0,   0, 134]]), array([[101,   0,   0,   0],
       [  0, 136,   0,   0],
       [  0,   0,  89,   0],
       [  0,   0,   0, 134]]), array([[101,   0,   0,   0],
       [  0, 121,   0,   0],
       [  0,   0,  89,   0],
       [  0,   0,   0, 134]])]","[0.7608695652173914, 0.8043478260869565, 0.7391304347826086, 0.7391304347826086, 0.8, 0.8222222222222222, 0.6888888888888889, 0.8222222222222222, 0.8, 0.8222222222222222]","[0.7608695652173914, 0.8043478260869565, 0.7391304347826086, 0.7391304347826086, 0.8, 0.8222222222222222, 0.6888888888888889, 0.8222222222222222, 0.8, 0.8222222222222222]","[0.7608695652173914, 0.8043478260869565, 0.7391304347826086, 0.7391304347826086, 0.8, 0.8222222222222222, 0.6888888888888889, 0.8222222222222222, 0.8, 0.8222222222222222]","[0.7608695652173914, 0.8043478260869565, 0.7391304347826086, 0.7391304347826086, 0.8, 0.8222222222222222, 0.6888888888888889, 0.8222222222222222, 0.8, 0.8222222222222222]","[0.7744047619047619, 0.8194444444444444, 0.766628108733372, 0.7474626068376068, 0.7961038961038961, 0.8307158119658119, 0.7387820512820512, 0.8253267973856209, 0.7916666666666666, 0.8366941473559121]","[0.7722222222222223, 0.8125, 0.7196969696969697, 0.728030303030303, 0.7961038961038961, 0.817929292929293, 0.6808080808080808, 0.8095959595959596, 0.7929292929292929, 0.817929292929293]","[0.7693037452565583, 0.8063303419839922, 0.7229326513213981, 0.730272385029896, 0.7952380952380952, 0.8182011935208867, 0.6840463458110517, 0.8134868421052631, 0.7913533834586467, 0.8232930672268908]","[0.7771221532091097, 0.821256038647343, 0.7653582115824679, 0.7545870494240059, 0.8016161616161617, 0.8350189933523267, 0.7410256410256411, 0.8293246187363833, 0.8022222222222223, 0.8290040932197794]","[0.7608695652173914, 0.8043478260869565, 0.7391304347826086, 0.7391304347826086, 0.8, 0.8222222222222222, 0.6888888888888889, 0.8222222222222222, 0.8, 0.8222222222222222]","[0.7651413527685919, 0.8039418321399572, 0.7326439082249157, 0.7399135377317616, 0.8, 0.8230633702756466, 0.690394137452961, 0.8217251461988304, 0.8002784739626846, 0.8215709617180205]","[array([[10,  2,  0,  0],
       [ 0,  8,  0,  1],
       [ 0,  0,  7,  3],
       [ 0,  0,  5, 10]]), array([[ 9,  2,  0,  1],
       [ 0,  9,  0,  0],
       [ 0,  0,  7,  3],
       [ 0,  1,  2, 12]]), array([[ 6,  5,  0,  0],
       [ 1,  8,  0,  1],
       [ 0,  0,  6,  4],
       [ 0,  0,  1, 14]]), array([[ 6,  4,  1,  0],
       [ 2,  7,  0,  1],
       [ 0,  0,  8,  2],
       [ 0,  2,  0, 13]]), array([[ 8,  3,  0,  0],
       [ 2,  8,  0,  0],
       [ 0,  0,  8,  2],
       [ 0,  0,  2, 12]]), array([[ 8,  3,  0,  0],
       [ 1,  9,  0,  0],
       [ 0,  0,  7,  2],
       [ 0,  1,  1, 13]]), array([[ 6,  4,  1,  0],
       [ 0,  7,  0,  2],
       [ 0,  0,  6,  4],
       [ 0,  2,  1, 12]]), array([[ 8,  3,  0,  0],
       [ 1,  7,  0,  1],
       [ 0,  0,  8,  2],
       [ 0,  0,  1, 14]]), array([[ 8,  3,  0,  0],
       [ 2,  7,  0,  0],
       [ 0,  0,  8,  2],
       [ 0,  0,  2, 13]]), array([[ 8,  1,  0,  2],
       [ 1,  7,  0,  1],
       [ 0,  0,  9,  1],
       [ 0,  0,  2, 13]])]"
