n_neighbors value,Train_Accuracy,Train_Precision_micro,Train_Recall_micro,Train_f1_micro,Train_Precision_macro,Train_Recall_macro,Train_f1_macro,Train_Precision_weighted,Train_Recall_weighted,Train_f1_weighted,Train_Confusion_Matrix,Test_Accuracy,Test_Precision_micro,Test_Recall_micro,Test_f1_micro,Test_Precision_macro,Test_Recall_macro,Test_f1_macro,Test_Precision_weighted,Test_Recall_weighted,Test_f1_weighted,Test_Confusion_Matrix
1,"[1.0, 1.0, 1.0, 1.0, 1.0, 1.0, 1.0, 1.0, 1.0, 1.0]","[1.0, 1.0, 1.0, 1.0, 1.0, 1.0, 1.0, 1.0, 1.0, 1.0]","[1.0, 1.0, 1.0, 1.0, 1.0, 1.0, 1.0, 1.0, 1.0, 1.0]","[1.0, 1.0, 1.0, 1.0, 1.0, 1.0, 1.0, 1.0, 1.0, 1.0]","[1.0, 1.0, 1.0, 1.0, 1.0, 1.0, 1.0, 1.0, 1.0, 1.0]","[1.0, 1.0, 1.0, 1.0, 1.0, 1.0, 1.0, 1.0, 1.0, 1.0]","[1.0, 1.0, 1.0, 1.0, 1.0, 1.0, 1.0, 1.0, 1.0, 1.0]","[1.0, 1.0, 1.0, 1.0, 1.0, 1.0, 1.0, 1.0, 1.0, 1.0]","[1.0, 1.0, 1.0, 1.0, 1.0, 1.0, 1.0, 1.0, 1.0, 1.0]","[1.0, 1.0, 1.0, 1.0, 1.0, 1.0, 1.0, 1.0, 1.0, 1.0]","[array([[134,   0,   0,   0],
       [  0,  85,   0,   0],
       [  0,   0, 134,   0],
       [  0,   0,   0, 134]]), array([[134,   0,   0,   0],
       [  0,  85,   0,   0],
       [  0,   0, 134,   0],
       [  0,   0,   0, 134]]), array([[134,   0,   0,   0],
       [  0,  84,   0,   0],
       [  0,   0, 134,   0],
       [  0,   0,   0, 134]]), array([[134,   0,   0,   0],
       [  0,  84,   0,   0],
       [  0,   0, 134,   0],
       [  0,   0,   0, 134]]), array([[135,   0,   0,   0],
       [  0,  84,   0,   0],
       [  0,   0, 135,   0],
       [  0,   0,   0, 135]]), array([[134,   0,   0,   0],
       [  0,  84,   0,   0],
       [  0,   0, 134,   0],
       [  0,   0,   0, 134]]), array([[134,   0,   0,   0],
       [  0,  85,   0,   0],
       [  0,   0, 134,   0],
       [  0,   0,   0, 134]]), array([[134,   0,   0,   0],
       [  0,  85,   0,   0],
       [  0,   0, 134,   0],
       [  0,   0,   0, 134]]), array([[134,   0,   0,   0],
       [  0,  85,   0,   0],
       [  0,   0, 134,   0],
       [  0,   0,   0, 134]]), array([[134,   0,   0,   0],
       [  0,  85,   0,   0],
       [  0,   0, 134,   0],
       [  0,   0,   0, 134]])]","[0.6521739130434783, 0.7608695652173914, 0.8260869565217391, 0.782608695652174, 0.8, 0.8, 0.6666666666666666, 0.7333333333333333, 0.7111111111111111, 0.7777777777777778]","[0.6521739130434783, 0.7608695652173914, 0.8260869565217391, 0.782608695652174, 0.8, 0.8, 0.6666666666666666, 0.7333333333333333, 0.7111111111111111, 0.7777777777777778]","[0.6521739130434783, 0.7608695652173914, 0.8260869565217391, 0.782608695652174, 0.8, 0.8, 0.6666666666666666, 0.7333333333333333, 0.7111111111111111, 0.7777777777777778]","[0.6521739130434783, 0.7608695652173914, 0.8260869565217391, 0.782608695652174, 0.8, 0.8, 0.6666666666666666, 0.7333333333333333, 0.7111111111111111, 0.7777777777777778]","[0.6470238095238094, 0.7548076923076923, 0.8295454545454546, 0.7930021367521367, 0.8052884615384616, 0.7968559218559218, 0.7027777777777778, 0.7413194444444444, 0.7672841864018334, 0.8048076923076923]","[0.6416666666666667, 0.75, 0.8295454545454546, 0.7772727272727271, 0.8009740259740259, 0.8, 0.6590909090909091, 0.7083333333333333, 0.6916666666666667, 0.7689393939393938]","[0.6256613756613756, 0.7514705882352941, 0.8285714285714285, 0.7805366911903415, 0.7983457766066462, 0.7960148215366001, 0.6690058479532164, 0.6968472325008828, 0.6777504105090311, 0.7768817204301075]","[0.6600931677018633, 0.7604515050167224, 0.8278656126482212, 0.7878112225938313, 0.8076923076923077, 0.799606566273233, 0.7014814814814815, 0.740895061728395, 0.7614888379594261, 0.7935897435897435]","[0.6521739130434783, 0.7608695652173914, 0.8260869565217391, 0.782608695652174, 0.8, 0.8, 0.6666666666666666, 0.7333333333333333, 0.7111111111111111, 0.7777777777777778]","[0.6394064872325742, 0.759846547314578, 0.8260869565217391, 0.7809949722365757, 0.7994599782039395, 0.7974154735497748, 0.6719948018193632, 0.7132918532277144, 0.6930852034300311, 0.7773237753882916]","[array([[10,  1,  1,  0],
       [ 5,  3,  0,  1],
       [ 0,  0,  8,  2],
       [ 0,  1,  5,  9]]), array([[10,  2,  0,  0],
       [ 3,  6,  0,  0],
       [ 0,  0,  7,  3],
       [ 0,  0,  3, 12]]), array([[ 9,  2,  0,  0],
       [ 0,  9,  0,  1],
       [ 0,  0,  8,  2],
       [ 1,  0,  2, 12]]), array([[10,  1,  0,  0],
       [ 2,  7,  0,  1],
       [ 0,  0,  7,  3],
       [ 1,  0,  2, 12]]), array([[ 9,  1,  0,  1],
       [ 3,  7,  0,  0],
       [ 0,  0,  9,  1],
       [ 0,  0,  3, 11]]), array([[11,  0,  0,  0],
       [ 2,  8,  0,  0],
       [ 0,  0,  6,  3],
       [ 0,  1,  3, 11]]), array([[ 7,  3,  1,  0],
       [ 0,  6,  0,  3],
       [ 0,  0,  6,  4],
       [ 0,  1,  3, 11]]), array([[11,  0,  0,  0],
       [ 5,  3,  0,  1],
       [ 0,  0,  7,  3],
       [ 0,  1,  2, 12]]), array([[11,  0,  0,  0],
       [ 6,  3,  0,  0],
       [ 0,  0,  7,  3],
       [ 0,  0,  4, 11]]), array([[10,  0,  0,  1],
       [ 2,  6,  0,  1],
       [ 1,  0,  7,  2],
       [ 0,  0,  3, 12]])]"
2,"[0.8850102669404517, 0.8767967145790554, 0.8703703703703703, 0.8744855967078189, 0.8732106339468303, 0.8641975308641975, 0.8767967145790554, 0.8809034907597536, 0.8809034907597536, 0.8706365503080082]","[0.8850102669404517, 0.8767967145790554, 0.8703703703703703, 0.8744855967078189, 0.8732106339468303, 0.8641975308641975, 0.8767967145790554, 0.8809034907597536, 0.8809034907597536, 0.8706365503080082]","[0.8850102669404517, 0.8767967145790554, 0.8703703703703703, 0.8744855967078189, 0.8732106339468303, 0.8641975308641975, 0.8767967145790554, 0.8809034907597536, 0.8809034907597536, 0.8706365503080082]","[0.8850102669404517, 0.8767967145790554, 0.8703703703703703, 0.8744855967078189, 0.8732106339468303, 0.8641975308641975, 0.8767967145790554, 0.8809034907597536, 0.8809034907597536, 0.8706365503080082]","[0.9055447722567288, 0.9003182870370371, 0.8931157598310369, 0.8984949498461485, 0.8930066278094858, 0.8915493522389444, 0.9052416973331516, 0.9014138162644272, 0.9007452239789197, 0.8923512323551867]","[0.8686347673397717, 0.8622475856014047, 0.8524786780383795, 0.857320540156361, 0.855952380952381, 0.845771144278607, 0.8579455662862159, 0.8692054433713784, 0.867054433713784, 0.8566505706760317]","[0.8750120812921561, 0.8681578520220252, 0.858493025564211, 0.8639311572538737, 0.8610799485783853, 0.8525666479114755, 0.8661042737318588, 0.8737521355933959, 0.8722881121963911, 0.8606706398586816]","[0.9008323023879671, 0.8950050859380941, 0.8888657115103414, 0.8931117479649757, 0.890125149416649, 0.8856230981099384, 0.897442253299335, 0.8974130563837976, 0.8968565441938355, 0.8891424676683805]","[0.8850102669404517, 0.8767967145790554, 0.8703703703703703, 0.8744855967078189, 0.8732106339468303, 0.8641975308641975, 0.8767967145790554, 0.8809034907597536, 0.8809034907597536, 0.8706365503080082]","[0.8814717573775482, 0.8731248528022135, 0.8659298701128207, 0.8705084368067414, 0.8685854279614404, 0.8597014076537277, 0.8730368658261587, 0.8774901039543584, 0.8774291941298544, 0.8659754804738058]","[array([[134,   0,   0,   0],
       [ 25,  60,   0,   0],
       [  0,   0, 134,   0],
       [  2,   3,  26, 103]]), array([[134,   0,   0,   0],
       [ 24,  61,   0,   0],
       [  1,   0, 133,   0],
       [  3,   3,  29,  99]]), array([[134,   0,   0,   0],
       [ 27,  57,   0,   0],
       [  1,   0, 133,   0],
       [  1,   4,  30,  99]]), array([[134,   0,   0,   0],
       [ 26,  58,   0,   0],
       [  1,   0, 133,   0],
       [  3,   3,  28, 100]]), array([[135,   0,   0,   0],
       [ 26,  58,   0,   0],
       [  0,   0, 135,   0],
       [  2,   5,  29,  99]]), array([[134,   0,   0,   0],
       [ 28,  56,   0,   0],
       [  2,   0, 132,   0],
       [  2,   3,  31,  98]]), array([[134,   0,   0,   0],
       [ 28,  57,   0,   0],
       [  1,   0, 133,   0],
       [  2,   1,  28, 103]]), array([[134,   0,   0,   0],
       [ 21,  64,   0,   0],
       [  1,   0, 133,   0],
       [  1,   4,  31,  98]]), array([[134,   0,   0,   0],
       [ 23,  62,   0,   0],
       [  1,   0, 133,   0],
       [  2,   4,  28, 100]]), array([[134,   0,   0,   0],
       [ 24,  61,   0,   0],
       [  0,   0, 134,   0],
       [  1,   5,  33,  95]])]","[0.6739130434782609, 0.7608695652173914, 0.6739130434782609, 0.7608695652173914, 0.8, 0.7555555555555555, 0.7333333333333333, 0.7111111111111111, 0.6888888888888889, 0.7555555555555555]","[0.6739130434782609, 0.7608695652173914, 0.6739130434782609, 0.7608695652173914, 0.8, 0.7555555555555555, 0.7333333333333333, 0.7111111111111111, 0.6888888888888889, 0.7555555555555555]","[0.6739130434782609, 0.7608695652173914, 0.6739130434782609, 0.7608695652173914, 0.8, 0.7555555555555555, 0.7333333333333333, 0.7111111111111111, 0.6888888888888889, 0.7555555555555555]","[0.6739130434782609, 0.7608695652173914, 0.6739130434782609, 0.7608695652173914, 0.8, 0.7555555555555555, 0.7333333333333333, 0.7111111111111111, 0.6888888888888889, 0.7555555555555555]","[0.7135416666666666, 0.8144576012223071, 0.7037815126050421, 0.7985930735930736, 0.8452380952380952, 0.7791889483065955, 0.723672161172161, 0.6994973776223776, 0.7878496503496504, 0.8075980392156862]","[0.675, 0.7527777777777778, 0.6878787878787879, 0.775, 0.8058441558441558, 0.7638888888888888, 0.723989898989899, 0.7083333333333334, 0.6694444444444444, 0.7444444444444445]","[0.6406354515050168, 0.740550397877984, 0.6606077213494094, 0.7596153846153846, 0.7958333333333334, 0.7449862637362636, 0.7142928535732134, 0.6795756578365273, 0.6153792210594454, 0.7357966107966107]","[0.7282608695652174, 0.8159896369615041, 0.7321885275849469, 0.7993035949557689, 0.8560846560846561, 0.7918399683105567, 0.7324175824175825, 0.7146289821289821, 0.7913209013209013, 0.8118736383442265]","[0.6739130434782609, 0.7608695652173914, 0.6739130434782609, 0.7608695652173914, 0.8, 0.7555555555555555, 0.7333333333333333, 0.7111111111111111, 0.6888888888888889, 0.7555555555555555]","[0.6479860404246037, 0.750172990427863, 0.6640310188347551, 0.754180602006689, 0.7992592592592593, 0.7473626373626374, 0.7247576211894053, 0.6895735146942876, 0.6438000023974778, 0.7483615150281816]","[array([[12,  0,  0,  0],
       [ 6,  3,  0,  0],
       [ 0,  0,  9,  1],
       [ 0,  1,  7,  7]]), array([[12,  0,  0,  0],
       [ 5,  4,  0,  0],
       [ 0,  0,  9,  1],
       [ 0,  0,  5, 10]]), array([[ 9,  2,  0,  0],
       [ 6,  4,  0,  0],
       [ 0,  0, 10,  0],
       [ 2,  1,  4,  8]]), array([[11,  0,  0,  0],
       [ 3,  6,  0,  1],
       [ 0,  0,  9,  1],
       [ 1,  0,  5,  9]]), array([[10,  0,  1,  0],
       [ 4,  6,  0,  0],
       [ 0,  0, 10,  0],
       [ 0,  0,  4, 10]]), array([[11,  0,  0,  0],
       [ 5,  5,  0,  0],
       [ 0,  0,  8,  1],
       [ 1,  1,  3, 10]]), array([[ 9,  1,  1,  0],
       [ 3,  4,  0,  2],
       [ 0,  0,  9,  1],
       [ 0,  1,  3, 11]]), array([[11,  0,  0,  0],
       [ 5,  3,  0,  1],
       [ 0,  0,  9,  1],
       [ 0,  2,  4,  9]]), array([[11,  0,  0,  0],
       [ 8,  1,  0,  0],
       [ 0,  0,  9,  1],
       [ 1,  0,  4, 10]]), array([[11,  0,  0,  0],
       [ 4,  4,  0,  1],
       [ 2,  0,  8,  0],
       [ 0,  0,  4, 11]])]"
3,"[0.8952772073921971, 0.8870636550308009, 0.8847736625514403, 0.8991769547325102, 0.8916155419222904, 0.9053497942386831, 0.8952772073921971, 0.8973305954825462, 0.8973305954825462, 0.8726899383983573]","[0.8952772073921971, 0.8870636550308009, 0.8847736625514403, 0.8991769547325102, 0.8916155419222904, 0.9053497942386831, 0.8952772073921971, 0.8973305954825462, 0.8973305954825462, 0.8726899383983573]","[0.8952772073921971, 0.8870636550308009, 0.8847736625514403, 0.8991769547325102, 0.8916155419222904, 0.9053497942386831, 0.8952772073921971, 0.8973305954825462, 0.8973305954825462, 0.8726899383983573]","[0.8952772073921971, 0.8870636550308009, 0.8847736625514403, 0.8991769547325102, 0.8916155419222904, 0.9053497942386831, 0.8952772073921971, 0.8973305954825462, 0.8973305954825462, 0.8726899383983573]","[0.9078753653752816, 0.9051493770846066, 0.8988797262970472, 0.9144774323645605, 0.9047845184107698, 0.919680611785875, 0.9120071003018001, 0.9097393638370459, 0.9146529884234802, 0.8875359973079557]","[0.8801141352063213, 0.8683494293239684, 0.8677594171997156, 0.8841506751954513, 0.8737433862433861, 0.8919687277896233, 0.877963125548727, 0.8841308165057067, 0.8809043020193152, 0.8585162423178226]","[0.8876550722687416, 0.876830335105546, 0.8759404170899542, 0.8920988032486291, 0.8810030139664992, 0.8994111319307181, 0.8865508053272863, 0.8913048895584306, 0.8895941086719464, 0.8656731831894013]","[0.9017504021378868, 0.8973112414618593, 0.891849542299408, 0.9073118406194551, 0.8999005764361954, 0.913000079601769, 0.9048030481525451, 0.903706668380914, 0.9060657121046928, 0.8809366931356558]","[0.8952772073921971, 0.8870636550308009, 0.8847736625514403, 0.8991769547325102, 0.8916155419222904, 0.9053497942386831, 0.8952772073921971, 0.8973305954825462, 0.8973305954825462, 0.8726899383983573]","[0.893233255125488, 0.884001719495586, 0.8823341736374518, 0.897094830849724, 0.888593966175292, 0.9035624415239437, 0.8930539200260487, 0.895694038936877, 0.8950251268351359, 0.8703901864895106]","[array([[132,   1,   1,   0],
       [ 20,  62,   0,   3],
       [  1,   0, 128,   5],
       [  2,   1,  17, 114]]), array([[132,   1,   1,   0],
       [ 23,  58,   0,   4],
       [  1,   0, 130,   3],
       [  2,   0,  20, 112]]), array([[131,   2,   1,   0],
       [ 21,  59,   0,   4],
       [  1,   0, 127,   6],
       [  3,   0,  18, 113]]), array([[132,   1,   1,   0],
       [ 19,  62,   0,   3],
       [  0,   0, 131,   3],
       [  1,   0,  21, 112]]), array([[133,   2,   0,   0],
       [ 22,  59,   0,   3],
       [  0,   0, 133,   2],
       [  1,   1,  22, 111]]), array([[133,   1,   0,   0],
       [ 17,  64,   0,   3],
       [  1,   0, 131,   2],
       [  1,   0,  21, 112]]), array([[133,   1,   0,   0],
       [ 23,  60,   0,   2],
       [  2,   0, 128,   4],
       [  2,   0,  17, 115]]), array([[130,   2,   2,   0],
       [ 17,  64,   0,   4],
       [  1,   0, 130,   3],
       [  2,   0,  19, 113]]), array([[133,   0,   1,   0],
       [ 20,  61,   0,   4],
       [  1,   0, 129,   4],
       [  2,   0,  18, 114]]), array([[128,   3,   2,   1],
       [ 21,  61,   0,   3],
       [  0,   0, 129,   5],
       [  2,   0,  25, 107]])]","[0.717391304347826, 0.8260869565217391, 0.8260869565217391, 0.782608695652174, 0.8444444444444444, 0.8444444444444444, 0.6888888888888889, 0.8, 0.7777777777777778, 0.7777777777777778]","[0.717391304347826, 0.8260869565217391, 0.8260869565217391, 0.782608695652174, 0.8444444444444444, 0.8444444444444444, 0.6888888888888889, 0.8, 0.7777777777777778, 0.7777777777777778]","[0.717391304347826, 0.8260869565217391, 0.8260869565217391, 0.782608695652174, 0.8444444444444444, 0.8444444444444444, 0.6888888888888889, 0.8, 0.7777777777777778, 0.7777777777777778]","[0.717391304347826, 0.8260869565217391, 0.8260869565217391, 0.782608695652174, 0.8444444444444444, 0.8444444444444444, 0.6888888888888889, 0.8, 0.7777777777777778, 0.7777777777777778]","[0.7738731856378915, 0.8461038961038961, 0.8253496503496504, 0.7918956043956044, 0.8468531468531468, 0.8447455322455323, 0.6916666666666665, 0.8351190476190476, 0.8260504201680673, 0.8205128205128205]","[0.7111111111111111, 0.8166666666666667, 0.8295454545454546, 0.7856060606060606, 0.8509740259740259, 0.8555555555555556, 0.6517676767676768, 0.7861111111111112, 0.7611111111111111, 0.7633838383838383]","[0.7004862953138815, 0.8195949644225506, 0.8228174603174603, 0.7774446142093201, 0.8419367588932806, 0.8460853220006538, 0.6396997929606625, 0.7768266216542079, 0.7571712769988632, 0.7560917343526039]","[0.7708174178762414, 0.8419536984754376, 0.841441167528124, 0.7961060678451983, 0.8598290598290599, 0.8491107657774325, 0.6888888888888889, 0.8316402116402116, 0.8216619981325863, 0.8245014245014245]","[0.717391304347826, 0.8260869565217391, 0.8260869565217391, 0.782608695652174, 0.8444444444444444, 0.8444444444444444, 0.6888888888888889, 0.8, 0.7777777777777778, 0.7777777777777778]","[0.7069734363587437, 0.8239023345470123, 0.8284161490683231, 0.7788338260205268, 0.8447922705314009, 0.8428556899495114, 0.6611456176673568, 0.787594780698229, 0.7687802618837102, 0.7707384403036577]","[array([[12,  0,  0,  0],
       [ 5,  4,  0,  0],
       [ 0,  0,  8,  2],
       [ 0,  0,  6,  9]]), array([[12,  0,  0,  0],
       [ 3,  6,  0,  0],
       [ 0,  0,  8,  2],
       [ 0,  0,  3, 12]]), array([[ 9,  2,  0,  0],
       [ 3,  7,  0,  0],
       [ 0,  0, 10,  0],
       [ 1,  1,  1, 12]]), array([[10,  1,  0,  0],
       [ 3,  6,  0,  1],
       [ 0,  0,  9,  1],
       [ 1,  0,  3, 11]]), array([[ 9,  2,  0,  0],
       [ 2,  8,  0,  0],
       [ 0,  0, 10,  0],
       [ 0,  0,  3, 11]]), array([[11,  0,  0,  0],
       [ 1,  8,  0,  1],
       [ 0,  0,  8,  1],
       [ 0,  1,  3, 11]]), array([[ 9,  1,  1,  0],
       [ 3,  2,  0,  4],
       [ 0,  0,  7,  3],
       [ 0,  0,  2, 13]]), array([[11,  0,  0,  0],
       [ 4,  4,  0,  1],
       [ 0,  0,  9,  1],
       [ 0,  0,  3, 12]]), array([[11,  0,  0,  0],
       [ 5,  4,  0,  0],
       [ 0,  0,  8,  2],
       [ 1,  0,  2, 12]]), array([[10,  0,  1,  0],
       [ 4,  4,  0,  1],
       [ 1,  0,  9,  0],
       [ 0,  0,  3, 12]])]"
4,"[0.8603696098562629, 0.8521560574948666, 0.8518518518518519, 0.8539094650205762, 0.8425357873210634, 0.8436213991769548, 0.86652977412731, 0.8521560574948666, 0.8295687885010267, 0.8542094455852156]","[0.8603696098562629, 0.8521560574948666, 0.8518518518518519, 0.8539094650205762, 0.8425357873210634, 0.8436213991769548, 0.86652977412731, 0.8521560574948666, 0.8295687885010267, 0.8542094455852156]","[0.8603696098562629, 0.8521560574948666, 0.8518518518518519, 0.8539094650205762, 0.8425357873210634, 0.8436213991769548, 0.86652977412731, 0.8521560574948666, 0.8295687885010267, 0.8542094455852156]","[0.8603696098562629, 0.8521560574948666, 0.8518518518518519, 0.8539094650205762, 0.8425357873210634, 0.8436213991769548, 0.86652977412731, 0.8521560574948666, 0.8295687885010267, 0.8542094455852156]","[0.8855431684810521, 0.8780631152342333, 0.8828310198095474, 0.8820667245490359, 0.8676432160419014, 0.8783244121261089, 0.8926803854179602, 0.8736370404288177, 0.8603947033358798, 0.8794672140761213]","[0.8365671641791045, 0.826953467954346, 0.8268034825870647, 0.8297796730632552, 0.8146825396825397, 0.8148987206823027, 0.8464661984196663, 0.8301799824407375, 0.8042800702370501, 0.8298946444249342]","[0.8437489886360581, 0.8334837908914042, 0.8352480039401164, 0.8376556914156391, 0.8212652949387202, 0.8217912409497852, 0.8545492288189946, 0.8368527292355213, 0.8092931990402285, 0.8365399155477351]","[0.8778238088493172, 0.8697400377679673, 0.8728342111479782, 0.873890619920494, 0.8602245105157844, 0.8680428835829906, 0.8836790278932786, 0.8664110491633955, 0.852385135499038, 0.8712095320932575]","[0.8603696098562629, 0.8521560574948666, 0.8518518518518519, 0.8539094650205762, 0.8425357873210634, 0.8436213991769548, 0.86652977412731, 0.8521560574948666, 0.8295687885010267, 0.8542094455852156]","[0.8542752907691566, 0.844842891967928, 0.845937789985181, 0.8481867175235177, 0.834775181550485, 0.8351125936907413, 0.8620358034750948, 0.8463101906986437, 0.820662497262924, 0.8472668816754041]","[array([[133,   0,   1,   0],
       [ 30,  51,   0,   4],
       [  1,   0, 132,   1],
       [  2,   2,  27, 103]]), array([[133,   1,   0,   0],
       [ 30,  49,   0,   6],
       [  1,   0, 132,   1],
       [  3,   1,  29, 101]]), array([[131,   0,   3,   0],
       [ 32,  49,   0,   3],
       [  1,   0, 131,   2],
       [  1,   1,  29, 103]]), array([[132,   1,   1,   0],
       [ 32,  50,   0,   2],
       [  1,   0, 131,   2],
       [  3,   1,  28, 102]]), array([[133,   1,   1,   0],
       [ 34,  46,   0,   4],
       [  1,   0, 131,   3],
       [  2,   2,  29, 102]]), array([[133,   0,   1,   0],
       [ 36,  45,   0,   3],
       [  0,   0, 132,   2],
       [  2,   1,  31, 100]]), array([[133,   1,   0,   0],
       [ 27,  55,   0,   3],
       [  1,   0, 131,   2],
       [  3,   0,  28, 103]]), array([[132,   1,   1,   0],
       [ 29,  52,   0,   4],
       [  0,   0, 130,   4],
       [  3,   2,  28, 101]]), array([[132,   1,   1,   0],
       [ 33,  47,   0,   5],
       [  1,   0, 132,   1],
       [  2,   2,  37,  93]]), array([[134,   0,   0,   0],
       [ 31,  50,   0,   4],
       [  0,   0, 131,   3],
       [  2,   2,  29, 101]])]","[0.6956521739130435, 0.8260869565217391, 0.7391304347826086, 0.7391304347826086, 0.7333333333333333, 0.7777777777777778, 0.7777777777777778, 0.7555555555555555, 0.6888888888888889, 0.7333333333333333]","[0.6956521739130435, 0.8260869565217391, 0.7391304347826086, 0.7391304347826086, 0.7333333333333333, 0.7777777777777778, 0.7777777777777778, 0.7555555555555555, 0.6888888888888889, 0.7333333333333333]","[0.6956521739130435, 0.8260869565217391, 0.7391304347826086, 0.7391304347826086, 0.7333333333333333, 0.7777777777777778, 0.7777777777777778, 0.7555555555555555, 0.6888888888888889, 0.7333333333333333]","[0.6956521739130435, 0.8260869565217391, 0.7391304347826086, 0.7391304347826086, 0.7333333333333333, 0.7777777777777778, 0.7777777777777778, 0.7555555555555555, 0.6888888888888889, 0.7333333333333333]","[0.7795138888888888, 0.8557692307692308, 0.7421536796536796, 0.7552884615384615, 0.8137254901960784, 0.7857142857142857, 0.826388888888889, 0.7964285714285714, 0.7711397058823529, 0.7867965367965368]","[0.6916666666666667, 0.8138888888888889, 0.7462121212121212, 0.7356060606060606, 0.737987012987013, 0.7888888888888889, 0.7522727272727273, 0.7444444444444445, 0.7027777777777778, 0.7328282828282827]","[0.6647435897435897, 0.8116883116883117, 0.7347478836952521, 0.7194925444925445, 0.7170807453416148, 0.7721319638966697, 0.7439064558629775, 0.7368579696165904, 0.6755255613951265, 0.7298534798534798]","[0.7817028985507245, 0.8553511705685619, 0.7581404103143233, 0.7623327759197325, 0.825272331154684, 0.7936507936507937, 0.8111111111111111, 0.7893121693121693, 0.7748366013071896, 0.7929773929773928]","[0.6956521739130435, 0.8260869565217391, 0.7391304347826086, 0.7391304347826086, 0.7333333333333333, 0.7777777777777778, 0.7777777777777778, 0.7555555555555555, 0.6888888888888889, 0.7333333333333333]","[0.6744147157190635, 0.8207227555053641, 0.7381754172600855, 0.7271524771524771, 0.7228433402346446, 0.7712683888370163, 0.7570048309178745, 0.7444042547490823, 0.6718851197112067, 0.7354497354497355]","[array([[12,  0,  0,  0],
       [ 6,  3,  0,  0],
       [ 0,  0,  9,  1],
       [ 0,  0,  7,  8]]), array([[12,  0,  0,  0],
       [ 4,  5,  0,  0],
       [ 0,  0,  9,  1],
       [ 0,  0,  3, 12]]), array([[ 9,  2,  0,  0],
       [ 4,  6,  0,  0],
       [ 0,  0,  9,  1],
       [ 1,  1,  3, 10]]), array([[10,  1,  0,  0],
       [ 5,  4,  0,  1],
       [ 0,  0,  9,  1],
       [ 1,  0,  3, 11]]), array([[10,  0,  1,  0],
       [ 6,  4,  0,  0],
       [ 0,  0, 10,  0],
       [ 1,  0,  4,  9]]), array([[11,  0,  0,  0],
       [ 3,  6,  0,  1],
       [ 0,  0,  8,  1],
       [ 0,  1,  4, 10]]), array([[10,  0,  1,  0],
       [ 2,  3,  0,  4],
       [ 0,  0,  9,  1],
       [ 0,  0,  2, 13]]), array([[11,  0,  0,  0],
       [ 4,  4,  0,  1],
       [ 0,  0,  8,  2],
       [ 0,  0,  4, 11]]), array([[11,  0,  0,  0],
       [ 5,  4,  0,  0],
       [ 0,  0,  9,  1],
       [ 1,  0,  7,  7]]), array([[10,  0,  1,  0],
       [ 4,  5,  0,  0],
       [ 1,  0,  8,  1],
       [ 0,  0,  5, 10]])]"
5,"[0.8583162217659137, 0.8501026694045175, 0.8600823045267489, 0.8786008230452675, 0.8568507157464212, 0.8559670781893004, 0.8788501026694046, 0.8521560574948666, 0.8788501026694046, 0.8706365503080082]","[0.8583162217659137, 0.8501026694045175, 0.8600823045267489, 0.8786008230452675, 0.8568507157464212, 0.8559670781893004, 0.8788501026694046, 0.8521560574948666, 0.8788501026694046, 0.8706365503080082]","[0.8583162217659137, 0.8501026694045175, 0.8600823045267489, 0.8786008230452675, 0.8568507157464212, 0.8559670781893004, 0.8788501026694046, 0.8521560574948666, 0.8788501026694046, 0.8706365503080082]","[0.8583162217659137, 0.8501026694045175, 0.8600823045267489, 0.8786008230452675, 0.8568507157464212, 0.8559670781893004, 0.8788501026694046, 0.8521560574948666, 0.8788501026694046, 0.8706365503080082]","[0.8755325552743626, 0.8628504554975144, 0.8756600381370696, 0.8939238042269189, 0.8743794586345737, 0.8709106984969053, 0.8962826690504297, 0.8710357945356215, 0.8916040100250626, 0.8897202640127169]","[0.837928007023705, 0.8326163301141352, 0.8387082444918266, 0.8599413646055437, 0.8343915343915344, 0.836087420042644, 0.8619622475856015, 0.8344820017559262, 0.8630377524143985, 0.8534240561896401]","[0.8453614491916699, 0.840104328385201, 0.8469236099881448, 0.8677436562860438, 0.8425457448032035, 0.8432442933462846, 0.8697181691301505, 0.8429390137104352, 0.8702870868225199, 0.860793670841263]","[0.8683047166231611, 0.8557587491033559, 0.8683793248354748, 0.8881546482831861, 0.8669667195183804, 0.8647251239843833, 0.8891459301603276, 0.8615294477279404, 0.8854888761945932, 0.8819782234992803]","[0.8583162217659137, 0.8501026694045175, 0.8600823045267489, 0.8786008230452675, 0.8568507157464212, 0.8559670781893004, 0.8788501026694046, 0.8521560574948666, 0.8788501026694046, 0.8706365503080082]","[0.853893493086103, 0.8469150803950692, 0.8561603129557668, 0.8755705070699304, 0.8523853349947543, 0.8517505601224774, 0.8759059526236822, 0.8489480266348479, 0.876271352786737, 0.8669104878252916]","[array([[130,   2,   1,   1],
       [ 26,  54,   0,   5],
       [  1,   0, 128,   5],
       [  2,   1,  25, 106]]), array([[128,   4,   2,   0],
       [ 23,  56,   0,   6],
       [  0,   0, 122,  12],
       [  2,   0,  24, 108]]), array([[129,   3,   2,   0],
       [ 27,  53,   0,   4],
       [  0,   0, 125,   9],
       [  2,   0,  21, 111]]), array([[129,   3,   2,   0],
       [ 23,  57,   0,   4],
       [  1,   0, 131,   2],
       [  2,   0,  22, 110]]), array([[131,   2,   2,   0],
       [ 28,  52,   0,   4],
       [  1,   0, 127,   7],
       [  1,   1,  24, 109]]), array([[129,   3,   2,   0],
       [ 25,  54,   0,   5],
       [  0,   0, 128,   6],
       [  2,   1,  26, 105]]), array([[131,   2,   0,   1],
       [ 23,  59,   0,   3],
       [  1,   0, 130,   3],
       [  3,   0,  23, 108]]), array([[130,   2,   2,   0],
       [ 25,  56,   0,   4],
       [  1,   0, 122,  11],
       [  2,   0,  25, 107]]), array([[129,   3,   1,   1],
       [ 21,  60,   0,   4],
       [  0,   0, 129,   5],
       [  2,   0,  22, 110]]), array([[131,   1,   1,   1],
       [ 23,  58,   0,   4],
       [  0,   0, 131,   3],
       [  2,   1,  27, 104]])]","[0.717391304347826, 0.8260869565217391, 0.717391304347826, 0.7391304347826086, 0.7777777777777778, 0.8, 0.7333333333333333, 0.7777777777777778, 0.7333333333333333, 0.6888888888888889]","[0.717391304347826, 0.8260869565217391, 0.717391304347826, 0.7391304347826086, 0.7777777777777778, 0.8, 0.7333333333333333, 0.7777777777777778, 0.7333333333333333, 0.6888888888888889]","[0.717391304347826, 0.8260869565217391, 0.717391304347826, 0.7391304347826086, 0.7777777777777778, 0.8, 0.7333333333333333, 0.7777777777777778, 0.7333333333333333, 0.6888888888888889]","[0.717391304347826, 0.8260869565217391, 0.717391304347826, 0.7391304347826086, 0.7777777777777778, 0.8, 0.7333333333333333, 0.7777777777777778, 0.7333333333333333, 0.6888888888888889]","[0.7916666666666666, 0.8557692307692308, 0.7153846153846154, 0.7564102564102565, 0.7684294871794872, 0.8017170329670329, 0.7072916666666667, 0.8151515151515152, 0.7840544871794872, 0.7435897435897435]","[0.7083333333333334, 0.8138888888888889, 0.7151515151515151, 0.7439393939393939, 0.7711038961038962, 0.8027777777777778, 0.7068181818181818, 0.7611111111111111, 0.7277777777777777, 0.6800505050505049]","[0.685, 0.8116883116883117, 0.713095238095238, 0.7293950514059209, 0.7635975135975137, 0.7974768098406937, 0.6952787745214113, 0.7558608058608058, 0.7166480862133036, 0.676899187768753]","[0.7934782608695652, 0.8553511705685619, 0.7274247491638796, 0.7628205128205129, 0.7856125356125356, 0.8031868131868133, 0.720462962962963, 0.8075420875420877, 0.7825854700854701, 0.739031339031339]","[0.717391304347826, 0.8260869565217391, 0.717391304347826, 0.7391304347826086, 0.7777777777777778, 0.8, 0.7333333333333333, 0.7777777777777778, 0.7333333333333333, 0.6888888888888889]","[0.6978260869565218, 0.8207227555053641, 0.7199792960662527, 0.7314942723732895, 0.7756194422861089, 0.797155564517936, 0.7171506691843297, 0.765893365893366, 0.7237568300370233, 0.6844720496894411]","[array([[12,  0,  0,  0],
       [ 6,  3,  0,  0],
       [ 0,  0,  9,  1],
       [ 0,  0,  6,  9]]), array([[12,  0,  0,  0],
       [ 4,  5,  0,  0],
       [ 0,  0,  9,  1],
       [ 0,  0,  3, 12]]), array([[ 8,  3,  0,  0],
       [ 4,  6,  0,  0],
       [ 0,  0,  8,  2],
       [ 1,  1,  2, 11]]), array([[10,  1,  0,  0],
       [ 4,  5,  0,  1],
       [ 0,  0,  9,  1],
       [ 1,  0,  4, 10]]), array([[ 8,  3,  0,  0],
       [ 5,  5,  0,  0],
       [ 0,  0, 10,  0],
       [ 0,  0,  2, 12]]), array([[11,  0,  0,  0],
       [ 2,  7,  0,  1],
       [ 0,  0,  7,  2],
       [ 0,  1,  3, 11]]), array([[ 8,  2,  1,  0],
       [ 4,  3,  0,  2],
       [ 0,  0,  9,  1],
       [ 0,  0,  2, 13]]), array([[11,  0,  0,  0],
       [ 4,  4,  0,  1],
       [ 0,  0,  8,  2],
       [ 0,  0,  3, 12]]), array([[11,  0,  0,  0],
       [ 5,  4,  0,  0],
       [ 0,  0,  8,  2],
       [ 0,  0,  5, 10]]), array([[10,  0,  1,  0],
       [ 4,  4,  0,  1],
       [ 1,  0,  7,  2],
       [ 0,  0,  5, 10]])]"
6,"[0.8234086242299795, 0.8336755646817249, 0.8395061728395061, 0.8395061728395061, 0.8425357873210634, 0.8168724279835391, 0.8357289527720739, 0.837782340862423, 0.8439425051334702, 0.8418891170431212]","[0.8234086242299795, 0.8336755646817249, 0.8395061728395061, 0.8395061728395061, 0.8425357873210634, 0.8168724279835391, 0.8357289527720739, 0.837782340862423, 0.8439425051334702, 0.8418891170431212]","[0.8234086242299795, 0.8336755646817249, 0.8395061728395061, 0.8395061728395061, 0.8425357873210634, 0.8168724279835391, 0.8357289527720739, 0.837782340862423, 0.8439425051334702, 0.8418891170431212]","[0.8234086242299795, 0.8336755646817249, 0.8395061728395061, 0.8395061728395061, 0.8425357873210634, 0.8168724279835391, 0.8357289527720739, 0.837782340862423, 0.8439425051334702, 0.8418891170431212]","[0.8501377184840047, 0.8611075351884496, 0.8721935908040126, 0.8703166506403279, 0.8671022783398953, 0.8405098022967336, 0.874777065645075, 0.8658679183135705, 0.8594982346522617, 0.863560668169707]","[0.7943810359964881, 0.8058604038630377, 0.8111673773987207, 0.8100568585643213, 0.8124338624338624, 0.7873134328358209, 0.8088015803336259, 0.810667251975417, 0.8194907813871817, 0.8165496049165936]","[0.7990893411722377, 0.8124927137606395, 0.8190549461716933, 0.8161458757891115, 0.8188790531717913, 0.7927351656590526, 0.81630413915881, 0.8170866580960477, 0.8252691622286862, 0.8226422341730931]","[0.8436222379330266, 0.8514142612812889, 0.8590447832735612, 0.8614478143759134, 0.8577763223065261, 0.8330474899547442, 0.8621776328249696, 0.856564416597003, 0.854677804539321, 0.8557512753185614]","[0.8234086242299795, 0.8336755646817249, 0.8395061728395061, 0.8395061728395061, 0.8425357873210634, 0.8168724279835391, 0.8357289527720739, 0.837782340862423, 0.8439425051334702, 0.8418891170431212]","[0.8139376682629917, 0.8256406646131661, 0.8315426547691255, 0.8304692090057816, 0.8336842776885284, 0.8078155483241972, 0.8277757799767229, 0.8296996137523129, 0.8373665469499953, 0.8343901483011502]","[array([[128,   3,   2,   1],
       [ 37,  43,   0,   5],
       [  1,   0, 132,   1],
       [  2,   1,  33,  98]]), array([[130,   2,   2,   0],
       [ 34,  45,   0,   6],
       [  1,   0, 128,   5],
       [  2,   0,  29, 103]]), array([[133,   0,   1,   0],
       [ 33,  45,   0,   6],
       [  1,   0, 126,   7],
       [  2,   0,  28, 104]]), array([[132,   1,   1,   0],
       [ 35,  44,   0,   5],
       [  1,   0, 132,   1],
       [  2,   1,  31, 100]]), array([[133,   1,   1,   0],
       [ 33,  44,   0,   7],
       [  0,   0, 130,   5],
       [  2,   1,  27, 105]]), array([[128,   4,   2,   0],
       [ 36,  42,   0,   6],
       [  1,   0, 127,   6],
       [  4,   0,  30, 100]]), array([[134,   0,   0,   0],
       [ 36,  46,   1,   2],
       [  1,   0, 128,   5],
       [  3,   0,  32,  99]]), array([[132,   1,   1,   0],
       [ 33,  46,   1,   5],
       [  1,   0, 129,   4],
       [  2,   1,  30, 101]]), array([[129,   4,   1,   0],
       [ 30,  49,   0,   6],
       [  0,   0, 130,   4],
       [  3,   1,  27, 103]]), array([[131,   1,   1,   1],
       [ 31,  48,   0,   6],
       [  0,   0, 130,   4],
       [  2,   2,  29, 101]])]","[0.717391304347826, 0.8043478260869565, 0.7608695652173914, 0.7608695652173914, 0.7111111111111111, 0.7777777777777778, 0.7111111111111111, 0.7777777777777778, 0.7333333333333333, 0.6888888888888889]","[0.717391304347826, 0.8043478260869565, 0.7608695652173914, 0.7608695652173914, 0.7111111111111111, 0.7777777777777778, 0.7111111111111111, 0.7777777777777778, 0.7333333333333333, 0.6888888888888889]","[0.717391304347826, 0.8043478260869565, 0.7608695652173914, 0.7608695652173914, 0.7111111111111111, 0.7777777777777778, 0.7111111111111111, 0.7777777777777778, 0.7333333333333333, 0.6888888888888889]","[0.717391304347826, 0.8043478260869565, 0.7608695652173914, 0.7608695652173914, 0.7111111111111111, 0.7777777777777778, 0.7111111111111111, 0.7777777777777778, 0.7333333333333333, 0.6888888888888889]","[0.7916666666666666, 0.844739819004525, 0.7581168831168832, 0.8176088617265088, 0.737987012987013, 0.792016317016317, 0.7056277056277056, 0.817948717948718, 0.7974789915966386, 0.7439903846153846]","[0.7083333333333334, 0.7861111111111112, 0.7545454545454546, 0.7666666666666666, 0.7081168831168831, 0.7916666666666666, 0.7012626262626263, 0.7694444444444445, 0.7361111111111112, 0.6861111111111111]","[0.685, 0.7795738744014606, 0.7482410895392639, 0.73992673992674, 0.6939102564102564, 0.7646416083916084, 0.6923066875653083, 0.7574653607262303, 0.7177747252747253, 0.6763904372600025]","[0.7934782608695652, 0.8438422191619123, 0.7663749294184076, 0.8238449530009632, 0.7501298701298702, 0.8059362859362859, 0.7158730158730159, 0.8151566951566952, 0.8010270774976658, 0.7377136752136753]","[0.717391304347826, 0.8043478260869565, 0.7608695652173914, 0.7608695652173914, 0.7111111111111111, 0.7777777777777778, 0.7111111111111111, 0.7777777777777778, 0.7333333333333333, 0.6888888888888889]","[0.6978260869565218, 0.7936621100039389, 0.7562516220881157, 0.7441073419334289, 0.7033048433048433, 0.7657731157731159, 0.7039846743295018, 0.7657323352975526, 0.7218070818070816, 0.6797418005147473]","[array([[12,  0,  0,  0],
       [ 6,  3,  0,  0],
       [ 0,  0,  9,  1],
       [ 0,  0,  6,  9]]), array([[12,  0,  0,  0],
       [ 5,  4,  0,  0],
       [ 0,  0,  9,  1],
       [ 0,  0,  3, 12]]), array([[ 9,  2,  0,  0],
       [ 4,  5,  0,  1],
       [ 0,  0,  9,  1],
       [ 1,  0,  2, 12]]), array([[11,  0,  0,  0],
       [ 5,  4,  0,  1],
       [ 0,  0, 10,  0],
       [ 1,  0,  4, 10]]), array([[ 9,  1,  1,  0],
       [ 6,  4,  0,  0],
       [ 0,  0,  9,  1],
       [ 0,  0,  4, 10]]), array([[11,  0,  0,  0],
       [ 4,  5,  0,  1],
       [ 0,  0,  9,  0],
       [ 0,  1,  4, 10]]), array([[ 8,  2,  1,  0],
       [ 3,  4,  0,  2],
       [ 0,  0,  9,  1],
       [ 0,  0,  4, 11]]), array([[11,  0,  0,  0],
       [ 4,  4,  0,  1],
       [ 0,  0,  9,  1],
       [ 0,  0,  4, 11]]), array([[11,  0,  0,  0],
       [ 5,  4,  0,  0],
       [ 0,  0,  9,  1],
       [ 1,  0,  5,  9]]), array([[11,  0,  0,  0],
       [ 4,  4,  0,  1],
       [ 1,  0,  7,  2],
       [ 0,  0,  6,  9]])]"
7,"[0.8521560574948666, 0.8521560574948666, 0.8374485596707819, 0.8415637860082305, 0.8425357873210634, 0.831275720164609, 0.8336755646817249, 0.8480492813141683, 0.8459958932238193, 0.8583162217659137]","[0.8521560574948666, 0.8521560574948666, 0.8374485596707819, 0.8415637860082305, 0.8425357873210634, 0.831275720164609, 0.8336755646817249, 0.8480492813141683, 0.8459958932238193, 0.8583162217659137]","[0.8521560574948666, 0.8521560574948666, 0.8374485596707819, 0.8415637860082305, 0.8425357873210634, 0.831275720164609, 0.8336755646817249, 0.8480492813141683, 0.8459958932238193, 0.8583162217659137]","[0.8521560574948666, 0.8521560574948666, 0.8374485596707819, 0.8415637860082305, 0.8425357873210634, 0.831275720164609, 0.8336755646817249, 0.8480492813141683, 0.8459958932238193, 0.8583162217659137]","[0.8715586672217445, 0.8702037643959813, 0.8655313724483685, 0.859384949276234, 0.8639599151063935, 0.8512263528031593, 0.8673896217248818, 0.8665081712943133, 0.8656788812406637, 0.8710252056941361]","[0.8301799824407375, 0.8280289727831431, 0.8093017057569296, 0.8141435678749112, 0.8180555555555555, 0.8014836531627576, 0.8069359086918348, 0.8264486391571554, 0.8213564530289728, 0.8368525021949078]","[0.8375787448130116, 0.8353678228109684, 0.8172860378822656, 0.821267789384045, 0.8268813931912106, 0.8077848380785103, 0.8138046428648329, 0.8340709033045068, 0.8285082697084188, 0.8440792173516909]","[0.8641235583235776, 0.8628394304351262, 0.8539336875598039, 0.8531488329466286, 0.8538616649436656, 0.8446762227395671, 0.858239227743744, 0.8585649016149473, 0.8579687955275539, 0.8651090487541787]","[0.8521560574948666, 0.8521560574948666, 0.8374485596707819, 0.8415637860082305, 0.8425357873210634, 0.831275720164609, 0.8336755646817249, 0.8480492813141683, 0.8459958932238193, 0.8583162217659137]","[0.847109255071405, 0.8465090485623563, 0.8301438923652463, 0.835125878396899, 0.8374104910041544, 0.8233502998542499, 0.8260873752226799, 0.8432484685240569, 0.8398959705815225, 0.8538993751781806]","[array([[128,   3,   2,   1],
       [ 27,  52,   0,   6],
       [  1,   0, 130,   3],
       [  2,   0,  27, 105]]), array([[129,   3,   2,   0],
       [ 28,  50,   0,   7],
       [  1,   0, 128,   5],
       [  2,   0,  24, 108]]), array([[130,   1,   3,   0],
       [ 34,  45,   0,   5],
       [  0,   0, 125,   9],
       [  1,   0,  26, 107]]), array([[127,   4,   2,   1],
       [ 34,  46,   0,   4],
       [  1,   0, 127,   6],
       [  1,   0,  24, 109]]), array([[129,   2,   4,   0],
       [ 29,  49,   1,   5],
       [  0,   0, 124,  11],
       [  2,   0,  23, 110]]), array([[128,   4,   2,   0],
       [ 36,  43,   0,   5],
       [  1,   0, 126,   7],
       [  3,   0,  24, 107]]), array([[132,   2,   0,   0],
       [ 37,  46,   1,   1],
       [  1,   0, 129,   4],
       [  3,   0,  32,  99]]), array([[130,   3,   1,   0],
       [ 27,  52,   0,   6],
       [  2,   0, 125,   7],
       [  2,   0,  26, 106]]), array([[129,   3,   2,   0],
       [ 30,  49,   0,   6],
       [  0,   0, 128,   6],
       [  3,   0,  25, 106]]), array([[128,   4,   1,   1],
       [ 26,  53,   0,   6],
       [  0,   0, 127,   7],
       [  2,   0,  22, 110]])]","[0.7608695652173914, 0.8478260869565217, 0.782608695652174, 0.782608695652174, 0.7333333333333333, 0.8, 0.6666666666666666, 0.7777777777777778, 0.7333333333333333, 0.7333333333333333]","[0.7608695652173914, 0.8478260869565217, 0.782608695652174, 0.782608695652174, 0.7333333333333333, 0.8, 0.6666666666666666, 0.7777777777777778, 0.7333333333333333, 0.7333333333333333]","[0.7608695652173914, 0.8478260869565217, 0.782608695652174, 0.782608695652174, 0.7333333333333333, 0.8, 0.6666666666666666, 0.7777777777777778, 0.7333333333333333, 0.7333333333333333]","[0.7608695652173914, 0.8478260869565217, 0.782608695652174, 0.782608695652174, 0.7333333333333333, 0.8, 0.6666666666666666, 0.7777777777777778, 0.7333333333333333, 0.7333333333333333]","[0.8156249999999999, 0.8682692307692308, 0.7836052836052837, 0.8332390648567118, 0.7277930402930404, 0.8214285714285714, 0.6552083333333333, 0.8095238095238094, 0.7448717948717949, 0.7773944805194805]","[0.763888888888889, 0.8416666666666666, 0.7878787878787878, 0.7833333333333333, 0.7211038961038961, 0.7944444444444445, 0.6484848484848484, 0.7722222222222223, 0.7217171717171718, 0.7194444444444444]","[0.7538705738705738, 0.841053391053391, 0.7824248120300752, 0.7603807223372441, 0.7117676767676768, 0.7917105263157895, 0.6402934372780096, 0.7700447828034036, 0.7134115884115884, 0.7138716966303174]","[0.8201086956521739, 0.8683946488294315, 0.7884193101584406, 0.838259885894157, 0.7416768416768417, 0.820952380952381, 0.6602777777777777, 0.8021164021164021, 0.7531623931623931, 0.7713744588744589]","[0.7608695652173914, 0.8478260869565217, 0.782608695652174, 0.782608695652174, 0.7333333333333333, 0.8, 0.6666666666666666, 0.7777777777777778, 0.7333333333333333, 0.7333333333333333]","[0.7569198917025004, 0.8457745153397326, 0.7820774762994442, 0.76684820115822, 0.7259169472502804, 0.795812865497076, 0.6539378962941375, 0.7724579788028064, 0.7258408258408259, 0.7232755891759723]","[array([[12,  0,  0,  0],
       [ 3,  5,  1,  0],
       [ 0,  0,  9,  1],
       [ 0,  0,  6,  9]]), array([[12,  0,  0,  0],
       [ 3,  6,  0,  0],
       [ 0,  0,  9,  1],
       [ 0,  0,  3, 12]]), array([[ 9,  2,  0,  0],
       [ 2,  7,  0,  1],
       [ 0,  0,  9,  1],
       [ 2,  0,  2, 11]]), array([[11,  0,  0,  0],
       [ 5,  4,  0,  1],
       [ 0,  0, 10,  0],
       [ 1,  0,  3, 11]]), array([[ 8,  2,  1,  0],
       [ 6,  4,  0,  0],
       [ 0,  0,  9,  1],
       [ 0,  0,  2, 12]]), array([[11,  0,  0,  0],
       [ 3,  6,  0,  1],
       [ 0,  0,  7,  2],
       [ 0,  0,  3, 12]]), array([[ 8,  2,  1,  0],
       [ 3,  3,  0,  3],
       [ 0,  0,  8,  2],
       [ 1,  0,  3, 11]]), array([[11,  0,  0,  0],
       [ 3,  5,  0,  1],
       [ 0,  0,  8,  2],
       [ 0,  0,  4, 11]]), array([[10,  1,  0,  0],
       [ 5,  4,  0,  0],
       [ 0,  0,  8,  2],
       [ 0,  0,  4, 11]]), array([[11,  0,  0,  0],
       [ 4,  4,  0,  1],
       [ 1,  0,  7,  2],
       [ 0,  0,  4, 11]])]"
8,"[0.8254620123203286, 0.837782340862423, 0.8292181069958847, 0.8353909465020576, 0.8241308793456033, 0.8106995884773662, 0.839835728952772, 0.8357289527720739, 0.8439425051334702, 0.8193018480492813]","[0.8254620123203286, 0.837782340862423, 0.8292181069958847, 0.8353909465020576, 0.8241308793456033, 0.8106995884773662, 0.839835728952772, 0.8357289527720739, 0.8439425051334702, 0.8193018480492813]","[0.8254620123203286, 0.837782340862423, 0.8292181069958847, 0.8353909465020576, 0.8241308793456033, 0.8106995884773662, 0.839835728952772, 0.8357289527720739, 0.8439425051334702, 0.8193018480492813]","[0.8254620123203286, 0.837782340862423, 0.8292181069958847, 0.8353909465020576, 0.8241308793456033, 0.8106995884773662, 0.839835728952772, 0.8357289527720739, 0.8439425051334702, 0.8193018480492813]","[0.8542796964254534, 0.8626009960391605, 0.8561821198712792, 0.8643315437071912, 0.8519624604485788, 0.8389446557715788, 0.8693003462853032, 0.8610096840597388, 0.8670563303103261, 0.8501818311746854]","[0.7994732221246708, 0.810667251975417, 0.8029495380241649, 0.8063255152807391, 0.7946428571428571, 0.7806058990760484, 0.8125329236172081, 0.8109525899912204, 0.8184152765583845, 0.7917251975417032]","[0.8064386006355285, 0.8178351635016395, 0.8100208334762111, 0.8132865631592926, 0.8015056169125936, 0.7849474708066251, 0.8193578357268834, 0.8179532017884196, 0.8251751898964055, 0.7975242974145762]","[0.8438102339850302, 0.8529687896173648, 0.8456727357702447, 0.8548469557006846, 0.8411582726153358, 0.8315201233292401, 0.8603422017979243, 0.8510496728049692, 0.8595986570585447, 0.8394823332489529]","[0.8254620123203286, 0.837782340862423, 0.8292181069958847, 0.8353909465020576, 0.8241308793456033, 0.8106995884773662, 0.839835728952772, 0.8357289527720739, 0.8439425051334702, 0.8193018480492813]","[0.8179801911674291, 0.8305234307900893, 0.8216516088369635, 0.827315728409932, 0.8155685749137026, 0.8003063757529155, 0.8321993082289614, 0.8287032273391138, 0.8371779599391288, 0.8101786301434531]","[array([[129,   2,   2,   1],
       [ 34,  46,   0,   5],
       [  1,   0, 127,   6],
       [  2,   0,  32, 100]]), array([[130,   2,   2,   0],
       [ 33,  46,   0,   6],
       [  1,   0, 126,   7],
       [  2,   0,  26, 106]]), array([[131,   2,   1,   0],
       [ 32,  46,   0,   6],
       [  1,   0, 126,   7],
       [  1,   0,  33, 100]]), array([[130,   2,   2,   0],
       [ 36,  44,   0,   4],
       [  0,   0, 129,   5],
       [  4,   0,  27, 103]]), array([[130,   2,   3,   0],
       [ 33,  43,   1,   7],
       [  1,   0, 127,   7],
       [  2,   0,  30, 103]]), array([[128,   4,   2,   0],
       [ 37,  41,   1,   5],
       [  0,   0, 130,   4],
       [  4,   0,  35,  95]]), array([[131,   2,   0,   1],
       [ 36,  46,   0,   3],
       [  1,   0, 130,   3],
       [  2,   0,  30, 102]]), array([[131,   2,   1,   0],
       [ 30,  48,   0,   7],
       [  1,   0, 127,   6],
       [  4,   0,  29, 101]]), array([[131,   3,   0,   0],
       [ 32,  48,   1,   4],
       [  0,   0, 129,   5],
       [  6,   0,  25, 103]]), array([[130,   2,   1,   1],
       [ 36,  44,   0,   5],
       [  0,   0, 128,   6],
       [  2,   0,  35,  97]])]","[0.717391304347826, 0.8260869565217391, 0.8043478260869565, 0.8043478260869565, 0.7333333333333333, 0.8, 0.6666666666666666, 0.8, 0.6888888888888889, 0.6888888888888889]","[0.717391304347826, 0.8260869565217391, 0.8043478260869565, 0.8043478260869565, 0.7333333333333333, 0.8, 0.6666666666666666, 0.8, 0.6888888888888889, 0.6888888888888889]","[0.717391304347826, 0.8260869565217391, 0.8043478260869565, 0.8043478260869565, 0.7333333333333333, 0.8, 0.6666666666666666, 0.8, 0.6888888888888889, 0.6888888888888889]","[0.717391304347826, 0.8260869565217391, 0.8043478260869565, 0.8043478260869565, 0.7333333333333333, 0.8, 0.6666666666666666, 0.8, 0.6888888888888889, 0.6888888888888889]","[0.7916666666666666, 0.8461038961038961, 0.8147727272727273, 0.8508672699849171, 0.8031274281274281, 0.8344624125874127, 0.672676282051282, 0.8246336996336996, 0.7439903846153846, 0.7645833333333333]","[0.7083333333333334, 0.8166666666666667, 0.8045454545454545, 0.8, 0.7285714285714286, 0.7972222222222223, 0.6517676767676768, 0.8, 0.6861111111111111, 0.6883838383838384]","[0.685, 0.8195949644225506, 0.80006105006105, 0.7808441558441559, 0.700691961711452, 0.7846560846560847, 0.6242236024844721, 0.8006400208986417, 0.6763904372600025, 0.6790313390313389]","[0.7934782608695652, 0.8419536984754376, 0.8302371541501976, 0.8542855269197981, 0.8082793749460415, 0.8434246309246309, 0.6810897435897435, 0.8168905168905168, 0.7377136752136753, 0.7712962962962961]","[0.717391304347826, 0.8260869565217391, 0.8043478260869565, 0.8043478260869565, 0.7333333333333333, 0.8, 0.6666666666666666, 0.8, 0.6888888888888889, 0.6888888888888889]","[0.6978260869565218, 0.8239023345470123, 0.807373785634655, 0.7892433653303218, 0.7108066479580724, 0.793039388594944, 0.6416379112031285, 0.7985637989086265, 0.6797418005147473, 0.6863691041468818]","[array([[12,  0,  0,  0],
       [ 6,  3,  0,  0],
       [ 0,  0,  9,  1],
       [ 0,  0,  6,  9]]), array([[12,  0,  0,  0],
       [ 3,  6,  0,  0],
       [ 0,  0,  8,  2],
       [ 0,  0,  3, 12]]), array([[ 9,  2,  0,  0],
       [ 4,  6,  0,  0],
       [ 0,  0, 10,  0],
       [ 2,  0,  1, 12]]), array([[11,  0,  0,  0],
       [ 5,  4,  0,  1],
       [ 0,  0, 10,  0],
       [ 1,  0,  2, 12]]), array([[11,  0,  0,  0],
       [ 7,  3,  0,  0],
       [ 0,  0,  9,  1],
       [ 0,  0,  4, 10]]), array([[11,  0,  0,  0],
       [ 5,  5,  0,  0],
       [ 0,  0,  8,  1],
       [ 0,  0,  3, 12]]), array([[ 9,  1,  1,  0],
       [ 5,  2,  0,  2],
       [ 0,  0,  9,  1],
       [ 2,  0,  3, 10]]), array([[11,  0,  0,  0],
       [ 2,  6,  0,  1],
       [ 0,  0,  8,  2],
       [ 0,  0,  4, 11]]), array([[11,  0,  0,  0],
       [ 5,  4,  0,  0],
       [ 0,  0,  7,  3],
       [ 0,  0,  6,  9]]), array([[10,  0,  1,  0],
       [ 5,  4,  0,  0],
       [ 1,  0,  8,  1],
       [ 0,  0,  6,  9]])]"
9,"[0.8336755646817249, 0.8459958932238193, 0.831275720164609, 0.8189300411522634, 0.8384458077709611, 0.8168724279835391, 0.839835728952772, 0.8295687885010267, 0.8213552361396304, 0.8336755646817249]","[0.8336755646817249, 0.8459958932238193, 0.831275720164609, 0.8189300411522634, 0.8384458077709611, 0.8168724279835391, 0.839835728952772, 0.8295687885010267, 0.8213552361396304, 0.8336755646817249]","[0.8336755646817249, 0.8459958932238193, 0.831275720164609, 0.8189300411522634, 0.8384458077709611, 0.8168724279835391, 0.839835728952772, 0.8295687885010267, 0.8213552361396304, 0.8336755646817249]","[0.8336755646817249, 0.8459958932238193, 0.831275720164609, 0.8189300411522634, 0.8384458077709611, 0.8168724279835391, 0.839835728952772, 0.8295687885010267, 0.8213552361396304, 0.8336755646817249]","[0.8571420288277712, 0.8655639007402942, 0.8481164483354393, 0.8403325163209131, 0.8516023689678531, 0.841541729656555, 0.8633950451154578, 0.8460212724670864, 0.8406474156013468, 0.855103909749981]","[0.8026338893766461, 0.8159789288849868, 0.8070362473347548, 0.789179104477612, 0.8154761904761906, 0.7895344705046198, 0.8146839332748025, 0.8032045654082528, 0.7925153643546972, 0.8058604038630378]","[0.8079211644681528, 0.8219734052977109, 0.8147763940668732, 0.7951140988157162, 0.8226775658663226, 0.7954643689462811, 0.8218766291106785, 0.8088189209662829, 0.7981489806991706, 0.8121023007196307]","[0.8494759632820371, 0.8584597748896629, 0.8404044653373443, 0.832851964681, 0.8456066316544057, 0.8338128266719755, 0.8555689879323654, 0.8403928616242007, 0.8350948283962804, 0.8468135433798559]","[0.8336755646817249, 0.8459958932238193, 0.831275720164609, 0.8189300411522634, 0.8384458077709611, 0.8168724279835391, 0.839835728952772, 0.8295687885010267, 0.8213552361396304, 0.8336755646817249]","[0.8241975476250336, 0.8375997506630521, 0.825979484717665, 0.8104392276903942, 0.8334462946539872, 0.8087151613618793, 0.8335475111071993, 0.8221352829864441, 0.8133955711056255, 0.8257267729956467]","[array([[128,   3,   2,   1],
       [ 36,  42,   0,   7],
       [  1,   0, 130,   3],
       [  2,   0,  26, 106]]), array([[130,   3,   1,   0],
       [ 33,  44,   0,   8],
       [  1,   0, 128,   5],
       [  3,   0,  21, 110]]), array([[125,   4,   4,   1],
       [ 30,  48,   0,   6],
       [  1,   0, 123,  10],
       [  1,   0,  25, 108]]), array([[127,   4,   2,   1],
       [ 37,  42,   0,   5],
       [  1,   0, 125,   8],
       [  2,   0,  28, 104]]), array([[128,   5,   2,   0],
       [ 27,  50,   0,   7],
       [  1,   0, 125,   9],
       [  3,   0,  25, 107]]), array([[128,   4,   1,   1],
       [ 35,  44,   1,   4],
       [  1,   0, 127,   6],
       [  3,   0,  33,  98]]), array([[130,   3,   0,   1],
       [ 33,  48,   2,   2],
       [  1,   0, 127,   6],
       [  2,   0,  28, 104]]), array([[128,   5,   1,   0],
       [ 31,  46,   1,   7],
       [  1,   0, 127,   6],
       [  3,   0,  28, 103]]), array([[126,   5,   3,   0],
       [ 37,  43,   1,   4],
       [  1,   0, 126,   7],
       [  2,   0,  27, 105]]), array([[128,   3,   2,   1],
       [ 33,  45,   0,   7],
       [  0,   0, 128,   6],
       [  2,   0,  27, 105]])]","[0.717391304347826, 0.8260869565217391, 0.7608695652173914, 0.7608695652173914, 0.7555555555555555, 0.8222222222222222, 0.7111111111111111, 0.7777777777777778, 0.6888888888888889, 0.7333333333333333]","[0.717391304347826, 0.8260869565217391, 0.7608695652173914, 0.7608695652173914, 0.7555555555555555, 0.8222222222222222, 0.7111111111111111, 0.7777777777777778, 0.6888888888888889, 0.7333333333333333]","[0.717391304347826, 0.8260869565217391, 0.7608695652173914, 0.7608695652173914, 0.7555555555555555, 0.8222222222222222, 0.7111111111111111, 0.7777777777777778, 0.6888888888888889, 0.7333333333333333]","[0.717391304347826, 0.8260869565217391, 0.7608695652173914, 0.7608695652173914, 0.7555555555555555, 0.8222222222222222, 0.7111111111111111, 0.7777777777777778, 0.6888888888888889, 0.7333333333333333]","[0.7916666666666666, 0.8557692307692308, 0.7652930402930402, 0.8176088617265088, 0.7559523809523809, 0.8459207459207461, 0.7267857142857144, 0.803962703962704, 0.7140692640692641, 0.80625]","[0.7083333333333334, 0.8138888888888889, 0.7568181818181818, 0.7666666666666666, 0.750974025974026, 0.8222222222222222, 0.7073232323232322, 0.7749999999999999, 0.6883838383838384, 0.730050505050505]","[0.685, 0.8116883116883117, 0.7571804511278195, 0.73992673992674, 0.7431427396133279, 0.8133241758241759, 0.6984231098736347, 0.7791666666666667, 0.674908424908425, 0.719031339031339]","[0.7934782608695652, 0.8553511705685619, 0.7782290173594523, 0.8238449530009632, 0.7677248677248678, 0.8546283346283348, 0.7242857142857143, 0.7926961926961926, 0.7226743626743627, 0.8194444444444444]","[0.717391304347826, 0.8260869565217391, 0.7608695652173914, 0.7608695652173914, 0.7555555555555555, 0.8222222222222222, 0.7111111111111111, 0.7777777777777778, 0.6888888888888889, 0.7333333333333333]","[0.6978260869565218, 0.8207227555053641, 0.7654985289310232, 0.7441073419334289, 0.7517849993144111, 0.8192185592185592, 0.7021417862497323, 0.7766666666666666, 0.6812372812372812, 0.7308135485913264]","[array([[12,  0,  0,  0],
       [ 6,  3,  0,  0],
       [ 0,  0,  9,  1],
       [ 0,  0,  6,  9]]), array([[12,  0,  0,  0],
       [ 4,  5,  0,  0],
       [ 0,  0,  9,  1],
       [ 0,  0,  3, 12]]), array([[ 8,  3,  0,  0],
       [ 4,  6,  0,  0],
       [ 0,  0,  9,  1],
       [ 2,  0,  1, 12]]), array([[11,  0,  0,  0],
       [ 5,  4,  0,  1],
       [ 0,  0, 10,  0],
       [ 1,  0,  4, 10]]), array([[ 9,  2,  0,  0],
       [ 5,  5,  0,  0],
       [ 0,  0,  9,  1],
       [ 0,  0,  3, 11]]), array([[11,  0,  0,  0],
       [ 4,  6,  0,  0],
       [ 0,  0,  8,  1],
       [ 0,  0,  3, 12]]), array([[ 9,  1,  1,  0],
       [ 2,  4,  0,  3],
       [ 0,  0,  9,  1],
       [ 1,  0,  4, 10]]), array([[11,  0,  0,  0],
       [ 2,  6,  0,  1],
       [ 0,  0,  7,  3],
       [ 0,  0,  4, 11]]), array([[10,  1,  0,  0],
       [ 5,  4,  0,  0],
       [ 0,  0,  8,  2],
       [ 0,  0,  6,  9]]), array([[10,  0,  1,  0],
       [ 5,  4,  0,  0],
       [ 1,  0,  9,  0],
       [ 0,  0,  5, 10]])]"
10,"[0.813141683778234, 0.8295687885010267, 0.8148148148148148, 0.8189300411522634, 0.8302658486707567, 0.8168724279835391, 0.8213552361396304, 0.8151950718685832, 0.8234086242299795, 0.813141683778234]","[0.813141683778234, 0.8295687885010267, 0.8148148148148148, 0.8189300411522634, 0.8302658486707567, 0.8168724279835391, 0.8213552361396304, 0.8151950718685832, 0.8234086242299795, 0.813141683778234]","[0.813141683778234, 0.8295687885010267, 0.8148148148148148, 0.8189300411522634, 0.8302658486707567, 0.8168724279835391, 0.8213552361396304, 0.8151950718685832, 0.8234086242299795, 0.813141683778234]","[0.813141683778234, 0.8295687885010267, 0.8148148148148148, 0.8189300411522634, 0.8302658486707567, 0.8168724279835391, 0.8213552361396304, 0.8151950718685832, 0.8234086242299795, 0.813141683778234]","[0.836731916818338, 0.8542240823681286, 0.8524855876123771, 0.8520985958485958, 0.8511583933397527, 0.8432109604458569, 0.8464987336381566, 0.8511893131525817, 0.8429626219928811, 0.8418784538541951]","[0.7829016681299386, 0.7967515364354697, 0.7798951670220327, 0.7902896233120114, 0.8001984126984126, 0.7850923951670221, 0.7935908691834943, 0.7836918349429324, 0.793305531167691, 0.7861281826163301]","[0.7864596717305319, 0.8007441342521153, 0.7840130762107096, 0.7955545276270628, 0.8055378073130935, 0.7902065164282113, 0.7995882636193749, 0.7882476610953433, 0.7979441436339495, 0.7916897750381099]","[0.8312410562035953, 0.8465764123213135, 0.8400165934854287, 0.8414548757141349, 0.8445111614220479, 0.83425812117696, 0.8394387157359042, 0.838670623821362, 0.8378659781224457, 0.8323911926905886]","[0.813141683778234, 0.8295687885010267, 0.8148148148148148, 0.8189300411522634, 0.8302658486707567, 0.8168724279835391, 0.8213552361396304, 0.8151950718685832, 0.8234086242299795, 0.813141683778234]","[0.8026090930644234, 0.8184268089509934, 0.8022698353837064, 0.8088145956271037, 0.8210828219192968, 0.8066967691633649, 0.8134666461363573, 0.8036748156796566, 0.8142017306077592, 0.8042691021637786]","[array([[128,   4,   2,   0],
       [ 37,  41,   1,   6],
       [  1,   0, 130,   3],
       [  3,   1,  33,  97]]), array([[130,   3,   1,   0],
       [ 37,  40,   0,   8],
       [  1,   0, 130,   3],
       [  2,   0,  28, 104]]), array([[132,   1,   1,   0],
       [ 41,  37,   1,   5],
       [  1,   0, 126,   7],
       [  2,   0,  31, 101]]), array([[131,   2,   1,   0],
       [ 35,  43,   0,   6],
       [  0,   0, 130,   4],
       [  2,   0,  38,  94]]), array([[130,   4,   1,   0],
       [ 34,  43,   0,   7],
       [  0,   0, 131,   4],
       [  3,   0,  30, 102]]), array([[128,   3,   2,   1],
       [ 37,  40,   1,   6],
       [  1,   0, 127,   6],
       [  2,   0,  30, 102]]), array([[128,   4,   1,   1],
       [ 38,  44,   1,   2],
       [  1,   0, 127,   6],
       [  2,   0,  31, 101]]), array([[129,   1,   3,   1],
       [ 36,  40,   1,   8],
       [  0,   0, 130,   4],
       [  2,   0,  34,  98]]), array([[127,   5,   2,   0],
       [ 37,  42,   1,   5],
       [  0,   0, 129,   5],
       [  3,   0,  28, 103]]), array([[127,   3,   3,   1],
       [ 34,  44,   1,   6],
       [  0,   0, 129,   5],
       [  2,   0,  36,  96]])]","[0.717391304347826, 0.8043478260869565, 0.782608695652174, 0.717391304347826, 0.7333333333333333, 0.8222222222222222, 0.6888888888888889, 0.7777777777777778, 0.6888888888888889, 0.7333333333333333]","[0.717391304347826, 0.8043478260869565, 0.782608695652174, 0.717391304347826, 0.7333333333333333, 0.8222222222222222, 0.6888888888888889, 0.7777777777777778, 0.6888888888888889, 0.7333333333333333]","[0.717391304347826, 0.8043478260869565, 0.782608695652174, 0.717391304347826, 0.7333333333333333, 0.8222222222222222, 0.6888888888888889, 0.7777777777777778, 0.6888888888888889, 0.7333333333333333]","[0.717391304347826, 0.8043478260869565, 0.782608695652174, 0.717391304347826, 0.7333333333333333, 0.8222222222222222, 0.6888888888888889, 0.7777777777777778, 0.6888888888888889, 0.7333333333333333]","[0.7810160427807488, 0.8336038961038962, 0.7785547785547786, 0.7909982174688057, 0.7565996503496504, 0.8303571428571428, 0.7028846153846153, 0.8272727272727273, 0.7090201465201466, 0.8117647058823529]","[0.7083333333333334, 0.788888888888889, 0.7818181818181817, 0.7189393939393939, 0.7308441558441559, 0.8272727272727272, 0.6795454545454546, 0.7777777777777778, 0.6911616161616162, 0.7361111111111112]","[0.684973474801061, 0.7902298850574712, 0.7769423558897243, 0.6862637362637363, 0.7141706924315621, 0.8129785247432306, 0.6626851409460105, 0.7576923076923077, 0.6855072463768116, 0.7177747252747253]","[0.777028598000465, 0.828910220214568, 0.7907165298469646, 0.7994264899635742, 0.7672299922299923, 0.8484126984126985, 0.7069230769230769, 0.8304377104377105, 0.710927960927961, 0.8248366013071895]","[0.717391304347826, 0.8043478260869565, 0.782608695652174, 0.717391304347826, 0.7333333333333333, 0.8222222222222222, 0.6888888888888889, 0.7777777777777778, 0.6888888888888889, 0.7333333333333333]","[0.6959923884211741, 0.7988505747126438, 0.7832625040863026, 0.6958910654562829, 0.7223904097334048, 0.8201431683784626, 0.6735467431119605, 0.7641025641025642, 0.6863768115942028, 0.7251404151404152]","[array([[12,  0,  0,  0],
       [ 5,  3,  0,  1],
       [ 0,  0,  9,  1],
       [ 0,  0,  6,  9]]), array([[12,  0,  0,  0],
       [ 4,  5,  0,  0],
       [ 0,  0,  8,  2],
       [ 0,  0,  3, 12]]), array([[ 8,  3,  0,  0],
       [ 3,  6,  0,  1],
       [ 0,  0, 10,  0],
       [ 2,  0,  1, 12]]), array([[10,  0,  1,  0],
       [ 6,  3,  0,  1],
       [ 0,  0, 10,  0],
       [ 1,  0,  4, 10]]), array([[10,  1,  0,  0],
       [ 6,  4,  0,  0],
       [ 0,  0,  9,  1],
       [ 0,  0,  4, 10]]), array([[10,  1,  0,  0],
       [ 4,  6,  0,  0],
       [ 0,  0,  9,  0],
       [ 0,  0,  3, 12]]), array([[ 9,  1,  1,  0],
       [ 4,  3,  0,  2],
       [ 0,  0,  9,  1],
       [ 2,  0,  3, 10]]), array([[11,  0,  0,  0],
       [ 4,  4,  0,  1],
       [ 0,  0, 10,  0],
       [ 0,  0,  5, 10]]), array([[10,  1,  0,  0],
       [ 4,  5,  0,  0],
       [ 0,  0,  7,  3],
       [ 0,  0,  6,  9]]), array([[11,  0,  0,  0],
       [ 5,  4,  0,  0],
       [ 1,  0,  9,  0],
       [ 0,  0,  6,  9]])]"
11,"[0.8254620123203286, 0.8275154004106776, 0.823045267489712, 0.8292181069958847, 0.8445807770961146, 0.8251028806584362, 0.8439425051334702, 0.8295687885010267, 0.8295687885010267, 0.8151950718685832]","[0.8254620123203286, 0.8275154004106776, 0.823045267489712, 0.8292181069958847, 0.8445807770961146, 0.8251028806584362, 0.8439425051334702, 0.8295687885010267, 0.8295687885010267, 0.8151950718685832]","[0.8254620123203286, 0.8275154004106776, 0.823045267489712, 0.8292181069958847, 0.8445807770961146, 0.8251028806584362, 0.8439425051334702, 0.8295687885010267, 0.8295687885010267, 0.8151950718685832]","[0.8254620123203286, 0.8275154004106776, 0.823045267489712, 0.8292181069958847, 0.8445807770961146, 0.8251028806584362, 0.8439425051334702, 0.8295687885010267, 0.8295687885010267, 0.8151950718685832]","[0.8467940862648342, 0.8430763015163941, 0.8394331010641172, 0.8452680976113166, 0.8702138938072442, 0.8494929573797807, 0.8671279530722367, 0.8532902957156973, 0.8507669682721273, 0.8432704138149306]","[0.7973222124670765, 0.797036874451273, 0.7962420042643923, 0.8029495380241649, 0.8142857142857143, 0.7947761194029851, 0.8194907813871817, 0.8042800702370501, 0.7999780509218613, 0.7804653204565408]","[0.8028368065524778, 0.8022806002684636, 0.8028771371396481, 0.8094989686469115, 0.8212934967498091, 0.8010376403938516, 0.827264803778803, 0.8116322125363221, 0.8052750715453763, 0.7834964447922809]","[0.8416460579834726, 0.8379910956267639, 0.8332019386221539, 0.8394355166748548, 0.8612124620864207, 0.8408674042981396, 0.8577046231502461, 0.8445659106850386, 0.8443148003281677, 0.8350471084287532]","[0.8254620123203286, 0.8275154004106776, 0.823045267489712, 0.8292181069958847, 0.8445807770961146, 0.8251028806584362, 0.8439425051334702, 0.8295687885010267, 0.8295687885010267, 0.8151950718685832]","[0.8175388579764191, 0.8189745042342471, 0.8163787159559929, 0.8226694920178405, 0.8363505344004497, 0.8164568636136228, 0.8379981751458452, 0.8232368529793638, 0.8207457821849677, 0.8027640542272331]","[array([[126,   5,   2,   1],
       [ 36,  44,   1,   4],
       [  1,   0, 130,   3],
       [  4,   0,  28, 102]]), array([[128,   5,   1,   0],
       [ 37,  42,   0,   6],
       [  1,   0, 123,  10],
       [  3,   0,  21, 110]]), array([[126,   5,   3,   0],
       [ 33,  45,   1,   5],
       [  1,   0, 123,  10],
       [  2,   0,  26, 106]]), array([[127,   5,   1,   1],
       [ 33,  46,   0,   5],
       [  1,   0, 125,   8],
       [  3,   0,  26, 105]]), array([[132,   2,   1,   0],
       [ 35,  44,   0,   5],
       [  0,   0, 130,   5],
       [  3,   0,  25, 107]]), array([[128,   3,   2,   1],
       [ 36,  42,   1,   5],
       [  1,   0, 126,   7],
       [  3,   0,  26, 105]]), array([[131,   2,   0,   1],
       [ 32,  49,   1,   3],
       [  0,   0, 125,   9],
       [  3,   0,  25, 106]]), array([[127,   3,   4,   0],
       [ 32,  47,   1,   5],
       [  1,   0, 126,   7],
       [  3,   0,  27, 104]]), array([[129,   4,   1,   0],
       [ 37,  43,   0,   5],
       [  0,   0, 128,   6],
       [  3,   0,  27, 104]]), array([[129,   3,   1,   1],
       [ 43,  37,   0,   5],
       [  0,   0, 128,   6],
       [  3,   0,  28, 103]])]","[0.7391304347826086, 0.8260869565217391, 0.782608695652174, 0.782608695652174, 0.7111111111111111, 0.8, 0.7111111111111111, 0.8444444444444444, 0.7555555555555555, 0.7333333333333333]","[0.7391304347826086, 0.8260869565217391, 0.782608695652174, 0.782608695652174, 0.7111111111111111, 0.8, 0.7111111111111111, 0.8444444444444444, 0.7555555555555555, 0.7333333333333333]","[0.7391304347826086, 0.8260869565217391, 0.782608695652174, 0.782608695652174, 0.7111111111111111, 0.8, 0.7111111111111111, 0.8444444444444444, 0.7555555555555555, 0.7333333333333333]","[0.7391304347826086, 0.8260869565217391, 0.782608695652174, 0.782608695652174, 0.7111111111111111, 0.8, 0.7111111111111111, 0.8444444444444444, 0.7555555555555555, 0.7333333333333333]","[0.7895658263305322, 0.8541666666666666, 0.7897435897435898, 0.8332390648567118, 0.737987012987013, 0.8344624125874127, 0.7267857142857144, 0.8692765567765568, 0.7651098901098902, 0.7928835870012341]","[0.7166666666666667, 0.8055555555555556, 0.7795454545454545, 0.7833333333333333, 0.7081168831168831, 0.7972222222222223, 0.7073232323232322, 0.85, 0.7494949494949494, 0.7277777777777777]","[0.7033699059561129, 0.8095238095238095, 0.7822368421052632, 0.7603807223372441, 0.6939102564102564, 0.7846560846560847, 0.6984231098736347, 0.8412037037037038, 0.74491341991342, 0.7164954610606784]","[0.7809341127755449, 0.8478260869565217, 0.7887402452619845, 0.838259885894157, 0.7501298701298702, 0.8434246309246309, 0.7242857142857143, 0.871123321123321, 0.7714692714692716, 0.7979523744229627]","[0.7391304347826086, 0.8260869565217391, 0.782608695652174, 0.782608695652174, 0.7111111111111111, 0.8, 0.7111111111111111, 0.8444444444444444, 0.7555555555555555, 0.7333333333333333]","[0.7191972195720322, 0.8198757763975155, 0.783466819221968, 0.76684820115822, 0.7033048433048433, 0.793039388594944, 0.7021417862497323, 0.8408641975308642, 0.7524098124098123, 0.7261400435313479]","[array([[12,  0,  0,  0],
       [ 5,  3,  0,  1],
       [ 0,  0,  8,  2],
       [ 0,  0,  4, 11]]), array([[12,  0,  0,  0],
       [ 4,  5,  0,  0],
       [ 0,  0,  8,  2],
       [ 0,  0,  2, 13]]), array([[ 9,  2,  0,  0],
       [ 2,  7,  0,  1],
       [ 0,  0,  8,  2],
       [ 2,  0,  1, 12]]), array([[11,  0,  0,  0],
       [ 5,  4,  0,  1],
       [ 0,  0, 10,  0],
       [ 1,  0,  3, 11]]), array([[ 9,  1,  1,  0],
       [ 6,  4,  0,  0],
       [ 0,  0,  9,  1],
       [ 0,  0,  4, 10]]), array([[11,  0,  0,  0],
       [ 5,  5,  0,  0],
       [ 0,  0,  8,  1],
       [ 0,  0,  3, 12]]), array([[ 9,  1,  1,  0],
       [ 2,  4,  0,  3],
       [ 0,  0,  9,  1],
       [ 1,  0,  4, 10]]), array([[11,  0,  0,  0],
       [ 2,  6,  0,  1],
       [ 0,  0, 10,  0],
       [ 0,  0,  4, 11]]), array([[10,  1,  0,  0],
       [ 4,  5,  0,  0],
       [ 0,  0,  8,  2],
       [ 0,  0,  4, 11]]), array([[11,  0,  0,  0],
       [ 5,  4,  0,  0],
       [ 1,  0,  8,  1],
       [ 0,  0,  5, 10]])]"
12,"[0.8069815195071869, 0.8234086242299795, 0.8106995884773662, 0.8271604938271605, 0.83640081799591, 0.8189300411522634, 0.8316221765913757, 0.8008213552361396, 0.8275154004106776, 0.8090349075975359]","[0.8069815195071869, 0.8234086242299795, 0.8106995884773662, 0.8271604938271605, 0.83640081799591, 0.8189300411522634, 0.8316221765913757, 0.8008213552361396, 0.8275154004106776, 0.8090349075975359]","[0.8069815195071869, 0.8234086242299795, 0.8106995884773662, 0.8271604938271605, 0.83640081799591, 0.8189300411522634, 0.8316221765913757, 0.8008213552361396, 0.8275154004106776, 0.8090349075975359]","[0.8069815195071869, 0.8234086242299795, 0.8106995884773662, 0.8271604938271605, 0.83640081799591, 0.8189300411522634, 0.8316221765913757, 0.8008213552361396, 0.8275154004106776, 0.8090349075975359]","[0.84051747721857, 0.853891372030202, 0.8574833179002033, 0.8485481987802943, 0.8554710819520762, 0.850499997133556, 0.8665575211911418, 0.8438947174825302, 0.8555606974724622, 0.834209037507824]","[0.7773046532045654, 0.7922300263388938, 0.7750533049040512, 0.7955312722103767, 0.8057539682539683, 0.7858475479744136, 0.799692712906058, 0.7663301141352062, 0.797036874451273, 0.7759438103599648]","[0.7815628411796622, 0.7979503035632123, 0.7785023383616203, 0.8008255059667955, 0.8115144276540133, 0.7908971807485277, 0.8049547378006321, 0.7690613385026317, 0.802743319130518, 0.7789578110726821]","[0.8313311640247691, 0.8438703186357909, 0.8428211078076318, 0.8421116851660126, 0.8492736396442455, 0.8401379071066457, 0.8555266899899768, 0.8309073776077216, 0.845601245528773, 0.8271102890572083]","[0.8069815195071869, 0.8234086242299795, 0.8106995884773662, 0.8271604938271605, 0.83640081799591, 0.8189300411522634, 0.8316221765913757, 0.8008213552361396, 0.8275154004106776, 0.8090349075975359]","[0.796243113040233, 0.8137797488909276, 0.7968667764646677, 0.8178179536250376, 0.8276827707620302, 0.808067672595084, 0.8209814048984564, 0.7870612826499493, 0.8179947480693461, 0.7971222835509001]","[array([[128,   3,   2,   1],
       [ 38,  41,   1,   5],
       [  1,   0, 130,   3],
       [  2,   0,  38,  94]]), array([[127,   2,   5,   0],
       [ 37,  41,   0,   7],
       [  1,   0, 129,   4],
       [  4,   0,  26, 104]]), array([[132,   0,   1,   1],
       [ 43,  36,   0,   5],
       [  1,   0, 129,   4],
       [  2,   0,  35,  97]]), array([[128,   4,   1,   1],
       [ 39,  41,   0,   4],
       [  0,   0, 128,   6],
       [  2,   0,  27, 105]]), array([[129,   4,   1,   1],
       [ 34,  43,   1,   6],
       [  0,   0, 131,   4],
       [  3,   0,  26, 106]]), array([[130,   2,   1,   1],
       [ 40,  39,   0,   5],
       [  1,   0, 127,   6],
       [  3,   0,  29, 102]]), array([[132,   1,   0,   1],
       [ 39,  41,   0,   5],
       [  1,   0, 130,   3],
       [  2,   0,  30, 102]]), array([[129,   1,   3,   1],
       [ 43,  36,   0,   6],
       [  1,   0, 129,   4],
       [  3,   0,  35,  96]]), array([[130,   2,   2,   0],
       [ 37,  42,   0,   6],
       [  0,   0, 127,   7],
       [  3,   0,  27, 104]]), array([[128,   4,   1,   1],
       [ 42,  38,   0,   5],
       [  0,   0, 128,   6],
       [  2,   0,  32, 100]])]","[0.6521739130434783, 0.8478260869565217, 0.8043478260869565, 0.7608695652173914, 0.7111111111111111, 0.8, 0.6444444444444445, 0.8222222222222222, 0.7555555555555555, 0.7555555555555555]","[0.6521739130434783, 0.8478260869565217, 0.8043478260869565, 0.7608695652173914, 0.7111111111111111, 0.8, 0.6444444444444445, 0.8222222222222222, 0.7555555555555555, 0.7555555555555555]","[0.6521739130434783, 0.8478260869565217, 0.8043478260869565, 0.7608695652173914, 0.7111111111111111, 0.8, 0.6444444444444445, 0.8222222222222222, 0.7555555555555555, 0.7555555555555555]","[0.6521739130434783, 0.8478260869565217, 0.8043478260869565, 0.7608695652173914, 0.7111111111111111, 0.8, 0.6444444444444445, 0.8222222222222222, 0.7555555555555555, 0.7555555555555555]","[0.7382518796992481, 0.8666666666666667, 0.7987012987012987, 0.8311965811965812, 0.7419642857142857, 0.8344624125874127, 0.6555059523809523, 0.8461538461538461, 0.7689102564102565, 0.828125]","[0.6277777777777778, 0.8333333333333334, 0.7962121212121213, 0.7522727272727272, 0.712987012987013, 0.7972222222222223, 0.6351010101010102, 0.825, 0.7467171717171717, 0.7611111111111112]","[0.5768817204301074, 0.8388888888888889, 0.7892919926591325, 0.727411935058112, 0.6935185185185185, 0.7846560846560847, 0.6041666666666666, 0.8212474120082816, 0.7345207127815824, 0.7373575498575499]","[0.7292007191892774, 0.8608695652173913, 0.8094297007340485, 0.8435525826830176, 0.7534126984126985, 0.8434246309246309, 0.6636904761904763, 0.8427350427350426, 0.7823646723646724, 0.8402777777777778]","[0.6521739130434783, 0.8478260869565217, 0.8043478260869565, 0.7608695652173914, 0.7111111111111111, 0.8, 0.6444444444444445, 0.8222222222222222, 0.7555555555555555, 0.7555555555555555]","[0.6034128097241702, 0.8449275362318841, 0.7994443114577165, 0.7441429786778851, 0.6995884773662552, 0.793039388594944, 0.6185185185185185, 0.8198918794570969, 0.7478378840697683, 0.7431940487496042]","[array([[12,  0,  0,  0],
       [ 7,  1,  0,  1],
       [ 0,  0,  8,  2],
       [ 0,  0,  6,  9]]), array([[12,  0,  0,  0],
       [ 3,  6,  0,  0],
       [ 0,  0,  8,  2],
       [ 0,  0,  2, 13]]), array([[ 9,  2,  0,  0],
       [ 4,  5,  0,  1],
       [ 0,  0, 10,  0],
       [ 1,  0,  1, 13]]), array([[10,  0,  1,  0],
       [ 7,  3,  0,  0],
       [ 0,  0, 10,  0],
       [ 1,  0,  2, 12]]), array([[10,  1,  0,  0],
       [ 6,  4,  0,  0],
       [ 0,  0,  9,  1],
       [ 0,  0,  5,  9]]), array([[11,  0,  0,  0],
       [ 5,  5,  0,  0],
       [ 0,  0,  8,  1],
       [ 0,  0,  3, 12]]), array([[9, 1, 1, 0],
       [5, 2, 0, 2],
       [0, 0, 9, 1],
       [2, 0, 4, 9]]), array([[11,  0,  0,  0],
       [ 2,  6,  0,  1],
       [ 0,  0,  9,  1],
       [ 0,  0,  4, 11]]), array([[10,  1,  0,  0],
       [ 5,  4,  0,  0],
       [ 0,  0,  9,  1],
       [ 0,  0,  4, 11]]), array([[11,  0,  0,  0],
       [ 5,  4,  0,  0],
       [ 0,  0, 10,  0],
       [ 0,  0,  6,  9]])]"
13,"[0.8234086242299795, 0.8336755646817249, 0.831275720164609, 0.8251028806584362, 0.8384458077709611, 0.831275720164609, 0.8357289527720739, 0.8193018480492813, 0.8275154004106776, 0.8254620123203286]","[0.8234086242299795, 0.8336755646817249, 0.831275720164609, 0.8251028806584362, 0.8384458077709611, 0.831275720164609, 0.8357289527720739, 0.8193018480492813, 0.8275154004106776, 0.8254620123203286]","[0.8234086242299795, 0.8336755646817249, 0.831275720164609, 0.8251028806584362, 0.8384458077709611, 0.831275720164609, 0.8357289527720739, 0.8193018480492813, 0.8275154004106776, 0.8254620123203286]","[0.8234086242299795, 0.8336755646817249, 0.831275720164609, 0.8251028806584362, 0.8384458077709611, 0.831275720164609, 0.8357289527720739, 0.8193018480492813, 0.8275154004106776, 0.8254620123203286]","[0.8538937659917722, 0.8567131398013751, 0.851012439629948, 0.8496263398984727, 0.8632218447206914, 0.8540329380352722, 0.8666915142998699, 0.8458276647888845, 0.8462652121992781, 0.8523819428080524]","[0.7943810359964881, 0.801558384547849, 0.8014836531627576, 0.8003287135749821, 0.8042328042328042, 0.8003731343283582, 0.8088015803336259, 0.7863476733977174, 0.7959613696224758, 0.7994732221246708]","[0.8010468969325985, 0.8064151909709624, 0.8077213678370248, 0.8073460711810143, 0.809597163347194, 0.80609940046588, 0.8160384786130852, 0.7908044199574832, 0.8010924607379982, 0.8058505452535303]","[0.8436649617030137, 0.8491563696600538, 0.8444403020382476, 0.840328638241937, 0.8562329973089102, 0.8458744611527559, 0.8554193118197528, 0.8375023168928996, 0.8397406761691348, 0.8436893662117374]","[0.8234086242299795, 0.8336755646817249, 0.831275720164609, 0.8251028806584362, 0.8384458077709611, 0.831275720164609, 0.8357289527720739, 0.8193018480492813, 0.8275154004106776, 0.8254620123203286]","[0.8150836799599347, 0.8235960072663868, 0.8232802997525294, 0.8182363524431112, 0.8283363680071908, 0.8220393808947077, 0.8280187051028718, 0.8085763468341572, 0.8182297056424532, 0.8178523638831954]","[array([[127,   2,   4,   1],
       [ 37,  43,   0,   5],
       [  1,   0, 128,   5],
       [  4,   0,  27, 103]]), array([[130,   3,   1,   0],
       [ 37,  41,   0,   7],
       [  1,   0, 128,   5],
       [  2,   0,  25, 107]]), array([[128,   4,   2,   0],
       [ 37,  43,   0,   4],
       [  0,   0, 126,   8],
       [  2,   0,  25, 107]]), array([[129,   3,   1,   1],
       [ 32,  47,   0,   5],
       [  1,   0, 126,   7],
       [  4,   0,  31,  99]]), array([[131,   3,   1,   0],
       [ 39,  40,   1,   4],
       [  0,   0, 131,   4],
       [  3,   0,  24, 108]]), array([[129,   3,   1,   1],
       [ 36,  42,   0,   6],
       [  0,   0, 128,   6],
       [  2,   0,  27, 105]]), array([[132,   1,   0,   1],
       [ 35,  46,   0,   4],
       [  1,   0, 127,   6],
       [  2,   0,  30, 102]]), array([[129,   3,   2,   0],
       [ 41,  39,   0,   5],
       [  0,   0, 126,   8],
       [  4,   0,  25, 105]]), array([[128,   4,   2,   0],
       [ 38,  41,   0,   6],
       [  0,   0, 124,  10],
       [  3,   0,  21, 110]]), array([[128,   3,   2,   1],
       [ 35,  46,   0,   4],
       [  0,   0, 129,   5],
       [  3,   0,  32,  99]])]","[0.6739130434782609, 0.8260869565217391, 0.6956521739130435, 0.8043478260869565, 0.6888888888888889, 0.8222222222222222, 0.7111111111111111, 0.8, 0.6888888888888889, 0.7777777777777778]","[0.6739130434782609, 0.8260869565217391, 0.6956521739130435, 0.8043478260869565, 0.6888888888888889, 0.8222222222222222, 0.7111111111111111, 0.8, 0.6888888888888889, 0.7777777777777778]","[0.6739130434782609, 0.8260869565217391, 0.6956521739130435, 0.8043478260869565, 0.6888888888888889, 0.8222222222222222, 0.7111111111111111, 0.8, 0.6888888888888889, 0.7777777777777778]","[0.6739130434782609, 0.8260869565217391, 0.6956521739130435, 0.8043478260869565, 0.6888888888888889, 0.8222222222222222, 0.7111111111111111, 0.8, 0.6888888888888889, 0.7777777777777778]","[0.7470238095238095, 0.8461038961038961, 0.7135416666666666, 0.8397435897435896, 0.6909746503496503, 0.8425324675324676, 0.7260989010989011, 0.8310439560439561, 0.7090201465201466, 0.8385416666666666]","[0.6555555555555556, 0.8166666666666667, 0.6795454545454546, 0.8022727272727272, 0.6831168831168831, 0.8222222222222222, 0.7073232323232322, 0.7972222222222223, 0.6911616161616162, 0.7777777777777778]","[0.6242424242424242, 0.8195949644225506, 0.6796594982078852, 0.7906513776078994, 0.6623188405797102, 0.8143965517241378, 0.6964285714285714, 0.7906521739130434, 0.6855072463768116, 0.7575498575498576]","[0.7383540372670808, 0.8419536984754376, 0.7142210144927535, 0.8450390189520626, 0.70750777000777, 0.8454545454545455, 0.7284981684981686, 0.827960927960928, 0.710927960927961, 0.849537037037037]","[0.6739130434782609, 0.8260869565217391, 0.6956521739130435, 0.8043478260869565, 0.6888888888888889, 0.8222222222222222, 0.7111111111111111, 0.8, 0.6888888888888889, 0.7777777777777778]","[0.6421607378129117, 0.8239023345470123, 0.6896524855851645, 0.7974130469404571, 0.6746537842190017, 0.8176398467432949, 0.7023809523809524, 0.7937860593512767, 0.6863768115942028, 0.7666983222538778]","[array([[12,  0,  0,  0],
       [ 6,  2,  0,  1],
       [ 0,  0,  8,  2],
       [ 0,  0,  6,  9]]), array([[12,  0,  0,  0],
       [ 3,  6,  0,  0],
       [ 0,  0,  8,  2],
       [ 0,  0,  3, 12]]), array([[ 9,  2,  0,  0],
       [ 5,  4,  0,  1],
       [ 0,  0,  7,  3],
       [ 2,  0,  1, 12]]), array([[10,  0,  1,  0],
       [ 4,  5,  0,  1],
       [ 0,  0, 10,  0],
       [ 1,  0,  2, 12]]), array([[ 9,  2,  0,  0],
       [ 7,  3,  0,  0],
       [ 0,  0,  9,  1],
       [ 0,  0,  4, 10]]), array([[11,  0,  0,  0],
       [ 3,  6,  0,  1],
       [ 0,  0,  8,  1],
       [ 0,  0,  3, 12]]), array([[ 9,  1,  1,  0],
       [ 3,  4,  0,  2],
       [ 0,  0,  9,  1],
       [ 1,  0,  4, 10]]), array([[11,  0,  0,  0],
       [ 3,  5,  0,  1],
       [ 0,  0,  9,  1],
       [ 0,  0,  4, 11]]), array([[10,  1,  0,  0],
       [ 4,  5,  0,  0],
       [ 0,  0,  7,  3],
       [ 0,  0,  6,  9]]), array([[11,  0,  0,  0],
       [ 5,  4,  0,  0],
       [ 0,  0, 10,  0],
       [ 0,  0,  5, 10]])]"
14,"[0.8234086242299795, 0.8151950718685832, 0.8271604938271605, 0.8045267489711934, 0.8179959100204499, 0.8189300411522634, 0.8254620123203286, 0.8008213552361396, 0.811088295687885, 0.8008213552361396]","[0.8234086242299795, 0.8151950718685832, 0.8271604938271605, 0.8045267489711934, 0.8179959100204499, 0.8189300411522634, 0.8254620123203286, 0.8008213552361396, 0.811088295687885, 0.8008213552361396]","[0.8234086242299795, 0.8151950718685832, 0.8271604938271605, 0.8045267489711934, 0.8179959100204499, 0.8189300411522634, 0.8254620123203286, 0.8008213552361396, 0.811088295687885, 0.8008213552361396]","[0.8234086242299795, 0.8151950718685832, 0.8271604938271605, 0.8045267489711934, 0.8179959100204499, 0.8189300411522634, 0.8254620123203286, 0.8008213552361396, 0.811088295687885, 0.8008213552361396]","[0.848322936012826, 0.8421628731332852, 0.855100000334114, 0.8410832869461616, 0.8492316781284392, 0.843014412925885, 0.8487361004376663, 0.8364711038919184, 0.834064710809151, 0.8223349680960723]","[0.7933055311676911, 0.7847673397717295, 0.7977523098791754, 0.7716773276474769, 0.7868386243386243, 0.7847370291400142, 0.7983977172958736, 0.7684811237928008, 0.784262510974539, 0.7684811237928006]","[0.7983852821045749, 0.7883081538294956, 0.8042214484983241, 0.775858338091, 0.791763147144823, 0.7885714771466364, 0.8040633473761665, 0.7716785946537237, 0.7890294252122849, 0.7712901774058301]","[0.8418110128708257, 0.8352255760882884, 0.846902201119964, 0.8298778637924745, 0.8406183617926992, 0.8366617903090104, 0.8417300817958708, 0.8250482786161566, 0.8276359034778336, 0.816158557121354]","[0.8234086242299795, 0.8151950718685832, 0.8271604938271605, 0.8045267489711934, 0.8179959100204499, 0.8189300411522634, 0.8254620123203286, 0.8008213552361396, 0.811088295687885, 0.8008213552361396]","[0.8141984884595646, 0.8041590927000356, 0.8189007681444005, 0.7926232673383815, 0.807526021386921, 0.807645229612895, 0.8173870768633084, 0.7881472828221684, 0.8023422329284862, 0.7891535628121662]","[array([[126,   4,   3,   1],
       [ 37,  42,   1,   5],
       [  1,   0, 131,   2],
       [  2,   0,  30, 102]]), array([[129,   4,   1,   0],
       [ 37,  41,   0,   7],
       [  1,   0, 131,   2],
       [  3,   0,  35,  96]]), array([[129,   3,   2,   0],
       [ 36,  43,   1,   4],
       [  2,   0, 128,   4],
       [  2,   0,  30, 102]]), array([[129,   2,   2,   1],
       [ 41,  38,   0,   5],
       [  1,   0, 128,   5],
       [  3,   0,  35,  96]]), array([[130,   3,   2,   0],
       [ 38,  41,   0,   5],
       [  0,   0, 132,   3],
       [  3,   0,  35,  97]]), array([[129,   4,   1,   0],
       [ 40,  38,   1,   5],
       [  1,   0, 128,   5],
       [  3,   0,  28, 103]]), array([[129,   4,   0,   1],
       [ 35,  45,   1,   4],
       [  1,   0, 128,   5],
       [  2,   0,  32, 100]]), array([[128,   2,   3,   1],
       [ 40,  38,   0,   7],
       [  0,   0, 129,   5],
       [  2,   0,  37,  95]]), array([[125,   5,   3,   1],
       [ 34,  44,   1,   6],
       [  0,   0, 130,   4],
       [  2,   0,  36,  96]]), array([[126,   5,   2,   1],
       [ 41,  38,   0,   6],
       [  0,   0, 127,   7],
       [  2,   0,  33,  99]])]","[0.6521739130434783, 0.8478260869565217, 0.7391304347826086, 0.7391304347826086, 0.7555555555555555, 0.8222222222222222, 0.6888888888888889, 0.8, 0.7777777777777778, 0.8]","[0.6521739130434783, 0.8478260869565217, 0.7391304347826086, 0.7391304347826086, 0.7555555555555555, 0.8222222222222222, 0.6888888888888889, 0.8, 0.7777777777777778, 0.8]","[0.6521739130434783, 0.8478260869565217, 0.7391304347826086, 0.7391304347826086, 0.7555555555555555, 0.8222222222222222, 0.6888888888888889, 0.8, 0.7777777777777778, 0.8]","[0.6521739130434783, 0.8478260869565217, 0.7391304347826086, 0.7391304347826086, 0.7555555555555555, 0.8222222222222222, 0.6888888888888889, 0.8, 0.7777777777777778, 0.8]","[0.7318181818181817, 0.8682692307692308, 0.7383241758241759, 0.804796918767507, 0.7768665158371041, 0.8425324675324676, 0.7012362637362637, 0.8427884615384615, 0.8035714285714286, 0.8504464285714286]","[0.6388888888888888, 0.8416666666666666, 0.7378787878787879, 0.7356060606060606, 0.7487012987012986, 0.8222222222222222, 0.6795454545454546, 0.8166666666666667, 0.7828282828282828, 0.7944444444444445]","[0.6047552447552448, 0.841053391053391, 0.7280328495034377, 0.705993080993081, 0.7231055900621117, 0.8143965517241378, 0.661456043956044, 0.8014743589743589, 0.7666666666666666, 0.7774216524216525]","[0.7226613965744401, 0.8683946488294315, 0.7479694218824654, 0.8122488125685056, 0.7925087983911513, 0.8454545454545455, 0.7064102564102565, 0.8457264957264957, 0.8227513227513228, 0.8601190476190476]","[0.6521739130434783, 0.8478260869565217, 0.7391304347826086, 0.7391304347826086, 0.7555555555555555, 0.8222222222222222, 0.6888888888888889, 0.8, 0.7777777777777778, 0.8]","[0.6196412283368806, 0.8457745153397326, 0.7341279436675856, 0.7180018049583268, 0.736855762594893, 0.8176398467432949, 0.6730695970695971, 0.7950142450142449, 0.7733333333333333, 0.7894903450459005]","[array([[12,  0,  0,  0],
       [ 6,  2,  0,  1],
       [ 0,  0,  8,  2],
       [ 0,  0,  7,  8]]), array([[12,  0,  0,  0],
       [ 3,  6,  0,  0],
       [ 0,  0,  9,  1],
       [ 0,  0,  3, 12]]), array([[ 9,  2,  0,  0],
       [ 4,  5,  0,  1],
       [ 0,  0,  9,  1],
       [ 1,  0,  3, 11]]), array([[10,  0,  1,  0],
       [ 6,  3,  0,  1],
       [ 0,  0, 10,  0],
       [ 1,  0,  3, 11]]), array([[10,  1,  0,  0],
       [ 7,  3,  0,  0],
       [ 0,  0, 10,  0],
       [ 0,  0,  3, 11]]), array([[11,  0,  0,  0],
       [ 3,  6,  0,  1],
       [ 0,  0,  8,  1],
       [ 0,  0,  3, 12]]), array([[ 9,  1,  1,  0],
       [ 4,  3,  0,  2],
       [ 0,  0,  9,  1],
       [ 1,  0,  4, 10]]), array([[11,  0,  0,  0],
       [ 2,  6,  0,  1],
       [ 0,  0, 10,  0],
       [ 0,  0,  6,  9]]), array([[10,  1,  0,  0],
       [ 4,  5,  0,  0],
       [ 0,  0, 10,  0],
       [ 0,  0,  5, 10]]), array([[11,  0,  0,  0],
       [ 5,  4,  0,  0],
       [ 0,  0, 10,  0],
       [ 0,  0,  4, 11]])]"
15,"[0.8151950718685832, 0.8275154004106776, 0.8333333333333334, 0.8106995884773662, 0.8404907975460123, 0.808641975308642, 0.8316221765913757, 0.8295687885010267, 0.8090349075975359, 0.8357289527720739]","[0.8151950718685832, 0.8275154004106776, 0.8333333333333334, 0.8106995884773662, 0.8404907975460123, 0.808641975308642, 0.8316221765913757, 0.8295687885010267, 0.8090349075975359, 0.8357289527720739]","[0.8151950718685832, 0.8275154004106776, 0.8333333333333334, 0.8106995884773662, 0.8404907975460123, 0.808641975308642, 0.8316221765913757, 0.8295687885010267, 0.8090349075975359, 0.8357289527720739]","[0.8151950718685832, 0.8275154004106776, 0.8333333333333334, 0.8106995884773662, 0.8404907975460123, 0.808641975308642, 0.8316221765913757, 0.8295687885010267, 0.8090349075975359, 0.8357289527720739]","[0.8448969978084924, 0.8547878474854793, 0.8569382637165837, 0.8363977432690487, 0.8650492725133183, 0.8305658123714601, 0.85708239579985, 0.8466899345550577, 0.835846415796596, 0.8540184453227931]","[0.7826163301141352, 0.797036874451273, 0.8044598436389482, 0.7828269367448473, 0.8072089947089947, 0.775408670931059, 0.8018437225636523, 0.8032045654082529, 0.7727172958735733, 0.8044995610184372]","[0.7859642613058024, 0.8016542884232942, 0.8109523548549527, 0.7894909549514812, 0.8132350334758858, 0.7801761883298413, 0.8079468142356161, 0.8086611134338919, 0.7741187692397566, 0.809416281682583]","[0.8386507810271778, 0.8468849135911367, 0.8487868286291996, 0.8262758435338013, 0.8558255627412018, 0.8229324695329371, 0.847174418740241, 0.8411288018277996, 0.8296495275002392, 0.8480795816390854]","[0.8151950718685832, 0.8275154004106776, 0.8333333333333334, 0.8106995884773662, 0.8404907975460123, 0.808641975308642, 0.8316221765913757, 0.8295687885010267, 0.8090349075975359, 0.8357289527720739]","[0.8037319693221974, 0.817300123477099, 0.8252729957668982, 0.8026547917223682, 0.8307112151711873, 0.7983862279548658, 0.8226778394556583, 0.8219615974887816, 0.7952081519300389, 0.8263393832723207]","[array([[128,   4,   2,   0],
       [ 41,  39,   1,   4],
       [  0,   0, 132,   2],
       [  4,   0,  32,  98]]), array([[130,   3,   1,   0],
       [ 36,  42,   1,   6],
       [  0,   0, 131,   3],
       [  4,   0,  30, 100]]), array([[129,   3,   2,   0],
       [ 34,  44,   0,   6],
       [  1,   0, 128,   5],
       [  2,   0,  28, 104]]), array([[129,   3,   1,   1],
       [ 36,  43,   0,   5],
       [  2,   0, 121,  11],
       [  3,   0,  30, 101]]), array([[132,   2,   1,   0],
       [ 36,  41,   0,   7],
       [  0,   0, 128,   7],
       [  3,   0,  22, 110]]), array([[127,   4,   3,   0],
       [ 40,  38,   0,   6],
       [  1,   0, 121,  12],
       [  4,   0,  23, 107]]), array([[131,   2,   0,   1],
       [ 36,  43,   0,   6],
       [  0,   0, 125,   9],
       [  3,   0,  25, 106]]), array([[126,   5,   2,   1],
       [ 32,  46,   0,   7],
       [  0,   0, 130,   4],
       [  3,   0,  29, 102]]), array([[129,   4,   1,   0],
       [ 44,  35,   0,   6],
       [  1,   0, 129,   4],
       [  4,   0,  29, 101]]), array([[127,   4,   2,   1],
       [ 36,  42,   0,   7],
       [  0,   0, 130,   4],
       [  2,   0,  24, 108]])]","[0.7391304347826086, 0.8043478260869565, 0.782608695652174, 0.782608695652174, 0.7555555555555555, 0.7777777777777778, 0.7111111111111111, 0.8222222222222222, 0.7777777777777778, 0.7777777777777778]","[0.7391304347826086, 0.8043478260869565, 0.782608695652174, 0.782608695652174, 0.7555555555555555, 0.7777777777777778, 0.7111111111111111, 0.8222222222222222, 0.7777777777777778, 0.7777777777777778]","[0.7391304347826086, 0.8043478260869565, 0.782608695652174, 0.782608695652174, 0.7555555555555555, 0.7777777777777778, 0.7111111111111111, 0.8222222222222222, 0.7777777777777778, 0.7777777777777778]","[0.7391304347826086, 0.8043478260869565, 0.782608695652174, 0.782608695652174, 0.7555555555555555, 0.7777777777777778, 0.7111111111111111, 0.8222222222222222, 0.7777777777777778, 0.7777777777777778]","[0.7955182072829132, 0.8503787878787878, 0.780952380952381, 0.8305958747135218, 0.8256302521008404, 0.8349206349206351, 0.7028388278388278, 0.8554778554778555, 0.7891483516483516, 0.8385416666666666]","[0.725, 0.7972222222222223, 0.7712121212121212, 0.7749999999999999, 0.7487012987012986, 0.763888888888889, 0.7012626262626263, 0.8333333333333333, 0.7744949494949495, 0.7777777777777778]","[0.704581736909323, 0.7965608465608466, 0.7687254901960784, 0.7604679802955665, 0.7222893772893773, 0.7397040346223649, 0.6925537231384307, 0.8214743589743589, 0.7660225442834139, 0.7575498575498576]","[0.791286079649251, 0.8463438735177865, 0.7872670807453417, 0.8294914803866209, 0.8358543417366946, 0.8411287477954144, 0.712047212047212, 0.8580160580160578, 0.8006715506715507, 0.849537037037037]","[0.7391304347826086, 0.8043478260869565, 0.782608695652174, 0.782608695652174, 0.7555555555555555, 0.7777777777777778, 0.7111111111111111, 0.8222222222222222, 0.7777777777777778, 0.7777777777777778]","[0.7183075129102116, 0.8004830917874396, 0.7783120204603581, 0.7683122724352109, 0.7361302401302402, 0.7552763429351452, 0.7035015825420623, 0.8182621082621082, 0.7744068706387547, 0.7666983222538778]","[array([[12,  0,  0,  0],
       [ 5,  3,  0,  1],
       [ 0,  0,  9,  1],
       [ 0,  0,  5, 10]]), array([[12,  0,  0,  0],
       [ 4,  5,  0,  0],
       [ 0,  0,  9,  1],
       [ 2,  0,  2, 11]]), array([[ 9,  2,  0,  0],
       [ 4,  5,  0,  1],
       [ 0,  0,  9,  1],
       [ 1,  0,  1, 13]]), array([[11,  0,  0,  0],
       [ 5,  4,  0,  1],
       [ 0,  0,  9,  1],
       [ 1,  0,  2, 12]]), array([[10,  0,  1,  0],
       [ 7,  3,  0,  0],
       [ 0,  0, 10,  0],
       [ 0,  0,  3, 11]]), array([[11,  0,  0,  0],
       [ 7,  3,  0,  0],
       [ 0,  0,  8,  1],
       [ 0,  0,  2, 13]]), array([[ 8,  2,  1,  0],
       [ 3,  4,  0,  2],
       [ 0,  0,  9,  1],
       [ 1,  0,  3, 11]]), array([[11,  0,  0,  0],
       [ 2,  6,  0,  1],
       [ 0,  0, 10,  0],
       [ 0,  0,  5, 10]]), array([[10,  1,  0,  0],
       [ 4,  5,  0,  0],
       [ 0,  0,  9,  1],
       [ 0,  0,  4, 11]]), array([[11,  0,  0,  0],
       [ 5,  4,  0,  0],
       [ 0,  0, 10,  0],
       [ 0,  0,  5, 10]])]"
16,"[0.811088295687885, 0.8172484599589322, 0.8148148148148148, 0.8024691358024691, 0.8241308793456033, 0.8106995884773662, 0.8213552361396304, 0.8049281314168378, 0.8234086242299795, 0.8028747433264887]","[0.811088295687885, 0.8172484599589322, 0.8148148148148148, 0.8024691358024691, 0.8241308793456033, 0.8106995884773662, 0.8213552361396304, 0.8049281314168378, 0.8234086242299795, 0.8028747433264887]","[0.811088295687885, 0.8172484599589322, 0.8148148148148148, 0.8024691358024691, 0.8241308793456033, 0.8106995884773662, 0.8213552361396304, 0.8049281314168378, 0.8234086242299795, 0.8028747433264887]","[0.811088295687885, 0.8172484599589322, 0.8148148148148148, 0.8024691358024691, 0.8241308793456033, 0.8106995884773662, 0.8213552361396304, 0.8049281314168378, 0.8234086242299795, 0.8028747433264887]","[0.8402038132807363, 0.8386389777694125, 0.8478230225420276, 0.8350187656380317, 0.8515294608251975, 0.8442538173603642, 0.8608458924769901, 0.842326141449337, 0.8492995135307732, 0.8319335763995206]","[0.7810359964881475, 0.7866330114135206, 0.781005685856432, 0.7642590618336886, 0.7935185185185185, 0.7772743425728501, 0.7871378402107112, 0.7700614574187884, 0.7890035118525023, 0.7703467954345917]","[0.785115554218641, 0.789951963413122, 0.785169734984251, 0.7650466209547556, 0.7987469818274241, 0.7815456413720483, 0.7909263569983127, 0.7722659017033933, 0.7924492456433896, 0.772381882698797]","[0.8330694034374337, 0.8333399980306507, 0.8396948079586268, 0.8266187758202709, 0.8429977686004225, 0.8333745804632823, 0.8494246583656611, 0.8317572057192316, 0.8414987784520596, 0.8246058801166526]","[0.811088295687885, 0.8172484599589322, 0.8148148148148148, 0.8024691358024691, 0.8241308793456033, 0.8106995884773662, 0.8213552361396304, 0.8049281314168378, 0.8234086242299795, 0.8028747433264887]","[0.80064526643429, 0.8064527652243173, 0.8033970739744005, 0.7871707589130638, 0.81413919808022, 0.7988956841257103, 0.8088383352907177, 0.7910710400077012, 0.8114933061792633, 0.7898847114597246]","[array([[127,   4,   3,   0],
       [ 38,  41,   1,   5],
       [  0,   0, 131,   3],
       [  4,   0,  34,  96]]), array([[128,   5,   1,   0],
       [ 36,  41,   1,   7],
       [  0,   0, 131,   3],
       [  4,   0,  32,  98]]), array([[129,   3,   2,   0],
       [ 42,  38,   0,   4],
       [  1,   0, 130,   3],
       [  4,   0,  31,  99]]), array([[128,   3,   2,   1],
       [ 46,  33,   0,   5],
       [  0,   0, 130,   4],
       [  2,   0,  33,  99]]), array([[131,   3,   1,   0],
       [ 36,  42,   0,   6],
       [  0,   0, 131,   4],
       [  3,   0,  33,  99]]), array([[128,   2,   3,   1],
       [ 40,  38,   0,   6],
       [  0,   0, 129,   5],
       [  3,   0,  32,  99]]), array([[131,   1,   1,   1],
       [ 42,  38,   1,   4],
       [  0,   0, 131,   3],
       [  3,   0,  31, 100]]), array([[128,   2,   3,   1],
       [ 43,  36,   0,   6],
       [  0,   0, 131,   3],
       [  3,   0,  34,  97]]), array([[130,   3,   1,   0],
       [ 41,  38,   0,   6],
       [  0,   0, 128,   6],
       [  3,   0,  26, 105]]), array([[128,   4,   1,   1],
       [ 41,  38,   0,   6],
       [  0,   0, 131,   3],
       [  2,   0,  38,  94]])]","[0.6956521739130435, 0.8260869565217391, 0.6956521739130435, 0.7608695652173914, 0.7111111111111111, 0.8, 0.6888888888888889, 0.8222222222222222, 0.7555555555555555, 0.7555555555555555]","[0.6956521739130435, 0.8260869565217391, 0.6956521739130435, 0.7608695652173914, 0.7111111111111111, 0.8, 0.6888888888888889, 0.8222222222222222, 0.7555555555555555, 0.7555555555555555]","[0.6956521739130435, 0.8260869565217391, 0.6956521739130435, 0.7608695652173914, 0.7111111111111111, 0.8, 0.6888888888888889, 0.8222222222222222, 0.7555555555555555, 0.7555555555555555]","[0.6956521739130435, 0.8260869565217391, 0.6956521739130435, 0.7608695652173914, 0.7111111111111111, 0.8, 0.6888888888888889, 0.8222222222222222, 0.7555555555555555, 0.7555555555555555]","[0.7712121212121212, 0.8601827094474154, 0.7037202380952381, 0.8139880952380952, 0.7275910364145658, 0.8294372294372295, 0.6845238095238095, 0.8554778554778555, 0.774891774891775, 0.8224789915966386]","[0.6805555555555556, 0.825, 0.687878787878788, 0.7606060606060606, 0.700974025974026, 0.7972222222222223, 0.6684343434343435, 0.8333333333333333, 0.7578282828282827, 0.7527777777777778]","[0.643986013986014, 0.824885969713556, 0.6813218390804597, 0.7400793650793651, 0.665970695970696, 0.785101679929266, 0.6404885057471263, 0.8214743589743589, 0.746474358974359, 0.7377747252747253]","[0.766798418972332, 0.8565740525459195, 0.7095626293995858, 0.8210403726708073, 0.7474011826953003, 0.8326503126503126, 0.6952380952380952, 0.8580160580160578, 0.7871572871572871, 0.8343604108309991]","[0.6956521739130435, 0.8260869565217391, 0.6956521739130435, 0.7608695652173914, 0.7111111111111111, 0.8, 0.6888888888888889, 0.8222222222222222, 0.7555555555555555, 0.7555555555555555]","[0.6621161447248404, 0.8244496799219437, 0.6894052973513243, 0.7482171612606395, 0.6844818884818886, 0.7908478239512723, 0.6622068965517242, 0.8182621082621082, 0.7519658119658119, 0.7484737484737484]","[array([[12,  0,  0,  0],
       [ 6,  2,  0,  1],
       [ 0,  0,  9,  1],
       [ 0,  0,  6,  9]]), array([[12,  0,  0,  0],
       [ 3,  6,  0,  0],
       [ 0,  0,  9,  1],
       [ 2,  0,  2, 11]]), array([[ 9,  2,  0,  0],
       [ 5,  4,  0,  1],
       [ 0,  0,  8,  2],
       [ 2,  0,  2, 11]]), array([[10,  0,  1,  0],
       [ 5,  4,  0,  1],
       [ 0,  0, 10,  0],
       [ 1,  0,  3, 11]]), array([[ 9,  1,  1,  0],
       [ 8,  2,  0,  0],
       [ 0,  0, 10,  0],
       [ 0,  0,  3, 11]]), array([[11,  0,  0,  0],
       [ 4,  5,  0,  1],
       [ 0,  0,  8,  1],
       [ 0,  0,  3, 12]]), array([[ 9,  1,  1,  0],
       [ 5,  2,  0,  2],
       [ 0,  0,  9,  1],
       [ 0,  0,  4, 11]]), array([[11,  0,  0,  0],
       [ 2,  6,  0,  1],
       [ 0,  0, 10,  0],
       [ 0,  0,  5, 10]]), array([[10,  1,  0,  0],
       [ 4,  5,  0,  0],
       [ 0,  0,  9,  1],
       [ 0,  0,  5, 10]]), array([[11,  0,  0,  0],
       [ 5,  4,  0,  0],
       [ 1,  0,  9,  0],
       [ 0,  0,  5, 10]])]"
17,"[0.8295687885010267, 0.8213552361396304, 0.8065843621399177, 0.8065843621399177, 0.8404907975460123, 0.8065843621399177, 0.8336755646817249, 0.8254620123203286, 0.811088295687885, 0.7946611909650924]","[0.8295687885010267, 0.8213552361396304, 0.8065843621399177, 0.8065843621399177, 0.8404907975460123, 0.8065843621399177, 0.8336755646817249, 0.8254620123203286, 0.811088295687885, 0.7946611909650924]","[0.8295687885010267, 0.8213552361396304, 0.8065843621399177, 0.8065843621399177, 0.8404907975460123, 0.8065843621399177, 0.8336755646817249, 0.8254620123203286, 0.811088295687885, 0.7946611909650924]","[0.8295687885010267, 0.8213552361396304, 0.8065843621399177, 0.8065843621399177, 0.8404907975460123, 0.8065843621399177, 0.8336755646817249, 0.8254620123203286, 0.811088295687885, 0.7946611909650924]","[0.8519644365568533, 0.8426503774557667, 0.8305538928099904, 0.8327271876886521, 0.8591547173568965, 0.8404727765374501, 0.8570633077792521, 0.850466395732414, 0.8390908120424779, 0.8250921894146402]","[0.8010535557506585, 0.7882133450395084, 0.7691009239516702, 0.7713219616204691, 0.8117063492063492, 0.7757640369580667, 0.8026338893766461, 0.7940956979806848, 0.7778094820017559, 0.7628841088674275]","[0.8069551770320049, 0.7906251233050723, 0.7701232282028532, 0.7739281945664509, 0.8183402260723871, 0.7808236810859028, 0.8081436382576795, 0.7984750319637379, 0.7812079011678587, 0.7653235432059053]","[0.845454355909254, 0.8382521234794101, 0.8263109937374717, 0.8258061164632046, 0.8529791670324061, 0.8289595897222751, 0.849389321635207, 0.8422811030872341, 0.8302629180871186, 0.8170761400265172]","[0.8295687885010267, 0.8213552361396304, 0.8065843621399177, 0.8065843621399177, 0.8404907975460123, 0.8065843621399177, 0.8336755646817249, 0.8254620123203286, 0.811088295687885, 0.7946611909650924]","[0.8215747890299298, 0.8093370823712004, 0.7924769010163889, 0.7938132802944478, 0.8331133821750518, 0.795834282543235, 0.8244424058410222, 0.8148569410900578, 0.7991209024033197, 0.782116189964468]","[array([[125,   4,   4,   1],
       [ 36,  44,   0,   5],
       [  0,   0, 131,   3],
       [  3,   0,  27, 104]]), array([[128,   5,   1,   0],
       [ 38,  39,   1,   7],
       [  0,   0, 133,   1],
       [  2,   0,  32, 100]]), array([[127,   5,   2,   0],
       [ 45,  34,   0,   5],
       [  0,   0, 131,   3],
       [  3,   0,  31, 100]]), array([[128,   4,   1,   1],
       [ 42,  36,   0,   6],
       [  2,   0, 128,   4],
       [  1,   0,  33, 100]]), array([[130,   4,   1,   0],
       [ 33,  45,   0,   6],
       [  1,   0, 129,   5],
       [  4,   0,  24, 107]]), array([[129,   2,   2,   1],
       [ 38,  40,   0,   6],
       [  1,   0, 127,   6],
       [  3,   0,  35,  96]]), array([[130,   3,   0,   1],
       [ 39,  42,   0,   4],
       [  0,   0, 127,   7],
       [  2,   0,  25, 107]]), array([[129,   3,   1,   1],
       [ 37,  41,   0,   7],
       [  0,   0, 130,   4],
       [  2,   0,  30, 102]]), array([[128,   3,   2,   1],
       [ 41,  38,   0,   6],
       [  0,   0, 128,   6],
       [  2,   0,  31, 101]]), array([[126,   4,   3,   1],
       [ 41,  38,   0,   6],
       [  0,   0, 130,   4],
       [  2,   0,  39,  93]])]","[0.7391304347826086, 0.8043478260869565, 0.7391304347826086, 0.7391304347826086, 0.7333333333333333, 0.8222222222222222, 0.7111111111111111, 0.8444444444444444, 0.8, 0.7555555555555555]","[0.7391304347826086, 0.8043478260869565, 0.7391304347826086, 0.7391304347826086, 0.7333333333333333, 0.8222222222222222, 0.7111111111111111, 0.8444444444444444, 0.8, 0.7555555555555555]","[0.7391304347826086, 0.8043478260869565, 0.7391304347826086, 0.7391304347826086, 0.7333333333333333, 0.8222222222222222, 0.7111111111111111, 0.8444444444444444, 0.8, 0.7555555555555555]","[0.7391304347826086, 0.8043478260869565, 0.7391304347826086, 0.7391304347826086, 0.7333333333333333, 0.8222222222222222, 0.7111111111111111, 0.8444444444444444, 0.8, 0.7555555555555555]","[0.7955182072829132, 0.8351190476190476, 0.7631427396133279, 0.804796918767507, 0.7478632478632479, 0.8459207459207461, 0.7177197802197801, 0.8692765567765568, 0.8154761904761905, 0.828125]","[0.725, 0.7930555555555556, 0.7356060606060606, 0.7356060606060606, 0.7237012987012987, 0.8222222222222222, 0.6962121212121213, 0.85, 0.7994949494949495, 0.7611111111111112]","[0.704581736909323, 0.7937171385447247, 0.7226190476190476, 0.705993080993081, 0.6867281743743513, 0.8133241758241759, 0.680691961711452, 0.8412037037037038, 0.7865384615384616, 0.7373575498575499]","[0.791286079649251, 0.829503105590062, 0.7683633502047824, 0.8122488125685056, 0.7660018993352327, 0.8546283346283348, 0.7228937728937729, 0.871123321123321, 0.8333333333333334, 0.8402777777777778]","[0.7391304347826086, 0.8043478260869565, 0.7391304347826086, 0.7391304347826086, 0.7333333333333333, 0.8222222222222222, 0.7111111111111111, 0.8444444444444444, 0.8, 0.7555555555555555]","[0.7183075129102116, 0.8000426193829493, 0.7292960662525879, 0.7180018049583268, 0.7039729366086187, 0.8192185592185592, 0.6950942990043439, 0.8408641975308642, 0.7961253561253562, 0.7431940487496042]","[array([[12,  0,  0,  0],
       [ 5,  3,  0,  1],
       [ 0,  0,  9,  1],
       [ 0,  0,  5, 10]]), array([[11,  0,  0,  1],
       [ 4,  5,  0,  0],
       [ 0,  0,  9,  1],
       [ 0,  0,  3, 12]]), array([[10,  1,  0,  0],
       [ 5,  4,  0,  1],
       [ 0,  0,  9,  1],
       [ 2,  0,  2, 11]]), array([[10,  0,  1,  0],
       [ 6,  3,  0,  1],
       [ 0,  0, 10,  0],
       [ 1,  0,  3, 11]]), array([[10,  1,  0,  0],
       [ 8,  2,  0,  0],
       [ 0,  0, 10,  0],
       [ 0,  0,  3, 11]]), array([[11,  0,  0,  0],
       [ 4,  6,  0,  0],
       [ 0,  0,  8,  1],
       [ 0,  0,  3, 12]]), array([[ 9,  1,  1,  0],
       [ 4,  3,  0,  2],
       [ 0,  0,  9,  1],
       [ 1,  0,  3, 11]]), array([[11,  0,  0,  0],
       [ 2,  6,  0,  1],
       [ 0,  0, 10,  0],
       [ 0,  0,  4, 11]]), array([[10,  1,  0,  0],
       [ 4,  5,  0,  0],
       [ 0,  0, 10,  0],
       [ 0,  0,  4, 11]]), array([[11,  0,  0,  0],
       [ 5,  4,  0,  0],
       [ 0,  0, 10,  0],
       [ 0,  0,  6,  9]])]"
18,"[0.7967145790554415, 0.8172484599589322, 0.8127572016460906, 0.8024691358024691, 0.8179959100204499, 0.8168724279835391, 0.813141683778234, 0.8213552361396304, 0.813141683778234, 0.784394250513347]","[0.7967145790554415, 0.8172484599589322, 0.8127572016460906, 0.8024691358024691, 0.8179959100204499, 0.8168724279835391, 0.813141683778234, 0.8213552361396304, 0.813141683778234, 0.784394250513347]","[0.7967145790554415, 0.8172484599589322, 0.8127572016460906, 0.8024691358024691, 0.8179959100204499, 0.8168724279835391, 0.813141683778234, 0.8213552361396304, 0.813141683778234, 0.784394250513347]","[0.7967145790554415, 0.8172484599589322, 0.8127572016460906, 0.8024691358024691, 0.8179959100204499, 0.8168724279835391, 0.813141683778234, 0.8213552361396304, 0.813141683778234, 0.784394250513347]","[0.8267393346166982, 0.8424675542626985, 0.8453355757548122, 0.8376758208887154, 0.8461582241807342, 0.8389729015405167, 0.8526617987757237, 0.8528782415758739, 0.8365456295717638, 0.8250737651238343]","[0.7625987708516243, 0.7823309920983319, 0.7769189765458422, 0.7675906183368869, 0.787962962962963, 0.7839818763326226, 0.7839771729587357, 0.786062335381914, 0.779675153643547, 0.746027216856892]","[0.7647033251595821, 0.7841068133764924, 0.7798180258181706, 0.7704376847709447, 0.7933581459076797, 0.7882382418785586, 0.7895152094856424, 0.7892043695628506, 0.7828989328343338, 0.744007754065738]","[0.8193681383050313, 0.8364334638391878, 0.8373374947545951, 0.8263905739582713, 0.8370663416310765, 0.8319766214329518, 0.8401771232597717, 0.843235232027698, 0.8296819797066367, 0.813571324591524]","[0.7967145790554415, 0.8172484599589322, 0.8127572016460906, 0.8024691358024691, 0.8179959100204499, 0.8168724279835391, 0.813141683778234, 0.8213552361396304, 0.813141683778234, 0.784394250513347]","[0.7836899020236879, 0.8039085712361849, 0.7998233933243057, 0.7889843669051748, 0.8081883363283551, 0.8061461650814498, 0.8029238239924115, 0.8085659273137926, 0.8014599452844632, 0.766000807941214]","[array([[126,   4,   3,   1],
       [ 44,  36,   1,   4],
       [  0,   0, 129,   5],
       [  2,   0,  35,  97]]), array([[129,   4,   1,   0],
       [ 41,  37,   0,   7],
       [  0,   0, 132,   2],
       [  2,   0,  32, 100]]), array([[128,   3,   3,   0],
       [ 42,  36,   2,   4],
       [  0,   0, 131,   3],
       [  1,   0,  33, 100]]), array([[130,   2,   1,   1],
       [ 42,  36,   0,   6],
       [  1,   0, 127,   6],
       [  1,   0,  36,  97]]), array([[129,   3,   2,   1],
       [ 35,  42,   1,   6],
       [  0,   0, 131,   4],
       [  3,   0,  34,  98]]), array([[127,   4,   2,   1],
       [ 38,  39,   0,   7],
       [  1,   0, 128,   5],
       [  2,   0,  29, 103]]), array([[132,   1,   1,   0],
       [ 39,  42,   0,   4],
       [  1,   0, 127,   6],
       [  4,   0,  35,  95]]), array([[130,   2,   2,   0],
       [ 42,  37,   0,   6],
       [  0,   0, 129,   5],
       [  2,   0,  28, 104]]), array([[124,   4,   4,   2],
       [ 40,  38,   0,   7],
       [  0,   0, 131,   3],
       [  2,   0,  29, 103]]), array([[129,   2,   2,   1],
       [ 47,  31,   0,   7],
       [  0,   0, 129,   5],
       [  2,   0,  39,  93]])]","[0.6521739130434783, 0.8043478260869565, 0.717391304347826, 0.7391304347826086, 0.7333333333333333, 0.8222222222222222, 0.6666666666666666, 0.8222222222222222, 0.7555555555555555, 0.7777777777777778]","[0.6521739130434783, 0.8043478260869565, 0.717391304347826, 0.7391304347826086, 0.7333333333333333, 0.8222222222222222, 0.6666666666666666, 0.8222222222222222, 0.7555555555555555, 0.7777777777777778]","[0.6521739130434783, 0.8043478260869565, 0.717391304347826, 0.7391304347826086, 0.7333333333333333, 0.8222222222222222, 0.6666666666666666, 0.8222222222222222, 0.7555555555555555, 0.7777777777777778]","[0.6521739130434783, 0.8043478260869565, 0.717391304347826, 0.7391304347826086, 0.7333333333333333, 0.8222222222222222, 0.6666666666666666, 0.8222222222222222, 0.7555555555555555, 0.7777777777777778]","[0.7624699002407981, 0.8407061688311689, 0.7157051282051282, 0.8001893939393939, 0.8114035087719298, 0.8516025641025642, 0.6857142857142857, 0.8541666666666666, 0.7833333333333333, 0.8385416666666666]","[0.6361111111111111, 0.7930555555555556, 0.7128787878787879, 0.7439393939393939, 0.7214285714285714, 0.825, 0.662878787878788, 0.8222222222222222, 0.755050505050505, 0.7777777777777778]","[0.5768817204301074, 0.7961822660098522, 0.699050949050949, 0.7203500203500204, 0.6827505827505828, 0.8067765567765568, 0.6426282051282051, 0.8106084656084657, 0.7351648351648352, 0.7575498575498576]","[0.7653564858437655, 0.8323687182382834, 0.7273690078037904, 0.808218050065876, 0.8155945419103313, 0.8591737891737893, 0.6895238095238095, 0.8563492063492063, 0.8044444444444445, 0.849537037037037]","[0.6521739130434783, 0.8043478260869565, 0.717391304347826, 0.7391304347826086, 0.7333333333333333, 0.8222222222222222, 0.6666666666666666, 0.8222222222222222, 0.7555555555555555, 0.7777777777777778]","[0.6034128097241702, 0.800920968087385, 0.7083242844112408, 0.7261064217585956, 0.6983993783993784, 0.812128612128612, 0.6504273504273504, 0.8147583774250442, 0.7467643467643468, 0.7666983222538778]","[array([[12,  0,  0,  0],
       [ 7,  1,  1,  0],
       [ 0,  0,  9,  1],
       [ 0,  0,  7,  8]]), array([[11,  0,  0,  1],
       [ 4,  5,  0,  0],
       [ 0,  0,  9,  1],
       [ 1,  0,  2, 12]]), array([[ 9,  2,  0,  0],
       [ 5,  4,  0,  1],
       [ 0,  0,  9,  1],
       [ 1,  0,  3, 11]]), array([[10,  0,  1,  0],
       [ 5,  4,  0,  1],
       [ 0,  0, 10,  0],
       [ 1,  0,  4, 10]]), array([[11,  0,  0,  0],
       [ 8,  2,  0,  0],
       [ 0,  0,  9,  1],
       [ 0,  0,  3, 11]]), array([[11,  0,  0,  0],
       [ 4,  5,  0,  1],
       [ 0,  0,  9,  0],
       [ 0,  0,  3, 12]]), array([[9, 1, 1, 0],
       [4, 3, 0, 2],
       [0, 0, 9, 1],
       [2, 0, 4, 9]]), array([[11,  0,  0,  0],
       [ 3,  5,  0,  1],
       [ 0,  0, 10,  0],
       [ 0,  0,  4, 11]]), array([[10,  1,  0,  0],
       [ 5,  4,  0,  0],
       [ 0,  0, 10,  0],
       [ 0,  0,  5, 10]]), array([[11,  0,  0,  0],
       [ 5,  4,  0,  0],
       [ 0,  0, 10,  0],
       [ 0,  0,  5, 10]])]"
19,"[0.8008213552361396, 0.8193018480492813, 0.8065843621399177, 0.8106995884773662, 0.8302658486707567, 0.8148148148148148, 0.8213552361396304, 0.8028747433264887, 0.8193018480492813, 0.8151950718685832]","[0.8008213552361396, 0.8193018480492813, 0.8065843621399177, 0.8106995884773662, 0.8302658486707567, 0.8148148148148148, 0.8213552361396304, 0.8028747433264887, 0.8193018480492813, 0.8151950718685832]","[0.8008213552361396, 0.8193018480492813, 0.8065843621399177, 0.8106995884773662, 0.8302658486707567, 0.8148148148148148, 0.8213552361396304, 0.8028747433264887, 0.8193018480492813, 0.8151950718685832]","[0.8008213552361396, 0.8193018480492813, 0.8065843621399177, 0.8106995884773662, 0.8302658486707567, 0.8148148148148148, 0.8213552361396304, 0.8028747433264887, 0.8193018480492813, 0.8151950718685832]","[0.8260904848075901, 0.8424015472926452, 0.8322720982953065, 0.8313299840063386, 0.8527879623186855, 0.8353343293889686, 0.852733365633075, 0.8450555346847803, 0.850520252860713, 0.8465493392610116]","[0.764179104477612, 0.7906496927129061, 0.7691009239516702, 0.7783848614072495, 0.799074074074074, 0.7798951670220328, 0.7925153643546972, 0.7638937664618086, 0.7863476733977173, 0.7858428446005268]","[0.7654707539701112, 0.7966250521391505, 0.7706100607056912, 0.7817909744961664, 0.804895474164364, 0.7837545861920718, 0.7982921499831542, 0.7636847016604184, 0.7902777145076563, 0.7905533499514197]","[0.8191835617940665, 0.8331065329009668, 0.8258456843230886, 0.8256680856156701, 0.8443875248509001, 0.828430554183076, 0.8423878064827638, 0.832514610012096, 0.840388294529325, 0.8356832003514887]","[0.8008213552361396, 0.8193018480492813, 0.8065843621399177, 0.8106995884773662, 0.8302658486707567, 0.8148148148148148, 0.8213552361396304, 0.8028747433264887, 0.8193018480492813, 0.8151950718685832]","[0.7868642571533279, 0.8107250287788232, 0.7925476133317573, 0.7995292434772535, 0.8209289442191722, 0.8034824242776759, 0.8120517613461725, 0.7859522154076871, 0.8075062046052781, 0.8045782727510777]","[array([[127,   4,   2,   1],
       [ 45,  34,   0,   6],
       [  1,   0, 126,   7],
       [  3,   0,  28, 103]]), array([[127,   3,   4,   0],
       [ 34,  43,   0,   8],
       [  0,   0, 125,   9],
       [  2,   0,  28, 104]]), array([[129,   4,   1,   0],
       [ 46,  34,   0,   4],
       [  0,   0, 127,   7],
       [  1,   0,  31, 102]]), array([[127,   5,   1,   1],
       [ 39,  39,   0,   6],
       [  0,   0, 129,   5],
       [  1,   0,  34,  99]]), array([[130,   3,   1,   1],
       [ 35,  42,   0,   7],
       [  0,   0, 129,   6],
       [  3,   0,  27, 105]]), array([[126,   4,   3,   1],
       [ 41,  37,   0,   6],
       [  0,   0, 125,   9],
       [  2,   0,  24, 108]]), array([[131,   2,   1,   0],
       [ 38,  43,   0,   4],
       [  0,   0, 127,   7],
       [  3,   0,  32,  99]]), array([[130,   1,   2,   1],
       [ 47,  32,   0,   6],
       [  0,   0, 129,   5],
       [  2,   0,  32, 100]]), array([[130,   2,   2,   0],
       [ 39,  39,   0,   7],
       [  0,   0, 129,   5],
       [  3,   0,  30, 101]]), array([[129,   2,   2,   1],
       [ 35,  42,   0,   8],
       [  0,   0, 130,   4],
       [  2,   0,  36,  96]])]","[0.6739130434782609, 0.8260869565217391, 0.6956521739130435, 0.717391304347826, 0.7555555555555555, 0.8444444444444444, 0.6666666666666666, 0.8444444444444444, 0.7555555555555555, 0.7777777777777778]","[0.6739130434782609, 0.8260869565217391, 0.6956521739130435, 0.717391304347826, 0.7555555555555555, 0.8444444444444444, 0.6666666666666666, 0.8444444444444444, 0.7555555555555555, 0.7777777777777778]","[0.6739130434782609, 0.8260869565217391, 0.6956521739130435, 0.717391304347826, 0.7555555555555555, 0.8444444444444444, 0.6666666666666666, 0.8444444444444444, 0.7555555555555555, 0.7777777777777778]","[0.6739130434782609, 0.8260869565217391, 0.6956521739130435, 0.717391304347826, 0.7555555555555555, 0.8444444444444444, 0.6666666666666666, 0.8444444444444444, 0.7555555555555555, 0.7777777777777778]","[0.7572916666666667, 0.8545454545454546, 0.7005514705882353, 0.7909982174688057, 0.8194444444444444, 0.8654761904761905, 0.6666666666666666, 0.8695054945054945, 0.774891774891775, 0.8244047619047619]","[0.6638888888888889, 0.8097222222222222, 0.6712121212121211, 0.7189393939393939, 0.7464285714285714, 0.8388888888888889, 0.6434343434343435, 0.8388888888888888, 0.7578282828282827, 0.7717171717171717]","[0.6239860139860139, 0.8132275132275132, 0.6642361111111111, 0.6862637362637363, 0.7211237038823246, 0.833702708362418, 0.6215617715617715, 0.8302484472049689, 0.746474358974359, 0.7581908831908832]","[0.7527173913043478, 0.8474308300395256, 0.7045236572890026, 0.7994264899635742, 0.8234567901234568, 0.871005291005291, 0.6725925925925925, 0.8706959706959708, 0.7871572871572871, 0.8272486772486772]","[0.6739130434782609, 0.8260869565217391, 0.6956521739130435, 0.717391304347826, 0.7555555555555555, 0.8444444444444444, 0.6666666666666666, 0.8444444444444444, 0.7555555555555555, 0.7777777777777778]","[0.6390392216479173, 0.821256038647343, 0.6804045893719807, 0.6958910654562829, 0.7330707606569676, 0.8407759008484961, 0.641958041958042, 0.8369192546583851, 0.7519658119658119, 0.7679012345679013]","[array([[12,  0,  0,  0],
       [ 6,  2,  0,  1],
       [ 0,  0,  9,  1],
       [ 0,  0,  7,  8]]), array([[11,  0,  0,  1],
       [ 4,  5,  0,  0],
       [ 0,  0,  9,  1],
       [ 0,  0,  2, 13]]), array([[ 9,  2,  0,  0],
       [ 6,  3,  0,  1],
       [ 0,  0,  7,  3],
       [ 1,  0,  1, 13]]), array([[10,  0,  1,  0],
       [ 6,  3,  0,  1],
       [ 0,  0, 10,  0],
       [ 1,  0,  4, 10]]), array([[11,  0,  0,  0],
       [ 7,  3,  0,  0],
       [ 0,  0,  9,  1],
       [ 0,  0,  3, 11]]), array([[11,  0,  0,  0],
       [ 4,  6,  0,  0],
       [ 0,  0,  8,  1],
       [ 0,  0,  2, 13]]), array([[ 9,  1,  1,  0],
       [ 5,  2,  0,  2],
       [ 0,  0,  8,  2],
       [ 1,  0,  3, 11]]), array([[11,  0,  0,  0],
       [ 3,  5,  0,  1],
       [ 0,  0, 10,  0],
       [ 0,  0,  3, 12]]), array([[10,  1,  0,  0],
       [ 4,  5,  0,  0],
       [ 0,  0,  9,  1],
       [ 0,  0,  5, 10]]), array([[10,  0,  0,  1],
       [ 5,  4,  0,  0],
       [ 0,  0, 10,  0],
       [ 0,  0,  4, 11]])]"
20,"[0.8049281314168378, 0.8213552361396304, 0.8168724279835391, 0.8271604938271605, 0.7975460122699386, 0.8004115226337448, 0.813141683778234, 0.7905544147843943, 0.8028747433264887, 0.7700205338809035]","[0.8049281314168378, 0.8213552361396304, 0.8168724279835391, 0.8271604938271605, 0.7975460122699386, 0.8004115226337448, 0.813141683778234, 0.7905544147843943, 0.8028747433264887, 0.7700205338809035]","[0.8049281314168378, 0.8213552361396304, 0.8168724279835391, 0.8271604938271605, 0.7975460122699386, 0.8004115226337448, 0.813141683778234, 0.7905544147843943, 0.8028747433264887, 0.7700205338809035]","[0.8049281314168378, 0.8213552361396304, 0.8168724279835391, 0.8271604938271605, 0.7975460122699386, 0.8004115226337448, 0.813141683778234, 0.7905544147843943, 0.8028747433264887, 0.7700205338809035]","[0.8228489593369284, 0.8537185715854194, 0.8540703109124163, 0.8610767323811762, 0.8246362540865626, 0.8337887030459872, 0.8482560491878153, 0.8246462843326154, 0.8348881445152776, 0.8050048247093821]","[0.7668349429323968, 0.7828358208955225, 0.7806503198294243, 0.7921997157071784, 0.7604497354497354, 0.7623933901918977, 0.7818261633011414, 0.7537752414398595, 0.7681957857769973, 0.7275899912203687]","[0.7672614389939963, 0.7838057762636681, 0.7840666767311295, 0.7969212116665911, 0.762614745283304, 0.762806978336958, 0.7868478325769954, 0.7537382596597019, 0.76999041269149, 0.7214874938560161]","[0.8182636768493764, 0.8445900956714723, 0.8418375267498075, 0.8494221807373699, 0.8173251498146735, 0.8252621635788391, 0.8377794162176638, 0.8153875600320641, 0.8260149409228327, 0.7957937403726286]","[0.8049281314168378, 0.8213552361396304, 0.8168724279835391, 0.8271604938271605, 0.7975460122699386, 0.8004115226337448, 0.813141683778234, 0.7905544147843943, 0.8028747433264887, 0.7700205338809035]","[0.7904711465584245, 0.8061246529664918, 0.8035137296546974, 0.8153404537246983, 0.7840199037725715, 0.7847007003880853, 0.8026371591970968, 0.7746949372696664, 0.789041577616864, 0.7481856663528587]","[array([[125,   5,   3,   1],
       [ 46,  33,   0,   6],
       [  0,   0, 126,   8],
       [  1,   0,  25, 108]]), array([[130,   2,   2,   0],
       [ 44,  34,   0,   7],
       [  0,   0, 131,   3],
       [  2,   0,  27, 105]]), array([[131,   1,   2,   0],
       [ 42,  36,   0,   6],
       [  0,   0, 128,   6],
       [  2,   0,  30, 102]]), array([[131,   1,   1,   1],
       [ 40,  38,   0,   6],
       [  1,   0, 128,   5],
       [  1,   0,  28, 105]]), array([[128,   4,   3,   0],
       [ 44,  34,   0,   6],
       [  1,   0, 127,   7],
       [  5,   0,  29, 101]]), array([[129,   3,   2,   0],
       [ 45,  33,   0,   6],
       [  0,   0, 130,   4],
       [  3,   0,  34,  97]]), array([[130,   2,   2,   0],
       [ 41,  40,   0,   4],
       [  1,   0, 127,   6],
       [  4,   0,  31,  99]]), array([[126,   3,   4,   1],
       [ 45,  33,   0,   7],
       [  0,   0, 130,   4],
       [  2,   0,  36,  96]]), array([[128,   3,   2,   1],
       [ 43,  36,   0,   6],
       [  0,   0, 130,   4],
       [  2,   0,  35,  97]]), array([[128,   3,   2,   1],
       [ 53,  26,   0,   6],
       [  0,   0, 125,   9],
       [  2,   0,  36,  96]])]","[0.6521739130434783, 0.8260869565217391, 0.6956521739130435, 0.782608695652174, 0.7333333333333333, 0.8222222222222222, 0.6888888888888889, 0.8222222222222222, 0.7555555555555555, 0.7555555555555555]","[0.6521739130434783, 0.8260869565217391, 0.6956521739130435, 0.782608695652174, 0.7333333333333333, 0.8222222222222222, 0.6888888888888889, 0.8222222222222222, 0.7555555555555555, 0.7555555555555555]","[0.6521739130434783, 0.8260869565217391, 0.6956521739130435, 0.782608695652174, 0.7333333333333333, 0.8222222222222222, 0.6888888888888889, 0.8222222222222222, 0.7555555555555555, 0.7555555555555555]","[0.6521739130434783, 0.8260869565217391, 0.6956521739130435, 0.782608695652174, 0.7333333333333333, 0.8222222222222222, 0.6888888888888889, 0.8222222222222222, 0.7555555555555555, 0.7555555555555555]","[0.7485197368421053, 0.8545454545454546, 0.712805576776165, 0.8184523809523809, 0.8233082706766918, 0.8564102564102565, 0.6861721611721612, 0.8541666666666666, 0.7931547619047619, 0.8106060606060606]","[0.6361111111111111, 0.8097222222222222, 0.6856060606060606, 0.7772727272727273, 0.7285714285714286, 0.8333333333333334, 0.6684343434343435, 0.8222222222222222, 0.7661616161616162, 0.755050505050505]","[0.5766253101736972, 0.8132275132275132, 0.6658456486042692, 0.7704163652439514, 0.6833333333333333, 0.8151223776223777, 0.641717602737093, 0.8106084656084657, 0.746474358974359, 0.7384615384615385]","[0.7435640732265447, 0.8474308300395256, 0.7180223868203407, 0.8193581780538303, 0.8335839598997493, 0.8732763532763532, 0.6957509157509156, 0.8563492063492063, 0.8134920634920636, 0.8141414141414143]","[0.6521739130434783, 0.8260869565217391, 0.6956521739130435, 0.782608695652174, 0.7333333333333333, 0.8222222222222222, 0.6888888888888889, 0.8222222222222222, 0.7555555555555555, 0.7555555555555555]","[0.6002912935591758, 0.821256038647343, 0.676982937102877, 0.7766047046406868, 0.6977777777777778, 0.8191919191919191, 0.6626840425940876, 0.8147583774250442, 0.7498290598290598, 0.7452991452991453]","[array([[12,  0,  0,  0],
       [ 7,  1,  0,  1],
       [ 0,  0,  9,  1],
       [ 0,  0,  7,  8]]), array([[11,  0,  0,  1],
       [ 4,  5,  0,  0],
       [ 0,  0,  9,  1],
       [ 0,  0,  2, 13]]), array([[10,  1,  0,  0],
       [ 6,  3,  0,  1],
       [ 0,  0,  8,  2],
       [ 1,  0,  3, 11]]), array([[10,  0,  1,  0],
       [ 4,  5,  0,  1],
       [ 0,  0,  9,  1],
       [ 1,  0,  2, 12]]), array([[11,  0,  0,  0],
       [ 8,  2,  0,  0],
       [ 0,  0, 10,  0],
       [ 0,  0,  4, 10]]), array([[11,  0,  0,  0],
       [ 4,  6,  0,  0],
       [ 0,  0,  9,  0],
       [ 0,  0,  4, 11]]), array([[ 9,  1,  1,  0],
       [ 5,  2,  0,  2],
       [ 0,  0,  9,  1],
       [ 1,  0,  3, 11]]), array([[11,  0,  0,  0],
       [ 3,  5,  0,  1],
       [ 0,  0, 10,  0],
       [ 0,  0,  4, 11]]), array([[10,  1,  0,  0],
       [ 4,  5,  0,  0],
       [ 0,  0, 10,  0],
       [ 0,  0,  6,  9]]), array([[10,  0,  0,  1],
       [ 5,  4,  0,  0],
       [ 0,  0, 10,  0],
       [ 0,  0,  5, 10]])]"
21,"[0.811088295687885, 0.8254620123203286, 0.8209876543209876, 0.8004115226337448, 0.8261758691206544, 0.7983539094650206, 0.8151950718685832, 0.7885010266940452, 0.8316221765913757, 0.7802874743326489]","[0.811088295687885, 0.8254620123203286, 0.8209876543209876, 0.8004115226337448, 0.8261758691206544, 0.7983539094650206, 0.8151950718685832, 0.7885010266940452, 0.8316221765913757, 0.7802874743326489]","[0.811088295687885, 0.8254620123203286, 0.8209876543209876, 0.8004115226337448, 0.8261758691206544, 0.7983539094650206, 0.8151950718685832, 0.7885010266940452, 0.8316221765913757, 0.7802874743326489]","[0.811088295687885, 0.8254620123203286, 0.8209876543209876, 0.8004115226337448, 0.8261758691206544, 0.7983539094650206, 0.8151950718685832, 0.7885010266940452, 0.8316221765913757, 0.7802874743326489]","[0.8447752733361098, 0.8568017442735449, 0.8479949457242473, 0.8370657716516612, 0.8480578717414682, 0.832111704494882, 0.8579392114699074, 0.8336836043319436, 0.8583195388958419, 0.8136127414864738]","[0.7713564530289727, 0.7876426690079017, 0.7843816631130064, 0.7623933901918977, 0.7919973544973545, 0.7605277185501066, 0.781540825285338, 0.7476075504828797, 0.7996927129060579, 0.7433713784021071]","[0.7714494341394519, 0.7891258070800482, 0.7870839190976671, 0.7638473230966405, 0.7962918450983101, 0.7610963424578021, 0.7852124472617832, 0.7441574743463553, 0.8050602405135329, 0.743001801591598]","[0.8350757688897974, 0.8478324098136935, 0.8402704624575111, 0.8261818857251714, 0.8419129586644263, 0.8234126343125997, 0.8462255186946213, 0.8203033783475464, 0.8487440300115259, 0.8034834280015398]","[0.811088295687885, 0.8254620123203286, 0.8209876543209876, 0.8004115226337448, 0.8261758691206544, 0.7983539094650206, 0.8151950718685832, 0.7885010266940452, 0.8316221765913757, 0.7802874743326489]","[0.794956787520073, 0.8107940010196, 0.8078368064885241, 0.7853725776601327, 0.8152858112626138, 0.7828140731633373, 0.8025495147182743, 0.7682861658550012, 0.8216050593742374, 0.7640978076381175]","[array([[128,   2,   3,   1],
       [ 47,  32,   0,   6],
       [  0,   0, 129,   5],
       [  2,   0,  26, 106]]), array([[131,   2,   1,   0],
       [ 43,  35,   0,   7],
       [  0,   0, 131,   3],
       [  2,   0,  27, 105]]), array([[128,   3,   3,   0],
       [ 41,  36,   0,   7],
       [  0,   0, 131,   3],
       [  1,   0,  29, 104]]), array([[128,   2,   3,   1],
       [ 46,  33,   0,   5],
       [  0,   0, 128,   6],
       [  2,   0,  32, 100]]), array([[128,   4,   3,   0],
       [ 38,  39,   0,   7],
       [  0,   0, 132,   3],
       [  3,   0,  27, 105]]), array([[128,   3,   2,   1],
       [ 45,  33,   1,   5],
       [  0,   0, 130,   4],
       [  2,   0,  35,  97]]), array([[132,   1,   1,   0],
       [ 44,  38,   0,   3],
       [  0,   0, 130,   4],
       [  2,   0,  35,  97]]), array([[130,   1,   2,   1],
       [ 48,  29,   0,   8],
       [  0,   0, 129,   5],
       [  3,   0,  35,  96]]), array([[128,   2,   3,   1],
       [ 37,  41,   0,   7],
       [  0,   0, 129,   5],
       [  2,   0,  25, 107]]), array([[125,   3,   4,   2],
       [ 46,  32,   0,   7],
       [  0,   0, 127,   7],
       [  2,   0,  36,  96]])]","[0.6521739130434783, 0.8695652173913043, 0.782608695652174, 0.7391304347826086, 0.6888888888888889, 0.7777777777777778, 0.6444444444444445, 0.8, 0.7555555555555555, 0.8]","[0.6521739130434783, 0.8695652173913043, 0.782608695652174, 0.7391304347826086, 0.6888888888888889, 0.7777777777777778, 0.6444444444444445, 0.8, 0.7555555555555555, 0.8]","[0.6521739130434783, 0.8695652173913043, 0.782608695652174, 0.7391304347826086, 0.6888888888888889, 0.7777777777777778, 0.6444444444444445, 0.8, 0.7555555555555555, 0.8]","[0.6521739130434783, 0.8695652173913043, 0.782608695652174, 0.7391304347826086, 0.6888888888888889, 0.7777777777777778, 0.6444444444444445, 0.8, 0.7555555555555555, 0.8]","[0.7485197368421053, 0.8866883116883117, 0.8003472222222222, 0.7988445378151261, 0.6740196078431372, 0.8348416289592759, 0.6555059523809523, 0.8410714285714286, 0.774891774891775, 0.8504464285714286]","[0.6361111111111111, 0.8583333333333333, 0.7689393939393939, 0.7272727272727273, 0.675974025974026, 0.7833333333333333, 0.6351010101010102, 0.7944444444444445, 0.7578282828282827, 0.7944444444444445]","[0.5766253101736972, 0.8606458675424192, 0.7687614274520047, 0.7053980502256364, 0.6482267732267732, 0.7553696303696305, 0.6041666666666666, 0.7774216524216525, 0.746474358974359, 0.7774216524216525]","[0.7435640732265447, 0.8850084697910785, 0.7987620772946861, 0.8006028498355863, 0.6923747276688453, 0.852187028657617, 0.6636904761904763, 0.8435449735449735, 0.7871572871572871, 0.8601190476190476]","[0.6521739130434783, 0.8695652173913043, 0.782608695652174, 0.7391304347826086, 0.6888888888888889, 0.7777777777777778, 0.6444444444444445, 0.8, 0.7555555555555555, 0.8]","[0.6002912935591758, 0.8670950239166132, 0.7763747011827767, 0.7188725816911724, 0.6657009657009657, 0.7647352647352648, 0.6185185185185185, 0.7867046533713201, 0.7519658119658119, 0.7894903450459005]","[array([[12,  0,  0,  0],
       [ 7,  1,  0,  1],
       [ 0,  0,  9,  1],
       [ 0,  0,  7,  8]]), array([[12,  0,  0,  0],
       [ 3,  6,  0,  0],
       [ 0,  0,  9,  1],
       [ 0,  0,  2, 13]]), array([[10,  1,  0,  0],
       [ 4,  5,  0,  1],
       [ 0,  0,  8,  2],
       [ 1,  0,  1, 13]]), array([[10,  0,  1,  0],
       [ 6,  3,  0,  1],
       [ 0,  0,  9,  1],
       [ 1,  0,  2, 12]]), array([[ 9,  2,  0,  0],
       [ 8,  2,  0,  0],
       [ 0,  0,  9,  1],
       [ 0,  0,  3, 11]]), array([[11,  0,  0,  0],
       [ 6,  4,  0,  0],
       [ 0,  0,  9,  0],
       [ 0,  0,  4, 11]]), array([[9, 1, 1, 0],
       [5, 2, 0, 2],
       [0, 0, 9, 1],
       [2, 0, 4, 9]]), array([[11,  0,  0,  0],
       [ 4,  4,  0,  1],
       [ 0,  0, 10,  0],
       [ 0,  0,  4, 11]]), array([[10,  1,  0,  0],
       [ 4,  5,  0,  0],
       [ 0,  0,  9,  1],
       [ 0,  0,  5, 10]]), array([[11,  0,  0,  0],
       [ 5,  4,  0,  0],
       [ 0,  0, 10,  0],
       [ 0,  0,  4, 11]])]"
22,"[0.8008213552361396, 0.813141683778234, 0.8189300411522634, 0.7942386831275721, 0.8159509202453987, 0.8045267489711934, 0.8049281314168378, 0.8172484599589322, 0.8069815195071869, 0.8028747433264887]","[0.8008213552361396, 0.813141683778234, 0.8189300411522634, 0.7942386831275721, 0.8159509202453987, 0.8045267489711934, 0.8049281314168378, 0.8172484599589322, 0.8069815195071869, 0.8028747433264887]","[0.8008213552361396, 0.813141683778234, 0.8189300411522634, 0.7942386831275721, 0.8159509202453987, 0.8045267489711934, 0.8049281314168378, 0.8172484599589322, 0.8069815195071869, 0.8028747433264887]","[0.8008213552361396, 0.813141683778234, 0.8189300411522634, 0.7942386831275721, 0.8159509202453987, 0.8045267489711934, 0.8049281314168378, 0.8172484599589322, 0.8069815195071869, 0.8028747433264887]","[0.8299941431385764, 0.8403610010178275, 0.8602803207503663, 0.841242781394473, 0.8404657494533408, 0.8210977655210341, 0.8405220486851787, 0.844264631341635, 0.8396527678424253, 0.8302771001439679]","[0.7663301141352062, 0.7775241439859525, 0.7836265103056148, 0.7534648187633263, 0.7782407407407407, 0.7705668088130775, 0.7754389815627745, 0.7823309920983318, 0.7719271290605795, 0.7703467954345917]","[0.767776804590758, 0.779699372222007, 0.7875130001762736, 0.7523145165216245, 0.780638536401296, 0.7736184438809555, 0.779379385037916, 0.7852868455687166, 0.7738372649904053, 0.774084961008233]","[0.8229504326946139, 0.8320384544451463, 0.8486132539009887, 0.8282284651301316, 0.8320609826058849, 0.817047626554158, 0.8313361954541372, 0.8361413601624567, 0.8312589616689338, 0.8205624056074443]","[0.8008213552361396, 0.813141683778234, 0.8189300411522634, 0.7942386831275721, 0.8159509202453987, 0.8045267489711934, 0.8049281314168378, 0.8172484599589322, 0.8069815195071869, 0.8028747433264887]","[0.7870726227117995, 0.7997274139789938, 0.8061298338313243, 0.7760362640614231, 0.8022137312366721, 0.7932626083384272, 0.7938399662394611, 0.8047345979976019, 0.7932754848698798, 0.7912812803795838]","[array([[127,   4,   2,   1],
       [ 43,  36,   0,   6],
       [  0,   0, 131,   3],
       [  4,   0,  34,  96]]), array([[128,   3,   3,   0],
       [ 41,  36,   0,   8],
       [  0,   0, 129,   5],
       [  3,   0,  28, 103]]), array([[131,   1,   2,   0],
       [ 43,  37,   0,   4],
       [  0,   0, 131,   3],
       [  2,   0,  33,  99]]), array([[130,   1,   2,   1],
       [ 50,  30,   0,   4],
       [  0,   0, 129,   5],
       [  1,   0,  36,  97]]), array([[130,   3,   1,   1],
       [ 41,  35,   0,   8],
       [  0,   0, 128,   7],
       [  2,   0,  27, 106]]), array([[123,   6,   4,   1],
       [ 41,  37,   0,   6],
       [  0,   0, 128,   6],
       [  2,   0,  29, 103]]), array([[131,   3,   0,   0],
       [ 41,  41,   1,   2],
       [  0,   0, 128,   6],
       [  2,   0,  40,  92]]), array([[128,   3,   2,   1],
       [ 42,  37,   0,   6],
       [  0,   0, 129,   5],
       [  2,   0,  28, 104]]), array([[128,   3,   2,   1],
       [ 43,  36,   1,   5],
       [  0,   0, 131,   3],
       [  2,   0,  34,  98]]), array([[128,   3,   2,   1],
       [ 41,  38,   0,   6],
       [  0,   0, 124,  10],
       [  2,   0,  31, 101]])]","[0.6521739130434783, 0.8260869565217391, 0.8043478260869565, 0.6956521739130435, 0.7111111111111111, 0.8222222222222222, 0.6222222222222222, 0.8, 0.7333333333333333, 0.8444444444444444]","[0.6521739130434783, 0.8260869565217391, 0.8043478260869565, 0.6956521739130435, 0.7111111111111111, 0.8222222222222222, 0.6222222222222222, 0.8, 0.7333333333333333, 0.8444444444444444]","[0.6521739130434783, 0.8260869565217391, 0.8043478260869565, 0.6956521739130435, 0.7111111111111111, 0.8222222222222222, 0.6222222222222222, 0.8, 0.7333333333333333, 0.8444444444444444]","[0.6521739130434783, 0.8260869565217391, 0.8043478260869565, 0.6956521739130435, 0.7111111111111111, 0.8222222222222222, 0.6222222222222222, 0.8, 0.7333333333333333, 0.8444444444444444]","[0.7604166666666666, 0.863158899923606, 0.8156655844155845, 0.7661064425770309, 0.8114035087719298, 0.859375, 0.6055672268907563, 0.8403679653679653, 0.7459935897435898, 0.8802083333333334]","[0.6472222222222223, 0.8027777777777778, 0.793939393939394, 0.6939393939393939, 0.7107142857142857, 0.825, 0.6073232323232324, 0.8055555555555555, 0.718939393939394, 0.8277777777777778]","[0.6037972896668549, 0.7991663508904888, 0.7807516876482393, 0.6666412291412291, 0.6623188405797101, 0.8068783068783069, 0.5603354978354979, 0.7908791208791208, 0.6999256781865477, 0.816965441965442]","[0.7635869565217391, 0.8604560401235593, 0.8237930547713156, 0.7695469492144684, 0.8230019493177388, 0.8736111111111111, 0.6222689075630252, 0.8432419432419433, 0.7621794871794871, 0.8865740740740742]","[0.6521739130434783, 0.8260869565217391, 0.8043478260869565, 0.6956521739130435, 0.7111111111111111, 0.8222222222222222, 0.6222222222222222, 0.8, 0.7333333333333333, 0.8444444444444444]","[0.6180811626936391, 0.8149826185808194, 0.7924688449426082, 0.6757312735573605, 0.6745893719806764, 0.815049970605526, 0.5823953823953825, 0.7921562881562882, 0.7188956329052947, 0.8337978893534449]","[array([[12,  0,  0,  0],
       [ 6,  2,  1,  0],
       [ 0,  0,  9,  1],
       [ 0,  0,  8,  7]]), array([[12,  0,  0,  0],
       [ 5,  4,  0,  0],
       [ 0,  0,  9,  1],
       [ 0,  0,  2, 13]]), array([[10,  1,  0,  0],
       [ 5,  4,  0,  1],
       [ 0,  0, 10,  0],
       [ 1,  0,  1, 13]]), array([[10,  0,  1,  0],
       [ 6,  3,  0,  1],
       [ 0,  0,  9,  1],
       [ 1,  0,  4, 10]]), array([[11,  0,  0,  0],
       [ 8,  2,  0,  0],
       [ 0,  0, 10,  0],
       [ 0,  0,  5,  9]]), array([[11,  0,  0,  0],
       [ 5,  5,  0,  0],
       [ 0,  0,  9,  0],
       [ 0,  0,  3, 12]]), array([[9, 1, 1, 0],
       [6, 1, 0, 2],
       [0, 0, 9, 1],
       [2, 0, 4, 9]]), array([[11,  0,  0,  0],
       [ 3,  5,  0,  1],
       [ 0,  0, 10,  0],
       [ 0,  0,  5, 10]]), array([[10,  1,  0,  0],
       [ 6,  3,  0,  0],
       [ 0,  0,  9,  1],
       [ 0,  0,  4, 11]]), array([[11,  0,  0,  0],
       [ 5,  4,  0,  0],
       [ 0,  0, 10,  0],
       [ 0,  0,  2, 13]])]"
23,"[0.8213552361396304, 0.8254620123203286, 0.823045267489712, 0.7860082304526749, 0.8098159509202454, 0.7962962962962963, 0.8254620123203286, 0.7926078028747433, 0.813141683778234, 0.8008213552361396]","[0.8213552361396304, 0.8254620123203286, 0.823045267489712, 0.7860082304526749, 0.8098159509202454, 0.7962962962962963, 0.8254620123203286, 0.7926078028747433, 0.813141683778234, 0.8008213552361396]","[0.8213552361396304, 0.8254620123203286, 0.823045267489712, 0.7860082304526749, 0.8098159509202454, 0.7962962962962963, 0.8254620123203286, 0.7926078028747433, 0.813141683778234, 0.8008213552361396]","[0.8213552361396304, 0.8254620123203286, 0.823045267489712, 0.7860082304526749, 0.8098159509202454, 0.7962962962962963, 0.8254620123203286, 0.7926078028747433, 0.813141683778234, 0.8008213552361396]","[0.859566967332407, 0.8508408534098147, 0.8556903240338127, 0.839594083247334, 0.8432538655088397, 0.8403784428385627, 0.8564728867775075, 0.8309613905132773, 0.8373222208579698, 0.8307545320286807]","[0.7860623353819141, 0.7908691834942932, 0.7895788912579957, 0.7493336886993603, 0.7726851851851853, 0.7575515280739161, 0.7973222124670765, 0.7577919227392449, 0.7764486391571552, 0.7663301141352064]","[0.7894032751940472, 0.7943183484821495, 0.7942407326235678, 0.750091411241359, 0.775513149151824, 0.7576977532423365, 0.8033458859044422, 0.7587905721069829, 0.7789570712545235, 0.7685622310237956]","[0.8480849449165928, 0.8431952018096904, 0.8458622182559002, 0.8230914169147552, 0.8325436485307366, 0.8270740676473686, 0.8464063698056524, 0.8193921025950006, 0.8288976004774197, 0.8214654208143811]","[0.8213552361396304, 0.8254620123203286, 0.823045267489712, 0.7860082304526749, 0.8098159509202454, 0.7962962962962963, 0.8254620123203286, 0.7926078028747433, 0.813141683778234, 0.8008213552361396]","[0.8082966749635756, 0.8135504706999519, 0.8117552112885437, 0.7692260662967907, 0.7960592398989367, 0.7793735975050721, 0.8165859636764474, 0.7774065555461647, 0.8000714811717372, 0.7874696979990322]","[array([[129,   1,   3,   1],
       [ 42,  37,   0,   6],
       [  0,   0, 132,   2],
       [  2,   0,  30, 102]]), array([[128,   3,   3,   0],
       [ 40,  38,   0,   7],
       [  0,   0, 130,   4],
       [  2,   0,  26, 106]]), array([[130,   2,   2,   0],
       [ 40,  39,   0,   5],
       [  0,   0, 130,   4],
       [  2,   0,  31, 101]]), array([[132,   0,   1,   1],
       [ 47,  33,   0,   4],
       [  0,   0, 127,   7],
       [  1,   0,  43,  90]]), array([[131,   2,   2,   0],
       [ 43,  35,   0,   6],
       [  0,   0, 128,   7],
       [  3,   0,  30, 102]]), array([[131,   1,   1,   1],
       [ 46,  32,   1,   5],
       [  0,   0, 128,   6],
       [  2,   0,  36,  96]]), array([[131,   2,   0,   1],
       [ 38,  44,   0,   3],
       [  0,   0, 128,   6],
       [  2,   0,  33,  99]]), array([[130,   2,   1,   1],
       [ 44,  35,   0,   6],
       [  0,   0, 128,   6],
       [  2,   0,  39,  93]]), array([[127,   3,   3,   1],
       [ 43,  35,   0,   7],
       [  0,   0, 122,  12],
       [  2,   0,  20, 112]]), array([[128,   3,   2,   1],
       [ 43,  36,   0,   6],
       [  0,   0, 127,   7],
       [  2,   0,  33,  99]])]","[0.6956521739130435, 0.8043478260869565, 0.782608695652174, 0.7608695652173914, 0.6888888888888889, 0.8, 0.6888888888888889, 0.7777777777777778, 0.7555555555555555, 0.8]","[0.6956521739130435, 0.8043478260869565, 0.782608695652174, 0.7608695652173914, 0.6888888888888889, 0.8, 0.6888888888888889, 0.7777777777777778, 0.7555555555555555, 0.8]","[0.6956521739130435, 0.8043478260869565, 0.782608695652174, 0.7608695652173914, 0.6888888888888889, 0.8, 0.6888888888888889, 0.7777777777777778, 0.7555555555555555, 0.8]","[0.6956521739130435, 0.8043478260869565, 0.782608695652174, 0.7608695652173914, 0.6888888888888889, 0.8, 0.6888888888888889, 0.7777777777777778, 0.7555555555555555, 0.8]","[0.7670955882352941, 0.8430871212121213, 0.7979166666666667, 0.8139880952380952, 0.7804511278195488, 0.8449519230769231, 0.6861721611721612, 0.8272727272727273, 0.809862012987013, 0.8504464285714286]","[0.6916666666666667, 0.7819444444444444, 0.7689393939393939, 0.7606060606060606, 0.6857142857142857, 0.8083333333333333, 0.6684343434343435, 0.7777777777777778, 0.7527777777777778, 0.7944444444444445]","[0.6649734748010611, 0.7812271062271062, 0.7601851851851852, 0.7400793650793651, 0.6416666666666666, 0.7864542864542865, 0.641717602737093, 0.7576923076923077, 0.7373575498575499, 0.7774216524216525]","[0.7629475703324807, 0.8354743083003953, 0.8016304347826086, 0.8210403726708073, 0.7865998329156224, 0.8620726495726495, 0.6957509157509156, 0.8304377104377105, 0.8139430014430016, 0.8601190476190476]","[0.6956521739130435, 0.8043478260869565, 0.782608695652174, 0.7608695652173914, 0.6888888888888889, 0.8, 0.6888888888888889, 0.7777777777777778, 0.7555555555555555, 0.8]","[0.6729154653442511, 0.794314381270903, 0.7713365539452496, 0.7482171612606395, 0.6533333333333333, 0.7930127485683042, 0.6626840425940876, 0.7641025641025642, 0.7453308008863565, 0.7894903450459005]","[array([[12,  0,  0,  0],
       [ 5,  3,  0,  1],
       [ 0,  0,  9,  1],
       [ 0,  0,  7,  8]]), array([[11,  0,  0,  1],
       [ 5,  4,  0,  0],
       [ 0,  0,  9,  1],
       [ 0,  0,  2, 13]]), array([[10,  1,  0,  0],
       [ 5,  4,  0,  1],
       [ 0,  0,  9,  1],
       [ 1,  0,  1, 13]]), array([[10,  0,  1,  0],
       [ 5,  4,  0,  1],
       [ 0,  0, 10,  0],
       [ 1,  0,  3, 11]]), array([[11,  0,  0,  0],
       [ 8,  2,  0,  0],
       [ 0,  0,  9,  1],
       [ 0,  0,  5,  9]]), array([[11,  0,  0,  0],
       [ 5,  5,  0,  0],
       [ 0,  0,  9,  0],
       [ 0,  0,  4, 11]]), array([[ 9,  1,  1,  0],
       [ 5,  2,  0,  2],
       [ 0,  0,  9,  1],
       [ 1,  0,  3, 11]]), array([[11,  0,  0,  0],
       [ 4,  4,  0,  1],
       [ 0,  0, 10,  0],
       [ 0,  0,  5, 10]]), array([[11,  0,  0,  0],
       [ 5,  4,  0,  0],
       [ 0,  0,  9,  1],
       [ 0,  0,  5, 10]]), array([[11,  0,  0,  0],
       [ 5,  4,  0,  0],
       [ 0,  0, 10,  0],
       [ 0,  0,  4, 11]])]"
24,"[0.8090349075975359, 0.8090349075975359, 0.7818930041152263, 0.808641975308642, 0.8220858895705522, 0.7942386831275721, 0.813141683778234, 0.8151950718685832, 0.8090349075975359, 0.7926078028747433]","[0.8090349075975359, 0.8090349075975359, 0.7818930041152263, 0.808641975308642, 0.8220858895705522, 0.7942386831275721, 0.813141683778234, 0.8151950718685832, 0.8090349075975359, 0.7926078028747433]","[0.8090349075975359, 0.8090349075975359, 0.7818930041152263, 0.808641975308642, 0.8220858895705522, 0.7942386831275721, 0.813141683778234, 0.8151950718685832, 0.8090349075975359, 0.7926078028747433]","[0.8090349075975359, 0.8090349075975359, 0.7818930041152263, 0.808641975308642, 0.8220858895705522, 0.7942386831275721, 0.813141683778234, 0.8151950718685832, 0.8090349075975359, 0.7926078028747433]","[0.8410031345127513, 0.8462253244435375, 0.8295022249114634, 0.8503920308023243, 0.850517830674323, 0.8341130249947069, 0.8528327847996239, 0.8499857810920121, 0.838579562410247, 0.8307178639406293]","[0.7737928007023704, 0.7727172958735734, 0.7433813077469793, 0.7709665955934613, 0.7871693121693122, 0.7579068941009239, 0.7839771729587357, 0.7826163301141351, 0.775943810359965, 0.752414398595259]","[0.7761343335793736, 0.7740475178022741, 0.7418245185235476, 0.7732213440982459, 0.7910918201628699, 0.7589193204899672, 0.7888206363161768, 0.7868418949909282, 0.7791565110892842, 0.7499944792902149]","[0.8327451968543439, 0.8361918327523302, 0.8181964929688218, 0.8379397118078544, 0.8425589690822242, 0.8227620559155159, 0.8425988611496328, 0.8374073483887444, 0.8297002285534927, 0.8199738707847583]","[0.8090349075975359, 0.8090349075975359, 0.7818930041152263, 0.808641975308642, 0.8220858895705522, 0.7942386831275721, 0.813141683778234, 0.8151950718685832, 0.8090349075975359, 0.7926078028747433]","[0.7958036753497297, 0.7941985943401606, 0.7636259576808541, 0.7939819174181713, 0.8101872860694269, 0.7786984001014179, 0.802671220372248, 0.803226397772356, 0.796863109626901, 0.7738579789966119]","[array([[126,   3,   4,   1],
       [ 43,  36,   0,   6],
       [  0,   0, 132,   2],
       [  4,   0,  30, 100]]), array([[130,   2,   2,   0],
       [ 44,  35,   0,   6],
       [  0,   0, 131,   3],
       [  2,   0,  34,  98]]), array([[130,   2,   2,   0],
       [ 49,  31,   0,   4],
       [  0,   0, 130,   4],
       [  2,   0,  43,  89]]), array([[130,   1,   2,   1],
       [ 46,  34,   0,   4],
       [  0,   0, 129,   5],
       [  1,   0,  33, 100]]), array([[130,   3,   2,   0],
       [ 40,  38,   0,   6],
       [  0,   0, 132,   3],
       [  3,   0,  30, 102]]), array([[130,   2,   2,   0],
       [ 44,  34,   0,   6],
       [  0,   0, 129,   5],
       [  3,   0,  38,  93]]), array([[129,   2,   2,   1],
       [ 40,  42,   0,   3],
       [  0,   0, 132,   2],
       [  2,   0,  39,  93]]), array([[131,   1,   1,   1],
       [ 39,  39,   0,   7],
       [  0,   0, 127,   7],
       [  2,   0,  32, 100]]), array([[128,   3,   3,   0],
       [ 40,  38,   0,   7],
       [  0,   0, 129,   5],
       [  4,   0,  31,  99]]), array([[129,   2,   2,   1],
       [ 48,  30,   0,   7],
       [  0,   0, 129,   5],
       [  2,   0,  34,  98]])]","[0.6739130434782609, 0.8043478260869565, 0.7391304347826086, 0.7608695652173914, 0.7111111111111111, 0.8222222222222222, 0.6888888888888889, 0.8222222222222222, 0.7555555555555555, 0.7777777777777778]","[0.6739130434782609, 0.8043478260869565, 0.7391304347826086, 0.7608695652173914, 0.7111111111111111, 0.8222222222222222, 0.6888888888888889, 0.8222222222222222, 0.7555555555555555, 0.7777777777777778]","[0.6739130434782609, 0.8043478260869565, 0.7391304347826086, 0.7608695652173914, 0.7111111111111111, 0.8222222222222222, 0.6888888888888889, 0.8222222222222222, 0.7555555555555555, 0.7777777777777778]","[0.6739130434782609, 0.8043478260869565, 0.7391304347826086, 0.7608695652173914, 0.7111111111111111, 0.8222222222222222, 0.6888888888888889, 0.8222222222222222, 0.7555555555555555, 0.7777777777777778]","[0.7532679738562091, 0.8430871212121213, 0.7560331825037707, 0.8012820512820512, 0.7512254901960784, 0.8564102564102565, 0.6861721611721612, 0.863095238095238, 0.7931547619047619, 0.8403361344537815]","[0.675, 0.7819444444444444, 0.7356060606060606, 0.7606060606060606, 0.712987012987013, 0.8333333333333334, 0.6684343434343435, 0.8333333333333333, 0.7661616161616162, 0.7666666666666666]","[0.6443965517241379, 0.7812271062271062, 0.7068092937658155, 0.7510551043159739, 0.6813664596273292, 0.8151223776223777, 0.641717602737093, 0.8200000000000001, 0.746474358974359, 0.7413003663003663]","[0.7485080988917305, 0.8354743083003953, 0.7698455636435176, 0.8032329988851729, 0.7697167755991287, 0.8732763532763532, 0.6957509157509156, 0.8735449735449735, 0.8134920634920636, 0.850233426704015]","[0.6739130434782609, 0.8043478260869565, 0.7391304347826086, 0.7608695652173914, 0.7111111111111111, 0.8222222222222222, 0.6888888888888889, 0.8222222222222222, 0.7555555555555555, 0.7777777777777778]","[0.6488630684657671, 0.794314381270903, 0.7187115551954871, 0.7552175297921989, 0.6910973084886128, 0.8191919191919191, 0.6626840425940876, 0.8195555555555555, 0.7498290598290598, 0.7592999592999593]","[array([[12,  0,  0,  0],
       [ 5,  3,  0,  1],
       [ 0,  0,  9,  1],
       [ 0,  0,  8,  7]]), array([[11,  0,  0,  1],
       [ 5,  4,  0,  0],
       [ 0,  0,  9,  1],
       [ 0,  0,  2, 13]]), array([[10,  1,  0,  0],
       [ 6,  3,  0,  1],
       [ 0,  0, 10,  0],
       [ 1,  0,  3, 11]]), array([[10,  0,  1,  0],
       [ 4,  5,  0,  1],
       [ 0,  0,  9,  1],
       [ 1,  0,  3, 11]]), array([[10,  1,  0,  0],
       [ 7,  3,  0,  0],
       [ 0,  0, 10,  0],
       [ 0,  0,  5,  9]]), array([[11,  0,  0,  0],
       [ 4,  6,  0,  0],
       [ 0,  0,  9,  0],
       [ 0,  0,  4, 11]]), array([[ 9,  1,  1,  0],
       [ 5,  2,  0,  2],
       [ 0,  0,  9,  1],
       [ 1,  0,  3, 11]]), array([[11,  0,  0,  0],
       [ 3,  6,  0,  0],
       [ 0,  0, 10,  0],
       [ 0,  0,  5, 10]]), array([[10,  1,  0,  0],
       [ 4,  5,  0,  0],
       [ 0,  0, 10,  0],
       [ 0,  0,  6,  9]]), array([[11,  0,  0,  0],
       [ 6,  3,  0,  0],
       [ 0,  0, 10,  0],
       [ 0,  0,  4, 11]])]"
25,"[0.8069815195071869, 0.8193018480492813, 0.8127572016460906, 0.8045267489711934, 0.8098159509202454, 0.7880658436213992, 0.8193018480492813, 0.7885010266940452, 0.8151950718685832, 0.784394250513347]","[0.8069815195071869, 0.8193018480492813, 0.8127572016460906, 0.8045267489711934, 0.8098159509202454, 0.7880658436213992, 0.8193018480492813, 0.7885010266940452, 0.8151950718685832, 0.784394250513347]","[0.8069815195071869, 0.8193018480492813, 0.8127572016460906, 0.8045267489711934, 0.8098159509202454, 0.7880658436213992, 0.8193018480492813, 0.7885010266940452, 0.8151950718685832, 0.784394250513347]","[0.8069815195071869, 0.8193018480492813, 0.8127572016460906, 0.8045267489711934, 0.8098159509202454, 0.7880658436213992, 0.8193018480492813, 0.7885010266940452, 0.8151950718685832, 0.784394250513347]","[0.8397570237942024, 0.8464912765188864, 0.8444283585267193, 0.8399262382651786, 0.8382238792386103, 0.8355000576520651, 0.8498467356356306, 0.8357548996500264, 0.8546841074058447, 0.8231790698057565]","[0.7719271290605795, 0.7852721685689201, 0.773587420042644, 0.7683457711442787, 0.7726851851851851, 0.7445362473347548, 0.7895741878841089, 0.7454565408252853, 0.7750877963125549, 0.7417251975417032]","[0.7738809736114043, 0.7888528128349239, 0.7754627032851976, 0.7708496005868096, 0.7750899061815134, 0.7398769841895388, 0.7948502725471305, 0.7400516663807357, 0.7751039553813452, 0.7370101483407405]","[0.8313737074392674, 0.8384079878188535, 0.834301940385729, 0.8290188609317664, 0.8295852977061826, 0.8222505045004551, 0.8414466467502355, 0.8228226410932529, 0.8431119713642324, 0.812327087804339]","[0.8069815195071869, 0.8193018480492813, 0.8127572016460906, 0.8045267489711934, 0.8098159509202454, 0.7880658436213992, 0.8193018480492813, 0.7885010266940452, 0.8151950718685832, 0.784394250513347]","[0.793323591278207, 0.8075350146282622, 0.7981829558104756, 0.7906373787650601, 0.7960864095215747, 0.7663928408815842, 0.809811514627769, 0.7664307268512003, 0.798520428948584, 0.7635049552255593]","[array([[128,   3,   2,   1],
       [ 44,  36,   0,   5],
       [  0,   0, 131,   3],
       [  2,   0,  34,  98]]), array([[128,   3,   3,   0],
       [ 41,  38,   0,   6],
       [  0,   0, 129,   5],
       [  2,   0,  28, 104]]), array([[128,   2,   3,   1],
       [ 46,  33,   0,   5],
       [  0,   0, 126,   8],
       [  1,   0,  25, 108]]), array([[129,   2,   2,   1],
       [ 44,  35,   0,   5],
       [  0,   0, 128,   6],
       [  1,   0,  34,  99]]), array([[130,   3,   1,   1],
       [ 43,  35,   0,   6],
       [  0,   0, 129,   6],
       [  3,   0,  30, 102]]), array([[130,   1,   2,   1],
       [ 50,  27,   0,   7],
       [  0,   0, 130,   4],
       [  3,   0,  35,  96]]), array([[128,   3,   2,   1],
       [ 40,  42,   0,   3],
       [  0,   0, 130,   4],
       [  2,   0,  33,  99]]), array([[130,   1,   2,   1],
       [ 51,  27,   0,   7],
       [  0,   0, 130,   4],
       [  2,   0,  35,  97]]), array([[130,   1,   2,   1],
       [ 47,  32,   0,   6],
       [  0,   0, 130,   4],
       [  2,   0,  27, 105]]), array([[128,   2,   3,   1],
       [ 51,  27,   0,   7],
       [  0,   0, 127,   7],
       [  3,   0,  31, 100]])]","[0.6739130434782609, 0.782608695652174, 0.782608695652174, 0.7608695652173914, 0.6888888888888889, 0.8, 0.7111111111111111, 0.8, 0.7333333333333333, 0.8222222222222222]","[0.6739130434782609, 0.782608695652174, 0.782608695652174, 0.7608695652173914, 0.6888888888888889, 0.8, 0.7111111111111111, 0.8, 0.7333333333333333, 0.8222222222222222]","[0.6739130434782609, 0.782608695652174, 0.782608695652174, 0.7608695652173914, 0.6888888888888889, 0.8, 0.7111111111111111, 0.8, 0.7333333333333333, 0.8222222222222222]","[0.6739130434782609, 0.782608695652174, 0.782608695652174, 0.7608695652173914, 0.6888888888888889, 0.8, 0.7111111111111111, 0.8, 0.7333333333333333, 0.8222222222222222]","[0.7532679738562091, 0.8151515151515152, 0.7979166666666667, 0.8012820512820512, 0.7804511278195488, 0.8449519230769231, 0.7004578754578754, 0.8410714285714286, 0.796875, 0.8641826923076923]","[0.675, 0.7680555555555555, 0.7689393939393939, 0.7606060606060606, 0.6857142857142857, 0.8083333333333333, 0.6851010101010102, 0.7944444444444445, 0.7361111111111112, 0.8111111111111111]","[0.6443965517241379, 0.7727513227513227, 0.7601851851851852, 0.7510551043159739, 0.6416666666666666, 0.7864542864542865, 0.6589855072463768, 0.7774216524216525, 0.7175498575498576, 0.7971633841199058]","[0.7485080988917305, 0.8059288537549406, 0.8016304347826086, 0.8032329988851729, 0.7865998329156224, 0.8620726495726495, 0.710989010989011, 0.8435449735449735, 0.8013888888888889, 0.8723290598290598]","[0.6739130434782609, 0.782608695652174, 0.782608695652174, 0.7608695652173914, 0.6888888888888889, 0.8, 0.7111111111111111, 0.8, 0.7333333333333333, 0.8222222222222222]","[0.6488630684657671, 0.7788129744651483, 0.7713365539452496, 0.7552175297921989, 0.6533333333333333, 0.7930127485683042, 0.6832463768115942, 0.7867046533713201, 0.7222538778094332, 0.8117868890815749]","[array([[12,  0,  0,  0],
       [ 5,  3,  0,  1],
       [ 0,  0,  9,  1],
       [ 0,  0,  8,  7]]), array([[11,  0,  0,  1],
       [ 4,  5,  0,  0],
       [ 0,  0,  8,  2],
       [ 0,  0,  3, 12]]), array([[10,  1,  0,  0],
       [ 5,  4,  0,  1],
       [ 0,  0,  9,  1],
       [ 1,  0,  1, 13]]), array([[10,  0,  1,  0],
       [ 4,  5,  0,  1],
       [ 0,  0,  9,  1],
       [ 1,  0,  3, 11]]), array([[11,  0,  0,  0],
       [ 8,  2,  0,  0],
       [ 0,  0,  9,  1],
       [ 0,  0,  5,  9]]), array([[11,  0,  0,  0],
       [ 5,  5,  0,  0],
       [ 0,  0,  9,  0],
       [ 0,  0,  4, 11]]), array([[ 9,  1,  1,  0],
       [ 5,  2,  0,  2],
       [ 0,  0,  9,  1],
       [ 0,  0,  3, 12]]), array([[11,  0,  0,  0],
       [ 4,  4,  0,  1],
       [ 0,  0, 10,  0],
       [ 0,  0,  4, 11]]), array([[11,  0,  0,  0],
       [ 5,  4,  0,  0],
       [ 0,  0,  9,  1],
       [ 0,  0,  6,  9]]), array([[11,  0,  0,  0],
       [ 5,  4,  0,  0],
       [ 0,  0, 10,  0],
       [ 0,  0,  3, 12]])]"
26,"[0.7905544147843943, 0.8069815195071869, 0.7880658436213992, 0.8004115226337448, 0.803680981595092, 0.7901234567901234, 0.811088295687885, 0.7946611909650924, 0.8193018480492813, 0.7823408624229979]","[0.7905544147843943, 0.8069815195071869, 0.7880658436213992, 0.8004115226337448, 0.803680981595092, 0.7901234567901234, 0.811088295687885, 0.7946611909650924, 0.8193018480492813, 0.7823408624229979]","[0.7905544147843943, 0.8069815195071869, 0.7880658436213992, 0.8004115226337448, 0.803680981595092, 0.7901234567901234, 0.811088295687885, 0.7946611909650924, 0.8193018480492813, 0.7823408624229979]","[0.7905544147843943, 0.8069815195071869, 0.7880658436213992, 0.8004115226337448, 0.803680981595092, 0.7901234567901234, 0.811088295687885, 0.7946611909650924, 0.8193018480492813, 0.7823408624229979]","[0.831461639443785, 0.8449300466758567, 0.8361534565179066, 0.8405054483885842, 0.8373565879282512, 0.844951773643922, 0.8514380887856499, 0.8341042652058204, 0.8510621442635821, 0.8179444364944903]","[0.750548726953468, 0.7687006145741879, 0.7423152096659559, 0.7623933901918977, 0.7637566137566137, 0.7464019189765458, 0.7788849868305532, 0.7564310798946444, 0.78527216856892, 0.7452370500438982]","[0.7480840013021813, 0.7687767313253492, 0.7363297605370679, 0.7623641222234807, 0.7645053390512724, 0.7415604528842275, 0.7836004265691323, 0.7555408565314303, 0.7890815898086695, 0.7444139120109307]","[0.8207924820161576, 0.8350770123578217, 0.823253764643364, 0.8299754386695968, 0.8265287474054306, 0.8290003100270417, 0.8390057814971422, 0.823331086430177, 0.8411074113455442, 0.8082509609056404]","[0.7905544147843943, 0.8069815195071869, 0.7880658436213992, 0.8004115226337448, 0.803680981595092, 0.7901234567901234, 0.811088295687885, 0.7946611909650924, 0.8193018480492813, 0.7823408624229979]","[0.7717552763239508, 0.7907891745182488, 0.7653199154744768, 0.7837367841045491, 0.7876725278906638, 0.7678026304971638, 0.799658785710585, 0.777447552206111, 0.8073012980235049, 0.7656519989825986]","[array([[129,   2,   2,   1],
       [ 49,  30,   0,   6],
       [  0,   0, 130,   4],
       [  3,   0,  35,  96]]), array([[130,   2,   2,   0],
       [ 46,  33,   0,   6],
       [  0,   0, 131,   3],
       [  3,   0,  32,  99]]), array([[130,   1,   2,   1],
       [ 54,  25,   0,   5],
       [  0,   0, 128,   6],
       [  3,   0,  31, 100]]), array([[131,   2,   1,   0],
       [ 45,  33,   0,   6],
       [  0,   0, 131,   3],
       [  2,   0,  38,  94]]), array([[130,   2,   2,   1],
       [ 45,  32,   0,   7],
       [  0,   0, 128,   7],
       [  3,   0,  29, 103]]), array([[132,   0,   1,   1],
       [ 50,  27,   0,   7],
       [  0,   0, 130,   4],
       [  3,   0,  36,  95]]), array([[130,   1,   2,   1],
       [ 43,  39,   0,   3],
       [  0,   0, 128,   6],
       [  2,   0,  34,  98]]), array([[129,   2,   3,   0],
       [ 46,  32,   0,   7],
       [  0,   0, 130,   4],
       [  2,   0,  36,  96]]), array([[127,   2,   4,   1],
       [ 40,  38,   0,   7],
       [  0,   0, 131,   3],
       [  3,   0,  28, 103]]), array([[127,   3,   3,   1],
       [ 47,  32,   0,   6],
       [  0,   0, 128,   6],
       [  2,   0,  38,  94]])]","[0.6521739130434783, 0.8043478260869565, 0.7391304347826086, 0.7608695652173914, 0.7111111111111111, 0.7777777777777778, 0.6666666666666666, 0.7555555555555555, 0.7555555555555555, 0.7777777777777778]","[0.6521739130434783, 0.8043478260869565, 0.7391304347826086, 0.7608695652173914, 0.7111111111111111, 0.7777777777777778, 0.6666666666666666, 0.7555555555555555, 0.7555555555555555, 0.7777777777777778]","[0.6521739130434783, 0.8043478260869565, 0.7391304347826086, 0.7608695652173914, 0.7111111111111111, 0.7777777777777778, 0.6666666666666666, 0.7555555555555555, 0.7555555555555555, 0.7777777777777778]","[0.6521739130434783, 0.8043478260869565, 0.7391304347826086, 0.7608695652173914, 0.7111111111111111, 0.7777777777777778, 0.6666666666666666, 0.7555555555555555, 0.7555555555555555, 0.7777777777777778]","[0.7434640522875816, 0.8430871212121213, 0.7472222222222222, 0.8012820512820512, 0.8114035087719298, 0.8348416289592759, 0.6696886446886446, 0.8145833333333333, 0.774891774891775, 0.8385416666666666]","[0.6472222222222223, 0.7819444444444444, 0.718939393939394, 0.7606060606060606, 0.7107142857142857, 0.7833333333333333, 0.6517676767676768, 0.7611111111111112, 0.7578282828282827, 0.7777777777777778]","[0.6034090909090909, 0.7812271062271062, 0.6910035366931919, 0.7510551043159739, 0.6623188405797101, 0.7553696303696305, 0.622481684981685, 0.7376923076923076, 0.746474358974359, 0.7575498575498576]","[0.7382779198635976, 0.8354743083003953, 0.7560386473429952, 0.8032329988851729, 0.8230019493177388, 0.852187028657617, 0.6792673992673992, 0.8181481481481481, 0.7871572871572871, 0.849537037037037]","[0.6521739130434783, 0.8043478260869565, 0.7391304347826086, 0.7608695652173914, 0.7111111111111111, 0.7777777777777778, 0.6666666666666666, 0.7555555555555555, 0.7555555555555555, 0.7777777777777778]","[0.6149868247694334, 0.794314381270903, 0.7100680429016262, 0.7552175297921989, 0.6745893719806764, 0.7647352647352648, 0.6406593406593406, 0.7408547008547008, 0.7519658119658119, 0.7666983222538778]","[array([[12,  0,  0,  0],
       [ 6,  2,  0,  1],
       [ 0,  0,  9,  1],
       [ 0,  0,  8,  7]]), array([[11,  0,  0,  1],
       [ 5,  4,  0,  0],
       [ 0,  0,  9,  1],
       [ 0,  0,  2, 13]]), array([[10,  1,  0,  0],
       [ 7,  2,  0,  1],
       [ 0,  0,  9,  1],
       [ 1,  0,  1, 13]]), array([[10,  0,  1,  0],
       [ 4,  5,  0,  1],
       [ 0,  0,  9,  1],
       [ 1,  0,  3, 11]]), array([[11,  0,  0,  0],
       [ 8,  2,  0,  0],
       [ 0,  0, 10,  0],
       [ 0,  0,  5,  9]]), array([[11,  0,  0,  0],
       [ 6,  4,  0,  0],
       [ 0,  0,  9,  0],
       [ 0,  0,  4, 11]]), array([[ 9,  1,  1,  0],
       [ 5,  2,  0,  2],
       [ 0,  0,  9,  1],
       [ 1,  0,  4, 10]]), array([[11,  0,  0,  0],
       [ 4,  4,  0,  1],
       [ 0,  0, 10,  0],
       [ 0,  0,  6,  9]]), array([[10,  1,  0,  0],
       [ 4,  5,  0,  0],
       [ 0,  0,  9,  1],
       [ 0,  0,  5, 10]]), array([[11,  0,  0,  0],
       [ 5,  4,  0,  0],
       [ 0,  0, 10,  0],
       [ 0,  0,  5, 10]])]"
27,"[0.8151950718685832, 0.8028747433264887, 0.7716049382716049, 0.7962962962962963, 0.8098159509202454, 0.8024691358024691, 0.8213552361396304, 0.784394250513347, 0.8193018480492813, 0.7741273100616016]","[0.8151950718685832, 0.8028747433264887, 0.7716049382716049, 0.7962962962962963, 0.8098159509202454, 0.8024691358024691, 0.8213552361396304, 0.784394250513347, 0.8193018480492813, 0.7741273100616016]","[0.8151950718685832, 0.8028747433264887, 0.7716049382716049, 0.7962962962962963, 0.8098159509202454, 0.8024691358024691, 0.8213552361396304, 0.784394250513347, 0.8193018480492813, 0.7741273100616016]","[0.8151950718685832, 0.8028747433264887, 0.7716049382716049, 0.7962962962962963, 0.8098159509202454, 0.8024691358024691, 0.8213552361396304, 0.784394250513347, 0.8193018480492813, 0.7741273100616016]","[0.8436747516360605, 0.842865965556183, 0.8267267655854612, 0.8458896460464156, 0.8502518189641683, 0.8439644210887502, 0.8643296914907579, 0.8259122182043847, 0.8540409334953168, 0.8151704326483087]","[0.7815408252853381, 0.766044776119403, 0.728500355366027, 0.7553304904051172, 0.7715608465608464, 0.7653695806680881, 0.7871378402107112, 0.7438762071992976, 0.784196663740123, 0.7302458296751536]","[0.7847694880681686, 0.7677966650637541, 0.722610985159071, 0.7546876805646336, 0.7739217730086999, 0.7673647720192875, 0.7917571135543332, 0.740063135545871, 0.7878787814052366, 0.7233116586871692]","[0.8353080754221498, 0.8299305082918154, 0.8127106958964179, 0.8300346713598329, 0.8376137527562245, 0.8308508253747767, 0.8506790855011216, 0.8148875549900017, 0.8420029035681732, 0.804026656117296]","[0.8151950718685832, 0.8028747433264887, 0.7716049382716049, 0.7962962962962963, 0.8098159509202454, 0.8024691358024691, 0.8213552361396304, 0.784394250513347, 0.8193018480492813, 0.7741273100616016]","[0.8030408419896978, 0.788033564286459, 0.7487573346128367, 0.778182731088394, 0.7950406958728851, 0.7875228173475507, 0.8092513143755543, 0.7642173319354968, 0.8066187926826669, 0.7511705319431677]","[array([[128,   3,   2,   1],
       [ 41,  38,   0,   6],
       [  0,   0, 130,   4],
       [  2,   0,  31, 101]]), array([[129,   1,   3,   1],
       [ 45,  34,   0,   6],
       [  0,   0, 127,   7],
       [  2,   0,  31, 101]]), array([[129,   1,   3,   1],
       [ 53,  26,   0,   5],
       [  0,   0, 130,   4],
       [  2,   0,  42,  90]]), array([[131,   0,   2,   1],
       [ 49,  30,   0,   5],
       [  0,   0, 126,   8],
       [  1,   0,  33, 100]]), array([[130,   1,   4,   0],
       [ 43,  34,   0,   7],
       [  0,   0, 131,   4],
       [  3,   0,  31, 101]]), array([[127,   1,   4,   2],
       [ 43,  34,   0,   7],
       [  0,   0, 131,   3],
       [  2,   0,  34,  98]]), array([[132,   0,   1,   1],
       [ 44,  38,   0,   3],
       [  0,   0, 128,   6],
       [  2,   0,  30, 102]]), array([[129,   2,   2,   1],
       [ 49,  29,   0,   7],
       [  0,   0, 130,   4],
       [  2,   0,  38,  94]]), array([[129,   1,   3,   1],
       [ 41,  37,   0,   7],
       [  0,   0, 128,   6],
       [  2,   0,  27, 105]]), array([[127,   2,   4,   1],
       [ 53,  25,   0,   7],
       [  0,   0, 127,   7],
       [  2,   0,  34,  98]])]","[0.6739130434782609, 0.8260869565217391, 0.7608695652173914, 0.7608695652173914, 0.6888888888888889, 0.8222222222222222, 0.6666666666666666, 0.7777777777777778, 0.7555555555555555, 0.7777777777777778]","[0.6739130434782609, 0.8260869565217391, 0.7608695652173914, 0.7608695652173914, 0.6888888888888889, 0.8222222222222222, 0.6666666666666666, 0.7777777777777778, 0.7555555555555555, 0.7777777777777778]","[0.6739130434782609, 0.8260869565217391, 0.7608695652173914, 0.7608695652173914, 0.6888888888888889, 0.8222222222222222, 0.6666666666666666, 0.7777777777777778, 0.7555555555555555, 0.7777777777777778]","[0.6739130434782609, 0.8260869565217391, 0.7608695652173914, 0.7608695652173914, 0.6888888888888889, 0.8222222222222222, 0.6666666666666666, 0.7777777777777778, 0.7555555555555555, 0.7777777777777778]","[0.7532679738562091, 0.8545454545454546, 0.8242521367521367, 0.8080357142857143, 0.7804511278195488, 0.8663101604278075, 0.6696886446886446, 0.8296130952380952, 0.7931547619047619, 0.8403361344537815]","[0.675, 0.8097222222222222, 0.7583333333333333, 0.7522727272727272, 0.6857142857142857, 0.8166666666666667, 0.6517676767676768, 0.7666666666666666, 0.7661616161616162, 0.7666666666666666]","[0.6443965517241379, 0.8132275132275132, 0.7261347958499382, 0.7394843343119205, 0.6416666666666666, 0.7964285714285715, 0.622481684981685, 0.7407407407407408, 0.746474358974359, 0.7413003663003663]","[0.7485080988917305, 0.8474308300395256, 0.8296636937941286, 0.8093944099378881, 0.7865998329156224, 0.8773618538324421, 0.6792673992673992, 0.8323412698412698, 0.8134920634920636, 0.850233426704015]","[0.6739130434782609, 0.8260869565217391, 0.7608695652173914, 0.7608695652173914, 0.6888888888888889, 0.8222222222222222, 0.6666666666666666, 0.7777777777777778, 0.7555555555555555, 0.7777777777777778]","[0.6488630684657671, 0.821256038647343, 0.736480143428843, 0.7490879379934852, 0.6533333333333333, 0.8085714285714286, 0.6406593406593406, 0.7559670781893004, 0.7498290598290598, 0.7592999592999593]","[array([[12,  0,  0,  0],
       [ 5,  3,  0,  1],
       [ 0,  0,  9,  1],
       [ 0,  0,  8,  7]]), array([[11,  0,  0,  1],
       [ 4,  5,  0,  0],
       [ 0,  0,  9,  1],
       [ 0,  0,  2, 13]]), array([[11,  0,  0,  0],
       [ 6,  3,  0,  1],
       [ 0,  0, 10,  0],
       [ 1,  0,  3, 11]]), array([[10,  0,  1,  0],
       [ 5,  4,  0,  1],
       [ 0,  0,  9,  1],
       [ 1,  0,  2, 12]]), array([[11,  0,  0,  0],
       [ 8,  2,  0,  0],
       [ 0,  0,  9,  1],
       [ 0,  0,  5,  9]]), array([[11,  0,  0,  0],
       [ 6,  4,  0,  0],
       [ 0,  0,  9,  0],
       [ 0,  0,  2, 13]]), array([[ 9,  1,  1,  0],
       [ 5,  2,  0,  2],
       [ 0,  0,  9,  1],
       [ 1,  0,  4, 10]]), array([[11,  0,  0,  0],
       [ 5,  3,  0,  1],
       [ 0,  0, 10,  0],
       [ 0,  0,  4, 11]]), array([[10,  1,  0,  0],
       [ 4,  5,  0,  0],
       [ 0,  0, 10,  0],
       [ 0,  0,  6,  9]]), array([[11,  0,  0,  0],
       [ 6,  3,  0,  0],
       [ 0,  0, 10,  0],
       [ 0,  0,  4, 11]])]"
28,"[0.7823408624229979, 0.813141683778234, 0.7921810699588477, 0.8024691358024691, 0.7955010224948875, 0.7942386831275721, 0.811088295687885, 0.8028747433264887, 0.8193018480492813, 0.7926078028747433]","[0.7823408624229979, 0.813141683778234, 0.7921810699588477, 0.8024691358024691, 0.7955010224948875, 0.7942386831275721, 0.811088295687885, 0.8028747433264887, 0.8193018480492813, 0.7926078028747433]","[0.7823408624229979, 0.813141683778234, 0.7921810699588477, 0.8024691358024691, 0.7955010224948875, 0.7942386831275721, 0.811088295687885, 0.8028747433264887, 0.8193018480492813, 0.7926078028747433]","[0.7823408624229979, 0.813141683778234, 0.7921810699588477, 0.8024691358024691, 0.7955010224948875, 0.7942386831275721, 0.811088295687885, 0.8028747433264887, 0.8193018480492813, 0.7926078028747433]","[0.8337224810348542, 0.8534718847783185, 0.8368838728783756, 0.8493347707459402, 0.8285282601293837, 0.8399139340262529, 0.853730993072682, 0.8402987598591981, 0.8488598490639256, 0.8447538802800879]","[0.7409350307287093, 0.7785996488147499, 0.7493781094527363, 0.7587064676616915, 0.757473544973545, 0.7523542999289269, 0.7788849868305531, 0.766044776119403, 0.7820456540825286, 0.7567164179104477]","[0.7361219101174951, 0.7816175807530276, 0.7470617654961508, 0.7555437634754656, 0.758570287539936, 0.7502037135707997, 0.7832326551199258, 0.7669814071046847, 0.7842292942846106, 0.7580267856259706]","[0.8204618172630301, 0.8413765994361175, 0.8236499872301315, 0.837381841668433, 0.8193359109813235, 0.8268735294336176, 0.8415293886795842, 0.829820035948157, 0.8390914327452009, 0.829133634148105]","[0.7823408624229979, 0.813141683778234, 0.7921810699588477, 0.8024691358024691, 0.7955010224948875, 0.7942386831275721, 0.811088295687885, 0.8028747433264887, 0.8193018480492813, 0.7926078028747433]","[0.7607621527400016, 0.799727614962782, 0.7729348667571809, 0.7822894982734624, 0.780323016915267, 0.7750423744500424, 0.7992540105632038, 0.7876074828038324, 0.8054048206123011, 0.7768015546109244]","[array([[129,   1,   3,   1],
       [ 50,  28,   0,   7],
       [  0,   0, 132,   2],
       [  3,   0,  39,  92]]), array([[131,   1,   2,   0],
       [ 42,  37,   0,   6],
       [  0,   0, 130,   4],
       [  4,   0,  32,  98]]), array([[128,   1,   4,   1],
       [ 51,  28,   0,   5],
       [  0,   0, 127,   7],
       [  1,   0,  31, 102]]), array([[131,   1,   1,   1],
       [ 52,  28,   0,   4],
       [  0,   0, 131,   3],
       [  1,   0,  33, 100]]), array([[129,   3,   2,   1],
       [ 46,  33,   0,   5],
       [  0,   0, 129,   6],
       [  3,   0,  34,  98]]), array([[131,   1,   1,   1],
       [ 50,  29,   0,   5],
       [  0,   0, 128,   6],
       [  3,   0,  33,  98]]), array([[132,   1,   1,   0],
       [ 43,  39,   1,   2],
       [  0,   0, 128,   6],
       [  2,   0,  36,  96]]), array([[130,   2,   2,   0],
       [ 45,  34,   0,   6],
       [  0,   0, 129,   5],
       [  4,   0,  32,  98]]), array([[129,   2,   2,   1],
       [ 43,  35,   0,   7],
       [  0,   0, 127,   7],
       [  2,   0,  24, 108]]), array([[131,   0,   2,   1],
       [ 46,  34,   1,   4],
       [  0,   0, 128,   6],
       [  2,   0,  39,  93]])]","[0.6521739130434783, 0.8478260869565217, 0.717391304347826, 0.782608695652174, 0.6888888888888889, 0.7333333333333333, 0.6444444444444445, 0.8222222222222222, 0.7333333333333333, 0.6888888888888889]","[0.6521739130434783, 0.8478260869565217, 0.717391304347826, 0.782608695652174, 0.6888888888888889, 0.7333333333333333, 0.6444444444444445, 0.8222222222222222, 0.7333333333333333, 0.6888888888888889]","[0.6521739130434783, 0.8478260869565217, 0.717391304347826, 0.782608695652174, 0.6888888888888889, 0.7333333333333333, 0.6444444444444445, 0.8222222222222222, 0.7333333333333333, 0.6888888888888889]","[0.6521739130434783, 0.8478260869565217, 0.717391304347826, 0.782608695652174, 0.6888888888888889, 0.7333333333333333, 0.6444444444444445, 0.8222222222222222, 0.7333333333333333, 0.6888888888888889]","[0.7604166666666666, 0.8741883116883118, 0.7335972850678734, 0.8274621212121213, 0.8041666666666667, 0.8178137651821862, 0.6595965309200603, 0.8641826923076923, 0.7459935897435898, 0.7677350427350428]","[0.6472222222222223, 0.8305555555555556, 0.7106060606060606, 0.7689393939393939, 0.6857142857142857, 0.7333333333333334, 0.6351010101010102, 0.8111111111111111, 0.718939393939394, 0.692929292929293]","[0.6037972896668549, 0.8312807881773399, 0.6866883116883117, 0.758994708994709, 0.6185260742062987, 0.6827505827505828, 0.6063664596273292, 0.7971633841199058, 0.6999256781865477, 0.679084249084249]","[0.7635869565217391, 0.8719649915302089, 0.7426716506000394, 0.8273221343873517, 0.8159259259259259, 0.8355375618533513, 0.6665912518853696, 0.8723290598290598, 0.7621794871794871, 0.7738841405508072]","[0.6521739130434783, 0.8478260869565217, 0.717391304347826, 0.782608695652174, 0.6888888888888889, 0.7333333333333333, 0.6444444444444445, 0.8222222222222222, 0.7333333333333333, 0.6888888888888889]","[0.6180811626936391, 0.8420432640822446, 0.698051948051948, 0.770301357257879, 0.635136781560344, 0.6990209790209789, 0.6199447895100069, 0.8117868890815749, 0.7188956329052947, 0.6847700447700447]","[array([[12,  0,  0,  0],
       [ 6,  2,  1,  0],
       [ 0,  0,  9,  1],
       [ 0,  0,  8,  7]]), array([[12,  0,  0,  0],
       [ 4,  5,  0,  0],
       [ 0,  0,  9,  1],
       [ 0,  0,  2, 13]]), array([[10,  1,  0,  0],
       [ 6,  3,  0,  1],
       [ 0,  0,  9,  1],
       [ 1,  0,  3, 11]]), array([[10,  0,  1,  0],
       [ 5,  4,  0,  1],
       [ 0,  0,  9,  1],
       [ 1,  0,  1, 13]]), array([[11,  0,  0,  0],
       [ 9,  1,  0,  0],
       [ 0,  0, 10,  0],
       [ 0,  0,  5,  9]]), array([[11,  0,  0,  0],
       [ 8,  2,  0,  0],
       [ 0,  0,  9,  0],
       [ 0,  0,  4, 11]]), array([[9, 1, 1, 0],
       [5, 2, 0, 2],
       [0, 0, 9, 1],
       [3, 0, 3, 9]]), array([[11,  0,  0,  0],
       [ 5,  4,  0,  0],
       [ 0,  0, 10,  0],
       [ 0,  0,  3, 12]]), array([[10,  1,  0,  0],
       [ 6,  3,  0,  0],
       [ 0,  0,  9,  1],
       [ 0,  0,  4, 11]]), array([[ 8,  0,  2,  1],
       [ 5,  4,  0,  0],
       [ 0,  0, 10,  0],
       [ 0,  0,  6,  9]])]"
29,"[0.8090349075975359, 0.8254620123203286, 0.8004115226337448, 0.8004115226337448, 0.803680981595092, 0.7921810699588477, 0.8069815195071869, 0.811088295687885, 0.7967145790554415, 0.8008213552361396]","[0.8090349075975359, 0.8254620123203286, 0.8004115226337448, 0.8004115226337448, 0.803680981595092, 0.7921810699588477, 0.8069815195071869, 0.811088295687885, 0.7967145790554415, 0.8008213552361396]","[0.8090349075975359, 0.8254620123203286, 0.8004115226337448, 0.8004115226337448, 0.803680981595092, 0.7921810699588477, 0.8069815195071869, 0.811088295687885, 0.7967145790554415, 0.8008213552361396]","[0.8090349075975359, 0.8254620123203286, 0.8004115226337448, 0.8004115226337448, 0.803680981595092, 0.7921810699588477, 0.8069815195071869, 0.811088295687885, 0.7967145790554415, 0.8008213552361396]","[0.8409984843600663, 0.8582000524932585, 0.8449822696900219, 0.8543166255696171, 0.8378180362197153, 0.8487009041151782, 0.8463064440762924, 0.8587065450272998, 0.839927011985322, 0.8448894518532338]","[0.7716417910447761, 0.7908691834942934, 0.7535092395167022, 0.7568407960199005, 0.7671296296296295, 0.7438255152807391, 0.7730026338893767, 0.7681299385425813, 0.7572212467076384, 0.7598770851624231]","[0.7729713756936698, 0.7953486426136638, 0.7477584495729959, 0.7541274639875497, 0.7698738320509391, 0.7356788536151768, 0.7765226630217612, 0.7654778134953137, 0.755865427653176, 0.7578619891989813]","[0.8331584406364858, 0.846512604502663, 0.8329908919278369, 0.83932862408501, 0.826540892260538, 0.8331351535097438, 0.8334902006347088, 0.8444901604407241, 0.8269653561070485, 0.832528524342143]","[0.8090349075975359, 0.8254620123203286, 0.8004115226337448, 0.8004115226337448, 0.803680981595092, 0.7921810699588477, 0.8069815195071869, 0.811088295687885, 0.7967145790554415, 0.8008213552361396]","[0.7946636179917269, 0.8137055736681882, 0.7779243955634835, 0.7802722648093139, 0.789831773161763, 0.7671369103599402, 0.7941200669053716, 0.7913065369036646, 0.7785997068917666, 0.7820722764362363]","[array([[127,   3,   2,   2],
       [ 47,  34,   0,   4],
       [  0,   0, 131,   3],
       [  3,   0,  29, 102]]), array([[130,   1,   2,   1],
       [ 41,  38,   0,   6],
       [  0,   0, 126,   8],
       [  2,   0,  24, 108]]), array([[129,   1,   3,   1],
       [ 54,  25,   0,   5],
       [  0,   0, 129,   5],
       [  1,   0,  27, 106]]), array([[131,   0,   2,   1],
       [ 52,  28,   0,   4],
       [  0,   0, 130,   4],
       [  1,   0,  33, 100]]), array([[130,   2,   2,   1],
       [ 43,  35,   0,   6],
       [  0,   0, 128,   7],
       [  2,   0,  33, 100]]), array([[130,   0,   2,   2],
       [ 56,  23,   0,   5],
       [  0,   0, 129,   5],
       [  3,   0,  28, 103]]), array([[131,   1,   1,   1],
       [ 44,  37,   0,   4],
       [  0,   0, 126,   8],
       [  2,   0,  33,  99]]), array([[131,   0,   2,   1],
       [ 49,  29,   0,   7],
       [  0,   0, 130,   4],
       [  2,   0,  27, 105]]), array([[130,   1,   2,   1],
       [ 47,  31,   0,   7],
       [  0,   0, 129,   5],
       [  2,   0,  34,  98]]), array([[130,   1,   2,   1],
       [ 49,  30,   0,   6],
       [  0,   0, 130,   4],
       [  2,   0,  32, 100]])]","[0.6521739130434783, 0.8043478260869565, 0.7391304347826086, 0.7608695652173914, 0.6666666666666666, 0.7777777777777778, 0.6666666666666666, 0.8222222222222222, 0.7555555555555555, 0.8222222222222222]","[0.6521739130434783, 0.8043478260869565, 0.7391304347826086, 0.7608695652173914, 0.6666666666666666, 0.7777777777777778, 0.6666666666666666, 0.8222222222222222, 0.7555555555555555, 0.8222222222222222]","[0.6521739130434783, 0.8043478260869565, 0.7391304347826086, 0.7608695652173914, 0.6666666666666666, 0.7777777777777778, 0.6666666666666666, 0.8222222222222222, 0.7555555555555555, 0.8222222222222222]","[0.6521739130434783, 0.8043478260869565, 0.7391304347826086, 0.7608695652173914, 0.6666666666666666, 0.7777777777777778, 0.6666666666666666, 0.8222222222222222, 0.7555555555555555, 0.8222222222222222]","[0.7604166666666666, 0.8364583333333333, 0.7472222222222222, 0.8182709447415331, 0.7638888888888888, 0.8402777777777778, 0.6696886446886446, 0.8564102564102565, 0.828125, 0.8700980392156863]","[0.6472222222222223, 0.7847222222222222, 0.718939393939394, 0.7439393939393939, 0.662987012987013, 0.7749999999999999, 0.6517676767676768, 0.8111111111111111, 0.7611111111111112, 0.7999999999999999]","[0.6037972896668549, 0.791952551629971, 0.6910035366931919, 0.7249084249084249, 0.6232471264367816, 0.741547724306345, 0.6219047619047618, 0.7970616340181558, 0.7373575498575499, 0.7808441558441559]","[0.7635869565217391, 0.8258152173913043, 0.7560386473429952, 0.8185305742850499, 0.771358024691358, 0.8549382716049383, 0.6802197802197802, 0.857891737891738, 0.8402777777777778, 0.8766884531590414]","[0.6521739130434783, 0.8043478260869565, 0.7391304347826086, 0.7608695652173914, 0.6666666666666666, 0.7777777777777778, 0.6666666666666666, 0.8222222222222222, 0.7555555555555555, 0.8222222222222222]","[0.6180811626936391, 0.7997172688617289, 0.7100680429016262, 0.7400860009555662, 0.6359897828863346, 0.7557295833157901, 0.6407619047619048, 0.808865530604661, 0.7431940487496042, 0.8036075036075037]","[array([[12,  0,  0,  0],
       [ 6,  2,  1,  0],
       [ 0,  0,  9,  1],
       [ 0,  0,  8,  7]]), array([[11,  0,  0,  1],
       [ 4,  5,  0,  0],
       [ 0,  0,  8,  2],
       [ 0,  0,  2, 13]]), array([[10,  1,  0,  0],
       [ 7,  2,  0,  1],
       [ 0,  0,  9,  1],
       [ 1,  0,  1, 13]]), array([[10,  0,  1,  0],
       [ 6,  3,  0,  1],
       [ 0,  0,  9,  1],
       [ 1,  0,  1, 13]]), array([[10,  0,  1,  0],
       [ 8,  2,  0,  0],
       [ 0,  0,  9,  1],
       [ 0,  0,  5,  9]]), array([[11,  0,  0,  0],
       [ 7,  3,  0,  0],
       [ 0,  0,  9,  0],
       [ 0,  0,  3, 12]]), array([[ 9,  1,  1,  0],
       [ 5,  2,  0,  2],
       [ 0,  0,  9,  1],
       [ 0,  0,  5, 10]]), array([[11,  0,  0,  0],
       [ 4,  4,  0,  1],
       [ 0,  0, 10,  0],
       [ 0,  0,  3, 12]]), array([[11,  0,  0,  0],
       [ 5,  4,  0,  0],
       [ 0,  0, 10,  0],
       [ 0,  0,  6,  9]]), array([[11,  0,  0,  0],
       [ 6,  3,  0,  0],
       [ 0,  0, 10,  0],
       [ 0,  0,  2, 13]])]"
30,"[0.8028747433264887, 0.8069815195071869, 0.7962962962962963, 0.8127572016460906, 0.7934560327198364, 0.7674897119341564, 0.7967145790554415, 0.8028747433264887, 0.7905544147843943, 0.784394250513347]","[0.8028747433264887, 0.8069815195071869, 0.7962962962962963, 0.8127572016460906, 0.7934560327198364, 0.7674897119341564, 0.7967145790554415, 0.8028747433264887, 0.7905544147843943, 0.784394250513347]","[0.8028747433264887, 0.8069815195071869, 0.7962962962962963, 0.8127572016460906, 0.7934560327198364, 0.7674897119341564, 0.7967145790554415, 0.8028747433264887, 0.7905544147843943, 0.784394250513347]","[0.8028747433264887, 0.8069815195071869, 0.7962962962962963, 0.8127572016460906, 0.7934560327198364, 0.7674897119341564, 0.7967145790554415, 0.8028747433264887, 0.7905544147843943, 0.784394250513347]","[0.8474632856918133, 0.8448194162644647, 0.8430790024265111, 0.8586660390906835, 0.8244459064834786, 0.8175978234287111, 0.851449806046014, 0.8461747617636445, 0.836843721624156, 0.8282067789895114]","[0.760667251975417, 0.7697761194029851, 0.7531094527363185, 0.773587420042644, 0.7544973544973544, 0.7203269367448473, 0.7647497805092187, 0.7585162423178228, 0.7483977172958736, 0.7438762071992976]","[0.7580566742818242, 0.7711087592409198, 0.750015304800868, 0.7753618081084657, 0.7547823586892752, 0.7098531500705414, 0.7682261312011438, 0.753925299844393, 0.7449527167839385, 0.7404087051209557]","[0.835469516353481, 0.8347955427925571, 0.8304824757852767, 0.8441255081329349, 0.815076110577724, 0.8074055556058762, 0.8365032772908901, 0.8342909082244631, 0.823897104646738, 0.8174129853407778]","[0.8028747433264887, 0.8069815195071869, 0.7962962962962963, 0.8127572016460906, 0.7934560327198364, 0.7674897119341564, 0.7967145790554415, 0.8028747433264887, 0.7905544147843943, 0.784394250513347]","[0.783583847919501, 0.7921501126704074, 0.7761922681302846, 0.7970962982325297, 0.7774108430749227, 0.7409689672169543, 0.7833527383153706, 0.7817002700473404, 0.7704814799950607, 0.7645976713446249]","[array([[129,   1,   2,   2],
       [ 51,  29,   0,   5],
       [  0,   0, 131,   3],
       [  2,   0,  30, 102]]), array([[129,   2,   3,   0],
       [ 45,  34,   0,   6],
       [  1,   0, 130,   3],
       [  3,   0,  31, 100]]), array([[131,   1,   2,   0],
       [ 51,  28,   0,   5],
       [  0,   0, 129,   5],
       [  2,   0,  33,  99]]), array([[130,   0,   2,   2],
       [ 46,  33,   0,   5],
       [  0,   0, 130,   4],
       [  1,   0,  31, 102]]), array([[130,   3,   2,   0],
       [ 45,  32,   0,   7],
       [  0,   0, 127,   8],
       [  4,   0,  32,  99]]), array([[128,   2,   3,   1],
       [ 57,  22,   1,   4],
       [  0,   0, 131,   3],
       [  3,   0,  39,  92]]), array([[132,   0,   2,   0],
       [ 44,  38,   1,   2],
       [  0,   0, 129,   5],
       [  2,   0,  43,  89]]), array([[130,   1,   2,   1],
       [ 52,  27,   0,   6],
       [  0,   0, 129,   5],
       [  2,   0,  27, 105]]), array([[128,   1,   4,   1],
       [ 51,  28,   0,   6],
       [  0,   0, 129,   5],
       [  2,   0,  32, 100]]), array([[129,   2,   2,   1],
       [ 51,  29,   0,   5],
       [  0,   0, 130,   4],
       [  2,   0,  38,  94]])]","[0.6521739130434783, 0.8260869565217391, 0.7391304347826086, 0.7608695652173914, 0.7111111111111111, 0.7777777777777778, 0.7111111111111111, 0.8, 0.7555555555555555, 0.7777777777777778]","[0.6521739130434783, 0.8260869565217391, 0.7391304347826086, 0.7608695652173914, 0.7111111111111111, 0.7777777777777778, 0.7111111111111111, 0.8, 0.7555555555555555, 0.7777777777777778]","[0.6521739130434783, 0.8260869565217391, 0.7391304347826086, 0.7608695652173914, 0.7111111111111111, 0.7777777777777778, 0.7111111111111111, 0.8, 0.7555555555555555, 0.7777777777777778]","[0.6521739130434783, 0.8260869565217391, 0.7391304347826086, 0.7608695652173914, 0.7111111111111111, 0.7777777777777778, 0.7111111111111111, 0.8, 0.7555555555555555, 0.7777777777777778]","[0.7485197368421053, 0.8541666666666666, 0.7533899923605807, 0.8012820512820512, 0.8114035087719298, 0.8402777777777778, 0.7757554945054945, 0.8504464285714286, 0.8284313725490196, 0.8244047619047619]","[0.6361111111111111, 0.8055555555555556, 0.7272727272727273, 0.7606060606060606, 0.7107142857142857, 0.7749999999999999, 0.6911616161616162, 0.7944444444444445, 0.7499999999999999, 0.7717171717171717]","[0.5766253101736972, 0.8095238095238095, 0.7068965517241379, 0.7510551043159739, 0.6623188405797101, 0.741547724306345, 0.6614016224211126, 0.7774216524216525, 0.7214285714285713, 0.7581908831908832]","[0.7435640732265447, 0.8478260869565217, 0.7610771581359816, 0.8032329988851729, 0.8230019493177388, 0.8549382716049383, 0.7685286935286936, 0.8601190476190476, 0.8396514161220043, 0.8272486772486772]","[0.6521739130434783, 0.8260869565217391, 0.7391304347826086, 0.7608695652173914, 0.7111111111111111, 0.7777777777777778, 0.7111111111111111, 0.8, 0.7555555555555555, 0.7777777777777778]","[0.6002912935591758, 0.8198757763975155, 0.7201756264724781, 0.7552175297921989, 0.6745893719806764, 0.7557295833157901, 0.680583838271661, 0.7894903450459005, 0.7365079365079364, 0.7679012345679013]","[array([[12,  0,  0,  0],
       [ 7,  1,  0,  1],
       [ 0,  0,  9,  1],
       [ 0,  0,  7,  8]]), array([[12,  0,  0,  0],
       [ 4,  5,  0,  0],
       [ 0,  0,  8,  2],
       [ 0,  0,  2, 13]]), array([[10,  1,  0,  0],
       [ 6,  3,  0,  1],
       [ 0,  0,  9,  1],
       [ 1,  0,  2, 12]]), array([[10,  0,  1,  0],
       [ 4,  5,  0,  1],
       [ 0,  0,  9,  1],
       [ 1,  0,  3, 11]]), array([[11,  0,  0,  0],
       [ 8,  2,  0,  0],
       [ 0,  0, 10,  0],
       [ 0,  0,  5,  9]]), array([[11,  0,  0,  0],
       [ 7,  3,  0,  0],
       [ 0,  0,  9,  0],
       [ 0,  0,  3, 12]]), array([[10,  0,  1,  0],
       [ 5,  2,  0,  2],
       [ 0,  0,  9,  1],
       [ 1,  0,  3, 11]]), array([[11,  0,  0,  0],
       [ 5,  4,  0,  0],
       [ 0,  0, 10,  0],
       [ 0,  0,  4, 11]]), array([[11,  0,  0,  0],
       [ 6,  3,  0,  0],
       [ 0,  0, 10,  0],
       [ 0,  0,  5, 10]]), array([[10,  0,  0,  1],
       [ 5,  4,  0,  0],
       [ 0,  0, 10,  0],
       [ 0,  0,  4, 11]])]"
31,"[0.8090349075975359, 0.8069815195071869, 0.8024691358024691, 0.8065843621399177, 0.8057259713701431, 0.7736625514403292, 0.8069815195071869, 0.8028747433264887, 0.8049281314168378, 0.7782340862422998]","[0.8090349075975359, 0.8069815195071869, 0.8024691358024691, 0.8065843621399177, 0.8057259713701431, 0.7736625514403292, 0.8069815195071869, 0.8028747433264887, 0.8049281314168378, 0.7782340862422998]","[0.8090349075975359, 0.8069815195071869, 0.8024691358024691, 0.8065843621399177, 0.8057259713701431, 0.7736625514403292, 0.8069815195071869, 0.8028747433264887, 0.8049281314168378, 0.7782340862422998]","[0.8090349075975359, 0.8069815195071869, 0.8024691358024691, 0.8065843621399177, 0.8057259713701431, 0.7736625514403292, 0.8069815195071869, 0.8028747433264887, 0.8049281314168378, 0.7782340862422998]","[0.8534973557883835, 0.8418129287855809, 0.8446376653979575, 0.8490554187685163, 0.8363996461544518, 0.8270132602821709, 0.8398612829624077, 0.8306036536740965, 0.8548585594497833, 0.8223452826403571]","[0.7684152765583845, 0.7665496049165935, 0.7587064676616916, 0.763548329779673, 0.7667328042328042, 0.7292555081734187, 0.7719271290605795, 0.7649692712906058, 0.7614574187884109, 0.7361281826163302]","[0.7677299489916216, 0.765784002716472, 0.7561363995939575, 0.7618786639576567, 0.7676780789767059, 0.7223296004766486, 0.7745343218035079, 0.7659594955063764, 0.7580295592958716, 0.7310404174994448]","[0.8419010938451201, 0.8319947162192369, 0.8322014950295057, 0.8369554961452498, 0.8280282391071657, 0.8131732190006595, 0.8314884567496537, 0.82194433614507, 0.8402550058831292, 0.811409408295809]","[0.8090349075975359, 0.8069815195071869, 0.8024691358024691, 0.8065843621399177, 0.8057259713701431, 0.7736625514403292, 0.8069815195071869, 0.8028747433264887, 0.8049281314168378, 0.7782340862422998]","[0.791657989104101, 0.7899680959839107, 0.7829431051860377, 0.7879184514199092, 0.7903807007104728, 0.749879409728829, 0.79404267676274, 0.7881458251830492, 0.7844366692851729, 0.7569345738478704]","[array([[130,   1,   2,   1],
       [ 50,  31,   0,   4],
       [  0,   0, 131,   3],
       [  2,   0,  30, 102]]), array([[128,   2,   3,   1],
       [ 48,  31,   0,   6],
       [  0,   0, 129,   5],
       [  2,   0,  27, 105]]), array([[130,   1,   2,   1],
       [ 51,  28,   0,   5],
       [  0,   0, 127,   7],
       [  1,   0,  28, 105]]), array([[129,   1,   1,   3],
       [ 51,  29,   0,   4],
       [  0,   0, 130,   4],
       [  1,   0,  29, 104]]), array([[130,   3,   2,   0],
       [ 45,  33,   0,   6],
       [  0,   0, 130,   5],
       [  2,   0,  32, 101]]), array([[130,   1,   2,   1],
       [ 53,  25,   1,   5],
       [  0,   0, 129,   5],
       [  3,   0,  39,  92]]), array([[129,   3,   1,   1],
       [ 46,  36,   1,   2],
       [  0,   0, 128,   6],
       [  2,   0,  32, 100]]), array([[127,   3,   2,   2],
       [ 46,  33,   0,   6],
       [  0,   0, 125,   9],
       [  3,   0,  25, 106]]), array([[130,   0,   2,   2],
       [ 51,  28,   0,   6],
       [  0,   0, 130,   4],
       [  2,   0,  28, 104]]), array([[128,   2,   3,   1],
       [ 52,  27,   1,   5],
       [  0,   0, 129,   5],
       [  2,   0,  37,  95]])]","[0.6521739130434783, 0.782608695652174, 0.7391304347826086, 0.8043478260869565, 0.7111111111111111, 0.7555555555555555, 0.7111111111111111, 0.8444444444444444, 0.7555555555555555, 0.6888888888888889]","[0.6521739130434783, 0.782608695652174, 0.7391304347826086, 0.8043478260869565, 0.7111111111111111, 0.7555555555555555, 0.7111111111111111, 0.8444444444444444, 0.7555555555555555, 0.6888888888888889]","[0.6521739130434783, 0.782608695652174, 0.7391304347826086, 0.8043478260869565, 0.7111111111111111, 0.7555555555555555, 0.7111111111111111, 0.8444444444444444, 0.7555555555555555, 0.6888888888888889]","[0.6521739130434783, 0.782608695652174, 0.7391304347826086, 0.8043478260869565, 0.7111111111111111, 0.7555555555555555, 0.7111111111111111, 0.8444444444444444, 0.7555555555555555, 0.6888888888888889]","[0.7434640522875816, 0.825, 0.7446581196581197, 0.8378787878787879, 0.8114035087719298, 0.8322368421052632, 0.7757554945054945, 0.8756410256410256, 0.809862012987013, 0.7677350427350428]","[0.6472222222222223, 0.7569444444444445, 0.7272727272727273, 0.793939393939394, 0.7107142857142857, 0.75, 0.6911616161616162, 0.8388888888888888, 0.7527777777777778, 0.692929292929293]","[0.6034090909090909, 0.7599521446295641, 0.6908953115849668, 0.7899267399267399, 0.6623188405797101, 0.7031746031746031, 0.6614016224211126, 0.8297234166799384, 0.7373575498575499, 0.679084249084249]","[0.7382779198635976, 0.813858695652174, 0.7599405425492383, 0.8372859025032938, 0.8230019493177388, 0.8470760233918128, 0.7685286935286936, 0.8835327635327634, 0.8139430014430016, 0.7738841405508072]","[0.6521739130434783, 0.782608695652174, 0.7391304347826086, 0.8043478260869565, 0.7111111111111111, 0.7555555555555555, 0.7111111111111111, 0.8444444444444444, 0.7555555555555555, 0.6888888888888889]","[0.6149868247694334, 0.772775611485289, 0.7089387374244944, 0.7978181239050804, 0.6745893719806764, 0.721058201058201, 0.680583838271661, 0.8392277609668913, 0.7453308008863565, 0.6847700447700447]","[array([[12,  0,  0,  0],
       [ 6,  2,  0,  1],
       [ 0,  0,  9,  1],
       [ 0,  0,  8,  7]]), array([[11,  0,  0,  1],
       [ 5,  4,  0,  0],
       [ 0,  0,  8,  2],
       [ 0,  0,  2, 13]]), array([[10,  1,  0,  0],
       [ 7,  2,  0,  1],
       [ 0,  0, 10,  0],
       [ 1,  0,  2, 12]]), array([[10,  0,  1,  0],
       [ 4,  5,  0,  1],
       [ 0,  0,  9,  1],
       [ 1,  0,  1, 13]]), array([[11,  0,  0,  0],
       [ 8,  2,  0,  0],
       [ 0,  0, 10,  0],
       [ 0,  0,  5,  9]]), array([[11,  0,  0,  0],
       [ 8,  2,  0,  0],
       [ 0,  0,  9,  0],
       [ 0,  0,  3, 12]]), array([[10,  0,  1,  0],
       [ 5,  2,  0,  2],
       [ 0,  0,  9,  1],
       [ 1,  0,  3, 11]]), array([[11,  0,  0,  0],
       [ 4,  5,  0,  0],
       [ 0,  0, 10,  0],
       [ 0,  0,  3, 12]]), array([[11,  0,  0,  0],
       [ 5,  4,  0,  0],
       [ 0,  0,  9,  1],
       [ 0,  0,  5, 10]]), array([[ 8,  0,  2,  1],
       [ 5,  4,  0,  0],
       [ 0,  0, 10,  0],
       [ 0,  0,  6,  9]])]"
32,"[0.8028747433264887, 0.8069815195071869, 0.7777777777777778, 0.7860082304526749, 0.8077709611451943, 0.779835390946502, 0.7946611909650924, 0.7967145790554415, 0.7926078028747433, 0.7761806981519507]","[0.8028747433264887, 0.8069815195071869, 0.7777777777777778, 0.7860082304526749, 0.8077709611451943, 0.779835390946502, 0.7946611909650924, 0.7967145790554415, 0.7926078028747433, 0.7761806981519507]","[0.8028747433264887, 0.8069815195071869, 0.7777777777777778, 0.7860082304526749, 0.8077709611451943, 0.779835390946502, 0.7946611909650924, 0.7967145790554415, 0.7926078028747433, 0.7761806981519507]","[0.8028747433264887, 0.8069815195071869, 0.7777777777777778, 0.7860082304526749, 0.8077709611451943, 0.779835390946502, 0.7946611909650924, 0.7967145790554415, 0.7926078028747433, 0.7761806981519507]","[0.8481559156624142, 0.8464215523623163, 0.839988762531544, 0.8387034521446218, 0.8399437328694919, 0.8248162433120357, 0.8348132264292017, 0.837576649768029, 0.8246379671253561, 0.8297337317074158]","[0.7617427568042143, 0.7676251097453907, 0.7318763326226012, 0.7426705756929637, 0.7652116402116402, 0.7359630419331912, 0.7553555750658473, 0.7572212467076384, 0.7491878841088674, 0.7331870061457418]","[0.7604468710264327, 0.7680469294119212, 0.7238445459233644, 0.7377894958979612, 0.7644910612583027, 0.7315689716002477, 0.7542311027938003, 0.7556811702383754, 0.7444499829686856, 0.7272921335140767]","[0.8361236467276065, 0.8340180709467147, 0.8235267010635959, 0.8257834663276371, 0.8297691528620156, 0.8106036178335453, 0.8242907316955833, 0.8273321996824652, 0.8170553395876609, 0.8163287371868373]","[0.8028747433264887, 0.8069815195071869, 0.7777777777777778, 0.7860082304526749, 0.8077709611451943, 0.779835390946502, 0.7946611909650924, 0.7967145790554415, 0.7926078028747433, 0.7761806981519507]","[0.7849172387761005, 0.7907533531382938, 0.7525894123306606, 0.7640905904200912, 0.7902778379031817, 0.7586369245973442, 0.7772527892928391, 0.7788487567472379, 0.7721077930575803, 0.7537547917115918]","[array([[128,   1,   4,   1],
       [ 50,  30,   0,   5],
       [  0,   0, 131,   3],
       [  3,   0,  29, 102]]), array([[129,   1,   3,   1],
       [ 47,  32,   0,   6],
       [  0,   0, 127,   7],
       [  2,   0,  27, 105]]), array([[131,   0,   2,   1],
       [ 55,  24,   0,   5],
       [  0,   0, 130,   4],
       [  2,   0,  39,  93]]), array([[131,   1,   1,   1],
       [ 53,  27,   0,   4],
       [  0,   0, 131,   3],
       [  1,   0,  40,  93]]), array([[131,   2,   2,   0],
       [ 47,  30,   0,   7],
       [  0,   0, 126,   9],
       [  2,   0,  25, 108]]), array([[129,   1,   2,   2],
       [ 52,  26,   0,   6],
       [  0,   0, 123,  11],
       [  3,   0,  30, 101]]), array([[131,   2,   1,   0],
       [ 50,  31,   0,   4],
       [  0,   0, 127,   7],
       [  3,   0,  33,  98]]), array([[129,   2,   2,   1],
       [ 48,  31,   1,   5],
       [  0,   0, 131,   3],
       [  2,   0,  35,  97]]), array([[127,   3,   3,   1],
       [ 52,  27,   0,   6],
       [  0,   0, 129,   5],
       [  2,   0,  29, 103]]), array([[128,   1,   4,   1],
       [ 54,  26,   0,   5],
       [  0,   0, 130,   4],
       [  3,   0,  37,  94]])]","[0.6739130434782609, 0.782608695652174, 0.717391304347826, 0.782608695652174, 0.7111111111111111, 0.8222222222222222, 0.7111111111111111, 0.7555555555555555, 0.7777777777777778, 0.7555555555555555]","[0.6739130434782609, 0.782608695652174, 0.717391304347826, 0.782608695652174, 0.7111111111111111, 0.8222222222222222, 0.7111111111111111, 0.7555555555555555, 0.7777777777777778, 0.7555555555555555]","[0.6739130434782609, 0.782608695652174, 0.717391304347826, 0.782608695652174, 0.7111111111111111, 0.8222222222222222, 0.7111111111111111, 0.7555555555555555, 0.7777777777777778, 0.7555555555555555]","[0.6739130434782609, 0.782608695652174, 0.717391304347826, 0.782608695652174, 0.7111111111111111, 0.8222222222222222, 0.7111111111111111, 0.7555555555555555, 0.7777777777777778, 0.7555555555555555]","[0.7572916666666667, 0.825, 0.7335972850678734, 0.8184523809523809, 0.8114035087719298, 0.8663101604278075, 0.7757554945054945, 0.828125, 0.8385416666666666, 0.8106060606060606]","[0.6638888888888889, 0.7569444444444445, 0.7106060606060606, 0.7772727272727273, 0.7107142857142857, 0.8166666666666667, 0.6911616161616162, 0.7611111111111112, 0.7777777777777778, 0.755050505050505]","[0.6239860139860139, 0.7599521446295641, 0.6866883116883117, 0.7704163652439514, 0.6623188405797101, 0.7964285714285715, 0.6614016224211126, 0.7373575498575499, 0.7575498575498576, 0.7384615384615385]","[0.7527173913043478, 0.813858695652174, 0.7426716506000394, 0.8193581780538303, 0.8230019493177388, 0.8773618538324421, 0.7685286935286936, 0.8402777777777778, 0.849537037037037, 0.8141414141414143]","[0.6739130434782609, 0.782608695652174, 0.717391304347826, 0.782608695652174, 0.7111111111111111, 0.8222222222222222, 0.7111111111111111, 0.7555555555555555, 0.7777777777777778, 0.7555555555555555]","[0.6390392216479173, 0.772775611485289, 0.698051948051948, 0.7766047046406868, 0.6745893719806764, 0.8085714285714286, 0.680583838271661, 0.7431940487496042, 0.7666983222538778, 0.7452991452991453]","[array([[12,  0,  0,  0],
       [ 6,  2,  0,  1],
       [ 0,  0,  9,  1],
       [ 0,  0,  7,  8]]), array([[11,  0,  0,  1],
       [ 5,  4,  0,  0],
       [ 0,  0,  8,  2],
       [ 0,  0,  2, 13]]), array([[10,  1,  0,  0],
       [ 6,  3,  0,  1],
       [ 0,  0,  9,  1],
       [ 1,  0,  3, 11]]), array([[10,  0,  1,  0],
       [ 4,  5,  0,  1],
       [ 0,  0,  9,  1],
       [ 1,  0,  2, 12]]), array([[11,  0,  0,  0],
       [ 8,  2,  0,  0],
       [ 0,  0, 10,  0],
       [ 0,  0,  5,  9]]), array([[11,  0,  0,  0],
       [ 6,  4,  0,  0],
       [ 0,  0,  9,  0],
       [ 0,  0,  2, 13]]), array([[10,  0,  1,  0],
       [ 5,  2,  0,  2],
       [ 0,  0,  9,  1],
       [ 1,  0,  3, 11]]), array([[11,  0,  0,  0],
       [ 5,  4,  0,  0],
       [ 0,  0, 10,  0],
       [ 0,  0,  6,  9]]), array([[11,  0,  0,  0],
       [ 5,  4,  0,  0],
       [ 0,  0, 10,  0],
       [ 0,  0,  5, 10]]), array([[10,  0,  0,  1],
       [ 5,  4,  0,  0],
       [ 0,  0, 10,  0],
       [ 0,  0,  5, 10]])]"
33,"[0.7864476386036962, 0.8090349075975359, 0.7921810699588477, 0.7880658436213992, 0.7995910020449898, 0.7880658436213992, 0.7823408624229979, 0.8049281314168378, 0.7885010266940452, 0.7679671457905544]","[0.7864476386036962, 0.8090349075975359, 0.7921810699588477, 0.7880658436213992, 0.7995910020449898, 0.7880658436213992, 0.7823408624229979, 0.8049281314168378, 0.7885010266940452, 0.7679671457905544]","[0.7864476386036962, 0.8090349075975359, 0.7921810699588477, 0.7880658436213992, 0.7995910020449898, 0.7880658436213992, 0.7823408624229979, 0.8049281314168378, 0.7885010266940452, 0.7679671457905544]","[0.7864476386036962, 0.8090349075975359, 0.7921810699588477, 0.7880658436213992, 0.7995910020449898, 0.7880658436213992, 0.7823408624229979, 0.8049281314168378, 0.7885010266940452, 0.7679671457905544]","[0.8461444497139204, 0.8492164879479697, 0.8481559873126138, 0.8389026685729617, 0.8427733214497921, 0.8327711637472502, 0.8297116030767001, 0.8411800579137485, 0.8301651694086596, 0.8058709922408622]","[0.7435908691834943, 0.7694907813871817, 0.7482675906183369, 0.742315209665956, 0.7611772486772487, 0.7456467661691542, 0.7409350307287095, 0.7603819139596136, 0.7476075504828797, 0.7246488147497805]","[0.7384357168026733, 0.7697199847403128, 0.7444301140696125, 0.7357163850602777, 0.7627670164110842, 0.7431258586238789, 0.7370407411306453, 0.7556492023894035, 0.746491692477926, 0.717246280307035]","[0.8306641171389351, 0.8370942218171668, 0.8325341753077388, 0.8262858174448239, 0.829442931662347, 0.8191141598756393, 0.8192855973629937, 0.8321392636275089, 0.8164309325182234, 0.7971187922815239]","[0.7864476386036962, 0.8090349075975359, 0.7921810699588477, 0.7880658436213992, 0.7995910020449898, 0.7880658436213992, 0.7823408624229979, 0.8049281314168378, 0.7885010266940452, 0.7679671457905544]","[0.7642228833803549, 0.7925947446290903, 0.7709675243147901, 0.7646434355247657, 0.7839852047713127, 0.7685940311943461, 0.7622032190571016, 0.7840193966425684, 0.7708552437164424, 0.7448923825777561]","[array([[131,   0,   2,   1],
       [ 53,  27,   0,   5],
       [  0,   0, 131,   3],
       [  4,   0,  36,  94]]), array([[128,   1,   3,   2],
       [ 47,  32,   0,   6],
       [  0,   0, 130,   4],
       [  2,   0,  28, 104]]), array([[131,   0,   2,   1],
       [ 53,  27,   0,   4],
       [  0,   0, 129,   5],
       [  1,   0,  35,  98]]), array([[131,   1,   1,   1],
       [ 55,  25,   0,   4],
       [  0,   0, 130,   4],
       [  1,   0,  36,  97]]), array([[131,   1,   2,   1],
       [ 46,  33,   0,   5],
       [  0,   0, 129,   6],
       [  3,   0,  34,  98]]), array([[128,   1,   2,   3],
       [ 51,  28,   0,   5],
       [  0,   0, 127,   7],
       [  2,   0,  32, 100]]), array([[130,   2,   1,   1],
       [ 54,  28,   1,   2],
       [  0,   0, 129,   5],
       [  4,   0,  36,  94]]), array([[129,   2,   2,   1],
       [ 52,  27,   0,   6],
       [  0,   0, 130,   4],
       [  2,   0,  26, 106]]), array([[125,   1,   7,   1],
       [ 50,  29,   0,   6],
       [  0,   0, 122,  12],
       [  2,   0,  24, 108]]), array([[127,   3,   3,   1],
       [ 54,  25,   0,   6],
       [  0,   0, 128,   6],
       [  3,   0,  37,  94]])]","[0.6304347826086957, 0.7608695652173914, 0.7391304347826086, 0.7608695652173914, 0.7111111111111111, 0.7777777777777778, 0.7111111111111111, 0.8, 0.7111111111111111, 0.8]","[0.6304347826086957, 0.7608695652173914, 0.7391304347826086, 0.7608695652173914, 0.7111111111111111, 0.7777777777777778, 0.7111111111111111, 0.8, 0.7111111111111111, 0.8]","[0.6304347826086957, 0.7608695652173914, 0.7391304347826086, 0.7608695652173914, 0.7111111111111111, 0.7777777777777778, 0.7111111111111111, 0.8, 0.7111111111111111, 0.8]","[0.6304347826086957, 0.7608695652173914, 0.7391304347826086, 0.7608695652173914, 0.7111111111111111, 0.7777777777777778, 0.7111111111111111, 0.8, 0.7111111111111111, 0.8]","[0.7346921224630203, 0.814889705882353, 0.7560331825037707, 0.8080357142857143, 0.8114035087719298, 0.8625, 0.7757554945054945, 0.8540723981900452, 0.7288461538461539, 0.8397435897435896]","[0.6194444444444445, 0.7291666666666666, 0.7356060606060606, 0.7522727272727272, 0.7107142857142857, 0.7583333333333333, 0.6911616161616162, 0.7833333333333332, 0.705050505050505, 0.7883838383838384]","[0.5560483870967742, 0.7243325917686319, 0.7068092937658155, 0.7394843343119205, 0.6623188405797101, 0.7010953159012406, 0.6614016224211126, 0.7610420979986197, 0.6942630638282812, 0.7778308647873865]","[0.7291246017857943, 0.8033088235294118, 0.7698455636435176, 0.8093944099378881, 0.8230019493177388, 0.87, 0.7685286935286936, 0.8624434389140272, 0.7374928774928776, 0.8415954415954416]","[0.6304347826086957, 0.7608695652173914, 0.7391304347826086, 0.7608695652173914, 0.7111111111111111, 0.7777777777777778, 0.7111111111111111, 0.8, 0.7111111111111111, 0.8]","[0.576238896680692, 0.743132466025052, 0.7187115551954871, 0.7490879379934852, 0.6745893719806764, 0.7251935075832975, 0.680583838271661, 0.7815965033356337, 0.7038228545474923, 0.7900621118012422]","[array([[12,  0,  0,  0],
       [ 7,  1,  0,  1],
       [ 0,  0,  9,  1],
       [ 0,  0,  8,  7]]), array([[11,  0,  0,  1],
       [ 6,  3,  0,  0],
       [ 0,  0,  8,  2],
       [ 0,  0,  2, 13]]), array([[10,  1,  0,  0],
       [ 6,  3,  0,  1],
       [ 0,  0, 10,  0],
       [ 1,  0,  3, 11]]), array([[10,  0,  1,  0],
       [ 5,  4,  0,  1],
       [ 0,  0,  9,  1],
       [ 1,  0,  2, 12]]), array([[11,  0,  0,  0],
       [ 8,  2,  0,  0],
       [ 0,  0, 10,  0],
       [ 0,  0,  5,  9]]), array([[11,  0,  0,  0],
       [ 9,  1,  0,  0],
       [ 0,  0,  9,  0],
       [ 0,  0,  1, 14]]), array([[10,  0,  1,  0],
       [ 5,  2,  0,  2],
       [ 0,  0,  9,  1],
       [ 1,  0,  3, 11]]), array([[11,  0,  0,  0],
       [ 6,  3,  0,  0],
       [ 0,  0, 10,  0],
       [ 0,  0,  3, 12]]), array([[10,  1,  0,  0],
       [ 5,  4,  0,  0],
       [ 0,  0,  8,  2],
       [ 0,  0,  5, 10]]), array([[10,  0,  0,  1],
       [ 5,  4,  0,  0],
       [ 0,  0, 10,  0],
       [ 0,  0,  3, 12]])]"
34,"[0.7885010266940452, 0.7946611909650924, 0.7839506172839507, 0.7921810699588477, 0.7975460122699386, 0.779835390946502, 0.784394250513347, 0.8069815195071869, 0.7987679671457906, 0.7967145790554415]","[0.7885010266940452, 0.7946611909650924, 0.7839506172839507, 0.7921810699588477, 0.7975460122699386, 0.779835390946502, 0.784394250513347, 0.8069815195071869, 0.7987679671457906, 0.7967145790554415]","[0.7885010266940452, 0.7946611909650924, 0.7839506172839507, 0.7921810699588477, 0.7975460122699386, 0.779835390946502, 0.784394250513347, 0.8069815195071869, 0.7987679671457906, 0.7967145790554415]","[0.7885010266940452, 0.7946611909650924, 0.7839506172839507, 0.7921810699588477, 0.7975460122699386, 0.779835390946502, 0.784394250513347, 0.8069815195071869, 0.7987679671457906, 0.7967145790554415]","[0.838027557100298, 0.8227017546702096, 0.8441958430027243, 0.8507457036868802, 0.8299749540496748, 0.8343724916951307, 0.83870759475356, 0.8424065531927979, 0.8426956995860159, 0.8419180093605853]","[0.7411545215100965, 0.7510535557506585, 0.736362828713575, 0.7471570717839374, 0.7559523809523809, 0.7359630419331913, 0.746027216856892, 0.7687006145741878, 0.7537093942054435, 0.7529192273924495]","[0.7323764703239491, 0.7456696110000605, 0.7269870060665682, 0.7419777071184934, 0.7548135588849635, 0.7317420995758507, 0.7446856017847533, 0.7695181273007768, 0.7480977888683186, 0.7484881254012067]","[0.8259228691425593, 0.8178454233026562, 0.8281666087437453, 0.8353903234077525, 0.8217235967754356, 0.8173326245855764, 0.8256232459710641, 0.8322996150130179, 0.8305948866384382, 0.8296058583516914]","[0.7885010266940452, 0.7946611909650924, 0.7839506172839507, 0.7921810699588477, 0.7975460122699386, 0.779835390946502, 0.784394250513347, 0.8069815195071869, 0.7987679671457906, 0.7967145790554415]","[0.7636034681952112, 0.7738574264239142, 0.7575508398125038, 0.7696783690928988, 0.7800520974315626, 0.7583897155067744, 0.7662950114801146, 0.7916051668033192, 0.7766538292267325, 0.7757160287710615]","[array([[129,   1,   3,   1],
       [ 57,  23,   0,   5],
       [  0,   0, 129,   5],
       [  4,   0,  27, 103]]), array([[127,   4,   2,   1],
       [ 52,  27,   0,   6],
       [  0,   0, 132,   2],
       [  2,   0,  31, 101]]), array([[131,   0,   2,   1],
       [ 55,  23,   0,   6],
       [  0,   0, 131,   3],
       [  1,   0,  37,  96]]), array([[130,   0,   2,   2],
       [ 54,  26,   0,   4],
       [  0,   0, 132,   2],
       [  1,   0,  36,  97]]), array([[128,   3,   2,   2],
       [ 49,  30,   0,   5],
       [  0,   0, 131,   4],
       [  2,   0,  32, 101]]), array([[126,   0,   4,   4],
       [ 52,  26,   0,   6],
       [  0,   0, 128,   6],
       [  3,   0,  32,  99]]), array([[130,   1,   3,   0],
       [ 51,  31,   0,   3],
       [  0,   0, 130,   4],
       [  2,   0,  41,  91]]), array([[127,   2,   4,   1],
       [ 46,  33,   0,   6],
       [  0,   0, 130,   4],
       [  2,   0,  29, 103]]), array([[130,   1,   2,   1],
       [ 53,  26,   0,   6],
       [  0,   0, 128,   6],
       [  2,   0,  27, 105]]), array([[130,   1,   2,   1],
       [ 53,  27,   0,   5],
       [  0,   0, 128,   6],
       [  2,   0,  29, 103]])]","[0.6739130434782609, 0.8043478260869565, 0.717391304347826, 0.717391304347826, 0.6888888888888889, 0.7333333333333333, 0.6888888888888889, 0.8, 0.8, 0.8]","[0.6739130434782609, 0.8043478260869565, 0.717391304347826, 0.717391304347826, 0.6888888888888889, 0.7333333333333333, 0.6888888888888889, 0.8, 0.8, 0.8]","[0.6739130434782609, 0.8043478260869565, 0.717391304347826, 0.717391304347826, 0.6888888888888889, 0.7333333333333333, 0.6888888888888889, 0.8, 0.8, 0.8]","[0.6739130434782609, 0.8043478260869565, 0.717391304347826, 0.717391304347826, 0.6888888888888889, 0.7333333333333333, 0.6888888888888889, 0.8, 0.8, 0.8]","[0.7572916666666667, 0.8430871212121213, 0.7270299145299145, 0.7816742081447964, 0.7951388888888888, 0.8178137651821862, 0.6861721611721612, 0.8504464285714286, 0.8504464285714286, 0.8357142857142857]","[0.6638888888888889, 0.7819444444444444, 0.7106060606060607, 0.7106060606060606, 0.687987012987013, 0.7333333333333334, 0.6684343434343435, 0.7944444444444445, 0.7944444444444445, 0.7823232323232323]","[0.6239860139860139, 0.7812271062271062, 0.670431878078055, 0.6860367892976589, 0.6437069926575174, 0.6827505827505828, 0.641717602737093, 0.7774216524216525, 0.7774216524216525, 0.7777855477855478]","[0.7527173913043478, 0.8354743083003953, 0.7439149015235972, 0.7844776706669289, 0.8080246913580248, 0.8355375618533513, 0.6957509157509156, 0.8601190476190476, 0.8601190476190476, 0.8312169312169312]","[0.6739130434782609, 0.8043478260869565, 0.717391304347826, 0.717391304347826, 0.6888888888888889, 0.7333333333333333, 0.6888888888888889, 0.8, 0.8, 0.8]","[0.6390392216479173, 0.794314381270903, 0.6865435732523927, 0.6974854068426848, 0.6570748813627375, 0.6990209790209789, 0.6626840425940876, 0.7894903450459005, 0.7894903450459005, 0.789986013986014]","[array([[12,  0,  0,  0],
       [ 6,  2,  0,  1],
       [ 0,  0,  9,  1],
       [ 0,  0,  7,  8]]), array([[11,  0,  0,  1],
       [ 5,  4,  0,  0],
       [ 0,  0,  9,  1],
       [ 0,  0,  2, 13]]), array([[10,  1,  0,  0],
       [ 7,  2,  0,  1],
       [ 0,  0, 10,  0],
       [ 1,  0,  3, 11]]), array([[10,  0,  1,  0],
       [ 6,  3,  0,  1],
       [ 0,  0,  9,  1],
       [ 1,  0,  3, 11]]), array([[10,  0,  1,  0],
       [ 8,  2,  0,  0],
       [ 0,  0, 10,  0],
       [ 0,  0,  5,  9]]), array([[11,  0,  0,  0],
       [ 8,  2,  0,  0],
       [ 0,  0,  9,  0],
       [ 0,  0,  4, 11]]), array([[ 9,  1,  1,  0],
       [ 5,  2,  0,  2],
       [ 0,  0,  9,  1],
       [ 1,  0,  3, 11]]), array([[11,  0,  0,  0],
       [ 5,  4,  0,  0],
       [ 0,  0, 10,  0],
       [ 0,  0,  4, 11]]), array([[11,  0,  0,  0],
       [ 5,  4,  0,  0],
       [ 0,  0, 10,  0],
       [ 0,  0,  4, 11]]), array([[ 9,  0,  0,  2],
       [ 5,  4,  0,  0],
       [ 0,  0, 10,  0],
       [ 0,  0,  2, 13]])]"
35,"[0.7905544147843943, 0.8069815195071869, 0.8045267489711934, 0.7921810699588477, 0.8057259713701431, 0.7674897119341564, 0.7885010266940452, 0.7946611909650924, 0.8008213552361396, 0.7761806981519507]","[0.7905544147843943, 0.8069815195071869, 0.8045267489711934, 0.7921810699588477, 0.8057259713701431, 0.7674897119341564, 0.7885010266940452, 0.7946611909650924, 0.8008213552361396, 0.7761806981519507]","[0.7905544147843943, 0.8069815195071869, 0.8045267489711934, 0.7921810699588477, 0.8057259713701431, 0.7674897119341564, 0.7885010266940452, 0.7946611909650924, 0.8008213552361396, 0.7761806981519507]","[0.7905544147843943, 0.8069815195071869, 0.8045267489711934, 0.7921810699588477, 0.8057259713701431, 0.7674897119341564, 0.7885010266940452, 0.7946611909650924, 0.8008213552361396, 0.7761806981519507]","[0.83249276141433, 0.8498196538056747, 0.8435282276812331, 0.8473120017237664, 0.8542465494219881, 0.8215859522535024, 0.8404966532331734, 0.8225178609889869, 0.8433485831724372, 0.8369931468488683]","[0.7462467076382792, 0.7665496049165934, 0.7605721393034826, 0.7504886282871358, 0.7644841269841269, 0.7203269367448472, 0.7476075504828799, 0.7575065847234417, 0.7544995610184373, 0.7299604916593503]","[0.7404914546083428, 0.7650643968949107, 0.7576530123830947, 0.7481576244316158, 0.7650817103375381, 0.7101893257494509, 0.7448444559724836, 0.757277694982613, 0.7480752520848752, 0.7198643533631646]","[0.8228257086613572, 0.8378533561393052, 0.8342890192808112, 0.8316033599257999, 0.8390452693003548, 0.8077036696529949, 0.8278019290889409, 0.8155377223560457, 0.8314567884292438, 0.8205920466344834]","[0.7905544147843943, 0.8069815195071869, 0.8045267489711934, 0.7921810699588477, 0.8057259713701431, 0.7674897119341564, 0.7885010266940452, 0.7946611909650924, 0.8008213552361396, 0.7761806981519507]","[0.768695579268378, 0.7887242397738402, 0.7850629858612486, 0.7723225717719894, 0.7886471807941873, 0.7409480060455851, 0.769042268835709, 0.7790403445366922, 0.7780210740152383, 0.749439267006747]","[array([[129,   2,   2,   1],
       [ 54,  26,   0,   5],
       [  0,   0, 130,   4],
       [  4,   0,  30, 100]]), array([[130,   1,   2,   1],
       [ 47,  31,   0,   7],
       [  0,   0, 132,   2],
       [  2,   0,  32, 100]]), array([[130,   2,   2,   0],
       [ 52,  28,   0,   4],
       [  0,   0, 130,   4],
       [  1,   0,  30, 103]]), array([[131,   0,   2,   1],
       [ 50,  29,   0,   5],
       [  0,   0, 130,   4],
       [  1,   0,  38,  95]]), array([[131,   0,   2,   2],
       [ 48,  31,   0,   5],
       [  0,   0, 130,   5],
       [  3,   0,  30, 102]]), array([[127,   1,   3,   3],
       [ 56,  22,   1,   5],
       [  0,   0, 130,   4],
       [  3,   0,  37,  94]]), array([[131,   1,   1,   1],
       [ 53,  29,   1,   2],
       [  0,   0, 129,   5],
       [  3,   0,  36,  95]]), array([[126,   4,   2,   2],
       [ 46,  33,   0,   6],
       [  0,   0, 130,   4],
       [  2,   0,  34,  98]]), array([[129,   1,   2,   2],
       [ 54,  25,   0,   6],
       [  0,   0, 127,   7],
       [  2,   0,  23, 109]]), array([[131,   0,   2,   1],
       [ 56,  23,   0,   6],
       [  0,   0, 129,   5],
       [  1,   0,  38,  95]])]","[0.6521739130434783, 0.782608695652174, 0.6956521739130435, 0.7608695652173914, 0.6444444444444445, 0.7333333333333333, 0.7111111111111111, 0.7555555555555555, 0.8, 0.7555555555555555]","[0.6521739130434783, 0.782608695652174, 0.6956521739130435, 0.7608695652173914, 0.6444444444444445, 0.7333333333333333, 0.7111111111111111, 0.7555555555555555, 0.8, 0.7555555555555555]","[0.6521739130434783, 0.782608695652174, 0.6956521739130435, 0.7608695652173914, 0.6444444444444445, 0.7333333333333333, 0.7111111111111111, 0.7555555555555555, 0.8, 0.7555555555555555]","[0.6521739130434783, 0.782608695652174, 0.6956521739130435, 0.7608695652173914, 0.6444444444444445, 0.7333333333333333, 0.7111111111111111, 0.7555555555555555, 0.8, 0.7555555555555555]","[0.7434640522875816, 0.825, 0.7045940170940171, 0.8012820512820512, 0.5166666666666667, 0.825, 0.7757554945054945, 0.8313492063492064, 0.8540723981900452, 0.8008241758241759]","[0.6472222222222223, 0.7569444444444445, 0.6856060606060607, 0.7606060606060606, 0.6357142857142857, 0.7250000000000001, 0.6911616161616162, 0.7388888888888889, 0.7833333333333332, 0.748989898989899]","[0.6034090909090909, 0.7599521446295641, 0.6503108960005511, 0.7510551043159739, 0.546875, 0.6593818368011917, 0.6614016224211126, 0.7004360581946789, 0.7610420979986197, 0.7386080586080586]","[0.7382779198635976, 0.813858695652174, 0.7167409884801189, 0.8032329988851729, 0.5508994708994709, 0.84, 0.7685286935286936, 0.8414462081128748, 0.8624434389140272, 0.797924297924298]","[0.6521739130434783, 0.782608695652174, 0.6956521739130435, 0.7608695652173914, 0.6444444444444445, 0.7333333333333333, 0.7111111111111111, 0.7555555555555555, 0.8, 0.7555555555555555]","[0.6149868247694334, 0.772775611485289, 0.6658839661088536, 0.7552175297921989, 0.5680555555555555, 0.6816056106378687, 0.680583838271661, 0.7254043529905599, 0.7815965033356337, 0.7461668701668701]","[array([[12,  0,  0,  0],
       [ 6,  2,  0,  1],
       [ 0,  0,  9,  1],
       [ 0,  0,  8,  7]]), array([[11,  0,  0,  1],
       [ 5,  4,  0,  0],
       [ 0,  0,  8,  2],
       [ 0,  0,  2, 13]]), array([[10,  1,  0,  0],
       [ 7,  2,  0,  1],
       [ 0,  0,  9,  1],
       [ 1,  0,  3, 11]]), array([[10,  0,  1,  0],
       [ 4,  5,  0,  1],
       [ 0,  0,  9,  1],
       [ 1,  0,  3, 11]]), array([[11,  0,  0,  0],
       [10,  0,  0,  0],
       [ 0,  0,  9,  1],
       [ 0,  0,  5,  9]]), array([[11,  0,  0,  0],
       [ 9,  1,  0,  0],
       [ 0,  0,  9,  0],
       [ 0,  0,  3, 12]]), array([[10,  0,  1,  0],
       [ 5,  2,  0,  2],
       [ 0,  0,  9,  1],
       [ 1,  0,  3, 11]]), array([[11,  0,  0,  0],
       [ 7,  2,  0,  0],
       [ 0,  0, 10,  0],
       [ 0,  0,  4, 11]]), array([[11,  0,  0,  0],
       [ 6,  3,  0,  0],
       [ 0,  0, 10,  0],
       [ 0,  0,  3, 12]]), array([[ 9,  0,  0,  2],
       [ 5,  4,  0,  0],
       [ 0,  0, 10,  0],
       [ 0,  0,  4, 11]])]"
36,"[0.8049281314168378, 0.8008213552361396, 0.7983539094650206, 0.8024691358024691, 0.8016359918200409, 0.7839506172839507, 0.7946611909650924, 0.7823408624229979, 0.7905544147843943, 0.7700205338809035]","[0.8049281314168378, 0.8008213552361396, 0.7983539094650206, 0.8024691358024691, 0.8016359918200409, 0.7839506172839507, 0.7946611909650924, 0.7823408624229979, 0.7905544147843943, 0.7700205338809035]","[0.8049281314168378, 0.8008213552361396, 0.7983539094650206, 0.8024691358024691, 0.8016359918200409, 0.7839506172839507, 0.7946611909650924, 0.7823408624229979, 0.7905544147843943, 0.7700205338809035]","[0.8049281314168378, 0.8008213552361396, 0.7983539094650206, 0.8024691358024691, 0.8016359918200409, 0.7839506172839507, 0.7946611909650924, 0.7823408624229979, 0.7905544147843943, 0.7700205338809035]","[0.8401321684587814, 0.8380094825667946, 0.8422269133783543, 0.8544596089602626, 0.8432424659625622, 0.8332276979606463, 0.85113871588158, 0.809864669465101, 0.8464904874479342, 0.8351115186741135]","[0.7636084284460053, 0.7598770851624231, 0.7549751243781094, 0.759816986496091, 0.7596560846560847, 0.7385838663823738, 0.759657594381036, 0.7409350307287095, 0.745171202809482, 0.7222124670763828]","[0.7625176360252598, 0.7582472784085686, 0.75243217185096, 0.7583435705175946, 0.7595892246538171, 0.7324364630937328, 0.7612256719970198, 0.7373169044855792, 0.7382099506304172, 0.7102644256568486]","[0.8303354051209586, 0.8279991430303942, 0.829542723254799, 0.8394863177010303, 0.8302578587118736, 0.8200270021193073, 0.836160886473361, 0.8033110119780167, 0.8310449718112788, 0.8185210965283878]","[0.8049281314168378, 0.8008213552361396, 0.7983539094650206, 0.8024691358024691, 0.8016359918200409, 0.7839506172839507, 0.7946611909650924, 0.7823408624229979, 0.7905544147843943, 0.7700205338809035]","[0.7876411658754294, 0.7829411418866279, 0.7788577840538428, 0.7835564546980893, 0.7843956761981333, 0.7610260730266833, 0.7791244904662614, 0.7633447009266509, 0.7667511422282882, 0.7418616792863412]","[array([[127,   2,   3,   2],
       [ 50,  30,   0,   5],
       [  0,   0, 128,   6],
       [  3,   0,  24, 107]]), array([[127,   2,   4,   1],
       [ 49,  30,   0,   6],
       [  0,   0, 130,   4],
       [  2,   0,  29, 103]]), array([[129,   1,   3,   1],
       [ 51,  28,   0,   5],
       [  0,   0, 128,   6],
       [  1,   0,  30, 103]]), array([[130,   0,   2,   2],
       [ 51,  29,   0,   4],
       [  0,   0, 130,   4],
       [  2,   0,  31, 101]]), array([[128,   1,   5,   1],
       [ 48,  30,   0,   6],
       [  0,   0, 129,   6],
       [  2,   0,  28, 105]]), array([[130,   1,   2,   1],
       [ 54,  25,   0,   5],
       [  0,   0, 128,   6],
       [  3,   0,  33,  98]]), array([[132,   0,   1,   1],
       [ 47,  35,   1,   2],
       [  0,   0, 130,   4],
       [  3,   0,  41,  90]]), array([[125,   4,   4,   1],
       [ 51,  28,   0,   6],
       [  0,   0, 127,   7],
       [  2,   0,  31, 101]]), array([[131,   0,   2,   1],
       [ 54,  25,   0,   6],
       [  0,   0, 129,   5],
       [  3,   0,  31, 100]]), array([[129,   0,   4,   1],
       [ 59,  21,   0,   5],
       [  0,   0, 129,   5],
       [  3,   0,  35,  96]])]","[0.6521739130434783, 0.782608695652174, 0.717391304347826, 0.782608695652174, 0.6444444444444445, 0.7333333333333333, 0.6888888888888889, 0.8, 0.7555555555555555, 0.8]","[0.6521739130434783, 0.782608695652174, 0.717391304347826, 0.782608695652174, 0.6444444444444445, 0.7333333333333333, 0.6888888888888889, 0.8, 0.7555555555555555, 0.8]","[0.6521739130434783, 0.782608695652174, 0.717391304347826, 0.782608695652174, 0.6444444444444445, 0.7333333333333333, 0.6888888888888889, 0.8, 0.7555555555555555, 0.8]","[0.6521739130434783, 0.782608695652174, 0.717391304347826, 0.782608695652174, 0.6444444444444445, 0.7333333333333333, 0.6888888888888889, 0.8, 0.7555555555555555, 0.8]","[0.7485197368421053, 0.8329768270944742, 0.7270299145299145, 0.8184523809523809, 0.65625, 0.8178137651821862, 0.6861721611721612, 0.8540723981900452, 0.8284313725490196, 0.8397435897435896]","[0.6361111111111111, 0.7541666666666667, 0.7106060606060607, 0.7772727272727273, 0.6402597402597403, 0.7333333333333334, 0.6684343434343435, 0.7833333333333332, 0.7499999999999999, 0.7883838383838384]","[0.5766253101736972, 0.745607553366174, 0.670431878078055, 0.7704163652439514, 0.5847989466805059, 0.6827505827505828, 0.641717602737093, 0.7610420979986197, 0.7214285714285713, 0.7778308647873865]","[0.7435640732265447, 0.8249244361776331, 0.7439149015235972, 0.8193581780538303, 0.6833333333333333, 0.8355375618533513, 0.6957509157509156, 0.8624434389140272, 0.8396514161220043, 0.8415954415954416]","[0.6521739130434783, 0.782608695652174, 0.717391304347826, 0.782608695652174, 0.6444444444444445, 0.7333333333333333, 0.6888888888888889, 0.8, 0.7555555555555555, 0.8]","[0.6002912935591758, 0.7646712358106661, 0.6865435732523927, 0.7766047046406868, 0.6031796067778076, 0.6990209790209789, 0.6626840425940876, 0.7815965033356337, 0.7365079365079364, 0.7900621118012422]","[array([[12,  0,  0,  0],
       [ 7,  1,  0,  1],
       [ 0,  0,  9,  1],
       [ 0,  0,  7,  8]]), array([[11,  0,  0,  1],
       [ 6,  3,  0,  0],
       [ 0,  0,  9,  1],
       [ 0,  0,  2, 13]]), array([[10,  1,  0,  0],
       [ 7,  2,  0,  1],
       [ 0,  0, 10,  0],
       [ 1,  0,  3, 11]]), array([[10,  0,  1,  0],
       [ 4,  5,  0,  1],
       [ 0,  0,  9,  1],
       [ 1,  0,  2, 12]]), array([[ 9,  1,  1,  0],
       [ 9,  1,  0,  0],
       [ 0,  0, 10,  0],
       [ 0,  0,  5,  9]]), array([[11,  0,  0,  0],
       [ 8,  2,  0,  0],
       [ 0,  0,  9,  0],
       [ 0,  0,  4, 11]]), array([[ 9,  1,  1,  0],
       [ 5,  2,  0,  2],
       [ 0,  0,  9,  1],
       [ 1,  0,  3, 11]]), array([[11,  0,  0,  0],
       [ 6,  3,  0,  0],
       [ 0,  0, 10,  0],
       [ 0,  0,  3, 12]]), array([[11,  0,  0,  0],
       [ 6,  3,  0,  0],
       [ 0,  0, 10,  0],
       [ 0,  0,  5, 10]]), array([[10,  0,  0,  1],
       [ 5,  4,  0,  0],
       [ 0,  0, 10,  0],
       [ 0,  0,  3, 12]])]"
37,"[0.7905544147843943, 0.7987679671457906, 0.7860082304526749, 0.7880658436213992, 0.7914110429447853, 0.779835390946502, 0.7802874743326489, 0.7926078028747433, 0.8008213552361396, 0.7618069815195072]","[0.7905544147843943, 0.7987679671457906, 0.7860082304526749, 0.7880658436213992, 0.7914110429447853, 0.779835390946502, 0.7802874743326489, 0.7926078028747433, 0.8008213552361396, 0.7618069815195072]","[0.7905544147843943, 0.7987679671457906, 0.7860082304526749, 0.7880658436213992, 0.7914110429447853, 0.779835390946502, 0.7802874743326489, 0.7926078028747433, 0.8008213552361396, 0.7618069815195072]","[0.7905544147843943, 0.7987679671457906, 0.7860082304526749, 0.7880658436213992, 0.7914110429447853, 0.779835390946502, 0.7802874743326489, 0.7926078028747433, 0.8008213552361396, 0.7618069815195072]","[0.8476994851994851, 0.8528742368592954, 0.8431327612623758, 0.8410552792815478, 0.8350618131868132, 0.8271258590930722, 0.8296089984815476, 0.8347828310358743, 0.8526437953894037, 0.818224135448572]","[0.7494732221246707, 0.7526338893766462, 0.7382285003553661, 0.7400941719971571, 0.7492724867724867, 0.7359630419331912, 0.7401448639157157, 0.7513388937664618, 0.7566505706760317, 0.7093722563652326]","[0.747023346105186, 0.7456864812465518, 0.7300993551778472, 0.7311875381990585, 0.7481805754829784, 0.7305523387522721, 0.7375664411426852, 0.7480846746025094, 0.7524339885429387, 0.6887460450284955]","[0.8323756141004601, 0.83807102865828, 0.8269941564539782, 0.8289896358605822, 0.8213361536214296, 0.8131508484068694, 0.8158188018879731, 0.8246506935478629, 0.837817401085668, 0.8058531612764087]","[0.7905544147843943, 0.7987679671457906, 0.7860082304526749, 0.7880658436213992, 0.7914110429447853, 0.779835390946502, 0.7802874743326489, 0.7926078028747433, 0.8008213552361396, 0.7618069815195072]","[0.7709952545194582, 0.7749799315717136, 0.7609833894496344, 0.7625930538650186, 0.7731495753369237, 0.7575156998925812, 0.7610319691462389, 0.7730459662976282, 0.7796296054599902, 0.7264791193340158]","[array([[130,   0,   3,   1],
       [ 52,  29,   0,   4],
       [  0,   0, 130,   4],
       [  3,   0,  35,  96]]), array([[131,   0,   2,   1],
       [ 54,  25,   0,   6],
       [  0,   0, 130,   4],
       [  2,   0,  29, 103]]), array([[131,   0,   3,   0],
       [ 56,  23,   0,   5],
       [  0,   0, 126,   8],
       [  2,   0,  30, 102]]), array([[130,   1,   2,   1],
       [ 57,  23,   0,   4],
       [  0,   0, 132,   2],
       [  1,   0,  35,  98]]), array([[130,   1,   4,   0],
       [ 49,  29,   0,   6],
       [  0,   0, 126,   9],
       [  3,   0,  30, 102]]), array([[129,   1,   2,   2],
       [ 51,  26,   0,   7],
       [  0,   0, 128,   6],
       [  3,   0,  35,  96]]), array([[131,   1,   1,   1],
       [ 53,  29,   0,   3],
       [  0,   0, 125,   9],
       [  3,   0,  36,  95]]), array([[129,   2,   2,   1],
       [ 51,  29,   0,   5],
       [  0,   0, 131,   3],
       [  2,   0,  35,  97]]), array([[130,   0,   2,   2],
       [ 53,  27,   0,   5],
       [  0,   0, 129,   5],
       [  2,   0,  28, 104]]), array([[130,   1,   2,   1],
       [ 63,  16,   1,   5],
       [  0,   0, 129,   5],
       [  2,   0,  36,  96]])]","[0.6521739130434783, 0.7608695652173914, 0.717391304347826, 0.7608695652173914, 0.6444444444444445, 0.7777777777777778, 0.6888888888888889, 0.7777777777777778, 0.7777777777777778, 0.7777777777777778]","[0.6521739130434783, 0.7608695652173914, 0.717391304347826, 0.7608695652173914, 0.6444444444444445, 0.7777777777777778, 0.6888888888888889, 0.7777777777777778, 0.7777777777777778, 0.7777777777777778]","[0.6521739130434783, 0.7608695652173914, 0.717391304347826, 0.7608695652173914, 0.6444444444444445, 0.7777777777777778, 0.6888888888888889, 0.7777777777777778, 0.7777777777777778, 0.7777777777777778]","[0.6521739130434783, 0.7608695652173914, 0.717391304347826, 0.7608695652173914, 0.6444444444444445, 0.7777777777777778, 0.6888888888888889, 0.7777777777777778, 0.7777777777777778, 0.7777777777777778]","[0.7434640522875816, 0.814889705882353, 0.7243867243867245, 0.8012820512820512, 0.5357142857142857, 0.8492822966507177, 0.7624434389140271, 0.8403361344537815, 0.8241185897435898, 0.8173076923076923]","[0.6472222222222223, 0.7291666666666666, 0.7022727272727274, 0.7606060606060606, 0.637987012987013, 0.7666666666666667, 0.6744949494949495, 0.7666666666666666, 0.7694444444444445, 0.7656565656565657]","[0.6034090909090909, 0.7243325917686319, 0.6705191360363774, 0.7510551043159739, 0.5519021739130435, 0.7238095238095239, 0.6437041219649916, 0.7413003663003663, 0.7569057351666048, 0.7581340099181179]","[0.7382779198635976, 0.8033088235294118, 0.7351464960160612, 0.8032329988851729, 0.5756613756613757, 0.8607123870281765, 0.754047259929613, 0.850233426704015, 0.8274572649572649, 0.8137973137973139]","[0.6521739130434783, 0.7608695652173914, 0.717391304347826, 0.7608695652173914, 0.6444444444444445, 0.7777777777777778, 0.6888888888888889, 0.7777777777777778, 0.7777777777777778, 0.7777777777777778]","[0.6149868247694334, 0.743132466025052, 0.6880076445293837, 0.7552175297921989, 0.5740338164251209, 0.7428571428571429, 0.6593387289039463, 0.7592999592999593, 0.767771859559299, 0.7681757070182857]","[array([[12,  0,  0,  0],
       [ 6,  2,  0,  1],
       [ 0,  0,  9,  1],
       [ 0,  0,  8,  7]]), array([[11,  0,  0,  1],
       [ 6,  3,  0,  0],
       [ 0,  0,  8,  2],
       [ 0,  0,  2, 13]]), array([[10,  1,  0,  0],
       [ 7,  2,  0,  1],
       [ 0,  0,  9,  1],
       [ 1,  0,  2, 12]]), array([[10,  0,  1,  0],
       [ 4,  5,  0,  1],
       [ 0,  0,  9,  1],
       [ 1,  0,  3, 11]]), array([[10,  0,  1,  0],
       [10,  0,  0,  0],
       [ 0,  0, 10,  0],
       [ 1,  0,  4,  9]]), array([[11,  0,  0,  0],
       [ 8,  2,  0,  0],
       [ 0,  0,  9,  0],
       [ 0,  0,  2, 13]]), array([[10,  0,  1,  0],
       [ 5,  2,  0,  2],
       [ 0,  0,  9,  1],
       [ 2,  0,  3, 10]]), array([[11,  0,  0,  0],
       [ 6,  3,  0,  0],
       [ 0,  0, 10,  0],
       [ 0,  0,  4, 11]]), array([[11,  0,  0,  0],
       [ 5,  4,  0,  0],
       [ 0,  0,  9,  1],
       [ 0,  0,  4, 11]]), array([[ 9,  0,  0,  2],
       [ 5,  4,  0,  0],
       [ 0,  0, 10,  0],
       [ 0,  0,  3, 12]])]"
38,"[0.784394250513347, 0.7802874743326489, 0.7942386831275721, 0.7716049382716049, 0.7893660531697342, 0.7716049382716049, 0.784394250513347, 0.7720739219712526, 0.7782340862422998, 0.7761806981519507]","[0.784394250513347, 0.7802874743326489, 0.7942386831275721, 0.7716049382716049, 0.7893660531697342, 0.7716049382716049, 0.784394250513347, 0.7720739219712526, 0.7782340862422998, 0.7761806981519507]","[0.784394250513347, 0.7802874743326489, 0.7942386831275721, 0.7716049382716049, 0.7893660531697342, 0.7716049382716049, 0.784394250513347, 0.7720739219712526, 0.7782340862422998, 0.7761806981519507]","[0.784394250513347, 0.7802874743326489, 0.7942386831275721, 0.7716049382716049, 0.7893660531697342, 0.7716049382716049, 0.784394250513347, 0.7720739219712526, 0.7782340862422998, 0.7761806981519507]","[0.8359704741990018, 0.8415162365327824, 0.8475803184136518, 0.8400102602786006, 0.8439983349055254, 0.8238043782695796, 0.8307643652994696, 0.8230336867433641, 0.8232552008436391, 0.8304018626400728]","[0.7374231782265145, 0.7326163301141352, 0.7501332622601279, 0.7218372423596304, 0.7462962962962962, 0.7251687988628288, 0.7428007023705004, 0.7283801580333625, 0.7350526777875329, 0.7288849868305531]","[0.7287601839188578, 0.7213242991392339, 0.7462972328931118, 0.7083119008650923, 0.743320544118336, 0.7164063655565631, 0.7385381249528785, 0.7217085060278218, 0.7287965162399435, 0.7183640904407234]","[0.8236588107542745, 0.8255702315843355, 0.8318992812134103, 0.8235504105130245, 0.8277282225950588, 0.8099639507938847, 0.8204442843268633, 0.8090978880473482, 0.8126587015445392, 0.8177121830753341]","[0.784394250513347, 0.7802874743326489, 0.7942386831275721, 0.7716049382716049, 0.7893660531697342, 0.7716049382716049, 0.784394250513347, 0.7720739219712526, 0.7782340862422998, 0.7761806981519507]","[0.7596233254577802, 0.7525262661773081, 0.7730267335522295, 0.741614011590371, 0.7686975333822114, 0.7462911844486041, 0.7638512636745902, 0.749001411003779, 0.7558239427889898, 0.7496513131689214]","[array([[127,   1,   3,   3],
       [ 58,  23,   0,   4],
       [  0,   0, 131,   3],
       [  4,   0,  29, 101]]), array([[131,   0,   2,   1],
       [ 57,  22,   0,   6],
       [  0,   0, 130,   4],
       [  2,   0,  35,  97]]), array([[132,   0,   2,   0],
       [ 52,  27,   0,   5],
       [  0,   0, 127,   7],
       [  1,   0,  33, 100]]), array([[130,   0,   3,   1],
       [ 59,  20,   0,   5],
       [  0,   0, 132,   2],
       [  2,   0,  39,  93]]), array([[131,   0,   2,   2],
       [ 50,  28,   0,   6],
       [  0,   0, 131,   4],
       [  3,   0,  36,  96]]), array([[129,   1,   3,   1],
       [ 55,  23,   0,   6],
       [  0,   0, 128,   6],
       [  4,   0,  35,  95]]), array([[130,   2,   1,   1],
       [ 54,  28,   0,   3],
       [  0,   0, 130,   4],
       [  2,   0,  38,  94]]), array([[128,   1,   3,   2],
       [ 55,  25,   0,   5],
       [  0,   0, 127,   7],
       [  3,   0,  35,  96]]), array([[128,   2,   3,   1],
       [ 53,  26,   1,   5],
       [  0,   0, 130,   4],
       [  2,   0,  37,  95]]), array([[128,   1,   4,   1],
       [ 58,  22,   1,   4],
       [  0,   0, 130,   4],
       [  1,   0,  35,  98]])]","[0.6521739130434783, 0.782608695652174, 0.6739130434782609, 0.7608695652173914, 0.6666666666666666, 0.7111111111111111, 0.7111111111111111, 0.7555555555555555, 0.7555555555555555, 0.7333333333333333]","[0.6521739130434783, 0.782608695652174, 0.6739130434782609, 0.7608695652173914, 0.6666666666666666, 0.7111111111111111, 0.7111111111111111, 0.7555555555555555, 0.7555555555555555, 0.7333333333333333]","[0.6521739130434783, 0.782608695652174, 0.6739130434782609, 0.7608695652173914, 0.6666666666666666, 0.7111111111111111, 0.7111111111111111, 0.7555555555555555, 0.7555555555555555, 0.7333333333333333]","[0.6521739130434783, 0.782608695652174, 0.6739130434782609, 0.7608695652173914, 0.6666666666666666, 0.7111111111111111, 0.7111111111111111, 0.7555555555555555, 0.7555555555555555, 0.7333333333333333]","[0.7485197368421053, 0.8329768270944742, 0.6556174089068826, 0.8012820512820512, 0.7732142857142857, 0.8105769230769231, 0.7757554945054945, 0.8313492063492064, 0.828125, 0.794237012987013]","[0.6361111111111111, 0.7541666666666667, 0.6606060606060606, 0.7606060606060606, 0.6607142857142857, 0.7083333333333334, 0.6911616161616162, 0.7388888888888889, 0.7611111111111112, 0.7323232323232323]","[0.5766253101736972, 0.745607553366174, 0.6093073593073592, 0.7510551043159739, 0.5978739002932552, 0.6389578163771713, 0.6614016224211126, 0.7004360581946789, 0.7373575498575499, 0.7184615384615385]","[0.7435640732265447, 0.8249244361776331, 0.6735169864460483, 0.8032329988851729, 0.7795238095238095, 0.8284615384615385, 0.7685286935286936, 0.8414462081128748, 0.8402777777777778, 0.7990620490620491]","[0.6521739130434783, 0.782608695652174, 0.6739130434782609, 0.7608695652173914, 0.6666666666666666, 0.7111111111111111, 0.7111111111111111, 0.7555555555555555, 0.7555555555555555, 0.7333333333333333]","[0.6002912935591758, 0.7646712358106661, 0.6297289666854884, 0.7552175297921989, 0.613880742913001, 0.6595683886006466, 0.680583838271661, 0.7254043529905599, 0.7431940487496042, 0.7264273504273504]","[array([[12,  0,  0,  0],
       [ 7,  1,  0,  1],
       [ 0,  0,  9,  1],
       [ 0,  0,  7,  8]]), array([[11,  0,  0,  1],
       [ 6,  3,  0,  0],
       [ 0,  0,  9,  1],
       [ 0,  0,  2, 13]]), array([[10,  1,  0,  0],
       [ 8,  1,  0,  1],
       [ 0,  0,  9,  1],
       [ 1,  0,  3, 11]]), array([[10,  0,  1,  0],
       [ 4,  5,  0,  1],
       [ 0,  0,  9,  1],
       [ 1,  0,  3, 11]]), array([[11,  0,  0,  0],
       [ 9,  1,  0,  0],
       [ 0,  0,  9,  1],
       [ 0,  0,  5,  9]]), array([[11,  0,  0,  0],
       [ 9,  1,  0,  0],
       [ 0,  0,  9,  0],
       [ 0,  0,  4, 11]]), array([[10,  0,  1,  0],
       [ 5,  2,  0,  2],
       [ 0,  0,  9,  1],
       [ 1,  0,  3, 11]]), array([[11,  0,  0,  0],
       [ 7,  2,  0,  0],
       [ 0,  0, 10,  0],
       [ 0,  0,  4, 11]]), array([[11,  0,  0,  0],
       [ 5,  4,  0,  0],
       [ 0,  0, 10,  0],
       [ 0,  0,  6,  9]]), array([[ 9,  0,  1,  1],
       [ 5,  4,  0,  0],
       [ 0,  0, 10,  0],
       [ 0,  0,  5, 10]])]"
