n_neighbors value,Train_Accuracy,Train_Precision_micro,Train_Recall_micro,Train_f1_micro,Train_Precision_macro,Train_Recall_macro,Train_f1_macro,Train_Precision_weighted,Train_Recall_weighted,Train_f1_weighted,Train_Confusion_Matrix,Test_Accuracy,Test_Precision_micro,Test_Recall_micro,Test_f1_micro,Test_Precision_macro,Test_Recall_macro,Test_f1_macro,Test_Precision_weighted,Test_Recall_weighted,Test_f1_weighted,Test_Confusion_Matrix
1,"[1.0, 1.0, 1.0, 1.0, 1.0, 1.0, 1.0, 1.0, 1.0, 1.0]","[1.0, 1.0, 1.0, 1.0, 1.0, 1.0, 1.0, 1.0, 1.0, 1.0]","[1.0, 1.0, 1.0, 1.0, 1.0, 1.0, 1.0, 1.0, 1.0, 1.0]","[1.0, 1.0, 1.0, 1.0, 1.0, 1.0, 1.0, 1.0, 1.0, 1.0]","[1.0, 1.0, 1.0, 1.0, 1.0, 1.0, 1.0, 1.0, 1.0, 1.0]","[1.0, 1.0, 1.0, 1.0, 1.0, 1.0, 1.0, 1.0, 1.0, 1.0]","[1.0, 1.0, 1.0, 1.0, 1.0, 1.0, 1.0, 1.0, 1.0, 1.0]","[1.0, 1.0, 1.0, 1.0, 1.0, 1.0, 1.0, 1.0, 1.0, 1.0]","[1.0, 1.0, 1.0, 1.0, 1.0, 1.0, 1.0, 1.0, 1.0, 1.0]","[1.0, 1.0, 1.0, 1.0, 1.0, 1.0, 1.0, 1.0, 1.0, 1.0]","[array([[134,   0,   0,   0],
       [  0,  85,   0,   0],
       [  0,   0, 134,   0],
       [  0,   0,   0, 134]]), array([[134,   0,   0,   0],
       [  0,  85,   0,   0],
       [  0,   0, 134,   0],
       [  0,   0,   0, 134]]), array([[134,   0,   0,   0],
       [  0,  84,   0,   0],
       [  0,   0, 134,   0],
       [  0,   0,   0, 134]]), array([[134,   0,   0,   0],
       [  0,  84,   0,   0],
       [  0,   0, 134,   0],
       [  0,   0,   0, 134]]), array([[135,   0,   0,   0],
       [  0,  84,   0,   0],
       [  0,   0, 135,   0],
       [  0,   0,   0, 135]]), array([[134,   0,   0,   0],
       [  0,  84,   0,   0],
       [  0,   0, 134,   0],
       [  0,   0,   0, 134]]), array([[134,   0,   0,   0],
       [  0,  85,   0,   0],
       [  0,   0, 134,   0],
       [  0,   0,   0, 134]]), array([[134,   0,   0,   0],
       [  0,  85,   0,   0],
       [  0,   0, 134,   0],
       [  0,   0,   0, 134]]), array([[134,   0,   0,   0],
       [  0,  85,   0,   0],
       [  0,   0, 134,   0],
       [  0,   0,   0, 134]]), array([[134,   0,   0,   0],
       [  0,  85,   0,   0],
       [  0,   0, 134,   0],
       [  0,   0,   0, 134]])]","[0.6304347826086957, 0.782608695652174, 0.8043478260869565, 0.7608695652173914, 0.8222222222222222, 0.8444444444444444, 0.6666666666666666, 0.7333333333333333, 0.7111111111111111, 0.7555555555555555]","[0.6304347826086957, 0.782608695652174, 0.8043478260869565, 0.7608695652173914, 0.8222222222222222, 0.8444444444444444, 0.6666666666666666, 0.7333333333333333, 0.7111111111111111, 0.7555555555555555]","[0.6304347826086957, 0.782608695652174, 0.8043478260869565, 0.7608695652173914, 0.8222222222222222, 0.8444444444444444, 0.6666666666666666, 0.7333333333333333, 0.7111111111111111, 0.7555555555555555]","[0.6304347826086957, 0.782608695652174, 0.8043478260869565, 0.7608695652173914, 0.8222222222222222, 0.8444444444444444, 0.6666666666666666, 0.7333333333333333, 0.7111111111111111, 0.7555555555555555]","[0.65625, 0.7773771367521367, 0.8017857142857143, 0.7748015873015873, 0.8258061383061384, 0.8407051282051282, 0.68125, 0.7413194444444444, 0.7707390648567118, 0.7595238095238095]","[0.6166666666666667, 0.7666666666666667, 0.8045454545454545, 0.7522727272727272, 0.8259740259740259, 0.8527777777777777, 0.6540404040404041, 0.7083333333333333, 0.7, 0.7439393939393939]","[0.6064560439560439, 0.7703585339059223, 0.8025487256371815, 0.7542295016478577, 0.8233209285840866, 0.8447695325269696, 0.6637254901960784, 0.6968472325008828, 0.6818181818181819, 0.7453947368421052]","[0.6630434782608695, 0.7814358045336307, 0.8066770186335404, 0.7707902001380262, 0.8274453941120609, 0.8461253561253561, 0.679320987654321, 0.740895061728395, 0.7627283391989275, 0.7608465608465609]","[0.6304347826086957, 0.782608695652174, 0.8043478260869565, 0.7608695652173914, 0.8222222222222222, 0.8444444444444444, 0.6666666666666666, 0.7333333333333333, 0.7111111111111111, 0.7555555555555555]","[0.6208393056219144, 0.7804784215302717, 0.8048367120787433, 0.7573945175619521, 0.8224506271289895, 0.8430896080781664, 0.6687581699346405, 0.7132918532277144, 0.6917748917748918, 0.7525730994152047]","[array([[10,  1,  1,  0],
       [ 6,  3,  0,  0],
       [ 0,  0,  7,  3],
       [ 0,  0,  6,  9]]), array([[10,  2,  0,  0],
       [ 3,  6,  0,  0],
       [ 0,  0,  7,  3],
       [ 0,  0,  2, 13]]), array([[ 9,  2,  0,  0],
       [ 2,  8,  0,  0],
       [ 0,  0,  8,  2],
       [ 1,  0,  2, 12]]), array([[10,  1,  0,  0],
       [ 3,  6,  0,  1],
       [ 0,  0,  7,  3],
       [ 1,  0,  2, 12]]), array([[ 9,  1,  0,  1],
       [ 2,  8,  0,  0],
       [ 0,  0,  9,  1],
       [ 0,  0,  3, 11]]), array([[11,  0,  0,  0],
       [ 1,  9,  0,  0],
       [ 0,  0,  7,  2],
       [ 0,  1,  3, 11]]), array([[ 8,  2,  1,  0],
       [ 1,  5,  0,  3],
       [ 0,  0,  6,  4],
       [ 0,  1,  3, 11]]), array([[11,  0,  0,  0],
       [ 5,  3,  0,  1],
       [ 0,  0,  7,  3],
       [ 0,  1,  2, 12]]), array([[11,  0,  0,  0],
       [ 5,  3,  0,  1],
       [ 0,  0,  8,  2],
       [ 1,  0,  4, 10]]), array([[10,  1,  0,  0],
       [ 3,  6,  0,  0],
       [ 1,  0,  6,  3],
       [ 0,  0,  3, 12]])]"
2,"[0.8706365503080082, 0.864476386036961, 0.8621399176954733, 0.8662551440329218, 0.8588957055214724, 0.8621399176954733, 0.864476386036961, 0.8706365503080082, 0.8685831622176592, 0.8706365503080082]","[0.8706365503080082, 0.864476386036961, 0.8621399176954733, 0.8662551440329218, 0.8588957055214724, 0.8621399176954733, 0.864476386036961, 0.8706365503080082, 0.8685831622176592, 0.8706365503080082]","[0.8706365503080082, 0.864476386036961, 0.8621399176954733, 0.8662551440329218, 0.8588957055214724, 0.8621399176954733, 0.864476386036961, 0.8706365503080082, 0.8685831622176592, 0.8706365503080082]","[0.8706365503080082, 0.864476386036961, 0.8621399176954733, 0.8662551440329218, 0.8588957055214724, 0.8621399176954733, 0.864476386036961, 0.8706365503080082, 0.8685831622176592, 0.8706365503080082]","[0.8961592485507281, 0.8899011895963116, 0.8872027315523179, 0.8936202747878476, 0.8833582834331337, 0.8904712106886705, 0.8945896877269426, 0.8936607328175004, 0.8921269904862119, 0.8939167492025489]","[0.8544995610184373, 0.8489025460930641, 0.8405739161336176, 0.8487473347547975, 0.8396164021164021, 0.841684434968017, 0.8413740122914838, 0.8534240561896401, 0.851558384547849, 0.8544995610184373]","[0.8606251073313922, 0.8539825350849863, 0.8469354553674584, 0.8547929065560511, 0.8445138289023258, 0.8481177013436119, 0.8486900649269634, 0.8589072484706763, 0.8572237467871746, 0.8597024746353605]","[0.8905797227209974, 0.8852118043834376, 0.8828177696334711, 0.8878198915355686, 0.8798844029731947, 0.8846175882232423, 0.8877102411426202, 0.8894526552623425, 0.8877645938874543, 0.8896313936009802]","[0.8706365503080082, 0.864476386036961, 0.8621399176954733, 0.8662551440329218, 0.8588957055214724, 0.8621399176954733, 0.864476386036961, 0.8706365503080082, 0.8685831622176592, 0.8706365503080082]","[0.8664511790478293, 0.8596859779014068, 0.856725826326519, 0.8612873756804733, 0.8529225649773469, 0.8565704024274701, 0.8588008301791689, 0.8659294014653303, 0.8640765125487863, 0.8659814349835435]","[array([[134,   0,   0,   0],
       [ 26,  59,   0,   0],
       [  1,   0, 133,   0],
       [  3,   3,  30,  98]]), array([[134,   0,   0,   0],
       [ 26,  59,   0,   0],
       [  1,   0, 133,   0],
       [  4,   4,  31,  95]]), array([[134,   0,   0,   0],
       [ 31,  53,   0,   0],
       [  1,   0, 133,   0],
       [  3,   4,  28,  99]]), array([[134,   0,   0,   0],
       [ 27,  57,   0,   0],
       [  0,   0, 134,   0],
       [  2,   3,  33,  96]]), array([[135,   0,   0,   0],
       [ 29,  55,   0,   0],
       [  0,   0, 135,   0],
       [  3,   5,  32,  95]]), array([[134,   0,   0,   0],
       [ 30,  54,   0,   0],
       [  0,   0, 134,   0],
       [  3,   3,  31,  97]]), array([[134,   0,   0,   0],
       [ 33,  52,   0,   0],
       [  0,   0, 134,   0],
       [  3,   2,  28, 101]]), array([[134,   0,   0,   0],
       [ 27,  58,   0,   0],
       [  0,   0, 134,   0],
       [  2,   4,  30,  98]]), array([[134,   0,   0,   0],
       [ 27,  58,   0,   0],
       [  1,   0, 133,   0],
       [  2,   4,  30,  98]]), array([[134,   0,   0,   0],
       [ 26,  59,   0,   0],
       [  0,   0, 134,   0],
       [  3,   4,  30,  97]])]","[0.6521739130434783, 0.8043478260869565, 0.6956521739130435, 0.7608695652173914, 0.8222222222222222, 0.7333333333333333, 0.7111111111111111, 0.7555555555555555, 0.6444444444444445, 0.7777777777777778]","[0.6521739130434783, 0.8043478260869565, 0.6956521739130435, 0.7608695652173914, 0.8222222222222222, 0.7333333333333333, 0.7111111111111111, 0.7555555555555555, 0.6444444444444445, 0.7777777777777778]","[0.6521739130434783, 0.8043478260869565, 0.6956521739130435, 0.7608695652173914, 0.8222222222222222, 0.7333333333333333, 0.7111111111111111, 0.7555555555555555, 0.6444444444444445, 0.7777777777777778]","[0.6521739130434783, 0.8043478260869565, 0.6956521739130435, 0.7608695652173914, 0.8222222222222222, 0.7333333333333333, 0.7111111111111111, 0.7555555555555555, 0.6444444444444445, 0.7777777777777778]","[0.6839364035087719, 0.8550420168067228, 0.7254464285714286, 0.7985930735930736, 0.861904761904762, 0.7590544871794872, 0.6957417582417582, 0.7584134615384616, 0.7638888888888888, 0.8345959595959596]","[0.6472222222222223, 0.7944444444444445, 0.7128787878787879, 0.775, 0.8285714285714286, 0.7472222222222222, 0.7073232323232322, 0.7416666666666667, 0.6361111111111111, 0.7611111111111111]","[0.6021325565505089, 0.7806145004420867, 0.6878019323671498, 0.7596153846153846, 0.8157051282051283, 0.7217718855218855, 0.6948757763975155, 0.720062345062345, 0.5760416666666667, 0.7561997389583596]","[0.7028032036613273, 0.8611618560467664, 0.7517468944099378, 0.7993035949557689, 0.8713227513227513, 0.7763176638176639, 0.7078754578754579, 0.7667735042735043, 0.7671957671957671, 0.8443322109988777]","[0.6521739130434783, 0.8043478260869565, 0.6956521739130435, 0.7608695652173914, 0.8222222222222222, 0.7333333333333333, 0.7111111111111111, 0.7555555555555555, 0.6444444444444445, 0.7777777777777778]","[0.6161703105724082, 0.7933725444969824, 0.6881957571938668, 0.754180602006689, 0.8179487179487179, 0.7235203890759446, 0.7033126293995859, 0.7352075907631462, 0.5969444444444445, 0.7741260017122086]","[array([[12,  0,  0,  0],
       [ 7,  2,  0,  0],
       [ 0,  0,  9,  1],
       [ 0,  1,  7,  7]]), array([[12,  0,  0,  0],
       [ 5,  4,  0,  0],
       [ 0,  0, 10,  0],
       [ 0,  0,  4, 11]]), array([[ 9,  2,  0,  0],
       [ 5,  5,  0,  0],
       [ 0,  0, 10,  0],
       [ 2,  1,  4,  8]]), array([[11,  0,  0,  0],
       [ 3,  6,  0,  1],
       [ 0,  0,  9,  1],
       [ 1,  0,  5,  9]]), array([[11,  0,  0,  0],
       [ 4,  6,  0,  0],
       [ 0,  0, 10,  0],
       [ 0,  0,  4, 10]]), array([[11,  0,  0,  0],
       [ 5,  5,  0,  0],
       [ 0,  0,  8,  1],
       [ 0,  1,  5,  9]]), array([[ 9,  1,  1,  0],
       [ 3,  4,  0,  2],
       [ 0,  0,  9,  1],
       [ 0,  2,  3, 10]]), array([[11,  0,  0,  0],
       [ 5,  3,  0,  1],
       [ 0,  0,  9,  1],
       [ 0,  1,  3, 11]]), array([[11,  0,  0,  0],
       [ 8,  1,  0,  0],
       [ 0,  0,  9,  1],
       [ 2,  0,  5,  8]]), array([[11,  0,  0,  0],
       [ 5,  4,  0,  0],
       [ 2,  0,  8,  0],
       [ 0,  0,  3, 12]])]"
3,"[0.8850102669404517, 0.8767967145790554, 0.8827160493827161, 0.8888888888888888, 0.8813905930470347, 0.8888888888888888, 0.8726899383983573, 0.8870636550308009, 0.8788501026694046, 0.8767967145790554]","[0.8850102669404517, 0.8767967145790554, 0.8827160493827161, 0.8888888888888888, 0.8813905930470347, 0.8888888888888888, 0.8726899383983573, 0.8870636550308009, 0.8788501026694046, 0.8767967145790554]","[0.8850102669404517, 0.8767967145790554, 0.8827160493827161, 0.8888888888888888, 0.8813905930470347, 0.8888888888888888, 0.8726899383983573, 0.8870636550308009, 0.8788501026694046, 0.8767967145790554]","[0.8850102669404517, 0.8767967145790554, 0.8827160493827161, 0.8888888888888888, 0.8813905930470347, 0.8888888888888888, 0.8726899383983573, 0.8870636550308009, 0.8788501026694046, 0.8767967145790554]","[0.8963910884866768, 0.8905936119374047, 0.8974487077188349, 0.9017453135100193, 0.8930610495269266, 0.9081440633648402, 0.8915349467508791, 0.9014897049937096, 0.8875159195109528, 0.8888668521021463]","[0.8686347673397717, 0.8600965759438104, 0.8692253020611229, 0.8726012793176973, 0.8622354497354496, 0.8703802416488984, 0.8552897278314311, 0.8748024582967515, 0.8630377524143986, 0.8600965759438104]","[0.8754194922016678, 0.8675464747751301, 0.8767514055806309, 0.8799010032542801, 0.8694010482305548, 0.8786686957628744, 0.8637722452705797, 0.8814711097434706, 0.8693811299903302, 0.8668949679981771]","[0.8922548735705519, 0.8844540939227606, 0.8901131838215955, 0.8965358856426394, 0.8887468896515794, 0.900437604096035, 0.8839754923856357, 0.8946269617278785, 0.8839379129919945, 0.8840733959709681]","[0.8850102669404517, 0.8767967145790554, 0.8827160493827161, 0.8888888888888888, 0.8813905930470347, 0.8888888888888888, 0.8726899383983573, 0.8870636550308009, 0.8788501026694046, 0.8767967145790554]","[0.8824676808455273, 0.8740689469119844, 0.8807548590521118, 0.8864415868594278, 0.878077738896445, 0.8856110707190538, 0.8701887545483176, 0.8848708233705148, 0.8763619829051683, 0.8738976083767052]","[array([[129,   3,   1,   1],
       [ 22,  60,   0,   3],
       [  1,   0, 131,   2],
       [  1,   1,  21, 111]]), array([[130,   3,   1,   0],
       [ 22,  59,   0,   4],
       [  1,   0, 128,   5],
       [  2,   0,  22, 110]]), array([[131,   1,   1,   1],
       [ 20,  62,   0,   2],
       [  1,   0, 127,   6],
       [  2,   1,  22, 109]]), array([[131,   2,   1,   0],
       [ 21,  60,   0,   3],
       [  1,   0, 130,   3],
       [  0,   1,  22, 111]]), array([[131,   2,   1,   1],
       [ 24,  57,   0,   3],
       [  0,   0, 132,   3],
       [  2,   2,  20, 111]]), array([[133,   1,   0,   0],
       [ 23,  58,   0,   3],
       [  0,   0, 132,   2],
       [  2,   0,  23, 109]]), array([[131,   2,   1,   0],
       [ 27,  58,   0,   0],
       [  1,   0, 126,   7],
       [  2,   0,  22, 110]]), array([[132,   1,   1,   0],
       [ 18,  64,   0,   3],
       [  0,   0, 129,   5],
       [  4,   1,  22, 107]]), array([[128,   4,   1,   1],
       [ 22,  60,   0,   3],
       [  0,   0, 129,   5],
       [  1,   1,  21, 111]]), array([[129,   3,   1,   1],
       [ 23,  59,   0,   3],
       [  0,   0, 130,   4],
       [  2,   1,  22, 109]])]","[0.6521739130434783, 0.8043478260869565, 0.7608695652173914, 0.782608695652174, 0.8, 0.8, 0.6666666666666666, 0.8, 0.7111111111111111, 0.7333333333333333]","[0.6521739130434783, 0.8043478260869565, 0.7608695652173914, 0.782608695652174, 0.8, 0.8, 0.6666666666666666, 0.8, 0.7111111111111111, 0.7333333333333333]","[0.6521739130434783, 0.8043478260869565, 0.7608695652173914, 0.782608695652174, 0.8, 0.8, 0.6666666666666666, 0.8, 0.7111111111111111, 0.7333333333333333]","[0.6521739130434783, 0.8043478260869565, 0.7608695652173914, 0.782608695652174, 0.8, 0.8, 0.6666666666666666, 0.8, 0.7111111111111111, 0.7333333333333333]","[0.7203598484848486, 0.8282051282051283, 0.7668269230769231, 0.7918956043956044, 0.8336829836829838, 0.8091179653679653, 0.6578947368421053, 0.8364583333333333, 0.7884920634920635, 0.7869189633895517]","[0.648611111111111, 0.8, 0.7545454545454544, 0.7856060606060606, 0.8035714285714286, 0.8138888888888888, 0.6401515151515151, 0.7777777777777778, 0.7083333333333334, 0.7133838383838382]","[0.6441208791208791, 0.8004689754689754, 0.7569444444444444, 0.7774446142093201, 0.7946906354515051, 0.7972283272283271, 0.6419467787114845, 0.7750620347394541, 0.6821551724137931, 0.7133699633699634]","[0.7136034255599474, 0.8251950947603122, 0.7688127090301002, 0.7961060678451983, 0.8381559181559182, 0.8228715728715729, 0.6616374269005848, 0.8278703703703703, 0.7922398589065256, 0.7928972987796518]","[0.6521739130434783, 0.8043478260869565, 0.7608695652173914, 0.782608695652174, 0.8, 0.8, 0.6666666666666666, 0.8, 0.7111111111111111, 0.7333333333333333]","[0.6477783086478739, 0.8027197440240919, 0.7614734299516909, 0.7788338260205268, 0.7963062058714232, 0.7967418260751594, 0.6570930594460006, 0.7872622001654261, 0.6921072796934865, 0.7315425315425316]","[array([[11,  0,  1,  0],
       [ 5,  4,  0,  0],
       [ 0,  0,  7,  3],
       [ 0,  0,  7,  8]]), array([[12,  0,  0,  0],
       [ 3,  6,  0,  0],
       [ 0,  0,  8,  2],
       [ 0,  0,  4, 11]]), array([[ 9,  2,  0,  0],
       [ 3,  7,  0,  0],
       [ 0,  0,  7,  3],
       [ 1,  1,  1, 12]]), array([[10,  1,  0,  0],
       [ 3,  6,  0,  1],
       [ 0,  0,  9,  1],
       [ 1,  0,  3, 11]]), array([[11,  0,  0,  0],
       [ 4,  6,  0,  0],
       [ 0,  0,  9,  1],
       [ 0,  0,  4, 10]]), array([[11,  0,  0,  0],
       [ 3,  7,  0,  0],
       [ 0,  0,  8,  1],
       [ 0,  1,  4, 10]]), array([[ 8,  2,  1,  0],
       [ 2,  3,  0,  4],
       [ 0,  0,  7,  3],
       [ 0,  1,  2, 12]]), array([[11,  0,  0,  0],
       [ 4,  4,  0,  1],
       [ 0,  0,  8,  2],
       [ 0,  0,  2, 13]]), array([[11,  0,  0,  0],
       [ 6,  3,  0,  0],
       [ 0,  0,  9,  1],
       [ 1,  0,  5,  9]]), array([[10,  0,  1,  0],
       [ 5,  4,  0,  0],
       [ 2,  0,  7,  1],
       [ 0,  0,  3, 12]])]"
4,"[0.8480492813141683, 0.839835728952772, 0.8333333333333334, 0.831275720164609, 0.8404907975460123, 0.845679012345679, 0.8501026694045175, 0.8480492813141683, 0.837782340862423, 0.837782340862423]","[0.8480492813141683, 0.839835728952772, 0.8333333333333334, 0.831275720164609, 0.8404907975460123, 0.845679012345679, 0.8501026694045175, 0.8480492813141683, 0.837782340862423, 0.837782340862423]","[0.8480492813141683, 0.839835728952772, 0.8333333333333334, 0.831275720164609, 0.8404907975460123, 0.845679012345679, 0.8501026694045175, 0.8480492813141683, 0.837782340862423, 0.837782340862423]","[0.8480492813141683, 0.839835728952772, 0.8333333333333334, 0.831275720164609, 0.8404907975460123, 0.845679012345679, 0.8501026694045175, 0.8480492813141683, 0.837782340862423, 0.837782340862423]","[0.8762983224376548, 0.8703656050127385, 0.8702789884108566, 0.8599395554479307, 0.8665807268817032, 0.8773832033174641, 0.8859203375958897, 0.8717052462080722, 0.8620412766246099, 0.8647544964525875]","[0.8221466198419667, 0.8136084284460052, 0.8089019189765458, 0.8048152096659559, 0.8117063492063492, 0.8178749111584933, 0.8283143107989465, 0.824297629499561, 0.8128182616330115, 0.816044776119403]","[0.8285560312788035, 0.820772479252449, 0.8156655076266283, 0.8106770629227318, 0.8175842174583661, 0.825005936012886, 0.8359383907834925, 0.8306621982629897, 0.8187774642762595, 0.8229765745160333]","[0.8678765930730656, 0.8594184756060805, 0.8590328105997621, 0.8518288605141702, 0.8591842382742734, 0.8669572567189194, 0.8744420964094392, 0.8644919853658872, 0.8559001130185251, 0.8549434634545391]","[0.8480492813141683, 0.839835728952772, 0.8333333333333334, 0.831275720164609, 0.8404907975460123, 0.845679012345679, 0.8501026694045175, 0.8480492813141683, 0.837782340862423, 0.837782340862423]","[0.8403728712956762, 0.8322432647473188, 0.8253219887324341, 0.8229144846937669, 0.8317438653472198, 0.8376310244570224, 0.8436671399753208, 0.8413299628175582, 0.8306549372252926, 0.8314128390888009]","[array([[133,   0,   1,   0],
       [ 32,  48,   0,   5],
       [  1,   0, 132,   1],
       [  3,   2,  29, 100]]), array([[132,   1,   1,   0],
       [ 32,  47,   0,   6],
       [  1,   0, 129,   4],
       [  4,   0,  29, 101]]), array([[133,   0,   1,   0],
       [ 31,  48,   0,   5],
       [  2,   0, 131,   1],
       [  3,   1,  37,  93]]), array([[132,   1,   1,   0],
       [ 34,  46,   0,   4],
       [  1,   0, 130,   3],
       [  2,   2,  34,  96]]), array([[133,   1,   1,   0],
       [ 34,  45,   0,   5],
       [  0,   0, 133,   2],
       [  5,   2,  28, 100]]), array([[133,   0,   1,   0],
       [ 33,  46,   0,   5],
       [  1,   0, 131,   2],
       [  2,   1,  30, 101]]), array([[134,   0,   0,   0],
       [ 29,  52,   1,   3],
       [  0,   0, 132,   2],
       [  2,   0,  36,  96]]), array([[132,   1,   1,   0],
       [ 31,  50,   0,   4],
       [  0,   0, 131,   3],
       [  3,   2,  29, 100]]), array([[131,   2,   1,   0],
       [ 33,  48,   0,   4],
       [  2,   0, 130,   2],
       [  2,   2,  31,  99]]), array([[132,   0,   1,   1],
       [ 31,  51,   0,   3],
       [  0,   0, 128,   6],
       [  3,   2,  32,  97]])]","[0.6956521739130435, 0.8478260869565217, 0.782608695652174, 0.8043478260869565, 0.7555555555555555, 0.7777777777777778, 0.7111111111111111, 0.8, 0.7333333333333333, 0.7555555555555555]","[0.6956521739130435, 0.8478260869565217, 0.782608695652174, 0.8043478260869565, 0.7555555555555555, 0.7777777777777778, 0.7111111111111111, 0.8, 0.7333333333333333, 0.7555555555555555]","[0.6956521739130435, 0.8478260869565217, 0.782608695652174, 0.8043478260869565, 0.7555555555555555, 0.7777777777777778, 0.7111111111111111, 0.8, 0.7333333333333333, 0.7555555555555555]","[0.6956521739130435, 0.8478260869565217, 0.782608695652174, 0.8043478260869565, 0.7555555555555555, 0.7777777777777778, 0.7111111111111111, 0.8, 0.7333333333333333, 0.7555555555555555]","[0.7795138888888888, 0.8798076923076923, 0.7940476190476191, 0.8407061688311689, 0.8075892857142857, 0.7857142857142857, 0.7246347402597403, 0.8351190476190476, 0.7899698340874811, 0.8224789915966386]","[0.6916666666666667, 0.8388888888888888, 0.7962121212121211, 0.8, 0.7607142857142857, 0.7888888888888889, 0.6962121212121213, 0.7861111111111112, 0.7166666666666667, 0.7527777777777778]","[0.6647435897435897, 0.8324706694271912, 0.7822727272727272, 0.7915526363802226, 0.7453703703703703, 0.7721319638966697, 0.6848494247687797, 0.7768266216542079, 0.6996753246753247, 0.7377747252747253]","[0.7817028985507245, 0.8846153846153847, 0.8131469979296067, 0.8391621964991529, 0.8131349206349208, 0.7936507936507937, 0.7220238095238096, 0.8316402116402116, 0.788369364839953, 0.8343604108309991]","[0.6956521739130435, 0.8478260869565217, 0.782608695652174, 0.8043478260869565, 0.7555555555555555, 0.7777777777777778, 0.7111111111111111, 0.8, 0.7333333333333333, 0.7555555555555555]","[0.6744147157190635, 0.8422450265550454, 0.7828458498023715, 0.7959750283588364, 0.7473251028806583, 0.7712683888370163, 0.6955334987593053, 0.787594780698229, 0.7155844155844154, 0.7484737484737484]","[array([[12,  0,  0,  0],
       [ 6,  3,  0,  0],
       [ 0,  0,  9,  1],
       [ 0,  0,  7,  8]]), array([[12,  0,  0,  0],
       [ 4,  5,  0,  0],
       [ 0,  0, 10,  0],
       [ 0,  0,  3, 12]]), array([[ 9,  2,  0,  0],
       [ 3,  7,  0,  0],
       [ 0,  0, 10,  0],
       [ 2,  1,  2, 10]]), array([[11,  0,  0,  0],
       [ 4,  5,  0,  1],
       [ 0,  0,  9,  1],
       [ 1,  0,  2, 12]]), array([[11,  0,  0,  0],
       [ 5,  5,  0,  0],
       [ 0,  0,  9,  1],
       [ 0,  0,  5,  9]]), array([[11,  0,  0,  0],
       [ 3,  6,  0,  1],
       [ 0,  0,  8,  1],
       [ 0,  1,  4, 10]]), array([[ 9,  1,  1,  0],
       [ 2,  3,  0,  4],
       [ 0,  0,  9,  1],
       [ 0,  0,  4, 11]]), array([[11,  0,  0,  0],
       [ 4,  4,  0,  1],
       [ 0,  0,  9,  1],
       [ 0,  0,  3, 12]]), array([[11,  0,  0,  0],
       [ 6,  3,  0,  0],
       [ 0,  0,  8,  2],
       [ 0,  0,  4, 11]]), array([[11,  0,  0,  0],
       [ 5,  4,  0,  0],
       [ 1,  0,  9,  0],
       [ 0,  0,  5, 10]])]"
5,"[0.8418891170431212, 0.86652977412731, 0.8641975308641975, 0.8518518518518519, 0.852760736196319, 0.8395061728395061, 0.8583162217659137, 0.8583162217659137, 0.8624229979466119, 0.8418891170431212]","[0.8418891170431212, 0.86652977412731, 0.8641975308641975, 0.8518518518518519, 0.852760736196319, 0.8395061728395061, 0.8583162217659137, 0.8583162217659137, 0.8624229979466119, 0.8418891170431212]","[0.8418891170431212, 0.86652977412731, 0.8641975308641975, 0.8518518518518519, 0.852760736196319, 0.8395061728395061, 0.8583162217659137, 0.8583162217659137, 0.8624229979466119, 0.8418891170431212]","[0.8418891170431212, 0.86652977412731, 0.8641975308641975, 0.8518518518518519, 0.852760736196319, 0.8395061728395061, 0.8583162217659137, 0.8583162217659137, 0.8624229979466119, 0.8418891170431212]","[0.863507718696398, 0.8887249285047134, 0.8862168752480051, 0.8692950030330604, 0.8716722366865625, 0.8585868839905798, 0.8829717883260877, 0.8771492347497016, 0.8800379034392934, 0.8588683551687621]","[0.8176251097453907, 0.8410886742756805, 0.8413290689410093, 0.8345771144278606, 0.829563492063492, 0.8189410092395167, 0.8390035118525022, 0.8400790166812995, 0.8438103599648816, 0.8176251097453906]","[0.8244573879710313, 0.8493472820576967, 0.8501047366189627, 0.8419383678372866, 0.8366072837616766, 0.8251133029892497, 0.847289298939479, 0.8470638427192183, 0.8521653492594804, 0.8244929695088762]","[0.8573680706957219, 0.8795017371504145, 0.8764519369533866, 0.8627066974466124, 0.8640824972271515, 0.8530628286650854, 0.872993590436926, 0.8699045487670819, 0.8714373129689426, 0.8522619128911779]","[0.8418891170431212, 0.86652977412731, 0.8641975308641975, 0.8518518518518519, 0.852760736196319, 0.8395061728395061, 0.8583162217659137, 0.8583162217659137, 0.8624229979466119, 0.8418891170431212]","[0.8359590523679619, 0.8608228571216006, 0.8594648856958886, 0.8485392515882649, 0.8467735808944628, 0.8341178966628072, 0.8540454083715623, 0.8540351305675358, 0.8591026793130577, 0.8359982139784031]","[array([[129,   2,   2,   1],
       [ 32,  49,   1,   3],
       [  2,   0, 129,   3],
       [  2,   2,  27, 103]]), array([[132,   1,   1,   0],
       [ 30,  50,   0,   5],
       [  0,   0, 128,   6],
       [  2,   0,  20, 112]]), array([[132,   1,   1,   0],
       [ 27,  52,   0,   5],
       [  1,   0, 127,   6],
       [  1,   0,  24, 109]]), array([[128,   3,   3,   0],
       [ 25,  56,   0,   3],
       [  1,   0, 127,   6],
       [  3,   1,  27, 103]]), array([[133,   1,   1,   0],
       [ 27,  51,   0,   6],
       [  0,   0, 130,   5],
       [  3,   2,  27, 103]]), array([[129,   4,   1,   0],
       [ 28,  52,   0,   4],
       [  1,   0, 129,   4],
       [  3,   1,  32,  98]]), array([[132,   1,   0,   1],
       [ 27,  55,   0,   3],
       [  1,   0, 128,   5],
       [  2,   0,  29, 103]]), array([[130,   3,   1,   0],
       [ 24,  56,   0,   5],
       [  0,   0, 130,   4],
       [  3,   0,  29, 102]]), array([[129,   1,   3,   1],
       [ 24,  56,   1,   4],
       [  0,   0, 126,   8],
       [  1,   1,  23, 109]]), array([[128,   3,   2,   1],
       [ 31,  49,   0,   5],
       [  0,   0, 127,   7],
       [  3,   1,  24, 106]])]","[0.6956521739130435, 0.8260869565217391, 0.782608695652174, 0.8260869565217391, 0.7555555555555555, 0.8, 0.7333333333333333, 0.8, 0.7555555555555555, 0.7333333333333333]","[0.6956521739130435, 0.8260869565217391, 0.782608695652174, 0.8260869565217391, 0.7555555555555555, 0.8, 0.7333333333333333, 0.8, 0.7555555555555555, 0.7333333333333333]","[0.6956521739130435, 0.8260869565217391, 0.782608695652174, 0.8260869565217391, 0.7555555555555555, 0.8, 0.7333333333333333, 0.8, 0.7555555555555555, 0.7333333333333333]","[0.6956521739130435, 0.8260869565217391, 0.782608695652174, 0.8260869565217391, 0.7555555555555555, 0.8, 0.7333333333333333, 0.8, 0.7555555555555555, 0.7333333333333333]","[0.7597537878787879, 0.8541666666666666, 0.7817890442890443, 0.8521645021645022, 0.7847319347319347, 0.817057942057942, 0.7357142857142857, 0.8364583333333333, 0.828125, 0.782051282051282]","[0.6902777777777779, 0.825, 0.7878787878787878, 0.825, 0.7535714285714286, 0.8027777777777778, 0.729040404040404, 0.7777777777777778, 0.7611111111111112, 0.7217171717171718]","[0.6833516483516484, 0.8225348725348726, 0.780489417989418, 0.8202207275483138, 0.7508903133903133, 0.7997041920216363, 0.7238813628899836, 0.7750620347394541, 0.7373575498575499, 0.7164954610606784]","[0.7577404479578393, 0.8532608695652174, 0.7945044086348435, 0.8501223414266892, 0.7822118622118621, 0.8182373182373182, 0.7431746031746032, 0.8278703703703703, 0.8402777777777778, 0.7817663817663817]","[0.6956521739130435, 0.8260869565217391, 0.782608695652174, 0.8260869565217391, 0.7555555555555555, 0.8, 0.7333333333333333, 0.8, 0.7555555555555555, 0.7333333333333333]","[0.6902532250358339, 0.8236903193424933, 0.7835576259489302, 0.8215850865775903, 0.7521050965495409, 0.7999541732401773, 0.7307836161284437, 0.7872622001654261, 0.7431940487496042, 0.7276052449965492]","[array([[11,  0,  1,  0],
       [ 5,  4,  0,  0],
       [ 0,  0,  8,  2],
       [ 0,  0,  6,  9]]), array([[12,  0,  0,  0],
       [ 3,  6,  0,  0],
       [ 0,  0,  9,  1],
       [ 1,  0,  3, 11]]), array([[ 9,  2,  0,  0],
       [ 3,  7,  0,  0],
       [ 0,  0,  9,  1],
       [ 1,  1,  2, 11]]), array([[11,  0,  0,  0],
       [ 3,  6,  0,  1],
       [ 0,  0,  9,  1],
       [ 1,  0,  2, 12]]), array([[11,  0,  0,  0],
       [ 4,  6,  0,  0],
       [ 0,  0,  7,  3],
       [ 0,  0,  4, 10]]), array([[11,  0,  0,  0],
       [ 2,  7,  0,  1],
       [ 0,  0,  7,  2],
       [ 0,  0,  4, 11]]), array([[ 8,  2,  1,  0],
       [ 2,  5,  0,  2],
       [ 0,  0,  9,  1],
       [ 0,  0,  4, 11]]), array([[11,  0,  0,  0],
       [ 4,  4,  0,  1],
       [ 0,  0,  8,  2],
       [ 0,  0,  2, 13]]), array([[11,  0,  0,  0],
       [ 5,  4,  0,  0],
       [ 0,  0, 10,  0],
       [ 0,  0,  6,  9]]), array([[10,  0,  1,  0],
       [ 4,  4,  0,  1],
       [ 1,  0,  8,  1],
       [ 0,  0,  4, 11]])]"
6,"[0.8316221765913757, 0.8501026694045175, 0.8436213991769548, 0.8333333333333334, 0.8425357873210634, 0.831275720164609, 0.8583162217659137, 0.8480492813141683, 0.8357289527720739, 0.8316221765913757]","[0.8316221765913757, 0.8501026694045175, 0.8436213991769548, 0.8333333333333334, 0.8425357873210634, 0.831275720164609, 0.8583162217659137, 0.8480492813141683, 0.8357289527720739, 0.8316221765913757]","[0.8316221765913757, 0.8501026694045175, 0.8436213991769548, 0.8333333333333334, 0.8425357873210634, 0.831275720164609, 0.8583162217659137, 0.8480492813141683, 0.8357289527720739, 0.8316221765913757]","[0.8316221765913757, 0.8501026694045175, 0.8436213991769548, 0.8333333333333334, 0.8425357873210634, 0.831275720164609, 0.8583162217659137, 0.8480492813141683, 0.8357289527720739, 0.8316221765913757]","[0.8601505724667489, 0.8739135007776098, 0.8625844166558628, 0.8577384573688809, 0.867922384219554, 0.8483561251846066, 0.8860431103420519, 0.870802918280215, 0.8600335356422281, 0.859715489046093]","[0.8039947322212467, 0.8229367866549604, 0.8182302771855011, 0.8089019189765458, 0.8158068783068784, 0.8070362473347548, 0.837928007023705, 0.8275241439859526, 0.8098770851624232, 0.8029192273924495]","[0.8091232532442654, 0.8298256283218516, 0.8253498256425537, 0.81532989257577, 0.8219059390611136, 0.8133024855799134, 0.845894056788828, 0.8342440018461876, 0.8154086317722681, 0.809007575741663]","[0.8523679811954362, 0.8653339556813119, 0.8544988143994461, 0.8510163929956256, 0.860405086868219, 0.8424606259897626, 0.8764066041771025, 0.8631937663207295, 0.851987628550789, 0.8499752297973604]","[0.8316221765913757, 0.8501026694045175, 0.8436213991769548, 0.8333333333333334, 0.8425357873210634, 0.831275720164609, 0.8583162217659137, 0.8480492813141683, 0.8357289527720739, 0.8316221765913757]","[0.822447985630563, 0.8427379927148958, 0.837102779812455, 0.8265899275176006, 0.8344643920041233, 0.8248840245277131, 0.8533864772870878, 0.8425419005275822, 0.8273932404751894, 0.8228173101913352]","[array([[132,   1,   1,   0],
       [ 34,  45,   1,   5],
       [  1,   0, 131,   2],
       [  3,   2,  32,  97]]), array([[132,   1,   1,   0],
       [ 32,  47,   0,   6],
       [  1,   0, 129,   4],
       [  2,   1,  25, 106]]), array([[130,   2,   2,   0],
       [ 29,  48,   0,   7],
       [  0,   0, 127,   7],
       [  2,   1,  26, 105]]), array([[129,   2,   3,   0],
       [ 32,  48,   0,   4],
       [  1,   0, 130,   3],
       [  1,   2,  33,  98]]), array([[133,   1,   1,   0],
       [ 31,  47,   0,   6],
       [  1,   0, 133,   1],
       [  3,   2,  31,  99]]), array([[129,   4,   1,   0],
       [ 30,  48,   0,   6],
       [  2,   0, 126,   6],
       [  2,   1,  30, 101]]), array([[133,   1,   0,   0],
       [ 28,  54,   0,   3],
       [  1,   0, 130,   3],
       [  2,   0,  31, 101]]), array([[130,   2,   2,   0],
       [ 27,  53,   0,   5],
       [  0,   0, 131,   3],
       [  2,   1,  32,  99]]), array([[132,   1,   1,   0],
       [ 31,  47,   0,   7],
       [  1,   0, 130,   3],
       [  2,   2,  32,  98]]), array([[130,   1,   2,   1],
       [ 35,  44,   1,   5],
       [  0,   0, 129,   5],
       [  2,   1,  29, 102]])]","[0.717391304347826, 0.8478260869565217, 0.7391304347826086, 0.717391304347826, 0.7777777777777778, 0.7555555555555555, 0.7111111111111111, 0.7777777777777778, 0.7111111111111111, 0.6888888888888889]","[0.717391304347826, 0.8478260869565217, 0.7391304347826086, 0.717391304347826, 0.7777777777777778, 0.7555555555555555, 0.7111111111111111, 0.7777777777777778, 0.7111111111111111, 0.6888888888888889]","[0.717391304347826, 0.8478260869565217, 0.7391304347826086, 0.717391304347826, 0.7777777777777778, 0.7555555555555555, 0.7111111111111111, 0.7777777777777778, 0.7111111111111111, 0.6888888888888889]","[0.717391304347826, 0.8478260869565217, 0.7391304347826086, 0.717391304347826, 0.7777777777777778, 0.7555555555555555, 0.7111111111111111, 0.7777777777777778, 0.7111111111111111, 0.6888888888888889]","[0.7916666666666666, 0.8682692307692308, 0.7403846153846154, 0.7707390648567118, 0.7916666666666666, 0.7710813492063492, 0.7177197802197802, 0.8236607142857143, 0.7847222222222222, 0.7545454545454545]","[0.7083333333333334, 0.8416666666666666, 0.7401515151515151, 0.7166666666666667, 0.7737012987012987, 0.7527777777777778, 0.6962121212121213, 0.7583333333333333, 0.7194444444444444, 0.6883838383838384]","[0.685, 0.841053391053391, 0.738095238095238, 0.6996753246753247, 0.7646416083916084, 0.7440533205619413, 0.6800397877984086, 0.7401457099732962, 0.6972934472934472, 0.6792307692307693]","[0.7934782608695652, 0.8683946488294315, 0.7491638795986622, 0.7678864187815594, 0.8, 0.7707010582010583, 0.723992673992674, 0.8204365079365079, 0.7893518518518517, 0.7542087542087542]","[0.717391304347826, 0.8478260869565217, 0.7391304347826086, 0.717391304347826, 0.7777777777777778, 0.7555555555555555, 0.7111111111111111, 0.7777777777777778, 0.7111111111111111, 0.6888888888888889]","[0.6978260869565218, 0.8457745153397326, 0.7417184265010353, 0.70313382269904, 0.7719891219891221, 0.7464949623953455, 0.6951812555260831, 0.7568572055162093, 0.6983222538778093, 0.6841025641025641]","[array([[12,  0,  0,  0],
       [ 6,  3,  0,  0],
       [ 0,  0,  9,  1],
       [ 0,  0,  6,  9]]), array([[12,  0,  0,  0],
       [ 3,  6,  0,  0],
       [ 0,  0,  9,  1],
       [ 0,  0,  3, 12]]), array([[ 8,  3,  0,  0],
       [ 3,  6,  0,  1],
       [ 0,  0,  9,  1],
       [ 2,  1,  1, 11]]), array([[11,  0,  0,  0],
       [ 5,  4,  0,  1],
       [ 0,  0,  8,  2],
       [ 1,  0,  4, 10]]), array([[10,  1,  0,  0],
       [ 5,  5,  0,  0],
       [ 0,  0,  9,  1],
       [ 0,  0,  3, 11]]), array([[11,  0,  0,  0],
       [ 4,  5,  0,  1],
       [ 0,  0,  7,  2],
       [ 1,  1,  2, 11]]), array([[ 9,  1,  1,  0],
       [ 4,  3,  0,  2],
       [ 0,  0,  9,  1],
       [ 0,  0,  4, 11]]), array([[11,  0,  0,  0],
       [ 5,  3,  0,  1],
       [ 0,  0,  9,  1],
       [ 0,  0,  3, 12]]), array([[11,  0,  0,  0],
       [ 5,  4,  0,  0],
       [ 0,  0,  9,  1],
       [ 0,  0,  7,  8]]), array([[10,  0,  1,  0],
       [ 4,  4,  0,  1],
       [ 1,  0,  8,  1],
       [ 0,  0,  6,  9]])]"
7,"[0.837782340862423, 0.8295687885010267, 0.8353909465020576, 0.8539094650205762, 0.8507157464212679, 0.8271604938271605, 0.8583162217659137, 0.8459958932238193, 0.839835728952772, 0.8542094455852156]","[0.837782340862423, 0.8295687885010267, 0.8353909465020576, 0.8539094650205762, 0.8507157464212679, 0.8271604938271605, 0.8583162217659137, 0.8459958932238193, 0.839835728952772, 0.8542094455852156]","[0.837782340862423, 0.8295687885010267, 0.8353909465020576, 0.8539094650205762, 0.8507157464212679, 0.8271604938271605, 0.8583162217659137, 0.8459958932238193, 0.839835728952772, 0.8542094455852156]","[0.837782340862423, 0.8295687885010267, 0.8353909465020576, 0.8539094650205762, 0.8507157464212679, 0.8271604938271605, 0.8583162217659137, 0.8459958932238193, 0.839835728952772, 0.8542094455852156]","[0.8597043964989133, 0.8435861895227149, 0.8632254477655572, 0.8703400765900765, 0.8641580876456058, 0.8441813076958176, 0.8840787860032073, 0.8663993299218059, 0.8573336456480717, 0.87555143417696]","[0.8117427568042143, 0.8032045654082528, 0.8096570717839374, 0.8331112295664533, 0.8299603174603174, 0.8010838663823738, 0.8368525021949078, 0.8288849868305531, 0.8222124670763827, 0.8320456540825285]","[0.8182239591365111, 0.8084156301345877, 0.8183295806360823, 0.8408470358231083, 0.837571679163052, 0.807416463485429, 0.8451152297292974, 0.8361648848122923, 0.8299438185928912, 0.8399980084463654]","[0.8516253727380236, 0.8394579953552801, 0.851297338825114, 0.8625120421416719, 0.8573094370082783, 0.8382369170972674, 0.8742785147949211, 0.8580730313384329, 0.8498005502375185, 0.8667564343607094]","[0.837782340862423, 0.8295687885010267, 0.8353909465020576, 0.8539094650205762, 0.8507157464212679, 0.8271604938271605, 0.8583162217659137, 0.8459958932238193, 0.839835728952772, 0.8542094455852156]","[0.8304918348637607, 0.8221882305196876, 0.8292563675203282, 0.849458576839595, 0.8465200024869798, 0.8203727373541478, 0.8534185968379532, 0.842039562932808, 0.8365900024850803, 0.8492342136009337]","[array([[130,   2,   1,   1],
       [ 32,  47,   0,   6],
       [  1,   0, 128,   5],
       [  2,   1,  28, 103]]), array([[127,   6,   1,   0],
       [ 32,  46,   0,   7],
       [  1,   0, 128,   5],
       [  2,   0,  29, 103]]), array([[130,   1,   3,   0],
       [ 32,  47,   0,   5],
       [  1,   0, 123,  10],
       [  3,   0,  25, 106]]), array([[129,   3,   2,   0],
       [ 24,  53,   0,   7],
       [  0,   0, 127,   7],
       [  3,   0,  25, 106]]), array([[130,   3,   2,   0],
       [ 24,  53,   0,   7],
       [  1,   0, 125,   9],
       [  2,   1,  24, 108]]), array([[127,   5,   2,   0],
       [ 32,  46,   0,   6],
       [  1,   0, 126,   7],
       [  3,   0,  28, 103]]), array([[133,   1,   0,   0],
       [ 28,  53,   1,   3],
       [  1,   0, 128,   5],
       [  2,   0,  28, 104]]), array([[128,   3,   2,   1],
       [ 24,  56,   0,   5],
       [  1,   0, 128,   5],
       [  3,   0,  31, 100]]), array([[124,   4,   5,   1],
       [ 25,  55,   0,   5],
       [  1,   0, 126,   7],
       [  2,   0,  28, 104]]), array([[130,   2,   1,   1],
       [ 29,  52,   0,   4],
       [  0,   0, 128,   6],
       [  2,   0,  26, 106]])]","[0.7391304347826086, 0.8260869565217391, 0.782608695652174, 0.7608695652173914, 0.8, 0.7555555555555555, 0.7333333333333333, 0.8222222222222222, 0.7333333333333333, 0.7333333333333333]","[0.7391304347826086, 0.8260869565217391, 0.782608695652174, 0.7608695652173914, 0.8, 0.7555555555555555, 0.7333333333333333, 0.8222222222222222, 0.7333333333333333, 0.7333333333333333]","[0.7391304347826086, 0.8260869565217391, 0.782608695652174, 0.7608695652173914, 0.8, 0.7555555555555555, 0.7333333333333333, 0.8222222222222222, 0.7333333333333333, 0.7333333333333333]","[0.7391304347826086, 0.8260869565217391, 0.782608695652174, 0.7608695652173914, 0.8, 0.7555555555555555, 0.7333333333333333, 0.8222222222222222, 0.7333333333333333, 0.7333333333333333]","[0.8014705882352942, 0.8541666666666666, 0.7916666666666666, 0.8108031674208145, 0.8056318681318682, 0.796875, 0.7446428571428572, 0.8482142857142857, 0.7807359307359307, 0.7840544871794872]","[0.7361111111111112, 0.825, 0.7795454545454545, 0.7583333333333333, 0.7938311688311689, 0.7444444444444445, 0.723989898989899, 0.8138888888888889, 0.7388888888888889, 0.7277777777777777]","[0.7207427055702917, 0.8225348725348726, 0.781633393829401, 0.7402597402597403, 0.790738265002971, 0.7307713728766361, 0.7156644891839794, 0.8100134348410211, 0.7298534798534799, 0.7166480862133036]","[0.8037084398976981, 0.8532608695652174, 0.7955486542443064, 0.8110859728506787, 0.8135531135531135, 0.7969444444444443, 0.748095238095238, 0.8444444444444444, 0.7789706589706589, 0.7825854700854701]","[0.7391304347826086, 0.8260869565217391, 0.782608695652174, 0.7608695652173914, 0.8, 0.7555555555555555, 0.7333333333333333, 0.8222222222222222, 0.7333333333333333, 0.7333333333333333]","[0.7275977395917426, 0.8236903193424933, 0.7852884084273652, 0.746188594014681, 0.7985574701260976, 0.7401961694359355, 0.7251302919968586, 0.815648504751953, 0.7286121286121287, 0.7237568300370233]","[array([[12,  0,  0,  0],
       [ 5,  4,  0,  0],
       [ 0,  0,  9,  1],
       [ 0,  0,  6,  9]]), array([[12,  0,  0,  0],
       [ 3,  6,  0,  0],
       [ 0,  0,  9,  1],
       [ 1,  0,  3, 11]]), array([[ 9,  2,  0,  0],
       [ 3,  7,  0,  0],
       [ 0,  0,  8,  2],
       [ 2,  0,  1, 12]]), array([[11,  0,  0,  0],
       [ 5,  4,  0,  1],
       [ 0,  0,  9,  1],
       [ 1,  0,  3, 11]]), array([[ 9,  1,  1,  0],
       [ 4,  6,  0,  0],
       [ 0,  0,  9,  1],
       [ 0,  0,  2, 12]]), array([[11,  0,  0,  0],
       [ 5,  4,  0,  1],
       [ 0,  0,  7,  2],
       [ 0,  0,  3, 12]]), array([[ 9,  1,  1,  0],
       [ 3,  4,  0,  2],
       [ 0,  0,  9,  1],
       [ 0,  0,  4, 11]]), array([[11,  0,  0,  0],
       [ 3,  5,  0,  1],
       [ 0,  0,  9,  1],
       [ 0,  0,  3, 12]]), array([[11,  0,  0,  0],
       [ 4,  5,  0,  0],
       [ 0,  0,  8,  2],
       [ 0,  0,  6,  9]]), array([[11,  0,  0,  0],
       [ 4,  4,  0,  1],
       [ 1,  0,  8,  1],
       [ 0,  0,  5, 10]])]"
8,"[0.8418891170431212, 0.8480492813141683, 0.8374485596707819, 0.8271604938271605, 0.83640081799591, 0.8292181069958847, 0.8213552361396304, 0.8254620123203286, 0.837782340862423, 0.8151950718685832]","[0.8418891170431212, 0.8480492813141683, 0.8374485596707819, 0.8271604938271605, 0.83640081799591, 0.8292181069958847, 0.8213552361396304, 0.8254620123203286, 0.837782340862423, 0.8151950718685832]","[0.8418891170431212, 0.8480492813141683, 0.8374485596707819, 0.8271604938271605, 0.83640081799591, 0.8292181069958847, 0.8213552361396304, 0.8254620123203286, 0.837782340862423, 0.8151950718685832]","[0.8418891170431212, 0.8480492813141683, 0.8374485596707819, 0.8271604938271605, 0.83640081799591, 0.8292181069958847, 0.8213552361396304, 0.8254620123203286, 0.837782340862423, 0.8151950718685832]","[0.8686534144867478, 0.8757614376609604, 0.8727753727753728, 0.8502093685829195, 0.8548825165922801, 0.8664050882151445, 0.8612450273806626, 0.8562957205814349, 0.8563655545432741, 0.8433877583824588]","[0.818700614574188, 0.8232221246707638, 0.810412224591329, 0.8021943852167733, 0.8125, 0.8018390191897654, 0.792515364354697, 0.8016242317822652, 0.8117427568042143, 0.7869183494293239]","[0.8256853461153684, 0.8306140477701747, 0.8182895614729835, 0.808484581425399, 0.8189048084341026, 0.8086861475041733, 0.7985002049500424, 0.808965044273749, 0.8177138644402233, 0.7914493611686976]","[0.8593076910667602, 0.8652733687603179, 0.8596864193572012, 0.8428678810450533, 0.8476188457333432, 0.8548972917799518, 0.8495707824223235, 0.8438901565331602, 0.8498050810884947, 0.8341919726219937]","[0.8418891170431212, 0.8480492813141683, 0.8374485596707819, 0.8271604938271605, 0.83640081799591, 0.8292181069958847, 0.8213552361396304, 0.8254620123203286, 0.837782340862423, 0.8151950718685832]","[0.8353201687067211, 0.8411473495573786, 0.8296678797631765, 0.8200265860683108, 0.829707248935783, 0.8206592396025768, 0.811764770403606, 0.8182767682110663, 0.8304455529386778, 0.8050285804006657]","[array([[131,   1,   2,   0],
       [ 29,  50,   0,   6],
       [  1,   0, 130,   3],
       [  4,   1,  30,  99]]), array([[132,   1,   1,   0],
       [ 29,  49,   0,   7],
       [  1,   0, 130,   3],
       [  2,   0,  30, 102]]), array([[132,   0,   2,   0],
       [ 32,  46,   0,   6],
       [  1,   0, 129,   4],
       [  3,   0,  31, 100]]), array([[129,   3,   2,   0],
       [ 32,  47,   0,   5],
       [  1,   0, 128,   5],
       [  2,   1,  33,  98]]), array([[130,   3,   2,   0],
       [ 27,  49,   0,   8],
       [  0,   0, 130,   5],
       [  3,   1,  31, 100]]), array([[132,   1,   1,   0],
       [ 35,  45,   0,   4],
       [  1,   0, 130,   3],
       [  4,   0,  34,  96]]), array([[131,   1,   2,   0],
       [ 38,  43,   0,   4],
       [  1,   0, 130,   3],
       [  3,   0,  35,  96]]), array([[131,   0,   3,   0],
       [ 30,  48,   0,   7],
       [  1,   0, 126,   7],
       [  3,   1,  33,  97]]), array([[129,   3,   2,   0],
       [ 31,  47,   0,   7],
       [  0,   0, 129,   5],
       [  4,   1,  26, 103]]), array([[130,   2,   1,   1],
       [ 36,  43,   0,   6],
       [  0,   0, 129,   5],
       [  2,   1,  36,  95]])]","[0.717391304347826, 0.8260869565217391, 0.782608695652174, 0.782608695652174, 0.7333333333333333, 0.8, 0.6888888888888889, 0.8444444444444444, 0.6666666666666666, 0.6666666666666666]","[0.717391304347826, 0.8260869565217391, 0.782608695652174, 0.782608695652174, 0.7333333333333333, 0.8, 0.6888888888888889, 0.8444444444444444, 0.6666666666666666, 0.6666666666666666]","[0.717391304347826, 0.8260869565217391, 0.782608695652174, 0.782608695652174, 0.7333333333333333, 0.8, 0.6888888888888889, 0.8444444444444444, 0.6666666666666666, 0.6666666666666666]","[0.717391304347826, 0.8260869565217391, 0.782608695652174, 0.782608695652174, 0.7333333333333333, 0.8, 0.6888888888888889, 0.8444444444444444, 0.6666666666666666, 0.6666666666666666]","[0.7788461538461539, 0.8545454545454546, 0.8420634920634921, 0.8332390648567118, 0.7522435897435896, 0.817057942057942, 0.7028846153846153, 0.8676406926406927, 0.7286931818181819, 0.775]","[0.7, 0.8097222222222222, 0.7749999999999999, 0.7833333333333333, 0.7259740259740259, 0.8027777777777778, 0.6795454545454546, 0.8305555555555556, 0.6694444444444444, 0.6739898989898989]","[0.684098228663446, 0.8132275132275132, 0.7644088669950738, 0.7603807223372441, 0.7136008918617615, 0.7997041920216363, 0.6626851409460105, 0.8295238095238096, 0.6572293447293448, 0.6615504061156235]","[0.7750836120401338, 0.8474308300395256, 0.8386818495514147, 0.838259885894157, 0.7634757834757835, 0.8182373182373182, 0.7069230769230769, 0.8627705627705627, 0.7215909090909091, 0.7911111111111111]","[0.717391304347826, 0.8260869565217391, 0.782608695652174, 0.782608695652174, 0.7333333333333333, 0.8, 0.6888888888888889, 0.8444444444444444, 0.6666666666666666, 0.6666666666666666]","[0.6992963663095988, 0.821256038647343, 0.7711501392161063, 0.76684820115822, 0.7249101944754118, 0.7999541732401773, 0.6735467431119605, 0.8373333333333334, 0.6570117125672681, 0.6670488931358497]","[array([[12,  0,  0,  0],
       [ 6,  3,  0,  0],
       [ 0,  0,  8,  2],
       [ 0,  0,  5, 10]]), array([[11,  0,  0,  1],
       [ 4,  5,  0,  0],
       [ 0,  0,  9,  1],
       [ 0,  0,  2, 13]]), array([[11,  0,  0,  0],
       [ 5,  4,  0,  1],
       [ 0,  0,  9,  1],
       [ 2,  0,  1, 12]]), array([[11,  0,  0,  0],
       [ 5,  4,  0,  1],
       [ 0,  0, 10,  0],
       [ 1,  0,  3, 11]]), array([[ 9,  1,  1,  0],
       [ 6,  4,  0,  0],
       [ 0,  0,  9,  1],
       [ 0,  0,  3, 11]]), array([[11,  0,  0,  0],
       [ 2,  7,  0,  1],
       [ 0,  0,  7,  2],
       [ 0,  0,  4, 11]]), array([[ 9,  1,  1,  0],
       [ 4,  3,  0,  2],
       [ 0,  0,  9,  1],
       [ 2,  0,  3, 10]]), array([[11,  0,  0,  0],
       [ 3,  5,  0,  1],
       [ 0,  0,  9,  1],
       [ 0,  0,  2, 13]]), array([[11,  0,  0,  0],
       [ 5,  4,  0,  0],
       [ 0,  0,  7,  3],
       [ 0,  0,  7,  8]]), array([[9, 0, 2, 0],
       [5, 4, 0, 0],
       [1, 0, 9, 0],
       [0, 0, 7, 8]])]"
9,"[0.8336755646817249, 0.8480492813141683, 0.8209876543209876, 0.8395061728395061, 0.8343558282208589, 0.831275720164609, 0.8357289527720739, 0.8439425051334702, 0.8439425051334702, 0.8357289527720739]","[0.8336755646817249, 0.8480492813141683, 0.8209876543209876, 0.8395061728395061, 0.8343558282208589, 0.831275720164609, 0.8357289527720739, 0.8439425051334702, 0.8439425051334702, 0.8357289527720739]","[0.8336755646817249, 0.8480492813141683, 0.8209876543209876, 0.8395061728395061, 0.8343558282208589, 0.831275720164609, 0.8357289527720739, 0.8439425051334702, 0.8439425051334702, 0.8357289527720739]","[0.8336755646817249, 0.8480492813141683, 0.8209876543209876, 0.8395061728395061, 0.8343558282208589, 0.831275720164609, 0.8357289527720739, 0.8439425051334702, 0.8439425051334702, 0.8357289527720739]","[0.857275186530724, 0.867262317742908, 0.8397819937723517, 0.861615934422952, 0.8498735160544977, 0.8503500598891256, 0.8581600806099682, 0.8657833797199409, 0.8589919534919535, 0.8526896741602624]","[0.8026338893766461, 0.824297629499561, 0.798818407960199, 0.8167199715707179, 0.8117724867724867, 0.8025941719971571, 0.8098770851624232, 0.820566286215979, 0.8184152765583845, 0.808801580333626]","[0.8074485943963627, 0.8317568100176796, 0.8064073066491705, 0.824925750238395, 0.8177230191359902, 0.8087769034945614, 0.8165056296977724, 0.8282715685428002, 0.8251438032556995, 0.8144990277861343]","[0.8496225187826173, 0.8596020271372875, 0.8310632377934998, 0.8513358390406979, 0.8453905611118905, 0.8435273637185967, 0.8517801652193943, 0.8561488848347099, 0.8525439791394617, 0.8459171773098575]","[0.8336755646817249, 0.8480492813141683, 0.8209876543209876, 0.8395061728395061, 0.8343558282208589, 0.831275720164609, 0.8357289527720739, 0.8439425051334702, 0.8439425051334702, 0.8357289527720739]","[0.8236774294351377, 0.8425347100465393, 0.8157775576261134, 0.8341471116161043, 0.8285109589056509, 0.8233972982299416, 0.8291157504295328, 0.8381666065323955, 0.8376618318720683, 0.8278827234102164]","[array([[130,   2,   1,   1],
       [ 36,  42,   0,   7],
       [  1,   0, 130,   3],
       [  1,   1,  28, 104]]), array([[130,   3,   1,   0],
       [ 30,  50,   0,   5],
       [  1,   0, 126,   7],
       [  2,   0,  25, 107]]), array([[127,   4,   2,   1],
       [ 30,  49,   0,   5],
       [  1,   0, 121,  12],
       [  2,   0,  30, 102]]), array([[130,   2,   1,   1],
       [ 28,  50,   0,   6],
       [  1,   0, 124,   9],
       [  3,   0,  27, 104]]), array([[128,   5,   2,   0],
       [ 27,  50,   1,   6],
       [  1,   0, 130,   4],
       [  4,   1,  30, 100]]), array([[127,   4,   2,   1],
       [ 34,  44,   0,   6],
       [  0,   0, 128,   6],
       [  3,   0,  26, 105]]), array([[129,   4,   1,   0],
       [ 34,  47,   0,   4],
       [  2,   0, 128,   4],
       [  3,   0,  28, 103]]), array([[131,   2,   1,   0],
       [ 28,  50,   0,   7],
       [  1,   0, 125,   8],
       [  4,   0,  25, 105]]), array([[129,   4,   1,   0],
       [ 30,  48,   0,   7],
       [  0,   0, 125,   9],
       [  3,   0,  22, 109]]), array([[129,   3,   1,   1],
       [ 31,  46,   0,   8],
       [  0,   0, 128,   6],
       [  2,   1,  27, 104]])]","[0.6956521739130435, 0.8260869565217391, 0.8478260869565217, 0.7608695652173914, 0.7333333333333333, 0.7333333333333333, 0.6888888888888889, 0.8, 0.7111111111111111, 0.7333333333333333]","[0.6956521739130435, 0.8260869565217391, 0.8478260869565217, 0.7608695652173914, 0.7333333333333333, 0.7333333333333333, 0.6888888888888889, 0.8, 0.7111111111111111, 0.7333333333333333]","[0.6956521739130435, 0.8260869565217391, 0.8478260869565217, 0.7608695652173914, 0.7333333333333333, 0.7333333333333333, 0.6888888888888889, 0.8, 0.7111111111111111, 0.7333333333333333]","[0.6956521739130435, 0.8260869565217391, 0.8478260869565217, 0.7608695652173914, 0.7333333333333333, 0.7333333333333333, 0.6888888888888889, 0.8, 0.7111111111111111, 0.7333333333333333]","[0.756827731092437, 0.8433566433566433, 0.8413600288600289, 0.8216089466089467, 0.7565996503496504, 0.7416666666666667, 0.7028846153846153, 0.8282467532467532, 0.7343073593073594, 0.80625]","[0.6833333333333333, 0.8236111111111111, 0.8462121212121212, 0.75, 0.7308441558441559, 0.718939393939394, 0.6795454545454546, 0.788888888888889, 0.7161616161616161, 0.730050505050505]","[0.6652298850574712, 0.8292261904761904, 0.8420958693585537, 0.7262220538082607, 0.7141706924315621, 0.715224358974359, 0.6626851409460105, 0.789047619047619, 0.7064102564102563, 0.719031339031339]","[0.7485842162952138, 0.835360291882031, 0.8488534412447456, 0.8208952882865925, 0.7672299922299923, 0.7481481481481482, 0.7069230769230769, 0.8203463203463204, 0.740981240981241, 0.8194444444444444]","[0.6956521739130435, 0.8260869565217391, 0.8478260869565217, 0.7608695652173914, 0.7333333333333333, 0.7333333333333333, 0.6888888888888889, 0.8, 0.7111111111111111, 0.7333333333333333]","[0.6760369815092454, 0.8272619047619049, 0.8467217845800866, 0.737944214705834, 0.7223904097334048, 0.7269230769230769, 0.6735467431119605, 0.7939470899470901, 0.7078062678062679, 0.7308135485913264]","[array([[12,  0,  0,  0],
       [ 5,  3,  0,  1],
       [ 0,  0,  8,  2],
       [ 0,  0,  6,  9]]), array([[11,  0,  0,  1],
       [ 2,  7,  0,  0],
       [ 0,  0,  8,  2],
       [ 0,  0,  3, 12]]), array([[ 9,  2,  0,  0],
       [ 2,  7,  0,  1],
       [ 0,  0, 10,  0],
       [ 1,  0,  1, 13]]), array([[11,  0,  0,  0],
       [ 6,  3,  0,  1],
       [ 0,  0,  9,  1],
       [ 1,  0,  2, 12]]), array([[10,  1,  0,  0],
       [ 6,  4,  0,  0],
       [ 0,  0,  9,  1],
       [ 0,  0,  4, 10]]), array([[10,  1,  0,  0],
       [ 5,  5,  0,  0],
       [ 0,  0,  6,  3],
       [ 0,  0,  3, 12]]), array([[ 9,  1,  1,  0],
       [ 4,  3,  0,  2],
       [ 0,  0,  9,  1],
       [ 2,  0,  3, 10]]), array([[11,  0,  0,  0],
       [ 3,  5,  0,  1],
       [ 0,  0,  8,  2],
       [ 0,  0,  3, 12]]), array([[10,  1,  0,  0],
       [ 4,  5,  0,  0],
       [ 0,  0,  8,  2],
       [ 0,  0,  6,  9]]), array([[10,  0,  1,  0],
       [ 5,  4,  0,  0],
       [ 1,  0,  9,  0],
       [ 0,  0,  5, 10]])]"
10,"[0.8213552361396304, 0.8336755646817249, 0.8065843621399177, 0.8127572016460906, 0.8261758691206544, 0.8127572016460906, 0.837782340862423, 0.8069815195071869, 0.8336755646817249, 0.8090349075975359]","[0.8213552361396304, 0.8336755646817249, 0.8065843621399177, 0.8127572016460906, 0.8261758691206544, 0.8127572016460906, 0.837782340862423, 0.8069815195071869, 0.8336755646817249, 0.8090349075975359]","[0.8213552361396304, 0.8336755646817249, 0.8065843621399177, 0.8127572016460906, 0.8261758691206544, 0.8127572016460906, 0.837782340862423, 0.8069815195071869, 0.8336755646817249, 0.8090349075975359]","[0.8213552361396304, 0.8336755646817249, 0.8065843621399177, 0.8127572016460906, 0.8261758691206544, 0.8127572016460906, 0.837782340862423, 0.8069815195071869, 0.8336755646817249, 0.8090349075975359]","[0.8457344679299807, 0.8493492610810286, 0.8380732077002815, 0.8387550170100766, 0.8461015780292889, 0.8373861273848408, 0.8671967887858896, 0.8373891848794306, 0.8598937401047375, 0.8389334419813375]","[0.7892888498683055, 0.8047848990342406, 0.7746535181236673, 0.7802505330490406, 0.7987433862433863, 0.7802505330490406, 0.8117427568042143, 0.775153643546971, 0.8047848990342406, 0.7791703248463565]","[0.7935929290488491, 0.8095103233787967, 0.7800108351451385, 0.7839269363586322, 0.8038256412862067, 0.7848670285710679, 0.819333900323249, 0.7786977725188574, 0.8116572066199009, 0.7828511372236869]","[0.83935979520537, 0.8444583243109473, 0.8264326413942279, 0.831736320798557, 0.8404802702163927, 0.8302265989073504, 0.8559308257136964, 0.8282147907502563, 0.8501714157674498, 0.8295877494720862]","[0.8213552361396304, 0.8336755646817249, 0.8065843621399177, 0.8127572016460906, 0.8261758691206544, 0.8127572016460906, 0.837782340862423, 0.8069815195071869, 0.8336755646817249, 0.8090349075975359]","[0.8110435586672655, 0.8248838374813615, 0.796061332588054, 0.8013913096109136, 0.8176116870169081, 0.8024281191291556, 0.8306599417369467, 0.7952515767579695, 0.8257335363735437, 0.7976610323001864]","[array([[126,   4,   3,   1],
       [ 39,  40,   0,   6],
       [  1,   0, 131,   2],
       [  3,   0,  28, 103]]), array([[128,   5,   1,   0],
       [ 33,  44,   0,   8],
       [  0,   0, 130,   4],
       [  2,   0,  28, 104]]), array([[129,   2,   3,   0],
       [ 39,  39,   0,   6],
       [  1,   0, 123,  10],
       [  2,   0,  31, 101]]), array([[127,   4,   2,   1],
       [ 39,  39,   0,   6],
       [  0,   0, 131,   3],
       [  3,   0,  33,  98]]), array([[129,   5,   1,   0],
       [ 32,  45,   0,   7],
       [  0,   0, 132,   3],
       [  4,   0,  33,  98]]), array([[129,   4,   1,   0],
       [ 41,  39,   0,   4],
       [  1,   0, 125,   8],
       [  3,   0,  29, 102]]), array([[132,   1,   0,   1],
       [ 34,  47,   0,   4],
       [  1,   0, 126,   7],
       [  2,   0,  29, 103]]), array([[130,   3,   1,   0],
       [ 40,  39,   0,   6],
       [  1,   0, 127,   6],
       [  3,   0,  34,  97]]), array([[129,   2,   3,   0],
       [ 36,  44,   0,   5],
       [  0,   0, 126,   8],
       [  3,   0,  24, 107]]), array([[129,   3,   1,   1],
       [ 37,  41,   0,   7],
       [  0,   0, 130,   4],
       [  3,   0,  37,  94]])]","[0.717391304347826, 0.8260869565217391, 0.6956521739130435, 0.7608695652173914, 0.7111111111111111, 0.8222222222222222, 0.6666666666666666, 0.7555555555555555, 0.6222222222222222, 0.7111111111111111]","[0.717391304347826, 0.8260869565217391, 0.6956521739130435, 0.7608695652173914, 0.7111111111111111, 0.8222222222222222, 0.6666666666666666, 0.7555555555555555, 0.6222222222222222, 0.7111111111111111]","[0.717391304347826, 0.8260869565217391, 0.6956521739130435, 0.7608695652173914, 0.7111111111111111, 0.8222222222222222, 0.6666666666666666, 0.7555555555555555, 0.6222222222222222, 0.7111111111111111]","[0.717391304347826, 0.8260869565217391, 0.6956521739130435, 0.7608695652173914, 0.7111111111111111, 0.8222222222222222, 0.6666666666666666, 0.7555555555555555, 0.6222222222222222, 0.7111111111111111]","[0.7726244343891403, 0.8461038961038961, 0.6922743922743924, 0.8242521367521367, 0.7349084738790621, 0.8357142857142857, 0.672676282051282, 0.8023809523809524, 0.6657852564102564, 0.796875]","[0.7, 0.8166666666666667, 0.6901515151515152, 0.7583333333333333, 0.7058441558441558, 0.8194444444444444, 0.6517676767676768, 0.7527777777777778, 0.6351010101010102, 0.7133838383838383]","[0.6843810237738274, 0.8195949644225506, 0.682207498383969, 0.7261347958499382, 0.6813664596273292, 0.8169894309811039, 0.6242236024844721, 0.7380698005698005, 0.6287820512820512, 0.6996082621082621]","[0.764410781034822, 0.8419536984754376, 0.7055451794582229, 0.8296636937941286, 0.747131953014306, 0.84, 0.6810897435897435, 0.7998941798941799, 0.6664529914529914, 0.8111111111111111]","[0.717391304347826, 0.8260869565217391, 0.6956521739130435, 0.7608695652173914, 0.7111111111111111, 0.8222222222222222, 0.6666666666666666, 0.7555555555555555, 0.6222222222222222, 0.7111111111111111]","[0.6978661290472776, 0.8239023345470123, 0.6920055647677131, 0.736480143428843, 0.6926432022084197, 0.8213481370769723, 0.6416379112031285, 0.74349477682811, 0.622991452991453, 0.7079930357708135]","[array([[12,  0,  0,  0],
       [ 5,  3,  0,  1],
       [ 0,  0,  8,  2],
       [ 0,  0,  5, 10]]), array([[12,  0,  0,  0],
       [ 3,  6,  0,  0],
       [ 0,  0,  8,  2],
       [ 0,  0,  3, 12]]), array([[ 8,  3,  0,  0],
       [ 5,  4,  0,  1],
       [ 0,  0,  9,  1],
       [ 2,  0,  2, 11]]), array([[11,  0,  0,  0],
       [ 6,  3,  0,  1],
       [ 0,  0, 10,  0],
       [ 1,  0,  3, 11]]), array([[10,  1,  0,  0],
       [ 7,  3,  0,  0],
       [ 0,  0,  9,  1],
       [ 0,  0,  4, 10]]), array([[11,  0,  0,  0],
       [ 3,  7,  0,  0],
       [ 0,  0,  7,  2],
       [ 0,  0,  3, 12]]), array([[ 9,  1,  1,  0],
       [ 5,  2,  0,  2],
       [ 0,  0,  9,  1],
       [ 2,  0,  3, 10]]), array([[11,  0,  0,  0],
       [ 4,  4,  0,  1],
       [ 0,  0,  9,  1],
       [ 0,  0,  5, 10]]), array([[9, 1, 1, 0],
       [4, 5, 0, 0],
       [0, 0, 7, 3],
       [0, 0, 8, 7]]), array([[10,  0,  1,  0],
       [ 5,  4,  0,  0],
       [ 1,  0,  9,  0],
       [ 0,  0,  6,  9]])]"
11,"[0.8316221765913757, 0.837782340862423, 0.823045267489712, 0.8333333333333334, 0.8282208588957055, 0.8106995884773662, 0.8316221765913757, 0.8439425051334702, 0.8234086242299795, 0.8090349075975359]","[0.8316221765913757, 0.837782340862423, 0.823045267489712, 0.8333333333333334, 0.8282208588957055, 0.8106995884773662, 0.8316221765913757, 0.8439425051334702, 0.8234086242299795, 0.8090349075975359]","[0.8316221765913757, 0.837782340862423, 0.823045267489712, 0.8333333333333334, 0.8282208588957055, 0.8106995884773662, 0.8316221765913757, 0.8439425051334702, 0.8234086242299795, 0.8090349075975359]","[0.8316221765913757, 0.837782340862423, 0.823045267489712, 0.8333333333333334, 0.8282208588957055, 0.8106995884773662, 0.8316221765913757, 0.8439425051334702, 0.8234086242299795, 0.8090349075975359]","[0.8509893793595185, 0.8552791347094943, 0.8451131046208827, 0.8483531941298995, 0.8475815099187988, 0.8313480452853643, 0.8579333011534411, 0.866914288375156, 0.8461197604790419, 0.8378405185618825]","[0.8039947322212467, 0.8095917471466199, 0.7940209665955935, 0.806680881307747, 0.8005952380952381, 0.7783848614072495, 0.8072212467076383, 0.8184152765583845, 0.793305531167691, 0.7780948200175593]","[0.8100632255389718, 0.8154818717064839, 0.7999008869154712, 0.8132492517650683, 0.8069441500709889, 0.7829541757226843, 0.8139112094305195, 0.8258423460319053, 0.7993059843371013, 0.7819566451059986]","[0.844210076666739, 0.8489314501114764, 0.8379340395591138, 0.8428380099546088, 0.84019893795966, 0.8256880050509742, 0.8495577050501456, 0.8575483748851821, 0.837344678200068, 0.8285443995900037]","[0.8316221765913757, 0.837782340862423, 0.823045267489712, 0.8333333333333334, 0.8282208588957055, 0.8106995884773662, 0.8316221765913757, 0.8439425051334702, 0.8234086242299795, 0.8090349075975359]","[0.8239906388659033, 0.8299544876252183, 0.8146552426044785, 0.8268056067325155, 0.8205287583698266, 0.8008121156118495, 0.8247806426296526, 0.837386145849398, 0.8147155423883939, 0.7977489974883268]","[array([[128,   4,   1,   1],
       [ 34,  45,   0,   6],
       [  1,   0, 127,   6],
       [  3,   0,  26, 105]]), array([[128,   4,   2,   0],
       [ 32,  45,   0,   8],
       [  1,   0, 128,   5],
       [  2,   0,  25, 107]]), array([[128,   4,   1,   1],
       [ 36,  43,   0,   5],
       [  1,   0, 127,   6],
       [  3,   0,  29, 102]]), array([[128,   5,   1,   0],
       [ 33,  46,   0,   5],
       [  1,   0, 124,   9],
       [  2,   0,  25, 107]]), array([[129,   3,   3,   0],
       [ 32,  45,   0,   7],
       [  0,   0, 128,   7],
       [  3,   1,  28, 103]]), array([[127,   5,   2,   0],
       [ 40,  39,   0,   5],
       [  1,   0, 125,   8],
       [  5,   0,  26, 103]]), array([[131,   3,   0,   0],
       [ 33,  48,   1,   3],
       [  1,   0, 127,   6],
       [  4,   0,  31,  99]]), array([[130,   2,   1,   1],
       [ 30,  48,   1,   6],
       [  1,   0, 127,   6],
       [  2,   0,  26, 106]]), array([[127,   3,   3,   1],
       [ 37,  42,   0,   6],
       [  0,   0, 124,  10],
       [  3,   0,  23, 108]]), array([[129,   3,   1,   1],
       [ 38,  40,   1,   6],
       [  0,   0, 128,   6],
       [  3,   0,  34,  97]])]","[0.717391304347826, 0.8478260869565217, 0.7391304347826086, 0.8043478260869565, 0.7111111111111111, 0.7777777777777778, 0.7111111111111111, 0.8444444444444444, 0.7111111111111111, 0.7333333333333333]","[0.717391304347826, 0.8478260869565217, 0.7391304347826086, 0.8043478260869565, 0.7111111111111111, 0.7777777777777778, 0.7111111111111111, 0.8444444444444444, 0.7111111111111111, 0.7333333333333333]","[0.717391304347826, 0.8478260869565217, 0.7391304347826086, 0.8043478260869565, 0.7111111111111111, 0.7777777777777778, 0.7111111111111111, 0.8444444444444444, 0.7111111111111111, 0.7333333333333333]","[0.717391304347826, 0.8478260869565217, 0.7391304347826086, 0.8043478260869565, 0.7111111111111111, 0.7777777777777778, 0.7111111111111111, 0.8444444444444444, 0.7111111111111111, 0.7333333333333333]","[0.7788461538461539, 0.8741883116883118, 0.7427350427350428, 0.8141025641025641, 0.7303685897435898, 0.7821428571428571, 0.7177197802197802, 0.8692765567765568, 0.7416666666666667, 0.80625]","[0.7, 0.8305555555555556, 0.7318181818181817, 0.8022727272727272, 0.7009740259740259, 0.7717171717171718, 0.6962121212121213, 0.85, 0.7133838383838383, 0.730050505050505]","[0.684098228663446, 0.8312807881773399, 0.7350877192982457, 0.7901161338661339, 0.6810001592610289, 0.7675776662752215, 0.6800397877984086, 0.8412037037037038, 0.6951648351648352, 0.719031339031339]","[0.7750836120401338, 0.8719649915302089, 0.7461910070605723, 0.822742474916388, 0.7431980056980056, 0.7907936507936508, 0.723992673992674, 0.871123321123321, 0.7562962962962962, 0.8194444444444444]","[0.717391304347826, 0.8478260869565217, 0.7391304347826086, 0.8043478260869565, 0.7111111111111111, 0.7777777777777778, 0.7111111111111111, 0.8444444444444444, 0.7111111111111111, 0.7333333333333333]","[0.6992963663095988, 0.8420432640822446, 0.740655987795576, 0.7969476175997915, 0.6953619649271824, 0.7756487906717435, 0.6951812555260831, 0.8408641975308642, 0.7023199023199022, 0.7308135485913264]","[array([[12,  0,  0,  0],
       [ 6,  3,  0,  0],
       [ 0,  0,  8,  2],
       [ 0,  0,  5, 10]]), array([[12,  0,  0,  0],
       [ 4,  5,  0,  0],
       [ 0,  0,  9,  1],
       [ 0,  0,  2, 13]]), array([[ 8,  3,  0,  0],
       [ 3,  6,  0,  1],
       [ 0,  0,  8,  2],
       [ 2,  0,  1, 12]]), array([[10,  1,  0,  0],
       [ 4,  5,  0,  1],
       [ 0,  0, 10,  0],
       [ 1,  0,  2, 12]]), array([[ 9,  1,  1,  0],
       [ 7,  3,  0,  0],
       [ 0,  0,  9,  1],
       [ 0,  0,  3, 11]]), array([[10,  1,  0,  0],
       [ 4,  6,  0,  0],
       [ 0,  0,  7,  2],
       [ 0,  0,  3, 12]]), array([[ 9,  1,  1,  0],
       [ 4,  3,  0,  2],
       [ 0,  0,  9,  1],
       [ 0,  0,  4, 11]]), array([[11,  0,  0,  0],
       [ 2,  6,  0,  1],
       [ 0,  0, 10,  0],
       [ 0,  0,  4, 11]]), array([[10,  1,  0,  0],
       [ 5,  4,  0,  0],
       [ 0,  0,  9,  1],
       [ 0,  0,  6,  9]]), array([[10,  0,  1,  0],
       [ 5,  4,  0,  0],
       [ 1,  0,  9,  0],
       [ 0,  0,  5, 10]])]"
12,"[0.8069815195071869, 0.8275154004106776, 0.8127572016460906, 0.8127572016460906, 0.8159509202453987, 0.8004115226337448, 0.8234086242299795, 0.8028747433264887, 0.8172484599589322, 0.8028747433264887]","[0.8069815195071869, 0.8275154004106776, 0.8127572016460906, 0.8127572016460906, 0.8159509202453987, 0.8004115226337448, 0.8234086242299795, 0.8028747433264887, 0.8172484599589322, 0.8028747433264887]","[0.8069815195071869, 0.8275154004106776, 0.8127572016460906, 0.8127572016460906, 0.8159509202453987, 0.8004115226337448, 0.8234086242299795, 0.8028747433264887, 0.8172484599589322, 0.8028747433264887]","[0.8069815195071869, 0.8275154004106776, 0.8127572016460906, 0.8127572016460906, 0.8159509202453987, 0.8004115226337448, 0.8234086242299795, 0.8028747433264887, 0.8172484599589322, 0.8028747433264887]","[0.8399159069646004, 0.8531992395479481, 0.8474298119034961, 0.8428237134377485, 0.8353258028745775, 0.8311099633294732, 0.8521470694145495, 0.837203037351304, 0.8432494099938922, 0.8329793400241376]","[0.7708516242317822, 0.7959613696224758, 0.78136105188344, 0.7802505330490406, 0.7861111111111111, 0.7623933901918976, 0.7954565408252854, 0.7692712906057946, 0.7866330114135206, 0.7703467954345918]","[0.7724083163782853, 0.8006438041944284, 0.7866988336112939, 0.7852972912691882, 0.791286894559027, 0.7630641631297779, 0.8010063282451214, 0.7725733131361747, 0.7918323971653087, 0.7728869745994347]","[0.8317522529479618, 0.8452889147610047, 0.8366323694675438, 0.8340019320453945, 0.8292463506486001, 0.822307833356511, 0.8436929954428474, 0.8259828511973705, 0.834337972993091, 0.8257568643113028]","[0.8069815195071869, 0.8275154004106776, 0.8127572016460906, 0.8127572016460906, 0.8159509202453987, 0.8004115226337448, 0.8234086242299795, 0.8028747433264887, 0.8172484599589322, 0.8028747433264887]","[0.7928638166672941, 0.817243926543138, 0.8023138746288514, 0.8024011670121481, 0.806937899765928, 0.7849843445217303, 0.814523049841311, 0.79026152024049, 0.8075459508396305, 0.790440623695334]","[array([[128,   3,   2,   1],
       [ 45,  35,   0,   5],
       [  0,   0, 131,   3],
       [  4,   0,  31,  99]]), array([[130,   3,   1,   0],
       [ 37,  41,   0,   7],
       [  1,   0, 129,   4],
       [  4,   0,  27, 103]]), array([[130,   2,   2,   0],
       [ 39,  40,   1,   4],
       [  1,   0, 127,   6],
       [  1,   0,  35,  98]]), array([[127,   3,   3,   1],
       [ 41,  39,   0,   4],
       [  1,   0, 128,   5],
       [  2,   0,  31, 101]]), array([[127,   5,   2,   1],
       [ 36,  42,   0,   6],
       [  0,   0, 129,   6],
       [  4,   0,  30, 101]]), array([[129,   3,   1,   1],
       [ 45,  33,   0,   6],
       [  0,   0, 128,   6],
       [  3,   0,  32,  99]]), array([[130,   3,   1,   0],
       [ 37,  44,   0,   4],
       [  0,   0, 129,   5],
       [  4,   0,  32,  98]]), array([[129,   2,   3,   0],
       [ 41,  37,   0,   7],
       [  1,   0, 126,   7],
       [  3,   0,  32,  99]]), array([[129,   3,   2,   0],
       [ 39,  41,   0,   5],
       [  0,   0, 125,   9],
       [  3,   0,  28, 103]]), array([[128,   4,   2,   0],
       [ 42,  38,   0,   5],
       [  0,   0, 130,   4],
       [  3,   0,  36,  95]])]","[0.717391304347826, 0.782608695652174, 0.8043478260869565, 0.782608695652174, 0.7333333333333333, 0.8222222222222222, 0.6444444444444445, 0.8444444444444444, 0.6, 0.7555555555555555]","[0.717391304347826, 0.782608695652174, 0.8043478260869565, 0.782608695652174, 0.7333333333333333, 0.8222222222222222, 0.6444444444444445, 0.8444444444444444, 0.6, 0.7555555555555555]","[0.717391304347826, 0.782608695652174, 0.8043478260869565, 0.782608695652174, 0.7333333333333333, 0.8222222222222222, 0.6444444444444445, 0.8444444444444444, 0.6, 0.7555555555555555]","[0.717391304347826, 0.782608695652174, 0.8043478260869565, 0.782608695652174, 0.7333333333333333, 0.8222222222222222, 0.6444444444444445, 0.8444444444444444, 0.6, 0.7555555555555555]","[0.7726244343891403, 0.8198272315919376, 0.7927489177489178, 0.841880341880342, 0.8031274281274281, 0.859375, 0.6555059523809523, 0.8695054945054945, 0.6354166666666667, 0.8229166666666666]","[0.7, 0.7722222222222223, 0.7984848484848485, 0.7749999999999999, 0.7285714285714286, 0.825, 0.6351010101010102, 0.8388888888888888, 0.6022727272727273, 0.755050505050505]","[0.6843810237738274, 0.7723727422003284, 0.794040949450087, 0.74659822935685, 0.700691961711452, 0.8068783068783069, 0.6041666666666666, 0.8302484472049689, 0.5805698005698006, 0.7384615384615385]","[0.764410781034822, 0.8138178956593279, 0.8047713156408808, 0.8456893348197696, 0.8082793749460415, 0.8736111111111111, 0.6636904761904763, 0.8706959706959708, 0.6398148148148148, 0.835185185185185]","[0.717391304347826, 0.782608695652174, 0.8043478260869565, 0.782608695652174, 0.7333333333333333, 0.8222222222222222, 0.6444444444444445, 0.8444444444444444, 0.6, 0.7555555555555555]","[0.6978661290472776, 0.7774862568715643, 0.803044538534917, 0.7588753076009447, 0.7108066479580724, 0.815049970605526, 0.6185185185185185, 0.8369192546583851, 0.5844887622665401, 0.7487179487179487]","[array([[12,  0,  0,  0],
       [ 5,  3,  0,  1],
       [ 0,  0,  8,  2],
       [ 0,  0,  5, 10]]), array([[12,  0,  0,  0],
       [ 4,  5,  0,  0],
       [ 0,  0,  8,  2],
       [ 1,  0,  3, 11]]), array([[ 8,  3,  0,  0],
       [ 3,  6,  0,  1],
       [ 0,  0, 10,  0],
       [ 1,  0,  1, 13]]), array([[11,  0,  0,  0],
       [ 6,  3,  0,  1],
       [ 0,  0, 10,  0],
       [ 1,  0,  2, 12]]), array([[11,  0,  0,  0],
       [ 7,  3,  0,  0],
       [ 0,  0,  9,  1],
       [ 0,  0,  4, 10]]), array([[11,  0,  0,  0],
       [ 5,  5,  0,  0],
       [ 0,  0,  9,  0],
       [ 0,  0,  3, 12]]), array([[9, 1, 1, 0],
       [5, 2, 0, 2],
       [0, 0, 9, 1],
       [2, 0, 4, 9]]), array([[11,  0,  0,  0],
       [ 3,  5,  0,  1],
       [ 0,  0, 10,  0],
       [ 0,  0,  3, 12]]), array([[10,  1,  0,  0],
       [ 6,  3,  0,  0],
       [ 0,  0,  7,  3],
       [ 0,  0,  8,  7]]), array([[10,  0,  1,  0],
       [ 5,  4,  0,  0],
       [ 0,  0, 10,  0],
       [ 0,  0,  5, 10]])]"
13,"[0.811088295687885, 0.8336755646817249, 0.8189300411522634, 0.8127572016460906, 0.8159509202453987, 0.808641975308642, 0.8234086242299795, 0.8090349075975359, 0.8254620123203286, 0.8151950718685832]","[0.811088295687885, 0.8336755646817249, 0.8189300411522634, 0.8127572016460906, 0.8159509202453987, 0.808641975308642, 0.8234086242299795, 0.8090349075975359, 0.8254620123203286, 0.8151950718685832]","[0.811088295687885, 0.8336755646817249, 0.8189300411522634, 0.8127572016460906, 0.8159509202453987, 0.808641975308642, 0.8234086242299795, 0.8090349075975359, 0.8254620123203286, 0.8151950718685832]","[0.811088295687885, 0.8336755646817249, 0.8189300411522634, 0.8127572016460906, 0.8159509202453987, 0.808641975308642, 0.8234086242299795, 0.8090349075975359, 0.8254620123203286, 0.8151950718685832]","[0.8313609945619267, 0.8528116805266126, 0.8566803303828903, 0.8360189735189735, 0.8412293174996682, 0.83668509025434, 0.8465275262834862, 0.8364940298699709, 0.8459939364387523, 0.8415121610189267]","[0.7799604916593503, 0.801558384547849, 0.7825159914712153, 0.7858031272210376, 0.7827380952380953, 0.7720771144278608, 0.7976075504828797, 0.7780948200175593, 0.7919446883230904, 0.7836918349429324]","[0.7836900884353515, 0.8059843787472393, 0.786210635568758, 0.7915105109204488, 0.7885083854139229, 0.7749046499851246, 0.8038001372290942, 0.7826141588793014, 0.7963792393281357, 0.7877693453719583]","[0.8275170378501413, 0.8469458240612319, 0.8447160667419353, 0.827721885746577, 0.8321200175719385, 0.8280053020522199, 0.8391350186610853, 0.8270624325697479, 0.8398580892526796, 0.8347126565927928]","[0.811088295687885, 0.8336755646817249, 0.8189300411522634, 0.8127572016460906, 0.8159509202453987, 0.808641975308642, 0.8234086242299795, 0.8090349075975359, 0.8254620123203286, 0.8151950718685832]","[0.8010969677191191, 0.8236138289544721, 0.8058782603892013, 0.8043545278189861, 0.8061822076729852, 0.7955974646128866, 0.8161073531051374, 0.7984726676782454, 0.8151948609443135, 0.8046340291994761]","[array([[125,   6,   2,   1],
       [ 40,  40,   0,   5],
       [  1,   0, 130,   3],
       [  5,   0,  29, 100]]), array([[129,   4,   1,   0],
       [ 36,  41,   0,   8],
       [  1,   0, 129,   4],
       [  3,   0,  24, 107]]), array([[131,   1,   2,   0],
       [ 43,  36,   0,   5],
       [  0,   0, 128,   6],
       [  3,   0,  28, 103]]), array([[128,   4,   1,   1],
       [ 34,  44,   0,   6],
       [  1,   0, 126,   7],
       [  2,   0,  35,  97]]), array([[128,   3,   4,   0],
       [ 40,  39,   0,   5],
       [  0,   0, 124,  11],
       [  4,   0,  23, 108]]), array([[128,   3,   2,   1],
       [ 43,  35,   0,   6],
       [  1,   0, 126,   7],
       [  3,   0,  27, 104]]), array([[128,   4,   1,   1],
       [ 34,  46,   1,   4],
       [  1,   0, 127,   6],
       [  4,   0,  30, 100]]), array([[129,   3,   2,   0],
       [ 39,  40,   0,   6],
       [  0,   0, 125,   9],
       [  4,   0,  30, 100]]), array([[127,   4,   3,   0],
       [ 41,  39,   0,   5],
       [  0,   0, 126,   8],
       [  3,   0,  21, 110]]), array([[128,   4,   2,   0],
       [ 40,  40,   1,   4],
       [  0,   0, 129,   5],
       [  2,   0,  32, 100]])]","[0.7391304347826086, 0.8260869565217391, 0.7608695652173914, 0.7608695652173914, 0.7111111111111111, 0.8222222222222222, 0.6666666666666666, 0.8666666666666667, 0.7555555555555555, 0.7777777777777778]","[0.7391304347826086, 0.8260869565217391, 0.7608695652173914, 0.7608695652173914, 0.7111111111111111, 0.8222222222222222, 0.6666666666666666, 0.8666666666666667, 0.7555555555555555, 0.7777777777777778]","[0.7391304347826086, 0.8260869565217391, 0.7608695652173914, 0.7608695652173914, 0.7111111111111111, 0.8222222222222222, 0.6666666666666666, 0.8666666666666667, 0.7555555555555555, 0.7777777777777778]","[0.7391304347826086, 0.8260869565217391, 0.7608695652173914, 0.7608695652173914, 0.7111111111111111, 0.8222222222222222, 0.6666666666666666, 0.8666666666666667, 0.7555555555555555, 0.7777777777777778]","[0.7955182072829132, 0.8461038961038961, 0.7521645021645021, 0.8139880952380952, 0.7303685897435898, 0.859375, 0.6696886446886446, 0.8846153846153846, 0.774891774891775, 0.8293269230769231]","[0.725, 0.8166666666666667, 0.7568181818181818, 0.7606060606060606, 0.7009740259740259, 0.825, 0.6517676767676768, 0.8666666666666667, 0.7578282828282827, 0.7633838383838383]","[0.704581736909323, 0.8195949644225506, 0.7529900463302183, 0.7400793650793651, 0.6810001592610289, 0.8068783068783069, 0.622481684981685, 0.860843685300207, 0.746474358974359, 0.7569057351666048]","[0.791286079649251, 0.8419536984754376, 0.7617165443252398, 0.8210403726708073, 0.7431980056980056, 0.8736111111111111, 0.6792673992673992, 0.8854700854700854, 0.7871572871572871, 0.8399572649572649]","[0.7391304347826086, 0.8260869565217391, 0.7608695652173914, 0.7608695652173914, 0.7111111111111111, 0.8222222222222222, 0.6666666666666666, 0.8666666666666667, 0.7555555555555555, 0.7777777777777778]","[0.7183075129102116, 0.8239023345470123, 0.759851849165316, 0.7482171612606395, 0.6953619649271824, 0.815049970605526, 0.6406593406593406, 0.8630250747642052, 0.7519658119658119, 0.7743562216992168]","[array([[12,  0,  0,  0],
       [ 5,  3,  0,  1],
       [ 0,  0,  9,  1],
       [ 0,  0,  5, 10]]), array([[12,  0,  0,  0],
       [ 3,  6,  0,  0],
       [ 0,  0,  8,  2],
       [ 0,  0,  3, 12]]), array([[ 8,  3,  0,  0],
       [ 3,  6,  0,  1],
       [ 0,  0,  9,  1],
       [ 1,  0,  2, 12]]), array([[10,  0,  1,  0],
       [ 5,  4,  0,  1],
       [ 0,  0, 10,  0],
       [ 1,  0,  3, 11]]), array([[ 9,  1,  1,  0],
       [ 7,  3,  0,  0],
       [ 0,  0,  9,  1],
       [ 0,  0,  3, 11]]), array([[11,  0,  0,  0],
       [ 5,  5,  0,  0],
       [ 0,  0,  9,  0],
       [ 0,  0,  3, 12]]), array([[ 9,  1,  1,  0],
       [ 5,  2,  0,  2],
       [ 0,  0,  9,  1],
       [ 1,  0,  4, 10]]), array([[11,  0,  0,  0],
       [ 2,  6,  0,  1],
       [ 0,  0, 10,  0],
       [ 0,  0,  3, 12]]), array([[10,  1,  0,  0],
       [ 4,  5,  0,  0],
       [ 0,  0,  9,  1],
       [ 0,  0,  5, 10]]), array([[10,  0,  1,  0],
       [ 5,  4,  0,  0],
       [ 1,  0,  9,  0],
       [ 0,  0,  3, 12]])]"
14,"[0.8069815195071869, 0.811088295687885, 0.8127572016460906, 0.8045267489711934, 0.8241308793456033, 0.8127572016460906, 0.8213552361396304, 0.813141683778234, 0.8090349075975359, 0.8049281314168378]","[0.8069815195071869, 0.811088295687885, 0.8127572016460906, 0.8045267489711934, 0.8241308793456033, 0.8127572016460906, 0.8213552361396304, 0.813141683778234, 0.8090349075975359, 0.8049281314168378]","[0.8069815195071869, 0.811088295687885, 0.8127572016460906, 0.8045267489711934, 0.8241308793456033, 0.8127572016460906, 0.8213552361396304, 0.813141683778234, 0.8090349075975359, 0.8049281314168378]","[0.8069815195071869, 0.811088295687885, 0.8127572016460906, 0.8045267489711934, 0.8241308793456033, 0.8127572016460906, 0.8213552361396304, 0.813141683778234, 0.8090349075975359, 0.8049281314168378]","[0.8440155403478756, 0.833385668196551, 0.8458374493632597, 0.8329669726938265, 0.8534685233998126, 0.8461594048292057, 0.8546591258481822, 0.8394647492760337, 0.8383107586202906, 0.8255964464479405]","[0.7740781387181739, 0.7788849868305532, 0.7769189765458422, 0.7727878464818763, 0.7957671957671958, 0.7758084577114428, 0.7946663740122915, 0.7785996488147497, 0.7727172958735733, 0.7700614574187884]","[0.7770476007833137, 0.7817767934047004, 0.7807989448234227, 0.7766740307550075, 0.8022634118966704, 0.7781467149259798, 0.8008318686081423, 0.781725699756544, 0.7741117959340542, 0.7716895898144204]","[0.8333518062144998, 0.8280552360811769, 0.8353918761441885, 0.8253527986719933, 0.8448431938340184, 0.8358932997760432, 0.8443170386809126, 0.8331285285766573, 0.8299856009714729, 0.8203189015445456]","[0.8069815195071869, 0.811088295687885, 0.8127572016460906, 0.8045267489711934, 0.8241308793456033, 0.8127572016460906, 0.8213552361396304, 0.813141683778234, 0.8090349075975359, 0.8049281314168378]","[0.7940564969606904, 0.7995984687642201, 0.8004116002140804, 0.7933922203032123, 0.8158746430254993, 0.7986852250321284, 0.8128065516732512, 0.8012878794491374, 0.7947386935500297, 0.7918390557300398]","[array([[130,   2,   1,   1],
       [ 41,  38,   0,   6],
       [  1,   0, 130,   3],
       [  3,   0,  36,  95]]), array([[126,   5,   3,   0],
       [ 39,  39,   0,   7],
       [  0,   0, 131,   3],
       [  2,   0,  33,  99]]), array([[128,   2,   3,   1],
       [ 43,  36,   0,   5],
       [  1,   0, 127,   6],
       [  2,   0,  28, 104]]), array([[126,   4,   3,   1],
       [ 40,  39,   0,   5],
       [  0,   0, 130,   4],
       [  2,   0,  36,  96]]), array([[129,   3,   3,   0],
       [ 36,  44,   0,   4],
       [  0,   0, 131,   4],
       [  4,   0,  32,  99]]), array([[130,   2,   1,   1],
       [ 43,  35,   0,   6],
       [  0,   0, 129,   5],
       [  3,   0,  30, 101]]), array([[131,   2,   1,   0],
       [ 36,  45,   0,   4],
       [  1,   0, 128,   5],
       [  4,   0,  34,  96]]), array([[126,   4,   4,   0],
       [ 42,  37,   0,   6],
       [  1,   0, 130,   3],
       [  4,   0,  27, 103]]), array([[129,   3,   2,   0],
       [ 43,  35,   0,   7],
       [  0,   0, 129,   5],
       [  3,   0,  30, 101]]), array([[127,   5,   1,   1],
       [ 43,  36,   0,   6],
       [  0,   0, 128,   6],
       [  2,   0,  31, 101]])]","[0.6739130434782609, 0.8043478260869565, 0.7391304347826086, 0.7391304347826086, 0.7555555555555555, 0.8, 0.6444444444444445, 0.7777777777777778, 0.7333333333333333, 0.8]","[0.6739130434782609, 0.8043478260869565, 0.7391304347826086, 0.7391304347826086, 0.7555555555555555, 0.8, 0.6444444444444445, 0.7777777777777778, 0.7333333333333333, 0.8]","[0.6739130434782609, 0.8043478260869565, 0.7391304347826086, 0.7391304347826086, 0.7555555555555555, 0.8, 0.6444444444444445, 0.7777777777777778, 0.7333333333333333, 0.8]","[0.6739130434782609, 0.8043478260869565, 0.7391304347826086, 0.7391304347826086, 0.7555555555555555, 0.8, 0.6444444444444445, 0.7777777777777778, 0.7333333333333333, 0.8]","[0.7572916666666667, 0.8323717948717949, 0.7273809523809524, 0.8137254901960784, 0.8256302521008404, 0.8344624125874127, 0.6555059523809523, 0.817948717948718, 0.7729166666666667, 0.8410714285714286]","[0.6638888888888889, 0.8041666666666667, 0.7234848484848485, 0.7439393939393939, 0.7487012987012986, 0.7972222222222223, 0.6351010101010102, 0.7694444444444445, 0.7383838383838384, 0.7944444444444445]","[0.6239860139860139, 0.8046777296777297, 0.7193137254901961, 0.7214285714285713, 0.7222893772893773, 0.7846560846560847, 0.6041666666666666, 0.7574653607262303, 0.7149725274725275, 0.7774216524216525]","[0.7527173913043478, 0.8259197324414715, 0.7391304347826086, 0.8290707587382778, 0.8358543417366946, 0.8434246309246309, 0.6636904761904763, 0.8151566951566952, 0.7951851851851851, 0.8435449735449735]","[0.6739130434782609, 0.8043478260869565, 0.7391304347826086, 0.7391304347826086, 0.7555555555555555, 0.8, 0.6444444444444445, 0.7777777777777778, 0.7333333333333333, 0.8]","[0.6390392216479173, 0.8031589183763097, 0.7336061381074169, 0.7298136645962733, 0.7361302401302402, 0.793039388594944, 0.6185185185185185, 0.7657323352975526, 0.7232600732600734, 0.7867046533713201]","[array([[12,  0,  0,  0],
       [ 6,  2,  0,  1],
       [ 0,  0,  9,  1],
       [ 0,  0,  7,  8]]), array([[11,  0,  0,  1],
       [ 3,  6,  0,  0],
       [ 0,  0,  9,  1],
       [ 1,  0,  3, 11]]), array([[ 8,  3,  0,  0],
       [ 5,  4,  0,  1],
       [ 0,  0,  9,  1],
       [ 1,  0,  1, 13]]), array([[10,  0,  1,  0],
       [ 6,  4,  0,  0],
       [ 0,  0, 10,  0],
       [ 1,  0,  4, 10]]), array([[10,  0,  1,  0],
       [ 7,  3,  0,  0],
       [ 0,  0, 10,  0],
       [ 0,  0,  3, 11]]), array([[11,  0,  0,  0],
       [ 5,  5,  0,  0],
       [ 0,  0,  8,  1],
       [ 0,  0,  3, 12]]), array([[9, 1, 1, 0],
       [5, 2, 0, 2],
       [0, 0, 9, 1],
       [2, 0, 4, 9]]), array([[11,  0,  0,  0],
       [ 4,  4,  0,  1],
       [ 0,  0,  9,  1],
       [ 0,  0,  4, 11]]), array([[10,  1,  0,  0],
       [ 5,  4,  0,  0],
       [ 0,  0, 10,  0],
       [ 0,  0,  6,  9]]), array([[11,  0,  0,  0],
       [ 4,  4,  0,  1],
       [ 0,  0, 10,  0],
       [ 0,  0,  4, 11]])]"
15,"[0.8049281314168378, 0.8234086242299795, 0.8209876543209876, 0.8024691358024691, 0.8261758691206544, 0.8127572016460906, 0.8316221765913757, 0.8193018480492813, 0.8172484599589322, 0.8193018480492813]","[0.8049281314168378, 0.8234086242299795, 0.8209876543209876, 0.8024691358024691, 0.8261758691206544, 0.8127572016460906, 0.8316221765913757, 0.8193018480492813, 0.8172484599589322, 0.8193018480492813]","[0.8049281314168378, 0.8234086242299795, 0.8209876543209876, 0.8024691358024691, 0.8261758691206544, 0.8127572016460906, 0.8316221765913757, 0.8193018480492813, 0.8172484599589322, 0.8193018480492813]","[0.8049281314168378, 0.8234086242299795, 0.8209876543209876, 0.8024691358024691, 0.8261758691206544, 0.8127572016460906, 0.8316221765913757, 0.8193018480492813, 0.8172484599589322, 0.8193018480492813]","[0.8385336509285107, 0.8415821106997577, 0.8533550308497891, 0.8306731566107551, 0.855028878755186, 0.8508085961095018, 0.8583983651051535, 0.8463571766909042, 0.8392882771888728, 0.8389837335030927]","[0.7711369622475855, 0.7900790166812993, 0.7877132196162047, 0.767590618336887, 0.7942460317460318, 0.7758084577114428, 0.8018437225636523, 0.7863476733977173, 0.7823309920983319, 0.784196663740123]","[0.774158306720163, 0.7936135412345469, 0.7930297782908977, 0.7701448500685568, 0.8003601383238528, 0.7790759316541463, 0.8072534103263211, 0.7901765992055477, 0.7854577690656315, 0.7871843177764231]","[0.829833751329942, 0.8370763719779302, 0.8432866685714627, 0.8235407653155653, 0.8447600972414239, 0.8383174823118968, 0.8507128867972801, 0.8380851061731511, 0.8329343005710758, 0.8325991149128045]","[0.8049281314168378, 0.8234086242299795, 0.8209876543209876, 0.8024691358024691, 0.8261758691206544, 0.8127572016460906, 0.8316221765913757, 0.8193018480492813, 0.8172484599589322, 0.8193018480492813]","[0.7924863499014525, 0.8126261830081579, 0.8104196731767926, 0.7896407028235192, 0.8164935395431755, 0.799214059053407, 0.8224227700279473, 0.8078853572591318, 0.805395454705135, 0.8072957218693737]","[array([[128,   3,   2,   1],
       [ 43,  37,   1,   4],
       [  1,   0, 129,   4],
       [  3,   0,  33,  98]]), array([[127,   5,   2,   0],
       [ 39,  39,   0,   7],
       [  1,   0, 129,   4],
       [  3,   0,  25, 106]]), array([[129,   2,   3,   0],
       [ 40,  39,   0,   5],
       [  1,   0, 128,   5],
       [  3,   0,  28, 103]]), array([[126,   4,   3,   1],
       [ 42,  36,   0,   6],
       [  1,   0, 130,   3],
       [  2,   0,  34,  98]]), array([[131,   2,   2,   0],
       [ 37,  41,   0,   6],
       [  0,   0, 128,   7],
       [  5,   0,  26, 104]]), array([[129,   1,   3,   1],
       [ 42,  35,   0,   7],
       [  1,   0, 128,   5],
       [  4,   0,  27, 103]]), array([[129,   3,   1,   1],
       [ 37,  43,   1,   4],
       [  0,   0, 131,   3],
       [  2,   0,  30, 102]]), array([[129,   3,   1,   1],
       [ 39,  39,   0,   7],
       [  1,   0, 129,   4],
       [  4,   0,  28, 102]]), array([[127,   4,   3,   0],
       [ 42,  37,   0,   6],
       [  0,   0, 127,   7],
       [  3,   0,  24, 107]]), array([[127,   4,   2,   1],
       [ 41,  37,   0,   7],
       [  0,   0, 126,   8],
       [  2,   0,  23, 109]])]","[0.717391304347826, 0.8043478260869565, 0.782608695652174, 0.7608695652173914, 0.7333333333333333, 0.8, 0.6444444444444445, 0.8, 0.7555555555555555, 0.7333333333333333]","[0.717391304347826, 0.8043478260869565, 0.782608695652174, 0.7608695652173914, 0.7333333333333333, 0.8, 0.6444444444444445, 0.8, 0.7555555555555555, 0.7333333333333333]","[0.717391304347826, 0.8043478260869565, 0.782608695652174, 0.7608695652173914, 0.7333333333333333, 0.8, 0.6444444444444445, 0.8, 0.7555555555555555, 0.7333333333333333]","[0.717391304347826, 0.8043478260869565, 0.782608695652174, 0.7608695652173914, 0.7333333333333333, 0.8, 0.6444444444444445, 0.8, 0.7555555555555555, 0.7333333333333333]","[0.7810160427807488, 0.8431372549019608, 0.775, 0.8201357466063348, 0.7993024132730014, 0.8492647058823529, 0.6555059523809523, 0.8403679653679653, 0.7931547619047619, 0.7928835870012341]","[0.7083333333333334, 0.7972222222222223, 0.7734848484848484, 0.7522727272727272, 0.7237012987012986, 0.8, 0.6351010101010102, 0.8055555555555555, 0.7661616161616162, 0.7277777777777777]","[0.684973474801061, 0.7937171385447248, 0.7734744469870328, 0.7256330625895844, 0.701146679407549, 0.7757936507936508, 0.6041666666666666, 0.7908791208791208, 0.746474358974359, 0.7164954610606784]","[0.777028598000465, 0.8417519181585678, 0.782608695652174, 0.8262836907338186, 0.8050444109267638, 0.8637254901960785, 0.6636904761904763, 0.8432419432419433, 0.8134920634920636, 0.7979523744229627]","[0.717391304347826, 0.8043478260869565, 0.782608695652174, 0.7608695652173914, 0.7333333333333333, 0.8, 0.6444444444444445, 0.8, 0.7555555555555555, 0.7333333333333333]","[0.6959923884211741, 0.7992097025080532, 0.7819122475375585, 0.739680923990943, 0.7143281838934014, 0.7867724867724866, 0.6185185185185185, 0.7921562881562882, 0.7498290598290598, 0.7261400435313479]","[array([[12,  0,  0,  0],
       [ 5,  3,  0,  1],
       [ 0,  0,  9,  1],
       [ 0,  0,  6,  9]]), array([[12,  0,  0,  0],
       [ 4,  5,  0,  0],
       [ 0,  0,  9,  1],
       [ 1,  0,  3, 11]]), array([[ 8,  3,  0,  0],
       [ 3,  6,  0,  1],
       [ 0,  0,  9,  1],
       [ 1,  0,  1, 13]]), array([[10,  0,  1,  0],
       [ 6,  3,  0,  1],
       [ 0,  0, 10,  0],
       [ 1,  0,  2, 12]]), array([[10,  0,  1,  0],
       [ 7,  3,  0,  0],
       [ 0,  0,  9,  1],
       [ 0,  0,  3, 11]]), array([[11,  0,  0,  0],
       [ 6,  4,  0,  0],
       [ 0,  0,  9,  0],
       [ 0,  0,  3, 12]]), array([[9, 1, 1, 0],
       [5, 2, 0, 2],
       [0, 0, 9, 1],
       [2, 0, 4, 9]]), array([[11,  0,  0,  0],
       [ 3,  5,  0,  1],
       [ 0,  0, 10,  0],
       [ 0,  0,  5, 10]]), array([[10,  1,  0,  0],
       [ 4,  5,  0,  0],
       [ 0,  0, 10,  0],
       [ 0,  0,  6,  9]]), array([[11,  0,  0,  0],
       [ 5,  4,  0,  0],
       [ 1,  0,  8,  1],
       [ 0,  0,  5, 10]])]"
16,"[0.7885010266940452, 0.811088295687885, 0.808641975308642, 0.808641975308642, 0.8282208588957055, 0.779835390946502, 0.813141683778234, 0.7967145790554415, 0.7987679671457906, 0.8008213552361396]","[0.7885010266940452, 0.811088295687885, 0.808641975308642, 0.808641975308642, 0.8282208588957055, 0.779835390946502, 0.813141683778234, 0.7967145790554415, 0.7987679671457906, 0.8008213552361396]","[0.7885010266940452, 0.811088295687885, 0.808641975308642, 0.808641975308642, 0.8282208588957055, 0.779835390946502, 0.813141683778234, 0.7967145790554415, 0.7987679671457906, 0.8008213552361396]","[0.7885010266940452, 0.811088295687885, 0.808641975308642, 0.808641975308642, 0.8282208588957055, 0.779835390946502, 0.813141683778234, 0.7967145790554415, 0.7987679671457906, 0.8008213552361396]","[0.8191349235190184, 0.8332929113275934, 0.8571744679719697, 0.8334224256995242, 0.8525914303088217, 0.822305136461763, 0.8436084861210045, 0.8304486815722769, 0.8291691817408857, 0.8376146452417639]","[0.7519095697980684, 0.7735074626865672, 0.7698560767590619, 0.7731876332622601, 0.7960978835978836, 0.7348525230987918, 0.7829016681299386, 0.7593722563652326, 0.7644644424934153, 0.7631035996488148]","[0.7518327677948394, 0.7736893444688273, 0.7720337504841137, 0.775770861822652, 0.8012558232574679, 0.7281540774174003, 0.7873525244163191, 0.7592963689801635, 0.766461892436008, 0.7631064748712566]","[0.8118144071940269, 0.829418997440742, 0.8424804831954236, 0.8265728810184054, 0.8443285175747166, 0.8116445614140095, 0.8347331779297075, 0.821773771367708, 0.8220424669673814, 0.8270255643728653]","[0.7885010266940452, 0.811088295687885, 0.808641975308642, 0.808641975308642, 0.8282208588957055, 0.779835390946502, 0.813141683778234, 0.7967145790554415, 0.7987679671457906, 0.8008213552361396]","[0.7730475704655492, 0.7963583591239344, 0.7934258478484707, 0.7958455223712456, 0.8180087312045659, 0.7567244094098847, 0.8026153311405373, 0.780812281408819, 0.7856254093340869, 0.7845483994476253]","[array([[126,   4,   3,   1],
       [ 46,  33,   1,   5],
       [  0,   0, 129,   5],
       [  2,   0,  36,  96]]), array([[127,   5,   2,   0],
       [ 44,  34,   1,   6],
       [  0,   0, 132,   2],
       [  2,   0,  30, 102]]), array([[131,   0,   2,   1],
       [ 46,  33,   0,   5],
       [  2,   0, 128,   4],
       [  2,   0,  31, 101]]), array([[128,   4,   1,   1],
       [ 42,  36,   0,   6],
       [  1,   0, 128,   5],
       [  2,   0,  31, 101]]), array([[130,   3,   1,   1],
       [ 36,  41,   0,   7],
       [  0,   0, 131,   4],
       [  3,   0,  29, 103]]), array([[129,   2,   2,   1],
       [ 53,  25,   0,   6],
       [  0,   0, 129,   5],
       [  3,   0,  35,  96]]), array([[128,   3,   2,   1],
       [ 39,  41,   0,   5],
       [  0,   0, 130,   4],
       [  3,   0,  34,  97]]), array([[128,   3,   2,   1],
       [ 46,  33,   0,   6],
       [  0,   0, 130,   4],
       [  4,   0,  33,  97]]), array([[125,   4,   5,   0],
       [ 43,  36,   0,   6],
       [  0,   0, 131,   3],
       [  3,   0,  34,  97]]), array([[129,   2,   2,   1],
       [ 45,  33,   0,   7],
       [  0,   0, 130,   4],
       [  3,   0,  33,  98]])]","[0.6739130434782609, 0.8260869565217391, 0.7608695652173914, 0.7608695652173914, 0.7111111111111111, 0.8, 0.7111111111111111, 0.7555555555555555, 0.6888888888888889, 0.8]","[0.6739130434782609, 0.8260869565217391, 0.7608695652173914, 0.7608695652173914, 0.7111111111111111, 0.8, 0.7111111111111111, 0.7555555555555555, 0.6888888888888889, 0.8]","[0.6739130434782609, 0.8260869565217391, 0.7608695652173914, 0.7608695652173914, 0.7111111111111111, 0.8, 0.7111111111111111, 0.7555555555555555, 0.6888888888888889, 0.8]","[0.6739130434782609, 0.8260869565217391, 0.7608695652173914, 0.7608695652173914, 0.7111111111111111, 0.8, 0.7111111111111111, 0.7555555555555555, 0.6888888888888889, 0.8]","[0.7572916666666667, 0.8482142857142857, 0.7500405844155844, 0.8139880952380952, 0.7911324786324786, 0.8449519230769231, 0.7177197802197802, 0.8158143939393939, 0.7408088235294118, 0.8504464285714286]","[0.6638888888888889, 0.8208333333333333, 0.7462121212121212, 0.7606060606060606, 0.6987012987012987, 0.8083333333333333, 0.6962121212121213, 0.7499999999999999, 0.6939393939393939, 0.7944444444444445]","[0.6239860139860139, 0.822980467808054, 0.7288998357963875, 0.7400793650793651, 0.6629377618882867, 0.7864542864542865, 0.6800397877984086, 0.721011396011396, 0.6596680292332466, 0.7774216524216525]","[0.7527173913043478, 0.843167701863354, 0.7653691417278373, 0.8210403726708073, 0.7970560303893636, 0.8620726495726495, 0.723992673992674, 0.8192340067340066, 0.7668300653594772, 0.8601190476190476]","[0.6739130434782609, 0.8260869565217391, 0.7608695652173914, 0.7608695652173914, 0.7111111111111111, 0.8, 0.7111111111111111, 0.7555555555555555, 0.6888888888888889, 0.8]","[0.6390392216479173, 0.8249882051981003, 0.7457699721567788, 0.7482171612606395, 0.6798173562791254, 0.7930127485683042, 0.6951812555260831, 0.7333649889205445, 0.6698707626243858, 0.7894903450459005]","[array([[12,  0,  0,  0],
       [ 6,  2,  0,  1],
       [ 0,  0,  9,  1],
       [ 0,  0,  7,  8]]), array([[11,  0,  0,  1],
       [ 3,  6,  0,  0],
       [ 0,  0,  9,  1],
       [ 0,  0,  3, 12]]), array([[ 9,  2,  0,  0],
       [ 6,  3,  0,  1],
       [ 0,  0, 10,  0],
       [ 1,  0,  1, 13]]), array([[10,  0,  1,  0],
       [ 5,  4,  0,  1],
       [ 0,  0, 10,  0],
       [ 1,  0,  3, 11]]), array([[10,  0,  1,  0],
       [ 8,  2,  0,  0],
       [ 0,  0,  9,  1],
       [ 0,  0,  3, 11]]), array([[11,  0,  0,  0],
       [ 5,  5,  0,  0],
       [ 0,  0,  9,  0],
       [ 0,  0,  4, 11]]), array([[ 9,  1,  1,  0],
       [ 4,  3,  0,  2],
       [ 0,  0,  9,  1],
       [ 0,  0,  4, 11]]), array([[11,  0,  0,  0],
       [ 5,  3,  0,  1],
       [ 0,  0, 10,  0],
       [ 0,  0,  5, 10]]), array([[10,  1,  0,  0],
       [ 6,  3,  0,  0],
       [ 0,  0, 10,  0],
       [ 0,  0,  7,  8]]), array([[11,  0,  0,  0],
       [ 5,  4,  0,  0],
       [ 0,  0, 10,  0],
       [ 0,  0,  4, 11]])]"
17,"[0.8090349075975359, 0.811088295687885, 0.823045267489712, 0.8004115226337448, 0.8179959100204499, 0.8004115226337448, 0.8008213552361396, 0.8028747433264887, 0.8069815195071869, 0.7987679671457906]","[0.8090349075975359, 0.811088295687885, 0.823045267489712, 0.8004115226337448, 0.8179959100204499, 0.8004115226337448, 0.8008213552361396, 0.8028747433264887, 0.8069815195071869, 0.7987679671457906]","[0.8090349075975359, 0.811088295687885, 0.823045267489712, 0.8004115226337448, 0.8179959100204499, 0.8004115226337448, 0.8008213552361396, 0.8028747433264887, 0.8069815195071869, 0.7987679671457906]","[0.8090349075975359, 0.811088295687885, 0.823045267489712, 0.8004115226337448, 0.8179959100204499, 0.8004115226337448, 0.8008213552361396, 0.8028747433264887, 0.8069815195071869, 0.7987679671457906]","[0.8354786477317417, 0.8343030142397231, 0.8525858322468491, 0.8275246329305428, 0.8507691246402291, 0.8363731999264897, 0.8267053020745725, 0.8287102024209135, 0.8308272283272283, 0.8216558623500344]","[0.7737928007023706, 0.77243195785777, 0.7884683724235964, 0.7657249466950959, 0.7778439153439153, 0.7635039090262971, 0.7674056189640035, 0.7681957857769973, 0.7708516242317822, 0.7666154521510097]","[0.7758728959026773, 0.7724194003121179, 0.7930331086828503, 0.7679851711032674, 0.7794297697779857, 0.765801666655599, 0.7697909910453464, 0.770285055796334, 0.7723935734682934, 0.7691505966597908]","[0.8289867662920196, 0.828508650779854, 0.8425637985273892, 0.820068319446031, 0.8411648528016554, 0.8252547591324614, 0.8190852766259731, 0.8215373069766111, 0.8241253293820028, 0.815411122460417]","[0.8090349075975359, 0.811088295687885, 0.823045267489712, 0.8004115226337448, 0.8179959100204499, 0.8004115226337448, 0.8008213552361396, 0.8028747433264887, 0.8069815195071869, 0.7987679671457906]","[0.7959833104801539, 0.7957055479383649, 0.8115649896372122, 0.7872588346642699, 0.8028759946715706, 0.7862888065721557, 0.7881523478902012, 0.7898332441618791, 0.793309373832494, 0.7867987059746363]","[array([[126,   4,   3,   1],
       [ 42,  36,   0,   7],
       [  1,   0, 131,   2],
       [  4,   0,  29, 101]]), array([[128,   4,   2,   0],
       [ 45,  33,   0,   7],
       [  0,   0, 129,   5],
       [  2,   0,  27, 105]]), array([[129,   2,   2,   1],
       [ 40,  38,   0,   6],
       [  0,   0, 128,   6],
       [  3,   0,  26, 105]]), array([[127,   4,   1,   2],
       [ 42,  36,   0,   6],
       [  1,   0, 129,   4],
       [  2,   0,  35,  97]]), array([[130,   2,   2,   1],
       [ 45,  33,   0,   6],
       [  0,   0, 131,   4],
       [  3,   0,  26, 106]]), array([[128,   2,   3,   1],
       [ 44,  34,   0,   6],
       [  1,   0, 127,   6],
       [  3,   0,  31, 100]]), array([[128,   4,   1,   1],
       [ 42,  37,   0,   6],
       [  0,   0, 127,   7],
       [  4,   0,  32,  98]]), array([[127,   4,   3,   0],
       [ 42,  36,   0,   7],
       [  0,   0, 128,   6],
       [  5,   0,  29, 100]]), array([[128,   4,   1,   1],
       [ 44,  35,   0,   6],
       [  0,   0, 127,   7],
       [  3,   0,  28, 103]]), array([[126,   5,   2,   1],
       [ 40,  38,   1,   6],
       [  0,   0, 128,   6],
       [  2,   0,  35,  97]])]","[0.6739130434782609, 0.782608695652174, 0.7391304347826086, 0.782608695652174, 0.7333333333333333, 0.7555555555555555, 0.6888888888888889, 0.7777777777777778, 0.6888888888888889, 0.7555555555555555]","[0.6739130434782609, 0.782608695652174, 0.7391304347826086, 0.782608695652174, 0.7333333333333333, 0.7555555555555555, 0.6888888888888889, 0.7777777777777778, 0.6888888888888889, 0.7555555555555555]","[0.6739130434782609, 0.782608695652174, 0.7391304347826086, 0.782608695652174, 0.7333333333333333, 0.7555555555555555, 0.6888888888888889, 0.7777777777777778, 0.6888888888888889, 0.7555555555555555]","[0.6739130434782609, 0.782608695652174, 0.7391304347826086, 0.782608695652174, 0.7333333333333333, 0.7555555555555555, 0.6888888888888889, 0.7777777777777778, 0.6888888888888889, 0.7555555555555555]","[0.7470238095238095, 0.8305958747135218, 0.7273809523809524, 0.8375350140056024, 0.8114035087719298, 0.809862012987013, 0.6861721611721612, 0.8236607142857143, 0.7295138888888889, 0.8229166666666666]","[0.6555555555555556, 0.7652777777777777, 0.7234848484848485, 0.7689393939393939, 0.7214285714285714, 0.7666666666666666, 0.6684343434343435, 0.7583333333333333, 0.6967171717171716, 0.755050505050505]","[0.6242424242424242, 0.7646835922697991, 0.7193137254901961, 0.745366702263254, 0.6827505827505828, 0.7345207127815823, 0.641717602737093, 0.7401457099732962, 0.6749084249084248, 0.7384615384615385]","[0.7383540372670808, 0.8218188461155213, 0.7391304347826086, 0.8420107173304104, 0.8155945419103313, 0.8218795093795093, 0.6957509157509156, 0.8204365079365079, 0.7442592592592591, 0.835185185185185]","[0.6739130434782609, 0.782608695652174, 0.7391304347826086, 0.782608695652174, 0.7333333333333333, 0.7555555555555555, 0.6888888888888889, 0.7777777777777778, 0.6888888888888889, 0.7555555555555555]","[0.6421607378129117, 0.7745028584608794, 0.7336061381074169, 0.7611241831631637, 0.6983993783993784, 0.7390930772573284, 0.6626840425940876, 0.7568572055162093, 0.6783882783882783, 0.7487179487179487]","[array([[12,  0,  0,  0],
       [ 6,  2,  0,  1],
       [ 0,  0,  8,  2],
       [ 0,  0,  6,  9]]), array([[11,  0,  0,  1],
       [ 5,  4,  0,  0],
       [ 0,  0,  9,  1],
       [ 1,  0,  2, 12]]), array([[ 8,  3,  0,  0],
       [ 5,  4,  0,  1],
       [ 0,  0,  9,  1],
       [ 1,  0,  1, 13]]), array([[10,  0,  1,  0],
       [ 6,  3,  0,  1],
       [ 0,  0, 10,  0],
       [ 1,  0,  1, 13]]), array([[11,  0,  0,  0],
       [ 8,  2,  0,  0],
       [ 0,  0,  9,  1],
       [ 0,  0,  3, 11]]), array([[11,  0,  0,  0],
       [ 5,  4,  0,  1],
       [ 0,  0,  9,  0],
       [ 0,  0,  5, 10]]), array([[ 9,  1,  1,  0],
       [ 5,  2,  0,  2],
       [ 0,  0,  9,  1],
       [ 1,  0,  3, 11]]), array([[11,  0,  0,  0],
       [ 5,  3,  0,  1],
       [ 0,  0,  9,  1],
       [ 0,  0,  3, 12]]), array([[10,  1,  0,  0],
       [ 5,  4,  0,  0],
       [ 0,  0,  9,  1],
       [ 0,  0,  7,  8]]), array([[10,  0,  1,  0],
       [ 5,  4,  0,  0],
       [ 0,  0, 10,  0],
       [ 0,  0,  5, 10]])]"
18,"[0.8028747433264887, 0.7987679671457906, 0.8004115226337448, 0.7942386831275721, 0.8077709611451943, 0.7983539094650206, 0.813141683778234, 0.7987679671457906, 0.811088295687885, 0.7946611909650924]","[0.8028747433264887, 0.7987679671457906, 0.8004115226337448, 0.7942386831275721, 0.8077709611451943, 0.7983539094650206, 0.813141683778234, 0.7987679671457906, 0.811088295687885, 0.7946611909650924]","[0.8028747433264887, 0.7987679671457906, 0.8004115226337448, 0.7942386831275721, 0.8077709611451943, 0.7983539094650206, 0.813141683778234, 0.7987679671457906, 0.811088295687885, 0.7946611909650924]","[0.8028747433264887, 0.7987679671457906, 0.8004115226337448, 0.7942386831275721, 0.8077709611451943, 0.7983539094650206, 0.813141683778234, 0.7987679671457906, 0.811088295687885, 0.7946611909650924]","[0.8268893107701796, 0.8244343395357949, 0.8266843725877371, 0.822495812556864, 0.831427272402133, 0.8306554052861076, 0.8490440919420659, 0.8291978025010283, 0.8448150714834495, 0.8181760954957362]","[0.7671202809482001, 0.756935908691835, 0.7635039090262972, 0.7579068941009239, 0.7730820105820106, 0.7571961620469083, 0.7861281826163301, 0.7601624231782265, 0.7692054433713784, 0.7585820895522388]","[0.7682517316510966, 0.7533378107525281, 0.7649216007767178, 0.7584522087648888, 0.7768205292974952, 0.7556148231638875, 0.7908034053164237, 0.7598697821589387, 0.7671956157885521, 0.7585144483548006]","[0.8220486048723128, 0.8189655029375359, 0.8196830897155637, 0.8150636078708149, 0.8240211387592011, 0.8225859090098933, 0.8402778087380194, 0.8206365957711522, 0.8354894831932831, 0.812781187818821]","[0.8028747433264887, 0.7987679671457906, 0.8004115226337448, 0.7942386831275721, 0.8077709611451943, 0.7983539094650206, 0.813141683778234, 0.7987679671457906, 0.811088295687885, 0.7946611909650924]","[0.7892051913038762, 0.7796803301861258, 0.7862739208998032, 0.7791389535781152, 0.796096290021774, 0.7805936616765803, 0.8032935494516147, 0.782662977215314, 0.7927898253274308, 0.779656625413219]","[array([[124,   5,   4,   1],
       [ 44,  35,   0,   6],
       [  0,   0, 132,   2],
       [  2,   0,  32, 100]]), array([[127,   4,   3,   0],
       [ 48,  29,   0,   8],
       [  0,   0, 131,   3],
       [  2,   0,  30, 102]]), array([[126,   4,   3,   1],
       [ 43,  34,   0,   7],
       [  1,   0, 129,   4],
       [  2,   0,  32, 100]]), array([[127,   4,   2,   1],
       [ 43,  34,   0,   7],
       [  0,   0, 130,   4],
       [  1,   0,  38,  95]]), array([[128,   4,   2,   1],
       [ 41,  37,   0,   6],
       [  1,   0, 127,   7],
       [  2,   0,  30, 103]]), array([[128,   3,   2,   1],
       [ 48,  30,   0,   6],
       [  0,   0, 130,   4],
       [  3,   0,  31, 100]]), array([[130,   3,   1,   0],
       [ 36,  44,   1,   4],
       [  1,   0, 131,   2],
       [  4,   0,  39,  91]]), array([[126,   3,   4,   1],
       [ 46,  32,   0,   7],
       [  0,   0, 129,   5],
       [  2,   0,  30, 102]]), array([[129,   2,   2,   1],
       [ 48,  30,   0,   7],
       [  0,   0, 130,   4],
       [  2,   0,  26, 106]]), array([[126,   5,   2,   1],
       [ 44,  34,   0,   7],
       [  0,   0, 130,   4],
       [  2,   0,  35,  97]])]","[0.6739130434782609, 0.8043478260869565, 0.717391304347826, 0.7391304347826086, 0.7111111111111111, 0.8222222222222222, 0.6666666666666666, 0.8444444444444444, 0.6666666666666666, 0.7777777777777778]","[0.6739130434782609, 0.8043478260869565, 0.717391304347826, 0.7391304347826086, 0.7111111111111111, 0.8222222222222222, 0.6666666666666666, 0.8444444444444444, 0.6666666666666666, 0.7777777777777778]","[0.6739130434782609, 0.8043478260869565, 0.717391304347826, 0.7391304347826086, 0.7111111111111111, 0.8222222222222222, 0.6666666666666666, 0.8444444444444444, 0.6666666666666666, 0.7777777777777778]","[0.6739130434782609, 0.8043478260869565, 0.717391304347826, 0.7391304347826086, 0.7111111111111111, 0.8222222222222222, 0.6666666666666666, 0.8444444444444444, 0.6666666666666666, 0.7777777777777778]","[0.7624401913875598, 0.8351190476190476, 0.7100961538461539, 0.804796918767507, 0.7950864924549135, 0.859375, 0.6696886446886446, 0.8692765567765568, 0.7065972222222222, 0.8385416666666666]","[0.6527777777777778, 0.7930555555555556, 0.7068181818181818, 0.7356060606060606, 0.7035714285714286, 0.825, 0.6517676767676768, 0.85, 0.668939393939394, 0.7777777777777778]","[0.5966253101736972, 0.7937171385447247, 0.7055555555555555, 0.705993080993081, 0.6623188405797102, 0.8068783068783069, 0.622481684981685, 0.8412037037037038, 0.6403133903133903, 0.7575498575498576]","[0.7576451008945287, 0.829503105590062, 0.7178093645484951, 0.8122488125685056, 0.8004171267329162, 0.8736111111111111, 0.6792673992673992, 0.871123321123321, 0.724074074074074, 0.849537037037037]","[0.6739130434782609, 0.8043478260869565, 0.717391304347826, 0.7391304347826086, 0.7111111111111111, 0.8222222222222222, 0.6666666666666666, 0.8444444444444444, 0.6666666666666666, 0.7777777777777778]","[0.6233682166360989, 0.8000426193829493, 0.714975845410628, 0.7180018049583268, 0.676135265700483, 0.815049970605526, 0.6406593406593406, 0.8408641975308642, 0.649446027223805, 0.7666983222538778]","[array([[12,  0,  0,  0],
       [ 7,  1,  0,  1],
       [ 0,  0,  9,  1],
       [ 0,  0,  6,  9]]), array([[11,  0,  0,  1],
       [ 4,  5,  0,  0],
       [ 0,  0,  9,  1],
       [ 0,  0,  3, 12]]), array([[ 8,  3,  0,  0],
       [ 4,  5,  0,  1],
       [ 0,  0,  8,  2],
       [ 1,  0,  2, 12]]), array([[10,  0,  1,  0],
       [ 6,  3,  0,  1],
       [ 0,  0, 10,  0],
       [ 1,  0,  3, 11]]), array([[11,  0,  0,  0],
       [ 8,  2,  0,  0],
       [ 0,  0,  9,  1],
       [ 0,  0,  4, 10]]), array([[11,  0,  0,  0],
       [ 5,  5,  0,  0],
       [ 0,  0,  9,  0],
       [ 0,  0,  3, 12]]), array([[ 9,  1,  1,  0],
       [ 5,  2,  0,  2],
       [ 0,  0,  9,  1],
       [ 1,  0,  4, 10]]), array([[11,  0,  0,  0],
       [ 2,  6,  0,  1],
       [ 0,  0, 10,  0],
       [ 0,  0,  4, 11]]), array([[10,  1,  0,  0],
       [ 6,  3,  0,  0],
       [ 0,  0,  9,  1],
       [ 0,  0,  7,  8]]), array([[11,  0,  0,  0],
       [ 5,  4,  0,  0],
       [ 0,  0, 10,  0],
       [ 0,  0,  5, 10]])]"
19,"[0.8069815195071869, 0.813141683778234, 0.7962962962962963, 0.8045267489711934, 0.8241308793456033, 0.7921810699588477, 0.8008213552361396, 0.7987679671457906, 0.8234086242299795, 0.7946611909650924]","[0.8069815195071869, 0.813141683778234, 0.7962962962962963, 0.8045267489711934, 0.8241308793456033, 0.7921810699588477, 0.8008213552361396, 0.7987679671457906, 0.8234086242299795, 0.7946611909650924]","[0.8069815195071869, 0.813141683778234, 0.7962962962962963, 0.8045267489711934, 0.8241308793456033, 0.7921810699588477, 0.8008213552361396, 0.7987679671457906, 0.8234086242299795, 0.7946611909650924]","[0.8069815195071869, 0.813141683778234, 0.7962962962962963, 0.8045267489711934, 0.8241308793456033, 0.7921810699588477, 0.8008213552361396, 0.7987679671457906, 0.8234086242299795, 0.7946611909650924]","[0.8318319060166887, 0.8333758593906404, 0.8276426719387097, 0.8371628741793259, 0.8459794611918866, 0.8224242988103656, 0.8268205885148471, 0.8236084230357987, 0.8486532838506523, 0.8261367304310403]","[0.7676251097453907, 0.7764486391571555, 0.7608830845771144, 0.7694562899786781, 0.7901455026455027, 0.753820184790334, 0.7706321334503952, 0.7633889376646181, 0.787928007023705, 0.759657594381036]","[0.7669938913757086, 0.7775936706011, 0.7637943707110316, 0.7713555703205341, 0.7948466043618084, 0.7533884456406805, 0.7741134801116083, 0.7649977797570642, 0.7912089396117741, 0.7613910538357729]","[0.8260910596907383, 0.8291878041753249, 0.8180325937864218, 0.82832398025982, 0.8396177813704099, 0.815586378020394, 0.82057552338481, 0.8161801966587867, 0.8409715814044141, 0.8165866705619489]","[0.8069815195071869, 0.813141683778234, 0.7962962962962963, 0.8045267489711934, 0.8241308793456033, 0.7921810699588477, 0.8008213552361396, 0.7987679671457906, 0.8234086242299795, 0.7946611909650924]","[0.7909473724958499, 0.7994870789367341, 0.7833441524916646, 0.7904903148330854, 0.8136898398971518, 0.7760278604871154, 0.790084146172435, 0.7851694448197242, 0.8112525495521784, 0.7807380410558226]","[array([[127,   4,   2,   1],
       [ 45,  32,   1,   7],
       [  1,   0, 130,   3],
       [  3,   0,  27, 104]]), array([[126,   5,   3,   0],
       [ 43,  35,   0,   7],
       [  0,   0, 131,   3],
       [  3,   0,  27, 104]]), array([[124,   3,   6,   1],
       [ 43,  35,   0,   6],
       [  0,   0, 128,   6],
       [  1,   0,  33, 100]]), array([[129,   3,   1,   1],
       [ 41,  36,   0,   7],
       [  1,   0, 131,   2],
       [  2,   0,  37,  95]]), array([[127,   4,   3,   1],
       [ 39,  39,   0,   6],
       [  0,   0, 131,   4],
       [  4,   0,  25, 106]]), array([[126,   4,   3,   1],
       [ 46,  32,   0,   6],
       [  0,   0, 131,   3],
       [  3,   0,  35,  96]]), array([[126,   5,   3,   0],
       [ 40,  40,   0,   5],
       [  0,   0, 129,   5],
       [  4,   0,  35,  95]]), array([[126,   4,   3,   1],
       [ 43,  35,   0,   7],
       [  0,   0, 127,   7],
       [  3,   0,  30, 101]]), array([[127,   3,   3,   1],
       [ 42,  37,   0,   6],
       [  0,   0, 129,   5],
       [  2,   0,  24, 108]]), array([[127,   3,   3,   1],
       [ 43,  35,   1,   6],
       [  0,   0, 127,   7],
       [  3,   0,  33,  98]])]","[0.6521739130434783, 0.8260869565217391, 0.782608695652174, 0.7391304347826086, 0.6888888888888889, 0.7777777777777778, 0.6666666666666666, 0.7777777777777778, 0.7111111111111111, 0.8]","[0.6521739130434783, 0.8260869565217391, 0.782608695652174, 0.7391304347826086, 0.6888888888888889, 0.7777777777777778, 0.6666666666666666, 0.7777777777777778, 0.7111111111111111, 0.8]","[0.6521739130434783, 0.8260869565217391, 0.782608695652174, 0.7391304347826086, 0.6888888888888889, 0.7777777777777778, 0.6666666666666666, 0.7777777777777778, 0.7111111111111111, 0.8]","[0.6521739130434783, 0.8260869565217391, 0.782608695652174, 0.7391304347826086, 0.6888888888888889, 0.7777777777777778, 0.6666666666666666, 0.7777777777777778, 0.7111111111111111, 0.8]","[0.7485197368421053, 0.8617852735499796, 0.780952380952381, 0.804796918767507, 0.7156862745098039, 0.8241185897435898, 0.672676282051282, 0.8272727272727273, 0.7416666666666667, 0.8452380952380952]","[0.6361111111111111, 0.8138888888888889, 0.7712121212121212, 0.7356060606060606, 0.6831168831168832, 0.7833333333333333, 0.6517676767676768, 0.7777777777777778, 0.7133838383838383, 0.7883838383838384]","[0.5766253101736972, 0.8140394088669951, 0.7687254901960784, 0.705993080993081, 0.645970695970696, 0.7548100048100048, 0.6242236024844721, 0.7576923076923077, 0.6951648351648352, 0.7767094017094017]","[0.7435640732265447, 0.858664353549264, 0.7872670807453417, 0.8122488125685056, 0.7368191721132897, 0.8342948717948717, 0.6810897435897435, 0.8304377104377105, 0.7562962962962962, 0.855026455026455]","[0.6521739130434783, 0.8260869565217391, 0.782608695652174, 0.7391304347826086, 0.6888888888888889, 0.7777777777777778, 0.6666666666666666, 0.7777777777777778, 0.7111111111111111, 0.8]","[0.6002912935591758, 0.8214821160848146, 0.7783120204603581, 0.7180018049583268, 0.6625559625559626, 0.7614023836246058, 0.6416379112031285, 0.7641025641025642, 0.7023199023199022, 0.7925925925925927]","[array([[12,  0,  0,  0],
       [ 7,  1,  0,  1],
       [ 0,  0,  9,  1],
       [ 0,  0,  7,  8]]), array([[12,  0,  0,  0],
       [ 4,  5,  0,  0],
       [ 0,  0,  9,  1],
       [ 1,  0,  2, 12]]), array([[ 9,  2,  0,  0],
       [ 4,  5,  0,  1],
       [ 0,  0,  9,  1],
       [ 1,  0,  1, 13]]), array([[10,  0,  1,  0],
       [ 6,  3,  0,  1],
       [ 0,  0, 10,  0],
       [ 1,  0,  3, 11]]), array([[ 9,  1,  1,  0],
       [ 8,  2,  0,  0],
       [ 0,  0, 10,  0],
       [ 0,  0,  4, 10]]), array([[11,  0,  0,  0],
       [ 5,  4,  0,  1],
       [ 0,  0,  9,  0],
       [ 0,  0,  4, 11]]), array([[ 9,  1,  1,  0],
       [ 5,  2,  0,  2],
       [ 0,  0,  9,  1],
       [ 2,  0,  3, 10]]), array([[11,  0,  0,  0],
       [ 4,  4,  0,  1],
       [ 0,  0, 10,  0],
       [ 0,  0,  5, 10]]), array([[10,  1,  0,  0],
       [ 5,  4,  0,  0],
       [ 0,  0,  9,  1],
       [ 0,  0,  6,  9]]), array([[10,  0,  1,  0],
       [ 5,  4,  0,  0],
       [ 0,  0, 10,  0],
       [ 0,  0,  3, 12]])]"
20,"[0.8069815195071869, 0.8151950718685832, 0.7942386831275721, 0.7942386831275721, 0.820040899795501, 0.8024691358024691, 0.8069815195071869, 0.7823408624229979, 0.8193018480492813, 0.7761806981519507]","[0.8069815195071869, 0.8151950718685832, 0.7942386831275721, 0.7942386831275721, 0.820040899795501, 0.8024691358024691, 0.8069815195071869, 0.7823408624229979, 0.8193018480492813, 0.7761806981519507]","[0.8069815195071869, 0.8151950718685832, 0.7942386831275721, 0.7942386831275721, 0.820040899795501, 0.8024691358024691, 0.8069815195071869, 0.7823408624229979, 0.8193018480492813, 0.7761806981519507]","[0.8069815195071869, 0.8151950718685832, 0.7942386831275721, 0.7942386831275721, 0.820040899795501, 0.8024691358024691, 0.8069815195071869, 0.7823408624229979, 0.8193018480492813, 0.7761806981519507]","[0.8391098484848485, 0.8342244162172858, 0.8400059072574899, 0.8222507683483293, 0.8409774567823766, 0.8368494166926735, 0.8396953847434616, 0.8267294070339448, 0.8425690613713946, 0.8143790336927623]","[0.7687006145741879, 0.7793898156277437, 0.7545753375977257, 0.7567963752665245, 0.7875661375661376, 0.7687011371712864, 0.7740781387181739, 0.7420105355575065, 0.7841966637401229, 0.7342625109745391]","[0.768905345108987, 0.7811824203365556, 0.7543899146213187, 0.7574500272889022, 0.7922541361537977, 0.7722681214129308, 0.7763472983745494, 0.7383827370610692, 0.7872066177348132, 0.7284090447773311]","[0.8313063903926328, 0.829814983261936, 0.8267606302263676, 0.81508604370393, 0.835980558955317, 0.8253403084596205, 0.8331486506964314, 0.8157869661042609, 0.8365451841887999, 0.8057641931402888]","[0.8069815195071869, 0.8151950718685832, 0.7942386831275721, 0.7942386831275721, 0.820040899795501, 0.8024691358024691, 0.8069815195071869, 0.7823408624229979, 0.8193018480492813, 0.7761806981519507]","[0.791388074437668, 0.8022870170439298, 0.7770141076254986, 0.7792602620455231, 0.810203121771588, 0.7898238935479891, 0.7942491114642488, 0.7623678584491439, 0.8073202655607435, 0.7544528795656583]","[array([[127,   3,   3,   1],
       [ 46,  33,   0,   6],
       [  0,   0, 132,   2],
       [  3,   0,  30, 101]]), array([[126,   5,   3,   0],
       [ 42,  36,   0,   7],
       [  0,   0, 130,   4],
       [  2,   0,  27, 105]]), array([[129,   1,   3,   1],
       [ 48,  31,   0,   5],
       [  0,   0, 129,   5],
       [  2,   0,  35,  97]]), array([[127,   4,   2,   1],
       [ 46,  33,   0,   5],
       [  0,   0, 128,   6],
       [  2,   0,  34,  98]]), array([[126,   5,   3,   1],
       [ 39,  40,   0,   5],
       [  0,   0, 132,   3],
       [  4,   0,  28, 103]]), array([[129,   2,   2,   1],
       [ 41,  37,   0,   6],
       [  0,   0, 127,   7],
       [  3,   0,  34,  97]]), array([[129,   4,   1,   0],
       [ 43,  38,   0,   4],
       [  0,   0, 132,   2],
       [  4,   0,  36,  94]]), array([[129,   2,   2,   1],
       [ 50,  29,   1,   5],
       [  0,   0, 130,   4],
       [  2,   0,  39,  93]]), array([[125,   4,   4,   1],
       [ 42,  37,   0,   6],
       [  0,   0, 131,   3],
       [  3,   0,  25, 106]]), array([[127,   3,   3,   1],
       [ 51,  27,   0,   7],
       [  0,   0, 131,   3],
       [  3,   0,  38,  93]])]","[0.6739130434782609, 0.782608695652174, 0.7391304347826086, 0.7391304347826086, 0.6888888888888889, 0.8222222222222222, 0.6444444444444445, 0.7555555555555555, 0.7555555555555555, 0.7333333333333333]","[0.6739130434782609, 0.782608695652174, 0.7391304347826086, 0.7391304347826086, 0.6888888888888889, 0.8222222222222222, 0.6444444444444445, 0.7555555555555555, 0.7555555555555555, 0.7333333333333333]","[0.6739130434782609, 0.782608695652174, 0.7391304347826086, 0.7391304347826086, 0.6888888888888889, 0.8222222222222222, 0.6444444444444445, 0.7555555555555555, 0.7555555555555555, 0.7333333333333333]","[0.6739130434782609, 0.782608695652174, 0.7391304347826086, 0.7391304347826086, 0.6888888888888889, 0.8222222222222222, 0.6444444444444445, 0.7555555555555555, 0.7555555555555555, 0.7333333333333333]","[0.7624401913875598, 0.8218749999999999, 0.7248168498168499, 0.7988445378151261, 0.7951388888888888, 0.8516025641025642, 0.6555059523809523, 0.8158143939393939, 0.774891774891775, 0.8006302521008404]","[0.6527777777777778, 0.7680555555555555, 0.7318181818181819, 0.7272727272727273, 0.687987012987013, 0.825, 0.6351010101010102, 0.7499999999999999, 0.7578282828282827, 0.7383838383838384]","[0.5966253101736972, 0.7749999999999999, 0.719205500381971, 0.7053980502256364, 0.6437069926575174, 0.8067765567765568, 0.6041666666666666, 0.721011396011396, 0.746474358974359, 0.719031339031339]","[0.7576451008945287, 0.8097826086956522, 0.7430323299888518, 0.8006028498355863, 0.8080246913580248, 0.8591737891737893, 0.6636904761904763, 0.8192340067340066, 0.7871572871572871, 0.8053221288515405]","[0.6739130434782609, 0.782608695652174, 0.7391304347826086, 0.7391304347826086, 0.6888888888888889, 0.8222222222222222, 0.6444444444444445, 0.7555555555555555, 0.7555555555555555, 0.7333333333333333]","[0.6233682166360989, 0.7795031055900622, 0.7324768326302852, 0.7188725816911724, 0.6570748813627375, 0.812128612128612, 0.6185185185185185, 0.7333649889205445, 0.7519658119658119, 0.7232415321304211]","[array([[12,  0,  0,  0],
       [ 7,  1,  0,  1],
       [ 0,  0,  9,  1],
       [ 0,  0,  6,  9]]), array([[11,  0,  0,  1],
       [ 4,  5,  0,  0],
       [ 0,  0,  8,  2],
       [ 1,  0,  2, 12]]), array([[ 8,  3,  0,  0],
       [ 5,  4,  0,  1],
       [ 0,  0, 10,  0],
       [ 1,  0,  2, 12]]), array([[10,  0,  1,  0],
       [ 6,  3,  0,  1],
       [ 0,  0,  9,  1],
       [ 1,  0,  2, 12]]), array([[10,  0,  1,  0],
       [ 8,  2,  0,  0],
       [ 0,  0, 10,  0],
       [ 0,  0,  5,  9]]), array([[11,  0,  0,  0],
       [ 4,  5,  0,  1],
       [ 0,  0,  9,  0],
       [ 0,  0,  3, 12]]), array([[9, 1, 1, 0],
       [5, 2, 0, 2],
       [0, 0, 9, 1],
       [2, 0, 4, 9]]), array([[11,  0,  0,  0],
       [ 5,  3,  0,  1],
       [ 0,  0, 10,  0],
       [ 0,  0,  5, 10]]), array([[10,  1,  0,  0],
       [ 4,  5,  0,  0],
       [ 0,  0,  9,  1],
       [ 0,  0,  5, 10]]), array([[10,  0,  1,  0],
       [ 4,  4,  0,  1],
       [ 0,  0, 10,  0],
       [ 0,  0,  6,  9]])]"
21,"[0.8069815195071869, 0.8090349075975359, 0.8106995884773662, 0.7860082304526749, 0.820040899795501, 0.7962962962962963, 0.7987679671457906, 0.7864476386036962, 0.8028747433264887, 0.7741273100616016]","[0.8069815195071869, 0.8090349075975359, 0.8106995884773662, 0.7860082304526749, 0.820040899795501, 0.7962962962962963, 0.7987679671457906, 0.7864476386036962, 0.8028747433264887, 0.7741273100616016]","[0.8069815195071869, 0.8090349075975359, 0.8106995884773662, 0.7860082304526749, 0.820040899795501, 0.7962962962962963, 0.7987679671457906, 0.7864476386036962, 0.8028747433264887, 0.7741273100616016]","[0.8069815195071869, 0.8090349075975359, 0.8106995884773662, 0.7860082304526749, 0.820040899795501, 0.7962962962962963, 0.7987679671457906, 0.7864476386036962, 0.8028747433264887, 0.7741273100616016]","[0.8280825002246281, 0.8351720926729893, 0.8452443067082209, 0.8188877555188973, 0.8511030036211945, 0.833394941766001, 0.8344368131868132, 0.8345189349395383, 0.8459877971221479, 0.8164828683594472]","[0.7708516242317822, 0.7694907813871817, 0.77727434257285, 0.748223169864961, 0.7875661375661376, 0.7553304904051172, 0.7655399473222124, 0.7446663740122915, 0.7638937664618086, 0.7291703248463565]","[0.7719344861191282, 0.7690812508099978, 0.781061283281995, 0.7468837243761978, 0.7926351627567919, 0.7543613730785028, 0.7682757319734941, 0.7398469817239588, 0.7638659459011079, 0.7208065850255436]","[0.8233618482965107, 0.8272119952211957, 0.8344669720074207, 0.8116859928265113, 0.8405402727689497, 0.8226845448283469, 0.8253247060947266, 0.8213384071868713, 0.8335406729821759, 0.805757799198962]","[0.8069815195071869, 0.8090349075975359, 0.8106995884773662, 0.7860082304526749, 0.820040899795501, 0.7962962962962963, 0.7987679671457906, 0.7864476386036962, 0.8028747433264887, 0.7741273100616016]","[0.7932584898559601, 0.7928012671474856, 0.7983614949564335, 0.7688539292159987, 0.8090839171936918, 0.7787564341657618, 0.7860118939174392, 0.7648620262124135, 0.7861516957218752, 0.7498216435000045]","[array([[125,   5,   3,   1],
       [ 43,  35,   0,   7],
       [  0,   0, 131,   3],
       [  3,   0,  29, 102]]), array([[129,   3,   2,   0],
       [ 45,  32,   0,   8],
       [  0,   0, 126,   8],
       [  2,   0,  25, 107]]), array([[129,   2,   2,   1],
       [ 39,  38,   1,   6],
       [  0,   0, 130,   4],
       [  3,   0,  34,  97]]), array([[128,   4,   1,   1],
       [ 46,  32,   0,   6],
       [  0,   0, 131,   3],
       [  5,   0,  38,  91]]), array([[131,   2,   2,   0],
       [ 37,  40,   0,   7],
       [  0,   0, 130,   5],
       [  4,   0,  31, 100]]), array([[128,   2,   2,   2],
       [ 48,  30,   1,   5],
       [  0,   0, 128,   6],
       [  3,   0,  30, 101]]), array([[128,   3,   2,   1],
       [ 45,  37,   0,   3],
       [  0,   0, 129,   5],
       [  2,   0,  37,  95]]), array([[131,   1,   1,   1],
       [ 50,  28,   0,   7],
       [  0,   0, 130,   4],
       [  3,   0,  37,  94]]), array([[129,   1,   3,   1],
       [ 47,  32,   0,   6],
       [  0,   0, 130,   4],
       [  3,   0,  31, 100]]), array([[129,   2,   2,   1],
       [ 55,  24,   0,   6],
       [  0,   0, 127,   7],
       [  3,   0,  34,  97]])]","[0.6521739130434783, 0.7608695652173914, 0.6956521739130435, 0.782608695652174, 0.6666666666666666, 0.8444444444444444, 0.6888888888888889, 0.7777777777777778, 0.7111111111111111, 0.8222222222222222]","[0.6521739130434783, 0.7608695652173914, 0.6956521739130435, 0.782608695652174, 0.6666666666666666, 0.8444444444444444, 0.6888888888888889, 0.7777777777777778, 0.7111111111111111, 0.8222222222222222]","[0.6521739130434783, 0.7608695652173914, 0.6956521739130435, 0.782608695652174, 0.6666666666666666, 0.8444444444444444, 0.6888888888888889, 0.7777777777777778, 0.7111111111111111, 0.8222222222222222]","[0.6521739130434783, 0.7608695652173914, 0.6956521739130435, 0.782608695652174, 0.6666666666666666, 0.8444444444444444, 0.6888888888888889, 0.7777777777777778, 0.7111111111111111, 0.8222222222222222]","[0.7434640522875816, 0.8001217532467533, 0.703125, 0.8375350140056024, 0.769565960355434, 0.8646978021978022, 0.6861721611721612, 0.8272727272727273, 0.75, 0.8564102564102565]","[0.6472222222222223, 0.7513888888888889, 0.6962121212121212, 0.7689393939393939, 0.6558441558441559, 0.8500000000000001, 0.6684343434343435, 0.7777777777777778, 0.7106060606060606, 0.8111111111111111]","[0.6034090909090909, 0.7551313628899836, 0.6813973063973064, 0.745366702263254, 0.5996212121212121, 0.8360714285714286, 0.641717602737093, 0.7576923076923077, 0.6803774928774928, 0.7970616340181558]","[0.7382779198635976, 0.7893139469226426, 0.7142210144927535, 0.8420107173304104, 0.7765626186678819, 0.8719780219780221, 0.6957509157509156, 0.8304377104377105, 0.775, 0.857891737891738]","[0.6521739130434783, 0.7608695652173914, 0.6956521739130435, 0.782608695652174, 0.6666666666666666, 0.8444444444444444, 0.6888888888888889, 0.7777777777777778, 0.7111111111111111, 0.8222222222222222]","[0.6149868247694334, 0.7577282787177839, 0.6875274483970136, 0.7611241831631637, 0.6189225589225589, 0.8389206349206348, 0.6626840425940876, 0.7641025641025642, 0.6943178220955999, 0.808865530604661]","[array([[12,  0,  0,  0],
       [ 6,  2,  0,  1],
       [ 0,  0,  9,  1],
       [ 0,  0,  8,  7]]), array([[11,  0,  0,  1],
       [ 4,  5,  0,  0],
       [ 0,  0,  8,  2],
       [ 1,  0,  3, 11]]), array([[ 9,  2,  0,  0],
       [ 5,  4,  0,  1],
       [ 0,  0,  9,  1],
       [ 2,  0,  3, 10]]), array([[10,  0,  1,  0],
       [ 6,  3,  0,  1],
       [ 0,  0, 10,  0],
       [ 1,  0,  1, 13]]), array([[10,  0,  1,  0],
       [ 9,  1,  0,  0],
       [ 0,  0,  9,  1],
       [ 0,  0,  4, 10]]), array([[11,  0,  0,  0],
       [ 3,  6,  0,  1],
       [ 0,  0,  9,  0],
       [ 0,  0,  3, 12]]), array([[ 9,  1,  1,  0],
       [ 5,  2,  0,  2],
       [ 0,  0,  9,  1],
       [ 1,  0,  3, 11]]), array([[11,  0,  0,  0],
       [ 4,  4,  0,  1],
       [ 0,  0, 10,  0],
       [ 0,  0,  5, 10]]), array([[10,  1,  0,  0],
       [ 6,  3,  0,  0],
       [ 0,  0, 10,  0],
       [ 0,  0,  6,  9]]), array([[11,  0,  0,  0],
       [ 4,  4,  0,  1],
       [ 0,  0, 10,  0],
       [ 0,  0,  3, 12]])]"
22,"[0.8049281314168378, 0.8008213552361396, 0.7818930041152263, 0.7880658436213992, 0.8016359918200409, 0.8106995884773662, 0.8028747433264887, 0.8008213552361396, 0.8090349075975359, 0.7905544147843943]","[0.8049281314168378, 0.8008213552361396, 0.7818930041152263, 0.7880658436213992, 0.8016359918200409, 0.8106995884773662, 0.8028747433264887, 0.8008213552361396, 0.8090349075975359, 0.7905544147843943]","[0.8049281314168378, 0.8008213552361396, 0.7818930041152263, 0.7880658436213992, 0.8016359918200409, 0.8106995884773662, 0.8028747433264887, 0.8008213552361396, 0.8090349075975359, 0.7905544147843943]","[0.8049281314168378, 0.8008213552361396, 0.7818930041152263, 0.7880658436213992, 0.8016359918200409, 0.8106995884773662, 0.8028747433264887, 0.8008213552361396, 0.8090349075975359, 0.7905544147843943]","[0.8364738076256564, 0.8326277850589777, 0.8393343815513628, 0.8296949965607822, 0.8256852745330399, 0.8525227184066579, 0.8347925352196481, 0.8345196470196471, 0.8448229683542108, 0.8247773867982168]","[0.7668349429323968, 0.7620280948200177, 0.7400497512437811, 0.7500888415067519, 0.7619047619047619, 0.771721748400853, 0.7692712906057945, 0.7631035996488148, 0.7673397717295874, 0.7526997366110624]","[0.7670315398886828, 0.7606422113262522, 0.7375226364431122, 0.7494769478370555, 0.7626227785981383, 0.7735141237115087, 0.7716579595902854, 0.764193263731355, 0.765555243454668, 0.7514483384479331]","[0.8284051216030497, 0.824411689510497, 0.8228049969373055, 0.8182257091093981, 0.8190934865327367, 0.8403760602906643, 0.8279862149540235, 0.8236191597587901, 0.8354981746157226, 0.815771415449372]","[0.8049281314168378, 0.8008213552361396, 0.7818930041152263, 0.7880658436213992, 0.8016359918200409, 0.8106995884773662, 0.8028747433264887, 0.8008213552361396, 0.8090349075975359, 0.7905544147843943]","[0.7893257344005364, 0.7835131251284146, 0.7619591216738851, 0.770783950561451, 0.7865364017239156, 0.7955503469433198, 0.7902071633729265, 0.7857445366735242, 0.7909844052638542, 0.7733942013855417]","[array([[126,   3,   4,   1],
       [ 45,  33,   0,   7],
       [  0,   0, 132,   2],
       [  3,   0,  30, 101]]), array([[128,   3,   2,   1],
       [ 45,  32,   0,   8],
       [  0,   0, 132,   2],
       [  2,   0,  34,  98]]), array([[128,   0,   5,   1],
       [ 50,  28,   1,   5],
       [  0,   0, 129,   5],
       [  2,   0,  37,  95]]), array([[129,   2,   2,   1],
       [ 46,  32,   0,   6],
       [  0,   0, 130,   4],
       [  1,   0,  41,  92]]), array([[129,   4,   2,   0],
       [ 46,  32,   0,   6],
       [  0,   0, 126,   9],
       [  4,   0,  26, 105]]), array([[131,   1,   2,   0],
       [ 46,  33,   0,   5],
       [  1,   0, 128,   5],
       [  3,   0,  29, 102]]), array([[127,   4,   3,   0],
       [ 44,  37,   0,   4],
       [  0,   0, 131,   3],
       [  2,   0,  36,  96]]), array([[128,   2,   3,   1],
       [ 46,  33,   0,   6],
       [  0,   0, 125,   9],
       [  2,   0,  28, 104]]), array([[128,   2,   3,   1],
       [ 49,  30,   0,   6],
       [  0,   0, 131,   3],
       [  2,   0,  27, 105]]), array([[128,   3,   2,   1],
       [ 46,  32,   0,   7],
       [  0,   0, 130,   4],
       [  3,   0,  36,  95]])]","[0.6304347826086957, 0.7391304347826086, 0.6739130434782609, 0.7391304347826086, 0.7111111111111111, 0.8444444444444444, 0.6222222222222222, 0.8222222222222222, 0.7111111111111111, 0.7111111111111111]","[0.6304347826086957, 0.7391304347826086, 0.6739130434782609, 0.7391304347826086, 0.7111111111111111, 0.8444444444444444, 0.6222222222222222, 0.8222222222222222, 0.7111111111111111, 0.7111111111111111]","[0.6304347826086957, 0.7391304347826086, 0.6739130434782609, 0.7391304347826086, 0.7111111111111111, 0.8444444444444444, 0.6222222222222222, 0.8222222222222222, 0.7111111111111111, 0.7111111111111111]","[0.6304347826086957, 0.7391304347826086, 0.6739130434782609, 0.7391304347826086, 0.7111111111111111, 0.8444444444444444, 0.6222222222222222, 0.8222222222222222, 0.7111111111111111, 0.7111111111111111]","[0.7346921224630203, 0.8027777777777778, 0.6573717948717949, 0.8018162393162394, 0.7950864924549135, 0.8700216450216451, 0.6415520753756048, 0.8541666666666666, 0.731737012987013, 0.7720588235294118]","[0.6194444444444445, 0.7124999999999999, 0.6651515151515152, 0.7333333333333334, 0.7035714285714286, 0.8416666666666667, 0.6184343434343434, 0.8222222222222222, 0.7022727272727273, 0.7095959595959596]","[0.5560483870967742, 0.7083333333333333, 0.6485701798201798, 0.7060138137724344, 0.6623188405797102, 0.8273430592396109, 0.5853937728937729, 0.8106084656084657, 0.6803774928774928, 0.698129567694785]","[0.7291246017857943, 0.7898550724637682, 0.6751950947603121, 0.8024897807506504, 0.8004171267329162, 0.8746416546416547, 0.648026483320601, 0.8563492063492063, 0.7486652236652238, 0.7714596949891068]","[0.6304347826086957, 0.7391304347826086, 0.6739130434782609, 0.7391304347826086, 0.7111111111111111, 0.8444444444444444, 0.6222222222222222, 0.8222222222222222, 0.7111111111111111, 0.7111111111111111]","[0.576238896680692, 0.7239130434782608, 0.6627557225383313, 0.715820536285304, 0.676135265700483, 0.8338363296983987, 0.5956043956043956, 0.8147583774250442, 0.696454574232352, 0.704647866000523]","[array([[12,  0,  0,  0],
       [ 7,  1,  0,  1],
       [ 0,  0,  9,  1],
       [ 0,  0,  8,  7]]), array([[11,  0,  0,  1],
       [ 6,  3,  0,  0],
       [ 0,  0,  8,  2],
       [ 1,  0,  2, 12]]), array([[ 8,  3,  0,  0],
       [ 6,  3,  0,  1],
       [ 0,  0,  9,  1],
       [ 1,  0,  3, 11]]), array([[11,  0,  0,  0],
       [ 6,  3,  0,  1],
       [ 0,  0,  9,  1],
       [ 1,  0,  3, 11]]), array([[11,  0,  0,  0],
       [ 8,  2,  0,  0],
       [ 0,  0,  9,  1],
       [ 0,  0,  4, 10]]), array([[11,  0,  0,  0],
       [ 4,  5,  0,  1],
       [ 0,  0,  9,  0],
       [ 0,  0,  2, 13]]), array([[9, 1, 1, 0],
       [5, 2, 0, 2],
       [0, 0, 9, 1],
       [3, 0, 4, 8]]), array([[11,  0,  0,  0],
       [ 3,  5,  0,  1],
       [ 0,  0, 10,  0],
       [ 0,  0,  4, 11]]), array([[10,  1,  0,  0],
       [ 6,  3,  0,  0],
       [ 0,  0,  9,  1],
       [ 0,  0,  5, 10]]), array([[ 8,  0,  2,  1],
       [ 4,  4,  0,  1],
       [ 0,  0, 10,  0],
       [ 0,  0,  5, 10]])]"
23,"[0.8049281314168378, 0.8090349075975359, 0.7983539094650206, 0.7942386831275721, 0.7914110429447853, 0.8024691358024691, 0.813141683778234, 0.784394250513347, 0.8213552361396304, 0.7946611909650924]","[0.8049281314168378, 0.8090349075975359, 0.7983539094650206, 0.7942386831275721, 0.7914110429447853, 0.8024691358024691, 0.813141683778234, 0.784394250513347, 0.8213552361396304, 0.7946611909650924]","[0.8049281314168378, 0.8090349075975359, 0.7983539094650206, 0.7942386831275721, 0.7914110429447853, 0.8024691358024691, 0.813141683778234, 0.784394250513347, 0.8213552361396304, 0.7946611909650924]","[0.8049281314168378, 0.8090349075975359, 0.7983539094650206, 0.7942386831275721, 0.7914110429447853, 0.8024691358024691, 0.813141683778234, 0.784394250513347, 0.8213552361396304, 0.7946611909650924]","[0.8310243200594079, 0.8402589491405281, 0.8385559352086627, 0.8300182564056728, 0.8289099324751565, 0.8417489323739323, 0.8481375609586257, 0.8211735568353216, 0.8463453852878731, 0.8246259839778404]","[0.7657594381035997, 0.7727172958735734, 0.7571961620469083, 0.7590174129353233, 0.7526455026455027, 0.7664800995024875, 0.7818261633011413, 0.7449517120280948, 0.786062335381914, 0.7618086040386304]","[0.765457980265585, 0.7734967261125432, 0.7562765194820531, 0.7601705416478312, 0.7536023606006218, 0.7687612234657382, 0.785942832142602, 0.7417265975408385, 0.7891609847432933, 0.7649108332136525]","[0.8252022176515134, 0.8321298106610978, 0.8283765046745746, 0.8206525799475171, 0.8172011524265531, 0.8310290750105566, 0.8398774893736882, 0.8123276630765458, 0.8384314712819303, 0.8145267503329002]","[0.8049281314168378, 0.8090349075975359, 0.7983539094650206, 0.7942386831275721, 0.7914110429447853, 0.8024691358024691, 0.813141683778234, 0.784394250513347, 0.8213552361396304, 0.7946611909650924]","[0.7892569241282397, 0.7940617378532536, 0.7808686120923112, 0.7793475015083817, 0.7756324289881046, 0.7883341480307097, 0.8021362587852869, 0.7651954867445612, 0.8089985376230088, 0.7823084324487017]","[array([[125,   4,   4,   1],
       [ 47,  32,   0,   6],
       [  0,   0, 131,   3],
       [  3,   0,  27, 104]]), array([[130,   3,   1,   0],
       [ 42,  35,   0,   8],
       [  1,   0, 131,   2],
       [  3,   0,  33,  98]]), array([[129,   2,   2,   1],
       [ 49,  30,   0,   5],
       [  2,   0, 129,   3],
       [  1,   0,  33, 100]]), array([[128,   3,   2,   1],
       [ 43,  35,   0,   6],
       [  0,   0, 131,   3],
       [  1,   0,  41,  92]]), array([[128,   2,   4,   1],
       [ 46,  32,   0,   6],
       [  0,   0, 128,   7],
       [  2,   0,  34,  99]]), array([[129,   2,   3,   0],
       [ 44,  35,   0,   5],
       [  0,   0, 130,   4],
       [  3,   0,  35,  96]]), array([[129,   3,   2,   0],
       [ 41,  40,   1,   3],
       [  0,   0, 131,   3],
       [  4,   0,  34,  96]]), array([[129,   3,   1,   1],
       [ 49,  30,   0,   6],
       [  0,   0, 130,   4],
       [  2,   0,  39,  93]]), array([[127,   3,   3,   1],
       [ 41,  37,   0,   7],
       [  0,   0, 129,   5],
       [  2,   0,  25, 107]]), array([[126,   3,   4,   1],
       [ 41,  37,   0,   7],
       [  0,   0, 126,   8],
       [  2,   0,  34,  98]])]","[0.6739130434782609, 0.8043478260869565, 0.6739130434782609, 0.717391304347826, 0.7111111111111111, 0.8444444444444444, 0.6444444444444445, 0.8, 0.7333333333333333, 0.8]","[0.6739130434782609, 0.8043478260869565, 0.6739130434782609, 0.717391304347826, 0.7111111111111111, 0.8444444444444444, 0.6444444444444445, 0.8, 0.7333333333333333, 0.8]","[0.6739130434782609, 0.8043478260869565, 0.6739130434782609, 0.717391304347826, 0.7111111111111111, 0.8444444444444444, 0.6444444444444445, 0.8, 0.7333333333333333, 0.8]","[0.6739130434782609, 0.8043478260869565, 0.6739130434782609, 0.717391304347826, 0.7111111111111111, 0.8444444444444444, 0.6444444444444445, 0.8, 0.7333333333333333, 0.8]","[0.7572916666666667, 0.8430871212121213, 0.6569327731092437, 0.7909982174688057, 0.8114035087719298, 0.8708333333333333, 0.6555059523809523, 0.8410714285714286, 0.7619047619047619, 0.8452380952380952]","[0.6638888888888889, 0.7819444444444444, 0.6568181818181817, 0.7189393939393939, 0.7107142857142857, 0.8500000000000001, 0.6351010101010102, 0.7944444444444445, 0.7411616161616161, 0.7883838383838384]","[0.6239860139860139, 0.7812271062271062, 0.6414203612479474, 0.6862637362637363, 0.6623188405797101, 0.8355463980463981, 0.6041666666666666, 0.7774216524216525, 0.7266666666666666, 0.7767094017094017]","[0.7527173913043478, 0.8354743083003953, 0.6746437705516989, 0.7994264899635742, 0.8230019493177388, 0.8848148148148147, 0.6636904761904763, 0.8435449735449735, 0.7746031746031747, 0.855026455026455]","[0.6739130434782609, 0.8043478260869565, 0.6739130434782609, 0.717391304347826, 0.7111111111111111, 0.8444444444444444, 0.6444444444444445, 0.8, 0.7333333333333333, 0.8]","[0.6390392216479173, 0.794314381270903, 0.6601342186049832, 0.6958910654562829, 0.6745893719806764, 0.8412291412291413, 0.6185185185185185, 0.7867046533713201, 0.7288888888888888, 0.7925925925925927]","[array([[12,  0,  0,  0],
       [ 6,  2,  0,  1],
       [ 0,  0,  9,  1],
       [ 0,  0,  7,  8]]), array([[11,  0,  0,  1],
       [ 5,  4,  0,  0],
       [ 0,  0,  9,  1],
       [ 0,  0,  2, 13]]), array([[ 8,  3,  0,  0],
       [ 7,  2,  0,  1],
       [ 0,  0,  9,  1],
       [ 2,  0,  1, 12]]), array([[10,  0,  1,  0],
       [ 6,  3,  0,  1],
       [ 0,  0, 10,  0],
       [ 1,  0,  4, 10]]), array([[11,  0,  0,  0],
       [ 8,  2,  0,  0],
       [ 0,  0, 10,  0],
       [ 0,  0,  5,  9]]), array([[11,  0,  0,  0],
       [ 4,  6,  0,  0],
       [ 0,  0,  9,  0],
       [ 0,  0,  3, 12]]), array([[9, 1, 1, 0],
       [5, 2, 0, 2],
       [0, 0, 9, 1],
       [2, 0, 4, 9]]), array([[11,  0,  0,  0],
       [ 4,  4,  0,  1],
       [ 0,  0, 10,  0],
       [ 0,  0,  4, 11]]), array([[10,  1,  0,  0],
       [ 4,  5,  0,  0],
       [ 0,  0,  9,  1],
       [ 0,  0,  6,  9]]), array([[10,  0,  1,  0],
       [ 5,  4,  0,  0],
       [ 0,  0, 10,  0],
       [ 0,  0,  3, 12]])]"
24,"[0.7905544147843943, 0.7802874743326489, 0.7901234567901234, 0.7983539094650206, 0.7955010224948875, 0.7942386831275721, 0.8028747433264887, 0.784394250513347, 0.7987679671457906, 0.7782340862422998]","[0.7905544147843943, 0.7802874743326489, 0.7901234567901234, 0.7983539094650206, 0.7955010224948875, 0.7942386831275721, 0.8028747433264887, 0.784394250513347, 0.7987679671457906, 0.7782340862422998]","[0.7905544147843943, 0.7802874743326489, 0.7901234567901234, 0.7983539094650206, 0.7955010224948875, 0.7942386831275721, 0.8028747433264887, 0.784394250513347, 0.7987679671457906, 0.7782340862422998]","[0.7905544147843943, 0.7802874743326489, 0.7901234567901234, 0.7983539094650206, 0.7955010224948875, 0.7942386831275721, 0.8028747433264887, 0.784394250513347, 0.7987679671457906, 0.7782340862422998]","[0.8226877772249822, 0.8112101474741178, 0.8438628101785997, 0.8525448428476333, 0.8229308812686854, 0.8208193381494642, 0.8400134991951423, 0.8402484267868884, 0.8360714285714286, 0.803464409564709]","[0.7537752414398594, 0.7465978928884986, 0.7486229566453447, 0.7538646055437099, 0.757473544973545, 0.7545753375977258, 0.7703467954345917, 0.7428007023705004, 0.7623134328358209, 0.7404302019315189]","[0.7537748656446783, 0.7475381309852747, 0.7465635371573904, 0.7499613715802241, 0.7586022813018282, 0.7543672747037055, 0.7730035619499251, 0.7392261239270969, 0.7628126273637517, 0.7381644407559977]","[0.8157247348868332, 0.8025344559995239, 0.831228668564601, 0.8373745591899824, 0.8157386286270012, 0.8141429032148118, 0.8312784423454924, 0.8241748598722219, 0.8251673674260943, 0.7976642280949477]","[0.7905544147843943, 0.7802874743326489, 0.7901234567901234, 0.7983539094650206, 0.7955010224948875, 0.7942386831275721, 0.8028747433264887, 0.784394250513347, 0.7987679671457906, 0.7782340862422998]","[0.7751850744645506, 0.7659530757403011, 0.7710276942903975, 0.7770678412400736, 0.7808324132613608, 0.7783753890393393, 0.790091075255861, 0.7637413071544475, 0.7830192570520047, 0.7608802920506895]","[array([[124,   4,   5,   1],
       [ 46,  33,   0,   6],
       [  0,   0, 132,   2],
       [  4,   0,  34,  96]]), array([[125,   4,   4,   1],
       [ 43,  35,   0,   7],
       [  0,   0, 128,   6],
       [  2,   0,  40,  92]]), array([[130,   1,   3,   0],
       [ 52,  29,   0,   3],
       [  0,   0, 131,   3],
       [  3,   0,  37,  94]]), array([[132,   0,   1,   1],
       [ 53,  27,   0,   4],
       [  0,   0, 129,   5],
       [  1,   0,  33, 100]]), array([[125,   4,   6,   0],
       [ 43,  33,   0,   8],
       [  0,   0, 131,   4],
       [  5,   0,  30, 100]]), array([[126,   4,   3,   1],
       [ 48,  31,   0,   5],
       [  0,   0, 127,   7],
       [  3,   0,  29, 102]]), array([[129,   3,   2,   0],
       [ 43,  38,   0,   4],
       [  0,   0, 131,   3],
       [  3,   0,  38,  93]]), array([[129,   0,   4,   1],
       [ 51,  28,   0,   6],
       [  0,   0, 129,   5],
       [  2,   0,  36,  96]]), array([[129,   2,   2,   1],
       [ 44,  34,   0,   7],
       [  0,   0, 130,   4],
       [  2,   0,  36,  96]]), array([[126,   5,   2,   1],
       [ 47,  31,   0,   7],
       [  0,   0, 128,   6],
       [  3,   0,  37,  94]])]","[0.6521739130434783, 0.8043478260869565, 0.7391304347826086, 0.7391304347826086, 0.6888888888888889, 0.8, 0.6888888888888889, 0.8222222222222222, 0.7333333333333333, 0.8]","[0.6521739130434783, 0.8043478260869565, 0.7391304347826086, 0.7391304347826086, 0.6888888888888889, 0.8, 0.6888888888888889, 0.8222222222222222, 0.7333333333333333, 0.8]","[0.6521739130434783, 0.8043478260869565, 0.7391304347826086, 0.7391304347826086, 0.6888888888888889, 0.8, 0.6888888888888889, 0.8222222222222222, 0.7333333333333333, 0.8]","[0.6521739130434783, 0.8043478260869565, 0.7391304347826086, 0.7391304347826086, 0.6888888888888889, 0.8, 0.6888888888888889, 0.8222222222222222, 0.7333333333333333, 0.8]","[0.7434640522875816, 0.8351190476190476, 0.7447916666666666, 0.7988445378151261, 0.7982456140350876, 0.8401442307692308, 0.6861721611721612, 0.8541666666666666, 0.7839635854341737, 0.8504464285714286]","[0.6472222222222223, 0.7930555555555556, 0.7378787878787879, 0.7272727272727273, 0.6808441558441558, 0.8, 0.6684343434343435, 0.8222222222222222, 0.7494949494949494, 0.7944444444444445]","[0.6034090909090909, 0.7937171385447247, 0.7226430976430976, 0.7053980502256364, 0.6204545454545455, 0.7751322751322751, 0.641717602737093, 0.8106084656084657, 0.7257648953301127, 0.7774216524216525]","[0.7382779198635976, 0.829503105590062, 0.7595108695652174, 0.8006028498355863, 0.8101364522417154, 0.8479700854700855, 0.6957509157509156, 0.8563492063492063, 0.8053221288515405, 0.8601190476190476]","[0.6521739130434783, 0.8043478260869565, 0.7391304347826086, 0.7391304347826086, 0.6888888888888889, 0.8, 0.6888888888888889, 0.8222222222222222, 0.7333333333333333, 0.8]","[0.6149868247694334, 0.8000426193829493, 0.7314448836187966, 0.7188725816911724, 0.6404040404040404, 0.7833039388594943, 0.6626840425940876, 0.8147583774250442, 0.7253820003578457, 0.7894903450459005]","[array([[12,  0,  0,  0],
       [ 6,  2,  0,  1],
       [ 0,  0,  9,  1],
       [ 0,  0,  8,  7]]), array([[11,  0,  0,  1],
       [ 4,  5,  0,  0],
       [ 0,  0,  9,  1],
       [ 0,  0,  3, 12]]), array([[ 9,  2,  0,  0],
       [ 5,  4,  0,  1],
       [ 0,  0, 10,  0],
       [ 2,  0,  2, 11]]), array([[10,  0,  1,  0],
       [ 6,  3,  0,  1],
       [ 0,  0,  9,  1],
       [ 1,  0,  2, 12]]), array([[10,  0,  1,  0],
       [ 9,  1,  0,  0],
       [ 0,  0, 10,  0],
       [ 0,  0,  4, 10]]), array([[11,  0,  0,  0],
       [ 5,  4,  0,  1],
       [ 0,  0,  9,  0],
       [ 0,  0,  3, 12]]), array([[ 9,  1,  1,  0],
       [ 5,  2,  0,  2],
       [ 0,  0,  9,  1],
       [ 1,  0,  3, 11]]), array([[11,  0,  0,  0],
       [ 3,  5,  0,  1],
       [ 0,  0, 10,  0],
       [ 0,  0,  4, 11]]), array([[10,  1,  0,  0],
       [ 4,  5,  0,  0],
       [ 0,  0, 10,  0],
       [ 0,  0,  7,  8]]), array([[11,  0,  0,  0],
       [ 5,  4,  0,  0],
       [ 0,  0, 10,  0],
       [ 0,  0,  4, 11]])]"
25,"[0.7926078028747433, 0.8090349075975359, 0.7921810699588477, 0.7983539094650206, 0.7975460122699386, 0.779835390946502, 0.7967145790554415, 0.7864476386036962, 0.8090349075975359, 0.7802874743326489]","[0.7926078028747433, 0.8090349075975359, 0.7921810699588477, 0.7983539094650206, 0.7975460122699386, 0.779835390946502, 0.7967145790554415, 0.7864476386036962, 0.8090349075975359, 0.7802874743326489]","[0.7926078028747433, 0.8090349075975359, 0.7921810699588477, 0.7983539094650206, 0.7975460122699386, 0.779835390946502, 0.7967145790554415, 0.7864476386036962, 0.8090349075975359, 0.7802874743326489]","[0.7926078028747433, 0.8090349075975359, 0.7921810699588477, 0.7983539094650206, 0.7975460122699386, 0.779835390946502, 0.7967145790554415, 0.7864476386036962, 0.8090349075975359, 0.7802874743326489]","[0.8287985101299874, 0.8503672405851153, 0.8346877122659466, 0.8377670031996791, 0.8352477878169511, 0.827870566120501, 0.8306550507991975, 0.835958818163736, 0.8477996109003555, 0.8141484998920787]","[0.7534899034240562, 0.7716417910447761, 0.7538201847903341, 0.7649697938877044, 0.7570767195767195, 0.7348525230987918, 0.7582967515364355, 0.7392888498683056, 0.7705662862159789, 0.7379938542581213]","[0.7520130445984452, 0.7728755370063626, 0.7537509799550328, 0.7684934589738686, 0.7563724191239272, 0.7287948565617035, 0.756878340429894, 0.7299549178629219, 0.7715510602866575, 0.7331982059937214]","[0.820450782015273, 0.8381865317322827, 0.8237320786936948, 0.8263522968706392, 0.8243859192475719, 0.8141187250281183, 0.8247957939893519, 0.8236459819351727, 0.8354451086512912, 0.8055104639469283]","[0.7926078028747433, 0.8090349075975359, 0.7921810699588477, 0.7983539094650206, 0.7975460122699386, 0.779835390946502, 0.7967145790554415, 0.7864476386036962, 0.8090349075975359, 0.7802874743326489]","[0.7752558113758947, 0.7936234520918762, 0.7754976979179031, 0.7856608913518219, 0.7799907265874838, 0.7570098156168732, 0.7798140351099022, 0.7609382687719862, 0.7933776133992057, 0.759723907105669]","[array([[126,   3,   4,   1],
       [ 48,  31,   0,   6],
       [  0,   0, 132,   2],
       [  3,   0,  34,  97]]), array([[128,   1,   5,   0],
       [ 43,  34,   0,   8],
       [  0,   0, 132,   2],
       [  2,   0,  32, 100]]), array([[129,   2,   3,   0],
       [ 47,  32,   0,   5],
       [  0,   0, 130,   4],
       [  2,   0,  38,  94]]), array([[127,   2,   4,   1],
       [ 42,  37,   0,   5],
       [  0,   0, 130,   4],
       [  1,   0,  39,  94]]), array([[130,   2,   2,   1],
       [ 46,  31,   0,   7],
       [  0,   0, 131,   4],
       [  3,   0,  34,  98]]), array([[130,   1,   2,   1],
       [ 53,  25,   0,   6],
       [  0,   0, 126,   8],
       [  4,   0,  32,  98]]), array([[129,   4,   1,   0],
       [ 49,  32,   0,   4],
       [  0,   0, 132,   2],
       [  2,   0,  37,  95]]), array([[129,   1,   3,   1],
       [ 56,  23,   0,   6],
       [  0,   0, 130,   4],
       [  3,   0,  30, 101]]), array([[130,   1,   3,   0],
       [ 45,  33,   0,   7],
       [  0,   0, 127,   7],
       [  3,   0,  27, 104]]), array([[126,   3,   3,   2],
       [ 52,  27,   0,   6],
       [  0,   0, 128,   6],
       [  2,   0,  33,  99]])]","[0.6521739130434783, 0.7608695652173914, 0.6956521739130435, 0.717391304347826, 0.7111111111111111, 0.7777777777777778, 0.6888888888888889, 0.8, 0.7333333333333333, 0.8]","[0.6521739130434783, 0.7608695652173914, 0.6956521739130435, 0.717391304347826, 0.7111111111111111, 0.7777777777777778, 0.6888888888888889, 0.8, 0.7333333333333333, 0.8]","[0.6521739130434783, 0.7608695652173914, 0.6956521739130435, 0.717391304347826, 0.7111111111111111, 0.7777777777777778, 0.6888888888888889, 0.8, 0.7333333333333333, 0.8]","[0.6521739130434783, 0.7608695652173914, 0.6956521739130435, 0.717391304347826, 0.7111111111111111, 0.7777777777777778, 0.6888888888888889, 0.8, 0.7333333333333333, 0.8]","[0.7434640522875816, 0.814889705882353, 0.7019333607568902, 0.7909982174688057, 0.8160714285714286, 0.8492822966507177, 0.759271978021978, 0.8504464285714286, 0.7619047619047619, 0.8452380952380952]","[0.6472222222222223, 0.7291666666666666, 0.6962121212121212, 0.7189393939393939, 0.7035714285714286, 0.7666666666666667, 0.6744949494949495, 0.7944444444444445, 0.7411616161616161, 0.7883838383838384]","[0.6034090909090909, 0.7243325917686319, 0.6704132823698041, 0.6862637362637363, 0.6395405669599219, 0.7238095238095239, 0.6421657046657047, 0.7774216524216525, 0.7266666666666666, 0.7767094017094017]","[0.7382779198635976, 0.8033088235294118, 0.7207000160964355, 0.7994264899635742, 0.8265079365079365, 0.8607123870281765, 0.7520451770451771, 0.8601190476190476, 0.7746031746031747, 0.855026455026455]","[0.6521739130434783, 0.7608695652173914, 0.6956521739130435, 0.717391304347826, 0.7111111111111111, 0.7777777777777778, 0.6888888888888889, 0.8, 0.7333333333333333, 0.8]","[0.6149868247694334, 0.743132466025052, 0.680555267039199, 0.6958910654562829, 0.6583251873574455, 0.7428571428571429, 0.6585591363369141, 0.7894903450459005, 0.7288888888888888, 0.7925925925925927]","[array([[12,  0,  0,  0],
       [ 6,  2,  0,  1],
       [ 0,  0,  9,  1],
       [ 0,  0,  8,  7]]), array([[11,  0,  0,  1],
       [ 6,  3,  0,  0],
       [ 0,  0,  8,  2],
       [ 0,  0,  2, 13]]), array([[ 9,  2,  0,  0],
       [ 6,  3,  0,  1],
       [ 0,  0, 10,  0],
       [ 2,  0,  3, 10]]), array([[10,  0,  1,  0],
       [ 6,  3,  0,  1],
       [ 0,  0, 10,  0],
       [ 1,  0,  4, 10]]), array([[11,  0,  0,  0],
       [ 9,  1,  0,  0],
       [ 0,  0, 10,  0],
       [ 0,  0,  4, 10]]), array([[11,  0,  0,  0],
       [ 8,  2,  0,  0],
       [ 0,  0,  9,  0],
       [ 0,  0,  2, 13]]), array([[10,  0,  1,  0],
       [ 5,  2,  0,  2],
       [ 0,  0,  9,  1],
       [ 1,  0,  4, 10]]), array([[11,  0,  0,  0],
       [ 5,  4,  0,  0],
       [ 0,  0, 10,  0],
       [ 0,  0,  4, 11]]), array([[10,  1,  0,  0],
       [ 4,  5,  0,  0],
       [ 0,  0,  9,  1],
       [ 0,  0,  6,  9]]), array([[10,  0,  1,  0],
       [ 5,  4,  0,  0],
       [ 0,  0, 10,  0],
       [ 0,  0,  3, 12]])]"
26,"[0.7926078028747433, 0.8213552361396304, 0.8045267489711934, 0.7839506172839507, 0.8098159509202454, 0.7674897119341564, 0.8049281314168378, 0.7761806981519507, 0.7946611909650924, 0.7679671457905544]","[0.7926078028747433, 0.8213552361396304, 0.8045267489711934, 0.7839506172839507, 0.8098159509202454, 0.7674897119341564, 0.8049281314168378, 0.7761806981519507, 0.7946611909650924, 0.7679671457905544]","[0.7926078028747433, 0.8213552361396304, 0.8045267489711934, 0.7839506172839507, 0.8098159509202454, 0.7674897119341564, 0.8049281314168378, 0.7761806981519507, 0.7946611909650924, 0.7679671457905544]","[0.7926078028747433, 0.8213552361396304, 0.8045267489711934, 0.7839506172839507, 0.8098159509202454, 0.7674897119341564, 0.8049281314168378, 0.7761806981519507, 0.7946611909650924, 0.7679671457905544]","[0.8309120661866165, 0.8472579037795882, 0.8476229359462892, 0.8346773708641659, 0.8443256483122894, 0.8253491851285969, 0.841326068784293, 0.8233687374153905, 0.8379783478556422, 0.8152153498414192]","[0.7556409130816506, 0.7871378402107112, 0.7650142146410803, 0.7408049040511727, 0.7693121693121693, 0.7214374555792467, 0.7711369622475857, 0.7342625109745391, 0.75428007023705, 0.7246488147497805]","[0.7554352623851096, 0.7898936484993361, 0.7657297558641748, 0.7357894973228642, 0.770343006021132, 0.7122769829987868, 0.7731748325957997, 0.729066655687609, 0.7531183954363647, 0.7167005757008156]","[0.822283779896016, 0.8392517500606115, 0.8350638789760545, 0.82134317915413, 0.8342246423080498, 0.8116676883997145, 0.832907131146573, 0.8125358390132996, 0.8249220525912002, 0.8040760926994462]","[0.7926078028747433, 0.8213552361396304, 0.8045267489711934, 0.7839506172839507, 0.8098159509202454, 0.7674897119341564, 0.8049281314168378, 0.7761806981519507, 0.7946611909650924, 0.7679671457905544]","[0.7765626856491705, 0.8086805750309828, 0.7882319378452064, 0.7618848306747169, 0.7941190312929627, 0.7417369682943487, 0.7914039225284366, 0.7547622199851518, 0.7768514011656769, 0.7438942681224582]","[array([[127,   3,   3,   1],
       [ 47,  33,   0,   5],
       [  0,   0, 132,   2],
       [  4,   0,  36,  94]]), array([[129,   3,   1,   1],
       [ 39,  38,   0,   8],
       [  0,   0, 131,   3],
       [  2,   0,  30, 102]]), array([[128,   1,   4,   1],
       [ 46,  32,   0,   6],
       [  0,   0, 131,   3],
       [  2,   0,  32, 100]]), array([[130,   1,   2,   1],
       [ 51,  27,   0,   6],
       [  0,   0, 131,   3],
       [  1,   0,  40,  93]]), array([[128,   2,   4,   1],
       [ 46,  32,   0,   6],
       [  0,   0, 131,   4],
       [  2,   0,  28, 105]]), array([[128,   1,   4,   1],
       [ 56,  23,   0,   5],
       [  0,   0, 131,   3],
       [  3,   0,  40,  91]]), array([[130,   3,   1,   0],
       [ 44,  37,   0,   4],
       [  0,   0, 131,   3],
       [  3,   0,  37,  94]]), array([[127,   2,   4,   1],
       [ 52,  27,   1,   5],
       [  0,   0, 131,   3],
       [  3,   0,  38,  93]]), array([[128,   1,   4,   1],
       [ 49,  30,   0,   6],
       [  0,   0, 127,   7],
       [  3,   0,  29, 102]]), array([[128,   2,   3,   1],
       [ 53,  25,   1,   6],
       [  0,   0, 130,   4],
       [  3,   0,  40,  91]])]","[0.6521739130434783, 0.782608695652174, 0.7608695652173914, 0.7391304347826086, 0.6888888888888889, 0.7555555555555555, 0.7111111111111111, 0.8, 0.7555555555555555, 0.7111111111111111]","[0.6521739130434783, 0.782608695652174, 0.7608695652173914, 0.7391304347826086, 0.6888888888888889, 0.7555555555555555, 0.7111111111111111, 0.8, 0.7555555555555555, 0.7111111111111111]","[0.6521739130434783, 0.782608695652174, 0.7608695652173914, 0.7391304347826086, 0.6888888888888889, 0.7555555555555555, 0.7111111111111111, 0.8, 0.7555555555555555, 0.7111111111111111]","[0.6521739130434783, 0.782608695652174, 0.7608695652173914, 0.7391304347826086, 0.6888888888888889, 0.7555555555555555, 0.7111111111111111, 0.8, 0.7555555555555555, 0.7111111111111111]","[0.7434640522875816, 0.8151515151515152, 0.7500405844155844, 0.811965811965812, 0.7951388888888888, 0.8258547008547008, 0.7757554945054945, 0.8504464285714286, 0.8224789915966386, 0.778177704648293]","[0.6472222222222223, 0.7680555555555555, 0.7462121212121212, 0.7272727272727273, 0.687987012987013, 0.7583333333333333, 0.6911616161616162, 0.7944444444444445, 0.7527777777777778, 0.7095959595959596]","[0.6034090909090909, 0.7727513227513227, 0.7288998357963875, 0.687424145070322, 0.6437069926575174, 0.7211237038823246, 0.6614016224211126, 0.7774216524216525, 0.7377747252747253, 0.6980056980056979]","[0.7382779198635976, 0.8059288537549406, 0.7653691417278373, 0.8184689706428836, 0.8080246913580248, 0.8433998100664768, 0.7685286935286936, 0.8601190476190476, 0.8343604108309991, 0.7841766077060195]","[0.6521739130434783, 0.782608695652174, 0.7608695652173914, 0.7391304347826086, 0.6888888888888889, 0.7555555555555555, 0.7111111111111111, 0.8, 0.7555555555555555, 0.7111111111111111]","[0.6149868247694334, 0.7788129744651483, 0.7457699721567788, 0.705920331759586, 0.6570748813627375, 0.7336923612785682, 0.680583838271661, 0.7894903450459005, 0.7484737484737484, 0.7070591959480849]","[array([[12,  0,  0,  0],
       [ 6,  2,  0,  1],
       [ 0,  0,  9,  1],
       [ 0,  0,  8,  7]]), array([[11,  0,  0,  1],
       [ 4,  5,  0,  0],
       [ 0,  0,  8,  2],
       [ 0,  0,  3, 12]]), array([[ 9,  2,  0,  0],
       [ 6,  3,  0,  1],
       [ 0,  0, 10,  0],
       [ 1,  0,  1, 13]]), array([[10,  0,  1,  0],
       [ 7,  2,  0,  1],
       [ 0,  0, 10,  0],
       [ 1,  0,  2, 12]]), array([[10,  0,  1,  0],
       [ 8,  2,  0,  0],
       [ 0,  0, 10,  0],
       [ 0,  0,  5,  9]]), array([[11,  0,  0,  0],
       [ 7,  3,  0,  0],
       [ 0,  0,  9,  0],
       [ 0,  0,  4, 11]]), array([[10,  0,  1,  0],
       [ 5,  2,  0,  2],
       [ 0,  0,  9,  1],
       [ 1,  0,  3, 11]]), array([[11,  0,  0,  0],
       [ 5,  4,  0,  0],
       [ 0,  0, 10,  0],
       [ 0,  0,  4, 11]]), array([[11,  0,  0,  0],
       [ 5,  4,  0,  0],
       [ 1,  0,  9,  0],
       [ 0,  0,  5, 10]]), array([[ 8,  0,  2,  1],
       [ 5,  4,  0,  0],
       [ 0,  0, 10,  0],
       [ 0,  0,  5, 10]])]"
27,"[0.7926078028747433, 0.8090349075975359, 0.7983539094650206, 0.7962962962962963, 0.7955010224948875, 0.7633744855967078, 0.7885010266940452, 0.7926078028747433, 0.7946611909650924, 0.7802874743326489]","[0.7926078028747433, 0.8090349075975359, 0.7983539094650206, 0.7962962962962963, 0.7955010224948875, 0.7633744855967078, 0.7885010266940452, 0.7926078028747433, 0.7946611909650924, 0.7802874743326489]","[0.7926078028747433, 0.8090349075975359, 0.7983539094650206, 0.7962962962962963, 0.7955010224948875, 0.7633744855967078, 0.7885010266940452, 0.7926078028747433, 0.7946611909650924, 0.7802874743326489]","[0.7926078028747433, 0.8090349075975359, 0.7983539094650206, 0.7962962962962963, 0.7955010224948875, 0.7633744855967078, 0.7885010266940452, 0.7926078028747433, 0.7946611909650924, 0.7802874743326489]","[0.8350847069597069, 0.8448380964562474, 0.8486497098390174, 0.8440546858080883, 0.8398324275362319, 0.8158338614288417, 0.8299542324543094, 0.8350482357957574, 0.8394350346317433, 0.8404680772150652]","[0.752414398595259, 0.7727172958735733, 0.7560856432125089, 0.7531094527363185, 0.7529761904761905, 0.7143745557924662, 0.7540605794556628, 0.7513388937664618, 0.7532045654082529, 0.7326163301141353]","[0.7500432895579862, 0.7744376845342247, 0.7542686573892908, 0.7498685994183376, 0.7517763733492915, 0.7012925750783995, 0.7552081952272673, 0.7488989864879614, 0.7504784991592103, 0.7215284672084505]","[0.8247800881527783, 0.8346650274110827, 0.8330786923327436, 0.8315585381155758, 0.8266043167066773, 0.801785806804139, 0.8207882744315019, 0.8218053135931402, 0.8266334946528701, 0.8244166106514885]","[0.7926078028747433, 0.8090349075975359, 0.7983539094650206, 0.7962962962962963, 0.7955010224948875, 0.7633744855967078, 0.7885010266940452, 0.7926078028747433, 0.7946611909650924, 0.7802874743326489]","[0.7739117003590872, 0.7946280180944225, 0.7790623118240753, 0.7760304696014033, 0.7771203950665947, 0.7342493851736689, 0.7739330878439974, 0.7735047500601364, 0.7752431870042624, 0.7527509768243308]","[array([[129,   2,   2,   1],
       [ 50,  30,   0,   5],
       [  0,   0, 131,   3],
       [  3,   0,  35,  96]]), array([[128,   2,   4,   0],
       [ 43,  35,   0,   7],
       [  0,   0, 131,   3],
       [  2,   0,  32, 100]]), array([[130,   0,   2,   2],
       [ 49,  29,   0,   6],
       [  0,   0, 129,   5],
       [  2,   0,  32, 100]]), array([[130,   1,   2,   1],
       [ 51,  28,   0,   5],
       [  0,   0, 131,   3],
       [  2,   0,  34,  98]]), array([[131,   1,   3,   0],
       [ 49,  29,   0,   6],
       [  1,   0, 127,   7],
       [  3,   0,  30, 102]]), array([[128,   1,   3,   2],
       [ 57,  20,   0,   7],
       [  0,   0, 128,   6],
       [  3,   0,  36,  95]]), array([[129,   3,   2,   0],
       [ 46,  35,   2,   2],
       [  0,   0, 129,   5],
       [  2,   0,  41,  91]]), array([[129,   1,   3,   1],
       [ 49,  29,   0,   7],
       [  0,   0, 126,   8],
       [  2,   0,  30, 102]]), array([[128,   1,   4,   1],
       [ 49,  29,   0,   7],
       [  0,   0, 130,   4],
       [  2,   0,  32, 100]]), array([[130,   0,   3,   1],
       [ 56,  22,   0,   7],
       [  0,   0, 130,   4],
       [  3,   0,  33,  98]])]","[0.6521739130434783, 0.7608695652173914, 0.7608695652173914, 0.717391304347826, 0.7111111111111111, 0.7777777777777778, 0.6888888888888889, 0.8, 0.7555555555555555, 0.8]","[0.6521739130434783, 0.7608695652173914, 0.7608695652173914, 0.717391304347826, 0.7111111111111111, 0.7777777777777778, 0.6888888888888889, 0.8, 0.7555555555555555, 0.8]","[0.6521739130434783, 0.7608695652173914, 0.7608695652173914, 0.717391304347826, 0.7111111111111111, 0.7777777777777778, 0.6888888888888889, 0.8, 0.7555555555555555, 0.8]","[0.6521739130434783, 0.7608695652173914, 0.7608695652173914, 0.717391304347826, 0.7111111111111111, 0.7777777777777778, 0.6888888888888889, 0.8, 0.7555555555555555, 0.8]","[0.7434640522875816, 0.8221804511278196, 0.773661387631976, 0.7906746031746031, 0.8160714285714286, 0.8402777777777778, 0.6861721611721612, 0.8504464285714286, 0.7833333333333333, 0.8351648351648352]","[0.6472222222222223, 0.7333333333333334, 0.7522727272727272, 0.7022727272727274, 0.7035714285714286, 0.7749999999999999, 0.6684343434343435, 0.7944444444444445, 0.755050505050505, 0.7883838383838384]","[0.6034090909090909, 0.7254449388209121, 0.7272727272727273, 0.667189132706374, 0.6395405669599219, 0.741547724306345, 0.641717602737093, 0.7774216524216525, 0.7351648351648352, 0.7781340099181179]","[0.7382779198635976, 0.8138280483818241, 0.7858712046691586, 0.7927881297446515, 0.8265079365079365, 0.8549382716049383, 0.6957509157509156, 0.8601190476190476, 0.8044444444444445, 0.8312576312576313]","[0.6521739130434783, 0.7608695652173914, 0.7608695652173914, 0.717391304347826, 0.7111111111111111, 0.7777777777777778, 0.6888888888888889, 0.8, 0.7555555555555555, 0.8]","[0.6149868247694334, 0.7435677322629008, 0.7411067193675889, 0.6851119894598156, 0.6583251873574455, 0.7557295833157901, 0.6626840425940876, 0.7894903450459005, 0.7467643467643468, 0.7877312625738414]","[array([[12,  0,  0,  0],
       [ 6,  2,  0,  1],
       [ 0,  0,  9,  1],
       [ 0,  0,  8,  7]]), array([[12,  0,  0,  0],
       [ 6,  3,  0,  0],
       [ 0,  0,  8,  2],
       [ 1,  0,  2, 12]]), array([[10,  1,  0,  0],
       [ 6,  3,  0,  1],
       [ 0,  0, 10,  0],
       [ 1,  0,  2, 12]]), array([[10,  0,  1,  0],
       [ 7,  2,  0,  1],
       [ 0,  0,  9,  1],
       [ 1,  0,  2, 12]]), array([[11,  0,  0,  0],
       [ 9,  1,  0,  0],
       [ 0,  0, 10,  0],
       [ 0,  0,  4, 10]]), array([[11,  0,  0,  0],
       [ 7,  3,  0,  0],
       [ 0,  0,  9,  0],
       [ 0,  0,  3, 12]]), array([[ 9,  1,  1,  0],
       [ 5,  2,  0,  2],
       [ 0,  0,  9,  1],
       [ 1,  0,  3, 11]]), array([[11,  0,  0,  0],
       [ 5,  4,  0,  0],
       [ 0,  0, 10,  0],
       [ 0,  0,  4, 11]]), array([[10,  1,  0,  0],
       [ 5,  4,  0,  0],
       [ 0,  0, 10,  0],
       [ 0,  0,  5, 10]]), array([[10,  0,  0,  1],
       [ 4,  4,  0,  1],
       [ 0,  0, 10,  0],
       [ 0,  0,  3, 12]])]"
28,"[0.7864476386036962, 0.7926078028747433, 0.8004115226337448, 0.7942386831275721, 0.7934560327198364, 0.7818930041152263, 0.7905544147843943, 0.7802874743326489, 0.8049281314168378, 0.7864476386036962]","[0.7864476386036962, 0.7926078028747433, 0.8004115226337448, 0.7942386831275721, 0.7934560327198364, 0.7818930041152263, 0.7905544147843943, 0.7802874743326489, 0.8049281314168378, 0.7864476386036962]","[0.7864476386036962, 0.7926078028747433, 0.8004115226337448, 0.7942386831275721, 0.7934560327198364, 0.7818930041152263, 0.7905544147843943, 0.7802874743326489, 0.8049281314168378, 0.7864476386036962]","[0.7864476386036962, 0.7926078028747433, 0.8004115226337448, 0.7942386831275721, 0.7934560327198364, 0.7818930041152263, 0.7905544147843943, 0.7802874743326489, 0.8049281314168378, 0.7864476386036962]","[0.8311642453591607, 0.8428332944913535, 0.8443626061151632, 0.8344315878664208, 0.8336662741675545, 0.8318180416820817, 0.8329291183467142, 0.8326619696362716, 0.8480681082830026, 0.8427308309480441]","[0.7500438981562775, 0.7556409130816505, 0.7590618336886994, 0.7501332622601279, 0.7544973544973546, 0.7411602700781805, 0.7559262510974539, 0.7347673397717296, 0.7625329236172081, 0.7446663740122915]","[0.7497167417628349, 0.7548432016484755, 0.7579657377086426, 0.7459778962504267, 0.7551636145225981, 0.7395100011174432, 0.756619603834205, 0.7261971056918777, 0.759760607624594, 0.7413532189363692]","[0.8199261509497128, 0.8299791012688986, 0.8316692594722919, 0.8244930184330669, 0.8224535542954591, 0.8179447263544496, 0.8240624814917257, 0.8198497242813997, 0.836135193784441, 0.8269070336512353]","[0.7864476386036962, 0.7926078028747433, 0.8004115226337448, 0.7942386831275721, 0.7934560327198364, 0.7818930041152263, 0.7905544147843943, 0.7802874743326489, 0.8049281314168378, 0.7864476386036962]","[0.7698114447328122, 0.7749886765818225, 0.7822688866051304, 0.7735603849392884, 0.7773565130737227, 0.763248485818357, 0.775486506762516, 0.7553589948029326, 0.7854592242474774, 0.7660824219901147]","[array([[127,   2,   4,   1],
       [ 46,  33,   0,   6],
       [  0,   0, 132,   2],
       [  4,   0,  39,  91]]), array([[131,   1,   2,   0],
       [ 46,  33,   0,   6],
       [  0,   0, 132,   2],
       [  4,   0,  40,  90]]), array([[130,   1,   2,   1],
       [ 49,  30,   0,   5],
       [  0,   0, 129,   5],
       [  1,   0,  33, 100]]), array([[129,   2,   2,   1],
       [ 52,  27,   0,   5],
       [  0,   0, 130,   4],
       [  2,   0,  32, 100]]), array([[130,   2,   3,   0],
       [ 47,  32,   0,   5],
       [  0,   0, 129,   6],
       [  4,   0,  34,  97]]), array([[127,   1,   5,   1],
       [ 50,  29,   0,   5],
       [  0,   0, 129,   5],
       [  3,   0,  36,  95]]), array([[128,   3,   2,   1],
       [ 47,  35,   0,   3],
       [  0,   0, 132,   2],
       [  2,   0,  42,  90]]), array([[129,   1,   3,   1],
       [ 55,  24,   0,   6],
       [  0,   0, 131,   3],
       [  3,   0,  35,  96]]), array([[131,   1,   2,   0],
       [ 50,  29,   0,   6],
       [  0,   0, 129,   5],
       [  2,   0,  29, 103]]), array([[129,   0,   4,   1],
       [ 52,  28,   0,   5],
       [  0,   0, 129,   5],
       [  2,   0,  35,  97]])]","[0.6521739130434783, 0.782608695652174, 0.782608695652174, 0.717391304347826, 0.7111111111111111, 0.8, 0.6444444444444445, 0.7555555555555555, 0.7111111111111111, 0.7555555555555555]","[0.6521739130434783, 0.782608695652174, 0.782608695652174, 0.717391304347826, 0.7111111111111111, 0.8, 0.6444444444444445, 0.7555555555555555, 0.7111111111111111, 0.7555555555555555]","[0.6521739130434783, 0.782608695652174, 0.782608695652174, 0.717391304347826, 0.7111111111111111, 0.8, 0.6444444444444445, 0.7555555555555555, 0.7111111111111111, 0.7555555555555555]","[0.6521739130434783, 0.782608695652174, 0.782608695652174, 0.717391304347826, 0.7111111111111111, 0.8, 0.6444444444444445, 0.7555555555555555, 0.7111111111111111, 0.7555555555555555]","[0.7604166666666666, 0.8333333333333333, 0.795352564102564, 0.7816742081447964, 0.8114035087719298, 0.8401442307692308, 0.6555059523809523, 0.8158143939393939, 0.7303921568627451, 0.8012820512820513]","[0.6472222222222223, 0.7694444444444445, 0.7772727272727273, 0.7106060606060606, 0.7107142857142857, 0.8, 0.6351010101010102, 0.7499999999999999, 0.6994949494949495, 0.742929292929293]","[0.6037972896668549, 0.7620953120953121, 0.7600769600769601, 0.6860367892976589, 0.6623188405797101, 0.7751322751322751, 0.6041666666666666, 0.721011396011396, 0.661904761904762, 0.7347985347985347]","[0.7635869565217391, 0.8315217391304348, 0.8055323299888518, 0.7844776706669289, 0.8230019493177388, 0.8479700854700855, 0.6636904761904763, 0.8192340067340066, 0.7586056644880175, 0.8062678062678064]","[0.6521739130434783, 0.782608695652174, 0.782608695652174, 0.717391304347826, 0.7111111111111111, 0.8, 0.6444444444444445, 0.7555555555555555, 0.7111111111111111, 0.7555555555555555]","[0.6180811626936391, 0.772663085706564, 0.770207248468118, 0.6974854068426848, 0.6745893719806764, 0.7833039388594943, 0.6185185185185185, 0.7333649889205445, 0.6857142857142857, 0.7495319495319496]","[array([[12,  0,  0,  0],
       [ 6,  2,  1,  0],
       [ 0,  0,  9,  1],
       [ 0,  0,  8,  7]]), array([[12,  0,  0,  0],
       [ 5,  4,  0,  0],
       [ 0,  0,  9,  1],
       [ 1,  0,  3, 11]]), array([[10,  1,  0,  0],
       [ 5,  4,  0,  1],
       [ 0,  0, 10,  0],
       [ 1,  0,  2, 12]]), array([[10,  0,  1,  0],
       [ 6,  3,  0,  1],
       [ 0,  0,  9,  1],
       [ 1,  0,  3, 11]]), array([[11,  0,  0,  0],
       [ 8,  2,  0,  0],
       [ 0,  0, 10,  0],
       [ 0,  0,  5,  9]]), array([[11,  0,  0,  0],
       [ 5,  4,  0,  1],
       [ 0,  0,  9,  0],
       [ 0,  0,  3, 12]]), array([[9, 1, 1, 0],
       [5, 2, 0, 2],
       [0, 0, 9, 1],
       [2, 0, 4, 9]]), array([[11,  0,  0,  0],
       [ 5,  3,  0,  1],
       [ 0,  0, 10,  0],
       [ 0,  0,  5, 10]]), array([[10,  1,  0,  0],
       [ 7,  2,  0,  0],
       [ 0,  0, 10,  0],
       [ 0,  0,  5, 10]]), array([[ 8,  0,  2,  1],
       [ 5,  4,  0,  0],
       [ 0,  0, 10,  0],
       [ 0,  0,  3, 12]])]"
29,"[0.7864476386036962, 0.7967145790554415, 0.8024691358024691, 0.7818930041152263, 0.7975460122699386, 0.779835390946502, 0.7864476386036962, 0.7700205338809035, 0.8008213552361396, 0.7720739219712526]","[0.7864476386036962, 0.7967145790554415, 0.8024691358024691, 0.7818930041152263, 0.7975460122699386, 0.779835390946502, 0.7864476386036962, 0.7700205338809035, 0.8008213552361396, 0.7720739219712526]","[0.7864476386036962, 0.7967145790554415, 0.8024691358024691, 0.7818930041152263, 0.7975460122699386, 0.779835390946502, 0.7864476386036962, 0.7700205338809035, 0.8008213552361396, 0.7720739219712526]","[0.7864476386036962, 0.7967145790554415, 0.8024691358024691, 0.7818930041152263, 0.7975460122699386, 0.779835390946502, 0.7864476386036962, 0.7700205338809035, 0.8008213552361396, 0.7720739219712526]","[0.8169881410508129, 0.8358268590005214, 0.8539634062551531, 0.8346562969757191, 0.8279506427576062, 0.8195943694819257, 0.8387713390096158, 0.8097188627311968, 0.8434496358005699, 0.8154381047003998]","[0.747892888498683, 0.7529192273924494, 0.7587064676616915, 0.7411602700781805, 0.7604497354497355, 0.7370735607675907, 0.7489683933274802, 0.7297410008779631, 0.7566505706760316, 0.730531167690957]","[0.7460893034968277, 0.7477181047857739, 0.7560966433574281, 0.7375481582489397, 0.7624576508581862, 0.7337470199130753, 0.7483378095616469, 0.7246835805692191, 0.7520653984307588, 0.7249598417505194]","[0.8100731901503813, 0.826247447164491, 0.8389390653349013, 0.8210749832215065, 0.8184631538328068, 0.8081293372518131, 0.8255981236016481, 0.8003105665457749, 0.8312915909427218, 0.806929823653828]","[0.7864476386036962, 0.7967145790554415, 0.8024691358024691, 0.7818930041152263, 0.7975460122699386, 0.779835390946502, 0.7864476386036962, 0.7700205338809035, 0.8008213552361396, 0.7720739219712526]","[0.7691728952928809, 0.7752903035921671, 0.7824440346493444, 0.7610848072637935, 0.7833660008969879, 0.7600711879910984, 0.7690611801614003, 0.7490251063065879, 0.7796532327625192, 0.7506566314704403]","[array([[124,   4,   3,   3],
       [ 48,  31,   0,   6],
       [  0,   0, 132,   2],
       [  3,   0,  35,  96]]), array([[128,   2,   3,   1],
       [ 51,  27,   0,   7],
       [  0,   0, 132,   2],
       [  2,   0,  31, 101]]), array([[131,   0,   2,   1],
       [ 51,  28,   0,   5],
       [  0,   0, 129,   5],
       [  2,   0,  30, 102]]), array([[130,   1,   2,   1],
       [ 49,  29,   0,   6],
       [  0,   0, 132,   2],
       [  1,   0,  44,  89]]), array([[126,   3,   4,   2],
       [ 43,  34,   0,   7],
       [  0,   0, 130,   5],
       [  3,   0,  32, 100]]), array([[126,   2,   5,   1],
       [ 51,  27,   0,   6],
       [  0,   0, 126,   8],
       [  3,   0,  31, 100]]), array([[130,   1,   2,   1],
       [ 50,  32,   0,   3],
       [  0,   0, 130,   4],
       [  3,   0,  40,  91]]), array([[128,   3,   2,   1],
       [ 51,  28,   0,   6],
       [  0,   0, 129,   5],
       [  3,   0,  41,  90]]), array([[128,   1,   3,   2],
       [ 51,  27,   0,   7],
       [  0,   0, 130,   4],
       [  2,   0,  27, 105]]), array([[127,   3,   3,   1],
       [ 53,  27,   1,   4],
       [  0,   0, 131,   3],
       [  3,   0,  40,  91]])]","[0.6521739130434783, 0.7391304347826086, 0.7391304347826086, 0.7391304347826086, 0.6888888888888889, 0.8, 0.6888888888888889, 0.7555555555555555, 0.7555555555555555, 0.7111111111111111]","[0.6521739130434783, 0.7391304347826086, 0.7391304347826086, 0.7391304347826086, 0.6888888888888889, 0.8, 0.6888888888888889, 0.7555555555555555, 0.7555555555555555, 0.7111111111111111]","[0.6521739130434783, 0.7391304347826086, 0.7391304347826086, 0.7391304347826086, 0.6888888888888889, 0.8, 0.6888888888888889, 0.7555555555555555, 0.7555555555555555, 0.7111111111111111]","[0.6521739130434783, 0.7391304347826086, 0.7391304347826086, 0.7391304347826086, 0.6888888888888889, 0.8, 0.6888888888888889, 0.7555555555555555, 0.7555555555555555, 0.7111111111111111]","[0.7604166666666666, 0.8027777777777778, 0.7533899923605807, 0.804796918767507, 0.8041666666666667, 0.8573232323232324, 0.759271978021978, 0.8284313725490196, 0.7833333333333333, 0.7746812011517894]","[0.6472222222222223, 0.7124999999999999, 0.7272727272727273, 0.7356060606060606, 0.6857142857142857, 0.7916666666666666, 0.6744949494949495, 0.7499999999999999, 0.755050505050505, 0.7156565656565657]","[0.6037972896668549, 0.7083333333333333, 0.7068965517241379, 0.705993080993081, 0.6185260742062987, 0.7621826449412656, 0.6421657046657047, 0.7214285714285713, 0.7351648351648352, 0.6996082621082622]","[0.7635869565217391, 0.7898550724637682, 0.7610771581359816, 0.8122488125685056, 0.8159259259259259, 0.868574635241302, 0.7520451770451771, 0.8396514161220043, 0.8044444444444445, 0.772676996206408]","[0.6521739130434783, 0.7391304347826086, 0.7391304347826086, 0.7391304347826086, 0.6888888888888889, 0.8, 0.6888888888888889, 0.7555555555555555, 0.7555555555555555, 0.7111111111111111]","[0.6180811626936391, 0.7239130434782608, 0.7201756264724781, 0.7180018049583268, 0.635136781560344, 0.777528525114732, 0.6585591363369141, 0.7365079365079364, 0.7467643467643468, 0.7017885406774296]","[array([[12,  0,  0,  0],
       [ 6,  2,  1,  0],
       [ 0,  0,  9,  1],
       [ 0,  0,  8,  7]]), array([[11,  0,  0,  1],
       [ 6,  3,  0,  0],
       [ 0,  0,  8,  2],
       [ 1,  0,  2, 12]]), array([[10,  1,  0,  0],
       [ 6,  3,  0,  1],
       [ 0,  0,  9,  1],
       [ 1,  0,  2, 12]]), array([[10,  0,  1,  0],
       [ 6,  3,  0,  1],
       [ 0,  0, 10,  0],
       [ 1,  0,  3, 11]]), array([[11,  0,  0,  0],
       [ 9,  1,  0,  0],
       [ 0,  0, 10,  0],
       [ 0,  0,  5,  9]]), array([[11,  0,  0,  0],
       [ 7,  3,  0,  0],
       [ 0,  0,  9,  0],
       [ 0,  0,  2, 13]]), array([[10,  0,  1,  0],
       [ 5,  2,  0,  2],
       [ 0,  0,  9,  1],
       [ 1,  0,  4, 10]]), array([[11,  0,  0,  0],
       [ 6,  3,  0,  0],
       [ 0,  0, 10,  0],
       [ 0,  0,  5, 10]]), array([[10,  1,  0,  0],
       [ 5,  4,  0,  0],
       [ 0,  0, 10,  0],
       [ 0,  0,  5, 10]]), array([[ 9,  0,  1,  1],
       [ 4,  4,  0,  1],
       [ 0,  0, 10,  0],
       [ 0,  0,  6,  9]])]"
30,"[0.7864476386036962, 0.7926078028747433, 0.779835390946502, 0.7860082304526749, 0.7975460122699386, 0.7921810699588477, 0.7967145790554415, 0.7802874743326489, 0.7946611909650924, 0.7823408624229979]","[0.7864476386036962, 0.7926078028747433, 0.779835390946502, 0.7860082304526749, 0.7975460122699386, 0.7921810699588477, 0.7967145790554415, 0.7802874743326489, 0.7946611909650924, 0.7823408624229979]","[0.7864476386036962, 0.7926078028747433, 0.779835390946502, 0.7860082304526749, 0.7975460122699386, 0.7921810699588477, 0.7967145790554415, 0.7802874743326489, 0.7946611909650924, 0.7823408624229979]","[0.7864476386036962, 0.7926078028747433, 0.779835390946502, 0.7860082304526749, 0.7975460122699386, 0.7921810699588477, 0.7967145790554415, 0.7802874743326489, 0.7946611909650924, 0.7823408624229979]","[0.8183584338212826, 0.8305207808715255, 0.8372836109968463, 0.8348759315046774, 0.8254881120524833, 0.8387193938466404, 0.8378974212985372, 0.831816380674889, 0.8402272648617396, 0.8244894443065174]","[0.7435908691834943, 0.7502633889376646, 0.7315209665955935, 0.7426705756929638, 0.7570767195767195, 0.7527096659559347, 0.7582967515364355, 0.736918349429324, 0.7510535557506586, 0.7387840210711151]","[0.7388274143328124, 0.7461107416524364, 0.7221811296266429, 0.7379643729577107, 0.7566520473103615, 0.7521290960069896, 0.7582542518943491, 0.7313685294311363, 0.746230388972895, 0.7329338321865413]","[0.8130650948118456, 0.8201761914041157, 0.8205432417578387, 0.8215621678440769, 0.8192068546767124, 0.8253417594687228, 0.8275058947786291, 0.8186209339970336, 0.8277449978765758, 0.8140171296679536]","[0.7864476386036962, 0.7926078028747433, 0.779835390946502, 0.7860082304526749, 0.7975460122699386, 0.7921810699588477, 0.7967145790554415, 0.7802874743326489, 0.7946611909650924, 0.7823408624229979]","[0.7663267951843967, 0.772185806900387, 0.7537744207793179, 0.7642834589468932, 0.7812283782743694, 0.7745206945035226, 0.7804339586014385, 0.7582413383472053, 0.7732311278971907, 0.7603775389848346]","[array([[125,   4,   3,   2],
       [ 54,  27,   0,   4],
       [  0,   0, 132,   2],
       [  3,   0,  32,  99]]), array([[128,   2,   2,   2],
       [ 50,  28,   0,   7],
       [  0,   0, 130,   4],
       [  2,   0,  32, 100]]), array([[129,   0,   4,   1],
       [ 56,  22,   0,   6],
       [  0,   0, 126,   8],
       [  2,   0,  30, 102]]), array([[130,   1,   2,   1],
       [ 51,  27,   0,   6],
       [  0,   0, 130,   4],
       [  1,   0,  38,  95]]), array([[126,   4,   3,   2],
       [ 48,  31,   0,   5],
       [  0,   0, 132,   3],
       [  2,   0,  32, 101]]), array([[129,   1,   3,   1],
       [ 47,  31,   0,   6],
       [  0,   0, 130,   4],
       [  3,   0,  36,  95]]), array([[129,   2,   2,   1],
       [ 50,  32,   0,   3],
       [  0,   0, 129,   5],
       [  2,   0,  34,  98]]), array([[126,   1,   6,   1],
       [ 53,  26,   0,   6],
       [  0,   0, 131,   3],
       [  2,   0,  35,  97]]), array([[130,   1,   2,   1],
       [ 52,  27,   0,   6],
       [  0,   0, 129,   5],
       [  2,   0,  31, 101]]), array([[128,   2,   2,   2],
       [ 54,  26,   0,   5],
       [  0,   0, 129,   5],
       [  3,   0,  33,  98]])]","[0.6304347826086957, 0.717391304347826, 0.7391304347826086, 0.782608695652174, 0.6666666666666666, 0.7777777777777778, 0.7111111111111111, 0.7777777777777778, 0.7333333333333333, 0.7555555555555555]","[0.6304347826086957, 0.717391304347826, 0.7391304347826086, 0.782608695652174, 0.6666666666666666, 0.7777777777777778, 0.7111111111111111, 0.7777777777777778, 0.7333333333333333, 0.7555555555555555]","[0.6304347826086957, 0.717391304347826, 0.7391304347826086, 0.782608695652174, 0.6666666666666666, 0.7777777777777778, 0.7111111111111111, 0.7777777777777778, 0.7333333333333333, 0.7555555555555555]","[0.6304347826086957, 0.717391304347826, 0.7391304347826086, 0.782608695652174, 0.6666666666666666, 0.7777777777777778, 0.7111111111111111, 0.7777777777777778, 0.7333333333333333, 0.7555555555555555]","[0.7346921224630203, 0.7947368421052632, 0.7349376114081997, 0.8184523809523809, 0.7732142857142857, 0.8348416289592759, 0.7757554945054945, 0.8385416666666666, 0.8180147058823529, 0.806547619047619]","[0.6194444444444445, 0.6847222222222222, 0.718939393939394, 0.7772727272727273, 0.6607142857142857, 0.7833333333333333, 0.6911616161616162, 0.7777777777777778, 0.7333333333333333, 0.748989898989899]","[0.5560483870967742, 0.6683284457478006, 0.6864468864468865, 0.7704163652439514, 0.5978739002932552, 0.7553696303696305, 0.6614016224211126, 0.7575498575498576, 0.7012362637362637, 0.7375498575498576]","[0.7291246017857943, 0.7814645308924485, 0.746066806169108, 0.8193581780538303, 0.7795238095238095, 0.852187028657617, 0.7685286935286936, 0.849537037037037, 0.830392156862745, 0.8108465608465609]","[0.6304347826086957, 0.717391304347826, 0.7391304347826086, 0.782608695652174, 0.6666666666666666, 0.7777777777777778, 0.7111111111111111, 0.7777777777777778, 0.7333333333333333, 0.7555555555555555]","[0.576238896680692, 0.6910620935866377, 0.7066411849020544, 0.7766047046406868, 0.613880742913001, 0.7647352647352648, 0.680583838271661, 0.7666983222538778, 0.7130036630036629, 0.7484596391263059]","[array([[12,  0,  0,  0],
       [ 7,  1,  0,  1],
       [ 0,  0,  9,  1],
       [ 0,  0,  8,  7]]), array([[11,  0,  0,  1],
       [ 7,  2,  0,  0],
       [ 0,  0,  8,  2],
       [ 1,  0,  2, 12]]), array([[10,  1,  0,  0],
       [ 7,  2,  0,  1],
       [ 0,  0,  9,  1],
       [ 0,  0,  2, 13]]), array([[10,  0,  1,  0],
       [ 4,  5,  0,  1],
       [ 0,  0,  9,  1],
       [ 1,  0,  2, 12]]), array([[11,  0,  0,  0],
       [ 9,  1,  0,  0],
       [ 0,  0,  9,  1],
       [ 0,  0,  5,  9]]), array([[11,  0,  0,  0],
       [ 6,  4,  0,  0],
       [ 0,  0,  9,  0],
       [ 0,  0,  4, 11]]), array([[10,  0,  1,  0],
       [ 5,  2,  0,  2],
       [ 0,  0,  9,  1],
       [ 1,  0,  3, 11]]), array([[11,  0,  0,  0],
       [ 5,  4,  0,  0],
       [ 0,  0, 10,  0],
       [ 0,  0,  5, 10]]), array([[11,  0,  0,  0],
       [ 6,  3,  0,  0],
       [ 0,  0, 10,  0],
       [ 0,  0,  6,  9]]), array([[ 9,  0,  1,  1],
       [ 5,  4,  0,  0],
       [ 0,  0, 10,  0],
       [ 0,  0,  4, 11]])]"
31,"[0.7802874743326489, 0.8069815195071869, 0.7962962962962963, 0.779835390946502, 0.8077709611451943, 0.7716049382716049, 0.7987679671457906, 0.784394250513347, 0.7946611909650924, 0.7618069815195072]","[0.7802874743326489, 0.8069815195071869, 0.7962962962962963, 0.779835390946502, 0.8077709611451943, 0.7716049382716049, 0.7987679671457906, 0.784394250513347, 0.7946611909650924, 0.7618069815195072]","[0.7802874743326489, 0.8069815195071869, 0.7962962962962963, 0.779835390946502, 0.8077709611451943, 0.7716049382716049, 0.7987679671457906, 0.784394250513347, 0.7946611909650924, 0.7618069815195072]","[0.7802874743326489, 0.8069815195071869, 0.7962962962962963, 0.779835390946502, 0.8077709611451943, 0.7716049382716049, 0.7987679671457906, 0.784394250513347, 0.7946611909650924, 0.7618069815195072]","[0.8220880802690986, 0.851725470877823, 0.852281746031746, 0.830763607737292, 0.8517586417813827, 0.8120381312443101, 0.8535522898302774, 0.819154963447087, 0.8328871980442204, 0.8200821995464852]","[0.7379938542581211, 0.7676251097453906, 0.7497778962331201, 0.7370735607675907, 0.7640873015873016, 0.7251687988628288, 0.7590869183494293, 0.746027216856892, 0.7521290605794557, 0.7104477611940299]","[0.732763113448825, 0.7671981891973612, 0.7440174124083099, 0.7328348336189672, 0.7624056354681112, 0.7174346714526041, 0.7584712465691756, 0.7452635538078913, 0.7484643003051138, 0.6918148976292315]","[0.8142488932735872, 0.8398556486147055, 0.837084394800444, 0.8170267654997999, 0.8397743692473347, 0.8009309431007208, 0.8388173046181286, 0.8098369400809105, 0.8227807080459318, 0.8075693658709205]","[0.7802874743326489, 0.8069815195071869, 0.7962962962962963, 0.779835390946502, 0.8077709611451943, 0.7716049382716049, 0.7987679671457906, 0.784394250513347, 0.7946611909650924, 0.7618069815195072]","[0.7592450372821279, 0.7898192160643632, 0.7733694510994658, 0.7586261892235053, 0.7888582305352299, 0.7478272972580311, 0.781008075952083, 0.767827213709084, 0.7747761712491245, 0.7282095027673813]","[array([[127,   3,   3,   1],
       [ 54,  27,   0,   4],
       [  0,   0, 132,   2],
       [  3,   0,  37,  94]]), array([[130,   1,   3,   0],
       [ 47,  32,   0,   6],
       [  0,   0, 132,   2],
       [  2,   0,  33,  99]]), array([[132,   0,   2,   0],
       [ 55,  25,   0,   4],
       [  0,   0, 128,   6],
       [  2,   0,  30, 102]]), array([[128,   1,   3,   2],
       [ 52,  27,   0,   5],
       [  0,   0, 130,   4],
       [  2,   0,  38,  94]]), array([[131,   1,   3,   0],
       [ 49,  29,   0,   6],
       [  0,   0, 132,   3],
       [  3,   0,  29, 103]]), array([[126,   2,   3,   3],
       [ 56,  23,   0,   5],
       [  0,   0, 125,   9],
       [  3,   0,  30, 101]]), array([[131,   0,   2,   1],
       [ 51,  31,   0,   3],
       [  0,   0, 130,   4],
       [  2,   0,  35,  97]]), array([[125,   3,   5,   1],
       [ 48,  31,   0,   6],
       [  0,   0, 128,   6],
       [  4,   0,  32,  98]]), array([[128,   2,   3,   1],
       [ 51,  28,   0,   6],
       [  0,   0, 129,   5],
       [  2,   0,  30, 102]]), array([[130,   1,   2,   1],
       [ 63,  17,   1,   4],
       [  0,   0, 129,   5],
       [  3,   0,  36,  95]])]","[0.6304347826086957, 0.7608695652173914, 0.6956521739130435, 0.7391304347826086, 0.6888888888888889, 0.8222222222222222, 0.7111111111111111, 0.8222222222222222, 0.7777777777777778, 0.7555555555555555]","[0.6304347826086957, 0.7608695652173914, 0.6956521739130435, 0.7391304347826086, 0.6888888888888889, 0.8222222222222222, 0.7111111111111111, 0.8222222222222222, 0.7777777777777778, 0.7555555555555555]","[0.6304347826086957, 0.7608695652173914, 0.6956521739130435, 0.7391304347826086, 0.6888888888888889, 0.8222222222222222, 0.7111111111111111, 0.8222222222222222, 0.7777777777777778, 0.7555555555555555]","[0.6304347826086957, 0.7608695652173914, 0.6956521739130435, 0.7391304347826086, 0.6888888888888889, 0.8222222222222222, 0.7111111111111111, 0.8222222222222222, 0.7777777777777778, 0.7555555555555555]","[0.7346921224630203, 0.823989898989899, 0.6754101161995899, 0.7908653846153847, 0.7804511278195488, 0.8663101604278075, 0.7757554945054945, 0.861904761904762, 0.8385416666666666, 0.8012820512820513]","[0.6194444444444445, 0.7263888888888889, 0.6772727272727272, 0.7356060606060606, 0.6857142857142857, 0.8166666666666667, 0.6911616161616162, 0.8222222222222222, 0.7777777777777778, 0.748989898989899]","[0.5560483870967742, 0.7051948051948052, 0.6295155993431855, 0.7201230733839429, 0.6416666666666666, 0.7964285714285715, 0.6614016224211126, 0.809981684981685, 0.7575498575498576, 0.7377747252747253]","[0.7291246017857943, 0.8155467720685112, 0.6919224939819905, 0.7932692307692307, 0.7865998329156224, 0.8773618538324421, 0.7685286935286936, 0.8713227513227513, 0.849537037037037, 0.7994301994301993]","[0.6304347826086957, 0.7608695652173914, 0.6956521739130435, 0.7391304347826086, 0.6888888888888889, 0.8222222222222222, 0.7111111111111111, 0.8222222222222222, 0.7777777777777778, 0.7555555555555555]","[0.576238896680692, 0.7313946922642576, 0.6518526451060184, 0.7277007631449975, 0.6533333333333333, 0.8085714285714286, 0.680583838271661, 0.8169312169312171, 0.7666983222538778, 0.7460927960927961]","[array([[12,  0,  0,  0],
       [ 7,  1,  0,  1],
       [ 0,  0,  9,  1],
       [ 0,  0,  8,  7]]), array([[11,  0,  0,  1],
       [ 7,  2,  0,  0],
       [ 0,  0,  9,  1],
       [ 0,  0,  2, 13]]), array([[10,  1,  0,  0],
       [ 8,  1,  0,  1],
       [ 0,  0,  9,  1],
       [ 1,  0,  2, 12]]), array([[10,  0,  1,  0],
       [ 5,  4,  0,  1],
       [ 0,  0,  9,  1],
       [ 1,  0,  3, 11]]), array([[11,  0,  0,  0],
       [ 8,  2,  0,  0],
       [ 0,  0,  9,  1],
       [ 0,  0,  5,  9]]), array([[11,  0,  0,  0],
       [ 6,  4,  0,  0],
       [ 0,  0,  9,  0],
       [ 0,  0,  2, 13]]), array([[10,  0,  1,  0],
       [ 5,  2,  0,  2],
       [ 0,  0,  9,  1],
       [ 1,  0,  3, 11]]), array([[11,  0,  0,  0],
       [ 4,  5,  0,  0],
       [ 0,  0, 10,  0],
       [ 0,  0,  4, 11]]), array([[11,  0,  0,  0],
       [ 5,  4,  0,  0],
       [ 0,  0, 10,  0],
       [ 0,  0,  5, 10]]), array([[ 9,  0,  1,  1],
       [ 4,  4,  0,  1],
       [ 0,  0, 10,  0],
       [ 0,  0,  4, 11]])]"
32,"[0.7864476386036962, 0.7864476386036962, 0.7818930041152263, 0.7716049382716049, 0.7975460122699386, 0.7860082304526749, 0.8049281314168378, 0.7946611909650924, 0.7946611909650924, 0.7720739219712526]","[0.7864476386036962, 0.7864476386036962, 0.7818930041152263, 0.7716049382716049, 0.7975460122699386, 0.7860082304526749, 0.8049281314168378, 0.7946611909650924, 0.7946611909650924, 0.7720739219712526]","[0.7864476386036962, 0.7864476386036962, 0.7818930041152263, 0.7716049382716049, 0.7975460122699386, 0.7860082304526749, 0.8049281314168378, 0.7946611909650924, 0.7946611909650924, 0.7720739219712526]","[0.7864476386036962, 0.7864476386036962, 0.7818930041152263, 0.7716049382716049, 0.7975460122699386, 0.7860082304526749, 0.8049281314168378, 0.7946611909650924, 0.7946611909650924, 0.7720739219712526]","[0.8295010122142519, 0.8271718319925204, 0.8409843646707058, 0.8272339116525163, 0.8359806703790962, 0.8353422000603131, 0.8496115411714473, 0.8468522221127085, 0.8510250680139914, 0.818327469204166]","[0.7425153643546971, 0.7457418788410887, 0.7389392324093816, 0.7262793176972281, 0.7525793650793651, 0.7393390191897655, 0.7668349429323968, 0.7510535557506586, 0.7510535557506586, 0.7283801580333626]","[0.7372549994297147, 0.7423414030337103, 0.7356854187326958, 0.7176041137895315, 0.7492579785100383, 0.7325480131365117, 0.767651114914704, 0.7466889677103717, 0.7464353354978355, 0.7207911606856122]","[0.8195329415746181, 0.8162739060997363, 0.8246247314063753, 0.8135748490653266, 0.8260670825849127, 0.8225173235233083, 0.8374393481283038, 0.831443102777026, 0.8360358038100603, 0.8075013411151184]","[0.7864476386036962, 0.7864476386036962, 0.7818930041152263, 0.7716049382716049, 0.7975460122699386, 0.7860082304526749, 0.8049281314168378, 0.7946611909650924, 0.7946611909650924, 0.7720739219712526]","[0.7651334848623315, 0.7667248296223177, 0.7613231689637873, 0.7461264534307318, 0.7775616093650133, 0.7626077909821339, 0.7890852710596428, 0.7733065435169596, 0.7730273918415602, 0.7483964314732817]","[array([[127,   2,   3,   2],
       [ 55,  26,   0,   4],
       [  0,   0, 130,   4],
       [  4,   0,  30, 100]]), array([[128,   2,   3,   1],
       [ 49,  29,   0,   7],
       [  0,   0, 130,   4],
       [  2,   0,  36,  96]]), array([[128,   0,   5,   1],
       [ 53,  27,   0,   4],
       [  0,   0, 129,   5],
       [  2,   0,  36,  96]]), array([[131,   1,   1,   1],
       [ 55,  24,   0,   5],
       [  0,   0, 130,   4],
       [  3,   0,  41,  90]]), array([[129,   2,   3,   1],
       [ 52,  27,   0,   5],
       [  0,   0, 130,   5],
       [  3,   0,  28, 104]]), array([[128,   1,   4,   1],
       [ 55,  24,   0,   5],
       [  0,   0, 129,   5],
       [  3,   0,  30, 101]]), array([[131,   1,   1,   1],
       [ 49,  33,   0,   3],
       [  0,   0, 129,   5],
       [  2,   0,  33,  99]]), array([[131,   0,   2,   1],
       [ 52,  27,   0,   6],
       [  0,   0, 127,   7],
       [  3,   0,  29, 102]]), array([[131,   0,   3,   0],
       [ 53,  27,   0,   5],
       [  0,   0, 130,   4],
       [  2,   0,  33,  99]]), array([[129,   2,   2,   1],
       [ 55,  25,   0,   5],
       [  0,   0, 129,   5],
       [  3,   0,  38,  93]])]","[0.6739130434782609, 0.782608695652174, 0.7391304347826086, 0.7391304347826086, 0.6888888888888889, 0.7777777777777778, 0.7111111111111111, 0.7555555555555555, 0.7111111111111111, 0.7777777777777778]","[0.6739130434782609, 0.782608695652174, 0.7391304347826086, 0.7391304347826086, 0.6888888888888889, 0.7777777777777778, 0.7111111111111111, 0.7555555555555555, 0.7111111111111111, 0.7777777777777778]","[0.6739130434782609, 0.782608695652174, 0.7391304347826086, 0.7391304347826086, 0.6888888888888889, 0.7777777777777778, 0.7111111111111111, 0.7555555555555555, 0.7111111111111111, 0.7777777777777778]","[0.6739130434782609, 0.782608695652174, 0.7391304347826086, 0.7391304347826086, 0.6888888888888889, 0.7777777777777778, 0.7111111111111111, 0.7555555555555555, 0.7111111111111111, 0.7777777777777778]","[0.7572916666666667, 0.825, 0.7560331825037707, 0.7908653846153847, 0.8041666666666667, 0.8402777777777778, 0.7757554945054945, 0.8158143939393939, 0.8090277777777778, 0.820054945054945]","[0.6638888888888889, 0.7569444444444445, 0.7356060606060606, 0.7356060606060606, 0.6857142857142857, 0.7749999999999999, 0.6911616161616162, 0.7499999999999999, 0.7055555555555556, 0.7656565656565657]","[0.6239860139860139, 0.7599521446295641, 0.7068092937658155, 0.7201230733839429, 0.6185260742062987, 0.741547724306345, 0.6614016224211126, 0.721011396011396, 0.6603719556305763, 0.7564652014652015]","[0.7527173913043478, 0.813858695652174, 0.7698455636435176, 0.7932692307692307, 0.8159259259259259, 0.8549382716049383, 0.7685286935286936, 0.8192340067340066, 0.821604938271605, 0.8235653235653236]","[0.6739130434782609, 0.782608695652174, 0.7391304347826086, 0.7391304347826086, 0.6888888888888889, 0.7777777777777778, 0.7111111111111111, 0.7555555555555555, 0.7111111111111111, 0.7777777777777778]","[0.6390392216479173, 0.772775611485289, 0.7187115551954871, 0.7277007631449975, 0.635136781560344, 0.7557295833157901, 0.680583838271661, 0.7333649889205445, 0.6791080566942637, 0.7699763939763938]","[array([[12,  0,  0,  0],
       [ 6,  2,  0,  1],
       [ 0,  0,  9,  1],
       [ 0,  0,  7,  8]]), array([[11,  0,  0,  1],
       [ 5,  4,  0,  0],
       [ 0,  0,  8,  2],
       [ 0,  0,  2, 13]]), array([[10,  1,  0,  0],
       [ 6,  3,  0,  1],
       [ 0,  0, 10,  0],
       [ 1,  0,  3, 11]]), array([[10,  0,  1,  0],
       [ 5,  4,  0,  1],
       [ 0,  0,  9,  1],
       [ 1,  0,  3, 11]]), array([[11,  0,  0,  0],
       [ 9,  1,  0,  0],
       [ 0,  0, 10,  0],
       [ 0,  0,  5,  9]]), array([[11,  0,  0,  0],
       [ 7,  3,  0,  0],
       [ 0,  0,  9,  0],
       [ 0,  0,  3, 12]]), array([[10,  0,  1,  0],
       [ 5,  2,  0,  2],
       [ 0,  0,  9,  1],
       [ 1,  0,  3, 11]]), array([[11,  0,  0,  0],
       [ 5,  3,  0,  1],
       [ 0,  0, 10,  0],
       [ 0,  0,  5, 10]]), array([[11,  0,  0,  0],
       [ 7,  2,  0,  0],
       [ 0,  0, 10,  0],
       [ 0,  0,  6,  9]]), array([[ 9,  0,  1,  1],
       [ 5,  4,  0,  0],
       [ 0,  0, 10,  0],
       [ 0,  0,  3, 12]])]"
33,"[0.8008213552361396, 0.8028747433264887, 0.7901234567901234, 0.779835390946502, 0.7893660531697342, 0.7860082304526749, 0.7864476386036962, 0.7926078028747433, 0.7926078028747433, 0.7823408624229979]","[0.8008213552361396, 0.8028747433264887, 0.7901234567901234, 0.779835390946502, 0.7893660531697342, 0.7860082304526749, 0.7864476386036962, 0.7926078028747433, 0.7926078028747433, 0.7823408624229979]","[0.8008213552361396, 0.8028747433264887, 0.7901234567901234, 0.779835390946502, 0.7893660531697342, 0.7860082304526749, 0.7864476386036962, 0.7926078028747433, 0.7926078028747433, 0.7823408624229979]","[0.8008213552361396, 0.8028747433264887, 0.7901234567901234, 0.779835390946502, 0.7893660531697342, 0.7860082304526749, 0.7864476386036962, 0.7926078028747433, 0.7926078028747433, 0.7823408624229979]","[0.8496280891029698, 0.8574101574468506, 0.8478307085970336, 0.817579841307456, 0.8394327773775093, 0.8239268978031464, 0.8324771549163029, 0.8300267047973796, 0.8388685692095657, 0.8261148707174804]","[0.7588015803336259, 0.7628182616330115, 0.7441808813077471, 0.7359630419331912, 0.7451719576719577, 0.7415600568585643, 0.7489683933274803, 0.7491878841088674, 0.7491878841088675, 0.7377085162423178]","[0.7560987120076326, 0.7626065387117762, 0.7382661189721048, 0.730587823708545, 0.7416028531184115, 0.7373731608846891, 0.7478091018708777, 0.7450933595623555, 0.7446580619288699, 0.7303612999889717]","[0.8378521336602158, 0.8430633355061846, 0.8321754317037242, 0.8094551620039093, 0.8264113054300278, 0.8131609995759568, 0.8215402627850409, 0.8198637045507661, 0.8262495956803435, 0.8160722799470208]","[0.8008213552361396, 0.8028747433264887, 0.7901234567901234, 0.779835390946502, 0.7893660531697342, 0.7860082304526749, 0.7864476386036962, 0.7926078028747433, 0.7926078028747433, 0.7823408624229979]","[0.7814288832809654, 0.7855594447168341, 0.767026460807684, 0.7584078682104074, 0.768663098097457, 0.7654685772014559, 0.7689378591916219, 0.7724014669602322, 0.771500599569475, 0.7589294800699977]","[array([[130,   1,   2,   1],
       [ 52,  29,   0,   4],
       [  0,   0, 132,   2],
       [  3,   0,  32,  99]]), array([[130,   0,   4,   0],
       [ 50,  31,   0,   4],
       [  0,   0, 131,   3],
       [  4,   0,  31,  99]]), array([[130,   0,   2,   2],
       [ 55,  25,   0,   4],
       [  0,   0, 130,   4],
       [  2,   0,  33,  99]]), array([[128,   3,   2,   1],
       [ 54,  26,   0,   4],
       [  0,   0, 129,   5],
       [  2,   0,  36,  96]]), array([[129,   1,   4,   1],
       [ 52,  27,   0,   5],
       [  0,   0, 132,   3],
       [  3,   0,  34,  98]]), array([[125,   2,   4,   3],
       [ 53,  26,   0,   5],
       [  0,   0, 127,   7],
       [  2,   0,  28, 104]]), array([[129,   2,   2,   1],
       [ 49,  32,   0,   4],
       [  0,   0, 131,   3],
       [  2,   0,  41,  91]]), array([[127,   2,   4,   1],
       [ 52,  27,   0,   6],
       [  0,   0, 127,   7],
       [  3,   0,  26, 105]]), array([[129,   1,   3,   1],
       [ 52,  27,   0,   6],
       [  0,   0, 129,   5],
       [  3,   0,  30, 101]]), array([[129,   2,   2,   1],
       [ 55,  25,   0,   5],
       [  0,   0, 130,   4],
       [  2,   0,  35,  97]])]","[0.6304347826086957, 0.8043478260869565, 0.7608695652173914, 0.7391304347826086, 0.6666666666666666, 0.8, 0.6888888888888889, 0.7777777777777778, 0.7555555555555555, 0.8]","[0.6304347826086957, 0.8043478260869565, 0.7608695652173914, 0.7391304347826086, 0.6666666666666666, 0.8, 0.6888888888888889, 0.7777777777777778, 0.7555555555555555, 0.8]","[0.6304347826086957, 0.8043478260869565, 0.7608695652173914, 0.7391304347826086, 0.6666666666666666, 0.8, 0.6888888888888889, 0.7777777777777778, 0.7555555555555555, 0.8]","[0.6304347826086957, 0.8043478260869565, 0.7608695652173914, 0.7391304347826086, 0.6666666666666666, 0.8, 0.6888888888888889, 0.7777777777777778, 0.7555555555555555, 0.8]","[0.7346921224630203, 0.8519813519813519, 0.773661387631976, 0.7908653846153847, 0.7732142857142857, 0.8492647058823529, 0.759271978021978, 0.8403361344537815, 0.828125, 0.8397435897435896]","[0.6194444444444445, 0.7861111111111112, 0.7522727272727272, 0.7356060606060606, 0.6607142857142857, 0.8, 0.6744949494949495, 0.7666666666666666, 0.7611111111111112, 0.7883838383838384]","[0.5560483870967742, 0.7824175824175824, 0.7272727272727273, 0.7201230733839429, 0.5978739002932552, 0.7757936507936508, 0.6421657046657047, 0.7413003663003663, 0.7373575498575499, 0.7778308647873865]","[0.7291246017857943, 0.848434174521131, 0.7858712046691586, 0.7932692307692307, 0.7795238095238095, 0.8637254901960785, 0.7520451770451771, 0.850233426704015, 0.8402777777777778, 0.8415954415954416]","[0.6304347826086957, 0.8043478260869565, 0.7608695652173914, 0.7391304347826086, 0.6666666666666666, 0.8, 0.6888888888888889, 0.7777777777777778, 0.7555555555555555, 0.8]","[0.576238896680692, 0.7949354992833253, 0.7411067193675889, 0.7277007631449975, 0.613880742913001, 0.7867724867724866, 0.6585591363369141, 0.7592999592999593, 0.7431940487496042, 0.7900621118012422]","[array([[12,  0,  0,  0],
       [ 7,  1,  0,  1],
       [ 0,  0,  9,  1],
       [ 0,  0,  8,  7]]), array([[12,  0,  0,  0],
       [ 5,  4,  0,  0],
       [ 0,  0,  9,  1],
       [ 1,  0,  2, 12]]), array([[10,  1,  0,  0],
       [ 6,  3,  0,  1],
       [ 0,  0, 10,  0],
       [ 1,  0,  2, 12]]), array([[10,  0,  1,  0],
       [ 5,  4,  0,  1],
       [ 0,  0,  9,  1],
       [ 1,  0,  3, 11]]), array([[11,  0,  0,  0],
       [ 9,  1,  0,  0],
       [ 0,  0,  9,  1],
       [ 0,  0,  5,  9]]), array([[11,  0,  0,  0],
       [ 6,  4,  0,  0],
       [ 0,  0,  9,  0],
       [ 0,  0,  3, 12]]), array([[10,  0,  1,  0],
       [ 5,  2,  0,  2],
       [ 0,  0,  9,  1],
       [ 1,  0,  4, 10]]), array([[11,  0,  0,  0],
       [ 6,  3,  0,  0],
       [ 0,  0, 10,  0],
       [ 0,  0,  4, 11]]), array([[11,  0,  0,  0],
       [ 5,  4,  0,  0],
       [ 0,  0, 10,  0],
       [ 0,  0,  6,  9]]), array([[10,  0,  0,  1],
       [ 5,  4,  0,  0],
       [ 0,  0, 10,  0],
       [ 0,  0,  3, 12]])]"
34,"[0.7926078028747433, 0.7987679671457906, 0.7880658436213992, 0.7716049382716049, 0.7791411042944786, 0.7777777777777778, 0.8049281314168378, 0.7802874743326489, 0.7926078028747433, 0.7618069815195072]","[0.7926078028747433, 0.7987679671457906, 0.7880658436213992, 0.7716049382716049, 0.7791411042944786, 0.7777777777777778, 0.8049281314168378, 0.7802874743326489, 0.7926078028747433, 0.7618069815195072]","[0.7926078028747433, 0.7987679671457906, 0.7880658436213992, 0.7716049382716049, 0.7791411042944786, 0.7777777777777778, 0.8049281314168378, 0.7802874743326489, 0.7926078028747433, 0.7618069815195072]","[0.7926078028747433, 0.7987679671457906, 0.7880658436213992, 0.7716049382716049, 0.7791411042944786, 0.7777777777777778, 0.8049281314168378, 0.7802874743326489, 0.7926078028747433, 0.7618069815195072]","[0.8362908549460968, 0.8404634849720479, 0.8364118994952661, 0.8217586202413983, 0.819232189943626, 0.8359091833781743, 0.8412687504632981, 0.8298433896306959, 0.8478439500178631, 0.8057999429358413]","[0.7491878841088675, 0.7569359086918349, 0.7445362473347549, 0.7251687988628288, 0.7302910052910053, 0.7296552949538024, 0.7646839332748024, 0.7390693590869184, 0.7459613696224758, 0.7147497805092186]","[0.7451060119190286, 0.7546202916024201, 0.7406311432864391, 0.7169452763710019, 0.7211615709818469, 0.7203627202821892, 0.7644907459760432, 0.7352481090346891, 0.738653633912186, 0.7030353538252022]","[0.8267581285337483, 0.8277654235695093, 0.8232561572328743, 0.807707723832763, 0.8090703120031864, 0.8190274121207849, 0.8313957848419399, 0.8161924271344287, 0.8325346143933771, 0.7950095256238775]","[0.7926078028747433, 0.7987679671457906, 0.7880658436213992, 0.7716049382716049, 0.7791411042944786, 0.7777777777777778, 0.8049281314168378, 0.7802874743326489, 0.7926078028747433, 0.7618069815195072]","[0.772415392346632, 0.7798017101039758, 0.7672245883629392, 0.7468855387624707, 0.7538843978577089, 0.7517689322842002, 0.7885447169020425, 0.7598004332730941, 0.7686660495391284, 0.7346435197017511]","[array([[126,   2,   5,   1],
       [ 54,  27,   0,   4],
       [  0,   0, 132,   2],
       [  3,   0,  30, 101]]), array([[128,   1,   2,   3],
       [ 50,  29,   0,   6],
       [  0,   0, 128,   6],
       [  2,   0,  28, 104]]), array([[130,   1,   3,   0],
       [ 52,  27,   0,   5],
       [  0,   0, 128,   6],
       [  2,   0,  34,  98]]), array([[129,   1,   2,   2],
       [ 57,  23,   0,   4],
       [  0,   0, 125,   9],
       [  1,   0,  35,  98]]), array([[129,   2,   3,   1],
       [ 57,  22,   0,   5],
       [  0,   0, 127,   8],
       [  2,   0,  30, 103]]), array([[130,   0,   2,   2],
       [ 57,  22,   0,   5],
       [  0,   0, 125,   9],
       [  3,   0,  30, 101]]), array([[130,   2,   2,   0],
       [ 51,  31,   0,   3],
       [  0,   0, 125,   9],
       [  2,   0,  26, 106]]), array([[128,   1,   4,   1],
       [ 51,  28,   0,   6],
       [  0,   0, 129,   5],
       [  2,   0,  37,  95]]), array([[127,   0,   4,   3],
       [ 56,  24,   0,   5],
       [  0,   0, 130,   4],
       [  2,   0,  27, 105]]), array([[129,   2,   2,   1],
       [ 59,  21,   0,   5],
       [  0,   0, 124,  10],
       [  4,   0,  33,  97]])]","[0.6521739130434783, 0.7391304347826086, 0.717391304347826, 0.7391304347826086, 0.6888888888888889, 0.7555555555555555, 0.6888888888888889, 0.7777777777777778, 0.6888888888888889, 0.8444444444444444]","[0.6521739130434783, 0.7391304347826086, 0.717391304347826, 0.7391304347826086, 0.6888888888888889, 0.7555555555555555, 0.6888888888888889, 0.7777777777777778, 0.6888888888888889, 0.8444444444444444]","[0.6521739130434783, 0.7391304347826086, 0.717391304347826, 0.7391304347826086, 0.6888888888888889, 0.7555555555555555, 0.6888888888888889, 0.7777777777777778, 0.6888888888888889, 0.8444444444444444]","[0.6521739130434783, 0.7391304347826086, 0.717391304347826, 0.7391304347826086, 0.6888888888888889, 0.7555555555555555, 0.6888888888888889, 0.7777777777777778, 0.6888888888888889, 0.8444444444444444]","[0.7318181818181817, 0.8027777777777778, 0.7335972850678734, 0.7908653846153847, 0.8095238095238095, 0.8258547008547008, 0.7624434389140271, 0.8403361344537815, 0.7199754901960784, 0.8738095238095238]","[0.6388888888888888, 0.7124999999999999, 0.7106060606060606, 0.7356060606060606, 0.6857142857142857, 0.7583333333333333, 0.6744949494949495, 0.7666666666666666, 0.6828282828282829, 0.8277777777777778]","[0.6047552447552448, 0.7083333333333333, 0.6866883116883117, 0.7201230733839429, 0.6213150527009222, 0.7211237038823246, 0.6437041219649916, 0.7413003663003663, 0.6417124542124543, 0.8167952736918255]","[0.7226613965744401, 0.7898550724637682, 0.7426716506000394, 0.7932692307692307, 0.8201058201058201, 0.8433998100664768, 0.754047259929613, 0.850233426704015, 0.7493464052287582, 0.873968253968254]","[0.6521739130434783, 0.7391304347826086, 0.717391304347826, 0.7391304347826086, 0.6888888888888889, 0.7555555555555555, 0.6888888888888889, 0.7777777777777778, 0.6888888888888889, 0.8444444444444444]","[0.6196412283368806, 0.7239130434782608, 0.698051948051948, 0.7277007631449975, 0.6371230420143463, 0.7336923612785682, 0.6593387289039463, 0.7592999592999593, 0.6622100122100123, 0.8307853066473756]","[array([[12,  0,  0,  0],
       [ 6,  2,  0,  1],
       [ 0,  0,  8,  2],
       [ 0,  0,  7,  8]]), array([[11,  0,  0,  1],
       [ 6,  3,  0,  0],
       [ 0,  0,  8,  2],
       [ 1,  0,  2, 12]]), array([[10,  1,  0,  0],
       [ 6,  3,  0,  1],
       [ 0,  0,  9,  1],
       [ 1,  0,  3, 11]]), array([[10,  0,  1,  0],
       [ 5,  4,  0,  1],
       [ 0,  0,  9,  1],
       [ 1,  0,  3, 11]]), array([[11,  0,  0,  0],
       [ 9,  1,  0,  0],
       [ 0,  0, 10,  0],
       [ 1,  0,  4,  9]]), array([[11,  0,  0,  0],
       [ 7,  3,  0,  0],
       [ 0,  0,  9,  0],
       [ 0,  0,  4, 11]]), array([[10,  0,  1,  0],
       [ 5,  2,  0,  2],
       [ 0,  0,  9,  1],
       [ 2,  0,  3, 10]]), array([[11,  0,  0,  0],
       [ 6,  3,  0,  0],
       [ 0,  0, 10,  0],
       [ 0,  0,  4, 11]]), array([[10,  1,  0,  0],
       [ 7,  2,  0,  0],
       [ 0,  0, 10,  0],
       [ 0,  0,  6,  9]]), array([[11,  0,  0,  0],
       [ 4,  4,  0,  1],
       [ 0,  0, 10,  0],
       [ 0,  0,  2, 13]])]"
35,"[0.7802874743326489, 0.7926078028747433, 0.7839506172839507, 0.779835390946502, 0.7811860940695297, 0.7736625514403292, 0.7782340862422998, 0.7967145790554415, 0.7926078028747433, 0.7597535934291582]","[0.7802874743326489, 0.7926078028747433, 0.7839506172839507, 0.779835390946502, 0.7811860940695297, 0.7736625514403292, 0.7782340862422998, 0.7967145790554415, 0.7926078028747433, 0.7597535934291582]","[0.7802874743326489, 0.7926078028747433, 0.7839506172839507, 0.779835390946502, 0.7811860940695297, 0.7736625514403292, 0.7782340862422998, 0.7967145790554415, 0.7926078028747433, 0.7597535934291582]","[0.7802874743326489, 0.7926078028747433, 0.7839506172839507, 0.779835390946502, 0.7811860940695297, 0.7736625514403292, 0.7782340862422998, 0.7967145790554415, 0.7926078028747433, 0.7597535934291582]","[0.831429929755504, 0.8272702844351272, 0.8463015080713678, 0.8223555613215706, 0.833258147029587, 0.8381473932585259, 0.8145965238981999, 0.8417484288829036, 0.8384911088905176, 0.8238981520331284]","[0.7326163301141352, 0.7545654082528533, 0.7352523098791756, 0.7315209665955935, 0.7321428571428572, 0.7248134328358208, 0.741505706760316, 0.755070237050044, 0.7491878841088675, 0.7118086040386303]","[0.7224539064388689, 0.7546922845928709, 0.725266138255561, 0.7214742163372136, 0.7225684470290653, 0.7136659464362641, 0.7403355624896347, 0.7526299883704881, 0.7448790570817638, 0.6986925193538387]","[0.8188436902085398, 0.8185151385158688, 0.830488906021097, 0.8126527727058201, 0.8204024349699893, 0.8214958905073454, 0.8071215220818883, 0.8291796534180076, 0.8258341568076335, 0.8061794856052501]","[0.7802874743326489, 0.7926078028747433, 0.7839506172839507, 0.779835390946502, 0.7811860940695297, 0.7736625514403292, 0.7782340862422998, 0.7967145790554415, 0.7926078028747433, 0.7597535934291582]","[0.7541526301607202, 0.7769645404690871, 0.7571768171272605, 0.7537856164328728, 0.7550408972983085, 0.7459361055346454, 0.7616067887526559, 0.777611150489365, 0.771743830374303, 0.7306622663387904]","[array([[129,   1,   3,   1],
       [ 58,  22,   0,   5],
       [  0,   0, 128,   6],
       [  4,   0,  29, 101]]), array([[123,   3,   7,   1],
       [ 47,  32,   0,   6],
       [  0,   0, 131,   3],
       [  2,   0,  32, 100]]), array([[132,   0,   2,   0],
       [ 58,  22,   0,   4],
       [  0,   0, 129,   5],
       [  2,   0,  34,  98]]), array([[129,   2,   1,   2],
       [ 58,  22,   0,   4],
       [  0,   0, 129,   5],
       [  1,   0,  34,  99]]), array([[129,   1,   3,   2],
       [ 57,  22,   0,   5],
       [  0,   0, 132,   3],
       [  3,   0,  33,  99]]), array([[130,   0,   3,   1],
       [ 58,  21,   0,   5],
       [  0,   0, 129,   5],
       [  5,   0,  33,  96]]), array([[127,   4,   2,   1],
       [ 50,  32,   0,   3],
       [  0,   0, 129,   5],
       [  2,   0,  41,  91]]), array([[130,   1,   2,   1],
       [ 51,  29,   0,   5],
       [  0,   0, 128,   6],
       [  3,   0,  30, 101]]), array([[130,   1,   2,   1],
       [ 53,  27,   0,   5],
       [  0,   0, 127,   7],
       [  3,   0,  29, 102]]), array([[128,   0,   3,   3],
       [ 60,  20,   0,   5],
       [  0,   0, 126,   8],
       [  3,   0,  35,  96]])]","[0.6521739130434783, 0.8043478260869565, 0.717391304347826, 0.7391304347826086, 0.6666666666666666, 0.7555555555555555, 0.6888888888888889, 0.8, 0.7555555555555555, 0.7777777777777778]","[0.6521739130434783, 0.8043478260869565, 0.717391304347826, 0.7391304347826086, 0.6666666666666666, 0.7555555555555555, 0.6888888888888889, 0.8, 0.7555555555555555, 0.7777777777777778]","[0.6521739130434783, 0.8043478260869565, 0.717391304347826, 0.7391304347826086, 0.6666666666666666, 0.7555555555555555, 0.6888888888888889, 0.8, 0.7555555555555555, 0.7777777777777778]","[0.6521739130434783, 0.8043478260869565, 0.717391304347826, 0.7391304347826086, 0.6666666666666666, 0.7555555555555555, 0.6888888888888889, 0.8, 0.7555555555555555, 0.7777777777777778]","[0.7485197368421053, 0.8364583333333333, 0.7243867243867245, 0.7908653846153847, 0.7732142857142857, 0.8322368421052632, 0.759271978021978, 0.8504464285714286, 0.8284313725490196, 0.8173076923076923]","[0.6361111111111111, 0.7847222222222222, 0.7022727272727274, 0.7356060606060606, 0.6607142857142857, 0.75, 0.6744949494949495, 0.7944444444444445, 0.7499999999999999, 0.7656565656565657]","[0.5766253101736972, 0.791952551629971, 0.6705191360363774, 0.7201230733839429, 0.5978739002932552, 0.7031746031746031, 0.6421657046657047, 0.7774216524216525, 0.7214285714285713, 0.7581340099181179]","[0.7435640732265447, 0.8258152173913043, 0.7351464960160612, 0.7932692307692307, 0.7795238095238095, 0.8470760233918128, 0.7520451770451771, 0.8601190476190476, 0.8396514161220043, 0.8137973137973139]","[0.6521739130434783, 0.8043478260869565, 0.717391304347826, 0.7391304347826086, 0.6666666666666666, 0.7555555555555555, 0.6888888888888889, 0.8, 0.7555555555555555, 0.7777777777777778]","[0.6002912935591758, 0.7997172688617289, 0.6880076445293837, 0.7277007631449975, 0.613880742913001, 0.721058201058201, 0.6585591363369141, 0.7894903450459005, 0.7365079365079364, 0.7681757070182857]","[array([[12,  0,  0,  0],
       [ 7,  1,  0,  1],
       [ 0,  0,  9,  1],
       [ 0,  0,  7,  8]]), array([[11,  0,  0,  1],
       [ 4,  5,  0,  0],
       [ 0,  0,  8,  2],
       [ 0,  0,  2, 13]]), array([[10,  1,  0,  0],
       [ 7,  2,  0,  1],
       [ 0,  0,  9,  1],
       [ 1,  0,  2, 12]]), array([[10,  0,  1,  0],
       [ 5,  4,  0,  1],
       [ 0,  0,  9,  1],
       [ 1,  0,  3, 11]]), array([[11,  0,  0,  0],
       [ 9,  1,  0,  0],
       [ 0,  0,  9,  1],
       [ 0,  0,  5,  9]]), array([[11,  0,  0,  0],
       [ 8,  2,  0,  0],
       [ 0,  0,  9,  0],
       [ 0,  0,  3, 12]]), array([[10,  0,  1,  0],
       [ 5,  2,  0,  2],
       [ 0,  0,  9,  1],
       [ 1,  0,  4, 10]]), array([[11,  0,  0,  0],
       [ 5,  4,  0,  0],
       [ 0,  0, 10,  0],
       [ 0,  0,  4, 11]]), array([[11,  0,  0,  0],
       [ 6,  3,  0,  0],
       [ 0,  0, 10,  0],
       [ 0,  0,  5, 10]]), array([[ 9,  0,  0,  2],
       [ 5,  4,  0,  0],
       [ 0,  0, 10,  0],
       [ 0,  0,  3, 12]])]"
36,"[0.7823408624229979, 0.7926078028747433, 0.7716049382716049, 0.7695473251028807, 0.7914110429447853, 0.7674897119341564, 0.7761806981519507, 0.7720739219712526, 0.7885010266940452, 0.7638603696098563]","[0.7823408624229979, 0.7926078028747433, 0.7716049382716049, 0.7695473251028807, 0.7914110429447853, 0.7674897119341564, 0.7761806981519507, 0.7720739219712526, 0.7885010266940452, 0.7638603696098563]","[0.7823408624229979, 0.7926078028747433, 0.7716049382716049, 0.7695473251028807, 0.7914110429447853, 0.7674897119341564, 0.7761806981519507, 0.7720739219712526, 0.7885010266940452, 0.7638603696098563]","[0.7823408624229979, 0.7926078028747433, 0.7716049382716049, 0.7695473251028807, 0.7914110429447853, 0.7674897119341564, 0.7761806981519507, 0.7720739219712526, 0.7885010266940452, 0.7638603696098563]","[0.8368924444824104, 0.8332770781358235, 0.8383606334290686, 0.837030903163152, 0.842634864647654, 0.8318071926112781, 0.8339608719284053, 0.823587396630332, 0.8476096576215119, 0.8206970633406575]","[0.7344820017559262, 0.7491878841088674, 0.7229477611940298, 0.7177505330490405, 0.742526455026455, 0.7192164179104478, 0.7353380158033362, 0.7294556628621598, 0.7379280070237051, 0.7176909569798069]","[0.7241623486099191, 0.7442884525070718, 0.7109906604971411, 0.7015485811696329, 0.733965889074004, 0.7080295044247524, 0.7307006009940701, 0.7231779330401475, 0.7247059837261488, 0.7065053943703471]","[0.8248558214069418, 0.8234411175064249, 0.8217310689670388, 0.820264535175822, 0.8305681531896384, 0.814503405842891, 0.8207241940986428, 0.809563982358671, 0.8322767484294258, 0.8070309255301871]","[0.7823408624229979, 0.7926078028747433, 0.7716049382716049, 0.7695473251028807, 0.7914110429447853, 0.7674897119341564, 0.7761806981519507, 0.7720739219712526, 0.7885010266940452, 0.7638603696098563]","[0.7560329689773176, 0.7715155733634518, 0.7429855844165999, 0.7374135405008102, 0.7660927563961962, 0.7397197826577517, 0.7547953730887578, 0.7492266367751932, 0.7592931018697106, 0.7365994423399242]","[array([[129,   1,   3,   1],
       [ 59,  22,   0,   4],
       [  0,   0, 131,   3],
       [  4,   0,  31,  99]]), array([[127,   2,   2,   3],
       [ 53,  27,   0,   5],
       [  0,   0, 132,   2],
       [  2,   0,  32, 100]]), array([[131,   0,   3,   0],
       [ 58,  21,   0,   5],
       [  0,   0, 130,   4],
       [  2,   0,  39,  93]]), array([[129,   0,   2,   3],
       [ 62,  18,   0,   4],
       [  0,   0, 131,   3],
       [  1,   0,  37,  96]]), array([[132,   1,   2,   0],
       [ 56,  23,   0,   5],
       [  0,   0, 132,   3],
       [  3,   0,  32, 100]]), array([[127,   0,   4,   3],
       [ 57,  21,   1,   5],
       [  0,   0, 130,   4],
       [  3,   0,  36,  95]]), array([[130,   1,   2,   1],
       [ 54,  28,   0,   3],
       [  0,   0, 131,   3],
       [  2,   0,  43,  89]]), array([[129,   1,   3,   1],
       [ 53,  26,   0,   6],
       [  0,   0, 128,   6],
       [  2,   0,  39,  93]]), array([[129,   0,   2,   3],
       [ 60,  20,   0,   5],
       [  0,   0, 130,   4],
       [  2,   0,  27, 105]]), array([[128,   1,   3,   2],
       [ 58,  22,   0,   5],
       [  0,   0, 130,   4],
       [  3,   0,  39,  92]])]","[0.6521739130434783, 0.7608695652173914, 0.6956521739130435, 0.7391304347826086, 0.6666666666666666, 0.7333333333333333, 0.7111111111111111, 0.7777777777777778, 0.7333333333333333, 0.7555555555555555]","[0.6521739130434783, 0.7608695652173914, 0.6956521739130435, 0.7391304347826086, 0.6666666666666666, 0.7333333333333333, 0.7111111111111111, 0.7777777777777778, 0.7333333333333333, 0.7555555555555555]","[0.6521739130434783, 0.7608695652173914, 0.6956521739130435, 0.7391304347826086, 0.6666666666666666, 0.7333333333333333, 0.7111111111111111, 0.7777777777777778, 0.7333333333333333, 0.7555555555555555]","[0.6521739130434783, 0.7608695652173914, 0.6956521739130435, 0.7391304347826086, 0.6666666666666666, 0.7333333333333333, 0.7111111111111111, 0.7777777777777778, 0.7333333333333333, 0.7555555555555555]","[0.7434640522875816, 0.814889705882353, 0.7113997113997115, 0.7908653846153847, 0.7732142857142857, 0.825, 0.7757554945054945, 0.8403361344537815, 0.8194444444444444, 0.8008241758241759]","[0.6472222222222223, 0.7291666666666666, 0.693939393939394, 0.7356060606060606, 0.6607142857142857, 0.7250000000000001, 0.6911616161616162, 0.7666666666666666, 0.7222222222222222, 0.748989898989899]","[0.6034090909090909, 0.7243325917686319, 0.6499778956675508, 0.7201230733839429, 0.5978739002932552, 0.6593818368011917, 0.6614016224211126, 0.7413003663003663, 0.680564263322884, 0.7386080586080586]","[0.7382779198635976, 0.8033088235294118, 0.7294999686304035, 0.7932692307692307, 0.7795238095238095, 0.84, 0.7685286935286936, 0.850233426704015, 0.8308641975308642, 0.797924297924298]","[0.6521739130434783, 0.7608695652173914, 0.6956521739130435, 0.7391304347826086, 0.6666666666666666, 0.7333333333333333, 0.7111111111111111, 0.7777777777777778, 0.7333333333333333, 0.7555555555555555]","[0.6149868247694334, 0.743132466025052, 0.6638027140276016, 0.7277007631449975, 0.613880742913001, 0.6816056106378687, 0.680583838271661, 0.7592999592999593, 0.7026123301985371, 0.7461668701668701]","[array([[12,  0,  0,  0],
       [ 6,  2,  0,  1],
       [ 0,  0,  9,  1],
       [ 0,  0,  8,  7]]), array([[11,  0,  0,  1],
       [ 6,  3,  0,  0],
       [ 0,  0,  8,  2],
       [ 0,  0,  2, 13]]), array([[10,  1,  0,  0],
       [ 7,  2,  0,  1],
       [ 0,  0, 10,  0],
       [ 1,  0,  4, 10]]), array([[10,  0,  1,  0],
       [ 5,  4,  0,  1],
       [ 0,  0,  9,  1],
       [ 1,  0,  3, 11]]), array([[11,  0,  0,  0],
       [ 9,  1,  0,  0],
       [ 0,  0,  9,  1],
       [ 0,  0,  5,  9]]), array([[11,  0,  0,  0],
       [ 9,  1,  0,  0],
       [ 0,  0,  9,  0],
       [ 0,  0,  3, 12]]), array([[10,  0,  1,  0],
       [ 5,  2,  0,  2],
       [ 0,  0,  9,  1],
       [ 1,  0,  3, 11]]), array([[11,  0,  0,  0],
       [ 6,  3,  0,  0],
       [ 0,  0, 10,  0],
       [ 0,  0,  4, 11]]), array([[11,  0,  0,  0],
       [ 7,  2,  0,  0],
       [ 0,  0, 10,  0],
       [ 0,  0,  5, 10]]), array([[ 9,  0,  0,  2],
       [ 5,  4,  0,  0],
       [ 0,  0, 10,  0],
       [ 0,  0,  4, 11]])]"
37,"[0.7618069815195072, 0.7967145790554415, 0.7818930041152263, 0.7674897119341564, 0.7893660531697342, 0.7633744855967078, 0.7618069815195072, 0.7515400410677618, 0.784394250513347, 0.7515400410677618]","[0.7618069815195072, 0.7967145790554415, 0.7818930041152263, 0.7674897119341564, 0.7893660531697342, 0.7633744855967078, 0.7618069815195072, 0.7515400410677618, 0.784394250513347, 0.7515400410677618]","[0.7618069815195072, 0.7967145790554415, 0.7818930041152263, 0.7674897119341564, 0.7893660531697342, 0.7633744855967078, 0.7618069815195072, 0.7515400410677618, 0.784394250513347, 0.7515400410677618]","[0.7618069815195072, 0.7967145790554415, 0.7818930041152263, 0.7674897119341564, 0.7893660531697342, 0.7633744855967078, 0.7618069815195072, 0.7515400410677618, 0.784394250513347, 0.7515400410677618]","[0.8305639097744361, 0.851736700622524, 0.8402057693615286, 0.8228503947226874, 0.8444469470320256, 0.8225647522522522, 0.8221387928542274, 0.8109081637950856, 0.8390301902398677, 0.827703488372093]","[0.7158252853380158, 0.7475417032484636, 0.7322761194029851, 0.7158848614072494, 0.7417989417989418, 0.7154850746268657, 0.7158252853380158, 0.7054214223002634, 0.7395741878841089, 0.6989683933274803]","[0.7046164048553426, 0.7370474406019919, 0.7219706911636046, 0.6997433155338657, 0.7357104275608957, 0.705360192604675, 0.7044410362570914, 0.6935558774062711, 0.7338780144644929, 0.6758337773924248]","[0.8135159253369564, 0.8368190380568232, 0.8237660336991344, 0.8100398981866849, 0.8282236224893534, 0.8043100971341712, 0.8086177161241777, 0.7964559517894017, 0.8228340492167743, 0.8103676997278068]","[0.7618069815195072, 0.7967145790554415, 0.7818930041152263, 0.7674897119341564, 0.7893660531697342, 0.7633744855967078, 0.7618069815195072, 0.7515400410677618, 0.784394250513347, 0.7515400410677618]","[0.7341372901276865, 0.7698314074997685, 0.7550952478676791, 0.7357750801868564, 0.7660878613828569, 0.7367758502800531, 0.7343273767368337, 0.7238445696713516, 0.761983343901932, 0.7136486749124018]","[array([[128,   0,   3,   3],
       [ 59,  22,   0,   4],
       [  0,   0, 131,   3],
       [  3,   0,  41,  90]]), array([[131,   0,   2,   1],
       [ 57,  22,   0,   6],
       [  0,   0, 128,   6],
       [  2,   0,  25, 107]]), array([[130,   0,   3,   1],
       [ 59,  21,   0,   4],
       [  0,   0, 124,  10],
       [  2,   0,  27, 105]]), array([[129,   1,   1,   3],
       [ 62,  18,   0,   4],
       [  0,   0, 130,   4],
       [  2,   0,  36,  96]]), array([[132,   0,   3,   0],
       [ 55,  24,   0,   5],
       [  0,   0, 125,  10],
       [  4,   0,  26, 105]]), array([[125,   0,   3,   6],
       [ 58,  21,   0,   5],
       [  0,   0, 125,   9],
       [  2,   0,  32, 100]]), array([[131,   1,   2,   0],
       [ 60,  22,   0,   3],
       [  0,   0, 128,   6],
       [  2,   0,  42,  90]]), array([[125,   1,   6,   2],
       [ 59,  21,   0,   5],
       [  0,   0, 129,   5],
       [  3,   0,  40,  91]]), array([[128,   0,   4,   2],
       [ 55,  25,   0,   5],
       [  0,   0, 125,   9],
       [  3,   0,  27, 104]]), array([[131,   0,   2,   1],
       [ 65,  15,   0,   5],
       [  0,   0, 130,   4],
       [  4,   0,  40,  90]])]","[0.6521739130434783, 0.7391304347826086, 0.7391304347826086, 0.717391304347826, 0.6222222222222222, 0.7555555555555555, 0.7111111111111111, 0.7555555555555555, 0.7111111111111111, 0.6888888888888889]","[0.6521739130434783, 0.7391304347826086, 0.7391304347826086, 0.717391304347826, 0.6222222222222222, 0.7555555555555555, 0.7111111111111111, 0.7555555555555555, 0.7111111111111111, 0.6888888888888889]","[0.6521739130434783, 0.7391304347826086, 0.7391304347826086, 0.717391304347826, 0.6222222222222222, 0.7555555555555555, 0.7111111111111111, 0.7555555555555555, 0.7111111111111111, 0.6888888888888889]","[0.6521739130434783, 0.7391304347826086, 0.7391304347826086, 0.717391304347826, 0.6222222222222222, 0.7555555555555555, 0.7111111111111111, 0.7555555555555555, 0.7111111111111111, 0.6888888888888889]","[0.7434640522875816, 0.8059027777777779, 0.813568010936432, 0.7906746031746031, 0.7333916083916084, 0.8420454545454545, 0.78125, 0.8313492063492064, 0.8090277777777778, 0.7720588235294118]","[0.6472222222222223, 0.7013888888888888, 0.7250000000000001, 0.7022727272727274, 0.612987012987013, 0.7416666666666667, 0.6994949494949495, 0.7388888888888889, 0.7055555555555556, 0.6878787878787879]","[0.6034090909090909, 0.683919843597263, 0.6878489326765188, 0.667189132706374, 0.5606579115134515, 0.6800167574361122, 0.6607096607096608, 0.7004360581946789, 0.6603719556305763, 0.6632621082621082]","[0.7382779198635976, 0.7939311594202899, 0.813203958512883, 0.7927881297446515, 0.7357420357420357, 0.8536363636363636, 0.7796296296296296, 0.8414462081128748, 0.821604938271605, 0.7773856209150327]","[0.6521739130434783, 0.7391304347826086, 0.7391304347826086, 0.717391304347826, 0.6222222222222222, 0.7555555555555555, 0.7111111111111111, 0.7555555555555555, 0.7111111111111111, 0.6888888888888889]","[0.6149868247694334, 0.7098559224786435, 0.7040265581494967, 0.6851119894598156, 0.5766995055746809, 0.7034045524368105, 0.6786152119485452, 0.7254043529905599, 0.6791080566942637, 0.6738398227287116]","[array([[12,  0,  0,  0],
       [ 6,  2,  0,  1],
       [ 0,  0,  9,  1],
       [ 0,  0,  8,  7]]), array([[11,  0,  0,  1],
       [ 7,  2,  0,  0],
       [ 0,  0,  8,  2],
       [ 0,  0,  2, 13]]), array([[11,  0,  0,  0],
       [ 7,  2,  0,  1],
       [ 0,  0,  9,  1],
       [ 1,  0,  2, 12]]), array([[10,  0,  1,  0],
       [ 7,  2,  0,  1],
       [ 0,  0,  9,  1],
       [ 1,  0,  2, 12]]), array([[10,  0,  1,  0],
       [ 9,  1,  0,  0],
       [ 0,  0,  8,  2],
       [ 1,  0,  4,  9]]), array([[11,  0,  0,  0],
       [ 9,  1,  0,  0],
       [ 0,  0,  9,  0],
       [ 0,  0,  2, 13]]), array([[10,  0,  1,  0],
       [ 5,  2,  0,  2],
       [ 0,  0, 10,  0],
       [ 0,  0,  5, 10]]), array([[11,  0,  0,  0],
       [ 7,  2,  0,  0],
       [ 0,  0, 10,  0],
       [ 0,  0,  4, 11]]), array([[11,  0,  0,  0],
       [ 7,  2,  0,  0],
       [ 0,  0, 10,  0],
       [ 0,  0,  6,  9]]), array([[ 9,  0,  1,  1],
       [ 6,  3,  0,  0],
       [ 0,  0, 10,  0],
       [ 0,  0,  6,  9]])]"
38,"[0.75564681724846, 0.7823408624229979, 0.7818930041152263, 0.7777777777777778, 0.7811860940695297, 0.7674897119341564, 0.7720739219712526, 0.7720739219712526, 0.7802874743326489, 0.7618069815195072]","[0.75564681724846, 0.7823408624229979, 0.7818930041152263, 0.7777777777777778, 0.7811860940695297, 0.7674897119341564, 0.7720739219712526, 0.7720739219712526, 0.7802874743326489, 0.7618069815195072]","[0.75564681724846, 0.7823408624229979, 0.7818930041152263, 0.7777777777777778, 0.7811860940695297, 0.7674897119341564, 0.7720739219712526, 0.7720739219712526, 0.7802874743326489, 0.7618069815195072]","[0.75564681724846, 0.7823408624229979, 0.7818930041152263, 0.7777777777777778, 0.7811860940695297, 0.7674897119341564, 0.7720739219712526, 0.7720739219712526, 0.7802874743326489, 0.7618069815195072]","[0.830127411054851, 0.8330900834711811, 0.8456650856894846, 0.8406047063546414, 0.8412366142629301, 0.8315050544530709, 0.8215283507851078, 0.8277223487931409, 0.8400601425786968, 0.8075100536625323]","[0.7026997366110623, 0.7334064969271291, 0.734497157071784, 0.7296552949538023, 0.7321428571428572, 0.7203269367448472, 0.7326821773485515, 0.7240781387181737, 0.7358428446005267, 0.7147497805092187]","[0.6802337384399603, 0.7213564665458257, 0.7254969516644263, 0.7195446702276611, 0.722869401369898, 0.7101295020558206, 0.7290561179224159, 0.7119075995312814, 0.7288748588960949, 0.7021982722492208]","[0.8130355078550312, 0.8208697278600118, 0.8297870080855221, 0.8242060135927733, 0.8246784697382049, 0.8141701835120287, 0.8100626002944527, 0.8149619131014296, 0.8239676312570461, 0.7968917008795374]","[0.75564681724846, 0.7823408624229979, 0.7818930041152263, 0.7777777777777778, 0.7811860940695297, 0.7674897119341564, 0.7720739219712526, 0.7720739219712526, 0.7802874743326489, 0.7618069815195072]","[0.7184913425129748, 0.7544423433444548, 0.7559074876323637, 0.7508667207014285, 0.7549686409386303, 0.7404829138287814, 0.7521028320460267, 0.7440427689711574, 0.756476790750677, 0.73372221431217]","[array([[129,   0,   3,   2],
       [ 65,  15,   0,   5],
       [  0,   0, 131,   3],
       [  4,   0,  37,  93]]), array([[128,   1,   2,   3],
       [ 59,  21,   0,   5],
       [  0,   0, 131,   3],
       [  2,   0,  31, 101]]), array([[132,   0,   2,   0],
       [ 57,  23,   0,   4],
       [  0,   0, 130,   4],
       [  2,   0,  37,  95]]), array([[129,   0,   2,   3],
       [ 58,  22,   0,   4],
       [  0,   0, 131,   3],
       [  1,   0,  37,  96]]), array([[130,   0,   3,   2],
       [ 57,  22,   0,   5],
       [  0,   0, 130,   5],
       [  3,   0,  32, 100]]), array([[128,   0,   3,   3],
       [ 57,  22,   0,   5],
       [  0,   0, 130,   4],
       [  2,   0,  39,  93]]), array([[129,   2,   2,   1],
       [ 53,  29,   0,   3],
       [  0,   0, 129,   5],
       [  2,   0,  43,  89]]), array([[130,   1,   3,   0],
       [ 59,  21,   0,   5],
       [  0,   0, 129,   5],
       [  4,   0,  34,  96]]), array([[130,   0,   3,   1],
       [ 55,  25,   0,   5],
       [  0,   0, 129,   5],
       [  2,   0,  36,  96]]), array([[129,   2,   2,   1],
       [ 59,  21,   0,   5],
       [  0,   0, 127,   7],
       [  1,   0,  39,  94]])]","[0.6739130434782609, 0.7391304347826086, 0.6956521739130435, 0.7608695652173914, 0.6888888888888889, 0.6888888888888889, 0.6888888888888889, 0.7777777777777778, 0.7777777777777778, 0.7333333333333333]","[0.6739130434782609, 0.7391304347826086, 0.6956521739130435, 0.7608695652173914, 0.6888888888888889, 0.6888888888888889, 0.6888888888888889, 0.7777777777777778, 0.7777777777777778, 0.7333333333333333]","[0.6739130434782609, 0.7391304347826086, 0.6956521739130435, 0.7608695652173914, 0.6888888888888889, 0.6888888888888889, 0.6888888888888889, 0.7777777777777778, 0.7777777777777778, 0.7333333333333333]","[0.6739130434782609, 0.7391304347826086, 0.6956521739130435, 0.7608695652173914, 0.6888888888888889, 0.6888888888888889, 0.6888888888888889, 0.7777777777777778, 0.7777777777777778, 0.7333333333333333]","[0.7572916666666667, 0.8027777777777778, 0.7045940170940171, 0.8012820512820512, 0.7804511278195488, 0.5540293040293041, 0.6861721611721612, 0.8403361344537815, 0.8385416666666666, 0.794237012987013]","[0.6638888888888889, 0.7124999999999999, 0.6856060606060607, 0.7606060606060606, 0.6857142857142857, 0.6833333333333333, 0.6684343434343435, 0.7666666666666666, 0.7777777777777778, 0.7323232323232323]","[0.6239860139860139, 0.7083333333333333, 0.6503108960005511, 0.7510551043159739, 0.6416666666666666, 0.5879589160839161, 0.641717602737093, 0.7413003663003663, 0.7575498575498576, 0.7184615384615385]","[0.7527173913043478, 0.7898550724637682, 0.7167409884801189, 0.8032329988851729, 0.7865998329156224, 0.5998371998371999, 0.6957509157509156, 0.850233426704015, 0.849537037037037, 0.7990620490620491]","[0.6739130434782609, 0.7391304347826086, 0.6956521739130435, 0.7608695652173914, 0.6888888888888889, 0.6888888888888889, 0.6888888888888889, 0.7777777777777778, 0.7777777777777778, 0.7333333333333333]","[0.6390392216479173, 0.7239130434782608, 0.6658839661088536, 0.7552175297921989, 0.6533333333333333, 0.6137432012432011, 0.6626840425940876, 0.7592999592999593, 0.7666983222538778, 0.7264273504273504]","[array([[12,  0,  0,  0],
       [ 6,  2,  0,  1],
       [ 0,  0,  9,  1],
       [ 0,  0,  7,  8]]), array([[11,  0,  0,  1],
       [ 6,  3,  0,  0],
       [ 0,  0,  8,  2],
       [ 1,  0,  2, 12]]), array([[10,  1,  0,  0],
       [ 7,  2,  0,  1],
       [ 0,  0,  9,  1],
       [ 1,  0,  3, 11]]), array([[10,  0,  1,  0],
       [ 4,  5,  0,  1],
       [ 0,  0,  9,  1],
       [ 1,  0,  3, 11]]), array([[11,  0,  0,  0],
       [ 8,  2,  0,  0],
       [ 0,  0,  9,  1],
       [ 0,  0,  5,  9]]), array([[11,  0,  0,  0],
       [10,  0,  0,  0],
       [ 0,  0,  9,  0],
       [ 0,  0,  4, 11]]), array([[ 9,  1,  1,  0],
       [ 5,  2,  0,  2],
       [ 0,  0,  9,  1],
       [ 1,  0,  3, 11]]), array([[11,  0,  0,  0],
       [ 6,  3,  0,  0],
       [ 0,  0, 10,  0],
       [ 0,  0,  4, 11]]), array([[11,  0,  0,  0],
       [ 5,  4,  0,  0],
       [ 0,  0, 10,  0],
       [ 0,  0,  5, 10]]), array([[ 9,  0,  1,  1],
       [ 5,  4,  0,  0],
       [ 0,  0, 10,  0],
       [ 0,  0,  5, 10]])]"
