n_neighbors value,Train_Accuracy,Train_Precision_micro,Train_Recall_micro,Train_f1_micro,Train_Precision_macro,Train_Recall_macro,Train_f1_macro,Train_Precision_weighted,Train_Recall_weighted,Train_f1_weighted,Train_Confusion_Matrix,Test_Accuracy,Test_Precision_micro,Test_Recall_micro,Test_f1_micro,Test_Precision_macro,Test_Recall_macro,Test_f1_macro,Test_Precision_weighted,Test_Recall_weighted,Test_f1_weighted,Test_Confusion_Matrix
1,"[1.0, 1.0, 1.0, 1.0, 1.0, 1.0, 1.0, 1.0, 1.0, 1.0]","[1.0, 1.0, 1.0, 1.0, 1.0, 1.0, 1.0, 1.0, 1.0, 1.0]","[1.0, 1.0, 1.0, 1.0, 1.0, 1.0, 1.0, 1.0, 1.0, 1.0]","[1.0, 1.0, 1.0, 1.0, 1.0, 1.0, 1.0, 1.0, 1.0, 1.0]","[1.0, 1.0, 1.0, 1.0, 1.0, 1.0, 1.0, 1.0, 1.0, 1.0]","[1.0, 1.0, 1.0, 1.0, 1.0, 1.0, 1.0, 1.0, 1.0, 1.0]","[1.0, 1.0, 1.0, 1.0, 1.0, 1.0, 1.0, 1.0, 1.0, 1.0]","[1.0, 1.0, 1.0, 1.0, 1.0, 1.0, 1.0, 1.0, 1.0, 1.0]","[1.0, 1.0, 1.0, 1.0, 1.0, 1.0, 1.0, 1.0, 1.0, 1.0]","[1.0, 1.0, 1.0, 1.0, 1.0, 1.0, 1.0, 1.0, 1.0, 1.0]","[array([[134,   0,   0,   0],
       [  0,  85,   0,   0],
       [  0,   0, 134,   0],
       [  0,   0,   0, 134]]), array([[134,   0,   0,   0],
       [  0,  85,   0,   0],
       [  0,   0, 134,   0],
       [  0,   0,   0, 134]]), array([[134,   0,   0,   0],
       [  0,  84,   0,   0],
       [  0,   0, 134,   0],
       [  0,   0,   0, 134]]), array([[134,   0,   0,   0],
       [  0,  84,   0,   0],
       [  0,   0, 134,   0],
       [  0,   0,   0, 134]]), array([[135,   0,   0,   0],
       [  0,  84,   0,   0],
       [  0,   0, 135,   0],
       [  0,   0,   0, 135]]), array([[134,   0,   0,   0],
       [  0,  84,   0,   0],
       [  0,   0, 134,   0],
       [  0,   0,   0, 134]]), array([[134,   0,   0,   0],
       [  0,  85,   0,   0],
       [  0,   0, 134,   0],
       [  0,   0,   0, 134]]), array([[134,   0,   0,   0],
       [  0,  85,   0,   0],
       [  0,   0, 134,   0],
       [  0,   0,   0, 134]]), array([[134,   0,   0,   0],
       [  0,  85,   0,   0],
       [  0,   0, 134,   0],
       [  0,   0,   0, 134]]), array([[134,   0,   0,   0],
       [  0,  85,   0,   0],
       [  0,   0, 134,   0],
       [  0,   0,   0, 134]])]","[0.6086956521739131, 0.8043478260869565, 0.8043478260869565, 0.782608695652174, 0.7777777777777778, 0.8, 0.6666666666666666, 0.7111111111111111, 0.6888888888888889, 0.7111111111111111]","[0.6086956521739131, 0.8043478260869565, 0.8043478260869565, 0.782608695652174, 0.7777777777777778, 0.8, 0.6666666666666666, 0.7111111111111111, 0.6888888888888889, 0.7111111111111111]","[0.6086956521739131, 0.8043478260869565, 0.8043478260869565, 0.782608695652174, 0.7777777777777778, 0.8, 0.6666666666666666, 0.7111111111111111, 0.6888888888888889, 0.7111111111111111]","[0.6086956521739131, 0.8043478260869565, 0.8043478260869565, 0.782608695652174, 0.7777777777777778, 0.8, 0.6666666666666666, 0.7111111111111111, 0.6888888888888889, 0.7111111111111111]","[0.6327380952380952, 0.8097184065934067, 0.798611111111111, 0.8047619047619048, 0.7844967532467533, 0.808603896103896, 0.6674185463659148, 0.7632575757575757, 0.7494270435446906, 0.7202380952380952]","[0.5944444444444444, 0.7916666666666666, 0.7962121212121213, 0.7833333333333333, 0.775974025974026, 0.8055555555555556, 0.6429292929292929, 0.6856060606060606, 0.6749999999999999, 0.6994949494949495]","[0.5988011988011989, 0.7971774193548388, 0.7965293668954997, 0.7842156862745098, 0.7770013802622497, 0.7917127534774594, 0.6498415155535898, 0.677522746071133, 0.6605090311986863, 0.7000000000000001]","[0.6290890269151139, 0.8072294553272815, 0.8049516908212561, 0.7965838509316769, 0.7838383838383839, 0.8207455507455508, 0.6685157337788916, 0.7543771043771044, 0.7376793141499023, 0.7190476190476192]","[0.6086956521739131, 0.8043478260869565, 0.8043478260869565, 0.782608695652174, 0.7777777777777778, 0.8, 0.6666666666666666, 0.7111111111111111, 0.6888888888888889, 0.7111111111111111]","[0.6069365417191505, 0.8028401122019637, 0.8038503631479456, 0.78076726342711, 0.7779004677555403, 0.7953052902072509, 0.6618883810834275, 0.6942468523113684, 0.6700966976829046, 0.7066666666666667]","[array([[10,  1,  1,  0],
       [ 4,  4,  0,  1],
       [ 0,  0,  5,  5],
       [ 0,  0,  6,  9]]), array([[10,  1,  0,  1],
       [ 3,  6,  0,  0],
       [ 0,  0,  8,  2],
       [ 0,  0,  2, 13]]), array([[ 9,  2,  0,  0],
       [ 3,  7,  0,  0],
       [ 0,  0,  8,  2],
       [ 0,  0,  2, 13]]), array([[11,  0,  0,  0],
       [ 2,  7,  0,  1],
       [ 0,  0,  7,  3],
       [ 1,  0,  3, 11]]), array([[ 9,  1,  0,  1],
       [ 3,  7,  0,  0],
       [ 0,  0,  8,  2],
       [ 0,  0,  3, 11]]), array([[11,  0,  0,  0],
       [ 4,  6,  0,  0],
       [ 0,  0,  8,  1],
       [ 0,  1,  3, 11]]), array([[ 8,  2,  1,  0],
       [ 2,  4,  0,  3],
       [ 0,  0,  6,  4],
       [ 0,  1,  2, 12]]), array([[10,  0,  1,  0],
       [ 5,  3,  0,  1],
       [ 0,  0,  7,  3],
       [ 0,  0,  3, 12]]), array([[11,  0,  0,  0],
       [ 5,  3,  0,  1],
       [ 0,  0,  7,  3],
       [ 1,  0,  4, 10]]), array([[10,  1,  0,  0],
       [ 3,  5,  0,  1],
       [ 1,  0,  6,  3],
       [ 0,  0,  4, 11]])]"
2,"[0.8685831622176592, 0.864476386036961, 0.8539094650205762, 0.8641975308641975, 0.8588957055214724, 0.8600823045267489, 0.864476386036961, 0.8726899383983573, 0.8685831622176592, 0.86652977412731]","[0.8685831622176592, 0.864476386036961, 0.8539094650205762, 0.8641975308641975, 0.8588957055214724, 0.8600823045267489, 0.864476386036961, 0.8726899383983573, 0.8685831622176592, 0.86652977412731]","[0.8685831622176592, 0.864476386036961, 0.8539094650205762, 0.8641975308641975, 0.8588957055214724, 0.8600823045267489, 0.864476386036961, 0.8726899383983573, 0.8685831622176592, 0.86652977412731]","[0.8685831622176592, 0.864476386036961, 0.8539094650205762, 0.8641975308641975, 0.8588957055214724, 0.8600823045267489, 0.864476386036961, 0.8726899383983573, 0.8685831622176592, 0.86652977412731]","[0.8943422780891299, 0.8923375319459657, 0.8848896932539194, 0.8917683395605579, 0.8860395129837177, 0.8921370954982869, 0.8947444831591173, 0.8974124282604394, 0.8915785537636797, 0.8935755215985894]","[0.8494073748902545, 0.8467515364354696, 0.832000710732054, 0.8435501066098081, 0.8396164021164021, 0.8409292821606253, 0.8435250219490782, 0.8563652326602282, 0.8504828797190518, 0.8486172080772607]","[0.8561151536151537, 0.8526609772037058, 0.8385347907640311, 0.8501397884788389, 0.8451116424406844, 0.8479946790582937, 0.8506222330343203, 0.8626215735351235, 0.8566858808653421, 0.8546739821930749]","[0.888827487637582, 0.8865357641130136, 0.878658741381427, 0.8860481665675461, 0.8812248755211691, 0.8846499365267366, 0.8877475215057227, 0.8919589923809671, 0.8872673913171062, 0.8878983153528625]","[0.8685831622176592, 0.864476386036961, 0.8539094650205762, 0.8641975308641975, 0.8588957055214724, 0.8600823045267489, 0.864476386036961, 0.8726899383983573, 0.8685831622176592, 0.86652977412731]","[0.8639971483092632, 0.8593473220742338, 0.8478283454878078, 0.8588005232185847, 0.8530255985423318, 0.8549754234087735, 0.8591408665560137, 0.8686485217279114, 0.864319010618523, 0.8615628676066811]","[array([[134,   0,   0,   0],
       [ 29,  56,   0,   0],
       [  1,   0, 133,   0],
       [  2,   3,  29, 100]]), array([[134,   0,   0,   0],
       [ 28,  57,   0,   0],
       [  0,   0, 134,   0],
       [  4,   3,  31,  96]]), array([[134,   0,   0,   0],
       [ 32,  52,   0,   0],
       [  1,   0, 133,   0],
       [  2,   3,  33,  96]]), array([[134,   0,   0,   0],
       [ 30,  54,   0,   0],
       [  0,   0, 134,   0],
       [  4,   3,  29,  98]]), array([[135,   0,   0,   0],
       [ 29,  55,   0,   0],
       [  0,   0, 135,   0],
       [  3,   4,  33,  95]]), array([[134,   0,   0,   0],
       [ 29,  55,   0,   0],
       [  1,   0, 133,   0],
       [  2,   2,  34,  96]]), array([[134,   0,   0,   0],
       [ 31,  54,   0,   0],
       [  0,   0, 134,   0],
       [  3,   2,  30,  99]]), array([[134,   0,   0,   0],
       [ 26,  59,   0,   0],
       [  1,   0, 133,   0],
       [  2,   3,  30,  99]]), array([[134,   0,   0,   0],
       [ 28,  57,   0,   0],
       [  1,   1, 132,   0],
       [  1,   3,  30, 100]]), array([[134,   0,   0,   0],
       [ 28,  57,   0,   0],
       [  0,   0, 134,   0],
       [  2,   3,  32,  97]])]","[0.6521739130434783, 0.8043478260869565, 0.6521739130434783, 0.782608695652174, 0.8, 0.7333333333333333, 0.6888888888888889, 0.7333333333333333, 0.6444444444444445, 0.8]","[0.6521739130434783, 0.8043478260869565, 0.6521739130434783, 0.782608695652174, 0.8, 0.7333333333333333, 0.6888888888888889, 0.7333333333333333, 0.6444444444444445, 0.8]","[0.6521739130434783, 0.8043478260869565, 0.6521739130434783, 0.782608695652174, 0.8, 0.7333333333333333, 0.6888888888888889, 0.7333333333333333, 0.6444444444444445, 0.8]","[0.6521739130434783, 0.8043478260869565, 0.6521739130434783, 0.782608695652174, 0.8, 0.7333333333333333, 0.6888888888888889, 0.7333333333333333, 0.6444444444444445, 0.8]","[0.6974780701754386, 0.8550420168067228, 0.6918767507002801, 0.8147435897435898, 0.8504464285714286, 0.7724789915966387, 0.6755952380952381, 0.7177083333333334, 0.737593984962406, 0.8401442307692308]","[0.65, 0.7944444444444445, 0.6712121212121213, 0.7916666666666666, 0.8107142857142857, 0.75, 0.6823232323232323, 0.725, 0.6388888888888888, 0.7861111111111112]","[0.6211069155248679, 0.7806145004420867, 0.6374522536287243, 0.7798758206366903, 0.7951892109500805, 0.7129140786749483, 0.6748841488346736, 0.7005772005772006, 0.600909090909091, 0.7763810263810265]","[0.7127669717772692, 0.8611618560467664, 0.7218365607112409, 0.8149944258639911, 0.8601190476190476, 0.7978524743230625, 0.683862433862434, 0.7324999999999999, 0.7351712614870509, 0.8424145299145299]","[0.6521739130434783, 0.8043478260869565, 0.6521739130434783, 0.782608695652174, 0.8, 0.7333333333333333, 0.6888888888888889, 0.7333333333333333, 0.6444444444444445, 0.8]","[0.629882685154348, 0.7933725444969824, 0.63745142325705, 0.777062834246199, 0.7945070674539274, 0.7171037497124454, 0.682805566913513, 0.7136230025118914, 0.6134680134680135, 0.7897863453419008]","[array([[12,  0,  0,  0],
       [ 6,  3,  0,  0],
       [ 1,  0,  8,  1],
       [ 0,  1,  7,  7]]), array([[12,  0,  0,  0],
       [ 5,  4,  0,  0],
       [ 0,  0, 10,  0],
       [ 0,  0,  4, 11]]), array([[ 9,  2,  0,  0],
       [ 6,  4,  0,  0],
       [ 0,  0, 10,  0],
       [ 2,  1,  5,  7]]), array([[11,  0,  0,  0],
       [ 3,  6,  0,  1],
       [ 0,  0,  9,  1],
       [ 1,  0,  4, 10]]), array([[11,  0,  0,  0],
       [ 4,  6,  0,  0],
       [ 0,  0, 10,  0],
       [ 1,  0,  4,  9]]), array([[11,  0,  0,  0],
       [ 6,  4,  0,  0],
       [ 0,  0,  9,  0],
       [ 0,  1,  5,  9]]), array([[ 9,  1,  1,  0],
       [ 3,  4,  0,  2],
       [ 0,  0,  8,  2],
       [ 0,  2,  3, 10]]), array([[11,  0,  0,  0],
       [ 5,  3,  0,  1],
       [ 0,  0,  9,  1],
       [ 0,  2,  3, 10]]), array([[11,  0,  0,  0],
       [ 7,  2,  0,  0],
       [ 0,  0,  8,  2],
       [ 1,  0,  6,  8]]), array([[11,  0,  0,  0],
       [ 4,  4,  0,  1],
       [ 1,  0,  9,  0],
       [ 0,  0,  3, 12]])]"
3,"[0.8952772073921971, 0.8767967145790554, 0.8765432098765432, 0.8806584362139918, 0.8793456032719836, 0.8662551440329218, 0.8891170431211499, 0.893223819301848, 0.893223819301848, 0.8726899383983573]","[0.8952772073921971, 0.8767967145790554, 0.8765432098765432, 0.8806584362139918, 0.8793456032719836, 0.8662551440329218, 0.8891170431211499, 0.893223819301848, 0.893223819301848, 0.8726899383983573]","[0.8952772073921971, 0.8767967145790554, 0.8765432098765432, 0.8806584362139918, 0.8793456032719836, 0.8662551440329218, 0.8891170431211499, 0.893223819301848, 0.893223819301848, 0.8726899383983573]","[0.8952772073921971, 0.8767967145790554, 0.8765432098765432, 0.8806584362139918, 0.8793456032719836, 0.8662551440329218, 0.8891170431211499, 0.893223819301848, 0.893223819301848, 0.8726899383983573]","[0.9041801538407992, 0.8908885733748061, 0.8913258164301412, 0.8965114732875185, 0.8957601112276068, 0.8813593295241622, 0.9026114999853638, 0.9052767445802836, 0.9039220647773281, 0.8875762248403759]","[0.877963125548727, 0.8547190517998244, 0.8569651741293532, 0.8629175550817343, 0.8581349206349206, 0.8454157782515992, 0.873441615452151, 0.8782484635645303, 0.8782484635645302, 0.8563652326602283]","[0.8847701690797435, 0.8621714156989047, 0.8643124293014035, 0.8703411003024053, 0.8659076386937045, 0.8528096516962432, 0.8806143124658254, 0.8848543123543123, 0.8850333260691474, 0.8628243446396177]","[0.9008276436522964, 0.8852057960930536, 0.8853765647899415, 0.8909242100320012, 0.8885479217732478, 0.8762487170514813, 0.8975290328381007, 0.900389884099734, 0.8988989018114707, 0.8826529109354262]","[0.8952772073921971, 0.8767967145790554, 0.8765432098765432, 0.8806584362139918, 0.8793456032719836, 0.8662551440329218, 0.8891170431211499, 0.893223819301848, 0.893223819301848, 0.8726899383983573]","[0.892759185581972, 0.8723948114595689, 0.8726556027668995, 0.8775778390166444, 0.874852537529749, 0.8623000088376582, 0.8868346326746508, 0.890708921468675, 0.8909059468303826, 0.8694174151114322]","[array([[132,   2,   0,   0],
       [ 21,  60,   0,   4],
       [  1,   1, 129,   3],
       [  3,   1,  15, 115]]), array([[131,   2,   1,   0],
       [ 25,  54,   0,   6],
       [  0,   1, 130,   3],
       [  3,   0,  19, 112]]), array([[132,   1,   1,   0],
       [ 23,  56,   0,   5],
       [  0,   1, 130,   3],
       [  3,   1,  22, 108]]), array([[130,   2,   1,   1],
       [ 23,  58,   0,   3],
       [  1,   0, 132,   1],
       [  1,   1,  24, 108]]), array([[135,   0,   0,   0],
       [ 24,  55,   0,   5],
       [  0,   0, 131,   4],
       [  1,   2,  23, 109]]), array([[130,   3,   1,   0],
       [ 26,  54,   0,   4],
       [  1,   1, 129,   3],
       [  2,   0,  24, 108]]), array([[131,   2,   1,   0],
       [ 22,  61,   0,   2],
       [  0,   1, 130,   3],
       [  2,   0,  21, 111]]), array([[131,   1,   2,   0],
       [ 19,  62,   0,   4],
       [  0,   0, 132,   2],
       [  2,   2,  20, 110]]), array([[130,   2,   1,   1],
       [ 19,  62,   0,   4],
       [  0,   0, 131,   3],
       [  1,   1,  20, 112]]), array([[129,   3,   1,   1],
       [ 23,  59,   0,   3],
       [  0,   0, 132,   2],
       [  2,   1,  26, 105]])]","[0.7391304347826086, 0.8043478260869565, 0.717391304347826, 0.782608695652174, 0.7555555555555555, 0.7555555555555555, 0.7111111111111111, 0.7333333333333333, 0.7333333333333333, 0.7555555555555555]","[0.7391304347826086, 0.8043478260869565, 0.717391304347826, 0.782608695652174, 0.7555555555555555, 0.7555555555555555, 0.7111111111111111, 0.7333333333333333, 0.7333333333333333, 0.7555555555555555]","[0.7391304347826086, 0.8043478260869565, 0.717391304347826, 0.782608695652174, 0.7555555555555555, 0.7555555555555555, 0.7111111111111111, 0.7333333333333333, 0.7333333333333333, 0.7555555555555555]","[0.7391304347826086, 0.8043478260869565, 0.717391304347826, 0.782608695652174, 0.7555555555555555, 0.7555555555555555, 0.7111111111111111, 0.7333333333333333, 0.7333333333333333, 0.7555555555555555]","[0.7766608391608392, 0.8336038961038962, 0.7220779220779221, 0.7924679487179488, 0.7636217948717948, 0.7691058941058941, 0.7272435897435897, 0.784375, 0.7867647058823529, 0.7976190476190476]","[0.7416666666666666, 0.788888888888889, 0.7295454545454546, 0.7939393939393938, 0.7487012987012986, 0.7722222222222223, 0.7073232323232322, 0.7083333333333333, 0.7277777777777777, 0.7383838383838384]","[0.7395365504061155, 0.7902298850574712, 0.7185531135531136, 0.7836151368760065, 0.7483505772979457, 0.7513656931303991, 0.7008281573498965, 0.697252090800478, 0.7172780922780921, 0.7348685796961658]","[0.7751596229857098, 0.828910220214568, 0.7308018068887634, 0.7964046822742475, 0.7688034188034188, 0.7783438783438784, 0.7194017094017094, 0.7736111111111111, 0.7840958605664488, 0.7968253968253968]","[0.7391304347826086, 0.8043478260869565, 0.717391304347826, 0.782608695652174, 0.7555555555555555, 0.7555555555555555, 0.7111111111111111, 0.7333333333333333, 0.7333333333333333, 0.7555555555555555]","[0.7382018737406261, 0.7988505747126438, 0.7157318044274565, 0.7800357067842889, 0.7547225137868412, 0.7481976324329266, 0.7017253278122844, 0.712797026417098, 0.7236701570034904, 0.74858934169279]","[array([[12,  0,  0,  0],
       [ 3,  6,  0,  0],
       [ 1,  0,  7,  2],
       [ 0,  0,  6,  9]]), array([[12,  0,  0,  0],
       [ 4,  5,  0,  0],
       [ 0,  0,  8,  2],
       [ 0,  0,  3, 12]]), array([[9, 2, 0, 0],
       [3, 7, 0, 0],
       [0, 0, 8, 2],
       [2, 1, 3, 9]]), array([[10,  1,  0,  0],
       [ 2,  7,  0,  1],
       [ 0,  0,  9,  1],
       [ 1,  0,  4, 10]]), array([[10,  1,  0,  0],
       [ 3,  7,  0,  0],
       [ 2,  0,  6,  2],
       [ 0,  0,  3, 11]]), array([[11,  0,  0,  0],
       [ 3,  6,  0,  1],
       [ 0,  0,  8,  1],
       [ 0,  1,  5,  9]]), array([[ 9,  1,  1,  0],
       [ 1,  4,  0,  4],
       [ 0,  0,  9,  1],
       [ 2,  0,  3, 10]]), array([[11,  0,  0,  0],
       [ 5,  3,  0,  1],
       [ 0,  0,  7,  3],
       [ 0,  0,  3, 12]]), array([[11,  0,  0,  0],
       [ 5,  4,  0,  0],
       [ 0,  0,  8,  2],
       [ 1,  0,  4, 10]]), array([[10,  0,  1,  0],
       [ 4,  4,  0,  1],
       [ 1,  0,  8,  1],
       [ 0,  0,  3, 12]])]"
4,"[0.8501026694045175, 0.8439425051334702, 0.845679012345679, 0.8292181069958847, 0.8384458077709611, 0.8415637860082305, 0.8521560574948666, 0.837782340862423, 0.8501026694045175, 0.8275154004106776]","[0.8501026694045175, 0.8439425051334702, 0.845679012345679, 0.8292181069958847, 0.8384458077709611, 0.8415637860082305, 0.8521560574948666, 0.837782340862423, 0.8501026694045175, 0.8275154004106776]","[0.8501026694045175, 0.8439425051334702, 0.845679012345679, 0.8292181069958847, 0.8384458077709611, 0.8415637860082305, 0.8521560574948666, 0.837782340862423, 0.8501026694045175, 0.8275154004106776]","[0.8501026694045175, 0.8439425051334702, 0.845679012345679, 0.8292181069958847, 0.8384458077709611, 0.8415637860082305, 0.8521560574948666, 0.837782340862423, 0.8501026694045175, 0.8275154004106776]","[0.8786708547701891, 0.8750321080691875, 0.8782525118883264, 0.8565927982463278, 0.8700888732169592, 0.8706690677248308, 0.879941022166632, 0.8693565542317694, 0.8756946185632684, 0.8587471319888902]","[0.8229367866549606, 0.8173397717295874, 0.8189854299928927, 0.7996179815209666, 0.8109788359788359, 0.8174751243781094, 0.8301799824407374, 0.8181957857769973, 0.8304653204565408, 0.8013388937664618]","[0.8294702051490911, 0.8243374895058602, 0.826360969578446, 0.8046908357680582, 0.8171952117508827, 0.8243307547946774, 0.8372458490098326, 0.8244600311008167, 0.8366140717859677, 0.806489891239411]","[0.8705699756813581, 0.8645545036107142, 0.8678703971991969, 0.8505947716233908, 0.8608854632661715, 0.8613979518811415, 0.8715876852076582, 0.8598704953799724, 0.8684830860746056, 0.8506949953717559]","[0.8501026694045175, 0.8439425051334702, 0.845679012345679, 0.8292181069958847, 0.8384458077709611, 0.8415637860082305, 0.8521560574948666, 0.837782340862423, 0.8501026694045175, 0.8275154004106776]","[0.8423468082783462, 0.83616697213095, 0.8381140310452395, 0.8199379845488953, 0.8297340691206996, 0.8344547083819976, 0.8462051428453247, 0.831233216981597, 0.8442659894116549, 0.818556038315294]","[array([[133,   0,   1,   0],
       [ 34,  47,   0,   4],
       [  1,   0, 132,   1],
       [  2,   2,  28, 102]]), array([[132,   1,   1,   0],
       [ 32,  47,   0,   6],
       [  1,   0, 131,   2],
       [  3,   0,  30, 101]]), array([[133,   0,   1,   0],
       [ 33,  47,   0,   4],
       [  1,   0, 131,   2],
       [  1,   1,  32, 100]]), array([[131,   2,   1,   0],
       [ 38,  43,   0,   3],
       [  1,   0, 131,   2],
       [  1,   2,  33,  98]]), array([[134,   0,   1,   0],
       [ 34,  46,   0,   4],
       [  0,   0, 133,   2],
       [  4,   2,  32,  97]]), array([[132,   1,   1,   0],
       [ 30,  49,   0,   5],
       [  1,   0, 131,   2],
       [  4,   1,  32,  97]]), array([[132,   2,   0,   0],
       [ 30,  52,   0,   3],
       [  0,   0, 132,   2],
       [  3,   0,  32,  99]]), array([[133,   0,   1,   0],
       [ 29,  53,   0,   3],
       [  1,   0, 130,   3],
       [  3,   2,  37,  92]]), array([[133,   1,   0,   0],
       [ 27,  54,   1,   3],
       [  1,   0, 131,   2],
       [  3,   2,  33,  96]]), array([[131,   1,   1,   1],
       [ 36,  46,   0,   3],
       [  0,   0, 132,   2],
       [  2,   2,  36,  94]])]","[0.717391304347826, 0.8043478260869565, 0.6304347826086957, 0.8478260869565217, 0.7777777777777778, 0.7555555555555555, 0.7333333333333333, 0.7777777777777778, 0.6666666666666666, 0.7333333333333333]","[0.717391304347826, 0.8043478260869565, 0.6304347826086957, 0.8478260869565217, 0.7777777777777778, 0.7555555555555555, 0.7333333333333333, 0.7777777777777778, 0.6666666666666666, 0.7333333333333333]","[0.717391304347826, 0.8043478260869565, 0.6304347826086957, 0.8478260869565217, 0.7777777777777778, 0.7555555555555555, 0.7333333333333333, 0.7777777777777778, 0.6666666666666666, 0.7333333333333333]","[0.717391304347826, 0.8043478260869565, 0.6304347826086957, 0.8478260869565217, 0.7777777777777778, 0.7555555555555555, 0.7333333333333333, 0.7777777777777778, 0.6666666666666666, 0.7333333333333333]","[0.7893178104575164, 0.8336038961038962, 0.6479665071770335, 0.8724358974358974, 0.8385416666666666, 0.7703598484848485, 0.7415929658576719, 0.8236607142857143, 0.7625000000000001, 0.7773944805194805]","[0.7194444444444444, 0.788888888888889, 0.6295454545454545, 0.8500000000000001, 0.7857142857142857, 0.7638888888888888, 0.7128787878787879, 0.7583333333333333, 0.6444444444444445, 0.7194444444444444]","[0.7004862953138814, 0.7902298850574712, 0.616826923076923, 0.8405969030969032, 0.7660225442834139, 0.7451388888888888, 0.7030822438431135, 0.7401457099732962, 0.5944227218420767, 0.7138716966303174]","[0.7919330775788574, 0.828910220214568, 0.6626794258373205, 0.8749163879598661, 0.849537037037037, 0.7764730639730639, 0.7391402714932127, 0.8204365079365079, 0.7603703703703704, 0.7713744588744589]","[0.717391304347826, 0.8043478260869565, 0.6304347826086957, 0.8478260869565217, 0.7777777777777778, 0.7555555555555555, 0.7333333333333333, 0.7777777777777778, 0.6666666666666666, 0.7333333333333333]","[0.7041863683542845, 0.7988505747126438, 0.6246655518394649, 0.8425161794727012, 0.7685811415280014, 0.7449794238683127, 0.7162207357859532, 0.7568572055162093, 0.6220064443720358, 0.7232755891759723]","[array([[12,  0,  0,  0],
       [ 5,  4,  0,  0],
       [ 0,  0,  9,  1],
       [ 0,  0,  7,  8]]), array([[12,  0,  0,  0],
       [ 4,  5,  0,  0],
       [ 0,  0,  8,  2],
       [ 0,  0,  3, 12]]), array([[9, 2, 0, 0],
       [7, 3, 0, 0],
       [0, 0, 8, 2],
       [3, 1, 2, 9]]), array([[11,  0,  0,  0],
       [ 3,  6,  0,  1],
       [ 0,  0, 10,  0],
       [ 1,  0,  2, 12]]), array([[11,  0,  0,  0],
       [ 5,  5,  0,  0],
       [ 0,  0, 10,  0],
       [ 0,  0,  5,  9]]), array([[11,  0,  0,  0],
       [ 4,  5,  0,  1],
       [ 0,  0,  8,  1],
       [ 1,  1,  3, 10]]), array([[ 9,  1,  1,  0],
       [ 2,  3,  0,  4],
       [ 0,  0,  9,  1],
       [ 0,  0,  3, 12]]), array([[11,  0,  0,  0],
       [ 5,  3,  0,  1],
       [ 0,  0,  9,  1],
       [ 0,  0,  3, 12]]), array([[11,  0,  0,  0],
       [ 8,  1,  0,  0],
       [ 0,  0,  8,  2],
       [ 1,  0,  4, 10]]), array([[11,  0,  0,  0],
       [ 4,  4,  0,  1],
       [ 1,  0,  7,  2],
       [ 0,  0,  4, 11]])]"
5,"[0.8501026694045175, 0.8418891170431212, 0.8662551440329218, 0.8436213991769548, 0.8445807770961146, 0.8436213991769548, 0.8542094455852156, 0.8521560574948666, 0.8521560574948666, 0.8562628336755647]","[0.8501026694045175, 0.8418891170431212, 0.8662551440329218, 0.8436213991769548, 0.8445807770961146, 0.8436213991769548, 0.8542094455852156, 0.8521560574948666, 0.8521560574948666, 0.8562628336755647]","[0.8501026694045175, 0.8418891170431212, 0.8662551440329218, 0.8436213991769548, 0.8445807770961146, 0.8436213991769548, 0.8542094455852156, 0.8521560574948666, 0.8521560574948666, 0.8562628336755647]","[0.8501026694045175, 0.8418891170431212, 0.8662551440329218, 0.8436213991769548, 0.8445807770961146, 0.8436213991769548, 0.8542094455852156, 0.8521560574948666, 0.8521560574948666, 0.8562628336755647]","[0.8698300952219149, 0.8636726230040039, 0.8903713008034869, 0.8579085669077757, 0.8602421776232617, 0.8577849908764847, 0.8748062371232557, 0.8772772457098138, 0.8734451243492124, 0.8725497153738785]","[0.8283143107989464, 0.8133230904302019, 0.8454157782515991, 0.8204513148542999, 0.8221560846560847, 0.8226723525230988, 0.8341966637401229, 0.8269534679543459, 0.8312554872695346, 0.836062335381914]","[0.8349567362991881, 0.8197028233913272, 0.8542230069692722, 0.826830347909294, 0.8287871983128954, 0.8299431164579537, 0.8415599819645225, 0.8349648120147098, 0.8383972538615343, 0.8430446326932721]","[0.8639197762606701, 0.8562444064274046, 0.880963185472757, 0.8543130344026969, 0.8549782154297193, 0.8521784362594167, 0.8675053192330312, 0.8669416913767151, 0.8661018206389688, 0.8666652110579598]","[0.8501026694045175, 0.8418891170431212, 0.8662551440329218, 0.8436213991769548, 0.8445807770961146, 0.8436213991769548, 0.8542094455852156, 0.8521560574948666, 0.8521560574948666, 0.8562628336755647]","[0.844753525019987, 0.8340920299813329, 0.8621699812185608, 0.8384090139199504, 0.8392391497583245, 0.8394446045212957, 0.849709537369982, 0.8459358703686122, 0.8471130362159308, 0.8518787066049298]","[array([[130,   2,   2,   0],
       [ 29,  52,   0,   4],
       [  1,   0, 130,   3],
       [  2,   2,  28, 102]]), array([[130,   3,   1,   0],
       [ 35,  45,   0,   5],
       [  0,   0, 128,   6],
       [  3,   0,  24, 107]]), array([[131,   1,   2,   0],
       [ 26,  54,   1,   3],
       [  0,   0, 130,   4],
       [  1,   0,  27, 106]]), array([[127,   5,   2,   0],
       [ 31,  50,   0,   3],
       [  0,   0, 129,   5],
       [  2,   1,  27, 104]]), array([[129,   4,   2,   0],
       [ 28,  51,   0,   5],
       [  0,   0, 130,   5],
       [  3,   1,  28, 103]]), array([[125,   4,   4,   1],
       [ 28,  52,   0,   4],
       [  0,   0, 127,   7],
       [  2,   1,  25, 106]]), array([[131,   3,   0,   0],
       [ 28,  54,   1,   2],
       [  0,   0, 128,   6],
       [  3,   0,  28, 103]]), array([[131,   0,   2,   1],
       [ 31,  49,   0,   5],
       [  0,   0, 128,   6],
       [  2,   1,  24, 107]]), array([[130,   2,   2,   0],
       [ 27,  53,   1,   4],
       [  0,   0, 130,   4],
       [  2,   1,  29, 102]]), array([[129,   3,   1,   1],
       [ 27,  54,   1,   3],
       [  0,   0, 129,   5],
       [  2,   1,  26, 105]])]","[0.7391304347826086, 0.8043478260869565, 0.7608695652173914, 0.8043478260869565, 0.8444444444444444, 0.7777777777777778, 0.7555555555555555, 0.7777777777777778, 0.7333333333333333, 0.6666666666666666]","[0.7391304347826086, 0.8043478260869565, 0.7608695652173914, 0.8043478260869565, 0.8444444444444444, 0.7777777777777778, 0.7555555555555555, 0.7777777777777778, 0.7333333333333333, 0.6666666666666666]","[0.7391304347826086, 0.8043478260869565, 0.7608695652173914, 0.8043478260869565, 0.8444444444444444, 0.7777777777777778, 0.7555555555555555, 0.7777777777777778, 0.7333333333333333, 0.6666666666666666]","[0.7391304347826086, 0.8043478260869565, 0.7608695652173914, 0.8043478260869565, 0.8444444444444444, 0.7777777777777778, 0.7555555555555555, 0.7777777777777778, 0.7333333333333333, 0.6666666666666666]","[0.8014705882352942, 0.825, 0.7694749694749695, 0.8407061688311689, 0.863095238095238, 0.7711038961038962, 0.7526223776223776, 0.8151515151515152, 0.8194444444444444, 0.7291666666666666]","[0.7361111111111112, 0.7916666666666665, 0.7628787878787879, 0.8, 0.8464285714285714, 0.7767676767676768, 0.7517676767676768, 0.7611111111111111, 0.7333333333333333, 0.6633838383838383]","[0.7207427055702917, 0.7972222222222223, 0.761954887218045, 0.7915526363802226, 0.8419662690250926, 0.7692153923038481, 0.7461028008722912, 0.7558608058608058, 0.7021551724137931, 0.6586538461538461]","[0.8037084398976981, 0.8173913043478261, 0.7750570685353295, 0.8391621964991529, 0.8661375661375661, 0.7811688311688312, 0.7586080586080586, 0.8075420875420877, 0.8308641975308642, 0.724074074074074]","[0.7391304347826086, 0.8043478260869565, 0.7608695652173914, 0.8043478260869565, 0.8444444444444444, 0.7777777777777778, 0.7555555555555555, 0.7777777777777778, 0.7333333333333333, 0.6666666666666666]","[0.7275977395917426, 0.8014492753623188, 0.7636253677672442, 0.7959750283588364, 0.8431836921248685, 0.7753145649397524, 0.7517866066966516, 0.765893365893366, 0.7132183908045977, 0.662962962962963]","[array([[12,  0,  0,  0],
       [ 5,  4,  0,  0],
       [ 0,  0,  9,  1],
       [ 0,  0,  6,  9]]), array([[12,  0,  0,  0],
       [ 3,  6,  0,  0],
       [ 0,  0,  7,  3],
       [ 0,  0,  3, 12]]), array([[ 9,  2,  0,  0],
       [ 3,  7,  0,  0],
       [ 0,  0,  8,  2],
       [ 2,  1,  1, 11]]), array([[11,  0,  0,  0],
       [ 4,  5,  0,  1],
       [ 0,  0,  9,  1],
       [ 1,  0,  2, 12]]), array([[11,  0,  0,  0],
       [ 3,  7,  0,  0],
       [ 0,  0,  9,  1],
       [ 0,  0,  3, 11]]), array([[ 9,  2,  0,  0],
       [ 3,  6,  0,  1],
       [ 0,  0,  8,  1],
       [ 0,  0,  3, 12]]), array([[ 9,  1,  1,  0],
       [ 2,  5,  0,  2],
       [ 0,  0,  9,  1],
       [ 0,  1,  3, 11]]), array([[11,  0,  0,  0],
       [ 4,  4,  0,  1],
       [ 0,  0,  8,  2],
       [ 0,  0,  3, 12]]), array([[11,  0,  0,  0],
       [ 6,  3,  0,  0],
       [ 0,  0, 10,  0],
       [ 1,  0,  5,  9]]), array([[10,  0,  1,  0],
       [ 4,  4,  0,  1],
       [ 1,  0,  7,  2],
       [ 0,  0,  6,  9]])]"
6,"[0.8336755646817249, 0.8439425051334702, 0.8559670781893004, 0.831275720164609, 0.8404907975460123, 0.8353909465020576, 0.8459958932238193, 0.837782340862423, 0.8501026694045175, 0.837782340862423]","[0.8336755646817249, 0.8439425051334702, 0.8559670781893004, 0.831275720164609, 0.8404907975460123, 0.8353909465020576, 0.8459958932238193, 0.837782340862423, 0.8501026694045175, 0.837782340862423]","[0.8336755646817249, 0.8439425051334702, 0.8559670781893004, 0.831275720164609, 0.8404907975460123, 0.8353909465020576, 0.8459958932238193, 0.837782340862423, 0.8501026694045175, 0.837782340862423]","[0.8336755646817249, 0.8439425051334702, 0.8559670781893004, 0.831275720164609, 0.8404907975460123, 0.8353909465020576, 0.8459958932238193, 0.837782340862423, 0.8501026694045175, 0.837782340862423]","[0.8682997884066745, 0.8749017739506869, 0.8815164339294086, 0.857752555069907, 0.8608818472504937, 0.8593935302074243, 0.8809470315904139, 0.8685576161404407, 0.8696437162699243, 0.8666983297108233]","[0.8058604038630378, 0.8173397717295874, 0.8349769012082444, 0.8070362473347549, 0.8128306878306879, 0.8074360341151385, 0.8213564530289728, 0.8117427568042143, 0.8250877963125548, 0.8117427568042143]","[0.8120912001659029, 0.8245901521743946, 0.8435296341679351, 0.813713360370337, 0.8193824764414317, 0.8140814957916448, 0.8296512619479764, 0.8195469242580069, 0.8312124069420447, 0.8187235493846637]","[0.8572359424584844, 0.8644110557924055, 0.8712319640166438, 0.8491698477120543, 0.8547161503379683, 0.8513578851670358, 0.8689683961652195, 0.8574285740957074, 0.8641214479019027, 0.8573928228439451]","[0.8336755646817249, 0.8439425051334702, 0.8559670781893004, 0.831275720164609, 0.8404907975460123, 0.8353909465020576, 0.8459958932238193, 0.837782340862423, 0.8501026694045175, 0.837782340862423]","[0.8246750742330992, 0.8364450567106922, 0.8512882444702962, 0.8242691473311629, 0.8332343801743125, 0.8276888326201904, 0.839542619114154, 0.8308943992914235, 0.8433937344387281, 0.8305188668209887]","[array([[132,   1,   1,   0],
       [ 34,  45,   0,   6],
       [  1,   0, 131,   2],
       [  3,   0,  33,  98]]), array([[132,   1,   1,   0],
       [ 33,  47,   0,   5],
       [  1,   0, 130,   3],
       [  2,   0,  30, 102]]), array([[132,   1,   1,   0],
       [ 28,  53,   0,   3],
       [  0,   0, 128,   6],
       [  2,   0,  29, 103]]), array([[130,   3,   1,   0],
       [ 31,  48,   0,   5],
       [  1,   0, 129,   4],
       [  5,   0,  32,  97]]), array([[131,   3,   1,   0],
       [ 34,  46,   0,   4],
       [  0,   0, 130,   5],
       [  4,   1,  26, 104]]), array([[130,   3,   1,   0],
       [ 33,  45,   0,   6],
       [  2,   0, 128,   4],
       [  2,   0,  29, 103]]), array([[133,   0,   1,   0],
       [ 33,  49,   0,   3],
       [  1,   0, 129,   4],
       [  3,   0,  30, 101]]), array([[131,   1,   2,   0],
       [ 33,  47,   1,   4],
       [  1,   0, 127,   6],
       [  3,   0,  28, 103]]), array([[130,   3,   1,   0],
       [ 31,  49,   0,   5],
       [  0,   0, 132,   2],
       [  3,   1,  27, 103]]), array([[131,   2,   1,   0],
       [ 34,  47,   1,   3],
       [  0,   0, 129,   5],
       [  3,   0,  30, 101]])]","[0.717391304347826, 0.8043478260869565, 0.6739130434782609, 0.7608695652173914, 0.7777777777777778, 0.7777777777777778, 0.7111111111111111, 0.7777777777777778, 0.7111111111111111, 0.6888888888888889]","[0.717391304347826, 0.8043478260869565, 0.6739130434782609, 0.7608695652173914, 0.7777777777777778, 0.7777777777777778, 0.7111111111111111, 0.7777777777777778, 0.7111111111111111, 0.6888888888888889]","[0.717391304347826, 0.8043478260869565, 0.6739130434782609, 0.7608695652173914, 0.7777777777777778, 0.7777777777777778, 0.7111111111111111, 0.7777777777777778, 0.7111111111111111, 0.6888888888888889]","[0.717391304347826, 0.8043478260869565, 0.6739130434782609, 0.7608695652173914, 0.7777777777777778, 0.7777777777777778, 0.7111111111111111, 0.7777777777777778, 0.7111111111111111, 0.6888888888888889]","[0.7893178104575164, 0.8431372549019608, 0.6836271367521367, 0.8032852564102565, 0.8260504201680673, 0.8243521184697655, 0.7260989010989011, 0.8236607142857143, 0.8107638888888888, 0.7435897435897435]","[0.7194444444444444, 0.7972222222222223, 0.6712121212121213, 0.7666666666666666, 0.7642857142857143, 0.7722222222222221, 0.7073232323232322, 0.7583333333333333, 0.7277777777777779, 0.6800505050505049]","[0.7004862953138814, 0.7937171385447248, 0.6683375104427737, 0.751207729468599, 0.7535714285714287, 0.7535714285714287, 0.6964285714285714, 0.7401457099732962, 0.6952121952121952, 0.676899187768753]","[0.7919330775788574, 0.8417519181585678, 0.6902986807878113, 0.8040342809364548, 0.8248366013071895, 0.8335390100095983, 0.7284981684981686, 0.8204365079365079, 0.8248456790123457, 0.739031339031339]","[0.717391304347826, 0.8043478260869565, 0.6739130434782609, 0.7608695652173914, 0.7777777777777778, 0.7777777777777778, 0.7111111111111111, 0.7777777777777778, 0.7111111111111111, 0.6888888888888889]","[0.7041863683542845, 0.7992097025080532, 0.673295557734917, 0.7514527760274453, 0.7634920634920634, 0.7647619047619046, 0.7023809523809524, 0.7568572055162093, 0.6931052486608041, 0.6844720496894411]","[array([[12,  0,  0,  0],
       [ 5,  4,  0,  0],
       [ 0,  0,  9,  1],
       [ 0,  0,  7,  8]]), array([[12,  0,  0,  0],
       [ 4,  5,  0,  0],
       [ 0,  0,  9,  1],
       [ 1,  0,  3, 11]]), array([[ 9,  2,  0,  0],
       [ 5,  5,  0,  0],
       [ 0,  0,  7,  3],
       [ 2,  1,  2, 10]]), array([[11,  0,  0,  0],
       [ 4,  5,  0,  1],
       [ 0,  0,  9,  1],
       [ 1,  0,  4, 10]]), array([[11,  0,  0,  0],
       [ 6,  4,  0,  0],
       [ 0,  0,  8,  2],
       [ 0,  0,  2, 12]]), array([[11,  0,  0,  0],
       [ 6,  4,  0,  0],
       [ 0,  0,  8,  1],
       [ 0,  0,  3, 12]]), array([[ 9,  1,  1,  0],
       [ 3,  4,  0,  2],
       [ 0,  0,  9,  1],
       [ 1,  0,  4, 10]]), array([[11,  0,  0,  0],
       [ 5,  3,  0,  1],
       [ 0,  0,  9,  1],
       [ 0,  0,  3, 12]]), array([[11,  0,  0,  0],
       [ 5,  4,  0,  0],
       [ 0,  0, 10,  0],
       [ 0,  0,  8,  7]]), array([[10,  0,  1,  0],
       [ 4,  4,  0,  1],
       [ 1,  0,  7,  2],
       [ 0,  0,  5, 10]])]"
7,"[0.8501026694045175, 0.839835728952772, 0.8436213991769548, 0.8641975308641975, 0.83640081799591, 0.8374485596707819, 0.8418891170431212, 0.8439425051334702, 0.8439425051334702, 0.8480492813141683]","[0.8501026694045175, 0.839835728952772, 0.8436213991769548, 0.8641975308641975, 0.83640081799591, 0.8374485596707819, 0.8418891170431212, 0.8439425051334702, 0.8439425051334702, 0.8480492813141683]","[0.8501026694045175, 0.839835728952772, 0.8436213991769548, 0.8641975308641975, 0.83640081799591, 0.8374485596707819, 0.8418891170431212, 0.8439425051334702, 0.8439425051334702, 0.8480492813141683]","[0.8501026694045175, 0.839835728952772, 0.8436213991769548, 0.8641975308641975, 0.83640081799591, 0.8374485596707819, 0.8418891170431212, 0.8439425051334702, 0.8439425051334702, 0.8480492813141683]","[0.8714772424452633, 0.8596939087848179, 0.8624870951356683, 0.8834897007906282, 0.8631308107469272, 0.8555827138547726, 0.8712161822967546, 0.8671401116297194, 0.8711522125007279, 0.8604643290464081]","[0.8283143107989465, 0.8136084284460052, 0.8215618336886993, 0.8424395877754087, 0.8091269841269841, 0.8115227434257285, 0.8176251097453907, 0.827019315188762, 0.8173397717295874, 0.824297629499561]","[0.8360696294772401, 0.820533401048107, 0.8292636053141074, 0.8507049065769325, 0.8166012184945253, 0.818787756194053, 0.8252569916855631, 0.8355331938852175, 0.8254559106384292, 0.8309557790240581]","[0.8640339409104484, 0.8516138297919146, 0.8540552690750947, 0.8752441593455936, 0.8532017132992652, 0.8487940396164797, 0.8602707879077216, 0.855537472189603, 0.8602842284060029, 0.8555717162698568]","[0.8501026694045175, 0.839835728952772, 0.8436213991769548, 0.8641975308641975, 0.83640081799591, 0.8374485596707819, 0.8418891170431212, 0.8439425051334702, 0.8439425051334702, 0.8480492813141683]","[0.8454482985622191, 0.8330336436206711, 0.8385365652453316, 0.859770233585099, 0.8290781256474213, 0.8313897582411474, 0.8352512878297566, 0.840242103898425, 0.8373979243425659, 0.8426946561743228]","[array([[127,   3,   3,   1],
       [ 28,  52,   1,   4],
       [  1,   0, 130,   3],
       [  2,   0,  27, 105]]), array([[129,   3,   2,   0],
       [ 30,  47,   1,   7],
       [  1,   0, 126,   7],
       [  2,   0,  25, 107]]), array([[129,   3,   1,   1],
       [ 27,  51,   0,   6],
       [  1,   0, 126,   7],
       [  1,   0,  29, 104]]), array([[131,   2,   1,   0],
       [ 26,  53,   0,   5],
       [  1,   0, 128,   5],
       [  1,   0,  25, 108]]), array([[131,   2,   2,   0],
       [ 32,  46,   0,   6],
       [  1,   0, 129,   5],
       [  3,   0,  29, 103]]), array([[126,   4,   4,   0],
       [ 31,  47,   0,   6],
       [  1,   0, 127,   6],
       [  2,   0,  25, 107]]), array([[133,   1,   0,   0],
       [ 32,  49,   1,   3],
       [  0,   0, 127,   7],
       [  1,   0,  32, 101]]), array([[131,   1,   1,   1],
       [ 23,  56,   1,   5],
       [  1,   0, 123,  10],
       [  2,   0,  31, 101]]), array([[130,   1,   3,   0],
       [ 32,  47,   0,   6],
       [  1,   0, 126,   7],
       [  4,   0,  22, 108]]), array([[127,   5,   1,   1],
       [ 29,  50,   1,   5],
       [  0,   0, 127,   7],
       [  2,   0,  23, 109]])]","[0.717391304347826, 0.8478260869565217, 0.782608695652174, 0.7608695652173914, 0.7555555555555555, 0.7555555555555555, 0.7333333333333333, 0.7333333333333333, 0.6444444444444445, 0.6666666666666666]","[0.717391304347826, 0.8478260869565217, 0.782608695652174, 0.7608695652173914, 0.7555555555555555, 0.7555555555555555, 0.7333333333333333, 0.7333333333333333, 0.6444444444444445, 0.6666666666666666]","[0.717391304347826, 0.8478260869565217, 0.782608695652174, 0.7608695652173914, 0.7555555555555555, 0.7555555555555555, 0.7333333333333333, 0.7333333333333333, 0.6444444444444445, 0.6666666666666666]","[0.717391304347826, 0.8478260869565217, 0.782608695652174, 0.7608695652173914, 0.7555555555555555, 0.7555555555555555, 0.7333333333333333, 0.7333333333333333, 0.6444444444444445, 0.6666666666666666]","[0.7738731856378915, 0.8666666666666667, 0.780952380952381, 0.7740384615384616, 0.7848214285714286, 0.7619047619047619, 0.7446428571428572, 0.784970238095238, 0.7312091503267973, 0.728021978021978]","[0.7111111111111111, 0.8333333333333334, 0.7818181818181817, 0.7606060606060606, 0.7558441558441559, 0.7467171717171717, 0.723989898989899, 0.7166666666666667, 0.65, 0.6573232323232323]","[0.7004862953138815, 0.8388888888888889, 0.7808095952023988, 0.7495317182817183, 0.7351851851851853, 0.7404605263157895, 0.7156644891839794, 0.7001770579356787, 0.6211080586080586, 0.6582509157509158]","[0.7708174178762414, 0.8608695652173913, 0.7867494824016563, 0.7795429208472686, 0.8003968253968253, 0.7664550264550264, 0.748095238095238, 0.7781084656084656, 0.7285403050108932, 0.7246642246642246]","[0.717391304347826, 0.8478260869565217, 0.782608695652174, 0.7608695652173914, 0.7555555555555555, 0.7555555555555555, 0.7333333333333333, 0.7333333333333333, 0.6444444444444445, 0.6666666666666666]","[0.7069734363587437, 0.8449275362318841, 0.7840427612280816, 0.7538928462841507, 0.7440329218106996, 0.7484795321637427, 0.7251302919968586, 0.7136666795670628, 0.6232600732600733, 0.6668017908017908]","[array([[12,  0,  0,  0],
       [ 5,  4,  0,  0],
       [ 0,  0,  8,  2],
       [ 0,  0,  6,  9]]), array([[12,  0,  0,  0],
       [ 3,  6,  0,  0],
       [ 0,  0,  8,  2],
       [ 0,  0,  2, 13]]), array([[ 8,  3,  0,  0],
       [ 2,  7,  0,  1],
       [ 0,  0,  9,  1],
       [ 2,  0,  1, 12]]), array([[10,  1,  0,  0],
       [ 4,  5,  0,  1],
       [ 0,  0,  9,  1],
       [ 1,  0,  3, 11]]), array([[10,  1,  0,  0],
       [ 6,  4,  0,  0],
       [ 0,  0, 10,  0],
       [ 0,  0,  4, 10]]), array([[10,  1,  0,  0],
       [ 4,  5,  0,  1],
       [ 0,  0,  7,  2],
       [ 0,  0,  3, 12]]), array([[ 9,  1,  1,  0],
       [ 3,  4,  0,  2],
       [ 0,  0,  9,  1],
       [ 0,  0,  4, 11]]), array([[11,  0,  0,  0],
       [ 5,  3,  0,  1],
       [ 0,  0,  8,  2],
       [ 0,  0,  4, 11]]), array([[11,  0,  0,  0],
       [ 6,  3,  0,  0],
       [ 0,  0,  8,  2],
       [ 0,  0,  8,  7]]), array([[ 9,  0,  2,  0],
       [ 4,  4,  0,  1],
       [ 1,  0,  7,  2],
       [ 0,  0,  5, 10]])]"
8,"[0.8336755646817249, 0.8275154004106776, 0.8333333333333334, 0.8251028806584362, 0.8302658486707567, 0.7880658436213992, 0.8316221765913757, 0.8295687885010267, 0.8234086242299795, 0.8316221765913757]","[0.8336755646817249, 0.8275154004106776, 0.8333333333333334, 0.8251028806584362, 0.8302658486707567, 0.7880658436213992, 0.8316221765913757, 0.8295687885010267, 0.8234086242299795, 0.8316221765913757]","[0.8336755646817249, 0.8275154004106776, 0.8333333333333334, 0.8251028806584362, 0.8302658486707567, 0.7880658436213992, 0.8316221765913757, 0.8295687885010267, 0.8234086242299795, 0.8316221765913757]","[0.8336755646817249, 0.8275154004106776, 0.8333333333333334, 0.8251028806584362, 0.8302658486707567, 0.7880658436213992, 0.8316221765913757, 0.8295687885010267, 0.8234086242299795, 0.8316221765913757]","[0.8608805923818229, 0.8549048439737902, 0.864522315371807, 0.852346649875309, 0.8557633060027524, 0.831179998017643, 0.8586734349703183, 0.8621137921024908, 0.8433456027052861, 0.8684370038966661]","[0.8047848990342406, 0.7938103599648815, 0.8022388059701493, 0.7992181947405829, 0.8024470899470899, 0.7545309168443497, 0.8039947322212467, 0.8010535557506585, 0.7976075504828797, 0.8029192273924495]","[0.8116054104948962, 0.7974620483858046, 0.8086717820568973, 0.8053180610388848, 0.8094164389385099, 0.7570802398803032, 0.8101394635177007, 0.808110599467542, 0.803620946885452, 0.8093540756652765]","[0.8512575611894574, 0.8452140457338616, 0.8529768554258497, 0.8434547918167933, 0.8451582781338317, 0.8192264565531381, 0.8507422200083996, 0.8504761426197618, 0.8356329426078714, 0.8551996593195341]","[0.8336755646817249, 0.8275154004106776, 0.8333333333333334, 0.8251028806584362, 0.8302658486707567, 0.7880658436213992, 0.8316221765913757, 0.8295687885010267, 0.8234086242299795, 0.8316221765913757]","[0.8256765287287745, 0.815413397538928, 0.823821417779351, 0.8170041451675488, 0.8221814091776362, 0.7742526992891585, 0.8235664429335636, 0.8213101653909071, 0.8159101333429357, 0.8221507761138417]","[array([[127,   2,   5,   0],
       [ 34,  44,   0,   7],
       [  1,   0, 129,   4],
       [  3,   0,  25, 106]]), array([[131,   2,   1,   0],
       [ 37,  39,   0,   9],
       [  0,   0, 129,   5],
       [  2,   0,  28, 104]]), array([[131,   1,   2,   0],
       [ 36,  42,   0,   6],
       [  0,   0, 128,   6],
       [  1,   0,  29, 104]]), array([[130,   2,   2,   0],
       [ 33,  46,   0,   5],
       [  0,   0, 129,   5],
       [  3,   1,  34,  96]]), array([[131,   1,   3,   0],
       [ 31,  45,   0,   8],
       [  0,   0, 128,   7],
       [  2,   1,  30, 102]]), array([[129,   2,   3,   0],
       [ 43,  36,   0,   5],
       [  1,   0, 128,   5],
       [  4,   0,  40,  90]]), array([[131,   3,   0,   0],
       [ 36,  45,   1,   3],
       [  1,   0, 128,   5],
       [  2,   0,  31, 101]]), array([[128,   1,   5,   0],
       [ 34,  44,   0,   7],
       [  1,   0, 129,   4],
       [  2,   0,  29, 103]]), array([[127,   4,   2,   1],
       [ 32,  46,   0,   7],
       [  0,   0, 127,   7],
       [  3,   0,  30, 101]]), array([[132,   0,   1,   1],
       [ 35,  44,   0,   6],
       [  0,   0, 130,   4],
       [  2,   0,  33,  99]])]","[0.717391304347826, 0.782608695652174, 0.7391304347826086, 0.7391304347826086, 0.7333333333333333, 0.7555555555555555, 0.7111111111111111, 0.8, 0.7333333333333333, 0.7111111111111111]","[0.717391304347826, 0.782608695652174, 0.7391304347826086, 0.7391304347826086, 0.7333333333333333, 0.7555555555555555, 0.7111111111111111, 0.8, 0.7333333333333333, 0.7111111111111111]","[0.717391304347826, 0.782608695652174, 0.7391304347826086, 0.7391304347826086, 0.7333333333333333, 0.7555555555555555, 0.7111111111111111, 0.8, 0.7333333333333333, 0.7111111111111111]","[0.717391304347826, 0.782608695652174, 0.7391304347826086, 0.7391304347826086, 0.7333333333333333, 0.7555555555555555, 0.7111111111111111, 0.8, 0.7333333333333333, 0.7111111111111111]","[0.7684981684981684, 0.8225744843391903, 0.7524828113063408, 0.8086219336219337, 0.7974789915966386, 0.8010504201680672, 0.7260989010989011, 0.8410714285714286, 0.7840544871794872, 0.778612012987013]","[0.7069444444444445, 0.7611111111111111, 0.7378787878787879, 0.7416666666666666, 0.7357142857142857, 0.7444444444444445, 0.7073232323232322, 0.7944444444444445, 0.7277777777777777, 0.7073232323232322]","[0.7027879527879528, 0.7581154477706201, 0.7279950441715147, 0.7056808134394341, 0.7142857142857143, 0.7303927923256417, 0.6964285714285714, 0.7774216524216525, 0.7166480862133036, 0.6992307692307692]","[0.7620162446249402, 0.8174012688079183, 0.7745374829773807, 0.8152487609009348, 0.803249299719888, 0.8061064425770308, 0.7284981684981686, 0.8435449735449735, 0.7825854700854701, 0.7851731601731602]","[0.717391304347826, 0.782608695652174, 0.7391304347826086, 0.7391304347826086, 0.7333333333333333, 0.7555555555555555, 0.7111111111111111, 0.8, 0.7333333333333333, 0.7111111111111111]","[0.7108085151563412, 0.7717899292112186, 0.7389875682714557, 0.7137392842040519, 0.7190476190476189, 0.7422781090657677, 0.7023809523809524, 0.7867046533713201, 0.7237568300370233, 0.7093333333333334]","[array([[11,  0,  1,  0],
       [ 4,  4,  0,  1],
       [ 0,  0,  8,  2],
       [ 0,  0,  5, 10]]), array([[12,  0,  0,  0],
       [ 5,  4,  0,  0],
       [ 0,  0,  8,  2],
       [ 0,  0,  3, 12]]), array([[ 9,  2,  0,  0],
       [ 6,  4,  0,  0],
       [ 0,  0, 10,  0],
       [ 2,  1,  1, 11]]), array([[11,  0,  0,  0],
       [ 6,  3,  0,  1],
       [ 0,  0, 10,  0],
       [ 1,  0,  4, 10]]), array([[11,  0,  0,  0],
       [ 6,  4,  0,  0],
       [ 0,  0,  9,  1],
       [ 0,  0,  5,  9]]), array([[11,  0,  0,  0],
       [ 6,  4,  0,  0],
       [ 0,  0,  7,  2],
       [ 0,  0,  3, 12]]), array([[ 9,  1,  1,  0],
       [ 3,  4,  0,  2],
       [ 0,  0,  9,  1],
       [ 1,  0,  4, 10]]), array([[11,  0,  0,  0],
       [ 4,  4,  0,  1],
       [ 0,  0, 10,  0],
       [ 0,  0,  4, 11]]), array([[11,  0,  0,  0],
       [ 5,  4,  0,  0],
       [ 0,  0,  8,  2],
       [ 0,  0,  5, 10]]), array([[ 9,  0,  2,  0],
       [ 4,  4,  0,  1],
       [ 1,  0,  9,  0],
       [ 0,  0,  5, 10]])]"
9,"[0.8542094455852156, 0.8439425051334702, 0.845679012345679, 0.8539094650205762, 0.8282208588957055, 0.8251028806584362, 0.8336755646817249, 0.8459958932238193, 0.8357289527720739, 0.8439425051334702]","[0.8542094455852156, 0.8439425051334702, 0.845679012345679, 0.8539094650205762, 0.8282208588957055, 0.8251028806584362, 0.8336755646817249, 0.8459958932238193, 0.8357289527720739, 0.8439425051334702]","[0.8542094455852156, 0.8439425051334702, 0.845679012345679, 0.8539094650205762, 0.8282208588957055, 0.8251028806584362, 0.8336755646817249, 0.8459958932238193, 0.8357289527720739, 0.8439425051334702]","[0.8542094455852156, 0.8439425051334702, 0.845679012345679, 0.8539094650205762, 0.8282208588957055, 0.8251028806584362, 0.8336755646817249, 0.8459958932238193, 0.8357289527720739, 0.8439425051334702]","[0.8729567307692307, 0.8602736496904166, 0.8726525915283099, 0.8740119203040997, 0.8552708751271318, 0.8517397765946567, 0.861018544247558, 0.8630874123531451, 0.8544977848715565, 0.8634793419471932]","[0.8309701492537314, 0.8205662862159788, 0.8189854299928927, 0.8320007107320541, 0.803968253968254, 0.796997157071784, 0.8090869183494294, 0.8202809482001755, 0.8120280948200176, 0.8162642669007902]","[0.8383552806562755, 0.8281183458096768, 0.8267018419161276, 0.8400118018803936, 0.8127078561132768, 0.8043545672156502, 0.8161909333408206, 0.8274595776291389, 0.8193123414032428, 0.8228004363210685]","[0.8657639217957492, 0.8519101871452234, 0.8616943533453514, 0.8648605784667682, 0.8423048852662205, 0.8409597392967372, 0.8510594244695916, 0.855230402386986, 0.8456627017824998, 0.8559033414449599]","[0.8542094455852156, 0.8439425051334702, 0.845679012345679, 0.8539094650205762, 0.8282208588957055, 0.8251028806584362, 0.8336755646817249, 0.8459958932238193, 0.8357289527720739, 0.8439425051334702]","[0.848873913551108, 0.8385301580640147, 0.8384899725534646, 0.8488995193160517, 0.8221885730592668, 0.8174648028424583, 0.8267636464604423, 0.8396921936655048, 0.8297747846029307, 0.8365076854688226]","[array([[127,   3,   3,   1],
       [ 27,  51,   0,   7],
       [  1,   0, 131,   2],
       [  1,   0,  26, 107]]), array([[129,   3,   2,   0],
       [ 26,  50,   0,   9],
       [  0,   0, 123,  11],
       [  2,   0,  23, 109]]), array([[131,   1,   1,   1],
       [ 29,  47,   1,   7],
       [  1,   0, 129,   4],
       [  1,   0,  29, 104]]), array([[131,   2,   1,   0],
       [ 25,  52,   0,   7],
       [  1,   0, 127,   6],
       [  2,   0,  27, 105]]), array([[131,   1,   3,   0],
       [ 28,  48,   0,   8],
       [  1,   0, 123,  11],
       [  3,   0,  29, 103]]), array([[131,   2,   1,   0],
       [ 35,  44,   1,   4],
       [  1,   0, 121,  12],
       [  3,   0,  26, 105]]), array([[131,   2,   0,   1],
       [ 32,  48,   1,   4],
       [  1,   0, 127,   6],
       [  3,   0,  31, 100]]), array([[128,   3,   2,   1],
       [ 28,  48,   0,   9],
       [  1,   0, 126,   7],
       [  2,   0,  22, 110]]), array([[128,   3,   2,   1],
       [ 28,  49,   0,   8],
       [  0,   0, 125,   9],
       [  3,   0,  26, 105]]), array([[129,   3,   2,   0],
       [ 32,  46,   0,   7],
       [  0,   0, 128,   6],
       [  2,   0,  24, 108]])]","[0.717391304347826, 0.8478260869565217, 0.782608695652174, 0.7391304347826086, 0.7333333333333333, 0.7777777777777778, 0.7333333333333333, 0.8, 0.7555555555555555, 0.7333333333333333]","[0.717391304347826, 0.8478260869565217, 0.782608695652174, 0.7391304347826086, 0.7333333333333333, 0.7777777777777778, 0.7333333333333333, 0.8, 0.7555555555555555, 0.7333333333333333]","[0.717391304347826, 0.8478260869565217, 0.782608695652174, 0.7391304347826086, 0.7333333333333333, 0.7777777777777778, 0.7333333333333333, 0.8, 0.7555555555555555, 0.7333333333333333]","[0.717391304347826, 0.8478260869565217, 0.782608695652174, 0.7391304347826086, 0.7333333333333333, 0.7777777777777778, 0.7333333333333333, 0.8, 0.7555555555555555, 0.7333333333333333]","[0.7916666666666666, 0.8603896103896104, 0.7897727272727273, 0.8018162393162394, 0.7565996503496504, 0.8, 0.7425824175824176, 0.8310439560439561, 0.828125, 0.7840544871794872]","[0.7083333333333334, 0.8444444444444443, 0.7939393939393938, 0.7333333333333334, 0.7308441558441559, 0.7666666666666666, 0.723989898989899, 0.7972222222222223, 0.7611111111111112, 0.7277777777777777]","[0.685, 0.8468919729695592, 0.7785547785547785, 0.7060138137724344, 0.7141706924315621, 0.7657051282051281, 0.7156644891839794, 0.7906521739130434, 0.7373575498575499, 0.7166480862133036]","[0.7934782608695652, 0.8568605307735742, 0.8000658761528325, 0.8024897807506504, 0.7672299922299923, 0.8014814814814814, 0.744981684981685, 0.827960927960928, 0.8402777777777778, 0.7825854700854701]","[0.717391304347826, 0.8478260869565217, 0.782608695652174, 0.7391304347826086, 0.7333333333333333, 0.7777777777777778, 0.7333333333333333, 0.8, 0.7555555555555555, 0.7333333333333333]","[0.6978260869565218, 0.8474948652047603, 0.7773386034255599, 0.715820536285304, 0.7223904097334048, 0.7735042735042735, 0.7244056543156993, 0.7937860593512767, 0.7431940487496042, 0.7237568300370233]","[array([[12,  0,  0,  0],
       [ 6,  3,  0,  0],
       [ 0,  0,  9,  1],
       [ 0,  0,  6,  9]]), array([[12,  0,  0,  0],
       [ 2,  7,  0,  0],
       [ 0,  0,  8,  2],
       [ 0,  0,  3, 12]]), array([[10,  1,  0,  0],
       [ 3,  6,  0,  1],
       [ 0,  0, 10,  0],
       [ 2,  1,  2, 10]]), array([[11,  0,  0,  0],
       [ 6,  3,  0,  1],
       [ 0,  0,  9,  1],
       [ 1,  0,  3, 11]]), array([[10,  1,  0,  0],
       [ 6,  4,  0,  0],
       [ 0,  0,  9,  1],
       [ 0,  0,  4, 10]]), array([[11,  0,  0,  0],
       [ 4,  6,  0,  0],
       [ 0,  0,  6,  3],
       [ 0,  0,  3, 12]]), array([[ 9,  1,  1,  0],
       [ 3,  4,  0,  2],
       [ 0,  0,  9,  1],
       [ 1,  0,  3, 11]]), array([[11,  0,  0,  0],
       [ 3,  5,  0,  1],
       [ 0,  0,  9,  1],
       [ 0,  0,  4, 11]]), array([[11,  0,  0,  0],
       [ 5,  4,  0,  0],
       [ 0,  0, 10,  0],
       [ 0,  0,  6,  9]]), array([[11,  0,  0,  0],
       [ 4,  4,  0,  1],
       [ 1,  0,  8,  1],
       [ 0,  0,  5, 10]])]"
10,"[0.8172484599589322, 0.8295687885010267, 0.808641975308642, 0.8333333333333334, 0.8282208588957055, 0.8168724279835391, 0.8275154004106776, 0.8213552361396304, 0.8049281314168378, 0.8213552361396304]","[0.8172484599589322, 0.8295687885010267, 0.808641975308642, 0.8333333333333334, 0.8282208588957055, 0.8168724279835391, 0.8275154004106776, 0.8213552361396304, 0.8049281314168378, 0.8213552361396304]","[0.8172484599589322, 0.8295687885010267, 0.808641975308642, 0.8333333333333334, 0.8282208588957055, 0.8168724279835391, 0.8275154004106776, 0.8213552361396304, 0.8049281314168378, 0.8213552361396304]","[0.8172484599589322, 0.8295687885010267, 0.808641975308642, 0.8333333333333334, 0.8282208588957055, 0.8168724279835391, 0.8275154004106776, 0.8213552361396304, 0.8049281314168378, 0.8213552361396304]","[0.851404195103094, 0.8562282279784473, 0.8526488539371975, 0.8571949221949222, 0.8606901186503522, 0.8557382747548878, 0.8609293953306834, 0.856602331737789, 0.8345844869918667, 0.8490007979738403]","[0.7844820017559262, 0.7978270412642668, 0.7742981520966595, 0.8077914001421465, 0.7938492063492063, 0.7839818763326226, 0.7991878841088674, 0.7882133450395084, 0.767910447761194, 0.7871378402107112]","[0.7889440301573606, 0.8023594688584, 0.7786713858205474, 0.8145331461591775, 0.7993830899531535, 0.788577820772306, 0.8051089746068196, 0.7924231516452462, 0.7684637023566684, 0.7898680196764223]","[0.8413611755188859, 0.8464422997205127, 0.8374892710089256, 0.8486758812684738, 0.848768229184438, 0.843468549935432, 0.8513112744966221, 0.8446896300029876, 0.8260990924037238, 0.8411700073257432]","[0.8172484599589322, 0.8295687885010267, 0.808641975308642, 0.8333333333333334, 0.8282208588957055, 0.8168724279835391, 0.8275154004106776, 0.8213552361396304, 0.8049281314168378, 0.8213552361396304]","[0.8060383302484844, 0.8186325468338858, 0.7958628609117678, 0.8261628384272582, 0.8171497411317231, 0.8049919733142598, 0.8185264473406656, 0.8093692182378891, 0.7897024005202017, 0.8086523675380016]","[array([[127,   2,   4,   1],
       [ 40,  39,   0,   6],
       [  1,   0, 131,   2],
       [  2,   0,  31, 101]]), array([[131,   2,   1,   0],
       [ 35,  41,   0,   9],
       [  0,   0, 129,   5],
       [  2,   0,  29, 103]]), array([[131,   0,   2,   1],
       [ 41,  37,   0,   6],
       [  1,   0, 127,   6],
       [  2,   0,  34,  98]]), array([[130,   3,   1,   0],
       [ 31,  47,   0,   6],
       [  1,   0, 128,   5],
       [  3,   0,  31, 100]]), array([[132,   1,   2,   0],
       [ 38,  39,   0,   7],
       [  0,   0, 128,   7],
       [  4,   0,  25, 106]]), array([[132,   1,   1,   0],
       [ 39,  39,   0,   6],
       [  1,   0, 129,   4],
       [  4,   0,  33,  97]]), array([[130,   2,   2,   0],
       [ 37,  44,   0,   4],
       [  0,   0, 131,   3],
       [  3,   0,  33,  98]]), array([[129,   1,   3,   1],
       [ 38,  39,   0,   8],
       [  0,   0, 131,   3],
       [  3,   0,  30, 101]]), array([[130,   3,   1,   0],
       [ 44,  34,   0,   7],
       [  0,   0, 128,   6],
       [  3,   0,  31, 100]]), array([[129,   3,   1,   1],
       [ 40,  38,   0,   7],
       [  0,   0, 132,   2],
       [  2,   0,  31, 101]])]","[0.6739130434782609, 0.782608695652174, 0.717391304347826, 0.7391304347826086, 0.7555555555555555, 0.8222222222222222, 0.6666666666666666, 0.7777777777777778, 0.6666666666666666, 0.7777777777777778]","[0.6739130434782609, 0.782608695652174, 0.717391304347826, 0.7391304347826086, 0.7555555555555555, 0.8222222222222222, 0.6666666666666666, 0.7777777777777778, 0.6666666666666666, 0.7777777777777778]","[0.6739130434782609, 0.782608695652174, 0.717391304347826, 0.7391304347826086, 0.7555555555555555, 0.8222222222222222, 0.6666666666666666, 0.7777777777777778, 0.6666666666666666, 0.7777777777777778]","[0.6739130434782609, 0.782608695652174, 0.717391304347826, 0.7391304347826086, 0.7555555555555555, 0.8222222222222222, 0.6666666666666666, 0.7777777777777778, 0.6666666666666666, 0.7777777777777778]","[0.7387820512820512, 0.8225744843391903, 0.7159722222222222, 0.8086219336219337, 0.8194444444444444, 0.8540178571428572, 0.672676282051282, 0.817948717948718, 0.7065972222222222, 0.8241185897435898]","[0.6583333333333333, 0.7611111111111111, 0.6962121212121213, 0.7416666666666666, 0.7464285714285714, 0.8138888888888889, 0.6517676767676768, 0.7694444444444445, 0.668939393939394, 0.7694444444444445]","[0.643840579710145, 0.7581154477706201, 0.686870401810979, 0.7056808134394341, 0.7211237038823246, 0.8050346171943268, 0.6242236024844721, 0.7574653607262303, 0.6403133903133903, 0.7569057351666048]","[0.7311872909698998, 0.8174012688079183, 0.7231280193236714, 0.8152487609009348, 0.8234567901234568, 0.8598015873015873, 0.6810897435897435, 0.8151566951566952, 0.724074074074074, 0.8274572649572649]","[0.6739130434782609, 0.782608695652174, 0.717391304347826, 0.7391304347826086, 0.7555555555555555, 0.8222222222222222, 0.6666666666666666, 0.7777777777777778, 0.6666666666666666, 0.7777777777777778]","[0.6562381852551986, 0.7717899292112186, 0.7029354592652741, 0.7137392842040519, 0.7330707606569676, 0.8145967302248811, 0.6416379112031285, 0.7657323352975526, 0.649446027223805, 0.767771859559299]","[array([[12,  0,  0,  0],
       [ 6,  3,  0,  0],
       [ 0,  0,  7,  3],
       [ 0,  0,  6,  9]]), array([[12,  0,  0,  0],
       [ 5,  4,  0,  0],
       [ 0,  0,  8,  2],
       [ 0,  0,  3, 12]]), array([[ 9,  2,  0,  0],
       [ 6,  3,  0,  1],
       [ 0,  0,  8,  2],
       [ 1,  0,  1, 13]]), array([[11,  0,  0,  0],
       [ 6,  3,  0,  1],
       [ 0,  0, 10,  0],
       [ 1,  0,  4, 10]]), array([[11,  0,  0,  0],
       [ 7,  3,  0,  0],
       [ 0,  0,  9,  1],
       [ 0,  0,  3, 11]]), array([[11,  0,  0,  0],
       [ 5,  5,  0,  0],
       [ 0,  0,  8,  1],
       [ 0,  0,  2, 13]]), array([[ 9,  1,  1,  0],
       [ 5,  2,  0,  2],
       [ 0,  0,  9,  1],
       [ 2,  0,  3, 10]]), array([[11,  0,  0,  0],
       [ 4,  4,  0,  1],
       [ 0,  0,  9,  1],
       [ 0,  0,  4, 11]]), array([[10,  1,  0,  0],
       [ 6,  3,  0,  0],
       [ 0,  0,  9,  1],
       [ 0,  0,  7,  8]]), array([[11,  0,  0,  0],
       [ 4,  4,  0,  1],
       [ 1,  0,  9,  0],
       [ 0,  0,  4, 11]])]"
11,"[0.8193018480492813, 0.839835728952772, 0.823045267489712, 0.831275720164609, 0.8241308793456033, 0.8127572016460906, 0.8357289527720739, 0.8254620123203286, 0.813141683778234, 0.8069815195071869]","[0.8193018480492813, 0.839835728952772, 0.823045267489712, 0.831275720164609, 0.8241308793456033, 0.8127572016460906, 0.8357289527720739, 0.8254620123203286, 0.813141683778234, 0.8069815195071869]","[0.8193018480492813, 0.839835728952772, 0.823045267489712, 0.831275720164609, 0.8241308793456033, 0.8127572016460906, 0.8357289527720739, 0.8254620123203286, 0.813141683778234, 0.8069815195071869]","[0.8193018480492813, 0.839835728952772, 0.823045267489712, 0.831275720164609, 0.8241308793456033, 0.8127572016460906, 0.8357289527720739, 0.8254620123203286, 0.813141683778234, 0.8069815195071869]","[0.8549731571091531, 0.8600908364978371, 0.8478342851128358, 0.8527496918944962, 0.847701330311805, 0.8491164308270749, 0.8636237119050649, 0.8629451328622348, 0.8384781221268592, 0.8459221267470944]","[0.7884986830553117, 0.8103819139596138, 0.7951314854299929, 0.804815209665956, 0.7957671957671957, 0.78136105188344, 0.8066505706760315, 0.795171202809482, 0.7829016681299384, 0.7708516242317822]","[0.7940368085509385, 0.816543020142805, 0.801822095995035, 0.8119227695740355, 0.8022752553552766, 0.7871556006343632, 0.8127490915222552, 0.8016512556658055, 0.7881240225668745, 0.7731661090756116]","[0.8427767533412172, 0.8524360327254802, 0.8387462267123088, 0.8438992990642918, 0.8384745143503289, 0.8361027142354612, 0.8542766824717115, 0.8491552180988869, 0.8290866171476502, 0.8332143142660241]","[0.8193018480492813, 0.839835728952772, 0.823045267489712, 0.831275720164609, 0.8241308793456033, 0.8127572016460906, 0.8357289527720739, 0.8254620123203286, 0.813141683778234, 0.8069815195071869]","[0.8089649571000256, 0.8316229817861949, 0.8152034098637794, 0.8242883504655749, 0.8158877216914449, 0.8022950657202029, 0.8269352823851697, 0.815761035355183, 0.8034644543616826, 0.7927513901981751]","[array([[130,   1,   2,   1],
       [ 38,  41,   0,   6],
       [  1,   0, 128,   5],
       [  3,   0,  31, 100]]), array([[130,   3,   1,   0],
       [ 33,  44,   0,   8],
       [  1,   0, 126,   7],
       [  4,   0,  21, 109]]), array([[128,   3,   3,   0],
       [ 35,  44,   0,   5],
       [  0,   0, 126,   8],
       [  2,   0,  30, 102]]), array([[129,   3,   1,   1],
       [ 32,  46,   0,   6],
       [  1,   0, 125,   8],
       [  2,   0,  28, 104]]), array([[131,   3,   1,   0],
       [ 33,  44,   0,   7],
       [  1,   0, 126,   8],
       [  4,   0,  29, 102]]), array([[131,   1,   1,   1],
       [ 39,  40,   0,   5],
       [  1,   0, 125,   8],
       [  4,   0,  31,  99]]), array([[131,   2,   0,   1],
       [ 36,  44,   1,   4],
       [  0,   0, 129,   5],
       [  2,   0,  29, 103]]), array([[131,   0,   2,   1],
       [ 37,  42,   0,   6],
       [  1,   0, 127,   6],
       [  2,   0,  30, 102]]), array([[130,   3,   1,   0],
       [ 38,  41,   0,   6],
       [  1,   0, 122,  11],
       [  3,   0,  28, 103]]), array([[130,   1,   2,   1],
       [ 44,  35,   0,   6],
       [  0,   0, 127,   7],
       [  3,   0,  30, 101]])]","[0.7391304347826086, 0.782608695652174, 0.6956521739130435, 0.8043478260869565, 0.7333333333333333, 0.8444444444444444, 0.6666666666666666, 0.7555555555555555, 0.8222222222222222, 0.7333333333333333]","[0.7391304347826086, 0.782608695652174, 0.6956521739130435, 0.8043478260869565, 0.7333333333333333, 0.8444444444444444, 0.6666666666666666, 0.7555555555555555, 0.8222222222222222, 0.7333333333333333]","[0.7391304347826086, 0.782608695652174, 0.6956521739130435, 0.8043478260869565, 0.7333333333333333, 0.8444444444444444, 0.6666666666666666, 0.7555555555555555, 0.8222222222222222, 0.7333333333333333]","[0.7391304347826086, 0.782608695652174, 0.6956521739130435, 0.8043478260869565, 0.7333333333333333, 0.8444444444444444, 0.6666666666666666, 0.7555555555555555, 0.8222222222222222, 0.7333333333333333]","[0.7920454545454546, 0.8198272315919376, 0.7053571428571428, 0.8508672699849171, 0.7512254901960784, 0.8654761904761905, 0.672676282051282, 0.804029304029304, 0.8641826923076923, 0.80625]","[0.7361111111111112, 0.7722222222222223, 0.6818181818181819, 0.8, 0.7237012987012986, 0.8388888888888889, 0.6517676767676768, 0.7356060606060606, 0.8111111111111111, 0.730050505050505]","[0.7212087912087912, 0.7723727422003284, 0.6868817204301074, 0.7808441558441559, 0.7017982017982018, 0.833702708362418, 0.6242236024844721, 0.7198564179448736, 0.7971633841199058, 0.719031339031339]","[0.7885375494071146, 0.8138178956593279, 0.7072981366459627, 0.8542855269197981, 0.762309368191721, 0.871005291005291, 0.6810897435897435, 0.8025234025234025, 0.8723290598290598, 0.8194444444444444]","[0.7391304347826086, 0.782608695652174, 0.6956521739130435, 0.8043478260869565, 0.7333333333333333, 0.8444444444444444, 0.6666666666666666, 0.7555555555555555, 0.8222222222222222, 0.7333333333333333]","[0.7262780697563306, 0.7774862568715643, 0.6953529686769518, 0.7892433653303218, 0.714907314907315, 0.8407759008484961, 0.6416379112031285, 0.7378093004779662, 0.8117868890815749, 0.7308135485913264]","[array([[12,  0,  0,  0],
       [ 4,  4,  0,  1],
       [ 0,  0,  9,  1],
       [ 0,  0,  6,  9]]), array([[12,  0,  0,  0],
       [ 4,  5,  0,  0],
       [ 0,  0,  8,  2],
       [ 1,  0,  3, 11]]), array([[ 8,  3,  0,  0],
       [ 4,  5,  0,  1],
       [ 0,  0,  7,  3],
       [ 2,  0,  1, 12]]), array([[11,  0,  0,  0],
       [ 5,  4,  0,  1],
       [ 0,  0, 10,  0],
       [ 1,  0,  2, 12]]), array([[10,  1,  0,  0],
       [ 7,  3,  0,  0],
       [ 0,  0,  9,  1],
       [ 0,  0,  3, 11]]), array([[11,  0,  0,  0],
       [ 4,  6,  0,  0],
       [ 0,  0,  8,  1],
       [ 0,  0,  2, 13]]), array([[ 9,  1,  1,  0],
       [ 5,  2,  0,  2],
       [ 0,  0,  9,  1],
       [ 2,  0,  3, 10]]), array([[10,  0,  1,  0],
       [ 5,  3,  0,  1],
       [ 0,  0,  9,  1],
       [ 0,  0,  3, 12]]), array([[11,  0,  0,  0],
       [ 5,  4,  0,  0],
       [ 0,  0, 10,  0],
       [ 0,  0,  3, 12]]), array([[10,  0,  1,  0],
       [ 5,  4,  0,  0],
       [ 1,  0,  9,  0],
       [ 0,  0,  5, 10]])]"
12,"[0.811088295687885, 0.8234086242299795, 0.8065843621399177, 0.8271604938271605, 0.8077709611451943, 0.7942386831275721, 0.8151950718685832, 0.7967145790554415, 0.8295687885010267, 0.7967145790554415]","[0.811088295687885, 0.8234086242299795, 0.8065843621399177, 0.8271604938271605, 0.8077709611451943, 0.7942386831275721, 0.8151950718685832, 0.7967145790554415, 0.8295687885010267, 0.7967145790554415]","[0.811088295687885, 0.8234086242299795, 0.8065843621399177, 0.8271604938271605, 0.8077709611451943, 0.7942386831275721, 0.8151950718685832, 0.7967145790554415, 0.8295687885010267, 0.7967145790554415]","[0.811088295687885, 0.8234086242299795, 0.8065843621399177, 0.8271604938271605, 0.8077709611451943, 0.7942386831275721, 0.8151950718685832, 0.7967145790554415, 0.8295687885010267, 0.7967145790554415]","[0.8467901422021272, 0.8525360073346627, 0.8536828495161828, 0.8599621636410935, 0.8387712659672666, 0.8330556327506142, 0.8536549299709113, 0.8493359675868323, 0.8572884793545028, 0.8274429025974375]","[0.7735074626865672, 0.7922300263388937, 0.7679904051172708, 0.7988628287135751, 0.771957671957672, 0.7534648187633262, 0.7804653204565408, 0.7561457418788411, 0.7978270412642668, 0.7636742756804213]","[0.7745462446761149, 0.79670144653738, 0.7693769238696445, 0.8057042216895344, 0.775834992679676, 0.7523292821322378, 0.7840563925571002, 0.7545194961034885, 0.803243281217377, 0.7652930093667127]","[0.8369645553235369, 0.8423785825437805, 0.8386296447338972, 0.8478412156846442, 0.8274451823080569, 0.8223103274780437, 0.8415780619068152, 0.8341767528265752, 0.8476092293664381, 0.8198970915751633]","[0.811088295687885, 0.8234086242299795, 0.8065843621399177, 0.8271604938271605, 0.8077709611451943, 0.7942386831275721, 0.8151950718685832, 0.7967145790554415, 0.8295687885010267, 0.7967145790554415]","[0.7959334641966179, 0.8124052368460691, 0.7904956851625539, 0.8184134479296451, 0.7951994588778882, 0.7765152803649429, 0.8024118102953958, 0.7779409291995186, 0.8196052848716919, 0.783201797213101]","[array([[130,   2,   1,   1],
       [ 45,  34,   0,   6],
       [  1,   0, 130,   3],
       [  2,   0,  31, 101]]), array([[130,   2,   2,   0],
       [ 35,  41,   0,   9],
       [  0,   0, 130,   4],
       [  4,   0,  30, 100]]), array([[133,   0,   1,   0],
       [ 44,  33,   1,   6],
       [  1,   0, 127,   6],
       [  2,   0,  33,  99]]), array([[131,   1,   2,   0],
       [ 33,  44,   0,   7],
       [  1,   0, 128,   5],
       [  4,   0,  31,  99]]), array([[129,   2,   3,   1],
       [ 41,  36,   0,   7],
       [  0,   0, 126,   9],
       [  3,   0,  28, 104]]), array([[129,   2,   2,   1],
       [ 48,  30,   0,   6],
       [  1,   0, 128,   5],
       [  3,   0,  32,  99]]), array([[131,   1,   0,   2],
       [ 43,  37,   0,   5],
       [  1,   0, 128,   5],
       [  4,   0,  29, 101]]), array([[130,   0,   3,   1],
       [ 48,  30,   0,   7],
       [  1,   0, 130,   3],
       [  4,   0,  32,  98]]), array([[130,   2,   2,   0],
       [ 38,  41,   0,   6],
       [  0,   0, 127,   7],
       [  3,   0,  25, 106]]), array([[128,   4,   2,   0],
       [ 42,  37,   0,   6],
       [  0,   0, 130,   4],
       [  2,   0,  39,  93]])]","[0.6521739130434783, 0.782608695652174, 0.7391304347826086, 0.782608695652174, 0.7555555555555555, 0.7777777777777778, 0.6888888888888889, 0.7555555555555555, 0.7111111111111111, 0.7777777777777778]","[0.6521739130434783, 0.782608695652174, 0.7391304347826086, 0.782608695652174, 0.7555555555555555, 0.7777777777777778, 0.6888888888888889, 0.7555555555555555, 0.7111111111111111, 0.7777777777777778]","[0.6521739130434783, 0.782608695652174, 0.7391304347826086, 0.782608695652174, 0.7555555555555555, 0.7777777777777778, 0.6888888888888889, 0.7555555555555555, 0.7111111111111111, 0.7777777777777778]","[0.6521739130434783, 0.782608695652174, 0.7391304347826086, 0.782608695652174, 0.7555555555555555, 0.7777777777777778, 0.6888888888888889, 0.7555555555555555, 0.7111111111111111, 0.7777777777777778]","[0.7382518796992481, 0.8225744843391903, 0.7631427396133279, 0.8332390648567118, 0.8313492063492064, 0.8243521184697655, 0.759271978021978, 0.8158143939393939, 0.7739441930618401, 0.8272727272727273]","[0.6277777777777778, 0.7611111111111111, 0.7356060606060606, 0.7833333333333333, 0.7535714285714286, 0.7722222222222221, 0.6744949494949495, 0.7499999999999999, 0.7, 0.7777777777777778]","[0.5768817204301074, 0.7581154477706201, 0.7226190476190476, 0.7603807223372441, 0.7217064544650752, 0.7535714285714287, 0.6421657046657047, 0.721011396011396, 0.6805268000920175, 0.7576923076923077]","[0.7292007191892774, 0.8174012688079183, 0.7683633502047824, 0.838259885894157, 0.8414462081128748, 0.8335390100095983, 0.7520451770451771, 0.8192340067340066, 0.7726998491704374, 0.8304377104377105]","[0.6521739130434783, 0.782608695652174, 0.7391304347826086, 0.782608695652174, 0.7555555555555555, 0.7777777777777778, 0.6888888888888889, 0.7555555555555555, 0.7111111111111111, 0.7777777777777778]","[0.6034128097241702, 0.7717899292112186, 0.7292960662525879, 0.76684820115822, 0.7324491600353671, 0.7647619047619046, 0.6585591363369141, 0.7333649889205445, 0.6935664442910819, 0.7641025641025642]","[array([[12,  0,  0,  0],
       [ 7,  1,  0,  1],
       [ 0,  0,  8,  2],
       [ 0,  0,  6,  9]]), array([[12,  0,  0,  0],
       [ 5,  4,  0,  0],
       [ 0,  0,  8,  2],
       [ 0,  0,  3, 12]]), array([[10,  1,  0,  0],
       [ 5,  4,  0,  1],
       [ 0,  0,  9,  1],
       [ 2,  0,  2, 11]]), array([[11,  0,  0,  0],
       [ 5,  4,  0,  1],
       [ 0,  0, 10,  0],
       [ 1,  0,  3, 11]]), array([[11,  0,  0,  0],
       [ 7,  3,  0,  0],
       [ 0,  0, 10,  0],
       [ 0,  0,  4, 10]]), array([[11,  0,  0,  0],
       [ 6,  4,  0,  0],
       [ 0,  0,  8,  1],
       [ 0,  0,  3, 12]]), array([[10,  0,  1,  0],
       [ 5,  2,  0,  2],
       [ 0,  0,  9,  1],
       [ 1,  0,  4, 10]]), array([[11,  0,  0,  0],
       [ 5,  3,  0,  1],
       [ 0,  0, 10,  0],
       [ 0,  0,  5, 10]]), array([[11,  0,  0,  0],
       [ 6,  3,  0,  0],
       [ 0,  0,  8,  2],
       [ 0,  0,  5, 10]]), array([[11,  0,  0,  0],
       [ 4,  4,  0,  1],
       [ 0,  0, 10,  0],
       [ 0,  0,  5, 10]])]"
13,"[0.813141683778234, 0.8275154004106776, 0.8106995884773662, 0.823045267489712, 0.8241308793456033, 0.8251028806584362, 0.8336755646817249, 0.813141683778234, 0.8213552361396304, 0.8316221765913757]","[0.813141683778234, 0.8275154004106776, 0.8106995884773662, 0.823045267489712, 0.8241308793456033, 0.8251028806584362, 0.8336755646817249, 0.813141683778234, 0.8213552361396304, 0.8316221765913757]","[0.813141683778234, 0.8275154004106776, 0.8106995884773662, 0.823045267489712, 0.8241308793456033, 0.8251028806584362, 0.8336755646817249, 0.813141683778234, 0.8213552361396304, 0.8316221765913757]","[0.813141683778234, 0.8275154004106776, 0.8106995884773662, 0.823045267489712, 0.8241308793456033, 0.8251028806584362, 0.8336755646817249, 0.813141683778234, 0.8213552361396304, 0.8316221765913757]","[0.8437684933733784, 0.854509329043314, 0.8563306389722594, 0.847824055683952, 0.8537524512142123, 0.8610358196665064, 0.8585412547468851, 0.8456548808730687, 0.8531734815994995, 0.8588601839965768]","[0.7775241439859526, 0.7981123792800702, 0.7728322672352523, 0.7906894100923951, 0.7878968253968254, 0.7903340440653873, 0.8026338893766461, 0.779675153643547, 0.786062335381914, 0.7975417032484635]","[0.7802743095819414, 0.8039939323828341, 0.7757016831073965, 0.7952635061115018, 0.7926353431574049, 0.7950411397281264, 0.8076819615784478, 0.7834507727377382, 0.7890538291776629, 0.8022730687271097]","[0.8357887951075187, 0.8443424602566615, 0.8415498405126153, 0.8393458146905793, 0.8438480741739453, 0.8493770588956765, 0.8510159737392137, 0.8351560906529053, 0.8435601779263906, 0.8495673563133556]","[0.813141683778234, 0.8275154004106776, 0.8106995884773662, 0.823045267489712, 0.8241308793456033, 0.8251028806584362, 0.8336755646817249, 0.813141683778234, 0.8213552361396304, 0.8316221765913757]","[0.8003601992457798, 0.8183272343774425, 0.7962192239167297, 0.8122740252749774, 0.8125565613000619, 0.813266958747297, 0.8239342770934489, 0.8011039305696668, 0.8084002401547358, 0.8207084835819249]","[array([[127,   3,   3,   1],
       [ 44,  36,   0,   5],
       [  1,   0, 130,   3],
       [  2,   0,  29, 103]]), array([[129,   2,   3,   0],
       [ 34,  43,   0,   8],
       [  0,   0, 128,   6],
       [  3,   0,  28, 103]]), array([[131,   0,   2,   1],
       [ 45,  34,   0,   5],
       [  1,   0, 127,   6],
       [  2,   0,  30, 102]]), array([[129,   3,   1,   1],
       [ 37,  40,   0,   7],
       [  0,   0, 129,   5],
       [  2,   0,  30, 102]]), array([[131,   2,   2,   0],
       [ 41,  37,   0,   6],
       [  1,   0, 126,   8],
       [  4,   0,  22, 109]]), array([[132,   1,   1,   0],
       [ 40,  38,   0,   6],
       [  1,   0, 128,   5],
       [  4,   0,  27, 103]]), array([[131,   3,   0,   0],
       [ 38,  42,   0,   5],
       [  0,   0, 129,   5],
       [  3,   0,  27, 104]]), array([[130,   2,   2,   0],
       [ 41,  38,   0,   6],
       [  0,   0, 127,   7],
       [  4,   0,  29, 101]]), array([[130,   2,   1,   1],
       [ 42,  37,   0,   6],
       [  0,   0, 130,   4],
       [  3,   0,  28, 103]]), array([[129,   2,   2,   1],
       [ 41,  39,   0,   5],
       [  0,   0, 127,   7],
       [  1,   0,  23, 110]])]","[0.717391304347826, 0.8043478260869565, 0.782608695652174, 0.782608695652174, 0.7333333333333333, 0.8, 0.6666666666666666, 0.7555555555555555, 0.7555555555555555, 0.8]","[0.717391304347826, 0.8043478260869565, 0.782608695652174, 0.782608695652174, 0.7333333333333333, 0.8, 0.6666666666666666, 0.7555555555555555, 0.7555555555555555, 0.8]","[0.717391304347826, 0.8043478260869565, 0.782608695652174, 0.782608695652174, 0.7333333333333333, 0.8, 0.6666666666666666, 0.7555555555555555, 0.7555555555555555, 0.8]","[0.717391304347826, 0.8043478260869565, 0.782608695652174, 0.782608695652174, 0.7333333333333333, 0.8, 0.6666666666666666, 0.7555555555555555, 0.7555555555555555, 0.8]","[0.7857142857142857, 0.8364583333333333, 0.7979166666666667, 0.8293269230769231, 0.7512254901960784, 0.8344624125874127, 0.6666666666666666, 0.8023809523809524, 0.8313492063492064, 0.8410714285714286]","[0.6972222222222222, 0.7847222222222222, 0.7689393939393939, 0.7772727272727273, 0.7237012987012986, 0.7972222222222223, 0.6434343434343435, 0.7527777777777778, 0.7388888888888889, 0.7944444444444445]","[0.6635942760942761, 0.791952551629971, 0.7601851851851852, 0.7597193466758684, 0.7017982017982018, 0.7846560846560847, 0.6215617715617715, 0.7380698005698005, 0.7004360581946789, 0.7774216524216525]","[0.7810559006211181, 0.8258152173913043, 0.8016304347826086, 0.8350752508361204, 0.762309368191721, 0.8434246309246309, 0.6725925925925925, 0.7998941798941799, 0.8414462081128748, 0.8435449735449735]","[0.717391304347826, 0.8043478260869565, 0.782608695652174, 0.782608695652174, 0.7333333333333333, 0.8, 0.6666666666666666, 0.7555555555555555, 0.7555555555555555, 0.8]","[0.684431269213878, 0.7997172688617289, 0.7713365539452496, 0.7698962802932556, 0.714907314907315, 0.793039388594944, 0.641958041958042, 0.74349477682811, 0.7254043529905599, 0.7867046533713201]","[array([[12,  0,  0,  0],
       [ 6,  2,  0,  1],
       [ 0,  0,  9,  1],
       [ 0,  0,  5, 10]]), array([[11,  0,  0,  1],
       [ 4,  5,  0,  0],
       [ 0,  0,  8,  2],
       [ 0,  0,  2, 13]]), array([[10,  1,  0,  0],
       [ 5,  4,  0,  1],
       [ 0,  0,  9,  1],
       [ 1,  0,  1, 13]]), array([[10,  0,  1,  0],
       [ 5,  4,  0,  1],
       [ 0,  0, 10,  0],
       [ 1,  0,  2, 12]]), array([[10,  1,  0,  0],
       [ 7,  3,  0,  0],
       [ 0,  0,  9,  1],
       [ 0,  0,  3, 11]]), array([[11,  0,  0,  0],
       [ 5,  5,  0,  0],
       [ 0,  0,  8,  1],
       [ 0,  0,  3, 12]]), array([[ 9,  1,  1,  0],
       [ 5,  2,  0,  2],
       [ 0,  0,  8,  2],
       [ 1,  0,  3, 11]]), array([[11,  0,  0,  0],
       [ 4,  4,  0,  1],
       [ 0,  0,  9,  1],
       [ 0,  0,  5, 10]]), array([[11,  0,  0,  0],
       [ 7,  2,  0,  0],
       [ 0,  0, 10,  0],
       [ 0,  0,  4, 11]]), array([[11,  0,  0,  0],
       [ 4,  4,  0,  1],
       [ 0,  0, 10,  0],
       [ 0,  0,  4, 11]])]"
14,"[0.7987679671457906, 0.8090349075975359, 0.8065843621399177, 0.8024691358024691, 0.803680981595092, 0.7839506172839507, 0.8028747433264887, 0.7905544147843943, 0.7987679671457906, 0.7967145790554415]","[0.7987679671457906, 0.8090349075975359, 0.8065843621399177, 0.8024691358024691, 0.803680981595092, 0.7839506172839507, 0.8028747433264887, 0.7905544147843943, 0.7987679671457906, 0.7967145790554415]","[0.7987679671457906, 0.8090349075975359, 0.8065843621399177, 0.8024691358024691, 0.803680981595092, 0.7839506172839507, 0.8028747433264887, 0.7905544147843943, 0.7987679671457906, 0.7967145790554415]","[0.7987679671457906, 0.8090349075975359, 0.8065843621399177, 0.8024691358024691, 0.803680981595092, 0.7839506172839507, 0.8028747433264887, 0.7905544147843943, 0.7987679671457906, 0.7967145790554415]","[0.8382260807094976, 0.8426322551018226, 0.855974163174414, 0.839790543471525, 0.8426556299063444, 0.8245993262556146, 0.8481421157934449, 0.8400850767355622, 0.825582425112154, 0.8356614929785662]","[0.7612379280070237, 0.7694907813871817, 0.7679904051172708, 0.7620380241648899, 0.7682539682539682, 0.7419154228855722, 0.7671202809482002, 0.7526997366110624, 0.7590869183494293, 0.7572212467076382]","[0.7618383132019496, 0.7691365117787551, 0.7691564452984672, 0.7612090732196194, 0.7717306225751364, 0.7391601053041893, 0.7684109888381037, 0.7525408328217503, 0.7580443720527384, 0.756081750421394]","[0.8276985200416647, 0.8327171286976456, 0.8411566902499709, 0.8295432805165442, 0.8290642505681071, 0.813412700013051, 0.8356576697667302, 0.8270440443842091, 0.8195321968380176, 0.8252243474460131]","[0.7987679671457906, 0.8090349075975359, 0.8065843621399177, 0.8024691358024691, 0.803680981595092, 0.7839506172839507, 0.8028747433264887, 0.7905544147843943, 0.7987679671457906, 0.7967145790554415]","[0.783152640402967, 0.7924111481251378, 0.7902525236108028, 0.7850048081275504, 0.7901583410072743, 0.7646675163256657, 0.7875178287047372, 0.773687094878886, 0.7823308352230003, 0.7792896417125312]","[array([[127,   2,   3,   2],
       [ 46,  33,   0,   6],
       [  1,   0, 131,   2],
       [  4,   0,  32,  98]]), array([[130,   2,   2,   0],
       [ 45,  32,   0,   8],
       [  1,   0, 128,   5],
       [  2,   0,  28, 104]]), array([[133,   0,   1,   0],
       [ 45,  33,   0,   6],
       [  1,   0, 129,   4],
       [  3,   0,  34,  97]]), array([[130,   2,   1,   1],
       [ 47,  31,   0,   6],
       [  0,   0, 130,   4],
       [  3,   0,  32,  99]]), array([[132,   1,   1,   1],
       [ 41,  36,   0,   7],
       [  1,   0, 127,   7],
       [  4,   0,  33,  98]]), array([[130,   2,   2,   0],
       [ 50,  28,   0,   6],
       [  1,   0, 125,   8],
       [  5,   0,  31,  98]]), array([[132,   1,   0,   1],
       [ 45,  35,   0,   5],
       [  1,   0, 130,   3],
       [  3,   0,  37,  94]]), array([[129,   1,   3,   1],
       [ 49,  32,   0,   4],
       [  0,   0, 130,   4],
       [  4,   0,  36,  94]]), array([[126,   4,   3,   1],
       [ 49,  31,   0,   5],
       [  0,   0, 129,   5],
       [  2,   0,  29, 103]]), array([[129,   2,   3,   0],
       [ 48,  31,   0,   6],
       [  0,   0, 129,   5],
       [  3,   0,  32,  99]])]","[0.6521739130434783, 0.8043478260869565, 0.717391304347826, 0.7608695652173914, 0.7333333333333333, 0.7555555555555555, 0.6666666666666666, 0.7333333333333333, 0.7555555555555555, 0.8]","[0.6521739130434783, 0.8043478260869565, 0.717391304347826, 0.7608695652173914, 0.7333333333333333, 0.7555555555555555, 0.6666666666666666, 0.7333333333333333, 0.7555555555555555, 0.8]","[0.6521739130434783, 0.8043478260869565, 0.717391304347826, 0.7608695652173914, 0.7333333333333333, 0.7555555555555555, 0.6666666666666666, 0.7333333333333333, 0.7555555555555555, 0.8]","[0.6521739130434783, 0.8043478260869565, 0.717391304347826, 0.7608695652173914, 0.7333333333333333, 0.7555555555555555, 0.6666666666666666, 0.7333333333333333, 0.7555555555555555, 0.8]","[0.7318181818181817, 0.8430871212121213, 0.7198529411764706, 0.8201357466063348, 0.8114035087719298, 0.8322368421052632, 0.7452731092436975, 0.803125, 0.809862012987013, 0.8410714285714286]","[0.6388888888888888, 0.7819444444444444, 0.7128787878787879, 0.7522727272727272, 0.7214285714285714, 0.75, 0.6578282828282829, 0.7333333333333333, 0.7527777777777778, 0.7944444444444445]","[0.6047552447552448, 0.7812271062271062, 0.6916907166907167, 0.7256330625895844, 0.6827505827505828, 0.7031746031746031, 0.6236471861471862, 0.701011396011396, 0.7373575498575499, 0.7774216524216525]","[0.7226613965744401, 0.8354743083003953, 0.7371057118499573, 0.8262836907338186, 0.8155945419103313, 0.8470760233918128, 0.7366479925303455, 0.8069444444444445, 0.8139430014430016, 0.8435449735449735]","[0.6521739130434783, 0.8043478260869565, 0.717391304347826, 0.7608695652173914, 0.7333333333333333, 0.7555555555555555, 0.6666666666666666, 0.7333333333333333, 0.7555555555555555, 0.8]","[0.6196412283368806, 0.794314381270903, 0.7040121714034757, 0.739680923990943, 0.6983993783993784, 0.721058201058201, 0.6362193362193362, 0.7101171256726811, 0.7453308008863565, 0.7867046533713201]","[array([[12,  0,  0,  0],
       [ 6,  2,  0,  1],
       [ 0,  0,  8,  2],
       [ 0,  0,  7,  8]]), array([[11,  0,  0,  1],
       [ 5,  4,  0,  0],
       [ 0,  0,  9,  1],
       [ 0,  0,  2, 13]]), array([[ 9,  2,  0,  0],
       [ 6,  3,  0,  1],
       [ 0,  0, 10,  0],
       [ 2,  0,  2, 11]]), array([[10,  0,  1,  0],
       [ 6,  3,  0,  1],
       [ 0,  0, 10,  0],
       [ 1,  0,  2, 12]]), array([[11,  0,  0,  0],
       [ 8,  2,  0,  0],
       [ 0,  0,  9,  1],
       [ 0,  0,  3, 11]]), array([[11,  0,  0,  0],
       [ 8,  2,  0,  0],
       [ 0,  0,  9,  0],
       [ 0,  0,  3, 12]]), array([[10,  0,  1,  0],
       [ 5,  2,  0,  2],
       [ 0,  0,  9,  1],
       [ 2,  0,  4,  9]]), array([[11,  0,  0,  0],
       [ 5,  3,  0,  1],
       [ 0,  0, 10,  0],
       [ 0,  0,  6,  9]]), array([[11,  0,  0,  0],
       [ 5,  4,  0,  0],
       [ 0,  0,  9,  1],
       [ 0,  0,  5, 10]]), array([[11,  0,  0,  0],
       [ 4,  4,  0,  1],
       [ 0,  0, 10,  0],
       [ 0,  0,  4, 11]])]"
15,"[0.8090349075975359, 0.8151950718685832, 0.7942386831275721, 0.8251028806584362, 0.8179959100204499, 0.7962962962962963, 0.8254620123203286, 0.7926078028747433, 0.8069815195071869, 0.813141683778234]","[0.8090349075975359, 0.8151950718685832, 0.7942386831275721, 0.8251028806584362, 0.8179959100204499, 0.7962962962962963, 0.8254620123203286, 0.7926078028747433, 0.8069815195071869, 0.813141683778234]","[0.8090349075975359, 0.8151950718685832, 0.7942386831275721, 0.8251028806584362, 0.8179959100204499, 0.7962962962962963, 0.8254620123203286, 0.7926078028747433, 0.8069815195071869, 0.813141683778234]","[0.8090349075975359, 0.8151950718685832, 0.7942386831275721, 0.8251028806584362, 0.8179959100204499, 0.7962962962962963, 0.8254620123203286, 0.7926078028747433, 0.8069815195071869, 0.813141683778234]","[0.8414472473763348, 0.8507497744681445, 0.8369507188403773, 0.8553354212055193, 0.8530538386467144, 0.8293627988328792, 0.8558194868887534, 0.8378357765388842, 0.8428683368155551, 0.845199805068226]","[0.7727172958735733, 0.776163301141352, 0.7534648187633263, 0.7925550817341862, 0.7845899470899471, 0.7564410092395166, 0.7940956979806848, 0.7513388937664619, 0.7687006145741879, 0.779675153643547]","[0.7747108240580343, 0.7770685457138572, 0.7528250848483129, 0.797425095643966, 0.7901065003744394, 0.7557959428107456, 0.7991888022184481, 0.7483059923054436, 0.7693525698209016, 0.7833705032372403]","[0.8334376707317188, 0.8386921059250794, 0.8234948323544211, 0.8453513130598985, 0.84033552733993, 0.8208852363792297, 0.8459924327306235, 0.8248733255814688, 0.832807861464348, 0.834655226933407]","[0.8090349075975359, 0.8151950718685832, 0.7942386831275721, 0.8251028806584362, 0.8179959100204499, 0.7962962962962963, 0.8254620123203286, 0.7926078028747433, 0.8069815195071869, 0.813141683778234]","[0.7953979934975723, 0.7994502462307848, 0.7765993599937379, 0.8141436615620041, 0.8069056544803823, 0.7794967878721846, 0.8151428603472036, 0.7728520911652094, 0.7914229515893292, 0.8010155846717882]","[array([[128,   3,   2,   1],
       [ 45,  35,   0,   5],
       [  1,   0, 130,   3],
       [  4,   0,  29, 101]]), array([[132,   1,   1,   0],
       [ 44,  33,   0,   8],
       [  0,   0, 124,  10],
       [  3,   0,  23, 108]]), array([[130,   1,   2,   1],
       [ 48,  30,   0,   6],
       [  1,   0, 125,   8],
       [  2,   0,  31, 101]]), array([[130,   2,   1,   1],
       [ 38,  40,   0,   6],
       [  0,   0, 130,   4],
       [  2,   0,  31, 101]]), array([[131,   1,   2,   1],
       [ 38,  39,   0,   7],
       [  1,   0, 128,   6],
       [  4,   0,  29, 102]]), array([[128,   3,   3,   0],
       [ 47,  31,   0,   6],
       [  0,   0, 129,   5],
       [  3,   0,  32,  99]]), array([[130,   2,   1,   1],
       [ 39,  41,   0,   5],
       [  0,   0, 129,   5],
       [  3,   0,  29, 102]]), array([[130,   1,   2,   1],
       [ 49,  29,   0,   7],
       [  0,   0, 129,   5],
       [  4,   0,  32,  98]]), array([[129,   2,   3,   0],
       [ 46,  33,   0,   6],
       [  0,   0, 129,   5],
       [  3,   0,  29, 102]]), array([[128,   2,   2,   2],
       [ 41,  38,   0,   6],
       [  0,   0, 129,   5],
       [  2,   0,  31, 101]])]","[0.6956521739130435, 0.8043478260869565, 0.717391304347826, 0.8043478260869565, 0.6888888888888889, 0.7111111111111111, 0.6666666666666666, 0.7777777777777778, 0.6888888888888889, 0.7777777777777778]","[0.6956521739130435, 0.8043478260869565, 0.717391304347826, 0.8043478260869565, 0.6888888888888889, 0.7111111111111111, 0.6666666666666666, 0.7777777777777778, 0.6888888888888889, 0.7777777777777778]","[0.6956521739130435, 0.8043478260869565, 0.717391304347826, 0.8043478260869565, 0.6888888888888889, 0.7111111111111111, 0.6666666666666666, 0.7777777777777778, 0.6888888888888889, 0.7777777777777778]","[0.6956521739130435, 0.8043478260869565, 0.717391304347826, 0.8043478260869565, 0.6888888888888889, 0.7111111111111111, 0.6666666666666666, 0.7777777777777778, 0.6888888888888889, 0.7777777777777778]","[0.7628205128205128, 0.8336038961038962, 0.7233755827505828, 0.8621933621933622, 0.7059052059052059, 0.7838966588966589, 0.7452731092436975, 0.8296130952380952, 0.7017125031830914, 0.8333333333333333]","[0.6722222222222222, 0.788888888888889, 0.7128787878787879, 0.7916666666666666, 0.6808441558441559, 0.7138888888888889, 0.6578282828282829, 0.7666666666666666, 0.6744949494949495, 0.7717171717171717]","[0.6433935629587804, 0.7902298850574712, 0.7023809523809523, 0.7672729569281292, 0.6449890439395687, 0.6791656619242826, 0.6236471861471862, 0.7407407407407408, 0.6417124542124543, 0.7576923076923078]","[0.754180602006689, 0.828910220214568, 0.7332237508867943, 0.8639500596022335, 0.7206250539583873, 0.7977121643788312, 0.7366479925303455, 0.8323412698412698, 0.723011628893982, 0.8444444444444444]","[0.6956521739130435, 0.8043478260869565, 0.717391304347826, 0.8043478260869565, 0.6888888888888889, 0.7111111111111111, 0.6666666666666666, 0.7777777777777778, 0.6888888888888889, 0.7777777777777778]","[0.6639898853509439, 0.7988505747126438, 0.7106625258799172, 0.7811369040754349, 0.6597603762221453, 0.6898695174557243, 0.6362193362193362, 0.7559670781893004, 0.6643467643467643, 0.770940170940171]","[array([[12,  0,  0,  0],
       [ 6,  2,  0,  1],
       [ 0,  0,  8,  2],
       [ 0,  0,  5, 10]]), array([[12,  0,  0,  0],
       [ 4,  5,  0,  0],
       [ 0,  0,  8,  2],
       [ 0,  0,  3, 12]]), array([[ 9,  2,  0,  0],
       [ 5,  4,  0,  1],
       [ 0,  0,  9,  1],
       [ 2,  0,  2, 11]]), array([[11,  0,  0,  0],
       [ 6,  3,  0,  1],
       [ 0,  0, 10,  0],
       [ 1,  0,  1, 13]]), array([[10,  1,  0,  0],
       [ 8,  2,  0,  0],
       [ 0,  0,  9,  1],
       [ 0,  0,  4, 10]]), array([[11,  0,  0,  0],
       [ 7,  3,  0,  0],
       [ 0,  0,  8,  1],
       [ 0,  0,  5, 10]]), array([[10,  0,  1,  0],
       [ 5,  2,  0,  2],
       [ 0,  0,  9,  1],
       [ 2,  0,  4,  9]]), array([[11,  0,  0,  0],
       [ 5,  3,  0,  1],
       [ 0,  0, 10,  0],
       [ 0,  0,  4, 11]]), array([[10,  1,  0,  0],
       [ 7,  2,  0,  0],
       [ 0,  0,  9,  1],
       [ 0,  0,  5, 10]]), array([[10,  0,  1,  0],
       [ 5,  4,  0,  0],
       [ 0,  0, 10,  0],
       [ 0,  0,  4, 11]])]"
16,"[0.7946611909650924, 0.7946611909650924, 0.7962962962962963, 0.7880658436213992, 0.8098159509202454, 0.7839506172839507, 0.7864476386036962, 0.7905544147843943, 0.7987679671457906, 0.7967145790554415]","[0.7946611909650924, 0.7946611909650924, 0.7962962962962963, 0.7880658436213992, 0.8098159509202454, 0.7839506172839507, 0.7864476386036962, 0.7905544147843943, 0.7987679671457906, 0.7967145790554415]","[0.7946611909650924, 0.7946611909650924, 0.7962962962962963, 0.7880658436213992, 0.8098159509202454, 0.7839506172839507, 0.7864476386036962, 0.7905544147843943, 0.7987679671457906, 0.7967145790554415]","[0.7946611909650924, 0.7946611909650924, 0.7962962962962963, 0.7880658436213992, 0.8098159509202454, 0.7839506172839507, 0.7864476386036962, 0.7905544147843943, 0.7987679671457906, 0.7967145790554415]","[0.8362565876152832, 0.83261516563147, 0.8475575728376291, 0.8369352888894371, 0.8529447281858071, 0.8240551203617037, 0.822504531611731, 0.8380641384786574, 0.8443138029496563, 0.8355892725852403]","[0.7521290605794557, 0.7521290605794557, 0.7553304904051172, 0.742315209665956, 0.7715608465608466, 0.736362828713575, 0.7511194029850747, 0.7483977172958736, 0.7590869183494294, 0.755070237050044]","[0.7481783188099842, 0.7475775531938103, 0.7549849000426664, 0.7357752514282373, 0.7734663441838222, 0.7283472876211192, 0.7519502243054751, 0.7443507445522803, 0.7579799574823881, 0.7523038823015668]","[0.826489112173426, 0.8224813048154714, 0.8318741955575498, 0.8241160324440643, 0.8405875175408561, 0.8141842479709324, 0.8128037000346217, 0.8252403149835199, 0.8317935285031124, 0.8255382760334076]","[0.7946611909650924, 0.7946611909650924, 0.7962962962962963, 0.7880658436213992, 0.8098159509202454, 0.7839506172839507, 0.7864476386036962, 0.7905544147843943, 0.7987679671457906, 0.7967145790554415]","[0.7744614154351829, 0.7738002031759034, 0.7785105287020267, 0.7647083581034207, 0.7945377683362101, 0.7598626105632249, 0.771527402090141, 0.7698189397154533, 0.7809269922890104, 0.7776896938678436]","[array([[129,   2,   2,   1],
       [ 51,  28,   0,   6],
       [  1,   0, 131,   2],
       [  3,   0,  32,  99]]), array([[131,   2,   1,   0],
       [ 49,  28,   0,   8],
       [  0,   0, 129,   5],
       [  4,   0,  31,  99]]), array([[130,   0,   3,   1],
       [ 49,  30,   0,   5],
       [  1,   0, 127,   6],
       [  1,   0,  33, 100]]), array([[131,   1,   1,   1],
       [ 53,  25,   0,   6],
       [  1,   0, 129,   4],
       [  2,   0,  34,  98]]), array([[132,   1,   2,   0],
       [ 44,  34,   0,   6],
       [  0,   0, 132,   3],
       [  5,   0,  32,  98]]), array([[128,   2,   3,   1],
       [ 55,  23,   0,   6],
       [  1,   0, 127,   6],
       [  3,   0,  28, 103]]), array([[129,   3,   1,   1],
       [ 46,  34,   1,   4],
       [  1,   0, 126,   7],
       [  3,   0,  37,  94]]), array([[131,   1,   1,   1],
       [ 51,  28,   0,   6],
       [  0,   0, 129,   5],
       [  5,   0,  32,  97]]), array([[129,   1,   3,   1],
       [ 48,  31,   0,   6],
       [  0,   0, 131,   3],
       [  3,   0,  33,  98]]), array([[129,   2,   2,   1],
       [ 51,  29,   0,   5],
       [  0,   0, 129,   5],
       [  2,   0,  31, 101]])]","[0.6521739130434783, 0.782608695652174, 0.6956521739130435, 0.7608695652173914, 0.7333333333333333, 0.7333333333333333, 0.6666666666666666, 0.7777777777777778, 0.7333333333333333, 0.7777777777777778]","[0.6521739130434783, 0.782608695652174, 0.6956521739130435, 0.7608695652173914, 0.7333333333333333, 0.7333333333333333, 0.6666666666666666, 0.7777777777777778, 0.7333333333333333, 0.7777777777777778]","[0.6521739130434783, 0.782608695652174, 0.6956521739130435, 0.7608695652173914, 0.7333333333333333, 0.7333333333333333, 0.6666666666666666, 0.7777777777777778, 0.7333333333333333, 0.7777777777777778]","[0.6521739130434783, 0.782608695652174, 0.6956521739130435, 0.7608695652173914, 0.7333333333333333, 0.7333333333333333, 0.6666666666666666, 0.7777777777777778, 0.7333333333333333, 0.7777777777777778]","[0.7485197368421053, 0.8349358974358974, 0.6788273001508295, 0.8242521367521367, 0.8233082706766918, 0.8178137651821862, 0.7500808015513898, 0.8296130952380952, 0.7546536796536797, 0.8244047619047619]","[0.6361111111111111, 0.7583333333333333, 0.687878787878788, 0.7583333333333333, 0.7285714285714286, 0.7333333333333334, 0.6467171717171717, 0.7666666666666666, 0.730050505050505, 0.7717171717171717]","[0.5766253101736972, 0.7438311688311688, 0.653237865194387, 0.7261347958499382, 0.6833333333333333, 0.6827505827505828, 0.5946428571428571, 0.7407407407407408, 0.7149725274725275, 0.7575498575498576]","[0.7435640732265447, 0.8336120401337793, 0.7014312413928784, 0.8296636937941286, 0.8335839598997493, 0.8355375618533513, 0.7430582489406019, 0.8323412698412698, 0.7688504088504089, 0.8283068783068783]","[0.6521739130434783, 0.782608695652174, 0.6956521739130435, 0.7608695652173914, 0.7333333333333333, 0.7333333333333333, 0.6666666666666666, 0.7777777777777778, 0.7333333333333333, 0.7777777777777778]","[0.6002912935591758, 0.7638904573687182, 0.6705749092327542, 0.736480143428843, 0.6977777777777778, 0.6990209790209789, 0.6193650793650795, 0.7559670781893004, 0.7253968253968255, 0.7680151946818613]","[array([[12,  0,  0,  0],
       [ 7,  1,  0,  1],
       [ 0,  0,  9,  1],
       [ 0,  0,  7,  8]]), array([[12,  0,  0,  0],
       [ 6,  3,  0,  0],
       [ 0,  0,  9,  1],
       [ 0,  0,  3, 12]]), array([[ 9,  2,  0,  0],
       [ 7,  2,  0,  1],
       [ 0,  0, 10,  0],
       [ 1,  0,  3, 11]]), array([[11,  0,  0,  0],
       [ 6,  3,  0,  1],
       [ 0,  0, 10,  0],
       [ 1,  0,  3, 11]]), array([[11,  0,  0,  0],
       [ 8,  2,  0,  0],
       [ 0,  0, 10,  0],
       [ 0,  0,  4, 10]]), array([[11,  0,  0,  0],
       [ 8,  2,  0,  0],
       [ 0,  0,  9,  0],
       [ 0,  0,  4, 11]]), array([[10,  0,  1,  0],
       [ 6,  1,  0,  2],
       [ 0,  0,  9,  1],
       [ 1,  0,  4, 10]]), array([[11,  0,  0,  0],
       [ 5,  3,  0,  1],
       [ 0,  0, 10,  0],
       [ 0,  0,  4, 11]]), array([[10,  1,  0,  0],
       [ 5,  4,  0,  0],
       [ 0,  0,  9,  1],
       [ 0,  0,  5, 10]]), array([[10,  0,  1,  0],
       [ 4,  4,  0,  1],
       [ 0,  0, 10,  0],
       [ 0,  0,  4, 11]])]"
17,"[0.7967145790554415, 0.813141683778234, 0.8004115226337448, 0.7860082304526749, 0.8159509202453987, 0.7983539094650206, 0.8069815195071869, 0.7885010266940452, 0.8193018480492813, 0.7946611909650924]","[0.7967145790554415, 0.813141683778234, 0.8004115226337448, 0.7860082304526749, 0.8159509202453987, 0.7983539094650206, 0.8069815195071869, 0.7885010266940452, 0.8193018480492813, 0.7946611909650924]","[0.7967145790554415, 0.813141683778234, 0.8004115226337448, 0.7860082304526749, 0.8159509202453987, 0.7983539094650206, 0.8069815195071869, 0.7885010266940452, 0.8193018480492813, 0.7946611909650924]","[0.7967145790554415, 0.813141683778234, 0.8004115226337448, 0.7860082304526749, 0.8159509202453987, 0.7983539094650206, 0.8069815195071869, 0.7885010266940452, 0.8193018480492813, 0.7946611909650924]","[0.8268400295085688, 0.8465068665869231, 0.8321379381587792, 0.8268535797609129, 0.8452615728000978, 0.8394771890740023, 0.8443961655346095, 0.8361207184377917, 0.8533648678090214, 0.8325598336000575]","[0.7582967515364354, 0.7732221246707639, 0.7601723525230988, 0.7426705756929638, 0.7759920634920634, 0.7583066808813077, 0.7719271290605795, 0.7454565408252855, 0.7788191395961369, 0.7521290605794557]","[0.7577634815777109, 0.772609368190359, 0.7599110226674901, 0.7378634525986765, 0.7773986944038138, 0.7583378534437648, 0.774368680914632, 0.7404934071858478, 0.7786457573349518, 0.7484584732186506]","[0.8205969204538753, 0.8369815881555797, 0.8239458838662305, 0.8161353798640293, 0.8378144157710692, 0.8261775171680354, 0.8340355073818722, 0.8232252671101772, 0.8445296141412976, 0.8224204054954772]","[0.7967145790554415, 0.813141683778234, 0.8004115226337448, 0.7860082304526749, 0.8159509202453987, 0.7983539094650206, 0.8069815195071869, 0.7885010266940452, 0.8193018480492813, 0.7946611909650924]","[0.780788235633988, 0.7962334295145007, 0.7840352298541085, 0.7646111219818026, 0.8011151226545183, 0.7813682129934638, 0.7933853924866003, 0.7669169138564159, 0.8028771760884263, 0.7747697578644339]","[array([[126,   4,   3,   1],
       [ 48,  32,   0,   5],
       [  0,   0, 131,   3],
       [  4,   0,  31,  99]]), array([[131,   2,   1,   0],
       [ 45,  32,   0,   8],
       [  1,   0, 129,   4],
       [  2,   0,  28, 104]]), array([[128,   3,   3,   0],
       [ 48,  31,   0,   5],
       [  0,   0, 128,   6],
       [  2,   0,  30, 102]]), array([[130,   2,   1,   1],
       [ 51,  27,   0,   6],
       [  0,   0, 129,   5],
       [  2,   0,  36,  96]]), array([[130,   3,   1,   1],
       [ 46,  33,   0,   5],
       [  0,   0, 131,   4],
       [  4,   0,  26, 105]]), array([[129,   1,   3,   1],
       [ 46,  31,   0,   7],
       [  0,   0, 127,   7],
       [  3,   0,  30, 101]]), array([[131,   2,   1,   0],
       [ 44,  36,   0,   5],
       [  1,   0, 128,   5],
       [  4,   0,  32,  98]]), array([[130,   1,   2,   1],
       [ 52,  27,   0,   6],
       [  0,   0, 129,   5],
       [  3,   0,  33,  98]]), array([[131,   2,   1,   0],
       [ 47,  32,   0,   6],
       [  0,   0, 130,   4],
       [  4,   0,  24, 106]]), array([[129,   2,   2,   1],
       [ 51,  28,   0,   6],
       [  0,   0, 128,   6],
       [  3,   0,  29, 102]])]","[0.6956521739130435, 0.782608695652174, 0.7391304347826086, 0.7391304347826086, 0.7111111111111111, 0.7555555555555555, 0.6666666666666666, 0.7777777777777778, 0.7111111111111111, 0.8222222222222222]","[0.6956521739130435, 0.782608695652174, 0.7391304347826086, 0.7391304347826086, 0.7111111111111111, 0.7555555555555555, 0.6666666666666666, 0.7777777777777778, 0.7111111111111111, 0.8222222222222222]","[0.6956521739130435, 0.782608695652174, 0.7391304347826086, 0.7391304347826086, 0.7111111111111111, 0.7555555555555555, 0.6666666666666666, 0.7777777777777778, 0.7111111111111111, 0.8222222222222222]","[0.6956521739130435, 0.782608695652174, 0.7391304347826086, 0.7391304347826086, 0.7111111111111111, 0.7555555555555555, 0.6666666666666666, 0.7777777777777778, 0.7111111111111111, 0.8222222222222222]","[0.7712121212121212, 0.8305958747135218, 0.7465773809523809, 0.804796918767507, 0.8055555555555556, 0.8258547008547008, 0.7542735042735043, 0.8214285714285714, 0.731737012987013, 0.8641826923076923]","[0.6805555555555556, 0.7652777777777777, 0.7295454545454545, 0.7356060606060606, 0.7058441558441559, 0.7583333333333333, 0.6467171717171717, 0.7777777777777778, 0.7022727272727273, 0.8111111111111111]","[0.643986013986014, 0.7646835922697991, 0.7235632183908045, 0.705993080993081, 0.664080459770115, 0.7211237038823246, 0.5966373955879204, 0.759031339031339, 0.6803774928774928, 0.7971633841199058]","[0.766798418972332, 0.8218188461155213, 0.7545936853002069, 0.8122488125685056, 0.817283950617284, 0.8433998100664768, 0.7460588793922127, 0.817989417989418, 0.7486652236652238, 0.8723290598290598]","[0.6956521739130435, 0.782608695652174, 0.7391304347826086, 0.7391304347826086, 0.7111111111111111, 0.7555555555555555, 0.6666666666666666, 0.7777777777777778, 0.7111111111111111, 0.8222222222222222]","[0.6621161447248404, 0.7745028584608794, 0.7336331834082958, 0.7180018049583268, 0.6796934865900384, 0.7336923612785682, 0.6205906570524262, 0.7628793922127256, 0.696454574232352, 0.8117868890815749]","[array([[12,  0,  0,  0],
       [ 6,  2,  0,  1],
       [ 0,  0,  9,  1],
       [ 0,  0,  6,  9]]), array([[11,  0,  0,  1],
       [ 5,  4,  0,  0],
       [ 0,  0,  9,  1],
       [ 1,  0,  2, 12]]), array([[ 9,  2,  0,  0],
       [ 5,  4,  0,  1],
       [ 0,  0,  9,  1],
       [ 2,  0,  1, 12]]), array([[10,  0,  1,  0],
       [ 6,  3,  0,  1],
       [ 0,  0, 10,  0],
       [ 1,  0,  3, 11]]), array([[10,  0,  1,  0],
       [ 8,  2,  0,  0],
       [ 0,  0, 10,  0],
       [ 0,  0,  4, 10]]), array([[11,  0,  0,  0],
       [ 7,  3,  0,  0],
       [ 0,  0,  9,  0],
       [ 0,  0,  4, 11]]), array([[10,  0,  1,  0],
       [ 6,  1,  0,  2],
       [ 0,  0,  9,  1],
       [ 2,  0,  3, 10]]), array([[11,  0,  0,  0],
       [ 3,  4,  0,  2],
       [ 0,  0, 10,  0],
       [ 0,  0,  5, 10]]), array([[10,  1,  0,  0],
       [ 6,  3,  0,  0],
       [ 0,  0,  9,  1],
       [ 0,  0,  5, 10]]), array([[11,  0,  0,  0],
       [ 5,  4,  0,  0],
       [ 0,  0, 10,  0],
       [ 0,  0,  3, 12]])]"
18,"[0.7987679671457906, 0.7987679671457906, 0.8045267489711934, 0.7921810699588477, 0.8098159509202454, 0.7880658436213992, 0.7946611909650924, 0.7823408624229979, 0.8049281314168378, 0.784394250513347]","[0.7987679671457906, 0.7987679671457906, 0.8045267489711934, 0.7921810699588477, 0.8098159509202454, 0.7880658436213992, 0.7946611909650924, 0.7823408624229979, 0.8049281314168378, 0.784394250513347]","[0.7987679671457906, 0.7987679671457906, 0.8045267489711934, 0.7921810699588477, 0.8098159509202454, 0.7880658436213992, 0.7946611909650924, 0.7823408624229979, 0.8049281314168378, 0.784394250513347]","[0.7987679671457906, 0.7987679671457906, 0.8045267489711934, 0.7921810699588477, 0.8098159509202454, 0.7880658436213992, 0.7946611909650924, 0.7823408624229979, 0.8049281314168378, 0.784394250513347]","[0.8338681573056573, 0.8371899849301013, 0.8529650052569754, 0.8261120495495495, 0.8400798681766689, 0.8358092336907069, 0.8315580253080253, 0.8420179227336356, 0.8335905208535119, 0.8196762724550898]","[0.7569359086918349, 0.7558604038630379, 0.761682658137882, 0.7482675906183369, 0.767063492063492, 0.7389836531627576, 0.7575065847234417, 0.7377085162423178, 0.7646839332748024, 0.7438762071992976]","[0.7538106257023552, 0.7520071340536161, 0.7604668771779938, 0.7440847977534522, 0.7660415624633741, 0.7295967270132363, 0.7573587343732056, 0.730256734006734, 0.764110763470239, 0.7403861017063101]","[0.8265853846320992, 0.8275164242078048, 0.8378379481846476, 0.8185104085567049, 0.8328823976518707, 0.8233902516495827, 0.8229947328509957, 0.8261223954522149, 0.8257249457684747, 0.8109655688622754]","[0.7987679671457906, 0.7987679671457906, 0.8045267489711934, 0.7921810699588477, 0.8098159509202454, 0.7880658436213992, 0.7946611909650924, 0.7823408624229979, 0.8049281314168378, 0.784394250513347]","[0.7797780227635813, 0.7786754708162646, 0.7858982085457723, 0.7719037882089188, 0.7924511197880897, 0.7623520535299243, 0.7786796897264179, 0.757997704630148, 0.7885707545284234, 0.7650027766406241]","[array([[128,   3,   2,   1],
       [ 51,  29,   0,   5],
       [  0,   0, 132,   2],
       [  3,   0,  31, 100]]), array([[130,   2,   2,   0],
       [ 51,  28,   0,   6],
       [  0,   0, 129,   5],
       [  3,   0,  29, 102]]), array([[130,   0,   3,   1],
       [ 50,  29,   0,   5],
       [  0,   0, 127,   7],
       [  1,   0,  28, 105]]), array([[129,   3,   1,   1],
       [ 52,  27,   0,   5],
       [  0,   0, 129,   5],
       [  4,   0,  30, 100]]), array([[130,   3,   2,   0],
       [ 48,  30,   0,   6],
       [  0,   0, 131,   4],
       [  4,   0,  26, 105]]), array([[129,   1,   3,   1],
       [ 56,  22,   0,   6],
       [  0,   0, 128,   6],
       [  4,   0,  26, 104]]), array([[130,   3,   0,   1],
       [ 48,  33,   1,   3],
       [  0,   0, 129,   5],
       [  4,   0,  35,  95]]), array([[132,   0,   1,   1],
       [ 55,  25,   0,   5],
       [  0,   0, 129,   5],
       [  3,   0,  36,  95]]), array([[128,   3,   2,   1],
       [ 48,  31,   0,   6],
       [  0,   0, 126,   8],
       [  4,   0,  23, 107]]), array([[128,   3,   2,   1],
       [ 50,  29,   0,   6],
       [  0,   0, 129,   5],
       [  2,   0,  36,  96]])]","[0.6739130434782609, 0.782608695652174, 0.6956521739130435, 0.8043478260869565, 0.7333333333333333, 0.7777777777777778, 0.6888888888888889, 0.7777777777777778, 0.7111111111111111, 0.7333333333333333]","[0.6739130434782609, 0.782608695652174, 0.6956521739130435, 0.8043478260869565, 0.7333333333333333, 0.7777777777777778, 0.6888888888888889, 0.7777777777777778, 0.7111111111111111, 0.7333333333333333]","[0.6739130434782609, 0.782608695652174, 0.6956521739130435, 0.8043478260869565, 0.7333333333333333, 0.7777777777777778, 0.6888888888888889, 0.7777777777777778, 0.7111111111111111, 0.7333333333333333]","[0.6739130434782609, 0.782608695652174, 0.6956521739130435, 0.8043478260869565, 0.7333333333333333, 0.7777777777777778, 0.6888888888888889, 0.7777777777777778, 0.7111111111111111, 0.7333333333333333]","[0.7572916666666667, 0.8432094221567905, 0.6892857142857143, 0.8621933621933622, 0.8233082706766918, 0.8402777777777778, 0.759271978021978, 0.8296130952380952, 0.731737012987013, 0.794237012987013]","[0.6638888888888889, 0.7583333333333333, 0.6818181818181819, 0.7916666666666666, 0.7285714285714286, 0.7749999999999999, 0.6744949494949495, 0.7666666666666666, 0.7022727272727273, 0.7323232323232323]","[0.6239860139860139, 0.7471198156682027, 0.673794699872286, 0.7672729569281292, 0.6833333333333333, 0.741547724306345, 0.6421657046657047, 0.7407407407407408, 0.6803774928774928, 0.7184615384615385]","[0.7527173913043478, 0.8392808564433278, 0.703416149068323, 0.8639500596022335, 0.8335839598997493, 0.8549382716049383, 0.7520451770451771, 0.8323412698412698, 0.7486652236652238, 0.7990620490620491]","[0.6739130434782609, 0.782608695652174, 0.6956521739130435, 0.8043478260869565, 0.7333333333333333, 0.7777777777777778, 0.6888888888888889, 0.7777777777777778, 0.7111111111111111, 0.7333333333333333]","[0.6390392216479173, 0.7656281306351431, 0.6887459048253651, 0.7811369040754349, 0.6977777777777778, 0.7557295833157901, 0.6585591363369141, 0.7559670781893004, 0.696454574232352, 0.7264273504273504]","[array([[12,  0,  0,  0],
       [ 6,  2,  0,  1],
       [ 0,  0,  9,  1],
       [ 0,  0,  7,  8]]), array([[12,  0,  0,  0],
       [ 6,  3,  0,  0],
       [ 0,  0,  9,  1],
       [ 1,  0,  2, 12]]), array([[ 8,  3,  0,  0],
       [ 6,  3,  0,  1],
       [ 0,  0,  9,  1],
       [ 2,  0,  1, 12]]), array([[11,  0,  0,  0],
       [ 6,  3,  0,  1],
       [ 0,  0, 10,  0],
       [ 1,  0,  1, 13]]), array([[11,  0,  0,  0],
       [ 8,  2,  0,  0],
       [ 0,  0, 10,  0],
       [ 0,  0,  4, 10]]), array([[11,  0,  0,  0],
       [ 7,  3,  0,  0],
       [ 0,  0,  9,  0],
       [ 0,  0,  3, 12]]), array([[10,  0,  1,  0],
       [ 5,  2,  0,  2],
       [ 0,  0,  9,  1],
       [ 1,  0,  4, 10]]), array([[11,  0,  0,  0],
       [ 5,  3,  0,  1],
       [ 0,  0, 10,  0],
       [ 0,  0,  4, 11]]), array([[10,  1,  0,  0],
       [ 6,  3,  0,  0],
       [ 0,  0,  9,  1],
       [ 0,  0,  5, 10]]), array([[ 9,  0,  1,  1],
       [ 5,  4,  0,  0],
       [ 0,  0, 10,  0],
       [ 0,  0,  5, 10]])]"
19,"[0.7864476386036962, 0.7967145790554415, 0.7962962962962963, 0.7962962962962963, 0.8139059304703476, 0.7901234567901234, 0.784394250513347, 0.7905544147843943, 0.8028747433264887, 0.7823408624229979]","[0.7864476386036962, 0.7967145790554415, 0.7962962962962963, 0.7962962962962963, 0.8139059304703476, 0.7901234567901234, 0.784394250513347, 0.7905544147843943, 0.8028747433264887, 0.7823408624229979]","[0.7864476386036962, 0.7967145790554415, 0.7962962962962963, 0.7962962962962963, 0.8139059304703476, 0.7901234567901234, 0.784394250513347, 0.7905544147843943, 0.8028747433264887, 0.7823408624229979]","[0.7864476386036962, 0.7967145790554415, 0.7962962962962963, 0.7962962962962963, 0.8139059304703476, 0.7901234567901234, 0.784394250513347, 0.7905544147843943, 0.8028747433264887, 0.7823408624229979]","[0.8281860214795609, 0.8351463499384363, 0.8481085892300846, 0.8499326094158529, 0.8476479718889586, 0.836151764412634, 0.8235417153926993, 0.8419817927170868, 0.8470580769741711, 0.8152089665155497]","[0.7468173836698859, 0.755070237050044, 0.7564410092395166, 0.751998933901919, 0.7718915343915345, 0.7486229566453447, 0.7428007023705004, 0.7494732221246707, 0.7595917471466199, 0.7355575065847234]","[0.7450628804139154, 0.7515471134208794, 0.7560643457808522, 0.7485097604412047, 0.7721469525201566, 0.7464193480174552, 0.7381607699640065, 0.7460787636096047, 0.756527617182009, 0.7264463040687595]","[0.8171872844210362, 0.8250507882742968, 0.8324819008792701, 0.8344935774627514, 0.8380793740510158, 0.8227243053330011, 0.8155242195777368, 0.8294364973915644, 0.8351391877424427, 0.8082255692118704]","[0.7864476386036962, 0.7967145790554415, 0.7962962962962963, 0.7962962962962963, 0.8139059304703476, 0.7901234567901234, 0.784394250513347, 0.7905544147843943, 0.8028747433264887, 0.7823408624229979]","[0.768430182286763, 0.7768567819170256, 0.7783826493814947, 0.7754668873912786, 0.7974104567182895, 0.7708686708768064, 0.7638583168109125, 0.7704007675903228, 0.7832210007617256, 0.7578417098040017]","[array([[126,   2,   5,   1],
       [ 49,  30,   0,   6],
       [  0,   0, 130,   4],
       [  3,   0,  34,  97]]), array([[129,   2,   3,   0],
       [ 48,  29,   0,   8],
       [  0,   0, 131,   3],
       [  2,   0,  33,  99]]), array([[132,   0,   2,   0],
       [ 47,  31,   1,   5],
       [  0,   0, 128,   6],
       [  1,   0,  37,  96]]), array([[132,   0,   1,   1],
       [ 53,  27,   0,   4],
       [  0,   0, 127,   7],
       [  3,   0,  30, 101]]), array([[131,   2,   2,   0],
       [ 47,  31,   0,   6],
       [  0,   0, 129,   6],
       [  4,   0,  24, 107]]), array([[132,   1,   1,   0],
       [ 49,  29,   1,   5],
       [  0,   0, 126,   8],
       [  4,   0,  33,  97]]), array([[130,   3,   1,   0],
       [ 52,  28,   0,   5],
       [  0,   0, 130,   4],
       [  5,   0,  35,  94]]), array([[132,   1,   1,   0],
       [ 49,  29,   2,   5],
       [  1,   0, 130,   3],
       [  5,   0,  35,  94]]), array([[129,   1,   3,   1],
       [ 51,  28,   1,   5],
       [  0,   0, 129,   5],
       [  4,   0,  25, 105]]), array([[128,   3,   2,   1],
       [ 57,  23,   0,   5],
       [  0,   0, 127,   7],
       [  2,   0,  29, 103]])]","[0.6739130434782609, 0.7608695652173914, 0.6956521739130435, 0.7608695652173914, 0.6888888888888889, 0.7333333333333333, 0.6444444444444445, 0.7333333333333333, 0.7111111111111111, 0.8]","[0.6739130434782609, 0.7608695652173914, 0.6956521739130435, 0.7608695652173914, 0.6888888888888889, 0.7333333333333333, 0.6444444444444445, 0.7333333333333333, 0.7111111111111111, 0.8]","[0.6739130434782609, 0.7608695652173914, 0.6956521739130435, 0.7608695652173914, 0.6888888888888889, 0.7333333333333333, 0.6444444444444445, 0.7333333333333333, 0.7111111111111111, 0.8]","[0.6739130434782609, 0.7608695652173914, 0.6956521739130435, 0.7608695652173914, 0.6888888888888889, 0.7333333333333333, 0.6444444444444445, 0.7333333333333333, 0.7111111111111111, 0.8]","[0.7572916666666667, 0.8135504201680672, 0.6922743922743924, 0.8182709447415331, 0.7951388888888888, 0.8134920634920635, 0.7314213564213565, 0.7941287878787879, 0.7303921568627451, 0.8452380952380952]","[0.6638888888888889, 0.7375, 0.6901515151515152, 0.7439393939393939, 0.687987012987013, 0.7416666666666666, 0.6411616161616162, 0.7333333333333333, 0.6994949494949495, 0.7883838383838384]","[0.6239860139860139, 0.7260971786833855, 0.682207498383969, 0.7249084249084249, 0.6437069926575174, 0.700691961711452, 0.6046690378586931, 0.7019230769230769, 0.661904761904762, 0.7767094017094017]","[0.7527173913043478, 0.8069967117281694, 0.7055451794582229, 0.8185305742850499, 0.8080246913580248, 0.8335097001763668, 0.7210838544171878, 0.790875420875421, 0.7586056644880175, 0.855026455026455]","[0.6739130434782609, 0.7608695652173914, 0.6956521739130435, 0.7608695652173914, 0.6888888888888889, 0.7333333333333333, 0.6444444444444445, 0.7333333333333333, 0.7111111111111111, 0.8]","[0.6390392216479173, 0.7434578165462724, 0.6920055647677131, 0.7400860009555662, 0.6570748813627375, 0.711193121388024, 0.6131045200010717, 0.7085470085470086, 0.6857142857142857, 0.7925925925925927]","[array([[12,  0,  0,  0],
       [ 6,  2,  0,  1],
       [ 0,  0,  9,  1],
       [ 0,  0,  7,  8]]), array([[11,  0,  0,  1],
       [ 6,  3,  0,  0],
       [ 0,  0,  9,  1],
       [ 0,  0,  3, 12]]), array([[ 8,  3,  0,  0],
       [ 5,  4,  0,  1],
       [ 0,  0,  9,  1],
       [ 2,  0,  2, 11]]), array([[10,  0,  1,  0],
       [ 6,  3,  0,  1],
       [ 0,  0,  9,  1],
       [ 1,  0,  1, 13]]), array([[10,  0,  1,  0],
       [ 8,  2,  0,  0],
       [ 0,  0, 10,  0],
       [ 0,  0,  5,  9]]), array([[11,  0,  0,  0],
       [ 7,  3,  0,  0],
       [ 0,  0,  9,  0],
       [ 0,  0,  5, 10]]), array([[10,  0,  1,  0],
       [ 5,  2,  0,  2],
       [ 0,  0,  9,  1],
       [ 3,  0,  4,  8]]), array([[11,  0,  0,  0],
       [ 4,  3,  0,  2],
       [ 0,  0, 10,  0],
       [ 0,  0,  6,  9]]), array([[10,  1,  0,  0],
       [ 7,  2,  0,  0],
       [ 0,  0, 10,  0],
       [ 0,  0,  5, 10]]), array([[10,  0,  1,  0],
       [ 5,  4,  0,  0],
       [ 0,  0, 10,  0],
       [ 0,  0,  3, 12]])]"
20,"[0.7864476386036962, 0.7987679671457906, 0.7942386831275721, 0.7818930041152263, 0.7914110429447853, 0.7757201646090535, 0.7885010266940452, 0.7782340862422998, 0.7946611909650924, 0.7700205338809035]","[0.7864476386036962, 0.7987679671457906, 0.7942386831275721, 0.7818930041152263, 0.7914110429447853, 0.7757201646090535, 0.7885010266940452, 0.7782340862422998, 0.7946611909650924, 0.7700205338809035]","[0.7864476386036962, 0.7987679671457906, 0.7942386831275721, 0.7818930041152263, 0.7914110429447853, 0.7757201646090535, 0.7885010266940452, 0.7782340862422998, 0.7946611909650924, 0.7700205338809035]","[0.7864476386036962, 0.7987679671457906, 0.7942386831275721, 0.7818930041152263, 0.7914110429447853, 0.7757201646090535, 0.7885010266940452, 0.7782340862422998, 0.7946611909650924, 0.7700205338809035]","[0.8315585419959703, 0.8408743369013065, 0.8503686417303755, 0.8396248373491273, 0.8270674077063993, 0.8214208388069868, 0.8365797739263, 0.8326494718246703, 0.8500777922086269, 0.8143549245193205]","[0.7435908691834942, 0.7547848990342405, 0.7490227434257286, 0.7411602700781806, 0.7526455026455026, 0.7300106609808102, 0.7497585601404742, 0.7361281826163302, 0.7489025460930641, 0.7243634767339772]","[0.7384648496936013, 0.7496516877855222, 0.7440561714914096, 0.7385654468436492, 0.7530765244597626, 0.7220304270033372, 0.7480865975773252, 0.7308206733361033, 0.7422009028624867, 0.7141379248596339]","[0.8215496691060938, 0.8318027821846568, 0.8349744690688916, 0.8231253350187906, 0.8179710199036485, 0.8109623939232486, 0.8262350221646689, 0.8194047574908075, 0.8349932168867022, 0.8037253378693137]","[0.7864476386036962, 0.7987679671457906, 0.7942386831275721, 0.7818930041152263, 0.7914110429447853, 0.7757201646090535, 0.7885010266940452, 0.7782340862422998, 0.7946611909650924, 0.7700205338809035]","[0.7651060228336364, 0.7774184360107811, 0.7719706672490366, 0.7617435446379355, 0.7755270997539886, 0.7514200145177097, 0.7704900484385665, 0.7562709480587506, 0.7711436481756995, 0.743915849350831]","[array([[128,   2,   3,   1],
       [ 53,  27,   0,   5],
       [  0,   0, 132,   2],
       [  3,   0,  35,  96]]), array([[130,   2,   2,   0],
       [ 53,  27,   0,   5],
       [  0,   0, 132,   2],
       [  2,   0,  32, 100]]), array([[131,   0,   2,   1],
       [ 53,  26,   0,   5],
       [  0,   0, 130,   4],
       [  3,   0,  32,  99]]), array([[131,   0,   2,   1],
       [ 49,  29,   0,   6],
       [  1,   0, 129,   4],
       [  3,   0,  40,  91]]), array([[126,   3,   5,   1],
       [ 46,  32,   0,   6],
       [  0,   0, 132,   3],
       [  3,   0,  35,  97]]), array([[128,   2,   3,   1],
       [ 54,  24,   0,   6],
       [  0,   0, 131,   3],
       [  4,   0,  36,  94]]), array([[130,   2,   1,   1],
       [ 51,  31,   1,   2],
       [  0,   0, 131,   3],
       [  3,   0,  39,  92]]), array([[130,   1,   2,   1],
       [ 52,  27,   1,   5],
       [  1,   0, 130,   3],
       [  4,   0,  38,  92]]), array([[130,   0,   3,   1],
       [ 54,  25,   0,   6],
       [  0,   0, 130,   4],
       [  3,   0,  29, 102]]), array([[130,   2,   1,   1],
       [ 56,  23,   0,   6],
       [  0,   0, 128,   6],
       [  3,   0,  37,  94]])]","[0.6521739130434783, 0.7391304347826086, 0.717391304347826, 0.782608695652174, 0.6888888888888889, 0.7777777777777778, 0.7111111111111111, 0.7333333333333333, 0.7555555555555555, 0.7777777777777778]","[0.6521739130434783, 0.7391304347826086, 0.717391304347826, 0.782608695652174, 0.6888888888888889, 0.7777777777777778, 0.7111111111111111, 0.7333333333333333, 0.7555555555555555, 0.7777777777777778]","[0.6521739130434783, 0.7391304347826086, 0.717391304347826, 0.782608695652174, 0.6888888888888889, 0.7777777777777778, 0.7111111111111111, 0.7333333333333333, 0.7555555555555555, 0.7777777777777778]","[0.6521739130434783, 0.7391304347826086, 0.717391304347826, 0.782608695652174, 0.6888888888888889, 0.7777777777777778, 0.7111111111111111, 0.7333333333333333, 0.7555555555555555, 0.7777777777777778]","[0.7434640522875816, 0.8018162393162394, 0.6990196078431372, 0.8444444444444444, 0.8041666666666667, 0.8492822966507177, 0.7757554945054945, 0.8057040998217468, 0.7723214285714286, 0.8385416666666666]","[0.6472222222222223, 0.7208333333333333, 0.6962121212121213, 0.7666666666666667, 0.6857142857142857, 0.7666666666666667, 0.6911616161616162, 0.7222222222222222, 0.7439393939393939, 0.7777777777777778]","[0.6034090909090909, 0.7093073593073593, 0.6738095238095239, 0.7467064544650751, 0.6185260742062987, 0.7238095238095239, 0.6614016224211126, 0.6796453546453547, 0.7204415954415955, 0.7575498575498576]","[0.7382779198635976, 0.7940356744704572, 0.7135549872122763, 0.8417874396135265, 0.8159259259259259, 0.8607123870281765, 0.7685286935286936, 0.8093483858189741, 0.7948412698412698, 0.849537037037037]","[0.6521739130434783, 0.7391304347826086, 0.717391304347826, 0.782608695652174, 0.6888888888888889, 0.7777777777777778, 0.7111111111111111, 0.7333333333333333, 0.7555555555555555, 0.7777777777777778]","[0.6149868247694334, 0.7232072275550535, 0.6940993788819876, 0.7600046130780764, 0.635136781560344, 0.7428571428571429, 0.680583838271661, 0.6989787989787989, 0.7406141183918962, 0.7666983222538778]","[array([[12,  0,  0,  0],
       [ 6,  2,  0,  1],
       [ 0,  0,  9,  1],
       [ 0,  0,  8,  7]]), array([[11,  0,  0,  1],
       [ 6,  3,  0,  0],
       [ 0,  0,  9,  1],
       [ 1,  0,  3, 11]]), array([[ 9,  2,  0,  0],
       [ 7,  2,  0,  1],
       [ 0,  0,  9,  1],
       [ 1,  0,  1, 13]]), array([[11,  0,  0,  0],
       [ 6,  3,  0,  1],
       [ 0,  0,  9,  1],
       [ 1,  0,  1, 13]]), array([[11,  0,  0,  0],
       [ 9,  1,  0,  0],
       [ 0,  0, 10,  0],
       [ 0,  0,  5,  9]]), array([[11,  0,  0,  0],
       [ 8,  2,  0,  0],
       [ 0,  0,  9,  0],
       [ 0,  0,  2, 13]]), array([[10,  0,  1,  0],
       [ 5,  2,  0,  2],
       [ 0,  0,  9,  1],
       [ 1,  0,  3, 11]]), array([[11,  0,  0,  0],
       [ 6,  2,  0,  1],
       [ 0,  0, 10,  0],
       [ 0,  0,  5, 10]]), array([[10,  1,  0,  0],
       [ 6,  3,  0,  0],
       [ 0,  0, 10,  0],
       [ 0,  0,  4, 11]]), array([[11,  0,  0,  0],
       [ 5,  4,  0,  0],
       [ 0,  0, 10,  0],
       [ 0,  0,  5, 10]])]"
21,"[0.7926078028747433, 0.811088295687885, 0.7901234567901234, 0.7860082304526749, 0.7791411042944786, 0.7901234567901234, 0.7885010266940452, 0.7823408624229979, 0.7987679671457906, 0.7864476386036962]","[0.7926078028747433, 0.811088295687885, 0.7901234567901234, 0.7860082304526749, 0.7791411042944786, 0.7901234567901234, 0.7885010266940452, 0.7823408624229979, 0.7987679671457906, 0.7864476386036962]","[0.7926078028747433, 0.811088295687885, 0.7901234567901234, 0.7860082304526749, 0.7791411042944786, 0.7901234567901234, 0.7885010266940452, 0.7823408624229979, 0.7987679671457906, 0.7864476386036962]","[0.7926078028747433, 0.811088295687885, 0.7901234567901234, 0.7860082304526749, 0.7791411042944786, 0.7901234567901234, 0.7885010266940452, 0.7823408624229979, 0.7987679671457906, 0.7864476386036962]","[0.8399854122415098, 0.8482007762058912, 0.8446694901015053, 0.8287735787735788, 0.8202160374136322, 0.8302519345043751, 0.8243428214962868, 0.8237469603989358, 0.8426530804338641, 0.8343109334374402]","[0.7481123792800702, 0.7713564530289728, 0.7497334754797442, 0.7415600568585644, 0.7302910052910052, 0.7430703624733476, 0.7519095697980684, 0.744161545215101, 0.7537093942054434, 0.7446663740122915]","[0.7421460763093818, 0.770733373945102, 0.7487094505130751, 0.7364641883263254, 0.7205249920484098, 0.7361399545155305, 0.7519966531476161, 0.7431369080175574, 0.7480320938632853, 0.7404871578795779]","[0.827611900977955, 0.8388459322125958, 0.8286889849679152, 0.8185063102758576, 0.8101567693320274, 0.8207020385606973, 0.8175463031197271, 0.8121110220606296, 0.8340083185062652, 0.8211094774022212]","[0.7926078028747433, 0.811088295687885, 0.7901234567901234, 0.7860082304526749, 0.7791411042944786, 0.7901234567901234, 0.7885010266940452, 0.7823408624229979, 0.7987679671457906, 0.7864476386036962]","[0.7701032790591963, 0.7941686802014458, 0.7715894567928478, 0.7644660889477874, 0.753181427256367, 0.7669811395105814, 0.773227945309673, 0.7650423408327441, 0.7769949276064664, 0.7655666143426226]","[array([[129,   1,   2,   2],
       [ 53,  26,   0,   6],
       [  0,   0, 131,   3],
       [  3,   0,  31, 100]]), array([[131,   2,   1,   0],
       [ 47,  32,   0,   6],
       [  0,   0, 131,   3],
       [  4,   0,  29, 101]]), array([[132,   0,   2,   0],
       [ 48,  30,   1,   5],
       [  1,   0, 127,   6],
       [  3,   0,  36,  95]]), array([[129,   2,   2,   1],
       [ 54,  26,   0,   4],
       [  0,   0, 129,   5],
       [  2,   0,  34,  98]]), array([[130,   2,   2,   1],
       [ 56,  22,   0,   6],
       [  0,   0, 129,   6],
       [  3,   0,  32, 100]]), array([[128,   2,   3,   1],
       [ 55,  24,   0,   5],
       [  0,   0, 129,   5],
       [  3,   0,  28, 103]]), array([[127,   4,   3,   0],
       [ 49,  33,   0,   3],
       [  0,   0, 130,   4],
       [  4,   0,  36,  94]]), array([[127,   2,   4,   1],
       [ 48,  31,   0,   6],
       [  0,   0, 128,   6],
       [  4,   0,  35,  95]]), array([[131,   2,   1,   0],
       [ 55,  26,   1,   3],
       [  0,   0, 131,   3],
       [  4,   0,  29, 101]]), array([[130,   1,   2,   1],
       [ 51,  28,   0,   6],
       [  0,   0, 129,   5],
       [  2,   0,  36,  96]])]","[0.6521739130434783, 0.717391304347826, 0.7391304347826086, 0.7608695652173914, 0.6888888888888889, 0.7777777777777778, 0.6888888888888889, 0.7555555555555555, 0.7555555555555555, 0.7777777777777778]","[0.6521739130434783, 0.717391304347826, 0.7391304347826086, 0.7608695652173914, 0.6888888888888889, 0.7777777777777778, 0.6888888888888889, 0.7555555555555555, 0.7555555555555555, 0.7777777777777778]","[0.6521739130434783, 0.717391304347826, 0.7391304347826086, 0.7608695652173914, 0.6888888888888889, 0.7777777777777778, 0.6888888888888889, 0.7555555555555555, 0.7555555555555555, 0.7777777777777778]","[0.6521739130434783, 0.717391304347826, 0.7391304347826086, 0.7608695652173914, 0.6888888888888889, 0.7777777777777778, 0.6888888888888889, 0.7555555555555555, 0.7555555555555555, 0.7777777777777778]","[0.7434640522875816, 0.7901515151515152, 0.7656746031746032, 0.8293650793650793, 0.7059052059052059, 0.8402777777777778, 0.6861721611721612, 0.8158143939393939, 0.7833333333333333, 0.8333333333333333]","[0.6472222222222223, 0.7, 0.7272727272727273, 0.743939393939394, 0.6808441558441559, 0.7749999999999999, 0.6684343434343435, 0.7499999999999999, 0.755050505050505, 0.7717171717171717]","[0.6034090909090909, 0.6881613756613756, 0.7114532019704434, 0.7071577847439916, 0.6449890439395687, 0.741547724306345, 0.641717602737093, 0.721011396011396, 0.7351648351648352, 0.7576923076923078]","[0.7382779198635976, 0.7820158102766798, 0.7710489993098689, 0.8341959972394755, 0.7206250539583873, 0.8549382716049383, 0.6957509157509156, 0.8192340067340066, 0.8044444444444445, 0.8444444444444444]","[0.6521739130434783, 0.717391304347826, 0.7391304347826086, 0.7608695652173914, 0.6888888888888889, 0.7777777777777778, 0.6888888888888889, 0.7555555555555555, 0.7555555555555555, 0.7777777777777778]","[0.6149868247694334, 0.7006556245686681, 0.7236024844720497, 0.7273635909318068, 0.6597603762221453, 0.7557295833157901, 0.6626840425940876, 0.7333649889205445, 0.7467643467643468, 0.770940170940171]","[array([[12,  0,  0,  0],
       [ 6,  2,  0,  1],
       [ 0,  0,  9,  1],
       [ 0,  0,  8,  7]]), array([[12,  0,  0,  0],
       [ 6,  3,  0,  0],
       [ 0,  0,  8,  2],
       [ 2,  0,  3, 10]]), array([[10,  1,  0,  0],
       [ 6,  3,  0,  1],
       [ 0,  0,  9,  1],
       [ 2,  0,  1, 12]]), array([[10,  0,  1,  0],
       [ 7,  2,  0,  1],
       [ 0,  0, 10,  0],
       [ 1,  0,  1, 13]]), array([[10,  1,  0,  0],
       [ 8,  2,  0,  0],
       [ 0,  0,  9,  1],
       [ 0,  0,  4, 10]]), array([[11,  0,  0,  0],
       [ 7,  3,  0,  0],
       [ 0,  0,  9,  0],
       [ 0,  0,  3, 12]]), array([[ 9,  1,  1,  0],
       [ 5,  2,  0,  2],
       [ 0,  0,  9,  1],
       [ 1,  0,  3, 11]]), array([[11,  0,  0,  0],
       [ 5,  3,  0,  1],
       [ 0,  0, 10,  0],
       [ 0,  0,  5, 10]]), array([[10,  1,  0,  0],
       [ 5,  4,  0,  0],
       [ 0,  0, 10,  0],
       [ 0,  0,  5, 10]]), array([[10,  0,  1,  0],
       [ 5,  4,  0,  0],
       [ 0,  0, 10,  0],
       [ 0,  0,  4, 11]])]"
22,"[0.7761806981519507, 0.7885010266940452, 0.7839506172839507, 0.7818930041152263, 0.7975460122699386, 0.7777777777777778, 0.7905544147843943, 0.7802874743326489, 0.7864476386036962, 0.7720739219712526]","[0.7761806981519507, 0.7885010266940452, 0.7839506172839507, 0.7818930041152263, 0.7975460122699386, 0.7777777777777778, 0.7905544147843943, 0.7802874743326489, 0.7864476386036962, 0.7720739219712526]","[0.7761806981519507, 0.7885010266940452, 0.7839506172839507, 0.7818930041152263, 0.7975460122699386, 0.7777777777777778, 0.7905544147843943, 0.7802874743326489, 0.7864476386036962, 0.7720739219712526]","[0.7761806981519507, 0.7885010266940452, 0.7839506172839507, 0.7818930041152263, 0.7975460122699386, 0.7777777777777778, 0.7905544147843943, 0.7802874743326489, 0.7864476386036962, 0.7720739219712526]","[0.8163590544599343, 0.8340013957352437, 0.8458121961530332, 0.8417568542568543, 0.8379642727703073, 0.8156019584272439, 0.8386501136210456, 0.8213002442815901, 0.8370221826104178, 0.8158490955509053]","[0.7364135206321334, 0.7443810359964881, 0.7352523098791754, 0.7356076759061834, 0.7525793650793651, 0.7340973702914001, 0.7548507462686567, 0.7336918349429324, 0.7425153643546971, 0.7283801580333626]","[0.7328388697040062, 0.7378061565151256, 0.7254795332782754, 0.7283575347030602, 0.7487962661487522, 0.7289794729400794, 0.756111134474396, 0.7242413951465358, 0.7368766512014822, 0.7207570385090426]","[0.8073145856068271, 0.8244861357578862, 0.8299492533704235, 0.8254766952297816, 0.8282575637531211, 0.8072737932306712, 0.8252904741291178, 0.8113694680388752, 0.8243505229856238, 0.8047736033776486]","[0.7761806981519507, 0.7885010266940452, 0.7839506172839507, 0.7818930041152263, 0.7975460122699386, 0.7777777777777778, 0.7905544147843943, 0.7802874743326489, 0.7864476386036962, 0.7720739219712526]","[0.7566961722191972, 0.765740097178102, 0.7574121663704189, 0.7575667003675268, 0.7770517429537771, 0.7566340492558855, 0.7751722821593627, 0.7550358905700906, 0.7643036653880789, 0.7483588760592338]","[array([[126,   3,   4,   1],
       [ 50,  29,   0,   6],
       [  0,   0, 131,   3],
       [  4,   0,  38,  92]]), array([[130,   2,   2,   0],
       [ 54,  26,   0,   5],
       [  0,   0, 132,   2],
       [  2,   0,  36,  96]]), array([[131,   0,   3,   0],
       [ 57,  22,   1,   4],
       [  0,   0, 129,   5],
       [  2,   0,  33,  99]]), array([[131,   0,   2,   1],
       [ 56,  24,   0,   4],
       [  0,   0, 128,   6],
       [  2,   0,  35,  97]]), array([[132,   2,   1,   0],
       [ 52,  27,   0,   5],
       [  0,   0, 130,   5],
       [  5,   0,  29, 101]]), array([[128,   3,   3,   0],
       [ 53,  26,   0,   5],
       [  0,   0, 128,   6],
       [  5,   0,  33,  96]]), array([[131,   1,   2,   0],
       [ 48,  34,   0,   3],
       [  0,   0, 127,   7],
       [  3,   0,  38,  93]]), array([[130,   2,   1,   1],
       [ 56,  23,   0,   6],
       [  0,   0, 127,   7],
       [  4,   0,  30, 100]]), array([[129,   1,   4,   0],
       [ 53,  26,   0,   6],
       [  0,   0, 130,   4],
       [  5,   0,  31,  98]]), array([[128,   2,   3,   1],
       [ 53,  25,   0,   7],
       [  0,   0, 129,   5],
       [  3,   0,  37,  94]])]","[0.6739130434782609, 0.7391304347826086, 0.717391304347826, 0.717391304347826, 0.6888888888888889, 0.7555555555555555, 0.6666666666666666, 0.7555555555555555, 0.6666666666666666, 0.7777777777777778]","[0.6739130434782609, 0.7391304347826086, 0.717391304347826, 0.717391304347826, 0.6888888888888889, 0.7555555555555555, 0.6666666666666666, 0.7555555555555555, 0.6666666666666666, 0.7777777777777778]","[0.6739130434782609, 0.7391304347826086, 0.717391304347826, 0.717391304347826, 0.6888888888888889, 0.7555555555555555, 0.6666666666666666, 0.7555555555555555, 0.6666666666666666, 0.7777777777777778]","[0.6739130434782609, 0.7391304347826086, 0.717391304347826, 0.717391304347826, 0.6888888888888889, 0.7555555555555555, 0.6666666666666666, 0.7555555555555555, 0.6666666666666666, 0.7777777777777778]","[0.7572916666666667, 0.8018162393162394, 0.7243867243867245, 0.7906746031746031, 0.7982456140350876, 0.8258547008547008, 0.672676282051282, 0.8158143939393939, 0.6887254901960784, 0.8348214285714286]","[0.6638888888888889, 0.7208333333333333, 0.7022727272727274, 0.7022727272727274, 0.6808441558441558, 0.7583333333333333, 0.6517676767676768, 0.7499999999999999, 0.6578282828282829, 0.7606060606060605]","[0.6239860139860139, 0.7093073593073593, 0.6705191360363774, 0.667189132706374, 0.6204545454545455, 0.7211237038823246, 0.6242236024844721, 0.721011396011396, 0.621904761904762, 0.7407407407407407]","[0.7527173913043478, 0.7940356744704572, 0.7351464960160612, 0.7927881297446515, 0.8101364522417154, 0.8433998100664768, 0.6810897435897435, 0.8192340067340066, 0.7104575163398692, 0.8448412698412697]","[0.6739130434782609, 0.7391304347826086, 0.717391304347826, 0.717391304347826, 0.6888888888888889, 0.7555555555555555, 0.6666666666666666, 0.7555555555555555, 0.6666666666666666, 0.7777777777777778]","[0.6390392216479173, 0.7232072275550535, 0.6880076445293837, 0.6851119894598156, 0.6404040404040404, 0.7336923612785682, 0.6416379112031285, 0.7333649889205445, 0.6412698412698412, 0.762551440329218]","[array([[12,  0,  0,  0],
       [ 6,  2,  0,  1],
       [ 0,  0,  9,  1],
       [ 0,  0,  7,  8]]), array([[11,  0,  0,  1],
       [ 6,  3,  0,  0],
       [ 0,  0,  9,  1],
       [ 1,  0,  3, 11]]), array([[10,  1,  0,  0],
       [ 7,  2,  0,  1],
       [ 0,  0,  9,  1],
       [ 1,  0,  2, 12]]), array([[10,  0,  1,  0],
       [ 7,  2,  0,  1],
       [ 0,  0,  9,  1],
       [ 1,  0,  2, 12]]), array([[10,  0,  1,  0],
       [ 9,  1,  0,  0],
       [ 0,  0, 10,  0],
       [ 0,  0,  4, 10]]), array([[11,  0,  0,  0],
       [ 7,  3,  0,  0],
       [ 0,  0,  9,  0],
       [ 0,  0,  4, 11]]), array([[ 9,  1,  1,  0],
       [ 5,  2,  0,  2],
       [ 0,  0,  9,  1],
       [ 2,  0,  3, 10]]), array([[11,  0,  0,  0],
       [ 5,  3,  0,  1],
       [ 0,  0, 10,  0],
       [ 0,  0,  5, 10]]), array([[10,  1,  0,  0],
       [ 7,  2,  0,  0],
       [ 0,  0,  9,  1],
       [ 0,  0,  6,  9]]), array([[10,  0,  1,  0],
       [ 6,  3,  0,  0],
       [ 0,  0, 10,  0],
       [ 0,  0,  3, 12]])]"
23,"[0.8008213552361396, 0.8008213552361396, 0.7839506172839507, 0.7839506172839507, 0.7914110429447853, 0.7777777777777778, 0.7782340862422998, 0.7946611909650924, 0.7987679671457906, 0.7864476386036962]","[0.8008213552361396, 0.8008213552361396, 0.7839506172839507, 0.7839506172839507, 0.7914110429447853, 0.7777777777777778, 0.7782340862422998, 0.7946611909650924, 0.7987679671457906, 0.7864476386036962]","[0.8008213552361396, 0.8008213552361396, 0.7839506172839507, 0.7839506172839507, 0.7914110429447853, 0.7777777777777778, 0.7782340862422998, 0.7946611909650924, 0.7987679671457906, 0.7864476386036962]","[0.8008213552361396, 0.8008213552361396, 0.7839506172839507, 0.7839506172839507, 0.7914110429447853, 0.7777777777777778, 0.7782340862422998, 0.7946611909650924, 0.7987679671457906, 0.7864476386036962]","[0.8406004252972912, 0.8489736493109613, 0.8415154409230575, 0.8351787377319292, 0.8218266426937827, 0.8307743338254687, 0.8175209655080672, 0.8334211105575959, 0.8454405826717655, 0.8346461694810621]","[0.7620280948200175, 0.7555750658472344, 0.7408049040511728, 0.7374733475479744, 0.7458994708994708, 0.7307658137882018, 0.7339771729587358, 0.7467515364354697, 0.7547848990342406, 0.7403643546971028]","[0.762157559805116, 0.7491284529858554, 0.7368120911402716, 0.7301534995446588, 0.7411067156556735, 0.7220600668497977, 0.7274618357475338, 0.7377024210357545, 0.7500002593120483, 0.7326143297168796]","[0.8304808642721245, 0.837504498656037, 0.8252104451332487, 0.8223370440829507, 0.8140332292916321, 0.8176509799666349, 0.8099409394503573, 0.8247098875952183, 0.833482858957015, 0.8220335664103683]","[0.8008213552361396, 0.8008213552361396, 0.7839506172839507, 0.7839506172839507, 0.7914110429447853, 0.7777777777777778, 0.7782340862422998, 0.7946611909650924, 0.7987679671457906, 0.7864476386036962]","[0.7847300018050751, 0.7777881946620503, 0.7625657541704963, 0.7599669282553168, 0.770406134775851, 0.7525265422534884, 0.756135786512268, 0.7698513112613043, 0.7773803075723162, 0.7624218943458507]","[array([[128,   2,   4,   0],
       [ 48,  32,   0,   5],
       [  0,   0, 130,   4],
       [  4,   0,  30, 100]]), array([[132,   1,   1,   0],
       [ 53,  26,   0,   6],
       [  0,   0, 132,   2],
       [  3,   0,  31, 100]]), array([[130,   0,   3,   1],
       [ 52,  27,   0,   5],
       [  0,   0, 129,   5],
       [  2,   0,  37,  95]]), array([[130,   1,   2,   1],
       [ 56,  24,   0,   4],
       [  0,   0, 129,   5],
       [  2,   0,  34,  98]]), array([[130,   3,   2,   0],
       [ 51,  26,   0,   7],
       [  0,   0, 127,   8],
       [  4,   0,  27, 104]]), array([[131,   1,   2,   0],
       [ 56,  23,   0,   5],
       [  0,   0, 128,   6],
       [  5,   0,  33,  96]]), array([[128,   3,   3,   0],
       [ 57,  25,   0,   3],
       [  0,   0, 128,   6],
       [  3,   0,  33,  98]]), array([[130,   2,   1,   1],
       [ 57,  23,   0,   5],
       [  0,   0, 128,   6],
       [  3,   0,  25, 106]]), array([[130,   1,   3,   0],
       [ 51,  27,   0,   7],
       [  0,   0, 131,   3],
       [  5,   0,  28, 101]]), array([[130,   1,   2,   1],
       [ 56,  24,   0,   5],
       [  0,   0, 127,   7],
       [  3,   0,  29, 102]])]","[0.6739130434782609, 0.7608695652173914, 0.717391304347826, 0.7391304347826086, 0.6888888888888889, 0.7333333333333333, 0.6444444444444445, 0.7555555555555555, 0.7333333333333333, 0.8222222222222222]","[0.6739130434782609, 0.7608695652173914, 0.717391304347826, 0.7391304347826086, 0.6888888888888889, 0.7333333333333333, 0.6444444444444445, 0.7555555555555555, 0.7333333333333333, 0.8222222222222222]","[0.6739130434782609, 0.7608695652173914, 0.717391304347826, 0.7391304347826086, 0.6888888888888889, 0.7333333333333333, 0.6444444444444445, 0.7555555555555555, 0.7333333333333333, 0.8222222222222222]","[0.6739130434782609, 0.7608695652173914, 0.717391304347826, 0.7391304347826086, 0.6888888888888889, 0.7333333333333333, 0.6444444444444445, 0.7555555555555555, 0.7333333333333333, 0.8222222222222222]","[0.7572916666666667, 0.8245614035087719, 0.7335972850678734, 0.7988445378151261, 0.8041666666666667, 0.8178137651821862, 0.7341269841269842, 0.8064903846153847, 0.7619047619047619, 0.8641826923076923]","[0.6638888888888889, 0.7416666666666667, 0.7106060606060606, 0.7272727272727273, 0.6857142857142857, 0.7333333333333334, 0.6217171717171717, 0.7416666666666667, 0.7411616161616161, 0.8111111111111111]","[0.6239860139860139, 0.7267975453459324, 0.6866883116883117, 0.7053980502256364, 0.6185260742062987, 0.6827505827505828, 0.5766457680250784, 0.7207844490453186, 0.7266666666666666, 0.7971633841199058]","[0.7527173913043478, 0.8223684210526316, 0.7426716506000394, 0.8006028498355863, 0.8159259259259259, 0.8355375618533513, 0.7220458553791888, 0.8039529914529914, 0.7746031746031747, 0.8723290598290598]","[0.6739130434782609, 0.7608695652173914, 0.717391304347826, 0.7391304347826086, 0.6888888888888889, 0.7333333333333333, 0.6444444444444445, 0.7555555555555555, 0.7333333333333333, 0.8222222222222222]","[0.6390392216479173, 0.7433557170583818, 0.698051948051948, 0.7188725816911724, 0.635136781560344, 0.6990209790209789, 0.6000835945663533, 0.7349947601155331, 0.7288888888888888, 0.8117868890815749]","[array([[12,  0,  0,  0],
       [ 6,  2,  0,  1],
       [ 0,  0,  9,  1],
       [ 0,  0,  7,  8]]), array([[12,  0,  0,  0],
       [ 6,  3,  0,  0],
       [ 0,  0,  9,  1],
       [ 1,  0,  3, 11]]), array([[10,  1,  0,  0],
       [ 6,  3,  0,  1],
       [ 0,  0,  9,  1],
       [ 1,  0,  3, 11]]), array([[10,  0,  1,  0],
       [ 6,  3,  0,  1],
       [ 0,  0,  9,  1],
       [ 1,  0,  2, 12]]), array([[11,  0,  0,  0],
       [ 9,  1,  0,  0],
       [ 0,  0, 10,  0],
       [ 0,  0,  5,  9]]), array([[11,  0,  0,  0],
       [ 8,  2,  0,  0],
       [ 0,  0,  9,  0],
       [ 0,  0,  4, 11]]), array([[10,  0,  1,  0],
       [ 6,  1,  0,  2],
       [ 0,  0,  8,  2],
       [ 2,  0,  3, 10]]), array([[11,  0,  0,  0],
       [ 5,  3,  0,  1],
       [ 0,  0,  9,  1],
       [ 0,  0,  4, 11]]), array([[10,  1,  0,  0],
       [ 4,  5,  0,  0],
       [ 0,  0,  9,  1],
       [ 0,  0,  6,  9]]), array([[11,  0,  0,  0],
       [ 5,  4,  0,  0],
       [ 0,  0, 10,  0],
       [ 0,  0,  3, 12]])]"
24,"[0.7967145790554415, 0.7823408624229979, 0.7921810699588477, 0.7901234567901234, 0.7852760736196319, 0.7757201646090535, 0.7741273100616016, 0.7926078028747433, 0.7823408624229979, 0.7761806981519507]","[0.7967145790554415, 0.7823408624229979, 0.7921810699588477, 0.7901234567901234, 0.7852760736196319, 0.7757201646090535, 0.7741273100616016, 0.7926078028747433, 0.7823408624229979, 0.7761806981519507]","[0.7967145790554415, 0.7823408624229979, 0.7921810699588477, 0.7901234567901234, 0.7852760736196319, 0.7757201646090535, 0.7741273100616016, 0.7926078028747433, 0.7823408624229979, 0.7761806981519507]","[0.7967145790554415, 0.7823408624229979, 0.7921810699588477, 0.7901234567901234, 0.7852760736196319, 0.7757201646090535, 0.7741273100616016, 0.7926078028747433, 0.7823408624229979, 0.7761806981519507]","[0.8455318955318954, 0.844307285330089, 0.8457525674485572, 0.8358470557730477, 0.8345060926743266, 0.8297847179773834, 0.832537547504532, 0.824360698810442, 0.8332828923630212, 0.814371089657365]","[0.7518437225636523, 0.7323309920983319, 0.7493781094527363, 0.7475124378109453, 0.7358465608465607, 0.7255685856432125, 0.7313213345039509, 0.7459613696224758, 0.7366330114135207, 0.7310359964881474]","[0.7464505672148776, 0.7186913128211185, 0.7477921430579534, 0.7443231247926818, 0.7258076812145168, 0.7125360782502548, 0.7250944333028291, 0.7376958663525379, 0.7284388629799258, 0.7224666480371762]","[0.8337164493221988, 0.8286421045932807, 0.8298834900255693, 0.8225065016983293, 0.8217805344549779, 0.8171719366601441, 0.8194146617602547, 0.8178681293774976, 0.8205331217794237, 0.8068734055457745]","[0.7967145790554415, 0.7823408624229979, 0.7921810699588477, 0.7901234567901234, 0.7852760736196319, 0.7757201646090535, 0.7741273100616016, 0.7926078028747433, 0.7823408624229979, 0.7761806981519507]","[0.7748408706923501, 0.7526732587380962, 0.7732851618910763, 0.7699144728949188, 0.7586179657239603, 0.7466496273549743, 0.7513359676597872, 0.7687987358623416, 0.7578263087791007, 0.7520372142667894]","[array([[128,   1,   4,   1],
       [ 54,  26,   0,   5],
       [  0,   0, 132,   2],
       [  3,   0,  29, 102]]), array([[132,   0,   2,   0],
       [ 59,  20,   0,   6],
       [  1,   0, 128,   5],
       [  2,   0,  31, 101]]), array([[128,   0,   5,   1],
       [ 52,  28,   0,   4],
       [  0,   0, 127,   7],
       [  3,   0,  29, 102]]), array([[131,   1,   1,   1],
       [ 51,  28,   0,   5],
       [  0,   0, 127,   7],
       [  1,   0,  35,  98]]), array([[132,   1,   1,   1],
       [ 56,  22,   0,   6],
       [  0,   0, 130,   5],
       [  3,   0,  32, 100]]), array([[130,   1,   2,   1],
       [ 59,  20,   0,   5],
       [  0,   0, 130,   4],
       [  3,   0,  34,  97]]), array([[130,   1,   3,   0],
       [ 56,  26,   0,   3],
       [  0,   0, 130,   4],
       [  2,   0,  41,  91]]), array([[130,   3,   1,   0],
       [ 55,  24,   0,   6],
       [  0,   0, 128,   6],
       [  3,   0,  27, 104]]), array([[129,   1,   2,   2],
       [ 55,  24,   1,   5],
       [  0,   0, 130,   4],
       [  4,   0,  32,  98]]), array([[128,   3,   2,   1],
       [ 56,  24,   0,   5],
       [  0,   0, 130,   4],
       [  3,   0,  35,  96]])]","[0.6521739130434783, 0.7391304347826086, 0.7391304347826086, 0.782608695652174, 0.6888888888888889, 0.7555555555555555, 0.7111111111111111, 0.8, 0.6888888888888889, 0.7333333333333333]","[0.6521739130434783, 0.7391304347826086, 0.7391304347826086, 0.782608695652174, 0.6888888888888889, 0.7555555555555555, 0.7111111111111111, 0.8, 0.6888888888888889, 0.7333333333333333]","[0.6521739130434783, 0.7391304347826086, 0.7391304347826086, 0.782608695652174, 0.6888888888888889, 0.7555555555555555, 0.7111111111111111, 0.8, 0.6888888888888889, 0.7333333333333333]","[0.6521739130434783, 0.7391304347826086, 0.7391304347826086, 0.782608695652174, 0.6888888888888889, 0.7555555555555555, 0.7111111111111111, 0.8, 0.6888888888888889, 0.7333333333333333]","[0.7434640522875816, 0.8027777777777778, 0.759906045751634, 0.841880341880342, 0.8041666666666667, 0.8258547008547008, 0.7757554945054945, 0.8410714285714286, 0.7408088235294118, 0.8137254901960784]","[0.6472222222222223, 0.7124999999999999, 0.7189393939393939, 0.7749999999999999, 0.6857142857142857, 0.7583333333333333, 0.6911616161616162, 0.7944444444444445, 0.6939393939393939, 0.7383838383838384]","[0.6034090909090909, 0.7083333333333333, 0.7059180208585981, 0.74659822935685, 0.6185260742062987, 0.7211237038823246, 0.6614016224211126, 0.7774216524216525, 0.6596680292332466, 0.7188390313390314]","[0.7382779198635976, 0.7898550724637682, 0.7618908070474567, 0.8456893348197696, 0.8159259259259259, 0.8433998100664768, 0.7685286935286936, 0.8435449735449735, 0.7668300653594772, 0.8270152505446624]","[0.6521739130434783, 0.7391304347826086, 0.7391304347826086, 0.782608695652174, 0.6888888888888889, 0.7555555555555555, 0.7111111111111111, 0.8, 0.6888888888888889, 0.7333333333333333]","[0.6149868247694334, 0.7239130434782608, 0.7205338029505743, 0.7588753076009447, 0.635136781560344, 0.7336923612785682, 0.680583838271661, 0.7867046533713201, 0.6698707626243858, 0.7257201646090534]","[array([[12,  0,  0,  0],
       [ 6,  2,  0,  1],
       [ 0,  0,  9,  1],
       [ 0,  0,  8,  7]]), array([[11,  0,  0,  1],
       [ 6,  3,  0,  0],
       [ 0,  0,  8,  2],
       [ 1,  0,  2, 12]]), array([[10,  1,  0,  0],
       [ 6,  3,  0,  1],
       [ 0,  0,  8,  2],
       [ 1,  0,  1, 13]]), array([[11,  0,  0,  0],
       [ 6,  3,  0,  1],
       [ 0,  0, 10,  0],
       [ 1,  0,  2, 12]]), array([[11,  0,  0,  0],
       [ 9,  1,  0,  0],
       [ 0,  0, 10,  0],
       [ 0,  0,  5,  9]]), array([[11,  0,  0,  0],
       [ 7,  3,  0,  0],
       [ 0,  0,  9,  0],
       [ 0,  0,  4, 11]]), array([[10,  0,  1,  0],
       [ 5,  2,  0,  2],
       [ 0,  0,  9,  1],
       [ 1,  0,  3, 11]]), array([[11,  0,  0,  0],
       [ 4,  4,  0,  1],
       [ 0,  0, 10,  0],
       [ 0,  0,  4, 11]]), array([[10,  1,  0,  0],
       [ 6,  3,  0,  0],
       [ 0,  0, 10,  0],
       [ 0,  0,  7,  8]]), array([[10,  0,  1,  0],
       [ 5,  4,  0,  0],
       [ 0,  0, 10,  0],
       [ 0,  0,  6,  9]])]"
25,"[0.7782340862422998, 0.7905544147843943, 0.7880658436213992, 0.7983539094650206, 0.7995910020449898, 0.7716049382716049, 0.7905544147843943, 0.7741273100616016, 0.7885010266940452, 0.7802874743326489]","[0.7782340862422998, 0.7905544147843943, 0.7880658436213992, 0.7983539094650206, 0.7995910020449898, 0.7716049382716049, 0.7905544147843943, 0.7741273100616016, 0.7885010266940452, 0.7802874743326489]","[0.7782340862422998, 0.7905544147843943, 0.7880658436213992, 0.7983539094650206, 0.7995910020449898, 0.7716049382716049, 0.7905544147843943, 0.7741273100616016, 0.7885010266940452, 0.7802874743326489]","[0.7782340862422998, 0.7905544147843943, 0.7880658436213992, 0.7983539094650206, 0.7995910020449898, 0.7716049382716049, 0.7905544147843943, 0.7741273100616016, 0.7885010266940452, 0.7802874743326489]","[0.824584770825369, 0.84132725930144, 0.846644144157457, 0.8443749761318906, 0.8258469869858865, 0.8236854023646072, 0.8405558443472714, 0.8277659970160987, 0.8259134634056539, 0.8311279578684109]","[0.7329016681299385, 0.745171202809482, 0.7412046908315566, 0.7549751243781095, 0.7533068783068784, 0.7196162046908317, 0.7494732221246707, 0.7302458296751536, 0.7454565408252853, 0.7304653204565408]","[0.723836166559134, 0.7374631948001513, 0.7339736933194877, 0.7516134190394977, 0.7481212908579208, 0.7045033308478639, 0.7460348200452653, 0.7215704109647625, 0.7407089260543716, 0.7168236348011507]","[0.8146748828164858, 0.8292320870024378, 0.8308667927333271, 0.8319117801187815, 0.8215897197799156, 0.8109608119646047, 0.8310045644614334, 0.8143063445282224, 0.8184591712226499, 0.8189279645807014]","[0.7782340862422998, 0.7905544147843943, 0.7880658436213992, 0.7983539094650206, 0.7995910020449898, 0.7716049382716049, 0.7905544147843943, 0.7741273100616016, 0.7885010266940452, 0.7802874743326489]","[0.7531560494589457, 0.7663412738004292, 0.7637606530802945, 0.7779547974140409, 0.7785732907332114, 0.7410248090105251, 0.7707898635405795, 0.7488494213655866, 0.7679903258993207, 0.7509792653299404]","[array([[129,   2,   2,   1],
       [ 55,  24,   0,   6],
       [  0,   0, 132,   2],
       [  4,   0,  36,  94]]), array([[132,   1,   1,   0],
       [ 54,  25,   0,   6],
       [  0,   0, 131,   3],
       [  4,   0,  33,  97]]), array([[130,   0,   3,   1],
       [ 55,  24,   0,   5],
       [  0,   0, 130,   4],
       [  2,   0,  33,  99]]), array([[131,   1,   1,   1],
       [ 51,  28,   0,   5],
       [  0,   0, 130,   4],
       [  1,   0,  34,  99]]), array([[130,   4,   1,   0],
       [ 53,  26,   0,   5],
       [  0,   0, 131,   4],
       [  2,   0,  29, 104]]), array([[128,   1,   4,   1],
       [ 61,  18,   0,   5],
       [  0,   0, 127,   7],
       [  3,   0,  29, 102]]), array([[131,   2,   1,   0],
       [ 53,  29,   1,   2],
       [  0,   0, 132,   2],
       [  3,   0,  38,  93]]), array([[131,   1,   1,   1],
       [ 53,  25,   0,   7],
       [  0,   0, 131,   3],
       [  4,   0,  40,  90]]), array([[127,   3,   4,   0],
       [ 53,  27,   0,   5],
       [  0,   0, 131,   3],
       [  3,   0,  32,  99]]), array([[130,   1,   2,   1],
       [ 59,  20,   0,   6],
       [  0,   0, 129,   5],
       [  3,   0,  30, 101]])]","[0.6521739130434783, 0.7608695652173914, 0.7391304347826086, 0.7391304347826086, 0.6666666666666666, 0.7777777777777778, 0.6222222222222222, 0.7555555555555555, 0.7333333333333333, 0.7777777777777778]","[0.6521739130434783, 0.7608695652173914, 0.7391304347826086, 0.7391304347826086, 0.6666666666666666, 0.7777777777777778, 0.6222222222222222, 0.7555555555555555, 0.7333333333333333, 0.7777777777777778]","[0.6521739130434783, 0.7608695652173914, 0.7391304347826086, 0.7391304347826086, 0.6666666666666666, 0.7777777777777778, 0.6222222222222222, 0.7555555555555555, 0.7333333333333333, 0.7777777777777778]","[0.6521739130434783, 0.7608695652173914, 0.7391304347826086, 0.7391304347826086, 0.6666666666666666, 0.7777777777777778, 0.6222222222222222, 0.7555555555555555, 0.7333333333333333, 0.7777777777777778]","[0.7434640522875816, 0.8221804511278196, 0.7472222222222222, 0.8101010101010101, 0.787828947368421, 0.8492822966507177, 0.6415520753756048, 0.8284313725490196, 0.7729166666666667, 0.8403361344537815]","[0.6472222222222223, 0.7333333333333334, 0.718939393939394, 0.718939393939394, 0.6629870129870129, 0.7666666666666667, 0.6184343434343434, 0.7499999999999999, 0.7383838383838384, 0.7666666666666666]","[0.6034090909090909, 0.7254449388209121, 0.6910035366931919, 0.6866995073891625, 0.6000810783419479, 0.7238095238095239, 0.5853937728937729, 0.7214285714285713, 0.7149725274725275, 0.7413003663003663]","[0.7382779198635976, 0.8138280483818241, 0.7560386473429952, 0.8107158541941151, 0.8008771929824562, 0.8607123870281765, 0.648026483320601, 0.8396514161220043, 0.7951851851851851, 0.850233426704015]","[0.6521739130434783, 0.7608695652173914, 0.7391304347826086, 0.7391304347826086, 0.6666666666666666, 0.7777777777777778, 0.6222222222222222, 0.7555555555555555, 0.7333333333333333, 0.7777777777777778]","[0.6149868247694334, 0.7435677322629008, 0.7100680429016262, 0.7063254087242093, 0.6177854351767396, 0.7428571428571429, 0.5956043956043956, 0.7365079365079364, 0.7232600732600734, 0.7592999592999593]","[array([[12,  0,  0,  0],
       [ 6,  2,  0,  1],
       [ 0,  0,  9,  1],
       [ 0,  0,  8,  7]]), array([[12,  0,  0,  0],
       [ 6,  3,  0,  0],
       [ 0,  0,  8,  2],
       [ 1,  0,  2, 12]]), array([[10,  1,  0,  0],
       [ 7,  2,  0,  1],
       [ 0,  0,  9,  1],
       [ 1,  0,  1, 13]]), array([[10,  0,  1,  0],
       [ 7,  2,  0,  1],
       [ 0,  0,  9,  1],
       [ 1,  0,  1, 13]]), array([[10,  0,  1,  0],
       [ 9,  1,  0,  0],
       [ 0,  0, 10,  0],
       [ 0,  0,  5,  9]]), array([[11,  0,  0,  0],
       [ 8,  2,  0,  0],
       [ 0,  0,  9,  0],
       [ 0,  0,  2, 13]]), array([[9, 1, 1, 0],
       [5, 2, 0, 2],
       [0, 0, 9, 1],
       [3, 0, 4, 8]]), array([[11,  0,  0,  0],
       [ 6,  3,  0,  0],
       [ 0,  0, 10,  0],
       [ 0,  0,  5, 10]]), array([[10,  1,  0,  0],
       [ 5,  4,  0,  0],
       [ 0,  0, 10,  0],
       [ 0,  0,  6,  9]]), array([[11,  0,  0,  0],
       [ 6,  3,  0,  0],
       [ 0,  0, 10,  0],
       [ 0,  0,  4, 11]])]"
26,"[0.7720739219712526, 0.7741273100616016, 0.779835390946502, 0.7777777777777778, 0.7852760736196319, 0.7736625514403292, 0.7823408624229979, 0.7823408624229979, 0.7905544147843943, 0.7679671457905544]","[0.7720739219712526, 0.7741273100616016, 0.779835390946502, 0.7777777777777778, 0.7852760736196319, 0.7736625514403292, 0.7823408624229979, 0.7823408624229979, 0.7905544147843943, 0.7679671457905544]","[0.7720739219712526, 0.7741273100616016, 0.779835390946502, 0.7777777777777778, 0.7852760736196319, 0.7736625514403292, 0.7823408624229979, 0.7823408624229979, 0.7905544147843943, 0.7679671457905544]","[0.7720739219712526, 0.7741273100616016, 0.779835390946502, 0.7777777777777778, 0.7852760736196319, 0.7736625514403292, 0.7823408624229979, 0.7823408624229979, 0.7905544147843943, 0.7679671457905544]","[0.8299905178114797, 0.8192237273217324, 0.8441666629730915, 0.8309203247115418, 0.8283366702335218, 0.8264894771121696, 0.824926489474813, 0.8202765823147989, 0.8381702617693572, 0.8153782678737151]","[0.7230026338893767, 0.7313213345039508, 0.730410447761194, 0.7318763326226012, 0.7403439153439153, 0.7237029140014214, 0.7409350307287095, 0.7355575065847234, 0.7462467076382793, 0.7203467954345918]","[0.7091039124388128, 0.7240861489085875, 0.7186185263228236, 0.7234588730999565, 0.7354415190238844, 0.7106560286919693, 0.7371899304804627, 0.7263916686027471, 0.7409787401718881, 0.7076842044256137]","[0.8176760798363171, 0.8114432923237987, 0.8281344266534508, 0.8176405227271325, 0.817882738382329, 0.813537679245011, 0.8170483241116442, 0.8102428092828177, 0.8256141172960786, 0.8055515834610446]","[0.7720739219712526, 0.7741273100616016, 0.779835390946502, 0.7777777777777778, 0.7852760736196319, 0.7736625514403292, 0.7823408624229979, 0.7823408624229979, 0.7905544147843943, 0.7679671457905544]","[0.7424828152555806, 0.751045787724888, 0.751398210100892, 0.7525835542339988, 0.7637215722787857, 0.7445761570602396, 0.7627897953259443, 0.7574025159756947, 0.7688184902097167, 0.7397601191305411]","[array([[130,   1,   2,   1],
       [ 61,  20,   0,   4],
       [  0,   0, 131,   3],
       [  3,   0,  36,  95]]), array([[128,   3,   3,   0],
       [ 54,  26,   0,   5],
       [  0,   0, 133,   1],
       [  2,   0,  42,  90]]), array([[132,   0,   1,   1],
       [ 59,  21,   0,   4],
       [  0,   0, 130,   4],
       [  2,   0,  36,  96]]), array([[131,   1,   1,   1],
       [ 55,  24,   0,   5],
       [  0,   0, 130,   4],
       [  1,   0,  40,  93]]), array([[130,   2,   3,   0],
       [ 53,  26,   0,   5],
       [  0,   0, 130,   5],
       [  3,   0,  34,  98]]), array([[130,   1,   1,   2],
       [ 59,  20,   0,   5],
       [  0,   0, 129,   5],
       [  3,   0,  34,  97]]), array([[128,   3,   3,   0],
       [ 54,  28,   1,   2],
       [  0,   0, 130,   4],
       [  2,   0,  37,  95]]), array([[128,   2,   3,   1],
       [ 55,  23,   0,   7],
       [  0,   0, 126,   8],
       [  2,   0,  28, 104]]), array([[128,   1,   4,   1],
       [ 54,  26,   0,   5],
       [  0,   0, 129,   5],
       [  2,   0,  30, 102]]), array([[129,   2,   2,   1],
       [ 59,  21,   0,   5],
       [  0,   0, 130,   4],
       [  3,   0,  37,  94]])]","[0.6521739130434783, 0.7608695652173914, 0.7391304347826086, 0.7391304347826086, 0.6888888888888889, 0.7555555555555555, 0.7111111111111111, 0.8222222222222222, 0.7333333333333333, 0.7777777777777778]","[0.6521739130434783, 0.7608695652173914, 0.7391304347826086, 0.7391304347826086, 0.6888888888888889, 0.7555555555555555, 0.7111111111111111, 0.8222222222222222, 0.7333333333333333, 0.7777777777777778]","[0.6521739130434783, 0.7608695652173914, 0.7391304347826086, 0.7391304347826086, 0.6888888888888889, 0.7555555555555555, 0.7111111111111111, 0.8222222222222222, 0.7333333333333333, 0.7777777777777778]","[0.6521739130434783, 0.7608695652173914, 0.7391304347826086, 0.7391304347826086, 0.6888888888888889, 0.7555555555555555, 0.7111111111111111, 0.8222222222222222, 0.7333333333333333, 0.7777777777777778]","[0.7434640522875816, 0.8245614035087719, 0.7159945317840055, 0.811965811965812, 0.8041666666666667, 0.8258547008547008, 0.7757554945054945, 0.8641826923076923, 0.7729166666666667, 0.8348214285714286]","[0.6472222222222223, 0.7416666666666667, 0.7189393939393939, 0.7272727272727273, 0.6857142857142857, 0.7583333333333333, 0.6911616161616162, 0.8111111111111111, 0.7383838383838384, 0.7606060606060605]","[0.6034090909090909, 0.7267975453459324, 0.6705665024630542, 0.687424145070322, 0.6185260742062987, 0.7211237038823246, 0.6614016224211126, 0.7971633841199058, 0.7149725274725275, 0.7407407407407407]","[0.7382779198635976, 0.8223684210526316, 0.7349772652976314, 0.8184689706428836, 0.8159259259259259, 0.8433998100664768, 0.7685286935286936, 0.8723290598290598, 0.7951851851851851, 0.8448412698412697]","[0.6521739130434783, 0.7608695652173914, 0.7391304347826086, 0.7391304347826086, 0.6888888888888889, 0.7555555555555555, 0.7111111111111111, 0.8222222222222222, 0.7333333333333333, 0.7777777777777778]","[0.6149868247694334, 0.7433557170583818, 0.6950453344756194, 0.705920331759586, 0.635136781560344, 0.7336923612785682, 0.680583838271661, 0.8117868890815749, 0.7232600732600734, 0.762551440329218]","[array([[12,  0,  0,  0],
       [ 6,  2,  0,  1],
       [ 0,  0,  9,  1],
       [ 0,  0,  8,  7]]), array([[12,  0,  0,  0],
       [ 6,  3,  0,  0],
       [ 0,  0,  9,  1],
       [ 1,  0,  3, 11]]), array([[10,  1,  0,  0],
       [ 8,  1,  0,  1],
       [ 0,  0, 10,  0],
       [ 1,  0,  1, 13]]), array([[10,  0,  1,  0],
       [ 7,  2,  0,  1],
       [ 0,  0, 10,  0],
       [ 1,  0,  2, 12]]), array([[11,  0,  0,  0],
       [ 9,  1,  0,  0],
       [ 0,  0, 10,  0],
       [ 0,  0,  5,  9]]), array([[11,  0,  0,  0],
       [ 7,  3,  0,  0],
       [ 0,  0,  9,  0],
       [ 0,  0,  4, 11]]), array([[10,  0,  1,  0],
       [ 5,  2,  0,  2],
       [ 0,  0,  9,  1],
       [ 1,  0,  3, 11]]), array([[11,  0,  0,  0],
       [ 5,  4,  0,  0],
       [ 0,  0, 10,  0],
       [ 0,  0,  3, 12]]), array([[10,  1,  0,  0],
       [ 5,  4,  0,  0],
       [ 0,  0, 10,  0],
       [ 0,  0,  6,  9]]), array([[10,  0,  1,  0],
       [ 6,  3,  0,  0],
       [ 0,  0, 10,  0],
       [ 0,  0,  3, 12]])]"
27,"[0.7926078028747433, 0.7946611909650924, 0.7901234567901234, 0.779835390946502, 0.7770961145194274, 0.7757201646090535, 0.7802874743326489, 0.784394250513347, 0.7987679671457906, 0.7720739219712526]","[0.7926078028747433, 0.7946611909650924, 0.7901234567901234, 0.779835390946502, 0.7770961145194274, 0.7757201646090535, 0.7802874743326489, 0.784394250513347, 0.7987679671457906, 0.7720739219712526]","[0.7926078028747433, 0.7946611909650924, 0.7901234567901234, 0.779835390946502, 0.7770961145194274, 0.7757201646090535, 0.7802874743326489, 0.784394250513347, 0.7987679671457906, 0.7720739219712526]","[0.7926078028747433, 0.7946611909650924, 0.7901234567901234, 0.779835390946502, 0.7770961145194274, 0.7757201646090535, 0.7802874743326489, 0.784394250513347, 0.7987679671457906, 0.7720739219712526]","[0.8424045431996794, 0.8390091263258419, 0.8463238381858903, 0.8322949599420187, 0.8234879656392491, 0.8215939457652376, 0.8297956844616163, 0.8328542101255907, 0.8428203221631979, 0.8264833708239927]","[0.7502633889376646, 0.7489025460930641, 0.7430703624733475, 0.7337420042643924, 0.7273148148148147, 0.7311211798152097, 0.7336918349429323, 0.740649692712906, 0.7558604038630378, 0.7240781387181737]","[0.7469723576820544, 0.7426039711327864, 0.7361588160275798, 0.7258501769769637, 0.7159941201452642, 0.7250915688415688, 0.724320016885642, 0.7350049893774544, 0.7529320438567186, 0.7116874686703077]","[0.8300174339372525, 0.8266807127212867, 0.8305135334725045, 0.8191565813352306, 0.8141478201511047, 0.8108602029503519, 0.8207196855676104, 0.8197631857127956, 0.8304750469237946, 0.8135982741045849]","[0.7926078028747433, 0.7946611909650924, 0.7901234567901234, 0.779835390946502, 0.7770961145194274, 0.7757201646090535, 0.7802874743326489, 0.784394250513347, 0.7987679671457906, 0.7720739219712526]","[0.7727043291149582, 0.7719992945689967, 0.7661705826513592, 0.7552208770283939, 0.7497303339256801, 0.7533468279353053, 0.7551224229153902, 0.7622436844072188, 0.7792636551716728, 0.74380048941986]","[array([[127,   1,   5,   1],
       [ 52,  28,   0,   5],
       [  0,   0, 132,   2],
       [  3,   0,  32,  99]]), array([[129,   1,   4,   0],
       [ 54,  25,   0,   6],
       [  0,   0, 126,   8],
       [  2,   0,  25, 107]]), array([[131,   0,   2,   1],
       [ 56,  24,   0,   4],
       [  0,   0, 127,   7],
       [  1,   0,  31, 102]]), array([[130,   1,   2,   1],
       [ 55,  24,   0,   5],
       [  0,   0, 130,   4],
       [  2,   0,  37,  95]]), array([[130,   2,   3,   0],
       [ 58,  21,   0,   5],
       [  0,   0, 132,   3],
       [  3,   0,  35,  97]]), array([[129,   2,   3,   0],
       [ 54,  25,   0,   5],
       [  0,   0, 128,   6],
       [  7,   0,  32,  95]]), array([[130,   2,   2,   0],
       [ 59,  23,   0,   3],
       [  0,   0, 131,   3],
       [  4,   0,  34,  96]]), array([[128,   1,   4,   1],
       [ 53,  26,   0,   6],
       [  0,   0, 129,   5],
       [  2,   0,  33,  99]]), array([[128,   1,   4,   1],
       [ 52,  28,   0,   5],
       [  0,   0, 128,   6],
       [  2,   0,  27, 105]]), array([[130,   1,   2,   1],
       [ 59,  21,   0,   5],
       [  0,   0, 129,   5],
       [  3,   0,  35,  96]])]","[0.6521739130434783, 0.7608695652173914, 0.7391304347826086, 0.7391304347826086, 0.6666666666666666, 0.7777777777777778, 0.6888888888888889, 0.7777777777777778, 0.7555555555555555, 0.7777777777777778]","[0.6521739130434783, 0.7608695652173914, 0.7391304347826086, 0.7391304347826086, 0.6666666666666666, 0.7777777777777778, 0.6888888888888889, 0.7777777777777778, 0.7555555555555555, 0.7777777777777778]","[0.6521739130434783, 0.7608695652173914, 0.7391304347826086, 0.7391304347826086, 0.6666666666666666, 0.7777777777777778, 0.6888888888888889, 0.7777777777777778, 0.7555555555555555, 0.7777777777777778]","[0.6521739130434783, 0.7608695652173914, 0.7391304347826086, 0.7391304347826086, 0.6666666666666666, 0.7777777777777778, 0.6888888888888889, 0.7777777777777778, 0.7555555555555555, 0.7777777777777778]","[0.7434640522875816, 0.814889705882353, 0.7472222222222222, 0.7988445378151261, 0.7732142857142857, 0.8402777777777778, 0.759271978021978, 0.8403361344537815, 0.828125, 0.8296130952380952]","[0.6472222222222223, 0.7291666666666666, 0.718939393939394, 0.7272727272727273, 0.6607142857142857, 0.7749999999999999, 0.6744949494949495, 0.7666666666666666, 0.7611111111111112, 0.7666666666666666]","[0.6034090909090909, 0.7243325917686319, 0.6910035366931919, 0.7053980502256364, 0.5978739002932552, 0.741547724306345, 0.6421657046657047, 0.7413003663003663, 0.7373575498575499, 0.7407407407407408]","[0.7382779198635976, 0.8033088235294118, 0.7560386473429952, 0.8006028498355863, 0.7795238095238095, 0.8549382716049383, 0.7520451770451771, 0.850233426704015, 0.8402777777777778, 0.8323412698412698]","[0.6521739130434783, 0.7608695652173914, 0.7391304347826086, 0.7391304347826086, 0.6666666666666666, 0.7777777777777778, 0.6888888888888889, 0.7777777777777778, 0.7555555555555555, 0.7777777777777778]","[0.6149868247694334, 0.743132466025052, 0.7100680429016262, 0.7188725816911724, 0.613880742913001, 0.7557295833157901, 0.6585591363369141, 0.7592999592999593, 0.7431940487496042, 0.7559670781893004]","[array([[12,  0,  0,  0],
       [ 6,  2,  0,  1],
       [ 0,  0,  9,  1],
       [ 0,  0,  8,  7]]), array([[11,  0,  0,  1],
       [ 6,  3,  0,  0],
       [ 0,  0,  8,  2],
       [ 0,  0,  2, 13]]), array([[10,  1,  0,  0],
       [ 7,  2,  0,  1],
       [ 0,  0,  9,  1],
       [ 1,  0,  1, 13]]), array([[10,  0,  1,  0],
       [ 6,  3,  0,  1],
       [ 0,  0,  9,  1],
       [ 1,  0,  2, 12]]), array([[11,  0,  0,  0],
       [ 9,  1,  0,  0],
       [ 0,  0,  9,  1],
       [ 0,  0,  5,  9]]), array([[11,  0,  0,  0],
       [ 7,  3,  0,  0],
       [ 0,  0,  9,  0],
       [ 0,  0,  3, 12]]), array([[10,  0,  1,  0],
       [ 5,  2,  0,  2],
       [ 0,  0,  9,  1],
       [ 1,  0,  4, 10]]), array([[11,  0,  0,  0],
       [ 6,  3,  0,  0],
       [ 0,  0, 10,  0],
       [ 0,  0,  4, 11]]), array([[11,  0,  0,  0],
       [ 5,  4,  0,  0],
       [ 0,  0, 10,  0],
       [ 0,  0,  6,  9]]), array([[11,  0,  0,  0],
       [ 5,  3,  0,  1],
       [ 0,  0, 10,  0],
       [ 0,  0,  4, 11]])]"
28,"[0.7926078028747433, 0.7905544147843943, 0.7880658436213992, 0.7695473251028807, 0.7955010224948875, 0.7736625514403292, 0.7823408624229979, 0.7782340862422998, 0.7741273100616016, 0.757700205338809]","[0.7926078028747433, 0.7905544147843943, 0.7880658436213992, 0.7695473251028807, 0.7955010224948875, 0.7736625514403292, 0.7823408624229979, 0.7782340862422998, 0.7741273100616016, 0.757700205338809]","[0.7926078028747433, 0.7905544147843943, 0.7880658436213992, 0.7695473251028807, 0.7955010224948875, 0.7736625514403292, 0.7823408624229979, 0.7782340862422998, 0.7741273100616016, 0.757700205338809]","[0.7926078028747433, 0.7905544147843943, 0.7880658436213992, 0.7695473251028807, 0.7955010224948875, 0.7736625514403292, 0.7823408624229979, 0.7782340862422998, 0.7741273100616016, 0.757700205338809]","[0.8447562098875788, 0.840808953152878, 0.8467486678935277, 0.8270857533349928, 0.8351568090408863, 0.8279296954016842, 0.8224220019984192, 0.8290905396168555, 0.8260415826409615, 0.8130293784180339]","[0.7448858647936787, 0.7440956979806848, 0.7434257285003554, 0.7233031272210376, 0.748478835978836, 0.7192608386638237, 0.7398595258999122, 0.7285996488147497, 0.7259438103599649, 0.7056409130816507]","[0.7356587831734906, 0.735759409041443, 0.7389274657027483, 0.7135014068837633, 0.7426533636978145, 0.7003795098208111, 0.7346075333555663, 0.7143890272664833, 0.7144327913466384, 0.6859107477113217]","[0.8333285321692175, 0.8288164248253442, 0.830982069940187, 0.8135829158866038, 0.8256900913289497, 0.8162787926047139, 0.8146164128771102, 0.8166855494208786, 0.8131120349544724, 0.8001357284871512]","[0.7926078028747433, 0.7905544147843943, 0.7880658436213992, 0.7695473251028807, 0.7955010224948875, 0.7736625514403292, 0.7823408624229979, 0.7782340862422998, 0.7741273100616016, 0.757700205338809]","[0.7672160342883413, 0.7658834190233987, 0.7663143168319124, 0.7430873617148165, 0.7731285141591961, 0.7398391627685986, 0.7612750353725044, 0.7482996972835713, 0.74682203552769, 0.7233585456954015]","[array([[130,   1,   2,   1],
       [ 58,  23,   0,   4],
       [  0,   0, 132,   2],
       [  3,   0,  30, 101]]), array([[131,   1,   2,   0],
       [ 56,  24,   0,   5],
       [  0,   0, 130,   4],
       [  2,   0,  32, 100]]), array([[129,   0,   4,   1],
       [ 54,  26,   0,   4],
       [  0,   0, 130,   4],
       [  2,   0,  34,  98]]), array([[131,   1,   1,   1],
       [ 57,  23,   0,   4],
       [  0,   0, 130,   4],
       [  2,   0,  42,  90]]), array([[132,   2,   1,   0],
       [ 54,  25,   0,   5],
       [  0,   0, 129,   6],
       [  4,   0,  28, 103]]), array([[129,   1,   3,   1],
       [ 63,  16,   0,   5],
       [  0,   0, 130,   4],
       [  4,   0,  29, 101]]), array([[129,   3,   1,   1],
       [ 55,  27,   0,   3],
       [  0,   0, 130,   4],
       [  2,   0,  37,  95]]), array([[130,   1,   2,   1],
       [ 58,  20,   0,   7],
       [  0,   0, 130,   4],
       [  2,   0,  33,  99]]), array([[131,   1,   2,   0],
       [ 58,  21,   0,   6],
       [  0,   0, 125,   9],
       [  7,   0,  27, 100]]), array([[129,   1,   3,   1],
       [ 64,  16,   0,   5],
       [  0,   0, 126,   8],
       [  3,   0,  33,  98]])]","[0.6521739130434783, 0.8043478260869565, 0.717391304347826, 0.7391304347826086, 0.6666666666666666, 0.7777777777777778, 0.6888888888888889, 0.8, 0.6888888888888889, 0.7777777777777778]","[0.6521739130434783, 0.8043478260869565, 0.717391304347826, 0.7391304347826086, 0.6666666666666666, 0.7777777777777778, 0.6888888888888889, 0.8, 0.6888888888888889, 0.7777777777777778]","[0.6521739130434783, 0.8043478260869565, 0.717391304347826, 0.7391304347826086, 0.6666666666666666, 0.7777777777777778, 0.6888888888888889, 0.8, 0.6888888888888889, 0.7777777777777778]","[0.6521739130434783, 0.8043478260869565, 0.717391304347826, 0.7391304347826086, 0.6666666666666666, 0.7777777777777778, 0.6888888888888889, 0.8, 0.6888888888888889, 0.7777777777777778]","[0.7434640522875816, 0.8430871212121213, 0.7270299145299145, 0.804796918767507, 0.787828947368421, 0.8492822966507177, 0.759271978021978, 0.8504464285714286, 0.7345588235294118, 0.8348214285714286]","[0.6472222222222223, 0.7819444444444444, 0.7106060606060607, 0.7356060606060606, 0.6629870129870129, 0.7666666666666667, 0.6744949494949495, 0.7944444444444445, 0.6856060606060607, 0.7606060606060605]","[0.6034090909090909, 0.7812271062271062, 0.670431878078055, 0.705993080993081, 0.6000810783419479, 0.7238095238095239, 0.6421657046657047, 0.7774216524216525, 0.661456043956044, 0.7407407407407407]","[0.7382779198635976, 0.8354743083003953, 0.7439149015235972, 0.8122488125685056, 0.8008771929824562, 0.8607123870281765, 0.7520451770451771, 0.8601190476190476, 0.7604575163398692, 0.8448412698412697]","[0.6521739130434783, 0.8043478260869565, 0.717391304347826, 0.7391304347826086, 0.6666666666666666, 0.7777777777777778, 0.6888888888888889, 0.8, 0.6888888888888889, 0.7777777777777778]","[0.6149868247694334, 0.794314381270903, 0.6865435732523927, 0.7180018049583268, 0.6177854351767396, 0.7428571428571429, 0.6585591363369141, 0.7894903450459005, 0.6769108669108669, 0.762551440329218]","[array([[12,  0,  0,  0],
       [ 6,  2,  0,  1],
       [ 0,  0,  9,  1],
       [ 0,  0,  8,  7]]), array([[11,  0,  0,  1],
       [ 5,  4,  0,  0],
       [ 0,  0,  9,  1],
       [ 0,  0,  2, 13]]), array([[10,  1,  0,  0],
       [ 7,  2,  0,  1],
       [ 0,  0, 10,  0],
       [ 1,  0,  3, 11]]), array([[10,  0,  1,  0],
       [ 6,  3,  0,  1],
       [ 0,  0, 10,  0],
       [ 1,  0,  3, 11]]), array([[10,  0,  1,  0],
       [ 9,  1,  0,  0],
       [ 0,  0, 10,  0],
       [ 0,  0,  5,  9]]), array([[11,  0,  0,  0],
       [ 8,  2,  0,  0],
       [ 0,  0,  9,  0],
       [ 0,  0,  2, 13]]), array([[10,  0,  1,  0],
       [ 5,  2,  0,  2],
       [ 0,  0,  9,  1],
       [ 1,  0,  4, 10]]), array([[11,  0,  0,  0],
       [ 5,  4,  0,  0],
       [ 0,  0, 10,  0],
       [ 0,  0,  4, 11]]), array([[10,  1,  0,  0],
       [ 6,  3,  0,  0],
       [ 1,  0,  9,  0],
       [ 0,  0,  6,  9]]), array([[10,  0,  1,  0],
       [ 6,  3,  0,  0],
       [ 0,  0, 10,  0],
       [ 0,  0,  3, 12]])]"
29,"[0.7802874743326489, 0.784394250513347, 0.7860082304526749, 0.7736625514403292, 0.7689161554192229, 0.7674897119341564, 0.7802874743326489, 0.7782340862422998, 0.7823408624229979, 0.7597535934291582]","[0.7802874743326489, 0.784394250513347, 0.7860082304526749, 0.7736625514403292, 0.7689161554192229, 0.7674897119341564, 0.7802874743326489, 0.7782340862422998, 0.7823408624229979, 0.7597535934291582]","[0.7802874743326489, 0.784394250513347, 0.7860082304526749, 0.7736625514403292, 0.7689161554192229, 0.7674897119341564, 0.7802874743326489, 0.7782340862422998, 0.7823408624229979, 0.7597535934291582]","[0.7802874743326489, 0.784394250513347, 0.7860082304526749, 0.7736625514403292, 0.7689161554192229, 0.7674897119341564, 0.7802874743326489, 0.7782340862422998, 0.7823408624229979, 0.7597535934291582]","[0.8339066347452242, 0.8464279149385936, 0.8462000962000962, 0.8293648028573936, 0.8196102202746002, 0.8227693602693602, 0.8272018715605227, 0.8286269733587529, 0.8431978162066289, 0.8073380566801619]","[0.7304653204565408, 0.7341966637401229, 0.7371179815209666, 0.7248134328358209, 0.7221560846560846, 0.71477434257285, 0.7347673397717296, 0.7307506584723442, 0.7301799824407375, 0.7085820895522388]","[0.7170172454006354, 0.7201117957794291, 0.7273213121332509, 0.7127402223717778, 0.7129277676776011, 0.6970340090767304, 0.7263529081814535, 0.7201525228881757, 0.7139339731978542, 0.6897798451914674]","[0.8219862208557978, 0.8309761035053105, 0.8303770608297356, 0.8164861349882515, 0.8091401205486383, 0.8102513474941458, 0.8175553058021992, 0.8157587115049286, 0.8274210051062693, 0.7985443390501209]","[0.7802874743326489, 0.784394250513347, 0.7860082304526749, 0.7736625514403292, 0.7689161554192229, 0.7674897119341564, 0.7802874743326489, 0.7782340862422998, 0.7823408624229979, 0.7597535934291582]","[0.7511923562566832, 0.7542366650330746, 0.7594434286466881, 0.7453033712686336, 0.743268013836581, 0.734451774070907, 0.7559260155976795, 0.7516196905648853, 0.750600402549932, 0.7262890477482459]","[array([[129,   1,   3,   1],
       [ 60,  20,   0,   5],
       [  0,   0, 131,   3],
       [  3,   0,  31, 100]]), array([[132,   0,   2,   0],
       [ 59,  20,   0,   6],
       [  0,   0, 130,   4],
       [  2,   0,  32, 100]]), array([[130,   0,   3,   1],
       [ 57,  22,   0,   5],
       [  0,   0, 130,   4],
       [  2,   0,  32, 100]]), array([[130,   1,   2,   1],
       [ 58,  21,   0,   5],
       [  0,   0, 131,   3],
       [  2,   0,  38,  94]]), array([[130,   2,   3,   0],
       [ 56,  23,   0,   5],
       [  0,   0, 132,   3],
       [  5,   0,  39,  91]]), array([[130,   1,   2,   1],
       [ 62,  17,   0,   5],
       [  0,   0, 129,   5],
       [  3,   0,  34,  97]]), array([[130,   2,   2,   0],
       [ 57,  24,   0,   4],
       [  0,   0, 130,   4],
       [  3,   0,  35,  96]]), array([[130,   1,   2,   1],
       [ 58,  22,   0,   5],
       [  0,   0, 127,   7],
       [  2,   0,  32, 100]]), array([[130,   0,   2,   2],
       [ 62,  18,   0,   5],
       [  0,   0, 127,   7],
       [  2,   0,  26, 106]]), array([[129,   2,   2,   1],
       [ 63,  17,   0,   5],
       [  0,   0, 130,   4],
       [  3,   0,  37,  94]])]","[0.6739130434782609, 0.7391304347826086, 0.717391304347826, 0.717391304347826, 0.6666666666666666, 0.7555555555555555, 0.6888888888888889, 0.7777777777777778, 0.7333333333333333, 0.7333333333333333]","[0.6739130434782609, 0.7391304347826086, 0.717391304347826, 0.717391304347826, 0.6666666666666666, 0.7555555555555555, 0.6888888888888889, 0.7777777777777778, 0.7333333333333333, 0.7333333333333333]","[0.6739130434782609, 0.7391304347826086, 0.717391304347826, 0.717391304347826, 0.6666666666666666, 0.7555555555555555, 0.6888888888888889, 0.7777777777777778, 0.7333333333333333, 0.7333333333333333]","[0.6739130434782609, 0.7391304347826086, 0.717391304347826, 0.717391304347826, 0.6666666666666666, 0.7555555555555555, 0.6888888888888889, 0.7777777777777778, 0.7333333333333333, 0.7333333333333333]","[0.7572916666666667, 0.8027777777777778, 0.6956815114709851, 0.7906746031746031, 0.7732142857142857, 0.8322368421052632, 0.759271978021978, 0.8403361344537815, 0.7997517188693659, 0.8125]","[0.6638888888888889, 0.7124999999999999, 0.7022727272727272, 0.7022727272727274, 0.6607142857142857, 0.75, 0.6744949494949495, 0.7666666666666666, 0.725, 0.7272727272727272]","[0.6239860139860139, 0.7083333333333333, 0.6498917748917749, 0.667189132706374, 0.5978739002932552, 0.7031746031746031, 0.6421657046657047, 0.7413003663003663, 0.7012362637362637, 0.7024928774928776]","[0.7527173913043478, 0.7898550724637682, 0.7167165405151674, 0.7927881297446515, 0.7795238095238095, 0.8470760233918128, 0.7520451770451771, 0.850233426704015, 0.8040573805279687, 0.825]","[0.6739130434782609, 0.7391304347826086, 0.717391304347826, 0.717391304347826, 0.6666666666666666, 0.7555555555555555, 0.6888888888888889, 0.7777777777777778, 0.7333333333333333, 0.7333333333333333]","[0.6390392216479173, 0.7239130434782608, 0.6727837380011293, 0.6851119894598156, 0.613880742913001, 0.721058201058201, 0.6585591363369141, 0.7592999592999593, 0.715140415140415, 0.7186767964545742]","[array([[12,  0,  0,  0],
       [ 6,  2,  0,  1],
       [ 0,  0,  9,  1],
       [ 0,  0,  7,  8]]), array([[11,  0,  0,  1],
       [ 6,  3,  0,  0],
       [ 0,  0,  8,  2],
       [ 1,  0,  2, 12]]), array([[10,  1,  0,  0],
       [ 8,  1,  0,  1],
       [ 0,  0, 10,  0],
       [ 1,  0,  2, 12]]), array([[10,  0,  1,  0],
       [ 7,  2,  0,  1],
       [ 0,  0,  9,  1],
       [ 1,  0,  2, 12]]), array([[11,  0,  0,  0],
       [ 9,  1,  0,  0],
       [ 0,  0,  9,  1],
       [ 0,  0,  5,  9]]), array([[11,  0,  0,  0],
       [ 8,  2,  0,  0],
       [ 0,  0,  9,  0],
       [ 0,  0,  3, 12]]), array([[10,  0,  1,  0],
       [ 5,  2,  0,  2],
       [ 0,  0,  9,  1],
       [ 1,  0,  4, 10]]), array([[11,  0,  0,  0],
       [ 6,  3,  0,  0],
       [ 0,  0, 10,  0],
       [ 0,  0,  4, 11]]), array([[11,  0,  0,  0],
       [ 6,  3,  0,  0],
       [ 0,  0,  9,  1],
       [ 0,  0,  5, 10]]), array([[10,  0,  1,  0],
       [ 6,  3,  0,  0],
       [ 0,  0, 10,  0],
       [ 0,  0,  5, 10]])]"
30,"[0.7720739219712526, 0.7864476386036962, 0.8024691358024691, 0.7757201646090535, 0.7852760736196319, 0.7716049382716049, 0.7659137577002053, 0.7700205338809035, 0.7782340862422998, 0.757700205338809]","[0.7720739219712526, 0.7864476386036962, 0.8024691358024691, 0.7757201646090535, 0.7852760736196319, 0.7716049382716049, 0.7659137577002053, 0.7700205338809035, 0.7782340862422998, 0.757700205338809]","[0.7720739219712526, 0.7864476386036962, 0.8024691358024691, 0.7757201646090535, 0.7852760736196319, 0.7716049382716049, 0.7659137577002053, 0.7700205338809035, 0.7782340862422998, 0.757700205338809]","[0.7720739219712526, 0.7864476386036962, 0.8024691358024691, 0.7757201646090535, 0.7852760736196319, 0.7716049382716049, 0.7659137577002053, 0.7700205338809035, 0.7782340862422998, 0.757700205338809]","[0.8271263029496563, 0.836764597685993, 0.8585747809319996, 0.831791987323413, 0.8279836846899602, 0.8241715758468335, 0.8190707585390178, 0.80656251797533, 0.8387839541314249, 0.8143221533565846]","[0.7219271290605794, 0.7414398595259, 0.7531538734896944, 0.726679104477612, 0.7358465608465607, 0.720726723525231, 0.7206321334503951, 0.7232879719051799, 0.7285996488147497, 0.707791922739245]","[0.7068825211460006, 0.7338541139812016, 0.7444613393318462, 0.714849927013128, 0.7259322343102367, 0.7065465022782096, 0.7099978254473822, 0.7122086188752855, 0.7153481477936344, 0.690830134607451]","[0.8147632410287797, 0.8242103485509397, 0.8440248612747979, 0.8191630297902811, 0.8187345393304266, 0.8112262647199645, 0.8089156603222044, 0.7991735310775705, 0.8225630378119995, 0.8009355679005142]","[0.7720739219712526, 0.7864476386036962, 0.8024691358024691, 0.7757201646090535, 0.7852760736196319, 0.7716049382716049, 0.7659137577002053, 0.7700205338809035, 0.7782340862422998, 0.757700205338809]","[0.7415928090368029, 0.7623690616465133, 0.7768229439898474, 0.7476301237125917, 0.7591526150301637, 0.7416454618351638, 0.7393591896281063, 0.743621806400725, 0.7489937177632883, 0.7255100897085324]","[array([[128,   1,   3,   2],
       [ 61,  19,   0,   5],
       [  0,   0, 131,   3],
       [  3,   0,  33,  98]]), array([[131,   1,   2,   0],
       [ 54,  25,   0,   6],
       [  0,   0, 130,   4],
       [  2,   0,  35,  97]]), array([[133,   0,   1,   0],
       [ 56,  23,   0,   5],
       [  0,   0, 130,   4],
       [  2,   0,  28, 104]]), array([[130,   1,   2,   1],
       [ 59,  21,   0,   4],
       [  0,   0, 131,   3],
       [  1,   0,  38,  95]]), array([[129,   2,   3,   1],
       [ 56,  22,   0,   6],
       [  0,   0, 133,   2],
       [  3,   0,  32, 100]]), array([[131,   1,   2,   0],
       [ 60,  19,   0,   5],
       [  0,   0, 126,   8],
       [  3,   0,  32,  99]]), array([[130,   2,   2,   0],
       [ 58,  23,   0,   4],
       [  0,   0, 131,   3],
       [  3,   0,  42,  89]]), array([[129,   3,   2,   0],
       [ 56,  22,   0,   7],
       [  0,   0, 128,   6],
       [  6,   0,  32,  96]]), array([[130,   0,   2,   2],
       [ 60,  20,   0,   5],
       [  0,   0, 127,   7],
       [  2,   0,  30, 102]]), array([[129,   1,   2,   2],
       [ 62,  18,   0,   5],
       [  0,   0, 128,   6],
       [  3,   0,  37,  94]])]","[0.6521739130434783, 0.7608695652173914, 0.6739130434782609, 0.717391304347826, 0.6888888888888889, 0.7555555555555555, 0.7111111111111111, 0.8, 0.7333333333333333, 0.7333333333333333]","[0.6521739130434783, 0.7608695652173914, 0.6739130434782609, 0.717391304347826, 0.6888888888888889, 0.7555555555555555, 0.7111111111111111, 0.8, 0.7333333333333333, 0.7333333333333333]","[0.6521739130434783, 0.7608695652173914, 0.6739130434782609, 0.717391304347826, 0.6888888888888889, 0.7555555555555555, 0.7111111111111111, 0.8, 0.7333333333333333, 0.7333333333333333]","[0.6521739130434783, 0.7608695652173914, 0.6739130434782609, 0.717391304347826, 0.6888888888888889, 0.7555555555555555, 0.7111111111111111, 0.8, 0.7333333333333333, 0.7333333333333333]","[0.7434640522875816, 0.8127705627705627, 0.6556174089068826, 0.7906746031746031, 0.7982456140350876, 0.8322368421052632, 0.7757554945054945, 0.8540723981900452, 0.8194444444444444, 0.8125]","[0.6472222222222223, 0.7333333333333334, 0.6606060606060606, 0.7022727272727274, 0.6808441558441558, 0.75, 0.6911616161616162, 0.7833333333333332, 0.7222222222222222, 0.7272727272727272]","[0.6034090909090909, 0.7223727422003283, 0.6093073593073592, 0.667189132706374, 0.6204545454545455, 0.7031746031746031, 0.6614016224211126, 0.7610420979986197, 0.680564263322884, 0.7024928774928776]","[0.7382779198635976, 0.8071710897797854, 0.6735169864460483, 0.7927881297446515, 0.8101364522417154, 0.8470760233918128, 0.7685286935286936, 0.8624434389140272, 0.8308641975308642, 0.825]","[0.6521739130434783, 0.7608695652173914, 0.6739130434782609, 0.717391304347826, 0.6888888888888889, 0.7555555555555555, 0.7111111111111111, 0.8, 0.7333333333333333, 0.7333333333333333]","[0.6149868247694334, 0.7420182765759978, 0.6297289666854884, 0.6851119894598156, 0.6404040404040404, 0.721058201058201, 0.680583838271661, 0.7815965033356337, 0.7026123301985371, 0.7186767964545742]","[array([[12,  0,  0,  0],
       [ 6,  2,  0,  1],
       [ 0,  0,  9,  1],
       [ 0,  0,  8,  7]]), array([[12,  0,  0,  0],
       [ 6,  3,  0,  0],
       [ 0,  0,  8,  2],
       [ 0,  0,  3, 12]]), array([[10,  1,  0,  0],
       [ 8,  1,  0,  1],
       [ 0,  0,  9,  1],
       [ 1,  0,  3, 11]]), array([[10,  0,  1,  0],
       [ 7,  2,  0,  1],
       [ 0,  0,  9,  1],
       [ 1,  0,  2, 12]]), array([[10,  0,  1,  0],
       [ 9,  1,  0,  0],
       [ 0,  0, 10,  0],
       [ 0,  0,  4, 10]]), array([[11,  0,  0,  0],
       [ 8,  2,  0,  0],
       [ 0,  0,  9,  0],
       [ 0,  0,  3, 12]]), array([[10,  0,  1,  0],
       [ 5,  2,  0,  2],
       [ 0,  0,  9,  1],
       [ 1,  0,  3, 11]]), array([[11,  0,  0,  0],
       [ 6,  3,  0,  0],
       [ 0,  0, 10,  0],
       [ 0,  0,  3, 12]]), array([[11,  0,  0,  0],
       [ 7,  2,  0,  0],
       [ 0,  0, 10,  0],
       [ 0,  0,  5, 10]]), array([[10,  0,  1,  0],
       [ 6,  3,  0,  0],
       [ 0,  0, 10,  0],
       [ 0,  0,  5, 10]])]"
31,"[0.7823408624229979, 0.7802874743326489, 0.7818930041152263, 0.7880658436213992, 0.7934560327198364, 0.757201646090535, 0.7782340862422998, 0.7946611909650924, 0.7885010266940452, 0.75564681724846]","[0.7823408624229979, 0.7802874743326489, 0.7818930041152263, 0.7880658436213992, 0.7934560327198364, 0.757201646090535, 0.7782340862422998, 0.7946611909650924, 0.7885010266940452, 0.75564681724846]","[0.7823408624229979, 0.7802874743326489, 0.7818930041152263, 0.7880658436213992, 0.7934560327198364, 0.757201646090535, 0.7782340862422998, 0.7946611909650924, 0.7885010266940452, 0.75564681724846]","[0.7823408624229979, 0.7802874743326489, 0.7818930041152263, 0.7880658436213992, 0.7934560327198364, 0.757201646090535, 0.7782340862422998, 0.7946611909650924, 0.7885010266940452, 0.75564681724846]","[0.826840699184624, 0.8200606659957381, 0.8429692512568403, 0.8402964500038967, 0.8351802250833815, 0.831751215112074, 0.8358813494814723, 0.8345085196563691, 0.8466938892470808, 0.8126686666160351]","[0.7355575065847234, 0.7326163301141352, 0.7311656005685857, 0.7423152096659559, 0.7477513227513227, 0.7054459843638949, 0.7350526777875329, 0.7489025460930641, 0.7443810359964882, 0.7091527655838454]","[0.7265699916476911, 0.7221972105897395, 0.7190403904458817, 0.7356206021921372, 0.7431207767387892, 0.6866129661556113, 0.7280058340352458, 0.7416438106224691, 0.7388511143451855, 0.6969385965405137]","[0.8174673814434466, 0.810340555045275, 0.8268138244314122, 0.8278229920270896, 0.8254400382165299, 0.8144416693417111, 0.8230949037718357, 0.8253104644054282, 0.8312688390891895, 0.7983935893911037]","[0.7823408624229979, 0.7802874743326489, 0.7818930041152263, 0.7880658436213992, 0.7934560327198364, 0.757201646090535, 0.7782340862422998, 0.7946611909650924, 0.7885010266940452, 0.75564681724846]","[0.7575987811750582, 0.7542461773353982, 0.7534462552432579, 0.764537798452084, 0.7722017341725455, 0.7226190672656189, 0.7545403019361226, 0.771347191978734, 0.7660559390843213, 0.7275676445295736]","[array([[128,   2,   3,   1],
       [ 58,  23,   0,   4],
       [  0,   0, 130,   4],
       [  3,   0,  31, 100]]), array([[128,   2,   3,   1],
       [ 57,  22,   0,   6],
       [  0,   0, 127,   7],
       [  2,   0,  29, 103]]), array([[131,   0,   3,   0],
       [ 60,  20,   0,   4],
       [  0,   0, 126,   8],
       [  2,   0,  29, 103]]), array([[131,   1,   1,   1],
       [ 55,  25,   0,   4],
       [  0,   0, 131,   3],
       [  2,   0,  36,  96]]), array([[130,   2,   3,   0],
       [ 53,  26,   0,   5],
       [  0,   0, 131,   4],
       [  4,   0,  30, 101]]), array([[131,   0,   2,   1],
       [ 62,  17,   0,   5],
       [  0,   0, 131,   3],
       [  5,   0,  40,  89]]), array([[132,   1,   1,   0],
       [ 55,  26,   0,   4],
       [  0,   0, 131,   3],
       [  4,   0,  40,  90]]), array([[130,   2,   2,   0],
       [ 54,  25,   0,   6],
       [  0,   0, 130,   4],
       [  2,   0,  30, 102]]), array([[130,   0,   4,   0],
       [ 53,  26,   0,   6],
       [  0,   0, 130,   4],
       [  5,   0,  31,  98]]), array([[128,   1,   4,   1],
       [ 59,  21,   0,   5],
       [  0,   0, 127,   7],
       [  2,   0,  40,  92]])]","[0.6739130434782609, 0.7391304347826086, 0.717391304347826, 0.7391304347826086, 0.6444444444444445, 0.6888888888888889, 0.7111111111111111, 0.7555555555555555, 0.6888888888888889, 0.7333333333333333]","[0.6739130434782609, 0.7391304347826086, 0.717391304347826, 0.7391304347826086, 0.6444444444444445, 0.6888888888888889, 0.7111111111111111, 0.7555555555555555, 0.6888888888888889, 0.7333333333333333]","[0.6739130434782609, 0.7391304347826086, 0.717391304347826, 0.7391304347826086, 0.6444444444444445, 0.6888888888888889, 0.7111111111111111, 0.7555555555555555, 0.6888888888888889, 0.7333333333333333]","[0.6739130434782609, 0.7391304347826086, 0.717391304347826, 0.7391304347826086, 0.6444444444444445, 0.6888888888888889, 0.7111111111111111, 0.7555555555555555, 0.6888888888888889, 0.7333333333333333]","[0.7572916666666667, 0.8027777777777778, 0.6982456140350877, 0.7988445378151261, 0.756578947368421, 0.5625, 0.7757554945054945, 0.8313492063492064, 0.8006535947712419, 0.8001893939393939]","[0.6638888888888889, 0.7124999999999999, 0.693939393939394, 0.7272727272727273, 0.637987012987013, 0.6833333333333333, 0.6911616161616162, 0.7388888888888889, 0.7, 0.7272727272727272]","[0.6239860139860139, 0.7083333333333333, 0.65, 0.7053980502256364, 0.5796212121212121, 0.5924908424908425, 0.6614016224211126, 0.7004360581946789, 0.6590909090909091, 0.7024928774928775]","[0.7527173913043478, 0.7898550724637682, 0.7128146453089245, 0.8006028498355863, 0.7642105263157896, 0.6055555555555555, 0.7685286935286936, 0.8414462081128748, 0.814960058097313, 0.8039562289562289]","[0.6739130434782609, 0.7391304347826086, 0.717391304347826, 0.7391304347826086, 0.6444444444444445, 0.6888888888888889, 0.7111111111111111, 0.7555555555555555, 0.6888888888888889, 0.7333333333333333]","[0.6390392216479173, 0.7239130434782608, 0.6739130434782609, 0.7188725816911724, 0.5967003367003367, 0.6164428164428164, 0.680583838271661, 0.7254043529905599, 0.6629148629148629, 0.7152579930357708]","[array([[12,  0,  0,  0],
       [ 6,  2,  0,  1],
       [ 0,  0,  9,  1],
       [ 0,  0,  7,  8]]), array([[11,  0,  0,  1],
       [ 6,  3,  0,  0],
       [ 0,  0,  8,  2],
       [ 1,  0,  2, 12]]), array([[10,  1,  0,  0],
       [ 8,  1,  0,  1],
       [ 0,  0,  9,  1],
       [ 1,  0,  1, 13]]), array([[10,  0,  1,  0],
       [ 6,  3,  0,  1],
       [ 0,  0,  9,  1],
       [ 1,  0,  2, 12]]), array([[10,  0,  1,  0],
       [ 9,  1,  0,  0],
       [ 0,  0,  9,  1],
       [ 0,  0,  5,  9]]), array([[11,  0,  0,  0],
       [10,  0,  0,  0],
       [ 0,  0,  9,  0],
       [ 1,  0,  3, 11]]), array([[10,  0,  1,  0],
       [ 5,  2,  0,  2],
       [ 0,  0,  9,  1],
       [ 1,  0,  3, 11]]), array([[11,  0,  0,  0],
       [ 7,  2,  0,  0],
       [ 0,  0, 10,  0],
       [ 0,  0,  4, 11]]), array([[11,  0,  0,  0],
       [ 6,  3,  0,  0],
       [ 0,  0, 10,  0],
       [ 0,  0,  8,  7]]), array([[10,  0,  0,  1],
       [ 6,  3,  0,  0],
       [ 0,  0, 10,  0],
       [ 0,  0,  5, 10]])]"
32,"[0.7741273100616016, 0.7885010266940452, 0.7777777777777778, 0.7716049382716049, 0.7770961145194274, 0.7674897119341564, 0.7700205338809035, 0.7864476386036962, 0.7926078028747433, 0.7515400410677618]","[0.7741273100616016, 0.7885010266940452, 0.7777777777777778, 0.7716049382716049, 0.7770961145194274, 0.7674897119341564, 0.7700205338809035, 0.7864476386036962, 0.7926078028747433, 0.7515400410677618]","[0.7741273100616016, 0.7885010266940452, 0.7777777777777778, 0.7716049382716049, 0.7770961145194274, 0.7674897119341564, 0.7700205338809035, 0.7864476386036962, 0.7926078028747433, 0.7515400410677618]","[0.7741273100616016, 0.7885010266940452, 0.7777777777777778, 0.7716049382716049, 0.7770961145194274, 0.7674897119341564, 0.7700205338809035, 0.7864476386036962, 0.7926078028747433, 0.7515400410677618]","[0.8199739792929217, 0.8416753959674617, 0.8436572773021371, 0.8376011006703793, 0.8215419343136734, 0.8241598406135964, 0.8200609702177486, 0.8377105785748705, 0.8511725919861981, 0.8109044633081659]","[0.7227172958735734, 0.743305531167691, 0.7263237384506042, 0.7218372423596304, 0.732936507936508, 0.7192164179104478, 0.7243634767339772, 0.7425153643546971, 0.7438103599648815, 0.7000438981562774]","[0.7057963968344003, 0.7352539047279592, 0.7118794780641395, 0.7079471269195767, 0.7285352565398946, 0.7074479635915893, 0.7145888476025655, 0.736900274499938, 0.7325418309129925, 0.6797766201447797]","[0.8119220798788624, 0.8296152517929668, 0.8275726350492705, 0.8208933949780316, 0.8103793490229874, 0.8107456828016768, 0.8100055031554688, 0.8251081826097442, 0.836198171056678, 0.7977970128836825]","[0.7741273100616016, 0.7885010266940452, 0.7777777777777778, 0.7716049382716049, 0.7770961145194274, 0.7674897119341564, 0.7700205338809035, 0.7864476386036962, 0.7926078028747433, 0.7515400410677618]","[0.7423138987746171, 0.7639096937620412, 0.7471621364210518, 0.7412117094611601, 0.7560950247504533, 0.7394666414205243, 0.7444121421438726, 0.7643296655687203, 0.7648724613122866, 0.7166072266488585]","[array([[129,   2,   2,   1],
       [ 62,  18,   0,   5],
       [  0,   0, 132,   2],
       [  3,   0,  33,  98]]), array([[131,   1,   2,   0],
       [ 54,  25,   0,   6],
       [  0,   0, 133,   1],
       [  2,   0,  37,  95]]), array([[132,   0,   2,   0],
       [ 61,  19,   0,   4],
       [  0,   0, 129,   5],
       [  2,   0,  34,  98]]), array([[131,   0,   2,   1],
       [ 58,  20,   0,   6],
       [  0,   0, 131,   3],
       [  2,   0,  39,  93]]), array([[127,   2,   5,   1],
       [ 53,  26,   0,   5],
       [  0,   0, 130,   5],
       [  4,   0,  34,  97]]), array([[129,   1,   3,   1],
       [ 58,  21,   0,   5],
       [  0,   0, 130,   4],
       [  3,   0,  38,  93]]), array([[130,   2,   2,   0],
       [ 59,  23,   0,   3],
       [  0,   0, 129,   5],
       [  2,   0,  39,  93]]), array([[129,   1,   4,   0],
       [ 54,  26,   0,   5],
       [  0,   0, 130,   4],
       [  3,   0,  33,  98]]), array([[132,   0,   1,   1],
       [ 57,  22,   0,   6],
       [  0,   0, 131,   3],
       [  2,   0,  31, 101]]), array([[129,   1,   3,   1],
       [ 64,  16,   0,   5],
       [  0,   0, 128,   6],
       [  4,   0,  37,  93]])]","[0.6521739130434783, 0.782608695652174, 0.6739130434782609, 0.6956521739130435, 0.6888888888888889, 0.7111111111111111, 0.7111111111111111, 0.7777777777777778, 0.6888888888888889, 0.7777777777777778]","[0.6521739130434783, 0.782608695652174, 0.6739130434782609, 0.6956521739130435, 0.6888888888888889, 0.7111111111111111, 0.7111111111111111, 0.7777777777777778, 0.6888888888888889, 0.7777777777777778]","[0.6521739130434783, 0.782608695652174, 0.6739130434782609, 0.6956521739130435, 0.6888888888888889, 0.7111111111111111, 0.7111111111111111, 0.7777777777777778, 0.6888888888888889, 0.7777777777777778]","[0.6521739130434783, 0.782608695652174, 0.6739130434782609, 0.6956521739130435, 0.6888888888888889, 0.7111111111111111, 0.7111111111111111, 0.7777777777777778, 0.6888888888888889, 0.7777777777777778]","[0.7434640522875816, 0.8236607142857143, 0.6556174089068826, 0.7833646616541353, 0.8041666666666667, 0.8105769230769231, 0.7757554945054945, 0.8403361344537815, 0.7998366013071896, 0.8403361344537815]","[0.6472222222222223, 0.7652777777777777, 0.6606060606060606, 0.6772727272727272, 0.6857142857142857, 0.7083333333333334, 0.6911616161616162, 0.7666666666666666, 0.6888888888888889, 0.7666666666666666]","[0.6034090909090909, 0.7617167315443177, 0.6093073593073592, 0.6235632183908045, 0.6185260742062987, 0.6389578163771713, 0.6614016224211126, 0.7413003663003663, 0.6396624919863301, 0.7413003663003663]","[0.7382779198635976, 0.8175465838509316, 0.6735169864460483, 0.7857960117685517, 0.8159259259259259, 0.8284615384615385, 0.7685286935286936, 0.850233426704015, 0.813435003631082, 0.850233426704015]","[0.6521739130434783, 0.782608695652174, 0.6739130434782609, 0.6956521739130435, 0.6888888888888889, 0.7111111111111111, 0.7111111111111111, 0.7777777777777778, 0.6888888888888889, 0.7777777777777778]","[0.6149868247694334, 0.7731009620065094, 0.6297289666854884, 0.6466766616691655, 0.635136781560344, 0.6595683886006466, 0.680583838271661, 0.7592999592999593, 0.6546609972230495, 0.7592999592999593]","[array([[12,  0,  0,  0],
       [ 6,  2,  0,  1],
       [ 0,  0,  9,  1],
       [ 0,  0,  8,  7]]), array([[11,  0,  0,  1],
       [ 5,  4,  0,  0],
       [ 0,  0,  9,  1],
       [ 0,  0,  3, 12]]), array([[10,  1,  0,  0],
       [ 8,  1,  0,  1],
       [ 0,  0,  9,  1],
       [ 1,  0,  3, 11]]), array([[10,  0,  1,  0],
       [ 8,  1,  0,  1],
       [ 0,  0,  9,  1],
       [ 1,  0,  2, 12]]), array([[11,  0,  0,  0],
       [ 9,  1,  0,  0],
       [ 0,  0, 10,  0],
       [ 0,  0,  5,  9]]), array([[11,  0,  0,  0],
       [ 9,  1,  0,  0],
       [ 0,  0,  9,  0],
       [ 0,  0,  4, 11]]), array([[10,  0,  1,  0],
       [ 5,  2,  0,  2],
       [ 0,  0,  9,  1],
       [ 1,  0,  3, 11]]), array([[11,  0,  0,  0],
       [ 6,  3,  0,  0],
       [ 0,  0, 10,  0],
       [ 0,  0,  4, 11]]), array([[11,  0,  0,  0],
       [ 7,  2,  0,  0],
       [ 0,  0, 10,  0],
       [ 0,  0,  7,  8]]), array([[11,  0,  0,  0],
       [ 6,  3,  0,  0],
       [ 0,  0, 10,  0],
       [ 0,  0,  4, 11]])]"
33,"[0.7782340862422998, 0.784394250513347, 0.7860082304526749, 0.7818930041152263, 0.7730061349693251, 0.7592592592592593, 0.7659137577002053, 0.7597535934291582, 0.7782340862422998, 0.7453798767967146]","[0.7782340862422998, 0.784394250513347, 0.7860082304526749, 0.7818930041152263, 0.7730061349693251, 0.7592592592592593, 0.7659137577002053, 0.7597535934291582, 0.7782340862422998, 0.7453798767967146]","[0.7782340862422998, 0.784394250513347, 0.7860082304526749, 0.7818930041152263, 0.7730061349693251, 0.7592592592592593, 0.7659137577002053, 0.7597535934291582, 0.7782340862422998, 0.7453798767967146]","[0.7782340862422998, 0.784394250513347, 0.7860082304526749, 0.7818930041152263, 0.7730061349693251, 0.7592592592592593, 0.7659137577002053, 0.7597535934291582, 0.7782340862422998, 0.7453798767967146]","[0.8303378787453775, 0.8463204879762471, 0.8464960905589918, 0.8361706398599602, 0.8365209147400412, 0.8113349875469313, 0.8166964765704262, 0.8193502921549584, 0.840637215472108, 0.8222212777263467]","[0.7318261633011414, 0.7331211589113258, 0.7371179815209666, 0.7356076759061834, 0.7224867724867725, 0.7073116560056858, 0.7227831431079894, 0.7118086040386303, 0.7275241439859526, 0.6890693590869184]","[0.7232341417732582, 0.7177267721673872, 0.7274297070122904, 0.7278215139017289, 0.7104358310444683, 0.6910347978019633, 0.7147080541789975, 0.6971504577238085, 0.7127193302759016, 0.6583410980254545]","[0.8174594859839609, 0.8308578676699558, 0.8307035072831678, 0.8234309937550179, 0.8194709487926837, 0.7976405989772284, 0.8057062444997496, 0.8059652770603513, 0.8246027669261806, 0.8043338908856711]","[0.7782340862422998, 0.784394250513347, 0.7860082304526749, 0.7818930041152263, 0.7730061349693251, 0.7592592592592593, 0.7659137577002053, 0.7597535934291582, 0.7782340862422998, 0.7453798767967146]","[0.753541274964882, 0.7531780364022042, 0.7595629752622544, 0.7573950263939784, 0.7444171045984218, 0.727835359990094, 0.7417012670224696, 0.729326651544611, 0.7476667656551071, 0.7015229196611436]","[array([[127,   1,   5,   1],
       [ 57,  23,   0,   5],
       [  0,   0, 129,   5],
       [  4,   0,  30, 100]]), array([[130,   0,   4,   0],
       [ 59,  19,   0,   7],
       [  0,   0, 131,   3],
       [  2,   0,  30, 102]]), array([[130,   0,   3,   1],
       [ 57,  22,   0,   5],
       [  0,   0, 130,   4],
       [  3,   0,  31, 100]]), array([[131,   1,   2,   0],
       [ 56,  24,   0,   4],
       [  0,   0, 130,   4],
       [  2,   0,  37,  95]]), array([[130,   0,   4,   1],
       [ 59,  20,   0,   5],
       [  0,   0, 129,   6],
       [  3,   0,  33,  99]]), array([[129,   1,   2,   2],
       [ 62,  17,   0,   5],
       [  0,   0, 121,  13],
       [  5,   0,  27, 102]]), array([[129,   2,   2,   1],
       [ 56,  25,   0,   4],
       [  0,   0, 130,   4],
       [  2,   0,  43,  89]]), array([[130,   1,   2,   1],
       [ 60,  20,   0,   5],
       [  0,   0, 130,   4],
       [  3,   0,  41,  90]]), array([[131,   0,   2,   1],
       [ 61,  19,   0,   5],
       [  0,   0, 127,   7],
       [  3,   0,  29, 102]]), array([[131,   0,   2,   1],
       [ 69,  11,   0,   5],
       [  0,   0, 127,   7],
       [  3,   0,  37,  94]])]","[0.6521739130434783, 0.7391304347826086, 0.6956521739130435, 0.7608695652173914, 0.6666666666666666, 0.7333333333333333, 0.7111111111111111, 0.7333333333333333, 0.7333333333333333, 0.7555555555555555]","[0.6521739130434783, 0.7391304347826086, 0.6956521739130435, 0.7608695652173914, 0.6666666666666666, 0.7333333333333333, 0.7111111111111111, 0.7333333333333333, 0.7333333333333333, 0.7555555555555555]","[0.6521739130434783, 0.7391304347826086, 0.6956521739130435, 0.7608695652173914, 0.6666666666666666, 0.7333333333333333, 0.7111111111111111, 0.7333333333333333, 0.7333333333333333, 0.7555555555555555]","[0.6521739130434783, 0.7391304347826086, 0.6956521739130435, 0.7608695652173914, 0.6666666666666666, 0.7333333333333333, 0.7111111111111111, 0.7333333333333333, 0.7333333333333333, 0.7555555555555555]","[0.7434640522875816, 0.8142857142857144, 0.6780533063427799, 0.8182709447415331, 0.7732142857142857, 0.825, 0.7757554945054945, 0.8180147058823529, 0.8180147058823529, 0.8158143939393939]","[0.6472222222222223, 0.7055555555555555, 0.6856060606060606, 0.7439393939393939, 0.6607142857142857, 0.7250000000000001, 0.6911616161616162, 0.7333333333333333, 0.7333333333333333, 0.7499999999999999]","[0.6034090909090909, 0.6853056426332289, 0.6294283413848631, 0.7249084249084249, 0.5978739002932552, 0.6593818368011917, 0.6614016224211126, 0.7012362637362637, 0.7012362637362637, 0.721011396011396]","[0.7382779198635976, 0.8055900621118013, 0.7006908994895263, 0.8185305742850499, 0.7795238095238095, 0.84, 0.7685286935286936, 0.830392156862745, 0.830392156862745, 0.8192340067340066]","[0.6521739130434783, 0.7391304347826086, 0.6956521739130435, 0.7608695652173914, 0.6666666666666666, 0.7333333333333333, 0.7111111111111111, 0.7333333333333333, 0.7333333333333333, 0.7555555555555555]","[0.6149868247694334, 0.7105765299168598, 0.6503885738290275, 0.7400860009555662, 0.613880742913001, 0.6816056106378687, 0.680583838271661, 0.7130036630036629, 0.7130036630036629, 0.7333649889205445]","[array([[12,  0,  0,  0],
       [ 6,  2,  0,  1],
       [ 0,  0,  9,  1],
       [ 0,  0,  8,  7]]), array([[12,  0,  0,  0],
       [ 7,  2,  0,  0],
       [ 0,  0,  8,  2],
       [ 1,  0,  2, 12]]), array([[10,  1,  0,  0],
       [ 8,  1,  0,  1],
       [ 0,  0, 10,  0],
       [ 1,  0,  3, 11]]), array([[10,  0,  1,  0],
       [ 6,  3,  0,  1],
       [ 0,  0,  9,  1],
       [ 1,  0,  1, 13]]), array([[11,  0,  0,  0],
       [ 9,  1,  0,  0],
       [ 0,  0,  9,  1],
       [ 0,  0,  5,  9]]), array([[11,  0,  0,  0],
       [ 9,  1,  0,  0],
       [ 0,  0,  9,  0],
       [ 0,  0,  3, 12]]), array([[10,  0,  1,  0],
       [ 5,  2,  0,  2],
       [ 0,  0,  9,  1],
       [ 1,  0,  3, 11]]), array([[11,  0,  0,  0],
       [ 6,  3,  0,  0],
       [ 0,  0, 10,  0],
       [ 0,  0,  6,  9]]), array([[11,  0,  0,  0],
       [ 6,  3,  0,  0],
       [ 0,  0, 10,  0],
       [ 0,  0,  6,  9]]), array([[11,  0,  0,  0],
       [ 5,  3,  0,  1],
       [ 0,  0, 10,  0],
       [ 0,  0,  5, 10]])]"
34,"[0.7700205338809035, 0.7823408624229979, 0.7736625514403292, 0.7592592592592593, 0.7832310838445807, 0.7818930041152263, 0.7720739219712526, 0.7659137577002053, 0.7864476386036962, 0.75564681724846]","[0.7700205338809035, 0.7823408624229979, 0.7736625514403292, 0.7592592592592593, 0.7832310838445807, 0.7818930041152263, 0.7720739219712526, 0.7659137577002053, 0.7864476386036962, 0.75564681724846]","[0.7700205338809035, 0.7823408624229979, 0.7736625514403292, 0.7592592592592593, 0.7832310838445807, 0.7818930041152263, 0.7720739219712526, 0.7659137577002053, 0.7864476386036962, 0.75564681724846]","[0.7700205338809035, 0.7823408624229979, 0.7736625514403292, 0.7592592592592593, 0.7832310838445807, 0.7818930041152263, 0.7720739219712526, 0.7659137577002053, 0.7864476386036962, 0.75564681724846]","[0.8172171548610104, 0.8470828960635429, 0.8419305351006381, 0.8175294892977644, 0.8348189769050376, 0.8348183038680775, 0.8268704600924843, 0.8196386620746283, 0.8475153318903319, 0.8139576085555985]","[0.7211369622475856, 0.7301799824407376, 0.722592395167022, 0.7095326936744847, 0.728373015873016, 0.7356076759061834, 0.7283801580333625, 0.7163301141352063, 0.7371378402107112, 0.700548726953468]","[0.7078133098617254, 0.7125494498315127, 0.7085643997884121, 0.694394932261497, 0.7113028384725342, 0.7280347598039165, 0.7213240972064502, 0.7018131045249145, 0.7254879040941261, 0.6741179828714523]","[0.8079731836961951, 0.8316969862218871, 0.8256682444731318, 0.8039008359333368, 0.8233856459346699, 0.8219395285458633, 0.8133207022467905, 0.8065222235564696, 0.8321729320189278, 0.8024256225581126]","[0.7700205338809035, 0.7823408624229979, 0.7736625514403292, 0.7592592592592593, 0.7832310838445807, 0.7818930041152263, 0.7720739219712526, 0.7659137577002053, 0.7864476386036962, 0.75564681724846]","[0.7414172013891972, 0.7490765739578188, 0.7435060007095501, 0.7282437302940978, 0.7507229709103649, 0.757630211174992, 0.7485783244981217, 0.7360133279096938, 0.7586168834801418, 0.7155206405552599]","[array([[127,   2,   3,   2],
       [ 61,  20,   0,   4],
       [  0,   0, 131,   3],
       [  3,   0,  34,  97]]), array([[131,   0,   2,   1],
       [ 60,  18,   0,   7],
       [  0,   0, 133,   1],
       [  3,   0,  32,  99]]), array([[130,   0,   4,   0],
       [ 61,  19,   0,   4],
       [  0,   0, 130,   4],
       [  3,   0,  34,  97]]), array([[130,   1,   2,   1],
       [ 60,  19,   0,   5],
       [  0,   0, 129,   5],
       [  3,   0,  40,  91]]), array([[132,   1,   2,   0],
       [ 62,  17,   0,   5],
       [  0,   0, 130,   5],
       [  3,   0,  28, 104]]), array([[129,   1,   4,   0],
       [ 54,  24,   0,   6],
       [  0,   0, 131,   3],
       [  4,   0,  34,  96]]), array([[130,   1,   1,   2],
       [ 57,  25,   0,   3],
       [  0,   0, 128,   6],
       [  4,   0,  37,  93]]), array([[129,   1,   3,   1],
       [ 61,  19,   0,   5],
       [  0,   0, 126,   8],
       [  4,   0,  31,  99]]), array([[129,   0,   4,   1],
       [ 59,  21,   1,   4],
       [  0,   0, 130,   4],
       [  1,   0,  30, 103]]), array([[130,   1,   2,   1],
       [ 67,  13,   0,   5],
       [  0,   0, 130,   4],
       [  2,   0,  37,  95]])]","[0.6521739130434783, 0.8043478260869565, 0.6739130434782609, 0.7391304347826086, 0.6444444444444445, 0.7333333333333333, 0.7111111111111111, 0.8, 0.7111111111111111, 0.7111111111111111]","[0.6521739130434783, 0.8043478260869565, 0.6739130434782609, 0.7391304347826086, 0.6444444444444445, 0.7333333333333333, 0.7111111111111111, 0.8, 0.7111111111111111, 0.7111111111111111]","[0.6521739130434783, 0.8043478260869565, 0.6739130434782609, 0.7391304347826086, 0.6444444444444445, 0.7333333333333333, 0.7111111111111111, 0.8, 0.7111111111111111, 0.7111111111111111]","[0.6521739130434783, 0.8043478260869565, 0.6739130434782609, 0.7391304347826086, 0.6444444444444445, 0.7333333333333333, 0.7111111111111111, 0.8, 0.7111111111111111, 0.7111111111111111]","[0.7434640522875816, 0.8430871212121213, 0.6556174089068826, 0.7988445378151261, 0.756578947368421, 0.825, 0.7757554945054945, 0.8540723981900452, 0.8090277777777778, 0.7850458365164248]","[0.6472222222222223, 0.7819444444444444, 0.6606060606060606, 0.7272727272727273, 0.637987012987013, 0.7250000000000001, 0.6911616161616162, 0.7833333333333332, 0.7055555555555556, 0.7045454545454545]","[0.6034090909090909, 0.7812271062271062, 0.6093073593073592, 0.7053980502256364, 0.5796212121212121, 0.6593818368011917, 0.6614016224211126, 0.7610420979986197, 0.6603719556305763, 0.6824928774928775]","[0.7382779198635976, 0.8354743083003953, 0.6735169864460483, 0.8006028498355863, 0.7642105263157896, 0.84, 0.7685286935286936, 0.8624434389140272, 0.821604938271605, 0.7908921144215262]","[0.6521739130434783, 0.8043478260869565, 0.6739130434782609, 0.7391304347826086, 0.6444444444444445, 0.7333333333333333, 0.7111111111111111, 0.8, 0.7111111111111111, 0.7111111111111111]","[0.6149868247694334, 0.794314381270903, 0.6297289666854884, 0.7188725816911724, 0.5967003367003367, 0.6816056106378687, 0.680583838271661, 0.7815965033356337, 0.6791080566942637, 0.6970193099081988]","[array([[12,  0,  0,  0],
       [ 6,  2,  0,  1],
       [ 0,  0,  9,  1],
       [ 0,  0,  8,  7]]), array([[11,  0,  0,  1],
       [ 5,  4,  0,  0],
       [ 0,  0,  9,  1],
       [ 0,  0,  2, 13]]), array([[10,  1,  0,  0],
       [ 8,  1,  0,  1],
       [ 0,  0,  9,  1],
       [ 1,  0,  3, 11]]), array([[10,  0,  1,  0],
       [ 6,  3,  0,  1],
       [ 0,  0,  9,  1],
       [ 1,  0,  2, 12]]), array([[10,  0,  1,  0],
       [ 9,  1,  0,  0],
       [ 0,  0,  9,  1],
       [ 0,  0,  5,  9]]), array([[11,  0,  0,  0],
       [ 9,  1,  0,  0],
       [ 0,  0,  9,  0],
       [ 0,  0,  3, 12]]), array([[10,  0,  1,  0],
       [ 5,  2,  0,  2],
       [ 0,  0,  9,  1],
       [ 1,  0,  3, 11]]), array([[11,  0,  0,  0],
       [ 6,  3,  0,  0],
       [ 0,  0, 10,  0],
       [ 0,  0,  3, 12]]), array([[11,  0,  0,  0],
       [ 7,  2,  0,  0],
       [ 0,  0, 10,  0],
       [ 0,  0,  6,  9]]), array([[ 9,  0,  2,  0],
       [ 5,  3,  0,  1],
       [ 0,  0, 10,  0],
       [ 0,  0,  5, 10]])]"
35,"[0.7679671457905544, 0.7782340862422998, 0.7818930041152263, 0.7654320987654321, 0.7730061349693251, 0.757201646090535, 0.7659137577002053, 0.7679671457905544, 0.7659137577002053, 0.7474332648870636]","[0.7679671457905544, 0.7782340862422998, 0.7818930041152263, 0.7654320987654321, 0.7730061349693251, 0.757201646090535, 0.7659137577002053, 0.7679671457905544, 0.7659137577002053, 0.7474332648870636]","[0.7679671457905544, 0.7782340862422998, 0.7818930041152263, 0.7654320987654321, 0.7730061349693251, 0.757201646090535, 0.7659137577002053, 0.7679671457905544, 0.7659137577002053, 0.7474332648870636]","[0.7679671457905544, 0.7782340862422998, 0.7818930041152263, 0.7654320987654321, 0.7730061349693251, 0.757201646090535, 0.7659137577002053, 0.7679671457905544, 0.7659137577002053, 0.7474332648870636]","[0.8262909708948604, 0.8409402005929477, 0.8407210156940761, 0.8359258264709393, 0.8417646401382447, 0.8278289092167536, 0.8248524562910421, 0.8352377947815796, 0.8308891272796112, 0.822705723186066]","[0.7171202809482001, 0.7285996488147497, 0.7333866382373846, 0.7151297085998579, 0.7202380952380952, 0.7065565031982943, 0.7184811237928007, 0.7203467954345917, 0.7152546093064092, 0.6941615452151009]","[0.7008771475579896, 0.7147736143637783, 0.7242110716837438, 0.699792208251543, 0.7042245077433757, 0.6903735238915952, 0.7062282353222826, 0.7073924225067872, 0.699247550693366, 0.6697058926161094]","[0.8141086401808342, 0.8249362372029159, 0.8243342889136311, 0.8190457674658919, 0.8252615657968346, 0.8101158340332921, 0.8118032634481956, 0.8186600780347569, 0.8138738649319746, 0.8048670793177236]","[0.7679671457905544, 0.7782340862422998, 0.7818930041152263, 0.7654320987654321, 0.7730061349693251, 0.757201646090535, 0.7659137577002053, 0.7679671457905544, 0.7659137577002053, 0.7474332648870636]","[0.7365679930791457, 0.7483613770684158, 0.7560132046118407, 0.7338313203314392, 0.7408614195939118, 0.7250887859719457, 0.7377919697596107, 0.7387007066201546, 0.7344362907174767, 0.7086319765578002]","[array([[129,   1,   3,   1],
       [ 63,  18,   0,   4],
       [  0,   0, 130,   4],
       [  5,   0,  32,  97]]), array([[130,   0,   3,   1],
       [ 59,  20,   0,   6],
       [  0,   0, 130,   4],
       [  2,   0,  33,  99]]), array([[131,   0,   3,   0],
       [ 57,  22,   0,   5],
       [  0,   0, 125,   9],
       [  4,   0,  28, 102]]), array([[132,   0,   1,   1],
       [ 61,  19,   0,   4],
       [  0,   0, 130,   4],
       [  3,   0,  40,  91]]), array([[133,   0,   2,   0],
       [ 61,  18,   0,   5],
       [  0,   0, 131,   4],
       [  5,   0,  34,  96]]), array([[128,   0,   4,   2],
       [ 61,  18,   0,   5],
       [  0,   0, 130,   4],
       [  3,   0,  39,  92]]), array([[129,   1,   2,   2],
       [ 61,  21,   0,   3],
       [  0,   0, 130,   4],
       [  3,   0,  38,  93]]), array([[131,   0,   2,   1],
       [ 59,  21,   0,   5],
       [  0,   0, 130,   4],
       [  3,   0,  39,  92]]), array([[129,   0,   3,   2],
       [ 62,  18,   0,   5],
       [  0,   0, 126,   8],
       [  4,   0,  30, 100]]), array([[130,   0,   3,   1],
       [ 66,  14,   0,   5],
       [  0,   0, 128,   6],
       [  3,   0,  39,  92]])]","[0.6739130434782609, 0.7391304347826086, 0.6956521739130435, 0.7391304347826086, 0.6666666666666666, 0.6888888888888889, 0.7111111111111111, 0.7777777777777778, 0.6888888888888889, 0.7111111111111111]","[0.6739130434782609, 0.7391304347826086, 0.6956521739130435, 0.7391304347826086, 0.6666666666666666, 0.6888888888888889, 0.7111111111111111, 0.7777777777777778, 0.6888888888888889, 0.7111111111111111]","[0.6739130434782609, 0.7391304347826086, 0.6956521739130435, 0.7391304347826086, 0.6666666666666666, 0.6888888888888889, 0.7111111111111111, 0.7777777777777778, 0.6888888888888889, 0.7111111111111111]","[0.6739130434782609, 0.7391304347826086, 0.6956521739130435, 0.7391304347826086, 0.6666666666666666, 0.6888888888888889, 0.7111111111111111, 0.7777777777777778, 0.6888888888888889, 0.7111111111111111]","[0.7572916666666667, 0.8059027777777779, 0.6754101161995899, 0.7988445378151261, 0.7732142857142857, 0.7982142857142858, 0.7757554945054945, 0.8403361344537815, 0.8009868421052632, 0.7696886446886446]","[0.6638888888888889, 0.7013888888888888, 0.6772727272727272, 0.7272727272727273, 0.6607142857142857, 0.6916666666666667, 0.6911616161616162, 0.7666666666666666, 0.6777777777777778, 0.7045454545454545]","[0.6239860139860139, 0.683919843597263, 0.6295155993431855, 0.7053980502256364, 0.5978739002932552, 0.6185260742062986, 0.6614016224211126, 0.7413003663003663, 0.6131410256410257, 0.6835714285714286]","[0.7527173913043478, 0.7939311594202899, 0.6919224939819905, 0.8006028498355863, 0.7795238095238095, 0.8185714285714286, 0.7685286935286936, 0.850233426704015, 0.8137426900584794, 0.7617012617012618]","[0.6739130434782609, 0.7391304347826086, 0.6956521739130435, 0.7391304347826086, 0.6666666666666666, 0.6888888888888889, 0.7111111111111111, 0.7777777777777778, 0.6888888888888889, 0.7111111111111111]","[0.6390392216479173, 0.7098559224786435, 0.6518526451060184, 0.7188725816911724, 0.613880742913001, 0.6370691487101025, 0.680583838271661, 0.7592999592999593, 0.6401994301994303, 0.691873015873016]","[array([[12,  0,  0,  0],
       [ 6,  2,  0,  1],
       [ 0,  0,  9,  1],
       [ 0,  0,  7,  8]]), array([[11,  0,  0,  1],
       [ 7,  2,  0,  0],
       [ 0,  0,  8,  2],
       [ 0,  0,  2, 13]]), array([[10,  1,  0,  0],
       [ 8,  1,  0,  1],
       [ 0,  0,  9,  1],
       [ 1,  0,  2, 12]]), array([[10,  0,  1,  0],
       [ 6,  3,  0,  1],
       [ 0,  0,  9,  1],
       [ 1,  0,  2, 12]]), array([[11,  0,  0,  0],
       [ 9,  1,  0,  0],
       [ 0,  0,  9,  1],
       [ 0,  0,  5,  9]]), array([[11,  0,  0,  0],
       [ 9,  1,  0,  0],
       [ 0,  0,  9,  0],
       [ 0,  0,  5, 10]]), array([[10,  0,  1,  0],
       [ 5,  2,  0,  2],
       [ 0,  0,  9,  1],
       [ 1,  0,  3, 11]]), array([[11,  0,  0,  0],
       [ 6,  3,  0,  0],
       [ 0,  0, 10,  0],
       [ 0,  0,  4, 11]]), array([[11,  0,  0,  0],
       [ 8,  1,  0,  0],
       [ 0,  0, 10,  0],
       [ 0,  0,  6,  9]]), array([[ 9,  0,  0,  2],
       [ 5,  3,  0,  1],
       [ 0,  0, 10,  0],
       [ 0,  0,  5, 10]])]"
36,"[0.75564681724846, 0.7741273100616016, 0.7736625514403292, 0.7654320987654321, 0.787321063394683, 0.757201646090535, 0.7535934291581109, 0.7741273100616016, 0.8008213552361396, 0.7433264887063655]","[0.75564681724846, 0.7741273100616016, 0.7736625514403292, 0.7654320987654321, 0.787321063394683, 0.757201646090535, 0.7535934291581109, 0.7741273100616016, 0.8008213552361396, 0.7433264887063655]","[0.75564681724846, 0.7741273100616016, 0.7736625514403292, 0.7654320987654321, 0.787321063394683, 0.757201646090535, 0.7535934291581109, 0.7741273100616016, 0.8008213552361396, 0.7433264887063655]","[0.75564681724846, 0.7741273100616016, 0.7736625514403292, 0.7654320987654321, 0.787321063394683, 0.757201646090535, 0.7535934291581109, 0.7741273100616016, 0.8008213552361396, 0.7433264887063655]","[0.8150075549723647, 0.8358086376247371, 0.8402551152551152, 0.8379761630584984, 0.8265348235135825, 0.8308717921119575, 0.8112905736740657, 0.838545288855848, 0.8526304613261135, 0.8240274017578892]","[0.700548726953468, 0.7237928007023705, 0.7214818763326226, 0.7106876332622601, 0.7388227513227513, 0.7032249466950959, 0.7083625987708516, 0.7237928007023704, 0.7566505706760316, 0.6915057067603162]","[0.6745203831500903, 0.7092726894619326, 0.7055218424024293, 0.6888890419633311, 0.7313731160849853, 0.6810997399330587, 0.6956260319879629, 0.70864120746082, 0.7528668061380005, 0.6675368293075156]","[0.8035812104007958, 0.8192883568107988, 0.8238204563307444, 0.8213070440315949, 0.8167869216714408, 0.8134717707242989, 0.800688050970498, 0.8223003589871344, 0.8378027254020468, 0.8063217399224407]","[0.75564681724846, 0.7741273100616016, 0.7736625514403292, 0.7654320987654321, 0.787321063394683, 0.757201646090535, 0.7535934291581109, 0.7741273100616016, 0.8008213552361396, 0.7433264887063655]","[0.7159635287469436, 0.7438733375723813, 0.741795573465376, 0.7285864430881283, 0.7636371102373734, 0.7199957725362229, 0.7250015125909378, 0.7431783183678714, 0.7801059714373064, 0.7045169209626866]","[array([[130,   1,   2,   1],
       [ 67,  13,   0,   5],
       [  0,   0, 130,   4],
       [  5,   0,  34,  95]]), array([[129,   0,   5,   0],
       [ 60,  19,   0,   6],
       [  0,   0, 126,   8],
       [  2,   0,  29, 103]]), array([[131,   0,   2,   1],
       [ 62,  18,   0,   4],
       [  0,   0, 129,   5],
       [  2,   0,  34,  98]]), array([[132,   0,   1,   1],
       [ 65,  15,   0,   4],
       [  0,   0, 130,   4],
       [  3,   0,  36,  95]]), array([[131,   2,   2,   0],
       [ 56,  23,   0,   5],
       [  0,   0, 125,  10],
       [  5,   0,  24, 106]]), array([[130,   0,   2,   2],
       [ 64,  15,   0,   5],
       [  0,   0, 131,   3],
       [  3,   0,  39,  92]]), array([[130,   2,   2,   0],
       [ 59,  22,   0,   4],
       [  0,   0, 131,   3],
       [  4,   0,  46,  84]]), array([[132,   0,   2,   0],
       [ 61,  19,   0,   5],
       [  0,   0, 127,   7],
       [  3,   0,  32,  99]]), array([[128,   0,   6,   0],
       [ 52,  27,   0,   6],
       [  0,   0, 129,   5],
       [  2,   0,  26, 106]]), array([[131,   0,   2,   1],
       [ 65,  15,   0,   5],
       [  0,   0, 131,   3],
       [  5,   0,  44,  85]])]","[0.6521739130434783, 0.7608695652173914, 0.6521739130434783, 0.6956521739130435, 0.6222222222222222, 0.6888888888888889, 0.6666666666666666, 0.7555555555555555, 0.7333333333333333, 0.7333333333333333]","[0.6521739130434783, 0.7608695652173914, 0.6521739130434783, 0.6956521739130435, 0.6222222222222222, 0.6888888888888889, 0.6666666666666666, 0.7555555555555555, 0.7333333333333333, 0.7333333333333333]","[0.6521739130434783, 0.7608695652173914, 0.6521739130434783, 0.6956521739130435, 0.6222222222222222, 0.6888888888888889, 0.6666666666666666, 0.7555555555555555, 0.7333333333333333, 0.7333333333333333]","[0.6521739130434783, 0.7608695652173914, 0.6521739130434783, 0.6956521739130435, 0.6222222222222222, 0.6888888888888889, 0.6666666666666666, 0.7555555555555555, 0.7333333333333333, 0.7333333333333333]","[0.7434640522875816, 0.814889705882353, 0.6379892037786774, 0.7833646616541353, 0.7333916083916084, 0.7982142857142858, 0.7452731092436975, 0.8313492063492064, 0.8180147058823529, 0.8180147058823529]","[0.6472222222222223, 0.7291666666666666, 0.6439393939393939, 0.6772727272727272, 0.612987012987013, 0.6916666666666667, 0.6578282828282829, 0.7388888888888889, 0.7333333333333333, 0.7333333333333333]","[0.6034090909090909, 0.7243325917686319, 0.5891706924315621, 0.6235632183908045, 0.5606579115134515, 0.6185260742062986, 0.6236471861471862, 0.7004360581946789, 0.7012362637362637, 0.7012362637362637]","[0.7382779198635976, 0.8033088235294118, 0.6567945784192923, 0.7857960117685517, 0.7357420357420357, 0.8185714285714286, 0.7366479925303455, 0.8414462081128748, 0.830392156862745, 0.830392156862745]","[0.6521739130434783, 0.7608695652173914, 0.6521739130434783, 0.6956521739130435, 0.6222222222222222, 0.6888888888888889, 0.6666666666666666, 0.7555555555555555, 0.7333333333333333, 0.7333333333333333]","[0.6149868247694334, 0.743132466025052, 0.6073303927746272, 0.6466766616691655, 0.5766995055746809, 0.6370691487101025, 0.6362193362193362, 0.7254043529905599, 0.7130036630036629, 0.7130036630036629]","[array([[12,  0,  0,  0],
       [ 6,  2,  0,  1],
       [ 0,  0,  9,  1],
       [ 0,  0,  8,  7]]), array([[11,  0,  0,  1],
       [ 6,  3,  0,  0],
       [ 0,  0,  8,  2],
       [ 0,  0,  2, 13]]), array([[10,  1,  0,  0],
       [ 8,  1,  0,  1],
       [ 0,  0,  9,  1],
       [ 1,  0,  4, 10]]), array([[10,  0,  1,  0],
       [ 8,  1,  0,  1],
       [ 0,  0,  9,  1],
       [ 1,  0,  2, 12]]), array([[10,  0,  1,  0],
       [ 9,  1,  0,  0],
       [ 0,  0,  8,  2],
       [ 1,  0,  4,  9]]), array([[11,  0,  0,  0],
       [ 9,  1,  0,  0],
       [ 0,  0,  9,  0],
       [ 0,  0,  5, 10]]), array([[10,  0,  1,  0],
       [ 5,  2,  0,  2],
       [ 0,  0,  9,  1],
       [ 2,  0,  4,  9]]), array([[11,  0,  0,  0],
       [ 7,  2,  0,  0],
       [ 0,  0, 10,  0],
       [ 0,  0,  4, 11]]), array([[11,  0,  0,  0],
       [ 6,  3,  0,  0],
       [ 0,  0, 10,  0],
       [ 0,  0,  6,  9]]), array([[11,  0,  0,  0],
       [ 6,  3,  0,  0],
       [ 0,  0, 10,  0],
       [ 0,  0,  6,  9]])]"
37,"[0.75564681724846, 0.7638603696098563, 0.7757201646090535, 0.7695473251028807, 0.7730061349693251, 0.7592592592592593, 0.7700205338809035, 0.7700205338809035, 0.7741273100616016, 0.7535934291581109]","[0.75564681724846, 0.7638603696098563, 0.7757201646090535, 0.7695473251028807, 0.7730061349693251, 0.7592592592592593, 0.7700205338809035, 0.7700205338809035, 0.7741273100616016, 0.7535934291581109]","[0.75564681724846, 0.7638603696098563, 0.7757201646090535, 0.7695473251028807, 0.7730061349693251, 0.7592592592592593, 0.7700205338809035, 0.7700205338809035, 0.7741273100616016, 0.7535934291581109]","[0.75564681724846, 0.7638603696098563, 0.7757201646090535, 0.7695473251028807, 0.7730061349693251, 0.7592592592592593, 0.7700205338809035, 0.7700205338809035, 0.7741273100616016, 0.7535934291581109]","[0.828887989618472, 0.8320987727845359, 0.8379602356406479, 0.8407534587439036, 0.8414411976911976, 0.8251259824035304, 0.8383492350876475, 0.8330949988512333, 0.8408518122717963, 0.8252786367736117]","[0.7037752414398596, 0.7101624231782265, 0.7255685856432126, 0.7166400142146411, 0.7202380952380952, 0.7106432125088842, 0.7232879719051799, 0.717910447761194, 0.720566286215979, 0.6976075504828797]","[0.6841516144857729, 0.6883719107403318, 0.7128785848298043, 0.6983014177469826, 0.704106610979063, 0.6978263433689226, 0.7122299038472844, 0.6995790639133477, 0.7009309083010873, 0.6712865101204112]","[0.8116713807710494, 0.8152052201488938, 0.8212894779905089, 0.8243700697257867, 0.8249043900884393, 0.8071348283298195, 0.8220845790697721, 0.8163016825138831, 0.8248389556009914, 0.8076988692210593]","[0.75564681724846, 0.7638603696098563, 0.7757201646090535, 0.7695473251028807, 0.7730061349693251, 0.7592592592592593, 0.7700205338809035, 0.7700205338809035, 0.7741273100616016, 0.7535934291581109]","[0.7211098827292131, 0.7274483452912069, 0.7466505190082426, 0.7355100344528104, 0.7407312268480449, 0.7300496930349245, 0.742516829059269, 0.7364292503577435, 0.7395774422466843, 0.7139340001731709]","[array([[129,   0,   4,   1],
       [ 65,  16,   0,   4],
       [  0,   0, 128,   6],
       [  5,   0,  34,  95]]), array([[129,   0,   3,   2],
       [ 65,  15,   0,   5],
       [  0,   0, 128,   6],
       [  2,   0,  32, 100]]), array([[132,   0,   2,   0],
       [ 59,  20,   0,   5],
       [  0,   0, 126,   8],
       [  3,   0,  32,  99]]), array([[131,   0,   1,   2],
       [ 63,  17,   0,   4],
       [  0,   0, 132,   2],
       [  3,   0,  37,  94]]), array([[133,   0,   2,   0],
       [ 61,  18,   0,   5],
       [  0,   0, 131,   4],
       [  4,   0,  35,  96]]), array([[129,   0,   3,   2],
       [ 59,  20,   0,   5],
       [  0,   0, 127,   7],
       [  3,   0,  38,  93]]), array([[132,   0,   1,   1],
       [ 60,  22,   0,   3],
       [  0,   0, 129,   5],
       [  5,   0,  37,  92]]), array([[131,   0,   2,   1],
       [ 62,  17,   0,   6],
       [  0,   0, 125,   9],
       [  2,   0,  30, 102]]), array([[130,   0,   4,   0],
       [ 64,  16,   0,   5],
       [  0,   0, 128,   6],
       [  3,   0,  28, 103]]), array([[126,   0,   6,   2],
       [ 68,  12,   0,   5],
       [  0,   0, 125,   9],
       [  5,   0,  25, 104]])]","[0.6521739130434783, 0.717391304347826, 0.6739130434782609, 0.717391304347826, 0.6666666666666666, 0.7111111111111111, 0.7111111111111111, 0.7777777777777778, 0.7333333333333333, 0.8222222222222222]","[0.6521739130434783, 0.717391304347826, 0.6739130434782609, 0.717391304347826, 0.6666666666666666, 0.7111111111111111, 0.7111111111111111, 0.7777777777777778, 0.7333333333333333, 0.8222222222222222]","[0.6521739130434783, 0.717391304347826, 0.6739130434782609, 0.717391304347826, 0.6666666666666666, 0.7111111111111111, 0.7111111111111111, 0.7777777777777778, 0.7333333333333333, 0.8222222222222222]","[0.6521739130434783, 0.717391304347826, 0.6739130434782609, 0.717391304347826, 0.6666666666666666, 0.7111111111111111, 0.7111111111111111, 0.7777777777777778, 0.7333333333333333, 0.8222222222222222]","[0.7434640522875816, 0.7947368421052632, 0.6556174089068826, 0.7906746031746031, 0.7732142857142857, 0.8105769230769231, 0.7757554945054945, 0.8450854700854701, 0.8194444444444444, 0.8700980392156863]","[0.6472222222222223, 0.6847222222222222, 0.6606060606060606, 0.7022727272727274, 0.6607142857142857, 0.7083333333333334, 0.6911616161616162, 0.7555555555555555, 0.7222222222222222, 0.7999999999999999]","[0.6034090909090909, 0.6683284457478006, 0.6093073593073592, 0.667189132706374, 0.5978739002932552, 0.6389578163771713, 0.6614016224211126, 0.7201777898929322, 0.680564263322884, 0.7808441558441559]","[0.7382779198635976, 0.7814645308924485, 0.6735169864460483, 0.7927881297446515, 0.7795238095238095, 0.8284615384615385, 0.7685286935286936, 0.853656220322887, 0.8308641975308642, 0.8766884531590414]","[0.6521739130434783, 0.717391304347826, 0.6739130434782609, 0.717391304347826, 0.6666666666666666, 0.7111111111111111, 0.7111111111111111, 0.7777777777777778, 0.7333333333333333, 0.8222222222222222]","[0.6149868247694334, 0.6910620935866377, 0.6297289666854884, 0.6851119894598156, 0.613880742913001, 0.6595683886006466, 0.680583838271661, 0.7477008970262343, 0.7026123301985371, 0.8036075036075037]","[array([[12,  0,  0,  0],
       [ 6,  2,  0,  1],
       [ 0,  0,  9,  1],
       [ 0,  0,  8,  7]]), array([[11,  0,  0,  1],
       [ 7,  2,  0,  0],
       [ 0,  0,  8,  2],
       [ 1,  0,  2, 12]]), array([[10,  1,  0,  0],
       [ 8,  1,  0,  1],
       [ 0,  0,  9,  1],
       [ 1,  0,  3, 11]]), array([[10,  0,  1,  0],
       [ 7,  2,  0,  1],
       [ 0,  0,  9,  1],
       [ 1,  0,  2, 12]]), array([[11,  0,  0,  0],
       [ 9,  1,  0,  0],
       [ 0,  0,  9,  1],
       [ 0,  0,  5,  9]]), array([[11,  0,  0,  0],
       [ 9,  1,  0,  0],
       [ 0,  0,  9,  0],
       [ 0,  0,  4, 11]]), array([[10,  0,  1,  0],
       [ 5,  2,  0,  2],
       [ 0,  0,  9,  1],
       [ 1,  0,  3, 11]]), array([[11,  0,  0,  0],
       [ 7,  2,  0,  0],
       [ 0,  0, 10,  0],
       [ 0,  0,  3, 12]]), array([[11,  0,  0,  0],
       [ 7,  2,  0,  0],
       [ 0,  0, 10,  0],
       [ 0,  0,  5, 10]]), array([[11,  0,  0,  0],
       [ 6,  3,  0,  0],
       [ 0,  0, 10,  0],
       [ 0,  0,  2, 13]])]"
38,"[0.75564681724846, 0.7823408624229979, 0.7654320987654321, 0.7407407407407407, 0.787321063394683, 0.7613168724279835, 0.7638603696098563, 0.7802874743326489, 0.7782340862422998, 0.7371663244353183]","[0.75564681724846, 0.7823408624229979, 0.7654320987654321, 0.7407407407407407, 0.787321063394683, 0.7613168724279835, 0.7638603696098563, 0.7802874743326489, 0.7782340862422998, 0.7371663244353183]","[0.75564681724846, 0.7823408624229979, 0.7654320987654321, 0.7407407407407407, 0.787321063394683, 0.7613168724279835, 0.7638603696098563, 0.7802874743326489, 0.7782340862422998, 0.7371663244353183]","[0.75564681724846, 0.7823408624229979, 0.7654320987654321, 0.7407407407407407, 0.787321063394683, 0.7613168724279835, 0.7638603696098563, 0.7802874743326489, 0.7782340862422998, 0.7371663244353183]","[0.8316836734693878, 0.8353399236057505, 0.8355479034679011, 0.8237170042971148, 0.8353654131226345, 0.8248467679393429, 0.8238542049471219, 0.8410313826963907, 0.8368284531265121, 0.7994024301963513]","[0.7037752414398595, 0.7366330114135207, 0.712908670931059, 0.6882995735607675, 0.7399470899470899, 0.7102878464818763, 0.7166154521510095, 0.7283143107989464, 0.7318261633011414, 0.6816066725197542]","[0.6832177728601837, 0.7272127370691027, 0.6950740963763977, 0.6643345883989596, 0.7333172794876596, 0.6961111977947678, 0.7043151981590228, 0.7121058772549739, 0.7229319707405262, 0.6510604612197375]","[0.8147483551942338, 0.8227971233114627, 0.8186289634954629, 0.8055808936280937, 0.8223667138777556, 0.8068268880977115, 0.8107045720306572, 0.8250365936863766, 0.8204107820858532, 0.7876037698533421]","[0.75564681724846, 0.7823408624229979, 0.7654320987654321, 0.7407407407407407, 0.787321063394683, 0.7613168724279835, 0.7638603696098563, 0.7802874743326489, 0.7782340862422998, 0.7371663244353183]","[0.7200820816792833, 0.7564768149634925, 0.7319506841346346, 0.7015058111735127, 0.763870378991832, 0.731416755544169, 0.7356864504177066, 0.7485883708756325, 0.7528155358245413, 0.6937474438437857]","[array([[129,   0,   4,   1],
       [ 65,  16,   0,   4],
       [  0,   0, 131,   3],
       [  2,   0,  40,  92]]), array([[131,   1,   2,   0],
       [ 54,  24,   0,   7],
       [  0,   0, 132,   2],
       [  3,   0,  37,  94]]), array([[131,   0,   2,   1],
       [ 63,  17,   0,   4],
       [  0,   0, 129,   5],
       [  3,   0,  36,  95]]), array([[132,   0,   1,   1],
       [ 65,  15,   0,   4],
       [  0,   0, 131,   3],
       [  3,   0,  49,  82]]), array([[131,   1,   2,   1],
       [ 55,  24,   0,   5],
       [  0,   0, 128,   7],
       [  4,   0,  29, 102]]), array([[126,   0,   6,   2],
       [ 61,  18,   0,   5],
       [  0,   0, 123,  11],
       [  4,   0,  27, 103]]), array([[130,   1,   2,   1],
       [ 61,  21,   0,   3],
       [  0,   0, 129,   5],
       [  4,   0,  38,  92]]), array([[129,   0,   4,   1],
       [ 61,  18,   0,   6],
       [  0,   0, 127,   7],
       [  2,   0,  26, 106]]), array([[129,   0,   4,   1],
       [ 56,  23,   0,   6],
       [  0,   0, 127,   7],
       [  3,   0,  31, 100]]), array([[129,   1,   3,   1],
       [ 69,  11,   0,   5],
       [  0,   0, 129,   5],
       [  5,   0,  39,  90]])]","[0.6521739130434783, 0.7391304347826086, 0.6739130434782609, 0.717391304347826, 0.6666666666666666, 0.7555555555555555, 0.7111111111111111, 0.7555555555555555, 0.7111111111111111, 0.7555555555555555]","[0.6521739130434783, 0.7391304347826086, 0.6739130434782609, 0.717391304347826, 0.6666666666666666, 0.7555555555555555, 0.7111111111111111, 0.7555555555555555, 0.7111111111111111, 0.7555555555555555]","[0.6521739130434783, 0.7391304347826086, 0.6739130434782609, 0.717391304347826, 0.6666666666666666, 0.7555555555555555, 0.7111111111111111, 0.7555555555555555, 0.7111111111111111, 0.7555555555555555]","[0.6521739130434783, 0.7391304347826086, 0.6739130434782609, 0.717391304347826, 0.6666666666666666, 0.7555555555555555, 0.7111111111111111, 0.7555555555555555, 0.7111111111111111, 0.7555555555555555]","[0.7434640522875816, 0.8012513801987486, 0.7689102564102565, 0.7966269841269841, 0.7732142857142857, 0.8420454545454545, 0.7757554945054945, 0.8313492063492064, 0.8090277777777778, 0.8229166666666666]","[0.6472222222222223, 0.7166666666666667, 0.6666666666666666, 0.7106060606060607, 0.6607142857142857, 0.7416666666666667, 0.6911616161616162, 0.7388888888888889, 0.7055555555555556, 0.7439393939393939]","[0.6034090909090909, 0.7054531490015361, 0.6037112593914837, 0.6677841634738186, 0.5978739002932552, 0.6800167574361122, 0.6614016224211126, 0.7004360581946789, 0.6603719556305763, 0.7217236467236468]","[0.7382779198635976, 0.7944343985533916, 0.7711538461538462, 0.8044340924775707, 0.7795238095238095, 0.8536363636363636, 0.7685286935286936, 0.8414462081128748, 0.821604938271605, 0.8342592592592593]","[0.6521739130434783, 0.7391304347826086, 0.6739130434782609, 0.717391304347826, 0.6666666666666666, 0.7555555555555555, 0.7111111111111111, 0.7555555555555555, 0.7111111111111111, 0.7555555555555555]","[0.6149868247694334, 0.7216322714218927, 0.6209093804069107, 0.6842412127269699, 0.613880742913001, 0.7034045524368105, 0.680583838271661, 0.7254043529905599, 0.6791080566942637, 0.7408990186767964]","[array([[12,  0,  0,  0],
       [ 6,  2,  0,  1],
       [ 0,  0,  9,  1],
       [ 0,  0,  8,  7]]), array([[12,  0,  0,  0],
       [ 6,  3,  0,  0],
       [ 0,  0,  8,  2],
       [ 1,  0,  3, 11]]), array([[11,  0,  0,  0],
       [ 8,  1,  0,  1],
       [ 0,  0,  9,  1],
       [ 1,  0,  4, 10]]), array([[10,  0,  1,  0],
       [ 7,  2,  0,  1],
       [ 0,  0, 10,  0],
       [ 1,  0,  3, 11]]), array([[11,  0,  0,  0],
       [ 9,  1,  0,  0],
       [ 0,  0,  9,  1],
       [ 0,  0,  5,  9]]), array([[11,  0,  0,  0],
       [ 9,  1,  0,  0],
       [ 0,  0,  9,  0],
       [ 0,  0,  2, 13]]), array([[10,  0,  1,  0],
       [ 5,  2,  0,  2],
       [ 0,  0,  9,  1],
       [ 1,  0,  3, 11]]), array([[11,  0,  0,  0],
       [ 7,  2,  0,  0],
       [ 0,  0, 10,  0],
       [ 0,  0,  4, 11]]), array([[11,  0,  0,  0],
       [ 7,  2,  0,  0],
       [ 0,  0, 10,  0],
       [ 0,  0,  6,  9]]), array([[10,  0,  1,  0],
       [ 6,  3,  0,  0],
       [ 0,  0, 10,  0],
       [ 0,  0,  4, 11]])]"
