n_neighbors value,Train_Accuracy,Train_Precision_micro,Train_Recall_micro,Train_f1_micro,Train_Precision_macro,Train_Recall_macro,Train_f1_macro,Train_Precision_weighted,Train_Recall_weighted,Train_f1_weighted,Train_Confusion_Matrix,Test_Accuracy,Test_Precision_micro,Test_Recall_micro,Test_f1_micro,Test_Precision_macro,Test_Recall_macro,Test_f1_macro,Test_Precision_weighted,Test_Recall_weighted,Test_f1_weighted,Test_Confusion_Matrix
1,"[1.0, 1.0, 1.0, 1.0, 1.0, 1.0, 1.0, 1.0, 1.0, 1.0]","[1.0, 1.0, 1.0, 1.0, 1.0, 1.0, 1.0, 1.0, 1.0, 1.0]","[1.0, 1.0, 1.0, 1.0, 1.0, 1.0, 1.0, 1.0, 1.0, 1.0]","[1.0, 1.0, 1.0, 1.0, 1.0, 1.0, 1.0, 1.0, 1.0, 1.0]","[1.0, 1.0, 1.0, 1.0, 1.0, 1.0, 1.0, 1.0, 1.0, 1.0]","[1.0, 1.0, 1.0, 1.0, 1.0, 1.0, 1.0, 1.0, 1.0, 1.0]","[1.0, 1.0, 1.0, 1.0, 1.0, 1.0, 1.0, 1.0, 1.0, 1.0]","[1.0, 1.0, 1.0, 1.0, 1.0, 1.0, 1.0, 1.0, 1.0, 1.0]","[1.0, 1.0, 1.0, 1.0, 1.0, 1.0, 1.0, 1.0, 1.0, 1.0]","[1.0, 1.0, 1.0, 1.0, 1.0, 1.0, 1.0, 1.0, 1.0, 1.0]","[array([[134,   0,   0,   0],
       [  0, 134,   0,   0],
       [  0,   0, 134,   0],
       [  0,   0,   0, 134]]), array([[134,   0,   0,   0],
       [  0, 134,   0,   0],
       [  0,   0, 134,   0],
       [  0,   0,   0, 134]]), array([[134,   0,   0,   0],
       [  0, 134,   0,   0],
       [  0,   0, 134,   0],
       [  0,   0,   0, 134]]), array([[134,   0,   0,   0],
       [  0, 134,   0,   0],
       [  0,   0, 134,   0],
       [  0,   0,   0, 134]]), array([[135,   0,   0,   0],
       [  0, 135,   0,   0],
       [  0,   0, 135,   0],
       [  0,   0,   0, 135]]), array([[134,   0,   0,   0],
       [  0, 134,   0,   0],
       [  0,   0, 134,   0],
       [  0,   0,   0, 134]]), array([[134,   0,   0,   0],
       [  0, 134,   0,   0],
       [  0,   0, 134,   0],
       [  0,   0,   0, 134]]), array([[134,   0,   0,   0],
       [  0, 134,   0,   0],
       [  0,   0, 134,   0],
       [  0,   0,   0, 134]]), array([[134,   0,   0,   0],
       [  0, 134,   0,   0],
       [  0,   0, 134,   0],
       [  0,   0,   0, 134]]), array([[134,   0,   0,   0],
       [  0, 134,   0,   0],
       [  0,   0, 134,   0],
       [  0,   0,   0, 134]])]","[0.6739130434782609, 0.8043478260869565, 0.8043478260869565, 0.7608695652173914, 0.8444444444444444, 0.8444444444444444, 0.6666666666666666, 0.7555555555555555, 0.7333333333333333, 0.7555555555555555]","[0.6739130434782609, 0.8043478260869565, 0.8043478260869565, 0.7608695652173914, 0.8444444444444444, 0.8444444444444444, 0.6666666666666666, 0.7555555555555555, 0.7333333333333333, 0.7555555555555555]","[0.6739130434782609, 0.8043478260869565, 0.8043478260869565, 0.7608695652173914, 0.8444444444444444, 0.8444444444444444, 0.6666666666666666, 0.7555555555555555, 0.7333333333333333, 0.7555555555555555]","[0.6739130434782609, 0.8043478260869565, 0.8043478260869565, 0.7608695652173914, 0.8444444444444444, 0.8444444444444444, 0.6666666666666666, 0.7555555555555555, 0.7333333333333333, 0.7555555555555555]","[0.695054945054945, 0.8097184065934067, 0.798611111111111, 0.7628787878787879, 0.8463723776223777, 0.8447455322455323, 0.6784945038621509, 0.7593749999999999, 0.7808493589743589, 0.7574862637362637]","[0.675, 0.7916666666666666, 0.7962121212121213, 0.7628787878787879, 0.8415584415584415, 0.8555555555555556, 0.6563131313131313, 0.7333333333333334, 0.7277777777777777, 0.7550505050505051]","[0.6786490683229813, 0.7971774193548388, 0.7965293668954997, 0.7628787878787879, 0.8392857142857143, 0.8433966861598441, 0.661641081871345, 0.719088319088319, 0.717939467939468, 0.753870858688303]","[0.6944577161968467, 0.8072294553272815, 0.8049516908212561, 0.7608695652173914, 0.8514763014763014, 0.8553785720452388, 0.6821004159239453, 0.7625, 0.7726139601139601, 0.7582722832722832]","[0.6739130434782609, 0.8043478260869565, 0.8043478260869565, 0.7608695652173914, 0.8444444444444444, 0.8444444444444444, 0.6666666666666666, 0.7555555555555555, 0.7333333333333333, 0.7555555555555555]","[0.6784836618957604, 0.8028401122019637, 0.8038503631479456, 0.7608695652173914, 0.8435626102292769, 0.8428135152696556, 0.6685428849902534, 0.735929091484647, 0.7219652775208332, 0.754616482608369]","[array([[10,  1,  1,  0],
       [ 3,  6,  0,  0],
       [ 0,  0,  6,  4],
       [ 0,  0,  6,  9]]), array([[10,  1,  0,  1],
       [ 3,  6,  0,  0],
       [ 0,  0,  8,  2],
       [ 0,  0,  2, 13]]), array([[ 9,  2,  0,  0],
       [ 3,  7,  0,  0],
       [ 0,  0,  8,  2],
       [ 0,  0,  2, 13]]), array([[ 9,  2,  0,  0],
       [ 1,  8,  0,  1],
       [ 0,  0,  7,  3],
       [ 1,  0,  3, 11]]), array([[10,  1,  0,  0],
       [ 3,  7,  0,  0],
       [ 0,  0,  9,  1],
       [ 0,  0,  2, 12]]), array([[11,  0,  0,  0],
       [ 2,  8,  0,  0],
       [ 0,  0,  8,  1],
       [ 0,  1,  3, 11]]), array([[ 7,  3,  1,  0],
       [ 1,  5,  0,  3],
       [ 0,  0,  7,  3],
       [ 0,  1,  3, 11]]), array([[11,  0,  0,  0],
       [ 5,  3,  0,  1],
       [ 0,  0,  8,  2],
       [ 0,  1,  2, 12]]), array([[11,  0,  0,  0],
       [ 4,  4,  0,  1],
       [ 0,  0,  8,  2],
       [ 1,  0,  4, 10]]), array([[10,  1,  0,  0],
       [ 2,  7,  0,  0],
       [ 1,  0,  6,  3],
       [ 0,  0,  4, 11]])]"
2,"[1.0, 1.0, 1.0, 1.0, 1.0, 1.0, 1.0, 1.0, 1.0, 1.0]","[1.0, 1.0, 1.0, 1.0, 1.0, 1.0, 1.0, 1.0, 1.0, 1.0]","[1.0, 1.0, 1.0, 1.0, 1.0, 1.0, 1.0, 1.0, 1.0, 1.0]","[1.0, 1.0, 1.0, 1.0, 1.0, 1.0, 1.0, 1.0, 1.0, 1.0]","[1.0, 1.0, 1.0, 1.0, 1.0, 1.0, 1.0, 1.0, 1.0, 1.0]","[1.0, 1.0, 1.0, 1.0, 1.0, 1.0, 1.0, 1.0, 1.0, 1.0]","[1.0, 1.0, 1.0, 1.0, 1.0, 1.0, 1.0, 1.0, 1.0, 1.0]","[1.0, 1.0, 1.0, 1.0, 1.0, 1.0, 1.0, 1.0, 1.0, 1.0]","[1.0, 1.0, 1.0, 1.0, 1.0, 1.0, 1.0, 1.0, 1.0, 1.0]","[1.0, 1.0, 1.0, 1.0, 1.0, 1.0, 1.0, 1.0, 1.0, 1.0]","[array([[134,   0,   0,   0],
       [  0, 134,   0,   0],
       [  0,   0, 134,   0],
       [  0,   0,   0, 134]]), array([[134,   0,   0,   0],
       [  0, 134,   0,   0],
       [  0,   0, 134,   0],
       [  0,   0,   0, 134]]), array([[134,   0,   0,   0],
       [  0, 134,   0,   0],
       [  0,   0, 134,   0],
       [  0,   0,   0, 134]]), array([[134,   0,   0,   0],
       [  0, 134,   0,   0],
       [  0,   0, 134,   0],
       [  0,   0,   0, 134]]), array([[135,   0,   0,   0],
       [  0, 135,   0,   0],
       [  0,   0, 135,   0],
       [  0,   0,   0, 135]]), array([[134,   0,   0,   0],
       [  0, 134,   0,   0],
       [  0,   0, 134,   0],
       [  0,   0,   0, 134]]), array([[134,   0,   0,   0],
       [  0, 134,   0,   0],
       [  0,   0, 134,   0],
       [  0,   0,   0, 134]]), array([[134,   0,   0,   0],
       [  0, 134,   0,   0],
       [  0,   0, 134,   0],
       [  0,   0,   0, 134]]), array([[134,   0,   0,   0],
       [  0, 134,   0,   0],
       [  0,   0, 134,   0],
       [  0,   0,   0, 134]]), array([[134,   0,   0,   0],
       [  0, 134,   0,   0],
       [  0,   0, 134,   0],
       [  0,   0,   0, 134]])]","[0.6739130434782609, 0.8260869565217391, 0.8478260869565217, 0.7391304347826086, 0.7777777777777778, 0.8222222222222222, 0.6888888888888889, 0.7555555555555555, 0.7333333333333333, 0.7555555555555555]","[0.6739130434782609, 0.8260869565217391, 0.8478260869565217, 0.7391304347826086, 0.7777777777777778, 0.8222222222222222, 0.6888888888888889, 0.7555555555555555, 0.7333333333333333, 0.7555555555555555]","[0.6739130434782609, 0.8260869565217391, 0.8478260869565217, 0.7391304347826086, 0.7777777777777778, 0.8222222222222222, 0.6888888888888889, 0.7555555555555555, 0.7333333333333333, 0.7555555555555555]","[0.6739130434782609, 0.8260869565217391, 0.8478260869565217, 0.7391304347826086, 0.7777777777777778, 0.8222222222222222, 0.6888888888888889, 0.7555555555555555, 0.7333333333333333, 0.7555555555555555]","[0.6987179487179487, 0.8278055278055279, 0.8462121212121213, 0.7401515151515152, 0.7844967532467533, 0.8277000777000777, 0.7194444444444444, 0.7958333333333334, 0.7458791208791209, 0.7845695970695971]","[0.6722222222222222, 0.8166666666666667, 0.8462121212121213, 0.7401515151515152, 0.775974025974026, 0.8388888888888889, 0.6818181818181819, 0.7361111111111112, 0.7328282828282827, 0.7522727272727272]","[0.6732142857142858, 0.8184523809523809, 0.8452380952380952, 0.7392857142857143, 0.7770013802622497, 0.8224768652400231, 0.693859649122807, 0.7339330024813897, 0.7270562770562772, 0.7570794148380355]","[0.698160535117057, 0.8288450679755028, 0.8496047430830039, 0.7407114624505929, 0.7838383838383839, 0.840732107398774, 0.7148148148148149, 0.7848148148148147, 0.7458282458282459, 0.7795685795685796]","[0.6739130434782609, 0.8260869565217391, 0.8478260869565217, 0.7391304347826086, 0.7777777777777778, 0.8222222222222222, 0.6888888888888889, 0.7555555555555555, 0.7333333333333333, 0.7555555555555555]","[0.675569358178054, 0.8243788819875776, 0.8478260869565217, 0.7391304347826086, 0.7779004677555403, 0.8199997857892595, 0.6947368421052632, 0.7435346015991178, 0.7286002886002886, 0.7579914083362359]","[array([[10,  1,  1,  0],
       [ 3,  5,  0,  1],
       [ 0,  0,  7,  3],
       [ 0,  0,  6,  9]]), array([[10,  1,  0,  1],
       [ 3,  6,  0,  0],
       [ 0,  0,  9,  1],
       [ 0,  0,  2, 13]]), array([[ 9,  2,  0,  0],
       [ 1,  9,  0,  0],
       [ 0,  0,  8,  2],
       [ 0,  0,  2, 13]]), array([[ 8,  3,  0,  0],
       [ 1,  8,  0,  1],
       [ 0,  0,  7,  3],
       [ 1,  0,  3, 11]]), array([[ 9,  1,  0,  1],
       [ 3,  7,  0,  0],
       [ 0,  0,  8,  2],
       [ 0,  0,  3, 11]]), array([[11,  0,  0,  0],
       [ 2,  8,  0,  0],
       [ 0,  0,  8,  1],
       [ 0,  1,  4, 10]]), array([[ 8,  2,  1,  0],
       [ 0,  6,  0,  3],
       [ 0,  0,  6,  4],
       [ 0,  1,  3, 11]]), array([[11,  0,  0,  0],
       [ 4,  4,  0,  1],
       [ 0,  0,  7,  3],
       [ 0,  0,  3, 12]]), array([[10,  1,  0,  0],
       [ 3,  5,  0,  1],
       [ 0,  0,  8,  2],
       [ 1,  0,  4, 10]]), array([[10,  0,  1,  0],
       [ 2,  6,  0,  1],
       [ 1,  0,  7,  2],
       [ 0,  0,  4, 11]])]"
3,"[1.0, 1.0, 1.0, 1.0, 1.0, 1.0, 1.0, 1.0, 1.0, 1.0]","[1.0, 1.0, 1.0, 1.0, 1.0, 1.0, 1.0, 1.0, 1.0, 1.0]","[1.0, 1.0, 1.0, 1.0, 1.0, 1.0, 1.0, 1.0, 1.0, 1.0]","[1.0, 1.0, 1.0, 1.0, 1.0, 1.0, 1.0, 1.0, 1.0, 1.0]","[1.0, 1.0, 1.0, 1.0, 1.0, 1.0, 1.0, 1.0, 1.0, 1.0]","[1.0, 1.0, 1.0, 1.0, 1.0, 1.0, 1.0, 1.0, 1.0, 1.0]","[1.0, 1.0, 1.0, 1.0, 1.0, 1.0, 1.0, 1.0, 1.0, 1.0]","[1.0, 1.0, 1.0, 1.0, 1.0, 1.0, 1.0, 1.0, 1.0, 1.0]","[1.0, 1.0, 1.0, 1.0, 1.0, 1.0, 1.0, 1.0, 1.0, 1.0]","[1.0, 1.0, 1.0, 1.0, 1.0, 1.0, 1.0, 1.0, 1.0, 1.0]","[array([[134,   0,   0,   0],
       [  0, 134,   0,   0],
       [  0,   0, 134,   0],
       [  0,   0,   0, 134]]), array([[134,   0,   0,   0],
       [  0, 134,   0,   0],
       [  0,   0, 134,   0],
       [  0,   0,   0, 134]]), array([[134,   0,   0,   0],
       [  0, 134,   0,   0],
       [  0,   0, 134,   0],
       [  0,   0,   0, 134]]), array([[134,   0,   0,   0],
       [  0, 134,   0,   0],
       [  0,   0, 134,   0],
       [  0,   0,   0, 134]]), array([[135,   0,   0,   0],
       [  0, 135,   0,   0],
       [  0,   0, 135,   0],
       [  0,   0,   0, 135]]), array([[134,   0,   0,   0],
       [  0, 134,   0,   0],
       [  0,   0, 134,   0],
       [  0,   0,   0, 134]]), array([[134,   0,   0,   0],
       [  0, 134,   0,   0],
       [  0,   0, 134,   0],
       [  0,   0,   0, 134]]), array([[134,   0,   0,   0],
       [  0, 134,   0,   0],
       [  0,   0, 134,   0],
       [  0,   0,   0, 134]]), array([[134,   0,   0,   0],
       [  0, 134,   0,   0],
       [  0,   0, 134,   0],
       [  0,   0,   0, 134]]), array([[134,   0,   0,   0],
       [  0, 134,   0,   0],
       [  0,   0, 134,   0],
       [  0,   0,   0, 134]])]","[0.6739130434782609, 0.8260869565217391, 0.7391304347826086, 0.8043478260869565, 0.8222222222222222, 0.8, 0.7111111111111111, 0.7555555555555555, 0.7111111111111111, 0.7333333333333333]","[0.6739130434782609, 0.8260869565217391, 0.7391304347826086, 0.8043478260869565, 0.8222222222222222, 0.8, 0.7111111111111111, 0.7555555555555555, 0.7111111111111111, 0.7333333333333333]","[0.6739130434782609, 0.8260869565217391, 0.7391304347826086, 0.8043478260869565, 0.8222222222222222, 0.8, 0.7111111111111111, 0.7555555555555555, 0.7111111111111111, 0.7333333333333333]","[0.6739130434782609, 0.8260869565217391, 0.7391304347826086, 0.8043478260869565, 0.8222222222222222, 0.8, 0.7111111111111111, 0.7555555555555555, 0.7111111111111111, 0.7333333333333333]","[0.6966673032849503, 0.8263923576423576, 0.7458333333333332, 0.8278388278388279, 0.830905205905206, 0.8098290598290598, 0.7170138888888888, 0.8013888888888889, 0.7701563142739614, 0.7419372294372295]","[0.6625, 0.8236111111111111, 0.7568181818181818, 0.8166666666666667, 0.8308441558441558, 0.8189393939393939, 0.704040404040404, 0.7277777777777777, 0.7111111111111111, 0.7234848484848484]","[0.6447833775419982, 0.8232550951415049, 0.7402766798418972, 0.8067197120394052, 0.8235697940503433, 0.7970893141945774, 0.7062963601863033, 0.729020979020979, 0.6972646918299092, 0.728409090909091]","[0.7065591058557811, 0.8295373105155713, 0.7608695652173914, 0.8275203057811753, 0.8379090045756713, 0.8326685660018992, 0.7195987654320988, 0.7866666666666666, 0.7676493441199324, 0.7455026455026456]","[0.6739130434782609, 0.8260869565217391, 0.7391304347826086, 0.8043478260869565, 0.8222222222222222, 0.8, 0.7111111111111111, 0.7555555555555555, 0.7111111111111111, 0.7333333333333333]","[0.6588820974128321, 0.8261870745299619, 0.7371025949475856, 0.8011411344626067, 0.8224968217645563, 0.7977494240652134, 0.7113779157801929, 0.7406889406889406, 0.7004990178903223, 0.7358585858585858]","[array([[11,  1,  0,  0],
       [ 6,  3,  0,  0],
       [ 0,  0,  8,  2],
       [ 0,  0,  6,  9]]), array([[11,  1,  0,  0],
       [ 2,  7,  0,  0],
       [ 0,  0,  8,  2],
       [ 0,  0,  3, 12]]), array([[8, 3, 0, 0],
       [2, 8, 0, 0],
       [0, 0, 9, 1],
       [2, 1, 3, 9]]), array([[11,  0,  0,  0],
       [ 2,  7,  0,  1],
       [ 0,  0,  9,  1],
       [ 1,  0,  4, 10]]), array([[10,  1,  0,  0],
       [ 2,  8,  0,  0],
       [ 0,  0,  9,  1],
       [ 0,  0,  4, 10]]), array([[10,  1,  0,  0],
       [ 3,  7,  0,  0],
       [ 0,  0,  9,  0],
       [ 0,  1,  4, 10]]), array([[ 8,  2,  1,  0],
       [ 1,  5,  0,  3],
       [ 0,  0,  8,  2],
       [ 0,  1,  3, 11]]), array([[11,  0,  0,  0],
       [ 4,  4,  0,  1],
       [ 0,  0,  6,  4],
       [ 0,  0,  2, 13]]), array([[11,  0,  0,  0],
       [ 5,  4,  0,  0],
       [ 0,  0,  8,  2],
       [ 1,  0,  5,  9]]), array([[ 8,  1,  2,  0],
       [ 2,  6,  0,  1],
       [ 1,  0,  7,  2],
       [ 0,  0,  3, 12]])]"
4,"[1.0, 1.0, 1.0, 1.0, 1.0, 1.0, 1.0, 1.0, 1.0, 1.0]","[1.0, 1.0, 1.0, 1.0, 1.0, 1.0, 1.0, 1.0, 1.0, 1.0]","[1.0, 1.0, 1.0, 1.0, 1.0, 1.0, 1.0, 1.0, 1.0, 1.0]","[1.0, 1.0, 1.0, 1.0, 1.0, 1.0, 1.0, 1.0, 1.0, 1.0]","[1.0, 1.0, 1.0, 1.0, 1.0, 1.0, 1.0, 1.0, 1.0, 1.0]","[1.0, 1.0, 1.0, 1.0, 1.0, 1.0, 1.0, 1.0, 1.0, 1.0]","[1.0, 1.0, 1.0, 1.0, 1.0, 1.0, 1.0, 1.0, 1.0, 1.0]","[1.0, 1.0, 1.0, 1.0, 1.0, 1.0, 1.0, 1.0, 1.0, 1.0]","[1.0, 1.0, 1.0, 1.0, 1.0, 1.0, 1.0, 1.0, 1.0, 1.0]","[1.0, 1.0, 1.0, 1.0, 1.0, 1.0, 1.0, 1.0, 1.0, 1.0]","[array([[134,   0,   0,   0],
       [  0, 134,   0,   0],
       [  0,   0, 134,   0],
       [  0,   0,   0, 134]]), array([[134,   0,   0,   0],
       [  0, 134,   0,   0],
       [  0,   0, 134,   0],
       [  0,   0,   0, 134]]), array([[134,   0,   0,   0],
       [  0, 134,   0,   0],
       [  0,   0, 134,   0],
       [  0,   0,   0, 134]]), array([[134,   0,   0,   0],
       [  0, 134,   0,   0],
       [  0,   0, 134,   0],
       [  0,   0,   0, 134]]), array([[135,   0,   0,   0],
       [  0, 135,   0,   0],
       [  0,   0, 135,   0],
       [  0,   0,   0, 135]]), array([[134,   0,   0,   0],
       [  0, 134,   0,   0],
       [  0,   0, 134,   0],
       [  0,   0,   0, 134]]), array([[134,   0,   0,   0],
       [  0, 134,   0,   0],
       [  0,   0, 134,   0],
       [  0,   0,   0, 134]]), array([[134,   0,   0,   0],
       [  0, 134,   0,   0],
       [  0,   0, 134,   0],
       [  0,   0,   0, 134]]), array([[134,   0,   0,   0],
       [  0, 134,   0,   0],
       [  0,   0, 134,   0],
       [  0,   0,   0, 134]]), array([[134,   0,   0,   0],
       [  0, 134,   0,   0],
       [  0,   0, 134,   0],
       [  0,   0,   0, 134]])]","[0.6739130434782609, 0.8043478260869565, 0.7391304347826086, 0.8260869565217391, 0.8666666666666667, 0.8222222222222222, 0.7111111111111111, 0.7777777777777778, 0.7555555555555555, 0.6888888888888889]","[0.6739130434782609, 0.8043478260869565, 0.7391304347826086, 0.8260869565217391, 0.8666666666666667, 0.8222222222222222, 0.7111111111111111, 0.7777777777777778, 0.7555555555555555, 0.6888888888888889]","[0.6739130434782609, 0.8043478260869565, 0.7391304347826086, 0.8260869565217391, 0.8666666666666667, 0.8222222222222222, 0.7111111111111111, 0.7777777777777778, 0.7555555555555555, 0.6888888888888889]","[0.6739130434782609, 0.8043478260869565, 0.7391304347826086, 0.8260869565217391, 0.8666666666666667, 0.8222222222222222, 0.7111111111111111, 0.7777777777777778, 0.7555555555555555, 0.6888888888888889]","[0.7119047619047618, 0.8068181818181818, 0.7440476190476192, 0.8464285714285713, 0.8785714285714286, 0.8261634199134199, 0.7170138888888888, 0.8089285714285714, 0.796875, 0.6744318181818181]","[0.6805555555555556, 0.7958333333333334, 0.7462121212121212, 0.825, 0.875974025974026, 0.8305555555555555, 0.704040404040404, 0.7638888888888888, 0.7555555555555555, 0.672979797979798]","[0.6728205128205128, 0.7964112037387899, 0.7401851851851851, 0.8258823529411765, 0.8676190476190476, 0.8181481481481482, 0.7062963601863033, 0.7671198156682029, 0.7492784992784993, 0.6728163992869876]","[0.7189440993788819, 0.8102766798418972, 0.7515527950310559, 0.8400621118012421, 0.8898412698412699, 0.8375180375180374, 0.7195987654320988, 0.7976190476190476, 0.7939814814814814, 0.6886363636363636]","[0.6739130434782609, 0.8043478260869565, 0.7391304347826086, 0.8260869565217391, 0.8666666666666667, 0.8222222222222222, 0.7111111111111111, 0.7777777777777778, 0.7555555555555555, 0.6888888888888889]","[0.6735785953177258, 0.8029714538335229, 0.7398067632850243, 0.8242455242966752, 0.8684867724867726, 0.8195555555555555, 0.7113779157801929, 0.7715883256528419, 0.7505638394527283, 0.6880174291938997]","[array([[10,  1,  1,  0],
       [ 4,  5,  0,  0],
       [ 0,  0,  8,  2],
       [ 0,  0,  7,  8]]), array([[11,  1,  0,  0],
       [ 3,  6,  0,  0],
       [ 0,  0,  8,  2],
       [ 0,  0,  3, 12]]), array([[ 9,  2,  0,  0],
       [ 3,  7,  0,  0],
       [ 0,  0,  8,  2],
       [ 2,  1,  2, 10]]), array([[11,  0,  0,  0],
       [ 2,  7,  0,  1],
       [ 0,  0,  8,  2],
       [ 1,  0,  2, 12]]), array([[ 9,  1,  1,  0],
       [ 1,  9,  0,  0],
       [ 0,  0, 10,  0],
       [ 0,  0,  3, 11]]), array([[11,  0,  0,  0],
       [ 3,  7,  0,  0],
       [ 0,  0,  8,  1],
       [ 0,  1,  3, 11]]), array([[ 8,  2,  1,  0],
       [ 1,  5,  0,  3],
       [ 0,  0,  8,  2],
       [ 0,  1,  3, 11]]), array([[11,  0,  0,  0],
       [ 3,  5,  0,  1],
       [ 0,  0,  7,  3],
       [ 0,  0,  3, 12]]), array([[11,  0,  0,  0],
       [ 4,  5,  0,  0],
       [ 0,  0,  8,  2],
       [ 1,  0,  4, 10]]), array([[ 7,  3,  1,  0],
       [ 3,  5,  0,  1],
       [ 1,  0,  7,  2],
       [ 0,  0,  3, 12]])]"
5,"[1.0, 1.0, 1.0, 1.0, 1.0, 1.0, 1.0, 1.0, 1.0, 1.0]","[1.0, 1.0, 1.0, 1.0, 1.0, 1.0, 1.0, 1.0, 1.0, 1.0]","[1.0, 1.0, 1.0, 1.0, 1.0, 1.0, 1.0, 1.0, 1.0, 1.0]","[1.0, 1.0, 1.0, 1.0, 1.0, 1.0, 1.0, 1.0, 1.0, 1.0]","[1.0, 1.0, 1.0, 1.0, 1.0, 1.0, 1.0, 1.0, 1.0, 1.0]","[1.0, 1.0, 1.0, 1.0, 1.0, 1.0, 1.0, 1.0, 1.0, 1.0]","[1.0, 1.0, 1.0, 1.0, 1.0, 1.0, 1.0, 1.0, 1.0, 1.0]","[1.0, 1.0, 1.0, 1.0, 1.0, 1.0, 1.0, 1.0, 1.0, 1.0]","[1.0, 1.0, 1.0, 1.0, 1.0, 1.0, 1.0, 1.0, 1.0, 1.0]","[1.0, 1.0, 1.0, 1.0, 1.0, 1.0, 1.0, 1.0, 1.0, 1.0]","[array([[134,   0,   0,   0],
       [  0, 134,   0,   0],
       [  0,   0, 134,   0],
       [  0,   0,   0, 134]]), array([[134,   0,   0,   0],
       [  0, 134,   0,   0],
       [  0,   0, 134,   0],
       [  0,   0,   0, 134]]), array([[134,   0,   0,   0],
       [  0, 134,   0,   0],
       [  0,   0, 134,   0],
       [  0,   0,   0, 134]]), array([[134,   0,   0,   0],
       [  0, 134,   0,   0],
       [  0,   0, 134,   0],
       [  0,   0,   0, 134]]), array([[135,   0,   0,   0],
       [  0, 135,   0,   0],
       [  0,   0, 135,   0],
       [  0,   0,   0, 135]]), array([[134,   0,   0,   0],
       [  0, 134,   0,   0],
       [  0,   0, 134,   0],
       [  0,   0,   0, 134]]), array([[134,   0,   0,   0],
       [  0, 134,   0,   0],
       [  0,   0, 134,   0],
       [  0,   0,   0, 134]]), array([[134,   0,   0,   0],
       [  0, 134,   0,   0],
       [  0,   0, 134,   0],
       [  0,   0,   0, 134]]), array([[134,   0,   0,   0],
       [  0, 134,   0,   0],
       [  0,   0, 134,   0],
       [  0,   0,   0, 134]]), array([[134,   0,   0,   0],
       [  0, 134,   0,   0],
       [  0,   0, 134,   0],
       [  0,   0,   0, 134]])]","[0.7608695652173914, 0.8695652173913043, 0.7608695652173914, 0.7608695652173914, 0.8, 0.7555555555555555, 0.7555555555555555, 0.8222222222222222, 0.6888888888888889, 0.7333333333333333]","[0.7608695652173914, 0.8695652173913043, 0.7608695652173914, 0.7608695652173914, 0.8, 0.7555555555555555, 0.7555555555555555, 0.8222222222222222, 0.6888888888888889, 0.7333333333333333]","[0.7608695652173914, 0.8695652173913043, 0.7608695652173914, 0.7608695652173914, 0.8, 0.7555555555555555, 0.7555555555555555, 0.8222222222222222, 0.6888888888888889, 0.7333333333333333]","[0.7608695652173914, 0.8695652173913043, 0.7608695652173914, 0.7608695652173914, 0.8, 0.7555555555555555, 0.7555555555555555, 0.8222222222222222, 0.6888888888888889, 0.7333333333333333]","[0.8128472222222222, 0.8669767732267732, 0.7631313131313131, 0.7521645021645021, 0.7984848484848485, 0.7541763791763793, 0.7613705738705738, 0.8482142857142857, 0.699050949050949, 0.7740384615384616]","[0.7749999999999999, 0.8652777777777778, 0.7568181818181818, 0.7568181818181818, 0.8032467532467532, 0.7633838383838383, 0.7457070707070708, 0.8138888888888889, 0.6934343434343434, 0.7244949494949495]","[0.7619658119658119, 0.8643059982613736, 0.7590111642743222, 0.7529900463302183, 0.7970362970362971, 0.752729044834308, 0.7454505610098177, 0.8100134348410211, 0.6834935897435896, 0.7263986013986014]","[0.8164855072463769, 0.8725920818312123, 0.7663592446201142, 0.7617165443252398, 0.809023569023569, 0.7659241992575325, 0.7639872473205807, 0.8444444444444444, 0.7117993117993119, 0.7746438746438746]","[0.7608695652173914, 0.8695652173913043, 0.7608695652173914, 0.7608695652173914, 0.8, 0.7555555555555555, 0.7555555555555555, 0.8222222222222222, 0.6888888888888889, 0.7333333333333333]","[0.7562987736900781, 0.869379763899563, 0.7627765064836004, 0.759851849165316, 0.8006216006216006, 0.7543599740090968, 0.7525331151628488, 0.815648504751953, 0.6872507122507122, 0.7342102342102341]","[array([[12,  0,  0,  0],
       [ 3,  6,  0,  0],
       [ 0,  0,  9,  1],
       [ 0,  0,  7,  8]]), array([[11,  1,  0,  0],
       [ 2,  7,  0,  0],
       [ 0,  0,  9,  1],
       [ 0,  0,  2, 13]]), array([[ 8,  3,  0,  0],
       [ 2,  7,  0,  1],
       [ 0,  0,  8,  2],
       [ 1,  1,  1, 12]]), array([[ 8,  3,  0,  0],
       [ 3,  6,  0,  1],
       [ 0,  0,  9,  1],
       [ 1,  0,  2, 12]]), array([[ 8,  3,  0,  0],
       [ 2,  8,  0,  0],
       [ 0,  0,  9,  1],
       [ 0,  0,  3, 11]]), array([[10,  1,  0,  0],
       [ 3,  7,  0,  0],
       [ 0,  0,  7,  2],
       [ 0,  1,  4, 10]]), array([[ 8,  2,  1,  0],
       [ 1,  5,  0,  3],
       [ 0,  0,  9,  1],
       [ 0,  0,  3, 12]]), array([[11,  0,  0,  0],
       [ 3,  5,  0,  1],
       [ 0,  0,  9,  1],
       [ 0,  0,  3, 12]]), array([[9, 2, 0, 0],
       [4, 5, 0, 0],
       [0, 0, 8, 2],
       [0, 0, 6, 9]]), array([[10,  0,  1,  0],
       [ 4,  5,  0,  0],
       [ 1,  0,  7,  2],
       [ 0,  0,  4, 11]])]"
6,"[1.0, 1.0, 1.0, 1.0, 1.0, 1.0, 1.0, 1.0, 1.0, 1.0]","[1.0, 1.0, 1.0, 1.0, 1.0, 1.0, 1.0, 1.0, 1.0, 1.0]","[1.0, 1.0, 1.0, 1.0, 1.0, 1.0, 1.0, 1.0, 1.0, 1.0]","[1.0, 1.0, 1.0, 1.0, 1.0, 1.0, 1.0, 1.0, 1.0, 1.0]","[1.0, 1.0, 1.0, 1.0, 1.0, 1.0, 1.0, 1.0, 1.0, 1.0]","[1.0, 1.0, 1.0, 1.0, 1.0, 1.0, 1.0, 1.0, 1.0, 1.0]","[1.0, 1.0, 1.0, 1.0, 1.0, 1.0, 1.0, 1.0, 1.0, 1.0]","[1.0, 1.0, 1.0, 1.0, 1.0, 1.0, 1.0, 1.0, 1.0, 1.0]","[1.0, 1.0, 1.0, 1.0, 1.0, 1.0, 1.0, 1.0, 1.0, 1.0]","[1.0, 1.0, 1.0, 1.0, 1.0, 1.0, 1.0, 1.0, 1.0, 1.0]","[array([[134,   0,   0,   0],
       [  0, 134,   0,   0],
       [  0,   0, 134,   0],
       [  0,   0,   0, 134]]), array([[134,   0,   0,   0],
       [  0, 134,   0,   0],
       [  0,   0, 134,   0],
       [  0,   0,   0, 134]]), array([[134,   0,   0,   0],
       [  0, 134,   0,   0],
       [  0,   0, 134,   0],
       [  0,   0,   0, 134]]), array([[134,   0,   0,   0],
       [  0, 134,   0,   0],
       [  0,   0, 134,   0],
       [  0,   0,   0, 134]]), array([[135,   0,   0,   0],
       [  0, 135,   0,   0],
       [  0,   0, 135,   0],
       [  0,   0,   0, 135]]), array([[134,   0,   0,   0],
       [  0, 134,   0,   0],
       [  0,   0, 134,   0],
       [  0,   0,   0, 134]]), array([[134,   0,   0,   0],
       [  0, 134,   0,   0],
       [  0,   0, 134,   0],
       [  0,   0,   0, 134]]), array([[134,   0,   0,   0],
       [  0, 134,   0,   0],
       [  0,   0, 134,   0],
       [  0,   0,   0, 134]]), array([[134,   0,   0,   0],
       [  0, 134,   0,   0],
       [  0,   0, 134,   0],
       [  0,   0,   0, 134]]), array([[134,   0,   0,   0],
       [  0, 134,   0,   0],
       [  0,   0, 134,   0],
       [  0,   0,   0, 134]])]","[0.717391304347826, 0.8695652173913043, 0.6956521739130435, 0.782608695652174, 0.8666666666666667, 0.8222222222222222, 0.7333333333333333, 0.8222222222222222, 0.7555555555555555, 0.7555555555555555]","[0.717391304347826, 0.8695652173913043, 0.6956521739130435, 0.782608695652174, 0.8666666666666667, 0.8222222222222222, 0.7333333333333333, 0.8222222222222222, 0.7555555555555555, 0.7555555555555555]","[0.717391304347826, 0.8695652173913043, 0.6956521739130435, 0.782608695652174, 0.8666666666666667, 0.8222222222222222, 0.7333333333333333, 0.8222222222222222, 0.7555555555555555, 0.7555555555555555]","[0.717391304347826, 0.8695652173913043, 0.6956521739130435, 0.782608695652174, 0.8666666666666667, 0.8222222222222222, 0.7333333333333333, 0.8222222222222222, 0.7555555555555555, 0.7555555555555555]","[0.7386904761904762, 0.882554945054945, 0.6987734487734488, 0.7819444444444443, 0.8689393939393939, 0.8228174603174603, 0.7376068376068377, 0.8482142857142857, 0.8140082956259426, 0.7996794871794871]","[0.7222222222222222, 0.8694444444444445, 0.6984848484848484, 0.7795454545454545, 0.8737012987012986, 0.8277777777777778, 0.7401515151515151, 0.8138888888888889, 0.7416666666666667, 0.7494949494949494]","[0.7076190476190476, 0.8683503996003996, 0.6972040295641653, 0.779862700228833, 0.8683566433566434, 0.8235224493016648, 0.7321183393265773, 0.8100134348410211, 0.7207844490453186, 0.7484958680610855]","[0.7437888198757764, 0.8833014811275681, 0.6997615910659389, 0.7832125603864735, 0.874074074074074, 0.8235097001763667, 0.7475403608736941, 0.8444444444444444, 0.8175716440422324, 0.8052706552706553]","[0.717391304347826, 0.8695652173913043, 0.6956521739130435, 0.782608695652174, 0.8666666666666667, 0.8222222222222222, 0.7333333333333333, 0.8222222222222222, 0.7555555555555555, 0.7555555555555555]","[0.7076604554865424, 0.8693670459974807, 0.6963497656206222, 0.782111232713163, 0.8672882672882672, 0.821192912315772, 0.7338796266027389, 0.815648504751953, 0.7375814738133578, 0.7570856411436122]","[array([[12,  0,  0,  0],
       [ 4,  5,  0,  0],
       [ 0,  0,  8,  2],
       [ 0,  1,  6,  8]]), array([[12,  0,  0,  0],
       [ 2,  7,  0,  0],
       [ 0,  0,  9,  1],
       [ 0,  0,  3, 12]]), array([[ 8,  3,  0,  0],
       [ 2,  7,  0,  1],
       [ 0,  0,  7,  3],
       [ 2,  1,  2, 10]]), array([[ 9,  2,  0,  0],
       [ 2,  7,  0,  1],
       [ 0,  0,  8,  2],
       [ 1,  0,  2, 12]]), array([[10,  1,  0,  0],
       [ 1,  9,  0,  0],
       [ 0,  0,  9,  1],
       [ 0,  0,  3, 11]]), array([[11,  0,  0,  0],
       [ 1,  8,  0,  1],
       [ 0,  0,  7,  2],
       [ 0,  1,  3, 11]]), array([[ 8,  2,  1,  0],
       [ 1,  6,  0,  2],
       [ 0,  0,  9,  1],
       [ 0,  2,  3, 10]]), array([[11,  0,  0,  0],
       [ 3,  5,  0,  1],
       [ 0,  0,  9,  1],
       [ 0,  0,  3, 12]]), array([[11,  0,  0,  0],
       [ 6,  3,  0,  0],
       [ 0,  0,  9,  1],
       [ 0,  0,  4, 11]]), array([[10,  0,  1,  0],
       [ 4,  5,  0,  0],
       [ 1,  0,  8,  1],
       [ 0,  0,  4, 11]])]"
7,"[1.0, 1.0, 1.0, 1.0, 1.0, 1.0, 1.0, 1.0, 1.0, 1.0]","[1.0, 1.0, 1.0, 1.0, 1.0, 1.0, 1.0, 1.0, 1.0, 1.0]","[1.0, 1.0, 1.0, 1.0, 1.0, 1.0, 1.0, 1.0, 1.0, 1.0]","[1.0, 1.0, 1.0, 1.0, 1.0, 1.0, 1.0, 1.0, 1.0, 1.0]","[1.0, 1.0, 1.0, 1.0, 1.0, 1.0, 1.0, 1.0, 1.0, 1.0]","[1.0, 1.0, 1.0, 1.0, 1.0, 1.0, 1.0, 1.0, 1.0, 1.0]","[1.0, 1.0, 1.0, 1.0, 1.0, 1.0, 1.0, 1.0, 1.0, 1.0]","[1.0, 1.0, 1.0, 1.0, 1.0, 1.0, 1.0, 1.0, 1.0, 1.0]","[1.0, 1.0, 1.0, 1.0, 1.0, 1.0, 1.0, 1.0, 1.0, 1.0]","[1.0, 1.0, 1.0, 1.0, 1.0, 1.0, 1.0, 1.0, 1.0, 1.0]","[array([[134,   0,   0,   0],
       [  0, 134,   0,   0],
       [  0,   0, 134,   0],
       [  0,   0,   0, 134]]), array([[134,   0,   0,   0],
       [  0, 134,   0,   0],
       [  0,   0, 134,   0],
       [  0,   0,   0, 134]]), array([[134,   0,   0,   0],
       [  0, 134,   0,   0],
       [  0,   0, 134,   0],
       [  0,   0,   0, 134]]), array([[134,   0,   0,   0],
       [  0, 134,   0,   0],
       [  0,   0, 134,   0],
       [  0,   0,   0, 134]]), array([[135,   0,   0,   0],
       [  0, 135,   0,   0],
       [  0,   0, 135,   0],
       [  0,   0,   0, 135]]), array([[134,   0,   0,   0],
       [  0, 134,   0,   0],
       [  0,   0, 134,   0],
       [  0,   0,   0, 134]]), array([[134,   0,   0,   0],
       [  0, 134,   0,   0],
       [  0,   0, 134,   0],
       [  0,   0,   0, 134]]), array([[134,   0,   0,   0],
       [  0, 134,   0,   0],
       [  0,   0, 134,   0],
       [  0,   0,   0, 134]]), array([[134,   0,   0,   0],
       [  0, 134,   0,   0],
       [  0,   0, 134,   0],
       [  0,   0,   0, 134]]), array([[134,   0,   0,   0],
       [  0, 134,   0,   0],
       [  0,   0, 134,   0],
       [  0,   0,   0, 134]])]","[0.7608695652173914, 0.8478260869565217, 0.7608695652173914, 0.7608695652173914, 0.7777777777777778, 0.8, 0.7555555555555555, 0.8222222222222222, 0.6888888888888889, 0.7111111111111111]","[0.7608695652173914, 0.8478260869565217, 0.7608695652173914, 0.7608695652173914, 0.7777777777777778, 0.8, 0.7555555555555555, 0.8222222222222222, 0.6888888888888889, 0.7111111111111111]","[0.7608695652173914, 0.8478260869565217, 0.7608695652173914, 0.7608695652173914, 0.7777777777777778, 0.8, 0.7555555555555555, 0.8222222222222222, 0.6888888888888889, 0.7111111111111111]","[0.7608695652173914, 0.8478260869565217, 0.7608695652173914, 0.7608695652173914, 0.7777777777777778, 0.8, 0.7555555555555555, 0.8222222222222222, 0.6888888888888889, 0.7111111111111111]","[0.8125, 0.8682692307692308, 0.7622655122655123, 0.7633547008547009, 0.775974025974026, 0.7987012987012987, 0.7584935897435896, 0.8541666666666666, 0.7048076923076924, 0.7596153846153846]","[0.763888888888889, 0.8416666666666666, 0.7568181818181818, 0.7712121212121211, 0.775974025974026, 0.805050505050505, 0.7507575757575757, 0.8222222222222222, 0.6800505050505049, 0.7078282828282828]","[0.7528571428571429, 0.841053391053391, 0.7580025776585391, 0.7607000593270616, 0.775974025974026, 0.8011384260023098, 0.7465293668954995, 0.8106084656084657, 0.6728271728271729, 0.7082382191077843]","[0.8152173913043478, 0.8683946488294315, 0.7705000313695965, 0.7706707543664066, 0.7777777777777778, 0.801904761904762, 0.7677350427350427, 0.8563492063492063, 0.709002849002849, 0.7603988603988603]","[0.7608695652173914, 0.8478260869565217, 0.7608695652173914, 0.7608695652173914, 0.7777777777777778, 0.8, 0.7555555555555555, 0.8222222222222222, 0.6888888888888889, 0.7111111111111111]","[0.7546583850931677, 0.8457745153397326, 0.764210572059508, 0.7590068428790945, 0.7777777777777778, 0.8002419842710223, 0.7540300025425883, 0.8147583774250442, 0.6818292818292818, 0.7130706116213363]","[array([[12,  0,  0,  0],
       [ 4,  5,  0,  0],
       [ 0,  0,  9,  1],
       [ 0,  0,  6,  9]]), array([[12,  0,  0,  0],
       [ 3,  6,  0,  0],
       [ 0,  0,  9,  1],
       [ 0,  0,  3, 12]]), array([[ 8,  3,  0,  0],
       [ 3,  7,  0,  0],
       [ 0,  0,  8,  2],
       [ 1,  1,  1, 12]]), array([[ 9,  2,  0,  0],
       [ 2,  7,  0,  1],
       [ 0,  0,  9,  1],
       [ 1,  0,  4, 10]]), array([[ 9,  2,  0,  0],
       [ 2,  8,  0,  0],
       [ 0,  0,  7,  3],
       [ 0,  0,  3, 11]]), array([[10,  1,  0,  0],
       [ 1,  8,  0,  1],
       [ 0,  0,  7,  2],
       [ 0,  1,  3, 11]]), array([[ 7,  3,  1,  0],
       [ 1,  6,  0,  2],
       [ 0,  0,  9,  1],
       [ 0,  0,  3, 12]]), array([[11,  0,  0,  0],
       [ 3,  5,  0,  1],
       [ 0,  0, 10,  0],
       [ 0,  0,  4, 11]]), array([[10,  1,  0,  0],
       [ 5,  4,  0,  0],
       [ 0,  0,  7,  3],
       [ 0,  0,  5, 10]]), array([[10,  0,  1,  0],
       [ 4,  5,  0,  0],
       [ 1,  0,  7,  2],
       [ 0,  0,  5, 10]])]"
8,"[1.0, 1.0, 1.0, 1.0, 1.0, 1.0, 1.0, 1.0, 1.0, 1.0]","[1.0, 1.0, 1.0, 1.0, 1.0, 1.0, 1.0, 1.0, 1.0, 1.0]","[1.0, 1.0, 1.0, 1.0, 1.0, 1.0, 1.0, 1.0, 1.0, 1.0]","[1.0, 1.0, 1.0, 1.0, 1.0, 1.0, 1.0, 1.0, 1.0, 1.0]","[1.0, 1.0, 1.0, 1.0, 1.0, 1.0, 1.0, 1.0, 1.0, 1.0]","[1.0, 1.0, 1.0, 1.0, 1.0, 1.0, 1.0, 1.0, 1.0, 1.0]","[1.0, 1.0, 1.0, 1.0, 1.0, 1.0, 1.0, 1.0, 1.0, 1.0]","[1.0, 1.0, 1.0, 1.0, 1.0, 1.0, 1.0, 1.0, 1.0, 1.0]","[1.0, 1.0, 1.0, 1.0, 1.0, 1.0, 1.0, 1.0, 1.0, 1.0]","[1.0, 1.0, 1.0, 1.0, 1.0, 1.0, 1.0, 1.0, 1.0, 1.0]","[array([[134,   0,   0,   0],
       [  0, 134,   0,   0],
       [  0,   0, 134,   0],
       [  0,   0,   0, 134]]), array([[134,   0,   0,   0],
       [  0, 134,   0,   0],
       [  0,   0, 134,   0],
       [  0,   0,   0, 134]]), array([[134,   0,   0,   0],
       [  0, 134,   0,   0],
       [  0,   0, 134,   0],
       [  0,   0,   0, 134]]), array([[134,   0,   0,   0],
       [  0, 134,   0,   0],
       [  0,   0, 134,   0],
       [  0,   0,   0, 134]]), array([[135,   0,   0,   0],
       [  0, 135,   0,   0],
       [  0,   0, 135,   0],
       [  0,   0,   0, 135]]), array([[134,   0,   0,   0],
       [  0, 134,   0,   0],
       [  0,   0, 134,   0],
       [  0,   0,   0, 134]]), array([[134,   0,   0,   0],
       [  0, 134,   0,   0],
       [  0,   0, 134,   0],
       [  0,   0,   0, 134]]), array([[134,   0,   0,   0],
       [  0, 134,   0,   0],
       [  0,   0, 134,   0],
       [  0,   0,   0, 134]]), array([[134,   0,   0,   0],
       [  0, 134,   0,   0],
       [  0,   0, 134,   0],
       [  0,   0,   0, 134]]), array([[134,   0,   0,   0],
       [  0, 134,   0,   0],
       [  0,   0, 134,   0],
       [  0,   0,   0, 134]])]","[0.717391304347826, 0.8478260869565217, 0.7391304347826086, 0.7608695652173914, 0.8444444444444444, 0.7333333333333333, 0.6888888888888889, 0.8222222222222222, 0.7333333333333333, 0.7333333333333333]","[0.717391304347826, 0.8478260869565217, 0.7391304347826086, 0.7608695652173914, 0.8444444444444444, 0.7333333333333333, 0.6888888888888889, 0.8222222222222222, 0.7333333333333333, 0.7333333333333333]","[0.717391304347826, 0.8478260869565217, 0.7391304347826086, 0.7608695652173914, 0.8444444444444444, 0.7333333333333333, 0.6888888888888889, 0.8222222222222222, 0.7333333333333333, 0.7333333333333333]","[0.717391304347826, 0.8478260869565217, 0.7391304347826086, 0.7608695652173914, 0.8444444444444444, 0.7333333333333333, 0.6888888888888889, 0.8222222222222222, 0.7333333333333333, 0.7333333333333333]","[0.7753787878787879, 0.8666666666666667, 0.7407925407925409, 0.7700320512820512, 0.8468531468531468, 0.733495670995671, 0.6871031746031746, 0.8433566433566433, 0.7578983516483516, 0.7836829836829837]","[0.7111111111111111, 0.8333333333333334, 0.7484848484848484, 0.7689393939393939, 0.8509740259740259, 0.7383838383838384, 0.6957070707070707, 0.8166666666666667, 0.7434343434343434, 0.7378787878787879]","[0.7012087912087912, 0.8388888888888889, 0.7422077922077923, 0.7631673881673882, 0.8419367588932806, 0.7268518518518519, 0.6835317460317459, 0.8196428571428571, 0.7235576923076923, 0.7398076923076923]","[0.7740447957839263, 0.8608695652173913, 0.7435897435897436, 0.769927536231884, 0.8598290598290599, 0.7463203463203463, 0.6995238095238095, 0.8351204351204351, 0.7843101343101343, 0.7907795907795907]","[0.717391304347826, 0.8478260869565217, 0.7391304347826086, 0.7608695652173914, 0.8444444444444444, 0.7333333333333333, 0.6888888888888889, 0.8222222222222222, 0.7333333333333333, 0.7333333333333333]","[0.7088867654085046, 0.8449275362318841, 0.7388481084133258, 0.7593795093795094, 0.8447922705314009, 0.7306172839506173, 0.6862433862433862, 0.82005291005291, 0.7292735042735043, 0.741965811965812]","[array([[12,  0,  0,  0],
       [ 4,  4,  1,  0],
       [ 0,  0,  8,  2],
       [ 0,  0,  6,  9]]), array([[12,  0,  0,  0],
       [ 3,  6,  0,  0],
       [ 0,  0,  8,  2],
       [ 0,  0,  2, 13]]), array([[ 8,  3,  0,  0],
       [ 1,  8,  0,  1],
       [ 0,  0,  8,  2],
       [ 2,  1,  2, 10]]), array([[10,  1,  0,  0],
       [ 2,  7,  0,  1],
       [ 0,  0,  8,  2],
       [ 1,  0,  4, 10]]), array([[ 9,  2,  0,  0],
       [ 2,  8,  0,  0],
       [ 0,  0, 10,  0],
       [ 0,  0,  3, 11]]), array([[10,  1,  0,  0],
       [ 4,  6,  0,  0],
       [ 0,  0,  7,  2],
       [ 0,  1,  4, 10]]), array([[8, 2, 1, 0],
       [2, 5, 0, 2],
       [0, 0, 9, 1],
       [0, 2, 4, 9]]), array([[11,  0,  0,  0],
       [ 2,  6,  0,  1],
       [ 0,  0,  8,  2],
       [ 0,  0,  3, 12]]), array([[ 9,  2,  0,  0],
       [ 4,  5,  0,  0],
       [ 0,  0, 10,  0],
       [ 0,  0,  6,  9]]), array([[ 9,  0,  2,  0],
       [ 3,  6,  0,  0],
       [ 1,  0,  8,  1],
       [ 0,  0,  5, 10]])]"
9,"[1.0, 1.0, 1.0, 1.0, 1.0, 1.0, 1.0, 1.0, 1.0, 1.0]","[1.0, 1.0, 1.0, 1.0, 1.0, 1.0, 1.0, 1.0, 1.0, 1.0]","[1.0, 1.0, 1.0, 1.0, 1.0, 1.0, 1.0, 1.0, 1.0, 1.0]","[1.0, 1.0, 1.0, 1.0, 1.0, 1.0, 1.0, 1.0, 1.0, 1.0]","[1.0, 1.0, 1.0, 1.0, 1.0, 1.0, 1.0, 1.0, 1.0, 1.0]","[1.0, 1.0, 1.0, 1.0, 1.0, 1.0, 1.0, 1.0, 1.0, 1.0]","[1.0, 1.0, 1.0, 1.0, 1.0, 1.0, 1.0, 1.0, 1.0, 1.0]","[1.0, 1.0, 1.0, 1.0, 1.0, 1.0, 1.0, 1.0, 1.0, 1.0]","[1.0, 1.0, 1.0, 1.0, 1.0, 1.0, 1.0, 1.0, 1.0, 1.0]","[1.0, 1.0, 1.0, 1.0, 1.0, 1.0, 1.0, 1.0, 1.0, 1.0]","[array([[134,   0,   0,   0],
       [  0, 134,   0,   0],
       [  0,   0, 134,   0],
       [  0,   0,   0, 134]]), array([[134,   0,   0,   0],
       [  0, 134,   0,   0],
       [  0,   0, 134,   0],
       [  0,   0,   0, 134]]), array([[134,   0,   0,   0],
       [  0, 134,   0,   0],
       [  0,   0, 134,   0],
       [  0,   0,   0, 134]]), array([[134,   0,   0,   0],
       [  0, 134,   0,   0],
       [  0,   0, 134,   0],
       [  0,   0,   0, 134]]), array([[135,   0,   0,   0],
       [  0, 135,   0,   0],
       [  0,   0, 135,   0],
       [  0,   0,   0, 135]]), array([[134,   0,   0,   0],
       [  0, 134,   0,   0],
       [  0,   0, 134,   0],
       [  0,   0,   0, 134]]), array([[134,   0,   0,   0],
       [  0, 134,   0,   0],
       [  0,   0, 134,   0],
       [  0,   0,   0, 134]]), array([[134,   0,   0,   0],
       [  0, 134,   0,   0],
       [  0,   0, 134,   0],
       [  0,   0,   0, 134]]), array([[134,   0,   0,   0],
       [  0, 134,   0,   0],
       [  0,   0, 134,   0],
       [  0,   0,   0, 134]]), array([[134,   0,   0,   0],
       [  0, 134,   0,   0],
       [  0,   0, 134,   0],
       [  0,   0,   0, 134]])]","[0.8043478260869565, 0.8260869565217391, 0.7608695652173914, 0.8260869565217391, 0.8222222222222222, 0.8, 0.7555555555555555, 0.8222222222222222, 0.7111111111111111, 0.7555555555555555]","[0.8043478260869565, 0.8260869565217391, 0.7608695652173914, 0.8260869565217391, 0.8222222222222222, 0.8, 0.7555555555555555, 0.8222222222222222, 0.7111111111111111, 0.7555555555555555]","[0.8043478260869565, 0.8260869565217391, 0.7608695652173914, 0.8260869565217391, 0.8222222222222222, 0.8, 0.7555555555555555, 0.8222222222222222, 0.7111111111111111, 0.7555555555555555]","[0.8043478260869565, 0.8260869565217391, 0.7608695652173914, 0.8260869565217391, 0.8222222222222222, 0.8, 0.7555555555555555, 0.8222222222222222, 0.7111111111111111, 0.7555555555555555]","[0.8269230769230769, 0.8433566433566433, 0.7631313131313131, 0.8319597069597069, 0.8281718281718282, 0.8089285714285714, 0.7526223776223776, 0.8303571428571428, 0.7378472222222222, 0.7987012987012987]","[0.811111111111111, 0.8236111111111111, 0.7568181818181818, 0.8272727272727272, 0.8165584415584416, 0.8073232323232323, 0.7517676767676768, 0.8272727272727273, 0.7295454545454545, 0.7606060606060606]","[0.8112344720496895, 0.8292261904761904, 0.7590111642743222, 0.8180290297937357, 0.8129785247432306, 0.8034111532750372, 0.7461028008722912, 0.8169283413848631, 0.7118663518919274, 0.7589743589743589]","[0.8210702341137123, 0.835360291882031, 0.7663592446201142, 0.8393056219143177, 0.8340770340770342, 0.8130158730158731, 0.7586080586080586, 0.8394179894179893, 0.7546296296296295, 0.8046176046176047]","[0.8043478260869565, 0.8260869565217391, 0.7608695652173914, 0.8260869565217391, 0.8222222222222222, 0.8, 0.7555555555555555, 0.8222222222222222, 0.7111111111111111, 0.7555555555555555]","[0.8057784229003511, 0.8272619047619049, 0.7627765064836004, 0.8218885973361677, 0.8194377010063284, 0.8020601660892043, 0.7517866066966516, 0.8193505099302201, 0.7085491944826984, 0.7601139601139602]","[array([[12,  0,  0,  0],
       [ 1,  7,  0,  1],
       [ 0,  0,  8,  2],
       [ 0,  0,  5, 10]]), array([[11,  0,  0,  1],
       [ 2,  7,  0,  0],
       [ 0,  0,  8,  2],
       [ 0,  0,  3, 12]]), array([[ 8,  3,  0,  0],
       [ 2,  7,  0,  1],
       [ 0,  0,  8,  2],
       [ 1,  1,  1, 12]]), array([[10,  1,  0,  0],
       [ 3,  6,  0,  1],
       [ 0,  0, 10,  0],
       [ 1,  0,  2, 12]]), array([[10,  1,  0,  0],
       [ 4,  6,  0,  0],
       [ 0,  0,  9,  1],
       [ 0,  0,  2, 12]]), array([[ 9,  2,  0,  0],
       [ 0,  9,  0,  1],
       [ 0,  0,  7,  2],
       [ 0,  1,  3, 11]]), array([[ 9,  1,  1,  0],
       [ 2,  5,  0,  2],
       [ 0,  0,  9,  1],
       [ 0,  1,  3, 11]]), array([[10,  1,  0,  0],
       [ 2,  6,  0,  1],
       [ 0,  0, 10,  0],
       [ 0,  0,  4, 11]]), array([[9, 2, 0, 0],
       [3, 6, 0, 0],
       [0, 0, 9, 1],
       [0, 0, 7, 8]]), array([[10,  0,  1,  0],
       [ 3,  6,  0,  0],
       [ 1,  0,  8,  1],
       [ 0,  0,  5, 10]])]"
10,"[1.0, 1.0, 1.0, 1.0, 1.0, 1.0, 1.0, 1.0, 1.0, 1.0]","[1.0, 1.0, 1.0, 1.0, 1.0, 1.0, 1.0, 1.0, 1.0, 1.0]","[1.0, 1.0, 1.0, 1.0, 1.0, 1.0, 1.0, 1.0, 1.0, 1.0]","[1.0, 1.0, 1.0, 1.0, 1.0, 1.0, 1.0, 1.0, 1.0, 1.0]","[1.0, 1.0, 1.0, 1.0, 1.0, 1.0, 1.0, 1.0, 1.0, 1.0]","[1.0, 1.0, 1.0, 1.0, 1.0, 1.0, 1.0, 1.0, 1.0, 1.0]","[1.0, 1.0, 1.0, 1.0, 1.0, 1.0, 1.0, 1.0, 1.0, 1.0]","[1.0, 1.0, 1.0, 1.0, 1.0, 1.0, 1.0, 1.0, 1.0, 1.0]","[1.0, 1.0, 1.0, 1.0, 1.0, 1.0, 1.0, 1.0, 1.0, 1.0]","[1.0, 1.0, 1.0, 1.0, 1.0, 1.0, 1.0, 1.0, 1.0, 1.0]","[array([[134,   0,   0,   0],
       [  0, 134,   0,   0],
       [  0,   0, 134,   0],
       [  0,   0,   0, 134]]), array([[134,   0,   0,   0],
       [  0, 134,   0,   0],
       [  0,   0, 134,   0],
       [  0,   0,   0, 134]]), array([[134,   0,   0,   0],
       [  0, 134,   0,   0],
       [  0,   0, 134,   0],
       [  0,   0,   0, 134]]), array([[134,   0,   0,   0],
       [  0, 134,   0,   0],
       [  0,   0, 134,   0],
       [  0,   0,   0, 134]]), array([[135,   0,   0,   0],
       [  0, 135,   0,   0],
       [  0,   0, 135,   0],
       [  0,   0,   0, 135]]), array([[134,   0,   0,   0],
       [  0, 134,   0,   0],
       [  0,   0, 134,   0],
       [  0,   0,   0, 134]]), array([[134,   0,   0,   0],
       [  0, 134,   0,   0],
       [  0,   0, 134,   0],
       [  0,   0,   0, 134]]), array([[134,   0,   0,   0],
       [  0, 134,   0,   0],
       [  0,   0, 134,   0],
       [  0,   0,   0, 134]]), array([[134,   0,   0,   0],
       [  0, 134,   0,   0],
       [  0,   0, 134,   0],
       [  0,   0,   0, 134]]), array([[134,   0,   0,   0],
       [  0, 134,   0,   0],
       [  0,   0, 134,   0],
       [  0,   0,   0, 134]])]","[0.7608695652173914, 0.8478260869565217, 0.782608695652174, 0.8043478260869565, 0.7555555555555555, 0.7333333333333333, 0.7333333333333333, 0.8, 0.7555555555555555, 0.7777777777777778]","[0.7608695652173914, 0.8478260869565217, 0.782608695652174, 0.8043478260869565, 0.7555555555555555, 0.7333333333333333, 0.7333333333333333, 0.8, 0.7555555555555555, 0.7777777777777778]","[0.7608695652173914, 0.8478260869565217, 0.782608695652174, 0.8043478260869565, 0.7555555555555555, 0.7333333333333333, 0.7333333333333333, 0.8, 0.7555555555555555, 0.7777777777777778]","[0.7608695652173914, 0.8478260869565217, 0.782608695652174, 0.8043478260869565, 0.7555555555555555, 0.7333333333333333, 0.7333333333333333, 0.8, 0.7555555555555555, 0.7777777777777778]","[0.7946428571428572, 0.8469551282051283, 0.7917277167277167, 0.8007756132756133, 0.7609265734265734, 0.7274475524475524, 0.7653388278388278, 0.8282467532467532, 0.8303921568627451, 0.8241185897435898]","[0.7666666666666667, 0.8402777777777778, 0.7901515151515153, 0.8045454545454545, 0.7581168831168832, 0.7345959595959596, 0.7391414141414141, 0.788888888888889, 0.7722222222222221, 0.7694444444444445]","[0.764102564102564, 0.8425490196078432, 0.7863098525925007, 0.8010449662386852, 0.7498188405797102, 0.7291239462292094, 0.7284446012287973, 0.789047619047619, 0.7492081187733362, 0.7569057351666048]","[0.7880434782608695, 0.8484531772575251, 0.7912539151669585, 0.8057986699291046, 0.7725718725718725, 0.7412432012432013, 0.7768620268620269, 0.8203463203463204, 0.8433115468409587, 0.8274572649572649]","[0.7608695652173914, 0.8478260869565217, 0.782608695652174, 0.8043478260869565, 0.7555555555555555, 0.7333333333333333, 0.7333333333333333, 0.8, 0.7555555555555555, 0.7777777777777778]","[0.7596432552954291, 0.8472122762148337, 0.7827696155191447, 0.8035290952104858, 0.7542834138486313, 0.7351991088833194, 0.7326689596378281, 0.7939470899470901, 0.7461878611637066, 0.767771859559299]","[array([[12,  0,  0,  0],
       [ 2,  6,  0,  1],
       [ 0,  0,  8,  2],
       [ 0,  0,  6,  9]]), array([[11,  1,  0,  0],
       [ 2,  7,  0,  0],
       [ 0,  0,  8,  2],
       [ 0,  0,  2, 13]]), array([[ 8,  3,  0,  0],
       [ 0,  9,  0,  1],
       [ 0,  0,  8,  2],
       [ 2,  1,  1, 11]]), array([[ 9,  2,  0,  0],
       [ 2,  7,  0,  1],
       [ 0,  0,  9,  1],
       [ 1,  0,  2, 12]]), array([[ 9,  2,  0,  0],
       [ 4,  6,  0,  0],
       [ 0,  0,  9,  1],
       [ 0,  0,  4, 10]]), array([[ 8,  3,  0,  0],
       [ 3,  7,  0,  0],
       [ 0,  0,  7,  2],
       [ 0,  1,  3, 11]]), array([[ 6,  4,  1,  0],
       [ 0,  7,  0,  2],
       [ 0,  0,  9,  1],
       [ 0,  1,  3, 11]]), array([[11,  0,  0,  0],
       [ 3,  5,  0,  1],
       [ 0,  0,  8,  2],
       [ 0,  0,  3, 12]]), array([[11,  0,  0,  0],
       [ 4,  5,  0,  0],
       [ 0,  0, 10,  0],
       [ 0,  0,  7,  8]]), array([[11,  0,  0,  0],
       [ 4,  4,  0,  1],
       [ 1,  0,  9,  0],
       [ 0,  0,  4, 11]])]"
11,"[1.0, 1.0, 1.0, 1.0, 1.0, 1.0, 1.0, 1.0, 1.0, 1.0]","[1.0, 1.0, 1.0, 1.0, 1.0, 1.0, 1.0, 1.0, 1.0, 1.0]","[1.0, 1.0, 1.0, 1.0, 1.0, 1.0, 1.0, 1.0, 1.0, 1.0]","[1.0, 1.0, 1.0, 1.0, 1.0, 1.0, 1.0, 1.0, 1.0, 1.0]","[1.0, 1.0, 1.0, 1.0, 1.0, 1.0, 1.0, 1.0, 1.0, 1.0]","[1.0, 1.0, 1.0, 1.0, 1.0, 1.0, 1.0, 1.0, 1.0, 1.0]","[1.0, 1.0, 1.0, 1.0, 1.0, 1.0, 1.0, 1.0, 1.0, 1.0]","[1.0, 1.0, 1.0, 1.0, 1.0, 1.0, 1.0, 1.0, 1.0, 1.0]","[1.0, 1.0, 1.0, 1.0, 1.0, 1.0, 1.0, 1.0, 1.0, 1.0]","[1.0, 1.0, 1.0, 1.0, 1.0, 1.0, 1.0, 1.0, 1.0, 1.0]","[array([[134,   0,   0,   0],
       [  0, 134,   0,   0],
       [  0,   0, 134,   0],
       [  0,   0,   0, 134]]), array([[134,   0,   0,   0],
       [  0, 134,   0,   0],
       [  0,   0, 134,   0],
       [  0,   0,   0, 134]]), array([[134,   0,   0,   0],
       [  0, 134,   0,   0],
       [  0,   0, 134,   0],
       [  0,   0,   0, 134]]), array([[134,   0,   0,   0],
       [  0, 134,   0,   0],
       [  0,   0, 134,   0],
       [  0,   0,   0, 134]]), array([[135,   0,   0,   0],
       [  0, 135,   0,   0],
       [  0,   0, 135,   0],
       [  0,   0,   0, 135]]), array([[134,   0,   0,   0],
       [  0, 134,   0,   0],
       [  0,   0, 134,   0],
       [  0,   0,   0, 134]]), array([[134,   0,   0,   0],
       [  0, 134,   0,   0],
       [  0,   0, 134,   0],
       [  0,   0,   0, 134]]), array([[134,   0,   0,   0],
       [  0, 134,   0,   0],
       [  0,   0, 134,   0],
       [  0,   0,   0, 134]]), array([[134,   0,   0,   0],
       [  0, 134,   0,   0],
       [  0,   0, 134,   0],
       [  0,   0,   0, 134]]), array([[134,   0,   0,   0],
       [  0, 134,   0,   0],
       [  0,   0, 134,   0],
       [  0,   0,   0, 134]])]","[0.717391304347826, 0.8695652173913043, 0.8043478260869565, 0.7391304347826086, 0.8, 0.8, 0.6888888888888889, 0.7777777777777778, 0.7111111111111111, 0.7777777777777778]","[0.717391304347826, 0.8695652173913043, 0.8043478260869565, 0.7391304347826086, 0.8, 0.8, 0.6888888888888889, 0.7777777777777778, 0.7111111111111111, 0.7777777777777778]","[0.717391304347826, 0.8695652173913043, 0.8043478260869565, 0.7391304347826086, 0.8, 0.8, 0.6888888888888889, 0.7777777777777778, 0.7111111111111111, 0.7777777777777778]","[0.717391304347826, 0.8695652173913043, 0.8043478260869565, 0.7391304347826086, 0.8, 0.8, 0.6888888888888889, 0.7777777777777778, 0.7111111111111111, 0.7777777777777778]","[0.7651515151515151, 0.8822916666666667, 0.807165404040404, 0.7365447052947053, 0.8100718725718725, 0.7973484848484848, 0.6913850038850038, 0.7824592074592074, 0.7487071751777634, 0.8035714285714286]","[0.7222222222222222, 0.8680555555555555, 0.7984848484848485, 0.7462121212121212, 0.8103896103896104, 0.8101010101010101, 0.7007575757575758, 0.766161616161616, 0.7267676767676767, 0.7856060606060605]","[0.7146398046398047, 0.8741382036685643, 0.8011561160966933, 0.7285878855444072, 0.800197628458498, 0.7987253487253487, 0.68731884057971, 0.7654761904761904, 0.702848228663446, 0.7749999999999999]","[0.7574440052700923, 0.873641304347826, 0.8075894817742644, 0.7532630413065197, 0.8206250539583873, 0.8126262626262627, 0.7030605197271864, 0.7829836829836829, 0.7761401996696115, 0.8222222222222222]","[0.717391304347826, 0.8695652173913043, 0.8043478260869565, 0.7391304347826086, 0.8, 0.8, 0.6888888888888889, 0.7777777777777778, 0.7111111111111111, 0.7777777777777778]","[0.7114349418697244, 0.8706789868822703, 0.8043847346275927, 0.732818897128916, 0.8001756697408872, 0.8009171075837742, 0.6872463768115942, 0.773015873015873, 0.7048264448022902, 0.7788888888888889]","[array([[12,  0,  0,  0],
       [ 3,  5,  0,  1],
       [ 0,  0,  8,  2],
       [ 0,  0,  7,  8]]), array([[11,  0,  0,  1],
       [ 1,  8,  0,  0],
       [ 0,  0,  8,  2],
       [ 0,  0,  2, 13]]), array([[ 8,  3,  0,  0],
       [ 1,  8,  0,  1],
       [ 0,  0,  8,  2],
       [ 1,  0,  1, 13]]), array([[ 9,  2,  0,  0],
       [ 4,  5,  0,  1],
       [ 0,  0, 10,  0],
       [ 1,  1,  3, 10]]), array([[ 8,  3,  0,  0],
       [ 1,  9,  0,  0],
       [ 0,  0,  9,  1],
       [ 0,  0,  4, 10]]), array([[ 9,  2,  0,  0],
       [ 2,  8,  0,  0],
       [ 0,  0,  8,  1],
       [ 0,  1,  3, 11]]), array([[7, 3, 1, 0],
       [1, 6, 0, 2],
       [0, 0, 9, 1],
       [1, 2, 3, 9]]), array([[10,  1,  0,  0],
       [ 3,  5,  0,  1],
       [ 0,  0,  8,  2],
       [ 0,  0,  3, 12]]), array([[ 9,  2,  0,  0],
       [ 4,  5,  0,  0],
       [ 0,  0, 10,  0],
       [ 0,  0,  7,  8]]), array([[10,  1,  0,  0],
       [ 3,  6,  0,  0],
       [ 1,  0,  9,  0],
       [ 0,  0,  5, 10]])]"
12,"[1.0, 1.0, 1.0, 1.0, 1.0, 1.0, 1.0, 1.0, 1.0, 1.0]","[1.0, 1.0, 1.0, 1.0, 1.0, 1.0, 1.0, 1.0, 1.0, 1.0]","[1.0, 1.0, 1.0, 1.0, 1.0, 1.0, 1.0, 1.0, 1.0, 1.0]","[1.0, 1.0, 1.0, 1.0, 1.0, 1.0, 1.0, 1.0, 1.0, 1.0]","[1.0, 1.0, 1.0, 1.0, 1.0, 1.0, 1.0, 1.0, 1.0, 1.0]","[1.0, 1.0, 1.0, 1.0, 1.0, 1.0, 1.0, 1.0, 1.0, 1.0]","[1.0, 1.0, 1.0, 1.0, 1.0, 1.0, 1.0, 1.0, 1.0, 1.0]","[1.0, 1.0, 1.0, 1.0, 1.0, 1.0, 1.0, 1.0, 1.0, 1.0]","[1.0, 1.0, 1.0, 1.0, 1.0, 1.0, 1.0, 1.0, 1.0, 1.0]","[1.0, 1.0, 1.0, 1.0, 1.0, 1.0, 1.0, 1.0, 1.0, 1.0]","[array([[134,   0,   0,   0],
       [  0, 134,   0,   0],
       [  0,   0, 134,   0],
       [  0,   0,   0, 134]]), array([[134,   0,   0,   0],
       [  0, 134,   0,   0],
       [  0,   0, 134,   0],
       [  0,   0,   0, 134]]), array([[134,   0,   0,   0],
       [  0, 134,   0,   0],
       [  0,   0, 134,   0],
       [  0,   0,   0, 134]]), array([[134,   0,   0,   0],
       [  0, 134,   0,   0],
       [  0,   0, 134,   0],
       [  0,   0,   0, 134]]), array([[135,   0,   0,   0],
       [  0, 135,   0,   0],
       [  0,   0, 135,   0],
       [  0,   0,   0, 135]]), array([[134,   0,   0,   0],
       [  0, 134,   0,   0],
       [  0,   0, 134,   0],
       [  0,   0,   0, 134]]), array([[134,   0,   0,   0],
       [  0, 134,   0,   0],
       [  0,   0, 134,   0],
       [  0,   0,   0, 134]]), array([[134,   0,   0,   0],
       [  0, 134,   0,   0],
       [  0,   0, 134,   0],
       [  0,   0,   0, 134]]), array([[134,   0,   0,   0],
       [  0, 134,   0,   0],
       [  0,   0, 134,   0],
       [  0,   0,   0, 134]]), array([[134,   0,   0,   0],
       [  0, 134,   0,   0],
       [  0,   0, 134,   0],
       [  0,   0,   0, 134]])]","[0.7608695652173914, 0.8695652173913043, 0.782608695652174, 0.8478260869565217, 0.7777777777777778, 0.8666666666666667, 0.7111111111111111, 0.8222222222222222, 0.7777777777777778, 0.8]","[0.7608695652173914, 0.8695652173913043, 0.782608695652174, 0.8478260869565217, 0.7777777777777778, 0.8666666666666667, 0.7111111111111111, 0.8222222222222222, 0.7777777777777778, 0.8]","[0.7608695652173914, 0.8695652173913043, 0.782608695652174, 0.8478260869565217, 0.7777777777777778, 0.8666666666666667, 0.7111111111111111, 0.8222222222222222, 0.7777777777777778, 0.8]","[0.7608695652173914, 0.8695652173913043, 0.782608695652174, 0.8478260869565217, 0.7777777777777778, 0.8666666666666667, 0.7111111111111111, 0.8222222222222222, 0.7777777777777778, 0.8]","[0.7886904761904763, 0.880952380952381, 0.7847222222222221, 0.8501602564102564, 0.7734848484848484, 0.8728146853146854, 0.7051282051282051, 0.8461538461538461, 0.8019480519480519, 0.8083791208791209]","[0.7583333333333332, 0.861111111111111, 0.7795454545454545, 0.8522727272727273, 0.7782467532467532, 0.8795454545454546, 0.7073232323232322, 0.825, 0.7749999999999999, 0.7994949494949495]","[0.7622739329635881, 0.8661858974358975, 0.7811784897025171, 0.8443362193362194, 0.772902097902098, 0.8678571428571429, 0.6950569358178054, 0.8212474120082816, 0.7763218390804598, 0.7870370370370371]","[0.7789855072463768, 0.8757763975155279, 0.7856280193236714, 0.8563266443701226, 0.7851851851851851, 0.883954933954934, 0.7128205128205128, 0.8427350427350426, 0.7953823953823953, 0.818986568986569]","[0.7608695652173914, 0.8695652173913043, 0.782608695652174, 0.8478260869565217, 0.7777777777777778, 0.8666666666666667, 0.7111111111111111, 0.8222222222222222, 0.7777777777777778, 0.8]","[0.7605518918862246, 0.8685200668896321, 0.7832553974728882, 0.845489052010791, 0.7783993783993783, 0.8676190476190475, 0.702008281573499, 0.8198918794570969, 0.7761328224776501, 0.7938271604938272]","[array([[12,  0,  0,  0],
       [ 2,  6,  0,  1],
       [ 0,  0,  7,  3],
       [ 0,  0,  5, 10]]), array([[12,  0,  0,  0],
       [ 2,  7,  0,  0],
       [ 0,  0,  8,  2],
       [ 0,  0,  2, 13]]), array([[ 9,  2,  0,  0],
       [ 2,  7,  0,  1],
       [ 0,  0,  8,  2],
       [ 1,  1,  1, 12]]), array([[10,  1,  0,  0],
       [ 2,  7,  0,  1],
       [ 0,  0, 10,  0],
       [ 1,  0,  2, 12]]), array([[ 8,  3,  0,  0],
       [ 3,  7,  0,  0],
       [ 0,  0,  9,  1],
       [ 0,  0,  3, 11]]), array([[ 9,  2,  0,  0],
       [ 0,  9,  0,  1],
       [ 0,  0,  9,  0],
       [ 0,  0,  3, 12]]), array([[ 9,  1,  1,  0],
       [ 3,  4,  0,  2],
       [ 0,  0,  9,  1],
       [ 1,  1,  3, 10]]), array([[11,  0,  0,  0],
       [ 2,  6,  0,  1],
       [ 0,  0,  9,  1],
       [ 0,  0,  4, 11]]), array([[11,  0,  0,  0],
       [ 3,  6,  0,  0],
       [ 0,  0,  7,  3],
       [ 0,  0,  4, 11]]), array([[10,  1,  0,  0],
       [ 3,  5,  0,  1],
       [ 0,  0, 10,  0],
       [ 0,  0,  4, 11]])]"
13,"[1.0, 1.0, 1.0, 1.0, 1.0, 1.0, 1.0, 1.0, 1.0, 1.0]","[1.0, 1.0, 1.0, 1.0, 1.0, 1.0, 1.0, 1.0, 1.0, 1.0]","[1.0, 1.0, 1.0, 1.0, 1.0, 1.0, 1.0, 1.0, 1.0, 1.0]","[1.0, 1.0, 1.0, 1.0, 1.0, 1.0, 1.0, 1.0, 1.0, 1.0]","[1.0, 1.0, 1.0, 1.0, 1.0, 1.0, 1.0, 1.0, 1.0, 1.0]","[1.0, 1.0, 1.0, 1.0, 1.0, 1.0, 1.0, 1.0, 1.0, 1.0]","[1.0, 1.0, 1.0, 1.0, 1.0, 1.0, 1.0, 1.0, 1.0, 1.0]","[1.0, 1.0, 1.0, 1.0, 1.0, 1.0, 1.0, 1.0, 1.0, 1.0]","[1.0, 1.0, 1.0, 1.0, 1.0, 1.0, 1.0, 1.0, 1.0, 1.0]","[1.0, 1.0, 1.0, 1.0, 1.0, 1.0, 1.0, 1.0, 1.0, 1.0]","[array([[134,   0,   0,   0],
       [  0, 134,   0,   0],
       [  0,   0, 134,   0],
       [  0,   0,   0, 134]]), array([[134,   0,   0,   0],
       [  0, 134,   0,   0],
       [  0,   0, 134,   0],
       [  0,   0,   0, 134]]), array([[134,   0,   0,   0],
       [  0, 134,   0,   0],
       [  0,   0, 134,   0],
       [  0,   0,   0, 134]]), array([[134,   0,   0,   0],
       [  0, 134,   0,   0],
       [  0,   0, 134,   0],
       [  0,   0,   0, 134]]), array([[135,   0,   0,   0],
       [  0, 135,   0,   0],
       [  0,   0, 135,   0],
       [  0,   0,   0, 135]]), array([[134,   0,   0,   0],
       [  0, 134,   0,   0],
       [  0,   0, 134,   0],
       [  0,   0,   0, 134]]), array([[134,   0,   0,   0],
       [  0, 134,   0,   0],
       [  0,   0, 134,   0],
       [  0,   0,   0, 134]]), array([[134,   0,   0,   0],
       [  0, 134,   0,   0],
       [  0,   0, 134,   0],
       [  0,   0,   0, 134]]), array([[134,   0,   0,   0],
       [  0, 134,   0,   0],
       [  0,   0, 134,   0],
       [  0,   0,   0, 134]]), array([[134,   0,   0,   0],
       [  0, 134,   0,   0],
       [  0,   0, 134,   0],
       [  0,   0,   0, 134]])]","[0.782608695652174, 0.8478260869565217, 0.782608695652174, 0.8043478260869565, 0.7555555555555555, 0.8222222222222222, 0.6888888888888889, 0.8444444444444444, 0.7111111111111111, 0.7333333333333333]","[0.782608695652174, 0.8478260869565217, 0.782608695652174, 0.8043478260869565, 0.7555555555555555, 0.8222222222222222, 0.6888888888888889, 0.8444444444444444, 0.7111111111111111, 0.7333333333333333]","[0.782608695652174, 0.8478260869565217, 0.782608695652174, 0.8043478260869565, 0.7555555555555555, 0.8222222222222222, 0.6888888888888889, 0.8444444444444444, 0.7111111111111111, 0.7333333333333333]","[0.782608695652174, 0.8478260869565217, 0.782608695652174, 0.8043478260869565, 0.7555555555555555, 0.8222222222222222, 0.6888888888888889, 0.8444444444444444, 0.7111111111111111, 0.7333333333333333]","[0.8051739926739927, 0.8646634615384616, 0.7815268065268066, 0.8104395604395604, 0.7501748251748251, 0.8193181818181817, 0.690521978021978, 0.8637820512820512, 0.7343073593073594, 0.7546536796536797]","[0.7861111111111111, 0.8402777777777778, 0.7840909090909092, 0.8045454545454545, 0.7532467532467533, 0.8328282828282828, 0.6946969696969696, 0.8527777777777777, 0.7161616161616161, 0.730050505050505]","[0.7902547021943573, 0.8484274193548387, 0.7801948051948052, 0.7956476068688345, 0.750998075998076, 0.8210950080515298, 0.6818609022556391, 0.8499611801242236, 0.7064102564102563, 0.7149725274725275]","[0.7961856983596114, 0.8552466555183946, 0.7937569676700111, 0.820114667940755, 0.7581973581973582, 0.8324915824915826, 0.7026007326007326, 0.85997150997151, 0.740981240981241, 0.7688504088504089]","[0.782608695652174, 0.8478260869565217, 0.782608695652174, 0.8043478260869565, 0.7555555555555555, 0.8222222222222222, 0.6888888888888889, 0.8444444444444444, 0.7111111111111111, 0.7333333333333333]","[0.7848579119531144, 0.8481661991584852, 0.7854319593450028, 0.80133953392321, 0.7561434450323339, 0.8219431025228127, 0.6854636591478697, 0.8446342305037957, 0.7078062678062679, 0.7253968253968255]","[array([[12,  0,  0,  0],
       [ 1,  7,  0,  1],
       [ 0,  0,  7,  3],
       [ 0,  0,  5, 10]]), array([[11,  0,  0,  1],
       [ 2,  7,  0,  0],
       [ 0,  0,  8,  2],
       [ 0,  0,  2, 13]]), array([[ 7,  4,  0,  0],
       [ 2,  8,  0,  0],
       [ 0,  0,  9,  1],
       [ 2,  0,  1, 12]]), array([[ 9,  1,  1,  0],
       [ 3,  6,  0,  1],
       [ 0,  0, 10,  0],
       [ 1,  0,  2, 12]]), array([[ 8,  3,  0,  0],
       [ 3,  7,  0,  0],
       [ 0,  0,  8,  2],
       [ 0,  0,  3, 11]]), array([[10,  1,  0,  0],
       [ 2,  8,  0,  0],
       [ 0,  0,  8,  1],
       [ 0,  1,  3, 11]]), array([[ 6,  4,  1,  0],
       [ 1,  6,  0,  2],
       [ 0,  0,  9,  1],
       [ 1,  0,  4, 10]]), array([[11,  0,  0,  0],
       [ 1,  7,  0,  1],
       [ 0,  0,  9,  1],
       [ 0,  0,  4, 11]]), array([[10,  1,  0,  0],
       [ 4,  5,  0,  0],
       [ 0,  0,  8,  2],
       [ 0,  0,  6,  9]]), array([[10,  1,  0,  0],
       [ 4,  4,  0,  1],
       [ 1,  0,  9,  0],
       [ 0,  0,  5, 10]])]"
14,"[1.0, 1.0, 1.0, 1.0, 1.0, 1.0, 1.0, 1.0, 1.0, 1.0]","[1.0, 1.0, 1.0, 1.0, 1.0, 1.0, 1.0, 1.0, 1.0, 1.0]","[1.0, 1.0, 1.0, 1.0, 1.0, 1.0, 1.0, 1.0, 1.0, 1.0]","[1.0, 1.0, 1.0, 1.0, 1.0, 1.0, 1.0, 1.0, 1.0, 1.0]","[1.0, 1.0, 1.0, 1.0, 1.0, 1.0, 1.0, 1.0, 1.0, 1.0]","[1.0, 1.0, 1.0, 1.0, 1.0, 1.0, 1.0, 1.0, 1.0, 1.0]","[1.0, 1.0, 1.0, 1.0, 1.0, 1.0, 1.0, 1.0, 1.0, 1.0]","[1.0, 1.0, 1.0, 1.0, 1.0, 1.0, 1.0, 1.0, 1.0, 1.0]","[1.0, 1.0, 1.0, 1.0, 1.0, 1.0, 1.0, 1.0, 1.0, 1.0]","[1.0, 1.0, 1.0, 1.0, 1.0, 1.0, 1.0, 1.0, 1.0, 1.0]","[array([[134,   0,   0,   0],
       [  0, 134,   0,   0],
       [  0,   0, 134,   0],
       [  0,   0,   0, 134]]), array([[134,   0,   0,   0],
       [  0, 134,   0,   0],
       [  0,   0, 134,   0],
       [  0,   0,   0, 134]]), array([[134,   0,   0,   0],
       [  0, 134,   0,   0],
       [  0,   0, 134,   0],
       [  0,   0,   0, 134]]), array([[134,   0,   0,   0],
       [  0, 134,   0,   0],
       [  0,   0, 134,   0],
       [  0,   0,   0, 134]]), array([[135,   0,   0,   0],
       [  0, 135,   0,   0],
       [  0,   0, 135,   0],
       [  0,   0,   0, 135]]), array([[134,   0,   0,   0],
       [  0, 134,   0,   0],
       [  0,   0, 134,   0],
       [  0,   0,   0, 134]]), array([[134,   0,   0,   0],
       [  0, 134,   0,   0],
       [  0,   0, 134,   0],
       [  0,   0,   0, 134]]), array([[134,   0,   0,   0],
       [  0, 134,   0,   0],
       [  0,   0, 134,   0],
       [  0,   0,   0, 134]]), array([[134,   0,   0,   0],
       [  0, 134,   0,   0],
       [  0,   0, 134,   0],
       [  0,   0,   0, 134]]), array([[134,   0,   0,   0],
       [  0, 134,   0,   0],
       [  0,   0, 134,   0],
       [  0,   0,   0, 134]])]","[0.782608695652174, 0.8478260869565217, 0.8260869565217391, 0.782608695652174, 0.7555555555555555, 0.8, 0.6888888888888889, 0.8888888888888888, 0.6888888888888889, 0.8444444444444444]","[0.782608695652174, 0.8478260869565217, 0.8260869565217391, 0.782608695652174, 0.7555555555555555, 0.8, 0.6888888888888889, 0.8888888888888888, 0.6888888888888889, 0.8444444444444444]","[0.782608695652174, 0.8478260869565217, 0.8260869565217391, 0.782608695652174, 0.7555555555555555, 0.8, 0.6888888888888889, 0.8888888888888888, 0.6888888888888889, 0.8444444444444444]","[0.782608695652174, 0.8478260869565217, 0.8260869565217391, 0.782608695652174, 0.7555555555555555, 0.8, 0.6888888888888889, 0.8888888888888888, 0.6888888888888889, 0.8444444444444444]","[0.8104395604395604, 0.8646634615384616, 0.818939393939394, 0.7794080919080919, 0.7539335664335665, 0.7962121212121211, 0.7089285714285715, 0.9020146520146521, 0.7241071428571428, 0.8692765567765568]","[0.7833333333333333, 0.8402777777777778, 0.8234848484848485, 0.7795454545454545, 0.750974025974026, 0.8128787878787879, 0.6906565656565656, 0.8833333333333333, 0.6883838383838384, 0.85]","[0.7832537028189203, 0.8484274193548387, 0.8191511387163561, 0.7753489326765188, 0.7483465608465608, 0.7975348725348725, 0.6770238095238095, 0.8805773249738768, 0.6747089947089946, 0.8412037037037038]","[0.8038700430004778, 0.8552466555183946, 0.8353096179183135, 0.785964035964036, 0.7607614607614608, 0.8111111111111111, 0.7100000000000001, 0.9015466015466016, 0.7397619047619047, 0.871123321123321]","[0.782608695652174, 0.8478260869565217, 0.8260869565217391, 0.782608695652174, 0.7555555555555555, 0.8, 0.6888888888888889, 0.8888888888888888, 0.6888888888888889, 0.8444444444444444]","[0.7814724028334615, 0.8481661991584852, 0.828359888378792, 0.7804758335118155, 0.754291593180482, 0.7985890652557319, 0.6791746031746031, 0.8849448508069196, 0.6835038212815989, 0.8408641975308642]","[array([[12,  0,  0,  0],
       [ 2,  6,  0,  1],
       [ 0,  0,  8,  2],
       [ 0,  0,  5, 10]]), array([[11,  0,  0,  1],
       [ 2,  7,  0,  0],
       [ 0,  0,  8,  2],
       [ 0,  0,  2, 13]]), array([[ 8,  3,  0,  0],
       [ 3,  7,  0,  0],
       [ 0,  0, 10,  0],
       [ 1,  0,  1, 13]]), array([[ 9,  2,  0,  0],
       [ 3,  6,  0,  1],
       [ 0,  0,  9,  1],
       [ 1,  0,  2, 12]]), array([[ 9,  2,  0,  0],
       [ 4,  6,  0,  0],
       [ 0,  0,  8,  2],
       [ 0,  0,  3, 11]]), array([[ 9,  2,  0,  0],
       [ 2,  7,  0,  1],
       [ 0,  0,  9,  0],
       [ 0,  1,  3, 11]]), array([[9, 1, 1, 0],
       [3, 4, 0, 2],
       [0, 0, 9, 1],
       [2, 0, 4, 9]]), array([[11,  0,  0,  0],
       [ 2,  6,  0,  1],
       [ 0,  0, 10,  0],
       [ 0,  0,  2, 13]]), array([[10,  1,  0,  0],
       [ 5,  4,  0,  0],
       [ 1,  0,  8,  1],
       [ 0,  0,  6,  9]]), array([[11,  0,  0,  0],
       [ 2,  6,  0,  1],
       [ 0,  0, 10,  0],
       [ 0,  0,  4, 11]])]"
15,"[1.0, 1.0, 1.0, 1.0, 1.0, 1.0, 1.0, 1.0, 1.0, 1.0]","[1.0, 1.0, 1.0, 1.0, 1.0, 1.0, 1.0, 1.0, 1.0, 1.0]","[1.0, 1.0, 1.0, 1.0, 1.0, 1.0, 1.0, 1.0, 1.0, 1.0]","[1.0, 1.0, 1.0, 1.0, 1.0, 1.0, 1.0, 1.0, 1.0, 1.0]","[1.0, 1.0, 1.0, 1.0, 1.0, 1.0, 1.0, 1.0, 1.0, 1.0]","[1.0, 1.0, 1.0, 1.0, 1.0, 1.0, 1.0, 1.0, 1.0, 1.0]","[1.0, 1.0, 1.0, 1.0, 1.0, 1.0, 1.0, 1.0, 1.0, 1.0]","[1.0, 1.0, 1.0, 1.0, 1.0, 1.0, 1.0, 1.0, 1.0, 1.0]","[1.0, 1.0, 1.0, 1.0, 1.0, 1.0, 1.0, 1.0, 1.0, 1.0]","[1.0, 1.0, 1.0, 1.0, 1.0, 1.0, 1.0, 1.0, 1.0, 1.0]","[array([[134,   0,   0,   0],
       [  0, 134,   0,   0],
       [  0,   0, 134,   0],
       [  0,   0,   0, 134]]), array([[134,   0,   0,   0],
       [  0, 134,   0,   0],
       [  0,   0, 134,   0],
       [  0,   0,   0, 134]]), array([[134,   0,   0,   0],
       [  0, 134,   0,   0],
       [  0,   0, 134,   0],
       [  0,   0,   0, 134]]), array([[134,   0,   0,   0],
       [  0, 134,   0,   0],
       [  0,   0, 134,   0],
       [  0,   0,   0, 134]]), array([[135,   0,   0,   0],
       [  0, 135,   0,   0],
       [  0,   0, 135,   0],
       [  0,   0,   0, 135]]), array([[134,   0,   0,   0],
       [  0, 134,   0,   0],
       [  0,   0, 134,   0],
       [  0,   0,   0, 134]]), array([[134,   0,   0,   0],
       [  0, 134,   0,   0],
       [  0,   0, 134,   0],
       [  0,   0,   0, 134]]), array([[134,   0,   0,   0],
       [  0, 134,   0,   0],
       [  0,   0, 134,   0],
       [  0,   0,   0, 134]]), array([[134,   0,   0,   0],
       [  0, 134,   0,   0],
       [  0,   0, 134,   0],
       [  0,   0,   0, 134]]), array([[134,   0,   0,   0],
       [  0, 134,   0,   0],
       [  0,   0, 134,   0],
       [  0,   0,   0, 134]])]","[0.7391304347826086, 0.8260869565217391, 0.7608695652173914, 0.8043478260869565, 0.7333333333333333, 0.8666666666666667, 0.7111111111111111, 0.8222222222222222, 0.7777777777777778, 0.8]","[0.7391304347826086, 0.8260869565217391, 0.7608695652173914, 0.8043478260869565, 0.7333333333333333, 0.8666666666666667, 0.7111111111111111, 0.8222222222222222, 0.7777777777777778, 0.8]","[0.7391304347826086, 0.8260869565217391, 0.7608695652173914, 0.8043478260869565, 0.7333333333333333, 0.8666666666666667, 0.7111111111111111, 0.8222222222222222, 0.7777777777777778, 0.8]","[0.7391304347826086, 0.8260869565217391, 0.7608695652173914, 0.8043478260869565, 0.7333333333333333, 0.8666666666666667, 0.7111111111111111, 0.8222222222222222, 0.7777777777777778, 0.8]","[0.7910830999066293, 0.8288690476190477, 0.7521645021645021, 0.7996794871794872, 0.7346611721611721, 0.8693181818181819, 0.7056277056277056, 0.8461538461538461, 0.8035714285714286, 0.85]","[0.7583333333333333, 0.8277777777777777, 0.7568181818181818, 0.8045454545454545, 0.7282467532467533, 0.8856060606060606, 0.7012626262626263, 0.825, 0.7828282828282828, 0.8055555555555555]","[0.7432692307692308, 0.8256576925441023, 0.7529900463302183, 0.7957251082251082, 0.7209161256475835, 0.8673826173826173, 0.6923066875653083, 0.8212474120082816, 0.7666666666666666, 0.7901098901098902]","[0.7879673608573864, 0.8311335403726707, 0.7617165443252398, 0.8107580824972129, 0.7481888481888481, 0.8873737373737374, 0.7158730158730159, 0.8427350427350426, 0.8227513227513228, 0.8607407407407408]","[0.7391304347826086, 0.8260869565217391, 0.7608695652173914, 0.8043478260869565, 0.7333333333333333, 0.8666666666666667, 0.7111111111111111, 0.8222222222222222, 0.7777777777777778, 0.8]","[0.7324693422519509, 0.8262473041554089, 0.759851849165316, 0.8014069264069263, 0.730842823937453, 0.8661782661782662, 0.7039846743295018, 0.8198918794570969, 0.7733333333333333, 0.7941391941391942]","[array([[12,  0,  0,  0],
       [ 2,  6,  0,  1],
       [ 0,  0,  9,  1],
       [ 0,  0,  8,  7]]), array([[10,  1,  0,  1],
       [ 2,  7,  0,  0],
       [ 0,  0,  9,  1],
       [ 0,  0,  3, 12]]), array([[ 8,  3,  0,  0],
       [ 3,  6,  0,  1],
       [ 0,  0,  9,  1],
       [ 1,  0,  2, 12]]), array([[ 9,  2,  0,  0],
       [ 3,  6,  0,  1],
       [ 0,  0, 10,  0],
       [ 1,  0,  2, 12]]), array([[ 8,  2,  1,  0],
       [ 5,  5,  0,  0],
       [ 0,  0,  9,  1],
       [ 0,  0,  3, 11]]), array([[10,  1,  0,  0],
       [ 1,  9,  0,  0],
       [ 0,  0,  9,  0],
       [ 0,  1,  3, 11]]), array([[ 8,  2,  1,  0],
       [ 3,  4,  0,  2],
       [ 0,  0,  9,  1],
       [ 0,  0,  4, 11]]), array([[11,  0,  0,  0],
       [ 2,  6,  0,  1],
       [ 0,  0,  9,  1],
       [ 0,  0,  4, 11]]), array([[10,  1,  0,  0],
       [ 4,  5,  0,  0],
       [ 0,  0, 10,  0],
       [ 0,  0,  5, 10]]), array([[11,  0,  0,  0],
       [ 4,  5,  0,  0],
       [ 0,  0, 10,  0],
       [ 0,  0,  5, 10]])]"
16,"[1.0, 1.0, 1.0, 1.0, 1.0, 1.0, 1.0, 1.0, 1.0, 1.0]","[1.0, 1.0, 1.0, 1.0, 1.0, 1.0, 1.0, 1.0, 1.0, 1.0]","[1.0, 1.0, 1.0, 1.0, 1.0, 1.0, 1.0, 1.0, 1.0, 1.0]","[1.0, 1.0, 1.0, 1.0, 1.0, 1.0, 1.0, 1.0, 1.0, 1.0]","[1.0, 1.0, 1.0, 1.0, 1.0, 1.0, 1.0, 1.0, 1.0, 1.0]","[1.0, 1.0, 1.0, 1.0, 1.0, 1.0, 1.0, 1.0, 1.0, 1.0]","[1.0, 1.0, 1.0, 1.0, 1.0, 1.0, 1.0, 1.0, 1.0, 1.0]","[1.0, 1.0, 1.0, 1.0, 1.0, 1.0, 1.0, 1.0, 1.0, 1.0]","[1.0, 1.0, 1.0, 1.0, 1.0, 1.0, 1.0, 1.0, 1.0, 1.0]","[1.0, 1.0, 1.0, 1.0, 1.0, 1.0, 1.0, 1.0, 1.0, 1.0]","[array([[134,   0,   0,   0],
       [  0, 134,   0,   0],
       [  0,   0, 134,   0],
       [  0,   0,   0, 134]]), array([[134,   0,   0,   0],
       [  0, 134,   0,   0],
       [  0,   0, 134,   0],
       [  0,   0,   0, 134]]), array([[134,   0,   0,   0],
       [  0, 134,   0,   0],
       [  0,   0, 134,   0],
       [  0,   0,   0, 134]]), array([[134,   0,   0,   0],
       [  0, 134,   0,   0],
       [  0,   0, 134,   0],
       [  0,   0,   0, 134]]), array([[135,   0,   0,   0],
       [  0, 135,   0,   0],
       [  0,   0, 135,   0],
       [  0,   0,   0, 135]]), array([[134,   0,   0,   0],
       [  0, 134,   0,   0],
       [  0,   0, 134,   0],
       [  0,   0,   0, 134]]), array([[134,   0,   0,   0],
       [  0, 134,   0,   0],
       [  0,   0, 134,   0],
       [  0,   0,   0, 134]]), array([[134,   0,   0,   0],
       [  0, 134,   0,   0],
       [  0,   0, 134,   0],
       [  0,   0,   0, 134]]), array([[134,   0,   0,   0],
       [  0, 134,   0,   0],
       [  0,   0, 134,   0],
       [  0,   0,   0, 134]]), array([[134,   0,   0,   0],
       [  0, 134,   0,   0],
       [  0,   0, 134,   0],
       [  0,   0,   0, 134]])]","[0.782608695652174, 0.8695652173913043, 0.8478260869565217, 0.8478260869565217, 0.7777777777777778, 0.7777777777777778, 0.7333333333333333, 0.8222222222222222, 0.8, 0.8222222222222222]","[0.782608695652174, 0.8695652173913043, 0.8478260869565217, 0.8478260869565217, 0.7777777777777778, 0.7777777777777778, 0.7333333333333333, 0.8222222222222222, 0.8, 0.8222222222222222]","[0.782608695652174, 0.8695652173913043, 0.8478260869565217, 0.8478260869565217, 0.7777777777777778, 0.7777777777777778, 0.7333333333333333, 0.8222222222222222, 0.8, 0.8222222222222222]","[0.782608695652174, 0.8695652173913043, 0.8478260869565217, 0.8478260869565217, 0.7777777777777778, 0.7777777777777778, 0.7333333333333333, 0.8222222222222222, 0.8, 0.8222222222222222]","[0.8188311688311689, 0.8866883116883117, 0.8465909090909091, 0.8690476190476191, 0.7896825396825397, 0.7803030303030303, 0.7347027972027972, 0.8303571428571428, 0.8232600732600732, 0.8564102564102565]","[0.7916666666666666, 0.8583333333333333, 0.8568181818181819, 0.8439393939393939, 0.7876623376623377, 0.7934343434343434, 0.7401515151515151, 0.8272727272727273, 0.8106060606060606, 0.8111111111111111]","[0.7838461538461539, 0.8606458675424192, 0.8466810966810966, 0.83891065830721, 0.7734848484848486, 0.7778055278055278, 0.732512372537948, 0.8169283413848631, 0.7958333333333334, 0.7970616340181558]","[0.8164878599661208, 0.8850084697910785, 0.8606719367588933, 0.8721532091097309, 0.8081128747795415, 0.7979797979797979, 0.738034188034188, 0.8394179894179893, 0.8409442409442409, 0.857891737891738]","[0.782608695652174, 0.8695652173913043, 0.8478260869565217, 0.8478260869565217, 0.7777777777777778, 0.7777777777777778, 0.7333333333333333, 0.8222222222222222, 0.8, 0.8222222222222222]","[0.7795986622073577, 0.8670950239166132, 0.8486730660643703, 0.8443301076734361, 0.7771717171717171, 0.7781033781033782, 0.730962529939512, 0.8193505099302201, 0.7981481481481483, 0.808865530604661]","[array([[12,  0,  0,  0],
       [ 2,  6,  0,  1],
       [ 0,  0,  9,  1],
       [ 0,  0,  6,  9]]), array([[12,  0,  0,  0],
       [ 3,  6,  0,  0],
       [ 0,  0,  9,  1],
       [ 0,  0,  2, 13]]), array([[ 8,  3,  0,  0],
       [ 1,  9,  0,  0],
       [ 0,  0, 10,  0],
       [ 2,  0,  1, 12]]), array([[10,  0,  1,  0],
       [ 3,  6,  0,  1],
       [ 0,  0, 10,  0],
       [ 1,  0,  1, 13]]), array([[ 7,  4,  0,  0],
       [ 2,  8,  0,  0],
       [ 0,  0, 10,  0],
       [ 0,  0,  4, 10]]), array([[ 9,  2,  0,  0],
       [ 2,  8,  0,  0],
       [ 0,  0,  8,  1],
       [ 0,  1,  4, 10]]), array([[ 8,  2,  1,  0],
       [ 1,  6,  0,  2],
       [ 0,  0,  9,  1],
       [ 2,  0,  3, 10]]), array([[10,  1,  0,  0],
       [ 2,  6,  0,  1],
       [ 0,  0, 10,  0],
       [ 0,  0,  4, 11]]), array([[10,  1,  0,  0],
       [ 3,  6,  0,  0],
       [ 0,  0, 10,  0],
       [ 0,  0,  5, 10]]), array([[11,  0,  0,  0],
       [ 4,  4,  0,  1],
       [ 0,  0, 10,  0],
       [ 0,  0,  3, 12]])]"
17,"[1.0, 1.0, 1.0, 1.0, 1.0, 1.0, 1.0, 1.0, 1.0, 1.0]","[1.0, 1.0, 1.0, 1.0, 1.0, 1.0, 1.0, 1.0, 1.0, 1.0]","[1.0, 1.0, 1.0, 1.0, 1.0, 1.0, 1.0, 1.0, 1.0, 1.0]","[1.0, 1.0, 1.0, 1.0, 1.0, 1.0, 1.0, 1.0, 1.0, 1.0]","[1.0, 1.0, 1.0, 1.0, 1.0, 1.0, 1.0, 1.0, 1.0, 1.0]","[1.0, 1.0, 1.0, 1.0, 1.0, 1.0, 1.0, 1.0, 1.0, 1.0]","[1.0, 1.0, 1.0, 1.0, 1.0, 1.0, 1.0, 1.0, 1.0, 1.0]","[1.0, 1.0, 1.0, 1.0, 1.0, 1.0, 1.0, 1.0, 1.0, 1.0]","[1.0, 1.0, 1.0, 1.0, 1.0, 1.0, 1.0, 1.0, 1.0, 1.0]","[1.0, 1.0, 1.0, 1.0, 1.0, 1.0, 1.0, 1.0, 1.0, 1.0]","[array([[134,   0,   0,   0],
       [  0, 134,   0,   0],
       [  0,   0, 134,   0],
       [  0,   0,   0, 134]]), array([[134,   0,   0,   0],
       [  0, 134,   0,   0],
       [  0,   0, 134,   0],
       [  0,   0,   0, 134]]), array([[134,   0,   0,   0],
       [  0, 134,   0,   0],
       [  0,   0, 134,   0],
       [  0,   0,   0, 134]]), array([[134,   0,   0,   0],
       [  0, 134,   0,   0],
       [  0,   0, 134,   0],
       [  0,   0,   0, 134]]), array([[135,   0,   0,   0],
       [  0, 135,   0,   0],
       [  0,   0, 135,   0],
       [  0,   0,   0, 135]]), array([[134,   0,   0,   0],
       [  0, 134,   0,   0],
       [  0,   0, 134,   0],
       [  0,   0,   0, 134]]), array([[134,   0,   0,   0],
       [  0, 134,   0,   0],
       [  0,   0, 134,   0],
       [  0,   0,   0, 134]]), array([[134,   0,   0,   0],
       [  0, 134,   0,   0],
       [  0,   0, 134,   0],
       [  0,   0,   0, 134]]), array([[134,   0,   0,   0],
       [  0, 134,   0,   0],
       [  0,   0, 134,   0],
       [  0,   0,   0, 134]]), array([[134,   0,   0,   0],
       [  0, 134,   0,   0],
       [  0,   0, 134,   0],
       [  0,   0,   0, 134]])]","[0.7391304347826086, 0.8478260869565217, 0.8043478260869565, 0.782608695652174, 0.7777777777777778, 0.8222222222222222, 0.7111111111111111, 0.8444444444444444, 0.7555555555555555, 0.8]","[0.7391304347826086, 0.8478260869565217, 0.8043478260869565, 0.782608695652174, 0.7777777777777778, 0.8222222222222222, 0.7111111111111111, 0.8444444444444444, 0.7555555555555555, 0.8]","[0.7391304347826086, 0.8478260869565217, 0.8043478260869565, 0.782608695652174, 0.7777777777777778, 0.8222222222222222, 0.7111111111111111, 0.8444444444444444, 0.7555555555555555, 0.8]","[0.7391304347826086, 0.8478260869565217, 0.8043478260869565, 0.782608695652174, 0.7777777777777778, 0.8222222222222222, 0.7111111111111111, 0.8444444444444444, 0.7555555555555555, 0.8]","[0.7803571428571429, 0.8633241758241759, 0.8025252525252525, 0.7891483516483516, 0.7785062160062161, 0.8238636363636364, 0.7028388278388278, 0.8633241758241759, 0.7931547619047619, 0.8381410256410255]","[0.7388888888888889, 0.8486111111111112, 0.7984848484848485, 0.7795454545454545, 0.7782467532467532, 0.8378787878787879, 0.7012626262626263, 0.8416666666666666, 0.7661616161616162, 0.7994949494949495]","[0.7341269841269841, 0.8501920062695925, 0.7994873547505127, 0.7754125945048866, 0.7732193435854763, 0.8208458208458209, 0.6925537231384307, 0.8406086729362592, 0.746474358974359, 0.7906084656084656]","[0.773136645962733, 0.8589345437171524, 0.8078612209046993, 0.7944338270425227, 0.7896486229819563, 0.844949494949495, 0.712047212047212, 0.8592185592185592, 0.8134920634920636, 0.8417378917378916]","[0.7391304347826086, 0.8478260869565217, 0.8043478260869565, 0.782608695652174, 0.7777777777777778, 0.8222222222222222, 0.7111111111111111, 0.8444444444444444, 0.7555555555555555, 0.8]","[0.7339544513457557, 0.8484915496797056, 0.8052195706657949, 0.7805311916234396, 0.7786813745623814, 0.8227920227920229, 0.7035015825420623, 0.8417543248577731, 0.7498290598290598, 0.7959435626102292]","[array([[12,  0,  0,  0],
       [ 3,  5,  0,  1],
       [ 0,  0,  8,  2],
       [ 0,  0,  6,  9]]), array([[11,  0,  0,  1],
       [ 2,  7,  0,  0],
       [ 0,  0,  9,  1],
       [ 0,  0,  3, 12]]), array([[ 8,  3,  0,  0],
       [ 2,  8,  0,  0],
       [ 0,  0,  8,  2],
       [ 1,  0,  1, 13]]), array([[ 9,  1,  1,  0],
       [ 3,  6,  0,  1],
       [ 0,  0,  9,  1],
       [ 1,  0,  2, 12]]), array([[ 8,  2,  1,  0],
       [ 3,  7,  0,  0],
       [ 0,  0,  9,  1],
       [ 0,  0,  3, 11]]), array([[ 9,  2,  0,  0],
       [ 2,  8,  0,  0],
       [ 0,  0,  9,  0],
       [ 0,  1,  3, 11]]), array([[ 8,  2,  1,  0],
       [ 3,  4,  0,  2],
       [ 0,  0,  9,  1],
       [ 1,  0,  3, 11]]), array([[11,  0,  0,  0],
       [ 2,  6,  0,  1],
       [ 0,  0,  9,  1],
       [ 0,  0,  3, 12]]), array([[10,  1,  0,  0],
       [ 4,  5,  0,  0],
       [ 0,  0, 10,  0],
       [ 0,  0,  6,  9]]), array([[10,  0,  1,  0],
       [ 3,  5,  0,  1],
       [ 0,  0, 10,  0],
       [ 0,  0,  4, 11]])]"
18,"[1.0, 1.0, 1.0, 1.0, 1.0, 1.0, 1.0, 1.0, 1.0, 1.0]","[1.0, 1.0, 1.0, 1.0, 1.0, 1.0, 1.0, 1.0, 1.0, 1.0]","[1.0, 1.0, 1.0, 1.0, 1.0, 1.0, 1.0, 1.0, 1.0, 1.0]","[1.0, 1.0, 1.0, 1.0, 1.0, 1.0, 1.0, 1.0, 1.0, 1.0]","[1.0, 1.0, 1.0, 1.0, 1.0, 1.0, 1.0, 1.0, 1.0, 1.0]","[1.0, 1.0, 1.0, 1.0, 1.0, 1.0, 1.0, 1.0, 1.0, 1.0]","[1.0, 1.0, 1.0, 1.0, 1.0, 1.0, 1.0, 1.0, 1.0, 1.0]","[1.0, 1.0, 1.0, 1.0, 1.0, 1.0, 1.0, 1.0, 1.0, 1.0]","[1.0, 1.0, 1.0, 1.0, 1.0, 1.0, 1.0, 1.0, 1.0, 1.0]","[1.0, 1.0, 1.0, 1.0, 1.0, 1.0, 1.0, 1.0, 1.0, 1.0]","[array([[134,   0,   0,   0],
       [  0, 134,   0,   0],
       [  0,   0, 134,   0],
       [  0,   0,   0, 134]]), array([[134,   0,   0,   0],
       [  0, 134,   0,   0],
       [  0,   0, 134,   0],
       [  0,   0,   0, 134]]), array([[134,   0,   0,   0],
       [  0, 134,   0,   0],
       [  0,   0, 134,   0],
       [  0,   0,   0, 134]]), array([[134,   0,   0,   0],
       [  0, 134,   0,   0],
       [  0,   0, 134,   0],
       [  0,   0,   0, 134]]), array([[135,   0,   0,   0],
       [  0, 135,   0,   0],
       [  0,   0, 135,   0],
       [  0,   0,   0, 135]]), array([[134,   0,   0,   0],
       [  0, 134,   0,   0],
       [  0,   0, 134,   0],
       [  0,   0,   0, 134]]), array([[134,   0,   0,   0],
       [  0, 134,   0,   0],
       [  0,   0, 134,   0],
       [  0,   0,   0, 134]]), array([[134,   0,   0,   0],
       [  0, 134,   0,   0],
       [  0,   0, 134,   0],
       [  0,   0,   0, 134]]), array([[134,   0,   0,   0],
       [  0, 134,   0,   0],
       [  0,   0, 134,   0],
       [  0,   0,   0, 134]]), array([[134,   0,   0,   0],
       [  0, 134,   0,   0],
       [  0,   0, 134,   0],
       [  0,   0,   0, 134]])]","[0.7391304347826086, 0.8695652173913043, 0.8260869565217391, 0.782608695652174, 0.7333333333333333, 0.7777777777777778, 0.6888888888888889, 0.8222222222222222, 0.7555555555555555, 0.8]","[0.7391304347826086, 0.8695652173913043, 0.8260869565217391, 0.782608695652174, 0.7333333333333333, 0.7777777777777778, 0.6888888888888889, 0.8222222222222222, 0.7555555555555555, 0.8]","[0.7391304347826086, 0.8695652173913043, 0.8260869565217391, 0.782608695652174, 0.7333333333333333, 0.7777777777777778, 0.6888888888888889, 0.8222222222222222, 0.7555555555555555, 0.8]","[0.7391304347826086, 0.8695652173913043, 0.8260869565217391, 0.782608695652174, 0.7333333333333333, 0.7777777777777778, 0.6888888888888889, 0.8222222222222222, 0.7555555555555555, 0.8]","[0.7664491758241758, 0.8683503996003996, 0.8257575757575758, 0.7891483516483516, 0.737987012987013, 0.7855769230769231, 0.6928071928071928, 0.8303571428571428, 0.7683150183150182, 0.8381410256410255]","[0.7541666666666667, 0.8694444444444445, 0.8318181818181818, 0.7795454545454545, 0.7376623376623377, 0.7962121212121211, 0.6873737373737373, 0.8272727272727273, 0.76010101010101, 0.7994949494949495]","[0.7405769230769231, 0.8652230122818358, 0.8247066942719116, 0.7754125945048866, 0.7291666666666667, 0.775197628458498, 0.6843950183998909, 0.8169283413848631, 0.7437499999999999, 0.7906084656084656]","[0.771589823220258, 0.8736670937757893, 0.8412384716732543, 0.7944338270425227, 0.7523520923520923, 0.8106837606837606, 0.6954822954822956, 0.8394179894179893, 0.7935693935693935, 0.8417378917378916]","[0.7391304347826086, 0.8695652173913043, 0.8260869565217391, 0.782608695652174, 0.7333333333333333, 0.7777777777777778, 0.6888888888888889, 0.8222222222222222, 0.7555555555555555, 0.8]","[0.7355016722408027, 0.8677665045951489, 0.8288774867224772, 0.7805311916234396, 0.734074074074074, 0.7771629336846729, 0.6872522072297185, 0.8193505099302201, 0.7527777777777778, 0.7959435626102292]","[array([[11,  1,  0,  0],
       [ 2,  6,  0,  1],
       [ 0,  0,  9,  1],
       [ 0,  0,  7,  8]]), array([[12,  0,  0,  0],
       [ 2,  7,  0,  0],
       [ 0,  0,  9,  1],
       [ 0,  1,  2, 12]]), array([[ 8,  3,  0,  0],
       [ 2,  8,  0,  0],
       [ 0,  0, 10,  0],
       [ 2,  0,  1, 12]]), array([[ 9,  1,  1,  0],
       [ 3,  6,  0,  1],
       [ 0,  0,  9,  1],
       [ 1,  0,  2, 12]]), array([[ 7,  3,  1,  0],
       [ 3,  7,  0,  0],
       [ 0,  0,  9,  1],
       [ 0,  0,  4, 10]]), array([[ 9,  2,  0,  0],
       [ 3,  7,  0,  0],
       [ 0,  0,  9,  0],
       [ 0,  1,  4, 10]]), array([[ 8,  2,  1,  0],
       [ 2,  5,  0,  2],
       [ 0,  0,  8,  2],
       [ 1,  0,  4, 10]]), array([[10,  1,  0,  0],
       [ 2,  6,  0,  1],
       [ 0,  0, 10,  0],
       [ 0,  0,  4, 11]]), array([[ 9,  2,  0,  0],
       [ 4,  5,  0,  0],
       [ 0,  0, 10,  0],
       [ 0,  0,  5, 10]]), array([[10,  0,  1,  0],
       [ 3,  5,  0,  1],
       [ 0,  0, 10,  0],
       [ 0,  0,  4, 11]])]"
19,"[1.0, 1.0, 1.0, 1.0, 1.0, 1.0, 1.0, 1.0, 1.0, 1.0]","[1.0, 1.0, 1.0, 1.0, 1.0, 1.0, 1.0, 1.0, 1.0, 1.0]","[1.0, 1.0, 1.0, 1.0, 1.0, 1.0, 1.0, 1.0, 1.0, 1.0]","[1.0, 1.0, 1.0, 1.0, 1.0, 1.0, 1.0, 1.0, 1.0, 1.0]","[1.0, 1.0, 1.0, 1.0, 1.0, 1.0, 1.0, 1.0, 1.0, 1.0]","[1.0, 1.0, 1.0, 1.0, 1.0, 1.0, 1.0, 1.0, 1.0, 1.0]","[1.0, 1.0, 1.0, 1.0, 1.0, 1.0, 1.0, 1.0, 1.0, 1.0]","[1.0, 1.0, 1.0, 1.0, 1.0, 1.0, 1.0, 1.0, 1.0, 1.0]","[1.0, 1.0, 1.0, 1.0, 1.0, 1.0, 1.0, 1.0, 1.0, 1.0]","[1.0, 1.0, 1.0, 1.0, 1.0, 1.0, 1.0, 1.0, 1.0, 1.0]","[array([[134,   0,   0,   0],
       [  0, 134,   0,   0],
       [  0,   0, 134,   0],
       [  0,   0,   0, 134]]), array([[134,   0,   0,   0],
       [  0, 134,   0,   0],
       [  0,   0, 134,   0],
       [  0,   0,   0, 134]]), array([[134,   0,   0,   0],
       [  0, 134,   0,   0],
       [  0,   0, 134,   0],
       [  0,   0,   0, 134]]), array([[134,   0,   0,   0],
       [  0, 134,   0,   0],
       [  0,   0, 134,   0],
       [  0,   0,   0, 134]]), array([[135,   0,   0,   0],
       [  0, 135,   0,   0],
       [  0,   0, 135,   0],
       [  0,   0,   0, 135]]), array([[134,   0,   0,   0],
       [  0, 134,   0,   0],
       [  0,   0, 134,   0],
       [  0,   0,   0, 134]]), array([[134,   0,   0,   0],
       [  0, 134,   0,   0],
       [  0,   0, 134,   0],
       [  0,   0,   0, 134]]), array([[134,   0,   0,   0],
       [  0, 134,   0,   0],
       [  0,   0, 134,   0],
       [  0,   0,   0, 134]]), array([[134,   0,   0,   0],
       [  0, 134,   0,   0],
       [  0,   0, 134,   0],
       [  0,   0,   0, 134]]), array([[134,   0,   0,   0],
       [  0, 134,   0,   0],
       [  0,   0, 134,   0],
       [  0,   0,   0, 134]])]","[0.7391304347826086, 0.8478260869565217, 0.8043478260869565, 0.8043478260869565, 0.7333333333333333, 0.8666666666666667, 0.7333333333333333, 0.8222222222222222, 0.7333333333333333, 0.8222222222222222]","[0.7391304347826086, 0.8478260869565217, 0.8043478260869565, 0.8043478260869565, 0.7333333333333333, 0.8666666666666667, 0.7333333333333333, 0.8222222222222222, 0.7333333333333333, 0.8222222222222222]","[0.7391304347826086, 0.8478260869565217, 0.8043478260869565, 0.8043478260869565, 0.7333333333333333, 0.8666666666666667, 0.7333333333333333, 0.8222222222222222, 0.7333333333333333, 0.8222222222222222]","[0.7391304347826086, 0.8478260869565217, 0.8043478260869565, 0.8043478260869565, 0.7333333333333333, 0.8666666666666667, 0.7333333333333333, 0.8222222222222222, 0.7333333333333333, 0.8222222222222222]","[0.7664491758241758, 0.8469551282051283, 0.7988095238095239, 0.7958333333333333, 0.7421536796536796, 0.8772435897435897, 0.7405219780219781, 0.8303571428571428, 0.7396353646353646, 0.861904761904762]","[0.7541666666666667, 0.8402777777777778, 0.8007575757575758, 0.7962121212121213, 0.7353896103896104, 0.8916666666666666, 0.7401515151515151, 0.8272727272727273, 0.73510101010101, 0.8222222222222222]","[0.7405769230769231, 0.8425490196078432, 0.7976227795193312, 0.7952135774218154, 0.7280797101449274, 0.8686758893280633, 0.7330182072829132, 0.8169283413848631, 0.7235576923076923, 0.809981684981685]","[0.771589823220258, 0.8484531772575251, 0.8107660455486543, 0.8025362318840579, 0.7553150553150553, 0.8958689458689458, 0.7448229548229548, 0.8394179894179893, 0.7579753579753581, 0.8713227513227513]","[0.7391304347826086, 0.8478260869565217, 0.8043478260869565, 0.8043478260869565, 0.7333333333333333, 0.8666666666666667, 0.7333333333333333, 0.8222222222222222, 0.7333333333333333, 0.8222222222222222]","[0.7355016722408027, 0.8472122762148337, 0.8055290536549906, 0.8027061983882201, 0.7337520128824476, 0.8641194554238031, 0.7321817615935262, 0.8193505099302201, 0.7314102564102565, 0.8169312169312171]","[array([[11,  1,  0,  0],
       [ 2,  6,  0,  1],
       [ 0,  0,  9,  1],
       [ 0,  0,  7,  8]]), array([[11,  1,  0,  0],
       [ 2,  7,  0,  0],
       [ 0,  0,  8,  2],
       [ 0,  0,  2, 13]]), array([[ 7,  4,  0,  0],
       [ 2,  8,  0,  0],
       [ 0,  0,  9,  1],
       [ 1,  0,  1, 13]]), array([[ 9,  2,  0,  0],
       [ 3,  6,  0,  1],
       [ 0,  0,  9,  1],
       [ 0,  1,  1, 13]]), array([[ 8,  2,  1,  0],
       [ 4,  6,  0,  0],
       [ 0,  0,  9,  1],
       [ 0,  0,  4, 10]]), array([[11,  0,  0,  0],
       [ 1,  9,  0,  0],
       [ 0,  0,  9,  0],
       [ 0,  1,  4, 10]]), array([[ 8,  2,  1,  0],
       [ 1,  6,  0,  2],
       [ 0,  0,  9,  1],
       [ 1,  0,  4, 10]]), array([[10,  1,  0,  0],
       [ 2,  6,  0,  1],
       [ 0,  0, 10,  0],
       [ 0,  0,  4, 11]]), array([[ 9,  2,  0,  0],
       [ 4,  5,  0,  0],
       [ 0,  0,  9,  1],
       [ 0,  0,  5, 10]]), array([[11,  0,  0,  0],
       [ 4,  5,  0,  0],
       [ 0,  0, 10,  0],
       [ 0,  0,  4, 11]])]"
20,"[1.0, 1.0, 1.0, 1.0, 1.0, 1.0, 1.0, 1.0, 1.0, 1.0]","[1.0, 1.0, 1.0, 1.0, 1.0, 1.0, 1.0, 1.0, 1.0, 1.0]","[1.0, 1.0, 1.0, 1.0, 1.0, 1.0, 1.0, 1.0, 1.0, 1.0]","[1.0, 1.0, 1.0, 1.0, 1.0, 1.0, 1.0, 1.0, 1.0, 1.0]","[1.0, 1.0, 1.0, 1.0, 1.0, 1.0, 1.0, 1.0, 1.0, 1.0]","[1.0, 1.0, 1.0, 1.0, 1.0, 1.0, 1.0, 1.0, 1.0, 1.0]","[1.0, 1.0, 1.0, 1.0, 1.0, 1.0, 1.0, 1.0, 1.0, 1.0]","[1.0, 1.0, 1.0, 1.0, 1.0, 1.0, 1.0, 1.0, 1.0, 1.0]","[1.0, 1.0, 1.0, 1.0, 1.0, 1.0, 1.0, 1.0, 1.0, 1.0]","[1.0, 1.0, 1.0, 1.0, 1.0, 1.0, 1.0, 1.0, 1.0, 1.0]","[array([[134,   0,   0,   0],
       [  0, 134,   0,   0],
       [  0,   0, 134,   0],
       [  0,   0,   0, 134]]), array([[134,   0,   0,   0],
       [  0, 134,   0,   0],
       [  0,   0, 134,   0],
       [  0,   0,   0, 134]]), array([[134,   0,   0,   0],
       [  0, 134,   0,   0],
       [  0,   0, 134,   0],
       [  0,   0,   0, 134]]), array([[134,   0,   0,   0],
       [  0, 134,   0,   0],
       [  0,   0, 134,   0],
       [  0,   0,   0, 134]]), array([[135,   0,   0,   0],
       [  0, 135,   0,   0],
       [  0,   0, 135,   0],
       [  0,   0,   0, 135]]), array([[134,   0,   0,   0],
       [  0, 134,   0,   0],
       [  0,   0, 134,   0],
       [  0,   0,   0, 134]]), array([[134,   0,   0,   0],
       [  0, 134,   0,   0],
       [  0,   0, 134,   0],
       [  0,   0,   0, 134]]), array([[134,   0,   0,   0],
       [  0, 134,   0,   0],
       [  0,   0, 134,   0],
       [  0,   0,   0, 134]]), array([[134,   0,   0,   0],
       [  0, 134,   0,   0],
       [  0,   0, 134,   0],
       [  0,   0,   0, 134]]), array([[134,   0,   0,   0],
       [  0, 134,   0,   0],
       [  0,   0, 134,   0],
       [  0,   0,   0, 134]])]","[0.782608695652174, 0.8478260869565217, 0.8043478260869565, 0.7391304347826086, 0.7777777777777778, 0.8222222222222222, 0.6666666666666666, 0.8222222222222222, 0.7333333333333333, 0.8222222222222222]","[0.782608695652174, 0.8478260869565217, 0.8043478260869565, 0.7391304347826086, 0.7777777777777778, 0.8222222222222222, 0.6666666666666666, 0.8222222222222222, 0.7333333333333333, 0.8222222222222222]","[0.782608695652174, 0.8478260869565217, 0.8043478260869565, 0.7391304347826086, 0.7777777777777778, 0.8222222222222222, 0.6666666666666666, 0.8222222222222222, 0.7333333333333333, 0.8222222222222222]","[0.782608695652174, 0.8478260869565217, 0.8043478260869565, 0.7391304347826086, 0.7777777777777778, 0.8222222222222222, 0.6666666666666666, 0.8222222222222222, 0.7333333333333333, 0.8222222222222222]","[0.8188311688311689, 0.8785714285714286, 0.798951048951049, 0.7342032967032968, 0.7734848484848484, 0.8193181818181817, 0.6568681318681319, 0.8303571428571428, 0.7619047619047619, 0.8516483516483517]","[0.7916666666666666, 0.861111111111111, 0.8068181818181819, 0.7318181818181819, 0.7782467532467532, 0.8328282828282828, 0.6568181818181817, 0.8272727272727273, 0.7411616161616161, 0.8161616161616161]","[0.7838461538461539, 0.8493055555555555, 0.8008658008658008, 0.7251674964656709, 0.772902097902098, 0.8210950080515298, 0.6398809523809523, 0.8169283413848631, 0.7266666666666666, 0.8095238095238095]","[0.8164878599661208, 0.8857142857142858, 0.8108847674065065, 0.7449832775919731, 0.7851851851851851, 0.8324915824915826, 0.6696947496947497, 0.8394179894179893, 0.7746031746031747, 0.8544566544566543]","[0.782608695652174, 0.8478260869565217, 0.8043478260869565, 0.7391304347826086, 0.7777777777777778, 0.8222222222222222, 0.6666666666666666, 0.8222222222222222, 0.7333333333333333, 0.8222222222222222]","[0.7795986622073577, 0.845108695652174, 0.805383022774327, 0.7350282078212231, 0.7783993783993783, 0.8219431025228127, 0.6534391534391535, 0.8193505099302201, 0.7288888888888888, 0.8174603174603174]","[array([[12,  0,  0,  0],
       [ 2,  6,  0,  1],
       [ 0,  0,  9,  1],
       [ 0,  0,  6,  9]]), array([[12,  0,  0,  0],
       [ 2,  7,  0,  0],
       [ 0,  0, 10,  0],
       [ 1,  0,  4, 10]]), array([[ 8,  3,  0,  0],
       [ 2,  8,  0,  0],
       [ 0,  0,  9,  1],
       [ 1,  0,  2, 12]]), array([[ 8,  2,  1,  0],
       [ 4,  5,  0,  1],
       [ 0,  0,  9,  1],
       [ 1,  0,  2, 12]]), array([[ 8,  3,  0,  0],
       [ 3,  7,  0,  0],
       [ 0,  0,  9,  1],
       [ 0,  0,  3, 11]]), array([[10,  1,  0,  0],
       [ 2,  8,  0,  0],
       [ 0,  0,  8,  1],
       [ 0,  1,  3, 11]]), array([[ 8,  2,  1,  0],
       [ 4,  3,  0,  2],
       [ 0,  0,  9,  1],
       [ 1,  0,  4, 10]]), array([[10,  1,  0,  0],
       [ 2,  6,  0,  1],
       [ 0,  0, 10,  0],
       [ 0,  0,  4, 11]]), array([[10,  1,  0,  0],
       [ 4,  5,  0,  0],
       [ 0,  0,  9,  1],
       [ 0,  0,  6,  9]]), array([[10,  0,  1,  0],
       [ 3,  5,  0,  1],
       [ 0,  0, 10,  0],
       [ 0,  0,  3, 12]])]"
21,"[1.0, 1.0, 1.0, 1.0, 1.0, 1.0, 1.0, 1.0, 1.0, 1.0]","[1.0, 1.0, 1.0, 1.0, 1.0, 1.0, 1.0, 1.0, 1.0, 1.0]","[1.0, 1.0, 1.0, 1.0, 1.0, 1.0, 1.0, 1.0, 1.0, 1.0]","[1.0, 1.0, 1.0, 1.0, 1.0, 1.0, 1.0, 1.0, 1.0, 1.0]","[1.0, 1.0, 1.0, 1.0, 1.0, 1.0, 1.0, 1.0, 1.0, 1.0]","[1.0, 1.0, 1.0, 1.0, 1.0, 1.0, 1.0, 1.0, 1.0, 1.0]","[1.0, 1.0, 1.0, 1.0, 1.0, 1.0, 1.0, 1.0, 1.0, 1.0]","[1.0, 1.0, 1.0, 1.0, 1.0, 1.0, 1.0, 1.0, 1.0, 1.0]","[1.0, 1.0, 1.0, 1.0, 1.0, 1.0, 1.0, 1.0, 1.0, 1.0]","[1.0, 1.0, 1.0, 1.0, 1.0, 1.0, 1.0, 1.0, 1.0, 1.0]","[array([[134,   0,   0,   0],
       [  0, 134,   0,   0],
       [  0,   0, 134,   0],
       [  0,   0,   0, 134]]), array([[134,   0,   0,   0],
       [  0, 134,   0,   0],
       [  0,   0, 134,   0],
       [  0,   0,   0, 134]]), array([[134,   0,   0,   0],
       [  0, 134,   0,   0],
       [  0,   0, 134,   0],
       [  0,   0,   0, 134]]), array([[134,   0,   0,   0],
       [  0, 134,   0,   0],
       [  0,   0, 134,   0],
       [  0,   0,   0, 134]]), array([[135,   0,   0,   0],
       [  0, 135,   0,   0],
       [  0,   0, 135,   0],
       [  0,   0,   0, 135]]), array([[134,   0,   0,   0],
       [  0, 134,   0,   0],
       [  0,   0, 134,   0],
       [  0,   0,   0, 134]]), array([[134,   0,   0,   0],
       [  0, 134,   0,   0],
       [  0,   0, 134,   0],
       [  0,   0,   0, 134]]), array([[134,   0,   0,   0],
       [  0, 134,   0,   0],
       [  0,   0, 134,   0],
       [  0,   0,   0, 134]]), array([[134,   0,   0,   0],
       [  0, 134,   0,   0],
       [  0,   0, 134,   0],
       [  0,   0,   0, 134]]), array([[134,   0,   0,   0],
       [  0, 134,   0,   0],
       [  0,   0, 134,   0],
       [  0,   0,   0, 134]])]","[0.717391304347826, 0.8260869565217391, 0.7608695652173914, 0.8260869565217391, 0.7333333333333333, 0.8222222222222222, 0.7111111111111111, 0.8444444444444444, 0.7555555555555555, 0.7555555555555555]","[0.717391304347826, 0.8260869565217391, 0.7608695652173914, 0.8260869565217391, 0.7333333333333333, 0.8222222222222222, 0.7111111111111111, 0.8444444444444444, 0.7555555555555555, 0.7555555555555555]","[0.717391304347826, 0.8260869565217391, 0.7608695652173914, 0.8260869565217391, 0.7333333333333333, 0.8222222222222222, 0.7111111111111111, 0.8444444444444444, 0.7555555555555555, 0.7555555555555555]","[0.717391304347826, 0.8260869565217391, 0.7608695652173914, 0.8260869565217391, 0.7333333333333333, 0.8222222222222222, 0.7111111111111111, 0.8444444444444444, 0.7555555555555555, 0.7555555555555555]","[0.7678571428571428, 0.8464285714285713, 0.7653540903540904, 0.8497835497835499, 0.7490842490842491, 0.8238636363636364, 0.7148809523809524, 0.8692765567765568, 0.7532051282051282, 0.7773809523809524]","[0.7111111111111111, 0.8236111111111111, 0.7568181818181818, 0.818939393939394, 0.7353896103896105, 0.8378787878787879, 0.7234848484848485, 0.85, 0.7545454545454546, 0.748989898989899]","[0.7014652014652014, 0.8302884615384616, 0.7590895341802782, 0.8184523809523809, 0.7220588235294118, 0.8208458208458209, 0.7113095238095237, 0.8412037037037038, 0.7503695153950909, 0.7343956043956045]","[0.7600931677018634, 0.8354037267080746, 0.7720709242448373, 0.8486730660643704, 0.7684167684167684, 0.844949494949495, 0.7217460317460317, 0.871123321123321, 0.7635327635327636, 0.7986243386243386]","[0.717391304347826, 0.8260869565217391, 0.7608695652173914, 0.8260869565217391, 0.7333333333333333, 0.8222222222222222, 0.7111111111111111, 0.8444444444444444, 0.7555555555555555, 0.7555555555555555]","[0.7063226628444019, 0.8267140468227424, 0.7645256319208817, 0.8232919254658385, 0.730718954248366, 0.8227920227920229, 0.7084656084656085, 0.8408641975308642, 0.7560017419352457, 0.7501147741147741]","[array([[12,  0,  0,  0],
       [ 4,  4,  0,  1],
       [ 0,  0,  8,  2],
       [ 0,  0,  6,  9]]), array([[11,  0,  0,  1],
       [ 2,  7,  0,  0],
       [ 0,  0,  8,  2],
       [ 1,  0,  2, 12]]), array([[ 8,  3,  0,  0],
       [ 3,  7,  0,  0],
       [ 0,  0,  8,  2],
       [ 2,  0,  1, 12]]), array([[10,  0,  1,  0],
       [ 3,  6,  0,  1],
       [ 0,  0,  9,  1],
       [ 1,  0,  1, 13]]), array([[ 8,  2,  1,  0],
       [ 5,  5,  0,  0],
       [ 0,  0, 10,  0],
       [ 0,  0,  4, 10]]), array([[ 9,  2,  0,  0],
       [ 2,  8,  0,  0],
       [ 0,  0,  9,  0],
       [ 0,  1,  3, 11]]), array([[8, 2, 1, 0],
       [1, 6, 0, 2],
       [0, 0, 9, 1],
       [1, 1, 4, 9]]), array([[11,  0,  0,  0],
       [ 2,  6,  0,  1],
       [ 0,  0, 10,  0],
       [ 0,  0,  4, 11]]), array([[ 9,  2,  0,  0],
       [ 3,  6,  0,  0],
       [ 0,  0,  8,  2],
       [ 0,  0,  4, 11]]), array([[ 9,  1,  1,  0],
       [ 5,  4,  0,  0],
       [ 0,  0, 10,  0],
       [ 0,  0,  4, 11]])]"
22,"[1.0, 1.0, 1.0, 1.0, 1.0, 1.0, 1.0, 1.0, 1.0, 1.0]","[1.0, 1.0, 1.0, 1.0, 1.0, 1.0, 1.0, 1.0, 1.0, 1.0]","[1.0, 1.0, 1.0, 1.0, 1.0, 1.0, 1.0, 1.0, 1.0, 1.0]","[1.0, 1.0, 1.0, 1.0, 1.0, 1.0, 1.0, 1.0, 1.0, 1.0]","[1.0, 1.0, 1.0, 1.0, 1.0, 1.0, 1.0, 1.0, 1.0, 1.0]","[1.0, 1.0, 1.0, 1.0, 1.0, 1.0, 1.0, 1.0, 1.0, 1.0]","[1.0, 1.0, 1.0, 1.0, 1.0, 1.0, 1.0, 1.0, 1.0, 1.0]","[1.0, 1.0, 1.0, 1.0, 1.0, 1.0, 1.0, 1.0, 1.0, 1.0]","[1.0, 1.0, 1.0, 1.0, 1.0, 1.0, 1.0, 1.0, 1.0, 1.0]","[1.0, 1.0, 1.0, 1.0, 1.0, 1.0, 1.0, 1.0, 1.0, 1.0]","[array([[134,   0,   0,   0],
       [  0, 134,   0,   0],
       [  0,   0, 134,   0],
       [  0,   0,   0, 134]]), array([[134,   0,   0,   0],
       [  0, 134,   0,   0],
       [  0,   0, 134,   0],
       [  0,   0,   0, 134]]), array([[134,   0,   0,   0],
       [  0, 134,   0,   0],
       [  0,   0, 134,   0],
       [  0,   0,   0, 134]]), array([[134,   0,   0,   0],
       [  0, 134,   0,   0],
       [  0,   0, 134,   0],
       [  0,   0,   0, 134]]), array([[135,   0,   0,   0],
       [  0, 135,   0,   0],
       [  0,   0, 135,   0],
       [  0,   0,   0, 135]]), array([[134,   0,   0,   0],
       [  0, 134,   0,   0],
       [  0,   0, 134,   0],
       [  0,   0,   0, 134]]), array([[134,   0,   0,   0],
       [  0, 134,   0,   0],
       [  0,   0, 134,   0],
       [  0,   0,   0, 134]]), array([[134,   0,   0,   0],
       [  0, 134,   0,   0],
       [  0,   0, 134,   0],
       [  0,   0,   0, 134]]), array([[134,   0,   0,   0],
       [  0, 134,   0,   0],
       [  0,   0, 134,   0],
       [  0,   0,   0, 134]]), array([[134,   0,   0,   0],
       [  0, 134,   0,   0],
       [  0,   0, 134,   0],
       [  0,   0,   0, 134]])]","[0.717391304347826, 0.8478260869565217, 0.8043478260869565, 0.8043478260869565, 0.7777777777777778, 0.8444444444444444, 0.7111111111111111, 0.8222222222222222, 0.6888888888888889, 0.8]","[0.717391304347826, 0.8478260869565217, 0.8043478260869565, 0.8043478260869565, 0.7777777777777778, 0.8444444444444444, 0.7111111111111111, 0.8222222222222222, 0.6888888888888889, 0.8]","[0.717391304347826, 0.8478260869565217, 0.8043478260869565, 0.8043478260869565, 0.7777777777777778, 0.8444444444444444, 0.7111111111111111, 0.8222222222222222, 0.6888888888888889, 0.8]","[0.717391304347826, 0.8478260869565217, 0.8043478260869565, 0.8043478260869565, 0.7777777777777778, 0.8444444444444444, 0.7111111111111111, 0.8222222222222222, 0.6888888888888889, 0.8]","[0.776797385620915, 0.8682692307692308, 0.8064102564102564, 0.7974747474747476, 0.7853896103896104, 0.8458333333333333, 0.7106227106227105, 0.8554778554778555, 0.7244397759103641, 0.8184523809523809]","[0.7305555555555556, 0.8416666666666666, 0.8007575757575758, 0.7984848484848485, 0.7853896103896104, 0.8606060606060606, 0.7123737373737373, 0.8333333333333333, 0.6989898989898989, 0.8045454545454546]","[0.7132936507936508, 0.841053391053391, 0.7978451563691838, 0.7969810890863522, 0.7734848484848486, 0.843215480172002, 0.7043866459627329, 0.8214743589743589, 0.6724315619967793, 0.794690635451505]","[0.7730605285592498, 0.8683946488294315, 0.8123374210330733, 0.8034694773825208, 0.8031746031746031, 0.8648148148148149, 0.7160765160765161, 0.8580160580160578, 0.7545284780578899, 0.8362433862433862]","[0.717391304347826, 0.8478260869565217, 0.8043478260869565, 0.8043478260869565, 0.7777777777777778, 0.8444444444444444, 0.7111111111111111, 0.8222222222222222, 0.6888888888888889, 0.8]","[0.7067805383022774, 0.8457745153397326, 0.8031986866978409, 0.8030402092186989, 0.7777777777777778, 0.8438180177310611, 0.707056590752243, 0.8182621082621082, 0.6791597781356234, 0.8011334076551468]","[array([[12,  0,  0,  0],
       [ 3,  5,  0,  1],
       [ 0,  0,  9,  1],
       [ 0,  0,  8,  7]]), array([[12,  0,  0,  0],
       [ 3,  6,  0,  0],
       [ 0,  0,  9,  1],
       [ 0,  0,  3, 12]]), array([[ 7,  4,  0,  0],
       [ 1,  9,  0,  0],
       [ 0,  0,  8,  2],
       [ 1,  0,  1, 13]]), array([[ 8,  2,  1,  0],
       [ 2,  7,  0,  1],
       [ 0,  0,  9,  1],
       [ 1,  0,  1, 13]]), array([[ 8,  3,  0,  0],
       [ 3,  7,  0,  0],
       [ 0,  0, 10,  0],
       [ 0,  0,  4, 10]]), array([[10,  1,  0,  0],
       [ 2,  8,  0,  0],
       [ 0,  0,  9,  0],
       [ 0,  1,  3, 11]]), array([[ 8,  2,  1,  0],
       [ 2,  5,  0,  2],
       [ 0,  0,  9,  1],
       [ 2,  0,  3, 10]]), array([[11,  0,  0,  0],
       [ 2,  6,  0,  1],
       [ 0,  0, 10,  0],
       [ 0,  0,  5, 10]]), array([[ 9,  2,  0,  0],
       [ 5,  4,  0,  0],
       [ 0,  0, 10,  0],
       [ 0,  0,  7,  8]]), array([[ 9,  1,  1,  0],
       [ 3,  6,  0,  0],
       [ 0,  0, 10,  0],
       [ 0,  0,  4, 11]])]"
23,"[1.0, 1.0, 1.0, 1.0, 1.0, 1.0, 1.0, 1.0, 1.0, 1.0]","[1.0, 1.0, 1.0, 1.0, 1.0, 1.0, 1.0, 1.0, 1.0, 1.0]","[1.0, 1.0, 1.0, 1.0, 1.0, 1.0, 1.0, 1.0, 1.0, 1.0]","[1.0, 1.0, 1.0, 1.0, 1.0, 1.0, 1.0, 1.0, 1.0, 1.0]","[1.0, 1.0, 1.0, 1.0, 1.0, 1.0, 1.0, 1.0, 1.0, 1.0]","[1.0, 1.0, 1.0, 1.0, 1.0, 1.0, 1.0, 1.0, 1.0, 1.0]","[1.0, 1.0, 1.0, 1.0, 1.0, 1.0, 1.0, 1.0, 1.0, 1.0]","[1.0, 1.0, 1.0, 1.0, 1.0, 1.0, 1.0, 1.0, 1.0, 1.0]","[1.0, 1.0, 1.0, 1.0, 1.0, 1.0, 1.0, 1.0, 1.0, 1.0]","[1.0, 1.0, 1.0, 1.0, 1.0, 1.0, 1.0, 1.0, 1.0, 1.0]","[array([[134,   0,   0,   0],
       [  0, 134,   0,   0],
       [  0,   0, 134,   0],
       [  0,   0,   0, 134]]), array([[134,   0,   0,   0],
       [  0, 134,   0,   0],
       [  0,   0, 134,   0],
       [  0,   0,   0, 134]]), array([[134,   0,   0,   0],
       [  0, 134,   0,   0],
       [  0,   0, 134,   0],
       [  0,   0,   0, 134]]), array([[134,   0,   0,   0],
       [  0, 134,   0,   0],
       [  0,   0, 134,   0],
       [  0,   0,   0, 134]]), array([[135,   0,   0,   0],
       [  0, 135,   0,   0],
       [  0,   0, 135,   0],
       [  0,   0,   0, 135]]), array([[134,   0,   0,   0],
       [  0, 134,   0,   0],
       [  0,   0, 134,   0],
       [  0,   0,   0, 134]]), array([[134,   0,   0,   0],
       [  0, 134,   0,   0],
       [  0,   0, 134,   0],
       [  0,   0,   0, 134]]), array([[134,   0,   0,   0],
       [  0, 134,   0,   0],
       [  0,   0, 134,   0],
       [  0,   0,   0, 134]]), array([[134,   0,   0,   0],
       [  0, 134,   0,   0],
       [  0,   0, 134,   0],
       [  0,   0,   0, 134]]), array([[134,   0,   0,   0],
       [  0, 134,   0,   0],
       [  0,   0, 134,   0],
       [  0,   0,   0, 134]])]","[0.7391304347826086, 0.8478260869565217, 0.7608695652173914, 0.8260869565217391, 0.7555555555555555, 0.8666666666666667, 0.7111111111111111, 0.8222222222222222, 0.7333333333333333, 0.8]","[0.7391304347826086, 0.8478260869565217, 0.7608695652173914, 0.8260869565217391, 0.7555555555555555, 0.8666666666666667, 0.7111111111111111, 0.8222222222222222, 0.7333333333333333, 0.8]","[0.7391304347826086, 0.8478260869565217, 0.7608695652173914, 0.8260869565217391, 0.7555555555555555, 0.8666666666666667, 0.7111111111111111, 0.8222222222222222, 0.7333333333333333, 0.8]","[0.7391304347826086, 0.8478260869565217, 0.7608695652173914, 0.8260869565217391, 0.7555555555555555, 0.8666666666666667, 0.7111111111111111, 0.8222222222222222, 0.7333333333333333, 0.8]","[0.7906249999999999, 0.8642857142857143, 0.7583333333333333, 0.8521645021645022, 0.7678571428571429, 0.8712606837606838, 0.7134115884115884, 0.8461538461538461, 0.7396353646353646, 0.8452380952380952]","[0.7472222222222222, 0.8444444444444443, 0.7674242424242425, 0.825, 0.7581168831168832, 0.8833333333333333, 0.7123737373737373, 0.825, 0.73510101010101, 0.7994949494949495]","[0.7338705738705739, 0.8478687739463602, 0.7567340067340068, 0.8202207275483138, 0.7437254901960785, 0.8655171582803162, 0.7041396103896105, 0.8212474120082816, 0.7235576923076923, 0.7901098901098901]","[0.7875, 0.8577639751552795, 0.7742753623188406, 0.8501223414266892, 0.7857142857142858, 0.8877018043684711, 0.7199023199023199, 0.8427350427350426, 0.7579753579753581, 0.8560846560846561]","[0.7391304347826086, 0.8478260869565217, 0.7608695652173914, 0.8260869565217391, 0.7555555555555555, 0.8666666666666667, 0.7111111111111111, 0.8222222222222222, 0.7333333333333333, 0.8]","[0.7308329351807612, 0.8468578210894553, 0.7610891523935003, 0.8215850865775903, 0.7511633986928105, 0.8646884304779042, 0.7075396825396826, 0.8198918794570969, 0.7314102564102565, 0.7982417582417582]","[array([[12,  0,  0,  0],
       [ 3,  5,  0,  1],
       [ 0,  0,  9,  1],
       [ 0,  0,  7,  8]]), array([[12,  0,  0,  0],
       [ 2,  7,  0,  0],
       [ 0,  0,  8,  2],
       [ 1,  0,  2, 12]]), array([[ 7,  4,  0,  0],
       [ 2,  8,  0,  0],
       [ 0,  0,  9,  1],
       [ 1,  0,  3, 11]]), array([[11,  0,  0,  0],
       [ 3,  6,  0,  1],
       [ 0,  0,  9,  1],
       [ 1,  0,  2, 12]]), array([[ 9,  2,  0,  0],
       [ 5,  5,  0,  0],
       [ 0,  0, 10,  0],
       [ 0,  0,  4, 10]]), array([[11,  0,  0,  0],
       [ 2,  8,  0,  0],
       [ 0,  0,  9,  0],
       [ 0,  1,  3, 11]]), array([[ 8,  2,  1,  0],
       [ 2,  5,  0,  2],
       [ 0,  0,  9,  1],
       [ 1,  0,  4, 10]]), array([[11,  0,  0,  0],
       [ 2,  6,  0,  1],
       [ 0,  0,  9,  1],
       [ 0,  0,  4, 11]]), array([[ 9,  2,  0,  0],
       [ 4,  5,  0,  0],
       [ 0,  0,  9,  1],
       [ 0,  0,  5, 10]]), array([[10,  0,  1,  0],
       [ 4,  5,  0,  0],
       [ 0,  0, 10,  0],
       [ 0,  0,  4, 11]])]"
24,"[1.0, 1.0, 1.0, 1.0, 1.0, 1.0, 1.0, 1.0, 1.0, 1.0]","[1.0, 1.0, 1.0, 1.0, 1.0, 1.0, 1.0, 1.0, 1.0, 1.0]","[1.0, 1.0, 1.0, 1.0, 1.0, 1.0, 1.0, 1.0, 1.0, 1.0]","[1.0, 1.0, 1.0, 1.0, 1.0, 1.0, 1.0, 1.0, 1.0, 1.0]","[1.0, 1.0, 1.0, 1.0, 1.0, 1.0, 1.0, 1.0, 1.0, 1.0]","[1.0, 1.0, 1.0, 1.0, 1.0, 1.0, 1.0, 1.0, 1.0, 1.0]","[1.0, 1.0, 1.0, 1.0, 1.0, 1.0, 1.0, 1.0, 1.0, 1.0]","[1.0, 1.0, 1.0, 1.0, 1.0, 1.0, 1.0, 1.0, 1.0, 1.0]","[1.0, 1.0, 1.0, 1.0, 1.0, 1.0, 1.0, 1.0, 1.0, 1.0]","[1.0, 1.0, 1.0, 1.0, 1.0, 1.0, 1.0, 1.0, 1.0, 1.0]","[array([[134,   0,   0,   0],
       [  0, 134,   0,   0],
       [  0,   0, 134,   0],
       [  0,   0,   0, 134]]), array([[134,   0,   0,   0],
       [  0, 134,   0,   0],
       [  0,   0, 134,   0],
       [  0,   0,   0, 134]]), array([[134,   0,   0,   0],
       [  0, 134,   0,   0],
       [  0,   0, 134,   0],
       [  0,   0,   0, 134]]), array([[134,   0,   0,   0],
       [  0, 134,   0,   0],
       [  0,   0, 134,   0],
       [  0,   0,   0, 134]]), array([[135,   0,   0,   0],
       [  0, 135,   0,   0],
       [  0,   0, 135,   0],
       [  0,   0,   0, 135]]), array([[134,   0,   0,   0],
       [  0, 134,   0,   0],
       [  0,   0, 134,   0],
       [  0,   0,   0, 134]]), array([[134,   0,   0,   0],
       [  0, 134,   0,   0],
       [  0,   0, 134,   0],
       [  0,   0,   0, 134]]), array([[134,   0,   0,   0],
       [  0, 134,   0,   0],
       [  0,   0, 134,   0],
       [  0,   0,   0, 134]]), array([[134,   0,   0,   0],
       [  0, 134,   0,   0],
       [  0,   0, 134,   0],
       [  0,   0,   0, 134]]), array([[134,   0,   0,   0],
       [  0, 134,   0,   0],
       [  0,   0, 134,   0],
       [  0,   0,   0, 134]])]","[0.8043478260869565, 0.8913043478260869, 0.7608695652173914, 0.7608695652173914, 0.7777777777777778, 0.8666666666666667, 0.6444444444444445, 0.8, 0.7333333333333333, 0.8]","[0.8043478260869565, 0.8913043478260869, 0.7608695652173914, 0.7608695652173914, 0.7777777777777778, 0.8666666666666667, 0.6444444444444445, 0.8, 0.7333333333333333, 0.8]","[0.8043478260869565, 0.8913043478260869, 0.7608695652173914, 0.7608695652173914, 0.7777777777777778, 0.8666666666666667, 0.6444444444444445, 0.8, 0.7333333333333333, 0.8]","[0.8043478260869565, 0.8913043478260869, 0.7608695652173914, 0.7608695652173914, 0.7777777777777778, 0.8666666666666667, 0.6444444444444445, 0.8, 0.7333333333333333, 0.8]","[0.8353146853146853, 0.9003787878787879, 0.7534965034965035, 0.7708333333333334, 0.7929292929292929, 0.8712606837606838, 0.628021978021978, 0.8165584415584416, 0.75, 0.8452380952380952]","[0.8194444444444444, 0.8930555555555555, 0.759090909090909, 0.7545454545454546, 0.7853896103896104, 0.8833333333333333, 0.6391414141414141, 0.8106060606060606, 0.7462121212121212, 0.7883838383838384]","[0.8118269230769231, 0.8954131652661065, 0.7543290043290043, 0.7476920062695924, 0.7743620414673046, 0.8655171582803162, 0.6265756302521008, 0.7971989966555184, 0.7321227621483375, 0.7767094017094017]","[0.8336880510793554, 0.8952569169960474, 0.7693827911219216, 0.7774327122153208, 0.8098765432098765, 0.8877018043684711, 0.6459340659340659, 0.8263107263107261, 0.7666666666666667, 0.855026455026455]","[0.8043478260869565, 0.8913043478260869, 0.7608695652173914, 0.7608695652173914, 0.7777777777777778, 0.8666666666666667, 0.6444444444444445, 0.8, 0.7333333333333333, 0.8]","[0.8039046822742475, 0.8922177566678845, 0.7629399585921325, 0.7557741583753578, 0.7785575048732943, 0.8646884304779042, 0.6385620915032679, 0.7967484206614641, 0.7324808184143222, 0.7925925925925927]","[array([[12,  0,  0,  0],
       [ 1,  7,  0,  1],
       [ 0,  0,  9,  1],
       [ 0,  0,  6,  9]]), array([[11,  0,  0,  1],
       [ 1,  8,  0,  0],
       [ 0,  0,  9,  1],
       [ 0,  0,  2, 13]]), array([[ 7,  4,  0,  0],
       [ 3,  7,  0,  0],
       [ 0,  0,  9,  1],
       [ 1,  0,  2, 12]]), array([[ 9,  1,  1,  0],
       [ 4,  5,  0,  1],
       [ 0,  0,  9,  1],
       [ 1,  0,  2, 12]]), array([[ 8,  2,  1,  0],
       [ 3,  7,  0,  0],
       [ 0,  0, 10,  0],
       [ 0,  0,  4, 10]]), array([[11,  0,  0,  0],
       [ 2,  8,  0,  0],
       [ 0,  0,  9,  0],
       [ 0,  1,  3, 11]]), array([[ 6,  4,  1,  0],
       [ 3,  4,  0,  2],
       [ 0,  0,  9,  1],
       [ 1,  0,  4, 10]]), array([[10,  1,  0,  0],
       [ 2,  6,  0,  1],
       [ 0,  0, 10,  0],
       [ 0,  0,  5, 10]]), array([[9, 2, 0, 0],
       [3, 6, 0, 0],
       [0, 0, 9, 1],
       [0, 0, 6, 9]]), array([[10,  0,  1,  0],
       [ 5,  4,  0,  0],
       [ 0,  0, 10,  0],
       [ 0,  0,  3, 12]])]"
25,"[1.0, 1.0, 1.0, 1.0, 1.0, 1.0, 1.0, 1.0, 1.0, 1.0]","[1.0, 1.0, 1.0, 1.0, 1.0, 1.0, 1.0, 1.0, 1.0, 1.0]","[1.0, 1.0, 1.0, 1.0, 1.0, 1.0, 1.0, 1.0, 1.0, 1.0]","[1.0, 1.0, 1.0, 1.0, 1.0, 1.0, 1.0, 1.0, 1.0, 1.0]","[1.0, 1.0, 1.0, 1.0, 1.0, 1.0, 1.0, 1.0, 1.0, 1.0]","[1.0, 1.0, 1.0, 1.0, 1.0, 1.0, 1.0, 1.0, 1.0, 1.0]","[1.0, 1.0, 1.0, 1.0, 1.0, 1.0, 1.0, 1.0, 1.0, 1.0]","[1.0, 1.0, 1.0, 1.0, 1.0, 1.0, 1.0, 1.0, 1.0, 1.0]","[1.0, 1.0, 1.0, 1.0, 1.0, 1.0, 1.0, 1.0, 1.0, 1.0]","[1.0, 1.0, 1.0, 1.0, 1.0, 1.0, 1.0, 1.0, 1.0, 1.0]","[array([[134,   0,   0,   0],
       [  0, 134,   0,   0],
       [  0,   0, 134,   0],
       [  0,   0,   0, 134]]), array([[134,   0,   0,   0],
       [  0, 134,   0,   0],
       [  0,   0, 134,   0],
       [  0,   0,   0, 134]]), array([[134,   0,   0,   0],
       [  0, 134,   0,   0],
       [  0,   0, 134,   0],
       [  0,   0,   0, 134]]), array([[134,   0,   0,   0],
       [  0, 134,   0,   0],
       [  0,   0, 134,   0],
       [  0,   0,   0, 134]]), array([[135,   0,   0,   0],
       [  0, 135,   0,   0],
       [  0,   0, 135,   0],
       [  0,   0,   0, 135]]), array([[134,   0,   0,   0],
       [  0, 134,   0,   0],
       [  0,   0, 134,   0],
       [  0,   0,   0, 134]]), array([[134,   0,   0,   0],
       [  0, 134,   0,   0],
       [  0,   0, 134,   0],
       [  0,   0,   0, 134]]), array([[134,   0,   0,   0],
       [  0, 134,   0,   0],
       [  0,   0, 134,   0],
       [  0,   0,   0, 134]]), array([[134,   0,   0,   0],
       [  0, 134,   0,   0],
       [  0,   0, 134,   0],
       [  0,   0,   0, 134]]), array([[134,   0,   0,   0],
       [  0, 134,   0,   0],
       [  0,   0, 134,   0],
       [  0,   0,   0, 134]])]","[0.717391304347826, 0.8478260869565217, 0.782608695652174, 0.8478260869565217, 0.7777777777777778, 0.8222222222222222, 0.6666666666666666, 0.8, 0.7555555555555555, 0.7555555555555555]","[0.717391304347826, 0.8478260869565217, 0.782608695652174, 0.8478260869565217, 0.7777777777777778, 0.8222222222222222, 0.6666666666666666, 0.8, 0.7555555555555555, 0.7555555555555555]","[0.717391304347826, 0.8478260869565217, 0.782608695652174, 0.8478260869565217, 0.7777777777777778, 0.8222222222222222, 0.6666666666666666, 0.8, 0.7555555555555555, 0.7555555555555555]","[0.717391304347826, 0.8478260869565217, 0.782608695652174, 0.8478260869565217, 0.7777777777777778, 0.8222222222222222, 0.6666666666666666, 0.8, 0.7555555555555555, 0.7555555555555555]","[0.778125, 0.8603896103896104, 0.7757575757575758, 0.8522727272727273, 0.7891483516483516, 0.8242521367521367, 0.67495004995005, 0.8232600732600732, 0.78125, 0.7773809523809524]","[0.7194444444444444, 0.8444444444444443, 0.7757575757575758, 0.8439393939393939, 0.7831168831168831, 0.8356060606060606, 0.679040404040404, 0.8106060606060606, 0.7712121212121212, 0.748989898989899]","[0.7012087912087913, 0.8468919729695592, 0.775, 0.838703757365015, 0.7708333333333334, 0.8183680354732986, 0.6642628205128205, 0.7958333333333334, 0.7519304544560299, 0.7343956043956045]","[0.7744565217391305, 0.8568605307735742, 0.7839920948616601, 0.8575663466967814, 0.8057387057387058, 0.8442070275403608, 0.6785658785658786, 0.8409442409442409, 0.8055555555555556, 0.7986243386243386]","[0.717391304347826, 0.8478260869565217, 0.782608695652174, 0.8478260869565217, 0.7777777777777778, 0.8222222222222222, 0.6666666666666666, 0.8, 0.7555555555555555, 0.7555555555555555]","[0.7032011466794075, 0.8474948652047603, 0.782608695652174, 0.8441501938106578, 0.775925925925926, 0.8209262472420368, 0.6597578347578347, 0.7981481481481483, 0.7534209893544932, 0.7501147741147741]","[array([[12,  0,  0,  0],
       [ 4,  4,  0,  1],
       [ 0,  0,  9,  1],
       [ 0,  0,  7,  8]]), array([[12,  0,  0,  0],
       [ 2,  7,  0,  0],
       [ 0,  0,  8,  2],
       [ 0,  0,  3, 12]]), array([[ 7,  4,  0,  0],
       [ 2,  7,  0,  1],
       [ 0,  0,  9,  1],
       [ 1,  0,  1, 13]]), array([[10,  1,  0,  0],
       [ 3,  6,  0,  1],
       [ 0,  0, 10,  0],
       [ 1,  0,  1, 13]]), array([[ 9,  2,  0,  0],
       [ 4,  6,  0,  0],
       [ 0,  0, 10,  0],
       [ 0,  0,  4, 10]]), array([[10,  1,  0,  0],
       [ 3,  7,  0,  0],
       [ 0,  0,  9,  0],
       [ 0,  1,  3, 11]]), array([[8, 2, 1, 0],
       [2, 5, 0, 2],
       [0, 0, 9, 1],
       [3, 0, 4, 8]]), array([[10,  1,  0,  0],
       [ 3,  6,  0,  0],
       [ 0,  0, 10,  0],
       [ 0,  0,  5, 10]]), array([[ 9,  2,  0,  0],
       [ 3,  6,  0,  0],
       [ 0,  0, 10,  0],
       [ 0,  0,  6,  9]]), array([[ 9,  1,  1,  0],
       [ 5,  4,  0,  0],
       [ 0,  0, 10,  0],
       [ 0,  0,  4, 11]])]"
26,"[1.0, 1.0, 1.0, 1.0, 1.0, 1.0, 1.0, 1.0, 1.0, 1.0]","[1.0, 1.0, 1.0, 1.0, 1.0, 1.0, 1.0, 1.0, 1.0, 1.0]","[1.0, 1.0, 1.0, 1.0, 1.0, 1.0, 1.0, 1.0, 1.0, 1.0]","[1.0, 1.0, 1.0, 1.0, 1.0, 1.0, 1.0, 1.0, 1.0, 1.0]","[1.0, 1.0, 1.0, 1.0, 1.0, 1.0, 1.0, 1.0, 1.0, 1.0]","[1.0, 1.0, 1.0, 1.0, 1.0, 1.0, 1.0, 1.0, 1.0, 1.0]","[1.0, 1.0, 1.0, 1.0, 1.0, 1.0, 1.0, 1.0, 1.0, 1.0]","[1.0, 1.0, 1.0, 1.0, 1.0, 1.0, 1.0, 1.0, 1.0, 1.0]","[1.0, 1.0, 1.0, 1.0, 1.0, 1.0, 1.0, 1.0, 1.0, 1.0]","[1.0, 1.0, 1.0, 1.0, 1.0, 1.0, 1.0, 1.0, 1.0, 1.0]","[array([[134,   0,   0,   0],
       [  0, 134,   0,   0],
       [  0,   0, 134,   0],
       [  0,   0,   0, 134]]), array([[134,   0,   0,   0],
       [  0, 134,   0,   0],
       [  0,   0, 134,   0],
       [  0,   0,   0, 134]]), array([[134,   0,   0,   0],
       [  0, 134,   0,   0],
       [  0,   0, 134,   0],
       [  0,   0,   0, 134]]), array([[134,   0,   0,   0],
       [  0, 134,   0,   0],
       [  0,   0, 134,   0],
       [  0,   0,   0, 134]]), array([[135,   0,   0,   0],
       [  0, 135,   0,   0],
       [  0,   0, 135,   0],
       [  0,   0,   0, 135]]), array([[134,   0,   0,   0],
       [  0, 134,   0,   0],
       [  0,   0, 134,   0],
       [  0,   0,   0, 134]]), array([[134,   0,   0,   0],
       [  0, 134,   0,   0],
       [  0,   0, 134,   0],
       [  0,   0,   0, 134]]), array([[134,   0,   0,   0],
       [  0, 134,   0,   0],
       [  0,   0, 134,   0],
       [  0,   0,   0, 134]]), array([[134,   0,   0,   0],
       [  0, 134,   0,   0],
       [  0,   0, 134,   0],
       [  0,   0,   0, 134]]), array([[134,   0,   0,   0],
       [  0, 134,   0,   0],
       [  0,   0, 134,   0],
       [  0,   0,   0, 134]])]","[0.7391304347826086, 0.8043478260869565, 0.8043478260869565, 0.782608695652174, 0.7777777777777778, 0.7777777777777778, 0.7111111111111111, 0.8222222222222222, 0.7111111111111111, 0.7777777777777778]","[0.7391304347826086, 0.8043478260869565, 0.8043478260869565, 0.782608695652174, 0.7777777777777778, 0.7777777777777778, 0.7111111111111111, 0.8222222222222222, 0.7111111111111111, 0.7777777777777778]","[0.7391304347826086, 0.8043478260869565, 0.8043478260869565, 0.782608695652174, 0.7777777777777778, 0.7777777777777778, 0.7111111111111111, 0.8222222222222222, 0.7111111111111111, 0.7777777777777778]","[0.7391304347826086, 0.8043478260869565, 0.8043478260869565, 0.782608695652174, 0.7777777777777778, 0.7777777777777778, 0.7111111111111111, 0.8222222222222222, 0.7111111111111111, 0.7777777777777778]","[0.8080357142857143, 0.8308566433566434, 0.7997086247086247, 0.7902597402597403, 0.8095238095238095, 0.7855769230769231, 0.7106227106227105, 0.8303571428571428, 0.7336309523809523, 0.7945804195804196]","[0.7583333333333333, 0.8, 0.8068181818181819, 0.7712121212121212, 0.7879870129870129, 0.7962121212121211, 0.7123737373737373, 0.8272727272727273, 0.7156565656565657, 0.7828282828282828]","[0.7436574295269948, 0.8011904761904761, 0.8012939958592132, 0.7672023809523809, 0.7721227621483375, 0.775197628458498, 0.7043866459627329, 0.8169283413848631, 0.6931410256410256, 0.7673076923076922]","[0.8132763975155279, 0.8253268470659776, 0.8102260058781797, 0.7953604366647845, 0.8243386243386244, 0.8106837606837606, 0.7160765160765161, 0.8394179894179893, 0.7626984126984127, 0.8058793058793059]","[0.7391304347826086, 0.8043478260869565, 0.8043478260869565, 0.782608695652174, 0.7777777777777778, 0.7777777777777778, 0.7111111111111111, 0.8222222222222222, 0.7111111111111111, 0.7777777777777778]","[0.7355636801761566, 0.8019668737060041, 0.8050679629129533, 0.7769875776397516, 0.7736743393009379, 0.7771629336846729, 0.707056590752243, 0.8193505099302201, 0.7036068376068376, 0.7712250712250712]","[array([[12,  0,  0,  0],
       [ 2,  6,  1,  0],
       [ 0,  0,  9,  1],
       [ 0,  0,  8,  7]]), array([[12,  0,  0,  0],
       [ 3,  6,  0,  0],
       [ 0,  0,  8,  2],
       [ 1,  0,  3, 11]]), array([[ 8,  3,  0,  0],
       [ 2,  7,  0,  1],
       [ 0,  0, 10,  0],
       [ 2,  0,  1, 12]]), array([[ 9,  1,  1,  0],
       [ 4,  5,  0,  1],
       [ 0,  0,  9,  1],
       [ 1,  0,  1, 13]]), array([[10,  1,  0,  0],
       [ 4,  6,  0,  0],
       [ 0,  0, 10,  0],
       [ 0,  0,  5,  9]]), array([[ 9,  2,  0,  0],
       [ 3,  7,  0,  0],
       [ 0,  0,  9,  0],
       [ 0,  1,  4, 10]]), array([[ 8,  2,  1,  0],
       [ 2,  5,  0,  2],
       [ 0,  0,  9,  1],
       [ 2,  0,  3, 10]]), array([[10,  1,  0,  0],
       [ 2,  6,  0,  1],
       [ 0,  0, 10,  0],
       [ 0,  0,  4, 11]]), array([[ 9,  2,  0,  0],
       [ 5,  4,  0,  0],
       [ 0,  0, 10,  0],
       [ 0,  0,  6,  9]]), array([[10,  1,  0,  0],
       [ 3,  5,  0,  1],
       [ 0,  0, 10,  0],
       [ 0,  0,  5, 10]])]"
27,"[1.0, 1.0, 1.0, 1.0, 1.0, 1.0, 1.0, 1.0, 1.0, 1.0]","[1.0, 1.0, 1.0, 1.0, 1.0, 1.0, 1.0, 1.0, 1.0, 1.0]","[1.0, 1.0, 1.0, 1.0, 1.0, 1.0, 1.0, 1.0, 1.0, 1.0]","[1.0, 1.0, 1.0, 1.0, 1.0, 1.0, 1.0, 1.0, 1.0, 1.0]","[1.0, 1.0, 1.0, 1.0, 1.0, 1.0, 1.0, 1.0, 1.0, 1.0]","[1.0, 1.0, 1.0, 1.0, 1.0, 1.0, 1.0, 1.0, 1.0, 1.0]","[1.0, 1.0, 1.0, 1.0, 1.0, 1.0, 1.0, 1.0, 1.0, 1.0]","[1.0, 1.0, 1.0, 1.0, 1.0, 1.0, 1.0, 1.0, 1.0, 1.0]","[1.0, 1.0, 1.0, 1.0, 1.0, 1.0, 1.0, 1.0, 1.0, 1.0]","[1.0, 1.0, 1.0, 1.0, 1.0, 1.0, 1.0, 1.0, 1.0, 1.0]","[array([[134,   0,   0,   0],
       [  0, 134,   0,   0],
       [  0,   0, 134,   0],
       [  0,   0,   0, 134]]), array([[134,   0,   0,   0],
       [  0, 134,   0,   0],
       [  0,   0, 134,   0],
       [  0,   0,   0, 134]]), array([[134,   0,   0,   0],
       [  0, 134,   0,   0],
       [  0,   0, 134,   0],
       [  0,   0,   0, 134]]), array([[134,   0,   0,   0],
       [  0, 134,   0,   0],
       [  0,   0, 134,   0],
       [  0,   0,   0, 134]]), array([[135,   0,   0,   0],
       [  0, 135,   0,   0],
       [  0,   0, 135,   0],
       [  0,   0,   0, 135]]), array([[134,   0,   0,   0],
       [  0, 134,   0,   0],
       [  0,   0, 134,   0],
       [  0,   0,   0, 134]]), array([[134,   0,   0,   0],
       [  0, 134,   0,   0],
       [  0,   0, 134,   0],
       [  0,   0,   0, 134]]), array([[134,   0,   0,   0],
       [  0, 134,   0,   0],
       [  0,   0, 134,   0],
       [  0,   0,   0, 134]]), array([[134,   0,   0,   0],
       [  0, 134,   0,   0],
       [  0,   0, 134,   0],
       [  0,   0,   0, 134]]), array([[134,   0,   0,   0],
       [  0, 134,   0,   0],
       [  0,   0, 134,   0],
       [  0,   0,   0, 134]])]","[0.6739130434782609, 0.8260869565217391, 0.782608695652174, 0.8043478260869565, 0.7333333333333333, 0.8666666666666667, 0.7777777777777778, 0.7777777777777778, 0.7555555555555555, 0.8222222222222222]","[0.6739130434782609, 0.8260869565217391, 0.782608695652174, 0.8043478260869565, 0.7333333333333333, 0.8666666666666667, 0.7777777777777778, 0.7777777777777778, 0.7555555555555555, 0.8222222222222222]","[0.6739130434782609, 0.8260869565217391, 0.782608695652174, 0.8043478260869565, 0.7333333333333333, 0.8666666666666667, 0.7777777777777778, 0.7777777777777778, 0.7555555555555555, 0.8222222222222222]","[0.6739130434782609, 0.8260869565217391, 0.782608695652174, 0.8043478260869565, 0.7333333333333333, 0.8666666666666667, 0.7777777777777778, 0.7777777777777778, 0.7555555555555555, 0.8222222222222222]","[0.7532679738562091, 0.8495535714285714, 0.7685064935064936, 0.8085747585747586, 0.75, 0.8628787878787879, 0.7859557109557109, 0.8035714285714286, 0.78125, 0.8589743589743589]","[0.675, 0.8125, 0.7757575757575758, 0.7962121212121213, 0.7425324675324675, 0.8772727272727272, 0.7684343434343435, 0.7828282828282828, 0.7712121212121212, 0.8272727272727273]","[0.6443965517241379, 0.8212158808933003, 0.77132407822063, 0.7949229691876751, 0.7274599542334096, 0.8646135265700483, 0.7668642951251647, 0.7666666666666666, 0.7519304544560299, 0.819871794871795]","[0.7485080988917305, 0.8394798136645963, 0.7830321852060982, 0.8123615514919863, 0.7703703703703704, 0.8784511784511785, 0.7871794871794872, 0.8227513227513228, 0.8055555555555556, 0.8695156695156694]","[0.6739130434782609, 0.8260869565217391, 0.782608695652174, 0.8043478260869565, 0.7333333333333333, 0.8666666666666667, 0.7777777777777778, 0.7777777777777778, 0.7555555555555555, 0.8222222222222222]","[0.6488630684657671, 0.8246628546768799, 0.7820018562147498, 0.8017446108878334, 0.7316552250190694, 0.866634460547504, 0.7739130434782607, 0.7733333333333333, 0.7534209893544932, 0.8235327635327636]","[array([[12,  0,  0,  0],
       [ 5,  3,  0,  1],
       [ 0,  0,  9,  1],
       [ 0,  0,  8,  7]]), array([[11,  0,  0,  1],
       [ 3,  6,  0,  0],
       [ 0,  0,  8,  2],
       [ 0,  0,  2, 13]]), array([[ 7,  4,  0,  0],
       [ 3,  6,  0,  1],
       [ 0,  0, 10,  0],
       [ 1,  0,  1, 13]]), array([[ 9,  1,  1,  0],
       [ 3,  6,  0,  1],
       [ 0,  0,  9,  1],
       [ 1,  0,  1, 13]]), array([[ 8,  3,  0,  0],
       [ 4,  6,  0,  0],
       [ 0,  0, 10,  0],
       [ 0,  0,  5,  9]]), array([[10,  1,  0,  0],
       [ 2,  8,  0,  0],
       [ 0,  0,  9,  0],
       [ 0,  1,  2, 12]]), array([[ 9,  1,  1,  0],
       [ 2,  5,  0,  2],
       [ 0,  0,  9,  1],
       [ 0,  0,  3, 12]]), array([[10,  1,  0,  0],
       [ 4,  5,  0,  0],
       [ 0,  0, 10,  0],
       [ 0,  0,  5, 10]]), array([[ 9,  2,  0,  0],
       [ 3,  6,  0,  0],
       [ 0,  0, 10,  0],
       [ 0,  0,  6,  9]]), array([[10,  0,  1,  0],
       [ 3,  6,  0,  0],
       [ 0,  0, 10,  0],
       [ 0,  0,  4, 11]])]"
28,"[1.0, 1.0, 1.0, 1.0, 1.0, 1.0, 1.0, 1.0, 1.0, 1.0]","[1.0, 1.0, 1.0, 1.0, 1.0, 1.0, 1.0, 1.0, 1.0, 1.0]","[1.0, 1.0, 1.0, 1.0, 1.0, 1.0, 1.0, 1.0, 1.0, 1.0]","[1.0, 1.0, 1.0, 1.0, 1.0, 1.0, 1.0, 1.0, 1.0, 1.0]","[1.0, 1.0, 1.0, 1.0, 1.0, 1.0, 1.0, 1.0, 1.0, 1.0]","[1.0, 1.0, 1.0, 1.0, 1.0, 1.0, 1.0, 1.0, 1.0, 1.0]","[1.0, 1.0, 1.0, 1.0, 1.0, 1.0, 1.0, 1.0, 1.0, 1.0]","[1.0, 1.0, 1.0, 1.0, 1.0, 1.0, 1.0, 1.0, 1.0, 1.0]","[1.0, 1.0, 1.0, 1.0, 1.0, 1.0, 1.0, 1.0, 1.0, 1.0]","[1.0, 1.0, 1.0, 1.0, 1.0, 1.0, 1.0, 1.0, 1.0, 1.0]","[array([[134,   0,   0,   0],
       [  0, 134,   0,   0],
       [  0,   0, 134,   0],
       [  0,   0,   0, 134]]), array([[134,   0,   0,   0],
       [  0, 134,   0,   0],
       [  0,   0, 134,   0],
       [  0,   0,   0, 134]]), array([[134,   0,   0,   0],
       [  0, 134,   0,   0],
       [  0,   0, 134,   0],
       [  0,   0,   0, 134]]), array([[134,   0,   0,   0],
       [  0, 134,   0,   0],
       [  0,   0, 134,   0],
       [  0,   0,   0, 134]]), array([[135,   0,   0,   0],
       [  0, 135,   0,   0],
       [  0,   0, 135,   0],
       [  0,   0,   0, 135]]), array([[134,   0,   0,   0],
       [  0, 134,   0,   0],
       [  0,   0, 134,   0],
       [  0,   0,   0, 134]]), array([[134,   0,   0,   0],
       [  0, 134,   0,   0],
       [  0,   0, 134,   0],
       [  0,   0,   0, 134]]), array([[134,   0,   0,   0],
       [  0, 134,   0,   0],
       [  0,   0, 134,   0],
       [  0,   0,   0, 134]]), array([[134,   0,   0,   0],
       [  0, 134,   0,   0],
       [  0,   0, 134,   0],
       [  0,   0,   0, 134]]), array([[134,   0,   0,   0],
       [  0, 134,   0,   0],
       [  0,   0, 134,   0],
       [  0,   0,   0, 134]])]","[0.717391304347826, 0.8478260869565217, 0.782608695652174, 0.8043478260869565, 0.7555555555555555, 0.8, 0.6888888888888889, 0.8222222222222222, 0.7111111111111111, 0.7777777777777778]","[0.717391304347826, 0.8478260869565217, 0.782608695652174, 0.8043478260869565, 0.7555555555555555, 0.8, 0.6888888888888889, 0.8222222222222222, 0.7111111111111111, 0.7777777777777778]","[0.717391304347826, 0.8478260869565217, 0.782608695652174, 0.8043478260869565, 0.7555555555555555, 0.8, 0.6888888888888889, 0.8222222222222222, 0.7111111111111111, 0.7777777777777778]","[0.717391304347826, 0.8478260869565217, 0.782608695652174, 0.8043478260869565, 0.7555555555555555, 0.8, 0.6888888888888889, 0.8222222222222222, 0.7111111111111111, 0.7777777777777778]","[0.778125, 0.8603896103896104, 0.7757575757575758, 0.8085747585747586, 0.7543290043290043, 0.8035714285714286, 0.6863553113553114, 0.8351648351648352, 0.7487071751777634, 0.8348214285714286]","[0.7194444444444444, 0.8444444444444443, 0.7757575757575758, 0.7962121212121213, 0.7555194805194805, 0.8106060606060606, 0.6896464646464646, 0.8272727272727273, 0.7267676767676767, 0.7828282828282828]","[0.7012087912087913, 0.8468919729695592, 0.775, 0.7949229691876751, 0.7453189792663477, 0.7924908424908426, 0.6799603174603175, 0.8157051282051283, 0.702848228663446, 0.7708791208791208]","[0.7744565217391305, 0.8568605307735742, 0.7839920948616601, 0.8123615514919863, 0.7735449735449735, 0.8246031746031747, 0.7005019671686338, 0.8515262515262514, 0.7761401996696115, 0.8468253968253969]","[0.717391304347826, 0.8478260869565217, 0.782608695652174, 0.8043478260869565, 0.7555555555555555, 0.8, 0.6888888888888889, 0.8222222222222222, 0.7111111111111111, 0.7777777777777778]","[0.7032011466794075, 0.8474948652047603, 0.782608695652174, 0.8017446108878334, 0.7548693957115009, 0.7971835571835572, 0.686984126984127, 0.8209401709401709, 0.7048264448022902, 0.776019536019536]","[array([[12,  0,  0,  0],
       [ 4,  4,  0,  1],
       [ 0,  0,  9,  1],
       [ 0,  0,  7,  8]]), array([[12,  0,  0,  0],
       [ 2,  7,  0,  0],
       [ 0,  0,  8,  2],
       [ 0,  0,  3, 12]]), array([[ 7,  4,  0,  0],
       [ 2,  7,  0,  1],
       [ 0,  0,  9,  1],
       [ 1,  0,  1, 13]]), array([[ 9,  1,  1,  0],
       [ 3,  6,  0,  1],
       [ 0,  0,  9,  1],
       [ 1,  0,  1, 13]]), array([[ 7,  3,  1,  0],
       [ 4,  6,  0,  0],
       [ 0,  0, 10,  0],
       [ 0,  0,  3, 11]]), array([[10,  1,  0,  0],
       [ 4,  6,  0,  0],
       [ 0,  0,  9,  0],
       [ 0,  1,  3, 11]]), array([[ 7,  3,  1,  0],
       [ 2,  5,  0,  2],
       [ 0,  0,  9,  1],
       [ 0,  1,  4, 10]]), array([[10,  1,  0,  0],
       [ 3,  6,  0,  0],
       [ 0,  0, 10,  0],
       [ 0,  0,  4, 11]]), array([[ 9,  2,  0,  0],
       [ 4,  5,  0,  0],
       [ 0,  0, 10,  0],
       [ 0,  0,  7,  8]]), array([[10,  0,  1,  0],
       [ 4,  5,  0,  0],
       [ 0,  0, 10,  0],
       [ 0,  0,  5, 10]])]"
29,"[1.0, 1.0, 1.0, 1.0, 1.0, 1.0, 1.0, 1.0, 1.0, 1.0]","[1.0, 1.0, 1.0, 1.0, 1.0, 1.0, 1.0, 1.0, 1.0, 1.0]","[1.0, 1.0, 1.0, 1.0, 1.0, 1.0, 1.0, 1.0, 1.0, 1.0]","[1.0, 1.0, 1.0, 1.0, 1.0, 1.0, 1.0, 1.0, 1.0, 1.0]","[1.0, 1.0, 1.0, 1.0, 1.0, 1.0, 1.0, 1.0, 1.0, 1.0]","[1.0, 1.0, 1.0, 1.0, 1.0, 1.0, 1.0, 1.0, 1.0, 1.0]","[1.0, 1.0, 1.0, 1.0, 1.0, 1.0, 1.0, 1.0, 1.0, 1.0]","[1.0, 1.0, 1.0, 1.0, 1.0, 1.0, 1.0, 1.0, 1.0, 1.0]","[1.0, 1.0, 1.0, 1.0, 1.0, 1.0, 1.0, 1.0, 1.0, 1.0]","[1.0, 1.0, 1.0, 1.0, 1.0, 1.0, 1.0, 1.0, 1.0, 1.0]","[array([[134,   0,   0,   0],
       [  0, 134,   0,   0],
       [  0,   0, 134,   0],
       [  0,   0,   0, 134]]), array([[134,   0,   0,   0],
       [  0, 134,   0,   0],
       [  0,   0, 134,   0],
       [  0,   0,   0, 134]]), array([[134,   0,   0,   0],
       [  0, 134,   0,   0],
       [  0,   0, 134,   0],
       [  0,   0,   0, 134]]), array([[134,   0,   0,   0],
       [  0, 134,   0,   0],
       [  0,   0, 134,   0],
       [  0,   0,   0, 134]]), array([[135,   0,   0,   0],
       [  0, 135,   0,   0],
       [  0,   0, 135,   0],
       [  0,   0,   0, 135]]), array([[134,   0,   0,   0],
       [  0, 134,   0,   0],
       [  0,   0, 134,   0],
       [  0,   0,   0, 134]]), array([[134,   0,   0,   0],
       [  0, 134,   0,   0],
       [  0,   0, 134,   0],
       [  0,   0,   0, 134]]), array([[134,   0,   0,   0],
       [  0, 134,   0,   0],
       [  0,   0, 134,   0],
       [  0,   0,   0, 134]]), array([[134,   0,   0,   0],
       [  0, 134,   0,   0],
       [  0,   0, 134,   0],
       [  0,   0,   0, 134]]), array([[134,   0,   0,   0],
       [  0, 134,   0,   0],
       [  0,   0, 134,   0],
       [  0,   0,   0, 134]])]","[0.717391304347826, 0.8043478260869565, 0.782608695652174, 0.782608695652174, 0.7555555555555555, 0.8, 0.7777777777777778, 0.8222222222222222, 0.7777777777777778, 0.8444444444444444]","[0.717391304347826, 0.8043478260869565, 0.782608695652174, 0.782608695652174, 0.7555555555555555, 0.8, 0.7777777777777778, 0.8222222222222222, 0.7777777777777778, 0.8444444444444444]","[0.717391304347826, 0.8043478260869565, 0.782608695652174, 0.782608695652174, 0.7555555555555555, 0.8, 0.7777777777777778, 0.8222222222222222, 0.7777777777777778, 0.8444444444444444]","[0.717391304347826, 0.8043478260869565, 0.782608695652174, 0.782608695652174, 0.7555555555555555, 0.8, 0.7777777777777778, 0.8222222222222222, 0.7777777777777778, 0.8444444444444444]","[0.776797385620915, 0.8333333333333333, 0.7685064935064936, 0.7753787878787879, 0.7571678321678321, 0.8, 0.7883366633366633, 0.861904761904762, 0.8128434065934066, 0.8756410256410256]","[0.7305555555555556, 0.7958333333333334, 0.7757575757575758, 0.7734848484848484, 0.7603896103896104, 0.8128787878787879, 0.7795454545454545, 0.8222222222222222, 0.793939393939394, 0.8388888888888888]","[0.7132936507936508, 0.8037037037037036, 0.77132407822063, 0.7715320910973085, 0.7524703557312253, 0.7964763497372194, 0.7773528008722912, 0.809981684981685, 0.7756410256410257, 0.8297234166799384]","[0.7730605285592498, 0.8217391304347825, 0.7830321852060982, 0.7829380764163373, 0.7700077700077701, 0.8222222222222222, 0.7871794871794872, 0.8713227513227513, 0.8316849816849816, 0.8835327635327634]","[0.717391304347826, 0.8043478260869565, 0.782608695652174, 0.782608695652174, 0.7555555555555555, 0.8, 0.7777777777777778, 0.8222222222222222, 0.7777777777777778, 0.8444444444444444]","[0.7067805383022774, 0.8038647342995169, 0.7820018562147498, 0.7802232424160591, 0.7561352657004831, 0.800339756861496, 0.7767866066966516, 0.8169312169312171, 0.7746438746438747, 0.8392277609668913]","[array([[12,  0,  0,  0],
       [ 3,  5,  0,  1],
       [ 0,  0,  9,  1],
       [ 0,  0,  8,  7]]), array([[11,  0,  0,  1],
       [ 3,  6,  0,  0],
       [ 0,  0,  8,  2],
       [ 1,  0,  2, 12]]), array([[ 7,  4,  0,  0],
       [ 3,  6,  0,  1],
       [ 0,  0, 10,  0],
       [ 1,  0,  1, 13]]), array([[ 8,  2,  1,  0],
       [ 3,  6,  0,  1],
       [ 0,  0,  9,  1],
       [ 1,  0,  1, 13]]), array([[ 8,  3,  0,  0],
       [ 3,  7,  0,  0],
       [ 0,  0,  9,  1],
       [ 0,  0,  4, 10]]), array([[ 9,  2,  0,  0],
       [ 3,  7,  0,  0],
       [ 0,  0,  9,  0],
       [ 0,  1,  3, 11]]), array([[ 9,  1,  1,  0],
       [ 1,  6,  0,  2],
       [ 0,  0,  9,  1],
       [ 1,  0,  3, 11]]), array([[11,  0,  0,  0],
       [ 4,  5,  0,  0],
       [ 0,  0, 10,  0],
       [ 0,  0,  4, 11]]), array([[10,  1,  0,  0],
       [ 3,  6,  0,  0],
       [ 0,  0, 10,  0],
       [ 0,  0,  6,  9]]), array([[11,  0,  0,  0],
       [ 4,  5,  0,  0],
       [ 0,  0, 10,  0],
       [ 0,  0,  3, 12]])]"
30,"[1.0, 1.0, 1.0, 1.0, 1.0, 1.0, 1.0, 1.0, 1.0, 1.0]","[1.0, 1.0, 1.0, 1.0, 1.0, 1.0, 1.0, 1.0, 1.0, 1.0]","[1.0, 1.0, 1.0, 1.0, 1.0, 1.0, 1.0, 1.0, 1.0, 1.0]","[1.0, 1.0, 1.0, 1.0, 1.0, 1.0, 1.0, 1.0, 1.0, 1.0]","[1.0, 1.0, 1.0, 1.0, 1.0, 1.0, 1.0, 1.0, 1.0, 1.0]","[1.0, 1.0, 1.0, 1.0, 1.0, 1.0, 1.0, 1.0, 1.0, 1.0]","[1.0, 1.0, 1.0, 1.0, 1.0, 1.0, 1.0, 1.0, 1.0, 1.0]","[1.0, 1.0, 1.0, 1.0, 1.0, 1.0, 1.0, 1.0, 1.0, 1.0]","[1.0, 1.0, 1.0, 1.0, 1.0, 1.0, 1.0, 1.0, 1.0, 1.0]","[1.0, 1.0, 1.0, 1.0, 1.0, 1.0, 1.0, 1.0, 1.0, 1.0]","[array([[134,   0,   0,   0],
       [  0, 134,   0,   0],
       [  0,   0, 134,   0],
       [  0,   0,   0, 134]]), array([[134,   0,   0,   0],
       [  0, 134,   0,   0],
       [  0,   0, 134,   0],
       [  0,   0,   0, 134]]), array([[134,   0,   0,   0],
       [  0, 134,   0,   0],
       [  0,   0, 134,   0],
       [  0,   0,   0, 134]]), array([[134,   0,   0,   0],
       [  0, 134,   0,   0],
       [  0,   0, 134,   0],
       [  0,   0,   0, 134]]), array([[135,   0,   0,   0],
       [  0, 135,   0,   0],
       [  0,   0, 135,   0],
       [  0,   0,   0, 135]]), array([[134,   0,   0,   0],
       [  0, 134,   0,   0],
       [  0,   0, 134,   0],
       [  0,   0,   0, 134]]), array([[134,   0,   0,   0],
       [  0, 134,   0,   0],
       [  0,   0, 134,   0],
       [  0,   0,   0, 134]]), array([[134,   0,   0,   0],
       [  0, 134,   0,   0],
       [  0,   0, 134,   0],
       [  0,   0,   0, 134]]), array([[134,   0,   0,   0],
       [  0, 134,   0,   0],
       [  0,   0, 134,   0],
       [  0,   0,   0, 134]]), array([[134,   0,   0,   0],
       [  0, 134,   0,   0],
       [  0,   0, 134,   0],
       [  0,   0,   0, 134]])]","[0.6739130434782609, 0.8478260869565217, 0.8478260869565217, 0.782608695652174, 0.8, 0.8222222222222222, 0.7111111111111111, 0.8444444444444444, 0.7333333333333333, 0.7777777777777778]","[0.6739130434782609, 0.8478260869565217, 0.8478260869565217, 0.782608695652174, 0.8, 0.8222222222222222, 0.7111111111111111, 0.8444444444444444, 0.7333333333333333, 0.7777777777777778]","[0.6739130434782609, 0.8478260869565217, 0.8478260869565217, 0.782608695652174, 0.8, 0.8222222222222222, 0.7111111111111111, 0.8444444444444444, 0.7333333333333333, 0.7777777777777778]","[0.6739130434782609, 0.8478260869565217, 0.8478260869565217, 0.782608695652174, 0.8, 0.8222222222222222, 0.7111111111111111, 0.8444444444444444, 0.7333333333333333, 0.7777777777777778]","[0.7532679738562091, 0.8633241758241759, 0.8447940947940948, 0.7780483405483406, 0.798611111111111, 0.8242521367521367, 0.7134115884115884, 0.8489010989010989, 0.7578983516483516, 0.7824175824175825]","[0.675, 0.8486111111111112, 0.8507575757575757, 0.7818181818181817, 0.8009740259740259, 0.8356060606060606, 0.7123737373737373, 0.843939393939394, 0.7434343434343434, 0.7656565656565657]","[0.6443965517241379, 0.8501920062695925, 0.8408902691511388, 0.7774707144035637, 0.7959466163127491, 0.8183680354732986, 0.7041396103896105, 0.8354468599033816, 0.7235576923076923, 0.7529761904761905]","[0.7485080988917305, 0.8589345437171524, 0.8602074254248168, 0.7855417529330573, 0.8080246913580248, 0.8442070275403608, 0.7199023199023199, 0.8637362637362638, 0.7843101343101343, 0.7956532356532358]","[0.6739130434782609, 0.8478260869565217, 0.8478260869565217, 0.782608695652174, 0.8, 0.8222222222222222, 0.7111111111111111, 0.8444444444444444, 0.7333333333333333, 0.7777777777777778]","[0.6488630684657671, 0.8484915496797056, 0.8473579980196237, 0.7818267899543052, 0.8001130829506116, 0.8209262472420368, 0.7075396825396826, 0.8432367149758455, 0.7292735042735043, 0.7685185185185184]","[array([[12,  0,  0,  0],
       [ 5,  3,  0,  1],
       [ 0,  0,  9,  1],
       [ 0,  0,  8,  7]]), array([[11,  0,  0,  1],
       [ 2,  7,  0,  0],
       [ 0,  0,  9,  1],
       [ 0,  0,  3, 12]]), array([[ 7,  4,  0,  0],
       [ 1,  9,  0,  0],
       [ 0,  0, 10,  0],
       [ 1,  0,  1, 13]]), array([[ 8,  2,  1,  0],
       [ 2,  7,  0,  1],
       [ 0,  0,  9,  1],
       [ 1,  0,  2, 12]]), array([[ 9,  2,  0,  0],
       [ 3,  7,  0,  0],
       [ 0,  0,  9,  1],
       [ 0,  0,  3, 11]]), array([[10,  1,  0,  0],
       [ 3,  7,  0,  0],
       [ 0,  0,  9,  0],
       [ 0,  1,  3, 11]]), array([[ 8,  2,  1,  0],
       [ 2,  5,  0,  2],
       [ 0,  0,  9,  1],
       [ 1,  0,  4, 10]]), array([[10,  1,  0,  0],
       [ 3,  6,  0,  0],
       [ 0,  0, 10,  0],
       [ 0,  0,  3, 12]]), array([[ 9,  2,  0,  0],
       [ 4,  5,  0,  0],
       [ 0,  0, 10,  0],
       [ 0,  0,  6,  9]]), array([[ 9,  1,  1,  0],
       [ 4,  4,  0,  1],
       [ 0,  0, 10,  0],
       [ 0,  0,  3, 12]])]"
31,"[1.0, 1.0, 1.0, 1.0, 1.0, 1.0, 1.0, 1.0, 1.0, 1.0]","[1.0, 1.0, 1.0, 1.0, 1.0, 1.0, 1.0, 1.0, 1.0, 1.0]","[1.0, 1.0, 1.0, 1.0, 1.0, 1.0, 1.0, 1.0, 1.0, 1.0]","[1.0, 1.0, 1.0, 1.0, 1.0, 1.0, 1.0, 1.0, 1.0, 1.0]","[1.0, 1.0, 1.0, 1.0, 1.0, 1.0, 1.0, 1.0, 1.0, 1.0]","[1.0, 1.0, 1.0, 1.0, 1.0, 1.0, 1.0, 1.0, 1.0, 1.0]","[1.0, 1.0, 1.0, 1.0, 1.0, 1.0, 1.0, 1.0, 1.0, 1.0]","[1.0, 1.0, 1.0, 1.0, 1.0, 1.0, 1.0, 1.0, 1.0, 1.0]","[1.0, 1.0, 1.0, 1.0, 1.0, 1.0, 1.0, 1.0, 1.0, 1.0]","[1.0, 1.0, 1.0, 1.0, 1.0, 1.0, 1.0, 1.0, 1.0, 1.0]","[array([[134,   0,   0,   0],
       [  0, 134,   0,   0],
       [  0,   0, 134,   0],
       [  0,   0,   0, 134]]), array([[134,   0,   0,   0],
       [  0, 134,   0,   0],
       [  0,   0, 134,   0],
       [  0,   0,   0, 134]]), array([[134,   0,   0,   0],
       [  0, 134,   0,   0],
       [  0,   0, 134,   0],
       [  0,   0,   0, 134]]), array([[134,   0,   0,   0],
       [  0, 134,   0,   0],
       [  0,   0, 134,   0],
       [  0,   0,   0, 134]]), array([[135,   0,   0,   0],
       [  0, 135,   0,   0],
       [  0,   0, 135,   0],
       [  0,   0,   0, 135]]), array([[134,   0,   0,   0],
       [  0, 134,   0,   0],
       [  0,   0, 134,   0],
       [  0,   0,   0, 134]]), array([[134,   0,   0,   0],
       [  0, 134,   0,   0],
       [  0,   0, 134,   0],
       [  0,   0,   0, 134]]), array([[134,   0,   0,   0],
       [  0, 134,   0,   0],
       [  0,   0, 134,   0],
       [  0,   0,   0, 134]]), array([[134,   0,   0,   0],
       [  0, 134,   0,   0],
       [  0,   0, 134,   0],
       [  0,   0,   0, 134]]), array([[134,   0,   0,   0],
       [  0, 134,   0,   0],
       [  0,   0, 134,   0],
       [  0,   0,   0, 134]])]","[0.717391304347826, 0.8043478260869565, 0.782608695652174, 0.782608695652174, 0.7555555555555555, 0.8, 0.7555555555555555, 0.8444444444444444, 0.7555555555555555, 0.8444444444444444]","[0.717391304347826, 0.8043478260869565, 0.782608695652174, 0.782608695652174, 0.7555555555555555, 0.8, 0.7555555555555555, 0.8444444444444444, 0.7555555555555555, 0.8444444444444444]","[0.717391304347826, 0.8043478260869565, 0.782608695652174, 0.782608695652174, 0.7555555555555555, 0.8, 0.7555555555555555, 0.8444444444444444, 0.7555555555555555, 0.8444444444444444]","[0.717391304347826, 0.8043478260869565, 0.782608695652174, 0.782608695652174, 0.7555555555555555, 0.8, 0.7555555555555555, 0.8444444444444444, 0.7555555555555555, 0.8444444444444444]","[0.7453869047619048, 0.8107142857142857, 0.7757575757575758, 0.7753787878787879, 0.7666666666666666, 0.8098290598290598, 0.7570054945054945, 0.875, 0.7931547619047619, 0.8695054945054945]","[0.7263888888888889, 0.7958333333333334, 0.7757575757575758, 0.7734848484848484, 0.7626623376623377, 0.8189393939393939, 0.7568181818181818, 0.85, 0.7661616161616162, 0.8388888888888888]","[0.7112820512820514, 0.7990384615384616, 0.775, 0.7715320910973085, 0.7500000000000001, 0.7970893141945774, 0.7522541250383212, 0.839871794871795, 0.746474358974359, 0.8302484472049689]","[0.751164596273292, 0.8074534161490682, 0.7839920948616601, 0.7829380764163373, 0.7859259259259259, 0.8326685660018992, 0.7613064713064713, 0.8841269841269841, 0.8134920634920636, 0.8706959706959708]","[0.717391304347826, 0.8043478260869565, 0.782608695652174, 0.782608695652174, 0.7555555555555555, 0.8, 0.7555555555555555, 0.8444444444444444, 0.7555555555555555, 0.8444444444444444]","[0.7103678929765885, 0.802257525083612, 0.782608695652174, 0.7802232424160591, 0.7555555555555555, 0.7977494240652134, 0.7542064635282733, 0.8423475783475783, 0.7498290598290598, 0.8369192546583851]","[array([[11,  1,  0,  0],
       [ 3,  5,  0,  1],
       [ 0,  0,  9,  1],
       [ 0,  0,  7,  8]]), array([[11,  0,  0,  1],
       [ 3,  6,  0,  0],
       [ 0,  0,  8,  2],
       [ 0,  1,  2, 12]]), array([[ 7,  4,  0,  0],
       [ 2,  7,  0,  1],
       [ 0,  0,  9,  1],
       [ 1,  0,  1, 13]]), array([[ 8,  2,  1,  0],
       [ 3,  6,  0,  1],
       [ 0,  0,  9,  1],
       [ 1,  0,  1, 13]]), array([[ 7,  3,  1,  0],
       [ 3,  7,  0,  0],
       [ 0,  0, 10,  0],
       [ 0,  0,  4, 10]]), array([[10,  1,  0,  0],
       [ 3,  7,  0,  0],
       [ 0,  0,  9,  0],
       [ 0,  1,  4, 10]]), array([[ 8,  2,  1,  0],
       [ 1,  6,  0,  2],
       [ 0,  0,  9,  1],
       [ 1,  0,  3, 11]]), array([[11,  0,  0,  0],
       [ 3,  6,  0,  0],
       [ 0,  0, 10,  0],
       [ 0,  0,  4, 11]]), array([[10,  1,  0,  0],
       [ 4,  5,  0,  0],
       [ 0,  0, 10,  0],
       [ 0,  0,  6,  9]]), array([[11,  0,  0,  0],
       [ 3,  5,  0,  1],
       [ 0,  0, 10,  0],
       [ 0,  0,  3, 12]])]"
32,"[1.0, 1.0, 1.0, 1.0, 1.0, 1.0, 1.0, 1.0, 1.0, 1.0]","[1.0, 1.0, 1.0, 1.0, 1.0, 1.0, 1.0, 1.0, 1.0, 1.0]","[1.0, 1.0, 1.0, 1.0, 1.0, 1.0, 1.0, 1.0, 1.0, 1.0]","[1.0, 1.0, 1.0, 1.0, 1.0, 1.0, 1.0, 1.0, 1.0, 1.0]","[1.0, 1.0, 1.0, 1.0, 1.0, 1.0, 1.0, 1.0, 1.0, 1.0]","[1.0, 1.0, 1.0, 1.0, 1.0, 1.0, 1.0, 1.0, 1.0, 1.0]","[1.0, 1.0, 1.0, 1.0, 1.0, 1.0, 1.0, 1.0, 1.0, 1.0]","[1.0, 1.0, 1.0, 1.0, 1.0, 1.0, 1.0, 1.0, 1.0, 1.0]","[1.0, 1.0, 1.0, 1.0, 1.0, 1.0, 1.0, 1.0, 1.0, 1.0]","[1.0, 1.0, 1.0, 1.0, 1.0, 1.0, 1.0, 1.0, 1.0, 1.0]","[array([[134,   0,   0,   0],
       [  0, 134,   0,   0],
       [  0,   0, 134,   0],
       [  0,   0,   0, 134]]), array([[134,   0,   0,   0],
       [  0, 134,   0,   0],
       [  0,   0, 134,   0],
       [  0,   0,   0, 134]]), array([[134,   0,   0,   0],
       [  0, 134,   0,   0],
       [  0,   0, 134,   0],
       [  0,   0,   0, 134]]), array([[134,   0,   0,   0],
       [  0, 134,   0,   0],
       [  0,   0, 134,   0],
       [  0,   0,   0, 134]]), array([[135,   0,   0,   0],
       [  0, 135,   0,   0],
       [  0,   0, 135,   0],
       [  0,   0,   0, 135]]), array([[134,   0,   0,   0],
       [  0, 134,   0,   0],
       [  0,   0, 134,   0],
       [  0,   0,   0, 134]]), array([[134,   0,   0,   0],
       [  0, 134,   0,   0],
       [  0,   0, 134,   0],
       [  0,   0,   0, 134]]), array([[134,   0,   0,   0],
       [  0, 134,   0,   0],
       [  0,   0, 134,   0],
       [  0,   0,   0, 134]]), array([[134,   0,   0,   0],
       [  0, 134,   0,   0],
       [  0,   0, 134,   0],
       [  0,   0,   0, 134]]), array([[134,   0,   0,   0],
       [  0, 134,   0,   0],
       [  0,   0, 134,   0],
       [  0,   0,   0, 134]])]","[0.6956521739130435, 0.8043478260869565, 0.7608695652173914, 0.782608695652174, 0.7333333333333333, 0.8222222222222222, 0.6888888888888889, 0.8222222222222222, 0.8, 0.8222222222222222]","[0.6956521739130435, 0.8043478260869565, 0.7608695652173914, 0.782608695652174, 0.7333333333333333, 0.8222222222222222, 0.6888888888888889, 0.8222222222222222, 0.8, 0.8222222222222222]","[0.6956521739130435, 0.8043478260869565, 0.7608695652173914, 0.782608695652174, 0.7333333333333333, 0.8222222222222222, 0.6888888888888889, 0.8222222222222222, 0.8, 0.8222222222222222]","[0.6956521739130435, 0.8043478260869565, 0.7608695652173914, 0.782608695652174, 0.7333333333333333, 0.8222222222222222, 0.6888888888888889, 0.8222222222222222, 0.8, 0.8222222222222222]","[0.7239583333333333, 0.8107142857142857, 0.7534965034965035, 0.7902597402597403, 0.737987012987013, 0.8242521367521367, 0.6934523809523809, 0.861904761904762, 0.8232600732600732, 0.8237179487179487]","[0.6986111111111111, 0.7958333333333334, 0.759090909090909, 0.7712121212121212, 0.7376623376623377, 0.8356060606060606, 0.6957070707070707, 0.8222222222222222, 0.8106060606060606, 0.8161616161616161]","[0.6796377696377697, 0.7990384615384616, 0.7543290043290043, 0.7672023809523809, 0.7291666666666667, 0.8183680354732986, 0.6843297101449275, 0.809981684981685, 0.7958333333333334, 0.8066770186335404]","[0.7309782608695652, 0.8074534161490682, 0.7693827911219216, 0.7953604366647845, 0.7523520923520923, 0.8442070275403608, 0.6986772486772487, 0.8713227513227513, 0.8409442409442409, 0.8333333333333334]","[0.6956521739130435, 0.8043478260869565, 0.7608695652173914, 0.782608695652174, 0.7333333333333333, 0.8222222222222222, 0.6888888888888889, 0.8222222222222222, 0.8, 0.8222222222222222]","[0.6835589531241706, 0.802257525083612, 0.7629399585921325, 0.7769875776397516, 0.734074074074074, 0.8209262472420368, 0.6839371980676329, 0.8169312169312171, 0.7981481481481483, 0.8159880377271681]","[array([[11,  1,  0,  0],
       [ 4,  4,  0,  1],
       [ 0,  0,  9,  1],
       [ 0,  0,  7,  8]]), array([[11,  0,  0,  1],
       [ 3,  6,  0,  0],
       [ 0,  0,  8,  2],
       [ 0,  1,  2, 12]]), array([[ 7,  4,  0,  0],
       [ 3,  7,  0,  0],
       [ 0,  0,  9,  1],
       [ 1,  0,  2, 12]]), array([[ 9,  1,  1,  0],
       [ 4,  5,  0,  1],
       [ 0,  0,  9,  1],
       [ 1,  0,  1, 13]]), array([[ 7,  3,  1,  0],
       [ 3,  7,  0,  0],
       [ 0,  0,  9,  1],
       [ 0,  0,  4, 10]]), array([[10,  1,  0,  0],
       [ 3,  7,  0,  0],
       [ 0,  0,  9,  0],
       [ 0,  1,  3, 11]]), array([[8, 2, 1, 0],
       [2, 5, 0, 2],
       [0, 0, 9, 1],
       [2, 0, 4, 9]]), array([[11,  0,  0,  0],
       [ 4,  5,  0,  0],
       [ 0,  0, 10,  0],
       [ 0,  0,  4, 11]]), array([[10,  1,  0,  0],
       [ 3,  6,  0,  0],
       [ 0,  0, 10,  0],
       [ 0,  0,  5, 10]]), array([[10,  1,  0,  0],
       [ 3,  5,  0,  1],
       [ 0,  0, 10,  0],
       [ 0,  0,  3, 12]])]"
33,"[1.0, 1.0, 1.0, 1.0, 1.0, 1.0, 1.0, 1.0, 1.0, 1.0]","[1.0, 1.0, 1.0, 1.0, 1.0, 1.0, 1.0, 1.0, 1.0, 1.0]","[1.0, 1.0, 1.0, 1.0, 1.0, 1.0, 1.0, 1.0, 1.0, 1.0]","[1.0, 1.0, 1.0, 1.0, 1.0, 1.0, 1.0, 1.0, 1.0, 1.0]","[1.0, 1.0, 1.0, 1.0, 1.0, 1.0, 1.0, 1.0, 1.0, 1.0]","[1.0, 1.0, 1.0, 1.0, 1.0, 1.0, 1.0, 1.0, 1.0, 1.0]","[1.0, 1.0, 1.0, 1.0, 1.0, 1.0, 1.0, 1.0, 1.0, 1.0]","[1.0, 1.0, 1.0, 1.0, 1.0, 1.0, 1.0, 1.0, 1.0, 1.0]","[1.0, 1.0, 1.0, 1.0, 1.0, 1.0, 1.0, 1.0, 1.0, 1.0]","[1.0, 1.0, 1.0, 1.0, 1.0, 1.0, 1.0, 1.0, 1.0, 1.0]","[array([[134,   0,   0,   0],
       [  0, 134,   0,   0],
       [  0,   0, 134,   0],
       [  0,   0,   0, 134]]), array([[134,   0,   0,   0],
       [  0, 134,   0,   0],
       [  0,   0, 134,   0],
       [  0,   0,   0, 134]]), array([[134,   0,   0,   0],
       [  0, 134,   0,   0],
       [  0,   0, 134,   0],
       [  0,   0,   0, 134]]), array([[134,   0,   0,   0],
       [  0, 134,   0,   0],
       [  0,   0, 134,   0],
       [  0,   0,   0, 134]]), array([[135,   0,   0,   0],
       [  0, 135,   0,   0],
       [  0,   0, 135,   0],
       [  0,   0,   0, 135]]), array([[134,   0,   0,   0],
       [  0, 134,   0,   0],
       [  0,   0, 134,   0],
       [  0,   0,   0, 134]]), array([[134,   0,   0,   0],
       [  0, 134,   0,   0],
       [  0,   0, 134,   0],
       [  0,   0,   0, 134]]), array([[134,   0,   0,   0],
       [  0, 134,   0,   0],
       [  0,   0, 134,   0],
       [  0,   0,   0, 134]]), array([[134,   0,   0,   0],
       [  0, 134,   0,   0],
       [  0,   0, 134,   0],
       [  0,   0,   0, 134]]), array([[134,   0,   0,   0],
       [  0, 134,   0,   0],
       [  0,   0, 134,   0],
       [  0,   0,   0, 134]])]","[0.6521739130434783, 0.8260869565217391, 0.717391304347826, 0.782608695652174, 0.7333333333333333, 0.8444444444444444, 0.7555555555555555, 0.7777777777777778, 0.7333333333333333, 0.7555555555555555]","[0.6521739130434783, 0.8260869565217391, 0.717391304347826, 0.782608695652174, 0.7333333333333333, 0.8444444444444444, 0.7555555555555555, 0.7777777777777778, 0.7333333333333333, 0.7555555555555555]","[0.6521739130434783, 0.8260869565217391, 0.717391304347826, 0.782608695652174, 0.7333333333333333, 0.8444444444444444, 0.7555555555555555, 0.7777777777777778, 0.7333333333333333, 0.7555555555555555]","[0.6521739130434783, 0.8260869565217391, 0.717391304347826, 0.782608695652174, 0.7333333333333333, 0.8444444444444444, 0.7555555555555555, 0.7777777777777778, 0.7333333333333333, 0.7555555555555555]","[0.686172385620915, 0.8461038961038961, 0.714935064935065, 0.7902597402597403, 0.737987012987013, 0.8458333333333333, 0.7570054945054945, 0.7916666666666666, 0.7578983516483516, 0.8256302521008404]","[0.6541666666666667, 0.8166666666666667, 0.7257575757575757, 0.7712121212121212, 0.7376623376623377, 0.8606060606060606, 0.7568181818181818, 0.7878787878787878, 0.7434343434343434, 0.7661616161616162]","[0.6243131868131868, 0.8195949644225506, 0.7097319347319347, 0.7672023809523809, 0.7291666666666667, 0.843215480172002, 0.7522541250383212, 0.7721227621483375, 0.7235576923076923, 0.7512566137566137]","[0.6947996589940324, 0.8419536984754376, 0.7343308865047995, 0.7953604366647845, 0.7523520923520923, 0.8648148148148149, 0.7613064713064713, 0.8148148148148148, 0.7843101343101343, 0.8386554621848739]","[0.6521739130434783, 0.8260869565217391, 0.717391304347826, 0.782608695652174, 0.7333333333333333, 0.8444444444444444, 0.7555555555555555, 0.7777777777777778, 0.7333333333333333, 0.7555555555555555]","[0.6304148749800923, 0.8239023345470123, 0.7146042363433669, 0.7769875776397516, 0.734074074074074, 0.8438180177310611, 0.7542064635282733, 0.7769252628587667, 0.7292735042735043, 0.7530217519106407]","[array([[11,  1,  0,  0],
       [ 5,  3,  0,  1],
       [ 0,  0,  9,  1],
       [ 0,  0,  8,  7]]), array([[12,  0,  0,  0],
       [ 3,  6,  0,  0],
       [ 0,  0,  8,  2],
       [ 0,  0,  3, 12]]), array([[ 7,  4,  0,  0],
       [ 3,  6,  0,  1],
       [ 0,  0, 10,  0],
       [ 1,  0,  4, 10]]), array([[ 9,  1,  1,  0],
       [ 4,  5,  0,  1],
       [ 0,  0,  9,  1],
       [ 1,  0,  1, 13]]), array([[ 7,  3,  1,  0],
       [ 3,  7,  0,  0],
       [ 0,  0,  9,  1],
       [ 0,  0,  4, 10]]), array([[10,  1,  0,  0],
       [ 2,  8,  0,  0],
       [ 0,  0,  9,  0],
       [ 0,  1,  3, 11]]), array([[ 8,  2,  1,  0],
       [ 1,  6,  0,  2],
       [ 0,  0,  9,  1],
       [ 1,  0,  3, 11]]), array([[ 9,  2,  0,  0],
       [ 3,  6,  0,  0],
       [ 0,  0, 10,  0],
       [ 0,  0,  5, 10]]), array([[ 9,  2,  0,  0],
       [ 4,  5,  0,  0],
       [ 0,  0, 10,  0],
       [ 0,  0,  6,  9]]), array([[10,  0,  1,  0],
       [ 4,  5,  0,  0],
       [ 0,  0, 10,  0],
       [ 0,  0,  6,  9]])]"
34,"[1.0, 1.0, 1.0, 1.0, 1.0, 1.0, 1.0, 1.0, 1.0, 1.0]","[1.0, 1.0, 1.0, 1.0, 1.0, 1.0, 1.0, 1.0, 1.0, 1.0]","[1.0, 1.0, 1.0, 1.0, 1.0, 1.0, 1.0, 1.0, 1.0, 1.0]","[1.0, 1.0, 1.0, 1.0, 1.0, 1.0, 1.0, 1.0, 1.0, 1.0]","[1.0, 1.0, 1.0, 1.0, 1.0, 1.0, 1.0, 1.0, 1.0, 1.0]","[1.0, 1.0, 1.0, 1.0, 1.0, 1.0, 1.0, 1.0, 1.0, 1.0]","[1.0, 1.0, 1.0, 1.0, 1.0, 1.0, 1.0, 1.0, 1.0, 1.0]","[1.0, 1.0, 1.0, 1.0, 1.0, 1.0, 1.0, 1.0, 1.0, 1.0]","[1.0, 1.0, 1.0, 1.0, 1.0, 1.0, 1.0, 1.0, 1.0, 1.0]","[1.0, 1.0, 1.0, 1.0, 1.0, 1.0, 1.0, 1.0, 1.0, 1.0]","[array([[134,   0,   0,   0],
       [  0, 134,   0,   0],
       [  0,   0, 134,   0],
       [  0,   0,   0, 134]]), array([[134,   0,   0,   0],
       [  0, 134,   0,   0],
       [  0,   0, 134,   0],
       [  0,   0,   0, 134]]), array([[134,   0,   0,   0],
       [  0, 134,   0,   0],
       [  0,   0, 134,   0],
       [  0,   0,   0, 134]]), array([[134,   0,   0,   0],
       [  0, 134,   0,   0],
       [  0,   0, 134,   0],
       [  0,   0,   0, 134]]), array([[135,   0,   0,   0],
       [  0, 135,   0,   0],
       [  0,   0, 135,   0],
       [  0,   0,   0, 135]]), array([[134,   0,   0,   0],
       [  0, 134,   0,   0],
       [  0,   0, 134,   0],
       [  0,   0,   0, 134]]), array([[134,   0,   0,   0],
       [  0, 134,   0,   0],
       [  0,   0, 134,   0],
       [  0,   0,   0, 134]]), array([[134,   0,   0,   0],
       [  0, 134,   0,   0],
       [  0,   0, 134,   0],
       [  0,   0,   0, 134]]), array([[134,   0,   0,   0],
       [  0, 134,   0,   0],
       [  0,   0, 134,   0],
       [  0,   0,   0, 134]]), array([[134,   0,   0,   0],
       [  0, 134,   0,   0],
       [  0,   0, 134,   0],
       [  0,   0,   0, 134]])]","[0.6739130434782609, 0.8260869565217391, 0.782608695652174, 0.782608695652174, 0.7111111111111111, 0.8, 0.7333333333333333, 0.8222222222222222, 0.8, 0.7777777777777778]","[0.6739130434782609, 0.8260869565217391, 0.782608695652174, 0.782608695652174, 0.7111111111111111, 0.8, 0.7333333333333333, 0.8222222222222222, 0.8, 0.7777777777777778]","[0.6739130434782609, 0.8260869565217391, 0.782608695652174, 0.782608695652174, 0.7111111111111111, 0.8, 0.7333333333333333, 0.8222222222222222, 0.8, 0.7777777777777778]","[0.6739130434782609, 0.8260869565217391, 0.782608695652174, 0.782608695652174, 0.7111111111111111, 0.8, 0.7333333333333333, 0.8222222222222222, 0.8, 0.7777777777777778]","[0.7532679738562091, 0.8464285714285713, 0.7731934731934733, 0.7902597402597403, 0.719047619047619, 0.8098290598290598, 0.7405219780219781, 0.8351648351648352, 0.8154761904761905, 0.8385416666666666]","[0.675, 0.8236111111111111, 0.7840909090909092, 0.7712121212121212, 0.7175324675324675, 0.8189393939393939, 0.7401515151515151, 0.8272727272727273, 0.7994949494949495, 0.7777777777777778]","[0.6443965517241379, 0.8302884615384616, 0.7748917748917749, 0.7672023809523809, 0.7068077803203661, 0.7970893141945774, 0.7330182072829132, 0.8157051282051283, 0.7865384615384616, 0.7575498575498576]","[0.7485080988917305, 0.8354037267080746, 0.7878939900679032, 0.7953604366647845, 0.733968253968254, 0.8326685660018992, 0.7448229548229548, 0.8515262515262514, 0.8333333333333334, 0.849537037037037]","[0.6739130434782609, 0.8260869565217391, 0.782608695652174, 0.782608695652174, 0.7111111111111111, 0.8, 0.7333333333333333, 0.8222222222222222, 0.8, 0.7777777777777778]","[0.6488630684657671, 0.8267140468227424, 0.7814793901750423, 0.7769875776397516, 0.7103991863717264, 0.7977494240652134, 0.7321817615935262, 0.8209401709401709, 0.7961253561253562, 0.7666983222538778]","[array([[12,  0,  0,  0],
       [ 5,  3,  0,  1],
       [ 0,  0,  9,  1],
       [ 0,  0,  8,  7]]), array([[11,  0,  0,  1],
       [ 2,  7,  0,  0],
       [ 0,  0,  8,  2],
       [ 1,  0,  2, 12]]), array([[ 7,  4,  0,  0],
       [ 2,  7,  0,  1],
       [ 0,  0, 10,  0],
       [ 1,  0,  2, 12]]), array([[ 9,  1,  1,  0],
       [ 4,  5,  0,  1],
       [ 0,  0,  9,  1],
       [ 1,  0,  1, 13]]), array([[8, 3, 0, 0],
       [4, 6, 0, 0],
       [0, 0, 9, 1],
       [0, 0, 5, 9]]), array([[10,  1,  0,  0],
       [ 3,  7,  0,  0],
       [ 0,  0,  9,  0],
       [ 0,  1,  4, 10]]), array([[ 8,  2,  1,  0],
       [ 1,  6,  0,  2],
       [ 0,  0,  9,  1],
       [ 1,  0,  4, 10]]), array([[10,  1,  0,  0],
       [ 3,  6,  0,  0],
       [ 0,  0, 10,  0],
       [ 0,  0,  4, 11]]), array([[10,  1,  0,  0],
       [ 4,  5,  0,  0],
       [ 0,  0, 10,  0],
       [ 0,  0,  4, 11]]), array([[11,  0,  0,  0],
       [ 5,  4,  0,  0],
       [ 0,  0, 10,  0],
       [ 0,  0,  5, 10]])]"
35,"[1.0, 1.0, 1.0, 1.0, 1.0, 1.0, 1.0, 1.0, 1.0, 1.0]","[1.0, 1.0, 1.0, 1.0, 1.0, 1.0, 1.0, 1.0, 1.0, 1.0]","[1.0, 1.0, 1.0, 1.0, 1.0, 1.0, 1.0, 1.0, 1.0, 1.0]","[1.0, 1.0, 1.0, 1.0, 1.0, 1.0, 1.0, 1.0, 1.0, 1.0]","[1.0, 1.0, 1.0, 1.0, 1.0, 1.0, 1.0, 1.0, 1.0, 1.0]","[1.0, 1.0, 1.0, 1.0, 1.0, 1.0, 1.0, 1.0, 1.0, 1.0]","[1.0, 1.0, 1.0, 1.0, 1.0, 1.0, 1.0, 1.0, 1.0, 1.0]","[1.0, 1.0, 1.0, 1.0, 1.0, 1.0, 1.0, 1.0, 1.0, 1.0]","[1.0, 1.0, 1.0, 1.0, 1.0, 1.0, 1.0, 1.0, 1.0, 1.0]","[1.0, 1.0, 1.0, 1.0, 1.0, 1.0, 1.0, 1.0, 1.0, 1.0]","[array([[134,   0,   0,   0],
       [  0, 134,   0,   0],
       [  0,   0, 134,   0],
       [  0,   0,   0, 134]]), array([[134,   0,   0,   0],
       [  0, 134,   0,   0],
       [  0,   0, 134,   0],
       [  0,   0,   0, 134]]), array([[134,   0,   0,   0],
       [  0, 134,   0,   0],
       [  0,   0, 134,   0],
       [  0,   0,   0, 134]]), array([[134,   0,   0,   0],
       [  0, 134,   0,   0],
       [  0,   0, 134,   0],
       [  0,   0,   0, 134]]), array([[135,   0,   0,   0],
       [  0, 135,   0,   0],
       [  0,   0, 135,   0],
       [  0,   0,   0, 135]]), array([[134,   0,   0,   0],
       [  0, 134,   0,   0],
       [  0,   0, 134,   0],
       [  0,   0,   0, 134]]), array([[134,   0,   0,   0],
       [  0, 134,   0,   0],
       [  0,   0, 134,   0],
       [  0,   0,   0, 134]]), array([[134,   0,   0,   0],
       [  0, 134,   0,   0],
       [  0,   0, 134,   0],
       [  0,   0,   0, 134]]), array([[134,   0,   0,   0],
       [  0, 134,   0,   0],
       [  0,   0, 134,   0],
       [  0,   0,   0, 134]]), array([[134,   0,   0,   0],
       [  0, 134,   0,   0],
       [  0,   0, 134,   0],
       [  0,   0,   0, 134]])]","[0.6956521739130435, 0.8260869565217391, 0.7391304347826086, 0.7608695652173914, 0.7555555555555555, 0.7777777777777778, 0.7333333333333333, 0.8222222222222222, 0.7555555555555555, 0.7555555555555555]","[0.6956521739130435, 0.8260869565217391, 0.7391304347826086, 0.7608695652173914, 0.7555555555555555, 0.7777777777777778, 0.7333333333333333, 0.8222222222222222, 0.7555555555555555, 0.7555555555555555]","[0.6956521739130435, 0.8260869565217391, 0.7391304347826086, 0.7608695652173914, 0.7555555555555555, 0.7777777777777778, 0.7333333333333333, 0.8222222222222222, 0.7555555555555555, 0.7555555555555555]","[0.6956521739130435, 0.8260869565217391, 0.7391304347826086, 0.7608695652173914, 0.7555555555555555, 0.7777777777777778, 0.7333333333333333, 0.8222222222222222, 0.7555555555555555, 0.7555555555555555]","[0.7239583333333333, 0.8461038961038961, 0.7331293706293707, 0.7708333333333334, 0.78125, 0.7891483516483517, 0.7405219780219781, 0.863095238095238, 0.7683150183150182, 0.7876602564102564]","[0.6986111111111111, 0.8166666666666667, 0.7424242424242424, 0.7545454545454546, 0.7652597402597402, 0.7939393939393938, 0.7401515151515151, 0.8333333333333333, 0.76010101010101, 0.76010101010101]","[0.6796377696377697, 0.8195949644225506, 0.7343073593073592, 0.7476920062695924, 0.7575966183574879, 0.7712121212121212, 0.7330182072829132, 0.8200000000000001, 0.7437499999999999, 0.746474358974359]","[0.7309782608695652, 0.8419536984754376, 0.7446944359987838, 0.7774327122153208, 0.7911111111111111, 0.8130647130647131, 0.7448229548229548, 0.8735449735449735, 0.7935693935693935, 0.808119658119658]","[0.6956521739130435, 0.8260869565217391, 0.7391304347826086, 0.7608695652173914, 0.7555555555555555, 0.7777777777777778, 0.7333333333333333, 0.8222222222222222, 0.7555555555555555, 0.7555555555555555]","[0.6835589531241706, 0.8239023345470123, 0.7384246188594014, 0.7557741583753578, 0.7574771873322599, 0.7740067340067339, 0.7321817615935262, 0.8195555555555555, 0.7527777777777778, 0.7542735042735043]","[array([[11,  1,  0,  0],
       [ 4,  4,  0,  1],
       [ 0,  0,  9,  1],
       [ 0,  0,  7,  8]]), array([[12,  0,  0,  0],
       [ 3,  6,  0,  0],
       [ 0,  0,  8,  2],
       [ 0,  0,  3, 12]]), array([[ 7,  4,  0,  0],
       [ 2,  7,  0,  1],
       [ 0,  0,  9,  1],
       [ 1,  0,  3, 11]]), array([[ 9,  1,  1,  0],
       [ 4,  5,  0,  1],
       [ 0,  0,  9,  1],
       [ 1,  0,  2, 12]]), array([[9, 1, 1, 0],
       [3, 7, 0, 0],
       [0, 0, 9, 1],
       [0, 0, 5, 9]]), array([[10,  1,  0,  0],
       [ 4,  6,  0,  0],
       [ 0,  0,  9,  0],
       [ 0,  1,  4, 10]]), array([[ 8,  2,  1,  0],
       [ 1,  6,  0,  2],
       [ 0,  0,  9,  1],
       [ 1,  0,  4, 10]]), array([[11,  0,  0,  0],
       [ 3,  6,  0,  0],
       [ 0,  0, 10,  0],
       [ 0,  0,  5, 10]]), array([[ 9,  2,  0,  0],
       [ 4,  5,  0,  0],
       [ 0,  0, 10,  0],
       [ 0,  0,  5, 10]]), array([[ 9,  1,  1,  0],
       [ 4,  5,  0,  0],
       [ 0,  0, 10,  0],
       [ 0,  0,  5, 10]])]"
36,"[1.0, 1.0, 1.0, 1.0, 1.0, 1.0, 1.0, 1.0, 1.0, 1.0]","[1.0, 1.0, 1.0, 1.0, 1.0, 1.0, 1.0, 1.0, 1.0, 1.0]","[1.0, 1.0, 1.0, 1.0, 1.0, 1.0, 1.0, 1.0, 1.0, 1.0]","[1.0, 1.0, 1.0, 1.0, 1.0, 1.0, 1.0, 1.0, 1.0, 1.0]","[1.0, 1.0, 1.0, 1.0, 1.0, 1.0, 1.0, 1.0, 1.0, 1.0]","[1.0, 1.0, 1.0, 1.0, 1.0, 1.0, 1.0, 1.0, 1.0, 1.0]","[1.0, 1.0, 1.0, 1.0, 1.0, 1.0, 1.0, 1.0, 1.0, 1.0]","[1.0, 1.0, 1.0, 1.0, 1.0, 1.0, 1.0, 1.0, 1.0, 1.0]","[1.0, 1.0, 1.0, 1.0, 1.0, 1.0, 1.0, 1.0, 1.0, 1.0]","[1.0, 1.0, 1.0, 1.0, 1.0, 1.0, 1.0, 1.0, 1.0, 1.0]","[array([[134,   0,   0,   0],
       [  0, 134,   0,   0],
       [  0,   0, 134,   0],
       [  0,   0,   0, 134]]), array([[134,   0,   0,   0],
       [  0, 134,   0,   0],
       [  0,   0, 134,   0],
       [  0,   0,   0, 134]]), array([[134,   0,   0,   0],
       [  0, 134,   0,   0],
       [  0,   0, 134,   0],
       [  0,   0,   0, 134]]), array([[134,   0,   0,   0],
       [  0, 134,   0,   0],
       [  0,   0, 134,   0],
       [  0,   0,   0, 134]]), array([[135,   0,   0,   0],
       [  0, 135,   0,   0],
       [  0,   0, 135,   0],
       [  0,   0,   0, 135]]), array([[134,   0,   0,   0],
       [  0, 134,   0,   0],
       [  0,   0, 134,   0],
       [  0,   0,   0, 134]]), array([[134,   0,   0,   0],
       [  0, 134,   0,   0],
       [  0,   0, 134,   0],
       [  0,   0,   0, 134]]), array([[134,   0,   0,   0],
       [  0, 134,   0,   0],
       [  0,   0, 134,   0],
       [  0,   0,   0, 134]]), array([[134,   0,   0,   0],
       [  0, 134,   0,   0],
       [  0,   0, 134,   0],
       [  0,   0,   0, 134]]), array([[134,   0,   0,   0],
       [  0, 134,   0,   0],
       [  0,   0, 134,   0],
       [  0,   0,   0, 134]])]","[0.717391304347826, 0.8260869565217391, 0.6956521739130435, 0.782608695652174, 0.7333333333333333, 0.7777777777777778, 0.7555555555555555, 0.8222222222222222, 0.7555555555555555, 0.7777777777777778]","[0.717391304347826, 0.8260869565217391, 0.6956521739130435, 0.782608695652174, 0.7333333333333333, 0.7777777777777778, 0.7555555555555555, 0.8222222222222222, 0.7555555555555555, 0.7777777777777778]","[0.717391304347826, 0.8260869565217391, 0.6956521739130435, 0.782608695652174, 0.7333333333333333, 0.7777777777777778, 0.7555555555555555, 0.8222222222222222, 0.7555555555555555, 0.7777777777777778]","[0.717391304347826, 0.8260869565217391, 0.6956521739130435, 0.782608695652174, 0.7333333333333333, 0.7777777777777778, 0.7555555555555555, 0.8222222222222222, 0.7555555555555555, 0.7777777777777778]","[0.778125, 0.8495535714285714, 0.6912878787878788, 0.7753787878787879, 0.7729166666666667, 0.7891483516483517, 0.7653388278388278, 0.8292124542124543, 0.7683150183150182, 0.8225108225108225]","[0.7194444444444444, 0.8125, 0.7007575757575757, 0.7734848484848484, 0.737987012987013, 0.7939393939393938, 0.7517676767676768, 0.8161616161616161, 0.76010101010101, 0.7828282828282828]","[0.7012087912087913, 0.8212158808933003, 0.6916786916786917, 0.7715320910973085, 0.7141706924315621, 0.7712121212121212, 0.7476261869065468, 0.806280193236715, 0.7437499999999999, 0.7708791208791208]","[0.7744565217391305, 0.8394798136645963, 0.7055335968379446, 0.7829380764163373, 0.7898148148148147, 0.8130647130647131, 0.7657509157509158, 0.8455433455433456, 0.7935693935693935, 0.8257816257816257]","[0.717391304347826, 0.8260869565217391, 0.6956521739130435, 0.782608695652174, 0.7333333333333333, 0.7777777777777778, 0.7555555555555555, 0.8222222222222222, 0.7555555555555555, 0.7777777777777778]","[0.7032011466794075, 0.8246628546768799, 0.6958090218959785, 0.7802232424160591, 0.7208445160135982, 0.7740067340067339, 0.751424287856072, 0.8184219001610304, 0.7527777777777778, 0.7726007326007326]","[array([[12,  0,  0,  0],
       [ 4,  4,  0,  1],
       [ 0,  0,  9,  1],
       [ 0,  0,  7,  8]]), array([[11,  0,  0,  1],
       [ 3,  6,  0,  0],
       [ 0,  0,  8,  2],
       [ 0,  0,  2, 13]]), array([[ 7,  4,  0,  0],
       [ 3,  6,  0,  1],
       [ 0,  0,  9,  1],
       [ 1,  1,  3, 10]]), array([[ 8,  2,  1,  0],
       [ 3,  6,  0,  1],
       [ 0,  0,  9,  1],
       [ 1,  0,  1, 13]]), array([[10,  1,  0,  0],
       [ 6,  4,  0,  0],
       [ 0,  0, 10,  0],
       [ 0,  0,  5,  9]]), array([[10,  1,  0,  0],
       [ 4,  6,  0,  0],
       [ 0,  0,  9,  0],
       [ 0,  1,  4, 10]]), array([[ 9,  1,  1,  0],
       [ 2,  5,  0,  2],
       [ 0,  0,  9,  1],
       [ 1,  0,  3, 11]]), array([[10,  1,  0,  0],
       [ 4,  5,  0,  0],
       [ 0,  0, 10,  0],
       [ 0,  0,  3, 12]]), array([[ 9,  2,  0,  0],
       [ 4,  5,  0,  0],
       [ 0,  0, 10,  0],
       [ 0,  0,  5, 10]]), array([[10,  0,  0,  1],
       [ 4,  5,  0,  0],
       [ 0,  0, 10,  0],
       [ 0,  0,  5, 10]])]"
37,"[1.0, 1.0, 1.0, 1.0, 1.0, 1.0, 1.0, 1.0, 1.0, 1.0]","[1.0, 1.0, 1.0, 1.0, 1.0, 1.0, 1.0, 1.0, 1.0, 1.0]","[1.0, 1.0, 1.0, 1.0, 1.0, 1.0, 1.0, 1.0, 1.0, 1.0]","[1.0, 1.0, 1.0, 1.0, 1.0, 1.0, 1.0, 1.0, 1.0, 1.0]","[1.0, 1.0, 1.0, 1.0, 1.0, 1.0, 1.0, 1.0, 1.0, 1.0]","[1.0, 1.0, 1.0, 1.0, 1.0, 1.0, 1.0, 1.0, 1.0, 1.0]","[1.0, 1.0, 1.0, 1.0, 1.0, 1.0, 1.0, 1.0, 1.0, 1.0]","[1.0, 1.0, 1.0, 1.0, 1.0, 1.0, 1.0, 1.0, 1.0, 1.0]","[1.0, 1.0, 1.0, 1.0, 1.0, 1.0, 1.0, 1.0, 1.0, 1.0]","[1.0, 1.0, 1.0, 1.0, 1.0, 1.0, 1.0, 1.0, 1.0, 1.0]","[array([[134,   0,   0,   0],
       [  0, 134,   0,   0],
       [  0,   0, 134,   0],
       [  0,   0,   0, 134]]), array([[134,   0,   0,   0],
       [  0, 134,   0,   0],
       [  0,   0, 134,   0],
       [  0,   0,   0, 134]]), array([[134,   0,   0,   0],
       [  0, 134,   0,   0],
       [  0,   0, 134,   0],
       [  0,   0,   0, 134]]), array([[134,   0,   0,   0],
       [  0, 134,   0,   0],
       [  0,   0, 134,   0],
       [  0,   0,   0, 134]]), array([[135,   0,   0,   0],
       [  0, 135,   0,   0],
       [  0,   0, 135,   0],
       [  0,   0,   0, 135]]), array([[134,   0,   0,   0],
       [  0, 134,   0,   0],
       [  0,   0, 134,   0],
       [  0,   0,   0, 134]]), array([[134,   0,   0,   0],
       [  0, 134,   0,   0],
       [  0,   0, 134,   0],
       [  0,   0,   0, 134]]), array([[134,   0,   0,   0],
       [  0, 134,   0,   0],
       [  0,   0, 134,   0],
       [  0,   0,   0, 134]]), array([[134,   0,   0,   0],
       [  0, 134,   0,   0],
       [  0,   0, 134,   0],
       [  0,   0,   0, 134]]), array([[134,   0,   0,   0],
       [  0, 134,   0,   0],
       [  0,   0, 134,   0],
       [  0,   0,   0, 134]])]","[0.717391304347826, 0.8913043478260869, 0.7608695652173914, 0.8260869565217391, 0.7555555555555555, 0.7777777777777778, 0.7777777777777778, 0.8222222222222222, 0.7555555555555555, 0.8]","[0.717391304347826, 0.8913043478260869, 0.7608695652173914, 0.8260869565217391, 0.7555555555555555, 0.7777777777777778, 0.7777777777777778, 0.8222222222222222, 0.7555555555555555, 0.8]","[0.717391304347826, 0.8913043478260869, 0.7608695652173914, 0.8260869565217391, 0.7555555555555555, 0.7777777777777778, 0.7777777777777778, 0.8222222222222222, 0.7555555555555555, 0.8]","[0.717391304347826, 0.8913043478260869, 0.7608695652173914, 0.8260869565217391, 0.7555555555555555, 0.7777777777777778, 0.7777777777777778, 0.8222222222222222, 0.7555555555555555, 0.8]","[0.776797385620915, 0.8996003996003996, 0.752922077922078, 0.8274621212121213, 0.7675324675324675, 0.7891483516483517, 0.7883366633366633, 0.8351648351648352, 0.7683150183150182, 0.8504464285714286]","[0.7305555555555556, 0.8972222222222221, 0.759090909090909, 0.8212121212121212, 0.7675324675324675, 0.7939393939393938, 0.7795454545454545, 0.8272727272727273, 0.76010101010101, 0.7944444444444445]","[0.7132936507936508, 0.8946347769877182, 0.7545155993431855, 0.8210489993098689, 0.7559523809523809, 0.7712121212121212, 0.7773528008722912, 0.8157051282051283, 0.7437499999999999, 0.7774216524216525]","[0.7730605285592498, 0.8981236155149198, 0.763099943534726, 0.8300395256916996, 0.7800288600288601, 0.8130647130647131, 0.7871794871794872, 0.8515262515262514, 0.7935693935693935, 0.8601190476190476]","[0.717391304347826, 0.8913043478260869, 0.7608695652173914, 0.8260869565217391, 0.7555555555555555, 0.7777777777777778, 0.7777777777777778, 0.8222222222222222, 0.7555555555555555, 0.8]","[0.7067805383022774, 0.8907844074084482, 0.7605482972799315, 0.8251717826387014, 0.7555555555555555, 0.7740067340067339, 0.7767866066966516, 0.8209401709401709, 0.7527777777777778, 0.7894903450459005]","[array([[12,  0,  0,  0],
       [ 3,  5,  0,  1],
       [ 0,  0,  9,  1],
       [ 0,  0,  8,  7]]), array([[12,  0,  0,  0],
       [ 1,  8,  0,  0],
       [ 0,  0,  9,  1],
       [ 1,  0,  2, 12]]), array([[ 7,  4,  0,  0],
       [ 2,  7,  0,  1],
       [ 0,  0,  9,  1],
       [ 1,  0,  2, 12]]), array([[ 9,  1,  1,  0],
       [ 2,  7,  0,  1],
       [ 0,  0,  9,  1],
       [ 1,  0,  1, 13]]), array([[8, 3, 0, 0],
       [2, 8, 0, 0],
       [0, 0, 9, 1],
       [0, 0, 5, 9]]), array([[10,  1,  0,  0],
       [ 4,  6,  0,  0],
       [ 0,  0,  9,  0],
       [ 0,  1,  4, 10]]), array([[ 9,  1,  1,  0],
       [ 1,  6,  0,  2],
       [ 0,  0,  9,  1],
       [ 1,  0,  3, 11]]), array([[10,  1,  0,  0],
       [ 3,  6,  0,  0],
       [ 0,  0, 10,  0],
       [ 0,  0,  4, 11]]), array([[ 9,  2,  0,  0],
       [ 4,  5,  0,  0],
       [ 0,  0, 10,  0],
       [ 0,  0,  5, 10]]), array([[11,  0,  0,  0],
       [ 5,  4,  0,  0],
       [ 0,  0, 10,  0],
       [ 0,  0,  4, 11]])]"
38,"[1.0, 1.0, 1.0, 1.0, 1.0, 1.0, 1.0, 1.0, 1.0, 1.0]","[1.0, 1.0, 1.0, 1.0, 1.0, 1.0, 1.0, 1.0, 1.0, 1.0]","[1.0, 1.0, 1.0, 1.0, 1.0, 1.0, 1.0, 1.0, 1.0, 1.0]","[1.0, 1.0, 1.0, 1.0, 1.0, 1.0, 1.0, 1.0, 1.0, 1.0]","[1.0, 1.0, 1.0, 1.0, 1.0, 1.0, 1.0, 1.0, 1.0, 1.0]","[1.0, 1.0, 1.0, 1.0, 1.0, 1.0, 1.0, 1.0, 1.0, 1.0]","[1.0, 1.0, 1.0, 1.0, 1.0, 1.0, 1.0, 1.0, 1.0, 1.0]","[1.0, 1.0, 1.0, 1.0, 1.0, 1.0, 1.0, 1.0, 1.0, 1.0]","[1.0, 1.0, 1.0, 1.0, 1.0, 1.0, 1.0, 1.0, 1.0, 1.0]","[1.0, 1.0, 1.0, 1.0, 1.0, 1.0, 1.0, 1.0, 1.0, 1.0]","[array([[134,   0,   0,   0],
       [  0, 134,   0,   0],
       [  0,   0, 134,   0],
       [  0,   0,   0, 134]]), array([[134,   0,   0,   0],
       [  0, 134,   0,   0],
       [  0,   0, 134,   0],
       [  0,   0,   0, 134]]), array([[134,   0,   0,   0],
       [  0, 134,   0,   0],
       [  0,   0, 134,   0],
       [  0,   0,   0, 134]]), array([[134,   0,   0,   0],
       [  0, 134,   0,   0],
       [  0,   0, 134,   0],
       [  0,   0,   0, 134]]), array([[135,   0,   0,   0],
       [  0, 135,   0,   0],
       [  0,   0, 135,   0],
       [  0,   0,   0, 135]]), array([[134,   0,   0,   0],
       [  0, 134,   0,   0],
       [  0,   0, 134,   0],
       [  0,   0,   0, 134]]), array([[134,   0,   0,   0],
       [  0, 134,   0,   0],
       [  0,   0, 134,   0],
       [  0,   0,   0, 134]]), array([[134,   0,   0,   0],
       [  0, 134,   0,   0],
       [  0,   0, 134,   0],
       [  0,   0,   0, 134]]), array([[134,   0,   0,   0],
       [  0, 134,   0,   0],
       [  0,   0, 134,   0],
       [  0,   0,   0, 134]]), array([[134,   0,   0,   0],
       [  0, 134,   0,   0],
       [  0,   0, 134,   0],
       [  0,   0,   0, 134]])]","[0.717391304347826, 0.8043478260869565, 0.7391304347826086, 0.7608695652173914, 0.7111111111111111, 0.7555555555555555, 0.6888888888888889, 0.8444444444444444, 0.7555555555555555, 0.8444444444444444]","[0.717391304347826, 0.8043478260869565, 0.7391304347826086, 0.7608695652173914, 0.7111111111111111, 0.7555555555555555, 0.6888888888888889, 0.8444444444444444, 0.7555555555555555, 0.8444444444444444]","[0.717391304347826, 0.8043478260869565, 0.7391304347826086, 0.7608695652173914, 0.7111111111111111, 0.7555555555555555, 0.6888888888888889, 0.8444444444444444, 0.7555555555555555, 0.8444444444444444]","[0.717391304347826, 0.8043478260869565, 0.7391304347826086, 0.7608695652173914, 0.7111111111111111, 0.7555555555555555, 0.6888888888888889, 0.8444444444444444, 0.7555555555555555, 0.8444444444444444]","[0.778125, 0.8076423576423576, 0.7263888888888889, 0.7708333333333334, 0.719047619047619, 0.7683150183150182, 0.6807255244755245, 0.875, 0.7683150183150182, 0.875]","[0.7194444444444444, 0.8, 0.7257575757575757, 0.7545454545454546, 0.7175324675324675, 0.7689393939393939, 0.6896464646464646, 0.85, 0.76010101010101, 0.85]","[0.7012087912087913, 0.7966269841269841, 0.7254195270785659, 0.7476920062695924, 0.7068077803203661, 0.7439119703825587, 0.6803733351047929, 0.839871794871795, 0.7437499999999999, 0.839871794871795]","[0.7744565217391305, 0.810420014767841, 0.7385265700483091, 0.7774327122153208, 0.733968253968254, 0.7934879934879935, 0.6908119658119658, 0.8841269841269841, 0.7935693935693935, 0.8841269841269841]","[0.717391304347826, 0.8043478260869565, 0.7391304347826086, 0.7608695652173914, 0.7111111111111111, 0.7555555555555555, 0.6888888888888889, 0.8444444444444444, 0.7555555555555555, 0.8444444444444444]","[0.7032011466794075, 0.8004658385093167, 0.7382350014923887, 0.7557741583753578, 0.7103991863717264, 0.7490561725855844, 0.6852108959525839, 0.8423475783475783, 0.7527777777777778, 0.8423475783475783]","[array([[12,  0,  0,  0],
       [ 4,  4,  0,  1],
       [ 0,  0,  9,  1],
       [ 0,  0,  7,  8]]), array([[12,  0,  0,  0],
       [ 3,  6,  0,  0],
       [ 0,  0,  8,  2],
       [ 0,  1,  3, 11]]), array([[ 7,  4,  0,  0],
       [ 4,  5,  0,  1],
       [ 0,  0,  9,  1],
       [ 1,  0,  1, 13]]), array([[ 9,  1,  1,  0],
       [ 4,  5,  0,  1],
       [ 0,  0,  9,  1],
       [ 1,  0,  2, 12]]), array([[8, 3, 0, 0],
       [4, 6, 0, 0],
       [0, 0, 9, 1],
       [0, 0, 5, 9]]), array([[10,  1,  0,  0],
       [ 5,  5,  0,  0],
       [ 0,  0,  9,  0],
       [ 0,  1,  4, 10]]), array([[ 7,  3,  1,  0],
       [ 2,  5,  0,  2],
       [ 0,  0,  9,  1],
       [ 2,  0,  3, 10]]), array([[11,  0,  0,  0],
       [ 3,  6,  0,  0],
       [ 0,  0, 10,  0],
       [ 0,  0,  4, 11]]), array([[ 9,  2,  0,  0],
       [ 4,  5,  0,  0],
       [ 0,  0, 10,  0],
       [ 0,  0,  5, 10]]), array([[11,  0,  0,  0],
       [ 3,  6,  0,  0],
       [ 0,  0, 10,  0],
       [ 0,  0,  4, 11]])]"
