n_neighbors value,Train_Accuracy,Train_Precision_micro,Train_Recall_micro,Train_f1_micro,Train_Precision_macro,Train_Recall_macro,Train_f1_macro,Train_Precision_weighted,Train_Recall_weighted,Train_f1_weighted,Train_Confusion_Matrix,Test_Accuracy,Test_Precision_micro,Test_Recall_micro,Test_f1_micro,Test_Precision_macro,Test_Recall_macro,Test_f1_macro,Test_Precision_weighted,Test_Recall_weighted,Test_f1_weighted,Test_Confusion_Matrix
1,"[1.0, 1.0, 1.0, 1.0, 1.0, 1.0, 1.0, 1.0, 1.0, 1.0]","[1.0, 1.0, 1.0, 1.0, 1.0, 1.0, 1.0, 1.0, 1.0, 1.0]","[1.0, 1.0, 1.0, 1.0, 1.0, 1.0, 1.0, 1.0, 1.0, 1.0]","[1.0, 1.0, 1.0, 1.0, 1.0, 1.0, 1.0, 1.0, 1.0, 1.0]","[1.0, 1.0, 1.0, 1.0, 1.0, 1.0, 1.0, 1.0, 1.0, 1.0]","[1.0, 1.0, 1.0, 1.0, 1.0, 1.0, 1.0, 1.0, 1.0, 1.0]","[1.0, 1.0, 1.0, 1.0, 1.0, 1.0, 1.0, 1.0, 1.0, 1.0]","[1.0, 1.0, 1.0, 1.0, 1.0, 1.0, 1.0, 1.0, 1.0, 1.0]","[1.0, 1.0, 1.0, 1.0, 1.0, 1.0, 1.0, 1.0, 1.0, 1.0]","[1.0, 1.0, 1.0, 1.0, 1.0, 1.0, 1.0, 1.0, 1.0, 1.0]","[array([[100,   0,   0,   0],
       [  0,  85,   0,   0],
       [  0,   0,  89,   0],
       [  0,   0,   0, 134]]), array([[100,   0,   0,   0],
       [  0,  85,   0,   0],
       [  0,   0,  89,   0],
       [  0,   0,   0, 134]]), array([[101,   0,   0,   0],
       [  0,  84,   0,   0],
       [  0,   0,  89,   0],
       [  0,   0,   0, 134]]), array([[101,   0,   0,   0],
       [  0,  84,   0,   0],
       [  0,   0,  89,   0],
       [  0,   0,   0, 134]]), array([[101,   0,   0,   0],
       [  0,  84,   0,   0],
       [  0,   0,  89,   0],
       [  0,   0,   0, 135]]), array([[101,   0,   0,   0],
       [  0,  84,   0,   0],
       [  0,   0,  90,   0],
       [  0,   0,   0, 134]]), array([[101,   0,   0,   0],
       [  0,  85,   0,   0],
       [  0,   0,  89,   0],
       [  0,   0,   0, 134]]), array([[101,   0,   0,   0],
       [  0,  85,   0,   0],
       [  0,   0,  89,   0],
       [  0,   0,   0, 134]]), array([[101,   0,   0,   0],
       [  0,  85,   0,   0],
       [  0,   0,  89,   0],
       [  0,   0,   0, 134]]), array([[101,   0,   0,   0],
       [  0,  85,   0,   0],
       [  0,   0,  89,   0],
       [  0,   0,   0, 134]])]","[0.6521739130434783, 0.8043478260869565, 0.717391304347826, 0.717391304347826, 0.8, 0.7333333333333333, 0.7333333333333333, 0.7555555555555555, 0.7333333333333333, 0.6888888888888889]","[0.6521739130434783, 0.8043478260869565, 0.717391304347826, 0.717391304347826, 0.8, 0.7333333333333333, 0.7333333333333333, 0.7555555555555555, 0.7333333333333333, 0.6888888888888889]","[0.6521739130434783, 0.8043478260869565, 0.717391304347826, 0.717391304347826, 0.8, 0.7333333333333333, 0.7333333333333333, 0.7555555555555555, 0.7333333333333333, 0.6888888888888889]","[0.6521739130434783, 0.8043478260869565, 0.717391304347826, 0.717391304347826, 0.8, 0.7333333333333333, 0.7333333333333333, 0.7555555555555555, 0.7333333333333333, 0.6888888888888889]","[0.6423836580086579, 0.8044400452488687, 0.7047348484848484, 0.728125, 0.8052884615384616, 0.7285714285714285, 0.7381493506493506, 0.7552083333333333, 0.7443127048390206, 0.725]","[0.648611111111111, 0.7861111111111112, 0.7068181818181818, 0.7128787878787879, 0.8009740259740259, 0.723989898989899, 0.728030303030303, 0.730050505050505, 0.7106060606060606, 0.6744949494949495]","[0.6343656343656343, 0.7912990196078431, 0.7032781228433402, 0.7175159731961975, 0.7983457766066462, 0.7181659015693391, 0.7212121212121212, 0.7297628894403089, 0.7120098039215687, 0.6792124542124542]","[0.6551148127235084, 0.8034502262443439, 0.7142621870882742, 0.7241847826086957, 0.8076923076923077, 0.7415873015873017, 0.7519480519480519, 0.761574074074074, 0.7356810830495041, 0.7185185185185184]","[0.6521739130434783, 0.8043478260869565, 0.717391304347826, 0.717391304347826, 0.8, 0.7333333333333333, 0.7333333333333333, 0.7555555555555555, 0.7333333333333333, 0.6888888888888889]","[0.6418038483255875, 0.8000745950554135, 0.7136255888618838, 0.7180790156581365, 0.7994599782039395, 0.7299494442665149, 0.7314478114478115, 0.7471102533468125, 0.7197167755991286, 0.6864468864468865]","[array([[11,  1,  0,  0],
       [ 4,  4,  0,  1],
       [ 1,  0,  7,  2],
       [ 0,  2,  5,  8]]), array([[10,  1,  1,  0],
       [ 2,  7,  0,  0],
       [ 1,  0,  6,  3],
       [ 0,  0,  1, 14]]), array([[ 8,  3,  0,  0],
       [ 4,  5,  0,  1],
       [ 0,  0,  8,  2],
       [ 0,  0,  3, 12]]), array([[ 9,  1,  1,  0],
       [ 2,  7,  0,  1],
       [ 0,  0,  6,  4],
       [ 1,  0,  3, 11]]), array([[ 9,  1,  0,  1],
       [ 3,  7,  0,  0],
       [ 0,  0,  9,  1],
       [ 0,  0,  3, 11]]), array([[ 9,  2,  0,  0],
       [ 5,  5,  0,  0],
       [ 0,  0,  7,  2],
       [ 0,  0,  3, 12]]), array([[ 6,  4,  1,  0],
       [ 1,  6,  0,  2],
       [ 0,  0,  9,  1],
       [ 0,  1,  2, 12]]), array([[10,  1,  0,  0],
       [ 5,  4,  0,  0],
       [ 0,  0,  7,  3],
       [ 0,  1,  1, 13]]), array([[10,  1,  0,  0],
       [ 3,  6,  0,  0],
       [ 0,  0,  4,  6],
       [ 0,  0,  2, 13]]), array([[10,  0,  1,  0],
       [ 4,  5,  0,  0],
       [ 1,  0,  5,  4],
       [ 0,  0,  4, 11]])]"
2,"[0.8431372549019608, 0.8382352941176471, 0.8431372549019608, 0.8308823529411765, 0.8410757946210269, 0.8337408312958435, 0.843520782396088, 0.8264058679706602, 0.8361858190709046, 0.8386308068459658]","[0.8431372549019608, 0.8382352941176471, 0.8431372549019608, 0.8308823529411765, 0.8410757946210269, 0.8337408312958435, 0.843520782396088, 0.8264058679706602, 0.8361858190709046, 0.8386308068459658]","[0.8431372549019608, 0.8382352941176471, 0.8431372549019608, 0.8308823529411765, 0.8410757946210269, 0.8337408312958435, 0.843520782396088, 0.8264058679706602, 0.8361858190709046, 0.8386308068459658]","[0.8431372549019608, 0.8382352941176471, 0.8431372549019608, 0.8308823529411765, 0.8410757946210269, 0.8337408312958435, 0.843520782396088, 0.8264058679706602, 0.8361858190709046, 0.8386308068459658]","[0.8670421462587001, 0.8610707390421233, 0.8643638994003957, 0.8589536340852131, 0.8630772236430804, 0.8582125603864734, 0.8736189619732785, 0.8504586992218177, 0.8598436440755601, 0.8618125269625847]","[0.8432187213305581, 0.8384118732181788, 0.8422304608578297, 0.8284600273112767, 0.841569318114262, 0.8337508884150675, 0.841199899379507, 0.829215702715767, 0.8377538941117282, 0.8394873780469759]","[0.8339265731118838, 0.8282576311565416, 0.8339005056283372, 0.8189581011331759, 0.8311222737391496, 0.824376496691833, 0.8338387161701865, 0.8178966837425805, 0.8282133155850216, 0.8296574695565299]","[0.8772141850744192, 0.8720406921605639, 0.8745906636954297, 0.8692270504693106, 0.873948738632266, 0.8688033733744375, 0.8819749998115374, 0.8626689973211089, 0.8706631581927563, 0.8723864305929441]","[0.8431372549019608, 0.8382352941176471, 0.8431372549019608, 0.8308823529411765, 0.8410757946210269, 0.8337408312958435, 0.843520782396088, 0.8264058679706602, 0.8361858190709046, 0.8386308068459658]","[0.840065777266458, 0.8346443539400626, 0.8403240091004858, 0.8268451392890095, 0.8372743231829763, 0.830493216711873, 0.8408437388280018, 0.8229913632378852, 0.833441106720435, 0.8353125038033128]","[array([[100,   0,   0,   0],
       [ 33,  52,   0,   0],
       [  2,   0,  87,   0],
       [  1,   2,  26, 105]]), array([[100,   0,   0,   0],
       [ 34,  51,   0,   0],
       [  2,   0,  87,   0],
       [  1,   3,  26, 104]]), array([[101,   0,   0,   0],
       [ 32,  52,   0,   0],
       [  3,   0,  86,   0],
       [  1,   3,  25, 105]]), array([[101,   0,   0,   0],
       [ 36,  48,   0,   0],
       [  3,   0,  86,   0],
       [  0,   2,  28, 104]]), array([[101,   0,   0,   0],
       [ 33,  51,   0,   0],
       [  1,   0,  88,   0],
       [  1,   3,  27, 104]]), array([[101,   0,   0,   0],
       [ 33,  51,   0,   0],
       [  3,   0,  87,   0],
       [  1,   3,  28, 102]]), array([[101,   0,   0,   0],
       [ 34,  51,   0,   0],
       [  3,   0,  86,   0],
       [  1,   0,  26, 107]]), array([[101,   0,   0,   0],
       [ 33,  52,   0,   0],
       [  3,   0,  86,   0],
       [  1,   4,  30,  99]]), array([[101,   0,   0,   0],
       [ 32,  53,   0,   0],
       [  3,   0,  86,   0],
       [  2,   3,  27, 102]]), array([[101,   0,   0,   0],
       [ 33,  52,   0,   0],
       [  2,   0,  87,   0],
       [  2,   3,  26, 103]])]","[0.6304347826086957, 0.8043478260869565, 0.6956521739130435, 0.7608695652173914, 0.7555555555555555, 0.7777777777777778, 0.7333333333333333, 0.6666666666666666, 0.7555555555555555, 0.6888888888888889]","[0.6304347826086957, 0.8043478260869565, 0.6956521739130435, 0.7608695652173914, 0.7555555555555555, 0.7777777777777778, 0.7333333333333333, 0.6666666666666666, 0.7555555555555555, 0.6888888888888889]","[0.6304347826086957, 0.8043478260869565, 0.6956521739130435, 0.7608695652173914, 0.7555555555555555, 0.7777777777777778, 0.7333333333333333, 0.6666666666666666, 0.7555555555555555, 0.6888888888888889]","[0.6304347826086957, 0.8043478260869565, 0.6956521739130435, 0.7608695652173914, 0.7555555555555555, 0.7777777777777778, 0.7333333333333333, 0.6666666666666666, 0.7555555555555555, 0.6888888888888889]","[0.6240662931839402, 0.8087301587301587, 0.7250000000000001, 0.7742673992673993, 0.7857142857142857, 0.7992647058823529, 0.72618006993007, 0.6470588235294118, 0.8140082956259426, 0.7544306184012067]","[0.6291666666666667, 0.7875, 0.7106060606060606, 0.7689393939393939, 0.7581168831168832, 0.7805555555555556, 0.73510101010101, 0.6494949494949495, 0.7416666666666667, 0.668939393939394]","[0.6021551724137931, 0.7920808966861599, 0.6885576923076923, 0.7573079473335227, 0.7445833333333334, 0.7669085909217488, 0.7258278805593384, 0.6224978724978725, 0.7207844490453186, 0.6590909090909091]","[0.6444708318109853, 0.8106970324361629, 0.7318840579710146, 0.7793836598184424, 0.8015873015873015, 0.8089106753812637, 0.7352564102564102, 0.6697167755991286, 0.8175716440422324, 0.7554717613541143]","[0.6304347826086957, 0.8043478260869565, 0.6956521739130435, 0.7608695652173914, 0.7555555555555555, 0.7777777777777778, 0.7333333333333333, 0.6666666666666666, 0.7555555555555555, 0.6888888888888889]","[0.6113068465767116, 0.8020912789219427, 0.6850334448160535, 0.7564352521096656, 0.7519259259259261, 0.7709783718555647, 0.7296553403970284, 0.6446713780047114, 0.7375814738133578, 0.6779220779220779]","[array([[11,  1,  0,  0],
       [ 5,  3,  0,  1],
       [ 1,  0,  8,  1],
       [ 0,  2,  6,  7]]), array([[11,  1,  0,  0],
       [ 3,  6,  0,  0],
       [ 1,  0,  7,  2],
       [ 0,  0,  2, 13]]), array([[10,  1,  0,  0],
       [ 4,  5,  0,  1],
       [ 0,  0,  9,  1],
       [ 1,  0,  6,  8]]), array([[10,  1,  0,  0],
       [ 3,  6,  0,  1],
       [ 0,  0,  9,  1],
       [ 1,  0,  4, 10]]), array([[ 9,  1,  1,  0],
       [ 5,  5,  0,  0],
       [ 0,  0, 10,  0],
       [ 0,  0,  4, 10]]), array([[11,  0,  0,  0],
       [ 5,  5,  0,  0],
       [ 0,  0,  8,  1],
       [ 1,  1,  2, 11]]), array([[ 9,  1,  1,  0],
       [ 2,  5,  0,  2],
       [ 0,  0,  9,  1],
       [ 0,  2,  3, 10]]), array([[10,  1,  0,  0],
       [ 7,  2,  0,  0],
       [ 0,  0,  8,  2],
       [ 0,  1,  4, 10]]), array([[11,  0,  0,  0],
       [ 6,  3,  0,  0],
       [ 0,  0,  9,  1],
       [ 0,  0,  4, 11]]), array([[10,  0,  1,  0],
       [ 6,  3,  0,  0],
       [ 1,  0,  7,  2],
       [ 0,  0,  4, 11]])]"
3,"[0.8700980392156863, 0.8553921568627451, 0.8431372549019608, 0.8676470588235294, 0.8484107579462102, 0.8753056234718827, 0.8581907090464548, 0.863080684596577, 0.8679706601466992, 0.8850855745721271]","[0.8700980392156863, 0.8553921568627451, 0.8431372549019608, 0.8676470588235294, 0.8484107579462102, 0.8753056234718827, 0.8581907090464548, 0.863080684596577, 0.8679706601466992, 0.8850855745721271]","[0.8700980392156863, 0.8553921568627451, 0.8431372549019608, 0.8676470588235294, 0.8484107579462102, 0.8753056234718827, 0.8581907090464548, 0.863080684596577, 0.8679706601466992, 0.8850855745721271]","[0.8700980392156863, 0.8553921568627451, 0.8431372549019608, 0.8676470588235294, 0.8484107579462102, 0.8753056234718827, 0.8581907090464548, 0.863080684596577, 0.8679706601466992, 0.8850855745721271]","[0.8713190586985331, 0.8603210907314472, 0.8441096371006416, 0.868390645731977, 0.8508433348301006, 0.8772367152048206, 0.8635821792434802, 0.8658763866729737, 0.8714962749819003, 0.888278739781225]","[0.8629504986633258, 0.8463343313176352, 0.8336990472363639, 0.8586259044557578, 0.8380662417499107, 0.8677305950211225, 0.8516112440031329, 0.8548651991102968, 0.8600057884619686, 0.8761598167343542]","[0.8643789608673278, 0.8490259478177169, 0.8359849898280535, 0.8610178212858544, 0.8409945278612492, 0.8702965726671155, 0.8526432244042081, 0.8571041982742366, 0.8626894730120307, 0.8799457848628465]","[0.8729893761452846, 0.8594706657366504, 0.846165844340654, 0.8697931843015843, 0.851199040568496, 0.8772664668455892, 0.8643743907295007, 0.8659932990632412, 0.8710018639854854, 0.8868298826575849]","[0.8700980392156863, 0.8553921568627451, 0.8431372549019608, 0.8676470588235294, 0.8484107579462102, 0.8753056234718827, 0.8581907090464548, 0.863080684596577, 0.8679706601466992, 0.8850855745721271]","[0.8691273846607652, 0.8536681149480294, 0.8420777702804421, 0.8665304714884657, 0.8467890625889789, 0.8744075105133622, 0.85689581474706, 0.861650923734096, 0.86680256777601, 0.8839325186183203]","[array([[ 92,   7,   1,   0],
       [ 18,  63,   0,   4],
       [  1,   0,  79,   9],
       [  2,   0,  11, 121]]), array([[ 93,   6,   1,   0],
       [ 19,  60,   0,   6],
       [  1,   0,  76,  12],
       [  2,   0,  12, 120]]), array([[ 91,   9,   1,   0],
       [ 20,  60,   0,   4],
       [  3,   0,  74,  12],
       [  2,   0,  13, 119]]), array([[ 93,   7,   1,   0],
       [ 18,  62,   0,   4],
       [  2,   0,  77,  10],
       [  1,   1,  10, 122]]), array([[ 92,   8,   1,   0],
       [ 20,  59,   0,   5],
       [  1,   0,  75,  13],
       [  2,   0,  12, 121]]), array([[ 93,   6,   2,   0],
       [ 15,  64,   0,   5],
       [  1,   0,  79,  10],
       [  1,   0,  11, 122]]), array([[ 96,   5,   0,   0],
       [ 21,  61,   0,   3],
       [  1,   0,  77,  11],
       [  2,   0,  15, 117]]), array([[ 95,   6,   0,   0],
       [ 18,  62,   0,   5],
       [  1,   1,  76,  11],
       [  2,   0,  12, 120]]), array([[ 94,   6,   1,   0],
       [ 17,  63,   0,   5],
       [  1,   0,  77,  11],
       [  2,   0,  11, 121]]), array([[ 94,   6,   1,   0],
       [ 15,  65,   0,   5],
       [  0,   0,  78,  11],
       [  1,   0,   8, 125]])]","[0.6956521739130435, 0.782608695652174, 0.7391304347826086, 0.6956521739130435, 0.7111111111111111, 0.7555555555555555, 0.7777777777777778, 0.7111111111111111, 0.7111111111111111, 0.6666666666666666]","[0.6956521739130435, 0.782608695652174, 0.7391304347826086, 0.6956521739130435, 0.7111111111111111, 0.7555555555555555, 0.7777777777777778, 0.7111111111111111, 0.7111111111111111, 0.6666666666666666]","[0.6956521739130435, 0.782608695652174, 0.7391304347826086, 0.6956521739130435, 0.7111111111111111, 0.7555555555555555, 0.7777777777777778, 0.7111111111111111, 0.7111111111111111, 0.6666666666666666]","[0.6956521739130435, 0.782608695652174, 0.7391304347826086, 0.6956521739130435, 0.7111111111111111, 0.7555555555555555, 0.7777777777777778, 0.7111111111111111, 0.7111111111111111, 0.6666666666666666]","[0.6791666666666667, 0.8034188034188035, 0.7309523809523809, 0.6961538461538461, 0.7166666666666667, 0.7559294871794872, 0.7730158730158729, 0.7112949346405228, 0.7659313725490196, 0.6635416666666667]","[0.6666666666666667, 0.7583333333333333, 0.7318181818181817, 0.7007575757575758, 0.714935064935065, 0.7429292929292929, 0.7540404040404041, 0.6744949494949495, 0.6833333333333333, 0.6406565656565657]","[0.6608764294248165, 0.7662878787878789, 0.7308095952023987, 0.6941511387163561, 0.7011904761904761, 0.7471104231166151, 0.7588474025974026, 0.6557927075753901, 0.6728716953674508, 0.6388888888888888]","[0.6880434782608695, 0.8021181716833891, 0.7432712215320911, 0.7041806020066889, 0.7392592592592593, 0.7624643874643875, 0.7754497354497354, 0.7207970225127087, 0.756318082788671, 0.6763888888888889]","[0.6956521739130435, 0.782608695652174, 0.7391304347826086, 0.6956521739130435, 0.7111111111111111, 0.7555555555555555, 0.7777777777777778, 0.7111111111111111, 0.7111111111111111, 0.6666666666666666]","[0.6817159776486565, 0.7788537549407115, 0.7405645003585164, 0.6957421910162931, 0.71005291005291, 0.7569086113977754, 0.7718494468494468, 0.6845824238014391, 0.6904788853855067, 0.6597530864197532]","[array([[10,  2,  0,  0],
       [ 5,  3,  0,  1],
       [ 0,  0,  7,  3],
       [ 0,  0,  3, 12]]), array([[10,  2,  0,  0],
       [ 3,  6,  0,  0],
       [ 0,  0,  6,  4],
       [ 0,  1,  0, 14]]), array([[ 8,  3,  0,  0],
       [ 3,  6,  0,  1],
       [ 0,  1,  8,  1],
       [ 1,  0,  2, 12]]), array([[ 7,  3,  1,  0],
       [ 2,  7,  0,  1],
       [ 0,  0,  8,  2],
       [ 1,  0,  4, 10]]), array([[ 6,  4,  1,  0],
       [ 4,  6,  0,  0],
       [ 0,  0, 10,  0],
       [ 0,  0,  4, 10]]), array([[ 8,  3,  0,  0],
       [ 4,  6,  0,  0],
       [ 0,  0,  7,  2],
       [ 1,  0,  1, 13]]), array([[ 8,  2,  1,  0],
       [ 2,  5,  0,  2],
       [ 0,  0,  8,  2],
       [ 0,  0,  1, 14]]), array([[10,  1,  0,  0],
       [ 7,  2,  0,  0],
       [ 0,  0,  7,  3],
       [ 0,  0,  2, 13]]), array([[11,  0,  0,  0],
       [ 6,  3,  0,  0],
       [ 0,  0,  6,  4],
       [ 0,  0,  3, 12]]), array([[ 9,  2,  0,  0],
       [ 5,  4,  0,  0],
       [ 2,  0,  5,  3],
       [ 0,  0,  3, 12]])]"
4,"[0.8259803921568627, 0.8088235294117647, 0.8284313725490197, 0.8333333333333334, 0.8215158924205379, 0.8215158924205379, 0.8337408312958435, 0.8361858190709046, 0.8312958435207825, 0.8312958435207825]","[0.8259803921568627, 0.8088235294117647, 0.8284313725490197, 0.8333333333333334, 0.8215158924205379, 0.8215158924205379, 0.8337408312958435, 0.8361858190709046, 0.8312958435207825, 0.8312958435207825]","[0.8259803921568627, 0.8088235294117647, 0.8284313725490197, 0.8333333333333334, 0.8215158924205379, 0.8215158924205379, 0.8337408312958435, 0.8361858190709046, 0.8312958435207825, 0.8312958435207825]","[0.8259803921568627, 0.8088235294117647, 0.8284313725490197, 0.8333333333333334, 0.8215158924205379, 0.8215158924205379, 0.8337408312958435, 0.8361858190709046, 0.8312958435207825, 0.8312958435207825]","[0.8443838334918597, 0.8281755009696186, 0.8544006886856936, 0.8586025045550237, 0.8416827968610215, 0.8412324219704458, 0.8555930266843579, 0.8494917266938093, 0.8444346301206793, 0.8568040215236477]","[0.8219618036716616, 0.8039657545057264, 0.8206586182922933, 0.8234466444536215, 0.8121064708129454, 0.8163131771599335, 0.8276692877286072, 0.8299894290856515, 0.823233124848427, 0.8250618524973113]","[0.817648063740794, 0.7980622497188118, 0.816735225558755, 0.8208728115221713, 0.8085641844790252, 0.8121856959758103, 0.8232376302066595, 0.8273887704706311, 0.8189282357268978, 0.8205572184674267]","[0.8476449240335883, 0.8313437931733779, 0.8554119286967292, 0.8591574210282071, 0.8432208780766712, 0.8432977608304918, 0.8578285567218781, 0.8518859629595639, 0.848653515482578, 0.8578005219574583]","[0.8259803921568627, 0.8088235294117647, 0.8284313725490197, 0.8333333333333334, 0.8215158924205379, 0.8215158924205379, 0.8337408312958435, 0.8361858190709046, 0.8312958435207825, 0.8312958435207825]","[0.8229706744193128, 0.8041203379688587, 0.8237714515396177, 0.8287343142513836, 0.8164723731732247, 0.8177768655729153, 0.8294905721016738, 0.8331610202115071, 0.8268530565346924, 0.8266771311801921]","[array([[ 96,   2,   2,   0],
       [ 29,  52,   0,   4],
       [  1,   0,  81,   7],
       [  2,   0,  24, 108]]), array([[ 95,   3,   2,   0],
       [ 31,  48,   0,   6],
       [  1,   0,  81,   7],
       [  3,   0,  25, 106]]), array([[ 99,   0,   2,   0],
       [ 32,  48,   0,   4],
       [  1,   0,  81,   7],
       [  1,   0,  23, 110]]), array([[ 99,   0,   2,   0],
       [ 33,  48,   0,   3],
       [  1,   0,  80,   8],
       [  1,   0,  20, 113]]), array([[ 97,   2,   2,   0],
       [ 32,  47,   0,   5],
       [  1,   0,  80,   8],
       [  2,   0,  21, 112]]), array([[ 97,   2,   2,   0],
       [ 29,  50,   0,   5],
       [  1,   0,  82,   7],
       [  2,   0,  25, 107]]), array([[ 99,   1,   1,   0],
       [ 31,  50,   0,   4],
       [  1,   0,  82,   6],
       [  2,   0,  22, 110]]), array([[ 96,   3,   2,   0],
       [ 27,  53,   0,   5],
       [  1,   0,  81,   7],
       [  2,   0,  20, 112]]), array([[ 95,   4,   2,   0],
       [ 31,  49,   0,   5],
       [  1,   0,  83,   5],
       [  2,   0,  19, 113]]), array([[ 98,   0,   3,   0],
       [ 31,  49,   0,   5],
       [  0,   0,  83,   6],
       [  3,   0,  21, 110]])]","[0.6956521739130435, 0.8913043478260869, 0.7391304347826086, 0.7608695652173914, 0.7555555555555555, 0.8, 0.8222222222222222, 0.6888888888888889, 0.7111111111111111, 0.7111111111111111]","[0.6956521739130435, 0.8913043478260869, 0.7391304347826086, 0.7608695652173914, 0.7555555555555555, 0.8, 0.8222222222222222, 0.6888888888888889, 0.7111111111111111, 0.7111111111111111]","[0.6956521739130435, 0.8913043478260869, 0.7391304347826086, 0.7608695652173914, 0.7555555555555555, 0.8, 0.8222222222222222, 0.6888888888888889, 0.7111111111111111, 0.7111111111111111]","[0.6956521739130435, 0.8913043478260869, 0.7391304347826086, 0.7608695652173914, 0.7555555555555555, 0.8, 0.8222222222222222, 0.6888888888888889, 0.7111111111111111, 0.7111111111111111]","[0.756827731092437, 0.8994172494172494, 0.7388236763236763, 0.7813020313020312, 0.7825126262626263, 0.8306051587301587, 0.8323232323232324, 0.6919306184012066, 0.7659313725490196, 0.7734071484071484]","[0.6833333333333333, 0.8819444444444444, 0.7378787878787879, 0.7712121212121211, 0.7675324675324675, 0.7944444444444445, 0.8017676767676767, 0.6661616161616162, 0.6833333333333333, 0.6916666666666667]","[0.6652298850574712, 0.8863690476190476, 0.7342980295566501, 0.7562782805429864, 0.753988574354707, 0.792544699872286, 0.8073593073593074, 0.6401515151515151, 0.6728716953674508, 0.6777504105090312]","[0.7485842162952138, 0.8986013986013985, 0.742909264648395, 0.7932574671705107, 0.8006172839506173, 0.831547619047619, 0.8277441077441077, 0.707323613205966, 0.756318082788671, 0.7728481395148062]","[0.6956521739130435, 0.8913043478260869, 0.7391304347826086, 0.7608695652173914, 0.7555555555555555, 0.8, 0.8222222222222222, 0.6888888888888889, 0.7111111111111111, 0.7111111111111111]","[0.6760369815092454, 0.891444099378882, 0.7372831441422146, 0.75754967538855, 0.7559388996459935, 0.7972612459202497, 0.8161616161616162, 0.6647907647907648, 0.6904788853855067, 0.6954935230797299]","[array([[12,  0,  0,  0],
       [ 5,  3,  0,  1],
       [ 0,  0,  8,  2],
       [ 0,  0,  6,  9]]), array([[11,  0,  1,  0],
       [ 2,  7,  0,  0],
       [ 0,  0,  9,  1],
       [ 0,  0,  1, 14]]), array([[ 9,  2,  0,  0],
       [ 3,  6,  0,  1],
       [ 0,  0,  8,  2],
       [ 1,  0,  3, 11]]), array([[ 9,  1,  1,  0],
       [ 3,  6,  0,  1],
       [ 0,  0, 10,  0],
       [ 1,  0,  4, 10]]), array([[ 8,  2,  1,  0],
       [ 3,  7,  0,  0],
       [ 0,  0, 10,  0],
       [ 0,  0,  5,  9]]), array([[11,  0,  0,  0],
       [ 4,  6,  0,  0],
       [ 0,  0,  7,  2],
       [ 1,  0,  2, 12]]), array([[ 9,  1,  1,  0],
       [ 1,  5,  0,  3],
       [ 0,  0,  9,  1],
       [ 0,  0,  1, 14]]), array([[10,  1,  0,  0],
       [ 7,  2,  0,  0],
       [ 0,  0,  8,  2],
       [ 0,  0,  4, 11]]), array([[11,  0,  0,  0],
       [ 6,  3,  0,  0],
       [ 0,  0,  6,  4],
       [ 0,  0,  3, 12]]), array([[11,  0,  0,  0],
       [ 6,  3,  0,  0],
       [ 1,  0,  7,  2],
       [ 0,  0,  4, 11]])]"
5,"[0.8333333333333334, 0.8186274509803921, 0.8357843137254902, 0.8431372549019608, 0.8288508557457213, 0.823960880195599, 0.8215158924205379, 0.8361858190709046, 0.8312958435207825, 0.8361858190709046]","[0.8333333333333334, 0.8186274509803921, 0.8357843137254902, 0.8431372549019608, 0.8288508557457213, 0.823960880195599, 0.8215158924205379, 0.8361858190709046, 0.8312958435207825, 0.8361858190709046]","[0.8333333333333334, 0.8186274509803921, 0.8357843137254902, 0.8431372549019608, 0.8288508557457213, 0.823960880195599, 0.8215158924205379, 0.8361858190709046, 0.8312958435207825, 0.8361858190709046]","[0.8333333333333334, 0.8186274509803921, 0.8357843137254902, 0.8431372549019608, 0.8288508557457213, 0.823960880195599, 0.8215158924205379, 0.8361858190709046, 0.8312958435207825, 0.8361858190709046]","[0.8392941832600838, 0.8233421469834513, 0.8443647756067767, 0.857656085929798, 0.8399425682646674, 0.8288616797056407, 0.8304593137217565, 0.8426716657961248, 0.8356723055030149, 0.8458720730027548]","[0.8268025618766708, 0.8078688431602726, 0.8234341864806254, 0.8325800237722437, 0.8175849848227198, 0.8161230328789808, 0.811916344735459, 0.8309726496270781, 0.8223297111453458, 0.8282235233171047]","[0.8257915598707968, 0.8110453655724954, 0.8253433464834272, 0.8345337036494084, 0.8185970326927172, 0.8161170921446084, 0.8121211756080177, 0.831458739730508, 0.8231588359236176, 0.8290886816295164]","[0.8429195918354205, 0.8228487704750492, 0.8450115980322184, 0.8556548597933797, 0.8401898544190476, 0.8314024279733923, 0.832258492839316, 0.8439487459680186, 0.8373330475027858, 0.8457799123710994]","[0.8333333333333334, 0.8186274509803921, 0.8357843137254902, 0.8431372549019608, 0.8288508557457213, 0.823960880195599, 0.8215158924205379, 0.8361858190709046, 0.8312958435207825, 0.8361858190709046]","[0.8317267673871837, 0.8167396662311299, 0.8330104144368644, 0.8402666308184267, 0.825789228556147, 0.8221268024428764, 0.8188974750067275, 0.8353552412882425, 0.8292298430162596, 0.8340778779607492]","[array([[ 91,   6,   3,   0],
       [ 25,  56,   0,   4],
       [  1,   0,  79,   9],
       [  3,   0,  17, 114]]), array([[ 89,   8,   3,   0],
       [ 22,  57,   0,   6],
       [  1,   0,  71,  17],
       [  3,   0,  14, 117]]), array([[ 93,   5,   3,   0],
       [ 27,  53,   0,   4],
       [  1,   0,  76,  12],
       [  2,   0,  13, 119]]), array([[ 97,   2,   2,   0],
       [ 25,  54,   0,   5],
       [  1,   0,  76,  12],
       [  2,   0,  15, 117]]), array([[ 94,   4,   3,   0],
       [ 27,  52,   0,   5],
       [  1,   0,  76,  12],
       [  2,   0,  16, 117]]), array([[ 92,   7,   2,   0],
       [ 25,  55,   0,   4],
       [  1,   0,  77,  12],
       [  2,   0,  19, 113]]), array([[ 94,   6,   1,   0],
       [ 29,  53,   0,   3],
       [  1,   0,  75,  13],
       [  3,   0,  17, 114]]), array([[ 93,   5,   3,   0],
       [ 21,  60,   0,   4],
       [  1,   0,  76,  12],
       [  3,   0,  18, 113]]), array([[ 92,   7,   2,   0],
       [ 24,  56,   0,   5],
       [  1,   0,  76,  12],
       [  2,   0,  16, 116]]), array([[ 94,   4,   3,   0],
       [ 24,  56,   0,   5],
       [  0,   0,  77,  12],
       [  3,   0,  16, 115]])]","[0.7608695652173914, 0.9130434782608695, 0.7391304347826086, 0.7391304347826086, 0.7555555555555555, 0.8222222222222222, 0.7777777777777778, 0.6666666666666666, 0.7555555555555555, 0.7111111111111111]","[0.7608695652173914, 0.9130434782608695, 0.7391304347826086, 0.7391304347826086, 0.7555555555555555, 0.8222222222222222, 0.7777777777777778, 0.6666666666666666, 0.7555555555555555, 0.7111111111111111]","[0.7608695652173914, 0.9130434782608695, 0.7391304347826086, 0.7391304347826086, 0.7555555555555555, 0.8222222222222222, 0.7777777777777778, 0.6666666666666666, 0.7555555555555555, 0.7111111111111111]","[0.7608695652173914, 0.9130434782608695, 0.7391304347826086, 0.7391304347826086, 0.7555555555555555, 0.8222222222222222, 0.7777777777777778, 0.6666666666666666, 0.7555555555555555, 0.7111111111111111]","[0.7651515151515151, 0.9348739495798319, 0.7425213675213675, 0.7318181818181817, 0.7522435897435896, 0.8327380952380953, 0.8069444444444445, 0.640625, 0.796875, 0.7552083333333334]","[0.7402777777777778, 0.8944444444444444, 0.7295454545454545, 0.7340909090909091, 0.7555194805194805, 0.8133838383838383, 0.7568181818181818, 0.6351010101010102, 0.7361111111111112, 0.6944444444444444]","[0.7370370370370369, 0.9061164529914529, 0.7319255800792304, 0.7321428571428572, 0.7488573021181717, 0.8169934640522877, 0.7712074303405574, 0.6185897435897436, 0.7325498575498575, 0.690883190883191]","[0.766798418972332, 0.9243697478991596, 0.7422426607209216, 0.7385375494071146, 0.7656980056980056, 0.832936507936508, 0.8006172839506173, 0.6597222222222222, 0.7902777777777777, 0.7458333333333333]","[0.7608695652173914, 0.9130434782608695, 0.7391304347826086, 0.7391304347826086, 0.7555555555555555, 0.8222222222222222, 0.7777777777777778, 0.6666666666666666, 0.7555555555555555, 0.7111111111111111]","[0.7508626639061421, 0.9109415644741732, 0.7369128466327107, 0.738095238095238, 0.7556794252446426, 0.8219898329702251, 0.7774337805297559, 0.6467236467236467, 0.7444761000316557, 0.7000316555872111]","[array([[11,  1,  0,  0],
       [ 4,  4,  0,  1],
       [ 0,  0,  8,  2],
       [ 0,  0,  3, 12]]), array([[12,  0,  0,  0],
       [ 2,  7,  0,  0],
       [ 0,  0,  8,  2],
       [ 0,  0,  0, 15]]), array([[ 9,  2,  0,  0],
       [ 3,  6,  0,  1],
       [ 0,  0,  7,  3],
       [ 1,  0,  2, 12]]), array([[ 7,  3,  1,  0],
       [ 2,  7,  0,  1],
       [ 0,  0,  8,  2],
       [ 1,  0,  2, 12]]), array([[ 7,  3,  1,  0],
       [ 3,  7,  0,  0],
       [ 0,  0,  9,  1],
       [ 0,  0,  3, 11]]), array([[10,  1,  0,  0],
       [ 3,  7,  0,  0],
       [ 0,  0,  7,  2],
       [ 1,  0,  1, 13]]), array([[ 8,  2,  1,  0],
       [ 0,  6,  0,  3],
       [ 0,  0,  7,  3],
       [ 0,  0,  1, 14]]), array([[ 9,  2,  0,  0],
       [ 7,  2,  0,  0],
       [ 0,  0,  7,  3],
       [ 0,  0,  3, 12]]), array([[11,  0,  0,  0],
       [ 5,  4,  0,  0],
       [ 0,  0,  7,  3],
       [ 0,  0,  3, 12]]), array([[11,  0,  0,  0],
       [ 4,  4,  0,  1],
       [ 1,  0,  6,  3],
       [ 0,  0,  4, 11]])]"
6,"[0.8308823529411765, 0.821078431372549, 0.8357843137254902, 0.8333333333333334, 0.8190709046454768, 0.8386308068459658, 0.8288508557457213, 0.8484107579462102, 0.8288508557457213, 0.8410757946210269]","[0.8308823529411765, 0.821078431372549, 0.8357843137254902, 0.8333333333333334, 0.8190709046454768, 0.8386308068459658, 0.8288508557457213, 0.8484107579462102, 0.8288508557457213, 0.8410757946210269]","[0.8308823529411765, 0.821078431372549, 0.8357843137254902, 0.8333333333333334, 0.8190709046454768, 0.8386308068459658, 0.8288508557457213, 0.8484107579462102, 0.8288508557457213, 0.8410757946210269]","[0.8308823529411765, 0.821078431372549, 0.8357843137254902, 0.8333333333333334, 0.8190709046454768, 0.8386308068459658, 0.8288508557457213, 0.8484107579462102, 0.8288508557457213, 0.8410757946210269]","[0.8529257949514116, 0.8373332407090743, 0.8588116923163832, 0.8570097290824726, 0.8406993840653656, 0.8514729775784564, 0.8498853815030285, 0.8627086754241926, 0.8413754249073876, 0.8571419333101161]","[0.82373528918527, 0.8114074784701739, 0.825311653910414, 0.8256676821224204, 0.8095864742975099, 0.8329028478540818, 0.8222528637332663, 0.8450405119084675, 0.820424136084382, 0.8351414776679056]","[0.819846541919727, 0.8086275279017395, 0.8211592232733147, 0.8236390311999695, 0.8043966373599185, 0.830705510965264, 0.817600714976045, 0.8418820462504639, 0.8167189241917503, 0.8321317075073938]","[0.8533590875830523, 0.8380112621599026, 0.8602706681085205, 0.8556964849103839, 0.8421889619622022, 0.8541493942675511, 0.8533589445641798, 0.8658320653388523, 0.8439243493138915, 0.8576431069370616]","[0.8308823529411765, 0.821078431372549, 0.8357843137254902, 0.8333333333333334, 0.8190709046454768, 0.8386308068459658, 0.8288508557457213, 0.8484107579462102, 0.8288508557457213, 0.8410757946210269]","[0.8259208306386105, 0.8158915164432199, 0.8298950627509404, 0.8291592149641678, 0.8126336686141407, 0.8362233993249699, 0.8246455698479696, 0.8463651750651464, 0.824026263856975, 0.837103978855611]","[array([[ 98,   1,   1,   0],
       [ 30,  49,   0,   6],
       [  1,   0,  81,   7],
       [  3,   0,  20, 111]]), array([[ 95,   3,   2,   0],
       [ 30,  48,   0,   7],
       [  1,   0,  79,   9],
       [  2,   0,  19, 113]]), array([[ 98,   1,   2,   0],
       [ 33,  46,   0,   5],
       [  1,   0,  83,   5],
       [  2,   0,  18, 114]]), array([[ 99,   0,   1,   1],
       [ 29,  50,   0,   5],
       [  1,   0,  80,   8],
       [  2,   0,  21, 111]]), array([[ 98,   2,   1,   0],
       [ 33,  45,   0,   6],
       [  1,   0,  81,   7],
       [  2,   0,  22, 111]]), array([[ 97,   2,   2,   0],
       [ 26,  54,   0,   4],
       [  1,   1,  81,   7],
       [  2,   0,  21, 111]]), array([[ 98,   2,   1,   0],
       [ 33,  49,   0,   3],
       [  1,   0,  82,   6],
       [  3,   0,  21, 110]]), array([[ 97,   2,   2,   0],
       [ 25,  56,   0,   4],
       [  1,   0,  83,   5],
       [  3,   0,  20, 111]]), array([[ 95,   4,   2,   0],
       [ 29,  49,   0,   7],
       [  1,   0,  82,   6],
       [  2,   0,  19, 113]]), array([[ 97,   2,   1,   1],
       [ 27,  52,   0,   6],
       [  0,   0,  83,   6],
       [  3,   0,  19, 112]])]","[0.7391304347826086, 0.8478260869565217, 0.782608695652174, 0.8260869565217391, 0.7555555555555555, 0.8444444444444444, 0.7333333333333333, 0.6666666666666666, 0.7333333333333333, 0.7333333333333333]","[0.7391304347826086, 0.8478260869565217, 0.782608695652174, 0.8260869565217391, 0.7555555555555555, 0.8444444444444444, 0.7333333333333333, 0.6666666666666666, 0.7333333333333333, 0.7333333333333333]","[0.7391304347826086, 0.8478260869565217, 0.782608695652174, 0.8260869565217391, 0.7555555555555555, 0.8444444444444444, 0.7333333333333333, 0.6666666666666666, 0.7333333333333333, 0.7333333333333333]","[0.7391304347826086, 0.8478260869565217, 0.782608695652174, 0.8260869565217391, 0.7555555555555555, 0.8444444444444444, 0.7333333333333333, 0.6666666666666666, 0.7333333333333333, 0.7333333333333333]","[0.7464285714285713, 0.8773109243697479, 0.7819444444444443, 0.8344155844155845, 0.7708333333333333, 0.8708333333333333, 0.7361111111111112, 0.6438301282051282, 0.7867647058823528, 0.7899698340874811]","[0.7236111111111112, 0.8263888888888888, 0.7795454545454545, 0.818939393939394, 0.7603896103896104, 0.8500000000000001, 0.7012626262626263, 0.6434343434343435, 0.7083333333333333, 0.7166666666666667]","[0.7180342007928215, 0.8338598901098901, 0.779862700228833, 0.8107908614374132, 0.7489130434782608, 0.8355463980463981, 0.7080200501253133, 0.6218364968364968, 0.6964285714285714, 0.6996753246753247]","[0.7489648033126294, 0.8648154914139569, 0.7832125603864735, 0.841003199698852, 0.7888888888888889, 0.8848148148148147, 0.7350617283950618, 0.6676994301994301, 0.7803921568627451, 0.788369364839953]","[0.7391304347826086, 0.8478260869565217, 0.782608695652174, 0.8260869565217391, 0.7555555555555555, 0.8444444444444444, 0.7333333333333333, 0.6666666666666666, 0.7333333333333333, 0.7333333333333333]","[0.7298407073519517, 0.8414655996177736, 0.782111232713163, 0.8192092140742816, 0.7552334943639292, 0.8412291412291413, 0.7233194096351991, 0.648022348022348, 0.7142857142857142, 0.7155844155844154]","[array([[11,  1,  0,  0],
       [ 4,  4,  0,  1],
       [ 0,  0,  8,  2],
       [ 0,  0,  4, 11]]), array([[11,  0,  0,  1],
       [ 3,  5,  0,  1],
       [ 0,  0,  9,  1],
       [ 0,  0,  1, 14]]), array([[ 9,  2,  0,  0],
       [ 2,  7,  0,  1],
       [ 0,  0,  8,  2],
       [ 1,  0,  2, 12]]), array([[10,  1,  0,  0],
       [ 4,  5,  0,  1],
       [ 0,  0, 10,  0],
       [ 1,  0,  1, 13]]), array([[ 8,  2,  1,  0],
       [ 4,  6,  0,  0],
       [ 0,  0, 10,  0],
       [ 0,  0,  4, 10]]), array([[11,  0,  0,  0],
       [ 4,  6,  0,  0],
       [ 0,  0,  9,  0],
       [ 0,  0,  3, 12]]), array([[ 8,  2,  1,  0],
       [ 2,  4,  0,  3],
       [ 0,  0,  7,  3],
       [ 0,  0,  1, 14]]), array([[ 9,  2,  0,  0],
       [ 7,  2,  0,  0],
       [ 0,  0,  8,  2],
       [ 0,  0,  4, 11]]), array([[11,  0,  0,  0],
       [ 6,  3,  0,  0],
       [ 0,  0,  7,  3],
       [ 0,  0,  3, 12]]), array([[11,  0,  0,  0],
       [ 5,  3,  0,  1],
       [ 1,  0,  8,  1],
       [ 0,  0,  4, 11]])]"
7,"[0.8186274509803921, 0.8308823529411765, 0.8186274509803921, 0.8259803921568627, 0.8264058679706602, 0.8141809290953546, 0.8215158924205379, 0.8361858190709046, 0.8337408312958435, 0.8215158924205379]","[0.8186274509803921, 0.8308823529411765, 0.8186274509803921, 0.8259803921568627, 0.8264058679706602, 0.8141809290953546, 0.8215158924205379, 0.8361858190709046, 0.8337408312958435, 0.8215158924205379]","[0.8186274509803921, 0.8308823529411765, 0.8186274509803921, 0.8259803921568627, 0.8264058679706602, 0.8141809290953546, 0.8215158924205379, 0.8361858190709046, 0.8337408312958435, 0.8215158924205379]","[0.8186274509803921, 0.8308823529411765, 0.8186274509803921, 0.8259803921568627, 0.8264058679706602, 0.8141809290953546, 0.8215158924205379, 0.8361858190709046, 0.8337408312958435, 0.8215158924205379]","[0.8251755414200144, 0.8376330877639853, 0.8269137053648439, 0.8331637201125613, 0.8318913307944567, 0.8187884707049258, 0.8270811971508453, 0.8384191617489447, 0.834265292229894, 0.82367688970626]","[0.8065899270994664, 0.8207224452752759, 0.8049890925282366, 0.814753010332537, 0.8152769390101129, 0.8030934143520962, 0.8137915197493845, 0.828677993032358, 0.8222344674317092, 0.8131704846358406]","[0.8080028223410576, 0.8224148178090639, 0.8056362821830448, 0.8179181666468838, 0.816690867450536, 0.8048840918882253, 0.8137025940597369, 0.8299594259219996, 0.8241442496456481, 0.8145666428377978]","[0.8253208568539748, 0.8372493872246981, 0.8275489435035701, 0.8314276271451311, 0.8320814636406031, 0.8189928902603316, 0.8291732778642056, 0.8393281589333712, 0.8352972729933588, 0.8246386926717523]","[0.8186274509803921, 0.8308823529411765, 0.8186274509803921, 0.8259803921568627, 0.8264058679706602, 0.8141809290953546, 0.8215158924205379, 0.8361858190709046, 0.8337408312958435, 0.8215158924205379]","[0.8151307626437384, 0.8282021292659317, 0.8142189622574726, 0.8235086667149378, 0.82331166303157, 0.8113857998199492, 0.8194464533619267, 0.8346609018799651, 0.8309520448554839, 0.8197567213817492]","[array([[ 91,   7,   2,   0],
       [ 26,  52,   0,   7],
       [  1,   0,  74,  14],
       [  2,   0,  15, 117]]), array([[ 92,   6,   2,   0],
       [ 23,  55,   0,   7],
       [  1,   0,  75,  13],
       [  2,   0,  15, 117]]), array([[ 93,   6,   2,   0],
       [ 29,  49,   0,   6],
       [  1,   0,  75,  13],
       [  1,   0,  16, 117]]), array([[ 92,   6,   2,   1],
       [ 22,  55,   0,   7],
       [  1,   0,  73,  15],
       [  1,   0,  16, 117]]), array([[ 93,   7,   1,   0],
       [ 24,  53,   0,   7],
       [  1,   0,  75,  13],
       [  2,   0,  16, 117]]), array([[ 91,   8,   2,   0],
       [ 24,  53,   0,   7],
       [  1,   0,  74,  15],
       [  2,   0,  17, 115]]), array([[ 92,   7,   1,   1],
       [ 26,  55,   0,   4],
       [  1,   0,  76,  12],
       [  2,   0,  19, 113]]), array([[ 91,   8,   2,   0],
       [ 19,  59,   0,   7],
       [  1,   0,  76,  12],
       [  2,   0,  16, 116]]), array([[ 89,  10,   2,   0],
       [ 21,  55,   0,   9],
       [  1,   0,  77,  11],
       [  2,   0,  12, 120]]), array([[ 89,   9,   2,   1],
       [ 22,  57,   0,   6],
       [  0,   0,  75,  14],
       [  2,   0,  17, 115]])]","[0.717391304347826, 0.8478260869565217, 0.717391304347826, 0.8043478260869565, 0.7333333333333333, 0.8444444444444444, 0.7333333333333333, 0.6666666666666666, 0.7777777777777778, 0.7333333333333333]","[0.717391304347826, 0.8478260869565217, 0.717391304347826, 0.8043478260869565, 0.7333333333333333, 0.8444444444444444, 0.7333333333333333, 0.6666666666666666, 0.7777777777777778, 0.7333333333333333]","[0.717391304347826, 0.8478260869565217, 0.717391304347826, 0.8043478260869565, 0.7333333333333333, 0.8444444444444444, 0.7333333333333333, 0.6666666666666666, 0.7777777777777778, 0.7333333333333333]","[0.717391304347826, 0.8478260869565217, 0.717391304347826, 0.8043478260869565, 0.7333333333333333, 0.8444444444444444, 0.7333333333333333, 0.6666666666666666, 0.7777777777777778, 0.7333333333333333]","[0.722470238095238, 0.893796992481203, 0.7159090909090909, 0.8022435897435898, 0.7280011655011654, 0.8708333333333333, 0.7499999999999999, 0.640625, 0.8083333333333333, 0.7398538961038962]","[0.6958333333333333, 0.8180555555555555, 0.7068181818181818, 0.7962121212121213, 0.7305194805194805, 0.8500000000000001, 0.7012626262626263, 0.6351010101010102, 0.7638888888888888, 0.7106060606060607]","[0.6832865410451617, 0.83292034762623, 0.7086999022482894, 0.7958333333333333, 0.7241762813845194, 0.8355463980463981, 0.7119883040935673, 0.6185897435897436, 0.7651098901098901, 0.6979425427701289]","[0.7272256728778467, 0.8754494932984637, 0.7198616600790513, 0.8068561872909699, 0.7427350427350426, 0.8848148148148147, 0.745679012345679, 0.6597222222222222, 0.8014814814814814, 0.7501082251082251]","[0.717391304347826, 0.8478260869565217, 0.717391304347826, 0.8043478260869565, 0.7333333333333333, 0.8444444444444444, 0.7333333333333333, 0.6666666666666666, 0.7777777777777778, 0.7333333333333333]","[0.7007490260863575, 0.8414478388902943, 0.7162225338943431, 0.8025362318840579, 0.7330673394746621, 0.8412291412291413, 0.7252241715399611, 0.6467236467236467, 0.771916971916972, 0.7185518894331154]","[array([[11,  1,  0,  0],
       [ 5,  3,  0,  1],
       [ 0,  0,  8,  2],
       [ 0,  0,  4, 11]]), array([[11,  0,  0,  1],
       [ 3,  5,  0,  1],
       [ 0,  0,  8,  2],
       [ 0,  0,  0, 15]]), array([[ 8,  3,  0,  0],
       [ 2,  7,  0,  1],
       [ 0,  1,  6,  3],
       [ 1,  0,  2, 12]]), array([[ 9,  2,  0,  0],
       [ 3,  6,  0,  1],
       [ 0,  0,  9,  1],
       [ 1,  0,  1, 13]]), array([[ 7,  3,  1,  0],
       [ 4,  6,  0,  0],
       [ 0,  0,  9,  1],
       [ 0,  0,  3, 11]]), array([[11,  0,  0,  0],
       [ 4,  6,  0,  0],
       [ 0,  0,  9,  0],
       [ 0,  0,  3, 12]]), array([[ 8,  2,  1,  0],
       [ 1,  4,  0,  4],
       [ 0,  0,  7,  3],
       [ 0,  0,  1, 14]]), array([[ 9,  2,  0,  0],
       [ 7,  2,  0,  0],
       [ 0,  0,  7,  3],
       [ 0,  0,  3, 12]]), array([[11,  0,  0,  0],
       [ 4,  5,  0,  0],
       [ 0,  0,  7,  3],
       [ 0,  0,  3, 12]]), array([[10,  1,  0,  0],
       [ 5,  3,  0,  1],
       [ 1,  0,  8,  1],
       [ 0,  0,  3, 12]])]"
8,"[0.8063725490196079, 0.8137254901960784, 0.803921568627451, 0.8063725490196079, 0.8068459657701712, 0.7995110024449877, 0.8068459657701712, 0.8092909535452323, 0.8166259168704156, 0.80440097799511]","[0.8063725490196079, 0.8137254901960784, 0.803921568627451, 0.8063725490196079, 0.8068459657701712, 0.7995110024449877, 0.8068459657701712, 0.8092909535452323, 0.8166259168704156, 0.80440097799511]","[0.8063725490196079, 0.8137254901960784, 0.803921568627451, 0.8063725490196079, 0.8068459657701712, 0.7995110024449877, 0.8068459657701712, 0.8092909535452323, 0.8166259168704156, 0.80440097799511]","[0.8063725490196079, 0.8137254901960784, 0.803921568627451, 0.8063725490196079, 0.8068459657701712, 0.7995110024449877, 0.8068459657701712, 0.8092909535452323, 0.8166259168704156, 0.80440097799511]","[0.8218989637934382, 0.8307071745777519, 0.824282212885154, 0.8266651348039216, 0.8253080253080254, 0.8096596736596736, 0.826520434750242, 0.8263571510722552, 0.8306972835937966, 0.8173047922703232]","[0.7969259699519586, 0.8055014747807558, 0.7910138510916327, 0.7973222602560202, 0.7954190777558227, 0.7895885670656618, 0.7983183890446142, 0.8007821773387842, 0.8056374286746527, 0.7944918020473956]","[0.7938367050315505, 0.802183726041642, 0.7863288914036519, 0.795679611268228, 0.7936709224843639, 0.7887572369411676, 0.7948901475217265, 0.798922504354194, 0.8041646966473525, 0.790897914171971]","[0.8233465235310296, 0.8306101060473694, 0.8253044845389136, 0.8255223051230296, 0.8239795133263523, 0.8106278660215089, 0.8273421244655855, 0.8258249046173686, 0.8307614948520776, 0.8187310384311528]","[0.8063725490196079, 0.8137254901960784, 0.803921568627451, 0.8063725490196079, 0.8068459657701712, 0.7995110024449877, 0.8068459657701712, 0.8092909535452323, 0.8166259168704156, 0.80440097799511]","[0.8013348439014014, 0.8083414080778957, 0.7963091754229155, 0.8019209203971382, 0.801109995260498, 0.7957020867561899, 0.8017562568585601, 0.8048843110826668, 0.8116036129876825, 0.7986015639389138]","[array([[ 93,   4,   2,   1],
       [ 32,  47,   0,   6],
       [  1,   0,  78,  10],
       [  2,   0,  21, 111]]), array([[ 96,   3,   1,   0],
       [ 29,  48,   0,   8],
       [  1,   0,  78,  10],
       [  2,   0,  22, 110]]), array([[ 95,   3,   2,   1],
       [ 36,  42,   0,   6],
       [  1,   0,  79,   9],
       [  1,   0,  21, 112]]), array([[ 96,   2,   2,   1],
       [ 30,  48,   0,   6],
       [  1,   0,  76,  12],
       [  1,   0,  24, 109]]), array([[ 96,   3,   1,   1],
       [ 31,  46,   0,   7],
       [  1,   0,  76,  12],
       [  2,   0,  21, 112]]), array([[ 93,   5,   2,   1],
       [ 29,  49,   0,   6],
       [  1,   1,  75,  13],
       [  2,   0,  22, 110]]), array([[ 96,   3,   1,   1],
       [ 33,  47,   0,   5],
       [  1,   0,  78,  10],
       [  3,   0,  22, 109]]), array([[ 95,   3,   2,   1],
       [ 29,  49,   0,   7],
       [  1,   0,  77,  11],
       [  2,   0,  22, 110]]), array([[ 94,   4,   2,   1],
       [ 30,  48,   0,   7],
       [  1,   0,  78,  10],
       [  2,   0,  18, 114]]), array([[ 93,   5,   2,   1],
       [ 32,  46,   0,   7],
       [  0,   0,  79,  10],
       [  2,   0,  21, 111]])]","[0.717391304347826, 0.8695652173913043, 0.717391304347826, 0.782608695652174, 0.7555555555555555, 0.8222222222222222, 0.6888888888888889, 0.6666666666666666, 0.7333333333333333, 0.7333333333333333]","[0.717391304347826, 0.8695652173913043, 0.717391304347826, 0.782608695652174, 0.7555555555555555, 0.8222222222222222, 0.6888888888888889, 0.6666666666666666, 0.7333333333333333, 0.7333333333333333]","[0.717391304347826, 0.8695652173913043, 0.717391304347826, 0.782608695652174, 0.7555555555555555, 0.8222222222222222, 0.6888888888888889, 0.6666666666666666, 0.7333333333333333, 0.7333333333333333]","[0.717391304347826, 0.8695652173913043, 0.717391304347826, 0.782608695652174, 0.7555555555555555, 0.8222222222222222, 0.6888888888888889, 0.6666666666666666, 0.7333333333333333, 0.7333333333333333]","[0.7726244343891403, 0.9047619047619048, 0.7189102564102564, 0.7979166666666667, 0.7857142857142857, 0.8516025641025642, 0.6874999999999999, 0.6678921568627451, 0.7784313725490195, 0.7899698340874811]","[0.7, 0.8430555555555556, 0.7128787878787879, 0.7689393939393939, 0.7581168831168832, 0.825, 0.6568181818181817, 0.6328282828282827, 0.711111111111111, 0.7166666666666667]","[0.6843810237738274, 0.8542247226457753, 0.7124999999999999, 0.7601851851851852, 0.7445833333333334, 0.8067765567765568, 0.6583333333333333, 0.6133478858436414, 0.7081694621168304, 0.6996753246753247]","[0.764410781034822, 0.8897515527950312, 0.7198996655518394, 0.8016304347826086, 0.8015873015873015, 0.8591737891737893, 0.6877777777777777, 0.6752723311546841, 0.7729847494553377, 0.788369364839953]","[0.717391304347826, 0.8695652173913043, 0.717391304347826, 0.782608695652174, 0.7555555555555555, 0.8222222222222222, 0.6888888888888889, 0.6666666666666666, 0.7333333333333333, 0.7333333333333333]","[0.6978661290472776, 0.8628796832458159, 0.7155797101449275, 0.7713365539452496, 0.7519259259259261, 0.812128612128612, 0.6751322751322751, 0.639685234591856, 0.7221579590000643, 0.7155844155844154]","[array([[12,  0,  0,  0],
       [ 5,  3,  0,  1],
       [ 0,  0,  8,  2],
       [ 0,  0,  5, 10]]), array([[11,  0,  0,  1],
       [ 3,  5,  0,  1],
       [ 0,  0,  9,  1],
       [ 0,  0,  0, 15]]), array([[ 9,  2,  0,  0],
       [ 3,  6,  0,  1],
       [ 0,  0,  7,  3],
       [ 1,  0,  3, 11]]), array([[10,  1,  0,  0],
       [ 5,  4,  0,  1],
       [ 0,  0,  9,  1],
       [ 1,  0,  1, 13]]), array([[ 9,  1,  1,  0],
       [ 5,  5,  0,  0],
       [ 0,  0, 10,  0],
       [ 0,  0,  4, 10]]), array([[11,  0,  0,  0],
       [ 4,  5,  0,  1],
       [ 0,  0,  9,  0],
       [ 0,  0,  3, 12]]), array([[ 8,  2,  1,  0],
       [ 2,  3,  0,  4],
       [ 0,  0,  7,  3],
       [ 0,  0,  2, 13]]), array([[10,  1,  0,  0],
       [ 7,  2,  0,  0],
       [ 0,  0,  6,  4],
       [ 0,  0,  3, 12]]), array([[11,  0,  0,  0],
       [ 5,  4,  0,  0],
       [ 1,  0,  6,  3],
       [ 0,  0,  3, 12]]), array([[11,  0,  0,  0],
       [ 5,  3,  0,  1],
       [ 1,  0,  8,  1],
       [ 0,  0,  4, 11]])]"
9,"[0.8063725490196079, 0.8063725490196079, 0.7965686274509803, 0.7990196078431373, 0.8092909535452323, 0.8019559902200489, 0.8019559902200489, 0.80440097799511, 0.8092909535452323, 0.7970660146699267]","[0.8063725490196079, 0.8063725490196079, 0.7965686274509803, 0.7990196078431373, 0.8092909535452323, 0.8019559902200489, 0.8019559902200489, 0.80440097799511, 0.8092909535452323, 0.7970660146699267]","[0.8063725490196079, 0.8063725490196079, 0.7965686274509803, 0.7990196078431373, 0.8092909535452323, 0.8019559902200489, 0.8019559902200489, 0.80440097799511, 0.8092909535452323, 0.7970660146699267]","[0.8063725490196079, 0.8063725490196079, 0.7965686274509803, 0.7990196078431373, 0.8092909535452323, 0.8019559902200489, 0.8019559902200489, 0.80440097799511, 0.8092909535452323, 0.7970660146699267]","[0.8169603378451025, 0.8121997854539408, 0.8143895264060488, 0.8108589523683863, 0.8227434202847806, 0.8063992042440319, 0.8081731847461636, 0.8168174637630612, 0.8194390056540737, 0.8019064735607581]","[0.7926951741622357, 0.7935329137524538, 0.7799234729598832, 0.7831260961138399, 0.7937761231981947, 0.7878012987865951, 0.7918035417593114, 0.7930017309225177, 0.7925517833668718, 0.7845004835194631]","[0.7917778473465003, 0.7946026196026196, 0.777482405176027, 0.7853259079647931, 0.794431838408809, 0.7894914114501923, 0.7902849322859536, 0.7934223199126289, 0.7954644458680333, 0.784436613097873]","[0.8171804130279824, 0.8124970700834959, 0.8131164840579308, 0.8081748070649292, 0.8208703199087295, 0.8067038896522076, 0.8111889683316306, 0.8150301870975436, 0.81703300235681, 0.8029535404054873]","[0.8063725490196079, 0.8063725490196079, 0.7965686274509803, 0.7990196078431373, 0.8092909535452323, 0.8019559902200489, 0.8019559902200489, 0.80440097799511, 0.8092909535452323, 0.7970660146699267]","[0.8005111404071641, 0.8022624706448236, 0.7880427978403819, 0.7935169043800989, 0.8031992105762251, 0.797777050176775, 0.7981085758178367, 0.7998292493766315, 0.8039306506862726, 0.7924231935531165]","[array([[ 91,   6,   2,   1],
       [ 31,  46,   0,   8],
       [  1,   0,  76,  12],
       [  2,   0,  16, 116]]), array([[ 90,   8,   2,   0],
       [ 27,  50,   0,   8],
       [  1,   0,  73,  15],
       [  2,   0,  16, 116]]), array([[ 94,   4,   2,   1],
       [ 35,  41,   0,   8],
       [  1,   0,  75,  13],
       [  1,   0,  18, 115]]), array([[ 93,   6,   1,   1],
       [ 29,  47,   0,   8],
       [  1,   0,  70,  18],
       [  1,   0,  17, 116]]), array([[ 95,   4,   1,   1],
       [ 30,  46,   0,   8],
       [  1,   1,  73,  14],
       [  2,   0,  16, 117]]), array([[ 90,   8,   2,   1],
       [ 27,  49,   0,   8],
       [  1,   1,  73,  15],
       [  2,   0,  16, 116]]), array([[ 91,   8,   1,   1],
       [ 31,  49,   0,   5],
       [  1,   0,  76,  12],
       [  2,   0,  20, 112]]), array([[ 93,   5,   2,   1],
       [ 27,  49,   0,   9],
       [  1,   0,  74,  14],
       [  2,   0,  19, 113]]), array([[ 91,   7,   2,   1],
       [ 28,  48,   0,   9],
       [  1,   0,  72,  16],
       [  2,   0,  12, 120]]), array([[ 90,   9,   1,   1],
       [ 30,  48,   0,   7],
       [  0,   0,  74,  15],
       [  2,   0,  18, 114]])]","[0.6956521739130435, 0.8478260869565217, 0.7391304347826086, 0.8478260869565217, 0.7555555555555555, 0.8444444444444444, 0.7333333333333333, 0.7111111111111111, 0.7555555555555555, 0.7333333333333333]","[0.6956521739130435, 0.8478260869565217, 0.7391304347826086, 0.8478260869565217, 0.7555555555555555, 0.8444444444444444, 0.7333333333333333, 0.7111111111111111, 0.7555555555555555, 0.7333333333333333]","[0.6956521739130435, 0.8478260869565217, 0.7391304347826086, 0.8478260869565217, 0.7555555555555555, 0.8444444444444444, 0.7333333333333333, 0.7111111111111111, 0.7555555555555555, 0.7333333333333333]","[0.6956521739130435, 0.8478260869565217, 0.7391304347826086, 0.8478260869565217, 0.7555555555555555, 0.8444444444444444, 0.7333333333333333, 0.7111111111111111, 0.7555555555555555, 0.7333333333333333]","[0.7055288461538461, 0.8756410256410256, 0.7375, 0.8616071428571428, 0.7543290043290043, 0.863095238095238, 0.7468462823725981, 0.7112949346405228, 0.7595238095238095, 0.7880681818181818]","[0.6791666666666666, 0.8222222222222222, 0.7295454545454545, 0.8356060606060607, 0.7555194805194805, 0.8388888888888889, 0.7123737373737373, 0.6744949494949495, 0.7439393939393939, 0.7106060606060607]","[0.6642976588628763, 0.8308441558441558, 0.7308672276764843, 0.8391191451113552, 0.7453189792663477, 0.8346929824561403, 0.7224264705882353, 0.6557927075753901, 0.7453947368421052, 0.7006613756613755]","[0.7107023411371237, 0.8637123745819398, 0.7391304347826086, 0.859860248447205, 0.7735449735449735, 0.8631746031746032, 0.7437668244685789, 0.7207970225127087, 0.7608465608465609, 0.7810606060606061]","[0.6956521739130435, 0.8478260869565217, 0.7391304347826086, 0.8478260869565217, 0.7555555555555555, 0.8444444444444444, 0.7333333333333333, 0.7111111111111111, 0.7555555555555555, 0.7333333333333333]","[0.6794179355616029, 0.8405420666290232, 0.736701424883631, 0.8452368442763537, 0.7548693957115009, 0.8390877192982455, 0.7310130718954247, 0.6845824238014391, 0.7525730994152047, 0.7170487948265726]","[array([[11,  1,  0,  0],
       [ 5,  3,  0,  1],
       [ 0,  0,  8,  2],
       [ 0,  0,  5, 10]]), array([[10,  0,  1,  1],
       [ 3,  5,  0,  1],
       [ 0,  0,  9,  1],
       [ 0,  0,  0, 15]]), array([[ 9,  2,  0,  0],
       [ 2,  7,  0,  1],
       [ 0,  1,  6,  3],
       [ 1,  0,  2, 12]]), array([[10,  1,  0,  0],
       [ 3,  6,  0,  1],
       [ 0,  0,  9,  1],
       [ 1,  0,  0, 14]]), array([[ 7,  3,  1,  0],
       [ 4,  6,  0,  0],
       [ 0,  0, 10,  0],
       [ 0,  0,  3, 11]]), array([[11,  0,  0,  0],
       [ 3,  6,  0,  1],
       [ 0,  0,  8,  1],
       [ 0,  0,  2, 13]]), array([[ 8,  2,  1,  0],
       [ 1,  5,  0,  3],
       [ 0,  0,  7,  3],
       [ 0,  0,  2, 13]]), array([[10,  1,  0,  0],
       [ 7,  2,  0,  0],
       [ 0,  0,  7,  3],
       [ 0,  0,  2, 13]]), array([[10,  1,  0,  0],
       [ 3,  6,  0,  0],
       [ 1,  0,  6,  3],
       [ 0,  0,  3, 12]]), array([[10,  0,  0,  1],
       [ 5,  3,  0,  1],
       [ 1,  0,  8,  1],
       [ 0,  0,  3, 12]])]"
10,"[0.7965686274509803, 0.8112745098039216, 0.7990196078431373, 0.7818627450980392, 0.784841075794621, 0.784841075794621, 0.80440097799511, 0.8019559902200489, 0.80440097799511, 0.8068459657701712]","[0.7965686274509803, 0.8112745098039216, 0.7990196078431373, 0.7818627450980392, 0.784841075794621, 0.784841075794621, 0.80440097799511, 0.8019559902200489, 0.80440097799511, 0.8068459657701712]","[0.7965686274509803, 0.8112745098039216, 0.7990196078431373, 0.7818627450980392, 0.784841075794621, 0.784841075794621, 0.80440097799511, 0.8019559902200489, 0.80440097799511, 0.8068459657701712]","[0.7965686274509803, 0.8112745098039216, 0.7990196078431373, 0.7818627450980392, 0.784841075794621, 0.784841075794621, 0.80440097799511, 0.8019559902200489, 0.80440097799511, 0.8068459657701712]","[0.8141352146671296, 0.8318411931368742, 0.8202914539021351, 0.8039017572699796, 0.8084392967713401, 0.7944320618052945, 0.8244828324919016, 0.823653631718596, 0.8248473766961173, 0.8281028906407925]","[0.7842179469473518, 0.8006736640656598, 0.7823987204846357, 0.767619586459736, 0.768634025655107, 0.7726291925567824, 0.7934905783295181, 0.7908137772720165, 0.7896544879601651, 0.7944129328490552]","[0.780366250754293, 0.7987149931671278, 0.7799150137805029, 0.7655414306242886, 0.7644148866109307, 0.7717060586236966, 0.7912983441690712, 0.7900830699238729, 0.7875623776165775, 0.7934114802116967]","[0.8142735561383871, 0.830065183226215, 0.8185969750973849, 0.8012042050599231, 0.8058745940790419, 0.7951362311869187, 0.8235831720897699, 0.8205142057678906, 0.822451218516157, 0.8248435247362877]","[0.7965686274509803, 0.8112745098039216, 0.7990196078431373, 0.7818627450980392, 0.784841075794621, 0.784841075794621, 0.80440097799511, 0.8019559902200489, 0.80440097799511, 0.8068459657701712]","[0.7892027296041325, 0.8055245384410045, 0.79049887985976, 0.7742830772876227, 0.7747711163075355, 0.7798434357742059, 0.7986381535563224, 0.796472160026841, 0.7964932038111101, 0.8005265811735369]","[array([[ 93,   4,   2,   1],
       [ 34,  43,   0,   8],
       [  1,   0,  77,  11],
       [  2,   0,  20, 112]]), array([[ 96,   2,   2,   0],
       [ 30,  47,   0,   8],
       [  1,   0,  76,  12],
       [  2,   0,  20, 112]]), array([[ 95,   3,   2,   1],
       [ 36,  41,   0,   7],
       [  1,   0,  75,  13],
       [  1,   0,  18, 115]]), array([[ 95,   3,   2,   1],
       [ 34,  42,   0,   8],
       [  1,   0,  72,  16],
       [  1,   0,  23, 110]]), array([[ 97,   2,   1,   1],
       [ 36,  39,   0,   9],
       [  1,   1,  73,  14],
       [  2,   0,  21, 112]]), array([[ 92,   6,   2,   1],
       [ 31,  46,   0,   7],
       [  1,   1,  73,  15],
       [  2,   0,  22, 110]]), array([[ 96,   3,   1,   1],
       [ 33,  46,   0,   6],
       [  1,   0,  76,  12],
       [  3,   0,  20, 111]]), array([[ 96,   2,   2,   1],
       [ 29,  47,   0,   9],
       [  2,   0,  74,  13],
       [  2,   0,  21, 111]]), array([[ 95,   3,   2,   1],
       [ 34,  43,   0,   8],
       [  0,   0,  76,  13],
       [  2,   0,  17, 115]]), array([[ 96,   2,   2,   1],
       [ 31,  46,   0,   8],
       [  0,   0,  75,  14],
       [  1,   0,  20, 113]])]","[0.717391304347826, 0.8260869565217391, 0.717391304347826, 0.8478260869565217, 0.7333333333333333, 0.8, 0.7111111111111111, 0.6888888888888889, 0.7111111111111111, 0.7333333333333333]","[0.717391304347826, 0.8260869565217391, 0.717391304347826, 0.8478260869565217, 0.7333333333333333, 0.8, 0.7111111111111111, 0.6888888888888889, 0.7111111111111111, 0.7333333333333333]","[0.717391304347826, 0.8260869565217391, 0.717391304347826, 0.8478260869565217, 0.7333333333333333, 0.8, 0.7111111111111111, 0.6888888888888889, 0.7111111111111111, 0.7333333333333333]","[0.717391304347826, 0.8260869565217391, 0.717391304347826, 0.8478260869565217, 0.7333333333333333, 0.8, 0.7111111111111111, 0.6888888888888889, 0.7111111111111111, 0.7333333333333333]","[0.7726244343891403, 0.8518668831168832, 0.7114087301587302, 0.8616071428571428, 0.7490842490842491, 0.8401442307692308, 0.7127192982456141, 0.7569444444444444, 0.71875, 0.7899698340874811]","[0.7, 0.8055555555555556, 0.7045454545454546, 0.8356060606060607, 0.7353896103896105, 0.8, 0.6845959595959596, 0.6555555555555557, 0.6856060606060606, 0.7166666666666667]","[0.6843810237738274, 0.8109712867777384, 0.7030994152046783, 0.8391191451113552, 0.7220588235294118, 0.7751322751322751, 0.6899859943977591, 0.6320073872617634, 0.6755698005698005, 0.6996753246753247]","[0.764410781034822, 0.8451792772444946, 0.7195479641131817, 0.859860248447205, 0.7684167684167684, 0.8479700854700855, 0.712514619883041, 0.7475308641975308, 0.725, 0.788369364839953]","[0.717391304347826, 0.8260869565217391, 0.717391304347826, 0.8478260869565217, 0.7333333333333333, 0.8, 0.7111111111111111, 0.6888888888888889, 0.7111111111111111, 0.7333333333333333]","[0.6978661290472776, 0.8212860071205093, 0.713999491482329, 0.8452368442763537, 0.730718954248366, 0.7833039388594943, 0.7033675692499222, 0.6565832790761075, 0.6955998733776512, 0.7155844155844154]","[array([[12,  0,  0,  0],
       [ 5,  3,  0,  1],
       [ 0,  0,  8,  2],
       [ 0,  0,  5, 10]]), array([[10,  0,  1,  1],
       [ 4,  5,  0,  0],
       [ 0,  0,  9,  1],
       [ 0,  0,  1, 14]]), array([[ 9,  2,  0,  0],
       [ 4,  5,  0,  1],
       [ 0,  1,  7,  2],
       [ 1,  0,  2, 12]]), array([[10,  1,  0,  0],
       [ 3,  6,  0,  1],
       [ 0,  0,  9,  1],
       [ 1,  0,  0, 14]]), array([[ 8,  2,  1,  0],
       [ 5,  5,  0,  0],
       [ 0,  0, 10,  0],
       [ 0,  0,  4, 10]]), array([[11,  0,  0,  0],
       [ 5,  4,  0,  1],
       [ 0,  0,  9,  0],
       [ 0,  0,  3, 12]]), array([[ 8,  2,  1,  0],
       [ 2,  4,  0,  3],
       [ 0,  0,  7,  3],
       [ 0,  0,  2, 13]]), array([[11,  0,  0,  0],
       [ 7,  2,  0,  0],
       [ 0,  0,  6,  4],
       [ 0,  0,  3, 12]]), array([[10,  1,  0,  0],
       [ 6,  3,  0,  0],
       [ 0,  0,  7,  3],
       [ 0,  0,  3, 12]]), array([[11,  0,  0,  0],
       [ 5,  3,  0,  1],
       [ 1,  0,  8,  1],
       [ 0,  0,  4, 11]])]"
11,"[0.8112745098039216, 0.7941176470588235, 0.7965686274509803, 0.7794117647058824, 0.7921760391198044, 0.784841075794621, 0.7872860635696821, 0.80440097799511, 0.7946210268948656, 0.7921760391198044]","[0.8112745098039216, 0.7941176470588235, 0.7965686274509803, 0.7794117647058824, 0.7921760391198044, 0.784841075794621, 0.7872860635696821, 0.80440097799511, 0.7946210268948656, 0.7921760391198044]","[0.8112745098039216, 0.7941176470588235, 0.7965686274509803, 0.7794117647058824, 0.7921760391198044, 0.784841075794621, 0.7872860635696821, 0.80440097799511, 0.7946210268948656, 0.7921760391198044]","[0.8112745098039216, 0.7941176470588235, 0.7965686274509803, 0.7794117647058824, 0.7921760391198044, 0.784841075794621, 0.7872860635696821, 0.80440097799511, 0.7946210268948656, 0.7921760391198044]","[0.8271412411118294, 0.8097296134763123, 0.8183400532321395, 0.7894247877132538, 0.8039470657322565, 0.7933581531589367, 0.795261683838133, 0.8119146671826626, 0.8021328043412488, 0.796899466334324]","[0.7968840447465252, 0.7779000651073779, 0.7788136163104823, 0.7647605335447898, 0.7779410873136539, 0.7681727794314613, 0.7744208583488688, 0.7938014011076459, 0.7759687701415572, 0.7801595643529196]","[0.7976055352270313, 0.7784990756183015, 0.778236363120084, 0.765099296128708, 0.7765934192979635, 0.7694250698609709, 0.7725582188298423, 0.7939006529313074, 0.7780773380611816, 0.7796897852566975]","[0.8247602887308769, 0.8073933658770807, 0.8156563178674902, 0.7886611415873869, 0.8033233771151574, 0.7925584311283058, 0.7974154520131694, 0.8117910891676191, 0.8010845127603191, 0.7988962200237413]","[0.8112745098039216, 0.7941176470588235, 0.7965686274509803, 0.7794117647058824, 0.7921760391198044, 0.784841075794621, 0.7872860635696821, 0.80440097799511, 0.7946210268948656, 0.7921760391198044]","[0.8055554385733078, 0.7874479789718056, 0.7886805865260037, 0.7737653663778231, 0.7854664836188174, 0.7789156309458342, 0.7816918267578096, 0.8003930333568163, 0.7882041131516102, 0.7878985451965981]","[array([[ 93,   4,   2,   1],
       [ 30,  47,   0,   8],
       [  1,   0,  74,  14],
       [  2,   0,  15, 117]]), array([[ 93,   5,   2,   0],
       [ 32,  45,   0,   8],
       [  1,   0,  70,  18],
       [  2,   0,  16, 116]]), array([[ 95,   3,   2,   1],
       [ 36,  42,   0,   6],
       [  1,   0,  72,  16],
       [  1,   0,  17, 116]]), array([[ 91,   7,   2,   1],
       [ 31,  45,   0,   8],
       [  1,   0,  70,  18],
       [  1,   0,  21, 112]]), array([[ 94,   5,   1,   1],
       [ 31,  44,   0,   9],
       [  1,   1,  73,  14],
       [  2,   0,  20, 113]]), array([[ 91,   7,   2,   1],
       [ 31,  45,   0,   8],
       [  1,   1,  70,  18],
       [  2,   0,  17, 115]]), array([[ 91,   8,   1,   1],
       [ 34,  45,   0,   6],
       [  1,   0,  74,  14],
       [  2,   0,  20, 112]]), array([[ 91,   7,   2,   1],
       [ 26,  50,   0,   9],
       [  1,   0,  75,  13],
       [  2,   0,  19, 113]]), array([[ 89,   9,   2,   1],
       [ 32,  45,   0,   8],
       [  0,   0,  71,  18],
       [  2,   0,  12, 120]]), array([[ 89,   9,   2,   1],
       [ 31,  48,   0,   6],
       [  0,   0,  74,  15],
       [  2,   0,  19, 113]])]","[0.717391304347826, 0.8260869565217391, 0.717391304347826, 0.8260869565217391, 0.7111111111111111, 0.8222222222222222, 0.7111111111111111, 0.6444444444444445, 0.7333333333333333, 0.7555555555555555]","[0.717391304347826, 0.8260869565217391, 0.717391304347826, 0.8260869565217391, 0.7111111111111111, 0.8222222222222222, 0.7111111111111111, 0.6444444444444445, 0.7333333333333333, 0.7555555555555555]","[0.717391304347826, 0.8260869565217391, 0.717391304347826, 0.8260869565217391, 0.7111111111111111, 0.8222222222222222, 0.7111111111111111, 0.6444444444444445, 0.7333333333333333, 0.7555555555555555]","[0.717391304347826, 0.8260869565217391, 0.717391304347826, 0.8260869565217391, 0.7111111111111111, 0.8222222222222222, 0.7111111111111111, 0.6444444444444445, 0.7333333333333333, 0.7555555555555555]","[0.722470238095238, 0.8518668831168832, 0.7147435897435898, 0.8293269230769231, 0.7106227106227107, 0.8516025641025642, 0.7127192982456141, 0.6197916666666666, 0.7455357142857143, 0.807868601986249]","[0.6958333333333333, 0.8055555555555556, 0.7045454545454546, 0.812878787878788, 0.7032467532467532, 0.825, 0.6845959595959596, 0.61010101010101, 0.7133838383838382, 0.7333333333333334]","[0.6832865410451617, 0.8109712867777384, 0.7056097906055461, 0.8168152235427277, 0.6992473757179639, 0.8067765567765568, 0.6899859943977591, 0.5950328675286229, 0.7099388797664659, 0.7188013136288998]","[0.7272256728778467, 0.8451792772444946, 0.7180880713489409, 0.8313127090301002, 0.7205535205535205, 0.8591737891737893, 0.712514619883041, 0.6356481481481481, 0.7540476190476191, 0.8055003819709702]","[0.717391304347826, 0.8260869565217391, 0.717391304347826, 0.8260869565217391, 0.7111111111111111, 0.8222222222222222, 0.7111111111111111, 0.6444444444444445, 0.7333333333333333, 0.7555555555555555]","[0.7007490260863575, 0.8212860071205093, 0.7140295514382027, 0.8247551733471125, 0.7087960212143218, 0.812128612128612, 0.7033675692499222, 0.6229168178234392, 0.7267732976545237, 0.7372377303411786]","[array([[11,  1,  0,  0],
       [ 5,  3,  0,  1],
       [ 0,  0,  8,  2],
       [ 0,  0,  4, 11]]), array([[10,  0,  1,  1],
       [ 4,  5,  0,  0],
       [ 0,  0,  9,  1],
       [ 0,  0,  1, 14]]), array([[ 9,  2,  0,  0],
       [ 3,  6,  0,  1],
       [ 0,  1,  6,  3],
       [ 1,  0,  2, 12]]), array([[ 9,  2,  0,  0],
       [ 3,  6,  0,  1],
       [ 0,  0,  9,  1],
       [ 1,  0,  0, 14]]), array([[ 8,  2,  1,  0],
       [ 5,  5,  0,  0],
       [ 0,  0,  8,  2],
       [ 0,  0,  3, 11]]), array([[11,  0,  0,  0],
       [ 4,  5,  0,  1],
       [ 0,  0,  9,  0],
       [ 0,  0,  3, 12]]), array([[ 8,  2,  1,  0],
       [ 2,  4,  0,  3],
       [ 0,  0,  7,  3],
       [ 0,  0,  2, 13]]), array([[ 9,  2,  0,  0],
       [ 7,  2,  0,  0],
       [ 0,  0,  6,  4],
       [ 0,  0,  3, 12]]), array([[10,  1,  0,  0],
       [ 5,  4,  0,  0],
       [ 1,  0,  7,  2],
       [ 0,  0,  3, 12]]), array([[11,  0,  0,  0],
       [ 5,  3,  0,  1],
       [ 1,  0,  8,  1],
       [ 0,  0,  3, 12]])]"
12,"[0.7965686274509803, 0.7892156862745098, 0.803921568627451, 0.7843137254901961, 0.7897310513447433, 0.7726161369193154, 0.7946210268948656, 0.80440097799511, 0.784841075794621, 0.8019559902200489]","[0.7965686274509803, 0.7892156862745098, 0.803921568627451, 0.7843137254901961, 0.7897310513447433, 0.7726161369193154, 0.7946210268948656, 0.80440097799511, 0.784841075794621, 0.8019559902200489]","[0.7965686274509803, 0.7892156862745098, 0.803921568627451, 0.7843137254901961, 0.7897310513447433, 0.7726161369193154, 0.7946210268948656, 0.80440097799511, 0.784841075794621, 0.8019559902200489]","[0.7965686274509803, 0.7892156862745098, 0.803921568627451, 0.7843137254901961, 0.7897310513447433, 0.7726161369193154, 0.7946210268948656, 0.80440097799511, 0.784841075794621, 0.8019559902200489]","[0.8225835110163469, 0.8076253877977205, 0.8235562179215501, 0.7991859764739229, 0.8079746623399324, 0.7840105139269232, 0.8095163870194937, 0.814377813814077, 0.7935810944095949, 0.8156684027777777]","[0.7816257608191692, 0.775481991891172, 0.7892944185592704, 0.7704871440044031, 0.7763782277104114, 0.7582491831272679, 0.7831236592846725, 0.7930710967487236, 0.767907966922014, 0.7887206742100457]","[0.7769039359206864, 0.7728899952210926, 0.7871136371279566, 0.7693845995903634, 0.7731343028093256, 0.756131870171043, 0.7802519766934751, 0.7915665255919726, 0.7675883667286587, 0.7870247514116931]","[0.821152465961509, 0.8065723693436988, 0.8222989527021609, 0.7983802982998757, 0.8065538633007036, 0.7847922268420304, 0.8113150317382972, 0.8142142012940218, 0.7933357274863525, 0.8153953579190437]","[0.7965686274509803, 0.7892156862745098, 0.803921568627451, 0.7843137254901961, 0.7897310513447433, 0.7726161369193154, 0.7946210268948656, 0.80440097799511, 0.784841075794621, 0.8019559902200489]","[0.7872041791067483, 0.7817825431473949, 0.796607673544875, 0.778129701315463, 0.7818959756847375, 0.7658722503386958, 0.7890183803567422, 0.798867676617457, 0.7776859468201003, 0.7956042387952232]","[array([[ 94,   2,   3,   1],
       [ 37,  40,   0,   8],
       [  1,   0,  77,  11],
       [  2,   0,  18, 114]]), array([[ 94,   4,   2,   0],
       [ 34,  43,   0,   8],
       [  1,   0,  73,  15],
       [  2,   0,  20, 112]]), array([[ 95,   3,   2,   1],
       [ 35,  43,   0,   6],
       [  0,   0,  76,  13],
       [  1,   0,  19, 114]]), array([[ 93,   5,   2,   1],
       [ 33,  44,   0,   7],
       [  1,   0,  72,  16],
       [  1,   0,  22, 111]]), array([[ 95,   4,   1,   1],
       [ 34,  42,   0,   8],
       [  0,   0,  75,  14],
       [  2,   0,  22, 111]]), array([[ 91,   7,   2,   1],
       [ 34,  42,   0,   8],
       [  2,   0,  73,  15],
       [  2,   0,  22, 110]]), array([[ 93,   5,   2,   1],
       [ 35,  45,   0,   5],
       [  1,   0,  76,  12],
       [  2,   0,  21, 111]]), array([[ 92,   6,   2,   1],
       [ 29,  47,   0,   9],
       [  0,   0,  77,  12],
       [  2,   0,  19, 113]]), array([[ 90,   8,   2,   1],
       [ 34,  43,   0,   8],
       [  0,   0,  72,  17],
       [  2,   0,  16, 116]]), array([[ 93,   5,   2,   1],
       [ 33,  45,   0,   7],
       [  0,   0,  76,  13],
       [  2,   0,  18, 114]])]","[0.717391304347826, 0.8043478260869565, 0.717391304347826, 0.8260869565217391, 0.7333333333333333, 0.8222222222222222, 0.7111111111111111, 0.6888888888888889, 0.7333333333333333, 0.7777777777777778]","[0.717391304347826, 0.8043478260869565, 0.717391304347826, 0.8260869565217391, 0.7333333333333333, 0.8222222222222222, 0.7111111111111111, 0.6888888888888889, 0.7333333333333333, 0.7777777777777778]","[0.717391304347826, 0.8043478260869565, 0.717391304347826, 0.8260869565217391, 0.7333333333333333, 0.8222222222222222, 0.7111111111111111, 0.6888888888888889, 0.7333333333333333, 0.7777777777777778]","[0.717391304347826, 0.8043478260869565, 0.717391304347826, 0.8260869565217391, 0.7333333333333333, 0.8222222222222222, 0.7111111111111111, 0.6888888888888889, 0.7333333333333333, 0.7777777777777778]","[0.7726244343891403, 0.8399621212121212, 0.7212301587301587, 0.8293269230769231, 0.7472527472527473, 0.8516025641025642, 0.704040404040404, 0.6924019607843137, 0.7455357142857143, 0.8236607142857143]","[0.7, 0.7777777777777777, 0.7045454545454546, 0.812878787878788, 0.7259740259740259, 0.825, 0.6845959595959596, 0.6494949494949495, 0.7133838383838382, 0.7583333333333333]","[0.6843810237738274, 0.7791235049299565, 0.7048177369419755, 0.8168152235427277, 0.7217718855218855, 0.8067765567765568, 0.6871212121212121, 0.6316964285714286, 0.7099388797664659, 0.7401457099732962]","[0.764410781034822, 0.8327569169960474, 0.7226535541752933, 0.8313127090301002, 0.7537240537240537, 0.8591737891737893, 0.7074074074074075, 0.6986928104575163, 0.7540476190476191, 0.8204365079365079]","[0.717391304347826, 0.8043478260869565, 0.717391304347826, 0.8260869565217391, 0.7333333333333333, 0.8222222222222222, 0.7111111111111111, 0.6888888888888889, 0.7333333333333333, 0.7777777777777778]","[0.6978661290472776, 0.7945036107728956, 0.7126886352090109, 0.8247551733471125, 0.7300029928918818, 0.812128612128612, 0.7026262626262626, 0.6602513227513228, 0.7267732976545237, 0.7568572055162093]","[array([[12,  0,  0,  0],
       [ 5,  3,  0,  1],
       [ 0,  0,  8,  2],
       [ 0,  0,  5, 10]]), array([[10,  0,  1,  1],
       [ 5,  4,  0,  0],
       [ 0,  0,  9,  1],
       [ 0,  0,  1, 14]]), array([[ 9,  2,  0,  0],
       [ 4,  5,  0,  1],
       [ 0,  0,  7,  3],
       [ 1,  0,  2, 12]]), array([[ 9,  2,  0,  0],
       [ 3,  6,  0,  1],
       [ 0,  0,  9,  1],
       [ 1,  0,  0, 14]]), array([[ 9,  1,  1,  0],
       [ 5,  5,  0,  0],
       [ 0,  0,  8,  2],
       [ 0,  0,  3, 11]]), array([[11,  0,  0,  0],
       [ 4,  5,  0,  1],
       [ 0,  0,  9,  0],
       [ 0,  0,  3, 12]]), array([[ 8,  2,  1,  0],
       [ 3,  4,  0,  2],
       [ 0,  0,  7,  3],
       [ 0,  0,  2, 13]]), array([[10,  1,  0,  0],
       [ 7,  2,  0,  0],
       [ 0,  0,  6,  4],
       [ 0,  0,  2, 13]]), array([[10,  1,  0,  0],
       [ 5,  4,  0,  0],
       [ 1,  0,  7,  2],
       [ 0,  0,  3, 12]]), array([[11,  0,  0,  0],
       [ 5,  3,  0,  1],
       [ 0,  0,  9,  1],
       [ 0,  0,  3, 12]])]"
13,"[0.7867647058823529, 0.7916666666666666, 0.7867647058823529, 0.7720588235294118, 0.7872860635696821, 0.7726161369193154, 0.784841075794621, 0.8019559902200489, 0.78239608801956, 0.7921760391198044]","[0.7867647058823529, 0.7916666666666666, 0.7867647058823529, 0.7720588235294118, 0.7872860635696821, 0.7726161369193154, 0.784841075794621, 0.8019559902200489, 0.78239608801956, 0.7921760391198044]","[0.7867647058823529, 0.7916666666666666, 0.7867647058823529, 0.7720588235294118, 0.7872860635696821, 0.7726161369193154, 0.784841075794621, 0.8019559902200489, 0.78239608801956, 0.7921760391198044]","[0.7867647058823529, 0.7916666666666666, 0.7867647058823529, 0.7720588235294118, 0.7872860635696821, 0.7726161369193154, 0.784841075794621, 0.8019559902200489, 0.78239608801956, 0.7921760391198044]","[0.7968434685702238, 0.8015604971548367, 0.8055363115145724, 0.775872762714868, 0.7970726207519592, 0.7791186816575346, 0.7911720379955063, 0.8097927759369368, 0.7928261153468241, 0.7989991158776837]","[0.7715201832871335, 0.77678455870022, 0.7697980367381028, 0.7595558286393312, 0.7729905922641489, 0.7572284440597576, 0.7710022937018624, 0.7907280369305143, 0.7644200364488017, 0.7780085546953251]","[0.7706138701225895, 0.7770669258337978, 0.7691634587670398, 0.7595432227119636, 0.7721607174464247, 0.7565254170155942, 0.7697473998873015, 0.7898026958580402, 0.7667854427649397, 0.7777111913582511]","[0.7977821953154023, 0.8011179524220589, 0.8027585532540775, 0.7781417546639424, 0.796263596456574, 0.780105945874597, 0.7939099593816547, 0.8103002579008269, 0.7902314982336857, 0.8000469551939274]","[0.7867647058823529, 0.7916666666666666, 0.7867647058823529, 0.7720588235294118, 0.7872860635696821, 0.7726161369193154, 0.784841075794621, 0.8019559902200489, 0.78239608801956, 0.7921760391198044]","[0.780552671254703, 0.7858839689600008, 0.778928704242606, 0.7680895623611138, 0.7807859987665251, 0.7663913041818129, 0.7795115450044879, 0.7971328019694706, 0.7759173707748573, 0.7868090146286026]","[array([[ 89,   7,   3,   1],
       [ 34,  44,   0,   7],
       [  1,   0,  73,  15],
       [  2,   0,  17, 115]]), array([[ 91,   7,   2,   0],
       [ 31,  46,   0,   8],
       [  1,   0,  71,  17],
       [  2,   0,  17, 115]]), array([[ 94,   4,   2,   1],
       [ 35,  42,   0,   7],
       [  0,   0,  71,  18],
       [  1,   0,  19, 114]]), array([[ 88,  10,   2,   1],
       [ 31,  47,   0,   6],
       [  1,   0,  70,  18],
       [  1,   0,  23, 110]]), array([[ 92,   7,   1,   1],
       [ 31,  44,   0,   9],
       [  0,   0,  73,  16],
       [  2,   0,  20, 113]]), array([[ 89,   9,   2,   1],
       [ 34,  43,   0,   7],
       [  0,   0,  72,  18],
       [  2,   0,  20, 112]]), array([[ 90,   9,   1,   1],
       [ 35,  45,   0,   5],
       [  1,   0,  73,  15],
       [  2,   0,  19, 113]]), array([[ 91,   7,   2,   1],
       [ 29,  48,   0,   8],
       [  0,   0,  76,  13],
       [  2,   0,  19, 113]]), array([[ 90,   8,   2,   1],
       [ 31,  45,   0,   9],
       [  0,   0,  68,  21],
       [  2,   0,  15, 117]]), array([[ 89,   8,   3,   1],
       [ 32,  46,   0,   7],
       [  0,   0,  74,  15],
       [  2,   0,  17, 115]])]","[0.7391304347826086, 0.8043478260869565, 0.717391304347826, 0.8260869565217391, 0.7111111111111111, 0.8222222222222222, 0.7111111111111111, 0.7111111111111111, 0.6888888888888889, 0.7555555555555555]","[0.7391304347826086, 0.8043478260869565, 0.717391304347826, 0.8260869565217391, 0.7111111111111111, 0.8222222222222222, 0.7111111111111111, 0.7111111111111111, 0.6888888888888889, 0.7555555555555555]","[0.7391304347826086, 0.8043478260869565, 0.717391304347826, 0.8260869565217391, 0.7111111111111111, 0.8222222222222222, 0.7111111111111111, 0.7111111111111111, 0.6888888888888889, 0.7555555555555555]","[0.7391304347826086, 0.8043478260869565, 0.717391304347826, 0.8260869565217391, 0.7111111111111111, 0.8222222222222222, 0.7111111111111111, 0.7111111111111111, 0.6888888888888889, 0.7555555555555555]","[0.7836538461538461, 0.834453781512605, 0.7245475113122173, 0.8293269230769231, 0.7106227106227107, 0.8516025641025642, 0.7127192982456141, 0.7112949346405228, 0.7, 0.7415293040293041]","[0.7277777777777777, 0.7805555555555557, 0.7045454545454546, 0.812878787878788, 0.7032467532467532, 0.825, 0.6845959595959596, 0.6744949494949495, 0.6633838383838384, 0.7406565656565656]","[0.7206163401815576, 0.7896291208791208, 0.7083333333333333, 0.8168152235427277, 0.6992473757179639, 0.8067765567765568, 0.6899859943977591, 0.6557927075753901, 0.6604796040279911, 0.7322753396029258]","[0.7759197324414716, 0.8244428206065034, 0.7218178241196145, 0.8313127090301002, 0.7205535205535205, 0.8591737891737893, 0.712514619883041, 0.7207970225127087, 0.7016666666666667, 0.7549450549450548]","[0.7391304347826086, 0.8043478260869565, 0.717391304347826, 0.8260869565217391, 0.7111111111111111, 0.8222222222222222, 0.7111111111111111, 0.7111111111111111, 0.6888888888888889, 0.7555555555555555]","[0.7281518103824342, 0.7996595795508838, 0.7137681159420289, 0.8247551733471125, 0.7087960212143218, 0.812128612128612, 0.7033675692499222, 0.6845824238014391, 0.6768769793859399, 0.7476802507836992]","[array([[12,  0,  0,  0],
       [ 4,  4,  0,  1],
       [ 0,  0,  8,  2],
       [ 0,  0,  5, 10]]), array([[10,  0,  1,  1],
       [ 4,  5,  0,  0],
       [ 0,  0,  8,  2],
       [ 0,  0,  1, 14]]), array([[ 9,  2,  0,  0],
       [ 3,  6,  0,  1],
       [ 0,  0,  6,  4],
       [ 1,  0,  2, 12]]), array([[ 9,  2,  0,  0],
       [ 3,  6,  0,  1],
       [ 0,  0,  9,  1],
       [ 1,  0,  0, 14]]), array([[ 8,  2,  1,  0],
       [ 5,  5,  0,  0],
       [ 0,  0,  8,  2],
       [ 0,  0,  3, 11]]), array([[11,  0,  0,  0],
       [ 4,  5,  0,  1],
       [ 0,  0,  9,  0],
       [ 0,  0,  3, 12]]), array([[ 8,  2,  1,  0],
       [ 2,  4,  0,  3],
       [ 0,  0,  7,  3],
       [ 0,  0,  2, 13]]), array([[10,  1,  0,  0],
       [ 7,  2,  0,  0],
       [ 0,  0,  7,  3],
       [ 0,  0,  2, 13]]), array([[10,  1,  0,  0],
       [ 5,  4,  0,  0],
       [ 1,  0,  5,  4],
       [ 0,  0,  3, 12]]), array([[ 9,  2,  0,  0],
       [ 4,  4,  0,  1],
       [ 0,  0,  9,  1],
       [ 0,  0,  3, 12]])]"
14,"[0.7965686274509803, 0.7843137254901961, 0.8014705882352942, 0.7745098039215687, 0.784841075794621, 0.7799511002444988, 0.7970660146699267, 0.8068459657701712, 0.7897310513447433, 0.8068459657701712]","[0.7965686274509803, 0.7843137254901961, 0.8014705882352942, 0.7745098039215687, 0.784841075794621, 0.7799511002444988, 0.7970660146699267, 0.8068459657701712, 0.7897310513447433, 0.8068459657701712]","[0.7965686274509803, 0.7843137254901961, 0.8014705882352942, 0.7745098039215687, 0.784841075794621, 0.7799511002444988, 0.7970660146699267, 0.8068459657701712, 0.7897310513447433, 0.8068459657701712]","[0.7965686274509803, 0.7843137254901961, 0.8014705882352942, 0.7745098039215687, 0.784841075794621, 0.7799511002444988, 0.7970660146699267, 0.8068459657701712, 0.7897310513447433, 0.8068459657701712]","[0.8113251332001332, 0.7941275323550043, 0.8188139278614737, 0.7850200811779333, 0.7921291478129713, 0.7875646972572515, 0.8072054910498306, 0.8192290780355076, 0.8003609689965707, 0.8164222692160836]","[0.7835836185891428, 0.7704210277100946, 0.7855414504879731, 0.7597514697146627, 0.7714724816515894, 0.7668707089259033, 0.7854552598722992, 0.7974329785179838, 0.7728470027409365, 0.7932516876787559]","[0.7799425033171163, 0.7693291916247924, 0.7821729529973936, 0.7584995028670529, 0.7697342059313358, 0.7659094172972174, 0.7833274833274834, 0.7942115603853969, 0.7741034335657858, 0.7918132755186069]","[0.8126366586844529, 0.7953301759714188, 0.8188898536609269, 0.7855233217467285, 0.7931187294176651, 0.7891732857562873, 0.8096699148216886, 0.8205580446331469, 0.7988732125197935, 0.8178741637387064]","[0.7965686274509803, 0.7843137254901961, 0.8014705882352942, 0.7745098039215687, 0.784841075794621, 0.7799511002444988, 0.7970660146699267, 0.8068459657701712, 0.7897310513447433, 0.8068459657701712]","[0.7894758522604087, 0.7786303519747992, 0.7930810860587738, 0.7681269979539493, 0.7786697805121515, 0.7749040777599859, 0.7920248829784282, 0.8014967724773191, 0.7834493471023691, 0.8011577516720174]","[array([[ 92,   5,   2,   1],
       [ 36,  43,   0,   6],
       [  0,   0,  77,  12],
       [  2,   0,  19, 113]]), array([[ 90,   7,   3,   0],
       [ 33,  45,   0,   7],
       [  1,   0,  72,  16],
       [  2,   0,  19, 113]]), array([[ 94,   4,   2,   1],
       [ 37,  41,   0,   6],
       [  0,   0,  77,  12],
       [  1,   0,  18, 115]]), array([[ 91,   7,   2,   1],
       [ 35,  43,   0,   6],
       [  0,   0,  71,  18],
       [  1,   0,  22, 111]]), array([[ 91,   8,   1,   1],
       [ 31,  44,   0,   9],
       [  1,   0,  74,  14],
       [  2,   0,  21, 112]]), array([[ 89,   8,   3,   1],
       [ 33,  45,   0,   6],
       [  0,   0,  74,  16],
       [  2,   0,  21, 111]]), array([[ 92,   7,   1,   1],
       [ 35,  46,   0,   4],
       [  0,   0,  76,  13],
       [  3,   0,  19, 112]]), array([[ 93,   5,   2,   1],
       [ 31,  47,   0,   7],
       [  0,   0,  79,  10],
       [  2,   0,  21, 111]]), array([[ 90,   7,   3,   1],
       [ 32,  45,   0,   8],
       [  0,   0,  71,  18],
       [  2,   0,  15, 117]]), array([[ 91,   6,   3,   1],
       [ 33,  46,   0,   6],
       [  0,   0,  77,  12],
       [  1,   0,  17, 116]])]","[0.717391304347826, 0.8043478260869565, 0.717391304347826, 0.8260869565217391, 0.7555555555555555, 0.8222222222222222, 0.7111111111111111, 0.7333333333333333, 0.7111111111111111, 0.7777777777777778]","[0.717391304347826, 0.8043478260869565, 0.717391304347826, 0.8260869565217391, 0.7555555555555555, 0.8222222222222222, 0.7111111111111111, 0.7333333333333333, 0.7111111111111111, 0.7777777777777778]","[0.717391304347826, 0.8043478260869565, 0.717391304347826, 0.8260869565217391, 0.7555555555555555, 0.8222222222222222, 0.7111111111111111, 0.7333333333333333, 0.7111111111111111, 0.7777777777777778]","[0.717391304347826, 0.8043478260869565, 0.717391304347826, 0.8260869565217391, 0.7555555555555555, 0.8222222222222222, 0.7111111111111111, 0.7333333333333333, 0.7111111111111111, 0.7777777777777778]","[0.7294871794871794, 0.8367521367521367, 0.7245475113122173, 0.8147727272727272, 0.7655677655677655, 0.8516025641025642, 0.7127192982456141, 0.7383578431372548, 0.7208333333333333, 0.817948717948718]","[0.7069444444444445, 0.7805555555555557, 0.7045454545454546, 0.8151515151515152, 0.750974025974026, 0.825, 0.6845959595959596, 0.6911616161616161, 0.6883838383838383, 0.7694444444444445]","[0.699045318610536, 0.7906926406926407, 0.7083333333333333, 0.812008281573499, 0.7494924737571798, 0.8067765567765568, 0.6899859943977591, 0.6750992063492064, 0.6866079591037146, 0.7574653607262303]","[0.7324414715719064, 0.8238573021181717, 0.7218178241196145, 0.8244400527009222, 0.7711029711029711, 0.8591737891737893, 0.712514619883041, 0.7460784313725489, 0.7211111111111111, 0.8151566951566952]","[0.717391304347826, 0.8043478260869565, 0.717391304347826, 0.8260869565217391, 0.7555555555555555, 0.8222222222222222, 0.7111111111111111, 0.7333333333333333, 0.7111111111111111, 0.7777777777777778]","[0.7085096168271972, 0.7990400903444382, 0.7137681159420289, 0.8226663065982536, 0.7553101824343654, 0.812128612128612, 0.7033675692499222, 0.7057760141093474, 0.700735295641917, 0.7657323352975526]","[array([[11,  1,  0,  0],
       [ 4,  4,  0,  1],
       [ 0,  0,  8,  2],
       [ 0,  0,  5, 10]]), array([[10,  0,  1,  1],
       [ 3,  5,  0,  1],
       [ 0,  0,  8,  2],
       [ 0,  0,  1, 14]]), array([[ 9,  2,  0,  0],
       [ 3,  6,  0,  1],
       [ 0,  0,  6,  4],
       [ 1,  0,  2, 12]]), array([[ 8,  2,  1,  0],
       [ 3,  6,  0,  1],
       [ 0,  0, 10,  0],
       [ 1,  0,  0, 14]]), array([[ 9,  1,  1,  0],
       [ 4,  6,  0,  0],
       [ 0,  0,  8,  2],
       [ 0,  0,  3, 11]]), array([[11,  0,  0,  0],
       [ 4,  5,  0,  1],
       [ 0,  0,  9,  0],
       [ 0,  0,  3, 12]]), array([[ 8,  2,  1,  0],
       [ 2,  4,  0,  3],
       [ 0,  0,  7,  3],
       [ 0,  0,  2, 13]]), array([[10,  1,  0,  0],
       [ 7,  2,  0,  0],
       [ 0,  0,  7,  3],
       [ 0,  0,  1, 14]]), array([[10,  1,  0,  0],
       [ 5,  4,  0,  0],
       [ 0,  0,  6,  4],
       [ 0,  0,  3, 12]]), array([[11,  0,  0,  0],
       [ 4,  4,  0,  1],
       [ 0,  0,  9,  1],
       [ 0,  0,  4, 11]])]"
15,"[0.7867647058823529, 0.7769607843137255, 0.7843137254901961, 0.7720588235294118, 0.7872860635696821, 0.7701711491442543, 0.784841075794621, 0.7921760391198044, 0.7897310513447433, 0.7897310513447433]","[0.7867647058823529, 0.7769607843137255, 0.7843137254901961, 0.7720588235294118, 0.7872860635696821, 0.7701711491442543, 0.784841075794621, 0.7921760391198044, 0.7897310513447433, 0.7897310513447433]","[0.7867647058823529, 0.7769607843137255, 0.7843137254901961, 0.7720588235294118, 0.7872860635696821, 0.7701711491442543, 0.784841075794621, 0.7921760391198044, 0.7897310513447433, 0.7897310513447433]","[0.7867647058823529, 0.7769607843137255, 0.7843137254901961, 0.7720588235294118, 0.7872860635696821, 0.7701711491442543, 0.784841075794621, 0.7921760391198044, 0.7897310513447433, 0.7897310513447433]","[0.78659107946027, 0.7835993046230078, 0.7947686161893797, 0.7737178238347145, 0.7927512674028128, 0.774552481028725, 0.7894837160103536, 0.7990206232452136, 0.7947745021514276, 0.7921805289290995]","[0.7720771966341459, 0.7608575924080851, 0.7657692340231363, 0.7555067255066467, 0.7717438009183477, 0.7554525521848561, 0.772411539769952, 0.7796936354070838, 0.7710182750920522, 0.773848226458814]","[0.7716761626413885, 0.7620188601396324, 0.7637531237126362, 0.7580174698127494, 0.7712104590157031, 0.7557549037209854, 0.7710081141115782, 0.7790962157809984, 0.7730405061899723, 0.7733639678706944]","[0.7903719708773064, 0.7841408788513583, 0.7956771202181749, 0.7744378981142828, 0.7940490507481893, 0.7762450109630032, 0.7930605271752749, 0.8000081998639248, 0.7946938595214809, 0.7950577406282129]","[0.7867647058823529, 0.7769607843137255, 0.7843137254901961, 0.7720588235294118, 0.7872860635696821, 0.7701711491442543, 0.784841075794621, 0.7921760391198044, 0.7897310513447433, 0.7897310513447433]","[0.7819255888923632, 0.7716464635561605, 0.7758308348615155, 0.767480808991252, 0.7811978126833709, 0.765293709076104, 0.780274125771258, 0.7872422062147798, 0.7835466032730432, 0.7840606387812195]","[array([[ 85,  12,   2,   1],
       [ 33,  46,   0,   6],
       [  0,   0,  74,  15],
       [  2,   0,  16, 116]]), array([[ 88,   9,   3,   0],
       [ 32,  46,   0,   7],
       [  1,   0,  68,  20],
       [  2,   0,  17, 115]]), array([[ 91,   7,   2,   1],
       [ 38,  40,   0,   6],
       [  0,   0,  73,  16],
       [  1,   0,  17, 116]]), array([[ 86,  12,   2,   1],
       [ 30,  47,   0,   7],
       [  0,   0,  67,  22],
       [  1,   0,  18, 115]]), array([[ 90,   9,   1,   1],
       [ 32,  44,   0,   8],
       [  1,   0,  73,  15],
       [  2,   0,  18, 115]]), array([[ 87,  10,   3,   1],
       [ 33,  45,   0,   6],
       [  0,   0,  71,  19],
       [  2,   0,  20, 112]]), array([[ 89,  10,   1,   1],
       [ 35,  46,   0,   4],
       [  0,   0,  74,  15],
       [  3,   0,  19, 112]]), array([[ 90,   8,   2,   1],
       [ 31,  47,   0,   7],
       [  0,   0,  74,  15],
       [  2,   0,  19, 113]]), array([[ 87,  10,   3,   1],
       [ 32,  45,   0,   8],
       [  0,   0,  71,  18],
       [  2,   0,  12, 120]]), array([[ 87,  10,   3,   1],
       [ 34,  45,   0,   6],
       [  0,   0,  74,  15],
       [  1,   0,  16, 117]])]","[0.7391304347826086, 0.8260869565217391, 0.717391304347826, 0.8260869565217391, 0.7111111111111111, 0.8222222222222222, 0.7111111111111111, 0.7333333333333333, 0.7111111111111111, 0.7555555555555555]","[0.7391304347826086, 0.8260869565217391, 0.717391304347826, 0.8260869565217391, 0.7111111111111111, 0.8222222222222222, 0.7111111111111111, 0.7333333333333333, 0.7111111111111111, 0.7555555555555555]","[0.7391304347826086, 0.8260869565217391, 0.717391304347826, 0.8260869565217391, 0.7111111111111111, 0.8222222222222222, 0.7111111111111111, 0.7333333333333333, 0.7111111111111111, 0.7555555555555555]","[0.7391304347826086, 0.8260869565217391, 0.717391304347826, 0.8260869565217391, 0.7111111111111111, 0.8222222222222222, 0.7111111111111111, 0.7333333333333333, 0.7111111111111111, 0.7555555555555555]","[0.7836538461538461, 0.863095238095238, 0.7245475113122173, 0.8147727272727272, 0.7106227106227107, 0.85, 0.704040404040404, 0.7383578431372548, 0.719625350140056, 0.7415293040293041]","[0.7277777777777777, 0.8013888888888889, 0.7045454545454546, 0.8151515151515152, 0.7032467532467532, 0.8138888888888889, 0.6845959595959596, 0.6911616161616161, 0.6911616161616161, 0.7406565656565656]","[0.7206163401815576, 0.8127574180205759, 0.7083333333333333, 0.812008281573499, 0.6992473757179639, 0.8053981106612685, 0.6871212121212121, 0.6750992063492064, 0.6930555555555555, 0.7322753396029258]","[0.7759197324414716, 0.847481021394065, 0.7218178241196145, 0.8244400527009222, 0.7205535205535205, 0.8503703703703703, 0.7074074074074075, 0.7460784313725489, 0.715452847805789, 0.7549450549450548]","[0.7391304347826086, 0.8260869565217391, 0.717391304347826, 0.8260869565217391, 0.7111111111111111, 0.8222222222222222, 0.7111111111111111, 0.7333333333333333, 0.7111111111111111, 0.7555555555555555]","[0.7281518103824342, 0.8202335422015056, 0.7137681159420289, 0.8226663065982536, 0.7087960212143218, 0.8122956965062228, 0.7026262626262626, 0.7057760141093474, 0.7023456790123457, 0.7476802507836992]","[array([[12,  0,  0,  0],
       [ 4,  4,  0,  1],
       [ 0,  0,  8,  2],
       [ 0,  0,  5, 10]]), array([[11,  0,  0,  1],
       [ 3,  5,  0,  1],
       [ 0,  0,  8,  2],
       [ 0,  0,  1, 14]]), array([[ 9,  2,  0,  0],
       [ 3,  6,  0,  1],
       [ 0,  0,  6,  4],
       [ 1,  0,  2, 12]]), array([[ 8,  2,  1,  0],
       [ 3,  6,  0,  1],
       [ 0,  0, 10,  0],
       [ 1,  0,  0, 14]]), array([[ 8,  2,  1,  0],
       [ 5,  5,  0,  0],
       [ 0,  0,  8,  2],
       [ 0,  0,  3, 11]]), array([[11,  0,  0,  0],
       [ 4,  5,  0,  1],
       [ 0,  0,  8,  1],
       [ 0,  0,  2, 13]]), array([[ 8,  2,  1,  0],
       [ 3,  4,  0,  2],
       [ 0,  0,  7,  3],
       [ 0,  0,  2, 13]]), array([[10,  1,  0,  0],
       [ 7,  2,  0,  0],
       [ 0,  0,  7,  3],
       [ 0,  0,  1, 14]]), array([[10,  1,  0,  0],
       [ 4,  5,  0,  0],
       [ 0,  0,  5,  5],
       [ 0,  0,  3, 12]]), array([[ 9,  2,  0,  0],
       [ 4,  4,  0,  1],
       [ 0,  0,  9,  1],
       [ 0,  0,  3, 12]])]"
16,"[0.7965686274509803, 0.7965686274509803, 0.7965686274509803, 0.7916666666666666, 0.7897310513447433, 0.7726161369193154, 0.7970660146699267, 0.7897310513447433, 0.7872860635696821, 0.7897310513447433]","[0.7965686274509803, 0.7965686274509803, 0.7965686274509803, 0.7916666666666666, 0.7897310513447433, 0.7726161369193154, 0.7970660146699267, 0.7897310513447433, 0.7872860635696821, 0.7897310513447433]","[0.7965686274509803, 0.7965686274509803, 0.7965686274509803, 0.7916666666666666, 0.7897310513447433, 0.7726161369193154, 0.7970660146699267, 0.7897310513447433, 0.7872860635696821, 0.7897310513447433]","[0.7965686274509803, 0.7965686274509803, 0.7965686274509803, 0.7916666666666666, 0.7897310513447433, 0.7726161369193154, 0.7970660146699267, 0.7897310513447433, 0.7872860635696821, 0.7897310513447433]","[0.8009935635735039, 0.8065264819838697, 0.8106672349209663, 0.7959210075965486, 0.799598879638195, 0.7765194916042297, 0.8071074544012689, 0.7963208469355761, 0.7973693693693694, 0.7962480203619909]","[0.7821218099851042, 0.7802515265707155, 0.7804237537263226, 0.773478653685785, 0.7730947098187614, 0.7580319172642211, 0.785323072165756, 0.7778973295914986, 0.7672774284363358, 0.7749351905181936]","[0.7798283587450389, 0.7796194986768903, 0.77617200614073, 0.7732948432996387, 0.7726906759281589, 0.7572606849736933, 0.782478235209575, 0.7750512755318247, 0.7689062728955391, 0.7731522621387616]","[0.8045186778966984, 0.8067683328799585, 0.8119235339823575, 0.7972807753583513, 0.799187871513618, 0.7791538142082125, 0.8096094224128403, 0.7992389156518225, 0.7958959241133843, 0.7987167492725884]","[0.7965686274509803, 0.7965686274509803, 0.7965686274509803, 0.7916666666666666, 0.7897310513447433, 0.7726161369193154, 0.7970660146699267, 0.7897310513447433, 0.7872860635696821, 0.7897310513447433]","[0.7903995697106133, 0.7897214373261611, 0.7877311361172001, 0.7846695457452659, 0.7827793091629828, 0.767325443019204, 0.7913808661334745, 0.7841017814488858, 0.7798298805871879, 0.7835147262167906]","[array([[ 88,   9,   2,   1],
       [ 35,  44,   0,   6],
       [  0,   0,  77,  12],
       [  2,   0,  16, 116]]), array([[ 91,   7,   2,   0],
       [ 34,  44,   0,   7],
       [  0,   0,  73,  16],
       [  2,   0,  15, 117]]), array([[ 92,   5,   3,   1],
       [ 37,  40,   0,   7],
       [  0,   0,  78,  11],
       [  1,   0,  18, 115]]), array([[ 89,   9,   2,   1],
       [ 34,  43,   0,   7],
       [  0,   0,  73,  16],
       [  0,   0,  16, 118]]), array([[ 91,   7,   2,   1],
       [ 33,  43,   0,   8],
       [  0,   0,  73,  16],
       [  2,   0,  17, 116]]), array([[ 87,  10,   3,   1],
       [ 34,  44,   0,   6],
       [  0,   0,  73,  17],
       [  2,   0,  20, 112]]), array([[ 92,   7,   1,   1],
       [ 35,  45,   0,   5],
       [  0,   0,  77,  12],
       [  3,   0,  19, 112]]), array([[ 89,   8,   3,   1],
       [ 33,  45,   0,   7],
       [  0,   0,  77,  12],
       [  2,   0,  20, 112]]), array([[ 89,   8,   3,   1],
       [ 34,  43,   0,   8],
       [  0,   0,  70,  19],
       [  2,   0,  12, 120]]), array([[ 89,   8,   3,   1],
       [ 35,  44,   0,   6],
       [  0,   0,  75,  14],
       [  1,   0,  18, 115]])]","[0.6956521739130435, 0.8043478260869565, 0.717391304347826, 0.8260869565217391, 0.8, 0.7777777777777778, 0.7111111111111111, 0.7111111111111111, 0.7111111111111111, 0.8]","[0.6956521739130435, 0.8043478260869565, 0.717391304347826, 0.8260869565217391, 0.8, 0.7777777777777778, 0.7111111111111111, 0.7111111111111111, 0.7111111111111111, 0.8]","[0.6956521739130435, 0.8043478260869565, 0.717391304347826, 0.8260869565217391, 0.8, 0.7777777777777778, 0.7111111111111111, 0.7111111111111111, 0.7111111111111111, 0.8]","[0.6956521739130435, 0.8043478260869565, 0.717391304347826, 0.8260869565217391, 0.8, 0.7777777777777778, 0.7111111111111111, 0.7111111111111111, 0.7111111111111111, 0.8]","[0.756827731092437, 0.8367521367521367, 0.7152777777777778, 0.8147727272727272, 0.8056318681318682, 0.8179788961038962, 0.7127192982456141, 0.6902573529411764, 0.7208333333333333, 0.8351190476190476]","[0.6833333333333333, 0.7805555555555557, 0.7068181818181818, 0.8151515151515152, 0.7938311688311689, 0.7722222222222221, 0.6845959595959596, 0.6684343434343434, 0.6883838383838383, 0.7861111111111112]","[0.6652298850574712, 0.7906926406926407, 0.7095666937329297, 0.812008281573499, 0.790738265002971, 0.7534573982849844, 0.6899859943977591, 0.656784188034188, 0.6866079591037146, 0.7768266216542079]","[0.7485842162952138, 0.8238573021181717, 0.7179951690821256, 0.8244400527009222, 0.8135531135531135, 0.8214466089466089, 0.712514619883041, 0.706454248366013, 0.7211111111111111, 0.8316402116402116]","[0.6956521739130435, 0.8043478260869565, 0.717391304347826, 0.8260869565217391, 0.8, 0.7777777777777778, 0.7111111111111111, 0.7111111111111111, 0.7111111111111111, 0.8]","[0.6760369815092454, 0.7990400903444382, 0.7162888622862112, 0.8226663065982536, 0.7985574701260976, 0.7620231506821544, 0.7033675692499222, 0.6890075973409306, 0.700735295641917, 0.787594780698229]","[array([[12,  0,  0,  0],
       [ 5,  3,  0,  1],
       [ 0,  0,  8,  2],
       [ 0,  0,  6,  9]]), array([[10,  0,  1,  1],
       [ 3,  5,  0,  1],
       [ 0,  0,  8,  2],
       [ 0,  0,  1, 14]]), array([[ 8,  3,  0,  0],
       [ 3,  6,  0,  1],
       [ 0,  0,  7,  3],
       [ 1,  0,  2, 12]]), array([[ 8,  2,  1,  0],
       [ 3,  6,  0,  1],
       [ 0,  0, 10,  0],
       [ 1,  0,  0, 14]]), array([[ 9,  1,  1,  0],
       [ 4,  6,  0,  0],
       [ 0,  0,  9,  1],
       [ 0,  0,  2, 12]]), array([[11,  0,  0,  0],
       [ 5,  4,  0,  1],
       [ 0,  0,  8,  1],
       [ 0,  0,  3, 12]]), array([[ 8,  2,  1,  0],
       [ 2,  4,  0,  3],
       [ 0,  0,  7,  3],
       [ 0,  0,  2, 13]]), array([[ 9,  2,  0,  0],
       [ 7,  2,  0,  0],
       [ 0,  0,  7,  3],
       [ 0,  0,  1, 14]]), array([[10,  1,  0,  0],
       [ 5,  4,  0,  0],
       [ 0,  0,  6,  4],
       [ 0,  0,  3, 12]]), array([[11,  0,  0,  0],
       [ 4,  4,  0,  1],
       [ 0,  0,  9,  1],
       [ 0,  0,  3, 12]])]"
17,"[0.7794117647058824, 0.7745098039215687, 0.7990196078431373, 0.7745098039215687, 0.7775061124694377, 0.7726161369193154, 0.784841075794621, 0.784841075794621, 0.784841075794621, 0.7872860635696821]","[0.7794117647058824, 0.7745098039215687, 0.7990196078431373, 0.7745098039215687, 0.7775061124694377, 0.7726161369193154, 0.784841075794621, 0.784841075794621, 0.784841075794621, 0.7872860635696821]","[0.7794117647058824, 0.7745098039215687, 0.7990196078431373, 0.7745098039215687, 0.7775061124694377, 0.7726161369193154, 0.784841075794621, 0.784841075794621, 0.784841075794621, 0.7872860635696821]","[0.7794117647058824, 0.7745098039215687, 0.7990196078431373, 0.7745098039215687, 0.7775061124694377, 0.7726161369193154, 0.784841075794621, 0.784841075794621, 0.784841075794621, 0.7872860635696821]","[0.7800066312997347, 0.7773726907401306, 0.8130588137237073, 0.7730781402487266, 0.7817114023165564, 0.7770947777802146, 0.7828318458424043, 0.7876296936758893, 0.7942052697292483, 0.788986998631435]","[0.7645935474642649, 0.7580932169949987, 0.7826238287924046, 0.7579813108464005, 0.760050989716414, 0.7562077049922477, 0.7728031876048679, 0.7710602002974858, 0.7639910514958728, 0.7730466004152378]","[0.7647571023783402, 0.7580513499052826, 0.7804583309506832, 0.7586617957791391, 0.7603199938694631, 0.7569429199863983, 0.7702026863198058, 0.7698083911319206, 0.7670985777906179, 0.7740668842876302]","[0.7826749400025261, 0.7790014759078419, 0.8140682032799784, 0.775798853596604, 0.7827205540817923, 0.7777463708632055, 0.7898423799637869, 0.789724588555911, 0.7919179154831344, 0.7910878149314905]","[0.7794117647058824, 0.7745098039215687, 0.7990196078431373, 0.7745098039215687, 0.7775061124694377, 0.7726161369193154, 0.784841075794621, 0.784841075794621, 0.784841075794621, 0.7872860635696821]","[0.7744917580548722, 0.7683176874353345, 0.7916811505602668, 0.7692138302625319, 0.7710324995680845, 0.7668528409466009, 0.7807024697061195, 0.7790926912169541, 0.7777118438890931, 0.783174578029101]","[array([[ 85,  12,   2,   1],
       [ 32,  46,   0,   7],
       [  0,   0,  72,  17],
       [  2,   0,  17, 115]]), array([[ 87,  11,   2,   0],
       [ 33,  44,   0,   8],
       [  0,   0,  70,  19],
       [  2,   0,  17, 115]]), array([[ 92,   5,   3,   1],
       [ 36,  42,   0,   6],
       [  1,   0,  76,  12],
       [  1,   0,  17, 116]]), array([[ 86,  13,   1,   1],
       [ 32,  45,   0,   7],
       [  0,   0,  70,  19],
       [  0,   0,  19, 115]]), array([[ 88,  10,   2,   1],
       [ 33,  43,   0,   8],
       [  0,   0,  71,  18],
       [  2,   0,  17, 116]]), array([[ 87,  10,   3,   1],
       [ 32,  44,   0,   8],
       [  0,   0,  71,  19],
       [  2,   0,  18, 114]]), array([[ 85,  13,   2,   1],
       [ 35,  46,   0,   4],
       [  0,   0,  77,  12],
       [  2,   0,  19, 113]]), array([[ 87,  10,   3,   1],
       [ 31,  45,   0,   9],
       [  0,   0,  75,  14],
       [  2,   0,  18, 114]]), array([[ 88,   9,   3,   1],
       [ 32,  44,   0,   9],
       [  0,   0,  68,  21],
       [  2,   0,  11, 121]]), array([[ 85,  11,   3,   2],
       [ 31,  48,   0,   6],
       [  0,   0,  73,  16],
       [  2,   0,  16, 116]])]","[0.717391304347826, 0.8260869565217391, 0.6956521739130435, 0.8043478260869565, 0.7555555555555555, 0.8222222222222222, 0.7111111111111111, 0.7555555555555555, 0.7111111111111111, 0.7555555555555555]","[0.717391304347826, 0.8260869565217391, 0.6956521739130435, 0.8043478260869565, 0.7555555555555555, 0.8222222222222222, 0.7111111111111111, 0.7555555555555555, 0.7111111111111111, 0.7555555555555555]","[0.717391304347826, 0.8260869565217391, 0.6956521739130435, 0.8043478260869565, 0.7555555555555555, 0.8222222222222222, 0.7111111111111111, 0.7555555555555555, 0.7111111111111111, 0.7555555555555555]","[0.717391304347826, 0.8260869565217391, 0.6956521739130435, 0.8043478260869565, 0.7555555555555555, 0.8222222222222222, 0.7111111111111111, 0.7555555555555555, 0.7111111111111111, 0.7555555555555555]","[0.7726244343891403, 0.863095238095238, 0.6916666666666667, 0.7979166666666666, 0.7502705627705627, 0.8540178571428572, 0.7127192982456141, 0.7683823529411764, 0.719625350140056, 0.7415293040293041]","[0.7, 0.8013888888888889, 0.6901515151515152, 0.790151515151515, 0.746103896103896, 0.8138888888888889, 0.6845959595959596, 0.718939393939394, 0.6911616161616161, 0.7406565656565656]","[0.6843810237738274, 0.8127574180205759, 0.6901411136536995, 0.7913861617578307, 0.7453416149068323, 0.8050346171943268, 0.6899859943977591, 0.713764245014245, 0.6930555555555555, 0.7322753396029258]","[0.764410781034822, 0.847481021394065, 0.6956521739130435, 0.8034420289855071, 0.757912457912458, 0.8598015873015873, 0.712514619883041, 0.7717320261437908, 0.715452847805789, 0.7549450549450548]","[0.717391304347826, 0.8260869565217391, 0.6956521739130435, 0.8043478260869565, 0.7555555555555555, 0.8222222222222222, 0.7111111111111111, 0.7555555555555555, 0.7111111111111111, 0.7555555555555555]","[0.6978661290472776, 0.8202335422015056, 0.694955725798428, 0.8014614712279204, 0.7541752933057281, 0.8145967302248811, 0.7033675692499222, 0.7378838239949352, 0.7023456790123457, 0.7476802507836992]","[array([[12,  0,  0,  0],
       [ 5,  3,  0,  1],
       [ 0,  0,  8,  2],
       [ 0,  0,  5, 10]]), array([[11,  0,  0,  1],
       [ 3,  5,  0,  1],
       [ 0,  0,  8,  2],
       [ 0,  0,  1, 14]]), array([[ 8,  3,  0,  0],
       [ 3,  6,  0,  1],
       [ 0,  0,  7,  3],
       [ 1,  0,  3, 11]]), array([[ 8,  2,  1,  0],
       [ 3,  6,  0,  1],
       [ 0,  0,  9,  1],
       [ 1,  0,  0, 14]]), array([[ 8,  2,  1,  0],
       [ 4,  6,  0,  0],
       [ 0,  0,  8,  2],
       [ 0,  0,  2, 12]]), array([[11,  0,  0,  0],
       [ 5,  5,  0,  0],
       [ 0,  0,  8,  1],
       [ 0,  0,  2, 13]]), array([[ 8,  2,  1,  0],
       [ 2,  4,  0,  3],
       [ 0,  0,  7,  3],
       [ 0,  0,  2, 13]]), array([[10,  1,  0,  0],
       [ 6,  3,  0,  0],
       [ 0,  0,  7,  3],
       [ 0,  0,  1, 14]]), array([[10,  1,  0,  0],
       [ 4,  5,  0,  0],
       [ 0,  0,  5,  5],
       [ 0,  0,  3, 12]]), array([[ 9,  2,  0,  0],
       [ 4,  4,  0,  1],
       [ 0,  0,  9,  1],
       [ 0,  0,  3, 12]])]"
18,"[0.7990196078431373, 0.7794117647058824, 0.7965686274509803, 0.7745098039215687, 0.7775061124694377, 0.78239608801956, 0.7921760391198044, 0.7995110024449877, 0.7921760391198044, 0.784841075794621]","[0.7990196078431373, 0.7794117647058824, 0.7965686274509803, 0.7745098039215687, 0.7775061124694377, 0.78239608801956, 0.7921760391198044, 0.7995110024449877, 0.7921760391198044, 0.784841075794621]","[0.7990196078431373, 0.7794117647058824, 0.7965686274509803, 0.7745098039215687, 0.7775061124694377, 0.78239608801956, 0.7921760391198044, 0.7995110024449877, 0.7921760391198044, 0.784841075794621]","[0.7990196078431373, 0.7794117647058824, 0.7965686274509803, 0.7745098039215687, 0.7775061124694377, 0.78239608801956, 0.7921760391198044, 0.7995110024449877, 0.7921760391198044, 0.784841075794621]","[0.8049885170603674, 0.7854189143668342, 0.808191490866582, 0.7755440562242806, 0.7829215260591607, 0.7875028758536886, 0.8002482772230577, 0.8079426942856116, 0.8030499260573214, 0.7888269795570744]","[0.7834141174497637, 0.7639043464107091, 0.7798148400283597, 0.7566450215192335, 0.7601727802528782, 0.7649936608799471, 0.7794292599939971, 0.7850262749193703, 0.7710087717199179, 0.7690413783464347]","[0.7798737276162231, 0.7623983207626391, 0.7780310820991966, 0.7550398918960521, 0.7575911853943822, 0.7648794495443483, 0.7773086047491298, 0.7839906098904177, 0.7733894728842169, 0.7684808165852722]","[0.8086386605167002, 0.786862539281972, 0.8088272060402177, 0.7785092918384313, 0.7850988591680491, 0.7887726090593157, 0.8036211422804396, 0.8085619195110412, 0.8006937500651461, 0.7910426824848441]","[0.7990196078431373, 0.7794117647058824, 0.7965686274509803, 0.7745098039215687, 0.7775061124694377, 0.78239608801956, 0.7921760391198044, 0.7995110024449877, 0.7921760391198044, 0.784841075794621]","[0.791462476019409, 0.7725183654191906, 0.7890226281503633, 0.7670095218800134, 0.769380202792593, 0.7758565802732609, 0.7869971405303384, 0.7932891756378675, 0.7843933733615707, 0.778896222115882]","[array([[ 89,   8,   2,   1],
       [ 37,  42,   0,   6],
       [  0,   0,  78,  11],
       [  1,   0,  16, 117]]), array([[ 89,   9,   2,   0],
       [ 34,  43,   0,   8],
       [  0,   0,  72,  17],
       [  2,   0,  18, 114]]), array([[ 92,   6,   2,   1],
       [ 36,  42,   0,   6],
       [  0,   0,  75,  14],
       [  1,   0,  17, 116]]), array([[ 88,  11,   1,   1],
       [ 36,  41,   0,   7],
       [  0,   0,  72,  17],
       [  0,   0,  19, 115]]), array([[ 89,   9,   2,   1],
       [ 36,  40,   0,   8],
       [  0,   0,  74,  15],
       [  2,   0,  18, 115]]), array([[ 88,   9,   3,   1],
       [ 34,  43,   0,   7],
       [  0,   0,  73,  17],
       [  1,   0,  17, 116]]), array([[ 90,   8,   2,   1],
       [ 36,  45,   0,   4],
       [  0,   0,  76,  13],
       [  3,   0,  18, 113]]), array([[ 90,   7,   3,   1],
       [ 32,  45,   0,   8],
       [  0,   0,  76,  13],
       [  2,   0,  16, 116]]), array([[ 89,   8,   3,   1],
       [ 33,  43,   0,   9],
       [  0,   0,  70,  19],
       [  2,   0,  10, 122]]), array([[ 87,  10,   2,   2],
       [ 35,  44,   0,   6],
       [  0,   0,  74,  15],
       [  2,   0,  16, 116]])]","[0.6956521739130435, 0.8260869565217391, 0.7608695652173914, 0.8260869565217391, 0.7555555555555555, 0.8222222222222222, 0.7111111111111111, 0.7333333333333333, 0.7111111111111111, 0.7777777777777778]","[0.6956521739130435, 0.8260869565217391, 0.7608695652173914, 0.8260869565217391, 0.7555555555555555, 0.8222222222222222, 0.7111111111111111, 0.7333333333333333, 0.7111111111111111, 0.7777777777777778]","[0.6956521739130435, 0.8260869565217391, 0.7608695652173914, 0.8260869565217391, 0.7555555555555555, 0.8222222222222222, 0.7111111111111111, 0.7333333333333333, 0.7111111111111111, 0.7777777777777778]","[0.6956521739130435, 0.8260869565217391, 0.7608695652173914, 0.8260869565217391, 0.7555555555555555, 0.8222222222222222, 0.7111111111111111, 0.7333333333333333, 0.7111111111111111, 0.7777777777777778]","[0.756827731092437, 0.863095238095238, 0.7777777777777777, 0.8311126373626373, 0.7502705627705627, 0.8663101604278075, 0.704040404040404, 0.7383578431372548, 0.7208333333333333, 0.7803571428571429]","[0.6833333333333333, 0.8013888888888889, 0.7401515151515152, 0.812878787878788, 0.746103896103896, 0.8166666666666667, 0.6845959595959596, 0.6911616161616161, 0.6883838383838383, 0.7633838383838383]","[0.6652298850574712, 0.8127574180205759, 0.7498113453827547, 0.8147770398481974, 0.7453416149068323, 0.7964285714285715, 0.6871212121212121, 0.6750992063492064, 0.6866079591037146, 0.7542991491267353]","[0.7485842162952138, 0.847481021394065, 0.7753623188405797, 0.8328655040611561, 0.757912457912458, 0.8773618538324421, 0.7074074074074075, 0.7460784313725489, 0.7211111111111111, 0.7869841269841269]","[0.6956521739130435, 0.8260869565217391, 0.7608695652173914, 0.8260869565217391, 0.7555555555555555, 0.8222222222222222, 0.7111111111111111, 0.7333333333333333, 0.7111111111111111, 0.7777777777777778]","[0.6760369815092454, 0.8202335422015056, 0.7593593528619016, 0.8229828396996948, 0.7541752933057281, 0.8085714285714286, 0.7026262626262626, 0.7057760141093474, 0.700735295641917, 0.7675215206249689]","[array([[12,  0,  0,  0],
       [ 5,  3,  0,  1],
       [ 0,  0,  8,  2],
       [ 0,  0,  6,  9]]), array([[11,  0,  0,  1],
       [ 3,  5,  0,  1],
       [ 0,  0,  8,  2],
       [ 0,  0,  1, 14]]), array([[ 8,  3,  0,  0],
       [ 3,  6,  0,  1],
       [ 0,  0,  7,  3],
       [ 1,  0,  0, 14]]), array([[ 9,  1,  1,  0],
       [ 3,  6,  0,  1],
       [ 0,  0,  9,  1],
       [ 1,  0,  0, 14]]), array([[ 8,  2,  1,  0],
       [ 4,  6,  0,  0],
       [ 0,  0,  8,  2],
       [ 0,  0,  2, 12]]), array([[11,  0,  0,  0],
       [ 6,  4,  0,  0],
       [ 0,  0,  9,  0],
       [ 0,  0,  2, 13]]), array([[ 8,  2,  1,  0],
       [ 3,  4,  0,  2],
       [ 0,  0,  7,  3],
       [ 0,  0,  2, 13]]), array([[10,  1,  0,  0],
       [ 7,  2,  0,  0],
       [ 0,  0,  7,  3],
       [ 0,  0,  1, 14]]), array([[10,  1,  0,  0],
       [ 5,  4,  0,  0],
       [ 0,  0,  6,  4],
       [ 0,  0,  3, 12]]), array([[10,  1,  0,  0],
       [ 4,  4,  0,  1],
       [ 0,  0,  9,  1],
       [ 0,  0,  3, 12]])]"
19,"[0.7794117647058824, 0.7794117647058824, 0.7892156862745098, 0.7622549019607843, 0.7750611246943765, 0.7750611246943765, 0.784841075794621, 0.7946210268948656, 0.784841075794621, 0.7775061124694377]","[0.7794117647058824, 0.7794117647058824, 0.7892156862745098, 0.7622549019607843, 0.7750611246943765, 0.7750611246943765, 0.784841075794621, 0.7946210268948656, 0.784841075794621, 0.7775061124694377]","[0.7794117647058824, 0.7794117647058824, 0.7892156862745098, 0.7622549019607843, 0.7750611246943765, 0.7750611246943765, 0.784841075794621, 0.7946210268948656, 0.784841075794621, 0.7775061124694377]","[0.7794117647058824, 0.7794117647058824, 0.7892156862745098, 0.7622549019607843, 0.7750611246943765, 0.7750611246943765, 0.784841075794621, 0.7946210268948656, 0.784841075794621, 0.7775061124694377]","[0.7839071733509451, 0.7823057624193989, 0.8016707085428937, 0.761663049177026, 0.7799748746668546, 0.7845288572696176, 0.7885, 0.8036802741753761, 0.7919457196597033, 0.7822459899844937]","[0.7626356896942913, 0.7629000651073778, 0.7721639891463332, 0.744378079011993, 0.7585335412888534, 0.7574683161279882, 0.7718019638869905, 0.780615989926621, 0.7644569804417085, 0.7612239879372613]","[0.7620199393655491, 0.7635334418534246, 0.7699856628734643, 0.7442462126478068, 0.7601428937978005, 0.7592560402998226, 0.770508276275737, 0.7814078105445011, 0.7677713427713427, 0.7612438682877974]","[0.7856977677090615, 0.7835763556853129, 0.8022036775334694, 0.7645089231511332, 0.779615904428315, 0.7829079874273183, 0.7924238836700552, 0.8025829917340773, 0.7905810531752749, 0.7834683859830148]","[0.7794117647058824, 0.7794117647058824, 0.7892156862745098, 0.7622549019607843, 0.7750611246943765, 0.7750611246943765, 0.784841075794621, 0.7946210268948656, 0.784841075794621, 0.7775061124694377]","[0.7727809412052115, 0.7735658774032868, 0.7812143344800186, 0.7557833024349275, 0.769476125896728, 0.768858910584408, 0.7802592607822993, 0.7893453250579774, 0.7784134503089593, 0.7713776853612878]","[array([[ 87,  10,   2,   1],
       [ 35,  43,   0,   7],
       [  0,   0,  72,  17],
       [  2,   0,  16, 116]]), array([[ 87,  11,   2,   0],
       [ 32,  45,   0,   8],
       [  0,   0,  70,  19],
       [  2,   0,  16, 116]]), array([[ 92,   6,   2,   1],
       [ 37,  41,   0,   6],
       [  0,   0,  74,  15],
       [  1,   0,  18, 115]]), array([[ 86,  13,   1,   1],
       [ 35,  42,   0,   7],
       [  0,   0,  69,  20],
       [  1,   0,  19, 114]]), array([[ 88,  10,   2,   1],
       [ 30,  45,   0,   9],
       [  0,   0,  69,  20],
       [  2,   0,  18, 115]]), array([[ 89,   8,   3,   1],
       [ 32,  44,   0,   8],
       [  0,   0,  69,  21],
       [  2,   0,  17, 115]]), array([[ 88,  10,   2,   1],
       [ 35,  46,   0,   4],
       [  0,   0,  74,  15],
       [  2,   0,  19, 113]]), array([[ 90,   7,   3,   1],
       [ 29,  47,   0,   9],
       [  0,   0,  73,  16],
       [  2,   0,  17, 115]]), array([[ 87,  10,   3,   1],
       [ 32,  45,   0,   8],
       [  0,   0,  68,  21],
       [  2,   0,  11, 121]]), array([[ 88,  10,   2,   1],
       [ 34,  44,   0,   7],
       [  0,   0,  71,  18],
       [  2,   0,  17, 115]])]","[0.717391304347826, 0.8478260869565217, 0.6739130434782609, 0.8043478260869565, 0.7555555555555555, 0.8, 0.6888888888888889, 0.7555555555555555, 0.7111111111111111, 0.7555555555555555]","[0.717391304347826, 0.8478260869565217, 0.6739130434782609, 0.8043478260869565, 0.7555555555555555, 0.8, 0.6888888888888889, 0.7555555555555555, 0.7111111111111111, 0.7555555555555555]","[0.717391304347826, 0.8478260869565217, 0.6739130434782609, 0.8043478260869565, 0.7555555555555555, 0.8, 0.6888888888888889, 0.7555555555555555, 0.7111111111111111, 0.7555555555555555]","[0.717391304347826, 0.8478260869565217, 0.6739130434782609, 0.8043478260869565, 0.7555555555555555, 0.8, 0.6888888888888889, 0.7555555555555555, 0.7111111111111111, 0.7555555555555555]","[0.7726244343891403, 0.893796992481203, 0.6845238095238095, 0.7979166666666666, 0.7564102564102563, 0.8439075630252102, 0.6862041467304625, 0.7683823529411764, 0.719625350140056, 0.7415293040293041]","[0.7, 0.8180555555555555, 0.6545454545454545, 0.790151515151515, 0.7532467532467532, 0.7888888888888889, 0.6595959595959596, 0.718939393939394, 0.6911616161616161, 0.7406565656565656]","[0.6843810237738274, 0.83292034762623, 0.6559358288770054, 0.7913861617578307, 0.7477703455964325, 0.7739499611096707, 0.6642227225818558, 0.713764245014245, 0.6930555555555555, 0.7322753396029258]","[0.764410781034822, 0.8754494932984637, 0.6816770186335404, 0.8034420289855071, 0.7686609686609687, 0.8499159663865545, 0.6873294346978557, 0.7717320261437908, 0.715452847805789, 0.7549450549450548]","[0.717391304347826, 0.8478260869565217, 0.6739130434782609, 0.8043478260869565, 0.7555555555555555, 0.8, 0.6888888888888889, 0.7555555555555555, 0.7111111111111111, 0.7555555555555555]","[0.6978661290472776, 0.8414478388902943, 0.6650825389444316, 0.8014614712279204, 0.7553573640530162, 0.7863192463918417, 0.6796972824217405, 0.7378838239949352, 0.7023456790123457, 0.7476802507836992]","[array([[12,  0,  0,  0],
       [ 5,  3,  0,  1],
       [ 0,  0,  8,  2],
       [ 0,  0,  5, 10]]), array([[11,  0,  0,  1],
       [ 3,  5,  0,  1],
       [ 0,  0,  8,  2],
       [ 0,  0,  0, 15]]), array([[ 9,  2,  0,  0],
       [ 4,  5,  0,  1],
       [ 0,  0,  5,  5],
       [ 1,  0,  2, 12]]), array([[ 8,  2,  1,  0],
       [ 3,  6,  0,  1],
       [ 0,  0,  9,  1],
       [ 1,  0,  0, 14]]), array([[ 8,  2,  1,  0],
       [ 4,  6,  0,  0],
       [ 0,  0,  9,  1],
       [ 0,  0,  3, 11]]), array([[11,  0,  0,  0],
       [ 6,  4,  0,  0],
       [ 0,  0,  8,  1],
       [ 0,  0,  2, 13]]), array([[ 8,  2,  1,  0],
       [ 3,  4,  0,  2],
       [ 0,  0,  6,  4],
       [ 0,  0,  2, 13]]), array([[10,  1,  0,  0],
       [ 6,  3,  0,  0],
       [ 0,  0,  7,  3],
       [ 0,  0,  1, 14]]), array([[10,  1,  0,  0],
       [ 4,  5,  0,  0],
       [ 0,  0,  5,  5],
       [ 0,  0,  3, 12]]), array([[ 9,  2,  0,  0],
       [ 4,  4,  0,  1],
       [ 0,  0,  9,  1],
       [ 0,  0,  3, 12]])]"
20,"[0.7965686274509803, 0.7769607843137255, 0.7794117647058824, 0.7696078431372549, 0.7775061124694377, 0.784841075794621, 0.78239608801956, 0.7897310513447433, 0.78239608801956, 0.78239608801956]","[0.7965686274509803, 0.7769607843137255, 0.7794117647058824, 0.7696078431372549, 0.7775061124694377, 0.784841075794621, 0.78239608801956, 0.7897310513447433, 0.78239608801956, 0.78239608801956]","[0.7965686274509803, 0.7769607843137255, 0.7794117647058824, 0.7696078431372549, 0.7775061124694377, 0.784841075794621, 0.78239608801956, 0.7897310513447433, 0.78239608801956, 0.78239608801956]","[0.7965686274509803, 0.7769607843137255, 0.7794117647058824, 0.7696078431372549, 0.7775061124694377, 0.784841075794621, 0.78239608801956, 0.7897310513447433, 0.78239608801956, 0.78239608801956]","[0.8083787956337058, 0.78093768865402, 0.7930339496590045, 0.7760350753336993, 0.7891419716135204, 0.7964024878706802, 0.7890222179835842, 0.7971018586619861, 0.7886797702910497, 0.7934532111009625]","[0.7798549634510856, 0.7614043464107092, 0.7617041495002619, 0.7520789940449208, 0.7585481608621001, 0.7649453404828755, 0.7679289295247307, 0.7756769541076983, 0.7612514285580337, 0.7659101075736797]","[0.7768004213215602, 0.7599119092933649, 0.7594830372467289, 0.7499747937127546, 0.7574549585532612, 0.7652583038415953, 0.7655357806156504, 0.7746764181794172, 0.7627110623224189, 0.7642481850363109]","[0.8088026957970544, 0.7830427955269862, 0.793072681252838, 0.7774683528889347, 0.7884083724675602, 0.7950661803807341, 0.7924816437870974, 0.7981840849462719, 0.7885139559721956, 0.7949197717819089]","[0.7965686274509803, 0.7769607843137255, 0.7794117647058824, 0.7696078431372549, 0.7775061124694377, 0.784841075794621, 0.78239608801956, 0.7897310513447433, 0.78239608801956, 0.78239608801956]","[0.7877652740966703, 0.7702479431630495, 0.7709236955821492, 0.7614425721273915, 0.7689111772934065, 0.7766957583737136, 0.7761866161006378, 0.7838469680718299, 0.7746531755825925, 0.7753237712856431]","[array([[ 91,   6,   2,   1],
       [ 36,  41,   0,   8],
       [  0,   0,  76,  13],
       [  1,   0,  16, 117]]), array([[ 88,  10,   2,   0],
       [ 34,  43,   0,   8],
       [  0,   0,  72,  17],
       [  2,   0,  18, 114]]), array([[ 92,   6,   2,   1],
       [ 38,  40,   0,   6],
       [  0,   0,  72,  17],
       [  1,   0,  19, 114]]), array([[ 90,   9,   1,   1],
       [ 37,  40,   0,   7],
       [  0,   0,  71,  18],
       [  1,   0,  20, 113]]), array([[ 91,   7,   2,   1],
       [ 36,  40,   0,   8],
       [  0,   0,  71,  18],
       [  2,   0,  17, 116]]), array([[ 90,   7,   3,   1],
       [ 35,  41,   0,   8],
       [  0,   0,  72,  18],
       [  2,   0,  14, 118]]), array([[ 90,   9,   1,   1],
       [ 38,  43,   0,   4],
       [  0,   0,  74,  15],
       [  2,   0,  19, 113]]), array([[ 90,   8,   2,   1],
       [ 33,  45,   0,   7],
       [  0,   0,  74,  15],
       [  2,   0,  18, 114]]), array([[ 87,  10,   3,   1],
       [ 35,  42,   0,   8],
       [  0,   0,  70,  19],
       [  2,   0,  11, 121]]), array([[ 90,   7,   3,   1],
       [ 38,  42,   0,   5],
       [  0,   0,  73,  16],
       [  2,   0,  17, 115]])]","[0.7391304347826086, 0.8043478260869565, 0.717391304347826, 0.7608695652173914, 0.7333333333333333, 0.8222222222222222, 0.7111111111111111, 0.7333333333333333, 0.6888888888888889, 0.8]","[0.7391304347826086, 0.8043478260869565, 0.717391304347826, 0.7608695652173914, 0.7333333333333333, 0.8222222222222222, 0.7111111111111111, 0.7333333333333333, 0.6888888888888889, 0.8]","[0.7391304347826086, 0.8043478260869565, 0.717391304347826, 0.7608695652173914, 0.7333333333333333, 0.8222222222222222, 0.7111111111111111, 0.7333333333333333, 0.6888888888888889, 0.8]","[0.7391304347826086, 0.8043478260869565, 0.717391304347826, 0.7608695652173914, 0.7333333333333333, 0.8222222222222222, 0.7111111111111111, 0.7333333333333333, 0.6888888888888889, 0.8]","[0.7895658263305322, 0.8376050420168066, 0.7245475113122173, 0.7605221575809811, 0.7285214785214785, 0.8663101604278075, 0.7208333333333333, 0.7383578431372548, 0.6993872549019609, 0.8351190476190476]","[0.7166666666666667, 0.7847222222222222, 0.7045454545454546, 0.7401515151515152, 0.7211038961038961, 0.8166666666666667, 0.6762626262626263, 0.6911616161616161, 0.6633838383838384, 0.7861111111111112]","[0.7033699059561129, 0.7932348901098901, 0.7083333333333333, 0.7430018059855521, 0.7184873949579832, 0.7964285714285715, 0.6849206349206348, 0.6750992063492064, 0.6615537240537241, 0.7768266216542079]","[0.7809341127755449, 0.823894775301425, 0.7218178241196145, 0.764215608205378, 0.7374403374403374, 0.8773618538324421, 0.7177777777777777, 0.7460784313725489, 0.6971459694989106, 0.8316402116402116]","[0.7391304347826086, 0.8043478260869565, 0.717391304347826, 0.7608695652173914, 0.7333333333333333, 0.8222222222222222, 0.7111111111111111, 0.7333333333333333, 0.6888888888888889, 0.8]","[0.7191972195720322, 0.7993460344003822, 0.7137681159420289, 0.7556899762193207, 0.7296607531901649, 0.8085714285714286, 0.7003174603174602, 0.7057760141093474, 0.6757766924433591, 0.787594780698229]","[array([[12,  0,  0,  0],
       [ 5,  3,  0,  1],
       [ 0,  0,  8,  2],
       [ 0,  0,  4, 11]]), array([[11,  0,  0,  1],
       [ 3,  5,  0,  1],
       [ 0,  0,  8,  2],
       [ 0,  0,  2, 13]]), array([[ 9,  2,  0,  0],
       [ 3,  6,  0,  1],
       [ 0,  0,  6,  4],
       [ 1,  0,  2, 12]]), array([[ 8,  2,  1,  0],
       [ 4,  5,  0,  1],
       [ 0,  0,  8,  2],
       [ 1,  0,  0, 14]]), array([[ 8,  2,  1,  0],
       [ 5,  5,  0,  0],
       [ 0,  0,  8,  2],
       [ 0,  0,  2, 12]]), array([[11,  0,  0,  0],
       [ 6,  4,  0,  0],
       [ 0,  0,  9,  0],
       [ 0,  0,  2, 13]]), array([[ 8,  2,  1,  0],
       [ 2,  4,  0,  3],
       [ 0,  0,  6,  4],
       [ 0,  0,  1, 14]]), array([[10,  1,  0,  0],
       [ 7,  2,  0,  0],
       [ 0,  0,  7,  3],
       [ 0,  0,  1, 14]]), array([[10,  1,  0,  0],
       [ 5,  4,  0,  0],
       [ 0,  0,  5,  5],
       [ 0,  0,  3, 12]]), array([[11,  0,  0,  0],
       [ 4,  4,  0,  1],
       [ 0,  0,  9,  1],
       [ 0,  0,  3, 12]])]"
21,"[0.7794117647058824, 0.7671568627450981, 0.7794117647058824, 0.7671568627450981, 0.7628361858190709, 0.7775061124694377, 0.784841075794621, 0.78239608801956, 0.7872860635696821, 0.7677261613691931]","[0.7794117647058824, 0.7671568627450981, 0.7794117647058824, 0.7671568627450981, 0.7628361858190709, 0.7775061124694377, 0.784841075794621, 0.78239608801956, 0.7872860635696821, 0.7677261613691931]","[0.7794117647058824, 0.7671568627450981, 0.7794117647058824, 0.7671568627450981, 0.7628361858190709, 0.7775061124694377, 0.784841075794621, 0.78239608801956, 0.7872860635696821, 0.7677261613691931]","[0.7794117647058824, 0.7671568627450981, 0.7794117647058824, 0.7671568627450981, 0.7628361858190709, 0.7775061124694377, 0.784841075794621, 0.78239608801956, 0.7872860635696821, 0.7677261613691931]","[0.7807539219524758, 0.773187292984041, 0.796228790559286, 0.7724055944055944, 0.7704261274968789, 0.7860911031079097, 0.7894783380766837, 0.7863271561339054, 0.7945090464291378, 0.7716951862053599]","[0.7602915281490761, 0.7467041116295589, 0.7621465236710777, 0.7489948328222056, 0.7431516459564629, 0.7571129501009802, 0.7693172129901038, 0.7668419654653513, 0.7668000402599178, 0.7479063890496931]","[0.7601581781365663, 0.7486664730282715, 0.7586905231945993, 0.7491809883385636, 0.7419638315153351, 0.7586980678005495, 0.7683372661405083, 0.7661091060367662, 0.769364241543347, 0.7470701275108496]","[0.7838851964023722, 0.7726715169657143, 0.7960939082922783, 0.7729315096668037, 0.7708779034229829, 0.7851862831522176, 0.7926411972720669, 0.7883118659755679, 0.7937548030876423, 0.7739869516022717]","[0.7794117647058824, 0.7671568627450981, 0.7794117647058824, 0.7671568627450981, 0.7628361858190709, 0.7775061124694377, 0.784841075794621, 0.78239608801956, 0.7872860635696821, 0.7677261613691931]","[0.7725772535369592, 0.7598719855211238, 0.7702256849568764, 0.7600765568121938, 0.7541154925069669, 0.770115546186948, 0.7791113371532161, 0.7762866069122834, 0.7805098482308154, 0.7597466224467869]","[array([[ 85,  12,   2,   1],
       [ 37,  42,   0,   6],
       [  0,   0,  72,  17],
       [  2,   0,  13, 119]]), array([[ 87,  11,   2,   0],
       [ 34,  43,   0,   8],
       [  0,   0,  65,  24],
       [  2,   0,  14, 118]]), array([[ 93,   5,   2,   1],
       [ 39,  39,   0,   6],
       [  0,   0,  73,  16],
       [  1,   0,  20, 113]]), array([[ 89,  10,   1,   1],
       [ 35,  42,   0,   7],
       [  0,   0,  68,  21],
       [  1,   0,  19, 114]]), array([[ 89,   9,   2,   1],
       [ 37,  39,   0,   8],
       [  0,   0,  69,  20],
       [  2,   0,  18, 115]]), array([[ 89,   9,   2,   1],
       [ 35,  42,   0,   7],
       [  0,   0,  69,  21],
       [  2,   0,  14, 118]]), array([[ 89,  10,   1,   1],
       [ 37,  44,   0,   4],
       [  0,   0,  73,  16],
       [  2,   0,  17, 115]]), array([[ 88,  10,   2,   1],
       [ 34,  44,   0,   7],
       [  0,   0,  73,  16],
       [  2,   0,  17, 115]]), array([[ 88,  10,   2,   1],
       [ 34,  44,   0,   7],
       [  0,   0,  69,  20],
       [  2,   0,  11, 121]]), array([[ 87,  11,   2,   1],
       [ 39,  40,   0,   6],
       [  0,   0,  70,  19],
       [  2,   0,  15, 117]])]","[0.7391304347826086, 0.8260869565217391, 0.6956521739130435, 0.7608695652173914, 0.7111111111111111, 0.8, 0.7333333333333333, 0.7555555555555555, 0.6888888888888889, 0.8]","[0.7391304347826086, 0.8260869565217391, 0.6956521739130435, 0.7608695652173914, 0.7111111111111111, 0.8, 0.7333333333333333, 0.7555555555555555, 0.6888888888888889, 0.8]","[0.7391304347826086, 0.8260869565217391, 0.6956521739130435, 0.7608695652173914, 0.7111111111111111, 0.8, 0.7333333333333333, 0.7555555555555555, 0.6888888888888889, 0.8]","[0.7391304347826086, 0.8260869565217391, 0.6956521739130435, 0.7608695652173914, 0.7111111111111111, 0.8, 0.7333333333333333, 0.7555555555555555, 0.6888888888888889, 0.8]","[0.7895658263305322, 0.863095238095238, 0.7058150183150182, 0.7605221575809811, 0.7106227106227107, 0.8439075630252102, 0.7410714285714286, 0.7683823529411764, 0.6993872549019609, 0.8016483516483517]","[0.7166666666666667, 0.8013888888888889, 0.6795454545454546, 0.7401515151515152, 0.7032467532467532, 0.7888888888888889, 0.704040404040404, 0.718939393939394, 0.6633838383838384, 0.7883838383838384]","[0.7033699059561129, 0.8127574180205759, 0.6830436720142603, 0.7430018059855521, 0.6992473757179639, 0.7739499611096707, 0.7133928571428572, 0.713764245014245, 0.6615537240537241, 0.7745341614906832]","[0.7809341127755449, 0.847481021394065, 0.7012661251791686, 0.764215608205378, 0.7205535205535205, 0.8499159663865545, 0.7384126984126984, 0.7717320261437908, 0.6971459694989106, 0.8132356532356533]","[0.7391304347826086, 0.8260869565217391, 0.6956521739130435, 0.7608695652173914, 0.7111111111111111, 0.8, 0.7333333333333333, 0.7555555555555555, 0.6888888888888889, 0.8]","[0.7191972195720322, 0.8202335422015056, 0.6893067503681314, 0.7556899762193207, 0.7087960212143218, 0.7863192463918417, 0.726058201058201, 0.7378838239949352, 0.6757766924433591, 0.788792270531401]","[array([[12,  0,  0,  0],
       [ 5,  3,  0,  1],
       [ 0,  0,  8,  2],
       [ 0,  0,  4, 11]]), array([[11,  0,  0,  1],
       [ 3,  5,  0,  1],
       [ 0,  0,  8,  2],
       [ 0,  0,  1, 14]]), array([[ 9,  2,  0,  0],
       [ 3,  6,  0,  1],
       [ 0,  0,  5,  5],
       [ 1,  0,  2, 12]]), array([[ 8,  2,  1,  0],
       [ 4,  5,  0,  1],
       [ 0,  0,  8,  2],
       [ 1,  0,  0, 14]]), array([[ 8,  2,  1,  0],
       [ 5,  5,  0,  0],
       [ 0,  0,  8,  2],
       [ 0,  0,  3, 11]]), array([[11,  0,  0,  0],
       [ 6,  4,  0,  0],
       [ 0,  0,  8,  1],
       [ 0,  0,  2, 13]]), array([[ 8,  2,  1,  0],
       [ 2,  5,  0,  2],
       [ 0,  0,  6,  4],
       [ 0,  0,  1, 14]]), array([[10,  1,  0,  0],
       [ 6,  3,  0,  0],
       [ 0,  0,  7,  3],
       [ 0,  0,  1, 14]]), array([[10,  1,  0,  0],
       [ 5,  4,  0,  0],
       [ 0,  0,  5,  5],
       [ 0,  0,  3, 12]]), array([[10,  1,  0,  0],
       [ 4,  4,  0,  1],
       [ 0,  0, 10,  0],
       [ 0,  0,  3, 12]])]"
22,"[0.7720588235294118, 0.7671568627450981, 0.7941176470588235, 0.7769607843137255, 0.7652811735941321, 0.7677261613691931, 0.7775061124694377, 0.7799511002444988, 0.7750611246943765, 0.7750611246943765]","[0.7720588235294118, 0.7671568627450981, 0.7941176470588235, 0.7769607843137255, 0.7652811735941321, 0.7677261613691931, 0.7775061124694377, 0.7799511002444988, 0.7750611246943765, 0.7750611246943765]","[0.7720588235294118, 0.7671568627450981, 0.7941176470588235, 0.7769607843137255, 0.7652811735941321, 0.7677261613691931, 0.7775061124694377, 0.7799511002444988, 0.7750611246943765, 0.7750611246943765]","[0.7720588235294118, 0.7671568627450981, 0.7941176470588235, 0.7769607843137255, 0.7652811735941321, 0.7677261613691931, 0.7775061124694377, 0.7799511002444988, 0.7750611246943765, 0.7750611246943765]","[0.7819308669312115, 0.7735708122101176, 0.8124685742652651, 0.7857476608243414, 0.773312056503636, 0.774563158596772, 0.7896849339926506, 0.7865643498007684, 0.7852216078580263, 0.7775589402427637]","[0.7540053121701473, 0.7469418768681378, 0.7780578013180921, 0.75811838314111, 0.7451706995204603, 0.7470180626804684, 0.7615806476377185, 0.7635670477554706, 0.7528359214964813, 0.7550448377496992]","[0.750990675990676, 0.7463116175462371, 0.7751586994037533, 0.7555983621099441, 0.7450237592791029, 0.7481552186372917, 0.7578296162048721, 0.762732455788545, 0.7535765358451922, 0.7556846517317515]","[0.7837052401015376, 0.7742031868296881, 0.8123726519116418, 0.787115992091143, 0.7734992896387118, 0.7743817983591154, 0.7924350064067114, 0.7881390730259586, 0.7843380605885214, 0.7801414371779681]","[0.7720588235294118, 0.7671568627450981, 0.7941176470588235, 0.7769607843137255, 0.7652811735941321, 0.7677261613691931, 0.7775061124694377, 0.7799511002444988, 0.7750611246943765, 0.7750611246943765]","[0.7631797124444184, 0.7584616242511429, 0.7860362993741926, 0.767994604632439, 0.7571216042486172, 0.7600504597096134, 0.7695516029496775, 0.7733552917367531, 0.7660994810531696, 0.7682742315373695]","[array([[ 89,   8,   2,   1],
       [ 40,  39,   0,   6],
       [  0,   0,  72,  17],
       [  2,   0,  17, 115]]), array([[ 88,  10,   2,   0],
       [ 37,  40,   0,   8],
       [  0,   0,  68,  21],
       [  2,   0,  15, 117]]), array([[ 94,   4,   2,   1],
       [ 38,  41,   0,   5],
       [  0,   0,  75,  14],
       [  1,   0,  19, 114]]), array([[ 91,   8,   1,   1],
       [ 39,  39,   0,   6],
       [  0,   0,  72,  17],
       [  1,   0,  18, 115]]), array([[ 89,   9,   2,   1],
       [ 37,  40,   0,   7],
       [  0,   0,  68,  21],
       [  2,   0,  17, 116]]), array([[ 88,  10,   2,   1],
       [ 36,  41,   0,   7],
       [  0,   0,  68,  22],
       [  2,   0,  15, 117]]), array([[ 91,   7,   2,   1],
       [ 41,  40,   0,   4],
       [  0,   0,  74,  15],
       [  2,   0,  19, 113]]), array([[ 89,   9,   2,   1],
       [ 36,  43,   0,   6],
       [  0,   0,  72,  17],
       [  2,   0,  17, 115]]), array([[ 89,   9,   2,   1],
       [ 38,  40,   0,   7],
       [  0,   0,  68,  21],
       [  2,   0,  12, 120]]), array([[ 86,  12,   2,   1],
       [ 38,  42,   0,   5],
       [  0,   0,  70,  19],
       [  2,   0,  13, 119]])]","[0.717391304347826, 0.8260869565217391, 0.6739130434782609, 0.7608695652173914, 0.7111111111111111, 0.8222222222222222, 0.7111111111111111, 0.7555555555555555, 0.6888888888888889, 0.7777777777777778]","[0.717391304347826, 0.8260869565217391, 0.6739130434782609, 0.7608695652173914, 0.7111111111111111, 0.8222222222222222, 0.7111111111111111, 0.7555555555555555, 0.6888888888888889, 0.7777777777777778]","[0.717391304347826, 0.8260869565217391, 0.6739130434782609, 0.7608695652173914, 0.7111111111111111, 0.8222222222222222, 0.7111111111111111, 0.7555555555555555, 0.6888888888888889, 0.7777777777777778]","[0.717391304347826, 0.8260869565217391, 0.6739130434782609, 0.7608695652173914, 0.7111111111111111, 0.8222222222222222, 0.7111111111111111, 0.7555555555555555, 0.6888888888888889, 0.7777777777777778]","[0.722470238095238, 0.863095238095238, 0.6845238095238095, 0.7605221575809811, 0.7074175824175823, 0.8663101604278075, 0.7208333333333333, 0.7683823529411764, 0.6993872549019609, 0.7803571428571429]","[0.6958333333333333, 0.8013888888888889, 0.6545454545454545, 0.7401515151515152, 0.6961038961038961, 0.8166666666666667, 0.6762626262626263, 0.718939393939394, 0.6633838383838384, 0.7633838383838383]","[0.6832865410451617, 0.8127574180205759, 0.6559358288770054, 0.7430018059855521, 0.6956220419202164, 0.7964285714285715, 0.6849206349206348, 0.713764245014245, 0.6615537240537241, 0.7542991491267353]","[0.7272256728778467, 0.847481021394065, 0.6816770186335404, 0.764215608205378, 0.7136019536019537, 0.8773618538324421, 0.7177777777777777, 0.7717320261437908, 0.6971459694989106, 0.7869841269841269]","[0.717391304347826, 0.8260869565217391, 0.6739130434782609, 0.7608695652173914, 0.7111111111111111, 0.8222222222222222, 0.7111111111111111, 0.7555555555555555, 0.6888888888888889, 0.7777777777777778]","[0.7007490260863575, 0.8202335422015056, 0.6650825389444316, 0.7556899762193207, 0.7067087371347006, 0.8085714285714286, 0.7003174603174602, 0.7378838239949352, 0.6757766924433591, 0.7675215206249689]","[array([[11,  1,  0,  0],
       [ 5,  3,  0,  1],
       [ 0,  0,  8,  2],
       [ 0,  0,  4, 11]]), array([[11,  0,  0,  1],
       [ 3,  5,  0,  1],
       [ 0,  0,  8,  2],
       [ 0,  0,  1, 14]]), array([[ 9,  2,  0,  0],
       [ 4,  5,  0,  1],
       [ 0,  0,  5,  5],
       [ 1,  0,  2, 12]]), array([[ 8,  2,  1,  0],
       [ 4,  5,  0,  1],
       [ 0,  0,  8,  2],
       [ 1,  0,  0, 14]]), array([[ 8,  2,  1,  0],
       [ 5,  5,  0,  0],
       [ 0,  0,  7,  3],
       [ 0,  0,  2, 12]]), array([[11,  0,  0,  0],
       [ 6,  4,  0,  0],
       [ 0,  0,  9,  0],
       [ 0,  0,  2, 13]]), array([[ 8,  2,  1,  0],
       [ 2,  4,  0,  3],
       [ 0,  0,  6,  4],
       [ 0,  0,  1, 14]]), array([[10,  1,  0,  0],
       [ 6,  3,  0,  0],
       [ 0,  0,  7,  3],
       [ 0,  0,  1, 14]]), array([[10,  1,  0,  0],
       [ 5,  4,  0,  0],
       [ 0,  0,  5,  5],
       [ 0,  0,  3, 12]]), array([[10,  1,  0,  0],
       [ 4,  4,  0,  1],
       [ 0,  0,  9,  1],
       [ 0,  0,  3, 12]])]"
23,"[0.7818627450980392, 0.7622549019607843, 0.7794117647058824, 0.7769607843137255, 0.7677261613691931, 0.7726161369193154, 0.78239608801956, 0.7750611246943765, 0.7726161369193154, 0.7677261613691931]","[0.7818627450980392, 0.7622549019607843, 0.7794117647058824, 0.7769607843137255, 0.7677261613691931, 0.7726161369193154, 0.78239608801956, 0.7750611246943765, 0.7726161369193154, 0.7677261613691931]","[0.7818627450980392, 0.7622549019607843, 0.7794117647058824, 0.7769607843137255, 0.7677261613691931, 0.7726161369193154, 0.78239608801956, 0.7750611246943765, 0.7726161369193154, 0.7677261613691931]","[0.7818627450980392, 0.7622549019607843, 0.7794117647058824, 0.7769607843137255, 0.7677261613691931, 0.7726161369193154, 0.78239608801956, 0.7750611246943765, 0.7726161369193154, 0.7677261613691931]","[0.7836006192068171, 0.7696497725596263, 0.7875008301485815, 0.7841304936893172, 0.7736004511181132, 0.785625992730665, 0.7932836654521465, 0.7759250522872734, 0.7784561927125625, 0.7736865046792638]","[0.7626593404425328, 0.7413238993400479, 0.7614283148565929, 0.7583441536338775, 0.7475234943237502, 0.7507494059640505, 0.7636897320898794, 0.7580069768230041, 0.7523680366921974, 0.7461519425117284]","[0.7614569460292382, 0.7411761227855611, 0.7590469186410146, 0.7587171924291024, 0.7481552186372917, 0.7532716591968832, 0.7635617982399099, 0.7575621236305594, 0.7546828319586014, 0.7472415733646106]","[0.786481762228916, 0.7700346704947039, 0.7898653034354359, 0.7843443521427951, 0.7741469898153875, 0.7827945857972016, 0.7937949577154187, 0.7787617760028858, 0.7777609677602193, 0.7747270683142865]","[0.7818627450980392, 0.7622549019607843, 0.7794117647058824, 0.7769607843137255, 0.7677261613691931, 0.7726161369193154, 0.78239608801956, 0.7750611246943765, 0.7726161369193154, 0.7677261613691931]","[0.7740078448570923, 0.7535609485784452, 0.7714042433219772, 0.7698319404645242, 0.7601863945662889, 0.7646724772638961, 0.775069464384763, 0.768735685166891, 0.7656702714429754, 0.7600381967421747]","[array([[ 86,  11,   2,   1],
       [ 37,  41,   0,   7],
       [  0,   0,  73,  16],
       [  1,   0,  14, 119]]), array([[ 88,  10,   2,   0],
       [ 38,  40,   0,   7],
       [  0,   0,  66,  23],
       [  2,   0,  15, 117]]), array([[ 90,   8,   2,   1],
       [ 39,  40,   0,   5],
       [  0,   0,  73,  16],
       [  1,   0,  18, 115]]), array([[ 89,   9,   1,   2],
       [ 36,  42,   0,   6],
       [  0,   0,  70,  19],
       [  1,   0,  17, 116]]), array([[ 88,  10,   2,   1],
       [ 36,  41,   0,   7],
       [  0,   0,  68,  21],
       [  2,   0,  16, 117]]), array([[ 88,   8,   2,   3],
       [ 36,  41,   0,   7],
       [  0,   0,  68,  22],
       [  2,   0,  13, 119]]), array([[ 91,   8,   1,   1],
       [ 39,  42,   0,   4],
       [  0,   0,  70,  19],
       [  2,   0,  15, 117]]), array([[ 86,  12,   2,   1],
       [ 35,  43,   0,   7],
       [  0,   0,  72,  17],
       [  2,   0,  16, 116]]), array([[ 86,  11,   2,   2],
       [ 34,  43,   0,   8],
       [  0,   0,  68,  21],
       [  2,   0,  13, 119]]), array([[ 87,  11,   2,   1],
       [ 39,  41,   0,   5],
       [  0,   0,  67,  22],
       [  2,   0,  13, 119]])]","[0.6956521739130435, 0.8260869565217391, 0.6739130434782609, 0.7608695652173914, 0.7111111111111111, 0.8222222222222222, 0.7111111111111111, 0.7555555555555555, 0.7333333333333333, 0.7555555555555555]","[0.6956521739130435, 0.8260869565217391, 0.6739130434782609, 0.7608695652173914, 0.7111111111111111, 0.8222222222222222, 0.7111111111111111, 0.7555555555555555, 0.7333333333333333, 0.7555555555555555]","[0.6956521739130435, 0.8260869565217391, 0.6739130434782609, 0.7608695652173914, 0.7111111111111111, 0.8222222222222222, 0.7111111111111111, 0.7555555555555555, 0.7333333333333333, 0.7555555555555555]","[0.6956521739130435, 0.8260869565217391, 0.6739130434782609, 0.7608695652173914, 0.7111111111111111, 0.8222222222222222, 0.7111111111111111, 0.7555555555555555, 0.7333333333333333, 0.7555555555555555]","[0.7528409090909091, 0.863095238095238, 0.6845238095238095, 0.7605221575809811, 0.7045405982905983, 0.8663101604278075, 0.7109848484848484, 0.7683823529411764, 0.746031746031746, 0.760576923076923]","[0.6708333333333333, 0.8013888888888889, 0.6545454545454545, 0.7401515151515152, 0.6961038961038961, 0.8166666666666667, 0.6762626262626263, 0.718939393939394, 0.7078282828282828, 0.7406565656565656]","[0.6655145929339477, 0.8127574180205759, 0.6559358288770054, 0.7430018059855521, 0.696662633595483, 0.7964285714285715, 0.6818181818181819, 0.713764245014245, 0.7106951871657754, 0.7349025974025973]","[0.7375247035573121, 0.847481021394065, 0.6816770186335404, 0.764215608205378, 0.7110446343779677, 0.8773618538324421, 0.7111111111111111, 0.7717320261437908, 0.7407407407407408, 0.7625641025641026]","[0.6956521739130435, 0.8260869565217391, 0.6739130434782609, 0.7608695652173914, 0.7111111111111111, 0.8222222222222222, 0.7111111111111111, 0.7555555555555555, 0.7333333333333333, 0.7555555555555555]","[0.679139117077406, 0.8202335422015056, 0.6650825389444316, 0.7556899762193207, 0.7076337075127154, 0.8085714285714286, 0.6992592592592592, 0.7378838239949352, 0.7222341057635175, 0.7461038961038962]","[array([[11,  0,  0,  1],
       [ 5,  3,  0,  1],
       [ 0,  0,  7,  3],
       [ 0,  0,  4, 11]]), array([[11,  0,  0,  1],
       [ 3,  5,  0,  1],
       [ 0,  0,  8,  2],
       [ 0,  0,  1, 14]]), array([[ 9,  2,  0,  0],
       [ 4,  5,  0,  1],
       [ 0,  0,  5,  5],
       [ 1,  0,  2, 12]]), array([[ 8,  2,  1,  0],
       [ 4,  5,  0,  1],
       [ 0,  0,  8,  2],
       [ 1,  0,  0, 14]]), array([[ 8,  3,  0,  0],
       [ 5,  5,  0,  0],
       [ 0,  0,  7,  3],
       [ 0,  0,  2, 12]]), array([[11,  0,  0,  0],
       [ 6,  4,  0,  0],
       [ 0,  0,  9,  0],
       [ 0,  0,  2, 13]]), array([[ 8,  2,  1,  0],
       [ 3,  4,  0,  2],
       [ 0,  0,  6,  4],
       [ 0,  0,  1, 14]]), array([[10,  1,  0,  0],
       [ 6,  3,  0,  0],
       [ 0,  0,  7,  3],
       [ 0,  0,  1, 14]]), array([[10,  1,  0,  0],
       [ 4,  5,  0,  0],
       [ 0,  0,  5,  5],
       [ 0,  0,  2, 13]]), array([[ 9,  1,  0,  1],
       [ 4,  4,  0,  1],
       [ 0,  0,  9,  1],
       [ 0,  0,  3, 12]])]"
24,"[0.7892156862745098, 0.7769607843137255, 0.7843137254901961, 0.7818627450980392, 0.78239608801956, 0.7726161369193154, 0.7775061124694377, 0.784841075794621, 0.7750611246943765, 0.7750611246943765]","[0.7892156862745098, 0.7769607843137255, 0.7843137254901961, 0.7818627450980392, 0.78239608801956, 0.7726161369193154, 0.7775061124694377, 0.784841075794621, 0.7750611246943765, 0.7750611246943765]","[0.7892156862745098, 0.7769607843137255, 0.7843137254901961, 0.7818627450980392, 0.78239608801956, 0.7726161369193154, 0.7775061124694377, 0.784841075794621, 0.7750611246943765, 0.7750611246943765]","[0.7892156862745098, 0.7769607843137255, 0.7843137254901961, 0.7818627450980392, 0.78239608801956, 0.7726161369193154, 0.7775061124694377, 0.784841075794621, 0.7750611246943765, 0.7750611246943765]","[0.7940258238639075, 0.7847855986837144, 0.7979041643935261, 0.794325622565586, 0.7922204188500822, 0.7857629519501425, 0.7888602524982617, 0.7942560246729934, 0.7875001672434708, 0.7788458454299092]","[0.7712794586222884, 0.7581332185733592, 0.7656026944959894, 0.7623513315611286, 0.7617956706050488, 0.7504468757110252, 0.757807379148703, 0.7669646497997601, 0.7509492872519734, 0.7547110965104067]","[0.7679391609807256, 0.7580215188157474, 0.7648558620079794, 0.7634049696716789, 0.7623856608061982, 0.7529799805390367, 0.7567769060331988, 0.7671162790030011, 0.7529872214228044, 0.7553413798051001]","[0.7976682550065375, 0.7851978355432999, 0.7970729526580592, 0.7924897112137758, 0.7916318981080026, 0.7825708171874814, 0.7892149331554271, 0.794370563698558, 0.7850314280331964, 0.7807238592194764]","[0.7892156862745098, 0.7769607843137255, 0.7843137254901961, 0.7818627450980392, 0.78239608801956, 0.7726161369193154, 0.7775061124694377, 0.784841075794621, 0.7750611246943765, 0.7750611246943765]","[0.7807196748158823, 0.7693341200138027, 0.7761789063837062, 0.7742483525835212, 0.7743759339440006, 0.7643385822736676, 0.7689292683535491, 0.7778691244104802, 0.7655938925233652, 0.7678535043070319]","[array([[ 88,   9,   2,   1],
       [ 39,  40,   0,   6],
       [  0,   0,  76,  13],
       [  1,   0,  15, 118]]), array([[ 89,   9,   2,   0],
       [ 36,  42,   0,   7],
       [  0,   0,  69,  20],
       [  2,   0,  15, 117]]), array([[ 92,   6,   2,   1],
       [ 37,  41,   0,   6],
       [  0,   0,  71,  18],
       [  1,   0,  17, 116]]), array([[ 91,   7,   1,   2],
       [ 36,  42,   0,   6],
       [  0,   0,  69,  20],
       [  1,   0,  16, 117]]), array([[ 90,   8,   2,   1],
       [ 36,  41,   0,   7],
       [  0,   0,  70,  19],
       [  2,   0,  14, 119]]), array([[ 89,   8,   2,   2],
       [ 35,  41,   0,   8],
       [  0,   0,  67,  23],
       [  2,   0,  13, 119]]), array([[ 91,   8,   1,   1],
       [ 40,  40,   0,   5],
       [  0,   0,  70,  19],
       [  2,   0,  15, 117]]), array([[ 90,   8,   2,   1],
       [ 36,  43,   0,   6],
       [  0,   0,  71,  18],
       [  2,   0,  15, 117]]), array([[ 89,   9,   2,   1],
       [ 37,  40,   0,   8],
       [  0,   0,  66,  23],
       [  2,   0,  10, 122]]), array([[ 87,  11,   2,   1],
       [ 38,  42,   0,   5],
       [  0,   0,  69,  20],
       [  1,   0,  14, 119]])]","[0.6956521739130435, 0.8478260869565217, 0.6739130434782609, 0.7608695652173914, 0.7111111111111111, 0.8222222222222222, 0.7555555555555555, 0.7777777777777778, 0.7333333333333333, 0.7555555555555555]","[0.6956521739130435, 0.8478260869565217, 0.6739130434782609, 0.7608695652173914, 0.7111111111111111, 0.8222222222222222, 0.7555555555555555, 0.7777777777777778, 0.7333333333333333, 0.7555555555555555]","[0.6956521739130435, 0.8478260869565217, 0.6739130434782609, 0.7608695652173914, 0.7111111111111111, 0.8222222222222222, 0.7555555555555555, 0.7777777777777778, 0.7333333333333333, 0.7555555555555555]","[0.6956521739130435, 0.8478260869565217, 0.6739130434782609, 0.7608695652173914, 0.7111111111111111, 0.8222222222222222, 0.7555555555555555, 0.7777777777777778, 0.7333333333333333, 0.7555555555555555]","[0.7458333333333333, 0.8782051282051282, 0.6806372549019608, 0.7605221575809811, 0.7045405982905983, 0.8663101604278075, 0.773989898989899, 0.7912990196078431, 0.746031746031746, 0.760576923076923]","[0.6819444444444444, 0.8291666666666666, 0.6545454545454545, 0.7401515151515152, 0.6961038961038961, 0.8166666666666667, 0.723989898989899, 0.7467171717171717, 0.7078282828282828, 0.7406565656565656]","[0.6833074333074333, 0.8426475279106859, 0.6522435897435898, 0.7430018059855521, 0.696662633595483, 0.7964285714285715, 0.7316131237183869, 0.7483592796092796, 0.7106951871657754, 0.7349025974025973]","[0.731159420289855, 0.8632478632478633, 0.6816283034953112, 0.764215608205378, 0.7110446343779677, 0.8773618538324421, 0.7661728395061728, 0.791917211328976, 0.7407407407407408, 0.7625641025641026]","[0.6956521739130435, 0.8478260869565217, 0.6739130434782609, 0.7608695652173914, 0.7111111111111111, 0.8222222222222222, 0.7555555555555555, 0.7777777777777778, 0.7333333333333333, 0.7555555555555555]","[0.6886929495625147, 0.8458331599750365, 0.6637402452619844, 0.7556899762193207, 0.7076337075127154, 0.8085714285714286, 0.7446950710108605, 0.7668260751594084, 0.7222341057635175, 0.7461038961038962]","[array([[11,  0,  0,  1],
       [ 4,  4,  0,  1],
       [ 0,  0,  7,  3],
       [ 0,  0,  5, 10]]), array([[11,  0,  0,  1],
       [ 2,  6,  0,  1],
       [ 0,  0,  8,  2],
       [ 0,  0,  1, 14]]), array([[ 9,  2,  0,  0],
       [ 5,  4,  0,  1],
       [ 0,  0,  6,  4],
       [ 1,  0,  2, 12]]), array([[ 8,  2,  1,  0],
       [ 4,  5,  0,  1],
       [ 0,  0,  8,  2],
       [ 1,  0,  0, 14]]), array([[ 8,  3,  0,  0],
       [ 5,  5,  0,  0],
       [ 0,  0,  7,  3],
       [ 0,  0,  2, 12]]), array([[11,  0,  0,  0],
       [ 6,  4,  0,  0],
       [ 0,  0,  9,  0],
       [ 0,  0,  2, 13]]), array([[ 9,  1,  1,  0],
       [ 2,  4,  0,  3],
       [ 0,  0,  7,  3],
       [ 0,  0,  1, 14]]), array([[10,  1,  0,  0],
       [ 5,  4,  0,  0],
       [ 0,  0,  7,  3],
       [ 0,  0,  1, 14]]), array([[10,  1,  0,  0],
       [ 4,  5,  0,  0],
       [ 0,  0,  5,  5],
       [ 0,  0,  2, 13]]), array([[ 9,  1,  0,  1],
       [ 4,  4,  0,  1],
       [ 0,  0,  9,  1],
       [ 0,  0,  3, 12]])]"
25,"[0.7892156862745098, 0.7671568627450981, 0.7843137254901961, 0.7843137254901961, 0.7750611246943765, 0.7726161369193154, 0.7750611246943765, 0.78239608801956, 0.7677261613691931, 0.7726161369193154]","[0.7892156862745098, 0.7671568627450981, 0.7843137254901961, 0.7843137254901961, 0.7750611246943765, 0.7726161369193154, 0.7750611246943765, 0.78239608801956, 0.7677261613691931, 0.7726161369193154]","[0.7892156862745098, 0.7671568627450981, 0.7843137254901961, 0.7843137254901961, 0.7750611246943765, 0.7726161369193154, 0.7750611246943765, 0.78239608801956, 0.7677261613691931, 0.7726161369193154]","[0.7892156862745098, 0.7671568627450981, 0.7843137254901961, 0.7843137254901961, 0.7750611246943765, 0.7726161369193154, 0.7750611246943765, 0.78239608801956, 0.7677261613691931, 0.7726161369193154]","[0.7949804907584154, 0.7726318575613504, 0.798974359830263, 0.7945996860282575, 0.7821854867573371, 0.7851714673262586, 0.7813692055071366, 0.7896180805719731, 0.7768467675093245, 0.781418672112772]","[0.7706005169131211, 0.7468809126870604, 0.7635488585393362, 0.7648851478665032, 0.7556167193765926, 0.7515573945454247, 0.7568735653985834, 0.7644894022750076, 0.7447426964436389, 0.7526438713358664]","[0.7698249440800402, 0.7481254987742575, 0.7632158681060939, 0.767375954849043, 0.7555780455725459, 0.7542782351344633, 0.756467832653964, 0.7646312386563772, 0.746187086268058, 0.7542726669210895]","[0.7963492389962977, 0.7730258348223749, 0.7975233503153129, 0.7926695293502015, 0.7827444550232511, 0.7819995946154474, 0.7834664225693649, 0.7904236136517364, 0.7755470064858545, 0.7813256200686416]","[0.7892156862745098, 0.7671568627450981, 0.7843137254901961, 0.7843137254901961, 0.7750611246943765, 0.7726161369193154, 0.7750611246943765, 0.78239608801956, 0.7677261613691931, 0.7726161369193154]","[0.7815093044839275, 0.7598134754766023, 0.7753593289144058, 0.7777001525454801, 0.7674209020665304, 0.7649823353349966, 0.7682125591884127, 0.7755950293942196, 0.7586739070856551, 0.7657746939904808]","[array([[ 88,   9,   2,   1],
       [ 36,  42,   0,   7],
       [  0,   0,  73,  16],
       [  1,   0,  14, 119]]), array([[ 86,  11,   2,   1],
       [ 36,  42,   0,   7],
       [  0,   0,  67,  22],
       [  2,   0,  14, 118]]), array([[ 92,   6,   2,   1],
       [ 38,  40,   0,   6],
       [  0,   0,  70,  19],
       [  1,   0,  15, 118]]), array([[ 90,   8,   1,   2],
       [ 34,  44,   0,   6],
       [  0,   0,  68,  21],
       [  1,   0,  15, 118]]), array([[ 89,   9,   2,   1],
       [ 36,  41,   0,   7],
       [  0,   0,  70,  19],
       [  2,   0,  16, 117]]), array([[ 89,   8,   2,   2],
       [ 34,  42,   0,   8],
       [  0,   0,  67,  23],
       [  2,   0,  14, 118]]), array([[ 89,  10,   1,   1],
       [ 39,  42,   0,   4],
       [  0,   0,  70,  19],
       [  2,   0,  16, 116]]), array([[ 89,   9,   2,   1],
       [ 36,  43,   0,   6],
       [  0,   0,  71,  18],
       [  2,   0,  15, 117]]), array([[ 88,  10,   2,   1],
       [ 37,  40,   0,   8],
       [  0,   0,  66,  23],
       [  2,   0,  12, 120]]), array([[ 88,   9,   3,   1],
       [ 37,  43,   0,   5],
       [  0,   0,  67,  22],
       [  2,   0,  14, 118]])]","[0.7391304347826086, 0.8478260869565217, 0.717391304347826, 0.782608695652174, 0.7111111111111111, 0.8444444444444444, 0.7555555555555555, 0.7777777777777778, 0.7333333333333333, 0.7555555555555555]","[0.7391304347826086, 0.8478260869565217, 0.717391304347826, 0.782608695652174, 0.7111111111111111, 0.8444444444444444, 0.7555555555555555, 0.7777777777777778, 0.7333333333333333, 0.7555555555555555]","[0.7391304347826086, 0.8478260869565217, 0.717391304347826, 0.782608695652174, 0.7111111111111111, 0.8444444444444444, 0.7555555555555555, 0.7777777777777778, 0.7333333333333333, 0.7555555555555555]","[0.7391304347826086, 0.8478260869565217, 0.717391304347826, 0.782608695652174, 0.7111111111111111, 0.8444444444444444, 0.7555555555555555, 0.7777777777777778, 0.7333333333333333, 0.7555555555555555]","[0.7833333333333333, 0.8782051282051282, 0.7245475113122173, 0.7822712418300652, 0.7045405982905983, 0.8867647058823529, 0.773989898989899, 0.7912990196078431, 0.746031746031746, 0.760576923076923]","[0.7236111111111112, 0.8291666666666666, 0.7045454545454546, 0.7651515151515151, 0.6961038961038961, 0.8333333333333333, 0.723989898989899, 0.7467171717171717, 0.7078282828282828, 0.7406565656565656]","[0.7227013727013727, 0.8426475279106859, 0.7083333333333333, 0.7698560259344012, 0.696662633595483, 0.8175071298936998, 0.7316131237183869, 0.7483592796092796, 0.7106951871657754, 0.7349025974025973]","[0.7710144927536231, 0.8632478632478633, 0.7218178241196145, 0.7842426825802784, 0.7110446343779677, 0.8937254901960785, 0.7661728395061728, 0.791917211328976, 0.7407407407407408, 0.7625641025641026]","[0.7391304347826086, 0.8478260869565217, 0.717391304347826, 0.782608695652174, 0.7111111111111111, 0.8444444444444444, 0.7555555555555555, 0.7777777777777778, 0.7333333333333333, 0.7555555555555555]","[0.7301949258470997, 0.8458331599750365, 0.7137681159420289, 0.7796715915497628, 0.7076337075127154, 0.8303603837179155, 0.7446950710108605, 0.7668260751594084, 0.7222341057635175, 0.7461038961038962]","[array([[11,  0,  0,  1],
       [ 4,  4,  0,  1],
       [ 0,  0,  8,  2],
       [ 0,  0,  4, 11]]), array([[11,  0,  0,  1],
       [ 2,  6,  0,  1],
       [ 0,  0,  8,  2],
       [ 0,  0,  1, 14]]), array([[ 9,  2,  0,  0],
       [ 3,  6,  0,  1],
       [ 0,  0,  6,  4],
       [ 1,  0,  2, 12]]), array([[ 8,  2,  1,  0],
       [ 3,  6,  0,  1],
       [ 0,  0,  8,  2],
       [ 1,  0,  0, 14]]), array([[ 8,  3,  0,  0],
       [ 5,  5,  0,  0],
       [ 0,  0,  7,  3],
       [ 0,  0,  2, 12]]), array([[11,  0,  0,  0],
       [ 6,  4,  0,  0],
       [ 0,  0,  9,  0],
       [ 0,  0,  1, 14]]), array([[ 9,  1,  1,  0],
       [ 2,  4,  0,  3],
       [ 0,  0,  7,  3],
       [ 0,  0,  1, 14]]), array([[10,  1,  0,  0],
       [ 5,  4,  0,  0],
       [ 0,  0,  7,  3],
       [ 0,  0,  1, 14]]), array([[10,  1,  0,  0],
       [ 4,  5,  0,  0],
       [ 0,  0,  5,  5],
       [ 0,  0,  2, 13]]), array([[ 9,  1,  0,  1],
       [ 4,  4,  0,  1],
       [ 0,  0,  9,  1],
       [ 0,  0,  3, 12]])]"
26,"[0.7867647058823529, 0.7794117647058824, 0.7892156862745098, 0.7843137254901961, 0.7775061124694377, 0.7750611246943765, 0.78239608801956, 0.7799511002444988, 0.78239608801956, 0.7726161369193154]","[0.7867647058823529, 0.7794117647058824, 0.7892156862745098, 0.7843137254901961, 0.7775061124694377, 0.7750611246943765, 0.78239608801956, 0.7799511002444988, 0.78239608801956, 0.7726161369193154]","[0.7867647058823529, 0.7794117647058824, 0.7892156862745098, 0.7843137254901961, 0.7775061124694377, 0.7750611246943765, 0.78239608801956, 0.7799511002444988, 0.78239608801956, 0.7726161369193154]","[0.7867647058823529, 0.7794117647058824, 0.7892156862745098, 0.7843137254901961, 0.7775061124694377, 0.7750611246943765, 0.78239608801956, 0.7799511002444988, 0.78239608801956, 0.7726161369193154]","[0.7965512871815392, 0.7878778226855405, 0.8056890537457143, 0.7929152328865295, 0.7897545938104449, 0.7888574928542262, 0.7925115247348072, 0.7942994505494505, 0.7942029375852906, 0.7811654939184174]","[0.7665392222627774, 0.7592323741503981, 0.7697764119503875, 0.7640498014907742, 0.7575910239499071, 0.7515988539152423, 0.7646330492121333, 0.7633769534533037, 0.7597728166637381, 0.7525116836293232]","[0.7671307673827664, 0.759333876258151, 0.7685436343475658, 0.7640299122684522, 0.7570589850440768, 0.7552693256390299, 0.7639200490789286, 0.7622803552788185, 0.7631178932862224, 0.7535108054110937]","[0.7958744935882851, 0.7880015546860974, 0.8038661947235977, 0.7924344712996069, 0.7889298685759957, 0.7851566858784734, 0.7931435084447459, 0.7931681399285312, 0.791655493618675, 0.7811384396858622]","[0.7867647058823529, 0.7794117647058824, 0.7892156862745098, 0.7843137254901961, 0.7775061124694377, 0.7750611246943765, 0.78239608801956, 0.7799511002444988, 0.78239608801956, 0.7726161369193154]","[0.7786949627808895, 0.7712545702929058, 0.7800824073582128, 0.77587109190712, 0.7689358292836755, 0.7668551850166229, 0.7750186588451831, 0.7722474027449385, 0.7746370475696723, 0.765210239154923]","[array([[ 89,   8,   2,   1],
       [ 36,  42,   0,   7],
       [  0,   0,  70,  19],
       [  1,   0,  13, 120]]), array([[ 88,   9,   2,   1],
       [ 37,  41,   0,   7],
       [  0,   0,  70,  19],
       [  2,   0,  13, 119]]), array([[ 93,   5,   2,   1],
       [ 37,  40,   0,   7],
       [  0,   0,  72,  17],
       [  1,   0,  16, 117]]), array([[ 91,   8,   1,   1],
       [ 36,  41,   0,   7],
       [  0,   0,  70,  19],
       [  0,   0,  16, 118]]), array([[ 91,   7,   2,   1],
       [ 37,  40,   0,   7],
       [  0,   0,  70,  19],
       [  2,   0,  16, 117]]), array([[ 89,   8,   2,   2],
       [ 35,  42,   0,   7],
       [  0,   0,  65,  25],
       [  1,   0,  12, 121]]), array([[ 91,   8,   1,   1],
       [ 38,  42,   0,   5],
       [  0,   0,  71,  18],
       [  2,   0,  16, 116]]), array([[ 92,   6,   2,   1],
       [ 36,  42,   0,   7],
       [  0,   0,  71,  18],
       [  2,   0,  18, 114]]), array([[ 89,   9,   2,   1],
       [ 35,  43,   0,   7],
       [  0,   0,  66,  23],
       [  2,   0,  10, 122]]), array([[ 88,   9,   3,   1],
       [ 37,  42,   0,   6],
       [  0,   0,  68,  21],
       [  2,   0,  14, 118]])]","[0.7391304347826086, 0.8478260869565217, 0.6956521739130435, 0.7608695652173914, 0.7111111111111111, 0.8222222222222222, 0.7555555555555555, 0.7555555555555555, 0.7555555555555555, 0.7777777777777778]","[0.7391304347826086, 0.8478260869565217, 0.6956521739130435, 0.7608695652173914, 0.7111111111111111, 0.8222222222222222, 0.7555555555555555, 0.7555555555555555, 0.7555555555555555, 0.7777777777777778]","[0.7391304347826086, 0.8478260869565217, 0.6956521739130435, 0.7608695652173914, 0.7111111111111111, 0.8222222222222222, 0.7555555555555555, 0.7555555555555555, 0.7555555555555555, 0.7777777777777778]","[0.7391304347826086, 0.8478260869565217, 0.6956521739130435, 0.7608695652173914, 0.7111111111111111, 0.8222222222222222, 0.7555555555555555, 0.7555555555555555, 0.7555555555555555, 0.7777777777777778]","[0.7836538461538461, 0.8782051282051282, 0.7115079365079365, 0.7605221575809811, 0.7045405982905983, 0.8663101604278075, 0.766154970760234, 0.7683823529411764, 0.7619047619047619, 0.8160714285714286]","[0.7277777777777777, 0.8291666666666666, 0.6712121212121213, 0.7401515151515152, 0.6961038961038961, 0.8166666666666667, 0.723989898989899, 0.718939393939394, 0.7411616161616161, 0.7633838383838383]","[0.7206163401815576, 0.8426475279106859, 0.6715172082819141, 0.7430018059855521, 0.696662633595483, 0.7964285714285715, 0.7286021960271523, 0.713764245014245, 0.7416666666666667, 0.7583916083916085]","[0.7759197324414716, 0.8632478632478633, 0.7102484472049689, 0.764215608205378, 0.7110446343779677, 0.8773618538324421, 0.761786874593892, 0.7717320261437908, 0.7634920634920636, 0.8079365079365081]","[0.7391304347826086, 0.8478260869565217, 0.6956521739130435, 0.7608695652173914, 0.7111111111111111, 0.8222222222222222, 0.7555555555555555, 0.7555555555555555, 0.7555555555555555, 0.7777777777777778]","[0.7281518103824342, 0.8458331599750365, 0.6846171731082218, 0.7556899762193207, 0.7076337075127154, 0.8085714285714286, 0.7438425560918493, 0.7378838239949352, 0.7511111111111111, 0.767117327117327]","[array([[12,  0,  0,  0],
       [ 4,  4,  0,  1],
       [ 0,  0,  8,  2],
       [ 0,  0,  5, 10]]), array([[11,  0,  0,  1],
       [ 2,  6,  0,  1],
       [ 0,  0,  8,  2],
       [ 0,  0,  1, 14]]), array([[ 9,  2,  0,  0],
       [ 5,  4,  0,  1],
       [ 0,  0,  6,  4],
       [ 1,  0,  1, 13]]), array([[ 8,  2,  1,  0],
       [ 4,  5,  0,  1],
       [ 0,  0,  8,  2],
       [ 1,  0,  0, 14]]), array([[ 8,  3,  0,  0],
       [ 5,  5,  0,  0],
       [ 0,  0,  7,  3],
       [ 0,  0,  2, 12]]), array([[11,  0,  0,  0],
       [ 6,  4,  0,  0],
       [ 0,  0,  9,  0],
       [ 0,  0,  2, 13]]), array([[ 9,  1,  1,  0],
       [ 3,  4,  0,  2],
       [ 0,  0,  7,  3],
       [ 0,  0,  1, 14]]), array([[10,  1,  0,  0],
       [ 6,  3,  0,  0],
       [ 0,  0,  7,  3],
       [ 0,  0,  1, 14]]), array([[10,  1,  0,  0],
       [ 4,  5,  0,  0],
       [ 0,  0,  7,  3],
       [ 0,  0,  3, 12]]), array([[10,  0,  0,  1],
       [ 4,  4,  0,  1],
       [ 0,  0,  9,  1],
       [ 0,  0,  3, 12]])]"
27,"[0.7892156862745098, 0.7720588235294118, 0.7965686274509803, 0.7892156862745098, 0.7750611246943765, 0.7726161369193154, 0.7750611246943765, 0.7799511002444988, 0.7775061124694377, 0.7701711491442543]","[0.7892156862745098, 0.7720588235294118, 0.7965686274509803, 0.7892156862745098, 0.7750611246943765, 0.7726161369193154, 0.7750611246943765, 0.7799511002444988, 0.7775061124694377, 0.7701711491442543]","[0.7892156862745098, 0.7720588235294118, 0.7965686274509803, 0.7892156862745098, 0.7750611246943765, 0.7726161369193154, 0.7750611246943765, 0.7799511002444988, 0.7775061124694377, 0.7701711491442543]","[0.7892156862745098, 0.7720588235294118, 0.7965686274509803, 0.7892156862745098, 0.7750611246943765, 0.7726161369193154, 0.7750611246943765, 0.7799511002444988, 0.7775061124694377, 0.7701711491442543]","[0.7996357732548829, 0.779364967725684, 0.8090422095772171, 0.7954218506618989, 0.7821854867573371, 0.786108870967742, 0.7837377504962477, 0.7885793447813909, 0.7853621666477455, 0.7789553330766268]","[0.7685370816111117, 0.7523220891576486, 0.7779282057838519, 0.7710040683460311, 0.7556167193765926, 0.7497331822734512, 0.7568735653985834, 0.764176623638432, 0.7548223216142331, 0.7509103874006188]","[0.7702283271486478, 0.7539808300371974, 0.7775469781615034, 0.7730718507892421, 0.7555780455725459, 0.7532831230238656, 0.7568985894753157, 0.7632503454612741, 0.7581579367522695, 0.7530470538092862]","[0.7982191431867753, 0.7789332495228867, 0.8084846583638677, 0.7946074055481854, 0.7827444550232511, 0.7821977285274865, 0.7842448769616843, 0.7886943360314254, 0.7841209142330032, 0.7781214434936682]","[0.7892156862745098, 0.7720588235294118, 0.7965686274509803, 0.7892156862745098, 0.7750611246943765, 0.7726161369193154, 0.7750611246943765, 0.7799511002444988, 0.7775061124694377, 0.7701711491442543]","[0.7815065203271071, 0.7650211744982398, 0.7888310977006343, 0.7830953489361417, 0.7674209020665304, 0.7644565889205535, 0.7679666334869906, 0.7729789369099336, 0.7700910637192601, 0.7636979678981137]","[array([[ 89,   8,   2,   1],
       [ 35,  43,   0,   7],
       [  0,   0,  69,  20],
       [  1,   0,  12, 121]]), array([[ 87,  10,   2,   1],
       [ 35,  43,   0,   7],
       [  0,   0,  67,  22],
       [  2,   0,  14, 118]]), array([[ 92,   6,   2,   1],
       [ 36,  42,   0,   6],
       [  0,   0,  73,  16],
       [  1,   0,  15, 118]]), array([[ 89,   9,   1,   2],
       [ 32,  45,   0,   7],
       [  0,   0,  70,  19],
       [  0,   0,  16, 118]]), array([[ 89,   9,   2,   1],
       [ 36,  41,   0,   7],
       [  0,   0,  70,  19],
       [  2,   0,  16, 117]]), array([[ 89,   8,   2,   2],
       [ 34,  42,   0,   8],
       [  0,   0,  65,  25],
       [  1,   0,  13, 120]]), array([[ 89,   9,   1,   2],
       [ 38,  42,   0,   5],
       [  0,   0,  70,  19],
       [  2,   0,  16, 116]]), array([[ 90,   8,   2,   1],
       [ 34,  43,   0,   8],
       [  0,   0,  72,  17],
       [  2,   0,  18, 114]]), array([[ 87,  11,   2,   1],
       [ 35,  43,   0,   7],
       [  0,   0,  66,  23],
       [  2,   0,  10, 122]]), array([[ 88,   9,   3,   1],
       [ 35,  44,   0,   6],
       [  0,   0,  66,  23],
       [  2,   0,  15, 117]])]","[0.7391304347826086, 0.8478260869565217, 0.6521739130434783, 0.7608695652173914, 0.7111111111111111, 0.8222222222222222, 0.7555555555555555, 0.7777777777777778, 0.7333333333333333, 0.8222222222222222]","[0.7391304347826086, 0.8478260869565217, 0.6521739130434783, 0.7608695652173914, 0.7111111111111111, 0.8222222222222222, 0.7555555555555555, 0.7777777777777778, 0.7333333333333333, 0.8222222222222222]","[0.7391304347826086, 0.8478260869565217, 0.6521739130434783, 0.7608695652173914, 0.7111111111111111, 0.8222222222222222, 0.7555555555555555, 0.7777777777777778, 0.7333333333333333, 0.8222222222222222]","[0.7391304347826086, 0.8478260869565217, 0.6521739130434783, 0.7608695652173914, 0.7111111111111111, 0.8222222222222222, 0.7555555555555555, 0.7777777777777778, 0.7333333333333333, 0.8222222222222222]","[0.7836538461538461, 0.8782051282051282, 0.6619047619047619, 0.7605221575809811, 0.7045405982905983, 0.8663101604278075, 0.773989898989899, 0.7912990196078431, 0.7410714285714286, 0.8535714285714286]","[0.7277777777777777, 0.8291666666666666, 0.6295454545454546, 0.7401515151515152, 0.6961038961038961, 0.8166666666666667, 0.723989898989899, 0.7467171717171717, 0.7161616161616162, 0.805050505050505]","[0.7206163401815576, 0.8426475279106859, 0.6269539284245167, 0.7430018059855521, 0.696662633595483, 0.7964285714285715, 0.7316131237183869, 0.7483592796092796, 0.7181097906055462, 0.7977855477855478]","[0.7759197324414716, 0.8632478632478633, 0.6610766045548654, 0.764215608205378, 0.7110446343779677, 0.8773618538324421, 0.7661728395061728, 0.791917211328976, 0.7394179894179894, 0.8486772486772487]","[0.7391304347826086, 0.8478260869565217, 0.6521739130434783, 0.7608695652173914, 0.7111111111111111, 0.8222222222222222, 0.7555555555555555, 0.7777777777777778, 0.7333333333333333, 0.8222222222222222]","[0.7281518103824342, 0.8458331599750365, 0.6392788796880868, 0.7556899762193207, 0.7076337075127154, 0.8085714285714286, 0.7446950710108605, 0.7668260751594084, 0.7273042822109037, 0.8095415695415695]","[array([[12,  0,  0,  0],
       [ 4,  4,  0,  1],
       [ 0,  0,  8,  2],
       [ 0,  0,  5, 10]]), array([[11,  0,  0,  1],
       [ 2,  6,  0,  1],
       [ 0,  0,  8,  2],
       [ 0,  0,  1, 14]]), array([[ 9,  2,  0,  0],
       [ 5,  4,  0,  1],
       [ 0,  0,  5,  5],
       [ 1,  0,  2, 12]]), array([[ 8,  2,  1,  0],
       [ 4,  5,  0,  1],
       [ 0,  0,  8,  2],
       [ 1,  0,  0, 14]]), array([[ 8,  3,  0,  0],
       [ 5,  5,  0,  0],
       [ 0,  0,  7,  3],
       [ 0,  0,  2, 12]]), array([[11,  0,  0,  0],
       [ 6,  4,  0,  0],
       [ 0,  0,  9,  0],
       [ 0,  0,  2, 13]]), array([[ 9,  1,  1,  0],
       [ 2,  4,  0,  3],
       [ 0,  0,  7,  3],
       [ 0,  0,  1, 14]]), array([[10,  1,  0,  0],
       [ 5,  4,  0,  0],
       [ 0,  0,  7,  3],
       [ 0,  0,  1, 14]]), array([[10,  1,  0,  0],
       [ 4,  5,  0,  0],
       [ 0,  0,  6,  4],
       [ 0,  0,  3, 12]]), array([[10,  0,  0,  1],
       [ 4,  4,  0,  1],
       [ 0,  0, 10,  0],
       [ 0,  0,  2, 13]])]"
28,"[0.7843137254901961, 0.7671568627450981, 0.7941176470588235, 0.7892156862745098, 0.7799511002444988, 0.7701711491442543, 0.784841075794621, 0.784841075794621, 0.784841075794621, 0.7726161369193154]","[0.7843137254901961, 0.7671568627450981, 0.7941176470588235, 0.7892156862745098, 0.7799511002444988, 0.7701711491442543, 0.784841075794621, 0.784841075794621, 0.784841075794621, 0.7726161369193154]","[0.7843137254901961, 0.7671568627450981, 0.7941176470588235, 0.7892156862745098, 0.7799511002444988, 0.7701711491442543, 0.784841075794621, 0.784841075794621, 0.784841075794621, 0.7726161369193154]","[0.7843137254901961, 0.7671568627450981, 0.7941176470588235, 0.7892156862745098, 0.7799511002444988, 0.7701711491442543, 0.784841075794621, 0.784841075794621, 0.784841075794621, 0.7726161369193154]","[0.7949030933005372, 0.7766127001981895, 0.8103006728715314, 0.7999940911578842, 0.7918868921775899, 0.7829903829598148, 0.7953000447828035, 0.7962454413983904, 0.7983547451305429, 0.7791919635237609]","[0.7641714099693205, 0.7470740645746811, 0.774618274068369, 0.7698349807310095, 0.7605672144260975, 0.7463601664004353, 0.7664987208539243, 0.7674420379761783, 0.7624496177212399, 0.7531098002817023]","[0.7659529063162265, 0.7475111228486873, 0.7741386491283313, 0.7703697712780582, 0.7605466496087411, 0.7478570757384948, 0.7660427206022191, 0.7666686202143116, 0.7652011393914229, 0.7552127459367951]","[0.7932868003591709, 0.7760600368756426, 0.8086371763965282, 0.7985282806086559, 0.7909071309558886, 0.7802354029343999, 0.7962021664365481, 0.7954196065758855, 0.7955554013154094, 0.7791561945562373]","[0.7843137254901961, 0.7671568627450981, 0.7941176470588235, 0.7892156862745098, 0.7799511002444988, 0.7701711491442543, 0.784841075794621, 0.784841075794621, 0.784841075794621, 0.7726161369193154]","[0.7768510396969098, 0.7590349854761702, 0.7856334888739642, 0.7813220719157553, 0.7719433838382753, 0.7604845295042598, 0.7775705797988938, 0.7769921050615639, 0.7767304307547618, 0.7662517304616857]","[array([[ 88,   8,   2,   2],
       [ 35,  43,   0,   7],
       [  0,   0,  69,  20],
       [  1,   0,  13, 120]]), array([[ 88,   9,   2,   1],
       [ 37,  41,   0,   7],
       [  0,   0,  67,  22],
       [  2,   0,  15, 117]]), array([[ 93,   5,   2,   1],
       [ 37,  41,   0,   6],
       [  0,   0,  72,  17],
       [  1,   0,  15, 118]]), array([[ 91,   7,   1,   2],
       [ 35,  42,   0,   7],
       [  0,   0,  71,  18],
       [  0,   0,  16, 118]]), array([[ 91,   7,   2,   1],
       [ 36,  41,   0,   7],
       [  0,   0,  70,  19],
       [  2,   0,  16, 117]]), array([[ 89,   8,   2,   2],
       [ 37,  39,   0,   8],
       [  0,   0,  67,  23],
       [  1,   0,  13, 120]]), array([[ 91,   8,   1,   1],
       [ 39,  42,   0,   4],
       [  0,   0,  71,  18],
       [  2,   0,  15, 117]]), array([[ 91,   7,   2,   1],
       [ 35,  42,   0,   8],
       [  0,   0,  72,  17],
       [  2,   0,  16, 116]]), array([[ 89,   8,   2,   2],
       [ 36,  42,   0,   7],
       [  0,   0,  68,  21],
       [  2,   0,  10, 122]]), array([[ 87,  10,   3,   1],
       [ 35,  44,   0,   6],
       [  0,   0,  67,  22],
       [  2,   0,  14, 118]])]","[0.717391304347826, 0.8478260869565217, 0.6521739130434783, 0.7608695652173914, 0.7333333333333333, 0.8222222222222222, 0.7555555555555555, 0.7777777777777778, 0.7777777777777778, 0.8222222222222222]","[0.717391304347826, 0.8478260869565217, 0.6521739130434783, 0.7608695652173914, 0.7333333333333333, 0.8222222222222222, 0.7555555555555555, 0.7777777777777778, 0.7777777777777778, 0.8222222222222222]","[0.717391304347826, 0.8478260869565217, 0.6521739130434783, 0.7608695652173914, 0.7333333333333333, 0.8222222222222222, 0.7555555555555555, 0.7777777777777778, 0.7777777777777778, 0.8222222222222222]","[0.717391304347826, 0.8478260869565217, 0.6521739130434783, 0.7608695652173914, 0.7333333333333333, 0.8222222222222222, 0.7555555555555555, 0.7777777777777778, 0.7777777777777778, 0.8222222222222222]","[0.7726244343891403, 0.8782051282051282, 0.6619047619047619, 0.7605221575809811, 0.7337301587301588, 0.8663101604278075, 0.766154970760234, 0.7912990196078431, 0.7844742063492064, 0.8535714285714286]","[0.7, 0.8291666666666666, 0.6295454545454546, 0.7401515151515152, 0.7188311688311689, 0.8166666666666667, 0.723989898989899, 0.7467171717171717, 0.7578282828282829, 0.805050505050505]","[0.6843810237738274, 0.8426475279106859, 0.6269539284245167, 0.7430018059855521, 0.7181659015693391, 0.7964285714285715, 0.7286021960271523, 0.7483592796092796, 0.7605546123372949, 0.7977855477855478]","[0.764410781034822, 0.8632478632478633, 0.6610766045548654, 0.764215608205378, 0.7376014109347444, 0.8773618538324421, 0.761786874593892, 0.791917211328976, 0.784942680776014, 0.8486772486772487]","[0.717391304347826, 0.8478260869565217, 0.6521739130434783, 0.7608695652173914, 0.7333333333333333, 0.8222222222222222, 0.7555555555555555, 0.7777777777777778, 0.7777777777777778, 0.8222222222222222]","[0.6978661290472776, 0.8458331599750365, 0.6392788796880868, 0.7556899762193207, 0.7279329086746615, 0.8085714285714286, 0.7438425560918493, 0.7668260751594084, 0.7722014714204868, 0.8095415695415695]","[array([[12,  0,  0,  0],
       [ 5,  3,  0,  1],
       [ 0,  0,  8,  2],
       [ 0,  0,  5, 10]]), array([[11,  0,  0,  1],
       [ 2,  6,  0,  1],
       [ 0,  0,  8,  2],
       [ 0,  0,  1, 14]]), array([[ 9,  2,  0,  0],
       [ 5,  4,  0,  1],
       [ 0,  0,  5,  5],
       [ 1,  0,  2, 12]]), array([[ 8,  2,  1,  0],
       [ 4,  5,  0,  1],
       [ 0,  0,  8,  2],
       [ 1,  0,  0, 14]]), array([[ 9,  2,  0,  0],
       [ 5,  5,  0,  0],
       [ 0,  0,  7,  3],
       [ 0,  0,  2, 12]]), array([[11,  0,  0,  0],
       [ 6,  4,  0,  0],
       [ 0,  0,  9,  0],
       [ 0,  0,  2, 13]]), array([[ 9,  1,  1,  0],
       [ 3,  4,  0,  2],
       [ 0,  0,  7,  3],
       [ 0,  0,  1, 14]]), array([[10,  1,  0,  0],
       [ 5,  4,  0,  0],
       [ 0,  0,  7,  3],
       [ 0,  0,  1, 14]]), array([[10,  1,  0,  0],
       [ 4,  5,  0,  0],
       [ 0,  0,  7,  3],
       [ 0,  0,  2, 13]]), array([[10,  0,  0,  1],
       [ 4,  4,  0,  1],
       [ 0,  0, 10,  0],
       [ 0,  0,  2, 13]])]"
29,"[0.7794117647058824, 0.7671568627450981, 0.7843137254901961, 0.7843137254901961, 0.7701711491442543, 0.7726161369193154, 0.7750611246943765, 0.7775061124694377, 0.784841075794621, 0.7775061124694377]","[0.7794117647058824, 0.7671568627450981, 0.7843137254901961, 0.7843137254901961, 0.7701711491442543, 0.7726161369193154, 0.7750611246943765, 0.7775061124694377, 0.784841075794621, 0.7775061124694377]","[0.7794117647058824, 0.7671568627450981, 0.7843137254901961, 0.7843137254901961, 0.7701711491442543, 0.7726161369193154, 0.7750611246943765, 0.7775061124694377, 0.784841075794621, 0.7775061124694377]","[0.7794117647058824, 0.7671568627450981, 0.7843137254901961, 0.7843137254901961, 0.7701711491442543, 0.7726161369193154, 0.7750611246943765, 0.7775061124694377, 0.784841075794621, 0.7775061124694377]","[0.7842571581213534, 0.7761744880600642, 0.7952596984593122, 0.7934975940863968, 0.7782413120286875, 0.7820467017539783, 0.7848918121437227, 0.7831046139666016, 0.7934074382547971, 0.7882107971393686]","[0.7607490554497836, 0.7481495694034782, 0.764993118613028, 0.7647179461543576, 0.7499987418485027, 0.7503382427795018, 0.7568735653985834, 0.7592051659862102, 0.7629155466670756, 0.7580602953312072]","[0.761197536437082, 0.748773622967649, 0.7646225246221713, 0.7663665292135043, 0.7507528397139671, 0.7533236720761338, 0.7571312004425594, 0.7597826579758964, 0.7658228022442068, 0.760225215205086]","[0.7851751047362362, 0.7756371677509754, 0.7945859096479501, 0.7919156461254758, 0.7776096392576098, 0.7798281231723583, 0.7855777893094776, 0.7837419548979029, 0.7917905014296562, 0.7868387967060688]","[0.7794117647058824, 0.7671568627450981, 0.7843137254901961, 0.7843137254901961, 0.7701711491442543, 0.7726161369193154, 0.7750611246943765, 0.7775061124694377, 0.784841075794621, 0.7775061124694377]","[0.7724045223497564, 0.7596688909517626, 0.776105677687685, 0.7770463076491965, 0.7623183712507295, 0.7648913773653752, 0.7683096626836615, 0.7706912058711984, 0.777306696904705, 0.770841367929885]","[array([[ 87,   9,   3,   1],
       [ 35,  43,   0,   7],
       [  0,   0,  70,  19],
       [  1,   1,  14, 118]]), array([[ 88,   9,   2,   1],
       [ 36,  42,   0,   7],
       [  0,   0,  67,  22],
       [  2,   0,  16, 116]]), array([[ 91,   7,   2,   1],
       [ 36,  41,   0,   7],
       [  0,   0,  71,  18],
       [  1,   0,  16, 117]]), array([[ 90,   8,   1,   2],
       [ 34,  43,   0,   7],
       [  0,   0,  69,  20],
       [  0,   0,  16, 118]]), array([[ 89,   9,   2,   1],
       [ 35,  41,   0,   8],
       [  0,   0,  68,  21],
       [  2,   0,  16, 117]]), array([[ 87,   9,   3,   2],
       [ 34,  42,   0,   8],
       [  0,   0,  67,  23],
       [  1,   0,  13, 120]]), array([[ 89,   9,   1,   2],
       [ 39,  42,   0,   4],
       [  0,   0,  70,  19],
       [  3,   0,  15, 116]]), array([[ 88,  10,   2,   1],
       [ 35,  43,   0,   7],
       [  0,   0,  70,  19],
       [  2,   0,  15, 117]]), array([[ 88,  10,   2,   1],
       [ 34,  43,   0,   8],
       [  0,   0,  68,  21],
       [  2,   0,  10, 122]]), array([[ 89,   8,   3,   1],
       [ 35,  44,   0,   6],
       [  0,   0,  67,  22],
       [  2,   0,  14, 118]])]","[0.7608695652173914, 0.8043478260869565, 0.6521739130434783, 0.7391304347826086, 0.7111111111111111, 0.8222222222222222, 0.7333333333333333, 0.8, 0.7777777777777778, 0.8]","[0.7608695652173914, 0.8043478260869565, 0.6521739130434783, 0.7391304347826086, 0.7111111111111111, 0.8222222222222222, 0.7333333333333333, 0.8, 0.7777777777777778, 0.8]","[0.7608695652173914, 0.8043478260869565, 0.6521739130434783, 0.7391304347826086, 0.7111111111111111, 0.8222222222222222, 0.7333333333333333, 0.8, 0.7777777777777778, 0.8]","[0.7608695652173914, 0.8043478260869565, 0.6521739130434783, 0.7391304347826086, 0.7111111111111111, 0.8222222222222222, 0.7333333333333333, 0.8, 0.7777777777777778, 0.8]","[0.800595238095238, 0.8367521367521367, 0.6619047619047619, 0.7376283846872083, 0.7107142857142856, 0.8663101604278075, 0.75, 0.8076388888888889, 0.7844742063492064, 0.7980769230769231]","[0.7444444444444445, 0.7805555555555557, 0.6295454545454546, 0.7151515151515152, 0.700974025974026, 0.8166666666666667, 0.698989898989899, 0.7717171717171718, 0.7578282828282829, 0.7823232323232323]","[0.7396052223638432, 0.7906926406926407, 0.6269539284245167, 0.7142763157894737, 0.6984873949579831, 0.7964285714285715, 0.705175983436853, 0.7714976025672121, 0.7605546123372949, 0.7742965367965368]","[0.7924430641821946, 0.8238573021181717, 0.6610766045548654, 0.7433524134291397, 0.7158730158730159, 0.8773618538324421, 0.7433333333333334, 0.8121604938271605, 0.784942680776014, 0.8033048433048434]","[0.7608695652173914, 0.8043478260869565, 0.6521739130434783, 0.7391304347826086, 0.7111111111111111, 0.8222222222222222, 0.7333333333333333, 0.8, 0.7777777777777778, 0.8]","[0.7494829009071888, 0.7990400903444382, 0.6392788796880868, 0.7301315789473684, 0.7067189542483661, 0.8085714285714286, 0.7204048769266161, 0.7905296740610832, 0.7722014714204868, 0.7885281385281385]","[array([[12,  0,  0,  0],
       [ 4,  4,  0,  1],
       [ 0,  0,  8,  2],
       [ 0,  0,  4, 11]]), array([[10,  0,  1,  1],
       [ 3,  5,  0,  1],
       [ 0,  0,  8,  2],
       [ 0,  0,  1, 14]]), array([[ 9,  2,  0,  0],
       [ 5,  4,  0,  1],
       [ 0,  0,  5,  5],
       [ 1,  0,  2, 12]]), array([[ 8,  2,  1,  0],
       [ 5,  4,  0,  1],
       [ 0,  0,  8,  2],
       [ 1,  0,  0, 14]]), array([[ 9,  2,  0,  0],
       [ 5,  5,  0,  0],
       [ 0,  0,  7,  3],
       [ 0,  0,  3, 11]]), array([[11,  0,  0,  0],
       [ 6,  4,  0,  0],
       [ 0,  0,  9,  0],
       [ 0,  0,  2, 13]]), array([[ 9,  1,  1,  0],
       [ 3,  4,  0,  2],
       [ 0,  0,  6,  4],
       [ 0,  0,  1, 14]]), array([[10,  1,  0,  0],
       [ 5,  4,  0,  0],
       [ 0,  0,  8,  2],
       [ 0,  0,  1, 14]]), array([[10,  1,  0,  0],
       [ 4,  5,  0,  0],
       [ 0,  0,  7,  3],
       [ 0,  0,  2, 13]]), array([[ 9,  1,  0,  1],
       [ 4,  4,  0,  1],
       [ 0,  0, 10,  0],
       [ 0,  0,  2, 13]])]"
30,"[0.7720588235294118, 0.7696078431372549, 0.7794117647058824, 0.7745098039215687, 0.7775061124694377, 0.7726161369193154, 0.7799511002444988, 0.7799511002444988, 0.7799511002444988, 0.7775061124694377]","[0.7720588235294118, 0.7696078431372549, 0.7794117647058824, 0.7745098039215687, 0.7775061124694377, 0.7726161369193154, 0.7799511002444988, 0.7799511002444988, 0.7799511002444988, 0.7775061124694377]","[0.7720588235294118, 0.7696078431372549, 0.7794117647058824, 0.7745098039215687, 0.7775061124694377, 0.7726161369193154, 0.7799511002444988, 0.7799511002444988, 0.7799511002444988, 0.7775061124694377]","[0.7720588235294118, 0.7696078431372549, 0.7794117647058824, 0.7745098039215687, 0.7775061124694377, 0.7726161369193154, 0.7799511002444988, 0.7799511002444988, 0.7799511002444988, 0.7775061124694377]","[0.7792988608327899, 0.780686217074039, 0.7881760557246449, 0.7885234781085371, 0.7871821120689655, 0.7836228958577662, 0.7930766863174107, 0.7900159849728815, 0.7933084039483651, 0.7859573529851416]","[0.7552842282309536, 0.7505173816969349, 0.759541680612085, 0.7539243652689938, 0.7582591686134905, 0.7507494059640505, 0.7608807433258344, 0.7615482258044194, 0.757309028369568, 0.7563752146194485]","[0.7560209928942203, 0.7503315321685693, 0.7585620494145164, 0.7560303863858843, 0.7589231147563544, 0.7527485380116958, 0.7611713004485495, 0.7618331889525556, 0.7591428023653011, 0.7585249096191666]","[0.7791455932219952, 0.7799651764775678, 0.788905801429645, 0.7852025480087598, 0.7869176818986595, 0.7813344319001847, 0.7923246664577115, 0.7889296478095904, 0.7909597767784113, 0.7848637026583769]","[0.7720588235294118, 0.7696078431372549, 0.7794117647058824, 0.7745098039215687, 0.7775061124694377, 0.7726161369193154, 0.7799511002444988, 0.7799511002444988, 0.7799511002444988, 0.7775061124694377]","[0.7657955546118163, 0.7614640646934709, 0.7709834922111136, 0.7666087028194234, 0.7703062593320876, 0.7643973830256162, 0.7723661462341753, 0.7723113777311682, 0.7711709220333322, 0.7700214048901344]","[array([[ 87,   8,   3,   2],
       [ 34,  44,   0,   7],
       [  0,   0,  69,  20],
       [  1,   1,  17, 115]]), array([[ 89,   8,   2,   1],
       [ 37,  41,   0,   7],
       [  0,   0,  68,  21],
       [  2,   0,  16, 116]]), array([[ 90,   8,   2,   1],
       [ 38,  40,   0,   6],
       [  0,   0,  71,  18],
       [  1,   0,  16, 117]]), array([[ 91,   7,   1,   2],
       [ 35,  42,   0,   7],
       [  0,   0,  66,  23],
       [  1,   0,  16, 117]]), array([[ 90,   8,   2,   1],
       [ 36,  42,   0,   6],
       [  0,   0,  69,  20],
       [  2,   0,  16, 117]]), array([[ 88,   8,   3,   2],
       [ 35,  41,   0,   8],
       [  0,   0,  68,  22],
       [  1,   0,  14, 119]]), array([[ 91,   7,   2,   1],
       [ 38,  42,   0,   5],
       [  0,   0,  69,  20],
       [  2,   0,  15, 117]]), array([[ 89,   8,   2,   2],
       [ 35,  42,   0,   8],
       [  0,   0,  71,  18],
       [  2,   0,  15, 117]]), array([[ 90,   8,   2,   1],
       [ 37,  41,   0,   7],
       [  0,   0,  67,  22],
       [  2,   0,  11, 121]]), array([[ 88,   9,   3,   1],
       [ 35,  43,   0,   7],
       [  0,   0,  67,  22],
       [  1,   0,  13, 120]])]","[0.7608695652173914, 0.8043478260869565, 0.6521739130434783, 0.7608695652173914, 0.7333333333333333, 0.8222222222222222, 0.7333333333333333, 0.7777777777777778, 0.7555555555555555, 0.8]","[0.7608695652173914, 0.8043478260869565, 0.6521739130434783, 0.7608695652173914, 0.7333333333333333, 0.8222222222222222, 0.7333333333333333, 0.7777777777777778, 0.7555555555555555, 0.8]","[0.7608695652173914, 0.8043478260869565, 0.6521739130434783, 0.7608695652173914, 0.7333333333333333, 0.8222222222222222, 0.7333333333333333, 0.7777777777777778, 0.7555555555555555, 0.8]","[0.7608695652173914, 0.8043478260869565, 0.6521739130434783, 0.7608695652173914, 0.7333333333333333, 0.8222222222222222, 0.7333333333333333, 0.7777777777777778, 0.7555555555555555, 0.8]","[0.800595238095238, 0.8367521367521367, 0.6619047619047619, 0.7781045751633986, 0.7337301587301588, 0.8663101604278075, 0.75, 0.7847222222222222, 0.7619047619047619, 0.8351648351648352]","[0.7444444444444445, 0.7805555555555557, 0.6295454545454546, 0.737878787878788, 0.7188311688311689, 0.8166666666666667, 0.698989898989899, 0.7439393939393939, 0.7411616161616161, 0.7883838383838384]","[0.7396052223638432, 0.7906926406926407, 0.6269539284245167, 0.7356865721997301, 0.7181659015693391, 0.7964285714285715, 0.705175983436853, 0.7369025679721775, 0.7416666666666667, 0.7781340099181179]","[0.7924430641821946, 0.8238573021181717, 0.6610766045548654, 0.7791702188121625, 0.7376014109347444, 0.8773618538324421, 0.7433333333333334, 0.7919753086419752, 0.7634920634920636, 0.8312576312576313]","[0.7608695652173914, 0.8043478260869565, 0.6521739130434783, 0.7608695652173914, 0.7333333333333333, 0.8222222222222222, 0.7333333333333333, 0.7777777777777778, 0.7555555555555555, 0.8]","[0.7494829009071888, 0.7990400903444382, 0.6392788796880868, 0.7498863169629759, 0.7279329086746615, 0.8085714285714286, 0.7204048769266161, 0.7615874228966099, 0.7511111111111111, 0.7877312625738414]","[array([[12,  0,  0,  0],
       [ 4,  4,  0,  1],
       [ 0,  0,  8,  2],
       [ 0,  0,  4, 11]]), array([[10,  0,  1,  1],
       [ 3,  5,  0,  1],
       [ 0,  0,  8,  2],
       [ 0,  0,  1, 14]]), array([[ 9,  2,  0,  0],
       [ 5,  4,  0,  1],
       [ 0,  0,  5,  5],
       [ 1,  0,  2, 12]]), array([[ 9,  1,  1,  0],
       [ 5,  4,  0,  1],
       [ 0,  0,  8,  2],
       [ 1,  0,  0, 14]]), array([[ 9,  2,  0,  0],
       [ 5,  5,  0,  0],
       [ 0,  0,  7,  3],
       [ 0,  0,  2, 12]]), array([[11,  0,  0,  0],
       [ 6,  4,  0,  0],
       [ 0,  0,  9,  0],
       [ 0,  0,  2, 13]]), array([[ 9,  1,  1,  0],
       [ 3,  4,  0,  2],
       [ 0,  0,  6,  4],
       [ 0,  0,  1, 14]]), array([[10,  1,  0,  0],
       [ 6,  3,  0,  0],
       [ 0,  0,  8,  2],
       [ 0,  0,  1, 14]]), array([[10,  1,  0,  0],
       [ 4,  5,  0,  0],
       [ 0,  0,  7,  3],
       [ 0,  0,  3, 12]]), array([[10,  0,  0,  1],
       [ 4,  4,  0,  1],
       [ 0,  0, 10,  0],
       [ 0,  0,  3, 12]])]"
31,"[0.7671568627450981, 0.7647058823529411, 0.7794117647058824, 0.7720588235294118, 0.7652811735941321, 0.7726161369193154, 0.78239608801956, 0.7775061124694377, 0.7701711491442543, 0.7775061124694377]","[0.7671568627450981, 0.7647058823529411, 0.7794117647058824, 0.7720588235294118, 0.7652811735941321, 0.7726161369193154, 0.78239608801956, 0.7775061124694377, 0.7701711491442543, 0.7775061124694377]","[0.7671568627450981, 0.7647058823529411, 0.7794117647058824, 0.7720588235294118, 0.7652811735941321, 0.7726161369193154, 0.78239608801956, 0.7775061124694377, 0.7701711491442543, 0.7775061124694377]","[0.7671568627450981, 0.7647058823529411, 0.7794117647058824, 0.7720588235294118, 0.7652811735941321, 0.7726161369193154, 0.78239608801956, 0.7775061124694377, 0.7701711491442543, 0.7775061124694377]","[0.7726607045886505, 0.7762750732691357, 0.7886535580292628, 0.7820245328506015, 0.7712735565356856, 0.7844886885963092, 0.7956407672786984, 0.7827762515262515, 0.7829207516339869, 0.7858076563958916]","[0.7472508656321828, 0.7446350287557585, 0.7584311617776857, 0.7531685502766036, 0.7445473038475597, 0.7498372998280638, 0.7647652369186766, 0.7590729782796669, 0.7467405557919733, 0.7571863440351592]","[0.746232486044271, 0.7433765525420504, 0.7571535667668818, 0.753253546009885, 0.7446077550488357, 0.7523917458480074, 0.7650806976967655, 0.758873578143274, 0.7494037620144549, 0.7582639981357836]","[0.774424372314769, 0.77589594700591, 0.7898293418984025, 0.7810257285129912, 0.7724709718973458, 0.7816913820681609, 0.7955172486788709, 0.7839528374369449, 0.7806308627770586, 0.7854839409276343]","[0.7671568627450981, 0.7647058823529411, 0.7794117647058824, 0.7720588235294118, 0.7652811735941321, 0.7726161369193154, 0.78239608801956, 0.7775061124694377, 0.7701711491442543, 0.7775061124694377]","[0.7588181631489969, 0.7554186633781964, 0.7704857260527455, 0.764165332476633, 0.7573614932443955, 0.7642069680110865, 0.7757852336695897, 0.7702318930694433, 0.7616749827437097, 0.7699003395166573]","[array([[ 87,   9,   3,   1],
       [ 39,  40,   0,   6],
       [  0,   0,  69,  20],
       [  1,   1,  15, 117]]), array([[ 89,   8,   2,   1],
       [ 39,  39,   0,   7],
       [  0,   0,  68,  21],
       [  2,   0,  16, 116]]), array([[ 90,   8,   2,   1],
       [ 40,  39,   0,   5],
       [  0,   0,  71,  18],
       [  1,   0,  15, 118]]), array([[ 90,   8,   1,   2],
       [ 36,  41,   0,   7],
       [  0,   0,  69,  20],
       [  1,   0,  18, 115]]), array([[ 88,  10,   2,   1],
       [ 38,  40,   0,   6],
       [  0,   0,  68,  21],
       [  2,   0,  16, 117]]), array([[ 88,   8,   3,   2],
       [ 35,  41,   0,   8],
       [  0,   0,  67,  23],
       [  1,   0,  13, 120]]), array([[ 91,   7,   2,   1],
       [ 38,  43,   0,   4],
       [  0,   0,  70,  19],
       [  3,   0,  15, 116]]), array([[ 88,  10,   2,   1],
       [ 36,  42,   0,   7],
       [  0,   0,  71,  18],
       [  2,   0,  15, 117]]), array([[ 88,   9,   2,   2],
       [ 38,  41,   0,   6],
       [  0,   0,  65,  24],
       [  2,   0,  11, 121]]), array([[ 88,   9,   3,   1],
       [ 36,  42,   0,   7],
       [  0,   0,  69,  20],
       [  2,   0,  13, 119]])]","[0.7608695652173914, 0.8260869565217391, 0.6739130434782609, 0.7608695652173914, 0.7333333333333333, 0.8222222222222222, 0.7111111111111111, 0.7777777777777778, 0.7555555555555555, 0.7777777777777778]","[0.7608695652173914, 0.8260869565217391, 0.6739130434782609, 0.7608695652173914, 0.7333333333333333, 0.8222222222222222, 0.7111111111111111, 0.7777777777777778, 0.7555555555555555, 0.7777777777777778]","[0.7608695652173914, 0.8260869565217391, 0.6739130434782609, 0.7608695652173914, 0.7333333333333333, 0.8222222222222222, 0.7111111111111111, 0.7777777777777778, 0.7555555555555555, 0.7777777777777778]","[0.7608695652173914, 0.8260869565217391, 0.6739130434782609, 0.7608695652173914, 0.7333333333333333, 0.8222222222222222, 0.7111111111111111, 0.7777777777777778, 0.7555555555555555, 0.7777777777777778]","[0.800595238095238, 0.861898335582546, 0.6845238095238095, 0.7781045751633986, 0.7464285714285714, 0.8585633116883118, 0.725219298245614, 0.7847222222222222, 0.7619047619047619, 0.7796703296703297]","[0.7444444444444445, 0.7972222222222223, 0.6545454545454545, 0.737878787878788, 0.7237012987012987, 0.8166666666666667, 0.6823232323232323, 0.7439393939393939, 0.7411616161616161, 0.7656565656565657]","[0.7396052223638432, 0.8096859796550199, 0.6559358288770054, 0.7356865721997301, 0.7199862637362637, 0.7956987775953293, 0.6875805242005268, 0.7369025679721775, 0.7416666666666667, 0.7546449989291069]","[0.7924430641821946, 0.8469948561481743, 0.6816770186335404, 0.7791702188121625, 0.7481481481481482, 0.863437950937951, 0.7195516569200779, 0.7919753086419752, 0.7634920634920636, 0.7858852258852258]","[0.7608695652173914, 0.8260869565217391, 0.6739130434782609, 0.7608695652173914, 0.7333333333333333, 0.8222222222222222, 0.7111111111111111, 0.7777777777777778, 0.7555555555555555, 0.7777777777777778]","[0.7494829009071888, 0.8192373516912486, 0.6650825389444316, 0.7498863169629759, 0.7269230769230769, 0.8050116564292809, 0.7008429000890973, 0.7615874228966099, 0.7511111111111111, 0.7667178315604103]","[array([[12,  0,  0,  0],
       [ 4,  4,  0,  1],
       [ 0,  0,  8,  2],
       [ 0,  0,  4, 11]]), array([[10,  0,  1,  1],
       [ 3,  5,  0,  1],
       [ 0,  0,  8,  2],
       [ 0,  0,  0, 15]]), array([[ 9,  2,  0,  0],
       [ 4,  5,  0,  1],
       [ 0,  0,  5,  5],
       [ 1,  0,  2, 12]]), array([[ 9,  1,  1,  0],
       [ 5,  4,  0,  1],
       [ 0,  0,  8,  2],
       [ 1,  0,  0, 14]]), array([[10,  1,  0,  0],
       [ 5,  5,  0,  0],
       [ 0,  0,  7,  3],
       [ 0,  0,  3, 11]]), array([[11,  0,  0,  0],
       [ 5,  4,  0,  1],
       [ 0,  0,  9,  0],
       [ 0,  0,  2, 13]]), array([[ 9,  1,  1,  0],
       [ 3,  4,  0,  2],
       [ 0,  0,  6,  4],
       [ 0,  0,  2, 13]]), array([[10,  1,  0,  0],
       [ 6,  3,  0,  0],
       [ 0,  0,  8,  2],
       [ 0,  0,  1, 14]]), array([[10,  1,  0,  0],
       [ 4,  5,  0,  0],
       [ 0,  0,  7,  3],
       [ 0,  0,  3, 12]]), array([[ 9,  1,  0,  1],
       [ 4,  4,  0,  1],
       [ 0,  0, 10,  0],
       [ 0,  0,  3, 12]])]"
32,"[0.7745098039215687, 0.7598039215686274, 0.7720588235294118, 0.7720588235294118, 0.7603911980440098, 0.7701711491442543, 0.7652811735941321, 0.7799511002444988, 0.7775061124694377, 0.7775061124694377]","[0.7745098039215687, 0.7598039215686274, 0.7720588235294118, 0.7720588235294118, 0.7603911980440098, 0.7701711491442543, 0.7652811735941321, 0.7799511002444988, 0.7775061124694377, 0.7775061124694377]","[0.7745098039215687, 0.7598039215686274, 0.7720588235294118, 0.7720588235294118, 0.7603911980440098, 0.7701711491442543, 0.7652811735941321, 0.7799511002444988, 0.7775061124694377, 0.7775061124694377]","[0.7745098039215687, 0.7598039215686274, 0.7720588235294118, 0.7720588235294118, 0.7603911980440098, 0.7701711491442543, 0.7652811735941321, 0.7799511002444988, 0.7775061124694377, 0.7775061124694377]","[0.7866082280174406, 0.7723081376576817, 0.7810380981075702, 0.7854443178252565, 0.7685096153846154, 0.7831661421452925, 0.7772917511222077, 0.7897915213952059, 0.7934482184482184, 0.7891733574570161]","[0.7555619950478933, 0.7390170512276687, 0.7511140521349516, 0.7490608783632968, 0.7403426571924181, 0.7462515334689119, 0.7472598691738249, 0.7606049086821656, 0.7528149588937645, 0.7557770979670695]","[0.7528932698927155, 0.738362672633721, 0.7490154860550738, 0.7495411422334748, 0.7392928932222922, 0.7489584872625832, 0.7459673022949191, 0.7611687199242265, 0.7553534798798749, 0.7569967716119388]","[0.7873033169865794, 0.7712341210352116, 0.7828731015473686, 0.7835557280629919, 0.7695239967856105, 0.7799656239720375, 0.7782862593503337, 0.7888797924366318, 0.7904429718610648, 0.7877362768152629]","[0.7745098039215687, 0.7598039215686274, 0.7720588235294118, 0.7720588235294118, 0.7603911980440098, 0.7701711491442543, 0.7652811735941321, 0.7799511002444988, 0.7775061124694377, 0.7775061124694377]","[0.7651553667342124, 0.7503910379491697, 0.7628045141057905, 0.7624325341939729, 0.7519267279613162, 0.7612216359468764, 0.7576258368949141, 0.7721893360945308, 0.7681762274972975, 0.7690296933654333]","[array([[ 90,   6,   3,   1],
       [ 40,  39,   0,   6],
       [  0,   0,  71,  18],
       [  1,   1,  16, 116]]), array([[ 89,   8,   2,   1],
       [ 39,  39,   0,   7],
       [  0,   0,  66,  23],
       [  2,   0,  16, 116]]), array([[ 89,   8,   3,   1],
       [ 41,  38,   0,   5],
       [  0,   0,  71,  18],
       [  1,   0,  16, 117]]), array([[ 90,   7,   2,   2],
       [ 39,  39,   0,   6],
       [  0,   0,  67,  22],
       [  0,   0,  15, 119]]), array([[ 89,   9,   2,   1],
       [ 39,  39,   0,   6],
       [  0,   0,  68,  21],
       [  2,   0,  18, 115]]), array([[ 87,   8,   3,   3],
       [ 36,  40,   0,   8],
       [  0,   0,  67,  23],
       [  1,   0,  12, 121]]), array([[ 89,   8,   2,   2],
       [ 41,  40,   0,   4],
       [  0,   0,  70,  19],
       [  3,   0,  17, 114]]), array([[ 89,   8,   3,   1],
       [ 35,  42,   0,   8],
       [  0,   0,  70,  19],
       [  2,   0,  14, 118]]), array([[ 89,   8,   2,   2],
       [ 39,  40,   0,   6],
       [  0,   0,  66,  23],
       [  2,   0,   9, 123]]), array([[ 89,   8,   3,   1],
       [ 37,  41,   0,   7],
       [  0,   0,  68,  21],
       [  2,   0,  12, 120]])]","[0.7391304347826086, 0.782608695652174, 0.6956521739130435, 0.7608695652173914, 0.7333333333333333, 0.8222222222222222, 0.7333333333333333, 0.7777777777777778, 0.7555555555555555, 0.7777777777777778]","[0.7391304347826086, 0.782608695652174, 0.6956521739130435, 0.7608695652173914, 0.7333333333333333, 0.8222222222222222, 0.7333333333333333, 0.7777777777777778, 0.7555555555555555, 0.7777777777777778]","[0.7391304347826086, 0.782608695652174, 0.6956521739130435, 0.7608695652173914, 0.7333333333333333, 0.8222222222222222, 0.7333333333333333, 0.7777777777777778, 0.7555555555555555, 0.7777777777777778]","[0.7391304347826086, 0.782608695652174, 0.6956521739130435, 0.7608695652173914, 0.7333333333333333, 0.8222222222222222, 0.7333333333333333, 0.7777777777777778, 0.7555555555555555, 0.7777777777777778]","[0.7836538461538461, 0.8225490196078431, 0.718671679197995, 0.772172619047619, 0.7464285714285714, 0.8663101604278075, 0.7505980861244019, 0.7912990196078431, 0.7619047619047619, 0.7796703296703297]","[0.7277777777777777, 0.7527777777777778, 0.6712121212121213, 0.7462121212121212, 0.7237012987012987, 0.8166666666666667, 0.7101010101010101, 0.7467171717171717, 0.7411616161616161, 0.7656565656565657]","[0.7206163401815576, 0.757781339031339, 0.674485294117647, 0.7459274193548387, 0.7199862637362637, 0.7964285714285715, 0.7202833286424617, 0.7483592796092796, 0.7416666666666667, 0.7546449989291069]","[0.7759197324414716, 0.8120204603580562, 0.7132777596164325, 0.7737448240165632, 0.7481481481481482, 0.8773618538324421, 0.7428849902534113, 0.791917211328976, 0.7634920634920636, 0.7858852258852258]","[0.7391304347826086, 0.782608695652174, 0.6956521739130435, 0.7608695652173914, 0.7333333333333333, 0.8222222222222222, 0.7333333333333333, 0.7777777777777778, 0.7555555555555555, 0.7777777777777778]","[0.7281518103824342, 0.7728771832032701, 0.6852813299232736, 0.7554488078541375, 0.7269230769230769, 0.8085714285714286, 0.7285861713106295, 0.7668260751594084, 0.7511111111111111, 0.7667178315604103]","[array([[12,  0,  0,  0],
       [ 4,  4,  0,  1],
       [ 0,  0,  8,  2],
       [ 0,  0,  5, 10]]), array([[10,  0,  1,  1],
       [ 5,  4,  0,  0],
       [ 0,  0,  8,  2],
       [ 0,  0,  1, 14]]), array([[ 9,  2,  0,  0],
       [ 4,  5,  0,  1],
       [ 0,  0,  5,  5],
       [ 1,  0,  1, 13]]), array([[ 9,  1,  1,  0],
       [ 4,  5,  0,  1],
       [ 0,  0,  8,  2],
       [ 1,  0,  1, 13]]), array([[10,  1,  0,  0],
       [ 5,  5,  0,  0],
       [ 0,  0,  7,  3],
       [ 0,  0,  3, 11]]), array([[11,  0,  0,  0],
       [ 6,  4,  0,  0],
       [ 0,  0,  9,  0],
       [ 0,  0,  2, 13]]), array([[ 9,  1,  1,  0],
       [ 2,  5,  0,  2],
       [ 0,  0,  6,  4],
       [ 0,  0,  2, 13]]), array([[10,  1,  0,  0],
       [ 5,  4,  0,  0],
       [ 0,  0,  7,  3],
       [ 0,  0,  1, 14]]), array([[10,  1,  0,  0],
       [ 4,  5,  0,  0],
       [ 0,  0,  7,  3],
       [ 0,  0,  3, 12]]), array([[ 9,  1,  0,  1],
       [ 4,  4,  0,  1],
       [ 0,  0, 10,  0],
       [ 0,  0,  3, 12]])]"
33,"[0.7696078431372549, 0.7696078431372549, 0.7671568627450981, 0.7696078431372549, 0.7628361858190709, 0.7628361858190709, 0.7677261613691931, 0.7750611246943765, 0.7701711491442543, 0.7775061124694377]","[0.7696078431372549, 0.7696078431372549, 0.7671568627450981, 0.7696078431372549, 0.7628361858190709, 0.7628361858190709, 0.7677261613691931, 0.7750611246943765, 0.7701711491442543, 0.7775061124694377]","[0.7696078431372549, 0.7696078431372549, 0.7671568627450981, 0.7696078431372549, 0.7628361858190709, 0.7628361858190709, 0.7677261613691931, 0.7750611246943765, 0.7701711491442543, 0.7775061124694377]","[0.7696078431372549, 0.7696078431372549, 0.7671568627450981, 0.7696078431372549, 0.7628361858190709, 0.7628361858190709, 0.7677261613691931, 0.7750611246943765, 0.7701711491442543, 0.7775061124694377]","[0.7794552202603067, 0.7836492318335426, 0.7735562310030395, 0.7800565376652333, 0.7716801354366826, 0.7722198099074874, 0.7790036041469826, 0.782168226441514, 0.7846770945220194, 0.7910930259268136]","[0.7502530062838484, 0.75020839293289, 0.7467731329684081, 0.7464184291263989, 0.7412373721320767, 0.7411554614949768, 0.751144362766667, 0.7573394943444192, 0.7476838729142271, 0.7557770979670695]","[0.747979674616216, 0.7503134813392464, 0.7444154127541323, 0.7459406098871064, 0.7410817543809323, 0.7433954756293719, 0.7496815061834559, 0.7577521691332246, 0.7501812945976909, 0.757004408633801]","[0.780534907077328, 0.7818389782555389, 0.776353569250941, 0.7799354134072805, 0.7719658350353881, 0.7705483971577738, 0.7804059699581726, 0.782176834566613, 0.7818445541902258, 0.7892367024487384]","[0.7696078431372549, 0.7696078431372549, 0.7671568627450981, 0.7696078431372549, 0.7628361858190709, 0.7628361858190709, 0.7677261613691931, 0.7750611246943765, 0.7701711491442543, 0.7775061124694377]","[0.7604320054767626, 0.7612192069572528, 0.7582259081018909, 0.7597853246251102, 0.7540913500583954, 0.7550910653453691, 0.7607186118784406, 0.7681893564975977, 0.7618624079916054, 0.7689913426570689]","[array([[ 89,   7,   3,   1],
       [ 40,  39,   0,   6],
       [  0,   0,  70,  19],
       [  1,   1,  16, 116]]), array([[ 90,   7,   2,   1],
       [ 37,  41,   0,   7],
       [  0,   0,  67,  22],
       [  2,   0,  16, 116]]), array([[ 88,   9,   3,   1],
       [ 41,  38,   0,   5],
       [  0,   0,  71,  18],
       [  1,   0,  17, 116]]), array([[ 89,   8,   2,   2],
       [ 41,  38,   0,   5],
       [  0,   0,  68,  21],
       [  0,   0,  15, 119]]), array([[ 89,   9,   2,   1],
       [ 39,  39,   0,   6],
       [  0,   0,  67,  22],
       [  2,   0,  16, 117]]), array([[ 86,   9,   3,   3],
       [ 36,  41,   0,   7],
       [  0,   0,  67,  23],
       [  1,   0,  15, 118]]), array([[ 89,   8,   2,   2],
       [ 40,  41,   0,   4],
       [  0,   0,  71,  18],
       [  3,   0,  18, 113]]), array([[ 88,   9,   3,   1],
       [ 34,  43,   0,   8],
       [  0,   0,  70,  19],
       [  2,   0,  16, 116]]), array([[ 88,   8,   2,   3],
       [ 38,  41,   0,   6],
       [  0,   0,  66,  23],
       [  2,   0,  12, 120]]), array([[ 89,   7,   3,   2],
       [ 38,  41,   0,   6],
       [  0,   0,  68,  21],
       [  1,   0,  13, 120]])]","[0.7391304347826086, 0.8043478260869565, 0.6739130434782609, 0.7608695652173914, 0.7333333333333333, 0.8222222222222222, 0.7333333333333333, 0.7777777777777778, 0.7555555555555555, 0.7777777777777778]","[0.7391304347826086, 0.8043478260869565, 0.6739130434782609, 0.7608695652173914, 0.7333333333333333, 0.8222222222222222, 0.7333333333333333, 0.7777777777777778, 0.7555555555555555, 0.7777777777777778]","[0.7391304347826086, 0.8043478260869565, 0.6739130434782609, 0.7608695652173914, 0.7333333333333333, 0.8222222222222222, 0.7333333333333333, 0.7777777777777778, 0.7555555555555555, 0.7777777777777778]","[0.7391304347826086, 0.8043478260869565, 0.6739130434782609, 0.7608695652173914, 0.7333333333333333, 0.8222222222222222, 0.7333333333333333, 0.7777777777777778, 0.7555555555555555, 0.7777777777777778]","[0.7836538461538461, 0.8472222222222222, 0.6845238095238095, 0.772172619047619, 0.7464285714285714, 0.8585633116883118, 0.7505980861244019, 0.7847222222222222, 0.7619047619047619, 0.7796703296703297]","[0.7277777777777777, 0.7694444444444444, 0.6545454545454545, 0.7462121212121212, 0.7237012987012987, 0.8166666666666667, 0.7101010101010101, 0.7439393939393939, 0.7411616161616161, 0.7656565656565657]","[0.7206163401815576, 0.77683038209354, 0.6559358288770054, 0.7459274193548387, 0.7199862637362637, 0.7956987775953293, 0.7202833286424617, 0.7369025679721775, 0.7416666666666667, 0.7546449989291069]","[0.7759197324414716, 0.8345410628019323, 0.6816770186335404, 0.7737448240165632, 0.7481481481481482, 0.863437950937951, 0.7428849902534113, 0.7919753086419752, 0.7634920634920636, 0.7858852258852258]","[0.7391304347826086, 0.8043478260869565, 0.6739130434782609, 0.7608695652173914, 0.7333333333333333, 0.8222222222222222, 0.7333333333333333, 0.7777777777777778, 0.7555555555555555, 0.7777777777777778]","[0.7281518103824342, 0.7931471020715872, 0.6650825389444316, 0.7554488078541375, 0.7269230769230769, 0.8050116564292809, 0.7285861713106295, 0.7615874228966099, 0.7511111111111111, 0.7667178315604103]","[array([[12,  0,  0,  0],
       [ 4,  4,  0,  1],
       [ 0,  0,  8,  2],
       [ 0,  0,  5, 10]]), array([[10,  0,  1,  1],
       [ 5,  4,  0,  0],
       [ 0,  0,  8,  2],
       [ 0,  0,  0, 15]]), array([[ 9,  2,  0,  0],
       [ 4,  5,  0,  1],
       [ 0,  0,  5,  5],
       [ 1,  0,  2, 12]]), array([[ 9,  1,  1,  0],
       [ 4,  5,  0,  1],
       [ 0,  0,  8,  2],
       [ 1,  0,  1, 13]]), array([[10,  1,  0,  0],
       [ 5,  5,  0,  0],
       [ 0,  0,  7,  3],
       [ 0,  0,  3, 11]]), array([[11,  0,  0,  0],
       [ 5,  4,  0,  1],
       [ 0,  0,  9,  0],
       [ 0,  0,  2, 13]]), array([[ 9,  1,  1,  0],
       [ 2,  5,  0,  2],
       [ 0,  0,  6,  4],
       [ 0,  0,  2, 13]]), array([[10,  1,  0,  0],
       [ 6,  3,  0,  0],
       [ 0,  0,  8,  2],
       [ 0,  0,  1, 14]]), array([[10,  1,  0,  0],
       [ 4,  5,  0,  0],
       [ 0,  0,  7,  3],
       [ 0,  0,  3, 12]]), array([[ 9,  1,  0,  1],
       [ 4,  4,  0,  1],
       [ 0,  0, 10,  0],
       [ 0,  0,  3, 12]])]"
34,"[0.7696078431372549, 0.7598039215686274, 0.7671568627450981, 0.7647058823529411, 0.7726161369193154, 0.7652811735941321, 0.7652811735941321, 0.7652811735941321, 0.7701711491442543, 0.7628361858190709]","[0.7696078431372549, 0.7598039215686274, 0.7671568627450981, 0.7647058823529411, 0.7726161369193154, 0.7652811735941321, 0.7652811735941321, 0.7652811735941321, 0.7701711491442543, 0.7628361858190709]","[0.7696078431372549, 0.7598039215686274, 0.7671568627450981, 0.7647058823529411, 0.7726161369193154, 0.7652811735941321, 0.7652811735941321, 0.7652811735941321, 0.7701711491442543, 0.7628361858190709]","[0.7696078431372549, 0.7598039215686274, 0.7671568627450981, 0.7647058823529411, 0.7726161369193154, 0.7652811735941321, 0.7652811735941321, 0.7652811735941321, 0.7701711491442543, 0.7628361858190709]","[0.7775741794457538, 0.7700979515169415, 0.7763139638139638, 0.7758211592181058, 0.7823254021392319, 0.7732634027261605, 0.7738324414549649, 0.771688137328443, 0.7862679873318171, 0.7727713178294574]","[0.7497508656321827, 0.7383827228694597, 0.7462721900169701, 0.7406332498861634, 0.7515161902760635, 0.7416035686724323, 0.7475936104131173, 0.7455633292314838, 0.7455328632566327, 0.7413450943993493]","[0.7485373281812282, 0.7380635529715671, 0.7432990315157081, 0.7398557238392928, 0.7507053015172832, 0.744086916979021, 0.7456492586032772, 0.7461691156152983, 0.7476138091781804, 0.74199019743439]","[0.7795949029292294, 0.7695663505719308, 0.7785129494688318, 0.7755302101928729, 0.7830531443794203, 0.7723335103283228, 0.7766853264302472, 0.7713199482669421, 0.7832877313603528, 0.7727549028367815]","[0.7696078431372549, 0.7598039215686274, 0.7671568627450981, 0.7647058823529411, 0.7726161369193154, 0.7652811735941321, 0.7652811735941321, 0.7652811735941321, 0.7701711491442543, 0.7628361858190709]","[0.7614235155598431, 0.7504885642150843, 0.7573916909818611, 0.7541814720306473, 0.7638903071283566, 0.7570666157857604, 0.7579149942334074, 0.7574062388737518, 0.7605250289649217, 0.7546022145739985]","[array([[ 88,   8,   3,   1],
       [ 41,  40,   0,   4],
       [  0,   0,  69,  20],
       [  1,   1,  15, 117]]), array([[ 88,   9,   2,   1],
       [ 39,  39,   0,   7],
       [  0,   0,  66,  23],
       [  2,   0,  15, 117]]), array([[ 89,   8,   3,   1],
       [ 42,  37,   0,   5],
       [  0,   0,  71,  18],
       [  1,   0,  17, 116]]), array([[ 89,   8,   2,   2],
       [ 42,  37,   0,   5],
       [  0,   0,  67,  22],
       [  0,   0,  15, 119]]), array([[ 89,   8,   3,   1],
       [ 39,  39,   0,   6],
       [  0,   0,  70,  19],
       [  2,   0,  15, 118]]), array([[ 84,  10,   3,   4],
       [ 38,  40,   0,   6],
       [  0,   0,  68,  22],
       [  1,   0,  12, 121]]), array([[ 88,   9,   2,   2],
       [ 42,  40,   0,   3],
       [  0,   0,  71,  18],
       [  2,   0,  18, 114]]), array([[ 86,  10,   3,   2],
       [ 35,  41,   0,   9],
       [  0,   0,  69,  20],
       [  2,   0,  15, 117]]), array([[ 88,   8,   2,   3],
       [ 40,  39,   0,   6],
       [  0,   0,  66,  23],
       [  2,   0,  10, 122]]), array([[ 87,   9,   3,   2],
       [ 40,  40,   0,   5],
       [  0,   0,  67,  22],
       [  2,   0,  14, 118]])]","[0.7608695652173914, 0.8043478260869565, 0.6956521739130435, 0.7391304347826086, 0.7111111111111111, 0.8444444444444444, 0.7333333333333333, 0.7555555555555555, 0.7777777777777778, 0.8]","[0.7608695652173914, 0.8043478260869565, 0.6956521739130435, 0.7391304347826086, 0.7111111111111111, 0.8444444444444444, 0.7333333333333333, 0.7555555555555555, 0.7777777777777778, 0.8]","[0.7608695652173914, 0.8043478260869565, 0.6956521739130435, 0.7391304347826086, 0.7111111111111111, 0.8444444444444444, 0.7333333333333333, 0.7555555555555555, 0.7777777777777778, 0.8]","[0.7608695652173914, 0.8043478260869565, 0.6956521739130435, 0.7391304347826086, 0.7111111111111111, 0.8444444444444444, 0.7333333333333333, 0.7555555555555555, 0.7777777777777778, 0.8]","[0.800595238095238, 0.8472222222222222, 0.7032563025210085, 0.753125, 0.7107142857142856, 0.8802083333333333, 0.7505980861244019, 0.7683823529411764, 0.7844742063492064, 0.8351648351648352]","[0.7444444444444445, 0.7694444444444444, 0.6795454545454547, 0.7212121212121213, 0.700974025974026, 0.8333333333333333, 0.7101010101010101, 0.718939393939394, 0.7578282828282829, 0.7883838383838384]","[0.7396052223638432, 0.77683038209354, 0.6812254901960784, 0.7160876757650951, 0.6984873949579831, 0.8167362851573376, 0.7202833286424617, 0.713764245014245, 0.7605546123372949, 0.7781340099181179]","[0.7924430641821946, 0.8345410628019323, 0.7022287175739861, 0.75625, 0.7158730158730159, 0.8813888888888889, 0.7428849902534113, 0.7717320261437908, 0.784942680776014, 0.8312576312576313]","[0.7608695652173914, 0.8043478260869565, 0.6956521739130435, 0.7391304347826086, 0.7111111111111111, 0.8444444444444444, 0.7333333333333333, 0.7555555555555555, 0.7777777777777778, 0.8]","[0.7494829009071888, 0.7931471020715872, 0.689543904518329, 0.7288991980436582, 0.7067189542483661, 0.8267458770382745, 0.7285861713106295, 0.7378838239949352, 0.7722014714204868, 0.7877312625738414]","[array([[12,  0,  0,  0],
       [ 4,  4,  0,  1],
       [ 0,  0,  8,  2],
       [ 0,  0,  4, 11]]), array([[10,  0,  1,  1],
       [ 5,  4,  0,  0],
       [ 0,  0,  8,  2],
       [ 0,  0,  0, 15]]), array([[ 9,  2,  0,  0],
       [ 4,  5,  0,  1],
       [ 0,  0,  6,  4],
       [ 1,  0,  2, 12]]), array([[ 9,  1,  1,  0],
       [ 5,  4,  0,  1],
       [ 0,  0,  8,  2],
       [ 1,  0,  1, 13]]), array([[ 9,  2,  0,  0],
       [ 5,  5,  0,  0],
       [ 0,  0,  7,  3],
       [ 0,  0,  3, 11]]), array([[11,  0,  0,  0],
       [ 5,  4,  0,  1],
       [ 0,  0,  9,  0],
       [ 0,  0,  1, 14]]), array([[ 9,  1,  1,  0],
       [ 2,  5,  0,  2],
       [ 0,  0,  6,  4],
       [ 0,  0,  2, 13]]), array([[10,  1,  0,  0],
       [ 6,  3,  0,  0],
       [ 0,  0,  7,  3],
       [ 0,  0,  1, 14]]), array([[10,  1,  0,  0],
       [ 4,  5,  0,  0],
       [ 0,  0,  7,  3],
       [ 0,  0,  2, 13]]), array([[10,  0,  0,  1],
       [ 4,  4,  0,  1],
       [ 0,  0, 10,  0],
       [ 0,  0,  3, 12]])]"
35,"[0.7598039215686274, 0.7573529411764706, 0.7647058823529411, 0.7647058823529411, 0.7628361858190709, 0.7579462102689487, 0.7652811735941321, 0.7677261613691931, 0.7726161369193154, 0.7726161369193154]","[0.7598039215686274, 0.7573529411764706, 0.7647058823529411, 0.7647058823529411, 0.7628361858190709, 0.7579462102689487, 0.7652811735941321, 0.7677261613691931, 0.7726161369193154, 0.7726161369193154]","[0.7598039215686274, 0.7573529411764706, 0.7647058823529411, 0.7647058823529411, 0.7628361858190709, 0.7579462102689487, 0.7652811735941321, 0.7677261613691931, 0.7726161369193154, 0.7726161369193154]","[0.7598039215686274, 0.7573529411764706, 0.7647058823529411, 0.7647058823529411, 0.7628361858190709, 0.7579462102689487, 0.7652811735941321, 0.7677261613691931, 0.7726161369193154, 0.7726161369193154]","[0.7682258217972504, 0.7667003064241003, 0.7687852336788508, 0.7757998382998382, 0.7703687521645096, 0.7682787855683385, 0.7738484212629895, 0.7765951324874143, 0.7840628804015044, 0.7874787682200473]","[0.7413285111126456, 0.7362526758145821, 0.7431873666092562, 0.7409669911254559, 0.7412367099470782, 0.7342909744066091, 0.7465181055843202, 0.7481707644627796, 0.7488077809665135, 0.7514361788005259]","[0.7404187823822226, 0.7338685834672045, 0.7405843574311314, 0.7402822498413619, 0.7389694432476488, 0.7359479886312663, 0.744404476039201, 0.7494776208355682, 0.7508116111054687, 0.7529643858808845]","[0.7691973836931819, 0.7674441930385566, 0.7723592346558553, 0.7754390702920114, 0.772936296065611, 0.7668964981261395, 0.7762108894791258, 0.7754704857738257, 0.7823078354097994, 0.7855605226497078]","[0.7598039215686274, 0.7573529411764706, 0.7647058823529411, 0.7647058823529411, 0.7628361858190709, 0.7579462102689487, 0.7652811735941321, 0.7677261613691931, 0.7726161369193154, 0.7726161369193154]","[0.752058784432335, 0.7470538748756227, 0.7552781222902863, 0.7543966775401318, 0.753424331072337, 0.7490122438613704, 0.7570625780019383, 0.7603028614036261, 0.7636102892668722, 0.7646711199510233]","[array([[ 85,   8,   3,   4],
       [ 40,  40,   0,   5],
       [  0,   0,  70,  19],
       [  1,   1,  17, 115]]), array([[ 88,   9,   2,   1],
       [ 41,  37,   0,   7],
       [  0,   0,  68,  21],
       [  2,   0,  16, 116]]), array([[ 87,  10,   3,   1],
       [ 42,  37,   0,   5],
       [  0,   0,  71,  18],
       [  1,   0,  16, 117]]), array([[ 88,   8,   2,   3],
       [ 42,  37,   0,   5],
       [  0,   0,  68,  21],
       [  0,   0,  15, 119]]), array([[ 88,   9,   3,   1],
       [ 42,  37,   0,   5],
       [  0,   0,  70,  19],
       [  2,   0,  16, 117]]), array([[ 86,   9,   3,   3],
       [ 39,  39,   0,   6],
       [  0,   0,  66,  24],
       [  1,   0,  14, 119]]), array([[ 88,   9,   2,   2],
       [ 42,  39,   0,   4],
       [  0,   0,  71,  18],
       [  2,   0,  17, 115]]), array([[ 87,   9,   3,   2],
       [ 35,  42,   0,   8],
       [  0,   0,  68,  21],
       [  2,   0,  15, 117]]), array([[ 87,   9,   2,   3],
       [ 39,  40,   0,   6],
       [  0,   0,  67,  22],
       [  1,   0,  11, 122]]), array([[ 88,   7,   3,   3],
       [ 39,  41,   0,   5],
       [  0,   0,  68,  21],
       [  2,   0,  13, 119]])]","[0.7608695652173914, 0.8043478260869565, 0.6956521739130435, 0.717391304347826, 0.7111111111111111, 0.8444444444444444, 0.7333333333333333, 0.7777777777777778, 0.7777777777777778, 0.7777777777777778]","[0.7608695652173914, 0.8043478260869565, 0.6956521739130435, 0.717391304347826, 0.7111111111111111, 0.8444444444444444, 0.7333333333333333, 0.7777777777777778, 0.7777777777777778, 0.7777777777777778]","[0.7608695652173914, 0.8043478260869565, 0.6956521739130435, 0.717391304347826, 0.7111111111111111, 0.8444444444444444, 0.7333333333333333, 0.7777777777777778, 0.7777777777777778, 0.7777777777777778]","[0.7608695652173914, 0.8043478260869565, 0.6956521739130435, 0.717391304347826, 0.7111111111111111, 0.8444444444444444, 0.7333333333333333, 0.7777777777777778, 0.7777777777777778, 0.7777777777777778]","[0.800595238095238, 0.8472222222222222, 0.718671679197995, 0.7340336134453782, 0.7107142857142856, 0.8802083333333333, 0.7505980861244019, 0.7847222222222222, 0.7844742063492064, 0.7781250000000001]","[0.7444444444444445, 0.7694444444444444, 0.6712121212121213, 0.6984848484848485, 0.700974025974026, 0.8333333333333333, 0.7101010101010101, 0.7439393939393939, 0.7578282828282829, 0.7595959595959596]","[0.7396052223638432, 0.77683038209354, 0.674485294117647, 0.6964583333333334, 0.6984873949579831, 0.8167362851573376, 0.7202833286424617, 0.7369025679721775, 0.7605546123372949, 0.7537203329629697]","[0.7924430641821946, 0.8345410628019323, 0.7132777596164325, 0.7338326635001826, 0.7158730158730159, 0.8813888888888889, 0.7428849902534113, 0.7919753086419752, 0.784942680776014, 0.7789814814814815]","[0.7608695652173914, 0.8043478260869565, 0.6956521739130435, 0.717391304347826, 0.7111111111111111, 0.8444444444444444, 0.7333333333333333, 0.7777777777777778, 0.7777777777777778, 0.7777777777777778]","[0.7494829009071888, 0.7931471020715872, 0.6852813299232736, 0.7078442028985508, 0.7067189542483661, 0.8267458770382745, 0.7285861713106295, 0.7615874228966099, 0.7722014714204868, 0.7659241179577786]","[array([[12,  0,  0,  0],
       [ 4,  4,  0,  1],
       [ 0,  0,  8,  2],
       [ 0,  0,  4, 11]]), array([[10,  0,  1,  1],
       [ 5,  4,  0,  0],
       [ 0,  0,  8,  2],
       [ 0,  0,  0, 15]]), array([[ 9,  2,  0,  0],
       [ 4,  5,  0,  1],
       [ 0,  0,  5,  5],
       [ 1,  0,  1, 13]]), array([[ 8,  1,  1,  1],
       [ 5,  4,  0,  1],
       [ 0,  0,  8,  2],
       [ 1,  0,  1, 13]]), array([[ 9,  2,  0,  0],
       [ 5,  5,  0,  0],
       [ 0,  0,  7,  3],
       [ 0,  0,  3, 11]]), array([[11,  0,  0,  0],
       [ 5,  4,  0,  1],
       [ 0,  0,  9,  0],
       [ 0,  0,  1, 14]]), array([[ 9,  1,  1,  0],
       [ 2,  5,  0,  2],
       [ 0,  0,  6,  4],
       [ 0,  0,  2, 13]]), array([[10,  1,  0,  0],
       [ 6,  3,  0,  0],
       [ 0,  0,  8,  2],
       [ 0,  0,  1, 14]]), array([[10,  1,  0,  0],
       [ 4,  5,  0,  0],
       [ 0,  0,  7,  3],
       [ 0,  0,  2, 13]]), array([[ 8,  1,  0,  2],
       [ 4,  4,  0,  1],
       [ 0,  0, 10,  0],
       [ 0,  0,  2, 13]])]"
36,"[0.7720588235294118, 0.7598039215686274, 0.7622549019607843, 0.7696078431372549, 0.7555012224938875, 0.7579462102689487, 0.7628361858190709, 0.7555012224938875, 0.7701711491442543, 0.7701711491442543]","[0.7720588235294118, 0.7598039215686274, 0.7622549019607843, 0.7696078431372549, 0.7555012224938875, 0.7579462102689487, 0.7628361858190709, 0.7555012224938875, 0.7701711491442543, 0.7701711491442543]","[0.7720588235294118, 0.7598039215686274, 0.7622549019607843, 0.7696078431372549, 0.7555012224938875, 0.7579462102689487, 0.7628361858190709, 0.7555012224938875, 0.7701711491442543, 0.7701711491442543]","[0.7720588235294118, 0.7598039215686274, 0.7622549019607843, 0.7696078431372549, 0.7555012224938875, 0.7579462102689487, 0.7628361858190709, 0.7555012224938875, 0.7701711491442543, 0.7701711491442543]","[0.7850950181857717, 0.7697054497474666, 0.7717309504102284, 0.7812722685614252, 0.7613408532956405, 0.7712960148598447, 0.7745528715901266, 0.7621259345422732, 0.7848847424638365, 0.7814570295025863]","[0.752366702508607, 0.7397672164623018, 0.7403198090645892, 0.7446983344090381, 0.7334772261335283, 0.7345935046596344, 0.7432431878744395, 0.7360818207132687, 0.7455328632566327, 0.7489609312757735]","[0.7528552237801643, 0.7399341019469103, 0.7360580320572212, 0.7445896308081045, 0.7319612337851146, 0.7367538679801093, 0.7408830981482771, 0.7356695672305451, 0.7471755886390032, 0.7501697549630694]","[0.7842033316889783, 0.7686650547871509, 0.7743193981461435, 0.7805021897544931, 0.7638499635670992, 0.768679863490247, 0.7759679937115286, 0.7632770585550557, 0.7826534211374303, 0.7805737618601168]","[0.7720588235294118, 0.7598039215686274, 0.7622549019607843, 0.7696078431372549, 0.7555012224938875, 0.7579462102689487, 0.7628361858190709, 0.7555012224938875, 0.7701711491442543, 0.7701711491442543]","[0.764339576217415, 0.7512715287647668, 0.7511576112345817, 0.7590529879382696, 0.7463801512052324, 0.7491956345968326, 0.7537820454367448, 0.7477037725427608, 0.7604683864448907, 0.7622232022345239]","[array([[ 86,   7,   3,   4],
       [ 39,  41,   0,   5],
       [  0,   0,  70,  19],
       [  1,   0,  15, 118]]), array([[ 87,   9,   2,   2],
       [ 37,  40,   0,   8],
       [  0,   0,  67,  22],
       [  2,   0,  16, 116]]), array([[ 89,   8,   3,   1],
       [ 44,  35,   0,   5],
       [  0,   0,  71,  18],
       [  1,   0,  17, 116]]), array([[ 88,   8,   2,   3],
       [ 42,  37,   0,   5],
       [  0,   0,  68,  21],
       [  0,   0,  13, 121]]), array([[ 86,  10,   3,   2],
       [ 42,  37,   0,   5],
       [  0,   0,  69,  20],
       [  2,   0,  16, 117]]), array([[ 85,   8,   3,   5],
       [ 39,  39,   0,   6],
       [  0,   0,  67,  23],
       [  1,   0,  14, 119]]), array([[ 89,   8,   2,   2],
       [ 43,  38,   0,   4],
       [  0,   0,  70,  19],
       [  2,   0,  17, 115]]), array([[ 86,  10,   3,   2],
       [ 39,  40,   0,   6],
       [  0,   0,  68,  21],
       [  2,   0,  17, 115]]), array([[ 88,   8,   2,   3],
       [ 41,  39,   0,   5],
       [  0,   0,  66,  23],
       [  1,   0,  11, 122]]), array([[ 87,   8,   3,   3],
       [ 39,  41,   0,   5],
       [  0,   0,  68,  21],
       [  1,   0,  14, 119]])]","[0.717391304347826, 0.8043478260869565, 0.6956521739130435, 0.717391304347826, 0.6888888888888889, 0.8222222222222222, 0.7333333333333333, 0.7555555555555555, 0.7777777777777778, 0.7777777777777778]","[0.717391304347826, 0.8043478260869565, 0.6956521739130435, 0.717391304347826, 0.6888888888888889, 0.8222222222222222, 0.7333333333333333, 0.7555555555555555, 0.7777777777777778, 0.7777777777777778]","[0.717391304347826, 0.8043478260869565, 0.6956521739130435, 0.717391304347826, 0.6888888888888889, 0.8222222222222222, 0.7333333333333333, 0.7555555555555555, 0.7777777777777778, 0.7777777777777778]","[0.717391304347826, 0.8043478260869565, 0.6956521739130435, 0.717391304347826, 0.6888888888888889, 0.8222222222222222, 0.7333333333333333, 0.7555555555555555, 0.7777777777777778, 0.7777777777777778]","[0.771875, 0.8472222222222222, 0.718671679197995, 0.7340336134453782, 0.6815247252747253, 0.8777777777777778, 0.7505980861244019, 0.7409722222222221, 0.7844742063492064, 0.7796703296703297]","[0.6958333333333333, 0.7694444444444444, 0.6712121212121213, 0.6984848484848485, 0.6782467532467532, 0.8083333333333333, 0.7101010101010101, 0.7212121212121212, 0.7578282828282829, 0.7656565656565657]","[0.6865800865800866, 0.77683038209354, 0.674485294117647, 0.6964583333333334, 0.676984126984127, 0.7832612034063939, 0.7202833286424617, 0.7165525476221571, 0.7605546123372949, 0.7546449989291069]","[0.7590579710144927, 0.8345410628019323, 0.7132777596164325, 0.7338326635001826, 0.6893162393162393, 0.8849382716049383, 0.7428849902534113, 0.7558641975308641, 0.784942680776014, 0.7858852258852258]","[0.717391304347826, 0.8043478260869565, 0.6956521739130435, 0.717391304347826, 0.6888888888888889, 0.8222222222222222, 0.7333333333333333, 0.7555555555555555, 0.7777777777777778, 0.7777777777777778]","[0.7000282326369284, 0.7931471020715872, 0.6852813299232736, 0.7078442028985508, 0.6864197530864198, 0.799317480261219, 0.7285861713106295, 0.7431548266862358, 0.7722014714204868, 0.7667178315604103]","[array([[11,  0,  0,  1],
       [ 5,  3,  0,  1],
       [ 0,  0,  8,  2],
       [ 0,  0,  4, 11]]), array([[10,  0,  1,  1],
       [ 5,  4,  0,  0],
       [ 0,  0,  8,  2],
       [ 0,  0,  0, 15]]), array([[ 9,  2,  0,  0],
       [ 4,  5,  0,  1],
       [ 0,  0,  5,  5],
       [ 1,  0,  1, 13]]), array([[ 8,  1,  1,  1],
       [ 5,  4,  0,  1],
       [ 0,  0,  8,  2],
       [ 1,  0,  1, 13]]), array([[ 8,  3,  0,  0],
       [ 5,  5,  0,  0],
       [ 0,  0,  7,  3],
       [ 0,  0,  3, 11]]), array([[11,  0,  0,  0],
       [ 7,  3,  0,  0],
       [ 0,  0,  9,  0],
       [ 0,  0,  1, 14]]), array([[ 9,  1,  1,  0],
       [ 2,  5,  0,  2],
       [ 0,  0,  6,  4],
       [ 0,  0,  2, 13]]), array([[ 9,  2,  0,  0],
       [ 6,  3,  0,  0],
       [ 0,  0,  8,  2],
       [ 0,  0,  1, 14]]), array([[10,  1,  0,  0],
       [ 4,  5,  0,  0],
       [ 0,  0,  7,  3],
       [ 0,  0,  2, 13]]), array([[ 9,  1,  0,  1],
       [ 4,  4,  0,  1],
       [ 0,  0, 10,  0],
       [ 0,  0,  3, 12]])]"
37,"[0.7647058823529411, 0.7598039215686274, 0.7573529411764706, 0.7573529411764706, 0.7628361858190709, 0.7555012224938875, 0.7652811735941321, 0.7555012224938875, 0.7726161369193154, 0.7677261613691931]","[0.7647058823529411, 0.7598039215686274, 0.7573529411764706, 0.7573529411764706, 0.7628361858190709, 0.7555012224938875, 0.7652811735941321, 0.7555012224938875, 0.7726161369193154, 0.7677261613691931]","[0.7647058823529411, 0.7598039215686274, 0.7573529411764706, 0.7573529411764706, 0.7628361858190709, 0.7555012224938875, 0.7652811735941321, 0.7555012224938875, 0.7726161369193154, 0.7677261613691931]","[0.7647058823529411, 0.7598039215686274, 0.7573529411764706, 0.7573529411764706, 0.7628361858190709, 0.7555012224938875, 0.7652811735941321, 0.7555012224938875, 0.7726161369193154, 0.7677261613691931]","[0.7762429997384007, 0.7694520531374824, 0.7648110316649643, 0.7656228008444758, 0.7711594898131948, 0.7682361396531198, 0.7772412557749866, 0.7640728539156626, 0.7847353597753497, 0.7763844600340135]","[0.7447508656321827, 0.7373072180406626, 0.7344259968928303, 0.7339836227220145, 0.7407805159863231, 0.7322268900664054, 0.7452410472227737, 0.7323779180504588, 0.7477322761377162, 0.7460197548051852]","[0.7447545513262532, 0.7364201624179642, 0.7312345781931754, 0.7324785455441758, 0.7400868692376327, 0.7331964526701369, 0.7440658677071721, 0.7327211466217841, 0.7494374523264683, 0.7463561343135805]","[0.7757834247715479, 0.7691969319249066, 0.7672125668449198, 0.7663827600005518, 0.7725072791476721, 0.7663604239459544, 0.7779202364009209, 0.764088066814937, 0.7833380976138723, 0.7768028926118125]","[0.7647058823529411, 0.7598039215686274, 0.7573529411764706, 0.7573529411764706, 0.7628361858190709, 0.7555012224938875, 0.7652811735941321, 0.7555012224938875, 0.7726161369193154, 0.7677261613691931]","[0.7565405633671801, 0.7496156807749145, 0.7464729133836798, 0.7469097350216569, 0.7539866789736142, 0.7461524791855508, 0.7566701824568307, 0.7461676734975698, 0.763089383392573, 0.7592824133198822]","[array([[ 86,   7,   3,   4],
       [ 40,  40,   0,   5],
       [  0,   0,  69,  20],
       [  1,   1,  15, 117]]), array([[ 88,   9,   2,   1],
       [ 40,  38,   0,   7],
       [  0,   0,  66,  23],
       [  1,   0,  15, 118]]), array([[ 87,   9,   3,   2],
       [ 44,  35,   0,   5],
       [  0,   0,  70,  19],
       [  1,   0,  16, 117]]), array([[ 86,   9,   2,   4],
       [ 43,  36,   0,   5],
       [  0,   0,  69,  20],
       [  0,   0,  16, 118]]), array([[ 87,   9,   3,   2],
       [ 41,  38,   0,   5],
       [  0,   0,  69,  20],
       [  2,   0,  15, 118]]), array([[ 86,   8,   3,   4],
       [ 40,  38,   0,   6],
       [  0,   0,  67,  23],
       [  1,   0,  15, 118]]), array([[ 89,   8,   2,   2],
       [ 42,  39,   0,   4],
       [  0,   0,  69,  20],
       [  2,   0,  16, 116]]), array([[ 85,  10,   3,   3],
       [ 41,  38,   0,   6],
       [  0,   0,  67,  22],
       [  2,   0,  13, 119]]), array([[ 87,   9,   2,   3],
       [ 41,  39,   0,   5],
       [  0,   0,  67,  22],
       [  1,   0,  10, 123]]), array([[ 87,   9,   3,   2],
       [ 40,  40,   0,   5],
       [  0,   0,  68,  21],
       [  1,   0,  14, 119]])]","[0.717391304347826, 0.8043478260869565, 0.6956521739130435, 0.717391304347826, 0.7111111111111111, 0.8222222222222222, 0.7111111111111111, 0.7777777777777778, 0.7777777777777778, 0.7555555555555555]","[0.717391304347826, 0.8043478260869565, 0.6956521739130435, 0.717391304347826, 0.7111111111111111, 0.8222222222222222, 0.7111111111111111, 0.7777777777777778, 0.7777777777777778, 0.7555555555555555]","[0.717391304347826, 0.8043478260869565, 0.6956521739130435, 0.717391304347826, 0.7111111111111111, 0.8222222222222222, 0.7111111111111111, 0.7777777777777778, 0.7777777777777778, 0.7555555555555555]","[0.717391304347826, 0.8043478260869565, 0.6956521739130435, 0.717391304347826, 0.7111111111111111, 0.8222222222222222, 0.7111111111111111, 0.7777777777777778, 0.7777777777777778, 0.7555555555555555]","[0.771875, 0.8472222222222222, 0.718671679197995, 0.7340336134453782, 0.7107142857142856, 0.8777777777777778, 0.725219298245614, 0.7583333333333333, 0.7844742063492064, 0.7372159090909091]","[0.6958333333333333, 0.7694444444444444, 0.6712121212121213, 0.6984848484848485, 0.700974025974026, 0.8083333333333333, 0.6823232323232323, 0.7462121212121213, 0.7578282828282829, 0.7368686868686869]","[0.6865800865800866, 0.77683038209354, 0.674485294117647, 0.6964583333333334, 0.6984873949579831, 0.7832612034063939, 0.6875805242005268, 0.7385531135531136, 0.7605546123372949, 0.7293743890518084]","[0.7590579710144927, 0.8345410628019323, 0.7132777596164325, 0.7338326635001826, 0.7158730158730159, 0.8849382716049383, 0.7195516569200779, 0.7777777777777778, 0.784942680776014, 0.7449074074074075]","[0.717391304347826, 0.8043478260869565, 0.6956521739130435, 0.717391304347826, 0.7111111111111111, 0.8222222222222222, 0.7111111111111111, 0.7777777777777778, 0.7777777777777778, 0.7555555555555555]","[0.7000282326369284, 0.7931471020715872, 0.6852813299232736, 0.7078442028985508, 0.7067189542483661, 0.799317480261219, 0.7008429000890973, 0.7660561660561661, 0.7722014714204868, 0.7438123167155425]","[array([[11,  0,  0,  1],
       [ 5,  3,  0,  1],
       [ 0,  0,  8,  2],
       [ 0,  0,  4, 11]]), array([[10,  0,  1,  1],
       [ 5,  4,  0,  0],
       [ 0,  0,  8,  2],
       [ 0,  0,  0, 15]]), array([[ 9,  2,  0,  0],
       [ 4,  5,  0,  1],
       [ 0,  0,  5,  5],
       [ 1,  0,  1, 13]]), array([[ 8,  1,  1,  1],
       [ 5,  4,  0,  1],
       [ 0,  0,  8,  2],
       [ 1,  0,  1, 13]]), array([[ 9,  2,  0,  0],
       [ 5,  5,  0,  0],
       [ 0,  0,  7,  3],
       [ 0,  0,  3, 11]]), array([[11,  0,  0,  0],
       [ 7,  3,  0,  0],
       [ 0,  0,  9,  0],
       [ 0,  0,  1, 14]]), array([[ 9,  1,  1,  0],
       [ 3,  4,  0,  2],
       [ 0,  0,  6,  4],
       [ 0,  0,  2, 13]]), array([[ 9,  2,  0,  0],
       [ 6,  3,  0,  0],
       [ 0,  0,  9,  1],
       [ 0,  0,  1, 14]]), array([[10,  1,  0,  0],
       [ 4,  5,  0,  0],
       [ 0,  0,  7,  3],
       [ 0,  0,  2, 13]]), array([[ 7,  2,  0,  2],
       [ 4,  4,  0,  1],
       [ 0,  0, 10,  0],
       [ 0,  0,  2, 13]])]"
38,"[0.7622549019607843, 0.7573529411764706, 0.7598039215686274, 0.7720588235294118, 0.7677261613691931, 0.7432762836185819, 0.7628361858190709, 0.7555012224938875, 0.7628361858190709, 0.7677261613691931]","[0.7622549019607843, 0.7573529411764706, 0.7598039215686274, 0.7720588235294118, 0.7677261613691931, 0.7432762836185819, 0.7628361858190709, 0.7555012224938875, 0.7628361858190709, 0.7677261613691931]","[0.7622549019607843, 0.7573529411764706, 0.7598039215686274, 0.7720588235294118, 0.7677261613691931, 0.7432762836185819, 0.7628361858190709, 0.7555012224938875, 0.7628361858190709, 0.7677261613691931]","[0.7622549019607843, 0.7573529411764706, 0.7598039215686274, 0.7720588235294118, 0.7677261613691931, 0.7432762836185819, 0.7628361858190709, 0.7555012224938875, 0.7628361858190709, 0.7677261613691931]","[0.7710356089403402, 0.7677630213114447, 0.7766109730277087, 0.7819271167987436, 0.7791383660265564, 0.7509300063844522, 0.7745528715901266, 0.7616046943384879, 0.7727981242122856, 0.7766781179379604]","[0.7421186779256395, 0.7357505351629164, 0.7370098773491062, 0.7495611591297364, 0.7439832767385888, 0.7183478235883289, 0.7432431878744395, 0.7342645522949667, 0.7376411917365395, 0.7461519425117284]","[0.7412587433060966, 0.7350842670394423, 0.7326458457082825, 0.7489009927507418, 0.7433560214715553, 0.7175111435540206, 0.7408830981482771, 0.7331044772949323, 0.738864195605462, 0.7472758518345907]","[0.7718412410165607, 0.7669159951065723, 0.776777564335133, 0.7816524270252829, 0.7790232596428616, 0.751273818073352, 0.7759679937115286, 0.7629773702113536, 0.7717880591742242, 0.7765777869420324]","[0.7622549019607843, 0.7573529411764706, 0.7598039215686274, 0.7720588235294118, 0.7677261613691931, 0.7432762836185819, 0.7628361858190709, 0.7555012224938875, 0.7628361858190709, 0.7677261613691931]","[0.7537305610336822, 0.7475249661041359, 0.7475980308711575, 0.7623094679493301, 0.7576542190028998, 0.7324038005889743, 0.7537820454367448, 0.7463422760622913, 0.7527824933655536, 0.7597486351212276]","[array([[ 85,   8,   3,   4],
       [ 41,  39,   0,   5],
       [  0,   0,  70,  19],
       [  1,   1,  15, 117]]), array([[ 87,   9,   2,   2],
       [ 39,  38,   0,   8],
       [  0,   0,  67,  22],
       [  2,   0,  15, 117]]), array([[ 90,   6,   3,   2],
       [ 45,  34,   0,   5],
       [  0,   0,  70,  19],
       [  1,   0,  17, 116]]), array([[ 88,   8,   2,   3],
       [ 40,  38,   0,   6],
       [  0,   0,  70,  19],
       [  0,   0,  15, 119]]), array([[ 88,   8,   3,   2],
       [ 41,  37,   0,   6],
       [  0,   0,  69,  20],
       [  2,   0,  13, 120]]), array([[ 84,  10,   3,   4],
       [ 43,  35,   0,   6],
       [  0,   0,  67,  23],
       [  1,   0,  15, 118]]), array([[ 89,   8,   2,   2],
       [ 43,  38,   0,   4],
       [  0,   0,  70,  19],
       [  2,   0,  17, 115]]), array([[ 85,  10,   3,   3],
       [ 41,  38,   0,   6],
       [  0,   0,  69,  20],
       [  1,   0,  16, 117]]), array([[ 86,  10,   2,   3],
       [ 41,  38,   0,   6],
       [  0,   0,  66,  23],
       [  1,   0,  11, 122]]), array([[ 87,   9,   3,   2],
       [ 39,  41,   0,   5],
       [  0,   0,  67,  22],
       [  1,   0,  14, 119]])]","[0.6956521739130435, 0.8043478260869565, 0.6956521739130435, 0.7391304347826086, 0.7333333333333333, 0.8222222222222222, 0.7111111111111111, 0.7555555555555555, 0.7555555555555555, 0.7777777777777778]","[0.6956521739130435, 0.8043478260869565, 0.6956521739130435, 0.7391304347826086, 0.7333333333333333, 0.8222222222222222, 0.7111111111111111, 0.7555555555555555, 0.7555555555555555, 0.7777777777777778]","[0.6956521739130435, 0.8043478260869565, 0.6956521739130435, 0.7391304347826086, 0.7333333333333333, 0.8222222222222222, 0.7111111111111111, 0.7555555555555555, 0.7555555555555555, 0.7777777777777778]","[0.6956521739130435, 0.8043478260869565, 0.6956521739130435, 0.7391304347826086, 0.7333333333333333, 0.8222222222222222, 0.7111111111111111, 0.7555555555555555, 0.7555555555555555, 0.7777777777777778]","[0.7041666666666666, 0.8472222222222222, 0.718671679197995, 0.7595238095238095, 0.7464285714285714, 0.8700980392156863, 0.725219298245614, 0.7409722222222221, 0.7655812324929971, 0.8160714285714286]","[0.675, 0.7694444444444444, 0.6712121212121213, 0.7151515151515152, 0.7237012987012987, 0.8083333333333333, 0.6823232323232323, 0.7212121212121212, 0.7328282828282828, 0.7633838383838383]","[0.6657213157213157, 0.77683038209354, 0.674485294117647, 0.7159808612440192, 0.7199862637362637, 0.781988625409678, 0.6875805242005268, 0.7165525476221571, 0.7364583333333333, 0.7583916083916085]","[0.7047101449275361, 0.8345410628019323, 0.7132777596164325, 0.7574189095928227, 0.7481481481481482, 0.8715032679738562, 0.7195516569200779, 0.7558641975308641, 0.7628384687208217, 0.8079365079365081]","[0.6956521739130435, 0.8043478260869565, 0.6956521739130435, 0.7391304347826086, 0.7333333333333333, 0.8222222222222222, 0.7111111111111111, 0.7555555555555555, 0.7555555555555555, 0.7777777777777778]","[0.6807709199013547, 0.7931471020715872, 0.6852813299232736, 0.728731710699674, 0.7269230769230769, 0.795212389949232, 0.7008429000890973, 0.7431548266862358, 0.7478703703703704, 0.767117327117327]","[array([[10,  1,  0,  1],
       [ 5,  3,  0,  1],
       [ 0,  0,  8,  2],
       [ 0,  0,  4, 11]]), array([[10,  0,  1,  1],
       [ 5,  4,  0,  0],
       [ 0,  0,  8,  2],
       [ 0,  0,  0, 15]]), array([[ 9,  2,  0,  0],
       [ 4,  5,  0,  1],
       [ 0,  0,  5,  5],
       [ 1,  0,  1, 13]]), array([[ 8,  1,  1,  1],
       [ 5,  4,  0,  1],
       [ 0,  0,  8,  2],
       [ 1,  0,  0, 14]]), array([[10,  1,  0,  0],
       [ 5,  5,  0,  0],
       [ 0,  0,  7,  3],
       [ 0,  0,  3, 11]]), array([[11,  0,  0,  0],
       [ 6,  3,  0,  1],
       [ 0,  0,  9,  0],
       [ 0,  0,  1, 14]]), array([[ 9,  1,  1,  0],
       [ 3,  4,  0,  2],
       [ 0,  0,  6,  4],
       [ 0,  0,  2, 13]]), array([[ 9,  2,  0,  0],
       [ 6,  3,  0,  0],
       [ 0,  0,  8,  2],
       [ 0,  0,  1, 14]]), array([[10,  1,  0,  0],
       [ 4,  5,  0,  0],
       [ 0,  0,  6,  4],
       [ 0,  0,  2, 13]]), array([[10,  0,  0,  1],
       [ 4,  4,  0,  1],
       [ 0,  0,  9,  1],
       [ 0,  0,  3, 12]])]"
