n_neighbors value,Train_Accuracy,Train_Precision_micro,Train_Recall_micro,Train_f1_micro,Train_Precision_macro,Train_Recall_macro,Train_f1_macro,Train_Precision_weighted,Train_Recall_weighted,Train_f1_weighted,Train_Confusion_Matrix,Test_Accuracy,Test_Precision_micro,Test_Recall_micro,Test_f1_micro,Test_Precision_macro,Test_Recall_macro,Test_f1_macro,Test_Precision_weighted,Test_Recall_weighted,Test_f1_weighted,Test_Confusion_Matrix
1,"[1.0, 1.0, 1.0, 1.0, 1.0, 1.0, 1.0, 1.0, 1.0, 1.0]","[1.0, 1.0, 1.0, 1.0, 1.0, 1.0, 1.0, 1.0, 1.0, 1.0]","[1.0, 1.0, 1.0, 1.0, 1.0, 1.0, 1.0, 1.0, 1.0, 1.0]","[1.0, 1.0, 1.0, 1.0, 1.0, 1.0, 1.0, 1.0, 1.0, 1.0]","[1.0, 1.0, 1.0, 1.0, 1.0, 1.0, 1.0, 1.0, 1.0, 1.0]","[1.0, 1.0, 1.0, 1.0, 1.0, 1.0, 1.0, 1.0, 1.0, 1.0]","[1.0, 1.0, 1.0, 1.0, 1.0, 1.0, 1.0, 1.0, 1.0, 1.0]","[1.0, 1.0, 1.0, 1.0, 1.0, 1.0, 1.0, 1.0, 1.0, 1.0]","[1.0, 1.0, 1.0, 1.0, 1.0, 1.0, 1.0, 1.0, 1.0, 1.0]","[1.0, 1.0, 1.0, 1.0, 1.0, 1.0, 1.0, 1.0, 1.0, 1.0]","[array([[100,   0,   0,   0],
       [  0,  85,   0,   0],
       [  0,   0,  89,   0],
       [  0,   0,   0, 134]]), array([[100,   0,   0,   0],
       [  0,  85,   0,   0],
       [  0,   0,  89,   0],
       [  0,   0,   0, 134]]), array([[101,   0,   0,   0],
       [  0,  84,   0,   0],
       [  0,   0,  89,   0],
       [  0,   0,   0, 134]]), array([[101,   0,   0,   0],
       [  0,  84,   0,   0],
       [  0,   0,  89,   0],
       [  0,   0,   0, 134]]), array([[101,   0,   0,   0],
       [  0,  84,   0,   0],
       [  0,   0,  89,   0],
       [  0,   0,   0, 135]]), array([[101,   0,   0,   0],
       [  0,  84,   0,   0],
       [  0,   0,  90,   0],
       [  0,   0,   0, 134]]), array([[101,   0,   0,   0],
       [  0,  85,   0,   0],
       [  0,   0,  89,   0],
       [  0,   0,   0, 134]]), array([[101,   0,   0,   0],
       [  0,  85,   0,   0],
       [  0,   0,  89,   0],
       [  0,   0,   0, 134]]), array([[101,   0,   0,   0],
       [  0,  85,   0,   0],
       [  0,   0,  89,   0],
       [  0,   0,   0, 134]]), array([[101,   0,   0,   0],
       [  0,  85,   0,   0],
       [  0,   0,  89,   0],
       [  0,   0,   0, 134]])]","[0.6739130434782609, 0.782608695652174, 0.8478260869565217, 0.8478260869565217, 0.8444444444444444, 0.8, 0.8, 0.8, 0.7777777777777778, 0.6666666666666666]","[0.6739130434782609, 0.782608695652174, 0.8478260869565217, 0.8478260869565217, 0.8444444444444444, 0.8, 0.8, 0.8, 0.7777777777777778, 0.6666666666666666]","[0.6739130434782609, 0.782608695652174, 0.8478260869565217, 0.8478260869565217, 0.8444444444444444, 0.8, 0.8, 0.8, 0.7777777777777778, 0.6666666666666666]","[0.6739130434782609, 0.782608695652174, 0.8478260869565217, 0.8478260869565217, 0.8444444444444444, 0.8, 0.8, 0.8, 0.7777777777777778, 0.6666666666666666]","[0.6783383283383284, 0.8050896471949104, 0.8462121212121213, 0.8522727272727273, 0.8490384615384615, 0.8052884615384616, 0.8161764705882353, 0.8309027777777778, 0.7992577597840755, 0.6652097902097902]","[0.6763888888888889, 0.7583333333333333, 0.8462121212121213, 0.8522727272727273, 0.8509740259740259, 0.788888888888889, 0.7929292929292929, 0.7805555555555556, 0.7611111111111111, 0.6540404040404041]","[0.6659737705933358, 0.7698529411764705, 0.8452380952380952, 0.8522727272727273, 0.8475348725348726, 0.7919960995150748, 0.7978618421052632, 0.7839978357805183, 0.7640931372549019, 0.6554289819376026]","[0.6852669070060374, 0.7949807629441498, 0.8496047430830039, 0.8478260869565217, 0.8499145299145299, 0.8040598290598291, 0.8171241830065359, 0.8229320987654322, 0.7830559304243514, 0.6764013764013764]","[0.6739130434782609, 0.782608695652174, 0.8478260869565217, 0.8478260869565217, 0.8444444444444444, 0.8, 0.8, 0.8, 0.7777777777777778, 0.6666666666666666]","[0.66783703326709, 0.7774296675191816, 0.8478260869565217, 0.8478260869565217, 0.8448399337288226, 0.7973165132241665, 0.8018274853801169, 0.7930073322263476, 0.7650871459694988, 0.6678206531654807]","[array([[11,  1,  0,  0],
       [ 3,  5,  0,  1],
       [ 1,  0,  7,  2],
       [ 0,  1,  6,  8]]), array([[10,  1,  0,  1],
       [ 3,  6,  0,  0],
       [ 0,  0,  6,  4],
       [ 0,  0,  1, 14]]), array([[ 9,  2,  0,  0],
       [ 1,  9,  0,  0],
       [ 0,  0,  8,  2],
       [ 0,  0,  2, 13]]), array([[10,  1,  0,  0],
       [ 0,  9,  0,  1],
       [ 0,  0,  8,  2],
       [ 1,  0,  2, 12]]), array([[ 9,  1,  0,  1],
       [ 1,  9,  0,  0],
       [ 0,  0,  9,  1],
       [ 0,  0,  3, 11]]), array([[11,  0,  0,  0],
       [ 2,  8,  0,  0],
       [ 0,  0,  5,  4],
       [ 0,  0,  3, 12]]), array([[ 8,  2,  1,  0],
       [ 0,  7,  0,  2],
       [ 0,  0,  8,  2],
       [ 0,  1,  1, 13]]), array([[11,  0,  0,  0],
       [ 4,  5,  0,  0],
       [ 0,  0,  7,  3],
       [ 0,  0,  2, 13]]), array([[11,  0,  0,  0],
       [ 2,  7,  0,  0],
       [ 0,  0,  4,  6],
       [ 0,  0,  2, 13]]), array([[ 8,  2,  1,  0],
       [ 4,  5,  0,  0],
       [ 1,  0,  6,  3],
       [ 0,  0,  4, 11]])]"
2,"[1.0, 1.0, 1.0, 1.0, 1.0, 1.0, 1.0, 1.0, 1.0, 1.0]","[1.0, 1.0, 1.0, 1.0, 1.0, 1.0, 1.0, 1.0, 1.0, 1.0]","[1.0, 1.0, 1.0, 1.0, 1.0, 1.0, 1.0, 1.0, 1.0, 1.0]","[1.0, 1.0, 1.0, 1.0, 1.0, 1.0, 1.0, 1.0, 1.0, 1.0]","[1.0, 1.0, 1.0, 1.0, 1.0, 1.0, 1.0, 1.0, 1.0, 1.0]","[1.0, 1.0, 1.0, 1.0, 1.0, 1.0, 1.0, 1.0, 1.0, 1.0]","[1.0, 1.0, 1.0, 1.0, 1.0, 1.0, 1.0, 1.0, 1.0, 1.0]","[1.0, 1.0, 1.0, 1.0, 1.0, 1.0, 1.0, 1.0, 1.0, 1.0]","[1.0, 1.0, 1.0, 1.0, 1.0, 1.0, 1.0, 1.0, 1.0, 1.0]","[1.0, 1.0, 1.0, 1.0, 1.0, 1.0, 1.0, 1.0, 1.0, 1.0]","[array([[100,   0,   0,   0],
       [  0,  85,   0,   0],
       [  0,   0,  89,   0],
       [  0,   0,   0, 134]]), array([[100,   0,   0,   0],
       [  0,  85,   0,   0],
       [  0,   0,  89,   0],
       [  0,   0,   0, 134]]), array([[101,   0,   0,   0],
       [  0,  84,   0,   0],
       [  0,   0,  89,   0],
       [  0,   0,   0, 134]]), array([[101,   0,   0,   0],
       [  0,  84,   0,   0],
       [  0,   0,  89,   0],
       [  0,   0,   0, 134]]), array([[101,   0,   0,   0],
       [  0,  84,   0,   0],
       [  0,   0,  89,   0],
       [  0,   0,   0, 135]]), array([[101,   0,   0,   0],
       [  0,  84,   0,   0],
       [  0,   0,  90,   0],
       [  0,   0,   0, 134]]), array([[101,   0,   0,   0],
       [  0,  85,   0,   0],
       [  0,   0,  89,   0],
       [  0,   0,   0, 134]]), array([[101,   0,   0,   0],
       [  0,  85,   0,   0],
       [  0,   0,  89,   0],
       [  0,   0,   0, 134]]), array([[101,   0,   0,   0],
       [  0,  85,   0,   0],
       [  0,   0,  89,   0],
       [  0,   0,   0, 134]]), array([[101,   0,   0,   0],
       [  0,  85,   0,   0],
       [  0,   0,  89,   0],
       [  0,   0,   0, 134]])]","[0.6739130434782609, 0.782608695652174, 0.8478260869565217, 0.8478260869565217, 0.8444444444444444, 0.8, 0.8, 0.8, 0.7777777777777778, 0.6666666666666666]","[0.6739130434782609, 0.782608695652174, 0.8478260869565217, 0.8478260869565217, 0.8444444444444444, 0.8, 0.8, 0.8, 0.7777777777777778, 0.6666666666666666]","[0.6739130434782609, 0.782608695652174, 0.8478260869565217, 0.8478260869565217, 0.8444444444444444, 0.8, 0.8, 0.8, 0.7777777777777778, 0.6666666666666666]","[0.6739130434782609, 0.782608695652174, 0.8478260869565217, 0.8478260869565217, 0.8444444444444444, 0.8, 0.8, 0.8, 0.7777777777777778, 0.6666666666666666]","[0.6783383283383284, 0.8050896471949104, 0.8462121212121213, 0.8522727272727273, 0.8490384615384615, 0.8052884615384616, 0.8161764705882353, 0.8309027777777778, 0.7992577597840755, 0.6652097902097902]","[0.6763888888888889, 0.7583333333333333, 0.8462121212121213, 0.8522727272727273, 0.8509740259740259, 0.788888888888889, 0.7929292929292929, 0.7805555555555556, 0.7611111111111111, 0.6540404040404041]","[0.6659737705933358, 0.7698529411764705, 0.8452380952380952, 0.8522727272727273, 0.8475348725348726, 0.7919960995150748, 0.7978618421052632, 0.7839978357805183, 0.7640931372549019, 0.6554289819376026]","[0.6852669070060374, 0.7949807629441498, 0.8496047430830039, 0.8478260869565217, 0.8499145299145299, 0.8040598290598291, 0.8171241830065359, 0.8229320987654322, 0.7830559304243514, 0.6764013764013764]","[0.6739130434782609, 0.782608695652174, 0.8478260869565217, 0.8478260869565217, 0.8444444444444444, 0.8, 0.8, 0.8, 0.7777777777777778, 0.6666666666666666]","[0.66783703326709, 0.7774296675191816, 0.8478260869565217, 0.8478260869565217, 0.8448399337288226, 0.7973165132241665, 0.8018274853801169, 0.7930073322263476, 0.7650871459694988, 0.6678206531654807]","[array([[11,  1,  0,  0],
       [ 3,  5,  0,  1],
       [ 1,  0,  7,  2],
       [ 0,  1,  6,  8]]), array([[10,  1,  0,  1],
       [ 3,  6,  0,  0],
       [ 0,  0,  6,  4],
       [ 0,  0,  1, 14]]), array([[ 9,  2,  0,  0],
       [ 1,  9,  0,  0],
       [ 0,  0,  8,  2],
       [ 0,  0,  2, 13]]), array([[10,  1,  0,  0],
       [ 0,  9,  0,  1],
       [ 0,  0,  8,  2],
       [ 1,  0,  2, 12]]), array([[ 9,  1,  0,  1],
       [ 1,  9,  0,  0],
       [ 0,  0,  9,  1],
       [ 0,  0,  3, 11]]), array([[11,  0,  0,  0],
       [ 2,  8,  0,  0],
       [ 0,  0,  5,  4],
       [ 0,  0,  3, 12]]), array([[ 8,  2,  1,  0],
       [ 0,  7,  0,  2],
       [ 0,  0,  8,  2],
       [ 0,  1,  1, 13]]), array([[11,  0,  0,  0],
       [ 4,  5,  0,  0],
       [ 0,  0,  7,  3],
       [ 0,  0,  2, 13]]), array([[11,  0,  0,  0],
       [ 2,  7,  0,  0],
       [ 0,  0,  4,  6],
       [ 0,  0,  2, 13]]), array([[ 8,  2,  1,  0],
       [ 4,  5,  0,  0],
       [ 1,  0,  6,  3],
       [ 0,  0,  4, 11]])]"
3,"[1.0, 1.0, 1.0, 1.0, 1.0, 1.0, 1.0, 1.0, 1.0, 1.0]","[1.0, 1.0, 1.0, 1.0, 1.0, 1.0, 1.0, 1.0, 1.0, 1.0]","[1.0, 1.0, 1.0, 1.0, 1.0, 1.0, 1.0, 1.0, 1.0, 1.0]","[1.0, 1.0, 1.0, 1.0, 1.0, 1.0, 1.0, 1.0, 1.0, 1.0]","[1.0, 1.0, 1.0, 1.0, 1.0, 1.0, 1.0, 1.0, 1.0, 1.0]","[1.0, 1.0, 1.0, 1.0, 1.0, 1.0, 1.0, 1.0, 1.0, 1.0]","[1.0, 1.0, 1.0, 1.0, 1.0, 1.0, 1.0, 1.0, 1.0, 1.0]","[1.0, 1.0, 1.0, 1.0, 1.0, 1.0, 1.0, 1.0, 1.0, 1.0]","[1.0, 1.0, 1.0, 1.0, 1.0, 1.0, 1.0, 1.0, 1.0, 1.0]","[1.0, 1.0, 1.0, 1.0, 1.0, 1.0, 1.0, 1.0, 1.0, 1.0]","[array([[100,   0,   0,   0],
       [  0,  85,   0,   0],
       [  0,   0,  89,   0],
       [  0,   0,   0, 134]]), array([[100,   0,   0,   0],
       [  0,  85,   0,   0],
       [  0,   0,  89,   0],
       [  0,   0,   0, 134]]), array([[101,   0,   0,   0],
       [  0,  84,   0,   0],
       [  0,   0,  89,   0],
       [  0,   0,   0, 134]]), array([[101,   0,   0,   0],
       [  0,  84,   0,   0],
       [  0,   0,  89,   0],
       [  0,   0,   0, 134]]), array([[101,   0,   0,   0],
       [  0,  84,   0,   0],
       [  0,   0,  89,   0],
       [  0,   0,   0, 135]]), array([[101,   0,   0,   0],
       [  0,  84,   0,   0],
       [  0,   0,  90,   0],
       [  0,   0,   0, 134]]), array([[101,   0,   0,   0],
       [  0,  85,   0,   0],
       [  0,   0,  89,   0],
       [  0,   0,   0, 134]]), array([[101,   0,   0,   0],
       [  0,  85,   0,   0],
       [  0,   0,  89,   0],
       [  0,   0,   0, 134]]), array([[101,   0,   0,   0],
       [  0,  85,   0,   0],
       [  0,   0,  89,   0],
       [  0,   0,   0, 134]]), array([[101,   0,   0,   0],
       [  0,  85,   0,   0],
       [  0,   0,  89,   0],
       [  0,   0,   0, 134]])]","[0.8043478260869565, 0.8260869565217391, 0.8043478260869565, 0.8260869565217391, 0.8222222222222222, 0.8, 0.7555555555555555, 0.7555555555555555, 0.7777777777777778, 0.7111111111111111]","[0.8043478260869565, 0.8260869565217391, 0.8043478260869565, 0.8260869565217391, 0.8222222222222222, 0.8, 0.7555555555555555, 0.7555555555555555, 0.7777777777777778, 0.7111111111111111]","[0.8043478260869565, 0.8260869565217391, 0.8043478260869565, 0.8260869565217391, 0.8222222222222222, 0.8, 0.7555555555555555, 0.7555555555555555, 0.7777777777777778, 0.7111111111111111]","[0.8043478260869565, 0.8260869565217391, 0.8043478260869565, 0.8260869565217391, 0.8222222222222222, 0.8, 0.7555555555555555, 0.7555555555555555, 0.7777777777777778, 0.7111111111111111]","[0.8318181818181818, 0.8600347021399654, 0.802114898989899, 0.8397852147852147, 0.8290112665112664, 0.8052884615384616, 0.7896825396825397, 0.8005514705882353, 0.800595238095238, 0.7190476190476192]","[0.788888888888889, 0.8069444444444445, 0.7962121212121213, 0.8333333333333334, 0.8282467532467532, 0.788888888888889, 0.729040404040404, 0.7277777777777777, 0.7666666666666666, 0.6934343434343435]","[0.7912698412698413, 0.8211029411764705, 0.7984334002160828, 0.8315202517788725, 0.8214763497372193, 0.7919960995150748, 0.7454312865497076, 0.7273415242165242, 0.7714431239388795, 0.6966666666666668]","[0.8233201581027668, 0.8429979631352629, 0.8035929951690821, 0.8340463883942144, 0.8381334714668047, 0.8040598290598291, 0.7823633156966491, 0.7896241830065359, 0.7902116402116403, 0.7238095238095238]","[0.8043478260869565, 0.8260869565217391, 0.8043478260869565, 0.8260869565217391, 0.8222222222222222, 0.8, 0.7555555555555555, 0.7555555555555555, 0.7777777777777778, 0.7111111111111111]","[0.7981366459627329, 0.8227557544757033, 0.8032405698678674, 0.8254473953499442, 0.8231926527578701, 0.7973165132241665, 0.7538499025341131, 0.7412353592909148, 0.7735265044331259, 0.7093333333333334]","[array([[12,  0,  0,  0],
       [ 3,  5,  0,  1],
       [ 0,  0,  8,  2],
       [ 0,  0,  3, 12]]), array([[11,  0,  0,  1],
       [ 2,  7,  0,  0],
       [ 0,  0,  6,  4],
       [ 0,  0,  1, 14]]), array([[ 9,  2,  0,  0],
       [ 2,  7,  0,  1],
       [ 0,  0,  8,  2],
       [ 0,  0,  2, 13]]), array([[11,  0,  0,  0],
       [ 1,  8,  0,  1],
       [ 0,  0,  8,  2],
       [ 1,  0,  3, 11]]), array([[ 8,  2,  1,  0],
       [ 1,  9,  0,  0],
       [ 0,  0,  9,  1],
       [ 0,  0,  3, 11]]), array([[11,  0,  0,  0],
       [ 2,  8,  0,  0],
       [ 0,  0,  5,  4],
       [ 0,  0,  3, 12]]), array([[ 8,  2,  1,  0],
       [ 0,  5,  0,  4],
       [ 0,  0,  7,  3],
       [ 0,  0,  1, 14]]), array([[11,  0,  0,  0],
       [ 5,  4,  0,  0],
       [ 0,  0,  6,  4],
       [ 0,  0,  2, 13]]), array([[11,  0,  0,  0],
       [ 3,  6,  0,  0],
       [ 0,  0,  6,  4],
       [ 0,  0,  3, 12]]), array([[ 9,  1,  1,  0],
       [ 4,  5,  0,  0],
       [ 1,  0,  6,  3],
       [ 0,  0,  3, 12]])]"
4,"[1.0, 1.0, 1.0, 1.0, 1.0, 1.0, 1.0, 1.0, 1.0, 1.0]","[1.0, 1.0, 1.0, 1.0, 1.0, 1.0, 1.0, 1.0, 1.0, 1.0]","[1.0, 1.0, 1.0, 1.0, 1.0, 1.0, 1.0, 1.0, 1.0, 1.0]","[1.0, 1.0, 1.0, 1.0, 1.0, 1.0, 1.0, 1.0, 1.0, 1.0]","[1.0, 1.0, 1.0, 1.0, 1.0, 1.0, 1.0, 1.0, 1.0, 1.0]","[1.0, 1.0, 1.0, 1.0, 1.0, 1.0, 1.0, 1.0, 1.0, 1.0]","[1.0, 1.0, 1.0, 1.0, 1.0, 1.0, 1.0, 1.0, 1.0, 1.0]","[1.0, 1.0, 1.0, 1.0, 1.0, 1.0, 1.0, 1.0, 1.0, 1.0]","[1.0, 1.0, 1.0, 1.0, 1.0, 1.0, 1.0, 1.0, 1.0, 1.0]","[1.0, 1.0, 1.0, 1.0, 1.0, 1.0, 1.0, 1.0, 1.0, 1.0]","[array([[100,   0,   0,   0],
       [  0,  85,   0,   0],
       [  0,   0,  89,   0],
       [  0,   0,   0, 134]]), array([[100,   0,   0,   0],
       [  0,  85,   0,   0],
       [  0,   0,  89,   0],
       [  0,   0,   0, 134]]), array([[101,   0,   0,   0],
       [  0,  84,   0,   0],
       [  0,   0,  89,   0],
       [  0,   0,   0, 134]]), array([[101,   0,   0,   0],
       [  0,  84,   0,   0],
       [  0,   0,  89,   0],
       [  0,   0,   0, 134]]), array([[101,   0,   0,   0],
       [  0,  84,   0,   0],
       [  0,   0,  89,   0],
       [  0,   0,   0, 135]]), array([[101,   0,   0,   0],
       [  0,  84,   0,   0],
       [  0,   0,  90,   0],
       [  0,   0,   0, 134]]), array([[101,   0,   0,   0],
       [  0,  85,   0,   0],
       [  0,   0,  89,   0],
       [  0,   0,   0, 134]]), array([[101,   0,   0,   0],
       [  0,  85,   0,   0],
       [  0,   0,  89,   0],
       [  0,   0,   0, 134]]), array([[101,   0,   0,   0],
       [  0,  85,   0,   0],
       [  0,   0,  89,   0],
       [  0,   0,   0, 134]]), array([[101,   0,   0,   0],
       [  0,  85,   0,   0],
       [  0,   0,  89,   0],
       [  0,   0,   0, 134]])]","[0.7608695652173914, 0.8478260869565217, 0.8260869565217391, 0.8260869565217391, 0.8666666666666667, 0.8, 0.7555555555555555, 0.7777777777777778, 0.8, 0.7111111111111111]","[0.7608695652173914, 0.8478260869565217, 0.8260869565217391, 0.8260869565217391, 0.8666666666666667, 0.8, 0.7555555555555555, 0.7777777777777778, 0.8, 0.7111111111111111]","[0.7608695652173914, 0.8478260869565217, 0.8260869565217391, 0.8260869565217391, 0.8666666666666667, 0.8, 0.7555555555555555, 0.7777777777777778, 0.8, 0.7111111111111111]","[0.7608695652173914, 0.8478260869565217, 0.8260869565217391, 0.8260869565217391, 0.8666666666666667, 0.8, 0.7555555555555555, 0.7777777777777778, 0.8, 0.7111111111111111]","[0.7924242424242425, 0.8990384615384616, 0.8270944741532977, 0.8305555555555555, 0.8785714285714286, 0.8052884615384616, 0.7896825396825397, 0.8120098039215686, 0.8157051282051282, 0.7190476190476192]","[0.7472222222222222, 0.8236111111111111, 0.812878787878788, 0.8272727272727272, 0.875974025974026, 0.788888888888889, 0.729040404040404, 0.7555555555555555, 0.7944444444444445, 0.6934343434343435]","[0.7507936507936508, 0.8405357142857143, 0.8180322966507176, 0.8279176201372997, 0.8676190476190476, 0.7919960995150748, 0.7454312865497076, 0.7599015567765568, 0.7993597906055461, 0.6966666666666668]","[0.781818181818182, 0.8783444816053512, 0.8265132139812446, 0.8272946859903382, 0.8898412698412699, 0.8040598290598291, 0.7823633156966491, 0.8008278867102395, 0.8049857549857549, 0.7238095238095238]","[0.7608695652173914, 0.8478260869565217, 0.8260869565217391, 0.8260869565217391, 0.8666666666666667, 0.8, 0.7555555555555555, 0.7777777777777778, 0.8, 0.7111111111111111]","[0.7556935817805382, 0.8433074534161491, 0.8242276887871853, 0.8257884787583325, 0.8684867724867726, 0.7973165132241665, 0.7538499025341131, 0.7686762311762312, 0.7974894673960888, 0.7093333333333334]","[array([[12,  0,  0,  0],
       [ 3,  5,  0,  1],
       [ 0,  0,  7,  3],
       [ 0,  0,  4, 11]]), array([[11,  0,  0,  1],
       [ 2,  7,  0,  0],
       [ 0,  0,  6,  4],
       [ 0,  0,  0, 15]]), array([[ 9,  2,  0,  0],
       [ 2,  7,  0,  1],
       [ 0,  0,  8,  2],
       [ 0,  0,  1, 14]]), array([[10,  1,  0,  0],
       [ 1,  8,  0,  1],
       [ 0,  0,  8,  2],
       [ 1,  0,  2, 12]]), array([[ 9,  1,  1,  0],
       [ 1,  9,  0,  0],
       [ 0,  0, 10,  0],
       [ 0,  0,  3, 11]]), array([[11,  0,  0,  0],
       [ 2,  8,  0,  0],
       [ 0,  0,  5,  4],
       [ 0,  0,  3, 12]]), array([[ 8,  2,  1,  0],
       [ 0,  5,  0,  4],
       [ 0,  0,  7,  3],
       [ 0,  0,  1, 14]]), array([[11,  0,  0,  0],
       [ 4,  5,  0,  0],
       [ 0,  0,  6,  4],
       [ 0,  0,  2, 13]]), array([[11,  0,  0,  0],
       [ 2,  7,  0,  0],
       [ 0,  0,  6,  4],
       [ 0,  0,  3, 12]]), array([[ 9,  1,  1,  0],
       [ 4,  5,  0,  0],
       [ 1,  0,  6,  3],
       [ 0,  0,  3, 12]])]"
5,"[1.0, 1.0, 1.0, 1.0, 1.0, 1.0, 1.0, 1.0, 1.0, 1.0]","[1.0, 1.0, 1.0, 1.0, 1.0, 1.0, 1.0, 1.0, 1.0, 1.0]","[1.0, 1.0, 1.0, 1.0, 1.0, 1.0, 1.0, 1.0, 1.0, 1.0]","[1.0, 1.0, 1.0, 1.0, 1.0, 1.0, 1.0, 1.0, 1.0, 1.0]","[1.0, 1.0, 1.0, 1.0, 1.0, 1.0, 1.0, 1.0, 1.0, 1.0]","[1.0, 1.0, 1.0, 1.0, 1.0, 1.0, 1.0, 1.0, 1.0, 1.0]","[1.0, 1.0, 1.0, 1.0, 1.0, 1.0, 1.0, 1.0, 1.0, 1.0]","[1.0, 1.0, 1.0, 1.0, 1.0, 1.0, 1.0, 1.0, 1.0, 1.0]","[1.0, 1.0, 1.0, 1.0, 1.0, 1.0, 1.0, 1.0, 1.0, 1.0]","[1.0, 1.0, 1.0, 1.0, 1.0, 1.0, 1.0, 1.0, 1.0, 1.0]","[array([[100,   0,   0,   0],
       [  0,  85,   0,   0],
       [  0,   0,  89,   0],
       [  0,   0,   0, 134]]), array([[100,   0,   0,   0],
       [  0,  85,   0,   0],
       [  0,   0,  89,   0],
       [  0,   0,   0, 134]]), array([[101,   0,   0,   0],
       [  0,  84,   0,   0],
       [  0,   0,  89,   0],
       [  0,   0,   0, 134]]), array([[101,   0,   0,   0],
       [  0,  84,   0,   0],
       [  0,   0,  89,   0],
       [  0,   0,   0, 134]]), array([[101,   0,   0,   0],
       [  0,  84,   0,   0],
       [  0,   0,  89,   0],
       [  0,   0,   0, 135]]), array([[101,   0,   0,   0],
       [  0,  84,   0,   0],
       [  0,   0,  90,   0],
       [  0,   0,   0, 134]]), array([[101,   0,   0,   0],
       [  0,  85,   0,   0],
       [  0,   0,  89,   0],
       [  0,   0,   0, 134]]), array([[101,   0,   0,   0],
       [  0,  85,   0,   0],
       [  0,   0,  89,   0],
       [  0,   0,   0, 134]]), array([[101,   0,   0,   0],
       [  0,  85,   0,   0],
       [  0,   0,  89,   0],
       [  0,   0,   0, 134]]), array([[101,   0,   0,   0],
       [  0,  85,   0,   0],
       [  0,   0,  89,   0],
       [  0,   0,   0, 134]])]","[0.8260869565217391, 0.8260869565217391, 0.782608695652174, 0.8043478260869565, 0.8222222222222222, 0.8, 0.7333333333333333, 0.6888888888888889, 0.7777777777777778, 0.7777777777777778]","[0.8260869565217391, 0.8260869565217391, 0.782608695652174, 0.8043478260869565, 0.8222222222222222, 0.8, 0.7333333333333333, 0.6888888888888889, 0.7777777777777778, 0.7777777777777778]","[0.8260869565217391, 0.8260869565217391, 0.782608695652174, 0.8043478260869565, 0.8222222222222222, 0.8, 0.7333333333333333, 0.6888888888888889, 0.7777777777777778, 0.7777777777777778]","[0.8260869565217391, 0.8260869565217391, 0.782608695652174, 0.8043478260869565, 0.8222222222222222, 0.8, 0.7333333333333333, 0.6888888888888889, 0.7777777777777778, 0.7777777777777778]","[0.8517857142857143, 0.8601190476190477, 0.7918709150326797, 0.8110576923076922, 0.8434343434343434, 0.7972222222222223, 0.7499999999999999, 0.6979166666666666, 0.7852698771816419, 0.783008658008658]","[0.8138888888888889, 0.8027777777777778, 0.7712121212121211, 0.8022727272727272, 0.8353896103896105, 0.793939393939394, 0.7012626262626263, 0.6606060606060606, 0.7606060606060606, 0.766161616161616]","[0.8122356570632433, 0.8178396358543418, 0.7774321446732774, 0.8027777777777778, 0.8226190476190477, 0.7945842868039663, 0.7119883040935673, 0.65201292450868, 0.765625, 0.7640394088669951]","[0.8468944099378881, 0.8439440993788819, 0.7880079568059107, 0.8089464882943144, 0.8583613916947249, 0.8012345679012346, 0.745679012345679, 0.7009259259259258, 0.7810313869137399, 0.7886002886002886]","[0.8260869565217391, 0.8260869565217391, 0.782608695652174, 0.8043478260869565, 0.8222222222222222, 0.8, 0.7333333333333333, 0.6888888888888889, 0.7777777777777778, 0.7777777777777778]","[0.8193662908805337, 0.8215427475337961, 0.7813564017952884, 0.8031400966183575, 0.8230687830687831, 0.7996948893974066, 0.7252241715399611, 0.6717930444774436, 0.7726851851851853, 0.7740631271665754]","[array([[12,  0,  0,  0],
       [ 3,  5,  0,  1],
       [ 0,  0,  9,  1],
       [ 0,  0,  3, 12]]), array([[10,  0,  1,  1],
       [ 2,  7,  0,  0],
       [ 0,  0,  6,  4],
       [ 0,  0,  0, 15]]), array([[ 9,  2,  0,  0],
       [ 2,  7,  0,  1],
       [ 0,  0,  7,  3],
       [ 1,  0,  1, 13]]), array([[10,  1,  0,  0],
       [ 2,  7,  0,  1],
       [ 0,  0,  8,  2],
       [ 1,  0,  2, 12]]), array([[ 8,  2,  1,  0],
       [ 1,  9,  0,  0],
       [ 0,  0, 10,  0],
       [ 0,  0,  4, 10]]), array([[10,  1,  0,  0],
       [ 2,  8,  0,  0],
       [ 0,  0,  6,  3],
       [ 0,  0,  3, 12]]), array([[ 8,  2,  1,  0],
       [ 1,  4,  0,  4],
       [ 0,  0,  7,  3],
       [ 0,  0,  1, 14]]), array([[10,  1,  0,  0],
       [ 6,  3,  0,  0],
       [ 0,  0,  6,  4],
       [ 0,  0,  3, 12]]), array([[10,  1,  0,  0],
       [ 3,  6,  0,  0],
       [ 0,  0,  6,  4],
       [ 0,  0,  2, 13]]), array([[10,  1,  0,  0],
       [ 3,  5,  0,  1],
       [ 1,  0,  8,  1],
       [ 0,  0,  3, 12]])]"
6,"[1.0, 1.0, 1.0, 1.0, 1.0, 1.0, 1.0, 1.0, 1.0, 1.0]","[1.0, 1.0, 1.0, 1.0, 1.0, 1.0, 1.0, 1.0, 1.0, 1.0]","[1.0, 1.0, 1.0, 1.0, 1.0, 1.0, 1.0, 1.0, 1.0, 1.0]","[1.0, 1.0, 1.0, 1.0, 1.0, 1.0, 1.0, 1.0, 1.0, 1.0]","[1.0, 1.0, 1.0, 1.0, 1.0, 1.0, 1.0, 1.0, 1.0, 1.0]","[1.0, 1.0, 1.0, 1.0, 1.0, 1.0, 1.0, 1.0, 1.0, 1.0]","[1.0, 1.0, 1.0, 1.0, 1.0, 1.0, 1.0, 1.0, 1.0, 1.0]","[1.0, 1.0, 1.0, 1.0, 1.0, 1.0, 1.0, 1.0, 1.0, 1.0]","[1.0, 1.0, 1.0, 1.0, 1.0, 1.0, 1.0, 1.0, 1.0, 1.0]","[1.0, 1.0, 1.0, 1.0, 1.0, 1.0, 1.0, 1.0, 1.0, 1.0]","[array([[100,   0,   0,   0],
       [  0,  85,   0,   0],
       [  0,   0,  89,   0],
       [  0,   0,   0, 134]]), array([[100,   0,   0,   0],
       [  0,  85,   0,   0],
       [  0,   0,  89,   0],
       [  0,   0,   0, 134]]), array([[101,   0,   0,   0],
       [  0,  84,   0,   0],
       [  0,   0,  89,   0],
       [  0,   0,   0, 134]]), array([[101,   0,   0,   0],
       [  0,  84,   0,   0],
       [  0,   0,  89,   0],
       [  0,   0,   0, 134]]), array([[101,   0,   0,   0],
       [  0,  84,   0,   0],
       [  0,   0,  89,   0],
       [  0,   0,   0, 135]]), array([[101,   0,   0,   0],
       [  0,  84,   0,   0],
       [  0,   0,  90,   0],
       [  0,   0,   0, 134]]), array([[101,   0,   0,   0],
       [  0,  85,   0,   0],
       [  0,   0,  89,   0],
       [  0,   0,   0, 134]]), array([[101,   0,   0,   0],
       [  0,  85,   0,   0],
       [  0,   0,  89,   0],
       [  0,   0,   0, 134]]), array([[101,   0,   0,   0],
       [  0,  85,   0,   0],
       [  0,   0,  89,   0],
       [  0,   0,   0, 134]]), array([[101,   0,   0,   0],
       [  0,  85,   0,   0],
       [  0,   0,  89,   0],
       [  0,   0,   0, 134]])]","[0.7608695652173914, 0.8260869565217391, 0.8043478260869565, 0.8478260869565217, 0.8222222222222222, 0.8, 0.7333333333333333, 0.7333333333333333, 0.8, 0.7555555555555555]","[0.7608695652173914, 0.8260869565217391, 0.8043478260869565, 0.8478260869565217, 0.8222222222222222, 0.8, 0.7333333333333333, 0.7333333333333333, 0.8, 0.7555555555555555]","[0.7608695652173914, 0.8260869565217391, 0.8043478260869565, 0.8478260869565217, 0.8222222222222222, 0.8, 0.7333333333333333, 0.7333333333333333, 0.8, 0.7555555555555555]","[0.7608695652173914, 0.8260869565217391, 0.8043478260869565, 0.8478260869565217, 0.8222222222222222, 0.8, 0.7333333333333333, 0.7333333333333333, 0.8, 0.7555555555555555]","[0.7924242424242425, 0.8645833333333334, 0.8121843434343434, 0.8717757936507936, 0.8434343434343434, 0.8036616161616161, 0.7499999999999999, 0.745343137254902, 0.8057598039215687, 0.796875]","[0.7472222222222222, 0.8, 0.7878787878787878, 0.8416666666666667, 0.8353896103896105, 0.793939393939394, 0.7012626262626263, 0.705050505050505, 0.7883838383838384, 0.7361111111111112]","[0.7507936507936508, 0.817063492063492, 0.7953216374269007, 0.8460860880854889, 0.8226190476190477, 0.7980140968256417, 0.7119883040935673, 0.7049565018315018, 0.7930653239556692, 0.7325498575498575]","[0.781818181818182, 0.8478260869565217, 0.8085748792270531, 0.8634618702553485, 0.8583613916947249, 0.8030864197530864, 0.745679012345679, 0.7445315904139432, 0.8002723311546842, 0.7902777777777777]","[0.7608695652173914, 0.8260869565217391, 0.8043478260869565, 0.8478260869565217, 0.8222222222222222, 0.8, 0.7333333333333333, 0.7333333333333333, 0.8, 0.7555555555555555]","[0.7556935817805382, 0.8224982746721877, 0.8015972077756975, 0.8460215632720941, 0.8230687830687831, 0.8007545746085643, 0.7252241715399611, 0.7213013838013838, 0.7962477503078526, 0.7444761000316557]","[array([[12,  0,  0,  0],
       [ 3,  5,  0,  1],
       [ 0,  0,  7,  3],
       [ 0,  0,  4, 11]]), array([[10,  0,  1,  1],
       [ 2,  6,  0,  1],
       [ 0,  0,  7,  3],
       [ 0,  0,  0, 15]]), array([[ 9,  2,  0,  0],
       [ 2,  7,  0,  1],
       [ 0,  0,  7,  3],
       [ 0,  0,  1, 14]]), array([[11,  0,  0,  0],
       [ 2,  7,  0,  1],
       [ 0,  0,  8,  2],
       [ 1,  0,  1, 13]]), array([[ 8,  2,  1,  0],
       [ 1,  9,  0,  0],
       [ 0,  0, 10,  0],
       [ 0,  0,  4, 10]]), array([[10,  1,  0,  0],
       [ 1,  8,  0,  1],
       [ 0,  0,  6,  3],
       [ 0,  0,  3, 12]]), array([[ 8,  2,  1,  0],
       [ 1,  4,  0,  4],
       [ 0,  0,  7,  3],
       [ 0,  0,  1, 14]]), array([[10,  1,  0,  0],
       [ 5,  4,  0,  0],
       [ 0,  0,  6,  4],
       [ 0,  0,  2, 13]]), array([[10,  1,  0,  0],
       [ 2,  7,  0,  0],
       [ 0,  0,  6,  4],
       [ 0,  0,  2, 13]]), array([[11,  0,  0,  0],
       [ 4,  4,  0,  1],
       [ 1,  0,  7,  2],
       [ 0,  0,  3, 12]])]"
7,"[1.0, 1.0, 1.0, 1.0, 1.0, 1.0, 1.0, 1.0, 1.0, 1.0]","[1.0, 1.0, 1.0, 1.0, 1.0, 1.0, 1.0, 1.0, 1.0, 1.0]","[1.0, 1.0, 1.0, 1.0, 1.0, 1.0, 1.0, 1.0, 1.0, 1.0]","[1.0, 1.0, 1.0, 1.0, 1.0, 1.0, 1.0, 1.0, 1.0, 1.0]","[1.0, 1.0, 1.0, 1.0, 1.0, 1.0, 1.0, 1.0, 1.0, 1.0]","[1.0, 1.0, 1.0, 1.0, 1.0, 1.0, 1.0, 1.0, 1.0, 1.0]","[1.0, 1.0, 1.0, 1.0, 1.0, 1.0, 1.0, 1.0, 1.0, 1.0]","[1.0, 1.0, 1.0, 1.0, 1.0, 1.0, 1.0, 1.0, 1.0, 1.0]","[1.0, 1.0, 1.0, 1.0, 1.0, 1.0, 1.0, 1.0, 1.0, 1.0]","[1.0, 1.0, 1.0, 1.0, 1.0, 1.0, 1.0, 1.0, 1.0, 1.0]","[array([[100,   0,   0,   0],
       [  0,  85,   0,   0],
       [  0,   0,  89,   0],
       [  0,   0,   0, 134]]), array([[100,   0,   0,   0],
       [  0,  85,   0,   0],
       [  0,   0,  89,   0],
       [  0,   0,   0, 134]]), array([[101,   0,   0,   0],
       [  0,  84,   0,   0],
       [  0,   0,  89,   0],
       [  0,   0,   0, 134]]), array([[101,   0,   0,   0],
       [  0,  84,   0,   0],
       [  0,   0,  89,   0],
       [  0,   0,   0, 134]]), array([[101,   0,   0,   0],
       [  0,  84,   0,   0],
       [  0,   0,  89,   0],
       [  0,   0,   0, 135]]), array([[101,   0,   0,   0],
       [  0,  84,   0,   0],
       [  0,   0,  90,   0],
       [  0,   0,   0, 134]]), array([[101,   0,   0,   0],
       [  0,  85,   0,   0],
       [  0,   0,  89,   0],
       [  0,   0,   0, 134]]), array([[101,   0,   0,   0],
       [  0,  85,   0,   0],
       [  0,   0,  89,   0],
       [  0,   0,   0, 134]]), array([[101,   0,   0,   0],
       [  0,  85,   0,   0],
       [  0,   0,  89,   0],
       [  0,   0,   0, 134]]), array([[101,   0,   0,   0],
       [  0,  85,   0,   0],
       [  0,   0,  89,   0],
       [  0,   0,   0, 134]])]","[0.7391304347826086, 0.8478260869565217, 0.717391304347826, 0.8478260869565217, 0.7111111111111111, 0.8222222222222222, 0.7333333333333333, 0.7777777777777778, 0.7777777777777778, 0.7555555555555555]","[0.7391304347826086, 0.8478260869565217, 0.717391304347826, 0.8478260869565217, 0.7111111111111111, 0.8222222222222222, 0.7333333333333333, 0.7777777777777778, 0.7777777777777778, 0.7555555555555555]","[0.7391304347826086, 0.8478260869565217, 0.717391304347826, 0.8478260869565217, 0.7111111111111111, 0.8222222222222222, 0.7333333333333333, 0.7777777777777778, 0.7777777777777778, 0.7555555555555555]","[0.7391304347826086, 0.8478260869565217, 0.717391304347826, 0.8478260869565217, 0.7111111111111111, 0.8222222222222222, 0.7333333333333333, 0.7777777777777778, 0.7777777777777778, 0.7555555555555555]","[0.7836538461538461, 0.8782051282051282, 0.720788770053476, 0.870412267471091, 0.7163461538461539, 0.8244949494949494, 0.7499999999999999, 0.7844742063492064, 0.777724358974359, 0.7619047619047619]","[0.7277777777777777, 0.8291666666666666, 0.7068181818181818, 0.8356060606060607, 0.7103896103896103, 0.8217171717171716, 0.7012626262626263, 0.7578282828282829, 0.7717171717171718, 0.7411616161616161]","[0.7206163401815576, 0.8426475279106859, 0.7109848484848484, 0.8434920020639834, 0.7068004459308806, 0.8220095693779905, 0.7119883040935673, 0.7605546123372949, 0.7721104231166149, 0.7416666666666667]","[0.7759197324414716, 0.8632478632478633, 0.7193094629156012, 0.8631167071064768, 0.7256410256410256, 0.8264197530864198, 0.745679012345679, 0.784942680776014, 0.7778490028490027, 0.7634920634920636]","[0.7391304347826086, 0.8478260869565217, 0.717391304347826, 0.8478260869565217, 0.7111111111111111, 0.8222222222222222, 0.7333333333333333, 0.7777777777777778, 0.7777777777777778, 0.7555555555555555]","[0.7281518103824342, 0.8458331599750365, 0.7155797101449275, 0.8466959438237538, 0.7121020686238079, 0.8233918128654971, 0.7252241715399611, 0.7722014714204868, 0.775427129916294, 0.7511111111111111]","[array([[12,  0,  0,  0],
       [ 4,  4,  0,  1],
       [ 0,  0,  8,  2],
       [ 0,  0,  5, 10]]), array([[11,  0,  0,  1],
       [ 2,  6,  0,  1],
       [ 0,  0,  8,  2],
       [ 0,  0,  1, 14]]), array([[ 8,  3,  0,  0],
       [ 2,  7,  0,  1],
       [ 0,  0,  6,  4],
       [ 1,  0,  2, 12]]), array([[10,  0,  1,  0],
       [ 2,  7,  0,  1],
       [ 0,  0,  8,  2],
       [ 1,  0,  0, 14]]), array([[ 8,  2,  1,  0],
       [ 4,  6,  0,  0],
       [ 0,  0,  8,  2],
       [ 0,  0,  4, 10]]), array([[10,  1,  0,  0],
       [ 1,  8,  0,  1],
       [ 0,  0,  7,  2],
       [ 0,  0,  3, 12]]), array([[ 8,  2,  1,  0],
       [ 1,  4,  0,  4],
       [ 0,  0,  7,  3],
       [ 0,  0,  1, 14]]), array([[10,  1,  0,  0],
       [ 4,  5,  0,  0],
       [ 0,  0,  7,  3],
       [ 0,  0,  2, 13]]), array([[10,  1,  0,  0],
       [ 2,  7,  0,  0],
       [ 1,  0,  6,  3],
       [ 0,  0,  3, 12]]), array([[10,  1,  0,  0],
       [ 3,  5,  0,  1],
       [ 1,  0,  7,  2],
       [ 0,  0,  3, 12]])]"
8,"[1.0, 1.0, 1.0, 1.0, 1.0, 1.0, 1.0, 1.0, 1.0, 1.0]","[1.0, 1.0, 1.0, 1.0, 1.0, 1.0, 1.0, 1.0, 1.0, 1.0]","[1.0, 1.0, 1.0, 1.0, 1.0, 1.0, 1.0, 1.0, 1.0, 1.0]","[1.0, 1.0, 1.0, 1.0, 1.0, 1.0, 1.0, 1.0, 1.0, 1.0]","[1.0, 1.0, 1.0, 1.0, 1.0, 1.0, 1.0, 1.0, 1.0, 1.0]","[1.0, 1.0, 1.0, 1.0, 1.0, 1.0, 1.0, 1.0, 1.0, 1.0]","[1.0, 1.0, 1.0, 1.0, 1.0, 1.0, 1.0, 1.0, 1.0, 1.0]","[1.0, 1.0, 1.0, 1.0, 1.0, 1.0, 1.0, 1.0, 1.0, 1.0]","[1.0, 1.0, 1.0, 1.0, 1.0, 1.0, 1.0, 1.0, 1.0, 1.0]","[1.0, 1.0, 1.0, 1.0, 1.0, 1.0, 1.0, 1.0, 1.0, 1.0]","[array([[100,   0,   0,   0],
       [  0,  85,   0,   0],
       [  0,   0,  89,   0],
       [  0,   0,   0, 134]]), array([[100,   0,   0,   0],
       [  0,  85,   0,   0],
       [  0,   0,  89,   0],
       [  0,   0,   0, 134]]), array([[101,   0,   0,   0],
       [  0,  84,   0,   0],
       [  0,   0,  89,   0],
       [  0,   0,   0, 134]]), array([[101,   0,   0,   0],
       [  0,  84,   0,   0],
       [  0,   0,  89,   0],
       [  0,   0,   0, 134]]), array([[101,   0,   0,   0],
       [  0,  84,   0,   0],
       [  0,   0,  89,   0],
       [  0,   0,   0, 135]]), array([[101,   0,   0,   0],
       [  0,  84,   0,   0],
       [  0,   0,  90,   0],
       [  0,   0,   0, 134]]), array([[101,   0,   0,   0],
       [  0,  85,   0,   0],
       [  0,   0,  89,   0],
       [  0,   0,   0, 134]]), array([[101,   0,   0,   0],
       [  0,  85,   0,   0],
       [  0,   0,  89,   0],
       [  0,   0,   0, 134]]), array([[101,   0,   0,   0],
       [  0,  85,   0,   0],
       [  0,   0,  89,   0],
       [  0,   0,   0, 134]]), array([[101,   0,   0,   0],
       [  0,  85,   0,   0],
       [  0,   0,  89,   0],
       [  0,   0,   0, 134]])]","[0.7608695652173914, 0.8478260869565217, 0.6956521739130435, 0.8260869565217391, 0.7333333333333333, 0.8222222222222222, 0.7555555555555555, 0.7777777777777778, 0.8, 0.7333333333333333]","[0.7608695652173914, 0.8478260869565217, 0.6956521739130435, 0.8260869565217391, 0.7333333333333333, 0.8222222222222222, 0.7555555555555555, 0.7777777777777778, 0.8, 0.7333333333333333]","[0.7608695652173914, 0.8478260869565217, 0.6956521739130435, 0.8260869565217391, 0.7333333333333333, 0.8222222222222222, 0.7555555555555555, 0.7777777777777778, 0.8, 0.7333333333333333]","[0.7608695652173914, 0.8478260869565217, 0.6956521739130435, 0.8260869565217391, 0.7333333333333333, 0.8222222222222222, 0.7555555555555555, 0.7777777777777778, 0.8, 0.7333333333333333]","[0.800595238095238, 0.8990384615384616, 0.6953598484848484, 0.8586805555555556, 0.7280011655011654, 0.8244949494949494, 0.7702380952380952, 0.7906746031746033, 0.8057598039215687, 0.7760416666666666]","[0.7444444444444445, 0.8208333333333333, 0.6901515151515152, 0.8166666666666668, 0.7305194805194805, 0.8217171717171716, 0.729040404040404, 0.7606060606060606, 0.7883838383838384, 0.711111111111111]","[0.7396052223638432, 0.8401680672268909, 0.6921322734989968, 0.819242196682774, 0.7241762813845194, 0.8220095693779905, 0.7404605263157895, 0.7685276679841897, 0.7930653239556692, 0.708992981488737]","[0.7924430641821946, 0.8783444816053512, 0.6951992753623187, 0.8509359903381642, 0.7427350427350426, 0.8264197530864198, 0.7663139329805997, 0.7825396825396825, 0.8002723311546842, 0.7662037037037036]","[0.7608695652173914, 0.8478260869565217, 0.6956521739130435, 0.8260869565217391, 0.7333333333333333, 0.8222222222222222, 0.7555555555555555, 0.7777777777777778, 0.8, 0.7333333333333333]","[0.7494829009071888, 0.8446181951041286, 0.6948032774784086, 0.8219432630556863, 0.7330673394746621, 0.8233918128654971, 0.7509649122807017, 0.7733347972478408, 0.7962477503078526, 0.7206692711314481]","[array([[12,  0,  0,  0],
       [ 4,  4,  0,  1],
       [ 0,  0,  8,  2],
       [ 0,  0,  4, 11]]), array([[11,  0,  0,  1],
       [ 2,  6,  0,  1],
       [ 0,  0,  7,  3],
       [ 0,  0,  0, 15]]), array([[ 8,  3,  0,  0],
       [ 2,  7,  0,  1],
       [ 0,  0,  6,  4],
       [ 1,  0,  3, 11]]), array([[11,  0,  0,  0],
       [ 3,  6,  0,  1],
       [ 0,  0,  8,  2],
       [ 1,  0,  1, 13]]), array([[ 7,  3,  1,  0],
       [ 4,  6,  0,  0],
       [ 0,  0,  9,  1],
       [ 0,  0,  3, 11]]), array([[10,  1,  0,  0],
       [ 1,  8,  0,  1],
       [ 0,  0,  7,  2],
       [ 0,  0,  3, 12]]), array([[ 8,  2,  1,  0],
       [ 1,  5,  0,  3],
       [ 0,  0,  7,  3],
       [ 0,  0,  1, 14]]), array([[10,  1,  0,  0],
       [ 2,  6,  0,  1],
       [ 0,  0,  6,  4],
       [ 0,  0,  2, 13]]), array([[10,  1,  0,  0],
       [ 2,  7,  0,  0],
       [ 0,  0,  6,  4],
       [ 0,  0,  2, 13]]), array([[11,  0,  0,  0],
       [ 4,  4,  0,  1],
       [ 1,  0,  6,  3],
       [ 0,  0,  3, 12]])]"
9,"[1.0, 1.0, 1.0, 1.0, 1.0, 1.0, 1.0, 1.0, 1.0, 1.0]","[1.0, 1.0, 1.0, 1.0, 1.0, 1.0, 1.0, 1.0, 1.0, 1.0]","[1.0, 1.0, 1.0, 1.0, 1.0, 1.0, 1.0, 1.0, 1.0, 1.0]","[1.0, 1.0, 1.0, 1.0, 1.0, 1.0, 1.0, 1.0, 1.0, 1.0]","[1.0, 1.0, 1.0, 1.0, 1.0, 1.0, 1.0, 1.0, 1.0, 1.0]","[1.0, 1.0, 1.0, 1.0, 1.0, 1.0, 1.0, 1.0, 1.0, 1.0]","[1.0, 1.0, 1.0, 1.0, 1.0, 1.0, 1.0, 1.0, 1.0, 1.0]","[1.0, 1.0, 1.0, 1.0, 1.0, 1.0, 1.0, 1.0, 1.0, 1.0]","[1.0, 1.0, 1.0, 1.0, 1.0, 1.0, 1.0, 1.0, 1.0, 1.0]","[1.0, 1.0, 1.0, 1.0, 1.0, 1.0, 1.0, 1.0, 1.0, 1.0]","[array([[100,   0,   0,   0],
       [  0,  85,   0,   0],
       [  0,   0,  89,   0],
       [  0,   0,   0, 134]]), array([[100,   0,   0,   0],
       [  0,  85,   0,   0],
       [  0,   0,  89,   0],
       [  0,   0,   0, 134]]), array([[101,   0,   0,   0],
       [  0,  84,   0,   0],
       [  0,   0,  89,   0],
       [  0,   0,   0, 134]]), array([[101,   0,   0,   0],
       [  0,  84,   0,   0],
       [  0,   0,  89,   0],
       [  0,   0,   0, 134]]), array([[101,   0,   0,   0],
       [  0,  84,   0,   0],
       [  0,   0,  89,   0],
       [  0,   0,   0, 135]]), array([[101,   0,   0,   0],
       [  0,  84,   0,   0],
       [  0,   0,  90,   0],
       [  0,   0,   0, 134]]), array([[101,   0,   0,   0],
       [  0,  85,   0,   0],
       [  0,   0,  89,   0],
       [  0,   0,   0, 134]]), array([[101,   0,   0,   0],
       [  0,  85,   0,   0],
       [  0,   0,  89,   0],
       [  0,   0,   0, 134]]), array([[101,   0,   0,   0],
       [  0,  85,   0,   0],
       [  0,   0,  89,   0],
       [  0,   0,   0, 134]]), array([[101,   0,   0,   0],
       [  0,  85,   0,   0],
       [  0,   0,  89,   0],
       [  0,   0,   0, 134]])]","[0.782608695652174, 0.8260869565217391, 0.717391304347826, 0.8043478260869565, 0.7333333333333333, 0.8, 0.7555555555555555, 0.7777777777777778, 0.7111111111111111, 0.7555555555555555]","[0.782608695652174, 0.8260869565217391, 0.717391304347826, 0.8043478260869565, 0.7333333333333333, 0.8, 0.7555555555555555, 0.7777777777777778, 0.7111111111111111, 0.7555555555555555]","[0.782608695652174, 0.8260869565217391, 0.717391304347826, 0.8043478260869565, 0.7333333333333333, 0.8, 0.7555555555555555, 0.7777777777777778, 0.7111111111111111, 0.7555555555555555]","[0.782608695652174, 0.8260869565217391, 0.717391304347826, 0.8043478260869565, 0.7333333333333333, 0.8, 0.7555555555555555, 0.7777777777777778, 0.7111111111111111, 0.7555555555555555]","[0.8193181818181818, 0.8527777777777779, 0.720788770053476, 0.8182043650793651, 0.7285214785214785, 0.8020833333333333, 0.7702380952380952, 0.7852698771816419, 0.725, 0.796875]","[0.7611111111111111, 0.8083333333333333, 0.7068181818181818, 0.793939393939394, 0.7211038961038961, 0.7967171717171717, 0.729040404040404, 0.7606060606060606, 0.6994949494949495, 0.7361111111111112]","[0.7586080586080586, 0.8204545454545455, 0.7109848484848484, 0.7966743233796065, 0.7184873949579832, 0.7960462751080599, 0.7404605263157895, 0.765625, 0.7002024291497976, 0.7325498575498575]","[0.8102766798418972, 0.8405797101449275, 0.7193094629156012, 0.8153252242926156, 0.7374403374403374, 0.8048148148148149, 0.7663139329805997, 0.7810313869137399, 0.7222222222222222, 0.7902777777777777]","[0.782608695652174, 0.8260869565217391, 0.717391304347826, 0.8043478260869565, 0.7333333333333333, 0.8, 0.7555555555555555, 0.7777777777777778, 0.7111111111111111, 0.7555555555555555]","[0.7705048574613792, 0.824505928853755, 0.7155797101449275, 0.8013156809191528, 0.7296607531901649, 0.7994349803655677, 0.7509649122807017, 0.7726851851851853, 0.7061628430049482, 0.7444761000316557]","[array([[12,  0,  0,  0],
       [ 4,  4,  0,  1],
       [ 0,  0,  8,  2],
       [ 0,  0,  3, 12]]), array([[10,  0,  1,  1],
       [ 2,  6,  0,  1],
       [ 0,  0,  8,  2],
       [ 0,  0,  1, 14]]), array([[ 8,  3,  0,  0],
       [ 2,  7,  0,  1],
       [ 0,  0,  6,  4],
       [ 1,  0,  2, 12]]), array([[10,  1,  0,  0],
       [ 3,  6,  0,  1],
       [ 0,  0,  8,  2],
       [ 1,  0,  1, 13]]), array([[ 8,  2,  1,  0],
       [ 5,  5,  0,  0],
       [ 0,  0,  8,  2],
       [ 0,  0,  2, 12]]), array([[10,  1,  0,  0],
       [ 2,  7,  0,  1],
       [ 0,  0,  7,  2],
       [ 0,  0,  3, 12]]), array([[ 8,  2,  1,  0],
       [ 1,  5,  0,  3],
       [ 0,  0,  7,  3],
       [ 0,  0,  1, 14]]), array([[10,  1,  0,  0],
       [ 3,  6,  0,  0],
       [ 0,  0,  6,  4],
       [ 0,  0,  2, 13]]), array([[10,  1,  0,  0],
       [ 4,  5,  0,  0],
       [ 0,  0,  6,  4],
       [ 1,  0,  3, 11]]), array([[11,  0,  0,  0],
       [ 4,  4,  0,  1],
       [ 1,  0,  7,  2],
       [ 0,  0,  3, 12]])]"
10,"[1.0, 1.0, 1.0, 1.0, 1.0, 1.0, 1.0, 1.0, 1.0, 1.0]","[1.0, 1.0, 1.0, 1.0, 1.0, 1.0, 1.0, 1.0, 1.0, 1.0]","[1.0, 1.0, 1.0, 1.0, 1.0, 1.0, 1.0, 1.0, 1.0, 1.0]","[1.0, 1.0, 1.0, 1.0, 1.0, 1.0, 1.0, 1.0, 1.0, 1.0]","[1.0, 1.0, 1.0, 1.0, 1.0, 1.0, 1.0, 1.0, 1.0, 1.0]","[1.0, 1.0, 1.0, 1.0, 1.0, 1.0, 1.0, 1.0, 1.0, 1.0]","[1.0, 1.0, 1.0, 1.0, 1.0, 1.0, 1.0, 1.0, 1.0, 1.0]","[1.0, 1.0, 1.0, 1.0, 1.0, 1.0, 1.0, 1.0, 1.0, 1.0]","[1.0, 1.0, 1.0, 1.0, 1.0, 1.0, 1.0, 1.0, 1.0, 1.0]","[1.0, 1.0, 1.0, 1.0, 1.0, 1.0, 1.0, 1.0, 1.0, 1.0]","[array([[100,   0,   0,   0],
       [  0,  85,   0,   0],
       [  0,   0,  89,   0],
       [  0,   0,   0, 134]]), array([[100,   0,   0,   0],
       [  0,  85,   0,   0],
       [  0,   0,  89,   0],
       [  0,   0,   0, 134]]), array([[101,   0,   0,   0],
       [  0,  84,   0,   0],
       [  0,   0,  89,   0],
       [  0,   0,   0, 134]]), array([[101,   0,   0,   0],
       [  0,  84,   0,   0],
       [  0,   0,  89,   0],
       [  0,   0,   0, 134]]), array([[101,   0,   0,   0],
       [  0,  84,   0,   0],
       [  0,   0,  89,   0],
       [  0,   0,   0, 135]]), array([[101,   0,   0,   0],
       [  0,  84,   0,   0],
       [  0,   0,  90,   0],
       [  0,   0,   0, 134]]), array([[101,   0,   0,   0],
       [  0,  85,   0,   0],
       [  0,   0,  89,   0],
       [  0,   0,   0, 134]]), array([[101,   0,   0,   0],
       [  0,  85,   0,   0],
       [  0,   0,  89,   0],
       [  0,   0,   0, 134]]), array([[101,   0,   0,   0],
       [  0,  85,   0,   0],
       [  0,   0,  89,   0],
       [  0,   0,   0, 134]]), array([[101,   0,   0,   0],
       [  0,  85,   0,   0],
       [  0,   0,  89,   0],
       [  0,   0,   0, 134]])]","[0.7391304347826086, 0.8043478260869565, 0.782608695652174, 0.8260869565217391, 0.7777777777777778, 0.8, 0.7111111111111111, 0.7777777777777778, 0.7111111111111111, 0.7777777777777778]","[0.7391304347826086, 0.8043478260869565, 0.782608695652174, 0.8260869565217391, 0.7777777777777778, 0.8, 0.7111111111111111, 0.7777777777777778, 0.7111111111111111, 0.7777777777777778]","[0.7391304347826086, 0.8043478260869565, 0.782608695652174, 0.8260869565217391, 0.7777777777777778, 0.8, 0.7111111111111111, 0.7777777777777778, 0.7111111111111111, 0.7777777777777778]","[0.7391304347826086, 0.8043478260869565, 0.782608695652174, 0.8260869565217391, 0.7777777777777778, 0.8, 0.7111111111111111, 0.7777777777777778, 0.7111111111111111, 0.7777777777777778]","[0.7799242424242424, 0.8511904761904763, 0.782165404040404, 0.8586805555555556, 0.7723665223665225, 0.8020833333333333, 0.7210526315789474, 0.7906746031746033, 0.725, 0.8151515151515152]","[0.7194444444444444, 0.775, 0.7734848484848486, 0.8166666666666668, 0.7711038961038962, 0.7967171717171717, 0.6896464646464646, 0.7606060606060606, 0.6994949494949495, 0.7611111111111111]","[0.7181318681318681, 0.7931372549019609, 0.7770219169624942, 0.819242196682774, 0.770790612895876, 0.7960462751080599, 0.6974458204334365, 0.7685276679841897, 0.7002024291497976, 0.7558608058608058]","[0.7687747035573121, 0.8322981366459627, 0.7842693236714975, 0.8509359903381642, 0.7789001122334456, 0.8048148148148149, 0.722514619883041, 0.7825396825396825, 0.7222222222222222, 0.8075420875420877]","[0.7391304347826086, 0.8043478260869565, 0.782608695652174, 0.8260869565217391, 0.7777777777777778, 0.8, 0.7111111111111111, 0.7777777777777778, 0.7111111111111111, 0.7777777777777778]","[0.7280617932791845, 0.7991048593350384, 0.7826456041928102, 0.8219432630556863, 0.7774993038150932, 0.7994349803655677, 0.7082215342277262, 0.7733347972478408, 0.7061628430049482, 0.765893365893366]","[array([[12,  0,  0,  0],
       [ 4,  4,  0,  1],
       [ 0,  0,  7,  3],
       [ 0,  0,  4, 11]]), array([[10,  0,  1,  1],
       [ 2,  6,  0,  1],
       [ 0,  0,  6,  4],
       [ 0,  0,  0, 15]]), array([[ 8,  3,  0,  0],
       [ 2,  7,  0,  1],
       [ 0,  0,  8,  2],
       [ 1,  0,  1, 13]]), array([[11,  0,  0,  0],
       [ 3,  6,  0,  1],
       [ 0,  0,  8,  2],
       [ 1,  0,  1, 13]]), array([[ 8,  2,  1,  0],
       [ 3,  7,  0,  0],
       [ 0,  0,  8,  2],
       [ 0,  0,  2, 12]]), array([[10,  1,  0,  0],
       [ 2,  7,  0,  1],
       [ 0,  0,  7,  2],
       [ 0,  0,  3, 12]]), array([[ 7,  3,  1,  0],
       [ 1,  5,  0,  3],
       [ 0,  0,  7,  3],
       [ 0,  0,  2, 13]]), array([[10,  1,  0,  0],
       [ 2,  6,  0,  1],
       [ 0,  0,  6,  4],
       [ 0,  0,  2, 13]]), array([[10,  1,  0,  0],
       [ 4,  5,  0,  0],
       [ 0,  0,  6,  4],
       [ 1,  0,  3, 11]]), array([[11,  0,  0,  0],
       [ 4,  4,  0,  1],
       [ 0,  0,  8,  2],
       [ 0,  0,  3, 12]])]"
11,"[1.0, 1.0, 1.0, 1.0, 1.0, 1.0, 1.0, 1.0, 1.0, 1.0]","[1.0, 1.0, 1.0, 1.0, 1.0, 1.0, 1.0, 1.0, 1.0, 1.0]","[1.0, 1.0, 1.0, 1.0, 1.0, 1.0, 1.0, 1.0, 1.0, 1.0]","[1.0, 1.0, 1.0, 1.0, 1.0, 1.0, 1.0, 1.0, 1.0, 1.0]","[1.0, 1.0, 1.0, 1.0, 1.0, 1.0, 1.0, 1.0, 1.0, 1.0]","[1.0, 1.0, 1.0, 1.0, 1.0, 1.0, 1.0, 1.0, 1.0, 1.0]","[1.0, 1.0, 1.0, 1.0, 1.0, 1.0, 1.0, 1.0, 1.0, 1.0]","[1.0, 1.0, 1.0, 1.0, 1.0, 1.0, 1.0, 1.0, 1.0, 1.0]","[1.0, 1.0, 1.0, 1.0, 1.0, 1.0, 1.0, 1.0, 1.0, 1.0]","[1.0, 1.0, 1.0, 1.0, 1.0, 1.0, 1.0, 1.0, 1.0, 1.0]","[array([[100,   0,   0,   0],
       [  0,  85,   0,   0],
       [  0,   0,  89,   0],
       [  0,   0,   0, 134]]), array([[100,   0,   0,   0],
       [  0,  85,   0,   0],
       [  0,   0,  89,   0],
       [  0,   0,   0, 134]]), array([[101,   0,   0,   0],
       [  0,  84,   0,   0],
       [  0,   0,  89,   0],
       [  0,   0,   0, 134]]), array([[101,   0,   0,   0],
       [  0,  84,   0,   0],
       [  0,   0,  89,   0],
       [  0,   0,   0, 134]]), array([[101,   0,   0,   0],
       [  0,  84,   0,   0],
       [  0,   0,  89,   0],
       [  0,   0,   0, 135]]), array([[101,   0,   0,   0],
       [  0,  84,   0,   0],
       [  0,   0,  90,   0],
       [  0,   0,   0, 134]]), array([[101,   0,   0,   0],
       [  0,  85,   0,   0],
       [  0,   0,  89,   0],
       [  0,   0,   0, 134]]), array([[101,   0,   0,   0],
       [  0,  85,   0,   0],
       [  0,   0,  89,   0],
       [  0,   0,   0, 134]]), array([[101,   0,   0,   0],
       [  0,  85,   0,   0],
       [  0,   0,  89,   0],
       [  0,   0,   0, 134]]), array([[101,   0,   0,   0],
       [  0,  85,   0,   0],
       [  0,   0,  89,   0],
       [  0,   0,   0, 134]])]","[0.7608695652173914, 0.8043478260869565, 0.7391304347826086, 0.8478260869565217, 0.7111111111111111, 0.8444444444444444, 0.7333333333333333, 0.7777777777777778, 0.7777777777777778, 0.7555555555555555]","[0.7608695652173914, 0.8043478260869565, 0.7391304347826086, 0.8478260869565217, 0.7111111111111111, 0.8444444444444444, 0.7333333333333333, 0.7777777777777778, 0.7777777777777778, 0.7555555555555555]","[0.7608695652173914, 0.8043478260869565, 0.7391304347826086, 0.8478260869565217, 0.7111111111111111, 0.8444444444444444, 0.7333333333333333, 0.7777777777777778, 0.7777777777777778, 0.7555555555555555]","[0.7608695652173914, 0.8043478260869565, 0.7391304347826086, 0.8478260869565217, 0.7111111111111111, 0.8444444444444444, 0.7333333333333333, 0.7777777777777778, 0.7777777777777778, 0.7555555555555555]","[0.8, 0.8369883040935673, 0.7387626262626262, 0.8892156862745098, 0.7106227106227107, 0.8453525641025641, 0.7505980861244019, 0.7776663695781343, 0.796875, 0.7978896103896105]","[0.7361111111111112, 0.7833333333333334, 0.7318181818181817, 0.8333333333333335, 0.7032467532467532, 0.8522727272727273, 0.7073232323232324, 0.7628787878787878, 0.7578282828282829, 0.7383838383838384]","[0.7366802552286424, 0.7984262125902992, 0.7345770952307455, 0.8400106837606838, 0.6992473757179639, 0.8404071773636991, 0.7135790679908327, 0.7683515690965381, 0.7630962227736422, 0.7378707314191186]","[0.7880434782608695, 0.8224002034070684, 0.7397342995169083, 0.878687127024723, 0.7205535205535205, 0.8558404558404558, 0.743625730994152, 0.7777414669571532, 0.7949074074074073, 0.7862193362193362]","[0.7608695652173914, 0.8043478260869565, 0.7391304347826086, 0.8478260869565217, 0.7111111111111111, 0.8444444444444444, 0.7333333333333333, 0.7777777777777778, 0.7777777777777778, 0.7555555555555555]","[0.7486321532604842, 0.8026383093283079, 0.7387244408356094, 0.8439474173169824, 0.7087960212143218, 0.8425427497891265, 0.7247432306255834, 0.7757524939800482, 0.7737769200134791, 0.7460091640736803]","[array([[12,  0,  0,  0],
       [ 4,  4,  0,  1],
       [ 0,  0,  7,  3],
       [ 0,  0,  3, 12]]), array([[10,  0,  1,  1],
       [ 2,  6,  0,  1],
       [ 0,  0,  7,  3],
       [ 0,  0,  1, 14]]), array([[ 8,  3,  0,  0],
       [ 2,  7,  0,  1],
       [ 0,  0,  7,  3],
       [ 1,  0,  2, 12]]), array([[11,  0,  0,  0],
       [ 3,  6,  0,  1],
       [ 0,  0,  8,  2],
       [ 1,  0,  0, 14]]), array([[ 8,  2,  1,  0],
       [ 5,  5,  0,  0],
       [ 0,  0,  8,  2],
       [ 0,  0,  3, 11]]), array([[10,  1,  0,  0],
       [ 2,  7,  0,  1],
       [ 0,  0,  9,  0],
       [ 0,  0,  3, 12]]), array([[ 9,  1,  1,  0],
       [ 2,  4,  0,  3],
       [ 0,  0,  7,  3],
       [ 0,  0,  2, 13]]), array([[ 9,  2,  0,  0],
       [ 2,  6,  0,  1],
       [ 0,  0,  7,  3],
       [ 0,  0,  2, 13]]), array([[10,  1,  0,  0],
       [ 4,  5,  0,  0],
       [ 0,  0,  7,  3],
       [ 1,  0,  1, 13]]), array([[10,  0,  0,  1],
       [ 4,  4,  0,  1],
       [ 0,  0,  8,  2],
       [ 0,  0,  3, 12]])]"
12,"[1.0, 1.0, 1.0, 1.0, 1.0, 1.0, 1.0, 1.0, 1.0, 1.0]","[1.0, 1.0, 1.0, 1.0, 1.0, 1.0, 1.0, 1.0, 1.0, 1.0]","[1.0, 1.0, 1.0, 1.0, 1.0, 1.0, 1.0, 1.0, 1.0, 1.0]","[1.0, 1.0, 1.0, 1.0, 1.0, 1.0, 1.0, 1.0, 1.0, 1.0]","[1.0, 1.0, 1.0, 1.0, 1.0, 1.0, 1.0, 1.0, 1.0, 1.0]","[1.0, 1.0, 1.0, 1.0, 1.0, 1.0, 1.0, 1.0, 1.0, 1.0]","[1.0, 1.0, 1.0, 1.0, 1.0, 1.0, 1.0, 1.0, 1.0, 1.0]","[1.0, 1.0, 1.0, 1.0, 1.0, 1.0, 1.0, 1.0, 1.0, 1.0]","[1.0, 1.0, 1.0, 1.0, 1.0, 1.0, 1.0, 1.0, 1.0, 1.0]","[1.0, 1.0, 1.0, 1.0, 1.0, 1.0, 1.0, 1.0, 1.0, 1.0]","[array([[100,   0,   0,   0],
       [  0,  85,   0,   0],
       [  0,   0,  89,   0],
       [  0,   0,   0, 134]]), array([[100,   0,   0,   0],
       [  0,  85,   0,   0],
       [  0,   0,  89,   0],
       [  0,   0,   0, 134]]), array([[101,   0,   0,   0],
       [  0,  84,   0,   0],
       [  0,   0,  89,   0],
       [  0,   0,   0, 134]]), array([[101,   0,   0,   0],
       [  0,  84,   0,   0],
       [  0,   0,  89,   0],
       [  0,   0,   0, 134]]), array([[101,   0,   0,   0],
       [  0,  84,   0,   0],
       [  0,   0,  89,   0],
       [  0,   0,   0, 135]]), array([[101,   0,   0,   0],
       [  0,  84,   0,   0],
       [  0,   0,  90,   0],
       [  0,   0,   0, 134]]), array([[101,   0,   0,   0],
       [  0,  85,   0,   0],
       [  0,   0,  89,   0],
       [  0,   0,   0, 134]]), array([[101,   0,   0,   0],
       [  0,  85,   0,   0],
       [  0,   0,  89,   0],
       [  0,   0,   0, 134]]), array([[101,   0,   0,   0],
       [  0,  85,   0,   0],
       [  0,   0,  89,   0],
       [  0,   0,   0, 134]]), array([[101,   0,   0,   0],
       [  0,  85,   0,   0],
       [  0,   0,  89,   0],
       [  0,   0,   0, 134]])]","[0.7391304347826086, 0.8043478260869565, 0.7608695652173914, 0.8478260869565217, 0.7111111111111111, 0.8444444444444444, 0.7555555555555555, 0.7333333333333333, 0.7555555555555555, 0.8]","[0.7391304347826086, 0.8043478260869565, 0.7608695652173914, 0.8478260869565217, 0.7111111111111111, 0.8444444444444444, 0.7555555555555555, 0.7333333333333333, 0.7555555555555555, 0.8]","[0.7391304347826086, 0.8043478260869565, 0.7608695652173914, 0.8478260869565217, 0.7111111111111111, 0.8444444444444444, 0.7555555555555555, 0.7333333333333333, 0.7555555555555555, 0.8]","[0.7391304347826086, 0.8043478260869565, 0.7608695652173914, 0.8478260869565217, 0.7111111111111111, 0.8444444444444444, 0.7555555555555555, 0.7333333333333333, 0.7555555555555555, 0.8]","[0.7799242424242424, 0.8511904761904763, 0.7568181818181818, 0.8892156862745098, 0.7096861471861471, 0.8453525641025641, 0.7793859649122807, 0.7285714285714286, 0.7694444444444444, 0.8364583333333333]","[0.7194444444444444, 0.775, 0.7568181818181818, 0.8333333333333335, 0.7032467532467532, 0.8522727272727273, 0.7351010101010101, 0.7184343434343434, 0.7411616161616161, 0.7777777777777778]","[0.7181318681318681, 0.7931372549019609, 0.7568181818181818, 0.8400106837606838, 0.7036749482401655, 0.8404071773636991, 0.7471288515406163, 0.7204505610098177, 0.7431848852901484, 0.7750620347394541]","[0.7687747035573121, 0.8322981366459627, 0.7608695652173914, 0.878687127024723, 0.7154882154882155, 0.8558404558404558, 0.7702923976608187, 0.7317460317460318, 0.7691358024691358, 0.8278703703703703]","[0.7391304347826086, 0.8043478260869565, 0.7608695652173914, 0.8478260869565217, 0.7111111111111111, 0.8444444444444444, 0.7555555555555555, 0.7333333333333333, 0.7555555555555555, 0.8]","[0.7280617932791845, 0.7991048593350384, 0.7608695652173914, 0.8439474173169824, 0.7107890499194848, 0.8425427497891265, 0.7533146591970121, 0.7299244195106749, 0.7517768780926676, 0.7872622001654261]","[array([[12,  0,  0,  0],
       [ 4,  4,  0,  1],
       [ 0,  0,  7,  3],
       [ 0,  0,  4, 11]]), array([[10,  0,  1,  1],
       [ 2,  6,  0,  1],
       [ 0,  0,  6,  4],
       [ 0,  0,  0, 15]]), array([[ 8,  3,  0,  0],
       [ 2,  7,  0,  1],
       [ 0,  0,  8,  2],
       [ 1,  0,  2, 12]]), array([[11,  0,  0,  0],
       [ 3,  6,  0,  1],
       [ 0,  0,  8,  2],
       [ 1,  0,  0, 14]]), array([[ 8,  2,  1,  0],
       [ 4,  6,  0,  0],
       [ 0,  0,  7,  3],
       [ 0,  0,  3, 11]]), array([[10,  1,  0,  0],
       [ 2,  7,  0,  1],
       [ 0,  0,  9,  0],
       [ 0,  0,  3, 12]]), array([[ 9,  1,  1,  0],
       [ 1,  5,  0,  3],
       [ 0,  0,  7,  3],
       [ 0,  0,  2, 13]]), array([[ 9,  2,  0,  0],
       [ 3,  5,  0,  1],
       [ 0,  0,  7,  3],
       [ 0,  0,  3, 12]]), array([[10,  1,  0,  0],
       [ 4,  5,  0,  0],
       [ 0,  0,  7,  3],
       [ 1,  0,  2, 12]]), array([[11,  0,  0,  0],
       [ 4,  4,  0,  1],
       [ 0,  0,  8,  2],
       [ 0,  0,  2, 13]])]"
13,"[1.0, 1.0, 1.0, 1.0, 1.0, 1.0, 1.0, 1.0, 1.0, 1.0]","[1.0, 1.0, 1.0, 1.0, 1.0, 1.0, 1.0, 1.0, 1.0, 1.0]","[1.0, 1.0, 1.0, 1.0, 1.0, 1.0, 1.0, 1.0, 1.0, 1.0]","[1.0, 1.0, 1.0, 1.0, 1.0, 1.0, 1.0, 1.0, 1.0, 1.0]","[1.0, 1.0, 1.0, 1.0, 1.0, 1.0, 1.0, 1.0, 1.0, 1.0]","[1.0, 1.0, 1.0, 1.0, 1.0, 1.0, 1.0, 1.0, 1.0, 1.0]","[1.0, 1.0, 1.0, 1.0, 1.0, 1.0, 1.0, 1.0, 1.0, 1.0]","[1.0, 1.0, 1.0, 1.0, 1.0, 1.0, 1.0, 1.0, 1.0, 1.0]","[1.0, 1.0, 1.0, 1.0, 1.0, 1.0, 1.0, 1.0, 1.0, 1.0]","[1.0, 1.0, 1.0, 1.0, 1.0, 1.0, 1.0, 1.0, 1.0, 1.0]","[array([[100,   0,   0,   0],
       [  0,  85,   0,   0],
       [  0,   0,  89,   0],
       [  0,   0,   0, 134]]), array([[100,   0,   0,   0],
       [  0,  85,   0,   0],
       [  0,   0,  89,   0],
       [  0,   0,   0, 134]]), array([[101,   0,   0,   0],
       [  0,  84,   0,   0],
       [  0,   0,  89,   0],
       [  0,   0,   0, 134]]), array([[101,   0,   0,   0],
       [  0,  84,   0,   0],
       [  0,   0,  89,   0],
       [  0,   0,   0, 134]]), array([[101,   0,   0,   0],
       [  0,  84,   0,   0],
       [  0,   0,  89,   0],
       [  0,   0,   0, 135]]), array([[101,   0,   0,   0],
       [  0,  84,   0,   0],
       [  0,   0,  90,   0],
       [  0,   0,   0, 134]]), array([[101,   0,   0,   0],
       [  0,  85,   0,   0],
       [  0,   0,  89,   0],
       [  0,   0,   0, 134]]), array([[101,   0,   0,   0],
       [  0,  85,   0,   0],
       [  0,   0,  89,   0],
       [  0,   0,   0, 134]]), array([[101,   0,   0,   0],
       [  0,  85,   0,   0],
       [  0,   0,  89,   0],
       [  0,   0,   0, 134]]), array([[101,   0,   0,   0],
       [  0,  85,   0,   0],
       [  0,   0,  89,   0],
       [  0,   0,   0, 134]])]","[0.7608695652173914, 0.8043478260869565, 0.7391304347826086, 0.8478260869565217, 0.7111111111111111, 0.8666666666666667, 0.7777777777777778, 0.7777777777777778, 0.7333333333333333, 0.8]","[0.7608695652173914, 0.8043478260869565, 0.7391304347826086, 0.8478260869565217, 0.7111111111111111, 0.8666666666666667, 0.7777777777777778, 0.7777777777777778, 0.7333333333333333, 0.8]","[0.7608695652173914, 0.8043478260869565, 0.7391304347826086, 0.8478260869565217, 0.7111111111111111, 0.8666666666666667, 0.7777777777777778, 0.7777777777777778, 0.7333333333333333, 0.8]","[0.7608695652173914, 0.8043478260869565, 0.7391304347826086, 0.8478260869565217, 0.7111111111111111, 0.8666666666666667, 0.7777777777777778, 0.7777777777777778, 0.7333333333333333, 0.8]","[0.7924242424242425, 0.8485576923076923, 0.7387626262626262, 0.8892156862745098, 0.7096861471861471, 0.863771645021645, 0.8027777777777778, 0.7776663695781343, 0.75, 0.8362418831168832]","[0.7472222222222222, 0.7722222222222221, 0.7318181818181817, 0.8333333333333333, 0.7032467532467532, 0.8689393939393939, 0.7517676767676769, 0.7628787878787878, 0.7161616161616162, 0.780050505050505]","[0.7507936507936508, 0.7873015873015873, 0.7345770952307455, 0.833797233468286, 0.7036749482401655, 0.8609736798267533, 0.7651629072681705, 0.7683515690965381, 0.7191894127377998, 0.7778092874867069]","[0.781818181818182, 0.831103678929766, 0.7397342995169083, 0.878687127024723, 0.7154882154882155, 0.8713083213083214, 0.7928395061728395, 0.7777414669571532, 0.7462962962962962, 0.8272546897546899]","[0.7608695652173914, 0.8043478260869565, 0.7391304347826086, 0.8478260869565217, 0.7111111111111111, 0.8666666666666667, 0.7777777777777778, 0.7777777777777778, 0.7333333333333333, 0.8]","[0.7556935817805382, 0.797032436162871, 0.7387244408356094, 0.8385444170627238, 0.7107890499194848, 0.8642504673589132, 0.773266499582289, 0.7757524939800482, 0.7275801856447017, 0.7886785615817874]","[array([[12,  0,  0,  0],
       [ 3,  5,  0,  1],
       [ 0,  0,  7,  3],
       [ 0,  0,  4, 11]]), array([[10,  0,  1,  1],
       [ 3,  5,  0,  1],
       [ 0,  0,  7,  3],
       [ 0,  0,  0, 15]]), array([[ 8,  3,  0,  0],
       [ 2,  7,  0,  1],
       [ 0,  0,  7,  3],
       [ 1,  0,  2, 12]]), array([[11,  0,  0,  0],
       [ 3,  5,  0,  2],
       [ 0,  0,  9,  1],
       [ 1,  0,  0, 14]]), array([[ 8,  2,  1,  0],
       [ 4,  6,  0,  0],
       [ 0,  0,  7,  3],
       [ 0,  0,  3, 11]]), array([[10,  1,  0,  0],
       [ 2,  7,  0,  1],
       [ 0,  0,  9,  0],
       [ 0,  0,  2, 13]]), array([[ 9,  1,  1,  0],
       [ 1,  5,  0,  3],
       [ 0,  0,  7,  3],
       [ 0,  0,  1, 14]]), array([[ 9,  2,  0,  0],
       [ 2,  6,  0,  1],
       [ 0,  0,  7,  3],
       [ 0,  0,  2, 13]]), array([[10,  1,  0,  0],
       [ 4,  5,  0,  0],
       [ 0,  0,  6,  4],
       [ 1,  0,  2, 12]]), array([[10,  0,  0,  1],
       [ 4,  4,  0,  1],
       [ 0,  0,  9,  1],
       [ 0,  0,  2, 13]])]"
14,"[1.0, 1.0, 1.0, 1.0, 1.0, 1.0, 1.0, 1.0, 1.0, 1.0]","[1.0, 1.0, 1.0, 1.0, 1.0, 1.0, 1.0, 1.0, 1.0, 1.0]","[1.0, 1.0, 1.0, 1.0, 1.0, 1.0, 1.0, 1.0, 1.0, 1.0]","[1.0, 1.0, 1.0, 1.0, 1.0, 1.0, 1.0, 1.0, 1.0, 1.0]","[1.0, 1.0, 1.0, 1.0, 1.0, 1.0, 1.0, 1.0, 1.0, 1.0]","[1.0, 1.0, 1.0, 1.0, 1.0, 1.0, 1.0, 1.0, 1.0, 1.0]","[1.0, 1.0, 1.0, 1.0, 1.0, 1.0, 1.0, 1.0, 1.0, 1.0]","[1.0, 1.0, 1.0, 1.0, 1.0, 1.0, 1.0, 1.0, 1.0, 1.0]","[1.0, 1.0, 1.0, 1.0, 1.0, 1.0, 1.0, 1.0, 1.0, 1.0]","[1.0, 1.0, 1.0, 1.0, 1.0, 1.0, 1.0, 1.0, 1.0, 1.0]","[array([[100,   0,   0,   0],
       [  0,  85,   0,   0],
       [  0,   0,  89,   0],
       [  0,   0,   0, 134]]), array([[100,   0,   0,   0],
       [  0,  85,   0,   0],
       [  0,   0,  89,   0],
       [  0,   0,   0, 134]]), array([[101,   0,   0,   0],
       [  0,  84,   0,   0],
       [  0,   0,  89,   0],
       [  0,   0,   0, 134]]), array([[101,   0,   0,   0],
       [  0,  84,   0,   0],
       [  0,   0,  89,   0],
       [  0,   0,   0, 134]]), array([[101,   0,   0,   0],
       [  0,  84,   0,   0],
       [  0,   0,  89,   0],
       [  0,   0,   0, 135]]), array([[101,   0,   0,   0],
       [  0,  84,   0,   0],
       [  0,   0,  90,   0],
       [  0,   0,   0, 134]]), array([[101,   0,   0,   0],
       [  0,  85,   0,   0],
       [  0,   0,  89,   0],
       [  0,   0,   0, 134]]), array([[101,   0,   0,   0],
       [  0,  85,   0,   0],
       [  0,   0,  89,   0],
       [  0,   0,   0, 134]]), array([[101,   0,   0,   0],
       [  0,  85,   0,   0],
       [  0,   0,  89,   0],
       [  0,   0,   0, 134]]), array([[101,   0,   0,   0],
       [  0,  85,   0,   0],
       [  0,   0,  89,   0],
       [  0,   0,   0, 134]])]","[0.7391304347826086, 0.8260869565217391, 0.717391304347826, 0.8478260869565217, 0.7555555555555555, 0.8444444444444444, 0.7555555555555555, 0.7777777777777778, 0.8, 0.7777777777777778]","[0.7391304347826086, 0.8260869565217391, 0.717391304347826, 0.8478260869565217, 0.7555555555555555, 0.8444444444444444, 0.7555555555555555, 0.7777777777777778, 0.8, 0.7777777777777778]","[0.7391304347826086, 0.8260869565217391, 0.717391304347826, 0.8478260869565217, 0.7555555555555555, 0.8444444444444444, 0.7555555555555555, 0.7777777777777778, 0.8, 0.7777777777777778]","[0.7391304347826086, 0.8260869565217391, 0.717391304347826, 0.8478260869565217, 0.7555555555555555, 0.8444444444444444, 0.7555555555555555, 0.7777777777777778, 0.8, 0.7777777777777778]","[0.7799242424242424, 0.8645833333333334, 0.720788770053476, 0.8892156862745098, 0.7655677655677655, 0.8437500000000001, 0.7793859649122807, 0.7776663695781343, 0.804162851037851, 0.8197478991596638]","[0.7194444444444444, 0.8, 0.7068181818181818, 0.8333333333333333, 0.750974025974026, 0.8411616161616161, 0.7351010101010101, 0.7628787878787878, 0.7856060606060605, 0.7550505050505051]","[0.7181318681318681, 0.817063492063492, 0.7109848484848484, 0.833797233468286, 0.7494924737571798, 0.8390287312484109, 0.7471288515406163, 0.7683515690965381, 0.7897212790039616, 0.7569711538461539]","[0.7687747035573121, 0.8478260869565217, 0.7193094629156012, 0.878687127024723, 0.7711029711029711, 0.847037037037037, 0.7702923976608187, 0.7777414669571532, 0.8031355989689323, 0.8072829131652661]","[0.7391304347826086, 0.8260869565217391, 0.717391304347826, 0.8478260869565217, 0.7555555555555555, 0.8444444444444444, 0.7555555555555555, 0.7777777777777778, 0.8, 0.7777777777777778]","[0.7280617932791845, 0.8224982746721877, 0.7155797101449275, 0.8385444170627238, 0.7553101824343654, 0.8427098341667373, 0.7533146591970121, 0.7757524939800482, 0.7970162862353015, 0.7672435897435897]","[array([[12,  0,  0,  0],
       [ 4,  4,  0,  1],
       [ 0,  0,  7,  3],
       [ 0,  0,  4, 11]]), array([[10,  0,  1,  1],
       [ 2,  6,  0,  1],
       [ 0,  0,  7,  3],
       [ 0,  0,  0, 15]]), array([[ 8,  3,  0,  0],
       [ 2,  7,  0,  1],
       [ 0,  0,  6,  4],
       [ 1,  0,  2, 12]]), array([[11,  0,  0,  0],
       [ 3,  5,  0,  2],
       [ 0,  0,  9,  1],
       [ 1,  0,  0, 14]]), array([[ 9,  1,  1,  0],
       [ 4,  6,  0,  0],
       [ 0,  0,  8,  2],
       [ 0,  0,  3, 11]]), array([[10,  1,  0,  0],
       [ 2,  7,  0,  1],
       [ 0,  0,  8,  1],
       [ 0,  0,  2, 13]]), array([[ 9,  1,  1,  0],
       [ 1,  5,  0,  3],
       [ 0,  0,  7,  3],
       [ 0,  0,  2, 13]]), array([[ 9,  2,  0,  0],
       [ 2,  6,  0,  1],
       [ 0,  0,  7,  3],
       [ 0,  0,  2, 13]]), array([[10,  1,  0,  0],
       [ 3,  6,  0,  0],
       [ 0,  0,  7,  3],
       [ 0,  0,  2, 13]]), array([[10,  0,  0,  1],
       [ 4,  4,  0,  1],
       [ 0,  0,  8,  2],
       [ 0,  0,  2, 13]])]"
15,"[1.0, 1.0, 1.0, 1.0, 1.0, 1.0, 1.0, 1.0, 1.0, 1.0]","[1.0, 1.0, 1.0, 1.0, 1.0, 1.0, 1.0, 1.0, 1.0, 1.0]","[1.0, 1.0, 1.0, 1.0, 1.0, 1.0, 1.0, 1.0, 1.0, 1.0]","[1.0, 1.0, 1.0, 1.0, 1.0, 1.0, 1.0, 1.0, 1.0, 1.0]","[1.0, 1.0, 1.0, 1.0, 1.0, 1.0, 1.0, 1.0, 1.0, 1.0]","[1.0, 1.0, 1.0, 1.0, 1.0, 1.0, 1.0, 1.0, 1.0, 1.0]","[1.0, 1.0, 1.0, 1.0, 1.0, 1.0, 1.0, 1.0, 1.0, 1.0]","[1.0, 1.0, 1.0, 1.0, 1.0, 1.0, 1.0, 1.0, 1.0, 1.0]","[1.0, 1.0, 1.0, 1.0, 1.0, 1.0, 1.0, 1.0, 1.0, 1.0]","[1.0, 1.0, 1.0, 1.0, 1.0, 1.0, 1.0, 1.0, 1.0, 1.0]","[array([[100,   0,   0,   0],
       [  0,  85,   0,   0],
       [  0,   0,  89,   0],
       [  0,   0,   0, 134]]), array([[100,   0,   0,   0],
       [  0,  85,   0,   0],
       [  0,   0,  89,   0],
       [  0,   0,   0, 134]]), array([[101,   0,   0,   0],
       [  0,  84,   0,   0],
       [  0,   0,  89,   0],
       [  0,   0,   0, 134]]), array([[101,   0,   0,   0],
       [  0,  84,   0,   0],
       [  0,   0,  89,   0],
       [  0,   0,   0, 134]]), array([[101,   0,   0,   0],
       [  0,  84,   0,   0],
       [  0,   0,  89,   0],
       [  0,   0,   0, 135]]), array([[101,   0,   0,   0],
       [  0,  84,   0,   0],
       [  0,   0,  90,   0],
       [  0,   0,   0, 134]]), array([[101,   0,   0,   0],
       [  0,  85,   0,   0],
       [  0,   0,  89,   0],
       [  0,   0,   0, 134]]), array([[101,   0,   0,   0],
       [  0,  85,   0,   0],
       [  0,   0,  89,   0],
       [  0,   0,   0, 134]]), array([[101,   0,   0,   0],
       [  0,  85,   0,   0],
       [  0,   0,  89,   0],
       [  0,   0,   0, 134]]), array([[101,   0,   0,   0],
       [  0,  85,   0,   0],
       [  0,   0,  89,   0],
       [  0,   0,   0, 134]])]","[0.7391304347826086, 0.8478260869565217, 0.717391304347826, 0.782608695652174, 0.7777777777777778, 0.8444444444444444, 0.7333333333333333, 0.8, 0.7333333333333333, 0.7777777777777778]","[0.7391304347826086, 0.8478260869565217, 0.717391304347826, 0.782608695652174, 0.7777777777777778, 0.8444444444444444, 0.7333333333333333, 0.8, 0.7333333333333333, 0.7777777777777778]","[0.7391304347826086, 0.8478260869565217, 0.717391304347826, 0.782608695652174, 0.7777777777777778, 0.8444444444444444, 0.7333333333333333, 0.8, 0.7333333333333333, 0.7777777777777778]","[0.7391304347826086, 0.8478260869565217, 0.717391304347826, 0.782608695652174, 0.7777777777777778, 0.8444444444444444, 0.7333333333333333, 0.8, 0.7333333333333333, 0.7777777777777778]","[0.7799242424242424, 0.893796992481203, 0.720788770053476, 0.798076923076923, 0.7896062271062271, 0.8356782106782108, 0.7625, 0.805239898989899, 0.75, 0.8187988482106129]","[0.7194444444444444, 0.8180555555555555, 0.7068181818181818, 0.7628787878787879, 0.775974025974026, 0.8462121212121212, 0.7101010101010101, 0.7795454545454545, 0.7161616161616162, 0.7573232323232323]","[0.7181318681318681, 0.83292034762623, 0.7109848484848484, 0.7663975279106858, 0.7711612236867992, 0.8378939118957268, 0.724561403508772, 0.7875816993464053, 0.7191894127377998, 0.7587568681318682]","[0.7687747035573121, 0.8754494932984637, 0.7193094629156012, 0.7935711631363805, 0.7987382987382988, 0.8459996793330127, 0.7514814814814814, 0.8037037037037037, 0.7462962962962962, 0.8059509118332646]","[0.7391304347826086, 0.8478260869565217, 0.717391304347826, 0.782608695652174, 0.7777777777777778, 0.8444444444444444, 0.7333333333333333, 0.8, 0.7333333333333333, 0.7777777777777778]","[0.7280617932791845, 0.8414478388902943, 0.7155797101449275, 0.7749635947576451, 0.7773569851574966, 0.8425932647711232, 0.7308270676691729, 0.7968442595893576, 0.7275801856447017, 0.7677197802197802]","[array([[12,  0,  0,  0],
       [ 4,  4,  0,  1],
       [ 0,  0,  7,  3],
       [ 0,  0,  4, 11]]), array([[11,  0,  0,  1],
       [ 3,  5,  0,  1],
       [ 0,  0,  8,  2],
       [ 0,  0,  0, 15]]), array([[ 8,  3,  0,  0],
       [ 2,  7,  0,  1],
       [ 0,  0,  6,  4],
       [ 1,  0,  2, 12]]), array([[ 9,  1,  1,  0],
       [ 3,  5,  0,  2],
       [ 0,  0,  8,  2],
       [ 1,  0,  0, 14]]), array([[ 9,  1,  1,  0],
       [ 4,  6,  0,  0],
       [ 0,  0,  9,  1],
       [ 0,  0,  3, 11]]), array([[ 9,  2,  0,  0],
       [ 2,  7,  0,  1],
       [ 0,  0,  9,  0],
       [ 0,  0,  2, 13]]), array([[ 9,  1,  1,  0],
       [ 1,  5,  0,  3],
       [ 0,  0,  6,  4],
       [ 0,  0,  2, 13]]), array([[ 9,  2,  0,  0],
       [ 2,  6,  0,  1],
       [ 0,  0,  7,  3],
       [ 0,  0,  1, 14]]), array([[10,  1,  0,  0],
       [ 4,  5,  0,  0],
       [ 0,  0,  6,  4],
       [ 1,  0,  2, 12]]), array([[ 9,  0,  0,  2],
       [ 4,  4,  0,  1],
       [ 0,  0,  9,  1],
       [ 0,  0,  2, 13]])]"
16,"[1.0, 1.0, 1.0, 1.0, 1.0, 1.0, 1.0, 1.0, 1.0, 1.0]","[1.0, 1.0, 1.0, 1.0, 1.0, 1.0, 1.0, 1.0, 1.0, 1.0]","[1.0, 1.0, 1.0, 1.0, 1.0, 1.0, 1.0, 1.0, 1.0, 1.0]","[1.0, 1.0, 1.0, 1.0, 1.0, 1.0, 1.0, 1.0, 1.0, 1.0]","[1.0, 1.0, 1.0, 1.0, 1.0, 1.0, 1.0, 1.0, 1.0, 1.0]","[1.0, 1.0, 1.0, 1.0, 1.0, 1.0, 1.0, 1.0, 1.0, 1.0]","[1.0, 1.0, 1.0, 1.0, 1.0, 1.0, 1.0, 1.0, 1.0, 1.0]","[1.0, 1.0, 1.0, 1.0, 1.0, 1.0, 1.0, 1.0, 1.0, 1.0]","[1.0, 1.0, 1.0, 1.0, 1.0, 1.0, 1.0, 1.0, 1.0, 1.0]","[1.0, 1.0, 1.0, 1.0, 1.0, 1.0, 1.0, 1.0, 1.0, 1.0]","[array([[100,   0,   0,   0],
       [  0,  85,   0,   0],
       [  0,   0,  89,   0],
       [  0,   0,   0, 134]]), array([[100,   0,   0,   0],
       [  0,  85,   0,   0],
       [  0,   0,  89,   0],
       [  0,   0,   0, 134]]), array([[101,   0,   0,   0],
       [  0,  84,   0,   0],
       [  0,   0,  89,   0],
       [  0,   0,   0, 134]]), array([[101,   0,   0,   0],
       [  0,  84,   0,   0],
       [  0,   0,  89,   0],
       [  0,   0,   0, 134]]), array([[101,   0,   0,   0],
       [  0,  84,   0,   0],
       [  0,   0,  89,   0],
       [  0,   0,   0, 135]]), array([[101,   0,   0,   0],
       [  0,  84,   0,   0],
       [  0,   0,  90,   0],
       [  0,   0,   0, 134]]), array([[101,   0,   0,   0],
       [  0,  85,   0,   0],
       [  0,   0,  89,   0],
       [  0,   0,   0, 134]]), array([[101,   0,   0,   0],
       [  0,  85,   0,   0],
       [  0,   0,  89,   0],
       [  0,   0,   0, 134]]), array([[101,   0,   0,   0],
       [  0,  85,   0,   0],
       [  0,   0,  89,   0],
       [  0,   0,   0, 134]]), array([[101,   0,   0,   0],
       [  0,  85,   0,   0],
       [  0,   0,  89,   0],
       [  0,   0,   0, 134]])]","[0.7391304347826086, 0.8260869565217391, 0.7391304347826086, 0.782608695652174, 0.7777777777777778, 0.8444444444444444, 0.7777777777777778, 0.7555555555555555, 0.7555555555555555, 0.7777777777777778]","[0.7391304347826086, 0.8260869565217391, 0.7391304347826086, 0.782608695652174, 0.7777777777777778, 0.8444444444444444, 0.7777777777777778, 0.7555555555555555, 0.7555555555555555, 0.7777777777777778]","[0.7391304347826086, 0.8260869565217391, 0.7391304347826086, 0.782608695652174, 0.7777777777777778, 0.8444444444444444, 0.7777777777777778, 0.7555555555555555, 0.7555555555555555, 0.7777777777777778]","[0.7391304347826086, 0.8260869565217391, 0.7391304347826086, 0.782608695652174, 0.7777777777777778, 0.8444444444444444, 0.7777777777777778, 0.7555555555555555, 0.7555555555555555, 0.7777777777777778]","[0.7799242424242424, 0.8527777777777779, 0.7516594516594517, 0.7971521942110178, 0.7896062271062271, 0.8437500000000001, 0.8027777777777778, 0.7641923436041083, 0.7655812324929971, 0.8187988482106129]","[0.7194444444444444, 0.8083333333333333, 0.7234848484848485, 0.7628787878787879, 0.775974025974026, 0.8411616161616161, 0.7517676767676769, 0.730050505050505, 0.7328282828282828, 0.7573232323232323]","[0.7181318681318681, 0.8204545454545455, 0.7302584670231729, 0.7655263157894736, 0.7711612236867992, 0.8390287312484109, 0.7651629072681705, 0.7301926691729324, 0.7364583333333333, 0.7587568681318682]","[0.7687747035573121, 0.8405797101449275, 0.7479296066252588, 0.7966650428287256, 0.7987382987382988, 0.847037037037037, 0.7928395061728395, 0.7623446415603278, 0.7628384687208217, 0.8059509118332646]","[0.7391304347826086, 0.8260869565217391, 0.7391304347826086, 0.782608695652174, 0.7777777777777778, 0.8444444444444444, 0.7777777777777778, 0.7555555555555555, 0.7555555555555555, 0.7777777777777778]","[0.7280617932791845, 0.824505928853755, 0.7364566379911648, 0.7764359267734554, 0.7773569851574966, 0.8427098341667373, 0.773266499582289, 0.7444172932330828, 0.7478703703703704, 0.7677197802197802]","[array([[12,  0,  0,  0],
       [ 4,  4,  0,  1],
       [ 0,  0,  7,  3],
       [ 0,  0,  4, 11]]), array([[10,  0,  1,  1],
       [ 2,  6,  0,  1],
       [ 0,  0,  8,  2],
       [ 0,  0,  1, 14]]), array([[ 8,  3,  0,  0],
       [ 2,  7,  0,  1],
       [ 0,  0,  6,  4],
       [ 1,  0,  1, 13]]), array([[ 9,  1,  1,  0],
       [ 4,  5,  0,  1],
       [ 0,  0,  8,  2],
       [ 1,  0,  0, 14]]), array([[ 9,  1,  1,  0],
       [ 4,  6,  0,  0],
       [ 0,  0,  9,  1],
       [ 0,  0,  3, 11]]), array([[10,  1,  0,  0],
       [ 2,  7,  0,  1],
       [ 0,  0,  8,  1],
       [ 0,  0,  2, 13]]), array([[ 9,  1,  1,  0],
       [ 1,  5,  0,  3],
       [ 0,  0,  7,  3],
       [ 0,  0,  1, 14]]), array([[10,  1,  0,  0],
       [ 4,  4,  0,  1],
       [ 0,  0,  7,  3],
       [ 0,  0,  2, 13]]), array([[10,  1,  0,  0],
       [ 4,  5,  0,  0],
       [ 0,  0,  6,  4],
       [ 0,  0,  2, 13]]), array([[ 9,  0,  0,  2],
       [ 4,  4,  0,  1],
       [ 0,  0,  9,  1],
       [ 0,  0,  2, 13]])]"
17,"[1.0, 1.0, 1.0, 1.0, 1.0, 1.0, 1.0, 1.0, 1.0, 1.0]","[1.0, 1.0, 1.0, 1.0, 1.0, 1.0, 1.0, 1.0, 1.0, 1.0]","[1.0, 1.0, 1.0, 1.0, 1.0, 1.0, 1.0, 1.0, 1.0, 1.0]","[1.0, 1.0, 1.0, 1.0, 1.0, 1.0, 1.0, 1.0, 1.0, 1.0]","[1.0, 1.0, 1.0, 1.0, 1.0, 1.0, 1.0, 1.0, 1.0, 1.0]","[1.0, 1.0, 1.0, 1.0, 1.0, 1.0, 1.0, 1.0, 1.0, 1.0]","[1.0, 1.0, 1.0, 1.0, 1.0, 1.0, 1.0, 1.0, 1.0, 1.0]","[1.0, 1.0, 1.0, 1.0, 1.0, 1.0, 1.0, 1.0, 1.0, 1.0]","[1.0, 1.0, 1.0, 1.0, 1.0, 1.0, 1.0, 1.0, 1.0, 1.0]","[1.0, 1.0, 1.0, 1.0, 1.0, 1.0, 1.0, 1.0, 1.0, 1.0]","[array([[100,   0,   0,   0],
       [  0,  85,   0,   0],
       [  0,   0,  89,   0],
       [  0,   0,   0, 134]]), array([[100,   0,   0,   0],
       [  0,  85,   0,   0],
       [  0,   0,  89,   0],
       [  0,   0,   0, 134]]), array([[101,   0,   0,   0],
       [  0,  84,   0,   0],
       [  0,   0,  89,   0],
       [  0,   0,   0, 134]]), array([[101,   0,   0,   0],
       [  0,  84,   0,   0],
       [  0,   0,  89,   0],
       [  0,   0,   0, 134]]), array([[101,   0,   0,   0],
       [  0,  84,   0,   0],
       [  0,   0,  89,   0],
       [  0,   0,   0, 135]]), array([[101,   0,   0,   0],
       [  0,  84,   0,   0],
       [  0,   0,  90,   0],
       [  0,   0,   0, 134]]), array([[101,   0,   0,   0],
       [  0,  85,   0,   0],
       [  0,   0,  89,   0],
       [  0,   0,   0, 134]]), array([[101,   0,   0,   0],
       [  0,  85,   0,   0],
       [  0,   0,  89,   0],
       [  0,   0,   0, 134]]), array([[101,   0,   0,   0],
       [  0,  85,   0,   0],
       [  0,   0,  89,   0],
       [  0,   0,   0, 134]]), array([[101,   0,   0,   0],
       [  0,  85,   0,   0],
       [  0,   0,  89,   0],
       [  0,   0,   0, 134]])]","[0.7608695652173914, 0.8478260869565217, 0.7608695652173914, 0.782608695652174, 0.7111111111111111, 0.8444444444444444, 0.7555555555555555, 0.8222222222222222, 0.7555555555555555, 0.7777777777777778]","[0.7608695652173914, 0.8478260869565217, 0.7608695652173914, 0.782608695652174, 0.7111111111111111, 0.8444444444444444, 0.7555555555555555, 0.8222222222222222, 0.7555555555555555, 0.7777777777777778]","[0.7608695652173914, 0.8478260869565217, 0.7608695652173914, 0.782608695652174, 0.7111111111111111, 0.8444444444444444, 0.7555555555555555, 0.8222222222222222, 0.7555555555555555, 0.7777777777777778]","[0.7608695652173914, 0.8478260869565217, 0.7608695652173914, 0.782608695652174, 0.7111111111111111, 0.8444444444444444, 0.7555555555555555, 0.8222222222222222, 0.7555555555555555, 0.7777777777777778]","[0.800595238095238, 0.8782051282051282, 0.7734962406015038, 0.7971521942110178, 0.7106227106227107, 0.8356782106782108, 0.7875, 0.8358134920634921, 0.7655812324929971, 0.8187988482106129]","[0.7444444444444445, 0.8291666666666666, 0.7401515151515152, 0.7628787878787879, 0.7032467532467532, 0.8462121212121212, 0.7267676767676767, 0.8022727272727272, 0.7328282828282828, 0.7573232323232323]","[0.7396052223638432, 0.8426475279106859, 0.7478291316526611, 0.7655263157894736, 0.6992473757179639, 0.8378939118957268, 0.742063492063492, 0.8114569609134826, 0.7364583333333333, 0.7587568681318682]","[0.7924430641821946, 0.8632478632478633, 0.7700882641386074, 0.7966650428287256, 0.7205535205535205, 0.8459996793330127, 0.7755555555555556, 0.8288359788359787, 0.7628384687208217, 0.8059509118332646]","[0.7608695652173914, 0.8478260869565217, 0.7608695652173914, 0.782608695652174, 0.7111111111111111, 0.8444444444444444, 0.7555555555555555, 0.8222222222222222, 0.7555555555555555, 0.7777777777777778]","[0.7494829009071888, 0.8458331599750365, 0.7563634149311897, 0.7764359267734554, 0.7087960212143218, 0.8425932647711232, 0.7502645502645502, 0.8182281754745524, 0.7478703703703704, 0.7677197802197802]","[array([[12,  0,  0,  0],
       [ 4,  4,  0,  1],
       [ 0,  0,  8,  2],
       [ 0,  0,  4, 11]]), array([[11,  0,  0,  1],
       [ 2,  6,  0,  1],
       [ 0,  0,  8,  2],
       [ 0,  0,  1, 14]]), array([[ 8,  3,  0,  0],
       [ 2,  7,  0,  1],
       [ 0,  0,  6,  4],
       [ 0,  0,  1, 14]]), array([[ 9,  1,  1,  0],
       [ 4,  5,  0,  1],
       [ 0,  0,  8,  2],
       [ 1,  0,  0, 14]]), array([[ 8,  2,  1,  0],
       [ 5,  5,  0,  0],
       [ 0,  0,  8,  2],
       [ 0,  0,  3, 11]]), array([[ 9,  2,  0,  0],
       [ 2,  7,  0,  1],
       [ 0,  0,  9,  0],
       [ 0,  0,  2, 13]]), array([[ 9,  1,  1,  0],
       [ 1,  5,  0,  3],
       [ 0,  0,  6,  4],
       [ 0,  0,  1, 14]]), array([[10,  1,  0,  0],
       [ 2,  6,  0,  1],
       [ 0,  0,  7,  3],
       [ 0,  0,  1, 14]]), array([[10,  1,  0,  0],
       [ 4,  5,  0,  0],
       [ 0,  0,  6,  4],
       [ 0,  0,  2, 13]]), array([[ 9,  0,  0,  2],
       [ 4,  4,  0,  1],
       [ 0,  0,  9,  1],
       [ 0,  0,  2, 13]])]"
18,"[1.0, 1.0, 1.0, 1.0, 1.0, 1.0, 1.0, 1.0, 1.0, 1.0]","[1.0, 1.0, 1.0, 1.0, 1.0, 1.0, 1.0, 1.0, 1.0, 1.0]","[1.0, 1.0, 1.0, 1.0, 1.0, 1.0, 1.0, 1.0, 1.0, 1.0]","[1.0, 1.0, 1.0, 1.0, 1.0, 1.0, 1.0, 1.0, 1.0, 1.0]","[1.0, 1.0, 1.0, 1.0, 1.0, 1.0, 1.0, 1.0, 1.0, 1.0]","[1.0, 1.0, 1.0, 1.0, 1.0, 1.0, 1.0, 1.0, 1.0, 1.0]","[1.0, 1.0, 1.0, 1.0, 1.0, 1.0, 1.0, 1.0, 1.0, 1.0]","[1.0, 1.0, 1.0, 1.0, 1.0, 1.0, 1.0, 1.0, 1.0, 1.0]","[1.0, 1.0, 1.0, 1.0, 1.0, 1.0, 1.0, 1.0, 1.0, 1.0]","[1.0, 1.0, 1.0, 1.0, 1.0, 1.0, 1.0, 1.0, 1.0, 1.0]","[array([[100,   0,   0,   0],
       [  0,  85,   0,   0],
       [  0,   0,  89,   0],
       [  0,   0,   0, 134]]), array([[100,   0,   0,   0],
       [  0,  85,   0,   0],
       [  0,   0,  89,   0],
       [  0,   0,   0, 134]]), array([[101,   0,   0,   0],
       [  0,  84,   0,   0],
       [  0,   0,  89,   0],
       [  0,   0,   0, 134]]), array([[101,   0,   0,   0],
       [  0,  84,   0,   0],
       [  0,   0,  89,   0],
       [  0,   0,   0, 134]]), array([[101,   0,   0,   0],
       [  0,  84,   0,   0],
       [  0,   0,  89,   0],
       [  0,   0,   0, 135]]), array([[101,   0,   0,   0],
       [  0,  84,   0,   0],
       [  0,   0,  90,   0],
       [  0,   0,   0, 134]]), array([[101,   0,   0,   0],
       [  0,  85,   0,   0],
       [  0,   0,  89,   0],
       [  0,   0,   0, 134]]), array([[101,   0,   0,   0],
       [  0,  85,   0,   0],
       [  0,   0,  89,   0],
       [  0,   0,   0, 134]]), array([[101,   0,   0,   0],
       [  0,  85,   0,   0],
       [  0,   0,  89,   0],
       [  0,   0,   0, 134]]), array([[101,   0,   0,   0],
       [  0,  85,   0,   0],
       [  0,   0,  89,   0],
       [  0,   0,   0, 134]])]","[0.7391304347826086, 0.8043478260869565, 0.7608695652173914, 0.782608695652174, 0.7111111111111111, 0.8444444444444444, 0.7555555555555555, 0.8, 0.7777777777777778, 0.7777777777777778]","[0.7391304347826086, 0.8043478260869565, 0.7608695652173914, 0.782608695652174, 0.7111111111111111, 0.8444444444444444, 0.7555555555555555, 0.8, 0.7777777777777778, 0.7777777777777778]","[0.7391304347826086, 0.8043478260869565, 0.7608695652173914, 0.782608695652174, 0.7111111111111111, 0.8444444444444444, 0.7555555555555555, 0.8, 0.7777777777777778, 0.7777777777777778]","[0.7391304347826086, 0.8043478260869565, 0.7608695652173914, 0.782608695652174, 0.7111111111111111, 0.8444444444444444, 0.7555555555555555, 0.8, 0.7777777777777778, 0.7777777777777778]","[0.7799242424242424, 0.8369883040935673, 0.7734962406015038, 0.829861111111111, 0.7106227106227107, 0.8416666666666667, 0.7875, 0.8138354700854701, 0.7852698771816419, 0.8187988482106129]","[0.7194444444444444, 0.7833333333333334, 0.7401515151515152, 0.7606060606060607, 0.7032467532467532, 0.8434343434343434, 0.7267676767676767, 0.7744949494949496, 0.7606060606060606, 0.7573232323232323]","[0.7181318681318681, 0.7984262125902992, 0.7478291316526611, 0.7655400155400156, 0.6992473757179639, 0.8414786967418546, 0.742063492063492, 0.7815656565656566, 0.765625, 0.7587568681318682]","[0.7687747035573121, 0.8224002034070684, 0.7700882641386074, 0.8206521739130435, 0.7205535205535205, 0.8466666666666666, 0.7755555555555556, 0.8084045584045583, 0.7810313869137399, 0.8059509118332646]","[0.7391304347826086, 0.8043478260869565, 0.7608695652173914, 0.782608695652174, 0.7111111111111111, 0.8444444444444444, 0.7555555555555555, 0.8, 0.7777777777777778, 0.7777777777777778]","[0.7280617932791845, 0.8026383093283079, 0.7563634149311897, 0.7746359920272965, 0.7087960212143218, 0.8446115288220553, 0.7502645502645502, 0.7927048260381595, 0.7726851851851853, 0.7677197802197802]","[array([[12,  0,  0,  0],
       [ 4,  4,  0,  1],
       [ 0,  0,  7,  3],
       [ 0,  0,  4, 11]]), array([[10,  0,  1,  1],
       [ 2,  6,  0,  1],
       [ 0,  0,  7,  3],
       [ 0,  0,  1, 14]]), array([[ 8,  3,  0,  0],
       [ 2,  7,  0,  1],
       [ 0,  0,  6,  4],
       [ 0,  0,  1, 14]]), array([[10,  0,  1,  0],
       [ 4,  5,  0,  1],
       [ 0,  0,  7,  3],
       [ 1,  0,  0, 14]]), array([[ 8,  2,  1,  0],
       [ 5,  5,  0,  0],
       [ 0,  0,  8,  2],
       [ 0,  0,  3, 11]]), array([[ 9,  2,  0,  0],
       [ 1,  8,  0,  1],
       [ 0,  0,  8,  1],
       [ 0,  0,  2, 13]]), array([[ 9,  1,  1,  0],
       [ 1,  5,  0,  3],
       [ 0,  0,  6,  4],
       [ 0,  0,  1, 14]]), array([[10,  1,  0,  0],
       [ 3,  5,  0,  1],
       [ 0,  0,  7,  3],
       [ 0,  0,  1, 14]]), array([[10,  1,  0,  0],
       [ 3,  6,  0,  0],
       [ 0,  0,  6,  4],
       [ 0,  0,  2, 13]]), array([[ 9,  0,  0,  2],
       [ 4,  4,  0,  1],
       [ 0,  0,  9,  1],
       [ 0,  0,  2, 13]])]"
19,"[1.0, 1.0, 1.0, 1.0, 1.0, 1.0, 1.0, 1.0, 1.0, 1.0]","[1.0, 1.0, 1.0, 1.0, 1.0, 1.0, 1.0, 1.0, 1.0, 1.0]","[1.0, 1.0, 1.0, 1.0, 1.0, 1.0, 1.0, 1.0, 1.0, 1.0]","[1.0, 1.0, 1.0, 1.0, 1.0, 1.0, 1.0, 1.0, 1.0, 1.0]","[1.0, 1.0, 1.0, 1.0, 1.0, 1.0, 1.0, 1.0, 1.0, 1.0]","[1.0, 1.0, 1.0, 1.0, 1.0, 1.0, 1.0, 1.0, 1.0, 1.0]","[1.0, 1.0, 1.0, 1.0, 1.0, 1.0, 1.0, 1.0, 1.0, 1.0]","[1.0, 1.0, 1.0, 1.0, 1.0, 1.0, 1.0, 1.0, 1.0, 1.0]","[1.0, 1.0, 1.0, 1.0, 1.0, 1.0, 1.0, 1.0, 1.0, 1.0]","[1.0, 1.0, 1.0, 1.0, 1.0, 1.0, 1.0, 1.0, 1.0, 1.0]","[array([[100,   0,   0,   0],
       [  0,  85,   0,   0],
       [  0,   0,  89,   0],
       [  0,   0,   0, 134]]), array([[100,   0,   0,   0],
       [  0,  85,   0,   0],
       [  0,   0,  89,   0],
       [  0,   0,   0, 134]]), array([[101,   0,   0,   0],
       [  0,  84,   0,   0],
       [  0,   0,  89,   0],
       [  0,   0,   0, 134]]), array([[101,   0,   0,   0],
       [  0,  84,   0,   0],
       [  0,   0,  89,   0],
       [  0,   0,   0, 134]]), array([[101,   0,   0,   0],
       [  0,  84,   0,   0],
       [  0,   0,  89,   0],
       [  0,   0,   0, 135]]), array([[101,   0,   0,   0],
       [  0,  84,   0,   0],
       [  0,   0,  90,   0],
       [  0,   0,   0, 134]]), array([[101,   0,   0,   0],
       [  0,  85,   0,   0],
       [  0,   0,  89,   0],
       [  0,   0,   0, 134]]), array([[101,   0,   0,   0],
       [  0,  85,   0,   0],
       [  0,   0,  89,   0],
       [  0,   0,   0, 134]]), array([[101,   0,   0,   0],
       [  0,  85,   0,   0],
       [  0,   0,  89,   0],
       [  0,   0,   0, 134]]), array([[101,   0,   0,   0],
       [  0,  85,   0,   0],
       [  0,   0,  89,   0],
       [  0,   0,   0, 134]])]","[0.7608695652173914, 0.8260869565217391, 0.7608695652173914, 0.8260869565217391, 0.7111111111111111, 0.8, 0.7555555555555555, 0.8222222222222222, 0.7555555555555555, 0.8]","[0.7608695652173914, 0.8260869565217391, 0.7608695652173914, 0.8260869565217391, 0.7111111111111111, 0.8, 0.7555555555555555, 0.8222222222222222, 0.7555555555555555, 0.8]","[0.7608695652173914, 0.8260869565217391, 0.7608695652173914, 0.8260869565217391, 0.7111111111111111, 0.8, 0.7555555555555555, 0.8222222222222222, 0.7555555555555555, 0.8]","[0.7608695652173914, 0.8260869565217391, 0.7608695652173914, 0.8260869565217391, 0.7111111111111111, 0.8, 0.7555555555555555, 0.8222222222222222, 0.7555555555555555, 0.8]","[0.800595238095238, 0.8527777777777779, 0.7734962406015038, 0.8604166666666666, 0.7106227106227107, 0.7965593434343434, 0.7875, 0.8596230158730158, 0.7655812324929971, 0.8345352564102564]","[0.7444444444444445, 0.8083333333333333, 0.7401515151515152, 0.8106060606060606, 0.7032467532467532, 0.7906565656565656, 0.7267676767676767, 0.7972222222222223, 0.7328282828282828, 0.7823232323232323]","[0.7396052223638432, 0.8204545454545455, 0.7478291316526611, 0.8097808105872623, 0.6992473757179639, 0.7928778446605272, 0.742063492063492, 0.8051370851370852, 0.7364583333333333, 0.7782963004737199]","[0.7924430641821946, 0.8405797101449275, 0.7700882641386074, 0.8577898550724636, 0.7205535205535205, 0.7992283950617284, 0.7755555555555556, 0.8457671957671958, 0.7628384687208217, 0.8252492877492877]","[0.7608695652173914, 0.8260869565217391, 0.7608695652173914, 0.8260869565217391, 0.7111111111111111, 0.8, 0.7555555555555555, 0.8222222222222222, 0.7555555555555555, 0.8]","[0.7494829009071888, 0.824505928853755, 0.7563634149311897, 0.8190563527169418, 0.7087960212143218, 0.7988681380871534, 0.7502645502645502, 0.8136360429693763, 0.7478703703703704, 0.7880003509035766]","[array([[12,  0,  0,  0],
       [ 4,  4,  0,  1],
       [ 0,  0,  8,  2],
       [ 0,  0,  4, 11]]), array([[10,  0,  1,  1],
       [ 2,  6,  0,  1],
       [ 0,  0,  8,  2],
       [ 0,  0,  1, 14]]), array([[ 8,  3,  0,  0],
       [ 2,  7,  0,  1],
       [ 0,  0,  6,  4],
       [ 0,  0,  1, 14]]), array([[10,  0,  1,  0],
       [ 4,  5,  0,  1],
       [ 0,  0,  9,  1],
       [ 1,  0,  0, 14]]), array([[ 8,  2,  1,  0],
       [ 5,  5,  0,  0],
       [ 0,  0,  8,  2],
       [ 0,  0,  3, 11]]), array([[ 9,  2,  0,  0],
       [ 2,  7,  0,  1],
       [ 0,  0,  7,  2],
       [ 0,  0,  2, 13]]), array([[ 9,  1,  1,  0],
       [ 1,  5,  0,  3],
       [ 0,  0,  6,  4],
       [ 0,  0,  1, 14]]), array([[11,  0,  0,  0],
       [ 3,  5,  0,  1],
       [ 0,  0,  7,  3],
       [ 0,  0,  1, 14]]), array([[10,  1,  0,  0],
       [ 4,  5,  0,  0],
       [ 0,  0,  6,  4],
       [ 0,  0,  2, 13]]), array([[ 9,  0,  0,  2],
       [ 4,  4,  0,  1],
       [ 0,  0, 10,  0],
       [ 0,  0,  2, 13]])]"
20,"[1.0, 1.0, 1.0, 1.0, 1.0, 1.0, 1.0, 1.0, 1.0, 1.0]","[1.0, 1.0, 1.0, 1.0, 1.0, 1.0, 1.0, 1.0, 1.0, 1.0]","[1.0, 1.0, 1.0, 1.0, 1.0, 1.0, 1.0, 1.0, 1.0, 1.0]","[1.0, 1.0, 1.0, 1.0, 1.0, 1.0, 1.0, 1.0, 1.0, 1.0]","[1.0, 1.0, 1.0, 1.0, 1.0, 1.0, 1.0, 1.0, 1.0, 1.0]","[1.0, 1.0, 1.0, 1.0, 1.0, 1.0, 1.0, 1.0, 1.0, 1.0]","[1.0, 1.0, 1.0, 1.0, 1.0, 1.0, 1.0, 1.0, 1.0, 1.0]","[1.0, 1.0, 1.0, 1.0, 1.0, 1.0, 1.0, 1.0, 1.0, 1.0]","[1.0, 1.0, 1.0, 1.0, 1.0, 1.0, 1.0, 1.0, 1.0, 1.0]","[1.0, 1.0, 1.0, 1.0, 1.0, 1.0, 1.0, 1.0, 1.0, 1.0]","[array([[100,   0,   0,   0],
       [  0,  85,   0,   0],
       [  0,   0,  89,   0],
       [  0,   0,   0, 134]]), array([[100,   0,   0,   0],
       [  0,  85,   0,   0],
       [  0,   0,  89,   0],
       [  0,   0,   0, 134]]), array([[101,   0,   0,   0],
       [  0,  84,   0,   0],
       [  0,   0,  89,   0],
       [  0,   0,   0, 134]]), array([[101,   0,   0,   0],
       [  0,  84,   0,   0],
       [  0,   0,  89,   0],
       [  0,   0,   0, 134]]), array([[101,   0,   0,   0],
       [  0,  84,   0,   0],
       [  0,   0,  89,   0],
       [  0,   0,   0, 135]]), array([[101,   0,   0,   0],
       [  0,  84,   0,   0],
       [  0,   0,  90,   0],
       [  0,   0,   0, 134]]), array([[101,   0,   0,   0],
       [  0,  85,   0,   0],
       [  0,   0,  89,   0],
       [  0,   0,   0, 134]]), array([[101,   0,   0,   0],
       [  0,  85,   0,   0],
       [  0,   0,  89,   0],
       [  0,   0,   0, 134]]), array([[101,   0,   0,   0],
       [  0,  85,   0,   0],
       [  0,   0,  89,   0],
       [  0,   0,   0, 134]]), array([[101,   0,   0,   0],
       [  0,  85,   0,   0],
       [  0,   0,  89,   0],
       [  0,   0,   0, 134]])]","[0.7608695652173914, 0.8260869565217391, 0.7608695652173914, 0.8260869565217391, 0.7111111111111111, 0.8444444444444444, 0.7555555555555555, 0.8, 0.7555555555555555, 0.7777777777777778]","[0.7608695652173914, 0.8260869565217391, 0.7608695652173914, 0.8260869565217391, 0.7111111111111111, 0.8444444444444444, 0.7555555555555555, 0.8, 0.7555555555555555, 0.7777777777777778]","[0.7608695652173914, 0.8260869565217391, 0.7608695652173914, 0.8260869565217391, 0.7111111111111111, 0.8444444444444444, 0.7555555555555555, 0.8, 0.7555555555555555, 0.7777777777777778]","[0.7608695652173914, 0.8260869565217391, 0.7608695652173914, 0.8260869565217391, 0.7111111111111111, 0.8444444444444444, 0.7555555555555555, 0.8, 0.7555555555555555, 0.7777777777777778]","[0.800595238095238, 0.864498987854251, 0.7670454545454546, 0.8594537815126051, 0.7096861471861471, 0.8437500000000001, 0.7875, 0.8138354700854701, 0.7655812324929971, 0.8187988482106129]","[0.7444444444444445, 0.8041666666666667, 0.7462121212121212, 0.8106060606060606, 0.7032467532467532, 0.8411616161616161, 0.7267676767676767, 0.7744949494949496, 0.7328282828282828, 0.7573232323232323]","[0.7396052223638432, 0.820326797385621, 0.7523923444976077, 0.8104166666666667, 0.7036749482401655, 0.8390287312484109, 0.742063492063492, 0.7815656565656566, 0.7364583333333333, 0.7587568681318682]","[0.7924430641821946, 0.8468799507129027, 0.7632850241545894, 0.8523931311655096, 0.7154882154882155, 0.847037037037037, 0.7755555555555556, 0.8084045584045583, 0.7628384687208217, 0.8059509118332646]","[0.7608695652173914, 0.8260869565217391, 0.7608695652173914, 0.8260869565217391, 0.7111111111111111, 0.8444444444444444, 0.7555555555555555, 0.8, 0.7555555555555555, 0.7777777777777778]","[0.7494829009071888, 0.823711281614095, 0.7576797725539145, 0.8172101449275363, 0.7107890499194848, 0.8427098341667373, 0.7502645502645502, 0.7927048260381595, 0.7478703703703704, 0.7677197802197802]","[array([[12,  0,  0,  0],
       [ 4,  4,  0,  1],
       [ 0,  0,  8,  2],
       [ 0,  0,  4, 11]]), array([[11,  0,  0,  1],
       [ 2,  6,  0,  1],
       [ 0,  0,  7,  3],
       [ 0,  0,  1, 14]]), array([[ 9,  2,  0,  0],
       [ 2,  7,  0,  1],
       [ 0,  0,  6,  4],
       [ 0,  0,  2, 13]]), array([[10,  0,  1,  0],
       [ 3,  5,  0,  2],
       [ 0,  0,  9,  1],
       [ 1,  0,  0, 14]]), array([[ 8,  2,  1,  0],
       [ 4,  6,  0,  0],
       [ 0,  0,  7,  3],
       [ 0,  0,  3, 11]]), array([[10,  1,  0,  0],
       [ 2,  7,  0,  1],
       [ 0,  0,  8,  1],
       [ 0,  0,  2, 13]]), array([[ 9,  1,  1,  0],
       [ 1,  5,  0,  3],
       [ 0,  0,  6,  4],
       [ 0,  0,  1, 14]]), array([[10,  1,  0,  0],
       [ 3,  5,  0,  1],
       [ 0,  0,  7,  3],
       [ 0,  0,  1, 14]]), array([[10,  1,  0,  0],
       [ 4,  5,  0,  0],
       [ 0,  0,  6,  4],
       [ 0,  0,  2, 13]]), array([[ 9,  0,  0,  2],
       [ 4,  4,  0,  1],
       [ 0,  0,  9,  1],
       [ 0,  0,  2, 13]])]"
21,"[1.0, 1.0, 1.0, 1.0, 1.0, 1.0, 1.0, 1.0, 1.0, 1.0]","[1.0, 1.0, 1.0, 1.0, 1.0, 1.0, 1.0, 1.0, 1.0, 1.0]","[1.0, 1.0, 1.0, 1.0, 1.0, 1.0, 1.0, 1.0, 1.0, 1.0]","[1.0, 1.0, 1.0, 1.0, 1.0, 1.0, 1.0, 1.0, 1.0, 1.0]","[1.0, 1.0, 1.0, 1.0, 1.0, 1.0, 1.0, 1.0, 1.0, 1.0]","[1.0, 1.0, 1.0, 1.0, 1.0, 1.0, 1.0, 1.0, 1.0, 1.0]","[1.0, 1.0, 1.0, 1.0, 1.0, 1.0, 1.0, 1.0, 1.0, 1.0]","[1.0, 1.0, 1.0, 1.0, 1.0, 1.0, 1.0, 1.0, 1.0, 1.0]","[1.0, 1.0, 1.0, 1.0, 1.0, 1.0, 1.0, 1.0, 1.0, 1.0]","[1.0, 1.0, 1.0, 1.0, 1.0, 1.0, 1.0, 1.0, 1.0, 1.0]","[array([[100,   0,   0,   0],
       [  0,  85,   0,   0],
       [  0,   0,  89,   0],
       [  0,   0,   0, 134]]), array([[100,   0,   0,   0],
       [  0,  85,   0,   0],
       [  0,   0,  89,   0],
       [  0,   0,   0, 134]]), array([[101,   0,   0,   0],
       [  0,  84,   0,   0],
       [  0,   0,  89,   0],
       [  0,   0,   0, 134]]), array([[101,   0,   0,   0],
       [  0,  84,   0,   0],
       [  0,   0,  89,   0],
       [  0,   0,   0, 134]]), array([[101,   0,   0,   0],
       [  0,  84,   0,   0],
       [  0,   0,  89,   0],
       [  0,   0,   0, 135]]), array([[101,   0,   0,   0],
       [  0,  84,   0,   0],
       [  0,   0,  90,   0],
       [  0,   0,   0, 134]]), array([[101,   0,   0,   0],
       [  0,  85,   0,   0],
       [  0,   0,  89,   0],
       [  0,   0,   0, 134]]), array([[101,   0,   0,   0],
       [  0,  85,   0,   0],
       [  0,   0,  89,   0],
       [  0,   0,   0, 134]]), array([[101,   0,   0,   0],
       [  0,  85,   0,   0],
       [  0,   0,  89,   0],
       [  0,   0,   0, 134]]), array([[101,   0,   0,   0],
       [  0,  85,   0,   0],
       [  0,   0,  89,   0],
       [  0,   0,   0, 134]])]","[0.7608695652173914, 0.8478260869565217, 0.7391304347826086, 0.8260869565217391, 0.7111111111111111, 0.8666666666666667, 0.7555555555555555, 0.8444444444444444, 0.7555555555555555, 0.8222222222222222]","[0.7608695652173914, 0.8478260869565217, 0.7391304347826086, 0.8260869565217391, 0.7111111111111111, 0.8666666666666667, 0.7555555555555555, 0.8444444444444444, 0.7555555555555555, 0.8222222222222222]","[0.7608695652173914, 0.8478260869565217, 0.7391304347826086, 0.8260869565217391, 0.7111111111111111, 0.8666666666666667, 0.7555555555555555, 0.8444444444444444, 0.7555555555555555, 0.8222222222222222]","[0.7608695652173914, 0.8478260869565217, 0.7391304347826086, 0.8260869565217391, 0.7111111111111111, 0.8666666666666667, 0.7555555555555555, 0.8444444444444444, 0.7555555555555555, 0.8222222222222222]","[0.800595238095238, 0.8782051282051282, 0.7430555555555556, 0.8594537815126051, 0.7096861471861471, 0.863771645021645, 0.7875, 0.874732905982906, 0.7655812324929971, 0.8562320032908268]","[0.7444444444444445, 0.8291666666666666, 0.7234848484848485, 0.8106060606060606, 0.7032467532467532, 0.8689393939393939, 0.7267676767676767, 0.825, 0.7328282828282828, 0.7989898989898989]","[0.7396052223638432, 0.8426475279106859, 0.729112554112554, 0.8104166666666667, 0.7036749482401655, 0.8609736798267533, 0.742063492063492, 0.8357323232323233, 0.7364583333333333, 0.7981913919413919]","[0.7924430641821946, 0.8632478632478633, 0.7420289855072464, 0.8523931311655096, 0.7154882154882155, 0.8713083213083214, 0.7755555555555556, 0.8605413105413104, 0.7628384687208217, 0.8457607751725397]","[0.7608695652173914, 0.8478260869565217, 0.7391304347826086, 0.8260869565217391, 0.7111111111111111, 0.8666666666666667, 0.7555555555555555, 0.8444444444444444, 0.7555555555555555, 0.8222222222222222]","[0.7494829009071888, 0.8458331599750365, 0.7362130623000188, 0.8172101449275363, 0.7107890499194848, 0.8642504673589132, 0.7502645502645502, 0.8397418630751964, 0.7478703703703704, 0.8097171347171348]","[array([[12,  0,  0,  0],
       [ 4,  4,  0,  1],
       [ 0,  0,  8,  2],
       [ 0,  0,  4, 11]]), array([[11,  0,  0,  1],
       [ 2,  6,  0,  1],
       [ 0,  0,  8,  2],
       [ 0,  0,  1, 14]]), array([[ 8,  3,  0,  0],
       [ 2,  7,  0,  1],
       [ 0,  0,  6,  4],
       [ 0,  0,  2, 13]]), array([[10,  0,  1,  0],
       [ 3,  5,  0,  2],
       [ 0,  0,  9,  1],
       [ 1,  0,  0, 14]]), array([[ 8,  2,  1,  0],
       [ 4,  6,  0,  0],
       [ 0,  0,  7,  3],
       [ 0,  0,  3, 11]]), array([[10,  1,  0,  0],
       [ 2,  7,  0,  1],
       [ 0,  0,  9,  0],
       [ 0,  0,  2, 13]]), array([[ 9,  1,  1,  0],
       [ 1,  5,  0,  3],
       [ 0,  0,  6,  4],
       [ 0,  0,  1, 14]]), array([[11,  0,  0,  0],
       [ 2,  6,  0,  1],
       [ 0,  0,  7,  3],
       [ 0,  0,  1, 14]]), array([[10,  1,  0,  0],
       [ 4,  5,  0,  0],
       [ 0,  0,  6,  4],
       [ 0,  0,  2, 13]]), array([[ 9,  0,  0,  2],
       [ 4,  4,  0,  1],
       [ 0,  0, 10,  0],
       [ 0,  0,  1, 14]])]"
22,"[1.0, 1.0, 1.0, 1.0, 1.0, 1.0, 1.0, 1.0, 1.0, 1.0]","[1.0, 1.0, 1.0, 1.0, 1.0, 1.0, 1.0, 1.0, 1.0, 1.0]","[1.0, 1.0, 1.0, 1.0, 1.0, 1.0, 1.0, 1.0, 1.0, 1.0]","[1.0, 1.0, 1.0, 1.0, 1.0, 1.0, 1.0, 1.0, 1.0, 1.0]","[1.0, 1.0, 1.0, 1.0, 1.0, 1.0, 1.0, 1.0, 1.0, 1.0]","[1.0, 1.0, 1.0, 1.0, 1.0, 1.0, 1.0, 1.0, 1.0, 1.0]","[1.0, 1.0, 1.0, 1.0, 1.0, 1.0, 1.0, 1.0, 1.0, 1.0]","[1.0, 1.0, 1.0, 1.0, 1.0, 1.0, 1.0, 1.0, 1.0, 1.0]","[1.0, 1.0, 1.0, 1.0, 1.0, 1.0, 1.0, 1.0, 1.0, 1.0]","[1.0, 1.0, 1.0, 1.0, 1.0, 1.0, 1.0, 1.0, 1.0, 1.0]","[array([[100,   0,   0,   0],
       [  0,  85,   0,   0],
       [  0,   0,  89,   0],
       [  0,   0,   0, 134]]), array([[100,   0,   0,   0],
       [  0,  85,   0,   0],
       [  0,   0,  89,   0],
       [  0,   0,   0, 134]]), array([[101,   0,   0,   0],
       [  0,  84,   0,   0],
       [  0,   0,  89,   0],
       [  0,   0,   0, 134]]), array([[101,   0,   0,   0],
       [  0,  84,   0,   0],
       [  0,   0,  89,   0],
       [  0,   0,   0, 134]]), array([[101,   0,   0,   0],
       [  0,  84,   0,   0],
       [  0,   0,  89,   0],
       [  0,   0,   0, 135]]), array([[101,   0,   0,   0],
       [  0,  84,   0,   0],
       [  0,   0,  90,   0],
       [  0,   0,   0, 134]]), array([[101,   0,   0,   0],
       [  0,  85,   0,   0],
       [  0,   0,  89,   0],
       [  0,   0,   0, 134]]), array([[101,   0,   0,   0],
       [  0,  85,   0,   0],
       [  0,   0,  89,   0],
       [  0,   0,   0, 134]]), array([[101,   0,   0,   0],
       [  0,  85,   0,   0],
       [  0,   0,  89,   0],
       [  0,   0,   0, 134]]), array([[101,   0,   0,   0],
       [  0,  85,   0,   0],
       [  0,   0,  89,   0],
       [  0,   0,   0, 134]])]","[0.7608695652173914, 0.8260869565217391, 0.717391304347826, 0.8260869565217391, 0.7111111111111111, 0.8666666666666667, 0.7555555555555555, 0.8222222222222222, 0.7333333333333333, 0.8222222222222222]","[0.7608695652173914, 0.8260869565217391, 0.717391304347826, 0.8260869565217391, 0.7111111111111111, 0.8666666666666667, 0.7555555555555555, 0.8222222222222222, 0.7333333333333333, 0.8222222222222222]","[0.7608695652173914, 0.8260869565217391, 0.717391304347826, 0.8260869565217391, 0.7111111111111111, 0.8666666666666667, 0.7555555555555555, 0.8222222222222222, 0.7333333333333333, 0.8222222222222222]","[0.7608695652173914, 0.8260869565217391, 0.717391304347826, 0.8260869565217391, 0.7111111111111111, 0.8666666666666667, 0.7555555555555555, 0.8222222222222222, 0.7333333333333333, 0.8222222222222222]","[0.800595238095238, 0.864498987854251, 0.7165404040404041, 0.8594537815126051, 0.7096861471861471, 0.863771645021645, 0.7875, 0.8358134920634921, 0.746031746031746, 0.8562320032908268]","[0.7444444444444445, 0.8041666666666667, 0.6984848484848485, 0.8106060606060606, 0.7032467532467532, 0.8689393939393939, 0.7267676767676767, 0.8022727272727272, 0.7078282828282828, 0.7989898989898989]","[0.7396052223638432, 0.820326797385621, 0.7033492822966507, 0.8104166666666667, 0.7036749482401655, 0.8609736798267533, 0.742063492063492, 0.8114569609134826, 0.7106951871657754, 0.7981913919413919]","[0.7924430641821946, 0.8468799507129027, 0.717391304347826, 0.8523931311655096, 0.7154882154882155, 0.8713083213083214, 0.7755555555555556, 0.8288359788359787, 0.7407407407407408, 0.8457607751725397]","[0.7608695652173914, 0.8260869565217391, 0.717391304347826, 0.8260869565217391, 0.7111111111111111, 0.8666666666666667, 0.7555555555555555, 0.8222222222222222, 0.7333333333333333, 0.8222222222222222]","[0.7494829009071888, 0.823711281614095, 0.7130573469246239, 0.8172101449275363, 0.7107890499194848, 0.8642504673589132, 0.7502645502645502, 0.8182281754745524, 0.7222341057635175, 0.8097171347171348]","[array([[12,  0,  0,  0],
       [ 4,  4,  0,  1],
       [ 0,  0,  8,  2],
       [ 0,  0,  4, 11]]), array([[11,  0,  0,  1],
       [ 2,  6,  0,  1],
       [ 0,  0,  7,  3],
       [ 0,  0,  1, 14]]), array([[ 8,  3,  0,  0],
       [ 3,  6,  0,  1],
       [ 0,  0,  6,  4],
       [ 0,  0,  2, 13]]), array([[10,  0,  1,  0],
       [ 3,  5,  0,  2],
       [ 0,  0,  9,  1],
       [ 1,  0,  0, 14]]), array([[ 8,  2,  1,  0],
       [ 4,  6,  0,  0],
       [ 0,  0,  7,  3],
       [ 0,  0,  3, 11]]), array([[10,  1,  0,  0],
       [ 2,  7,  0,  1],
       [ 0,  0,  9,  0],
       [ 0,  0,  2, 13]]), array([[ 9,  1,  1,  0],
       [ 1,  5,  0,  3],
       [ 0,  0,  6,  4],
       [ 0,  0,  1, 14]]), array([[10,  1,  0,  0],
       [ 2,  6,  0,  1],
       [ 0,  0,  7,  3],
       [ 0,  0,  1, 14]]), array([[10,  1,  0,  0],
       [ 4,  5,  0,  0],
       [ 0,  0,  5,  5],
       [ 0,  0,  2, 13]]), array([[ 9,  0,  0,  2],
       [ 4,  4,  0,  1],
       [ 0,  0, 10,  0],
       [ 0,  0,  1, 14]])]"
23,"[1.0, 1.0, 1.0, 1.0, 1.0, 1.0, 1.0, 1.0, 1.0, 1.0]","[1.0, 1.0, 1.0, 1.0, 1.0, 1.0, 1.0, 1.0, 1.0, 1.0]","[1.0, 1.0, 1.0, 1.0, 1.0, 1.0, 1.0, 1.0, 1.0, 1.0]","[1.0, 1.0, 1.0, 1.0, 1.0, 1.0, 1.0, 1.0, 1.0, 1.0]","[1.0, 1.0, 1.0, 1.0, 1.0, 1.0, 1.0, 1.0, 1.0, 1.0]","[1.0, 1.0, 1.0, 1.0, 1.0, 1.0, 1.0, 1.0, 1.0, 1.0]","[1.0, 1.0, 1.0, 1.0, 1.0, 1.0, 1.0, 1.0, 1.0, 1.0]","[1.0, 1.0, 1.0, 1.0, 1.0, 1.0, 1.0, 1.0, 1.0, 1.0]","[1.0, 1.0, 1.0, 1.0, 1.0, 1.0, 1.0, 1.0, 1.0, 1.0]","[1.0, 1.0, 1.0, 1.0, 1.0, 1.0, 1.0, 1.0, 1.0, 1.0]","[array([[100,   0,   0,   0],
       [  0,  85,   0,   0],
       [  0,   0,  89,   0],
       [  0,   0,   0, 134]]), array([[100,   0,   0,   0],
       [  0,  85,   0,   0],
       [  0,   0,  89,   0],
       [  0,   0,   0, 134]]), array([[101,   0,   0,   0],
       [  0,  84,   0,   0],
       [  0,   0,  89,   0],
       [  0,   0,   0, 134]]), array([[101,   0,   0,   0],
       [  0,  84,   0,   0],
       [  0,   0,  89,   0],
       [  0,   0,   0, 134]]), array([[101,   0,   0,   0],
       [  0,  84,   0,   0],
       [  0,   0,  89,   0],
       [  0,   0,   0, 135]]), array([[101,   0,   0,   0],
       [  0,  84,   0,   0],
       [  0,   0,  90,   0],
       [  0,   0,   0, 134]]), array([[101,   0,   0,   0],
       [  0,  85,   0,   0],
       [  0,   0,  89,   0],
       [  0,   0,   0, 134]]), array([[101,   0,   0,   0],
       [  0,  85,   0,   0],
       [  0,   0,  89,   0],
       [  0,   0,   0, 134]]), array([[101,   0,   0,   0],
       [  0,  85,   0,   0],
       [  0,   0,  89,   0],
       [  0,   0,   0, 134]]), array([[101,   0,   0,   0],
       [  0,  85,   0,   0],
       [  0,   0,  89,   0],
       [  0,   0,   0, 134]])]","[0.7608695652173914, 0.8478260869565217, 0.7391304347826086, 0.8260869565217391, 0.7111111111111111, 0.8666666666666667, 0.7555555555555555, 0.8222222222222222, 0.7333333333333333, 0.8]","[0.7608695652173914, 0.8478260869565217, 0.7391304347826086, 0.8260869565217391, 0.7111111111111111, 0.8666666666666667, 0.7555555555555555, 0.8222222222222222, 0.7333333333333333, 0.8]","[0.7608695652173914, 0.8478260869565217, 0.7391304347826086, 0.8260869565217391, 0.7111111111111111, 0.8666666666666667, 0.7555555555555555, 0.8222222222222222, 0.7333333333333333, 0.8]","[0.7608695652173914, 0.8478260869565217, 0.7391304347826086, 0.8260869565217391, 0.7111111111111111, 0.8666666666666667, 0.7555555555555555, 0.8222222222222222, 0.7333333333333333, 0.8]","[0.800595238095238, 0.8782051282051282, 0.7430555555555556, 0.8594537815126051, 0.7096861471861471, 0.8573232323232323, 0.7875, 0.8358134920634921, 0.746031746031746, 0.8345352564102564]","[0.7444444444444445, 0.8291666666666666, 0.7234848484848485, 0.8106060606060606, 0.7032467532467532, 0.8628787878787878, 0.7267676767676767, 0.8022727272727272, 0.7078282828282828, 0.7823232323232323]","[0.7396052223638432, 0.8426475279106859, 0.729112554112554, 0.8104166666666667, 0.7036749482401655, 0.8589314194577353, 0.742063492063492, 0.8114569609134826, 0.7106951871657754, 0.7782963004737199]","[0.7924430641821946, 0.8632478632478633, 0.7420289855072464, 0.8523931311655096, 0.7154882154882155, 0.8639506172839506, 0.7755555555555556, 0.8288359788359787, 0.7407407407407408, 0.8252492877492877]","[0.7608695652173914, 0.8478260869565217, 0.7391304347826086, 0.8260869565217391, 0.7111111111111111, 0.8666666666666667, 0.7555555555555555, 0.8222222222222222, 0.7333333333333333, 0.8]","[0.7494829009071888, 0.8458331599750365, 0.7362130623000188, 0.8172101449275363, 0.7107890499194848, 0.8643274853801169, 0.7502645502645502, 0.8182281754745524, 0.7222341057635175, 0.7880003509035766]","[array([[12,  0,  0,  0],
       [ 4,  4,  0,  1],
       [ 0,  0,  8,  2],
       [ 0,  0,  4, 11]]), array([[11,  0,  0,  1],
       [ 2,  6,  0,  1],
       [ 0,  0,  8,  2],
       [ 0,  0,  1, 14]]), array([[ 8,  3,  0,  0],
       [ 2,  7,  0,  1],
       [ 0,  0,  6,  4],
       [ 0,  0,  2, 13]]), array([[10,  0,  1,  0],
       [ 3,  5,  0,  2],
       [ 0,  0,  9,  1],
       [ 1,  0,  0, 14]]), array([[ 8,  2,  1,  0],
       [ 4,  6,  0,  0],
       [ 0,  0,  7,  3],
       [ 0,  0,  3, 11]]), array([[ 9,  2,  0,  0],
       [ 2,  7,  0,  1],
       [ 0,  0,  9,  0],
       [ 0,  0,  1, 14]]), array([[ 9,  1,  1,  0],
       [ 1,  5,  0,  3],
       [ 0,  0,  6,  4],
       [ 0,  0,  1, 14]]), array([[10,  1,  0,  0],
       [ 2,  6,  0,  1],
       [ 0,  0,  7,  3],
       [ 0,  0,  1, 14]]), array([[10,  1,  0,  0],
       [ 4,  5,  0,  0],
       [ 0,  0,  5,  5],
       [ 0,  0,  2, 13]]), array([[ 9,  0,  0,  2],
       [ 4,  4,  0,  1],
       [ 0,  0, 10,  0],
       [ 0,  0,  2, 13]])]"
24,"[1.0, 1.0, 1.0, 1.0, 1.0, 1.0, 1.0, 1.0, 1.0, 1.0]","[1.0, 1.0, 1.0, 1.0, 1.0, 1.0, 1.0, 1.0, 1.0, 1.0]","[1.0, 1.0, 1.0, 1.0, 1.0, 1.0, 1.0, 1.0, 1.0, 1.0]","[1.0, 1.0, 1.0, 1.0, 1.0, 1.0, 1.0, 1.0, 1.0, 1.0]","[1.0, 1.0, 1.0, 1.0, 1.0, 1.0, 1.0, 1.0, 1.0, 1.0]","[1.0, 1.0, 1.0, 1.0, 1.0, 1.0, 1.0, 1.0, 1.0, 1.0]","[1.0, 1.0, 1.0, 1.0, 1.0, 1.0, 1.0, 1.0, 1.0, 1.0]","[1.0, 1.0, 1.0, 1.0, 1.0, 1.0, 1.0, 1.0, 1.0, 1.0]","[1.0, 1.0, 1.0, 1.0, 1.0, 1.0, 1.0, 1.0, 1.0, 1.0]","[1.0, 1.0, 1.0, 1.0, 1.0, 1.0, 1.0, 1.0, 1.0, 1.0]","[array([[100,   0,   0,   0],
       [  0,  85,   0,   0],
       [  0,   0,  89,   0],
       [  0,   0,   0, 134]]), array([[100,   0,   0,   0],
       [  0,  85,   0,   0],
       [  0,   0,  89,   0],
       [  0,   0,   0, 134]]), array([[101,   0,   0,   0],
       [  0,  84,   0,   0],
       [  0,   0,  89,   0],
       [  0,   0,   0, 134]]), array([[101,   0,   0,   0],
       [  0,  84,   0,   0],
       [  0,   0,  89,   0],
       [  0,   0,   0, 134]]), array([[101,   0,   0,   0],
       [  0,  84,   0,   0],
       [  0,   0,  89,   0],
       [  0,   0,   0, 135]]), array([[101,   0,   0,   0],
       [  0,  84,   0,   0],
       [  0,   0,  90,   0],
       [  0,   0,   0, 134]]), array([[101,   0,   0,   0],
       [  0,  85,   0,   0],
       [  0,   0,  89,   0],
       [  0,   0,   0, 134]]), array([[101,   0,   0,   0],
       [  0,  85,   0,   0],
       [  0,   0,  89,   0],
       [  0,   0,   0, 134]]), array([[101,   0,   0,   0],
       [  0,  85,   0,   0],
       [  0,   0,  89,   0],
       [  0,   0,   0, 134]]), array([[101,   0,   0,   0],
       [  0,  85,   0,   0],
       [  0,   0,  89,   0],
       [  0,   0,   0, 134]])]","[0.7608695652173914, 0.8043478260869565, 0.7391304347826086, 0.8043478260869565, 0.7333333333333333, 0.8666666666666667, 0.7555555555555555, 0.8222222222222222, 0.7333333333333333, 0.8222222222222222]","[0.7608695652173914, 0.8043478260869565, 0.7391304347826086, 0.8043478260869565, 0.7333333333333333, 0.8666666666666667, 0.7555555555555555, 0.8222222222222222, 0.7333333333333333, 0.8222222222222222]","[0.7608695652173914, 0.8043478260869565, 0.7391304347826086, 0.8043478260869565, 0.7333333333333333, 0.8666666666666667, 0.7555555555555555, 0.8222222222222222, 0.7333333333333333, 0.8222222222222222]","[0.7608695652173914, 0.8043478260869565, 0.7391304347826086, 0.8043478260869565, 0.7333333333333333, 0.8666666666666667, 0.7555555555555555, 0.8222222222222222, 0.7333333333333333, 0.8222222222222222]","[0.800595238095238, 0.8508241758241759, 0.7430555555555556, 0.8452380952380952, 0.7291666666666665, 0.8680555555555556, 0.7875, 0.8358134920634921, 0.746031746031746, 0.8562320032908268]","[0.7444444444444445, 0.7791666666666666, 0.7234848484848485, 0.7856060606060606, 0.7211038961038961, 0.8578282828282828, 0.7267676767676767, 0.8022727272727272, 0.7078282828282828, 0.7989898989898989]","[0.7396052223638432, 0.7964705882352943, 0.729112554112554, 0.7893141945773525, 0.7224762618690654, 0.8598644226273959, 0.742063492063492, 0.8114569609134826, 0.7106951871657754, 0.7981913919413919]","[0.7924430641821946, 0.8309842331581462, 0.7420289855072464, 0.8350586611456177, 0.734074074074074, 0.8675925925925927, 0.7755555555555556, 0.8288359788359787, 0.7407407407407408, 0.8457607751725397]","[0.7608695652173914, 0.8043478260869565, 0.7391304347826086, 0.8043478260869565, 0.7333333333333333, 0.8666666666666667, 0.7555555555555555, 0.8222222222222222, 0.7333333333333333, 0.8222222222222222]","[0.7494829009071888, 0.8004092071611254, 0.7362130623000188, 0.7959780875112683, 0.7312232772502638, 0.8642529392412516, 0.7502645502645502, 0.8182281754745524, 0.7222341057635175, 0.8097171347171348]","[array([[12,  0,  0,  0],
       [ 4,  4,  0,  1],
       [ 0,  0,  8,  2],
       [ 0,  0,  4, 11]]), array([[11,  0,  0,  1],
       [ 2,  6,  0,  1],
       [ 0,  0,  6,  4],
       [ 0,  0,  1, 14]]), array([[ 8,  3,  0,  0],
       [ 2,  7,  0,  1],
       [ 0,  0,  6,  4],
       [ 0,  0,  2, 13]]), array([[10,  0,  1,  0],
       [ 3,  5,  0,  2],
       [ 0,  0,  8,  2],
       [ 1,  0,  0, 14]]), array([[ 8,  2,  1,  0],
       [ 4,  6,  0,  0],
       [ 0,  0,  7,  3],
       [ 0,  0,  2, 12]]), array([[10,  1,  0,  0],
       [ 2,  7,  0,  1],
       [ 0,  0,  8,  1],
       [ 0,  0,  1, 14]]), array([[ 9,  1,  1,  0],
       [ 1,  5,  0,  3],
       [ 0,  0,  6,  4],
       [ 0,  0,  1, 14]]), array([[10,  1,  0,  0],
       [ 2,  6,  0,  1],
       [ 0,  0,  7,  3],
       [ 0,  0,  1, 14]]), array([[10,  1,  0,  0],
       [ 4,  5,  0,  0],
       [ 0,  0,  5,  5],
       [ 0,  0,  2, 13]]), array([[ 9,  0,  0,  2],
       [ 4,  4,  0,  1],
       [ 0,  0, 10,  0],
       [ 0,  0,  1, 14]])]"
25,"[1.0, 1.0, 1.0, 1.0, 1.0, 1.0, 1.0, 1.0, 1.0, 1.0]","[1.0, 1.0, 1.0, 1.0, 1.0, 1.0, 1.0, 1.0, 1.0, 1.0]","[1.0, 1.0, 1.0, 1.0, 1.0, 1.0, 1.0, 1.0, 1.0, 1.0]","[1.0, 1.0, 1.0, 1.0, 1.0, 1.0, 1.0, 1.0, 1.0, 1.0]","[1.0, 1.0, 1.0, 1.0, 1.0, 1.0, 1.0, 1.0, 1.0, 1.0]","[1.0, 1.0, 1.0, 1.0, 1.0, 1.0, 1.0, 1.0, 1.0, 1.0]","[1.0, 1.0, 1.0, 1.0, 1.0, 1.0, 1.0, 1.0, 1.0, 1.0]","[1.0, 1.0, 1.0, 1.0, 1.0, 1.0, 1.0, 1.0, 1.0, 1.0]","[1.0, 1.0, 1.0, 1.0, 1.0, 1.0, 1.0, 1.0, 1.0, 1.0]","[1.0, 1.0, 1.0, 1.0, 1.0, 1.0, 1.0, 1.0, 1.0, 1.0]","[array([[100,   0,   0,   0],
       [  0,  85,   0,   0],
       [  0,   0,  89,   0],
       [  0,   0,   0, 134]]), array([[100,   0,   0,   0],
       [  0,  85,   0,   0],
       [  0,   0,  89,   0],
       [  0,   0,   0, 134]]), array([[101,   0,   0,   0],
       [  0,  84,   0,   0],
       [  0,   0,  89,   0],
       [  0,   0,   0, 134]]), array([[101,   0,   0,   0],
       [  0,  84,   0,   0],
       [  0,   0,  89,   0],
       [  0,   0,   0, 134]]), array([[101,   0,   0,   0],
       [  0,  84,   0,   0],
       [  0,   0,  89,   0],
       [  0,   0,   0, 135]]), array([[101,   0,   0,   0],
       [  0,  84,   0,   0],
       [  0,   0,  90,   0],
       [  0,   0,   0, 134]]), array([[101,   0,   0,   0],
       [  0,  85,   0,   0],
       [  0,   0,  89,   0],
       [  0,   0,   0, 134]]), array([[101,   0,   0,   0],
       [  0,  85,   0,   0],
       [  0,   0,  89,   0],
       [  0,   0,   0, 134]]), array([[101,   0,   0,   0],
       [  0,  85,   0,   0],
       [  0,   0,  89,   0],
       [  0,   0,   0, 134]]), array([[101,   0,   0,   0],
       [  0,  85,   0,   0],
       [  0,   0,  89,   0],
       [  0,   0,   0, 134]])]","[0.7391304347826086, 0.8043478260869565, 0.7391304347826086, 0.8043478260869565, 0.7333333333333333, 0.8444444444444444, 0.7555555555555555, 0.8, 0.7333333333333333, 0.8]","[0.7391304347826086, 0.8043478260869565, 0.7391304347826086, 0.8043478260869565, 0.7333333333333333, 0.8444444444444444, 0.7555555555555555, 0.8, 0.7333333333333333, 0.8]","[0.7391304347826086, 0.8043478260869565, 0.7391304347826086, 0.8043478260869565, 0.7333333333333333, 0.8444444444444444, 0.7555555555555555, 0.8, 0.7333333333333333, 0.8]","[0.7391304347826086, 0.8043478260869565, 0.7391304347826086, 0.8043478260869565, 0.7333333333333333, 0.8444444444444444, 0.7555555555555555, 0.8, 0.7333333333333333, 0.8]","[0.7895658263305322, 0.8369883040935673, 0.7430555555555556, 0.8452380952380952, 0.7320054945054945, 0.8399621212121212, 0.7875, 0.805239898989899, 0.746031746031746, 0.8345352564102564]","[0.7166666666666667, 0.7833333333333334, 0.7234848484848485, 0.7856060606060606, 0.7259740259740259, 0.8351010101010101, 0.7267676767676767, 0.7795454545454545, 0.7078282828282828, 0.7823232323232323]","[0.7033699059561129, 0.7984262125902992, 0.729112554112554, 0.7893141945773525, 0.725595238095238, 0.8367846546963695, 0.742063492063492, 0.7875816993464053, 0.7106951871657754, 0.7782963004737199]","[0.7809341127755449, 0.8224002034070684, 0.7420289855072464, 0.8350586611456177, 0.7358974358974358, 0.842283950617284, 0.7755555555555556, 0.8037037037037037, 0.7407407407407408, 0.8252492877492877]","[0.7391304347826086, 0.8043478260869565, 0.7391304347826086, 0.8043478260869565, 0.7333333333333333, 0.8444444444444444, 0.7555555555555555, 0.8, 0.7333333333333333, 0.8]","[0.7191972195720322, 0.8026383093283079, 0.7362130623000188, 0.7959780875112683, 0.7314814814814814, 0.8425957366534617, 0.7502645502645502, 0.7968442595893576, 0.7222341057635175, 0.7880003509035766]","[array([[12,  0,  0,  0],
       [ 5,  3,  0,  1],
       [ 0,  0,  8,  2],
       [ 0,  0,  4, 11]]), array([[10,  0,  1,  1],
       [ 2,  6,  0,  1],
       [ 0,  0,  7,  3],
       [ 0,  0,  1, 14]]), array([[ 8,  3,  0,  0],
       [ 2,  7,  0,  1],
       [ 0,  0,  6,  4],
       [ 0,  0,  2, 13]]), array([[10,  0,  1,  0],
       [ 3,  5,  0,  2],
       [ 0,  0,  8,  2],
       [ 1,  0,  0, 14]]), array([[ 9,  2,  0,  0],
       [ 4,  6,  0,  0],
       [ 0,  0,  7,  3],
       [ 0,  0,  3, 11]]), array([[ 9,  2,  0,  0],
       [ 2,  7,  0,  1],
       [ 0,  0,  8,  1],
       [ 0,  0,  1, 14]]), array([[ 9,  1,  1,  0],
       [ 1,  5,  0,  3],
       [ 0,  0,  6,  4],
       [ 0,  0,  1, 14]]), array([[ 9,  2,  0,  0],
       [ 2,  6,  0,  1],
       [ 0,  0,  7,  3],
       [ 0,  0,  1, 14]]), array([[10,  1,  0,  0],
       [ 4,  5,  0,  0],
       [ 0,  0,  5,  5],
       [ 0,  0,  2, 13]]), array([[ 9,  0,  0,  2],
       [ 4,  4,  0,  1],
       [ 0,  0, 10,  0],
       [ 0,  0,  2, 13]])]"
26,"[1.0, 1.0, 1.0, 1.0, 1.0, 1.0, 1.0, 1.0, 1.0, 1.0]","[1.0, 1.0, 1.0, 1.0, 1.0, 1.0, 1.0, 1.0, 1.0, 1.0]","[1.0, 1.0, 1.0, 1.0, 1.0, 1.0, 1.0, 1.0, 1.0, 1.0]","[1.0, 1.0, 1.0, 1.0, 1.0, 1.0, 1.0, 1.0, 1.0, 1.0]","[1.0, 1.0, 1.0, 1.0, 1.0, 1.0, 1.0, 1.0, 1.0, 1.0]","[1.0, 1.0, 1.0, 1.0, 1.0, 1.0, 1.0, 1.0, 1.0, 1.0]","[1.0, 1.0, 1.0, 1.0, 1.0, 1.0, 1.0, 1.0, 1.0, 1.0]","[1.0, 1.0, 1.0, 1.0, 1.0, 1.0, 1.0, 1.0, 1.0, 1.0]","[1.0, 1.0, 1.0, 1.0, 1.0, 1.0, 1.0, 1.0, 1.0, 1.0]","[1.0, 1.0, 1.0, 1.0, 1.0, 1.0, 1.0, 1.0, 1.0, 1.0]","[array([[100,   0,   0,   0],
       [  0,  85,   0,   0],
       [  0,   0,  89,   0],
       [  0,   0,   0, 134]]), array([[100,   0,   0,   0],
       [  0,  85,   0,   0],
       [  0,   0,  89,   0],
       [  0,   0,   0, 134]]), array([[101,   0,   0,   0],
       [  0,  84,   0,   0],
       [  0,   0,  89,   0],
       [  0,   0,   0, 134]]), array([[101,   0,   0,   0],
       [  0,  84,   0,   0],
       [  0,   0,  89,   0],
       [  0,   0,   0, 134]]), array([[101,   0,   0,   0],
       [  0,  84,   0,   0],
       [  0,   0,  89,   0],
       [  0,   0,   0, 135]]), array([[101,   0,   0,   0],
       [  0,  84,   0,   0],
       [  0,   0,  90,   0],
       [  0,   0,   0, 134]]), array([[101,   0,   0,   0],
       [  0,  85,   0,   0],
       [  0,   0,  89,   0],
       [  0,   0,   0, 134]]), array([[101,   0,   0,   0],
       [  0,  85,   0,   0],
       [  0,   0,  89,   0],
       [  0,   0,   0, 134]]), array([[101,   0,   0,   0],
       [  0,  85,   0,   0],
       [  0,   0,  89,   0],
       [  0,   0,   0, 134]]), array([[101,   0,   0,   0],
       [  0,  85,   0,   0],
       [  0,   0,  89,   0],
       [  0,   0,   0, 134]])]","[0.717391304347826, 0.8043478260869565, 0.717391304347826, 0.782608695652174, 0.7333333333333333, 0.8444444444444444, 0.7555555555555555, 0.7777777777777778, 0.7555555555555555, 0.7777777777777778]","[0.717391304347826, 0.8043478260869565, 0.717391304347826, 0.782608695652174, 0.7333333333333333, 0.8444444444444444, 0.7555555555555555, 0.7777777777777778, 0.7555555555555555, 0.7777777777777778]","[0.717391304347826, 0.8043478260869565, 0.717391304347826, 0.782608695652174, 0.7333333333333333, 0.8444444444444444, 0.7555555555555555, 0.7777777777777778, 0.7555555555555555, 0.7777777777777778]","[0.717391304347826, 0.8043478260869565, 0.717391304347826, 0.782608695652174, 0.7333333333333333, 0.8444444444444444, 0.7555555555555555, 0.7777777777777778, 0.7555555555555555, 0.7777777777777778]","[0.7688948306595366, 0.8369883040935673, 0.7165404040404041, 0.8315319548872181, 0.7320054945054945, 0.8475656288156288, 0.7875, 0.779265873015873, 0.7655812324929971, 0.7781250000000001]","[0.6916666666666667, 0.7833333333333334, 0.6984848484848485, 0.7606060606060607, 0.7259740259740259, 0.8328282828282829, 0.7267676767676767, 0.7517676767676769, 0.7328282828282828, 0.7595959595959596]","[0.6818965517241379, 0.7984262125902992, 0.7033492822966507, 0.7669934640522875, 0.725595238095238, 0.832832595403753, 0.742063492063492, 0.7584678304787, 0.7364583333333333, 0.7537203329629697]","[0.7572657521506625, 0.8224002034070684, 0.717391304347826, 0.818690748610657, 0.7358974358974358, 0.847954822954823, 0.7755555555555556, 0.7798941798941799, 0.7628384687208217, 0.7789814814814815]","[0.717391304347826, 0.8043478260869565, 0.717391304347826, 0.782608695652174, 0.7333333333333333, 0.8444444444444444, 0.7555555555555555, 0.7777777777777778, 0.7555555555555555, 0.7777777777777778]","[0.6977761119440281, 0.8026383093283079, 0.7130573469246239, 0.7738562091503268, 0.7314814814814814, 0.839419495396725, 0.7502645502645502, 0.7719721368272093, 0.7478703703703704, 0.7659241179577786]","[array([[12,  0,  0,  0],
       [ 5,  3,  0,  1],
       [ 0,  0,  7,  3],
       [ 0,  0,  4, 11]]), array([[10,  0,  1,  1],
       [ 2,  6,  0,  1],
       [ 0,  0,  7,  3],
       [ 0,  0,  1, 14]]), array([[ 8,  3,  0,  0],
       [ 3,  6,  0,  1],
       [ 0,  0,  6,  4],
       [ 0,  0,  2, 13]]), array([[10,  0,  1,  0],
       [ 3,  5,  0,  2],
       [ 0,  0,  7,  3],
       [ 1,  0,  0, 14]]), array([[ 9,  2,  0,  0],
       [ 4,  6,  0,  0],
       [ 0,  0,  7,  3],
       [ 0,  0,  3, 11]]), array([[10,  1,  0,  0],
       [ 3,  6,  0,  1],
       [ 0,  0,  8,  1],
       [ 0,  0,  1, 14]]), array([[ 9,  1,  1,  0],
       [ 1,  5,  0,  3],
       [ 0,  0,  6,  4],
       [ 0,  0,  1, 14]]), array([[ 9,  2,  0,  0],
       [ 3,  5,  0,  1],
       [ 0,  0,  7,  3],
       [ 0,  0,  1, 14]]), array([[10,  1,  0,  0],
       [ 4,  5,  0,  0],
       [ 0,  0,  6,  4],
       [ 0,  0,  2, 13]]), array([[ 8,  1,  0,  2],
       [ 4,  4,  0,  1],
       [ 0,  0, 10,  0],
       [ 0,  0,  2, 13]])]"
27,"[1.0, 1.0, 1.0, 1.0, 1.0, 1.0, 1.0, 1.0, 1.0, 1.0]","[1.0, 1.0, 1.0, 1.0, 1.0, 1.0, 1.0, 1.0, 1.0, 1.0]","[1.0, 1.0, 1.0, 1.0, 1.0, 1.0, 1.0, 1.0, 1.0, 1.0]","[1.0, 1.0, 1.0, 1.0, 1.0, 1.0, 1.0, 1.0, 1.0, 1.0]","[1.0, 1.0, 1.0, 1.0, 1.0, 1.0, 1.0, 1.0, 1.0, 1.0]","[1.0, 1.0, 1.0, 1.0, 1.0, 1.0, 1.0, 1.0, 1.0, 1.0]","[1.0, 1.0, 1.0, 1.0, 1.0, 1.0, 1.0, 1.0, 1.0, 1.0]","[1.0, 1.0, 1.0, 1.0, 1.0, 1.0, 1.0, 1.0, 1.0, 1.0]","[1.0, 1.0, 1.0, 1.0, 1.0, 1.0, 1.0, 1.0, 1.0, 1.0]","[1.0, 1.0, 1.0, 1.0, 1.0, 1.0, 1.0, 1.0, 1.0, 1.0]","[array([[100,   0,   0,   0],
       [  0,  85,   0,   0],
       [  0,   0,  89,   0],
       [  0,   0,   0, 134]]), array([[100,   0,   0,   0],
       [  0,  85,   0,   0],
       [  0,   0,  89,   0],
       [  0,   0,   0, 134]]), array([[101,   0,   0,   0],
       [  0,  84,   0,   0],
       [  0,   0,  89,   0],
       [  0,   0,   0, 134]]), array([[101,   0,   0,   0],
       [  0,  84,   0,   0],
       [  0,   0,  89,   0],
       [  0,   0,   0, 134]]), array([[101,   0,   0,   0],
       [  0,  84,   0,   0],
       [  0,   0,  89,   0],
       [  0,   0,   0, 135]]), array([[101,   0,   0,   0],
       [  0,  84,   0,   0],
       [  0,   0,  90,   0],
       [  0,   0,   0, 134]]), array([[101,   0,   0,   0],
       [  0,  85,   0,   0],
       [  0,   0,  89,   0],
       [  0,   0,   0, 134]]), array([[101,   0,   0,   0],
       [  0,  85,   0,   0],
       [  0,   0,  89,   0],
       [  0,   0,   0, 134]]), array([[101,   0,   0,   0],
       [  0,  85,   0,   0],
       [  0,   0,  89,   0],
       [  0,   0,   0, 134]]), array([[101,   0,   0,   0],
       [  0,  85,   0,   0],
       [  0,   0,  89,   0],
       [  0,   0,   0, 134]])]","[0.717391304347826, 0.8043478260869565, 0.6956521739130435, 0.8043478260869565, 0.7333333333333333, 0.8666666666666667, 0.7555555555555555, 0.7777777777777778, 0.7777777777777778, 0.7777777777777778]","[0.717391304347826, 0.8043478260869565, 0.6956521739130435, 0.8043478260869565, 0.7333333333333333, 0.8666666666666667, 0.7555555555555555, 0.7777777777777778, 0.7777777777777778, 0.7777777777777778]","[0.717391304347826, 0.8043478260869565, 0.6956521739130435, 0.8043478260869565, 0.7333333333333333, 0.8666666666666667, 0.7555555555555555, 0.7777777777777778, 0.7777777777777778, 0.7777777777777778]","[0.717391304347826, 0.8043478260869565, 0.6956521739130435, 0.8043478260869565, 0.7333333333333333, 0.8666666666666667, 0.7555555555555555, 0.7777777777777778, 0.7777777777777778, 0.7777777777777778]","[0.7688948306595366, 0.8369883040935673, 0.6916221033868093, 0.8452380952380952, 0.7320054945054945, 0.8680555555555556, 0.7875, 0.779265873015873, 0.7844742063492064, 0.8153846153846154]","[0.6916666666666667, 0.7833333333333334, 0.6818181818181819, 0.7856060606060606, 0.7259740259740259, 0.8578282828282828, 0.7267676767676767, 0.7517676767676769, 0.7578282828282829, 0.7656565656565657]","[0.6818965517241379, 0.7984262125902992, 0.6851076555023923, 0.7893141945773525, 0.725595238095238, 0.8598644226273959, 0.742063492063492, 0.7584678304787, 0.7605546123372949, 0.7587374581939799]","[0.7572657521506625, 0.8224002034070684, 0.6939471440750213, 0.8350586611456177, 0.7358974358974358, 0.8675925925925927, 0.7755555555555556, 0.7798941798941799, 0.784942680776014, 0.8068376068376069]","[0.717391304347826, 0.8043478260869565, 0.6956521739130435, 0.8043478260869565, 0.7333333333333333, 0.8666666666666667, 0.7555555555555555, 0.7777777777777778, 0.7777777777777778, 0.7777777777777778]","[0.6977761119440281, 0.8026383093283079, 0.6930778032036613, 0.7959780875112683, 0.7314814814814814, 0.8642529392412516, 0.7502645502645502, 0.7719721368272093, 0.7722014714204868, 0.7663136380527684]","[array([[12,  0,  0,  0],
       [ 5,  3,  0,  1],
       [ 0,  0,  7,  3],
       [ 0,  0,  4, 11]]), array([[10,  0,  1,  1],
       [ 2,  6,  0,  1],
       [ 0,  0,  7,  3],
       [ 0,  0,  1, 14]]), array([[ 8,  3,  0,  0],
       [ 3,  6,  0,  1],
       [ 0,  0,  6,  4],
       [ 0,  0,  3, 12]]), array([[10,  0,  1,  0],
       [ 3,  5,  0,  2],
       [ 0,  0,  8,  2],
       [ 1,  0,  0, 14]]), array([[ 9,  2,  0,  0],
       [ 4,  6,  0,  0],
       [ 0,  0,  7,  3],
       [ 0,  0,  3, 11]]), array([[10,  1,  0,  0],
       [ 2,  7,  0,  1],
       [ 0,  0,  8,  1],
       [ 0,  0,  1, 14]]), array([[ 9,  1,  1,  0],
       [ 1,  5,  0,  3],
       [ 0,  0,  6,  4],
       [ 0,  0,  1, 14]]), array([[ 9,  2,  0,  0],
       [ 3,  5,  0,  1],
       [ 0,  0,  7,  3],
       [ 0,  0,  1, 14]]), array([[10,  1,  0,  0],
       [ 4,  5,  0,  0],
       [ 0,  0,  7,  3],
       [ 0,  0,  2, 13]]), array([[ 9,  0,  0,  2],
       [ 4,  4,  0,  1],
       [ 0,  0, 10,  0],
       [ 0,  0,  3, 12]])]"
28,"[1.0, 1.0, 1.0, 1.0, 1.0, 1.0, 1.0, 1.0, 1.0, 1.0]","[1.0, 1.0, 1.0, 1.0, 1.0, 1.0, 1.0, 1.0, 1.0, 1.0]","[1.0, 1.0, 1.0, 1.0, 1.0, 1.0, 1.0, 1.0, 1.0, 1.0]","[1.0, 1.0, 1.0, 1.0, 1.0, 1.0, 1.0, 1.0, 1.0, 1.0]","[1.0, 1.0, 1.0, 1.0, 1.0, 1.0, 1.0, 1.0, 1.0, 1.0]","[1.0, 1.0, 1.0, 1.0, 1.0, 1.0, 1.0, 1.0, 1.0, 1.0]","[1.0, 1.0, 1.0, 1.0, 1.0, 1.0, 1.0, 1.0, 1.0, 1.0]","[1.0, 1.0, 1.0, 1.0, 1.0, 1.0, 1.0, 1.0, 1.0, 1.0]","[1.0, 1.0, 1.0, 1.0, 1.0, 1.0, 1.0, 1.0, 1.0, 1.0]","[1.0, 1.0, 1.0, 1.0, 1.0, 1.0, 1.0, 1.0, 1.0, 1.0]","[array([[100,   0,   0,   0],
       [  0,  85,   0,   0],
       [  0,   0,  89,   0],
       [  0,   0,   0, 134]]), array([[100,   0,   0,   0],
       [  0,  85,   0,   0],
       [  0,   0,  89,   0],
       [  0,   0,   0, 134]]), array([[101,   0,   0,   0],
       [  0,  84,   0,   0],
       [  0,   0,  89,   0],
       [  0,   0,   0, 134]]), array([[101,   0,   0,   0],
       [  0,  84,   0,   0],
       [  0,   0,  89,   0],
       [  0,   0,   0, 134]]), array([[101,   0,   0,   0],
       [  0,  84,   0,   0],
       [  0,   0,  89,   0],
       [  0,   0,   0, 135]]), array([[101,   0,   0,   0],
       [  0,  84,   0,   0],
       [  0,   0,  90,   0],
       [  0,   0,   0, 134]]), array([[101,   0,   0,   0],
       [  0,  85,   0,   0],
       [  0,   0,  89,   0],
       [  0,   0,   0, 134]]), array([[101,   0,   0,   0],
       [  0,  85,   0,   0],
       [  0,   0,  89,   0],
       [  0,   0,   0, 134]]), array([[101,   0,   0,   0],
       [  0,  85,   0,   0],
       [  0,   0,  89,   0],
       [  0,   0,   0, 134]]), array([[101,   0,   0,   0],
       [  0,  85,   0,   0],
       [  0,   0,  89,   0],
       [  0,   0,   0, 134]])]","[0.7391304347826086, 0.8043478260869565, 0.6956521739130435, 0.782608695652174, 0.7333333333333333, 0.8444444444444444, 0.7555555555555555, 0.8, 0.7777777777777778, 0.7777777777777778]","[0.7391304347826086, 0.8043478260869565, 0.6956521739130435, 0.782608695652174, 0.7333333333333333, 0.8444444444444444, 0.7555555555555555, 0.8, 0.7777777777777778, 0.7777777777777778]","[0.7391304347826086, 0.8043478260869565, 0.6956521739130435, 0.782608695652174, 0.7333333333333333, 0.8444444444444444, 0.7555555555555555, 0.8, 0.7777777777777778, 0.7777777777777778]","[0.7391304347826086, 0.8043478260869565, 0.6956521739130435, 0.782608695652174, 0.7333333333333333, 0.8444444444444444, 0.7555555555555555, 0.8, 0.7777777777777778, 0.7777777777777778]","[0.7799242424242424, 0.8369883040935673, 0.6916221033868093, 0.8315319548872181, 0.7320054945054945, 0.8475656288156288, 0.7875, 0.7941760037348273, 0.7844742063492064, 0.7781250000000001]","[0.7194444444444444, 0.7833333333333334, 0.6818181818181819, 0.7606060606060607, 0.7259740259740259, 0.8328282828282829, 0.7267676767676767, 0.7767676767676768, 0.7578282828282829, 0.7595959595959596]","[0.7181318681318681, 0.7984262125902992, 0.6851076555023923, 0.7669934640522875, 0.725595238095238, 0.832832595403753, 0.742063492063492, 0.7811784897025171, 0.7605546123372949, 0.7537203329629697]","[0.7687747035573121, 0.8224002034070684, 0.6939471440750213, 0.818690748610657, 0.7358974358974358, 0.847954822954823, 0.7755555555555556, 0.7982311443095756, 0.784942680776014, 0.7789814814814815]","[0.7391304347826086, 0.8043478260869565, 0.6956521739130435, 0.782608695652174, 0.7333333333333333, 0.8444444444444444, 0.7555555555555555, 0.8, 0.7777777777777778, 0.7777777777777778]","[0.7280617932791845, 0.8026383093283079, 0.6930778032036613, 0.7738562091503268, 0.7314814814814814, 0.839419495396725, 0.7502645502645502, 0.7951055174167302, 0.7722014714204868, 0.7659241179577786]","[array([[12,  0,  0,  0],
       [ 4,  4,  0,  1],
       [ 0,  0,  7,  3],
       [ 0,  0,  4, 11]]), array([[10,  0,  1,  1],
       [ 2,  6,  0,  1],
       [ 0,  0,  7,  3],
       [ 0,  0,  1, 14]]), array([[ 8,  3,  0,  0],
       [ 3,  6,  0,  1],
       [ 0,  0,  6,  4],
       [ 0,  0,  3, 12]]), array([[10,  0,  1,  0],
       [ 3,  5,  0,  2],
       [ 0,  0,  7,  3],
       [ 1,  0,  0, 14]]), array([[ 9,  2,  0,  0],
       [ 4,  6,  0,  0],
       [ 0,  0,  7,  3],
       [ 0,  0,  3, 11]]), array([[10,  1,  0,  0],
       [ 3,  6,  0,  1],
       [ 0,  0,  8,  1],
       [ 0,  0,  1, 14]]), array([[ 9,  1,  1,  0],
       [ 1,  5,  0,  3],
       [ 0,  0,  6,  4],
       [ 0,  0,  1, 14]]), array([[ 9,  2,  0,  0],
       [ 3,  5,  0,  1],
       [ 0,  0,  8,  2],
       [ 0,  0,  1, 14]]), array([[10,  1,  0,  0],
       [ 4,  5,  0,  0],
       [ 0,  0,  7,  3],
       [ 0,  0,  2, 13]]), array([[ 8,  1,  0,  2],
       [ 4,  4,  0,  1],
       [ 0,  0, 10,  0],
       [ 0,  0,  2, 13]])]"
29,"[1.0, 1.0, 1.0, 1.0, 1.0, 1.0, 1.0, 1.0, 1.0, 1.0]","[1.0, 1.0, 1.0, 1.0, 1.0, 1.0, 1.0, 1.0, 1.0, 1.0]","[1.0, 1.0, 1.0, 1.0, 1.0, 1.0, 1.0, 1.0, 1.0, 1.0]","[1.0, 1.0, 1.0, 1.0, 1.0, 1.0, 1.0, 1.0, 1.0, 1.0]","[1.0, 1.0, 1.0, 1.0, 1.0, 1.0, 1.0, 1.0, 1.0, 1.0]","[1.0, 1.0, 1.0, 1.0, 1.0, 1.0, 1.0, 1.0, 1.0, 1.0]","[1.0, 1.0, 1.0, 1.0, 1.0, 1.0, 1.0, 1.0, 1.0, 1.0]","[1.0, 1.0, 1.0, 1.0, 1.0, 1.0, 1.0, 1.0, 1.0, 1.0]","[1.0, 1.0, 1.0, 1.0, 1.0, 1.0, 1.0, 1.0, 1.0, 1.0]","[1.0, 1.0, 1.0, 1.0, 1.0, 1.0, 1.0, 1.0, 1.0, 1.0]","[array([[100,   0,   0,   0],
       [  0,  85,   0,   0],
       [  0,   0,  89,   0],
       [  0,   0,   0, 134]]), array([[100,   0,   0,   0],
       [  0,  85,   0,   0],
       [  0,   0,  89,   0],
       [  0,   0,   0, 134]]), array([[101,   0,   0,   0],
       [  0,  84,   0,   0],
       [  0,   0,  89,   0],
       [  0,   0,   0, 134]]), array([[101,   0,   0,   0],
       [  0,  84,   0,   0],
       [  0,   0,  89,   0],
       [  0,   0,   0, 134]]), array([[101,   0,   0,   0],
       [  0,  84,   0,   0],
       [  0,   0,  89,   0],
       [  0,   0,   0, 135]]), array([[101,   0,   0,   0],
       [  0,  84,   0,   0],
       [  0,   0,  90,   0],
       [  0,   0,   0, 134]]), array([[101,   0,   0,   0],
       [  0,  85,   0,   0],
       [  0,   0,  89,   0],
       [  0,   0,   0, 134]]), array([[101,   0,   0,   0],
       [  0,  85,   0,   0],
       [  0,   0,  89,   0],
       [  0,   0,   0, 134]]), array([[101,   0,   0,   0],
       [  0,  85,   0,   0],
       [  0,   0,  89,   0],
       [  0,   0,   0, 134]]), array([[101,   0,   0,   0],
       [  0,  85,   0,   0],
       [  0,   0,  89,   0],
       [  0,   0,   0, 134]])]","[0.6956521739130435, 0.8043478260869565, 0.6956521739130435, 0.8043478260869565, 0.7111111111111111, 0.8222222222222222, 0.7555555555555555, 0.7777777777777778, 0.7777777777777778, 0.7555555555555555]","[0.6956521739130435, 0.8043478260869565, 0.6956521739130435, 0.8043478260869565, 0.7111111111111111, 0.8222222222222222, 0.7555555555555555, 0.7777777777777778, 0.7777777777777778, 0.7555555555555555]","[0.6956521739130435, 0.8043478260869565, 0.6956521739130435, 0.8043478260869565, 0.7111111111111111, 0.8222222222222222, 0.7555555555555555, 0.7777777777777778, 0.7777777777777778, 0.7555555555555555]","[0.6956521739130435, 0.8043478260869565, 0.6956521739130435, 0.8043478260869565, 0.7111111111111111, 0.8222222222222222, 0.7555555555555555, 0.7777777777777778, 0.7777777777777778, 0.7555555555555555]","[0.759090909090909, 0.8369883040935673, 0.6981089086352245, 0.8452380952380952, 0.7107142857142856, 0.8159722222222222, 0.7875, 0.779265873015873, 0.7844742063492064, 0.7589743589743589]","[0.6638888888888889, 0.7833333333333334, 0.6734848484848485, 0.7856060606060606, 0.700974025974026, 0.8101010101010102, 0.7267676767676767, 0.7517676767676769, 0.7578282828282829, 0.742929292929293]","[0.6409090909090909, 0.7984262125902992, 0.6779482127779342, 0.7893141945773525, 0.6984873949579831, 0.8103475144148355, 0.742063492063492, 0.7584678304787, 0.7605546123372949, 0.7341614906832299]","[0.7470355731225296, 0.8224002034070684, 0.6972322109621881, 0.8350586611456177, 0.7158730158730159, 0.8194444444444444, 0.7755555555555556, 0.7798941798941799, 0.784942680776014, 0.7605698005698005]","[0.6956521739130435, 0.8043478260869565, 0.6956521739130435, 0.8043478260869565, 0.7111111111111111, 0.8222222222222222, 0.7555555555555555, 0.7777777777777778, 0.7777777777777778, 0.7555555555555555]","[0.6638998682476943, 0.8026383093283079, 0.688450666307713, 0.7959780875112683, 0.7067189542483661, 0.8183055425692172, 0.7502645502645502, 0.7719721368272093, 0.7722014714204868, 0.7442374051069702]","[array([[12,  0,  0,  0],
       [ 6,  2,  0,  1],
       [ 0,  0,  7,  3],
       [ 0,  0,  4, 11]]), array([[10,  0,  1,  1],
       [ 2,  6,  0,  1],
       [ 0,  0,  7,  3],
       [ 0,  0,  1, 14]]), array([[ 8,  3,  0,  0],
       [ 3,  6,  0,  1],
       [ 0,  0,  5,  5],
       [ 0,  0,  2, 13]]), array([[10,  0,  1,  0],
       [ 3,  5,  0,  2],
       [ 0,  0,  8,  2],
       [ 1,  0,  0, 14]]), array([[ 9,  2,  0,  0],
       [ 5,  5,  0,  0],
       [ 0,  0,  7,  3],
       [ 0,  0,  3, 11]]), array([[ 9,  2,  0,  0],
       [ 3,  6,  0,  1],
       [ 0,  0,  8,  1],
       [ 0,  0,  1, 14]]), array([[ 9,  1,  1,  0],
       [ 1,  5,  0,  3],
       [ 0,  0,  6,  4],
       [ 0,  0,  1, 14]]), array([[ 9,  2,  0,  0],
       [ 3,  5,  0,  1],
       [ 0,  0,  7,  3],
       [ 0,  0,  1, 14]]), array([[10,  1,  0,  0],
       [ 4,  5,  0,  0],
       [ 0,  0,  7,  3],
       [ 0,  0,  2, 13]]), array([[ 8,  1,  0,  2],
       [ 4,  4,  0,  1],
       [ 0,  0, 10,  0],
       [ 0,  0,  3, 12]])]"
30,"[1.0, 1.0, 1.0, 1.0, 1.0, 1.0, 1.0, 1.0, 1.0, 1.0]","[1.0, 1.0, 1.0, 1.0, 1.0, 1.0, 1.0, 1.0, 1.0, 1.0]","[1.0, 1.0, 1.0, 1.0, 1.0, 1.0, 1.0, 1.0, 1.0, 1.0]","[1.0, 1.0, 1.0, 1.0, 1.0, 1.0, 1.0, 1.0, 1.0, 1.0]","[1.0, 1.0, 1.0, 1.0, 1.0, 1.0, 1.0, 1.0, 1.0, 1.0]","[1.0, 1.0, 1.0, 1.0, 1.0, 1.0, 1.0, 1.0, 1.0, 1.0]","[1.0, 1.0, 1.0, 1.0, 1.0, 1.0, 1.0, 1.0, 1.0, 1.0]","[1.0, 1.0, 1.0, 1.0, 1.0, 1.0, 1.0, 1.0, 1.0, 1.0]","[1.0, 1.0, 1.0, 1.0, 1.0, 1.0, 1.0, 1.0, 1.0, 1.0]","[1.0, 1.0, 1.0, 1.0, 1.0, 1.0, 1.0, 1.0, 1.0, 1.0]","[array([[100,   0,   0,   0],
       [  0,  85,   0,   0],
       [  0,   0,  89,   0],
       [  0,   0,   0, 134]]), array([[100,   0,   0,   0],
       [  0,  85,   0,   0],
       [  0,   0,  89,   0],
       [  0,   0,   0, 134]]), array([[101,   0,   0,   0],
       [  0,  84,   0,   0],
       [  0,   0,  89,   0],
       [  0,   0,   0, 134]]), array([[101,   0,   0,   0],
       [  0,  84,   0,   0],
       [  0,   0,  89,   0],
       [  0,   0,   0, 134]]), array([[101,   0,   0,   0],
       [  0,  84,   0,   0],
       [  0,   0,  89,   0],
       [  0,   0,   0, 135]]), array([[101,   0,   0,   0],
       [  0,  84,   0,   0],
       [  0,   0,  90,   0],
       [  0,   0,   0, 134]]), array([[101,   0,   0,   0],
       [  0,  85,   0,   0],
       [  0,   0,  89,   0],
       [  0,   0,   0, 134]]), array([[101,   0,   0,   0],
       [  0,  85,   0,   0],
       [  0,   0,  89,   0],
       [  0,   0,   0, 134]]), array([[101,   0,   0,   0],
       [  0,  85,   0,   0],
       [  0,   0,  89,   0],
       [  0,   0,   0, 134]]), array([[101,   0,   0,   0],
       [  0,  85,   0,   0],
       [  0,   0,  89,   0],
       [  0,   0,   0, 134]])]","[0.717391304347826, 0.8043478260869565, 0.6956521739130435, 0.782608695652174, 0.7111111111111111, 0.8222222222222222, 0.7555555555555555, 0.7777777777777778, 0.7333333333333333, 0.7333333333333333]","[0.717391304347826, 0.8043478260869565, 0.6956521739130435, 0.782608695652174, 0.7111111111111111, 0.8222222222222222, 0.7555555555555555, 0.7777777777777778, 0.7333333333333333, 0.7333333333333333]","[0.717391304347826, 0.8043478260869565, 0.6956521739130435, 0.782608695652174, 0.7111111111111111, 0.8222222222222222, 0.7555555555555555, 0.7777777777777778, 0.7333333333333333, 0.7333333333333333]","[0.717391304347826, 0.8043478260869565, 0.6956521739130435, 0.782608695652174, 0.7111111111111111, 0.8222222222222222, 0.7555555555555555, 0.7777777777777778, 0.7333333333333333, 0.7333333333333333]","[0.7688948306595366, 0.8369883040935673, 0.6916221033868093, 0.8197478991596638, 0.7107142857142856, 0.8159722222222222, 0.7875, 0.779265873015873, 0.746031746031746, 0.7388986013986014]","[0.6916666666666667, 0.7833333333333334, 0.6818181818181819, 0.7689393939393939, 0.700974025974026, 0.8101010101010102, 0.7267676767676767, 0.7517676767676769, 0.7078282828282828, 0.7202020202020203]","[0.6818965517241379, 0.7984262125902992, 0.6851076555023923, 0.7697916666666667, 0.6984873949579831, 0.8103475144148355, 0.742063492063492, 0.7584678304787, 0.7106951871657754, 0.7128877433926522]","[0.7572657521506625, 0.8224002034070684, 0.6939471440750213, 0.8114724150529777, 0.7158730158730159, 0.8194444444444444, 0.7755555555555556, 0.7798941798941799, 0.7407407407407408, 0.7364957264957266]","[0.717391304347826, 0.8043478260869565, 0.6956521739130435, 0.782608695652174, 0.7111111111111111, 0.8222222222222222, 0.7555555555555555, 0.7777777777777778, 0.7333333333333333, 0.7333333333333333]","[0.6977761119440281, 0.8026383093283079, 0.6930778032036613, 0.775090579710145, 0.7067189542483661, 0.8183055425692172, 0.7502645502645502, 0.7719721368272093, 0.7222341057635175, 0.7211425009461474]","[array([[12,  0,  0,  0],
       [ 5,  3,  0,  1],
       [ 0,  0,  7,  3],
       [ 0,  0,  4, 11]]), array([[10,  0,  1,  1],
       [ 2,  6,  0,  1],
       [ 0,  0,  7,  3],
       [ 0,  0,  1, 14]]), array([[ 8,  3,  0,  0],
       [ 3,  6,  0,  1],
       [ 0,  0,  6,  4],
       [ 0,  0,  3, 12]]), array([[10,  0,  1,  0],
       [ 3,  5,  0,  2],
       [ 0,  0,  8,  2],
       [ 1,  0,  1, 13]]), array([[ 9,  2,  0,  0],
       [ 5,  5,  0,  0],
       [ 0,  0,  7,  3],
       [ 0,  0,  3, 11]]), array([[ 9,  2,  0,  0],
       [ 3,  6,  0,  1],
       [ 0,  0,  8,  1],
       [ 0,  0,  1, 14]]), array([[ 9,  1,  1,  0],
       [ 1,  5,  0,  3],
       [ 0,  0,  6,  4],
       [ 0,  0,  1, 14]]), array([[ 9,  2,  0,  0],
       [ 3,  5,  0,  1],
       [ 0,  0,  7,  3],
       [ 0,  0,  1, 14]]), array([[10,  1,  0,  0],
       [ 4,  5,  0,  0],
       [ 0,  0,  5,  5],
       [ 0,  0,  2, 13]]), array([[ 7,  1,  0,  3],
       [ 4,  4,  0,  1],
       [ 0,  0, 10,  0],
       [ 0,  0,  3, 12]])]"
31,"[1.0, 1.0, 1.0, 1.0, 1.0, 1.0, 1.0, 1.0, 1.0, 1.0]","[1.0, 1.0, 1.0, 1.0, 1.0, 1.0, 1.0, 1.0, 1.0, 1.0]","[1.0, 1.0, 1.0, 1.0, 1.0, 1.0, 1.0, 1.0, 1.0, 1.0]","[1.0, 1.0, 1.0, 1.0, 1.0, 1.0, 1.0, 1.0, 1.0, 1.0]","[1.0, 1.0, 1.0, 1.0, 1.0, 1.0, 1.0, 1.0, 1.0, 1.0]","[1.0, 1.0, 1.0, 1.0, 1.0, 1.0, 1.0, 1.0, 1.0, 1.0]","[1.0, 1.0, 1.0, 1.0, 1.0, 1.0, 1.0, 1.0, 1.0, 1.0]","[1.0, 1.0, 1.0, 1.0, 1.0, 1.0, 1.0, 1.0, 1.0, 1.0]","[1.0, 1.0, 1.0, 1.0, 1.0, 1.0, 1.0, 1.0, 1.0, 1.0]","[1.0, 1.0, 1.0, 1.0, 1.0, 1.0, 1.0, 1.0, 1.0, 1.0]","[array([[100,   0,   0,   0],
       [  0,  85,   0,   0],
       [  0,   0,  89,   0],
       [  0,   0,   0, 134]]), array([[100,   0,   0,   0],
       [  0,  85,   0,   0],
       [  0,   0,  89,   0],
       [  0,   0,   0, 134]]), array([[101,   0,   0,   0],
       [  0,  84,   0,   0],
       [  0,   0,  89,   0],
       [  0,   0,   0, 134]]), array([[101,   0,   0,   0],
       [  0,  84,   0,   0],
       [  0,   0,  89,   0],
       [  0,   0,   0, 134]]), array([[101,   0,   0,   0],
       [  0,  84,   0,   0],
       [  0,   0,  89,   0],
       [  0,   0,   0, 135]]), array([[101,   0,   0,   0],
       [  0,  84,   0,   0],
       [  0,   0,  90,   0],
       [  0,   0,   0, 134]]), array([[101,   0,   0,   0],
       [  0,  85,   0,   0],
       [  0,   0,  89,   0],
       [  0,   0,   0, 134]]), array([[101,   0,   0,   0],
       [  0,  85,   0,   0],
       [  0,   0,  89,   0],
       [  0,   0,   0, 134]]), array([[101,   0,   0,   0],
       [  0,  85,   0,   0],
       [  0,   0,  89,   0],
       [  0,   0,   0, 134]]), array([[101,   0,   0,   0],
       [  0,  85,   0,   0],
       [  0,   0,  89,   0],
       [  0,   0,   0, 134]])]","[0.6956521739130435, 0.8260869565217391, 0.717391304347826, 0.8043478260869565, 0.7111111111111111, 0.8222222222222222, 0.7555555555555555, 0.7777777777777778, 0.7777777777777778, 0.7333333333333333]","[0.6956521739130435, 0.8260869565217391, 0.717391304347826, 0.8043478260869565, 0.7111111111111111, 0.8222222222222222, 0.7555555555555555, 0.7777777777777778, 0.7777777777777778, 0.7333333333333333]","[0.6956521739130435, 0.8260869565217391, 0.717391304347826, 0.8043478260869565, 0.7111111111111111, 0.8222222222222222, 0.7555555555555555, 0.7777777777777778, 0.7777777777777778, 0.7333333333333333]","[0.6956521739130435, 0.8260869565217391, 0.717391304347826, 0.8043478260869565, 0.7111111111111111, 0.8222222222222222, 0.7555555555555555, 0.7777777777777778, 0.7777777777777778, 0.7333333333333333]","[0.759090909090909, 0.8645833333333334, 0.724624060150376, 0.8447712418300652, 0.7107142857142856, 0.8159722222222222, 0.7875, 0.7991372662425295, 0.7844742063492064, 0.7388986013986014]","[0.6638888888888889, 0.8, 0.6984848484848485, 0.7856060606060606, 0.700974025974026, 0.8101010101010102, 0.7267676767676767, 0.7494949494949494, 0.7578282828282829, 0.7202020202020203]","[0.6409090909090909, 0.817063492063492, 0.7037114845938375, 0.7882506747638327, 0.6984873949579831, 0.8103475144148355, 0.742063492063492, 0.7573529411764706, 0.7605546123372949, 0.7128877433926522]","[0.7470355731225296, 0.8478260869565217, 0.7218698921216083, 0.838590508667235, 0.7158730158730159, 0.8194444444444444, 0.7755555555555556, 0.7907910802647644, 0.784942680776014, 0.7364957264957266]","[0.6956521739130435, 0.8260869565217391, 0.717391304347826, 0.8043478260869565, 0.7111111111111111, 0.8222222222222222, 0.7555555555555555, 0.7777777777777778, 0.7777777777777778, 0.7333333333333333]","[0.6638998682476943, 0.8224982746721877, 0.711606381683108, 0.7972664730387843, 0.7067189542483661, 0.8183055425692172, 0.7502645502645502, 0.7684095860566449, 0.7722014714204868, 0.7211425009461474]","[array([[12,  0,  0,  0],
       [ 6,  2,  0,  1],
       [ 0,  0,  7,  3],
       [ 0,  0,  4, 11]]), array([[10,  0,  1,  1],
       [ 2,  6,  0,  1],
       [ 0,  0,  7,  3],
       [ 0,  0,  0, 15]]), array([[ 8,  3,  0,  0],
       [ 2,  7,  0,  1],
       [ 0,  0,  5,  5],
       [ 0,  0,  2, 13]]), array([[10,  0,  1,  0],
       [ 4,  5,  0,  1],
       [ 0,  0,  8,  2],
       [ 1,  0,  0, 14]]), array([[ 9,  2,  0,  0],
       [ 5,  5,  0,  0],
       [ 0,  0,  7,  3],
       [ 0,  0,  3, 11]]), array([[ 9,  2,  0,  0],
       [ 3,  6,  0,  1],
       [ 0,  0,  8,  1],
       [ 0,  0,  1, 14]]), array([[ 9,  1,  1,  0],
       [ 1,  5,  0,  3],
       [ 0,  0,  6,  4],
       [ 0,  0,  1, 14]]), array([[10,  1,  0,  0],
       [ 3,  5,  0,  1],
       [ 0,  0,  6,  4],
       [ 0,  0,  1, 14]]), array([[10,  1,  0,  0],
       [ 4,  5,  0,  0],
       [ 0,  0,  7,  3],
       [ 0,  0,  2, 13]]), array([[ 7,  1,  0,  3],
       [ 4,  4,  0,  1],
       [ 0,  0, 10,  0],
       [ 0,  0,  3, 12]])]"
32,"[1.0, 1.0, 1.0, 1.0, 1.0, 1.0, 1.0, 1.0, 1.0, 1.0]","[1.0, 1.0, 1.0, 1.0, 1.0, 1.0, 1.0, 1.0, 1.0, 1.0]","[1.0, 1.0, 1.0, 1.0, 1.0, 1.0, 1.0, 1.0, 1.0, 1.0]","[1.0, 1.0, 1.0, 1.0, 1.0, 1.0, 1.0, 1.0, 1.0, 1.0]","[1.0, 1.0, 1.0, 1.0, 1.0, 1.0, 1.0, 1.0, 1.0, 1.0]","[1.0, 1.0, 1.0, 1.0, 1.0, 1.0, 1.0, 1.0, 1.0, 1.0]","[1.0, 1.0, 1.0, 1.0, 1.0, 1.0, 1.0, 1.0, 1.0, 1.0]","[1.0, 1.0, 1.0, 1.0, 1.0, 1.0, 1.0, 1.0, 1.0, 1.0]","[1.0, 1.0, 1.0, 1.0, 1.0, 1.0, 1.0, 1.0, 1.0, 1.0]","[1.0, 1.0, 1.0, 1.0, 1.0, 1.0, 1.0, 1.0, 1.0, 1.0]","[array([[100,   0,   0,   0],
       [  0,  85,   0,   0],
       [  0,   0,  89,   0],
       [  0,   0,   0, 134]]), array([[100,   0,   0,   0],
       [  0,  85,   0,   0],
       [  0,   0,  89,   0],
       [  0,   0,   0, 134]]), array([[101,   0,   0,   0],
       [  0,  84,   0,   0],
       [  0,   0,  89,   0],
       [  0,   0,   0, 134]]), array([[101,   0,   0,   0],
       [  0,  84,   0,   0],
       [  0,   0,  89,   0],
       [  0,   0,   0, 134]]), array([[101,   0,   0,   0],
       [  0,  84,   0,   0],
       [  0,   0,  89,   0],
       [  0,   0,   0, 135]]), array([[101,   0,   0,   0],
       [  0,  84,   0,   0],
       [  0,   0,  90,   0],
       [  0,   0,   0, 134]]), array([[101,   0,   0,   0],
       [  0,  85,   0,   0],
       [  0,   0,  89,   0],
       [  0,   0,   0, 134]]), array([[101,   0,   0,   0],
       [  0,  85,   0,   0],
       [  0,   0,  89,   0],
       [  0,   0,   0, 134]]), array([[101,   0,   0,   0],
       [  0,  85,   0,   0],
       [  0,   0,  89,   0],
       [  0,   0,   0, 134]]), array([[101,   0,   0,   0],
       [  0,  85,   0,   0],
       [  0,   0,  89,   0],
       [  0,   0,   0, 134]])]","[0.7608695652173914, 0.8043478260869565, 0.717391304347826, 0.782608695652174, 0.7333333333333333, 0.8222222222222222, 0.7555555555555555, 0.8, 0.7555555555555555, 0.7333333333333333]","[0.7608695652173914, 0.8043478260869565, 0.717391304347826, 0.782608695652174, 0.7333333333333333, 0.8222222222222222, 0.7555555555555555, 0.8, 0.7555555555555555, 0.7333333333333333]","[0.7608695652173914, 0.8043478260869565, 0.717391304347826, 0.782608695652174, 0.7333333333333333, 0.8222222222222222, 0.7555555555555555, 0.8, 0.7555555555555555, 0.7333333333333333]","[0.7608695652173914, 0.8043478260869565, 0.717391304347826, 0.782608695652174, 0.7333333333333333, 0.8222222222222222, 0.7555555555555555, 0.8, 0.7555555555555555, 0.7333333333333333]","[0.800595238095238, 0.8369883040935673, 0.7165404040404041, 0.8197916666666667, 0.7320054945054945, 0.8159722222222222, 0.7875, 0.805239898989899, 0.7655812324929971, 0.7388986013986014]","[0.7444444444444445, 0.7833333333333334, 0.6984848484848485, 0.7689393939393939, 0.7259740259740259, 0.8101010101010102, 0.7267676767676767, 0.7795454545454545, 0.7328282828282828, 0.7202020202020203]","[0.7396052223638432, 0.7984262125902992, 0.7033492822966507, 0.7686517783291977, 0.725595238095238, 0.8103475144148355, 0.742063492063492, 0.7875816993464053, 0.7364583333333333, 0.7128877433926522]","[0.7924430641821946, 0.8224002034070684, 0.717391304347826, 0.8156702898550724, 0.7358974358974358, 0.8194444444444444, 0.7755555555555556, 0.8037037037037037, 0.7628384687208217, 0.7364957264957266]","[0.7608695652173914, 0.8043478260869565, 0.717391304347826, 0.782608695652174, 0.7333333333333333, 0.8222222222222222, 0.7555555555555555, 0.8, 0.7555555555555555, 0.7333333333333333]","[0.7494829009071888, 0.8026383093283079, 0.7130573469246239, 0.7762793541194664, 0.7314814814814814, 0.8183055425692172, 0.7502645502645502, 0.7968442595893576, 0.7478703703703704, 0.7211425009461474]","[array([[12,  0,  0,  0],
       [ 4,  4,  0,  1],
       [ 0,  0,  8,  2],
       [ 0,  0,  4, 11]]), array([[10,  0,  1,  1],
       [ 2,  6,  0,  1],
       [ 0,  0,  7,  3],
       [ 0,  0,  1, 14]]), array([[ 8,  3,  0,  0],
       [ 3,  6,  0,  1],
       [ 0,  0,  6,  4],
       [ 0,  0,  2, 13]]), array([[10,  0,  1,  0],
       [ 4,  5,  0,  1],
       [ 0,  0,  8,  2],
       [ 1,  0,  1, 13]]), array([[ 9,  2,  0,  0],
       [ 4,  6,  0,  0],
       [ 0,  0,  7,  3],
       [ 0,  0,  3, 11]]), array([[ 9,  2,  0,  0],
       [ 3,  6,  0,  1],
       [ 0,  0,  8,  1],
       [ 0,  0,  1, 14]]), array([[ 9,  1,  1,  0],
       [ 1,  5,  0,  3],
       [ 0,  0,  6,  4],
       [ 0,  0,  1, 14]]), array([[ 9,  2,  0,  0],
       [ 2,  6,  0,  1],
       [ 0,  0,  7,  3],
       [ 0,  0,  1, 14]]), array([[10,  1,  0,  0],
       [ 4,  5,  0,  0],
       [ 0,  0,  6,  4],
       [ 0,  0,  2, 13]]), array([[ 7,  1,  0,  3],
       [ 4,  4,  0,  1],
       [ 0,  0, 10,  0],
       [ 0,  0,  3, 12]])]"
33,"[1.0, 1.0, 1.0, 1.0, 1.0, 1.0, 1.0, 1.0, 1.0, 1.0]","[1.0, 1.0, 1.0, 1.0, 1.0, 1.0, 1.0, 1.0, 1.0, 1.0]","[1.0, 1.0, 1.0, 1.0, 1.0, 1.0, 1.0, 1.0, 1.0, 1.0]","[1.0, 1.0, 1.0, 1.0, 1.0, 1.0, 1.0, 1.0, 1.0, 1.0]","[1.0, 1.0, 1.0, 1.0, 1.0, 1.0, 1.0, 1.0, 1.0, 1.0]","[1.0, 1.0, 1.0, 1.0, 1.0, 1.0, 1.0, 1.0, 1.0, 1.0]","[1.0, 1.0, 1.0, 1.0, 1.0, 1.0, 1.0, 1.0, 1.0, 1.0]","[1.0, 1.0, 1.0, 1.0, 1.0, 1.0, 1.0, 1.0, 1.0, 1.0]","[1.0, 1.0, 1.0, 1.0, 1.0, 1.0, 1.0, 1.0, 1.0, 1.0]","[1.0, 1.0, 1.0, 1.0, 1.0, 1.0, 1.0, 1.0, 1.0, 1.0]","[array([[100,   0,   0,   0],
       [  0,  85,   0,   0],
       [  0,   0,  89,   0],
       [  0,   0,   0, 134]]), array([[100,   0,   0,   0],
       [  0,  85,   0,   0],
       [  0,   0,  89,   0],
       [  0,   0,   0, 134]]), array([[101,   0,   0,   0],
       [  0,  84,   0,   0],
       [  0,   0,  89,   0],
       [  0,   0,   0, 134]]), array([[101,   0,   0,   0],
       [  0,  84,   0,   0],
       [  0,   0,  89,   0],
       [  0,   0,   0, 134]]), array([[101,   0,   0,   0],
       [  0,  84,   0,   0],
       [  0,   0,  89,   0],
       [  0,   0,   0, 135]]), array([[101,   0,   0,   0],
       [  0,  84,   0,   0],
       [  0,   0,  90,   0],
       [  0,   0,   0, 134]]), array([[101,   0,   0,   0],
       [  0,  85,   0,   0],
       [  0,   0,  89,   0],
       [  0,   0,   0, 134]]), array([[101,   0,   0,   0],
       [  0,  85,   0,   0],
       [  0,   0,  89,   0],
       [  0,   0,   0, 134]]), array([[101,   0,   0,   0],
       [  0,  85,   0,   0],
       [  0,   0,  89,   0],
       [  0,   0,   0, 134]]), array([[101,   0,   0,   0],
       [  0,  85,   0,   0],
       [  0,   0,  89,   0],
       [  0,   0,   0, 134]])]","[0.7391304347826086, 0.8260869565217391, 0.6739130434782609, 0.8043478260869565, 0.7111111111111111, 0.8222222222222222, 0.7555555555555555, 0.7777777777777778, 0.7555555555555555, 0.7333333333333333]","[0.7391304347826086, 0.8260869565217391, 0.6739130434782609, 0.8043478260869565, 0.7111111111111111, 0.8222222222222222, 0.7555555555555555, 0.7777777777777778, 0.7555555555555555, 0.7333333333333333]","[0.7391304347826086, 0.8260869565217391, 0.6739130434782609, 0.8043478260869565, 0.7111111111111111, 0.8222222222222222, 0.7555555555555555, 0.7777777777777778, 0.7555555555555555, 0.7333333333333333]","[0.7391304347826086, 0.8260869565217391, 0.6739130434782609, 0.8043478260869565, 0.7111111111111111, 0.8222222222222222, 0.7555555555555555, 0.7777777777777778, 0.7555555555555555, 0.7333333333333333]","[0.7895658263305322, 0.8645833333333334, 0.6714015151515151, 0.8447712418300652, 0.7107142857142856, 0.8159722222222222, 0.7875, 0.7837301587301587, 0.7655812324929971, 0.7388986013986014]","[0.7166666666666667, 0.8, 0.6568181818181817, 0.7856060606060606, 0.700974025974026, 0.8101010101010102, 0.7267676767676767, 0.7545454545454546, 0.7328282828282828, 0.7202020202020203]","[0.7033699059561129, 0.817063492063492, 0.6604199893673578, 0.7882506747638327, 0.6984873949579831, 0.8103475144148355, 0.742063492063492, 0.7607145625048439, 0.7364583333333333, 0.7128877433926522]","[0.7809341127755449, 0.8478260869565217, 0.6721014492753623, 0.838590508667235, 0.7158730158730159, 0.8194444444444444, 0.7755555555555556, 0.783068783068783, 0.7628384687208217, 0.7364957264957266]","[0.7391304347826086, 0.8260869565217391, 0.6739130434782609, 0.8043478260869565, 0.7111111111111111, 0.8222222222222222, 0.7555555555555555, 0.7777777777777778, 0.7555555555555555, 0.7333333333333333]","[0.7191972195720322, 0.8224982746721877, 0.6691399117028408, 0.7972664730387843, 0.7067189542483661, 0.8183055425692172, 0.7502645502645502, 0.7721718463406444, 0.7478703703703704, 0.7211425009461474]","[array([[12,  0,  0,  0],
       [ 5,  3,  0,  1],
       [ 0,  0,  8,  2],
       [ 0,  0,  4, 11]]), array([[10,  0,  1,  1],
       [ 2,  6,  0,  1],
       [ 0,  0,  7,  3],
       [ 0,  0,  0, 15]]), array([[ 8,  3,  0,  0],
       [ 3,  6,  0,  1],
       [ 0,  0,  5,  5],
       [ 0,  0,  3, 12]]), array([[10,  0,  1,  0],
       [ 4,  5,  0,  1],
       [ 0,  0,  8,  2],
       [ 1,  0,  0, 14]]), array([[ 9,  2,  0,  0],
       [ 5,  5,  0,  0],
       [ 0,  0,  7,  3],
       [ 0,  0,  3, 11]]), array([[ 9,  2,  0,  0],
       [ 3,  6,  0,  1],
       [ 0,  0,  8,  1],
       [ 0,  0,  1, 14]]), array([[ 9,  1,  1,  0],
       [ 1,  5,  0,  3],
       [ 0,  0,  6,  4],
       [ 0,  0,  1, 14]]), array([[ 9,  2,  0,  0],
       [ 3,  6,  0,  0],
       [ 0,  0,  6,  4],
       [ 0,  0,  1, 14]]), array([[10,  1,  0,  0],
       [ 4,  5,  0,  0],
       [ 0,  0,  6,  4],
       [ 0,  0,  2, 13]]), array([[ 7,  1,  0,  3],
       [ 4,  4,  0,  1],
       [ 0,  0, 10,  0],
       [ 0,  0,  3, 12]])]"
34,"[1.0, 1.0, 1.0, 1.0, 1.0, 1.0, 1.0, 1.0, 1.0, 1.0]","[1.0, 1.0, 1.0, 1.0, 1.0, 1.0, 1.0, 1.0, 1.0, 1.0]","[1.0, 1.0, 1.0, 1.0, 1.0, 1.0, 1.0, 1.0, 1.0, 1.0]","[1.0, 1.0, 1.0, 1.0, 1.0, 1.0, 1.0, 1.0, 1.0, 1.0]","[1.0, 1.0, 1.0, 1.0, 1.0, 1.0, 1.0, 1.0, 1.0, 1.0]","[1.0, 1.0, 1.0, 1.0, 1.0, 1.0, 1.0, 1.0, 1.0, 1.0]","[1.0, 1.0, 1.0, 1.0, 1.0, 1.0, 1.0, 1.0, 1.0, 1.0]","[1.0, 1.0, 1.0, 1.0, 1.0, 1.0, 1.0, 1.0, 1.0, 1.0]","[1.0, 1.0, 1.0, 1.0, 1.0, 1.0, 1.0, 1.0, 1.0, 1.0]","[1.0, 1.0, 1.0, 1.0, 1.0, 1.0, 1.0, 1.0, 1.0, 1.0]","[array([[100,   0,   0,   0],
       [  0,  85,   0,   0],
       [  0,   0,  89,   0],
       [  0,   0,   0, 134]]), array([[100,   0,   0,   0],
       [  0,  85,   0,   0],
       [  0,   0,  89,   0],
       [  0,   0,   0, 134]]), array([[101,   0,   0,   0],
       [  0,  84,   0,   0],
       [  0,   0,  89,   0],
       [  0,   0,   0, 134]]), array([[101,   0,   0,   0],
       [  0,  84,   0,   0],
       [  0,   0,  89,   0],
       [  0,   0,   0, 134]]), array([[101,   0,   0,   0],
       [  0,  84,   0,   0],
       [  0,   0,  89,   0],
       [  0,   0,   0, 135]]), array([[101,   0,   0,   0],
       [  0,  84,   0,   0],
       [  0,   0,  90,   0],
       [  0,   0,   0, 134]]), array([[101,   0,   0,   0],
       [  0,  85,   0,   0],
       [  0,   0,  89,   0],
       [  0,   0,   0, 134]]), array([[101,   0,   0,   0],
       [  0,  85,   0,   0],
       [  0,   0,  89,   0],
       [  0,   0,   0, 134]]), array([[101,   0,   0,   0],
       [  0,  85,   0,   0],
       [  0,   0,  89,   0],
       [  0,   0,   0, 134]]), array([[101,   0,   0,   0],
       [  0,  85,   0,   0],
       [  0,   0,  89,   0],
       [  0,   0,   0, 134]])]","[0.7391304347826086, 0.8043478260869565, 0.6956521739130435, 0.8043478260869565, 0.6888888888888889, 0.8444444444444444, 0.7555555555555555, 0.8222222222222222, 0.7555555555555555, 0.7333333333333333]","[0.7391304347826086, 0.8043478260869565, 0.6956521739130435, 0.8043478260869565, 0.6888888888888889, 0.8444444444444444, 0.7555555555555555, 0.8222222222222222, 0.7555555555555555, 0.7333333333333333]","[0.7391304347826086, 0.8043478260869565, 0.6956521739130435, 0.8043478260869565, 0.6888888888888889, 0.8444444444444444, 0.7555555555555555, 0.8222222222222222, 0.7555555555555555, 0.7333333333333333]","[0.7391304347826086, 0.8043478260869565, 0.6956521739130435, 0.8043478260869565, 0.6888888888888889, 0.8444444444444444, 0.7555555555555555, 0.8222222222222222, 0.7555555555555555, 0.7333333333333333]","[0.7895658263305322, 0.8369883040935673, 0.70625, 0.8447712418300652, 0.6880952380952381, 0.8475656288156288, 0.7875, 0.8358134920634921, 0.7655812324929971, 0.7388986013986014]","[0.7166666666666667, 0.7833333333333334, 0.6651515151515152, 0.7856060606060606, 0.675974025974026, 0.8328282828282829, 0.7267676767676767, 0.8022727272727272, 0.7328282828282828, 0.7202020202020203]","[0.7033699059561129, 0.7984262125902992, 0.6690519323671498, 0.7882506747638327, 0.6695054945054945, 0.832832595403753, 0.742063492063492, 0.8114569609134826, 0.7364583333333333, 0.7128877433926522]","[0.7809341127755449, 0.8224002034070684, 0.7047101449275361, 0.838590508667235, 0.6948148148148148, 0.847954822954823, 0.7755555555555556, 0.8288359788359787, 0.7628384687208217, 0.7364957264957266]","[0.7391304347826086, 0.8043478260869565, 0.6956521739130435, 0.8043478260869565, 0.6888888888888889, 0.8444444444444444, 0.7555555555555555, 0.8222222222222222, 0.7555555555555555, 0.7333333333333333]","[0.7191972195720322, 0.8026383093283079, 0.683863684099979, 0.7972664730387843, 0.6803418803418803, 0.839419495396725, 0.7502645502645502, 0.8182281754745524, 0.7478703703703704, 0.7211425009461474]","[array([[12,  0,  0,  0],
       [ 5,  3,  0,  1],
       [ 0,  0,  8,  2],
       [ 0,  0,  4, 11]]), array([[10,  0,  1,  1],
       [ 2,  6,  0,  1],
       [ 0,  0,  7,  3],
       [ 0,  0,  1, 14]]), array([[ 8,  3,  0,  0],
       [ 4,  5,  0,  1],
       [ 0,  0,  5,  5],
       [ 0,  0,  1, 14]]), array([[10,  0,  1,  0],
       [ 4,  5,  0,  1],
       [ 0,  0,  8,  2],
       [ 1,  0,  0, 14]]), array([[ 9,  2,  0,  0],
       [ 6,  4,  0,  0],
       [ 0,  0,  7,  3],
       [ 0,  0,  3, 11]]), array([[10,  1,  0,  0],
       [ 3,  6,  0,  1],
       [ 0,  0,  8,  1],
       [ 0,  0,  1, 14]]), array([[ 9,  1,  1,  0],
       [ 1,  5,  0,  3],
       [ 0,  0,  6,  4],
       [ 0,  0,  1, 14]]), array([[10,  1,  0,  0],
       [ 2,  6,  0,  1],
       [ 0,  0,  7,  3],
       [ 0,  0,  1, 14]]), array([[10,  1,  0,  0],
       [ 4,  5,  0,  0],
       [ 0,  0,  6,  4],
       [ 0,  0,  2, 13]]), array([[ 7,  1,  0,  3],
       [ 4,  4,  0,  1],
       [ 0,  0, 10,  0],
       [ 0,  0,  3, 12]])]"
35,"[1.0, 1.0, 1.0, 1.0, 1.0, 1.0, 1.0, 1.0, 1.0, 1.0]","[1.0, 1.0, 1.0, 1.0, 1.0, 1.0, 1.0, 1.0, 1.0, 1.0]","[1.0, 1.0, 1.0, 1.0, 1.0, 1.0, 1.0, 1.0, 1.0, 1.0]","[1.0, 1.0, 1.0, 1.0, 1.0, 1.0, 1.0, 1.0, 1.0, 1.0]","[1.0, 1.0, 1.0, 1.0, 1.0, 1.0, 1.0, 1.0, 1.0, 1.0]","[1.0, 1.0, 1.0, 1.0, 1.0, 1.0, 1.0, 1.0, 1.0, 1.0]","[1.0, 1.0, 1.0, 1.0, 1.0, 1.0, 1.0, 1.0, 1.0, 1.0]","[1.0, 1.0, 1.0, 1.0, 1.0, 1.0, 1.0, 1.0, 1.0, 1.0]","[1.0, 1.0, 1.0, 1.0, 1.0, 1.0, 1.0, 1.0, 1.0, 1.0]","[1.0, 1.0, 1.0, 1.0, 1.0, 1.0, 1.0, 1.0, 1.0, 1.0]","[array([[100,   0,   0,   0],
       [  0,  85,   0,   0],
       [  0,   0,  89,   0],
       [  0,   0,   0, 134]]), array([[100,   0,   0,   0],
       [  0,  85,   0,   0],
       [  0,   0,  89,   0],
       [  0,   0,   0, 134]]), array([[101,   0,   0,   0],
       [  0,  84,   0,   0],
       [  0,   0,  89,   0],
       [  0,   0,   0, 134]]), array([[101,   0,   0,   0],
       [  0,  84,   0,   0],
       [  0,   0,  89,   0],
       [  0,   0,   0, 134]]), array([[101,   0,   0,   0],
       [  0,  84,   0,   0],
       [  0,   0,  89,   0],
       [  0,   0,   0, 135]]), array([[101,   0,   0,   0],
       [  0,  84,   0,   0],
       [  0,   0,  90,   0],
       [  0,   0,   0, 134]]), array([[101,   0,   0,   0],
       [  0,  85,   0,   0],
       [  0,   0,  89,   0],
       [  0,   0,   0, 134]]), array([[101,   0,   0,   0],
       [  0,  85,   0,   0],
       [  0,   0,  89,   0],
       [  0,   0,   0, 134]]), array([[101,   0,   0,   0],
       [  0,  85,   0,   0],
       [  0,   0,  89,   0],
       [  0,   0,   0, 134]]), array([[101,   0,   0,   0],
       [  0,  85,   0,   0],
       [  0,   0,  89,   0],
       [  0,   0,   0, 134]])]","[0.717391304347826, 0.8260869565217391, 0.6956521739130435, 0.8043478260869565, 0.7111111111111111, 0.8222222222222222, 0.7555555555555555, 0.7777777777777778, 0.7777777777777778, 0.7333333333333333]","[0.717391304347826, 0.8260869565217391, 0.6956521739130435, 0.8043478260869565, 0.7111111111111111, 0.8222222222222222, 0.7555555555555555, 0.7777777777777778, 0.7777777777777778, 0.7333333333333333]","[0.717391304347826, 0.8260869565217391, 0.6956521739130435, 0.8043478260869565, 0.7111111111111111, 0.8222222222222222, 0.7555555555555555, 0.7777777777777778, 0.7777777777777778, 0.7333333333333333]","[0.717391304347826, 0.8260869565217391, 0.6956521739130435, 0.8043478260869565, 0.7111111111111111, 0.8222222222222222, 0.7555555555555555, 0.7777777777777778, 0.7777777777777778, 0.7333333333333333]","[0.7797619047619047, 0.8645833333333334, 0.70625, 0.8447712418300652, 0.7107142857142856, 0.8159722222222222, 0.7875, 0.791765873015873, 0.7844742063492064, 0.7388986013986014]","[0.6888888888888889, 0.8, 0.6651515151515152, 0.7856060606060606, 0.700974025974026, 0.8101010101010102, 0.7267676767676767, 0.7467171717171717, 0.7578282828282829, 0.7202020202020203]","[0.6623824451410658, 0.817063492063492, 0.6690519323671498, 0.7882506747638327, 0.6984873949579831, 0.8103475144148355, 0.742063492063492, 0.7494227994227994, 0.7605546123372949, 0.7128877433926522]","[0.770703933747412, 0.8478260869565217, 0.7047101449275361, 0.838590508667235, 0.7158730158730159, 0.8194444444444444, 0.7755555555555556, 0.7883068783068783, 0.784942680776014, 0.7364957264957266]","[0.717391304347826, 0.8260869565217391, 0.6956521739130435, 0.8043478260869565, 0.7111111111111111, 0.8222222222222222, 0.7555555555555555, 0.7777777777777778, 0.7777777777777778, 0.7333333333333333]","[0.6853209758756986, 0.8224982746721877, 0.683863684099979, 0.7972664730387843, 0.7067189542483661, 0.8183055425692172, 0.7502645502645502, 0.7655090588423922, 0.7722014714204868, 0.7211425009461474]","[array([[12,  0,  0,  0],
       [ 6,  2,  0,  1],
       [ 0,  0,  8,  2],
       [ 0,  0,  4, 11]]), array([[10,  0,  1,  1],
       [ 2,  6,  0,  1],
       [ 0,  0,  7,  3],
       [ 0,  0,  0, 15]]), array([[ 8,  3,  0,  0],
       [ 4,  5,  0,  1],
       [ 0,  0,  5,  5],
       [ 0,  0,  1, 14]]), array([[10,  0,  1,  0],
       [ 4,  5,  0,  1],
       [ 0,  0,  8,  2],
       [ 1,  0,  0, 14]]), array([[ 9,  2,  0,  0],
       [ 5,  5,  0,  0],
       [ 0,  0,  7,  3],
       [ 0,  0,  3, 11]]), array([[ 9,  2,  0,  0],
       [ 3,  6,  0,  1],
       [ 0,  0,  8,  1],
       [ 0,  0,  1, 14]]), array([[ 9,  1,  1,  0],
       [ 1,  5,  0,  3],
       [ 0,  0,  6,  4],
       [ 0,  0,  1, 14]]), array([[10,  1,  0,  0],
       [ 4,  4,  0,  1],
       [ 0,  0,  7,  3],
       [ 0,  0,  1, 14]]), array([[10,  1,  0,  0],
       [ 4,  5,  0,  0],
       [ 0,  0,  7,  3],
       [ 0,  0,  2, 13]]), array([[ 7,  1,  0,  3],
       [ 4,  4,  0,  1],
       [ 0,  0, 10,  0],
       [ 0,  0,  3, 12]])]"
36,"[1.0, 1.0, 1.0, 1.0, 1.0, 1.0, 1.0, 1.0, 1.0, 1.0]","[1.0, 1.0, 1.0, 1.0, 1.0, 1.0, 1.0, 1.0, 1.0, 1.0]","[1.0, 1.0, 1.0, 1.0, 1.0, 1.0, 1.0, 1.0, 1.0, 1.0]","[1.0, 1.0, 1.0, 1.0, 1.0, 1.0, 1.0, 1.0, 1.0, 1.0]","[1.0, 1.0, 1.0, 1.0, 1.0, 1.0, 1.0, 1.0, 1.0, 1.0]","[1.0, 1.0, 1.0, 1.0, 1.0, 1.0, 1.0, 1.0, 1.0, 1.0]","[1.0, 1.0, 1.0, 1.0, 1.0, 1.0, 1.0, 1.0, 1.0, 1.0]","[1.0, 1.0, 1.0, 1.0, 1.0, 1.0, 1.0, 1.0, 1.0, 1.0]","[1.0, 1.0, 1.0, 1.0, 1.0, 1.0, 1.0, 1.0, 1.0, 1.0]","[1.0, 1.0, 1.0, 1.0, 1.0, 1.0, 1.0, 1.0, 1.0, 1.0]","[array([[100,   0,   0,   0],
       [  0,  85,   0,   0],
       [  0,   0,  89,   0],
       [  0,   0,   0, 134]]), array([[100,   0,   0,   0],
       [  0,  85,   0,   0],
       [  0,   0,  89,   0],
       [  0,   0,   0, 134]]), array([[101,   0,   0,   0],
       [  0,  84,   0,   0],
       [  0,   0,  89,   0],
       [  0,   0,   0, 134]]), array([[101,   0,   0,   0],
       [  0,  84,   0,   0],
       [  0,   0,  89,   0],
       [  0,   0,   0, 134]]), array([[101,   0,   0,   0],
       [  0,  84,   0,   0],
       [  0,   0,  89,   0],
       [  0,   0,   0, 135]]), array([[101,   0,   0,   0],
       [  0,  84,   0,   0],
       [  0,   0,  90,   0],
       [  0,   0,   0, 134]]), array([[101,   0,   0,   0],
       [  0,  85,   0,   0],
       [  0,   0,  89,   0],
       [  0,   0,   0, 134]]), array([[101,   0,   0,   0],
       [  0,  85,   0,   0],
       [  0,   0,  89,   0],
       [  0,   0,   0, 134]]), array([[101,   0,   0,   0],
       [  0,  85,   0,   0],
       [  0,   0,  89,   0],
       [  0,   0,   0, 134]]), array([[101,   0,   0,   0],
       [  0,  85,   0,   0],
       [  0,   0,  89,   0],
       [  0,   0,   0, 134]])]","[0.717391304347826, 0.8260869565217391, 0.717391304347826, 0.8043478260869565, 0.7111111111111111, 0.8222222222222222, 0.7555555555555555, 0.7555555555555555, 0.7555555555555555, 0.7333333333333333]","[0.717391304347826, 0.8260869565217391, 0.717391304347826, 0.8043478260869565, 0.7111111111111111, 0.8222222222222222, 0.7555555555555555, 0.7555555555555555, 0.7555555555555555, 0.7333333333333333]","[0.717391304347826, 0.8260869565217391, 0.717391304347826, 0.8043478260869565, 0.7111111111111111, 0.8222222222222222, 0.7555555555555555, 0.7555555555555555, 0.7555555555555555, 0.7333333333333333]","[0.717391304347826, 0.8260869565217391, 0.717391304347826, 0.8043478260869565, 0.7111111111111111, 0.8222222222222222, 0.7555555555555555, 0.7555555555555555, 0.7555555555555555, 0.7333333333333333]","[0.7688948306595366, 0.8645833333333334, 0.7214129072681704, 0.8447712418300652, 0.7107142857142856, 0.8159722222222222, 0.7875, 0.7529380341880342, 0.749217796092796, 0.7388986013986014]","[0.6916666666666667, 0.8, 0.6901515151515152, 0.7856060606060606, 0.700974025974026, 0.8101010101010102, 0.7267676767676767, 0.723989898989899, 0.7351010101010101, 0.7202020202020203]","[0.6818965517241379, 0.817063492063492, 0.6951548735436204, 0.7882506747638327, 0.6984873949579831, 0.8103475144148355, 0.742063492063492, 0.7273989898989899, 0.7376379456706282, 0.7128877433926522]","[0.7572657521506625, 0.8478260869565217, 0.7218998583415059, 0.838590508667235, 0.7158730158730159, 0.8194444444444444, 0.7755555555555556, 0.7562678062678062, 0.755760751594085, 0.7364957264957266]","[0.717391304347826, 0.8260869565217391, 0.717391304347826, 0.8043478260869565, 0.7111111111111111, 0.8222222222222222, 0.7555555555555555, 0.7555555555555555, 0.7555555555555555, 0.7333333333333333]","[0.6977761119440281, 0.8224982746721877, 0.7091194385756824, 0.7972664730387843, 0.7067189542483661, 0.8183055425692172, 0.7502645502645502, 0.7456677890011224, 0.7516459158649311, 0.7211425009461474]","[array([[12,  0,  0,  0],
       [ 5,  3,  0,  1],
       [ 0,  0,  7,  3],
       [ 0,  0,  4, 11]]), array([[10,  0,  1,  1],
       [ 2,  6,  0,  1],
       [ 0,  0,  7,  3],
       [ 0,  0,  0, 15]]), array([[ 8,  3,  0,  0],
       [ 4,  5,  0,  1],
       [ 0,  0,  6,  4],
       [ 0,  0,  1, 14]]), array([[10,  0,  1,  0],
       [ 4,  5,  0,  1],
       [ 0,  0,  8,  2],
       [ 1,  0,  0, 14]]), array([[ 9,  2,  0,  0],
       [ 5,  5,  0,  0],
       [ 0,  0,  7,  3],
       [ 0,  0,  3, 11]]), array([[ 9,  2,  0,  0],
       [ 3,  6,  0,  1],
       [ 0,  0,  8,  1],
       [ 0,  0,  1, 14]]), array([[ 9,  1,  1,  0],
       [ 1,  5,  0,  3],
       [ 0,  0,  6,  4],
       [ 0,  0,  1, 14]]), array([[ 9,  2,  0,  0],
       [ 4,  4,  0,  1],
       [ 0,  0,  7,  3],
       [ 0,  0,  1, 14]]), array([[ 9,  2,  0,  0],
       [ 4,  5,  0,  0],
       [ 0,  0,  7,  3],
       [ 0,  0,  2, 13]]), array([[ 7,  1,  0,  3],
       [ 4,  4,  0,  1],
       [ 0,  0, 10,  0],
       [ 0,  0,  3, 12]])]"
37,"[1.0, 1.0, 1.0, 1.0, 1.0, 1.0, 1.0, 1.0, 1.0, 1.0]","[1.0, 1.0, 1.0, 1.0, 1.0, 1.0, 1.0, 1.0, 1.0, 1.0]","[1.0, 1.0, 1.0, 1.0, 1.0, 1.0, 1.0, 1.0, 1.0, 1.0]","[1.0, 1.0, 1.0, 1.0, 1.0, 1.0, 1.0, 1.0, 1.0, 1.0]","[1.0, 1.0, 1.0, 1.0, 1.0, 1.0, 1.0, 1.0, 1.0, 1.0]","[1.0, 1.0, 1.0, 1.0, 1.0, 1.0, 1.0, 1.0, 1.0, 1.0]","[1.0, 1.0, 1.0, 1.0, 1.0, 1.0, 1.0, 1.0, 1.0, 1.0]","[1.0, 1.0, 1.0, 1.0, 1.0, 1.0, 1.0, 1.0, 1.0, 1.0]","[1.0, 1.0, 1.0, 1.0, 1.0, 1.0, 1.0, 1.0, 1.0, 1.0]","[1.0, 1.0, 1.0, 1.0, 1.0, 1.0, 1.0, 1.0, 1.0, 1.0]","[array([[100,   0,   0,   0],
       [  0,  85,   0,   0],
       [  0,   0,  89,   0],
       [  0,   0,   0, 134]]), array([[100,   0,   0,   0],
       [  0,  85,   0,   0],
       [  0,   0,  89,   0],
       [  0,   0,   0, 134]]), array([[101,   0,   0,   0],
       [  0,  84,   0,   0],
       [  0,   0,  89,   0],
       [  0,   0,   0, 134]]), array([[101,   0,   0,   0],
       [  0,  84,   0,   0],
       [  0,   0,  89,   0],
       [  0,   0,   0, 134]]), array([[101,   0,   0,   0],
       [  0,  84,   0,   0],
       [  0,   0,  89,   0],
       [  0,   0,   0, 135]]), array([[101,   0,   0,   0],
       [  0,  84,   0,   0],
       [  0,   0,  90,   0],
       [  0,   0,   0, 134]]), array([[101,   0,   0,   0],
       [  0,  85,   0,   0],
       [  0,   0,  89,   0],
       [  0,   0,   0, 134]]), array([[101,   0,   0,   0],
       [  0,  85,   0,   0],
       [  0,   0,  89,   0],
       [  0,   0,   0, 134]]), array([[101,   0,   0,   0],
       [  0,  85,   0,   0],
       [  0,   0,  89,   0],
       [  0,   0,   0, 134]]), array([[101,   0,   0,   0],
       [  0,  85,   0,   0],
       [  0,   0,  89,   0],
       [  0,   0,   0, 134]])]","[0.717391304347826, 0.8260869565217391, 0.717391304347826, 0.782608695652174, 0.7111111111111111, 0.8222222222222222, 0.7555555555555555, 0.8, 0.7777777777777778, 0.7555555555555555]","[0.717391304347826, 0.8260869565217391, 0.717391304347826, 0.782608695652174, 0.7111111111111111, 0.8222222222222222, 0.7555555555555555, 0.8, 0.7777777777777778, 0.7555555555555555]","[0.717391304347826, 0.8260869565217391, 0.717391304347826, 0.782608695652174, 0.7111111111111111, 0.8222222222222222, 0.7555555555555555, 0.8, 0.7777777777777778, 0.7555555555555555]","[0.717391304347826, 0.8260869565217391, 0.717391304347826, 0.782608695652174, 0.7111111111111111, 0.8222222222222222, 0.7555555555555555, 0.8, 0.7777777777777778, 0.7555555555555555]","[0.7688948306595366, 0.8645833333333334, 0.7214129072681704, 0.829861111111111, 0.7107142857142856, 0.8159722222222222, 0.7875, 0.7941760037348273, 0.7762807045895281, 0.7964743589743589]","[0.6916666666666667, 0.8, 0.6901515151515152, 0.7606060606060607, 0.700974025974026, 0.8101010101010102, 0.7267676767676767, 0.7767676767676768, 0.7517676767676769, 0.742929292929293]","[0.6818965517241379, 0.817063492063492, 0.6951548735436204, 0.7655400155400156, 0.6984873949579831, 0.8103475144148355, 0.742063492063492, 0.7811784897025171, 0.7569444444444444, 0.7386988887690149]","[0.7572657521506625, 0.8478260869565217, 0.7218998583415059, 0.8206521739130435, 0.7158730158730159, 0.8194444444444444, 0.7755555555555556, 0.7982311443095756, 0.7810421604539252, 0.7839031339031338]","[0.717391304347826, 0.8260869565217391, 0.717391304347826, 0.782608695652174, 0.7111111111111111, 0.8222222222222222, 0.7555555555555555, 0.8, 0.7777777777777778, 0.7555555555555555]","[0.6977761119440281, 0.8224982746721877, 0.7091194385756824, 0.7746359920272965, 0.7067189542483661, 0.8183055425692172, 0.7502645502645502, 0.7951055174167302, 0.7728395061728395, 0.7444264633605447]","[array([[12,  0,  0,  0],
       [ 5,  3,  0,  1],
       [ 0,  0,  7,  3],
       [ 0,  0,  4, 11]]), array([[10,  0,  1,  1],
       [ 2,  6,  0,  1],
       [ 0,  0,  7,  3],
       [ 0,  0,  0, 15]]), array([[ 8,  3,  0,  0],
       [ 4,  5,  0,  1],
       [ 0,  0,  6,  4],
       [ 0,  0,  1, 14]]), array([[10,  0,  1,  0],
       [ 4,  5,  0,  1],
       [ 0,  0,  7,  3],
       [ 1,  0,  0, 14]]), array([[ 9,  2,  0,  0],
       [ 5,  5,  0,  0],
       [ 0,  0,  7,  3],
       [ 0,  0,  3, 11]]), array([[ 9,  2,  0,  0],
       [ 3,  6,  0,  1],
       [ 0,  0,  8,  1],
       [ 0,  0,  1, 14]]), array([[ 9,  1,  1,  0],
       [ 1,  5,  0,  3],
       [ 0,  0,  6,  4],
       [ 0,  0,  1, 14]]), array([[ 9,  2,  0,  0],
       [ 3,  5,  0,  1],
       [ 0,  0,  8,  2],
       [ 0,  0,  1, 14]]), array([[ 9,  2,  0,  0],
       [ 4,  5,  0,  0],
       [ 0,  0,  7,  3],
       [ 0,  0,  1, 14]]), array([[ 8,  0,  0,  3],
       [ 4,  4,  0,  1],
       [ 0,  0, 10,  0],
       [ 0,  0,  3, 12]])]"
38,"[1.0, 1.0, 1.0, 1.0, 1.0, 1.0, 1.0, 1.0, 1.0, 1.0]","[1.0, 1.0, 1.0, 1.0, 1.0, 1.0, 1.0, 1.0, 1.0, 1.0]","[1.0, 1.0, 1.0, 1.0, 1.0, 1.0, 1.0, 1.0, 1.0, 1.0]","[1.0, 1.0, 1.0, 1.0, 1.0, 1.0, 1.0, 1.0, 1.0, 1.0]","[1.0, 1.0, 1.0, 1.0, 1.0, 1.0, 1.0, 1.0, 1.0, 1.0]","[1.0, 1.0, 1.0, 1.0, 1.0, 1.0, 1.0, 1.0, 1.0, 1.0]","[1.0, 1.0, 1.0, 1.0, 1.0, 1.0, 1.0, 1.0, 1.0, 1.0]","[1.0, 1.0, 1.0, 1.0, 1.0, 1.0, 1.0, 1.0, 1.0, 1.0]","[1.0, 1.0, 1.0, 1.0, 1.0, 1.0, 1.0, 1.0, 1.0, 1.0]","[1.0, 1.0, 1.0, 1.0, 1.0, 1.0, 1.0, 1.0, 1.0, 1.0]","[array([[100,   0,   0,   0],
       [  0,  85,   0,   0],
       [  0,   0,  89,   0],
       [  0,   0,   0, 134]]), array([[100,   0,   0,   0],
       [  0,  85,   0,   0],
       [  0,   0,  89,   0],
       [  0,   0,   0, 134]]), array([[101,   0,   0,   0],
       [  0,  84,   0,   0],
       [  0,   0,  89,   0],
       [  0,   0,   0, 134]]), array([[101,   0,   0,   0],
       [  0,  84,   0,   0],
       [  0,   0,  89,   0],
       [  0,   0,   0, 134]]), array([[101,   0,   0,   0],
       [  0,  84,   0,   0],
       [  0,   0,  89,   0],
       [  0,   0,   0, 135]]), array([[101,   0,   0,   0],
       [  0,  84,   0,   0],
       [  0,   0,  90,   0],
       [  0,   0,   0, 134]]), array([[101,   0,   0,   0],
       [  0,  85,   0,   0],
       [  0,   0,  89,   0],
       [  0,   0,   0, 134]]), array([[101,   0,   0,   0],
       [  0,  85,   0,   0],
       [  0,   0,  89,   0],
       [  0,   0,   0, 134]]), array([[101,   0,   0,   0],
       [  0,  85,   0,   0],
       [  0,   0,  89,   0],
       [  0,   0,   0, 134]]), array([[101,   0,   0,   0],
       [  0,  85,   0,   0],
       [  0,   0,  89,   0],
       [  0,   0,   0, 134]])]","[0.717391304347826, 0.8260869565217391, 0.7391304347826086, 0.782608695652174, 0.6888888888888889, 0.8, 0.7555555555555555, 0.8, 0.7555555555555555, 0.7333333333333333]","[0.717391304347826, 0.8260869565217391, 0.7391304347826086, 0.782608695652174, 0.6888888888888889, 0.8, 0.7555555555555555, 0.8, 0.7555555555555555, 0.7333333333333333]","[0.717391304347826, 0.8260869565217391, 0.7391304347826086, 0.782608695652174, 0.6888888888888889, 0.8, 0.7555555555555555, 0.8, 0.7555555555555555, 0.7333333333333333]","[0.717391304347826, 0.8260869565217391, 0.7391304347826086, 0.782608695652174, 0.6888888888888889, 0.8, 0.7555555555555555, 0.8, 0.7555555555555555, 0.7333333333333333]","[0.7688948306595366, 0.8645833333333334, 0.7501445922498554, 0.829861111111111, 0.6880952380952381, 0.7926205738705738, 0.7875, 0.8138354700854701, 0.749217796092796, 0.7388986013986014]","[0.6916666666666667, 0.8, 0.7128787878787879, 0.7606060606060607, 0.675974025974026, 0.7851010101010101, 0.7267676767676767, 0.7744949494949496, 0.7351010101010101, 0.7202020202020203]","[0.6818965517241379, 0.817063492063492, 0.7169117647058825, 0.7655400155400156, 0.6695054945054945, 0.7825874973645373, 0.742063492063492, 0.7815656565656566, 0.7376379456706282, 0.7128877433926522]","[0.7572657521506625, 0.8478260869565217, 0.7474413458395152, 0.8206521739130435, 0.6948148148148148, 0.7974053724053725, 0.7755555555555556, 0.8084045584045583, 0.755760751594085, 0.7364957264957266]","[0.717391304347826, 0.8260869565217391, 0.7391304347826086, 0.782608695652174, 0.6888888888888889, 0.8, 0.7555555555555555, 0.8, 0.7555555555555555, 0.7333333333333333]","[0.6977761119440281, 0.8224982746721877, 0.7292199488491049, 0.7746359920272965, 0.6803418803418803, 0.7929053341766814, 0.7502645502645502, 0.7927048260381595, 0.7516459158649311, 0.7211425009461474]","[array([[12,  0,  0,  0],
       [ 5,  3,  0,  1],
       [ 0,  0,  7,  3],
       [ 0,  0,  4, 11]]), array([[10,  0,  1,  1],
       [ 2,  6,  0,  1],
       [ 0,  0,  7,  3],
       [ 0,  0,  0, 15]]), array([[ 9,  2,  0,  0],
       [ 4,  5,  0,  1],
       [ 0,  0,  6,  4],
       [ 0,  0,  1, 14]]), array([[10,  0,  1,  0],
       [ 4,  5,  0,  1],
       [ 0,  0,  7,  3],
       [ 1,  0,  0, 14]]), array([[ 9,  2,  0,  0],
       [ 6,  4,  0,  0],
       [ 0,  0,  7,  3],
       [ 0,  0,  3, 11]]), array([[ 9,  2,  0,  0],
       [ 4,  5,  0,  1],
       [ 0,  0,  8,  1],
       [ 0,  0,  1, 14]]), array([[ 9,  1,  1,  0],
       [ 1,  5,  0,  3],
       [ 0,  0,  6,  4],
       [ 0,  0,  1, 14]]), array([[10,  1,  0,  0],
       [ 3,  5,  0,  1],
       [ 0,  0,  7,  3],
       [ 0,  0,  1, 14]]), array([[ 9,  2,  0,  0],
       [ 4,  5,  0,  0],
       [ 0,  0,  7,  3],
       [ 0,  0,  2, 13]]), array([[ 7,  1,  0,  3],
       [ 4,  4,  0,  1],
       [ 0,  0, 10,  0],
       [ 0,  0,  3, 12]])]"
