n_neighbors value,Train_Accuracy,Train_Precision_micro,Train_Recall_micro,Train_f1_micro,Train_Precision_macro,Train_Recall_macro,Train_f1_macro,Train_Precision_weighted,Train_Recall_weighted,Train_f1_weighted,Train_Confusion_Matrix,Test_Accuracy,Test_Precision_micro,Test_Recall_micro,Test_f1_micro,Test_Precision_macro,Test_Recall_macro,Test_f1_macro,Test_Precision_weighted,Test_Recall_weighted,Test_f1_weighted,Test_Confusion_Matrix
1,"[1.0, 1.0, 1.0, 1.0, 1.0, 1.0, 1.0, 1.0, 1.0, 1.0]","[1.0, 1.0, 1.0, 1.0, 1.0, 1.0, 1.0, 1.0, 1.0, 1.0]","[1.0, 1.0, 1.0, 1.0, 1.0, 1.0, 1.0, 1.0, 1.0, 1.0]","[1.0, 1.0, 1.0, 1.0, 1.0, 1.0, 1.0, 1.0, 1.0, 1.0]","[1.0, 1.0, 1.0, 1.0, 1.0, 1.0, 1.0, 1.0, 1.0, 1.0]","[1.0, 1.0, 1.0, 1.0, 1.0, 1.0, 1.0, 1.0, 1.0, 1.0]","[1.0, 1.0, 1.0, 1.0, 1.0, 1.0, 1.0, 1.0, 1.0, 1.0]","[1.0, 1.0, 1.0, 1.0, 1.0, 1.0, 1.0, 1.0, 1.0, 1.0]","[1.0, 1.0, 1.0, 1.0, 1.0, 1.0, 1.0, 1.0, 1.0, 1.0]","[1.0, 1.0, 1.0, 1.0, 1.0, 1.0, 1.0, 1.0, 1.0, 1.0]","[array([[100,   0,   0,   0],
       [  0,  85,   0,   0],
       [  0,   0,  89,   0],
       [  0,   0,   0, 134]]), array([[100,   0,   0,   0],
       [  0,  85,   0,   0],
       [  0,   0,  89,   0],
       [  0,   0,   0, 134]]), array([[101,   0,   0,   0],
       [  0,  84,   0,   0],
       [  0,   0,  89,   0],
       [  0,   0,   0, 134]]), array([[101,   0,   0,   0],
       [  0,  84,   0,   0],
       [  0,   0,  89,   0],
       [  0,   0,   0, 134]]), array([[101,   0,   0,   0],
       [  0,  84,   0,   0],
       [  0,   0,  89,   0],
       [  0,   0,   0, 135]]), array([[101,   0,   0,   0],
       [  0,  84,   0,   0],
       [  0,   0,  90,   0],
       [  0,   0,   0, 134]]), array([[101,   0,   0,   0],
       [  0,  85,   0,   0],
       [  0,   0,  89,   0],
       [  0,   0,   0, 134]]), array([[101,   0,   0,   0],
       [  0,  85,   0,   0],
       [  0,   0,  89,   0],
       [  0,   0,   0, 134]]), array([[101,   0,   0,   0],
       [  0,  85,   0,   0],
       [  0,   0,  89,   0],
       [  0,   0,   0, 134]]), array([[101,   0,   0,   0],
       [  0,  85,   0,   0],
       [  0,   0,  89,   0],
       [  0,   0,   0, 134]])]","[0.7391304347826086, 0.8043478260869565, 0.8478260869565217, 0.7391304347826086, 0.7777777777777778, 0.8, 0.8, 0.6666666666666666, 0.7777777777777778, 0.7777777777777778]","[0.7391304347826086, 0.8043478260869565, 0.8478260869565217, 0.7391304347826086, 0.7777777777777778, 0.8, 0.8, 0.6666666666666666, 0.7777777777777778, 0.7777777777777778]","[0.7391304347826086, 0.8043478260869565, 0.8478260869565217, 0.7391304347826086, 0.7777777777777778, 0.8, 0.8, 0.6666666666666666, 0.7777777777777778, 0.7777777777777778]","[0.7391304347826086, 0.8043478260869565, 0.8478260869565217, 0.7391304347826086, 0.7777777777777778, 0.8, 0.8, 0.6666666666666666, 0.7777777777777778, 0.7777777777777778]","[0.7561813186813187, 0.8432598039215686, 0.8511904761904763, 0.7402777777777778, 0.7811507936507935, 0.8492647058823529, 0.8397727272727273, 0.6531385281385281, 0.8120098039215686, 0.8095238095238094]","[0.7458333333333333, 0.7875, 0.8356060606060607, 0.7378787878787878, 0.775974025974026, 0.7777777777777777, 0.7772727272727273, 0.6583333333333333, 0.7555555555555555, 0.7722222222222223]","[0.7408333333333332, 0.8012731481481481, 0.8348039215686274, 0.7381960335621662, 0.7776070611310886, 0.7709745188397941, 0.793939393939394, 0.6405203991410887, 0.7599015567765568, 0.7700447828034036]","[0.757226469182991, 0.8265345268542198, 0.8571428571428572, 0.7397342995169083, 0.7808641975308641, 0.8470588235294118, 0.8222222222222222, 0.654959114959115, 0.8008278867102395, 0.8021164021164021]","[0.7391304347826086, 0.8043478260869565, 0.8478260869565217, 0.7391304347826086, 0.7777777777777778, 0.8, 0.8, 0.6666666666666666, 0.7777777777777778, 0.7777777777777778]","[0.7386231884057971, 0.8031099033816426, 0.8447570332480818, 0.7386329718435978, 0.7784388507500636, 0.7848287702177644, 0.7970370370370371, 0.6475965924241787, 0.7686762311762312, 0.7724579788028064]","[array([[11,  1,  0,  0],
       [ 2,  6,  0,  1],
       [ 0,  0,  8,  2],
       [ 0,  0,  6,  9]]), array([[11,  0,  0,  1],
       [ 3,  6,  0,  0],
       [ 0,  0,  7,  3],
       [ 1,  0,  1, 13]]), array([[10,  1,  0,  0],
       [ 4,  6,  0,  0],
       [ 0,  0,  9,  1],
       [ 0,  0,  1, 14]]), array([[ 9,  2,  0,  0],
       [ 2,  7,  0,  1],
       [ 0,  0,  7,  3],
       [ 1,  0,  3, 11]]), array([[ 9,  1,  0,  1],
       [ 2,  8,  0,  0],
       [ 1,  0,  7,  2],
       [ 0,  0,  3, 11]]), array([[11,  0,  0,  0],
       [ 6,  4,  0,  0],
       [ 0,  0,  7,  2],
       [ 0,  0,  1, 14]]), array([[10,  0,  1,  0],
       [ 1,  6,  0,  2],
       [ 0,  0,  6,  4],
       [ 0,  0,  1, 14]]), array([[11,  0,  0,  0],
       [ 4,  3,  0,  2],
       [ 0,  0,  7,  3],
       [ 0,  2,  4,  9]]), array([[11,  0,  0,  0],
       [ 4,  5,  0,  0],
       [ 0,  0,  6,  4],
       [ 0,  0,  2, 13]]), array([[11,  0,  0,  0],
       [ 3,  5,  0,  1],
       [ 0,  0,  8,  2],
       [ 0,  0,  4, 11]])]"
2,"[0.8602941176470589, 0.8602941176470589, 0.8553921568627451, 0.8627450980392157, 0.8533007334963325, 0.8581907090464548, 0.8361858190709046, 0.8704156479217604, 0.8484107579462102, 0.8508557457212714]","[0.8602941176470589, 0.8602941176470589, 0.8553921568627451, 0.8627450980392157, 0.8533007334963325, 0.8581907090464548, 0.8361858190709046, 0.8704156479217604, 0.8484107579462102, 0.8508557457212714]","[0.8602941176470589, 0.8602941176470589, 0.8553921568627451, 0.8627450980392157, 0.8533007334963325, 0.8581907090464548, 0.8361858190709046, 0.8704156479217604, 0.8484107579462102, 0.8508557457212714]","[0.8602941176470589, 0.8602941176470589, 0.8553921568627451, 0.8627450980392157, 0.8533007334963325, 0.8581907090464548, 0.8361858190709046, 0.8704156479217604, 0.8484107579462102, 0.8508557457212714]","[0.8769071577337291, 0.8785841844412785, 0.8759191998917036, 0.8807401187069059, 0.8745173653264776, 0.877503568003418, 0.8630814981179944, 0.8904266995952528, 0.8715801003680466, 0.8704112369008415]","[0.859504937309487, 0.8647502737469296, 0.8578875286488904, 0.865538379530917, 0.8540343915343915, 0.8599828239753613, 0.8385650235274389, 0.8732884651428909, 0.8511198962227856, 0.8540610726933738]","[0.8522015168840567, 0.8556315693051494, 0.8493042415397161, 0.8566684435604917, 0.8446699341438965, 0.8524529371650257, 0.8277210836927954, 0.8662752525384734, 0.8418635008446468, 0.8444594217030106]","[0.8862617645314026, 0.8883192377083934, 0.8850794875231304, 0.8899713789762048, 0.8839970082089172, 0.8863602468909674, 0.8734764714098321, 0.8982573444819543, 0.8810137684941319, 0.880475712192203]","[0.8602941176470589, 0.8602941176470589, 0.8553921568627451, 0.8627450980392157, 0.8533007334963325, 0.8581907090464548, 0.8361858190709046, 0.8704156479217604, 0.8484107579462102, 0.8508557457212714]","[0.8580365115340217, 0.8585948038046682, 0.8531748859502923, 0.8604579198781337, 0.8500468724264476, 0.8564728830048814, 0.8326201101531764, 0.8693918868825411, 0.8458351758026827, 0.8482769209848775]","[array([[100,   0,   0,   0],
       [ 30,  55,   0,   0],
       [  2,   0,  87,   0],
       [  2,   3,  20, 109]]), array([[100,   0,   0,   0],
       [ 26,  59,   0,   0],
       [  1,   0,  88,   0],
       [  2,   2,  26, 104]]), array([[101,   0,   0,   0],
       [ 28,  56,   0,   0],
       [  1,   0,  88,   0],
       [  3,   2,  25, 104]]), array([[101,   0,   0,   0],
       [ 27,  57,   0,   0],
       [  0,   0,  89,   0],
       [  1,   2,  26, 105]]), array([[101,   0,   0,   0],
       [ 31,  53,   0,   0],
       [  0,   0,  89,   0],
       [  2,   2,  25, 106]]), array([[101,   0,   0,   0],
       [ 27,  57,   0,   0],
       [  2,   0,  88,   0],
       [  2,   2,  25, 105]]), array([[101,   0,   0,   0],
       [ 33,  52,   0,   0],
       [  1,   0,  88,   0],
       [  2,   2,  29, 101]]), array([[101,   0,   0,   0],
       [ 25,  60,   0,   0],
       [  1,   0,  88,   0],
       [  2,   0,  25, 107]]), array([[101,   0,   0,   0],
       [ 30,  55,   0,   0],
       [  1,   0,  88,   0],
       [  4,   2,  25, 103]]), array([[101,   0,   0,   0],
       [ 29,  56,   0,   0],
       [  1,   0,  88,   0],
       [  3,   3,  25, 103]])]","[0.717391304347826, 0.7608695652173914, 0.717391304347826, 0.7391304347826086, 0.7555555555555555, 0.7777777777777778, 0.6444444444444445, 0.6444444444444445, 0.8222222222222222, 0.7333333333333333]","[0.717391304347826, 0.7608695652173914, 0.717391304347826, 0.7391304347826086, 0.7555555555555555, 0.7777777777777778, 0.6444444444444445, 0.6444444444444445, 0.8222222222222222, 0.7333333333333333]","[0.717391304347826, 0.7608695652173914, 0.717391304347826, 0.7391304347826086, 0.7555555555555555, 0.7777777777777778, 0.6444444444444445, 0.6444444444444445, 0.8222222222222222, 0.7333333333333333]","[0.717391304347826, 0.7608695652173914, 0.717391304347826, 0.7391304347826086, 0.7555555555555555, 0.7777777777777778, 0.6444444444444445, 0.6444444444444445, 0.8222222222222222, 0.7333333333333333]","[0.7678571428571428, 0.8117647058823529, 0.7284982174688057, 0.7575980392156864, 0.7979433760683761, 0.8073232323232323, 0.6626602564102564, 0.6397321428571429, 0.8700980392156863, 0.796875]","[0.7111111111111111, 0.7402777777777778, 0.7189393939393939, 0.7416666666666666, 0.7678571428571428, 0.7833333333333333, 0.6356060606060606, 0.65, 0.8111111111111111, 0.7361111111111112]","[0.7014652014652014, 0.743501326259947, 0.7004245754245755, 0.7194925444925444, 0.7574121436014019, 0.759526967285588, 0.6203749953749953, 0.6175132275132275, 0.7997696747696748, 0.7175498575498576]","[0.7600931677018634, 0.7992327365728901, 0.7450786638766178, 0.7634271099744245, 0.8035731244064577, 0.8241301907968576, 0.6631766381766383, 0.6483730158730159, 0.8766884531590414, 0.8013888888888889]","[0.717391304347826, 0.7608695652173914, 0.717391304347826, 0.7391304347826086, 0.7555555555555555, 0.7777777777777778, 0.6444444444444445, 0.6444444444444445, 0.8222222222222222, 0.7333333333333333]","[0.7063226628444019, 0.7530849959635566, 0.7082048386396214, 0.7232417341112993, 0.7531979834338459, 0.7660104135966205, 0.6290775068552847, 0.6197060552616108, 0.8134569134569135, 0.7222538778094332]","[array([[12,  0,  0,  0],
       [ 4,  4,  0,  1],
       [ 0,  0,  8,  2],
       [ 0,  0,  6,  9]]), array([[11,  0,  0,  1],
       [ 5,  4,  0,  0],
       [ 0,  0,  8,  2],
       [ 1,  0,  2, 12]]), array([[10,  1,  0,  0],
       [ 6,  4,  0,  0],
       [ 0,  0,  9,  1],
       [ 1,  1,  3, 10]]), array([[11,  0,  0,  0],
       [ 5,  4,  0,  1],
       [ 0,  0,  9,  1],
       [ 1,  1,  3, 10]]), array([[11,  0,  0,  0],
       [ 3,  7,  0,  0],
       [ 1,  0,  8,  1],
       [ 1,  0,  5,  8]]), array([[11,  0,  0,  0],
       [ 6,  4,  0,  0],
       [ 0,  0,  9,  0],
       [ 1,  1,  2, 11]]), array([[10,  0,  1,  0],
       [ 4,  3,  0,  2],
       [ 1,  0,  7,  2],
       [ 1,  1,  4,  9]]), array([[11,  0,  0,  0],
       [ 5,  3,  0,  1],
       [ 0,  0,  8,  2],
       [ 0,  2,  6,  7]]), array([[11,  0,  0,  0],
       [ 5,  4,  0,  0],
       [ 0,  0, 10,  0],
       [ 1,  0,  2, 12]]), array([[11,  0,  0,  0],
       [ 4,  4,  0,  1],
       [ 1,  0,  9,  0],
       [ 0,  0,  6,  9]])]"
3,"[0.8774509803921569, 0.8651960784313726, 0.8553921568627451, 0.8504901960784313, 0.8581907090464548, 0.8533007334963325, 0.8581907090464548, 0.8655256723716381, 0.8655256723716381, 0.8581907090464548]","[0.8774509803921569, 0.8651960784313726, 0.8553921568627451, 0.8504901960784313, 0.8581907090464548, 0.8533007334963325, 0.8581907090464548, 0.8655256723716381, 0.8655256723716381, 0.8581907090464548]","[0.8774509803921569, 0.8651960784313726, 0.8553921568627451, 0.8504901960784313, 0.8581907090464548, 0.8533007334963325, 0.8581907090464548, 0.8655256723716381, 0.8655256723716381, 0.8581907090464548]","[0.8774509803921569, 0.8651960784313726, 0.8553921568627451, 0.8504901960784313, 0.8581907090464548, 0.8533007334963325, 0.8581907090464548, 0.8655256723716381, 0.8655256723716381, 0.8581907090464548]","[0.8921422059921809, 0.8800491012148959, 0.8736770007497329, 0.866383086046111, 0.8754776414287799, 0.8652223674943194, 0.8705406796698931, 0.8766685034289095, 0.8783731763461599, 0.8668759816108107]","[0.870070286373815, 0.855893154847047, 0.8456829748402118, 0.8410076522493771, 0.8502936128283776, 0.8453914714499168, 0.8521629132904709, 0.8585595984009722, 0.8582952229878856, 0.8516112440031329]","[0.8723410696898909, 0.8596372181925865, 0.8503642591096339, 0.843776208401789, 0.853425844117596, 0.8487380512069703, 0.8541595899713837, 0.8615884130818916, 0.8610109575863001, 0.8535193898929665]","[0.889628325330616, 0.8752994080185535, 0.8673749698558618, 0.8627548257313802, 0.8702224672744476, 0.8613179877037599, 0.8675892702787569, 0.8735240313410463, 0.8745547558385329, 0.8656784544933245]","[0.8774509803921569, 0.8651960784313726, 0.8553921568627451, 0.8504901960784313, 0.8581907090464548, 0.8533007334963325, 0.8581907090464548, 0.8655256723716381, 0.8655256723716381, 0.8581907090464548]","[0.8758840088706856, 0.8629700316955994, 0.8533171837230831, 0.8480662101258233, 0.8560423406499983, 0.851695924534265, 0.8565104161250715, 0.8642316980310294, 0.8637077557263778, 0.8569405000894363]","[array([[ 98,   0,   1,   1],
       [ 20,  60,   0,   5],
       [  2,   0,  80,   7],
       [  3,   0,  11, 120]]), array([[ 98,   1,   1,   0],
       [ 19,  59,   0,   7],
       [  1,   0,  76,  12],
       [  3,   0,  11, 120]]), array([[ 99,   0,   1,   1],
       [ 20,  58,   0,   6],
       [  1,   0,  74,  14],
       [  3,   0,  13, 118]]), array([[ 98,   1,   1,   1],
       [ 24,  56,   0,   4],
       [  0,   0,  76,  13],
       [  2,   0,  15, 117]]), array([[100,   0,   1,   0],
       [ 20,  58,   0,   6],
       [  0,   0,  76,  13],
       [  4,   0,  14, 117]]), array([[ 96,   2,   2,   1],
       [ 18,  59,   0,   7],
       [  1,   0,  77,  12],
       [  2,   0,  15, 117]]), array([[100,   1,   0,   0],
       [ 20,  61,   0,   4],
       [  1,   0,  75,  13],
       [  4,   1,  14, 115]]), array([[ 98,   2,   0,   1],
       [ 18,  62,   0,   5],
       [  2,   0,  76,  11],
       [  3,   0,  13, 118]]), array([[ 98,   1,   1,   1],
       [ 19,  60,   0,   6],
       [  0,   0,  78,  11],
       [  2,   0,  14, 118]]), array([[ 96,   3,   1,   1],
       [ 20,  61,   0,   4],
       [  1,   0,  77,  11],
       [  2,   0,  15, 117]])]","[0.717391304347826, 0.7608695652173914, 0.8043478260869565, 0.7391304347826086, 0.7777777777777778, 0.7777777777777778, 0.7333333333333333, 0.7333333333333333, 0.7555555555555555, 0.6888888888888889]","[0.717391304347826, 0.7608695652173914, 0.8043478260869565, 0.7391304347826086, 0.7777777777777778, 0.7777777777777778, 0.7333333333333333, 0.7333333333333333, 0.7555555555555555, 0.6888888888888889]","[0.717391304347826, 0.7608695652173914, 0.8043478260869565, 0.7391304347826086, 0.7777777777777778, 0.7777777777777778, 0.7333333333333333, 0.7333333333333333, 0.7555555555555555, 0.6888888888888889]","[0.717391304347826, 0.7608695652173914, 0.8043478260869565, 0.7391304347826086, 0.7777777777777778, 0.7777777777777778, 0.7333333333333333, 0.7333333333333333, 0.7555555555555555, 0.6888888888888889]","[0.761904761904762, 0.7876984126984127, 0.8031045751633987, 0.7802083333333334, 0.7964285714285714, 0.8291754201680672, 0.743969298245614, 0.7416666666666667, 0.8172268907563025, 0.7326388888888888]","[0.7027777777777777, 0.7416666666666667, 0.7878787878787878, 0.7333333333333334, 0.7714285714285714, 0.7583333333333333, 0.7123737373737373, 0.7194444444444444, 0.7277777777777777, 0.6633838383838384]","[0.6996365703262255, 0.7532479775126835, 0.7915951563691839, 0.7287037037037036, 0.7717441227503146, 0.7602726574500769, 0.7224458204334365, 0.7127289377289376, 0.7298703135100194, 0.6641586734965343]","[0.7510351966873706, 0.775879917184265, 0.8041702188121626, 0.7730978260869565, 0.794074074074074, 0.8226540616246498, 0.7431936322287198, 0.7392592592592593, 0.803548085901027, 0.7262345679012346]","[0.717391304347826, 0.7608695652173914, 0.8043478260869565, 0.7391304347826086, 0.7777777777777778, 0.7777777777777778, 0.7333333333333333, 0.7333333333333333, 0.7555555555555555, 0.6888888888888889]","[0.7072312994351975, 0.7577777082252786, 0.8004655424004244, 0.7310789049919484, 0.7746394644227461, 0.7697815326847585, 0.7318472652218782, 0.7211233211233211, 0.7428364935717877, 0.6791704623811773]","[array([[12,  0,  0,  0],
       [ 4,  4,  0,  1],
       [ 0,  0,  7,  3],
       [ 0,  0,  5, 10]]), array([[10,  1,  0,  1],
       [ 3,  6,  0,  0],
       [ 0,  0,  6,  4],
       [ 1,  0,  1, 13]]), array([[ 9,  2,  0,  0],
       [ 3,  6,  0,  1],
       [ 0,  0,  8,  2],
       [ 0,  0,  1, 14]]), array([[11,  0,  0,  0],
       [ 4,  5,  0,  1],
       [ 0,  0,  7,  3],
       [ 1,  0,  3, 11]]), array([[11,  0,  0,  0],
       [ 3,  7,  0,  0],
       [ 1,  0,  6,  3],
       [ 0,  0,  3, 11]]), array([[11,  0,  0,  0],
       [ 5,  5,  0,  0],
       [ 0,  0,  6,  3],
       [ 1,  0,  1, 13]]), array([[ 8,  2,  1,  0],
       [ 1,  5,  0,  3],
       [ 0,  0,  7,  3],
       [ 0,  1,  1, 13]]), array([[11,  0,  0,  0],
       [ 4,  4,  0,  1],
       [ 0,  0,  7,  3],
       [ 0,  1,  3, 11]]), array([[11,  0,  0,  0],
       [ 5,  4,  0,  0],
       [ 0,  0,  6,  4],
       [ 1,  0,  1, 13]]), array([[10,  0,  1,  0],
       [ 4,  4,  0,  1],
       [ 2,  0,  5,  3],
       [ 0,  0,  3, 12]])]"
4,"[0.8333333333333334, 0.8357843137254902, 0.8431372549019608, 0.8431372549019608, 0.8386308068459658, 0.8288508557457213, 0.8361858190709046, 0.8508557457212714, 0.8264058679706602, 0.8484107579462102]","[0.8333333333333334, 0.8357843137254902, 0.8431372549019608, 0.8431372549019608, 0.8386308068459658, 0.8288508557457213, 0.8361858190709046, 0.8508557457212714, 0.8264058679706602, 0.8484107579462102]","[0.8333333333333334, 0.8357843137254902, 0.8431372549019608, 0.8431372549019608, 0.8386308068459658, 0.8288508557457213, 0.8361858190709046, 0.8508557457212714, 0.8264058679706602, 0.8484107579462102]","[0.8333333333333334, 0.8357843137254902, 0.8431372549019608, 0.8431372549019608, 0.8386308068459658, 0.8288508557457213, 0.8361858190709046, 0.8508557457212714, 0.8264058679706602, 0.8484107579462102]","[0.8607727947118504, 0.8601822689608949, 0.8674781215333416, 0.8681245412282848, 0.8633597657877905, 0.8534707746652501, 0.8623486850768449, 0.866522758506098, 0.8526660208190866, 0.8671620373580791]","[0.826147714829685, 0.8260821388760099, 0.8352921753927627, 0.8341816565583632, 0.8288538946189964, 0.8194009619512058, 0.8306219234297778, 0.8440248695337419, 0.8188457583168424, 0.8416932689461151]","[0.8194580220030858, 0.8234118904611626, 0.8307382408542202, 0.8293532407847325, 0.8252814644245842, 0.8139052750745017, 0.8250063437622478, 0.8398232241110145, 0.8136681105321887, 0.8371053337265817]","[0.8621590264028406, 0.8578416747815042, 0.8680300075163803, 0.869333059869409, 0.8622737691787482, 0.8544727804743553, 0.8642437486635908, 0.8690871431964192, 0.8527946353315874, 0.8679840672707471]","[0.8333333333333334, 0.8357843137254902, 0.8431372549019608, 0.8431372549019608, 0.8386308068459658, 0.8288508557457213, 0.8361858190709046, 0.8508557457212714, 0.8264058679706602, 0.8484107579462102]","[0.826735395415847, 0.8297539773315414, 0.8375927950101691, 0.8372580782286019, 0.8325167718414799, 0.8220956391987689, 0.8311327745106823, 0.8463785134211231, 0.820381878170876, 0.8430742341561035]","[array([[ 98,   0,   1,   1],
       [ 33,  46,   0,   6],
       [  1,   0,  85,   3],
       [  2,   0,  21, 111]]), array([[ 99,   0,   1,   0],
       [ 29,  48,   0,   8],
       [  1,   0,  80,   8],
       [  2,   0,  18, 114]]), array([[100,   0,   1,   0],
       [ 30,  48,   0,   6],
       [  1,   0,  84,   4],
       [  2,   0,  20, 112]]), array([[100,   0,   1,   0],
       [ 32,  47,   0,   5],
       [  1,   0,  84,   4],
       [  1,   0,  20, 113]]), array([[100,   0,   1,   0],
       [ 30,  47,   0,   7],
       [  1,   0,  82,   6],
       [  2,   0,  19, 114]]), array([[ 99,   1,   1,   0],
       [ 33,  45,   0,   6],
       [  1,   0,  84,   5],
       [  2,   0,  21, 111]]), array([[101,   0,   0,   0],
       [ 32,  49,   0,   4],
       [  1,   0,  83,   5],
       [  2,   0,  23, 109]]), array([[ 98,   2,   1,   0],
       [ 28,  51,   0,   6],
       [  1,   0,  85,   3],
       [  2,   0,  18, 114]]), array([[ 99,   0,   2,   0],
       [ 31,  47,   0,   7],
       [  1,   0,  82,   6],
       [  1,   0,  23, 110]]), array([[ 99,   1,   1,   0],
       [ 28,  50,   0,   7],
       [  0,   0,  85,   4],
       [  2,   0,  19, 113]])]","[0.6956521739130435, 0.7608695652173914, 0.782608695652174, 0.7391304347826086, 0.7333333333333333, 0.8, 0.7333333333333333, 0.7333333333333333, 0.7555555555555555, 0.7111111111111111]","[0.6956521739130435, 0.7608695652173914, 0.782608695652174, 0.7391304347826086, 0.7333333333333333, 0.8, 0.7333333333333333, 0.7333333333333333, 0.7555555555555555, 0.7111111111111111]","[0.6956521739130435, 0.7608695652173914, 0.782608695652174, 0.7391304347826086, 0.7333333333333333, 0.8, 0.7333333333333333, 0.7333333333333333, 0.7555555555555555, 0.7111111111111111]","[0.6956521739130435, 0.7608695652173914, 0.782608695652174, 0.7391304347826086, 0.7333333333333333, 0.8, 0.7333333333333333, 0.7333333333333333, 0.7555555555555555, 0.7111111111111111]","[0.7451923076923077, 0.8167162698412699, 0.7859241452991452, 0.7900114591291061, 0.794237012987013, 0.8439075630252102, 0.749797077922078, 0.784970238095238, 0.807868601986249, 0.7600160256410257]","[0.6861111111111111, 0.7347222222222223, 0.7712121212121212, 0.7333333333333334, 0.7308441558441559, 0.7888888888888889, 0.7295454545454545, 0.7166666666666667, 0.7333333333333334, 0.7027777777777777]","[0.6810200668896321, 0.7484402852049912, 0.774370401810979, 0.7194170771756978, 0.7155423280423281, 0.7739499611096707, 0.7361314760508308, 0.7001770579356787, 0.7188013136288998, 0.6952121952121952]","[0.7341137123745819, 0.7968426501035196, 0.786777684875511, 0.7864367090709802, 0.8006854256854257, 0.8499159663865545, 0.7420093795093796, 0.7781084656084656, 0.8055003819709702, 0.7540954415954417]","[0.6956521739130435, 0.7608695652173914, 0.782608695652174, 0.7391304347826086, 0.7333333333333333, 0.8, 0.7333333333333333, 0.7333333333333333, 0.7555555555555555, 0.7111111111111111]","[0.685956293234176, 0.7550901783638357, 0.7808340099899117, 0.7251195830656101, 0.7236096413874192, 0.7863192463918417, 0.7347072879330944, 0.7136666795670628, 0.7372377303411786, 0.7017632573188128]","[array([[12,  0,  0,  0],
       [ 4,  4,  0,  1],
       [ 0,  0,  7,  3],
       [ 0,  0,  6,  9]]), array([[11,  0,  0,  1],
       [ 4,  5,  0,  0],
       [ 0,  0,  6,  4],
       [ 1,  0,  1, 13]]), array([[ 9,  2,  0,  0],
       [ 3,  6,  0,  1],
       [ 0,  0,  8,  2],
       [ 1,  0,  1, 13]]), array([[11,  0,  0,  0],
       [ 5,  4,  0,  1],
       [ 0,  0,  8,  2],
       [ 1,  0,  3, 11]]), array([[10,  0,  1,  0],
       [ 6,  4,  0,  0],
       [ 0,  0,  9,  1],
       [ 0,  0,  4, 10]]), array([[11,  0,  0,  0],
       [ 6,  4,  0,  0],
       [ 0,  0,  8,  1],
       [ 0,  0,  2, 13]]), array([[ 9,  1,  1,  0],
       [ 1,  6,  0,  2],
       [ 0,  0,  7,  3],
       [ 1,  0,  3, 11]]), array([[11,  0,  0,  0],
       [ 5,  3,  0,  1],
       [ 0,  0,  8,  2],
       [ 0,  0,  4, 11]]), array([[11,  0,  0,  0],
       [ 6,  3,  0,  0],
       [ 0,  0,  8,  2],
       [ 0,  0,  3, 12]]), array([[11,  0,  0,  0],
       [ 4,  4,  0,  1],
       [ 1,  0,  7,  2],
       [ 0,  0,  5, 10]])]"
5,"[0.8063725490196079, 0.8186274509803921, 0.8088235294117647, 0.8259803921568627, 0.8190709046454768, 0.7897310513447433, 0.8288508557457213, 0.8190709046454768, 0.8288508557457213, 0.8215158924205379]","[0.8063725490196079, 0.8186274509803921, 0.8088235294117647, 0.8259803921568627, 0.8190709046454768, 0.7897310513447433, 0.8288508557457213, 0.8190709046454768, 0.8288508557457213, 0.8215158924205379]","[0.8063725490196079, 0.8186274509803921, 0.8088235294117647, 0.8259803921568627, 0.8190709046454768, 0.7897310513447433, 0.8288508557457213, 0.8190709046454768, 0.8288508557457213, 0.8215158924205379]","[0.8063725490196079, 0.8186274509803921, 0.8088235294117647, 0.8259803921568627, 0.8190709046454768, 0.7897310513447433, 0.8288508557457213, 0.8190709046454768, 0.8288508557457213, 0.8215158924205379]","[0.8224429896344789, 0.835104940379698, 0.8320444139194139, 0.8362712820168673, 0.831929920797349, 0.8028922530604616, 0.8458342873889775, 0.8354588581826633, 0.8386985783424078, 0.8359063386486594]","[0.7923415720472323, 0.8022596452634382, 0.7922509708027413, 0.8129750090195528, 0.8037666112785704, 0.7740210428292297, 0.8172538995324594, 0.8040570291208522, 0.8138094569980225, 0.8079415227136942]","[0.7938755577633366, 0.8062079522084921, 0.7960246341524237, 0.8167729005229005, 0.8072668293936279, 0.7774537717797875, 0.8202019082729416, 0.8094475197729355, 0.8170578554712103, 0.8129731559841308]","[0.8193692970914499, 0.8298433247973158, 0.8257945036989155, 0.8336230238461665, 0.8279746065507569, 0.7991004199730893, 0.8419212541064546, 0.829415036662417, 0.8358177766733671, 0.8304052931993907]","[0.8063725490196079, 0.8186274509803921, 0.8088235294117647, 0.8259803921568627, 0.8190709046454768, 0.7897310513447433, 0.8288508557457213, 0.8190709046454768, 0.8288508557457213, 0.8215158924205379]","[0.8011611484134518, 0.8132411833194587, 0.8033291669746879, 0.8229786097800803, 0.8143482650135567, 0.7848840110431571, 0.8254919119139214, 0.8151108562276268, 0.8242815713617592, 0.8180225677397525]","[array([[ 93,   4,   2,   1],
       [ 29,  48,   0,   8],
       [  1,   0,  72,  16],
       [  2,   0,  16, 116]]), array([[ 95,   4,   1,   0],
       [ 26,  50,   0,   9],
       [  1,   0,  69,  19],
       [  1,   0,  13, 120]]), array([[ 97,   2,   1,   1],
       [ 30,  48,   0,   6],
       [  1,   0,  68,  20],
       [  2,   0,  15, 117]]), array([[ 94,   5,   1,   1],
       [ 25,  54,   0,   5],
       [  1,   0,  71,  17],
       [  1,   0,  15, 118]]), array([[ 95,   5,   1,   0],
       [ 26,  50,   0,   8],
       [  0,   0,  71,  18],
       [  2,   0,  14, 119]]), array([[ 92,   6,   2,   1],
       [ 28,  48,   0,   8],
       [  1,   0,  68,  21],
       [  2,   0,  17, 115]]), array([[ 98,   2,   0,   1],
       [ 26,  54,   1,   4],
       [  1,   0,  71,  17],
       [  2,   0,  16, 116]]), array([[ 95,   4,   1,   1],
       [ 25,  53,   0,   7],
       [  0,   0,  68,  21],
       [  2,   0,  13, 119]]), array([[ 93,   6,   1,   1],
       [ 26,  51,   0,   8],
       [  0,   0,  74,  15],
       [  1,   0,  12, 121]]), array([[ 95,   5,   0,   1],
       [ 24,  54,   0,   7],
       [  0,   0,  69,  20],
       [  3,   0,  13, 118]])]","[0.7391304347826086, 0.7608695652173914, 0.7608695652173914, 0.782608695652174, 0.6888888888888889, 0.7333333333333333, 0.7555555555555555, 0.7555555555555555, 0.7333333333333333, 0.7555555555555555]","[0.7391304347826086, 0.7608695652173914, 0.7608695652173914, 0.782608695652174, 0.6888888888888889, 0.7333333333333333, 0.7555555555555555, 0.7555555555555555, 0.7333333333333333, 0.7555555555555555]","[0.7391304347826086, 0.7608695652173914, 0.7608695652173914, 0.782608695652174, 0.6888888888888889, 0.7333333333333333, 0.7555555555555555, 0.7555555555555555, 0.7333333333333333, 0.7555555555555555]","[0.7391304347826086, 0.7608695652173914, 0.7608695652173914, 0.782608695652174, 0.6888888888888889, 0.7333333333333333, 0.7555555555555555, 0.7555555555555555, 0.7333333333333333, 0.7555555555555555]","[0.7799242424242424, 0.8167162698412699, 0.7516098484848486, 0.8208333333333333, 0.7095588235294118, 0.7249503968253969, 0.7793859649122807, 0.7958333333333334, 0.7810019841269842, 0.796875]","[0.7194444444444444, 0.7347222222222223, 0.7484848484848484, 0.7749999999999999, 0.6808441558441558, 0.7156565656565657, 0.7351010101010101, 0.7361111111111112, 0.7027777777777777, 0.7361111111111112]","[0.7181318681318681, 0.7484402852049912, 0.7493903380151259, 0.7717535153019024, 0.6598401598401599, 0.7091218637992832, 0.7471288515406163, 0.7339330024813897, 0.7015783780489664, 0.7325498575498575]","[0.7687747035573121, 0.7968426501035196, 0.7576992753623187, 0.811231884057971, 0.7178649237472767, 0.7316798941798942, 0.7702923976608187, 0.7848148148148147, 0.767526455026455, 0.7902777777777777]","[0.7391304347826086, 0.7608695652173914, 0.7608695652173914, 0.782608695652174, 0.6888888888888889, 0.7333333333333333, 0.7555555555555555, 0.7555555555555555, 0.7333333333333333, 0.7555555555555555]","[0.7280617932791845, 0.7550901783638357, 0.758618144238577, 0.773636134786205, 0.6707736707736708, 0.7222365591397849, 0.7533146591970121, 0.7435346015991178, 0.715599094684062, 0.7444761000316557]","[array([[12,  0,  0,  0],
       [ 4,  4,  0,  1],
       [ 0,  0,  7,  3],
       [ 0,  0,  4, 11]]), array([[11,  0,  0,  1],
       [ 4,  5,  0,  0],
       [ 0,  0,  6,  4],
       [ 1,  0,  1, 13]]), array([[ 8,  3,  0,  0],
       [ 3,  6,  0,  1],
       [ 0,  0,  8,  2],
       [ 0,  0,  2, 13]]), array([[11,  0,  0,  0],
       [ 3,  5,  0,  2],
       [ 0,  0,  8,  2],
       [ 1,  0,  2, 12]]), array([[10,  1,  0,  0],
       [ 7,  3,  0,  0],
       [ 0,  0,  8,  2],
       [ 0,  0,  4, 10]]), array([[ 9,  2,  0,  0],
       [ 5,  4,  0,  1],
       [ 0,  0,  7,  2],
       [ 0,  0,  2, 13]]), array([[ 9,  1,  1,  0],
       [ 1,  5,  0,  3],
       [ 0,  0,  7,  3],
       [ 0,  0,  2, 13]]), array([[11,  0,  0,  0],
       [ 4,  4,  0,  1],
       [ 0,  0,  7,  3],
       [ 0,  0,  3, 12]]), array([[11,  0,  0,  0],
       [ 5,  4,  0,  0],
       [ 0,  0,  5,  5],
       [ 0,  0,  2, 13]]), array([[11,  0,  0,  0],
       [ 4,  4,  0,  1],
       [ 1,  0,  7,  2],
       [ 0,  0,  3, 12]])]"
6,"[0.7990196078431373, 0.803921568627451, 0.803921568627451, 0.8014705882352942, 0.8068459657701712, 0.8019559902200489, 0.7995110024449877, 0.8141809290953546, 0.8117359413202934, 0.8166259168704156]","[0.7990196078431373, 0.803921568627451, 0.803921568627451, 0.8014705882352942, 0.8068459657701712, 0.8019559902200489, 0.7995110024449877, 0.8141809290953546, 0.8117359413202934, 0.8166259168704156]","[0.7990196078431373, 0.803921568627451, 0.803921568627451, 0.8014705882352942, 0.8068459657701712, 0.8019559902200489, 0.7995110024449877, 0.8141809290953546, 0.8117359413202934, 0.8166259168704156]","[0.7990196078431373, 0.803921568627451, 0.803921568627451, 0.8014705882352942, 0.8068459657701712, 0.8019559902200489, 0.7995110024449877, 0.8141809290953546, 0.8117359413202934, 0.8166259168704156]","[0.8201040943789036, 0.8265533919715742, 0.8344471461158599, 0.8227865867982147, 0.8233612019871562, 0.8231906912350115, 0.8248974762654453, 0.8368711937656278, 0.8285047162804515, 0.8328651885395306]","[0.7865857592408085, 0.785397105681112, 0.7877915897049564, 0.7877039193761497, 0.7930025366100013, 0.7876360770405398, 0.7896385065699751, 0.8003551482443033, 0.7959304445947056, 0.8028883023646792]","[0.7817946295012006, 0.780412061848526, 0.7841715518645171, 0.7828230435116734, 0.7879828867969061, 0.7844751107679044, 0.7839496584953931, 0.7982955311332238, 0.7917351488166939, 0.8000181727117817]","[0.819927304023622, 0.8237398577248044, 0.8314142045658409, 0.8231765557996749, 0.8232075644420033, 0.8227416987300078, 0.8247071416482048, 0.8336667736686035, 0.8280020378530014, 0.8330509153802488]","[0.7990196078431373, 0.803921568627451, 0.803921568627451, 0.8014705882352942, 0.8068459657701712, 0.8019559902200489, 0.7995110024449877, 0.8141809290953546, 0.8117359413202934, 0.8166259168704156]","[0.790896572721365, 0.79180837855196, 0.7945883302840758, 0.7930676140987283, 0.7978130261397572, 0.7944308275193713, 0.7918123106316384, 0.806432605929121, 0.8022494957970366, 0.8094043625057906]","[array([[ 94,   3,   2,   1],
       [ 35,  42,   0,   8],
       [  1,   0,  78,  10],
       [  2,   0,  20, 112]]), array([[ 96,   3,   1,   0],
       [ 36,  38,   0,  11],
       [  1,   0,  76,  12],
       [  1,   0,  15, 118]]), array([[ 98,   1,   1,   1],
       [ 38,  40,   0,   6],
       [  1,   0,  76,  12],
       [  2,   0,  18, 114]]), array([[ 96,   3,   1,   1],
       [ 37,  41,   0,   6],
       [  1,   0,  78,  10],
       [  1,   0,  21, 112]]), array([[ 95,   4,   1,   1],
       [ 34,  41,   0,   9],
       [  0,   0,  80,   9],
       [  2,   0,  19, 114]]), array([[ 95,   3,   2,   1],
       [ 36,  42,   0,   6],
       [  1,   0,  78,  11],
       [  2,   0,  19, 113]]), array([[ 98,   2,   0,   1],
       [ 36,  43,   0,   6],
       [  1,   0,  78,  10],
       [  2,   0,  24, 108]]), array([[ 97,   2,   1,   1],
       [ 33,  44,   0,   8],
       [  0,   0,  77,  12],
       [  2,   0,  17, 115]]), array([[ 95,   4,   1,   1],
       [ 36,  41,   0,   8],
       [  0,   0,  79,  10],
       [  1,   0,  16, 117]]), array([[ 95,   4,   1,   1],
       [ 35,  44,   0,   6],
       [  0,   0,  79,  10],
       [  2,   0,  16, 116]])]","[0.717391304347826, 0.782608695652174, 0.7608695652173914, 0.782608695652174, 0.6666666666666666, 0.7111111111111111, 0.7555555555555555, 0.7777777777777778, 0.7555555555555555, 0.7111111111111111]","[0.717391304347826, 0.782608695652174, 0.7608695652173914, 0.782608695652174, 0.6666666666666666, 0.7111111111111111, 0.7555555555555555, 0.7777777777777778, 0.7555555555555555, 0.7111111111111111]","[0.717391304347826, 0.782608695652174, 0.7608695652173914, 0.782608695652174, 0.6666666666666666, 0.7111111111111111, 0.7555555555555555, 0.7777777777777778, 0.7555555555555555, 0.7111111111111111]","[0.717391304347826, 0.782608695652174, 0.7608695652173914, 0.782608695652174, 0.6666666666666666, 0.7111111111111111, 0.7555555555555555, 0.7777777777777778, 0.7555555555555555, 0.7111111111111111]","[0.7678571428571428, 0.8318014705882353, 0.7485930735930736, 0.8264204545454545, 0.6569285977180713, 0.6961038961038961, 0.766919191919192, 0.818954248366013, 0.796875, 0.7221861471861472]","[0.7111111111111111, 0.7597222222222223, 0.7462121212121212, 0.7749999999999999, 0.6558441558441559, 0.7017676767676768, 0.7323232323232324, 0.7527777777777778, 0.7361111111111112, 0.6967171717171716]","[0.7014652014652014, 0.7725694444444444, 0.7359523809523809, 0.7608465608465609, 0.6039855072463769, 0.6799734748010611, 0.7348484848484849, 0.7527201417004049, 0.7325498575498575, 0.691486674245295]","[0.7600931677018634, 0.8145780051150895, 0.7591285526068134, 0.8205286561264822, 0.6764405185457817, 0.7111688311688311, 0.7623569023569023, 0.8070007262164125, 0.7902777777777777, 0.7262818662818663]","[0.717391304347826, 0.782608695652174, 0.7608695652173914, 0.782608695652174, 0.6666666666666666, 0.7111111111111111, 0.7555555555555555, 0.7777777777777778, 0.7555555555555555, 0.7111111111111111]","[0.7063226628444019, 0.7787482746721877, 0.7498136645962733, 0.7662755923625488, 0.6228019323671498, 0.6939817270851754, 0.7462241462241462, 0.7644905533063429, 0.7444761000316557, 0.7033416136864413]","[array([[12,  0,  0,  0],
       [ 4,  4,  0,  1],
       [ 0,  0,  8,  2],
       [ 0,  0,  6,  9]]), array([[11,  0,  0,  1],
       [ 4,  5,  0,  0],
       [ 0,  0,  7,  3],
       [ 1,  0,  1, 13]]), array([[ 9,  2,  0,  0],
       [ 5,  4,  0,  1],
       [ 0,  0,  9,  1],
       [ 0,  0,  2, 13]]), array([[11,  0,  0,  0],
       [ 4,  4,  0,  2],
       [ 0,  0,  9,  1],
       [ 1,  0,  2, 12]]), array([[10,  1,  0,  0],
       [ 9,  1,  0,  0],
       [ 0,  0,  9,  1],
       [ 0,  0,  4, 10]]), array([[ 9,  2,  0,  0],
       [ 6,  3,  0,  1],
       [ 0,  0,  8,  1],
       [ 0,  0,  3, 12]]), array([[ 9,  1,  1,  0],
       [ 2,  4,  0,  3],
       [ 0,  0,  8,  2],
       [ 0,  0,  2, 13]]), array([[11,  0,  0,  0],
       [ 4,  4,  0,  1],
       [ 0,  0,  7,  3],
       [ 0,  0,  2, 13]]), array([[11,  0,  0,  0],
       [ 5,  4,  0,  0],
       [ 0,  0,  7,  3],
       [ 0,  0,  3, 12]]), array([[10,  1,  0,  0],
       [ 4,  4,  0,  1],
       [ 1,  0,  7,  2],
       [ 0,  0,  4, 11]])]"
7,"[0.7892156862745098, 0.7990196078431373, 0.7941176470588235, 0.7892156862745098, 0.80440097799511, 0.7921760391198044, 0.7946210268948656, 0.8019559902200489, 0.7946210268948656, 0.7970660146699267]","[0.7892156862745098, 0.7990196078431373, 0.7941176470588235, 0.7892156862745098, 0.80440097799511, 0.7921760391198044, 0.7946210268948656, 0.8019559902200489, 0.7946210268948656, 0.7970660146699267]","[0.7892156862745098, 0.7990196078431373, 0.7941176470588235, 0.7892156862745098, 0.80440097799511, 0.7921760391198044, 0.7946210268948656, 0.8019559902200489, 0.7946210268948656, 0.7970660146699267]","[0.7892156862745098, 0.7990196078431373, 0.7941176470588235, 0.7892156862745098, 0.80440097799511, 0.7921760391198044, 0.7946210268948656, 0.8019559902200489, 0.7946210268948656, 0.7970660146699267]","[0.8007435783171077, 0.8138651980930462, 0.8175785634118966, 0.8014777070861409, 0.8136363636363637, 0.817625458996328, 0.8128411249631323, 0.816443018648901, 0.8089240019240018, 0.8098213562753037]","[0.7727678774008345, 0.7769594361306488, 0.7720641573452762, 0.7700028446281537, 0.7867889016028409, 0.7722571430917079, 0.7767962740725641, 0.7836703473594837, 0.7720747731765807, 0.7760914544759663]","[0.7730433928505316, 0.7796263227513228, 0.7740449952601793, 0.7729682994959314, 0.7904322343148416, 0.7766203745104001, 0.7787598839365014, 0.7857946811501101, 0.7745266946760213, 0.7793401003551907]","[0.7991707706781236, 0.8096411003987325, 0.8116146486653023, 0.7983076446669642, 0.8101669652079547, 0.8094476931226116, 0.8087630205153965, 0.8123694774061522, 0.8049533782345518, 0.8062743484157072]","[0.7892156862745098, 0.7990196078431373, 0.7941176470588235, 0.7892156862745098, 0.80440097799511, 0.7921760391198044, 0.7946210268948656, 0.8019559902200489, 0.7946210268948656, 0.7970660146699267]","[0.7822626233486231, 0.7902742115364664, 0.784792403133301, 0.7825916104501217, 0.7987205263681924, 0.7847988428757443, 0.7876317205513335, 0.7946525600522116, 0.7856363262402339, 0.7895624886712035]","[array([[ 91,   7,   1,   1],
       [ 32,  44,   0,   9],
       [  1,   0,  71,  17],
       [  2,   0,  16, 116]]), array([[ 92,   7,   1,   0],
       [ 31,  43,   0,  11],
       [  1,   0,  68,  20],
       [  1,   0,  10, 123]]), array([[ 95,   4,   1,   1],
       [ 34,  41,   0,   9],
       [  1,   0,  68,  20],
       [  2,   0,  12, 120]]), array([[ 92,   7,   1,   1],
       [ 31,  45,   0,   8],
       [  1,   0,  67,  21],
       [  1,   0,  15, 118]]), array([[ 91,   8,   1,   1],
       [ 26,  47,   0,  11],
       [  0,   0,  71,  18],
       [  2,   0,  13, 120]]), array([[ 96,   3,   1,   1],
       [ 30,  45,   0,   9],
       [  1,   0,  65,  24],
       [  2,   0,  14, 118]]), array([[ 95,   5,   0,   1],
       [ 33,  45,   0,   7],
       [  1,   0,  68,  20],
       [  2,   0,  15, 117]]), array([[ 94,   5,   1,   1],
       [ 31,  45,   0,   9],
       [  0,   0,  70,  19],
       [  1,   1,  13, 119]]), array([[ 91,   7,   2,   1],
       [ 33,  42,   0,  10],
       [  0,   0,  69,  20],
       [  1,   0,  10, 123]]), array([[ 91,   8,   1,   1],
       [ 32,  44,   0,   9],
       [  0,   0,  69,  20],
       [  2,   0,  10, 122]])]","[0.7608695652173914, 0.782608695652174, 0.717391304347826, 0.782608695652174, 0.6888888888888889, 0.7111111111111111, 0.7111111111111111, 0.7777777777777778, 0.7777777777777778, 0.7333333333333333]","[0.7608695652173914, 0.782608695652174, 0.717391304347826, 0.782608695652174, 0.6888888888888889, 0.7111111111111111, 0.7111111111111111, 0.7777777777777778, 0.7777777777777778, 0.7333333333333333]","[0.7608695652173914, 0.782608695652174, 0.717391304347826, 0.782608695652174, 0.6888888888888889, 0.7111111111111111, 0.7111111111111111, 0.7777777777777778, 0.7777777777777778, 0.7333333333333333]","[0.7608695652173914, 0.782608695652174, 0.717391304347826, 0.782608695652174, 0.6888888888888889, 0.7111111111111111, 0.7111111111111111, 0.7777777777777778, 0.7777777777777778, 0.7333333333333333]","[0.8, 0.8326388888888889, 0.7130018674136321, 0.8352736928104575, 0.6732456140350876, 0.7058150183150182, 0.7337121212121211, 0.818954248366013, 0.7956349206349206, 0.7773944805194805]","[0.7361111111111112, 0.7597222222222223, 0.6962121212121213, 0.7666666666666667, 0.6737012987012987, 0.6962121212121213, 0.6823232323232323, 0.7527777777777778, 0.7494949494949494, 0.7194444444444444]","[0.7366802552286424, 0.7736892736892738, 0.6923355263157894, 0.7602121623503202, 0.6244172494172494, 0.6947738772928527, 0.6910116199589884, 0.7527201417004049, 0.755258467023173, 0.7138716966303174]","[0.7880434782608695, 0.8126811594202898, 0.7170969837210245, 0.8243908070474566, 0.6916179337231969, 0.7112942612942613, 0.7248148148148148, 0.8070007262164125, 0.791005291005291, 0.7713744588744589]","[0.7608695652173914, 0.782608695652174, 0.717391304347826, 0.782608695652174, 0.6888888888888889, 0.7111111111111111, 0.7111111111111111, 0.7777777777777778, 0.7777777777777778, 0.7333333333333333]","[0.7486321532604842, 0.7783110609197565, 0.7059982837528603, 0.7670826371484266, 0.645066045066045, 0.705450137044065, 0.7022556390977444, 0.7644905533063429, 0.768579916815211, 0.7232755891759723]","[array([[12,  0,  0,  0],
       [ 4,  4,  0,  1],
       [ 0,  0,  7,  3],
       [ 0,  0,  3, 12]]), array([[11,  0,  0,  1],
       [ 3,  5,  0,  1],
       [ 0,  0,  7,  3],
       [ 1,  0,  1, 13]]), array([[ 9,  2,  0,  0],
       [ 5,  4,  0,  1],
       [ 0,  0,  7,  3],
       [ 0,  0,  2, 13]]), array([[11,  0,  0,  0],
       [ 4,  4,  0,  2],
       [ 0,  0,  8,  2],
       [ 1,  0,  1, 13]]), array([[10,  1,  0,  0],
       [ 9,  1,  0,  0],
       [ 0,  0,  9,  1],
       [ 0,  0,  3, 11]]), array([[ 9,  2,  0,  0],
       [ 4,  5,  0,  1],
       [ 0,  0,  6,  3],
       [ 0,  0,  3, 12]]), array([[ 9,  1,  1,  0],
       [ 2,  4,  0,  3],
       [ 0,  0,  6,  4],
       [ 0,  0,  2, 13]]), array([[11,  0,  0,  0],
       [ 4,  4,  0,  1],
       [ 0,  0,  7,  3],
       [ 0,  0,  2, 13]]), array([[10,  1,  0,  0],
       [ 4,  5,  0,  0],
       [ 0,  0,  6,  4],
       [ 0,  0,  1, 14]]), array([[11,  0,  0,  0],
       [ 4,  4,  0,  1],
       [ 1,  0,  7,  2],
       [ 0,  0,  4, 11]])]"
8,"[0.7818627450980392, 0.7818627450980392, 0.7843137254901961, 0.7965686274509803, 0.7921760391198044, 0.7897310513447433, 0.7897310513447433, 0.7897310513447433, 0.7872860635696821, 0.7775061124694377]","[0.7818627450980392, 0.7818627450980392, 0.7843137254901961, 0.7965686274509803, 0.7921760391198044, 0.7897310513447433, 0.7897310513447433, 0.7897310513447433, 0.7872860635696821, 0.7775061124694377]","[0.7818627450980392, 0.7818627450980392, 0.7843137254901961, 0.7965686274509803, 0.7921760391198044, 0.7897310513447433, 0.7897310513447433, 0.7897310513447433, 0.7872860635696821, 0.7775061124694377]","[0.7818627450980392, 0.7818627450980392, 0.7843137254901961, 0.7965686274509803, 0.7921760391198044, 0.7897310513447433, 0.7897310513447433, 0.7897310513447433, 0.7872860635696821, 0.7775061124694377]","[0.7984692364585296, 0.8002575204615454, 0.8060499719258843, 0.814534108808918, 0.8047833372301458, 0.8126867755900014, 0.8064603626109437, 0.8058871901695595, 0.8014708150204334, 0.7927388788253303]","[0.7673210533584556, 0.7614131260419646, 0.7637654622173843, 0.7824196830873524, 0.7745674092556393, 0.7726366693172515, 0.7763094484518245, 0.77186378219951, 0.7682436640197545, 0.7594410972107065]","[0.7603476633393829, 0.7563906893993386, 0.7591977321499198, 0.7780141704331578, 0.7710208561295104, 0.7715016599370663, 0.7714947735919668, 0.7669124819660306, 0.7655329847479705, 0.7531849512180551]","[0.800209107778083, 0.7981823531196244, 0.8040702749376001, 0.8148610249867546, 0.8040793051821508, 0.8086101912389473, 0.8071121934841137, 0.8058142307568794, 0.799985841731675, 0.7932459835223469]","[0.7818627450980392, 0.7818627450980392, 0.7843137254901961, 0.7965686274509803, 0.7921760391198044, 0.7897310513447433, 0.7897310513447433, 0.7897310513447433, 0.7872860635696821, 0.7775061124694377]","[0.7716490571954734, 0.768884009362215, 0.7721891876292031, 0.7881766561108018, 0.7822243994077325, 0.7811245558557954, 0.7811918160429016, 0.7788915844976647, 0.7769312289942858, 0.7656323379339067]","[array([[ 91,   5,   3,   1],
       [ 38,  38,   0,   9],
       [  1,   0,  78,  10],
       [  2,   0,  20, 112]]), array([[ 94,   5,   1,   0],
       [ 38,  36,   0,  11],
       [  1,   0,  72,  16],
       [  1,   0,  16, 117]]), array([[ 95,   4,   1,   1],
       [ 40,  36,   0,   8],
       [  1,   0,  73,  15],
       [  1,   0,  17, 116]]), array([[ 95,   4,   1,   1],
       [ 36,  41,   0,   7],
       [  1,   0,  77,  11],
       [  1,   0,  21, 112]]), array([[ 93,   6,   1,   1],
       [ 34,  39,   0,  11],
       [  1,   0,  76,  12],
       [  2,   0,  17, 116]]), array([[ 95,   3,   2,   1],
       [ 34,  41,   0,   9],
       [  1,   0,  73,  16],
       [  2,   0,  18, 114]]), array([[ 95,   5,   0,   1],
       [ 37,  41,   0,   7],
       [  1,   0,  76,  12],
       [  2,   0,  21, 111]]), array([[ 93,   5,   2,   1],
       [ 38,  38,   0,   9],
       [  1,   0,  76,  12],
       [  1,   0,  17, 116]]), array([[ 93,   6,   1,   1],
       [ 36,  39,   0,  10],
       [  1,   0,  73,  15],
       [  1,   0,  16, 117]]), array([[ 93,   6,   1,   1],
       [ 41,  36,   0,   8],
       [  0,   0,  75,  14],
       [  2,   0,  18, 114]])]","[0.717391304347826, 0.782608695652174, 0.6956521739130435, 0.782608695652174, 0.6888888888888889, 0.7111111111111111, 0.7333333333333333, 0.7555555555555555, 0.8, 0.7333333333333333]","[0.717391304347826, 0.782608695652174, 0.6956521739130435, 0.782608695652174, 0.6888888888888889, 0.7111111111111111, 0.7333333333333333, 0.7555555555555555, 0.8, 0.7333333333333333]","[0.717391304347826, 0.782608695652174, 0.6956521739130435, 0.782608695652174, 0.6888888888888889, 0.7111111111111111, 0.7333333333333333, 0.7555555555555555, 0.8, 0.7333333333333333]","[0.717391304347826, 0.782608695652174, 0.6956521739130435, 0.782608695652174, 0.6888888888888889, 0.7111111111111111, 0.7333333333333333, 0.7555555555555555, 0.8, 0.7333333333333333]","[0.761904761904762, 0.8371119281045751, 0.6818181818181819, 0.8236607142857143, 0.6851503759398496, 0.6961038961038961, 0.7505980861244019, 0.7958333333333334, 0.8465073529411764, 0.7840544871794872]","[0.7027777777777777, 0.7569444444444445, 0.6795454545454546, 0.7749999999999999, 0.6808441558441558, 0.7017676767676768, 0.7073232323232324, 0.7361111111111112, 0.7694444444444444, 0.7277777777777777]","[0.6996365703262255, 0.7637050614042593, 0.6635531135531136, 0.758002852830439, 0.625, 0.6799734748010611, 0.7135790679908327, 0.7339330024813897, 0.770744301994302, 0.7166480862133036]","[0.7510351966873706, 0.8226324950269962, 0.6928853754940711, 0.8243400621118012, 0.7096073517126149, 0.7111688311688311, 0.743625730994152, 0.7848148148148147, 0.8370098039215687, 0.7825854700854701]","[0.717391304347826, 0.782608695652174, 0.6956521739130435, 0.782608695652174, 0.6888888888888889, 0.7111111111111111, 0.7333333333333333, 0.7555555555555555, 0.8, 0.7333333333333333]","[0.7072312994351975, 0.7748610349389756, 0.6790093964007007, 0.7668013035329377, 0.6444444444444445, 0.6939817270851754, 0.7247432306255834, 0.7435346015991178, 0.7867600506489396, 0.7237568300370233]","[array([[12,  0,  0,  0],
       [ 4,  4,  0,  1],
       [ 0,  0,  7,  3],
       [ 0,  0,  5, 10]]), array([[11,  0,  0,  1],
       [ 5,  4,  0,  0],
       [ 0,  0,  8,  2],
       [ 1,  0,  1, 13]]), array([[ 9,  2,  0,  0],
       [ 6,  3,  0,  1],
       [ 0,  0,  8,  2],
       [ 0,  0,  3, 12]]), array([[11,  0,  0,  0],
       [ 4,  4,  1,  1],
       [ 0,  0,  9,  1],
       [ 1,  0,  2, 12]]), array([[10,  1,  0,  0],
       [ 9,  1,  0,  0],
       [ 0,  0, 10,  0],
       [ 0,  0,  4, 10]]), array([[ 9,  2,  0,  0],
       [ 6,  3,  0,  1],
       [ 0,  0,  8,  1],
       [ 0,  0,  3, 12]]), array([[ 9,  1,  1,  0],
       [ 2,  4,  0,  3],
       [ 0,  0,  7,  3],
       [ 0,  0,  2, 13]]), array([[11,  0,  0,  0],
       [ 4,  4,  0,  1],
       [ 0,  0,  7,  3],
       [ 0,  0,  3, 12]]), array([[11,  0,  0,  0],
       [ 5,  4,  0,  0],
       [ 0,  0,  7,  3],
       [ 0,  0,  1, 14]]), array([[11,  0,  0,  0],
       [ 4,  4,  0,  1],
       [ 1,  0,  8,  1],
       [ 0,  0,  5, 10]])]"
9,"[0.8112745098039216, 0.7990196078431373, 0.7867647058823529, 0.8063725490196079, 0.7872860635696821, 0.7995110024449877, 0.7995110024449877, 0.7897310513447433, 0.8019559902200489, 0.8092909535452323]","[0.8112745098039216, 0.7990196078431373, 0.7867647058823529, 0.8063725490196079, 0.7872860635696821, 0.7995110024449877, 0.7995110024449877, 0.7897310513447433, 0.8019559902200489, 0.8092909535452323]","[0.8112745098039216, 0.7990196078431373, 0.7867647058823529, 0.8063725490196079, 0.7872860635696821, 0.7995110024449877, 0.7995110024449877, 0.7897310513447433, 0.8019559902200489, 0.8092909535452323]","[0.8112745098039216, 0.7990196078431373, 0.7867647058823529, 0.8063725490196079, 0.7872860635696821, 0.7995110024449877, 0.7995110024449877, 0.7897310513447433, 0.8019559902200489, 0.8092909535452323]","[0.8245499428498858, 0.8237704955980992, 0.8066472656024896, 0.8214083411142235, 0.8033344143716685, 0.822216715821367, 0.8090083926290823, 0.8047287975431137, 0.820175296521479, 0.8242200491229525]","[0.7947776484398892, 0.7759002821319706, 0.7633021254438518, 0.7855587562481603, 0.7656224892152136, 0.7784735563108549, 0.781661028780567, 0.770292886017844, 0.7788909398678767, 0.7874500938665548]","[0.7929890533545076, 0.7785930705376096, 0.761903493000529, 0.7892423905095947, 0.7678443201886088, 0.7800479971125691, 0.7836845851792913, 0.7732554835934241, 0.781732120092619, 0.7895413284454919]","[0.8239582114172398, 0.8166462425109007, 0.8031030921175786, 0.8173204597743237, 0.7992349459829889, 0.8169001342538614, 0.8075611726484334, 0.8006993646959476, 0.8148406042455983, 0.8206679153179647]","[0.8112745098039216, 0.7990196078431373, 0.7867647058823529, 0.8063725490196079, 0.7872860635696821, 0.7995110024449877, 0.7995110024449877, 0.7897310513447433, 0.8019559902200489, 0.8092909535452323]","[0.8032390383067118, 0.7890031837325843, 0.7749975684120243, 0.7993419819559094, 0.7787747757886426, 0.7907206106958341, 0.7932963308809995, 0.7826725487672082, 0.7926056469504317, 0.8006281593362915]","[array([[ 92,   5,   2,   1],
       [ 33,  43,   0,   9],
       [  1,   0,  77,  11],
       [  1,   0,  14, 119]]), array([[ 95,   4,   1,   0],
       [ 32,  42,   0,  11],
       [  1,   0,  66,  22],
       [  1,   0,  10, 123]]), array([[ 94,   5,   1,   1],
       [ 38,  37,   0,   9],
       [  1,   0,  70,  18],
       [  1,   0,  13, 120]]), array([[ 93,   6,   1,   1],
       [ 31,  45,   0,   8],
       [  1,   0,  69,  19],
       [  1,   0,  11, 122]]), array([[ 93,   6,   1,   1],
       [ 32,  42,   1,   9],
       [  1,   0,  67,  21],
       [  2,   0,  13, 120]]), array([[ 95,   3,   2,   1],
       [ 33,  42,   1,   8],
       [  1,   0,  70,  19],
       [  1,   0,  13, 120]]), array([[ 92,   8,   0,   1],
       [ 32,  46,   0,   7],
       [  1,   0,  70,  18],
       [  1,   0,  14, 119]]), array([[ 92,   6,   2,   1],
       [ 31,  45,   0,   9],
       [  1,   0,  67,  21],
       [  1,   0,  14, 119]]), array([[ 93,   6,   1,   1],
       [ 33,  42,   0,  10],
       [  0,   0,  69,  20],
       [  1,   0,   9, 124]]), array([[ 93,   6,   1,   1],
       [ 33,  43,   1,   8],
       [  0,   0,  71,  18],
       [  1,   0,   9, 124]])]","[0.7391304347826086, 0.782608695652174, 0.717391304347826, 0.782608695652174, 0.7555555555555555, 0.7555555555555555, 0.6888888888888889, 0.8, 0.7777777777777778, 0.7777777777777778]","[0.7391304347826086, 0.782608695652174, 0.717391304347826, 0.782608695652174, 0.7555555555555555, 0.7555555555555555, 0.6888888888888889, 0.8, 0.7777777777777778, 0.7777777777777778]","[0.7391304347826086, 0.782608695652174, 0.717391304347826, 0.782608695652174, 0.7555555555555555, 0.7555555555555555, 0.6888888888888889, 0.8, 0.7777777777777778, 0.7777777777777778]","[0.7391304347826086, 0.782608695652174, 0.717391304347826, 0.782608695652174, 0.7555555555555555, 0.7555555555555555, 0.6888888888888889, 0.8, 0.7777777777777778, 0.7777777777777778]","[0.7799242424242424, 0.8343545751633987, 0.7214129072681704, 0.825, 0.763888888888889, 0.7536764705882353, 0.713474025974026, 0.8376050420168066, 0.7762807045895281, 0.8179788961038962]","[0.7194444444444444, 0.7527777777777778, 0.6901515151515152, 0.7666666666666667, 0.7415584415584416, 0.7378787878787879, 0.6545454545454545, 0.7777777777777778, 0.7517676767676769, 0.7611111111111111]","[0.7181318681318681, 0.7616938982070561, 0.6951548735436204, 0.7562382659156852, 0.7073788280684832, 0.7419144288150042, 0.6583803623277308, 0.7769711538461539, 0.7569444444444444, 0.7549225997501859]","[0.7687747035573121, 0.8204745666382496, 0.7218998583415059, 0.8206521739130435, 0.780246913580247, 0.7549019607843137, 0.7044973544973544, 0.8247432306255834, 0.7810421604539252, 0.8153860028860028]","[0.7391304347826086, 0.782608695652174, 0.717391304347826, 0.782608695652174, 0.7555555555555555, 0.7555555555555555, 0.6888888888888889, 0.8, 0.7777777777777778, 0.7777777777777778]","[0.7280617932791845, 0.7751291900319359, 0.7091194385756824, 0.7664759530117174, 0.7261581330546847, 0.7514622998958038, 0.6733993102414156, 0.7867991452991453, 0.7728395061728395, 0.7674281160871198]","[array([[12,  0,  0,  0],
       [ 4,  4,  0,  1],
       [ 0,  0,  7,  3],
       [ 0,  0,  4, 11]]), array([[10,  0,  1,  1],
       [ 5,  4,  0,  0],
       [ 0,  0,  8,  2],
       [ 1,  0,  0, 14]]), array([[ 8,  3,  0,  0],
       [ 4,  5,  0,  1],
       [ 0,  0,  6,  4],
       [ 0,  0,  1, 14]]), array([[11,  0,  0,  0],
       [ 4,  4,  1,  1],
       [ 0,  0,  8,  2],
       [ 1,  0,  1, 13]]), array([[10,  1,  0,  0],
       [ 8,  2,  0,  0],
       [ 0,  0, 10,  0],
       [ 0,  0,  2, 12]]), array([[ 9,  2,  0,  0],
       [ 3,  6,  0,  1],
       [ 0,  0,  6,  3],
       [ 0,  0,  2, 13]]), array([[ 9,  1,  1,  0],
       [ 2,  3,  0,  4],
       [ 0,  0,  6,  4],
       [ 0,  0,  2, 13]]), array([[11,  0,  0,  0],
       [ 3,  4,  0,  2],
       [ 0,  0,  8,  2],
       [ 0,  0,  2, 13]]), array([[ 9,  2,  0,  0],
       [ 4,  5,  0,  0],
       [ 0,  0,  7,  3],
       [ 0,  0,  1, 14]]), array([[11,  0,  0,  0],
       [ 4,  4,  0,  1],
       [ 1,  0,  8,  1],
       [ 0,  0,  3, 12]])]"
10,"[0.7965686274509803, 0.7941176470588235, 0.7941176470588235, 0.8014705882352942, 0.7872860635696821, 0.7799511002444988, 0.7995110024449877, 0.7897310513447433, 0.8019559902200489, 0.7921760391198044]","[0.7965686274509803, 0.7941176470588235, 0.7941176470588235, 0.8014705882352942, 0.7872860635696821, 0.7799511002444988, 0.7995110024449877, 0.7897310513447433, 0.8019559902200489, 0.7921760391198044]","[0.7965686274509803, 0.7941176470588235, 0.7941176470588235, 0.8014705882352942, 0.7872860635696821, 0.7799511002444988, 0.7995110024449877, 0.7897310513447433, 0.8019559902200489, 0.7921760391198044]","[0.7965686274509803, 0.7941176470588235, 0.7941176470588235, 0.8014705882352942, 0.7872860635696821, 0.7799511002444988, 0.7995110024449877, 0.7897310513447433, 0.8019559902200489, 0.7921760391198044]","[0.8146662639685895, 0.824258966887169, 0.8213177991696843, 0.8196143012261654, 0.8068352784962374, 0.804653210792281, 0.8140516052014144, 0.8134249871956458, 0.819406213154098, 0.8112054276678327]","[0.7818025618766709, 0.7738521618608872, 0.7757788570536698, 0.7829866715798817, 0.7676592157610624, 0.7623577069860503, 0.786866461798837, 0.7713284874274683, 0.7809905868757161, 0.7750807933137672]","[0.7752526395448833, 0.7710799031476998, 0.772921519397217, 0.7791883985567126, 0.7676427419279472, 0.7556591230627632, 0.7827199039407093, 0.768237516133709, 0.7792787614247018, 0.7704528791717727]","[0.8154772342340741, 0.8182638320118257, 0.8172109762259361, 0.8190831547462216, 0.8027140539290119, 0.8039536996381037, 0.8149845579400535, 0.8102536650603327, 0.8161727645154907, 0.8103726420227594]","[0.7965686274509803, 0.7941176470588235, 0.7941176470588235, 0.8014705882352942, 0.7872860635696821, 0.7799511002444988, 0.7995110024449877, 0.7897310513447433, 0.8019559902200489, 0.7921760391198044]","[0.7862705183513594, 0.7819690927218346, 0.7837620922245679, 0.7913686763846017, 0.7781875336061117, 0.7682651820625626, 0.7918947755791138, 0.7792215815487173, 0.790912520160494, 0.7817548522336057]","[array([[ 93,   4,   2,   1],
       [ 37,  39,   0,   9],
       [  1,   0,  79,   9],
       [  1,   0,  19, 114]]), array([[ 97,   2,   1,   0],
       [ 36,  38,   0,  11],
       [  1,   0,  71,  17],
       [  2,   0,  14, 118]]), array([[ 97,   2,   1,   1],
       [ 37,  39,   0,   8],
       [  1,   0,  73,  15],
       [  1,   0,  18, 115]]), array([[ 95,   4,   1,   1],
       [ 38,  39,   0,   7],
       [  1,   0,  76,  12],
       [  0,   0,  17, 117]]), array([[ 95,   4,   1,   1],
       [ 33,  41,   1,   9],
       [  1,   0,  69,  19],
       [  1,   0,  17, 117]]), array([[ 95,   3,   2,   1],
       [ 40,  36,   1,   7],
       [  1,   0,  76,  13],
       [  1,   0,  21, 112]]), array([[ 95,   5,   0,   1],
       [ 35,  43,   0,   7],
       [  1,   0,  77,  11],
       [  1,   0,  21, 112]]), array([[ 95,   3,   2,   1],
       [ 37,  39,   0,   9],
       [  1,   0,  73,  15],
       [  1,   0,  17, 116]]), array([[ 94,   5,   1,   1],
       [ 36,  39,   0,  10],
       [  0,   0,  74,  15],
       [  1,   0,  12, 121]]), array([[ 95,   4,   1,   1],
       [ 38,  39,   1,   7],
       [  0,   0,  75,  14],
       [  1,   0,  18, 115]])]","[0.7608695652173914, 0.782608695652174, 0.6956521739130435, 0.8043478260869565, 0.7555555555555555, 0.7555555555555555, 0.6888888888888889, 0.8, 0.7333333333333333, 0.7777777777777778]","[0.7608695652173914, 0.782608695652174, 0.6956521739130435, 0.8043478260869565, 0.7555555555555555, 0.7555555555555555, 0.6888888888888889, 0.8, 0.7333333333333333, 0.7777777777777778]","[0.7608695652173914, 0.782608695652174, 0.6956521739130435, 0.8043478260869565, 0.7555555555555555, 0.7555555555555555, 0.6888888888888889, 0.8, 0.7333333333333333, 0.7777777777777778]","[0.7608695652173914, 0.782608695652174, 0.6956521739130435, 0.8043478260869565, 0.7555555555555555, 0.7555555555555555, 0.6888888888888889, 0.8, 0.7333333333333333, 0.7777777777777778]","[0.800595238095238, 0.8225490196078431, 0.6709821428571429, 0.8534313725490196, 0.8313492063492064, 0.7477522477522477, 0.713474025974026, 0.8339285714285714, 0.7249503968253969, 0.8241185897435898]","[0.7444444444444445, 0.7527777777777778, 0.6734848484848486, 0.7916666666666666, 0.7535714285714286, 0.7517676767676769, 0.6545454545454545, 0.7861111111111112, 0.7073232323232324, 0.7694444444444445]","[0.7396052223638432, 0.757781339031339, 0.6634274193548387, 0.780952380952381, 0.7217064544650752, 0.7414553752535498, 0.6583803623277308, 0.7783916083916085, 0.7072212790039616, 0.7569057351666048]","[0.7924430641821946, 0.8120204603580562, 0.6842003105590062, 0.850383631713555, 0.8414462081128748, 0.7591297591297591, 0.7044973544973544, 0.8253968253968254, 0.7341490299823634, 0.8274572649572649]","[0.7608695652173914, 0.782608695652174, 0.6956521739130435, 0.8043478260869565, 0.7555555555555555, 0.7555555555555555, 0.6888888888888889, 0.8, 0.7333333333333333, 0.7777777777777778]","[0.7494829009071888, 0.7728771832032701, 0.6819705469845723, 0.7903726708074533, 0.7324491600353671, 0.7499143565472165, 0.6733993102414156, 0.7866728826728827, 0.7259792491982645, 0.767771859559299]","[array([[12,  0,  0,  0],
       [ 4,  4,  0,  1],
       [ 0,  0,  8,  2],
       [ 0,  0,  4, 11]]), array([[10,  0,  1,  1],
       [ 5,  4,  0,  0],
       [ 0,  0,  8,  2],
       [ 0,  0,  1, 14]]), array([[ 8,  3,  0,  0],
       [ 6,  3,  0,  1],
       [ 0,  0,  8,  2],
       [ 0,  0,  2, 13]]), array([[11,  0,  0,  0],
       [ 5,  4,  0,  1],
       [ 0,  0,  9,  1],
       [ 1,  0,  1, 13]]), array([[11,  0,  0,  0],
       [ 7,  3,  0,  0],
       [ 0,  0, 10,  0],
       [ 0,  0,  4, 10]]), array([[ 9,  2,  0,  0],
       [ 4,  5,  0,  1],
       [ 0,  0,  8,  1],
       [ 0,  0,  3, 12]]), array([[ 9,  1,  1,  0],
       [ 2,  3,  0,  4],
       [ 0,  0,  6,  4],
       [ 0,  0,  2, 13]]), array([[11,  0,  0,  0],
       [ 3,  4,  0,  2],
       [ 0,  0,  9,  1],
       [ 0,  0,  3, 12]]), array([[ 9,  2,  0,  0],
       [ 5,  4,  0,  0],
       [ 0,  0,  7,  3],
       [ 0,  0,  2, 13]]), array([[11,  0,  0,  0],
       [ 4,  4,  0,  1],
       [ 1,  0,  9,  0],
       [ 0,  0,  4, 11]])]"
11,"[0.8014705882352942, 0.7990196078431373, 0.7818627450980392, 0.8063725490196079, 0.7921760391198044, 0.7970660146699267, 0.7946210268948656, 0.7872860635696821, 0.80440097799511, 0.784841075794621]","[0.8014705882352942, 0.7990196078431373, 0.7818627450980392, 0.8063725490196079, 0.7921760391198044, 0.7970660146699267, 0.7946210268948656, 0.7872860635696821, 0.80440097799511, 0.784841075794621]","[0.8014705882352942, 0.7990196078431373, 0.7818627450980392, 0.8063725490196079, 0.7921760391198044, 0.7970660146699267, 0.7946210268948656, 0.7872860635696821, 0.80440097799511, 0.784841075794621]","[0.8014705882352942, 0.7990196078431373, 0.7818627450980392, 0.8063725490196079, 0.7921760391198044, 0.7970660146699267, 0.7946210268948656, 0.7872860635696821, 0.80440097799511, 0.784841075794621]","[0.8196481376060469, 0.8318609251445072, 0.8085203710618895, 0.8221579256702682, 0.8070778405779716, 0.8217576668919389, 0.8076521522748911, 0.810156814047002, 0.8201066378871467, 0.8012657632222848]","[0.7839116463288317, 0.7759612463130481, 0.7600138185160841, 0.7858339287068306, 0.7707842727825485, 0.775100540437839, 0.778010510553773, 0.7652121591202437, 0.7819014821646709, 0.7636802287177451]","[0.7815939957232294, 0.7771496301763523, 0.7588625158487664, 0.7874444421602269, 0.773510187287626, 0.7745651091305618, 0.7759075820169137, 0.765825700980599, 0.783276402255053, 0.7634083087357466]","[0.8178409259329024, 0.8233946146040089, 0.8032630829104898, 0.8187803215649005, 0.8033124402394615, 0.8171741382249385, 0.8082662627027594, 0.8047719769957049, 0.8158950962906979, 0.798668625233949]","[0.8014705882352942, 0.7990196078431373, 0.7818627450980392, 0.8063725490196079, 0.7921760391198044, 0.7970660146699267, 0.7946210268948656, 0.7872860635696821, 0.80440097799511, 0.784841075794621]","[0.7922505381041363, 0.7877211799585037, 0.7706953859966801, 0.798231917731179, 0.7843190541256744, 0.7866431694578944, 0.7867974762592442, 0.7769491544430176, 0.7945560889639345, 0.7751195304731354]","[array([[ 93,   4,   2,   1],
       [ 35,  41,   0,   9],
       [  1,   0,  75,  13],
       [  1,   0,  15, 118]]), array([[ 97,   2,   1,   0],
       [ 34,  40,   0,  11],
       [  1,   0,  67,  21],
       [  2,   0,  10, 122]]), array([[ 96,   3,   1,   1],
       [ 38,  38,   0,   8],
       [  1,   0,  68,  20],
       [  1,   0,  16, 117]]), array([[ 94,   5,   1,   1],
       [ 33,  43,   0,   8],
       [  1,   0,  71,  17],
       [  0,   0,  13, 121]]), array([[ 92,   6,   2,   1],
       [ 32,  43,   0,   9],
       [  1,   0,  68,  20],
       [  1,   0,  13, 121]]), array([[ 95,   3,   2,   1],
       [ 37,  39,   0,   8],
       [  1,   0,  72,  17],
       [  1,   0,  13, 120]]), array([[ 93,   6,   1,   1],
       [ 37,  42,   0,   6],
       [  1,   0,  74,  14],
       [  1,   0,  17, 116]]), array([[ 94,   4,   2,   1],
       [ 35,  40,   0,  10],
       [  1,   0,  68,  20],
       [  1,   0,  13, 120]]), array([[ 92,   6,   2,   1],
       [ 33,  41,   0,  11],
       [  0,   0,  72,  17],
       [  1,   0,   9, 124]]), array([[ 93,   6,   1,   1],
       [ 38,  40,   0,   7],
       [  0,   0,  69,  20],
       [  1,   0,  14, 119]])]","[0.717391304347826, 0.8478260869565217, 0.6739130434782609, 0.782608695652174, 0.7333333333333333, 0.7777777777777778, 0.6888888888888889, 0.7555555555555555, 0.7333333333333333, 0.7777777777777778]","[0.717391304347826, 0.8478260869565217, 0.6739130434782609, 0.782608695652174, 0.7333333333333333, 0.7777777777777778, 0.6888888888888889, 0.7555555555555555, 0.7333333333333333, 0.7777777777777778]","[0.717391304347826, 0.8478260869565217, 0.6739130434782609, 0.782608695652174, 0.7333333333333333, 0.7777777777777778, 0.6888888888888889, 0.7555555555555555, 0.7333333333333333, 0.7777777777777778]","[0.717391304347826, 0.8478260869565217, 0.6739130434782609, 0.782608695652174, 0.7333333333333333, 0.7777777777777778, 0.6888888888888889, 0.7555555555555555, 0.7333333333333333, 0.7777777777777778]","[0.761904761904762, 0.8728632478632479, 0.6534780578898226, 0.8318014705882353, 0.7512254901960784, 0.7683150183150184, 0.713474025974026, 0.8036931818181818, 0.7249503968253969, 0.8179788961038962]","[0.7027777777777777, 0.825, 0.6484848484848484, 0.7666666666666667, 0.7237012987012986, 0.7684343434343435, 0.6545454545454545, 0.7333333333333334, 0.7073232323232324, 0.7611111111111111]","[0.6996365703262255, 0.837799043062201, 0.6410855263157895, 0.7679398148148148, 0.7017982017982018, 0.7617518059855521, 0.6583803623277308, 0.7191798941798941, 0.7072212790039616, 0.7549225997501859]","[0.7510351966873706, 0.8612969156447419, 0.6637843543214387, 0.821371483375959, 0.762309368191721, 0.7768498168498168, 0.7044973544973544, 0.7963383838383838, 0.7341490299823634, 0.8153860028860028]","[0.717391304347826, 0.8478260869565217, 0.6739130434782609, 0.782608695652174, 0.7333333333333333, 0.7777777777777778, 0.6888888888888889, 0.7555555555555555, 0.7333333333333333, 0.7777777777777778]","[0.7072312994351975, 0.8447264406074474, 0.6596939359267734, 0.7738023349436393, 0.714907314907315, 0.7713622291021671, 0.6733993102414156, 0.7351557907113463, 0.7259792491982645, 0.7674281160871198]","[array([[12,  0,  0,  0],
       [ 4,  4,  0,  1],
       [ 0,  0,  7,  3],
       [ 0,  0,  5, 10]]), array([[10,  0,  1,  1],
       [ 3,  6,  0,  0],
       [ 0,  0,  8,  2],
       [ 0,  0,  0, 15]]), array([[ 8,  3,  0,  0],
       [ 6,  3,  0,  1],
       [ 0,  0,  7,  3],
       [ 0,  0,  2, 13]]), array([[11,  0,  0,  0],
       [ 4,  5,  0,  1],
       [ 0,  0,  7,  3],
       [ 1,  0,  1, 13]]), array([[10,  1,  0,  0],
       [ 7,  3,  0,  0],
       [ 0,  0,  9,  1],
       [ 0,  0,  3, 11]]), array([[ 9,  2,  0,  0],
       [ 4,  5,  0,  1],
       [ 0,  0,  8,  1],
       [ 0,  0,  2, 13]]), array([[ 9,  1,  1,  0],
       [ 2,  3,  0,  4],
       [ 0,  0,  6,  4],
       [ 0,  0,  2, 13]]), array([[11,  0,  0,  0],
       [ 5,  3,  0,  1],
       [ 0,  0,  8,  2],
       [ 0,  0,  3, 12]]), array([[ 9,  2,  0,  0],
       [ 5,  4,  0,  0],
       [ 0,  0,  7,  3],
       [ 0,  0,  2, 13]]), array([[11,  0,  0,  0],
       [ 4,  4,  0,  1],
       [ 1,  0,  8,  1],
       [ 0,  0,  3, 12]])]"
12,"[0.7867647058823529, 0.7671568627450981, 0.7769607843137255, 0.7965686274509803, 0.7750611246943765, 0.7799511002444988, 0.7799511002444988, 0.7799511002444988, 0.8117359413202934, 0.78239608801956]","[0.7867647058823529, 0.7671568627450981, 0.7769607843137255, 0.7965686274509803, 0.7750611246943765, 0.7799511002444988, 0.7799511002444988, 0.7799511002444988, 0.8117359413202934, 0.78239608801956]","[0.7867647058823529, 0.7671568627450981, 0.7769607843137255, 0.7965686274509803, 0.7750611246943765, 0.7799511002444988, 0.7799511002444988, 0.7799511002444988, 0.8117359413202934, 0.78239608801956]","[0.7867647058823529, 0.7671568627450981, 0.7769607843137255, 0.7965686274509803, 0.7750611246943765, 0.7799511002444988, 0.7799511002444988, 0.7799511002444988, 0.8117359413202934, 0.78239608801956]","[0.8019627806970998, 0.7964817277317278, 0.8066770186335404, 0.8192435938148863, 0.7862368189067515, 0.8069304115805624, 0.800795976285251, 0.7977679450134394, 0.8210922730515426, 0.795856668903332]","[0.7750454271931815, 0.7465067918832802, 0.7578353682377174, 0.7770349528124993, 0.7555719703859096, 0.758312457045278, 0.7646769302760148, 0.7625144613878381, 0.7934227752366539, 0.7662667672741369]","[0.7698682854979295, 0.7400356898175687, 0.7550964864741416, 0.7745222744158914, 0.7535782007803667, 0.7522313082571815, 0.758428168038483, 0.7580544563046705, 0.7930114764134178, 0.7603430204133819]","[0.803544524902682, 0.7923745157201039, 0.8019196809158445, 0.816042408609143, 0.7864025473954849, 0.8048047550860792, 0.8004964886482197, 0.7969994522158623, 0.8201546551791051, 0.796890153509331]","[0.7867647058823529, 0.7671568627450981, 0.7769607843137255, 0.7965686274509803, 0.7750611246943765, 0.7799511002444988, 0.7799511002444988, 0.7799511002444988, 0.8117359413202934, 0.78239608801956]","[0.7790835368612908, 0.7526051680629139, 0.7661941351739916, 0.7861025882521503, 0.7659057719917614, 0.766492691218105, 0.7692975807724549, 0.7694641736434776, 0.8035781701032475, 0.7718109513646768]","[array([[ 92,   5,   2,   1],
       [ 35,  42,   0,   8],
       [  1,   0,  77,  11],
       [  1,   0,  23, 110]]), array([[ 96,   3,   1,   0],
       [ 41,  34,   0,  10],
       [  1,   0,  69,  19],
       [  2,   0,  18, 114]]), array([[ 97,   2,   1,   1],
       [ 39,  38,   0,   7],
       [  1,   0,  69,  19],
       [  1,   0,  20, 113]]), array([[ 96,   3,   1,   1],
       [ 37,  39,   0,   8],
       [  1,   0,  73,  15],
       [  0,   0,  17, 117]]), array([[ 91,   7,   2,   1],
       [ 37,  39,   0,   8],
       [  1,   0,  71,  17],
       [  1,   0,  18, 116]]), array([[ 95,   3,   2,   1],
       [ 43,  34,   0,   7],
       [  1,   0,  74,  15],
       [  1,   0,  17, 116]]), array([[ 95,   4,   1,   1],
       [ 39,  38,   0,   8],
       [  1,   0,  75,  13],
       [  1,   0,  22, 111]]), array([[ 93,   5,   2,   1],
       [ 38,  38,   0,   9],
       [  1,   0,  74,  14],
       [  2,   0,  18, 114]]), array([[ 92,   7,   1,   1],
       [ 33,  43,   0,   9],
       [  0,   0,  76,  13],
       [  1,   0,  12, 121]]), array([[ 93,   6,   1,   1],
       [ 39,  38,   0,   8],
       [  0,   0,  76,  13],
       [  1,   0,  20, 113]])]","[0.7391304347826086, 0.782608695652174, 0.6521739130434783, 0.7608695652173914, 0.7111111111111111, 0.7777777777777778, 0.6888888888888889, 0.7333333333333333, 0.7333333333333333, 0.8]","[0.7391304347826086, 0.782608695652174, 0.6521739130434783, 0.7608695652173914, 0.7111111111111111, 0.7777777777777778, 0.6888888888888889, 0.7333333333333333, 0.7333333333333333, 0.8]","[0.7391304347826086, 0.782608695652174, 0.6521739130434783, 0.7608695652173914, 0.7111111111111111, 0.7777777777777778, 0.6888888888888889, 0.7333333333333333, 0.7333333333333333, 0.8]","[0.7391304347826086, 0.782608695652174, 0.6521739130434783, 0.7608695652173914, 0.7111111111111111, 0.7777777777777778, 0.6888888888888889, 0.7333333333333333, 0.7333333333333333, 0.8]","[0.7895658263305322, 0.8333333333333333, 0.6489583333333333, 0.8216911764705882, 0.7777777777777778, 0.7640692640692641, 0.7041666666666666, 0.784375, 0.7249503968253969, 0.8401442307692308]","[0.7166666666666667, 0.7527777777777778, 0.6378787878787878, 0.7416666666666666, 0.7035714285714286, 0.7712121212121212, 0.6545454545454545, 0.7083333333333333, 0.7073232323232324, 0.7861111111111112]","[0.7033699059561129, 0.7616788669420249, 0.625, 0.7368551587301587, 0.6791656619242826, 0.7541379310344828, 0.6546458118540499, 0.697252090800478, 0.7072212790039616, 0.7763810263810265]","[0.7809341127755449, 0.8164251207729469, 0.65625, 0.8117007672634271, 0.7790123456790123, 0.7784511784511785, 0.6981481481481481, 0.7736111111111111, 0.7341490299823634, 0.8424145299145299]","[0.7391304347826086, 0.782608695652174, 0.6521739130434783, 0.7608695652173914, 0.7111111111111111, 0.7777777777777778, 0.6888888888888889, 0.7333333333333333, 0.7333333333333333, 0.8]","[0.7191972195720322, 0.7733842562217849, 0.6376811594202898, 0.7461395790200137, 0.6889371165233235, 0.7659616858237548, 0.6715819649458094, 0.712797026417098, 0.7259792491982645, 0.7897863453419008]","[array([[12,  0,  0,  0],
       [ 5,  3,  0,  1],
       [ 0,  0,  8,  2],
       [ 0,  0,  4, 11]]), array([[10,  0,  0,  2],
       [ 5,  4,  0,  0],
       [ 0,  0,  8,  2],
       [ 0,  0,  1, 14]]), array([[ 9,  2,  0,  0],
       [ 6,  3,  0,  1],
       [ 0,  0,  7,  3],
       [ 1,  0,  3, 11]]), array([[11,  0,  0,  0],
       [ 5,  4,  0,  1],
       [ 0,  0,  7,  3],
       [ 1,  0,  1, 13]]), array([[11,  0,  0,  0],
       [ 7,  3,  0,  0],
       [ 0,  0,  8,  2],
       [ 0,  0,  4, 10]]), array([[ 9,  2,  0,  0],
       [ 5,  4,  0,  1],
       [ 0,  0,  9,  0],
       [ 0,  0,  2, 13]]), array([[ 9,  1,  1,  0],
       [ 3,  3,  0,  3],
       [ 0,  0,  6,  4],
       [ 0,  0,  2, 13]]), array([[11,  0,  0,  0],
       [ 5,  3,  0,  1],
       [ 0,  0,  7,  3],
       [ 0,  0,  3, 12]]), array([[ 9,  2,  0,  0],
       [ 5,  4,  0,  0],
       [ 0,  0,  7,  3],
       [ 0,  0,  2, 13]]), array([[11,  0,  0,  0],
       [ 4,  4,  0,  1],
       [ 1,  0,  9,  0],
       [ 0,  0,  3, 12]])]"
13,"[0.7916666666666666, 0.7769607843137255, 0.7965686274509803, 0.7965686274509803, 0.7970660146699267, 0.7872860635696821, 0.7872860635696821, 0.7897310513447433, 0.8117359413202934, 0.7677261613691931]","[0.7916666666666666, 0.7769607843137255, 0.7965686274509803, 0.7965686274509803, 0.7970660146699267, 0.7872860635696821, 0.7872860635696821, 0.7897310513447433, 0.8117359413202934, 0.7677261613691931]","[0.7916666666666666, 0.7769607843137255, 0.7965686274509803, 0.7965686274509803, 0.7970660146699267, 0.7872860635696821, 0.7872860635696821, 0.7897310513447433, 0.8117359413202934, 0.7677261613691931]","[0.7916666666666666, 0.7769607843137255, 0.7965686274509803, 0.7965686274509803, 0.7970660146699267, 0.7872860635696821, 0.7872860635696821, 0.7897310513447433, 0.8117359413202934, 0.7677261613691931]","[0.8076560266423409, 0.8015452359085028, 0.8194259404388715, 0.8190540323873657, 0.8157882420266307, 0.8137118580391258, 0.8031895029376069, 0.8068745777153488, 0.8266288149266873, 0.782674779385099]","[0.7739279971589508, 0.7557505351629163, 0.777536557948936, 0.7728193101526679, 0.7742760257834238, 0.7658136415987015, 0.7686516863699667, 0.7705058987811755, 0.7899947072175132, 0.7461054951466874]","[0.7720962115806436, 0.7540789749832445, 0.7780945724053011, 0.7740301853858191, 0.7751484263987957, 0.7655170161039904, 0.7664770742247946, 0.7709757268248852, 0.7903327200000425, 0.745835541575497]","[0.8060851816725771, 0.7962380742570212, 0.8145557373942263, 0.8142382587153829, 0.8117364060471154, 0.8089378004982706, 0.802262272379251, 0.8032129109074563, 0.8241511356945993, 0.7795433369329507]","[0.7916666666666666, 0.7769607843137255, 0.7965686274509803, 0.7965686274509803, 0.7970660146699267, 0.7872860635696821, 0.7872860635696821, 0.7897310513447433, 0.8117359413202934, 0.7677261613691931]","[0.7827280303663181, 0.7651924480481088, 0.7880195188276784, 0.78636104797041, 0.7871849845368171, 0.7772837248822158, 0.7778619395550188, 0.7810812308094967, 0.8022259305198306, 0.7573879700702638]","[array([[ 92,   5,   2,   1],
       [ 35,  41,   0,   9],
       [  1,   0,  73,  15],
       [  1,   0,  16, 117]]), array([[ 95,   4,   1,   0],
       [ 36,  38,   0,  11],
       [  1,   0,  67,  21],
       [  2,   0,  15, 117]]), array([[ 96,   3,   1,   1],
       [ 34,  42,   0,   8],
       [  1,   0,  70,  18],
       [  1,   0,  16, 117]]), array([[ 95,   4,   1,   1],
       [ 37,  40,   0,   7],
       [  1,   0,  68,  20],
       [  0,   0,  12, 122]]), array([[ 94,   5,   1,   1],
       [ 36,  40,   0,   8],
       [  0,   0,  70,  19],
       [  1,   0,  12, 122]]), array([[ 95,   3,   2,   1],
       [ 38,  39,   0,   7],
       [  1,   0,  70,  19],
       [  2,   0,  14, 118]]), array([[ 95,   5,   0,   1],
       [ 39,  40,   0,   6],
       [  1,   0,  71,  17],
       [  1,   1,  16, 116]]), array([[ 93,   5,   2,   1],
       [ 34,  42,   0,   9],
       [  0,   0,  70,  19],
       [  1,   0,  15, 118]]), array([[ 93,   6,   1,   1],
       [ 36,  41,   0,   8],
       [  0,   0,  74,  15],
       [  1,   0,   9, 124]]), array([[ 92,   7,   1,   1],
       [ 37,  39,   0,   9],
       [  0,   0,  66,  23],
       [  1,   0,  16, 117]])]","[0.6956521739130435, 0.8260869565217391, 0.6956521739130435, 0.782608695652174, 0.7555555555555555, 0.7555555555555555, 0.6888888888888889, 0.7333333333333333, 0.7333333333333333, 0.8]","[0.6956521739130435, 0.8260869565217391, 0.6956521739130435, 0.782608695652174, 0.7555555555555555, 0.7555555555555555, 0.6888888888888889, 0.7333333333333333, 0.7333333333333333, 0.8]","[0.6956521739130435, 0.8260869565217391, 0.6956521739130435, 0.782608695652174, 0.7555555555555555, 0.7555555555555555, 0.6888888888888889, 0.7333333333333333, 0.7333333333333333, 0.8]","[0.6956521739130435, 0.8260869565217391, 0.6956521739130435, 0.782608695652174, 0.7555555555555555, 0.7555555555555555, 0.6888888888888889, 0.7333333333333333, 0.7333333333333333, 0.8]","[0.7508753501400561, 0.8589743589743589, 0.6856209150326797, 0.8326388888888889, 0.7705357142857143, 0.7603785103785103, 0.7041666666666666, 0.7397875816993463, 0.7249503968253969, 0.8351190476190476]","[0.6749999999999999, 0.8083333333333333, 0.6712121212121211, 0.7666666666666667, 0.7415584415584416, 0.7295454545454545, 0.6545454545454545, 0.7022727272727273, 0.7073232323232324, 0.7861111111111112]","[0.6634012539184952, 0.8226475279106858, 0.6604124493927126, 0.7696192696192696, 0.7328042328042329, 0.734180035650624, 0.6546458118540499, 0.6950278340080972, 0.7072212790039616, 0.7768266216542079]","[0.739526245280721, 0.8431809736157563, 0.6923557828928673, 0.8184782608695652, 0.775, 0.7586487586487587, 0.6981481481481481, 0.7407044299201162, 0.7341490299823634, 0.8316402116402116]","[0.6956521739130435, 0.8260869565217391, 0.6956521739130435, 0.782608695652174, 0.7555555555555555, 0.7555555555555555, 0.6888888888888889, 0.7333333333333333, 0.7333333333333333, 0.8]","[0.676945618100041, 0.8249635947576451, 0.6776370797394825, 0.7732677950069254, 0.7440329218106996, 0.7468805704099821, 0.6715819649458094, 0.7149179037336932, 0.7259792491982645, 0.787594780698229]","[array([[12,  0,  0,  0],
       [ 5,  3,  0,  1],
       [ 0,  0,  7,  3],
       [ 0,  0,  5, 10]]), array([[10,  0,  0,  2],
       [ 3,  6,  0,  0],
       [ 0,  0,  8,  2],
       [ 0,  0,  1, 14]]), array([[ 9,  2,  0,  0],
       [ 6,  3,  0,  1],
       [ 0,  0,  7,  3],
       [ 0,  0,  2, 13]]), array([[11,  0,  0,  0],
       [ 3,  5,  0,  2],
       [ 0,  0,  7,  3],
       [ 1,  0,  1, 13]]), array([[10,  1,  0,  0],
       [ 6,  4,  0,  0],
       [ 0,  0,  8,  2],
       [ 0,  0,  2, 12]]), array([[ 9,  2,  0,  0],
       [ 4,  5,  0,  1],
       [ 0,  0,  6,  3],
       [ 0,  0,  1, 14]]), array([[ 9,  1,  1,  0],
       [ 3,  3,  0,  3],
       [ 0,  0,  6,  4],
       [ 0,  0,  2, 13]]), array([[10,  1,  0,  0],
       [ 5,  3,  0,  1],
       [ 0,  0,  7,  3],
       [ 0,  0,  2, 13]]), array([[ 9,  2,  0,  0],
       [ 5,  4,  0,  0],
       [ 0,  0,  7,  3],
       [ 0,  0,  2, 13]]), array([[11,  0,  0,  0],
       [ 4,  4,  0,  1],
       [ 0,  0,  9,  1],
       [ 0,  0,  3, 12]])]"
14,"[0.7892156862745098, 0.7818627450980392, 0.7794117647058824, 0.7794117647058824, 0.784841075794621, 0.78239608801956, 0.7775061124694377, 0.7775061124694377, 0.7946210268948656, 0.7799511002444988]","[0.7892156862745098, 0.7818627450980392, 0.7794117647058824, 0.7794117647058824, 0.784841075794621, 0.78239608801956, 0.7775061124694377, 0.7775061124694377, 0.7946210268948656, 0.7799511002444988]","[0.7892156862745098, 0.7818627450980392, 0.7794117647058824, 0.7794117647058824, 0.784841075794621, 0.78239608801956, 0.7775061124694377, 0.7775061124694377, 0.7946210268948656, 0.7799511002444988]","[0.7892156862745098, 0.7818627450980392, 0.7794117647058824, 0.7794117647058824, 0.784841075794621, 0.78239608801956, 0.7775061124694377, 0.7775061124694377, 0.7946210268948656, 0.7799511002444988]","[0.804763986013986, 0.8088700135226505, 0.8049031928647072, 0.7968762052421284, 0.8024386263354013, 0.8057878480545824, 0.7962966918885366, 0.794706952135289, 0.8096786337922206, 0.7985387719308915]","[0.7727412672263271, 0.7618706533426719, 0.7598675794066554, 0.7594245430508408, 0.7659739034363575, 0.7599653782009331, 0.7598491195609187, 0.7618564822813876, 0.7726329864097872, 0.7602940859040378]","[0.7679652549266093, 0.7581387715316091, 0.7562201434516665, 0.7542587456598998, 0.7649484734931633, 0.7571902516709156, 0.7542227710217695, 0.7585291064874802, 0.7696318292811194, 0.7572619838356386]","[0.8044978918140684, 0.8039765458245502, 0.800916920633662, 0.796793634340239, 0.7992419293628722, 0.8021845061805486, 0.7961085286945716, 0.7931563386418282, 0.8075772492567002, 0.7962501859113077]","[0.7892156862745098, 0.7818627450980392, 0.7794117647058824, 0.7794117647058824, 0.784841075794621, 0.78239608801956, 0.7775061124694377, 0.7775061124694377, 0.7946210268948656, 0.7799511002444988]","[0.7789914134581994, 0.7693576226625868, 0.7677968382291275, 0.7676631651591465, 0.7755401353499997, 0.7702909438221118, 0.7662078568287877, 0.7683480113266227, 0.7824212194725816, 0.7689481587564987]","[array([[ 92,   5,   2,   1],
       [ 37,  39,   0,   9],
       [  0,   0,  76,  13],
       [  1,   0,  18, 115]]), array([[ 96,   3,   1,   0],
       [ 37,  37,   0,  11],
       [  1,   0,  70,  18],
       [  2,   0,  16, 116]]), array([[ 96,   3,   1,   1],
       [ 39,  37,   0,   8],
       [  0,   0,  71,  18],
       [  1,   0,  19, 114]]), array([[ 94,   5,   1,   1],
       [ 41,  36,   0,   7],
       [  1,   0,  73,  15],
       [  0,   0,  19, 115]]), array([[ 94,   5,   1,   1],
       [ 35,  40,   0,   9],
       [  0,   0,  71,  18],
       [  2,   0,  17, 116]]), array([[ 94,   4,   2,   1],
       [ 40,  36,   0,   8],
       [  0,   0,  72,  18],
       [  2,   0,  14, 118]]), array([[ 95,   5,   0,   1],
       [ 42,  37,   0,   6],
       [  0,   0,  73,  16],
       [  1,   0,  20, 113]]), array([[ 93,   5,   2,   1],
       [ 36,  40,   0,   9],
       [  0,   0,  73,  16],
       [  2,   0,  20, 112]]), array([[ 93,   6,   1,   1],
       [ 38,  37,   0,  10],
       [  0,   0,  74,  15],
       [  1,   0,  12, 121]]), array([[ 94,   5,   1,   1],
       [ 39,  38,   0,   8],
       [  0,   0,  71,  18],
       [  1,   0,  17, 116]])]","[0.6956521739130435, 0.782608695652174, 0.6956521739130435, 0.782608695652174, 0.7111111111111111, 0.8222222222222222, 0.7111111111111111, 0.8222222222222222, 0.7333333333333333, 0.8]","[0.6956521739130435, 0.782608695652174, 0.6956521739130435, 0.782608695652174, 0.7111111111111111, 0.8222222222222222, 0.7111111111111111, 0.8222222222222222, 0.7333333333333333, 0.8]","[0.6956521739130435, 0.782608695652174, 0.6956521739130435, 0.782608695652174, 0.7111111111111111, 0.8222222222222222, 0.7111111111111111, 0.8222222222222222, 0.7333333333333333, 0.8]","[0.6956521739130435, 0.782608695652174, 0.6956521739130435, 0.782608695652174, 0.7111111111111111, 0.8222222222222222, 0.7111111111111111, 0.8222222222222222, 0.7333333333333333, 0.8]","[0.759090909090909, 0.8225490196078431, 0.6949134199134199, 0.8326388888888889, 0.7279154668860551, 0.809981684981685, 0.7303030303030302, 0.863095238095238, 0.7416666666666667, 0.8410714285714286]","[0.6638888888888889, 0.7527777777777778, 0.687878787878788, 0.7666666666666667, 0.6987012987012986, 0.812878787878788, 0.6906565656565656, 0.7944444444444445, 0.7133838383838382, 0.7944444444444445]","[0.6409090909090909, 0.757781339031339, 0.6782082859669066, 0.7696192696192696, 0.6798941798941799, 0.804734262125903, 0.6958874458874458, 0.7964936817568397, 0.7101648351648351, 0.7774216524216525]","[0.7470355731225296, 0.8120204603580562, 0.7027197440240919, 0.8184782608695652, 0.7353215412038941, 0.8190720390720391, 0.7236363636363636, 0.8488536155202822, 0.7451851851851852, 0.8435449735449735]","[0.6956521739130435, 0.782608695652174, 0.6956521739130435, 0.782608695652174, 0.7111111111111111, 0.8222222222222222, 0.7111111111111111, 0.8222222222222222, 0.7333333333333333, 0.8]","[0.6638998682476943, 0.7728771832032701, 0.68725527346217, 0.7732677950069254, 0.6926513815402703, 0.8146370829033368, 0.7048581048581049, 0.8081508199402936, 0.7245421245421245, 0.7867046533713201]","[array([[12,  0,  0,  0],
       [ 6,  2,  0,  1],
       [ 0,  0,  7,  3],
       [ 0,  0,  4, 11]]), array([[10,  0,  1,  1],
       [ 5,  4,  0,  0],
       [ 0,  0,  8,  2],
       [ 0,  0,  1, 14]]), array([[ 9,  2,  0,  0],
       [ 5,  4,  0,  1],
       [ 0,  0,  8,  2],
       [ 1,  0,  3, 11]]), array([[11,  0,  0,  0],
       [ 3,  5,  0,  2],
       [ 0,  0,  7,  3],
       [ 1,  0,  1, 13]]), array([[10,  1,  0,  0],
       [ 7,  3,  0,  0],
       [ 0,  0,  8,  2],
       [ 0,  0,  3, 11]]), array([[ 9,  2,  0,  0],
       [ 4,  5,  0,  1],
       [ 0,  0,  9,  0],
       [ 0,  0,  1, 14]]), array([[ 9,  1,  1,  0],
       [ 2,  4,  0,  3],
       [ 0,  0,  7,  3],
       [ 0,  0,  3, 12]]), array([[11,  0,  0,  0],
       [ 3,  4,  0,  2],
       [ 0,  0,  8,  2],
       [ 0,  0,  1, 14]]), array([[10,  1,  0,  0],
       [ 5,  4,  0,  0],
       [ 0,  0,  7,  3],
       [ 0,  0,  3, 12]]), array([[11,  0,  0,  0],
       [ 4,  4,  0,  1],
       [ 0,  0, 10,  0],
       [ 0,  0,  4, 11]])]"
15,"[0.7892156862745098, 0.7818627450980392, 0.7990196078431373, 0.7990196078431373, 0.7872860635696821, 0.7970660146699267, 0.7897310513447433, 0.78239608801956, 0.7995110024449877, 0.7799511002444988]","[0.7892156862745098, 0.7818627450980392, 0.7990196078431373, 0.7990196078431373, 0.7872860635696821, 0.7970660146699267, 0.7897310513447433, 0.78239608801956, 0.7995110024449877, 0.7799511002444988]","[0.7892156862745098, 0.7818627450980392, 0.7990196078431373, 0.7990196078431373, 0.7872860635696821, 0.7970660146699267, 0.7897310513447433, 0.78239608801956, 0.7995110024449877, 0.7799511002444988]","[0.7892156862745098, 0.7818627450980392, 0.7990196078431373, 0.7990196078431373, 0.7872860635696821, 0.7970660146699267, 0.7897310513447433, 0.78239608801956, 0.7995110024449877, 0.7799511002444988]","[0.8030091103144693, 0.8115767597249255, 0.8262165327978581, 0.8163860866900795, 0.8114285714285715, 0.8295886000830811, 0.8071435557921697, 0.8042630065058998, 0.8248780993879032, 0.7956394737379819]","[0.7709868206883626, 0.758908514269367, 0.7747929525409838, 0.7776814726883675, 0.7652433368002396, 0.7733849610973891, 0.7742906265007734, 0.763235262374626, 0.7758290349213276, 0.7598166977276197]","[0.7686470684358175, 0.7561534600123417, 0.7737674601271469, 0.776412152620561, 0.7648691723379888, 0.7735238601637627, 0.7700070230836972, 0.7612697466270717, 0.7757069959015305, 0.7582232422749664]","[0.8016081506394062, 0.8050424039486744, 0.8201995563955168, 0.8141736070768846, 0.8054022587029921, 0.8220869206139994, 0.807133653891597, 0.8005401622172981, 0.8185463445543028, 0.7930604249123154]","[0.7892156862745098, 0.7818627450980392, 0.7990196078431373, 0.7990196078431373, 0.7872860635696821, 0.7970660146699267, 0.7897310513447433, 0.78239608801956, 0.7995110024449877, 0.7799511002444988]","[0.7795305800302924, 0.7681278211520253, 0.7865245797375369, 0.7888377397971927, 0.7761251275495358, 0.7854535809418499, 0.7805109440460747, 0.7720525972488889, 0.7874645674047961, 0.7695728771692012]","[array([[ 92,   6,   1,   1],
       [ 36,  40,   0,   9],
       [  0,   0,  73,  16],
       [  1,   0,  16, 117]]), array([[ 96,   3,   1,   0],
       [ 38,  36,   0,  11],
       [  0,   0,  68,  21],
       [  2,   0,  13, 119]]), array([[ 96,   3,   1,   1],
       [ 38,  37,   0,   9],
       [  0,   0,  71,  18],
       [  1,   0,  11, 122]]), array([[ 94,   5,   1,   1],
       [ 38,  39,   0,   7],
       [  0,   0,  73,  16],
       [  1,   0,  13, 120]]), array([[ 95,   4,   1,   1],
       [ 35,  38,   0,  11],
       [  0,   0,  70,  19],
       [  3,   0,  13, 119]]), array([[ 97,   2,   1,   1],
       [ 38,  38,   0,   8],
       [  0,   0,  70,  20],
       [  2,   0,  11, 121]]), array([[ 95,   5,   0,   1],
       [ 39,  40,   0,   6],
       [  0,   0,  75,  14],
       [  2,   0,  19, 113]]), array([[ 94,   4,   2,   1],
       [ 37,  39,   0,   9],
       [  0,   0,  71,  18],
       [  2,   0,  16, 116]]), array([[ 95,   4,   1,   1],
       [ 36,  38,   0,  11],
       [  0,   0,  71,  18],
       [  2,   0,   9, 123]]), array([[ 93,   6,   1,   1],
       [ 37,  39,   0,   9],
       [  0,   0,  70,  19],
       [  1,   0,  16, 117]])]","[0.6956521739130435, 0.8043478260869565, 0.6739130434782609, 0.782608695652174, 0.7111111111111111, 0.8, 0.7111111111111111, 0.8222222222222222, 0.7333333333333333, 0.7555555555555555]","[0.6956521739130435, 0.8043478260869565, 0.6739130434782609, 0.782608695652174, 0.7111111111111111, 0.8, 0.7111111111111111, 0.8222222222222222, 0.7333333333333333, 0.7555555555555555]","[0.6956521739130435, 0.8043478260869565, 0.6739130434782609, 0.782608695652174, 0.7111111111111111, 0.8, 0.7111111111111111, 0.8222222222222222, 0.7333333333333333, 0.7555555555555555]","[0.6956521739130435, 0.8043478260869565, 0.6739130434782609, 0.782608695652174, 0.7111111111111111, 0.8, 0.7111111111111111, 0.8222222222222222, 0.7333333333333333, 0.7555555555555555]","[0.759090909090909, 0.8452380952380952, 0.6947916666666667, 0.8326388888888889, 0.7222222222222222, 0.8076388888888889, 0.7291666666666666, 0.863095238095238, 0.7249503968253969, 0.7980769230769231]","[0.6638888888888889, 0.7805555555555557, 0.6606060606060606, 0.7666666666666667, 0.6987012987012987, 0.7828282828282829, 0.6712121212121211, 0.7944444444444445, 0.7073232323232324, 0.7467171717171717]","[0.6409090909090909, 0.7935266487898067, 0.6538326101993335, 0.7696192696192696, 0.6654207861104413, 0.7736696994761512, 0.6721479004087699, 0.7964936817568397, 0.7072212790039616, 0.7391535001729905]","[0.7470355731225296, 0.828847481021394, 0.692481884057971, 0.8184782608695652, 0.7358024691358025, 0.8101851851851851, 0.7222222222222222, 0.8488536155202822, 0.7341490299823634, 0.7903540903540903]","[0.6956521739130435, 0.8043478260869565, 0.6739130434782609, 0.782608695652174, 0.7111111111111111, 0.8, 0.7111111111111111, 0.8222222222222222, 0.7333333333333333, 0.7555555555555555]","[0.6638998682476943, 0.8001666525693986, 0.6617920053367017, 0.7732677950069254, 0.6820244889210406, 0.7854057531476886, 0.6910194475411866, 0.8081508199402936, 0.7259792491982645, 0.7454190853291304]","[array([[12,  0,  0,  0],
       [ 6,  2,  0,  1],
       [ 0,  0,  7,  3],
       [ 0,  0,  4, 11]]), array([[10,  0,  0,  2],
       [ 4,  5,  0,  0],
       [ 0,  0,  8,  2],
       [ 0,  0,  1, 14]]), array([[10,  1,  0,  0],
       [ 5,  4,  0,  1],
       [ 0,  0,  6,  4],
       [ 1,  0,  3, 11]]), array([[11,  0,  0,  0],
       [ 3,  5,  0,  2],
       [ 0,  0,  7,  3],
       [ 1,  0,  1, 13]]), array([[10,  1,  0,  0],
       [ 8,  2,  0,  0],
       [ 0,  0,  9,  1],
       [ 0,  0,  3, 11]]), array([[10,  1,  0,  0],
       [ 5,  4,  0,  1],
       [ 0,  0,  8,  1],
       [ 0,  0,  1, 14]]), array([[ 9,  1,  1,  0],
       [ 3,  3,  0,  3],
       [ 0,  0,  6,  4],
       [ 0,  0,  1, 14]]), array([[11,  0,  0,  0],
       [ 3,  4,  0,  2],
       [ 0,  0,  8,  2],
       [ 0,  0,  1, 14]]), array([[ 9,  2,  0,  0],
       [ 5,  4,  0,  0],
       [ 0,  0,  7,  3],
       [ 0,  0,  2, 13]]), array([[10,  0,  0,  1],
       [ 4,  4,  0,  1],
       [ 0,  0,  9,  1],
       [ 0,  0,  4, 11]])]"
16,"[0.7941176470588235, 0.7818627450980392, 0.7720588235294118, 0.7892156862745098, 0.78239608801956, 0.78239608801956, 0.7799511002444988, 0.78239608801956, 0.7970660146699267, 0.7872860635696821]","[0.7941176470588235, 0.7818627450980392, 0.7720588235294118, 0.7892156862745098, 0.78239608801956, 0.78239608801956, 0.7799511002444988, 0.78239608801956, 0.7970660146699267, 0.7872860635696821]","[0.7941176470588235, 0.7818627450980392, 0.7720588235294118, 0.7892156862745098, 0.78239608801956, 0.78239608801956, 0.7799511002444988, 0.78239608801956, 0.7970660146699267, 0.7872860635696821]","[0.7941176470588235, 0.7818627450980392, 0.7720588235294118, 0.7892156862745098, 0.78239608801956, 0.78239608801956, 0.7799511002444988, 0.78239608801956, 0.7970660146699267, 0.7872860635696821]","[0.8091797468835513, 0.8097077829342829, 0.8038609353035611, 0.8128624322069253, 0.8051338276151709, 0.8100273346886647, 0.7985714545607745, 0.8064636694888008, 0.8128324179794768, 0.8014708150204334]","[0.777415927632163, 0.7607951485138748, 0.7515485838610453, 0.7701602173405813, 0.7624967700087291, 0.7601637908993458, 0.7646769302760148, 0.7658636602086386, 0.7746308457581215, 0.7682436640197545]","[0.7725061929234296, 0.7567361742118381, 0.7453371421396283, 0.7653080451299732, 0.7606291392623885, 0.7588754753227784, 0.7585315891185331, 0.7632480303556946, 0.7729398088361876, 0.7655329847479705]","[0.809150092368203, 0.804276214326623, 0.7987504932659413, 0.810599544365097, 0.8005166156326613, 0.8044959110961737, 0.7991646277722054, 0.8026234553748463, 0.8104228249273554, 0.799985841731675]","[0.7941176470588235, 0.7818627450980392, 0.7720588235294118, 0.7892156862745098, 0.78239608801956, 0.78239608801956, 0.7799511002444988, 0.78239608801956, 0.7970660146699267, 0.7872860635696821]","[0.7837645906145947, 0.7683773517773699, 0.757814969240668, 0.7775460359659451, 0.7716002785706539, 0.7709803776873374, 0.7695804050308466, 0.7728036109324814, 0.7856370468283442, 0.7769312289942858]","[array([[ 92,   5,   2,   1],
       [ 37,  39,   0,   9],
       [  0,   0,  77,  12],
       [  1,   0,  17, 116]]), array([[ 96,   3,   1,   0],
       [ 38,  36,   0,  11],
       [  0,   0,  70,  19],
       [  2,   0,  15, 117]]), array([[ 97,   2,   1,   1],
       [ 41,  34,   0,   9],
       [  0,   0,  71,  18],
       [  1,   0,  20, 113]]), array([[ 96,   3,   1,   1],
       [ 40,  37,   0,   7],
       [  0,   0,  74,  15],
       [  0,   0,  19, 115]]), array([[ 95,   4,   1,   1],
       [ 36,  38,   0,  10],
       [  0,   0,  71,  18],
       [  3,   0,  16, 116]]), array([[ 94,   3,   2,   2],
       [ 39,  37,   0,   8],
       [  0,   0,  71,  19],
       [  2,   0,  14, 118]]), array([[ 95,   5,   0,   1],
       [ 41,  38,   0,   6],
       [  0,   0,  75,  14],
       [  2,   0,  21, 111]]), array([[ 95,   3,   2,   1],
       [ 36,  40,   0,   9],
       [  0,   0,  72,  17],
       [  2,   0,  19, 113]]), array([[ 93,   6,   1,   1],
       [ 38,  38,   0,   9],
       [  0,   0,  73,  16],
       [  1,   0,  11, 122]]), array([[ 93,   6,   1,   1],
       [ 37,  39,   0,   9],
       [  0,   0,  73,  16],
       [  1,   0,  16, 117]])]","[0.6956521739130435, 0.782608695652174, 0.6956521739130435, 0.8043478260869565, 0.6666666666666666, 0.7777777777777778, 0.6888888888888889, 0.8444444444444444, 0.7555555555555555, 0.7555555555555555]","[0.6956521739130435, 0.782608695652174, 0.6956521739130435, 0.8043478260869565, 0.6666666666666666, 0.7777777777777778, 0.6888888888888889, 0.8444444444444444, 0.7555555555555555, 0.7555555555555555]","[0.6956521739130435, 0.782608695652174, 0.6956521739130435, 0.8043478260869565, 0.6666666666666666, 0.7777777777777778, 0.6888888888888889, 0.8444444444444444, 0.7555555555555555, 0.7555555555555555]","[0.6956521739130435, 0.782608695652174, 0.6956521739130435, 0.8043478260869565, 0.6666666666666666, 0.7777777777777778, 0.6888888888888889, 0.8444444444444444, 0.7555555555555555, 0.7555555555555555]","[0.759090909090909, 0.8333333333333333, 0.7145833333333333, 0.8467320261437908, 0.6499355907250643, 0.7583333333333333, 0.6961384204031263, 0.8773109243697479, 0.7642361111111111, 0.8012820512820513]","[0.6638888888888889, 0.7527777777777778, 0.6856060606060606, 0.7916666666666666, 0.6487012987012987, 0.7628787878787879, 0.6628787878787878, 0.8194444444444444, 0.730050505050505, 0.748989898989899]","[0.6409090909090909, 0.7616788669420249, 0.6768518518518518, 0.7918564439946019, 0.6025132275132274, 0.7432523616734144, 0.657051282051282, 0.8175961538461538, 0.7290527808354634, 0.7377747252747253]","[0.7470355731225296, 0.8164251207729469, 0.7146739130434783, 0.8353509519749929, 0.6646301067353699, 0.7711111111111112, 0.6959390282919695, 0.8665732959850607, 0.7666358024691358, 0.7994301994301993]","[0.6956521739130435, 0.782608695652174, 0.6956521739130435, 0.8043478260869565, 0.6666666666666666, 0.7777777777777778, 0.6888888888888889, 0.8444444444444444, 0.7555555555555555, 0.7555555555555555]","[0.6638998682476943, 0.7733842562217849, 0.6843800322061192, 0.7952806870856071, 0.6228101116990006, 0.7587044534412956, 0.6737891737891737, 0.8298547008547009, 0.7456324848515, 0.7460927960927961]","[array([[12,  0,  0,  0],
       [ 6,  2,  0,  1],
       [ 0,  0,  7,  3],
       [ 0,  0,  4, 11]]), array([[10,  0,  0,  2],
       [ 5,  4,  0,  0],
       [ 0,  0,  8,  2],
       [ 0,  0,  1, 14]]), array([[10,  1,  0,  0],
       [ 5,  4,  0,  1],
       [ 0,  0,  7,  3],
       [ 1,  0,  3, 11]]), array([[11,  0,  0,  0],
       [ 3,  5,  0,  2],
       [ 0,  0,  8,  2],
       [ 1,  0,  1, 13]]), array([[10,  1,  0,  0],
       [ 9,  1,  0,  0],
       [ 0,  0,  8,  2],
       [ 0,  0,  3, 11]]), array([[ 9,  2,  0,  0],
       [ 6,  3,  0,  1],
       [ 0,  0,  9,  0],
       [ 0,  0,  1, 14]]), array([[ 9,  1,  1,  0],
       [ 4,  3,  0,  2],
       [ 0,  0,  7,  3],
       [ 0,  0,  3, 12]]), array([[11,  0,  0,  0],
       [ 3,  4,  0,  2],
       [ 0,  0,  9,  1],
       [ 0,  0,  1, 14]]), array([[10,  1,  0,  0],
       [ 5,  4,  0,  0],
       [ 0,  0,  7,  3],
       [ 0,  0,  2, 13]]), array([[ 9,  0,  1,  1],
       [ 4,  4,  0,  1],
       [ 0,  0, 10,  0],
       [ 0,  0,  4, 11]])]"
17,"[0.8014705882352942, 0.7818627450980392, 0.7990196078431373, 0.7990196078431373, 0.784841075794621, 0.78239608801956, 0.7897310513447433, 0.7775061124694377, 0.8019559902200489, 0.7897310513447433]","[0.8014705882352942, 0.7818627450980392, 0.7990196078431373, 0.7990196078431373, 0.784841075794621, 0.78239608801956, 0.7897310513447433, 0.7775061124694377, 0.8019559902200489, 0.7897310513447433]","[0.8014705882352942, 0.7818627450980392, 0.7990196078431373, 0.7990196078431373, 0.784841075794621, 0.78239608801956, 0.7897310513447433, 0.7775061124694377, 0.8019559902200489, 0.7897310513447433]","[0.8014705882352942, 0.7818627450980392, 0.7990196078431373, 0.7990196078431373, 0.784841075794621, 0.78239608801956, 0.7897310513447433, 0.7775061124694377, 0.8019559902200489, 0.7897310513447433]","[0.8170094877106944, 0.8053442864489377, 0.8326937381041144, 0.8182708900002924, 0.8095889558855843, 0.8158746321374114, 0.8165486595021226, 0.8052683781342318, 0.8265492223825557, 0.8172399046142709]","[0.781937437728739, 0.7616775014550512, 0.777122623141306, 0.7786254519956199, 0.7622671463240491, 0.7584482115588957, 0.772415451486848, 0.7562080387784464, 0.7776947065631187, 0.7672214776991603]","[0.7776701858024672, 0.7596393146197884, 0.7756112568202017, 0.7786223021925804, 0.7609814294799153, 0.7568097534769413, 0.7678735406008134, 0.7549139445955417, 0.7775702673463469, 0.7671553513817492]","[0.8163574847006277, 0.8002234706236075, 0.8260292880060373, 0.8146622692246154, 0.8045728914449384, 0.8093060091043739, 0.8140829170997926, 0.7994792036953169, 0.8202997687512766, 0.8107132632218614]","[0.8014705882352942, 0.7818627450980392, 0.7990196078431373, 0.7990196078431373, 0.784841075794621, 0.78239608801956, 0.7897310513447433, 0.7775061124694377, 0.8019559902200489, 0.7897310513447433]","[0.7901174649269407, 0.7703238084622702, 0.7873928369901393, 0.7897694313431504, 0.7732399863738337, 0.7697928592131814, 0.778900040958276, 0.7661078443627918, 0.7896252374406353, 0.7783608908062862]","[array([[ 92,   5,   2,   1],
       [ 38,  38,   0,   9],
       [  0,   0,  77,  12],
       [  1,   0,  13, 120]]), array([[ 94,   4,   1,   1],
       [ 36,  38,   0,  11],
       [  0,   0,  70,  19],
       [  2,   0,  15, 117]]), array([[ 98,   1,   1,   1],
       [ 39,  38,   0,   7],
       [  0,   0,  71,  18],
       [  1,   0,  14, 119]]), array([[ 95,   4,   1,   1],
       [ 36,  41,   0,   7],
       [  0,   0,  71,  18],
       [  0,   0,  15, 119]]), array([[ 95,   4,   1,   1],
       [ 38,  37,   0,   9],
       [  0,   0,  70,  19],
       [  3,   0,  13, 119]]), array([[ 96,   2,   2,   1],
       [ 41,  36,   0,   7],
       [  0,   0,  69,  21],
       [  2,   0,  13, 119]]), array([[ 97,   3,   0,   1],
       [ 41,  38,   0,   6],
       [  0,   0,  74,  15],
       [  3,   0,  17, 114]]), array([[ 95,   3,   2,   1],
       [ 38,  38,   0,   9],
       [  0,   0,  68,  21],
       [  2,   0,  15, 117]]), array([[ 95,   4,   1,   1],
       [ 36,  38,   0,  11],
       [  0,   0,  71,  18],
       [  1,   0,   9, 124]]), array([[ 96,   3,   1,   1],
       [ 37,  39,   0,   9],
       [  0,   0,  68,  21],
       [  1,   0,  13, 120]])]","[0.6521739130434783, 0.8043478260869565, 0.6739130434782609, 0.7608695652173914, 0.7111111111111111, 0.8222222222222222, 0.6888888888888889, 0.8222222222222222, 0.7555555555555555, 0.7777777777777778]","[0.6521739130434783, 0.8043478260869565, 0.6739130434782609, 0.7608695652173914, 0.7111111111111111, 0.8222222222222222, 0.6888888888888889, 0.8222222222222222, 0.7555555555555555, 0.7777777777777778]","[0.6521739130434783, 0.8043478260869565, 0.6739130434782609, 0.7608695652173914, 0.7111111111111111, 0.8222222222222222, 0.6888888888888889, 0.8222222222222222, 0.7555555555555555, 0.7777777777777778]","[0.6521739130434783, 0.8043478260869565, 0.6739130434782609, 0.7608695652173914, 0.7111111111111111, 0.8222222222222222, 0.6888888888888889, 0.8222222222222222, 0.7555555555555555, 0.7777777777777778]","[0.7243589743589742, 0.8452682186234818, 0.698529411764706, 0.8211805555555556, 0.7222222222222222, 0.8235930735930737, 0.7041666666666666, 0.8614379084967321, 0.7642361111111111, 0.8186813186813188]","[0.6305555555555555, 0.7833333333333334, 0.6522727272727273, 0.7416666666666666, 0.6987012987012987, 0.818939393939394, 0.6545454545454545, 0.7944444444444445, 0.730050505050505, 0.7717171717171717]","[0.6037972896668549, 0.800326797385621, 0.6398809523809523, 0.737974987974988, 0.6654207861104413, 0.8053879310344828, 0.6546458118540499, 0.7946609311740891, 0.7290527808354634, 0.7586080586080586]","[0.7123745819397993, 0.8268130610807958, 0.6969309462915602, 0.807518115942029, 0.7358024691358025, 0.8329485329485329, 0.6981481481481481, 0.8512999273783587, 0.7666358024691358, 0.8153846153846154]","[0.6521739130434783, 0.8043478260869565, 0.6739130434782609, 0.7608695652173914, 0.7111111111111111, 0.8222222222222222, 0.6888888888888889, 0.8222222222222222, 0.7555555555555555, 0.7777777777777778]","[0.621794368202686, 0.8028417163967035, 0.6534679089026916, 0.745069745069745, 0.6820244889210406, 0.8132950191570881, 0.6715819649458094, 0.8087156995051732, 0.7456324848515, 0.7657224257224258]","[array([[12,  0,  0,  0],
       [ 6,  2,  0,  1],
       [ 0,  0,  7,  3],
       [ 0,  0,  6,  9]]), array([[10,  0,  0,  2],
       [ 3,  6,  0,  0],
       [ 0,  0,  7,  3],
       [ 0,  0,  1, 14]]), array([[10,  1,  0,  0],
       [ 6,  3,  0,  1],
       [ 0,  0,  6,  4],
       [ 1,  0,  2, 12]]), array([[11,  0,  0,  0],
       [ 4,  4,  0,  2],
       [ 0,  0,  7,  3],
       [ 1,  0,  1, 13]]), array([[10,  1,  0,  0],
       [ 8,  2,  0,  0],
       [ 0,  0,  9,  1],
       [ 0,  0,  3, 11]]), array([[10,  1,  0,  0],
       [ 4,  5,  0,  1],
       [ 0,  0,  9,  0],
       [ 0,  0,  2, 13]]), array([[ 9,  1,  1,  0],
       [ 3,  3,  0,  3],
       [ 0,  0,  6,  4],
       [ 0,  0,  2, 13]]), array([[11,  0,  0,  0],
       [ 4,  4,  0,  1],
       [ 0,  0,  8,  2],
       [ 0,  0,  1, 14]]), array([[10,  1,  0,  0],
       [ 5,  4,  0,  0],
       [ 0,  0,  7,  3],
       [ 0,  0,  2, 13]]), array([[10,  0,  0,  1],
       [ 4,  4,  0,  1],
       [ 0,  0, 10,  0],
       [ 0,  0,  4, 11]])]"
18,"[0.803921568627451, 0.7794117647058824, 0.7843137254901961, 0.7941176470588235, 0.7701711491442543, 0.7726161369193154, 0.78239608801956, 0.78239608801956, 0.8019559902200489, 0.7799511002444988]","[0.803921568627451, 0.7794117647058824, 0.7843137254901961, 0.7941176470588235, 0.7701711491442543, 0.7726161369193154, 0.78239608801956, 0.78239608801956, 0.8019559902200489, 0.7799511002444988]","[0.803921568627451, 0.7794117647058824, 0.7843137254901961, 0.7941176470588235, 0.7701711491442543, 0.7726161369193154, 0.78239608801956, 0.78239608801956, 0.8019559902200489, 0.7799511002444988]","[0.803921568627451, 0.7794117647058824, 0.7843137254901961, 0.7941176470588235, 0.7701711491442543, 0.7726161369193154, 0.78239608801956, 0.78239608801956, 0.8019559902200489, 0.7799511002444988]","[0.8214658723666147, 0.806640990105392, 0.8191225360725245, 0.8182830011744677, 0.7945568239046499, 0.804795605381609, 0.8043820775261324, 0.807679163709337, 0.8329766021112561, 0.801209115648137]","[0.7881660928667962, 0.7597406062877943, 0.7644836710318692, 0.7727810417897639, 0.7495300914521629, 0.7531122675167303, 0.7679633072164779, 0.765599284795552, 0.7791154118617907, 0.7618469789092531]","[0.783334914185339, 0.7534077468022228, 0.7585786476297426, 0.768196780481839, 0.7423892578845468, 0.7496331582690645, 0.7596228891325657, 0.7612103365437624, 0.7772540701978599, 0.7579017136841031]","[0.820590211956288, 0.8028819064609761, 0.8133573542358848, 0.8150939172431448, 0.7921828113706502, 0.7987384575657288, 0.8059919558198376, 0.8040431380556168, 0.8256709764698, 0.7982930047962362]","[0.803921568627451, 0.7794117647058824, 0.7843137254901961, 0.7941176470588235, 0.7701711491442543, 0.7726161369193154, 0.78239608801956, 0.78239608801956, 0.8019559902200489, 0.7799511002444988]","[0.7937818026646453, 0.7654673644048912, 0.7705455572646427, 0.7812524618631101, 0.7558974714197331, 0.7607272652386168, 0.7712052999977398, 0.7713739501192686, 0.7888653382026094, 0.7687787967061235]","[array([[ 94,   4,   1,   1],
       [ 36,  40,   0,   9],
       [  0,   0,  78,  11],
       [  1,   0,  17, 116]]), array([[ 96,   3,   1,   0],
       [ 40,  35,   0,  10],
       [  0,   0,  72,  17],
       [  2,   0,  17, 115]]), array([[ 98,   1,   1,   1],
       [ 40,  35,   0,   9],
       [  0,   0,  73,  16],
       [  1,   0,  19, 114]]), array([[ 96,   3,   1,   1],
       [ 40,  36,   0,   8],
       [  0,   0,  74,  15],
       [  0,   0,  16, 118]]), array([[ 95,   4,   1,   1],
       [ 42,  33,   0,   9],
       [  0,   0,  73,  16],
       [  3,   0,  18, 114]]), array([[ 95,   2,   1,   3],
       [ 40,  36,   0,   8],
       [  0,   0,  72,  18],
       [  2,   0,  19, 113]]), array([[ 96,   4,   0,   1],
       [ 43,  37,   0,   5],
       [  0,   0,  77,  12],
       [  1,   0,  23, 110]]), array([[ 95,   3,   1,   2],
       [ 38,  38,   0,   9],
       [  0,   0,  74,  15],
       [  2,   0,  19, 113]]), array([[ 96,   2,   1,   2],
       [ 37,  37,   0,  11],
       [  0,   0,  73,  16],
       [  1,   0,  11, 122]]), array([[ 95,   4,   1,   1],
       [ 38,  38,   0,   9],
       [  0,   0,  72,  17],
       [  1,   0,  19, 114]])]","[0.6956521739130435, 0.8260869565217391, 0.6956521739130435, 0.782608695652174, 0.6888888888888889, 0.8, 0.6888888888888889, 0.8, 0.7777777777777778, 0.7777777777777778]","[0.6956521739130435, 0.8260869565217391, 0.6956521739130435, 0.782608695652174, 0.6888888888888889, 0.8, 0.6888888888888889, 0.8, 0.7777777777777778, 0.7777777777777778]","[0.6956521739130435, 0.8260869565217391, 0.6956521739130435, 0.782608695652174, 0.6888888888888889, 0.8, 0.6888888888888889, 0.8, 0.7777777777777778, 0.7777777777777778]","[0.6956521739130435, 0.8260869565217391, 0.6956521739130435, 0.782608695652174, 0.6888888888888889, 0.8, 0.6888888888888889, 0.8, 0.7777777777777778, 0.7777777777777778]","[0.759090909090909, 0.8589743589743589, 0.7118055555555556, 0.8352736928104575, 0.7808566433566434, 0.7857142857142858, 0.7007575757575757, 0.8410037878787879, 0.7833333333333333, 0.8186813186813188]","[0.6638888888888889, 0.8083333333333333, 0.668939393939394, 0.7666666666666667, 0.6714285714285715, 0.7878787878787878, 0.6628787878787878, 0.775, 0.7550505050505051, 0.7717171717171717]","[0.6409090909090909, 0.8226475279106858, 0.6559644059644059, 0.7602121623503202, 0.6170537944731493, 0.7751754385964913, 0.6595216377825073, 0.7605015951790146, 0.7518315018315019, 0.7586080586080586]","[0.7470355731225296, 0.8431809736157563, 0.7110507246376813, 0.8243908070474566, 0.7815306915306915, 0.7964021164021163, 0.696969696969697, 0.8319107744107744, 0.7896296296296296, 0.8153846153846154]","[0.6956521739130435, 0.8260869565217391, 0.6956521739130435, 0.782608695652174, 0.6888888888888889, 0.8, 0.6888888888888889, 0.8, 0.7777777777777778, 0.7777777777777778]","[0.6638998682476943, 0.8249635947576451, 0.6721458895371939, 0.7670826371484266, 0.6366908546120016, 0.7876959064327486, 0.6741844307061698, 0.7768836897869156, 0.768986568986569, 0.7657224257224258]","[array([[12,  0,  0,  0],
       [ 6,  2,  0,  1],
       [ 0,  0,  7,  3],
       [ 0,  0,  4, 11]]), array([[10,  0,  0,  2],
       [ 3,  6,  0,  0],
       [ 0,  0,  8,  2],
       [ 0,  0,  1, 14]]), array([[10,  1,  0,  0],
       [ 6,  3,  0,  1],
       [ 0,  0,  6,  4],
       [ 0,  0,  2, 13]]), array([[11,  0,  0,  0],
       [ 4,  4,  0,  2],
       [ 0,  0,  8,  2],
       [ 1,  0,  1, 13]]), array([[11,  0,  0,  0],
       [ 9,  1,  0,  0],
       [ 0,  0,  8,  2],
       [ 0,  0,  3, 11]]), array([[ 9,  2,  0,  0],
       [ 5,  4,  0,  1],
       [ 0,  0,  9,  0],
       [ 0,  0,  1, 14]]), array([[ 9,  1,  1,  0],
       [ 3,  3,  0,  3],
       [ 0,  0,  7,  3],
       [ 0,  0,  3, 12]]), array([[11,  0,  0,  0],
       [ 4,  3,  0,  2],
       [ 0,  0,  9,  1],
       [ 0,  0,  2, 13]]), array([[10,  1,  0,  0],
       [ 5,  4,  0,  0],
       [ 0,  0,  8,  2],
       [ 0,  0,  2, 13]]), array([[10,  0,  0,  1],
       [ 4,  4,  0,  1],
       [ 0,  0, 10,  0],
       [ 0,  0,  4, 11]])]"
19,"[0.8088235294117647, 0.7671568627450981, 0.7965686274509803, 0.7990196078431373, 0.78239608801956, 0.7775061124694377, 0.7921760391198044, 0.7775061124694377, 0.7970660146699267, 0.78239608801956]","[0.8088235294117647, 0.7671568627450981, 0.7965686274509803, 0.7990196078431373, 0.78239608801956, 0.7775061124694377, 0.7921760391198044, 0.7775061124694377, 0.7970660146699267, 0.78239608801956]","[0.8088235294117647, 0.7671568627450981, 0.7965686274509803, 0.7990196078431373, 0.78239608801956, 0.7775061124694377, 0.7921760391198044, 0.7775061124694377, 0.7970660146699267, 0.78239608801956]","[0.8088235294117647, 0.7671568627450981, 0.7965686274509803, 0.7990196078431373, 0.78239608801956, 0.7775061124694377, 0.7921760391198044, 0.7775061124694377, 0.7970660146699267, 0.78239608801956]","[0.8342748973911402, 0.8022302495793654, 0.8300100750906598, 0.8284481412518929, 0.8109177659912055, 0.812223579020544, 0.8175144443185681, 0.8049539861388872, 0.8295701561842164, 0.8080127302670759]","[0.7908219313215812, 0.745431287054483, 0.775256951499515, 0.7759034713753832, 0.7591237541357132, 0.7541072923923523, 0.7752938060770989, 0.7568869804876138, 0.7731636930944084, 0.7633789093117518]","[0.7868265021204535, 0.7389858818759822, 0.7734272264994227, 0.7752850328342114, 0.7563428820732019, 0.7531431564815354, 0.7674919802261628, 0.7528124180277247, 0.7719239395434361, 0.7598892544998361]","[0.8309045150981718, 0.7956464318961687, 0.8235503210561637, 0.8218582778728452, 0.8044480178795895, 0.8042966955518113, 0.8169751454403484, 0.8005928588174765, 0.8216055720540536, 0.8045381459304899]","[0.8088235294117647, 0.7671568627450981, 0.7965686274509803, 0.7990196078431373, 0.78239608801956, 0.7775061124694377, 0.7921760391198044, 0.7775061124694377, 0.7970660146699267, 0.78239608801956]","[0.7977776762931219, 0.751344446679056, 0.785032119540458, 0.7873082751228448, 0.7688612850755876, 0.7651233389083802, 0.779686299712937, 0.7648225646455115, 0.7837165579564427, 0.7712100540208177]","[array([[ 94,   2,   2,   2],
       [ 37,  39,   0,   9],
       [  0,   0,  78,  11],
       [  1,   0,  14, 119]]), array([[ 96,   2,   1,   1],
       [ 41,  33,   0,  11],
       [  0,   0,  69,  20],
       [  2,   0,  17, 115]]), array([[ 98,   1,   1,   1],
       [ 39,  38,   0,   7],
       [  0,   0,  71,  18],
       [  1,   0,  15, 118]]), array([[ 96,   2,   1,   2],
       [ 38,  38,   0,   8],
       [  0,   0,  71,  18],
       [  0,   0,  13, 121]]), array([[ 95,   3,   1,   2],
       [ 38,  35,   0,  11],
       [  0,   0,  71,  18],
       [  2,   0,  14, 119]]), array([[ 95,   2,   1,   3],
       [ 40,  36,   0,   8],
       [  0,   0,  69,  21],
       [  2,   0,  14, 118]]), array([[ 96,   3,   0,   2],
       [ 43,  36,   0,   6],
       [  0,   0,  78,  11],
       [  1,   0,  19, 114]]), array([[ 95,   3,   2,   1],
       [ 40,  36,   0,   9],
       [  0,   0,  71,  18],
       [  2,   0,  16, 116]]), array([[ 97,   2,   1,   1],
       [ 37,  37,   0,  11],
       [  0,   0,  70,  19],
       [  1,   0,  11, 122]]), array([[ 96,   3,   1,   1],
       [ 40,  38,   0,   7],
       [  0,   0,  71,  18],
       [  1,   0,  18, 115]])]","[0.6304347826086957, 0.8043478260869565, 0.6739130434782609, 0.7608695652173914, 0.7111111111111111, 0.8222222222222222, 0.7111111111111111, 0.8222222222222222, 0.7333333333333333, 0.7777777777777778]","[0.6304347826086957, 0.8043478260869565, 0.6739130434782609, 0.7608695652173914, 0.7111111111111111, 0.8222222222222222, 0.7111111111111111, 0.8222222222222222, 0.7333333333333333, 0.7777777777777778]","[0.6304347826086957, 0.8043478260869565, 0.6739130434782609, 0.7608695652173914, 0.7111111111111111, 0.8222222222222222, 0.7111111111111111, 0.8222222222222222, 0.7333333333333333, 0.7777777777777778]","[0.6304347826086957, 0.8043478260869565, 0.6739130434782609, 0.7608695652173914, 0.7111111111111111, 0.8222222222222222, 0.7111111111111111, 0.8222222222222222, 0.7333333333333333, 0.7777777777777778]","[0.7083333333333333, 0.8520833333333333, 0.698529411764706, 0.8216911764705882, 0.7880934854619065, 0.825, 0.7295454545454546, 0.8642156862745098, 0.7416666666666667, 0.8186813186813188]","[0.6138888888888889, 0.7833333333333334, 0.6522727272727273, 0.7416666666666666, 0.6964285714285714, 0.8106060606060606, 0.6795454545454546, 0.7916666666666667, 0.7133838383838382, 0.7717171717171717]","[0.5848905723905724, 0.8027777777777778, 0.6398809523809523, 0.7368551587301587, 0.6608465608465608, 0.795816464237517, 0.6806443556443557, 0.7802884615384615, 0.7101648351648351, 0.7586080586080586]","[0.6956521739130435, 0.8315217391304348, 0.6969309462915602, 0.8117007672634271, 0.7886067149225043, 0.8318518518518517, 0.7222222222222222, 0.8537690631808279, 0.7451851851851852, 0.8153846153846154]","[0.6304347826086957, 0.8043478260869565, 0.6739130434782609, 0.7608695652173914, 0.7111111111111111, 0.8222222222222222, 0.7111111111111111, 0.8222222222222222, 0.7333333333333333, 0.7777777777777778]","[0.5998902064119457, 0.8038647342995169, 0.6534679089026916, 0.7461395790200137, 0.6761434450323338, 0.807137501874344, 0.6954822954822955, 0.7985042735042734, 0.7245421245421245, 0.7657224257224258]","[array([[12,  0,  0,  0],
       [ 6,  2,  0,  1],
       [ 0,  0,  7,  3],
       [ 0,  0,  7,  8]]), array([[10,  0,  0,  2],
       [ 2,  6,  0,  1],
       [ 0,  0,  7,  3],
       [ 0,  0,  1, 14]]), array([[10,  1,  0,  0],
       [ 6,  3,  0,  1],
       [ 0,  0,  6,  4],
       [ 1,  0,  2, 12]]), array([[11,  0,  0,  0],
       [ 5,  4,  0,  1],
       [ 0,  0,  7,  3],
       [ 1,  0,  1, 13]]), array([[11,  0,  0,  0],
       [ 8,  2,  0,  0],
       [ 0,  0,  8,  2],
       [ 0,  0,  3, 11]]), array([[10,  1,  0,  0],
       [ 5,  4,  0,  1],
       [ 0,  0,  9,  0],
       [ 0,  0,  1, 14]]), array([[ 9,  1,  1,  0],
       [ 2,  3,  0,  4],
       [ 0,  0,  7,  3],
       [ 0,  0,  2, 13]]), array([[11,  0,  0,  0],
       [ 4,  3,  0,  2],
       [ 0,  0,  9,  1],
       [ 0,  0,  1, 14]]), array([[10,  1,  0,  0],
       [ 5,  4,  0,  0],
       [ 0,  0,  7,  3],
       [ 0,  0,  3, 12]]), array([[10,  0,  0,  1],
       [ 4,  4,  0,  1],
       [ 0,  0, 10,  0],
       [ 0,  0,  4, 11]])]"
20,"[0.7941176470588235, 0.7696078431372549, 0.7892156862745098, 0.7867647058823529, 0.7750611246943765, 0.7799511002444988, 0.784841075794621, 0.7799511002444988, 0.7897310513447433, 0.78239608801956]","[0.7941176470588235, 0.7696078431372549, 0.7892156862745098, 0.7867647058823529, 0.7750611246943765, 0.7799511002444988, 0.784841075794621, 0.7799511002444988, 0.7897310513447433, 0.78239608801956]","[0.7941176470588235, 0.7696078431372549, 0.7892156862745098, 0.7867647058823529, 0.7750611246943765, 0.7799511002444988, 0.784841075794621, 0.7799511002444988, 0.7897310513447433, 0.78239608801956]","[0.7941176470588235, 0.7696078431372549, 0.7892156862745098, 0.7867647058823529, 0.7750611246943765, 0.7799511002444988, 0.784841075794621, 0.7799511002444988, 0.7897310513447433, 0.78239608801956]","[0.8141375916438736, 0.7941585974660793, 0.8230809509618331, 0.8217318638337741, 0.807095099261718, 0.8117824901584025, 0.8153286568095832, 0.8046221697145624, 0.8232797564260412, 0.8093060449702156]","[0.7758992463327776, 0.7488582533466179, 0.7702688502721047, 0.7655725650785533, 0.7527335143894271, 0.7585108697436908, 0.7703063670346871, 0.7618469789092531, 0.7657494097507332, 0.7613600873607006]","[0.7702823755722792, 0.741509988736119, 0.7645977283239612, 0.759227643982965, 0.7476304443928777, 0.7544984831950426, 0.760846391804941, 0.757996235443044, 0.7627150421976298, 0.7582217279873826]","[0.8125541635002677, 0.7907790156515468, 0.8186206106666674, 0.8158694770996521, 0.8009446477484705, 0.8059613751884379, 0.8157483843309256, 0.8010479627266133, 0.8156400150616959, 0.8047238532055516]","[0.7941176470588235, 0.7696078431372549, 0.7892156862745098, 0.7867647058823529, 0.7750611246943765, 0.7799511002444988, 0.784841075794621, 0.7799511002444988, 0.7897310513447433, 0.78239608801956]","[0.7820664023741666, 0.7543371955583125, 0.7765703415910074, 0.7720455174788555, 0.7604947147467541, 0.7668687448301315, 0.7726922578588354, 0.7688146209625688, 0.7751342667956185, 0.7701260218002121]","[array([[ 93,   4,   1,   2],
       [ 39,  37,   0,   9],
       [  0,   0,  77,  12],
       [  1,   0,  16, 117]]), array([[ 94,   4,   1,   1],
       [ 41,  33,   0,  11],
       [  0,   0,  72,  17],
       [  2,   0,  17, 115]]), array([[ 98,   1,   1,   1],
       [ 41,  36,   0,   7],
       [  0,   0,  74,  15],
       [  1,   0,  19, 114]]), array([[ 97,   1,   1,   2],
       [ 41,  34,   0,   9],
       [  0,   0,  74,  15],
       [  0,   0,  18, 116]]), array([[ 97,   2,   1,   1],
       [ 40,  34,   0,  10],
       [  0,   0,  70,  19],
       [  1,   0,  18, 116]]), array([[ 95,   2,   1,   3],
       [ 41,  35,   0,   8],
       [  0,   0,  73,  17],
       [  1,   0,  17, 116]]), array([[ 97,   2,   1,   1],
       [ 44,  36,   0,   5],
       [  0,   0,  78,  11],
       [  1,   0,  23, 110]]), array([[ 95,   3,   2,   1],
       [ 38,  38,   0,   9],
       [  0,   0,  72,  17],
       [  1,   0,  19, 114]]), array([[ 96,   2,   1,   2],
       [ 39,  35,   0,  11],
       [  0,   0,  71,  18],
       [  1,   0,  12, 121]]), array([[ 96,   3,   1,   1],
       [ 40,  37,   0,   8],
       [  0,   0,  70,  19],
       [  1,   0,  16, 117]])]","[0.6956521739130435, 0.8043478260869565, 0.6956521739130435, 0.8043478260869565, 0.7333333333333333, 0.8666666666666667, 0.7333333333333333, 0.8444444444444444, 0.7777777777777778, 0.7777777777777778]","[0.6956521739130435, 0.8043478260869565, 0.6956521739130435, 0.8043478260869565, 0.7333333333333333, 0.8666666666666667, 0.7333333333333333, 0.8444444444444444, 0.7777777777777778, 0.7777777777777778]","[0.6956521739130435, 0.8043478260869565, 0.6956521739130435, 0.8043478260869565, 0.7333333333333333, 0.8666666666666667, 0.7333333333333333, 0.8444444444444444, 0.7777777777777778, 0.7777777777777778]","[0.6956521739130435, 0.8043478260869565, 0.6956521739130435, 0.8043478260869565, 0.7333333333333333, 0.8666666666666667, 0.7333333333333333, 0.8444444444444444, 0.7777777777777778, 0.7777777777777778]","[0.759090909090909, 0.8520833333333333, 0.7118055555555556, 0.8663194444444444, 0.7961344211344211, 0.8916666666666666, 0.7449162679425838, 0.8770833333333333, 0.7833333333333333, 0.8232600732600732]","[0.6638888888888889, 0.7833333333333334, 0.668939393939394, 0.7833333333333334, 0.7214285714285714, 0.8583333333333334, 0.7045454545454546, 0.8194444444444444, 0.7550505050505051, 0.7606060606060605]","[0.6409090909090909, 0.8027777777777778, 0.6559644059644059, 0.7809042809042809, 0.6992196819783026, 0.8483805668016193, 0.7015827309944958, 0.8161910669975186, 0.7518315018315019, 0.7415955483796562]","[0.7470355731225296, 0.8315217391304348, 0.7110507246376813, 0.8528079710144927, 0.7964689631356298, 0.8925925925925925, 0.7396863370547582, 0.8709259259259259, 0.7896296296296296, 0.8196174196174196]","[0.6956521739130435, 0.8043478260869565, 0.6956521739130435, 0.8043478260869565, 0.7333333333333333, 0.8666666666666667, 0.7333333333333333, 0.8444444444444444, 0.7777777777777778, 0.7777777777777778]","[0.6638998682476943, 0.8038647342995169, 0.6721458895371939, 0.788987180291528, 0.710814827289923, 0.8555705503073924, 0.7165218224041753, 0.8309897987317342, 0.768986568986569, 0.7571329719755507]","[array([[12,  0,  0,  0],
       [ 6,  2,  0,  1],
       [ 0,  0,  7,  3],
       [ 0,  0,  4, 11]]), array([[10,  0,  0,  2],
       [ 2,  6,  0,  1],
       [ 0,  0,  7,  3],
       [ 0,  0,  1, 14]]), array([[10,  1,  0,  0],
       [ 6,  3,  0,  1],
       [ 0,  0,  6,  4],
       [ 0,  0,  2, 13]]), array([[11,  0,  0,  0],
       [ 4,  4,  0,  2],
       [ 0,  0,  8,  2],
       [ 1,  0,  0, 14]]), array([[11,  0,  0,  0],
       [ 7,  3,  0,  0],
       [ 0,  0,  8,  2],
       [ 0,  0,  3, 11]]), array([[11,  0,  0,  0],
       [ 4,  5,  0,  1],
       [ 0,  0,  9,  0],
       [ 0,  0,  1, 14]]), array([[ 9,  1,  1,  0],
       [ 2,  3,  0,  4],
       [ 0,  0,  8,  2],
       [ 0,  0,  2, 13]]), array([[11,  0,  0,  0],
       [ 4,  4,  0,  1],
       [ 0,  0,  9,  1],
       [ 0,  0,  1, 14]]), array([[10,  1,  0,  0],
       [ 5,  4,  0,  0],
       [ 0,  0,  8,  2],
       [ 0,  0,  2, 13]]), array([[10,  0,  0,  1],
       [ 5,  3,  0,  1],
       [ 0,  0, 10,  0],
       [ 0,  0,  3, 12]])]"
21,"[0.7916666666666666, 0.7696078431372549, 0.7941176470588235, 0.7941176470588235, 0.7677261613691931, 0.7799511002444988, 0.7946210268948656, 0.7775061124694377, 0.7799511002444988, 0.7799511002444988]","[0.7916666666666666, 0.7696078431372549, 0.7941176470588235, 0.7941176470588235, 0.7677261613691931, 0.7799511002444988, 0.7946210268948656, 0.7775061124694377, 0.7799511002444988, 0.7799511002444988]","[0.7916666666666666, 0.7696078431372549, 0.7941176470588235, 0.7941176470588235, 0.7677261613691931, 0.7799511002444988, 0.7946210268948656, 0.7775061124694377, 0.7799511002444988, 0.7799511002444988]","[0.7916666666666666, 0.7696078431372549, 0.7941176470588235, 0.7941176470588235, 0.7677261613691931, 0.7799511002444988, 0.7946210268948656, 0.7775061124694377, 0.7799511002444988, 0.7799511002444988]","[0.8160518225735618, 0.8080206912718221, 0.8305292765892571, 0.8238217460160892, 0.7990425810612015, 0.8141347182332267, 0.825364526762578, 0.8018967354469803, 0.8110801226948727, 0.8086283772784004]","[0.7721469404464788, 0.7443348196229691, 0.7710030404767796, 0.7716705229553644, 0.7427253533272, 0.7557745513357306, 0.7746053609957971, 0.7558000164282344, 0.7545828205207594, 0.7573434060613152]","[0.7678435707520856, 0.7387246875653026, 0.7668263224570886, 0.7670414590354038, 0.7376638541078864, 0.7536202188713521, 0.7689771788498531, 0.7540239109143704, 0.7502332341176556, 0.7529160812957346]","[0.8123515902847743, 0.8005154045844071, 0.8248444949584851, 0.8189879190590332, 0.7928504542834881, 0.8071545874174016, 0.8220041218235672, 0.7968069512415414, 0.8043698293154948, 0.8044908383093855]","[0.7916666666666666, 0.7696078431372549, 0.7941176470588235, 0.7941176470588235, 0.7677261613691931, 0.7799511002444988, 0.7946210268948656, 0.7775061124694377, 0.7799511002444988, 0.7799511002444988]","[0.7794233224360411, 0.7525631524357278, 0.7804332754939551, 0.7803432587209689, 0.7518593753113224, 0.766700508207587, 0.7815766581247459, 0.7656436900771527, 0.7638760292614194, 0.7662258784381171]","[array([[ 93,   3,   2,   2],
       [ 38,  37,   0,  10],
       [  0,   0,  75,  14],
       [  1,   0,  15, 118]]), array([[ 96,   2,   1,   1],
       [ 43,  32,   0,  10],
       [  0,   0,  67,  22],
       [  2,   0,  13, 119]]), array([[ 98,   1,   1,   1],
       [ 43,  35,   0,   6],
       [  0,   0,  72,  17],
       [  1,   0,  14, 119]]), array([[ 96,   2,   1,   2],
       [ 41,  35,   0,   8],
       [  0,   0,  74,  15],
       [  0,   0,  15, 119]]), array([[ 95,   3,   1,   2],
       [ 42,  32,   0,  10],
       [  0,   0,  69,  20],
       [  2,   0,  15, 118]]), array([[ 95,   2,   1,   3],
       [ 42,  35,   0,   7],
       [  0,   0,  70,  20],
       [  1,   0,  14, 119]]), array([[ 98,   2,   0,   1],
       [ 43,  36,   0,   6],
       [  0,   0,  74,  15],
       [  1,   0,  16, 117]]), array([[ 93,   4,   2,   2],
       [ 38,  37,   0,  10],
       [  0,   0,  70,  19],
       [  2,   0,  14, 118]]), array([[ 95,   3,   1,   2],
       [ 41,  33,   0,  11],
       [  0,   0,  70,  19],
       [  1,   0,  12, 121]]), array([[ 96,   3,   1,   1],
       [ 43,  35,   0,   7],
       [  0,   0,  70,  19],
       [  1,   0,  15, 118]])]","[0.6956521739130435, 0.7608695652173914, 0.6521739130434783, 0.782608695652174, 0.7333333333333333, 0.8444444444444444, 0.7555555555555555, 0.8, 0.7333333333333333, 0.8]","[0.6956521739130435, 0.7608695652173914, 0.6521739130434783, 0.782608695652174, 0.7333333333333333, 0.8444444444444444, 0.7555555555555555, 0.8, 0.7333333333333333, 0.8]","[0.6956521739130435, 0.7608695652173914, 0.6521739130434783, 0.782608695652174, 0.7333333333333333, 0.8444444444444444, 0.7555555555555555, 0.8, 0.7333333333333333, 0.8]","[0.6956521739130435, 0.7608695652173914, 0.6521739130434783, 0.782608695652174, 0.7333333333333333, 0.8444444444444444, 0.7555555555555555, 0.8, 0.7333333333333333, 0.8]","[0.759090909090909, 0.8232600732600732, 0.679796918767507, 0.8562091503267973, 0.7488445378151262, 0.8743055555555556, 0.7670454545454546, 0.8499795751633987, 0.7416666666666667, 0.8351648351648352]","[0.6638888888888889, 0.7305555555555556, 0.6272727272727272, 0.7583333333333333, 0.7165584415584415, 0.8305555555555555, 0.7212121212121212, 0.7666666666666666, 0.7133838383838382, 0.7883838383838384]","[0.6409090909090909, 0.7494864612511671, 0.6145912910618794, 0.757289279348103, 0.7, 0.8262338020402537, 0.7199300699300699, 0.7579800194931774, 0.7101648351648351, 0.7781340099181179]","[0.7470355731225296, 0.8000477783086479, 0.6763792473511144, 0.8431372549019607, 0.7549019607843137, 0.8709259259259259, 0.7611111111111111, 0.8400962236746551, 0.7451851851851852, 0.8312576312576313]","[0.6956521739130435, 0.7608695652173914, 0.6521739130434783, 0.782608695652174, 0.7333333333333333, 0.8444444444444444, 0.7555555555555555, 0.8, 0.7333333333333333, 0.8]","[0.6638998682476943, 0.7555230787967362, 0.629006543328794, 0.7678197761317965, 0.7142857142857142, 0.8338388015807371, 0.7367521367521367, 0.7779781243231535, 0.7245421245421245, 0.7877312625738414]","[array([[12,  0,  0,  0],
       [ 6,  2,  0,  1],
       [ 0,  0,  7,  3],
       [ 0,  0,  4, 11]]), array([[10,  0,  0,  2],
       [ 3,  5,  0,  1],
       [ 0,  0,  6,  4],
       [ 0,  0,  1, 14]]), array([[10,  1,  0,  0],
       [ 6,  3,  0,  1],
       [ 0,  0,  5,  5],
       [ 1,  0,  2, 12]]), array([[11,  0,  0,  0],
       [ 5,  4,  0,  1],
       [ 0,  0,  7,  3],
       [ 1,  0,  0, 14]]), array([[10,  1,  0,  0],
       [ 7,  3,  0,  0],
       [ 0,  0,  8,  2],
       [ 0,  0,  2, 12]]), array([[11,  0,  0,  0],
       [ 4,  5,  0,  1],
       [ 0,  0,  8,  1],
       [ 0,  0,  1, 14]]), array([[ 9,  1,  1,  0],
       [ 2,  3,  0,  4],
       [ 0,  0,  8,  2],
       [ 0,  0,  1, 14]]), array([[11,  0,  0,  0],
       [ 5,  3,  0,  1],
       [ 0,  0,  8,  2],
       [ 0,  0,  1, 14]]), array([[10,  1,  0,  0],
       [ 5,  4,  0,  0],
       [ 0,  0,  7,  3],
       [ 0,  0,  3, 12]]), array([[10,  0,  0,  1],
       [ 4,  4,  0,  1],
       [ 0,  0, 10,  0],
       [ 0,  0,  3, 12]])]"
22,"[0.7892156862745098, 0.7818627450980392, 0.7843137254901961, 0.7818627450980392, 0.7750611246943765, 0.7677261613691931, 0.78239608801956, 0.7775061124694377, 0.784841075794621, 0.7799511002444988]","[0.7892156862745098, 0.7818627450980392, 0.7843137254901961, 0.7818627450980392, 0.7750611246943765, 0.7677261613691931, 0.78239608801956, 0.7775061124694377, 0.784841075794621, 0.7799511002444988]","[0.7892156862745098, 0.7818627450980392, 0.7843137254901961, 0.7818627450980392, 0.7750611246943765, 0.7677261613691931, 0.78239608801956, 0.7775061124694377, 0.784841075794621, 0.7799511002444988]","[0.7892156862745098, 0.7818627450980392, 0.7843137254901961, 0.7818627450980392, 0.7750611246943765, 0.7677261613691931, 0.78239608801956, 0.7775061124694377, 0.784841075794621, 0.7799511002444988]","[0.8131302893975988, 0.8146715485807932, 0.8161180423820873, 0.8192980694495787, 0.8043231266911632, 0.8039895124716554, 0.8139801031572714, 0.801585850056273, 0.8200168058552212, 0.8084693832596219]","[0.7713567736334849, 0.7606629608073314, 0.7618202591922544, 0.759010608243211, 0.7505295861314327, 0.743020341479777, 0.7639256633143757, 0.7542585826536012, 0.7598670568095568, 0.7572112183547719]","[0.766961331147968, 0.7558638673557683, 0.7563500066959831, 0.7516036809311583, 0.7472356288077886, 0.7352939228741138, 0.7566737457551066, 0.7505289244542674, 0.7549830138931143, 0.7517630934639131]","[0.8106483077485219, 0.8082442236241938, 0.8111477166624226, 0.8129213177934751, 0.7979913131485944, 0.7975974252781796, 0.8119946430233321, 0.7972370951131574, 0.8129631460787519, 0.8039047862166774]","[0.7892156862745098, 0.7818627450980392, 0.7843137254901961, 0.7818627450980392, 0.7750611246943765, 0.7677261613691931, 0.78239608801956, 0.7775061124694377, 0.784841075794621, 0.7799511002444988]","[0.7782079439628149, 0.7675910706496192, 0.7698565208847894, 0.7654744252896476, 0.7606502199131494, 0.7501805530975727, 0.76944625169586, 0.7636530014466659, 0.7686662084639075, 0.7651020159046533]","[array([[ 93,   3,   2,   2],
       [ 39,  38,   0,   8],
       [  0,   0,  75,  14],
       [  1,   0,  17, 116]]), array([[ 96,   2,   1,   1],
       [ 39,  35,   0,  11],
       [  0,   0,  71,  18],
       [  2,   0,  15, 117]]), array([[ 97,   2,   1,   1],
       [ 42,  34,   0,   8],
       [  0,   0,  72,  17],
       [  1,   0,  16, 117]]), array([[ 96,   1,   1,   3],
       [ 43,  32,   0,   9],
       [  0,   0,  74,  15],
       [  0,   0,  17, 117]]), array([[ 95,   3,   1,   2],
       [ 40,  34,   0,  10],
       [  0,   0,  69,  20],
       [  1,   0,  15, 119]]), array([[ 94,   2,   1,   4],
       [ 45,  30,   0,   9],
       [  0,   0,  73,  17],
       [  1,   0,  16, 117]]), array([[ 96,   2,   1,   2],
       [ 45,  35,   0,   5],
       [  0,   0,  75,  14],
       [  1,   0,  19, 114]]), array([[ 94,   4,   2,   1],
       [ 40,  35,   0,  10],
       [  0,   0,  70,  19],
       [  1,   0,  14, 119]]), array([[ 96,   2,   1,   2],
       [ 42,  33,   0,  10],
       [  0,   0,  71,  18],
       [  1,   0,  12, 121]]), array([[ 96,   3,   1,   1],
       [ 42,  34,   0,   9],
       [  0,   0,  71,  18],
       [  1,   0,  15, 118]])]","[0.6739130434782609, 0.7608695652173914, 0.6956521739130435, 0.8260869565217391, 0.7111111111111111, 0.8444444444444444, 0.7555555555555555, 0.8222222222222222, 0.7777777777777778, 0.7555555555555555]","[0.6739130434782609, 0.7608695652173914, 0.6956521739130435, 0.8260869565217391, 0.7111111111111111, 0.8444444444444444, 0.7555555555555555, 0.8222222222222222, 0.7777777777777778, 0.7555555555555555]","[0.6739130434782609, 0.7608695652173914, 0.6956521739130435, 0.8260869565217391, 0.7111111111111111, 0.8444444444444444, 0.7555555555555555, 0.8222222222222222, 0.7777777777777778, 0.7555555555555555]","[0.6739130434782609, 0.7608695652173914, 0.6956521739130435, 0.8260869565217391, 0.7111111111111111, 0.8444444444444444, 0.7555555555555555, 0.8222222222222222, 0.7777777777777778, 0.7555555555555555]","[0.7410714285714286, 0.8048076923076923, 0.7118055555555556, 0.8777573529411764, 0.7279154668860551, 0.8743055555555556, 0.7670454545454546, 0.8642156862745098, 0.7833333333333333, 0.8030219780219781]","[0.6472222222222223, 0.7305555555555556, 0.668939393939394, 0.8083333333333333, 0.6987012987012986, 0.8305555555555555, 0.7212121212121212, 0.7916666666666667, 0.7550505050505051, 0.7378787878787878]","[0.6224137931034482, 0.7452380952380953, 0.6559644059644059, 0.8021529518240044, 0.6798941798941799, 0.8262338020402537, 0.7199300699300699, 0.7802884615384615, 0.7518315018315019, 0.7223913043478261]","[0.729296066252588, 0.7876254180602007, 0.7110507246376813, 0.8677269820971867, 0.7353215412038941, 0.8709259259259259, 0.7611111111111111, 0.8537690631808279, 0.7896296296296296, 0.7947496947496947]","[0.6739130434782609, 0.7608695652173914, 0.6956521739130435, 0.8260869565217391, 0.7111111111111111, 0.8444444444444444, 0.7555555555555555, 0.8222222222222222, 0.7777777777777778, 0.7555555555555555]","[0.6430693744037073, 0.7542443064182195, 0.6721458895371939, 0.8103463671255433, 0.6926513815402703, 0.8338388015807371, 0.7367521367521367, 0.7985042735042734, 0.768986568986569, 0.735903381642512]","[array([[12,  0,  0,  0],
       [ 6,  2,  0,  1],
       [ 0,  0,  7,  3],
       [ 0,  0,  5, 10]]), array([[10,  0,  1,  1],
       [ 3,  5,  0,  1],
       [ 0,  0,  6,  4],
       [ 0,  0,  1, 14]]), array([[10,  1,  0,  0],
       [ 6,  3,  0,  1],
       [ 0,  0,  6,  4],
       [ 0,  0,  2, 13]]), array([[11,  0,  0,  0],
       [ 4,  4,  0,  2],
       [ 0,  0,  9,  1],
       [ 1,  0,  0, 14]]), array([[10,  1,  0,  0],
       [ 7,  3,  0,  0],
       [ 0,  0,  8,  2],
       [ 0,  0,  3, 11]]), array([[11,  0,  0,  0],
       [ 4,  5,  0,  1],
       [ 0,  0,  8,  1],
       [ 0,  0,  1, 14]]), array([[ 9,  1,  1,  0],
       [ 2,  3,  0,  4],
       [ 0,  0,  8,  2],
       [ 0,  0,  1, 14]]), array([[11,  0,  0,  0],
       [ 4,  3,  0,  2],
       [ 0,  0,  9,  1],
       [ 0,  0,  1, 14]]), array([[10,  1,  0,  0],
       [ 5,  4,  0,  0],
       [ 0,  0,  8,  2],
       [ 0,  0,  2, 13]]), array([[ 9,  0,  0,  2],
       [ 5,  3,  0,  1],
       [ 0,  0, 10,  0],
       [ 0,  0,  3, 12]])]"
23,"[0.7818627450980392, 0.7622549019607843, 0.7794117647058824, 0.7720588235294118, 0.7628361858190709, 0.7701711491442543, 0.7677261613691931, 0.7701711491442543, 0.7775061124694377, 0.7726161369193154]","[0.7818627450980392, 0.7622549019607843, 0.7794117647058824, 0.7720588235294118, 0.7628361858190709, 0.7701711491442543, 0.7677261613691931, 0.7701711491442543, 0.7775061124694377, 0.7726161369193154]","[0.7818627450980392, 0.7622549019607843, 0.7794117647058824, 0.7720588235294118, 0.7628361858190709, 0.7701711491442543, 0.7677261613691931, 0.7701711491442543, 0.7775061124694377, 0.7726161369193154]","[0.7818627450980392, 0.7622549019607843, 0.7794117647058824, 0.7720588235294118, 0.7628361858190709, 0.7701711491442543, 0.7677261613691931, 0.7701711491442543, 0.7775061124694377, 0.7726161369193154]","[0.8010694579458233, 0.7970400560668043, 0.8153442381901371, 0.8129621046459723, 0.7943814871183141, 0.8034963170349632, 0.8005773601518282, 0.7961150421534883, 0.8146812708563307, 0.8030008812035453]","[0.7592457655542513, 0.7359524666817927, 0.7533716681124043, 0.7455536155182323, 0.7382317144234487, 0.7475038761871923, 0.74801504785236, 0.7469764870164696, 0.751440090517422, 0.7486520643560938]","[0.753692101463033, 0.7285004173747036, 0.748202180711646, 0.7378928762336701, 0.7344318429170413, 0.7435107376283847, 0.7425117373311373, 0.7428944791304156, 0.7475694444444445, 0.7429510186820063]","[0.7993872504047254, 0.7909296921835561, 0.8092054631999318, 0.8056019844557363, 0.7875788013495456, 0.7973064959192752, 0.7958781360539672, 0.7913972466596073, 0.8066015073221044, 0.7982745936120897]","[0.7818627450980392, 0.7622549019607843, 0.7794117647058824, 0.7720588235294118, 0.7628361858190709, 0.7701711491442543, 0.7677261613691931, 0.7701711491442543, 0.7775061124694377, 0.7726161369193154]","[0.7677642741684487, 0.743618054814279, 0.7633026121286113, 0.7535449814025375, 0.747882270583876, 0.7565038729428202, 0.7544769698767572, 0.7559982291989696, 0.7612401521325727, 0.7570244497116153]","[array([[ 91,   5,   2,   2],
       [ 42,  34,   0,   9],
       [  0,   0,  74,  15],
       [  1,   0,  13, 120]]), array([[ 95,   3,   1,   1],
       [ 45,  30,   0,  10],
       [  0,   0,  67,  22],
       [  2,   0,  13, 119]]), array([[ 96,   2,   1,   2],
       [ 45,  32,   0,   7],
       [  0,   0,  70,  19],
       [  1,   0,  13, 120]]), array([[ 96,   1,   2,   2],
       [ 45,  30,   0,   9],
       [  0,   0,  70,  19],
       [  0,   0,  15, 119]]), array([[ 95,   3,   1,   2],
       [ 41,  33,   0,  10],
       [  0,   0,  67,  22],
       [  2,   0,  16, 117]]), array([[ 94,   2,   2,   3],
       [ 42,  34,   0,   8],
       [  0,   0,  71,  19],
       [  1,   0,  17, 116]]), array([[ 96,   2,   1,   2],
       [ 43,  35,   0,   7],
       [  0,   0,  70,  19],
       [  1,   0,  20, 113]]), array([[ 93,   4,   2,   2],
       [ 41,  34,   0,  10],
       [  0,   0,  70,  19],
       [  2,   0,  14, 118]]), array([[ 96,   2,   1,   2],
       [ 42,  33,   0,  10],
       [  0,   0,  68,  21],
       [  1,   0,  12, 121]]), array([[ 96,   3,   1,   1],
       [ 44,  33,   0,   8],
       [  0,   0,  69,  20],
       [  1,   0,  15, 118]])]","[0.6739130434782609, 0.7391304347826086, 0.717391304347826, 0.8043478260869565, 0.6888888888888889, 0.8, 0.7333333333333333, 0.8, 0.7555555555555555, 0.7333333333333333]","[0.6739130434782609, 0.7391304347826086, 0.717391304347826, 0.8043478260869565, 0.6888888888888889, 0.8, 0.7333333333333333, 0.8, 0.7555555555555555, 0.7333333333333333]","[0.6739130434782609, 0.7391304347826086, 0.717391304347826, 0.8043478260869565, 0.6888888888888889, 0.8, 0.7333333333333333, 0.8, 0.7555555555555555, 0.7333333333333333]","[0.6739130434782609, 0.7391304347826086, 0.717391304347826, 0.8043478260869565, 0.6888888888888889, 0.8, 0.7333333333333333, 0.8, 0.7555555555555555, 0.7333333333333333]","[0.7410714285714286, 0.7910714285714286, 0.7422462406015038, 0.8663194444444444, 0.6708646616541353, 0.8115371148459383, 0.7373737373737375, 0.8465277777777778, 0.7619047619047619, 0.7857142857142857]","[0.6472222222222223, 0.7027777777777777, 0.6856060606060606, 0.7833333333333334, 0.6665584415584416, 0.7800505050505051, 0.7045454545454546, 0.7694444444444444, 0.7411616161616161, 0.7212121212121212]","[0.6224137931034482, 0.7128205128205127, 0.6746809835045129, 0.7809042809042809, 0.6226190476190476, 0.7808823529411765, 0.6984826767435464, 0.771950271950272, 0.7416666666666667, 0.7029885057471263]","[0.729296066252588, 0.7732919254658385, 0.7391100032690422, 0.8528079710144927, 0.6842105263157895, 0.8092981637099284, 0.7356902356902357, 0.832962962962963, 0.7634920634920636, 0.7777777777777778]","[0.6739130434782609, 0.7391304347826086, 0.717391304347826, 0.8043478260869565, 0.6888888888888889, 0.8, 0.7333333333333333, 0.8, 0.7555555555555555, 0.7333333333333333]","[0.6430693744037073, 0.7268673355629878, 0.6922962421683649, 0.788987180291528, 0.6444444444444445, 0.7908169934640523, 0.7155504720722112, 0.7855823189156522, 0.7511111111111111, 0.714058748403576]","[array([[12,  0,  0,  0],
       [ 6,  2,  0,  1],
       [ 0,  0,  7,  3],
       [ 0,  0,  5, 10]]), array([[10,  0,  1,  1],
       [ 4,  4,  0,  1],
       [ 0,  0,  6,  4],
       [ 0,  0,  1, 14]]), array([[10,  1,  0,  0],
       [ 6,  3,  0,  1],
       [ 0,  0,  6,  4],
       [ 0,  0,  1, 14]]), array([[11,  0,  0,  0],
       [ 4,  4,  0,  2],
       [ 0,  0,  8,  2],
       [ 1,  0,  0, 14]]), array([[10,  1,  0,  0],
       [ 9,  1,  0,  0],
       [ 0,  0,  8,  2],
       [ 0,  0,  2, 12]]), array([[10,  1,  0,  0],
       [ 4,  5,  0,  1],
       [ 0,  0,  7,  2],
       [ 0,  0,  1, 14]]), array([[ 9,  1,  1,  0],
       [ 3,  3,  0,  3],
       [ 0,  0,  8,  2],
       [ 0,  0,  2, 13]]), array([[11,  0,  0,  0],
       [ 4,  4,  0,  1],
       [ 0,  0,  7,  3],
       [ 0,  0,  1, 14]]), array([[10,  1,  0,  0],
       [ 4,  5,  0,  0],
       [ 0,  0,  7,  3],
       [ 0,  0,  3, 12]]), array([[ 9,  0,  0,  2],
       [ 5,  3,  0,  1],
       [ 0,  0, 10,  0],
       [ 0,  0,  4, 11]])]"
24,"[0.7892156862745098, 0.7745098039215687, 0.7720588235294118, 0.7720588235294118, 0.7677261613691931, 0.7628361858190709, 0.7750611246943765, 0.7652811735941321, 0.78239608801956, 0.7799511002444988]","[0.7892156862745098, 0.7745098039215687, 0.7720588235294118, 0.7720588235294118, 0.7677261613691931, 0.7628361858190709, 0.7750611246943765, 0.7652811735941321, 0.78239608801956, 0.7799511002444988]","[0.7892156862745098, 0.7745098039215687, 0.7720588235294118, 0.7720588235294118, 0.7677261613691931, 0.7628361858190709, 0.7750611246943765, 0.7652811735941321, 0.78239608801956, 0.7799511002444988]","[0.7892156862745098, 0.7745098039215687, 0.7720588235294118, 0.7720588235294118, 0.7677261613691931, 0.7628361858190709, 0.7750611246943765, 0.7652811735941321, 0.78239608801956, 0.7799511002444988]","[0.8131109022556392, 0.8058133158451813, 0.8120338655124972, 0.8113466261107035, 0.7979064180731588, 0.8001637778251988, 0.8071641282074591, 0.7860534099716366, 0.819359253915082, 0.809541904748994]","[0.7705902575687327, 0.7491862810863067, 0.7476074514748856, 0.7476074514748856, 0.7432262962786381, 0.7376631986226341, 0.7573853312667487, 0.742635567849926, 0.7563163044560071, 0.7561357135259748]","[0.765450281469334, 0.7418353252326104, 0.7404140697644741, 0.7399692387943964, 0.7392487997234833, 0.7319532732796775, 0.7499287110289474, 0.7381318646878231, 0.7513093510234496, 0.7500678866587958]","[0.8112344279817191, 0.800250138805979, 0.8046205982392957, 0.8050887413944953, 0.7914730782770651, 0.793052924784577, 0.8051131105450298, 0.7823573516191223, 0.8117627880232606, 0.8053265192706931]","[0.7892156862745098, 0.7745098039215687, 0.7720588235294118, 0.7720588235294118, 0.7677261613691931, 0.7628361858190709, 0.7750611246943765, 0.7652811735941321, 0.78239608801956, 0.7799511002444988]","[0.7775726774910768, 0.7564922766812407, 0.7547756633007207, 0.7549490976926407, 0.7528107628395456, 0.7464210990365853, 0.7622810780906629, 0.7511632602519236, 0.7654589442088038, 0.7643349893049824]","[array([[ 92,   3,   3,   2],
       [ 40,  37,   0,   8],
       [  0,   0,  76,  13],
       [  1,   0,  16, 117]]), array([[ 95,   3,   1,   1],
       [ 43,  31,   0,  11],
       [  0,   0,  70,  19],
       [  1,   0,  13, 120]]), array([[ 96,   1,   2,   2],
       [ 43,  31,   0,  10],
       [  0,   0,  71,  18],
       [  1,   0,  16, 117]]), array([[ 96,   1,   2,   2],
       [ 45,  31,   0,   8],
       [  0,   0,  71,  18],
       [  0,   0,  17, 117]]), array([[ 94,   3,   1,   3],
       [ 41,  33,   0,  10],
       [  0,   0,  69,  20],
       [  1,   0,  16, 118]]), array([[ 94,   2,   1,   4],
       [ 45,  31,   0,   8],
       [  0,   0,  70,  20],
       [  1,   0,  16, 117]]), array([[ 96,   2,   1,   2],
       [ 45,  35,   0,   5],
       [  0,   0,  74,  15],
       [  1,   0,  21, 112]]), array([[ 92,   5,   2,   2],
       [ 40,  34,   0,  11],
       [  0,   0,  70,  19],
       [  1,   0,  16, 117]]), array([[ 95,   2,   1,   3],
       [ 43,  32,   0,  10],
       [  0,   0,  71,  18],
       [  1,   0,  11, 122]]), array([[ 96,   3,   1,   1],
       [ 44,  33,   0,   8],
       [  0,   0,  71,  18],
       [  1,   0,  14, 119]])]","[0.6739130434782609, 0.7608695652173914, 0.7391304347826086, 0.8043478260869565, 0.6888888888888889, 0.8222222222222222, 0.7555555555555555, 0.8, 0.7333333333333333, 0.7333333333333333]","[0.6739130434782609, 0.7608695652173914, 0.7391304347826086, 0.8043478260869565, 0.6888888888888889, 0.8222222222222222, 0.7555555555555555, 0.8, 0.7333333333333333, 0.7333333333333333]","[0.6739130434782609, 0.7608695652173914, 0.7391304347826086, 0.8043478260869565, 0.6888888888888889, 0.8222222222222222, 0.7555555555555555, 0.8, 0.7333333333333333, 0.7333333333333333]","[0.6739130434782609, 0.7608695652173914, 0.7391304347826086, 0.8043478260869565, 0.6888888888888889, 0.8222222222222222, 0.7555555555555555, 0.8, 0.7333333333333333, 0.7333333333333333]","[0.7410714285714286, 0.8048076923076923, 0.7569444444444444, 0.8663194444444444, 0.6708646616541353, 0.8579656862745098, 0.7592105263157894, 0.85, 0.7416666666666667, 0.7857142857142857]","[0.6472222222222223, 0.7305555555555556, 0.7106060606060606, 0.7833333333333334, 0.6665584415584416, 0.8027777777777778, 0.7212121212121212, 0.7666666666666666, 0.7133838383838382, 0.7212121212121212]","[0.6224137931034482, 0.7452380952380953, 0.6988936988936989, 0.7809042809042809, 0.6226190476190476, 0.8028374811463046, 0.7169191422388352, 0.7591859894491474, 0.7101648351648351, 0.7029885057471263]","[0.729296066252588, 0.7876254180602007, 0.7563405797101449, 0.8528079710144927, 0.6842105263157895, 0.8509912854030501, 0.7567251461988305, 0.8360493827160493, 0.7451851851851852, 0.7777777777777778]","[0.6739130434782609, 0.7608695652173914, 0.7391304347826086, 0.8043478260869565, 0.6888888888888889, 0.8222222222222222, 0.7555555555555555, 0.8, 0.7333333333333333, 0.7333333333333333]","[0.6430693744037073, 0.7542443064182195, 0.716063324758977, 0.788987180291528, 0.6444444444444445, 0.8113583040053628, 0.7358996218331256, 0.7768003925898663, 0.7245421245421245, 0.714058748403576]","[array([[12,  0,  0,  0],
       [ 6,  2,  0,  1],
       [ 0,  0,  7,  3],
       [ 0,  0,  5, 10]]), array([[10,  0,  1,  1],
       [ 3,  5,  0,  1],
       [ 0,  0,  6,  4],
       [ 0,  0,  1, 14]]), array([[10,  1,  0,  0],
       [ 6,  3,  0,  1],
       [ 0,  0,  7,  3],
       [ 0,  0,  1, 14]]), array([[11,  0,  0,  0],
       [ 4,  4,  0,  2],
       [ 0,  0,  8,  2],
       [ 1,  0,  0, 14]]), array([[10,  1,  0,  0],
       [ 9,  1,  0,  0],
       [ 0,  0,  8,  2],
       [ 0,  0,  2, 12]]), array([[11,  0,  0,  0],
       [ 4,  5,  0,  1],
       [ 0,  0,  7,  2],
       [ 0,  0,  1, 14]]), array([[ 9,  1,  1,  0],
       [ 3,  3,  0,  3],
       [ 0,  0,  8,  2],
       [ 0,  0,  1, 14]]), array([[11,  0,  0,  0],
       [ 4,  3,  0,  2],
       [ 0,  0,  8,  2],
       [ 0,  0,  1, 14]]), array([[10,  1,  0,  0],
       [ 5,  4,  0,  0],
       [ 0,  0,  7,  3],
       [ 0,  0,  3, 12]]), array([[ 9,  0,  0,  2],
       [ 5,  3,  0,  1],
       [ 0,  0, 10,  0],
       [ 0,  0,  4, 11]])]"
25,"[0.7794117647058824, 0.7671568627450981, 0.7769607843137255, 0.7769607843137255, 0.7726161369193154, 0.7677261613691931, 0.7652811735941321, 0.7701711491442543, 0.7946210268948656, 0.7750611246943765]","[0.7794117647058824, 0.7671568627450981, 0.7769607843137255, 0.7769607843137255, 0.7726161369193154, 0.7677261613691931, 0.7652811735941321, 0.7701711491442543, 0.7946210268948656, 0.7750611246943765]","[0.7794117647058824, 0.7671568627450981, 0.7769607843137255, 0.7769607843137255, 0.7726161369193154, 0.7677261613691931, 0.7652811735941321, 0.7701711491442543, 0.7946210268948656, 0.7750611246943765]","[0.7794117647058824, 0.7671568627450981, 0.7769607843137255, 0.7769607843137255, 0.7726161369193154, 0.7677261613691931, 0.7652811735941321, 0.7701711491442543, 0.7946210268948656, 0.7750611246943765]","[0.807326263838869, 0.8004899327291413, 0.8174367679767075, 0.8108499528681343, 0.8056033002372924, 0.8045884646962232, 0.7890367418582035, 0.7951144990610454, 0.8251481283894634, 0.8065481651588702]","[0.7558634126130748, 0.7408915025007152, 0.7513387947584678, 0.7512301618269442, 0.7450157261579555, 0.7411961292078035, 0.7462072828061924, 0.7471086747230129, 0.7692049183906464, 0.748700467579583]","[0.7484756298577444, 0.7356777087304928, 0.7446652503491528, 0.7460443630239699, 0.7429411979469669, 0.7344031057204866, 0.7401316014248355, 0.7438907086996931, 0.7672330587043604, 0.7418184093253817]","[0.8037423466118473, 0.7938730241933268, 0.810089177936514, 0.8043879350746335, 0.7976791739074277, 0.797846523821568, 0.7878780418593461, 0.790218523924068, 0.8182343397791075, 0.8020926189442218]","[0.7794117647058824, 0.7671568627450981, 0.7769607843137255, 0.7769607843137255, 0.7726161369193154, 0.7677261613691931, 0.7652811735941321, 0.7701711491442543, 0.7946210268948656, 0.7750611246943765]","[0.7630745729988528, 0.7500311295323506, 0.7596269605207723, 0.7607526701972469, 0.7571990463943176, 0.7499653351667565, 0.7529520870595515, 0.7566241230282893, 0.7803615358641149, 0.7576200526327578]","[array([[ 92,   3,   3,   2],
       [ 43,  32,   0,  10],
       [  0,   0,  74,  15],
       [  1,   0,  13, 120]]), array([[ 95,   3,   1,   1],
       [ 43,  32,   0,  10],
       [  0,   0,  66,  23],
       [  1,   0,  13, 120]]), array([[ 96,   1,   2,   2],
       [ 44,  31,   0,   9],
       [  0,   0,  71,  18],
       [  1,   0,  14, 119]]), array([[ 94,   2,   2,   3],
       [ 43,  32,   0,   9],
       [  0,   0,  71,  18],
       [  0,   0,  14, 120]]), array([[ 94,   3,   1,   3],
       [ 41,  33,   0,  10],
       [  0,   0,  67,  22],
       [  1,   0,  12, 122]]), array([[ 94,   2,   2,   3],
       [ 45,  30,   0,   9],
       [  0,   0,  71,  19],
       [  1,   0,  14, 119]]), array([[ 93,   4,   2,   2],
       [ 44,  35,   0,   6],
       [  0,   0,  72,  17],
       [  1,   0,  20, 113]]), array([[ 93,   4,   2,   2],
       [ 40,  35,   0,  10],
       [  0,   0,  69,  20],
       [  1,   0,  15, 118]]), array([[ 94,   3,   1,   3],
       [ 40,  35,   0,  10],
       [  0,   0,  72,  17],
       [  1,   0,   9, 124]]), array([[ 95,   3,   2,   1],
       [ 46,  31,   0,   8],
       [  0,   0,  70,  19],
       [  1,   0,  12, 121]])]","[0.6956521739130435, 0.717391304347826, 0.717391304347826, 0.8260869565217391, 0.7111111111111111, 0.7777777777777778, 0.7555555555555555, 0.7777777777777778, 0.7555555555555555, 0.7333333333333333]","[0.6956521739130435, 0.717391304347826, 0.717391304347826, 0.8260869565217391, 0.7111111111111111, 0.7777777777777778, 0.7555555555555555, 0.7777777777777778, 0.7555555555555555, 0.7333333333333333]","[0.6956521739130435, 0.717391304347826, 0.717391304347826, 0.8260869565217391, 0.7111111111111111, 0.7777777777777778, 0.7555555555555555, 0.7777777777777778, 0.7555555555555555, 0.7333333333333333]","[0.6956521739130435, 0.717391304347826, 0.717391304347826, 0.8260869565217391, 0.7111111111111111, 0.7777777777777778, 0.7555555555555555, 0.7777777777777778, 0.7555555555555555, 0.7333333333333333]","[0.759090909090909, 0.7791666666666666, 0.7422462406015038, 0.8805147058823529, 0.7198412698412698, 0.7912990196078431, 0.7592105263157894, 0.8362938596491228, 0.7619047619047619, 0.7857142857142857]","[0.6638888888888889, 0.675, 0.6856060606060606, 0.8083333333333333, 0.6915584415584416, 0.755050505050505, 0.7212121212121212, 0.7416666666666667, 0.7411616161616161, 0.7212121212121212]","[0.6409090909090909, 0.6768518518518518, 0.6746809835045129, 0.8019342711617754, 0.6636225843122395, 0.7502733785822021, 0.7169191422388352, 0.7368652589240825, 0.7416666666666667, 0.7029885057471263]","[0.7470355731225296, 0.7608695652173914, 0.7391100032690422, 0.8748401534526854, 0.7283950617283951, 0.7902505446623094, 0.7567251461988305, 0.819317738791423, 0.7634920634920636, 0.7777777777777778]","[0.6956521739130435, 0.717391304347826, 0.717391304347826, 0.8260869565217391, 0.7111111111111111, 0.7777777777777778, 0.7555555555555555, 0.7777777777777778, 0.7555555555555555, 0.7333333333333333]","[0.6638998682476943, 0.6968599033816425, 0.6922962421683649, 0.8125916122705078, 0.6814028882994401, 0.7629252555723143, 0.7358996218331256, 0.7541869169320149, 0.7511111111111111, 0.714058748403576]","[array([[12,  0,  0,  0],
       [ 6,  2,  0,  1],
       [ 0,  0,  7,  3],
       [ 0,  0,  4, 11]]), array([[10,  0,  1,  1],
       [ 5,  3,  0,  1],
       [ 0,  0,  6,  4],
       [ 0,  0,  1, 14]]), array([[10,  1,  0,  0],
       [ 6,  3,  0,  1],
       [ 0,  0,  6,  4],
       [ 0,  0,  1, 14]]), array([[11,  0,  0,  0],
       [ 5,  4,  0,  1],
       [ 0,  0,  9,  1],
       [ 1,  0,  0, 14]]), array([[10,  1,  0,  0],
       [ 8,  2,  0,  0],
       [ 0,  0,  8,  2],
       [ 0,  0,  2, 12]]), array([[10,  1,  0,  0],
       [ 5,  4,  0,  1],
       [ 0,  0,  7,  2],
       [ 0,  0,  1, 14]]), array([[ 9,  1,  1,  0],
       [ 3,  3,  0,  3],
       [ 0,  0,  8,  2],
       [ 0,  0,  1, 14]]), array([[11,  0,  0,  0],
       [ 4,  3,  0,  2],
       [ 0,  0,  7,  3],
       [ 0,  0,  1, 14]]), array([[10,  1,  0,  0],
       [ 4,  5,  0,  0],
       [ 0,  0,  7,  3],
       [ 0,  0,  3, 12]]), array([[ 9,  0,  0,  2],
       [ 5,  3,  0,  1],
       [ 0,  0, 10,  0],
       [ 0,  0,  4, 11]])]"
26,"[0.7794117647058824, 0.7843137254901961, 0.7720588235294118, 0.7818627450980392, 0.7750611246943765, 0.7701711491442543, 0.7726161369193154, 0.7750611246943765, 0.7872860635696821, 0.7726161369193154]","[0.7794117647058824, 0.7843137254901961, 0.7720588235294118, 0.7818627450980392, 0.7750611246943765, 0.7701711491442543, 0.7726161369193154, 0.7750611246943765, 0.7872860635696821, 0.7726161369193154]","[0.7794117647058824, 0.7843137254901961, 0.7720588235294118, 0.7818627450980392, 0.7750611246943765, 0.7701711491442543, 0.7726161369193154, 0.7750611246943765, 0.7872860635696821, 0.7726161369193154]","[0.7794117647058824, 0.7843137254901961, 0.7720588235294118, 0.7818627450980392, 0.7750611246943765, 0.7701711491442543, 0.7726161369193154, 0.7750611246943765, 0.7872860635696821, 0.7726161369193154]","[0.8026682221887701, 0.8185079637441444, 0.8073239880000654, 0.8208642286767287, 0.8001423340949051, 0.805484748385484, 0.8000878933444723, 0.8042383447772206, 0.8273719090285121, 0.8025240105361809]","[0.757689082676505, 0.7605544238490298, 0.7468306738797786, 0.7560134551643036, 0.7491155930734861, 0.7450844258199808, 0.7543005078590348, 0.7521170763681413, 0.7617327284513478, 0.7471685371770843]","[0.752177762657455, 0.7534341113573602, 0.7385003209178079, 0.7489466020917833, 0.7452540548350238, 0.7386491424037483, 0.747334344373384, 0.749334094624531, 0.7570629865242283, 0.7397433506296569]","[0.7997368405517606, 0.8123485385218957, 0.8023742607776476, 0.8139680718724837, 0.7957408826004543, 0.7991639994727507, 0.7991953276971293, 0.7980170372934337, 0.8196778337300367, 0.7985210715671891]","[0.7794117647058824, 0.7843137254901961, 0.7720588235294118, 0.7818627450980392, 0.7750611246943765, 0.7701711491442543, 0.7726161369193154, 0.7750611246943765, 0.7872860635696821, 0.7726161369193154]","[0.765469988895799, 0.7671944605727252, 0.7543312243348109, 0.7642417031056388, 0.760205303755648, 0.7534806009486306, 0.7602501005700089, 0.7616170164460242, 0.7711061554333611, 0.755314101226798]","[array([[ 90,   4,   2,   4],
       [ 42,  34,   0,   9],
       [  0,   0,  75,  14],
       [  1,   0,  14, 119]]), array([[ 95,   2,   1,   2],
       [ 42,  32,   0,  11],
       [  0,   0,  73,  16],
       [  1,   0,  13, 120]]), array([[ 95,   2,   2,   2],
       [ 46,  30,   0,   8],
       [  0,   0,  72,  17],
       [  1,   0,  15, 118]]), array([[ 96,   1,   2,   2],
       [ 44,  31,   0,   9],
       [  0,   0,  72,  17],
       [  0,   0,  14, 120]]), array([[ 93,   4,   2,   2],
       [ 42,  33,   0,   9],
       [  0,   0,  70,  19],
       [  1,   0,  13, 121]]), array([[ 94,   2,   2,   3],
       [ 44,  31,   0,   9],
       [  0,   0,  72,  18],
       [  1,   0,  15, 118]]), array([[ 94,   3,   2,   2],
       [ 45,  35,   0,   5],
       [  0,   0,  74,  15],
       [  1,   0,  20, 113]]), array([[ 92,   3,   2,   4],
       [ 40,  35,   0,  10],
       [  0,   0,  71,  18],
       [  1,   0,  14, 119]]), array([[ 96,   1,   2,   2],
       [ 43,  33,   0,   9],
       [  0,   0,  71,  18],
       [  1,   0,  11, 122]]), array([[ 94,   3,   3,   1],
       [ 45,  31,   0,   9],
       [  0,   0,  71,  18],
       [  1,   0,  13, 120]])]","[0.6739130434782609, 0.782608695652174, 0.717391304347826, 0.782608695652174, 0.6888888888888889, 0.8444444444444444, 0.7555555555555555, 0.8, 0.7777777777777778, 0.7333333333333333]","[0.6739130434782609, 0.782608695652174, 0.717391304347826, 0.782608695652174, 0.6888888888888889, 0.8444444444444444, 0.7555555555555555, 0.8, 0.7777777777777778, 0.7333333333333333]","[0.6739130434782609, 0.782608695652174, 0.717391304347826, 0.782608695652174, 0.6888888888888889, 0.8444444444444444, 0.7555555555555555, 0.8, 0.7777777777777778, 0.7333333333333333]","[0.6739130434782609, 0.782608695652174, 0.717391304347826, 0.782608695652174, 0.6888888888888889, 0.8444444444444444, 0.7555555555555555, 0.8, 0.7777777777777778, 0.7333333333333333]","[0.6708556149732621, 0.8208333333333333, 0.7422462406015038, 0.8408088235294118, 0.7808566433566434, 0.8743055555555556, 0.7592105263157894, 0.8465277777777778, 0.7844742063492064, 0.7857142857142857]","[0.6430555555555555, 0.7583333333333333, 0.6856060606060606, 0.7606060606060605, 0.6714285714285715, 0.8305555555555555, 0.7212121212121212, 0.7694444444444444, 0.7578282828282829, 0.7212121212121212]","[0.6229885057471264, 0.7749999999999999, 0.6746809835045129, 0.7447624955689472, 0.6170537944731493, 0.8262338020402537, 0.7169191422388352, 0.771950271950272, 0.7605546123372949, 0.7029885057471263]","[0.6767030923041153, 0.8043478260869565, 0.7391100032690422, 0.8390345268542199, 0.7815306915306915, 0.8709259259259259, 0.7567251461988305, 0.832962962962963, 0.784942680776014, 0.7777777777777778]","[0.6739130434782609, 0.782608695652174, 0.717391304347826, 0.782608695652174, 0.6888888888888889, 0.8444444444444444, 0.7555555555555555, 0.8, 0.7777777777777778, 0.7333333333333333]","[0.6471764117941029, 0.7797101449275362, 0.6922962421683649, 0.7613242297674275, 0.6366908546120016, 0.8338388015807371, 0.7358996218331256, 0.7855823189156522, 0.7722014714204868, 0.714058748403576]","[array([[11,  1,  0,  0],
       [ 6,  2,  0,  1],
       [ 0,  0,  7,  3],
       [ 0,  0,  4, 11]]), array([[10,  0,  1,  1],
       [ 2,  6,  0,  1],
       [ 0,  0,  6,  4],
       [ 0,  0,  1, 14]]), array([[10,  1,  0,  0],
       [ 6,  3,  0,  1],
       [ 0,  0,  6,  4],
       [ 0,  0,  1, 14]]), array([[10,  0,  1,  0],
       [ 6,  3,  0,  1],
       [ 0,  0,  9,  1],
       [ 1,  0,  0, 14]]), array([[11,  0,  0,  0],
       [ 9,  1,  0,  0],
       [ 0,  0,  8,  2],
       [ 0,  0,  3, 11]]), array([[11,  0,  0,  0],
       [ 4,  5,  0,  1],
       [ 0,  0,  8,  1],
       [ 0,  0,  1, 14]]), array([[ 9,  1,  1,  0],
       [ 3,  3,  0,  3],
       [ 0,  0,  8,  2],
       [ 0,  0,  1, 14]]), array([[11,  0,  0,  0],
       [ 4,  4,  0,  1],
       [ 0,  0,  7,  3],
       [ 0,  0,  1, 14]]), array([[10,  1,  0,  0],
       [ 4,  5,  0,  0],
       [ 0,  0,  7,  3],
       [ 0,  0,  2, 13]]), array([[ 9,  0,  0,  2],
       [ 5,  3,  0,  1],
       [ 0,  0, 10,  0],
       [ 0,  0,  4, 11]])]"
27,"[0.7769607843137255, 0.7696078431372549, 0.7745098039215687, 0.7892156862745098, 0.7799511002444988, 0.7726161369193154, 0.7701711491442543, 0.7701711491442543, 0.784841075794621, 0.7726161369193154]","[0.7769607843137255, 0.7696078431372549, 0.7745098039215687, 0.7892156862745098, 0.7799511002444988, 0.7726161369193154, 0.7701711491442543, 0.7701711491442543, 0.784841075794621, 0.7726161369193154]","[0.7769607843137255, 0.7696078431372549, 0.7745098039215687, 0.7892156862745098, 0.7799511002444988, 0.7726161369193154, 0.7701711491442543, 0.7701711491442543, 0.784841075794621, 0.7726161369193154]","[0.7769607843137255, 0.7696078431372549, 0.7745098039215687, 0.7892156862745098, 0.7799511002444988, 0.7726161369193154, 0.7701711491442543, 0.7701711491442543, 0.784841075794621, 0.7726161369193154]","[0.8032570164149111, 0.7979851042573267, 0.8099410989598863, 0.8249637285158303, 0.8105960164866569, 0.80876591673398, 0.7979122644159715, 0.7964129045011397, 0.8207778787916858, 0.8091258154990549]","[0.7519179548391552, 0.7432429639640529, 0.7486963455215696, 0.7651092283050207, 0.7523183538257517, 0.746538934277223, 0.7499386260897746, 0.7443480891824571, 0.758647905043634, 0.745891478815538]","[0.7478190545807513, 0.7371005976203062, 0.7406734263648674, 0.7619845085035948, 0.7483233554097896, 0.7424661268442425, 0.7444513311891361, 0.7403845149227746, 0.7549160071005147, 0.7392793175642001]","[0.7983281672545923, 0.7929929381008082, 0.8047984863617276, 0.8179441712036728, 0.803907327020371, 0.8012534635467924, 0.7961651550404045, 0.7914949621191532, 0.8132044776584493, 0.8034703754869739]","[0.7769607843137255, 0.7696078431372549, 0.7745098039215687, 0.7892156862745098, 0.7799511002444988, 0.7726161369193154, 0.7701711491442543, 0.7701711491442543, 0.784841075794621, 0.7726161369193154]","[0.7618023107917291, 0.7521618519919231, 0.7566819826929504, 0.7753146151224171, 0.7634565180747617, 0.7568539949983639, 0.7578492397339675, 0.7547998434248123, 0.7688669685193689, 0.7550355222726624]","[array([[ 90,   4,   2,   4],
       [ 42,  33,   0,  10],
       [  0,   0,  72,  17],
       [  1,   0,  11, 122]]), array([[ 93,   4,   1,   2],
       [ 44,  31,   0,  10],
       [  0,   0,  69,  20],
       [  1,   0,  12, 121]]), array([[ 95,   2,   2,   2],
       [ 46,  30,   0,   8],
       [  0,   0,  72,  17],
       [  1,   0,  14, 119]]), array([[ 96,   1,   2,   2],
       [ 41,  35,   0,   8],
       [  0,   0,  71,  18],
       [  0,   0,  14, 120]]), array([[ 94,   3,   2,   2],
       [ 41,  32,   0,  11],
       [  0,   0,  70,  19],
       [  1,   0,  11, 123]]), array([[ 93,   2,   2,   4],
       [ 43,  32,   0,   9],
       [  0,   0,  71,  19],
       [  1,   0,  13, 120]]), array([[ 93,   3,   3,   2],
       [ 45,  35,   0,   5],
       [  0,   0,  72,  17],
       [  1,   0,  18, 115]]), array([[ 92,   4,   3,   2],
       [ 42,  33,   0,  10],
       [  0,   0,  69,  20],
       [  1,   0,  12, 121]]), array([[ 94,   2,   2,   3],
       [ 42,  33,   0,  10],
       [  0,   0,  71,  18],
       [  1,   0,  10, 123]]), array([[ 95,   2,   3,   1],
       [ 46,  31,   0,   8],
       [  0,   0,  69,  20],
       [  1,   0,  12, 121]])]","[0.6956521739130435, 0.782608695652174, 0.7391304347826086, 0.782608695652174, 0.6888888888888889, 0.8, 0.7555555555555555, 0.7777777777777778, 0.7777777777777778, 0.7333333333333333]","[0.6956521739130435, 0.782608695652174, 0.7391304347826086, 0.782608695652174, 0.6888888888888889, 0.8, 0.7555555555555555, 0.7777777777777778, 0.7777777777777778, 0.7333333333333333]","[0.6956521739130435, 0.782608695652174, 0.7391304347826086, 0.782608695652174, 0.6888888888888889, 0.8, 0.7555555555555555, 0.7777777777777778, 0.7777777777777778, 0.7333333333333333]","[0.6956521739130435, 0.782608695652174, 0.7391304347826086, 0.782608695652174, 0.6888888888888889, 0.8, 0.7555555555555555, 0.7777777777777778, 0.7777777777777778, 0.7333333333333333]","[0.6915266106442577, 0.8392857142857143, 0.8102609464838567, 0.8408088235294118, 0.6708646616541353, 0.8076388888888889, 0.7592105263157894, 0.8362938596491228, 0.7844742063492064, 0.7857142857142857]","[0.6680555555555555, 0.7583333333333333, 0.7083333333333333, 0.7606060606060605, 0.6665584415584416, 0.7828282828282829, 0.7212121212121212, 0.7416666666666667, 0.7578282828282829, 0.7212121212121212]","[0.6444618599791013, 0.7792483660130719, 0.6941661279896574, 0.7447624955689472, 0.6226190476190476, 0.7736696994761512, 0.7169191422388352, 0.7368652589240825, 0.7605546123372949, 0.7029885057471263]","[0.7003714529289976, 0.8167701863354037, 0.7987327654173797, 0.8390345268542199, 0.6842105263157895, 0.8101851851851851, 0.7567251461988305, 0.819317738791423, 0.784942680776014, 0.7777777777777778]","[0.6956521739130435, 0.782608695652174, 0.7391304347826086, 0.782608695652174, 0.6888888888888889, 0.8, 0.7555555555555555, 0.7777777777777778, 0.7777777777777778, 0.7333333333333333]","[0.6685975194221071, 0.7809889173060528, 0.7102175318287851, 0.7613242297674275, 0.6444444444444445, 0.7854057531476886, 0.7358996218331256, 0.7541869169320149, 0.7722014714204868, 0.714058748403576]","[array([[11,  1,  0,  0],
       [ 6,  2,  0,  1],
       [ 0,  0,  8,  2],
       [ 0,  0,  4, 11]]), array([[10,  0,  0,  2],
       [ 2,  6,  0,  1],
       [ 0,  0,  6,  4],
       [ 0,  0,  1, 14]]), array([[11,  0,  0,  0],
       [ 6,  3,  0,  1],
       [ 0,  0,  6,  4],
       [ 0,  0,  1, 14]]), array([[10,  0,  1,  0],
       [ 6,  3,  0,  1],
       [ 0,  0,  9,  1],
       [ 1,  0,  0, 14]]), array([[10,  1,  0,  0],
       [ 9,  1,  0,  0],
       [ 0,  0,  8,  2],
       [ 0,  0,  2, 12]]), array([[10,  1,  0,  0],
       [ 5,  4,  0,  1],
       [ 0,  0,  8,  1],
       [ 0,  0,  1, 14]]), array([[ 9,  1,  1,  0],
       [ 3,  3,  0,  3],
       [ 0,  0,  8,  2],
       [ 0,  0,  1, 14]]), array([[11,  0,  0,  0],
       [ 4,  3,  0,  2],
       [ 0,  0,  7,  3],
       [ 0,  0,  1, 14]]), array([[10,  1,  0,  0],
       [ 4,  5,  0,  0],
       [ 0,  0,  7,  3],
       [ 0,  0,  2, 13]]), array([[ 9,  0,  0,  2],
       [ 5,  3,  0,  1],
       [ 0,  0, 10,  0],
       [ 0,  0,  4, 11]])]"
28,"[0.7696078431372549, 0.7769607843137255, 0.7696078431372549, 0.7794117647058824, 0.78239608801956, 0.7750611246943765, 0.7677261613691931, 0.7726161369193154, 0.7970660146699267, 0.78239608801956]","[0.7696078431372549, 0.7769607843137255, 0.7696078431372549, 0.7794117647058824, 0.78239608801956, 0.7750611246943765, 0.7677261613691931, 0.7726161369193154, 0.7970660146699267, 0.78239608801956]","[0.7696078431372549, 0.7769607843137255, 0.7696078431372549, 0.7794117647058824, 0.78239608801956, 0.7750611246943765, 0.7677261613691931, 0.7726161369193154, 0.7970660146699267, 0.78239608801956]","[0.7696078431372549, 0.7769607843137255, 0.7696078431372549, 0.7794117647058824, 0.78239608801956, 0.7750611246943765, 0.7677261613691931, 0.7726161369193154, 0.7970660146699267, 0.78239608801956]","[0.7853327168606097, 0.8141397645141522, 0.7986110639546512, 0.8173736980418529, 0.8057239181534562, 0.8086922073079791, 0.7953540998470573, 0.8033875261816439, 0.834908406447034, 0.811831179005092]","[0.7466745420287852, 0.751493129198686, 0.7452987434772801, 0.7548159281860962, 0.7577097610777664, 0.7502288181909875, 0.7490162715702373, 0.7478988415360067, 0.7724912953311095, 0.7575239969913476]","[0.738289768488792, 0.74622253893049, 0.736493658671078, 0.7502226619820833, 0.7541461270969468, 0.7448208795856519, 0.7425829793207842, 0.7448593593675632, 0.7685521440584732, 0.7534293399119671]","[0.7852500267911745, 0.8067402921617433, 0.794572394518766, 0.8097864228555807, 0.8010169565966527, 0.8023108416337112, 0.7943284398044176, 0.7967996771606725, 0.8267445110875717, 0.8065943609177372]","[0.7696078431372549, 0.7769607843137255, 0.7696078431372549, 0.7794117647058824, 0.78239608801956, 0.7750611246943765, 0.7677261613691931, 0.7726161369193154, 0.7970660146699267, 0.78239608801956]","[0.7535759111383871, 0.7601404163146691, 0.7518862142320396, 0.7639877754830909, 0.7680945585871635, 0.7592120399120019, 0.755622945087135, 0.7580164129038658, 0.7815756564523237, 0.7674233647639342]","[array([[ 88,   6,   2,   4],
       [ 45,  31,   0,   9],
       [  0,   0,  76,  13],
       [  1,   0,  14, 119]]), array([[ 94,   2,   1,   3],
       [ 43,  32,   0,  10],
       [  0,   0,  70,  19],
       [  1,   0,  12, 121]]), array([[ 94,   3,   2,   2],
       [ 44,  30,   0,  10],
       [  0,   0,  73,  16],
       [  1,   0,  16, 117]]), array([[ 95,   1,   2,   3],
       [ 42,  33,   0,   9],
       [  0,   0,  71,  18],
       [  0,   0,  15, 119]]), array([[ 93,   4,   2,   2],
       [ 39,  34,   0,  11],
       [  0,   0,  72,  17],
       [  1,   0,  13, 121]]), array([[ 93,   2,   3,   3],
       [ 42,  32,   0,  10],
       [  0,   0,  73,  17],
       [  1,   0,  14, 119]]), array([[ 93,   3,   3,   2],
       [ 45,  35,   0,   5],
       [  0,   0,  73,  16],
       [  1,   0,  20, 113]]), array([[ 93,   3,   2,   3],
       [ 41,  34,   0,  10],
       [  0,   0,  69,  20],
       [  1,   0,  13, 120]]), array([[ 95,   1,   2,   3],
       [ 40,  34,   0,  11],
       [  0,   0,  74,  15],
       [  1,   0,  10, 123]]), array([[ 95,   3,   2,   1],
       [ 42,  34,   0,   9],
       [  0,   0,  70,  19],
       [  1,   0,  12, 121]])]","[0.6956521739130435, 0.782608695652174, 0.717391304347826, 0.782608695652174, 0.6666666666666666, 0.8444444444444444, 0.7555555555555555, 0.8222222222222222, 0.7555555555555555, 0.7111111111111111]","[0.6956521739130435, 0.782608695652174, 0.717391304347826, 0.782608695652174, 0.6666666666666666, 0.8444444444444444, 0.7555555555555555, 0.8222222222222222, 0.7555555555555555, 0.7111111111111111]","[0.6956521739130435, 0.782608695652174, 0.717391304347826, 0.782608695652174, 0.6666666666666666, 0.8444444444444444, 0.7555555555555555, 0.8222222222222222, 0.7555555555555555, 0.7111111111111111]","[0.6956521739130435, 0.782608695652174, 0.717391304347826, 0.782608695652174, 0.6666666666666666, 0.8444444444444444, 0.7555555555555555, 0.8222222222222222, 0.7555555555555555, 0.7111111111111111]","[0.6915266106442577, 0.8392857142857143, 0.7422462406015038, 0.8408088235294118, 0.6499355907250643, 0.8802083333333333, 0.7592105263157894, 0.8614379084967321, 0.7642361111111111, 0.7163461538461539]","[0.6680555555555555, 0.7583333333333333, 0.6856060606060606, 0.7606060606060605, 0.6487012987012987, 0.8333333333333333, 0.7212121212121212, 0.7944444444444445, 0.730050505050505, 0.6984848484848485]","[0.6444618599791013, 0.7792483660130719, 0.6746809835045129, 0.7447624955689472, 0.6025132275132274, 0.8167362851573376, 0.7169191422388352, 0.7946609311740891, 0.7290527808354634, 0.6800397877984086]","[0.7003714529289976, 0.8167701863354037, 0.7391100032690422, 0.8390345268542199, 0.6646301067353699, 0.8813888888888889, 0.7567251461988305, 0.8512999273783587, 0.7666358024691358, 0.721062271062271]","[0.6956521739130435, 0.782608695652174, 0.717391304347826, 0.782608695652174, 0.6666666666666666, 0.8444444444444444, 0.7555555555555555, 0.8222222222222222, 0.7555555555555555, 0.7111111111111111]","[0.6685975194221071, 0.7809889173060528, 0.6922962421683649, 0.7613242297674275, 0.6228101116990006, 0.8267458770382745, 0.7358996218331256, 0.8087156995051732, 0.7456324848515, 0.6933294036742312]","[array([[11,  1,  0,  0],
       [ 6,  2,  0,  1],
       [ 0,  0,  8,  2],
       [ 0,  0,  4, 11]]), array([[10,  0,  0,  2],
       [ 2,  6,  0,  1],
       [ 0,  0,  6,  4],
       [ 0,  0,  1, 14]]), array([[10,  1,  0,  0],
       [ 6,  3,  0,  1],
       [ 0,  0,  6,  4],
       [ 0,  0,  1, 14]]), array([[10,  0,  1,  0],
       [ 6,  3,  0,  1],
       [ 0,  0,  9,  1],
       [ 1,  0,  0, 14]]), array([[10,  1,  0,  0],
       [ 9,  1,  0,  0],
       [ 0,  0,  8,  2],
       [ 0,  0,  3, 11]]), array([[11,  0,  0,  0],
       [ 5,  4,  0,  1],
       [ 0,  0,  9,  0],
       [ 0,  0,  1, 14]]), array([[ 9,  1,  1,  0],
       [ 3,  3,  0,  3],
       [ 0,  0,  8,  2],
       [ 0,  0,  1, 14]]), array([[11,  0,  0,  0],
       [ 4,  4,  0,  1],
       [ 0,  0,  8,  2],
       [ 0,  0,  1, 14]]), array([[10,  1,  0,  0],
       [ 5,  4,  0,  0],
       [ 0,  0,  7,  3],
       [ 0,  0,  2, 13]]), array([[ 8,  1,  0,  2],
       [ 5,  3,  0,  1],
       [ 0,  0, 10,  0],
       [ 0,  0,  4, 11]])]"
29,"[0.7941176470588235, 0.7769607843137255, 0.7769607843137255, 0.7818627450980392, 0.7726161369193154, 0.7677261613691931, 0.78239608801956, 0.7677261613691931, 0.7799511002444988, 0.7701711491442543]","[0.7941176470588235, 0.7769607843137255, 0.7769607843137255, 0.7818627450980392, 0.7726161369193154, 0.7677261613691931, 0.78239608801956, 0.7677261613691931, 0.7799511002444988, 0.7701711491442543]","[0.7941176470588235, 0.7769607843137255, 0.7769607843137255, 0.7818627450980392, 0.7726161369193154, 0.7677261613691931, 0.78239608801956, 0.7677261613691931, 0.7799511002444988, 0.7701711491442543]","[0.7941176470588235, 0.7769607843137255, 0.7769607843137255, 0.7818627450980392, 0.7726161369193154, 0.7677261613691931, 0.78239608801956, 0.7677261613691931, 0.7799511002444988, 0.7701711491442543]","[0.8315791936054471, 0.8035709010566409, 0.8106324416632208, 0.8185635078961672, 0.7976297145544874, 0.8062430314131775, 0.8123520279687351, 0.7961727418999182, 0.8090426347672723, 0.8019768333649747]","[0.7707860976018783, 0.751802117962731, 0.7527830548321596, 0.7576255791351398, 0.7458049991730045, 0.7399769774418806, 0.7635804628445009, 0.7421372170707912, 0.752155976219496, 0.7446353830567083]","[0.7661126749316244, 0.7459169504973616, 0.7464053810850455, 0.754805918361291, 0.7385054698237041, 0.7347873591627321, 0.759110479433735, 0.7413706058132864, 0.7470837375068167, 0.7374522801791077]","[0.824814154522664, 0.7991236302801147, 0.8054970923460663, 0.8114650887728269, 0.7939805302296354, 0.7979406839104809, 0.8090306492776368, 0.7892469644542175, 0.8033331964695133, 0.7968434406507967]","[0.7941176470588235, 0.7769607843137255, 0.7769607843137255, 0.7818627450980392, 0.7726161369193154, 0.7677261613691931, 0.78239608801956, 0.7677261613691931, 0.7799511002444988, 0.7701711491442543]","[0.7792586365364057, 0.760475905896854, 0.7611116379936075, 0.7681694388191788, 0.7549245369989754, 0.7500452160411569, 0.7709243784114399, 0.7541954575151881, 0.7624693715762069, 0.7525060698777415]","[array([[ 93,   1,   2,   4],
       [ 42,  34,   0,   9],
       [  0,   0,  75,  14],
       [  1,   0,  11, 122]]), array([[ 93,   4,   1,   2],
       [ 43,  32,   0,  10],
       [  0,   0,  71,  18],
       [  1,   0,  12, 121]]), array([[ 95,   2,   2,   2],
       [ 44,  32,   0,   8],
       [  0,   0,  72,  17],
       [  1,   0,  15, 118]]), array([[ 96,   1,   2,   2],
       [ 42,  35,   0,   7],
       [  0,   0,  69,  20],
       [  0,   0,  15, 119]]), array([[ 93,   4,   2,   2],
       [ 44,  30,   0,  10],
       [  0,   0,  72,  17],
       [  1,   0,  13, 121]]), array([[ 92,   2,   2,   5],
       [ 44,  30,   0,  10],
       [  0,   0,  71,  19],
       [  1,   0,  12, 121]]), array([[ 95,   2,   2,   2],
       [ 42,  37,   0,   6],
       [  0,   0,  73,  16],
       [  1,   0,  18, 115]]), array([[ 91,   4,   2,   4],
       [ 40,  35,   0,  10],
       [  0,   0,  67,  22],
       [  1,   0,  12, 121]]), array([[ 93,   4,   1,   3],
       [ 44,  31,   0,  10],
       [  0,   0,  71,  18],
       [  1,   0,   9, 124]]), array([[ 96,   3,   1,   1],
       [ 45,  31,   0,   9],
       [  0,   0,  69,  20],
       [  1,   0,  14, 119]])]","[0.6956521739130435, 0.7608695652173914, 0.7391304347826086, 0.782608695652174, 0.6666666666666666, 0.8444444444444444, 0.7555555555555555, 0.8222222222222222, 0.8, 0.7333333333333333]","[0.6956521739130435, 0.7608695652173914, 0.7391304347826086, 0.782608695652174, 0.6666666666666666, 0.8444444444444444, 0.7555555555555555, 0.8222222222222222, 0.8, 0.7333333333333333]","[0.6956521739130435, 0.7608695652173914, 0.7391304347826086, 0.782608695652174, 0.6666666666666666, 0.8444444444444444, 0.7555555555555555, 0.8222222222222222, 0.8, 0.7333333333333333]","[0.6956521739130435, 0.7608695652173914, 0.7391304347826086, 0.782608695652174, 0.6666666666666666, 0.8444444444444444, 0.7555555555555555, 0.8222222222222222, 0.8, 0.7333333333333333]","[0.6915266106442577, 0.8232600732600732, 0.8102609464838567, 0.8408088235294118, 0.6499355907250643, 0.8802083333333333, 0.7592105263157894, 0.8614379084967321, 0.8309027777777778, 0.7388986013986014]","[0.6680555555555555, 0.7305555555555556, 0.7083333333333333, 0.7606060606060605, 0.6487012987012987, 0.8333333333333333, 0.7212121212121212, 0.7944444444444445, 0.7805555555555556, 0.7202020202020203]","[0.6444618599791013, 0.7494864612511671, 0.6941661279896574, 0.7447624955689472, 0.6025132275132274, 0.8167362851573376, 0.7169191422388352, 0.7946609311740891, 0.7839978357805183, 0.7128877433926522]","[0.7003714529289976, 0.8000477783086479, 0.7987327654173797, 0.8390345268542199, 0.6646301067353699, 0.8813888888888889, 0.7567251461988305, 0.8512999273783587, 0.8229320987654322, 0.7364957264957266]","[0.6956521739130435, 0.7608695652173914, 0.7391304347826086, 0.782608695652174, 0.6666666666666666, 0.8444444444444444, 0.7555555555555555, 0.8222222222222222, 0.8, 0.7333333333333333]","[0.6685975194221071, 0.7555230787967362, 0.7102175318287851, 0.7613242297674275, 0.6228101116990006, 0.8267458770382745, 0.7358996218331256, 0.8087156995051732, 0.7930073322263476, 0.7211425009461474]","[array([[11,  1,  0,  0],
       [ 6,  2,  0,  1],
       [ 0,  0,  8,  2],
       [ 0,  0,  4, 11]]), array([[10,  0,  0,  2],
       [ 3,  5,  0,  1],
       [ 0,  0,  6,  4],
       [ 0,  0,  1, 14]]), array([[11,  0,  0,  0],
       [ 6,  3,  0,  1],
       [ 0,  0,  6,  4],
       [ 0,  0,  1, 14]]), array([[10,  0,  1,  0],
       [ 6,  3,  0,  1],
       [ 0,  0,  9,  1],
       [ 1,  0,  0, 14]]), array([[10,  1,  0,  0],
       [ 9,  1,  0,  0],
       [ 0,  0,  8,  2],
       [ 0,  0,  3, 11]]), array([[11,  0,  0,  0],
       [ 5,  4,  0,  1],
       [ 0,  0,  9,  0],
       [ 0,  0,  1, 14]]), array([[ 9,  1,  1,  0],
       [ 3,  3,  0,  3],
       [ 0,  0,  8,  2],
       [ 0,  0,  1, 14]]), array([[11,  0,  0,  0],
       [ 4,  4,  0,  1],
       [ 0,  0,  8,  2],
       [ 0,  0,  1, 14]]), array([[11,  0,  0,  0],
       [ 4,  5,  0,  0],
       [ 0,  0,  7,  3],
       [ 0,  0,  2, 13]]), array([[ 7,  1,  0,  3],
       [ 4,  4,  0,  1],
       [ 0,  0, 10,  0],
       [ 0,  0,  3, 12]])]"
30,"[0.7794117647058824, 0.7745098039215687, 0.7720588235294118, 0.7745098039215687, 0.7677261613691931, 0.7603911980440098, 0.7775061124694377, 0.7701711491442543, 0.7775061124694377, 0.784841075794621]","[0.7794117647058824, 0.7745098039215687, 0.7720588235294118, 0.7745098039215687, 0.7677261613691931, 0.7603911980440098, 0.7775061124694377, 0.7701711491442543, 0.7775061124694377, 0.784841075794621]","[0.7794117647058824, 0.7745098039215687, 0.7720588235294118, 0.7745098039215687, 0.7677261613691931, 0.7603911980440098, 0.7775061124694377, 0.7701711491442543, 0.7775061124694377, 0.784841075794621]","[0.7794117647058824, 0.7745098039215687, 0.7720588235294118, 0.7745098039215687, 0.7677261613691931, 0.7603911980440098, 0.7775061124694377, 0.7701711491442543, 0.7775061124694377, 0.784841075794621]","[0.8025775736577053, 0.8105511203587527, 0.8064501396948205, 0.8181182940625387, 0.7941098661686896, 0.7964798402754607, 0.8094960952716616, 0.7959561658671566, 0.8159006218957314, 0.8141612102603033]","[0.7575568949699618, 0.7501295982085605, 0.7485507685971394, 0.7504171024239291, 0.7406879645963527, 0.7364025874868937, 0.7576981099033244, 0.7464990988400515, 0.750566139221374, 0.7608103739318106]","[0.7507599940737717, 0.7423770915505208, 0.7405761518775831, 0.7454710371069009, 0.7356593409186138, 0.7303247298925598, 0.7516701240593369, 0.7440280489501846, 0.7450236258030175, 0.7547107438016529]","[0.8001694677422222, 0.804417907156525, 0.8010281686282938, 0.8093101414951288, 0.7887412612423398, 0.7896570334062526, 0.8068017909924363, 0.7904686222409735, 0.8076377489607217, 0.8101008271927183]","[0.7794117647058824, 0.7745098039215687, 0.7720588235294118, 0.7745098039215687, 0.7677261613691931, 0.7603911980440098, 0.7775061124694377, 0.7701711491442543, 0.7775061124694377, 0.784841075794621]","[0.7645962223033461, 0.7567093283780941, 0.7550739103196179, 0.7588421615722029, 0.7510138061014136, 0.7443525643589005, 0.7647247931282442, 0.7567221779794293, 0.759461602580428, 0.7691620937408891]","[array([[ 90,   4,   2,   4],
       [ 43,  33,   0,   9],
       [  0,   0,  76,  13],
       [  1,   0,  14, 119]]), array([[ 95,   2,   1,   2],
       [ 44,  31,   0,  10],
       [  0,   0,  71,  18],
       [  1,   0,  14, 119]]), array([[ 96,   2,   1,   2],
       [ 44,  31,   0,   9],
       [  0,   0,  72,  17],
       [  1,   0,  17, 116]]), array([[ 97,   0,   2,   2],
       [ 42,  33,   0,   9],
       [  0,   0,  69,  20],
       [  0,   0,  17, 117]]), array([[ 92,   4,   2,   3],
       [ 42,  31,   0,  11],
       [  0,   0,  70,  19],
       [  1,   0,  13, 121]]), array([[ 92,   2,   2,   5],
       [ 44,  31,   0,   9],
       [  0,   0,  72,  18],
       [  1,   0,  17, 116]]), array([[ 95,   2,   2,   2],
       [ 45,  35,   0,   5],
       [  0,   0,  73,  16],
       [  1,   0,  18, 115]]), array([[ 92,   4,   2,   3],
       [ 40,  35,   0,  10],
       [  0,   0,  69,  20],
       [  1,   0,  14, 119]]), array([[ 95,   2,   1,   3],
       [ 43,  31,   0,  11],
       [  0,   0,  70,  19],
       [  1,   0,  11, 122]]), array([[ 96,   3,   1,   1],
       [ 44,  33,   0,   8],
       [  0,   0,  72,  17],
       [  1,   0,  13, 120]])]","[0.6956521739130435, 0.782608695652174, 0.7391304347826086, 0.782608695652174, 0.6666666666666666, 0.8444444444444444, 0.7555555555555555, 0.8222222222222222, 0.7555555555555555, 0.6888888888888889]","[0.6956521739130435, 0.782608695652174, 0.7391304347826086, 0.782608695652174, 0.6666666666666666, 0.8444444444444444, 0.7555555555555555, 0.8222222222222222, 0.7555555555555555, 0.6888888888888889]","[0.6956521739130435, 0.782608695652174, 0.7391304347826086, 0.782608695652174, 0.6666666666666666, 0.8444444444444444, 0.7555555555555555, 0.8222222222222222, 0.7555555555555555, 0.6888888888888889]","[0.6956521739130435, 0.782608695652174, 0.7391304347826086, 0.782608695652174, 0.6666666666666666, 0.8444444444444444, 0.7555555555555555, 0.8222222222222222, 0.7555555555555555, 0.6888888888888889]","[0.6915266106442577, 0.8360576923076923, 0.8102609464838567, 0.8408088235294118, 0.6499355907250643, 0.8802083333333333, 0.7592105263157894, 0.8614379084967321, 0.7627705627705629, 0.6952380952380953]","[0.6680555555555555, 0.7555555555555555, 0.7083333333333333, 0.7606060606060605, 0.6487012987012987, 0.8333333333333333, 0.7212121212121212, 0.7944444444444445, 0.7383838383838384, 0.6757575757575758]","[0.6444618599791013, 0.7730158730158729, 0.6941661279896574, 0.7447624955689472, 0.6025132275132274, 0.8167362851573376, 0.7169191422388352, 0.7946609311740891, 0.7325375773651636, 0.6592251950947604]","[0.7003714529289976, 0.814799331103679, 0.7987327654173797, 0.8390345268542199, 0.6646301067353699, 0.8813888888888889, 0.7567251461988305, 0.8512999273783587, 0.7702934102934103, 0.6957671957671958]","[0.6956521739130435, 0.782608695652174, 0.7391304347826086, 0.782608695652174, 0.6666666666666666, 0.8444444444444444, 0.7555555555555555, 0.8222222222222222, 0.7555555555555555, 0.6888888888888889]","[0.6685975194221071, 0.7783988957902003, 0.7102175318287851, 0.7613242297674275, 0.6228101116990006, 0.8267458770382745, 0.7358996218331256, 0.8087156995051732, 0.7474941405975888, 0.6707295924687229]","[array([[11,  1,  0,  0],
       [ 6,  2,  0,  1],
       [ 0,  0,  8,  2],
       [ 0,  0,  4, 11]]), array([[10,  0,  0,  2],
       [ 3,  5,  0,  1],
       [ 0,  0,  7,  3],
       [ 0,  0,  1, 14]]), array([[11,  0,  0,  0],
       [ 6,  3,  0,  1],
       [ 0,  0,  6,  4],
       [ 0,  0,  1, 14]]), array([[10,  0,  1,  0],
       [ 6,  3,  0,  1],
       [ 0,  0,  9,  1],
       [ 1,  0,  0, 14]]), array([[10,  1,  0,  0],
       [ 9,  1,  0,  0],
       [ 0,  0,  8,  2],
       [ 0,  0,  3, 11]]), array([[11,  0,  0,  0],
       [ 5,  4,  0,  1],
       [ 0,  0,  9,  0],
       [ 0,  0,  1, 14]]), array([[ 9,  1,  1,  0],
       [ 3,  3,  0,  3],
       [ 0,  0,  8,  2],
       [ 0,  0,  1, 14]]), array([[11,  0,  0,  0],
       [ 4,  4,  0,  1],
       [ 0,  0,  8,  2],
       [ 0,  0,  1, 14]]), array([[10,  1,  0,  0],
       [ 5,  4,  0,  0],
       [ 0,  0,  8,  2],
       [ 0,  0,  3, 12]]), array([[ 7,  1,  0,  3],
       [ 5,  3,  0,  1],
       [ 0,  0, 10,  0],
       [ 0,  0,  4, 11]])]"
31,"[0.7941176470588235, 0.7843137254901961, 0.7720588235294118, 0.7769607843137255, 0.7701711491442543, 0.7652811735941321, 0.7775061124694377, 0.7701711491442543, 0.7677261613691931, 0.7799511002444988]","[0.7941176470588235, 0.7843137254901961, 0.7720588235294118, 0.7769607843137255, 0.7701711491442543, 0.7652811735941321, 0.7775061124694377, 0.7701711491442543, 0.7677261613691931, 0.7799511002444988]","[0.7941176470588235, 0.7843137254901961, 0.7720588235294118, 0.7769607843137255, 0.7701711491442543, 0.7652811735941321, 0.7775061124694377, 0.7701711491442543, 0.7677261613691931, 0.7799511002444988]","[0.7941176470588235, 0.7843137254901961, 0.7720588235294118, 0.7769607843137255, 0.7701711491442543, 0.7652811735941321, 0.7775061124694377, 0.7701711491442543, 0.7677261613691931, 0.7799511002444988]","[0.8249218203165571, 0.8194563846269863, 0.8075793588434037, 0.8170132392853622, 0.8012762026688082, 0.8024335648575, 0.8058744183744184, 0.7957796981606791, 0.80775928683826, 0.810226566187142]","[0.7721705911947204, 0.7597432944333191, 0.74744024976274, 0.7503954776362138, 0.7431184631304222, 0.739221824634489, 0.7560130291915658, 0.7467006523728006, 0.7404750548201973, 0.7544506328142161]","[0.7676970255401769, 0.7545628458258874, 0.7387105019904909, 0.7441470054446462, 0.7347427883319999, 0.734453504404996, 0.7498405657409539, 0.7431323018373724, 0.7343228216116404, 0.7481763206668164]","[0.8193332042790248, 0.8127135067963264, 0.8025225387357742, 0.808976280327782, 0.7956533659747709, 0.7943841525798211, 0.8039676286620051, 0.7906912656516152, 0.799507289069995, 0.8060126201198017]","[0.7941176470588235, 0.7843137254901961, 0.7720588235294118, 0.7769607843137255, 0.7701711491442543, 0.7652811735941321, 0.7775061124694377, 0.7701711491442543, 0.7677261613691931, 0.7799511002444988]","[0.7801685678447441, 0.7681774804775673, 0.7542035603054151, 0.7591633749688623, 0.7509301030817938, 0.7487815737715057, 0.7639772718605174, 0.7561271345771097, 0.7491694356790668, 0.7634619699363197]","[array([[ 92,   2,   2,   4],
       [ 40,  35,   0,  10],
       [  0,   0,  76,  13],
       [  1,   0,  12, 121]]), array([[ 95,   2,   1,   2],
       [ 42,  33,   0,  10],
       [  0,   0,  71,  18],
       [  1,   0,  12, 121]]), array([[ 96,   2,   1,   2],
       [ 46,  30,   0,   8],
       [  0,   0,  72,  17],
       [  1,   0,  16, 117]]), array([[ 96,   1,   2,   2],
       [ 43,  31,   0,  10],
       [  0,   0,  70,  19],
       [  0,   0,  14, 120]]), array([[ 95,   3,   1,   2],
       [ 44,  29,   0,  11],
       [  0,   0,  71,  18],
       [  1,   0,  14, 120]]), array([[ 92,   2,   2,   5],
       [ 43,  31,   0,  10],
       [  0,   0,  71,  19],
       [  1,   0,  14, 119]]), array([[ 94,   3,   2,   2],
       [ 46,  34,   0,   5],
       [  0,   0,  73,  16],
       [  1,   0,  16, 117]]), array([[ 91,   4,   2,   4],
       [ 41,  34,   0,  10],
       [  0,   0,  71,  18],
       [  1,   0,  14, 119]]), array([[ 94,   2,   1,   4],
       [ 45,  30,   0,  10],
       [  0,   0,  69,  20],
       [  1,   0,  12, 121]]), array([[ 95,   3,   2,   1],
       [ 45,  32,   0,   8],
       [  0,   0,  71,  18],
       [  1,   0,  12, 121]])]","[0.6956521739130435, 0.7608695652173914, 0.7608695652173914, 0.782608695652174, 0.6666666666666666, 0.8222222222222222, 0.7555555555555555, 0.8222222222222222, 0.8, 0.6888888888888889]","[0.6956521739130435, 0.7608695652173914, 0.7608695652173914, 0.782608695652174, 0.6666666666666666, 0.8222222222222222, 0.7555555555555555, 0.8222222222222222, 0.8, 0.6888888888888889]","[0.6956521739130435, 0.7608695652173914, 0.7608695652173914, 0.782608695652174, 0.6666666666666666, 0.8222222222222222, 0.7555555555555555, 0.8222222222222222, 0.8, 0.6888888888888889]","[0.6956521739130435, 0.7608695652173914, 0.7608695652173914, 0.782608695652174, 0.6666666666666666, 0.8222222222222222, 0.7555555555555555, 0.8222222222222222, 0.8, 0.6888888888888889]","[0.6915266106442577, 0.8223214285714286, 0.8492647058823529, 0.8408088235294118, 0.6499355907250643, 0.8628472222222222, 0.7592105263157894, 0.8614379084967321, 0.8035714285714286, 0.6952380952380953]","[0.6680555555555555, 0.7277777777777777, 0.725, 0.7606060606060605, 0.6487012987012987, 0.8055555555555556, 0.7212121212121212, 0.7944444444444445, 0.7828282828282828, 0.6757575757575758]","[0.6444618599791013, 0.7405982905982906, 0.7135989010989011, 0.7447624955689472, 0.6025132275132274, 0.794589520395972, 0.7169191422388352, 0.7946609311740891, 0.7833333333333333, 0.6592251950947604]","[0.7003714529289976, 0.8004658385093167, 0.834079283887468, 0.8390345268542199, 0.6646301067353699, 0.8597222222222223, 0.7567251461988305, 0.8512999273783587, 0.8079365079365081, 0.6957671957671958]","[0.6956521739130435, 0.7608695652173914, 0.7608695652173914, 0.782608695652174, 0.6666666666666666, 0.8222222222222222, 0.7555555555555555, 0.8222222222222222, 0.8, 0.6888888888888889]","[0.6685975194221071, 0.7510219249349683, 0.7307692307692307, 0.7613242297674275, 0.6228101116990006, 0.8050141283116193, 0.7358996218331256, 0.8087156995051732, 0.7955555555555555, 0.6707295924687229]","[array([[11,  1,  0,  0],
       [ 6,  2,  0,  1],
       [ 0,  0,  8,  2],
       [ 0,  0,  4, 11]]), array([[10,  0,  0,  2],
       [ 4,  4,  0,  1],
       [ 0,  0,  7,  3],
       [ 0,  0,  1, 14]]), array([[11,  0,  0,  0],
       [ 6,  3,  0,  1],
       [ 0,  0,  6,  4],
       [ 0,  0,  0, 15]]), array([[10,  0,  1,  0],
       [ 6,  3,  0,  1],
       [ 0,  0,  9,  1],
       [ 1,  0,  0, 14]]), array([[10,  1,  0,  0],
       [ 9,  1,  0,  0],
       [ 0,  0,  8,  2],
       [ 0,  0,  3, 11]]), array([[11,  0,  0,  0],
       [ 5,  4,  0,  1],
       [ 0,  0,  8,  1],
       [ 0,  0,  1, 14]]), array([[ 9,  1,  1,  0],
       [ 3,  3,  0,  3],
       [ 0,  0,  8,  2],
       [ 0,  0,  1, 14]]), array([[11,  0,  0,  0],
       [ 4,  4,  0,  1],
       [ 0,  0,  8,  2],
       [ 0,  0,  1, 14]]), array([[10,  1,  0,  0],
       [ 4,  5,  0,  0],
       [ 0,  0,  8,  2],
       [ 0,  0,  2, 13]]), array([[ 7,  1,  0,  3],
       [ 5,  3,  0,  1],
       [ 0,  0, 10,  0],
       [ 0,  0,  4, 11]])]"
32,"[0.7941176470588235, 0.7769607843137255, 0.7647058823529411, 0.7745098039215687, 0.7726161369193154, 0.7506112469437652, 0.7726161369193154, 0.7750611246943765, 0.7726161369193154, 0.7775061124694377]","[0.7941176470588235, 0.7769607843137255, 0.7647058823529411, 0.7745098039215687, 0.7726161369193154, 0.7506112469437652, 0.7726161369193154, 0.7750611246943765, 0.7726161369193154, 0.7775061124694377]","[0.7941176470588235, 0.7769607843137255, 0.7647058823529411, 0.7745098039215687, 0.7726161369193154, 0.7506112469437652, 0.7726161369193154, 0.7750611246943765, 0.7726161369193154, 0.7775061124694377]","[0.7941176470588235, 0.7769607843137255, 0.7647058823529411, 0.7745098039215687, 0.7726161369193154, 0.7506112469437652, 0.7726161369193154, 0.7750611246943765, 0.7726161369193154, 0.7775061124694377]","[0.829652886795744, 0.8066835302739471, 0.8067210567210568, 0.8239617458367459, 0.7940703474372205, 0.7886686387028384, 0.8021064329237837, 0.7964110129976103, 0.8189157657519814, 0.8096033025279077]","[0.7717294147241321, 0.7538209399137821, 0.7397893988807136, 0.7476944596186936, 0.74597220088515, 0.7243793702397958, 0.7502628639569326, 0.7521170763681413, 0.7444822327474483, 0.7503017638082874]","[0.7659526093065125, 0.7481903390374973, 0.7301236209374171, 0.7373419219833625, 0.7401935805462063, 0.720037368573761, 0.7436238653867456, 0.7489453816918605, 0.7384628773454133, 0.7409994570838786]","[0.8237483027398994, 0.8014076623770199, 0.8000375169492817, 0.8151866354991355, 0.7902390991141021, 0.7803278586694814, 0.7999200756918001, 0.792232451116989, 0.808805404640512, 0.806363773694285]","[0.7941176470588235, 0.7769607843137255, 0.7647058823529411, 0.7745098039215687, 0.7726161369193154, 0.7506112469437652, 0.7726161369193154, 0.7750611246943765, 0.7726161369193154, 0.7775061124694377]","[0.7791012098621365, 0.7614900907087069, 0.7456914882208996, 0.7536139422712228, 0.755820927398769, 0.7342886305507395, 0.7582472802055166, 0.7616912492025272, 0.7532431264978902, 0.7583274486991859]","[array([[ 93,   1,   3,   3],
       [ 41,  34,   0,  10],
       [  0,   0,  76,  13],
       [  1,   0,  12, 121]]), array([[ 93,   3,   1,   3],
       [ 42,  33,   0,  10],
       [  0,   0,  72,  17],
       [  1,   0,  14, 119]]), array([[ 96,   1,   2,   2],
       [ 46,  29,   0,   9],
       [  0,   0,  71,  18],
       [  1,   0,  17, 116]]), array([[ 97,   0,   1,   3],
       [ 47,  28,   0,   9],
       [  0,   0,  72,  17],
       [  0,   0,  15, 119]]), array([[ 93,   5,   1,   2],
       [ 42,  31,   0,  11],
       [  0,   0,  71,  18],
       [  1,   0,  13, 121]]), array([[ 92,   2,   3,   4],
       [ 43,  31,   0,  10],
       [  0,   0,  67,  23],
       [  1,   0,  16, 117]]), array([[ 94,   3,   2,   2],
       [ 47,  33,   0,   5],
       [  0,   0,  72,  17],
       [  1,   0,  16, 117]]), array([[ 92,   5,   1,   3],
       [ 40,  35,   0,  10],
       [  0,   0,  71,  18],
       [  1,   0,  14, 119]]), array([[ 96,   1,   1,   3],
       [ 44,  30,   0,  11],
       [  0,   0,  68,  21],
       [  1,   0,  11, 122]]), array([[ 95,   3,   2,   1],
       [ 49,  29,   0,   7],
       [  0,   0,  72,  17],
       [  1,   0,  11, 122]])]","[0.6739130434782609, 0.782608695652174, 0.7608695652173914, 0.782608695652174, 0.6666666666666666, 0.8, 0.7555555555555555, 0.8, 0.7555555555555555, 0.7333333333333333]","[0.6739130434782609, 0.782608695652174, 0.7608695652173914, 0.782608695652174, 0.6666666666666666, 0.8, 0.7555555555555555, 0.8, 0.7555555555555555, 0.7333333333333333]","[0.6739130434782609, 0.782608695652174, 0.7608695652173914, 0.782608695652174, 0.6666666666666666, 0.8, 0.7555555555555555, 0.8, 0.7555555555555555, 0.7333333333333333]","[0.6739130434782609, 0.782608695652174, 0.7608695652173914, 0.782608695652174, 0.6666666666666666, 0.8, 0.7555555555555555, 0.8, 0.7555555555555555, 0.7333333333333333]","[0.6708556149732621, 0.823015873015873, 0.8492647058823529, 0.8408088235294118, 0.6499355907250643, 0.8076388888888889, 0.7592105263157894, 0.8499795751633987, 0.7604166666666666, 0.7836538461538461]","[0.6430555555555555, 0.7527777777777778, 0.725, 0.7606060606060605, 0.6487012987012987, 0.7828282828282829, 0.7212121212121212, 0.7666666666666666, 0.7272727272727273, 0.7151515151515151]","[0.6229885057471264, 0.7582750582750584, 0.7135989010989011, 0.7447624955689472, 0.6025132275132274, 0.7736696994761512, 0.7169191422388352, 0.7579800194931774, 0.7172364672364672, 0.7026063581112669]","[0.6767030923041153, 0.8095238095238094, 0.834079283887468, 0.8390345268542199, 0.6646301067353699, 0.8101851851851851, 0.7567251461988305, 0.8400962236746551, 0.7694444444444445, 0.7713675213675215]","[0.6739130434782609, 0.782608695652174, 0.7608695652173914, 0.782608695652174, 0.6666666666666666, 0.8, 0.7555555555555555, 0.8, 0.7555555555555555, 0.7333333333333333]","[0.6471764117941029, 0.7716631194892065, 0.7307692307692307, 0.7613242297674275, 0.6228101116990006, 0.7854057531476886, 0.7358996218331256, 0.7779781243231535, 0.7400443178220956, 0.7142641940678405]","[array([[11,  1,  0,  0],
       [ 6,  2,  0,  1],
       [ 0,  0,  7,  3],
       [ 0,  0,  4, 11]]), array([[10,  0,  1,  1],
       [ 4,  4,  0,  1],
       [ 0,  0,  8,  2],
       [ 0,  0,  1, 14]]), array([[11,  0,  0,  0],
       [ 6,  3,  0,  1],
       [ 0,  0,  6,  4],
       [ 0,  0,  0, 15]]), array([[10,  0,  1,  0],
       [ 6,  3,  0,  1],
       [ 0,  0,  9,  1],
       [ 1,  0,  0, 14]]), array([[10,  1,  0,  0],
       [ 9,  1,  0,  0],
       [ 0,  0,  8,  2],
       [ 0,  0,  3, 11]]), array([[10,  1,  0,  0],
       [ 5,  4,  0,  1],
       [ 0,  0,  8,  1],
       [ 0,  0,  1, 14]]), array([[ 9,  1,  1,  0],
       [ 3,  3,  0,  3],
       [ 0,  0,  8,  2],
       [ 0,  0,  1, 14]]), array([[11,  0,  0,  0],
       [ 5,  3,  0,  1],
       [ 0,  0,  8,  2],
       [ 0,  0,  1, 14]]), array([[10,  1,  0,  0],
       [ 6,  3,  0,  0],
       [ 0,  0,  8,  2],
       [ 0,  0,  2, 13]]), array([[ 8,  0,  0,  3],
       [ 5,  3,  0,  1],
       [ 0,  0, 10,  0],
       [ 0,  0,  3, 12]])]"
33,"[0.7843137254901961, 0.7720588235294118, 0.7720588235294118, 0.7818627450980392, 0.7775061124694377, 0.7652811735941321, 0.7750611246943765, 0.7628361858190709, 0.7677261613691931, 0.7775061124694377]","[0.7843137254901961, 0.7720588235294118, 0.7720588235294118, 0.7818627450980392, 0.7775061124694377, 0.7652811735941321, 0.7750611246943765, 0.7628361858190709, 0.7677261613691931, 0.7775061124694377]","[0.7843137254901961, 0.7720588235294118, 0.7720588235294118, 0.7818627450980392, 0.7775061124694377, 0.7652811735941321, 0.7750611246943765, 0.7628361858190709, 0.7677261613691931, 0.7775061124694377]","[0.7843137254901961, 0.7720588235294118, 0.7720588235294118, 0.7818627450980392, 0.7775061124694377, 0.7652811735941321, 0.7750611246943765, 0.7628361858190709, 0.7677261613691931, 0.7775061124694377]","[0.8177311493203021, 0.8030769699184022, 0.8138008200306184, 0.8227150825365112, 0.8086279577620522, 0.8034192442736883, 0.804653294297621, 0.7891119528619528, 0.8158633103581181, 0.8104534216658286]","[0.7599037446607018, 0.747761785915104, 0.7463297309283407, 0.7553453105007202, 0.7496311555981707, 0.7383097184985022, 0.7521285355987237, 0.7389526277898331, 0.7389336210455644, 0.750566139221374]","[0.7536074709797185, 0.7414687924708494, 0.7368757706570719, 0.7457012951975537, 0.7415355414157538, 0.7340892767363356, 0.7457945811769837, 0.7333394657528212, 0.7308434381704022, 0.7444981684356862]","[0.8117042853515825, 0.7976250295514626, 0.8071214844784547, 0.815999485458519, 0.8029442854223146, 0.7952741806888681, 0.8022687879518349, 0.7844919035505832, 0.8058229618638124, 0.8045914100858578]","[0.7843137254901961, 0.7720588235294118, 0.7720588235294118, 0.7818627450980392, 0.7775061124694377, 0.7652811735941321, 0.7750611246943765, 0.7628361858190709, 0.7677261613691931, 0.7775061124694377]","[0.7676835061509985, 0.755465441230821, 0.7528311497161418, 0.7620121292863512, 0.7580812899612559, 0.7488105642858988, 0.7605947780049809, 0.7471925447774673, 0.7465281822010531, 0.7598298541432105]","[array([[ 91,   2,   3,   4],
       [ 42,  32,   0,  11],
       [  0,   0,  75,  14],
       [  1,   0,  11, 122]]), array([[ 94,   3,   1,   2],
       [ 43,  32,   0,  10],
       [  0,   0,  70,  19],
       [  1,   0,  14, 119]]), array([[ 96,   1,   2,   2],
       [ 46,  29,   0,   9],
       [  0,   0,  72,  17],
       [  1,   0,  15, 118]]), array([[ 97,   1,   1,   2],
       [ 46,  29,   0,   9],
       [  0,   0,  73,  16],
       [  0,   0,  14, 120]]), array([[ 95,   3,   1,   2],
       [ 44,  29,   0,  11],
       [  0,   0,  72,  17],
       [  1,   0,  12, 122]]), array([[ 92,   2,   2,   5],
       [ 44,  31,   0,   9],
       [  0,   0,  70,  20],
       [  1,   0,  13, 120]]), array([[ 94,   3,   2,   2],
       [ 47,  33,   0,   5],
       [  0,   0,  72,  17],
       [  1,   0,  15, 118]]), array([[ 91,   4,   2,   4],
       [ 43,  32,   0,  10],
       [  0,   0,  71,  18],
       [  1,   0,  15, 118]]), array([[ 95,   1,   1,   4],
       [ 46,  28,   0,  11],
       [  0,   0,  69,  20],
       [  1,   0,  11, 122]]), array([[ 95,   3,   1,   2],
       [ 45,  31,   0,   9],
       [  0,   0,  70,  19],
       [  1,   0,  11, 122]])]","[0.6956521739130435, 0.782608695652174, 0.7608695652173914, 0.7608695652173914, 0.6666666666666666, 0.8, 0.7555555555555555, 0.8, 0.7555555555555555, 0.7555555555555555]","[0.6956521739130435, 0.782608695652174, 0.7608695652173914, 0.7608695652173914, 0.6666666666666666, 0.8, 0.7555555555555555, 0.8, 0.7555555555555555, 0.7555555555555555]","[0.6956521739130435, 0.782608695652174, 0.7608695652173914, 0.7608695652173914, 0.6666666666666666, 0.8, 0.7555555555555555, 0.8, 0.7555555555555555, 0.7555555555555555]","[0.6956521739130435, 0.782608695652174, 0.7608695652173914, 0.7608695652173914, 0.6666666666666666, 0.8, 0.7555555555555555, 0.8, 0.7555555555555555, 0.7555555555555555]","[0.759090909090909, 0.8385416666666666, 0.8501461988304093, 0.8182709447415331, 0.6499355907250643, 0.8076388888888889, 0.7592105263157894, 0.8499795751633987, 0.7642361111111111, 0.7528044871794872]","[0.6638888888888889, 0.7458333333333333, 0.725, 0.7439393939393939, 0.6487012987012987, 0.7828282828282829, 0.7212121212121212, 0.7666666666666666, 0.730050505050505, 0.7318181818181818]","[0.6409090909090909, 0.7440760993392572, 0.6994590939824206, 0.7249084249084249, 0.6025132275132274, 0.7736696994761512, 0.7169191422388352, 0.7579800194931774, 0.7290527808354634, 0.7190014286788481]","[0.7470355731225296, 0.8218599033816425, 0.8383549453343504, 0.8185305742850499, 0.6646301067353699, 0.8101851851851851, 0.7567251461988305, 0.8400962236746551, 0.7666358024691358, 0.756445868945869]","[0.6956521739130435, 0.782608695652174, 0.7608695652173914, 0.7608695652173914, 0.6666666666666666, 0.8, 0.7555555555555555, 0.8, 0.7555555555555555, 0.7555555555555555]","[0.6638998682476943, 0.7625412345091979, 0.7206249816268336, 0.7400860009555662, 0.6228101116990006, 0.7854057531476886, 0.7358996218331256, 0.7779781243231535, 0.7456324848515, 0.7368607497639756]","[array([[12,  0,  0,  0],
       [ 6,  2,  0,  1],
       [ 0,  0,  7,  3],
       [ 0,  0,  4, 11]]), array([[11,  0,  0,  1],
       [ 5,  3,  0,  1],
       [ 0,  0,  8,  2],
       [ 0,  0,  1, 14]]), array([[11,  0,  0,  0],
       [ 7,  2,  0,  1],
       [ 0,  0,  7,  3],
       [ 0,  0,  0, 15]]), array([[10,  0,  1,  0],
       [ 6,  3,  0,  1],
       [ 0,  0,  9,  1],
       [ 1,  0,  1, 13]]), array([[10,  1,  0,  0],
       [ 9,  1,  0,  0],
       [ 0,  0,  8,  2],
       [ 0,  0,  3, 11]]), array([[10,  1,  0,  0],
       [ 5,  4,  0,  1],
       [ 0,  0,  8,  1],
       [ 0,  0,  1, 14]]), array([[ 9,  1,  1,  0],
       [ 3,  3,  0,  3],
       [ 0,  0,  8,  2],
       [ 0,  0,  1, 14]]), array([[11,  0,  0,  0],
       [ 5,  3,  0,  1],
       [ 0,  0,  8,  2],
       [ 0,  0,  1, 14]]), array([[10,  1,  0,  0],
       [ 5,  4,  0,  0],
       [ 0,  0,  7,  3],
       [ 0,  0,  2, 13]]), array([[ 8,  1,  0,  2],
       [ 5,  3,  0,  1],
       [ 0,  0, 10,  0],
       [ 0,  0,  2, 13]])]"
34,"[0.7794117647058824, 0.7720588235294118, 0.7671568627450981, 0.7769607843137255, 0.7677261613691931, 0.7652811735941321, 0.7701711491442543, 0.7750611246943765, 0.7652811735941321, 0.7603911980440098]","[0.7794117647058824, 0.7720588235294118, 0.7671568627450981, 0.7769607843137255, 0.7677261613691931, 0.7652811735941321, 0.7701711491442543, 0.7750611246943765, 0.7652811735941321, 0.7603911980440098]","[0.7794117647058824, 0.7720588235294118, 0.7671568627450981, 0.7769607843137255, 0.7677261613691931, 0.7652811735941321, 0.7701711491442543, 0.7750611246943765, 0.7652811735941321, 0.7603911980440098]","[0.7794117647058824, 0.7720588235294118, 0.7671568627450981, 0.7769607843137255, 0.7677261613691931, 0.7652811735941321, 0.7701711491442543, 0.7750611246943765, 0.7652811735941321, 0.7603911980440098]","[0.8142521708311182, 0.8032168980444843, 0.8166952910103595, 0.8191985635285797, 0.8001995421824644, 0.8098026941800385, 0.798904424847219, 0.8054222648982317, 0.8142307423523105, 0.793479970733492]","[0.7541535794260685, 0.7474974105020173, 0.7420974446933205, 0.7495601312604847, 0.7395188769813311, 0.7381113058000895, 0.7493405094373955, 0.7510530307699264, 0.7361246322815194, 0.7339347227725703]","[0.7472992147892976, 0.7384286177432109, 0.7307425568920914, 0.7392238859340861, 0.730852310272941, 0.7329412806434363, 0.7417506735688554, 0.7447788573673815, 0.7282845737712111, 0.7265731160889145]","[0.807964296386639, 0.7991930314445527, 0.8093618206934081, 0.8117366992338063, 0.7941103565016195, 0.8003461269216583, 0.7970012821669473, 0.7999674665172177, 0.8042646849637538, 0.7884747381823727]","[0.7794117647058824, 0.7720588235294118, 0.7671568627450981, 0.7769607843137255, 0.7677261613691931, 0.7652811735941321, 0.7701711491442543, 0.7750611246943765, 0.7652811735941321, 0.7603911980440098]","[0.761881330582143, 0.7537781408777637, 0.7469582895933333, 0.7558562624081095, 0.7475853630241358, 0.7478330370722664, 0.7557844097075037, 0.7586596415686684, 0.7442068876279168, 0.742350487152779]","[array([[ 91,   2,   3,   4],
       [ 43,  31,   0,  11],
       [  0,   0,  74,  15],
       [  1,   0,  11, 122]]), array([[ 94,   3,   1,   2],
       [ 46,  30,   0,   9],
       [  0,   0,  72,  17],
       [  1,   0,  14, 119]]), array([[ 97,   0,   2,   2],
       [ 48,  28,   0,   8],
       [  0,   0,  72,  17],
       [  1,   0,  17, 116]]), array([[ 97,   1,   1,   2],
       [ 46,  28,   0,  10],
       [  0,   0,  72,  17],
       [  0,   0,  14, 120]]), array([[ 94,   3,   1,   3],
       [ 45,  28,   0,  11],
       [  0,   0,  71,  18],
       [  1,   0,  13, 121]]), array([[ 92,   1,   2,   6],
       [ 45,  30,   0,   9],
       [  0,   0,  71,  19],
       [  1,   0,  13, 120]]), array([[ 94,   3,   2,   2],
       [ 46,  33,   0,   6],
       [  0,   0,  73,  16],
       [  1,   0,  18, 115]]), array([[ 94,   3,   1,   3],
       [ 43,  32,   0,  10],
       [  0,   0,  72,  17],
       [  1,   0,  14, 119]]), array([[ 95,   1,   1,   4],
       [ 47,  28,   0,  10],
       [  0,   0,  68,  21],
       [  1,   0,  11, 122]]), array([[ 94,   3,   2,   2],
       [ 47,  30,   0,   8],
       [  0,   0,  68,  21],
       [  1,   0,  14, 119]])]","[0.717391304347826, 0.8043478260869565, 0.6956521739130435, 0.7608695652173914, 0.6666666666666666, 0.8222222222222222, 0.7555555555555555, 0.8222222222222222, 0.7555555555555555, 0.7555555555555555]","[0.717391304347826, 0.8043478260869565, 0.6956521739130435, 0.7608695652173914, 0.6666666666666666, 0.8222222222222222, 0.7555555555555555, 0.8222222222222222, 0.7555555555555555, 0.7555555555555555]","[0.717391304347826, 0.8043478260869565, 0.6956521739130435, 0.7608695652173914, 0.6666666666666666, 0.8222222222222222, 0.7555555555555555, 0.8222222222222222, 0.7555555555555555, 0.7555555555555555]","[0.717391304347826, 0.8043478260869565, 0.6956521739130435, 0.7608695652173914, 0.6666666666666666, 0.8222222222222222, 0.7555555555555555, 0.8222222222222222, 0.7555555555555555, 0.7555555555555555]","[0.7797619047619047, 0.85, 0.7122217307975822, 0.8251838235294118, 0.7589285714285714, 0.8251602564102564, 0.7592105263157894, 0.865625, 0.8093341503267973, 0.8033559577677225]","[0.6888888888888889, 0.7736111111111112, 0.6606060606060606, 0.7439393939393939, 0.6464285714285715, 0.812878787878788, 0.7212121212121212, 0.7916666666666667, 0.725, 0.7318181818181818]","[0.6623824451410658, 0.7801973854605434, 0.637847446670976, 0.7286334633108827, 0.5943024717218266, 0.8063985568760611, 0.7169191422388352, 0.779510155316607, 0.7153165170991996, 0.7220643939393939]","[0.770703933747412, 0.8338164251207729, 0.712202501137755, 0.8186540920716112, 0.7566666666666666, 0.8260826210826211, 0.7567251461988305, 0.8597222222222223, 0.8018427741466957, 0.7905144963968493]","[0.717391304347826, 0.8043478260869565, 0.6956521739130435, 0.7608695652173914, 0.6666666666666666, 0.8222222222222222, 0.7555555555555555, 0.8222222222222222, 0.7555555555555555, 0.7555555555555555]","[0.6853209758756986, 0.7927079277193694, 0.6596919704336583, 0.7402863616047347, 0.613880742913001, 0.8127711752499528, 0.7358996218331256, 0.8002522235497145, 0.7353760745950899, 0.7358164983164983]","[array([[12,  0,  0,  0],
       [ 6,  2,  0,  1],
       [ 0,  0,  8,  2],
       [ 0,  0,  4, 11]]), array([[11,  0,  0,  1],
       [ 4,  4,  0,  1],
       [ 0,  0,  8,  2],
       [ 0,  0,  1, 14]]), array([[10,  1,  0,  0],
       [ 7,  2,  0,  1],
       [ 0,  0,  6,  4],
       [ 0,  0,  1, 14]]), array([[10,  0,  0,  1],
       [ 6,  3,  0,  1],
       [ 0,  0,  9,  1],
       [ 1,  0,  1, 13]]), array([[11,  0,  0,  0],
       [ 9,  1,  0,  0],
       [ 0,  0,  7,  3],
       [ 0,  0,  3, 11]]), array([[ 9,  1,  0,  1],
       [ 4,  5,  0,  1],
       [ 0,  0,  9,  0],
       [ 0,  0,  1, 14]]), array([[ 9,  1,  1,  0],
       [ 3,  3,  0,  3],
       [ 0,  0,  8,  2],
       [ 0,  0,  1, 14]]), array([[11,  0,  0,  0],
       [ 5,  3,  0,  1],
       [ 0,  0,  9,  1],
       [ 0,  0,  1, 14]]), array([[11,  0,  0,  0],
       [ 6,  3,  0,  0],
       [ 0,  0,  7,  3],
       [ 0,  0,  2, 13]]), array([[ 8,  0,  0,  3],
       [ 5,  3,  0,  1],
       [ 0,  0, 10,  0],
       [ 0,  0,  2, 13]])]"
35,"[0.7769607843137255, 0.7647058823529411, 0.7622549019607843, 0.7720588235294118, 0.7701711491442543, 0.7701711491442543, 0.7750611246943765, 0.7652811735941321, 0.7579462102689487, 0.7677261613691931]","[0.7769607843137255, 0.7647058823529411, 0.7622549019607843, 0.7720588235294118, 0.7701711491442543, 0.7701711491442543, 0.7750611246943765, 0.7652811735941321, 0.7579462102689487, 0.7677261613691931]","[0.7769607843137255, 0.7647058823529411, 0.7622549019607843, 0.7720588235294118, 0.7701711491442543, 0.7701711491442543, 0.7750611246943765, 0.7652811735941321, 0.7579462102689487, 0.7677261613691931]","[0.7769607843137255, 0.7647058823529411, 0.7622549019607843, 0.7720588235294118, 0.7701711491442543, 0.7701711491442543, 0.7750611246943765, 0.7652811735941321, 0.7579462102689487, 0.7677261613691931]","[0.812632850241546, 0.8032485890245877, 0.8009724626103937, 0.8145767485619371, 0.7962582101806239, 0.8137999555632006, 0.8057939175456781, 0.792481712550561, 0.8066483764539474, 0.8008981643356643]","[0.7509480275423939, 0.7392026319164258, 0.7339825948527627, 0.7442758949716872, 0.7426616069846685, 0.7431659184042072, 0.7516626066528879, 0.7398864415399526, 0.7295843002338923, 0.740342867113654]","[0.7399948362106803, 0.7329056421833323, 0.7218583127217014, 0.7343337965153081, 0.7333027786544497, 0.7357215361121813, 0.7443688308042451, 0.7322401623058384, 0.7213558488410844, 0.7318948824937043]","[0.8073960405418206, 0.7961149494578101, 0.7954603944715506, 0.8074982624395888, 0.7925941761916806, 0.8054816974990553, 0.8032188866820741, 0.7876396346796415, 0.7972130303084941, 0.796290607314446]","[0.7769607843137255, 0.7647058823529411, 0.7622549019607843, 0.7720588235294118, 0.7701711491442543, 0.7701711491442543, 0.7750611246943765, 0.7652811735941321, 0.7579462102689487, 0.7677261613691931]","[0.7562844905414556, 0.7472473843535079, 0.7399684971683316, 0.7513483396413873, 0.7505209193367349, 0.7514654756880239, 0.7595265372897866, 0.7471358204413243, 0.7371983730323637, 0.7485639223636484]","[array([[ 91,   2,   3,   4],
       [ 46,  28,   0,  11],
       [  0,   0,  76,  13],
       [  1,   0,  11, 122]]), array([[ 94,   2,   1,   3],
       [ 45,  31,   0,   9],
       [  0,   0,  68,  21],
       [  1,   0,  14, 119]]), array([[ 95,   2,   2,   2],
       [ 49,  26,   0,   9],
       [  0,   0,  71,  18],
       [  1,   0,  14, 119]]), array([[ 96,   1,   2,   2],
       [ 47,  28,   0,   9],
       [  0,   0,  71,  18],
       [  0,   0,  14, 120]]), array([[ 93,   4,   1,   3],
       [ 46,  28,   0,  10],
       [  0,   0,  73,  16],
       [  1,   0,  13, 121]]), array([[ 93,   1,   2,   5],
       [ 46,  29,   0,   9],
       [  0,   0,  73,  17],
       [  1,   0,  13, 120]]), array([[ 95,   3,   1,   2],
       [ 48,  32,   0,   5],
       [  0,   0,  72,  17],
       [  1,   0,  15, 118]]), array([[ 93,   4,   1,   3],
       [ 44,  30,   0,  11],
       [  0,   0,  71,  18],
       [  1,   0,  14, 119]]), array([[ 95,   1,   1,   4],
       [ 48,  28,   0,   9],
       [  0,   0,  67,  22],
       [  1,   0,  13, 120]]), array([[ 94,   3,   2,   2],
       [ 48,  29,   0,   8],
       [  0,   0,  70,  19],
       [  1,   0,  12, 121]])]","[0.717391304347826, 0.8043478260869565, 0.7391304347826086, 0.7608695652173914, 0.6666666666666666, 0.8444444444444444, 0.7333333333333333, 0.8, 0.7777777777777778, 0.7777777777777778]","[0.717391304347826, 0.8043478260869565, 0.7391304347826086, 0.7608695652173914, 0.6666666666666666, 0.8444444444444444, 0.7333333333333333, 0.8, 0.7777777777777778, 0.7777777777777778]","[0.717391304347826, 0.8043478260869565, 0.7391304347826086, 0.7608695652173914, 0.6666666666666666, 0.8444444444444444, 0.7333333333333333, 0.8, 0.7777777777777778, 0.7777777777777778]","[0.717391304347826, 0.8043478260869565, 0.7391304347826086, 0.7608695652173914, 0.6666666666666666, 0.8444444444444444, 0.7333333333333333, 0.8, 0.7777777777777778, 0.7777777777777778]","[0.7797619047619047, 0.85, 0.7610939112487101, 0.8182709447415331, 0.7589285714285714, 0.8802083333333333, 0.7444444444444445, 0.8499795751633987, 0.8194444444444444, 0.8221726190476191]","[0.6888888888888889, 0.7736111111111112, 0.7022727272727273, 0.7439393939393939, 0.6464285714285715, 0.8333333333333333, 0.6962121212121213, 0.7666666666666666, 0.7527777777777778, 0.7545454545454545]","[0.6623824451410658, 0.7801973854605434, 0.6819650937297996, 0.7249084249084249, 0.5943024717218266, 0.8167362851573376, 0.6952473156134484, 0.7579800194931774, 0.7514378032204858, 0.741950146627566]","[0.770703933747412, 0.8338164251207729, 0.7604208731547538, 0.8185305742850499, 0.7566666666666666, 0.8813888888888889, 0.7395061728395061, 0.8400962236746551, 0.8117283950617284, 0.8131613756613757]","[0.717391304347826, 0.8043478260869565, 0.7391304347826086, 0.7608695652173914, 0.6666666666666666, 0.8444444444444444, 0.7333333333333333, 0.8, 0.7777777777777778, 0.7777777777777778]","[0.6853209758756986, 0.7927079277193694, 0.7044490036817402, 0.7400860009555662, 0.613880742913001, 0.8267458770382745, 0.7140213968589254, 0.7779781243231535, 0.7655664603410313, 0.7575900944933204]","[array([[12,  0,  0,  0],
       [ 6,  2,  0,  1],
       [ 0,  0,  8,  2],
       [ 0,  0,  4, 11]]), array([[11,  0,  0,  1],
       [ 4,  4,  0,  1],
       [ 0,  0,  8,  2],
       [ 0,  0,  1, 14]]), array([[10,  1,  0,  0],
       [ 7,  2,  0,  1],
       [ 0,  0,  7,  3],
       [ 0,  0,  0, 15]]), array([[10,  0,  1,  0],
       [ 6,  3,  0,  1],
       [ 0,  0,  9,  1],
       [ 1,  0,  1, 13]]), array([[11,  0,  0,  0],
       [ 9,  1,  0,  0],
       [ 0,  0,  7,  3],
       [ 0,  0,  3, 11]]), array([[11,  0,  0,  0],
       [ 5,  4,  0,  1],
       [ 0,  0,  9,  0],
       [ 0,  0,  1, 14]]), array([[ 9,  1,  1,  0],
       [ 3,  3,  0,  3],
       [ 0,  0,  7,  3],
       [ 0,  0,  1, 14]]), array([[11,  0,  0,  0],
       [ 5,  3,  0,  1],
       [ 0,  0,  8,  2],
       [ 0,  0,  1, 14]]), array([[11,  0,  0,  0],
       [ 5,  4,  0,  0],
       [ 0,  0,  7,  3],
       [ 0,  0,  2, 13]]), array([[ 9,  0,  0,  2],
       [ 5,  3,  0,  1],
       [ 0,  0, 10,  0],
       [ 0,  0,  2, 13]])]"
36,"[0.7794117647058824, 0.7745098039215687, 0.7745098039215687, 0.7720588235294118, 0.7677261613691931, 0.7555012224938875, 0.7652811735941321, 0.7628361858190709, 0.7530562347188264, 0.7652811735941321]","[0.7794117647058824, 0.7745098039215687, 0.7745098039215687, 0.7720588235294118, 0.7677261613691931, 0.7555012224938875, 0.7652811735941321, 0.7628361858190709, 0.7530562347188264, 0.7652811735941321]","[0.7794117647058824, 0.7745098039215687, 0.7745098039215687, 0.7720588235294118, 0.7677261613691931, 0.7555012224938875, 0.7652811735941321, 0.7628361858190709, 0.7530562347188264, 0.7652811735941321]","[0.7794117647058824, 0.7745098039215687, 0.7745098039215687, 0.7720588235294118, 0.7677261613691931, 0.7555012224938875, 0.7652811735941321, 0.7628361858190709, 0.7530562347188264, 0.7652811735941321]","[0.8026687598116169, 0.8049597546786452, 0.8162037914193088, 0.8143998878703109, 0.8001264091556888, 0.8008975060966026, 0.794723626828403, 0.7901599120540369, 0.7949210884694755, 0.7923282174346502]","[0.7554058853123674, 0.7508797634431938, 0.7489715179802401, 0.7450526725667943, 0.7393516752691855, 0.7277138881265526, 0.7448674025643087, 0.7386188865505406, 0.7243000639450949, 0.7388109367111554]","[0.7470696305831084, 0.7442498469407105, 0.737597944039567, 0.7362108240827405, 0.7290894377444085, 0.7214795986177566, 0.7361278737150628, 0.7334403654896722, 0.7160921850606831, 0.7299013933955432]","[0.8004445367890746, 0.8002549159783041, 0.8103332439666111, 0.8067953044210631, 0.7949867745319661, 0.7916960335803063, 0.7930397920642254, 0.7844825463075187, 0.7872503563015433, 0.7890224896011253]","[0.7794117647058824, 0.7745098039215687, 0.7745098039215687, 0.7720588235294118, 0.7677261613691931, 0.7555012224938875, 0.7652811735941321, 0.7628361858190709, 0.7530562347188264, 0.7652811735941321]","[0.7624267209176226, 0.758321015287444, 0.7541973344447673, 0.7522860301448238, 0.746685687835547, 0.7371013896525414, 0.7502980890963103, 0.7468896502964337, 0.7325113341039702, 0.7463679193627804]","[array([[ 90,   4,   3,   3],
       [ 44,  31,   0,  10],
       [  0,   0,  76,  13],
       [  1,   0,  12, 121]]), array([[ 93,   3,   1,   3],
       [ 44,  32,   0,   9],
       [  0,   0,  72,  17],
       [  1,   0,  14, 119]]), array([[ 96,   1,   2,   2],
       [ 47,  28,   0,   9],
       [  0,   0,  74,  15],
       [  1,   0,  15, 118]]), array([[ 97,   1,   1,   2],
       [ 46,  29,   0,   9],
       [  0,   0,  70,  19],
       [  0,   0,  15, 119]]), array([[ 94,   3,   1,   3],
       [ 47,  27,   0,  10],
       [  0,   0,  72,  17],
       [  1,   0,  13, 121]]), array([[ 92,   1,   3,   5],
       [ 46,  29,   0,   9],
       [  0,   0,  69,  21],
       [  1,   0,  14, 119]]), array([[ 93,   3,   2,   3],
       [ 47,  32,   0,   6],
       [  0,   0,  74,  15],
       [  1,   0,  19, 114]]), array([[ 92,   4,   1,   4],
       [ 42,  32,   0,  11],
       [  0,   0,  70,  19],
       [  1,   0,  15, 118]]), array([[ 94,   2,   2,   3],
       [ 48,  28,   0,   9],
       [  0,   0,  66,  23],
       [  1,   0,  13, 120]]), array([[ 93,   4,   2,   2],
       [ 47,  29,   0,   9],
       [  0,   0,  71,  18],
       [  1,   0,  13, 120]])]","[0.717391304347826, 0.8043478260869565, 0.6956521739130435, 0.7608695652173914, 0.6666666666666666, 0.8222222222222222, 0.7333333333333333, 0.8222222222222222, 0.7777777777777778, 0.7555555555555555]","[0.717391304347826, 0.8043478260869565, 0.6956521739130435, 0.7608695652173914, 0.6666666666666666, 0.8222222222222222, 0.7333333333333333, 0.8222222222222222, 0.7777777777777778, 0.7555555555555555]","[0.717391304347826, 0.8043478260869565, 0.6956521739130435, 0.7608695652173914, 0.6666666666666666, 0.8222222222222222, 0.7333333333333333, 0.8222222222222222, 0.7777777777777778, 0.7555555555555555]","[0.717391304347826, 0.8043478260869565, 0.6956521739130435, 0.7608695652173914, 0.6666666666666666, 0.8222222222222222, 0.7333333333333333, 0.8222222222222222, 0.7777777777777778, 0.7555555555555555]","[0.7797619047619047, 0.85, 0.7122217307975822, 0.8139204545454546, 0.7589285714285714, 0.8604166666666666, 0.7444444444444445, 0.865625, 0.8194444444444444, 0.8064362108479756]","[0.6888888888888889, 0.7736111111111112, 0.6606060606060606, 0.7439393939393939, 0.6464285714285715, 0.8106060606060606, 0.6962121212121213, 0.7916666666666667, 0.7527777777777778, 0.7295454545454546]","[0.6623824451410658, 0.7801973854605434, 0.637847446670976, 0.7245329342103536, 0.5943024717218266, 0.7978133920408963, 0.6952473156134484, 0.779510155316607, 0.7514378032204858, 0.7224107142857142]","[0.770703933747412, 0.8338164251207729, 0.712202501137755, 0.8096590909090908, 0.7566666666666666, 0.8568518518518518, 0.7395061728395061, 0.8597222222222223, 0.8117283950617284, 0.7938629997453527]","[0.717391304347826, 0.8043478260869565, 0.6956521739130435, 0.7608695652173914, 0.6666666666666666, 0.8222222222222222, 0.7333333333333333, 0.8222222222222222, 0.7777777777777778, 0.7555555555555555]","[0.6853209758756986, 0.7927079277193694, 0.6596919704336583, 0.7372957933967751, 0.613880742913001, 0.8055672680460456, 0.7140213968589254, 0.8002522235497145, 0.7655664603410313, 0.7373095238095237]","[array([[12,  0,  0,  0],
       [ 6,  2,  0,  1],
       [ 0,  0,  8,  2],
       [ 0,  0,  4, 11]]), array([[11,  0,  0,  1],
       [ 4,  4,  0,  1],
       [ 0,  0,  8,  2],
       [ 0,  0,  1, 14]]), array([[10,  1,  0,  0],
       [ 7,  2,  0,  1],
       [ 0,  0,  6,  4],
       [ 0,  0,  1, 14]]), array([[10,  0,  1,  0],
       [ 5,  3,  0,  2],
       [ 0,  0,  9,  1],
       [ 1,  0,  1, 13]]), array([[11,  0,  0,  0],
       [ 9,  1,  0,  0],
       [ 0,  0,  7,  3],
       [ 0,  0,  3, 11]]), array([[10,  0,  0,  1],
       [ 5,  4,  0,  1],
       [ 0,  0,  9,  0],
       [ 0,  0,  1, 14]]), array([[ 9,  1,  1,  0],
       [ 3,  3,  0,  3],
       [ 0,  0,  7,  3],
       [ 0,  0,  1, 14]]), array([[11,  0,  0,  0],
       [ 5,  3,  0,  1],
       [ 0,  0,  9,  1],
       [ 0,  0,  1, 14]]), array([[11,  0,  0,  0],
       [ 5,  4,  0,  0],
       [ 0,  0,  7,  3],
       [ 0,  0,  2, 13]]), array([[ 9,  0,  0,  2],
       [ 5,  3,  0,  1],
       [ 0,  0,  9,  1],
       [ 0,  0,  2, 13]])]"
37,"[0.7720588235294118, 0.7647058823529411, 0.7647058823529411, 0.7696078431372549, 0.7652811735941321, 0.7603911980440098, 0.7677261613691931, 0.7603911980440098, 0.7530562347188264, 0.7603911980440098]","[0.7720588235294118, 0.7647058823529411, 0.7647058823529411, 0.7696078431372549, 0.7652811735941321, 0.7603911980440098, 0.7677261613691931, 0.7603911980440098, 0.7530562347188264, 0.7603911980440098]","[0.7720588235294118, 0.7647058823529411, 0.7647058823529411, 0.7696078431372549, 0.7652811735941321, 0.7603911980440098, 0.7677261613691931, 0.7603911980440098, 0.7530562347188264, 0.7603911980440098]","[0.7720588235294118, 0.7647058823529411, 0.7647058823529411, 0.7696078431372549, 0.7652811735941321, 0.7603911980440098, 0.7677261613691931, 0.7603911980440098, 0.7530562347188264, 0.7603911980440098]","[0.7960754502594882, 0.804251743603488, 0.8019911617769946, 0.8060378538722024, 0.7870702621690996, 0.804562522231019, 0.8031057386501691, 0.7870598821853473, 0.8020133801383801, 0.7997045257611557]","[0.7473488719653549, 0.7382593147941718, 0.7379021024512072, 0.7425774250420418, 0.736420233783678, 0.7332694436821081, 0.7454560158445532, 0.7356777100799524, 0.7238341349992592, 0.7332044184136479]","[0.7366768741394863, 0.7326799321454783, 0.7263080542946024, 0.7338651705425916, 0.7278913288375022, 0.7263398094119561, 0.7379858232413681, 0.7291406738941715, 0.7143607763520422, 0.7217578333492094]","[0.7944304738615077, 0.7961607930479133, 0.7969122815176036, 0.799814534302548, 0.7843963026027375, 0.7960157749725864, 0.7996340478263175, 0.7822339141512402, 0.7926446742155789, 0.7940643998065782]","[0.7720588235294118, 0.7647058823529411, 0.7647058823529411, 0.7696078431372549, 0.7652811735941321, 0.7603911980440098, 0.7677261613691931, 0.7603911980440098, 0.7530562347188264, 0.7603911980440098]","[0.7531226930785607, 0.7469493206086787, 0.7436543644006275, 0.750147710863743, 0.7458292533258449, 0.7420010214133856, 0.7525213461435355, 0.7434890631554958, 0.7309252658089797, 0.7387869620570612]","[array([[ 91,   4,   3,   2],
       [ 46,  29,   0,  10],
       [  0,   0,  75,  14],
       [  1,   0,  13, 120]]), array([[ 94,   2,   1,   3],
       [ 44,  31,   0,  10],
       [  0,   0,  67,  22],
       [  1,   0,  13, 120]]), array([[ 95,   2,   2,   2],
       [ 48,  27,   0,   9],
       [  0,   0,  72,  17],
       [  1,   0,  15, 118]]), array([[ 96,   2,   1,   2],
       [ 46,  29,   0,   9],
       [  0,   0,  70,  19],
       [  0,   0,  15, 119]]), array([[ 92,   5,   2,   2],
       [ 46,  28,   0,  10],
       [  0,   0,  71,  18],
       [  1,   0,  12, 122]]), array([[ 92,   1,   3,   5],
       [ 46,  29,   0,   9],
       [  0,   0,  71,  19],
       [  1,   0,  14, 119]]), array([[ 94,   2,   2,   3],
       [ 48,  32,   0,   5],
       [  0,   0,  72,  17],
       [  1,   0,  17, 116]]), array([[ 92,   4,   2,   3],
       [ 43,  31,   0,  11],
       [  0,   0,  70,  19],
       [  1,   0,  15, 118]]), array([[ 95,   1,   2,   3],
       [ 48,  27,   0,  10],
       [  0,   0,  66,  23],
       [  1,   0,  13, 120]]), array([[ 95,   2,   2,   2],
       [ 49,  27,   0,   9],
       [  0,   0,  70,  19],
       [  1,   0,  14, 119]])]","[0.717391304347826, 0.782608695652174, 0.6956521739130435, 0.7391304347826086, 0.6666666666666666, 0.8, 0.7333333333333333, 0.8222222222222222, 0.7555555555555555, 0.7555555555555555]","[0.717391304347826, 0.782608695652174, 0.6956521739130435, 0.7391304347826086, 0.6666666666666666, 0.8, 0.7333333333333333, 0.8222222222222222, 0.7555555555555555, 0.7555555555555555]","[0.717391304347826, 0.782608695652174, 0.6956521739130435, 0.7391304347826086, 0.6666666666666666, 0.8, 0.7333333333333333, 0.8222222222222222, 0.7555555555555555, 0.7555555555555555]","[0.717391304347826, 0.782608695652174, 0.6956521739130435, 0.7391304347826086, 0.6666666666666666, 0.8, 0.7333333333333333, 0.8222222222222222, 0.7555555555555555, 0.7555555555555555]","[0.7797619047619047, 0.823015873015873, 0.7122217307975822, 0.7974264705882352, 0.7589285714285714, 0.85, 0.7444444444444445, 0.865625, 0.8093341503267973, 0.8064362108479756]","[0.6888888888888889, 0.7527777777777778, 0.6606060606060606, 0.7189393939393939, 0.6464285714285715, 0.7856060606060606, 0.6962121212121213, 0.7916666666666667, 0.725, 0.7295454545454546]","[0.6623824451410658, 0.7582750582750584, 0.637847446670976, 0.7036948005698005, 0.5943024717218266, 0.7632183574458616, 0.6952473156134484, 0.779510155316607, 0.7153165170991996, 0.7224107142857142]","[0.770703933747412, 0.8095238095238094, 0.712202501137755, 0.790121483375959, 0.7566666666666666, 0.8466666666666667, 0.7395061728395061, 0.8597222222222223, 0.8018427741466957, 0.7938629997453527]","[0.717391304347826, 0.782608695652174, 0.6956521739130435, 0.7391304347826086, 0.6666666666666666, 0.8, 0.7333333333333333, 0.8222222222222222, 0.7555555555555555, 0.7555555555555555]","[0.6853209758756986, 0.7716631194892065, 0.6596919704336583, 0.7163267992072341, 0.613880742913001, 0.7741830144395697, 0.7140213968589254, 0.8002522235497145, 0.7353760745950899, 0.7373095238095237]","[array([[12,  0,  0,  0],
       [ 6,  2,  0,  1],
       [ 0,  0,  8,  2],
       [ 0,  0,  4, 11]]), array([[10,  0,  1,  1],
       [ 4,  4,  0,  1],
       [ 0,  0,  8,  2],
       [ 0,  0,  1, 14]]), array([[10,  1,  0,  0],
       [ 7,  2,  0,  1],
       [ 0,  0,  6,  4],
       [ 0,  0,  1, 14]]), array([[10,  0,  1,  0],
       [ 5,  3,  0,  2],
       [ 0,  0,  8,  2],
       [ 1,  0,  1, 13]]), array([[11,  0,  0,  0],
       [ 9,  1,  0,  0],
       [ 0,  0,  7,  3],
       [ 0,  0,  3, 11]]), array([[10,  0,  0,  1],
       [ 6,  3,  0,  1],
       [ 0,  0,  9,  0],
       [ 0,  0,  1, 14]]), array([[ 9,  1,  1,  0],
       [ 3,  3,  0,  3],
       [ 0,  0,  7,  3],
       [ 0,  0,  1, 14]]), array([[11,  0,  0,  0],
       [ 5,  3,  0,  1],
       [ 0,  0,  9,  1],
       [ 0,  0,  1, 14]]), array([[11,  0,  0,  0],
       [ 6,  3,  0,  0],
       [ 0,  0,  7,  3],
       [ 0,  0,  2, 13]]), array([[ 9,  0,  0,  2],
       [ 5,  3,  0,  1],
       [ 0,  0,  9,  1],
       [ 0,  0,  2, 13]])]"
38,"[0.7696078431372549, 0.7671568627450981, 0.7720588235294118, 0.7720588235294118, 0.7750611246943765, 0.7603911980440098, 0.7726161369193154, 0.7652811735941321, 0.7481662591687042, 0.7628361858190709]","[0.7696078431372549, 0.7671568627450981, 0.7720588235294118, 0.7720588235294118, 0.7750611246943765, 0.7603911980440098, 0.7726161369193154, 0.7652811735941321, 0.7481662591687042, 0.7628361858190709]","[0.7696078431372549, 0.7671568627450981, 0.7720588235294118, 0.7720588235294118, 0.7750611246943765, 0.7603911980440098, 0.7726161369193154, 0.7652811735941321, 0.7481662591687042, 0.7628361858190709]","[0.7696078431372549, 0.7671568627450981, 0.7720588235294118, 0.7720588235294118, 0.7750611246943765, 0.7603911980440098, 0.7726161369193154, 0.7652811735941321, 0.7481662591687042, 0.7628361858190709]","[0.7945016445016445, 0.7982263323590354, 0.814272030651341, 0.8079215542682384, 0.7994729940282344, 0.8052723408124758, 0.8071876066906987, 0.797140522875817, 0.7984055106286119, 0.8014166905121135]","[0.7454222361424865, 0.7421884217379724, 0.7461625292161952, 0.7453864138060868, 0.7486139879370495, 0.7334678563805208, 0.7510739933726432, 0.7412263217818365, 0.7185498987104618, 0.7361455948842361]","[0.7379982368556598, 0.7336312088017305, 0.7351923212319922, 0.7363152739752339, 0.7409221718034849, 0.7283642604414161, 0.7428276480831929, 0.7372483096296727, 0.7098791217308316, 0.7258640312785123]","[0.7917599672501634, 0.793704706443885, 0.808024378333709, 0.8020533393466289, 0.7961938444691804, 0.7956599618897835, 0.8044893663133986, 0.7899459865445772, 0.7883631931653503, 0.7956657028632812]","[0.7696078431372549, 0.7671568627450981, 0.7720588235294118, 0.7720588235294118, 0.7750611246943765, 0.7603911980440098, 0.7726161369193154, 0.7652811735941321, 0.7481662591687042, 0.7628361858190709]","[0.7531629727646834, 0.7488823638544023, 0.751762715720784, 0.7526144688492287, 0.7573643411079888, 0.743057284435878, 0.757415750842341, 0.7499747958081829, 0.7262534619085685, 0.7423237517490742]","[array([[ 89,   4,   3,   4],
       [ 45,  31,   0,   9],
       [  0,   0,  74,  15],
       [  1,   0,  13, 120]]), array([[ 93,   3,   2,   2],
       [ 45,  30,   0,  10],
       [  0,   0,  71,  18],
       [  1,   0,  14, 119]]), array([[ 96,   1,   2,   2],
       [ 47,  28,   0,   9],
       [  0,   0,  73,  16],
       [  1,   0,  15, 118]]), array([[ 96,   2,   1,   2],
       [ 46,  29,   0,   9],
       [  0,   0,  71,  18],
       [  0,   0,  15, 119]]), array([[ 93,   4,   2,   2],
       [ 44,  30,   0,  10],
       [  0,   0,  73,  16],
       [  1,   0,  13, 121]]), array([[ 92,   1,   2,   6],
       [ 45,  30,   0,   9],
       [  0,   0,  70,  20],
       [  1,   0,  14, 119]]), array([[ 94,   2,   2,   3],
       [ 48,  32,   0,   5],
       [  0,   0,  74,  15],
       [  1,   0,  17, 116]]), array([[ 93,   3,   1,   4],
       [ 41,  33,   0,  11],
       [  0,   0,  69,  20],
       [  1,   0,  15, 118]]), array([[ 94,   1,   2,   4],
       [ 48,  27,   0,  10],
       [  0,   0,  65,  24],
       [  1,   0,  13, 120]]), array([[ 95,   2,   2,   2],
       [ 48,  28,   0,   9],
       [  0,   0,  70,  19],
       [  1,   0,  14, 119]])]","[0.717391304347826, 0.782608695652174, 0.717391304347826, 0.6956521739130435, 0.6666666666666666, 0.8222222222222222, 0.7333333333333333, 0.8222222222222222, 0.7777777777777778, 0.7555555555555555]","[0.717391304347826, 0.782608695652174, 0.717391304347826, 0.6956521739130435, 0.6666666666666666, 0.8222222222222222, 0.7333333333333333, 0.8222222222222222, 0.7777777777777778, 0.7555555555555555]","[0.717391304347826, 0.782608695652174, 0.717391304347826, 0.6956521739130435, 0.6666666666666666, 0.8222222222222222, 0.7333333333333333, 0.8222222222222222, 0.7777777777777778, 0.7555555555555555]","[0.717391304347826, 0.782608695652174, 0.717391304347826, 0.6956521739130435, 0.6666666666666666, 0.8222222222222222, 0.7333333333333333, 0.8222222222222222, 0.7777777777777778, 0.7555555555555555]","[0.7797619047619047, 0.823015873015873, 0.7512254901960784, 0.7648026315789473, 0.7589285714285714, 0.8604166666666666, 0.7444444444444445, 0.865625, 0.8194444444444444, 0.8064362108479756]","[0.6888888888888889, 0.7527777777777778, 0.6772727272727272, 0.668939393939394, 0.6464285714285715, 0.8106060606060606, 0.6962121212121213, 0.7916666666666667, 0.7527777777777778, 0.7295454545454546]","[0.6623824451410658, 0.7582750582750584, 0.6572802197802198, 0.6584129378247024, 0.5943024717218266, 0.7978133920408963, 0.6952473156134484, 0.779510155316607, 0.7514378032204858, 0.7224107142857142]","[0.770703933747412, 0.8095238095238094, 0.7475490196078433, 0.7530034324942791, 0.7566666666666666, 0.8568518518518518, 0.7395061728395061, 0.8597222222222223, 0.8117283950617284, 0.7938629997453527]","[0.717391304347826, 0.782608695652174, 0.717391304347826, 0.6956521739130435, 0.6666666666666666, 0.8222222222222222, 0.7333333333333333, 0.8222222222222222, 0.7777777777777778, 0.7555555555555555]","[0.6853209758756986, 0.7716631194892065, 0.6802436693741041, 0.6717562535976858, 0.613880742913001, 0.8055672680460456, 0.7140213968589254, 0.8002522235497145, 0.7655664603410313, 0.7373095238095237]","[array([[12,  0,  0,  0],
       [ 6,  2,  0,  1],
       [ 0,  0,  8,  2],
       [ 0,  0,  4, 11]]), array([[10,  0,  1,  1],
       [ 4,  4,  0,  1],
       [ 0,  0,  8,  2],
       [ 0,  0,  1, 14]]), array([[10,  1,  0,  0],
       [ 7,  2,  0,  1],
       [ 0,  0,  6,  4],
       [ 0,  0,  0, 15]]), array([[10,  0,  1,  0],
       [ 5,  3,  0,  2],
       [ 0,  0,  6,  4],
       [ 1,  0,  1, 13]]), array([[11,  0,  0,  0],
       [ 9,  1,  0,  0],
       [ 0,  0,  7,  3],
       [ 0,  0,  3, 11]]), array([[10,  0,  0,  1],
       [ 5,  4,  0,  1],
       [ 0,  0,  9,  0],
       [ 0,  0,  1, 14]]), array([[ 9,  1,  1,  0],
       [ 3,  3,  0,  3],
       [ 0,  0,  7,  3],
       [ 0,  0,  1, 14]]), array([[11,  0,  0,  0],
       [ 5,  3,  0,  1],
       [ 0,  0,  9,  1],
       [ 0,  0,  1, 14]]), array([[11,  0,  0,  0],
       [ 5,  4,  0,  0],
       [ 0,  0,  7,  3],
       [ 0,  0,  2, 13]]), array([[ 9,  0,  0,  2],
       [ 5,  3,  0,  1],
       [ 0,  0,  9,  1],
       [ 0,  0,  2, 13]])]"
