n_neighbors value,Train_Accuracy,Train_Precision_micro,Train_Recall_micro,Train_f1_micro,Train_Precision_macro,Train_Recall_macro,Train_f1_macro,Train_Precision_weighted,Train_Recall_weighted,Train_f1_weighted,Train_Confusion_Matrix,Test_Accuracy,Test_Precision_micro,Test_Recall_micro,Test_f1_micro,Test_Precision_macro,Test_Recall_macro,Test_f1_macro,Test_Precision_weighted,Test_Recall_weighted,Test_f1_weighted,Test_Confusion_Matrix
1,"[1.0, 1.0, 1.0, 1.0, 1.0, 1.0, 1.0, 1.0, 1.0, 1.0]","[1.0, 1.0, 1.0, 1.0, 1.0, 1.0, 1.0, 1.0, 1.0, 1.0]","[1.0, 1.0, 1.0, 1.0, 1.0, 1.0, 1.0, 1.0, 1.0, 1.0]","[1.0, 1.0, 1.0, 1.0, 1.0, 1.0, 1.0, 1.0, 1.0, 1.0]","[1.0, 1.0, 1.0, 1.0, 1.0, 1.0, 1.0, 1.0, 1.0, 1.0]","[1.0, 1.0, 1.0, 1.0, 1.0, 1.0, 1.0, 1.0, 1.0, 1.0]","[1.0, 1.0, 1.0, 1.0, 1.0, 1.0, 1.0, 1.0, 1.0, 1.0]","[1.0, 1.0, 1.0, 1.0, 1.0, 1.0, 1.0, 1.0, 1.0, 1.0]","[1.0, 1.0, 1.0, 1.0, 1.0, 1.0, 1.0, 1.0, 1.0, 1.0]","[1.0, 1.0, 1.0, 1.0, 1.0, 1.0, 1.0, 1.0, 1.0, 1.0]","[array([[100,   0,   0,   0],
       [  0,  85,   0,   0],
       [  0,   0,  89,   0],
       [  0,   0,   0, 134]]), array([[100,   0,   0,   0],
       [  0,  85,   0,   0],
       [  0,   0,  89,   0],
       [  0,   0,   0, 134]]), array([[101,   0,   0,   0],
       [  0,  84,   0,   0],
       [  0,   0,  89,   0],
       [  0,   0,   0, 134]]), array([[101,   0,   0,   0],
       [  0,  84,   0,   0],
       [  0,   0,  89,   0],
       [  0,   0,   0, 134]]), array([[101,   0,   0,   0],
       [  0,  84,   0,   0],
       [  0,   0,  89,   0],
       [  0,   0,   0, 135]]), array([[101,   0,   0,   0],
       [  0,  84,   0,   0],
       [  0,   0,  90,   0],
       [  0,   0,   0, 134]]), array([[101,   0,   0,   0],
       [  0,  85,   0,   0],
       [  0,   0,  89,   0],
       [  0,   0,   0, 134]]), array([[101,   0,   0,   0],
       [  0,  85,   0,   0],
       [  0,   0,  89,   0],
       [  0,   0,   0, 134]]), array([[101,   0,   0,   0],
       [  0,  85,   0,   0],
       [  0,   0,  89,   0],
       [  0,   0,   0, 134]]), array([[101,   0,   0,   0],
       [  0,  85,   0,   0],
       [  0,   0,  89,   0],
       [  0,   0,   0, 134]])]","[0.6086956521739131, 0.782608695652174, 0.8043478260869565, 0.8260869565217391, 0.7777777777777778, 0.8, 0.6444444444444445, 0.7333333333333333, 0.7111111111111111, 0.7333333333333333]","[0.6086956521739131, 0.782608695652174, 0.8043478260869565, 0.8260869565217391, 0.7777777777777778, 0.8, 0.6444444444444445, 0.7333333333333333, 0.7111111111111111, 0.7333333333333333]","[0.6086956521739131, 0.782608695652174, 0.8043478260869565, 0.8260869565217391, 0.7777777777777778, 0.8, 0.6444444444444445, 0.7333333333333333, 0.7111111111111111, 0.7333333333333333]","[0.6086956521739131, 0.782608695652174, 0.8043478260869565, 0.8260869565217391, 0.7777777777777778, 0.8000000000000002, 0.6444444444444445, 0.7333333333333333, 0.7111111111111111, 0.7333333333333333]","[0.6083333333333333, 0.7773771367521367, 0.802114898989899, 0.8404820261437909, 0.7864010989010989, 0.801717032967033, 0.6620979532163743, 0.7899305555555556, 0.7595373376623377, 0.7410714285714286]","[0.6, 0.7666666666666667, 0.7962121212121213, 0.818939393939394, 0.775974025974026, 0.8027777777777778, 0.6290404040404041, 0.7, 0.7027777777777777, 0.7161616161616162]","[0.5863095238095238, 0.7703585339059222, 0.7984334002160828, 0.8254870645817443, 0.7722197464844525, 0.7950835421888052, 0.6404024767801857, 0.6923400673400673, 0.6966303173199725, 0.7181097906055462]","[0.6173913043478261, 0.7814358045336307, 0.8035929951690821, 0.8320900824097756, 0.7896214896214897, 0.8085592185592186, 0.6587231968810916, 0.775462962962963, 0.7475649350649352, 0.7394179894179894]","[0.6086956521739131, 0.782608695652174, 0.8043478260869565, 0.8260869565217391, 0.7777777777777778, 0.8, 0.6444444444444445, 0.7333333333333333, 0.7111111111111111, 0.7333333333333333]","[0.5971359558316081, 0.7804784215302716, 0.8032405698678673, 0.8250336478404582, 0.7755122026363857, 0.797223800241344, 0.6458479532163742, 0.709951365506921, 0.7002870834288458, 0.7273042822109037]","[array([[10,  1,  1,  0],
       [ 5,  3,  0,  1],
       [ 0,  0,  7,  3],
       [ 0,  1,  6,  8]]), array([[10,  2,  0,  0],
       [ 3,  6,  0,  0],
       [ 0,  0,  7,  3],
       [ 0,  0,  2, 13]]), array([[ 9,  2,  0,  0],
       [ 2,  8,  0,  0],
       [ 0,  0,  7,  3],
       [ 0,  0,  2, 13]]), array([[10,  1,  0,  0],
       [ 1,  8,  0,  1],
       [ 0,  0,  7,  3],
       [ 1,  0,  1, 13]]), array([[ 9,  1,  0,  1],
       [ 4,  6,  0,  0],
       [ 0,  0,  9,  1],
       [ 0,  0,  3, 11]]), array([[11,  0,  0,  0],
       [ 3,  7,  0,  0],
       [ 0,  0,  7,  2],
       [ 0,  1,  3, 11]]), array([[ 8,  2,  1,  0],
       [ 1,  5,  0,  3],
       [ 0,  0,  5,  5],
       [ 0,  1,  3, 11]]), array([[11,  0,  0,  0],
       [ 5,  3,  0,  1],
       [ 0,  0,  6,  4],
       [ 0,  0,  2, 13]]), array([[11,  0,  0,  0],
       [ 4,  4,  0,  1],
       [ 0,  0,  7,  3],
       [ 1,  0,  4, 10]]), array([[10,  1,  0,  0],
       [ 3,  5,  0,  1],
       [ 1,  0,  6,  3],
       [ 0,  0,  3, 12]])]"
2,"[1.0, 1.0, 1.0, 1.0, 1.0, 1.0, 1.0, 1.0, 1.0, 1.0]","[1.0, 1.0, 1.0, 1.0, 1.0, 1.0, 1.0, 1.0, 1.0, 1.0]","[1.0, 1.0, 1.0, 1.0, 1.0, 1.0, 1.0, 1.0, 1.0, 1.0]","[1.0, 1.0, 1.0, 1.0, 1.0, 1.0, 1.0, 1.0, 1.0, 1.0]","[1.0, 1.0, 1.0, 1.0, 1.0, 1.0, 1.0, 1.0, 1.0, 1.0]","[1.0, 1.0, 1.0, 1.0, 1.0, 1.0, 1.0, 1.0, 1.0, 1.0]","[1.0, 1.0, 1.0, 1.0, 1.0, 1.0, 1.0, 1.0, 1.0, 1.0]","[1.0, 1.0, 1.0, 1.0, 1.0, 1.0, 1.0, 1.0, 1.0, 1.0]","[1.0, 1.0, 1.0, 1.0, 1.0, 1.0, 1.0, 1.0, 1.0, 1.0]","[1.0, 1.0, 1.0, 1.0, 1.0, 1.0, 1.0, 1.0, 1.0, 1.0]","[array([[100,   0,   0,   0],
       [  0,  85,   0,   0],
       [  0,   0,  89,   0],
       [  0,   0,   0, 134]]), array([[100,   0,   0,   0],
       [  0,  85,   0,   0],
       [  0,   0,  89,   0],
       [  0,   0,   0, 134]]), array([[101,   0,   0,   0],
       [  0,  84,   0,   0],
       [  0,   0,  89,   0],
       [  0,   0,   0, 134]]), array([[101,   0,   0,   0],
       [  0,  84,   0,   0],
       [  0,   0,  89,   0],
       [  0,   0,   0, 134]]), array([[101,   0,   0,   0],
       [  0,  84,   0,   0],
       [  0,   0,  89,   0],
       [  0,   0,   0, 135]]), array([[101,   0,   0,   0],
       [  0,  84,   0,   0],
       [  0,   0,  90,   0],
       [  0,   0,   0, 134]]), array([[101,   0,   0,   0],
       [  0,  85,   0,   0],
       [  0,   0,  89,   0],
       [  0,   0,   0, 134]]), array([[101,   0,   0,   0],
       [  0,  85,   0,   0],
       [  0,   0,  89,   0],
       [  0,   0,   0, 134]]), array([[101,   0,   0,   0],
       [  0,  85,   0,   0],
       [  0,   0,  89,   0],
       [  0,   0,   0, 134]]), array([[101,   0,   0,   0],
       [  0,  85,   0,   0],
       [  0,   0,  89,   0],
       [  0,   0,   0, 134]])]","[0.6086956521739131, 0.782608695652174, 0.8043478260869565, 0.8260869565217391, 0.7777777777777778, 0.8, 0.6444444444444445, 0.7333333333333333, 0.7111111111111111, 0.7333333333333333]","[0.6086956521739131, 0.782608695652174, 0.8043478260869565, 0.8260869565217391, 0.7777777777777778, 0.8, 0.6444444444444445, 0.7333333333333333, 0.7111111111111111, 0.7333333333333333]","[0.6086956521739131, 0.782608695652174, 0.8043478260869565, 0.8260869565217391, 0.7777777777777778, 0.8, 0.6444444444444445, 0.7333333333333333, 0.7111111111111111, 0.7333333333333333]","[0.6086956521739131, 0.782608695652174, 0.8043478260869565, 0.8260869565217391, 0.7777777777777778, 0.8000000000000002, 0.6444444444444445, 0.7333333333333333, 0.7111111111111111, 0.7333333333333333]","[0.6083333333333333, 0.7773771367521367, 0.802114898989899, 0.8404820261437909, 0.7864010989010989, 0.801717032967033, 0.6620979532163743, 0.7899305555555556, 0.7595373376623377, 0.7410714285714286]","[0.6, 0.7666666666666667, 0.7962121212121213, 0.818939393939394, 0.775974025974026, 0.8027777777777778, 0.6290404040404041, 0.7, 0.7027777777777777, 0.7161616161616162]","[0.5863095238095238, 0.7703585339059222, 0.7984334002160828, 0.8254870645817443, 0.7722197464844525, 0.7950835421888052, 0.6404024767801857, 0.6923400673400673, 0.6966303173199725, 0.7181097906055462]","[0.6173913043478261, 0.7814358045336307, 0.8035929951690821, 0.8320900824097756, 0.7896214896214897, 0.8085592185592186, 0.6587231968810916, 0.775462962962963, 0.7475649350649352, 0.7394179894179894]","[0.6086956521739131, 0.782608695652174, 0.8043478260869565, 0.8260869565217391, 0.7777777777777778, 0.8, 0.6444444444444445, 0.7333333333333333, 0.7111111111111111, 0.7333333333333333]","[0.5971359558316081, 0.7804784215302716, 0.8032405698678673, 0.8250336478404582, 0.7755122026363857, 0.797223800241344, 0.6458479532163742, 0.709951365506921, 0.7002870834288458, 0.7273042822109037]","[array([[10,  1,  1,  0],
       [ 5,  3,  0,  1],
       [ 0,  0,  7,  3],
       [ 0,  1,  6,  8]]), array([[10,  2,  0,  0],
       [ 3,  6,  0,  0],
       [ 0,  0,  7,  3],
       [ 0,  0,  2, 13]]), array([[ 9,  2,  0,  0],
       [ 2,  8,  0,  0],
       [ 0,  0,  7,  3],
       [ 0,  0,  2, 13]]), array([[10,  1,  0,  0],
       [ 1,  8,  0,  1],
       [ 0,  0,  7,  3],
       [ 1,  0,  1, 13]]), array([[ 9,  1,  0,  1],
       [ 4,  6,  0,  0],
       [ 0,  0,  9,  1],
       [ 0,  0,  3, 11]]), array([[11,  0,  0,  0],
       [ 3,  7,  0,  0],
       [ 0,  0,  7,  2],
       [ 0,  1,  3, 11]]), array([[ 8,  2,  1,  0],
       [ 1,  5,  0,  3],
       [ 0,  0,  5,  5],
       [ 0,  1,  3, 11]]), array([[11,  0,  0,  0],
       [ 5,  3,  0,  1],
       [ 0,  0,  6,  4],
       [ 0,  0,  2, 13]]), array([[11,  0,  0,  0],
       [ 4,  4,  0,  1],
       [ 0,  0,  7,  3],
       [ 1,  0,  4, 10]]), array([[10,  1,  0,  0],
       [ 3,  5,  0,  1],
       [ 1,  0,  6,  3],
       [ 0,  0,  3, 12]])]"
3,"[1.0, 1.0, 1.0, 1.0, 1.0, 1.0, 1.0, 1.0, 1.0, 1.0]","[1.0, 1.0, 1.0, 1.0, 1.0, 1.0, 1.0, 1.0, 1.0, 1.0]","[1.0, 1.0, 1.0, 1.0, 1.0, 1.0, 1.0, 1.0, 1.0, 1.0]","[1.0, 1.0, 1.0, 1.0, 1.0, 1.0, 1.0, 1.0, 1.0, 1.0]","[1.0, 1.0, 1.0, 1.0, 1.0, 1.0, 1.0, 1.0, 1.0, 1.0]","[1.0, 1.0, 1.0, 1.0, 1.0, 1.0, 1.0, 1.0, 1.0, 1.0]","[1.0, 1.0, 1.0, 1.0, 1.0, 1.0, 1.0, 1.0, 1.0, 1.0]","[1.0, 1.0, 1.0, 1.0, 1.0, 1.0, 1.0, 1.0, 1.0, 1.0]","[1.0, 1.0, 1.0, 1.0, 1.0, 1.0, 1.0, 1.0, 1.0, 1.0]","[1.0, 1.0, 1.0, 1.0, 1.0, 1.0, 1.0, 1.0, 1.0, 1.0]","[array([[100,   0,   0,   0],
       [  0,  85,   0,   0],
       [  0,   0,  89,   0],
       [  0,   0,   0, 134]]), array([[100,   0,   0,   0],
       [  0,  85,   0,   0],
       [  0,   0,  89,   0],
       [  0,   0,   0, 134]]), array([[101,   0,   0,   0],
       [  0,  84,   0,   0],
       [  0,   0,  89,   0],
       [  0,   0,   0, 134]]), array([[101,   0,   0,   0],
       [  0,  84,   0,   0],
       [  0,   0,  89,   0],
       [  0,   0,   0, 134]]), array([[101,   0,   0,   0],
       [  0,  84,   0,   0],
       [  0,   0,  89,   0],
       [  0,   0,   0, 135]]), array([[101,   0,   0,   0],
       [  0,  84,   0,   0],
       [  0,   0,  90,   0],
       [  0,   0,   0, 134]]), array([[101,   0,   0,   0],
       [  0,  85,   0,   0],
       [  0,   0,  89,   0],
       [  0,   0,   0, 134]]), array([[101,   0,   0,   0],
       [  0,  85,   0,   0],
       [  0,   0,  89,   0],
       [  0,   0,   0, 134]]), array([[101,   0,   0,   0],
       [  0,  85,   0,   0],
       [  0,   0,  89,   0],
       [  0,   0,   0, 134]]), array([[101,   0,   0,   0],
       [  0,  85,   0,   0],
       [  0,   0,  89,   0],
       [  0,   0,   0, 134]])]","[0.7391304347826086, 0.8043478260869565, 0.782608695652174, 0.8043478260869565, 0.7777777777777778, 0.8222222222222222, 0.6888888888888889, 0.7777777777777778, 0.7555555555555555, 0.7111111111111111]","[0.7391304347826086, 0.8043478260869565, 0.782608695652174, 0.8043478260869565, 0.7777777777777778, 0.8222222222222222, 0.6888888888888889, 0.7777777777777778, 0.7555555555555555, 0.7111111111111111]","[0.7391304347826086, 0.8043478260869565, 0.782608695652174, 0.8043478260869565, 0.7777777777777778, 0.8222222222222222, 0.6888888888888889, 0.7777777777777778, 0.7555555555555555, 0.7111111111111111]","[0.7391304347826085, 0.8043478260869565, 0.782608695652174, 0.8043478260869565, 0.7777777777777778, 0.8222222222222222, 0.6888888888888889, 0.7777777777777778, 0.7555555555555555, 0.7111111111111111]","[0.7721153846153846, 0.8184523809523809, 0.784375, 0.8110576923076922, 0.7824862637362637, 0.824732905982906, 0.7058745348219031, 0.818954248366013, 0.8062091503267974, 0.7439309056956116]","[0.7416666666666666, 0.7944444444444445, 0.7712121212121211, 0.8022727272727272, 0.7737012987012986, 0.8194444444444444, 0.6679292929292929, 0.7527777777777778, 0.7361111111111112, 0.6911616161616161]","[0.7410628019323672, 0.8009623547081103, 0.7747740377123267, 0.8027777777777778, 0.7742063492063491, 0.8180555555555555, 0.6764705882352942, 0.7527201417004048, 0.7344852515905148, 0.6976503759398496]","[0.7659698996655517, 0.8087474120082815, 0.7866847826086957, 0.8089464882943144, 0.7824786324786325, 0.8235042735042735, 0.7025577411542323, 0.8070007262164125, 0.797676107480029, 0.7333540823736902]","[0.7391304347826086, 0.8043478260869565, 0.782608695652174, 0.8043478260869565, 0.7777777777777778, 0.8222222222222222, 0.6888888888888889, 0.7777777777777778, 0.7555555555555555, 0.7111111111111111]","[0.7381222432262129, 0.8017525168785596, 0.7818938824183046, 0.8031400966183575, 0.7765432098765431, 0.8191358024691358, 0.6856644880174292, 0.7644905533063427, 0.7455497718655614, 0.7053717627401838]","[array([[12,  0,  0,  0],
       [ 3,  6,  0,  0],
       [ 0,  0,  7,  3],
       [ 0,  0,  6,  9]]), array([[12,  0,  0,  0],
       [ 2,  7,  0,  0],
       [ 0,  0,  6,  4],
       [ 0,  0,  3, 12]]), array([[ 9,  2,  0,  0],
       [ 3,  7,  0,  0],
       [ 0,  0,  7,  3],
       [ 0,  1,  1, 13]]), array([[10,  1,  0,  0],
       [ 2,  7,  0,  1],
       [ 0,  0,  8,  2],
       [ 1,  0,  2, 12]]), array([[10,  1,  0,  0],
       [ 3,  7,  0,  0],
       [ 0,  0,  7,  3],
       [ 0,  0,  3, 11]]), array([[11,  0,  0,  0],
       [ 2,  7,  0,  1],
       [ 0,  0,  7,  2],
       [ 0,  1,  2, 12]]), array([[ 8,  2,  1,  0],
       [ 1,  4,  0,  4],
       [ 0,  0,  7,  3],
       [ 0,  0,  3, 12]]), array([[11,  0,  0,  0],
       [ 4,  4,  0,  1],
       [ 0,  0,  7,  3],
       [ 0,  0,  2, 13]]), array([[11,  0,  0,  0],
       [ 5,  4,  0,  0],
       [ 0,  0,  7,  3],
       [ 1,  0,  2, 12]]), array([[10,  0,  1,  0],
       [ 3,  5,  0,  1],
       [ 1,  0,  5,  4],
       [ 0,  0,  3, 12]])]"
4,"[1.0, 1.0, 1.0, 1.0, 1.0, 1.0, 1.0, 1.0, 1.0, 1.0]","[1.0, 1.0, 1.0, 1.0, 1.0, 1.0, 1.0, 1.0, 1.0, 1.0]","[1.0, 1.0, 1.0, 1.0, 1.0, 1.0, 1.0, 1.0, 1.0, 1.0]","[1.0, 1.0, 1.0, 1.0, 1.0, 1.0, 1.0, 1.0, 1.0, 1.0]","[1.0, 1.0, 1.0, 1.0, 1.0, 1.0, 1.0, 1.0, 1.0, 1.0]","[1.0, 1.0, 1.0, 1.0, 1.0, 1.0, 1.0, 1.0, 1.0, 1.0]","[1.0, 1.0, 1.0, 1.0, 1.0, 1.0, 1.0, 1.0, 1.0, 1.0]","[1.0, 1.0, 1.0, 1.0, 1.0, 1.0, 1.0, 1.0, 1.0, 1.0]","[1.0, 1.0, 1.0, 1.0, 1.0, 1.0, 1.0, 1.0, 1.0, 1.0]","[1.0, 1.0, 1.0, 1.0, 1.0, 1.0, 1.0, 1.0, 1.0, 1.0]","[array([[100,   0,   0,   0],
       [  0,  85,   0,   0],
       [  0,   0,  89,   0],
       [  0,   0,   0, 134]]), array([[100,   0,   0,   0],
       [  0,  85,   0,   0],
       [  0,   0,  89,   0],
       [  0,   0,   0, 134]]), array([[101,   0,   0,   0],
       [  0,  84,   0,   0],
       [  0,   0,  89,   0],
       [  0,   0,   0, 134]]), array([[101,   0,   0,   0],
       [  0,  84,   0,   0],
       [  0,   0,  89,   0],
       [  0,   0,   0, 134]]), array([[101,   0,   0,   0],
       [  0,  84,   0,   0],
       [  0,   0,  89,   0],
       [  0,   0,   0, 135]]), array([[101,   0,   0,   0],
       [  0,  84,   0,   0],
       [  0,   0,  90,   0],
       [  0,   0,   0, 134]]), array([[101,   0,   0,   0],
       [  0,  85,   0,   0],
       [  0,   0,  89,   0],
       [  0,   0,   0, 134]]), array([[101,   0,   0,   0],
       [  0,  85,   0,   0],
       [  0,   0,  89,   0],
       [  0,   0,   0, 134]]), array([[101,   0,   0,   0],
       [  0,  85,   0,   0],
       [  0,   0,  89,   0],
       [  0,   0,   0, 134]]), array([[101,   0,   0,   0],
       [  0,  85,   0,   0],
       [  0,   0,  89,   0],
       [  0,   0,   0, 134]])]","[0.6956521739130435, 0.782608695652174, 0.7608695652173914, 0.782608695652174, 0.7777777777777778, 0.8, 0.7111111111111111, 0.7555555555555555, 0.7777777777777778, 0.7333333333333333]","[0.6956521739130435, 0.782608695652174, 0.7608695652173914, 0.782608695652174, 0.7777777777777778, 0.8, 0.7111111111111111, 0.7555555555555555, 0.7777777777777778, 0.7333333333333333]","[0.6956521739130435, 0.782608695652174, 0.7608695652173914, 0.782608695652174, 0.7777777777777778, 0.8, 0.7111111111111111, 0.7555555555555555, 0.7777777777777778, 0.7333333333333333]","[0.6956521739130435, 0.782608695652174, 0.7608695652173914, 0.782608695652174, 0.7777777777777778, 0.8000000000000002, 0.7111111111111111, 0.7555555555555555, 0.7777777777777778, 0.7333333333333333]","[0.7355769230769231, 0.8041666666666667, 0.7679621848739495, 0.7930021367521367, 0.7824862637362637, 0.8017170329670329, 0.7222222222222221, 0.8013888888888889, 0.8179788961038962, 0.7760416666666666]","[0.6888888888888889, 0.7666666666666666, 0.7462121212121212, 0.7772727272727271, 0.7737012987012986, 0.8027777777777778, 0.692929292929293, 0.7277777777777777, 0.7611111111111111, 0.711111111111111]","[0.689935064935065, 0.7736653461611018, 0.7502477621483375, 0.7805366911903414, 0.7742063492063491, 0.7974768098406937, 0.6969696969696969, 0.7290209790209788, 0.754922599750186, 0.708992981488737]","[0.7257525083612041, 0.7938405797101449, 0.7672177566678845, 0.7878112225938313, 0.7824786324786325, 0.8031868131868133, 0.7209876543209877, 0.7866666666666666, 0.8153860028860028, 0.7662037037037036]","[0.6956521739130435, 0.782608695652174, 0.7608695652173914, 0.782608695652174, 0.7777777777777778, 0.8, 0.7111111111111111, 0.7555555555555555, 0.7777777777777778, 0.7333333333333333]","[0.6915584415584416, 0.7781599862208116, 0.7577178082953407, 0.7809949722365755, 0.7765432098765431, 0.7971555645179358, 0.7062626262626261, 0.7406889406889405, 0.76742811608712, 0.7206692711314481]","[array([[12,  0,  0,  0],
       [ 4,  5,  0,  0],
       [ 0,  0,  6,  4],
       [ 0,  0,  6,  9]]), array([[12,  0,  0,  0],
       [ 3,  6,  0,  0],
       [ 0,  0,  6,  4],
       [ 0,  0,  3, 12]]), array([[ 9,  2,  0,  0],
       [ 3,  7,  0,  0],
       [ 0,  0,  6,  4],
       [ 0,  1,  1, 13]]), array([[10,  1,  0,  0],
       [ 2,  7,  0,  1],
       [ 0,  0,  7,  3],
       [ 1,  0,  2, 12]]), array([[10,  1,  0,  0],
       [ 3,  7,  0,  0],
       [ 0,  0,  7,  3],
       [ 0,  0,  3, 11]]), array([[11,  0,  0,  0],
       [ 2,  7,  0,  1],
       [ 0,  0,  7,  2],
       [ 0,  1,  3, 11]]), array([[ 8,  2,  1,  0],
       [ 1,  4,  0,  4],
       [ 0,  0,  8,  2],
       [ 0,  0,  3, 12]]), array([[11,  0,  0,  0],
       [ 4,  4,  0,  1],
       [ 0,  0,  6,  4],
       [ 0,  0,  2, 13]]), array([[11,  0,  0,  0],
       [ 5,  4,  0,  0],
       [ 0,  0,  8,  2],
       [ 0,  0,  3, 12]]), array([[11,  0,  0,  0],
       [ 4,  4,  0,  1],
       [ 1,  0,  6,  3],
       [ 0,  0,  3, 12]])]"
5,"[1.0, 1.0, 1.0, 1.0, 1.0, 1.0, 1.0, 1.0, 1.0, 1.0]","[1.0, 1.0, 1.0, 1.0, 1.0, 1.0, 1.0, 1.0, 1.0, 1.0]","[1.0, 1.0, 1.0, 1.0, 1.0, 1.0, 1.0, 1.0, 1.0, 1.0]","[1.0, 1.0, 1.0, 1.0, 1.0, 1.0, 1.0, 1.0, 1.0, 1.0]","[1.0, 1.0, 1.0, 1.0, 1.0, 1.0, 1.0, 1.0, 1.0, 1.0]","[1.0, 1.0, 1.0, 1.0, 1.0, 1.0, 1.0, 1.0, 1.0, 1.0]","[1.0, 1.0, 1.0, 1.0, 1.0, 1.0, 1.0, 1.0, 1.0, 1.0]","[1.0, 1.0, 1.0, 1.0, 1.0, 1.0, 1.0, 1.0, 1.0, 1.0]","[1.0, 1.0, 1.0, 1.0, 1.0, 1.0, 1.0, 1.0, 1.0, 1.0]","[1.0, 1.0, 1.0, 1.0, 1.0, 1.0, 1.0, 1.0, 1.0, 1.0]","[array([[100,   0,   0,   0],
       [  0,  85,   0,   0],
       [  0,   0,  89,   0],
       [  0,   0,   0, 134]]), array([[100,   0,   0,   0],
       [  0,  85,   0,   0],
       [  0,   0,  89,   0],
       [  0,   0,   0, 134]]), array([[101,   0,   0,   0],
       [  0,  84,   0,   0],
       [  0,   0,  89,   0],
       [  0,   0,   0, 134]]), array([[101,   0,   0,   0],
       [  0,  84,   0,   0],
       [  0,   0,  89,   0],
       [  0,   0,   0, 134]]), array([[101,   0,   0,   0],
       [  0,  84,   0,   0],
       [  0,   0,  89,   0],
       [  0,   0,   0, 135]]), array([[101,   0,   0,   0],
       [  0,  84,   0,   0],
       [  0,   0,  90,   0],
       [  0,   0,   0, 134]]), array([[101,   0,   0,   0],
       [  0,  85,   0,   0],
       [  0,   0,  89,   0],
       [  0,   0,   0, 134]]), array([[101,   0,   0,   0],
       [  0,  85,   0,   0],
       [  0,   0,  89,   0],
       [  0,   0,   0, 134]]), array([[101,   0,   0,   0],
       [  0,  85,   0,   0],
       [  0,   0,  89,   0],
       [  0,   0,   0, 134]]), array([[101,   0,   0,   0],
       [  0,  85,   0,   0],
       [  0,   0,  89,   0],
       [  0,   0,   0, 134]])]","[0.7391304347826086, 0.8043478260869565, 0.717391304347826, 0.7608695652173914, 0.8, 0.8, 0.7333333333333333, 0.8, 0.6888888888888889, 0.7555555555555555]","[0.7391304347826086, 0.8043478260869565, 0.717391304347826, 0.7608695652173914, 0.8, 0.8, 0.7333333333333333, 0.8, 0.6888888888888889, 0.7555555555555555]","[0.7391304347826086, 0.8043478260869565, 0.717391304347826, 0.7608695652173914, 0.8, 0.8, 0.7333333333333333, 0.8, 0.6888888888888889, 0.7555555555555555]","[0.7391304347826085, 0.8043478260869565, 0.717391304347826, 0.7608695652173914, 0.8000000000000002, 0.8000000000000002, 0.7333333333333333, 0.8000000000000002, 0.6888888888888889, 0.7555555555555555]","[0.7756410256410257, 0.8240384615384615, 0.7316653934300994, 0.7748015873015873, 0.7962301587301587, 0.8052884615384616, 0.7384364002011061, 0.8320494864612511, 0.7000000000000001, 0.796875]","[0.7305555555555555, 0.7986111111111112, 0.7068181818181818, 0.7522727272727272, 0.7938311688311689, 0.7916666666666667, 0.7179292929292929, 0.7805555555555556, 0.6717171717171717, 0.7361111111111112]","[0.7305194805194806, 0.8072983870967743, 0.7124554367201426, 0.7542295016478577, 0.7941484145145472, 0.7936300864431794, 0.7164855072463767, 0.785906954887218, 0.6684981684981685, 0.7325498575498576]","[0.7689520624303234, 0.8131270903010034, 0.7287673962865778, 0.7707902001380262, 0.8006172839506173, 0.8012820512820512, 0.7397575554438298, 0.8198049590206453, 0.7007407407407407, 0.7902777777777777]","[0.7391304347826086, 0.8043478260869565, 0.717391304347826, 0.7608695652173914, 0.8, 0.8, 0.7333333333333333, 0.8, 0.6888888888888889, 0.7555555555555555]","[0.7346132128740825, 0.8053892005610098, 0.7168584825234442, 0.7573945175619521, 0.7994914823290109, 0.7961545669641811, 0.726135265700483, 0.7925442773600668, 0.68009768009768, 0.7444761000316557]","[array([[12,  0,  0,  0],
       [ 4,  5,  0,  0],
       [ 0,  0,  7,  3],
       [ 0,  0,  5, 10]]), array([[11,  0,  0,  1],
       [ 2,  7,  0,  0],
       [ 0,  0,  7,  3],
       [ 0,  0,  3, 12]]), array([[ 8,  3,  0,  0],
       [ 2,  7,  0,  1],
       [ 0,  0,  6,  4],
       [ 1,  1,  1, 12]]), array([[10,  1,  0,  0],
       [ 3,  6,  0,  1],
       [ 0,  0,  7,  3],
       [ 1,  0,  2, 12]]), array([[ 9,  2,  0,  0],
       [ 3,  7,  0,  0],
       [ 0,  0,  8,  2],
       [ 0,  0,  2, 12]]), array([[11,  0,  0,  0],
       [ 2,  7,  0,  1],
       [ 0,  0,  6,  3],
       [ 0,  1,  2, 12]]), array([[ 8,  2,  1,  0],
       [ 1,  4,  0,  4],
       [ 0,  0,  9,  1],
       [ 0,  0,  3, 12]]), array([[11,  0,  0,  0],
       [ 3,  5,  0,  1],
       [ 0,  0,  7,  3],
       [ 0,  0,  2, 13]]), array([[10,  1,  0,  0],
       [ 5,  4,  0,  0],
       [ 0,  0,  6,  4],
       [ 0,  0,  4, 11]]), array([[11,  0,  0,  0],
       [ 4,  4,  0,  1],
       [ 1,  0,  7,  2],
       [ 0,  0,  3, 12]])]"
6,"[1.0, 1.0, 1.0, 1.0, 1.0, 1.0, 1.0, 1.0, 1.0, 1.0]","[1.0, 1.0, 1.0, 1.0, 1.0, 1.0, 1.0, 1.0, 1.0, 1.0]","[1.0, 1.0, 1.0, 1.0, 1.0, 1.0, 1.0, 1.0, 1.0, 1.0]","[1.0, 1.0, 1.0, 1.0, 1.0, 1.0, 1.0, 1.0, 1.0, 1.0]","[1.0, 1.0, 1.0, 1.0, 1.0, 1.0, 1.0, 1.0, 1.0, 1.0]","[1.0, 1.0, 1.0, 1.0, 1.0, 1.0, 1.0, 1.0, 1.0, 1.0]","[1.0, 1.0, 1.0, 1.0, 1.0, 1.0, 1.0, 1.0, 1.0, 1.0]","[1.0, 1.0, 1.0, 1.0, 1.0, 1.0, 1.0, 1.0, 1.0, 1.0]","[1.0, 1.0, 1.0, 1.0, 1.0, 1.0, 1.0, 1.0, 1.0, 1.0]","[1.0, 1.0, 1.0, 1.0, 1.0, 1.0, 1.0, 1.0, 1.0, 1.0]","[array([[100,   0,   0,   0],
       [  0,  85,   0,   0],
       [  0,   0,  89,   0],
       [  0,   0,   0, 134]]), array([[100,   0,   0,   0],
       [  0,  85,   0,   0],
       [  0,   0,  89,   0],
       [  0,   0,   0, 134]]), array([[101,   0,   0,   0],
       [  0,  84,   0,   0],
       [  0,   0,  89,   0],
       [  0,   0,   0, 134]]), array([[101,   0,   0,   0],
       [  0,  84,   0,   0],
       [  0,   0,  89,   0],
       [  0,   0,   0, 134]]), array([[101,   0,   0,   0],
       [  0,  84,   0,   0],
       [  0,   0,  89,   0],
       [  0,   0,   0, 135]]), array([[101,   0,   0,   0],
       [  0,  84,   0,   0],
       [  0,   0,  90,   0],
       [  0,   0,   0, 134]]), array([[101,   0,   0,   0],
       [  0,  85,   0,   0],
       [  0,   0,  89,   0],
       [  0,   0,   0, 134]]), array([[101,   0,   0,   0],
       [  0,  85,   0,   0],
       [  0,   0,  89,   0],
       [  0,   0,   0, 134]]), array([[101,   0,   0,   0],
       [  0,  85,   0,   0],
       [  0,   0,  89,   0],
       [  0,   0,   0, 134]]), array([[101,   0,   0,   0],
       [  0,  85,   0,   0],
       [  0,   0,  89,   0],
       [  0,   0,   0, 134]])]","[0.717391304347826, 0.7608695652173914, 0.782608695652174, 0.8043478260869565, 0.8666666666666667, 0.8, 0.7333333333333333, 0.8444444444444444, 0.6888888888888889, 0.7333333333333333]","[0.717391304347826, 0.7608695652173914, 0.782608695652174, 0.8043478260869565, 0.8666666666666667, 0.8, 0.7333333333333333, 0.8444444444444444, 0.6888888888888889, 0.7333333333333333]","[0.717391304347826, 0.7608695652173914, 0.782608695652174, 0.8043478260869565, 0.8666666666666667, 0.8, 0.7333333333333333, 0.8444444444444444, 0.6888888888888889, 0.7333333333333333]","[0.717391304347826, 0.7608695652173914, 0.782608695652174, 0.8043478260869565, 0.8666666666666667, 0.8000000000000002, 0.7333333333333333, 0.8444444444444444, 0.6888888888888889, 0.7333333333333333]","[0.7596153846153846, 0.7895658263305322, 0.7881944444444444, 0.8333333333333333, 0.865870240870241, 0.8017170329670329, 0.7272435897435898, 0.8646634615384616, 0.736810064935065, 0.7773944805194805]","[0.7138888888888889, 0.7458333333333333, 0.7651515151515151, 0.8, 0.8665584415584415, 0.8027777777777778, 0.7179292929292929, 0.8333333333333334, 0.6777777777777777, 0.7194444444444444]","[0.7116977225672877, 0.7569331983805667, 0.7720418470418471, 0.7990384615384616, 0.8644255566452362, 0.7974768098406937, 0.7130100848193415, 0.8388440860215055, 0.6728207935104487, 0.7138716966303174]","[0.7529264214046824, 0.7757276823772987, 0.7873188405797101, 0.8275362318840579, 0.8702322368989036, 0.8031868131868133, 0.7327350427350428, 0.8554487179487179, 0.7273629148629148, 0.7713744588744589]","[0.717391304347826, 0.7608695652173914, 0.782608695652174, 0.8043478260869565, 0.8666666666666667, 0.8, 0.7333333333333333, 0.8444444444444444, 0.6888888888888889, 0.7333333333333333]","[0.7130704833918443, 0.7591225136419644, 0.7801304975218019, 0.8001672240802675, 0.8667142897501403, 0.7971555645179358, 0.7248876125173461, 0.8414217443249701, 0.6791230622648246, 0.7232755891759723]","[array([[12,  0,  0,  0],
       [ 4,  5,  0,  0],
       [ 0,  0,  7,  3],
       [ 0,  0,  6,  9]]), array([[11,  0,  0,  1],
       [ 3,  6,  0,  0],
       [ 0,  0,  6,  4],
       [ 0,  0,  3, 12]]), array([[ 8,  3,  0,  0],
       [ 2,  7,  0,  1],
       [ 0,  0,  7,  3],
       [ 0,  0,  1, 14]]), array([[11,  0,  0,  0],
       [ 3,  6,  0,  1],
       [ 0,  0,  8,  2],
       [ 1,  0,  2, 12]]), array([[10,  1,  0,  0],
       [ 2,  8,  0,  0],
       [ 0,  0,  9,  1],
       [ 0,  0,  2, 12]]), array([[11,  0,  0,  0],
       [ 2,  7,  0,  1],
       [ 0,  0,  7,  2],
       [ 0,  1,  3, 11]]), array([[ 8,  2,  1,  0],
       [ 2,  4,  0,  3],
       [ 0,  0,  9,  1],
       [ 0,  0,  3, 12]]), array([[11,  0,  0,  0],
       [ 2,  6,  0,  1],
       [ 0,  0,  8,  2],
       [ 0,  0,  2, 13]]), array([[11,  0,  0,  0],
       [ 5,  4,  0,  0],
       [ 0,  0,  6,  4],
       [ 0,  0,  5, 10]]), array([[11,  0,  0,  0],
       [ 4,  4,  0,  1],
       [ 1,  0,  7,  2],
       [ 0,  0,  4, 11]])]"
7,"[1.0, 1.0, 1.0, 1.0, 1.0, 1.0, 1.0, 1.0, 1.0, 1.0]","[1.0, 1.0, 1.0, 1.0, 1.0, 1.0, 1.0, 1.0, 1.0, 1.0]","[1.0, 1.0, 1.0, 1.0, 1.0, 1.0, 1.0, 1.0, 1.0, 1.0]","[1.0, 1.0, 1.0, 1.0, 1.0, 1.0, 1.0, 1.0, 1.0, 1.0]","[1.0, 1.0, 1.0, 1.0, 1.0, 1.0, 1.0, 1.0, 1.0, 1.0]","[1.0, 1.0, 1.0, 1.0, 1.0, 1.0, 1.0, 1.0, 1.0, 1.0]","[1.0, 1.0, 1.0, 1.0, 1.0, 1.0, 1.0, 1.0, 1.0, 1.0]","[1.0, 1.0, 1.0, 1.0, 1.0, 1.0, 1.0, 1.0, 1.0, 1.0]","[1.0, 1.0, 1.0, 1.0, 1.0, 1.0, 1.0, 1.0, 1.0, 1.0]","[1.0, 1.0, 1.0, 1.0, 1.0, 1.0, 1.0, 1.0, 1.0, 1.0]","[array([[100,   0,   0,   0],
       [  0,  85,   0,   0],
       [  0,   0,  89,   0],
       [  0,   0,   0, 134]]), array([[100,   0,   0,   0],
       [  0,  85,   0,   0],
       [  0,   0,  89,   0],
       [  0,   0,   0, 134]]), array([[101,   0,   0,   0],
       [  0,  84,   0,   0],
       [  0,   0,  89,   0],
       [  0,   0,   0, 134]]), array([[101,   0,   0,   0],
       [  0,  84,   0,   0],
       [  0,   0,  89,   0],
       [  0,   0,   0, 134]]), array([[101,   0,   0,   0],
       [  0,  84,   0,   0],
       [  0,   0,  89,   0],
       [  0,   0,   0, 135]]), array([[101,   0,   0,   0],
       [  0,  84,   0,   0],
       [  0,   0,  90,   0],
       [  0,   0,   0, 134]]), array([[101,   0,   0,   0],
       [  0,  85,   0,   0],
       [  0,   0,  89,   0],
       [  0,   0,   0, 134]]), array([[101,   0,   0,   0],
       [  0,  85,   0,   0],
       [  0,   0,  89,   0],
       [  0,   0,   0, 134]]), array([[101,   0,   0,   0],
       [  0,  85,   0,   0],
       [  0,   0,  89,   0],
       [  0,   0,   0, 134]]), array([[101,   0,   0,   0],
       [  0,  85,   0,   0],
       [  0,   0,  89,   0],
       [  0,   0,   0, 134]])]","[0.7391304347826086, 0.8695652173913043, 0.7608695652173914, 0.8260869565217391, 0.7555555555555555, 0.7777777777777778, 0.7777777777777778, 0.8, 0.7333333333333333, 0.7111111111111111]","[0.7391304347826086, 0.8695652173913043, 0.7608695652173914, 0.8260869565217391, 0.7555555555555555, 0.7777777777777778, 0.7777777777777778, 0.8, 0.7333333333333333, 0.7111111111111111]","[0.7391304347826086, 0.8695652173913043, 0.7608695652173914, 0.8260869565217391, 0.7555555555555555, 0.7777777777777778, 0.7777777777777778, 0.8, 0.7333333333333333, 0.7111111111111111]","[0.7391304347826085, 0.8695652173913043, 0.7608695652173914, 0.8260869565217391, 0.7555555555555555, 0.7777777777777778, 0.7777777777777778, 0.8000000000000002, 0.7333333333333333, 0.7111111111111111]","[0.7744047619047619, 0.8896430367018602, 0.7734962406015038, 0.8586805555555556, 0.7550213675213675, 0.7777777777777778, 0.778125, 0.8240384615384615, 0.746031746031746, 0.7552083333333334]","[0.7305555555555555, 0.8569444444444445, 0.7401515151515152, 0.8166666666666668, 0.7438311688311688, 0.7689393939393938, 0.7573232323232323, 0.7916666666666665, 0.7078282828282828, 0.6944444444444444]","[0.7322983529880082, 0.8680263157894736, 0.7478291316526611, 0.8192421966827739, 0.745273744706594, 0.771620805995684, 0.7527321906704796, 0.797715053763441, 0.7106951871657753, 0.6908831908831908]","[0.7640786749482402, 0.8781668743305571, 0.7700882641386074, 0.8509359903381642, 0.7576258309591644, 0.7765432098765431, 0.7808333333333334, 0.8123931623931624, 0.7407407407407408, 0.7458333333333333]","[0.7391304347826086, 0.8695652173913043, 0.7608695652173914, 0.8260869565217391, 0.7555555555555555, 0.7777777777777778, 0.7777777777777778, 0.8, 0.7333333333333333, 0.7111111111111111]","[0.7348630879365513, 0.8691533180778032, 0.7563634149311899, 0.8219432630556865, 0.7526954359077772, 0.7755440632491771, 0.7669781364031013, 0.7976941457586619, 0.7222341057635175, 0.700031655587211]","[array([[12,  0,  0,  0],
       [ 3,  5,  0,  1],
       [ 0,  0,  7,  3],
       [ 0,  0,  5, 10]]), array([[11,  0,  0,  1],
       [ 2,  7,  0,  0],
       [ 0,  0,  8,  2],
       [ 0,  0,  1, 14]]), array([[ 8,  3,  0,  0],
       [ 2,  7,  0,  1],
       [ 0,  0,  6,  4],
       [ 0,  0,  1, 14]]), array([[11,  0,  0,  0],
       [ 3,  6,  0,  1],
       [ 0,  0,  8,  2],
       [ 1,  0,  1, 13]]), array([[ 9,  2,  0,  0],
       [ 4,  6,  0,  0],
       [ 0,  0,  7,  3],
       [ 0,  0,  2, 12]]), array([[10,  1,  0,  0],
       [ 2,  7,  0,  1],
       [ 0,  0,  6,  3],
       [ 0,  1,  2, 12]]), array([[ 9,  1,  1,  0],
       [ 3,  4,  0,  2],
       [ 0,  0,  9,  1],
       [ 0,  0,  2, 13]]), array([[11,  0,  0,  0],
       [ 2,  6,  0,  1],
       [ 0,  0,  7,  3],
       [ 0,  0,  3, 12]]), array([[10,  1,  0,  0],
       [ 4,  5,  0,  0],
       [ 0,  0,  5,  5],
       [ 0,  0,  2, 13]]), array([[11,  0,  0,  0],
       [ 4,  4,  0,  1],
       [ 1,  0,  6,  3],
       [ 0,  0,  4, 11]])]"
8,"[1.0, 1.0, 1.0, 1.0, 1.0, 1.0, 1.0, 1.0, 1.0, 1.0]","[1.0, 1.0, 1.0, 1.0, 1.0, 1.0, 1.0, 1.0, 1.0, 1.0]","[1.0, 1.0, 1.0, 1.0, 1.0, 1.0, 1.0, 1.0, 1.0, 1.0]","[1.0, 1.0, 1.0, 1.0, 1.0, 1.0, 1.0, 1.0, 1.0, 1.0]","[1.0, 1.0, 1.0, 1.0, 1.0, 1.0, 1.0, 1.0, 1.0, 1.0]","[1.0, 1.0, 1.0, 1.0, 1.0, 1.0, 1.0, 1.0, 1.0, 1.0]","[1.0, 1.0, 1.0, 1.0, 1.0, 1.0, 1.0, 1.0, 1.0, 1.0]","[1.0, 1.0, 1.0, 1.0, 1.0, 1.0, 1.0, 1.0, 1.0, 1.0]","[1.0, 1.0, 1.0, 1.0, 1.0, 1.0, 1.0, 1.0, 1.0, 1.0]","[1.0, 1.0, 1.0, 1.0, 1.0, 1.0, 1.0, 1.0, 1.0, 1.0]","[array([[100,   0,   0,   0],
       [  0,  85,   0,   0],
       [  0,   0,  89,   0],
       [  0,   0,   0, 134]]), array([[100,   0,   0,   0],
       [  0,  85,   0,   0],
       [  0,   0,  89,   0],
       [  0,   0,   0, 134]]), array([[101,   0,   0,   0],
       [  0,  84,   0,   0],
       [  0,   0,  89,   0],
       [  0,   0,   0, 134]]), array([[101,   0,   0,   0],
       [  0,  84,   0,   0],
       [  0,   0,  89,   0],
       [  0,   0,   0, 134]]), array([[101,   0,   0,   0],
       [  0,  84,   0,   0],
       [  0,   0,  89,   0],
       [  0,   0,   0, 135]]), array([[101,   0,   0,   0],
       [  0,  84,   0,   0],
       [  0,   0,  90,   0],
       [  0,   0,   0, 134]]), array([[101,   0,   0,   0],
       [  0,  85,   0,   0],
       [  0,   0,  89,   0],
       [  0,   0,   0, 134]]), array([[101,   0,   0,   0],
       [  0,  85,   0,   0],
       [  0,   0,  89,   0],
       [  0,   0,   0, 134]]), array([[101,   0,   0,   0],
       [  0,  85,   0,   0],
       [  0,   0,  89,   0],
       [  0,   0,   0, 134]]), array([[101,   0,   0,   0],
       [  0,  85,   0,   0],
       [  0,   0,  89,   0],
       [  0,   0,   0, 134]])]","[0.717391304347826, 0.8260869565217391, 0.7391304347826086, 0.8478260869565217, 0.7777777777777778, 0.8, 0.7333333333333333, 0.8444444444444444, 0.7111111111111111, 0.7111111111111111]","[0.717391304347826, 0.8260869565217391, 0.7391304347826086, 0.8478260869565217, 0.7777777777777778, 0.8, 0.7333333333333333, 0.8444444444444444, 0.7111111111111111, 0.7111111111111111]","[0.717391304347826, 0.8260869565217391, 0.7391304347826086, 0.8478260869565217, 0.7777777777777778, 0.8, 0.7333333333333333, 0.8444444444444444, 0.7111111111111111, 0.7111111111111111]","[0.717391304347826, 0.8260869565217391, 0.7391304347826085, 0.8478260869565218, 0.7777777777777778, 0.8000000000000002, 0.7333333333333333, 0.8444444444444444, 0.7111111111111111, 0.7111111111111111]","[0.761904761904762, 0.8471593765711413, 0.7583333333333333, 0.8892156862745098, 0.7746003996003996, 0.8157051282051282, 0.7476827094474153, 0.8646634615384616, 0.719625350140056, 0.7221861471861472]","[0.7027777777777777, 0.8152777777777778, 0.7151515151515151, 0.8333333333333335, 0.7688311688311689, 0.7916666666666667, 0.7156565656565657, 0.8333333333333334, 0.6911616161616161, 0.6967171717171716]","[0.6996365703262255, 0.8260855263157894, 0.7217261904761905, 0.8400106837606837, 0.7635667600373482, 0.795264073371284, 0.7167207792207791, 0.8388440860215055, 0.6930555555555555, 0.691486674245295]","[0.7510351966873706, 0.8348306992808271, 0.7528985507246376, 0.878687127024723, 0.7848706848706848, 0.8123931623931624, 0.7434422657952069, 0.8554487179487179, 0.715452847805789, 0.7262818662818663]","[0.717391304347826, 0.8260869565217391, 0.7391304347826086, 0.8478260869565217, 0.7777777777777778, 0.8, 0.7333333333333333, 0.8444444444444444, 0.7111111111111111, 0.7111111111111111]","[0.7072312994351975, 0.8258895881006865, 0.7311076604554865, 0.8439474173169824, 0.7737383546010996, 0.7984784594841521, 0.7259018759018758, 0.8414217443249701, 0.7023456790123457, 0.7033416136864413]","[array([[12,  0,  0,  0],
       [ 4,  4,  0,  1],
       [ 0,  0,  7,  3],
       [ 0,  0,  5, 10]]), array([[11,  0,  0,  1],
       [ 2,  7,  0,  0],
       [ 0,  0,  7,  3],
       [ 0,  0,  2, 13]]), array([[ 8,  3,  0,  0],
       [ 2,  7,  0,  1],
       [ 0,  0,  5,  5],
       [ 0,  0,  1, 14]]), array([[11,  0,  0,  0],
       [ 3,  6,  0,  1],
       [ 0,  0,  8,  2],
       [ 1,  0,  0, 14]]), array([[ 9,  2,  0,  0],
       [ 5,  5,  0,  0],
       [ 0,  0,  9,  1],
       [ 0,  0,  2, 12]]), array([[11,  0,  0,  0],
       [ 2,  7,  0,  1],
       [ 0,  0,  6,  3],
       [ 0,  0,  3, 12]]), array([[ 9,  1,  1,  0],
       [ 2,  4,  0,  3],
       [ 0,  0,  8,  2],
       [ 0,  0,  3, 12]]), array([[11,  0,  0,  0],
       [ 2,  6,  0,  1],
       [ 0,  0,  8,  2],
       [ 0,  0,  2, 13]]), array([[10,  1,  0,  0],
       [ 4,  5,  0,  0],
       [ 0,  0,  5,  5],
       [ 0,  0,  3, 12]]), array([[10,  1,  0,  0],
       [ 4,  4,  0,  1],
       [ 1,  0,  7,  2],
       [ 0,  0,  4, 11]])]"
9,"[1.0, 1.0, 1.0, 1.0, 1.0, 1.0, 1.0, 1.0, 1.0, 1.0]","[1.0, 1.0, 1.0, 1.0, 1.0, 1.0, 1.0, 1.0, 1.0, 1.0]","[1.0, 1.0, 1.0, 1.0, 1.0, 1.0, 1.0, 1.0, 1.0, 1.0]","[1.0, 1.0, 1.0, 1.0, 1.0, 1.0, 1.0, 1.0, 1.0, 1.0]","[1.0, 1.0, 1.0, 1.0, 1.0, 1.0, 1.0, 1.0, 1.0, 1.0]","[1.0, 1.0, 1.0, 1.0, 1.0, 1.0, 1.0, 1.0, 1.0, 1.0]","[1.0, 1.0, 1.0, 1.0, 1.0, 1.0, 1.0, 1.0, 1.0, 1.0]","[1.0, 1.0, 1.0, 1.0, 1.0, 1.0, 1.0, 1.0, 1.0, 1.0]","[1.0, 1.0, 1.0, 1.0, 1.0, 1.0, 1.0, 1.0, 1.0, 1.0]","[1.0, 1.0, 1.0, 1.0, 1.0, 1.0, 1.0, 1.0, 1.0, 1.0]","[array([[100,   0,   0,   0],
       [  0,  85,   0,   0],
       [  0,   0,  89,   0],
       [  0,   0,   0, 134]]), array([[100,   0,   0,   0],
       [  0,  85,   0,   0],
       [  0,   0,  89,   0],
       [  0,   0,   0, 134]]), array([[101,   0,   0,   0],
       [  0,  84,   0,   0],
       [  0,   0,  89,   0],
       [  0,   0,   0, 134]]), array([[101,   0,   0,   0],
       [  0,  84,   0,   0],
       [  0,   0,  89,   0],
       [  0,   0,   0, 134]]), array([[101,   0,   0,   0],
       [  0,  84,   0,   0],
       [  0,   0,  89,   0],
       [  0,   0,   0, 135]]), array([[101,   0,   0,   0],
       [  0,  84,   0,   0],
       [  0,   0,  90,   0],
       [  0,   0,   0, 134]]), array([[101,   0,   0,   0],
       [  0,  85,   0,   0],
       [  0,   0,  89,   0],
       [  0,   0,   0, 134]]), array([[101,   0,   0,   0],
       [  0,  85,   0,   0],
       [  0,   0,  89,   0],
       [  0,   0,   0, 134]]), array([[101,   0,   0,   0],
       [  0,  85,   0,   0],
       [  0,   0,  89,   0],
       [  0,   0,   0, 134]]), array([[101,   0,   0,   0],
       [  0,  85,   0,   0],
       [  0,   0,  89,   0],
       [  0,   0,   0, 134]])]","[0.7391304347826086, 0.8478260869565217, 0.782608695652174, 0.8478260869565217, 0.7777777777777778, 0.8222222222222222, 0.7777777777777778, 0.8444444444444444, 0.7555555555555555, 0.7333333333333333]","[0.7391304347826086, 0.8478260869565217, 0.782608695652174, 0.8478260869565217, 0.7777777777777778, 0.8222222222222222, 0.7777777777777778, 0.8444444444444444, 0.7555555555555555, 0.7333333333333333]","[0.7391304347826086, 0.8478260869565217, 0.782608695652174, 0.8478260869565217, 0.7777777777777778, 0.8222222222222222, 0.7777777777777778, 0.8444444444444444, 0.7555555555555555, 0.7333333333333333]","[0.7391304347826085, 0.8478260869565218, 0.782608695652174, 0.8478260869565218, 0.7777777777777778, 0.8222222222222222, 0.7777777777777778, 0.8444444444444444, 0.7555555555555555, 0.7333333333333333]","[0.7744047619047619, 0.8646634615384616, 0.7881944444444444, 0.8616071428571428, 0.7892857142857143, 0.8402149321266968, 0.773989898989899, 0.8646634615384616, 0.7655812324929971, 0.7760416666666666]","[0.7305555555555555, 0.8402777777777778, 0.7651515151515151, 0.8356060606060607, 0.7665584415584416, 0.8083333333333333, 0.7462121212121213, 0.8333333333333334, 0.7328282828282828, 0.711111111111111]","[0.7322983529880082, 0.8484274193548388, 0.7720418470418471, 0.8391191451113553, 0.7628434065934067, 0.8146446078431373, 0.7374437157045853, 0.8388440860215055, 0.7364583333333333, 0.708992981488737]","[0.7640786749482402, 0.8552466555183946, 0.7873188405797101, 0.859860248447205, 0.7925925925925927, 0.8339617898441427, 0.7744107744107743, 0.8554487179487179, 0.7628384687208217, 0.7662037037037036]","[0.7391304347826086, 0.8478260869565217, 0.782608695652174, 0.8478260869565217, 0.7777777777777778, 0.8222222222222222, 0.7777777777777778, 0.8444444444444444, 0.7555555555555555, 0.7333333333333333]","[0.7348630879365513, 0.8481661991584852, 0.7801304975218019, 0.8452368442763537, 0.7713675213675213, 0.8190904139433551, 0.7569165134382527, 0.8414217443249701, 0.7478703703703704, 0.7206692711314481]","[array([[12,  0,  0,  0],
       [ 3,  5,  0,  1],
       [ 0,  0,  7,  3],
       [ 0,  0,  5, 10]]), array([[11,  0,  0,  1],
       [ 2,  7,  0,  0],
       [ 0,  0,  8,  2],
       [ 0,  0,  2, 13]]), array([[ 8,  3,  0,  0],
       [ 2,  7,  0,  1],
       [ 0,  0,  7,  3],
       [ 0,  0,  1, 14]]), array([[10,  1,  0,  0],
       [ 3,  6,  0,  1],
       [ 0,  0,  9,  1],
       [ 1,  0,  0, 14]]), array([[10,  1,  0,  0],
       [ 5,  5,  0,  0],
       [ 0,  0,  8,  2],
       [ 0,  0,  2, 12]]), array([[11,  0,  0,  0],
       [ 2,  7,  0,  1],
       [ 0,  0,  6,  3],
       [ 0,  0,  2, 13]]), array([[ 9,  1,  1,  0],
       [ 3,  3,  0,  3],
       [ 0,  0,  9,  1],
       [ 0,  0,  1, 14]]), array([[11,  0,  0,  0],
       [ 2,  6,  0,  1],
       [ 0,  0,  8,  2],
       [ 0,  0,  2, 13]]), array([[10,  1,  0,  0],
       [ 4,  5,  0,  0],
       [ 0,  0,  6,  4],
       [ 0,  0,  2, 13]]), array([[11,  0,  0,  0],
       [ 4,  4,  0,  1],
       [ 1,  0,  6,  3],
       [ 0,  0,  3, 12]])]"
10,"[1.0, 1.0, 1.0, 1.0, 1.0, 1.0, 1.0, 1.0, 1.0, 1.0]","[1.0, 1.0, 1.0, 1.0, 1.0, 1.0, 1.0, 1.0, 1.0, 1.0]","[1.0, 1.0, 1.0, 1.0, 1.0, 1.0, 1.0, 1.0, 1.0, 1.0]","[1.0, 1.0, 1.0, 1.0, 1.0, 1.0, 1.0, 1.0, 1.0, 1.0]","[1.0, 1.0, 1.0, 1.0, 1.0, 1.0, 1.0, 1.0, 1.0, 1.0]","[1.0, 1.0, 1.0, 1.0, 1.0, 1.0, 1.0, 1.0, 1.0, 1.0]","[1.0, 1.0, 1.0, 1.0, 1.0, 1.0, 1.0, 1.0, 1.0, 1.0]","[1.0, 1.0, 1.0, 1.0, 1.0, 1.0, 1.0, 1.0, 1.0, 1.0]","[1.0, 1.0, 1.0, 1.0, 1.0, 1.0, 1.0, 1.0, 1.0, 1.0]","[1.0, 1.0, 1.0, 1.0, 1.0, 1.0, 1.0, 1.0, 1.0, 1.0]","[array([[100,   0,   0,   0],
       [  0,  85,   0,   0],
       [  0,   0,  89,   0],
       [  0,   0,   0, 134]]), array([[100,   0,   0,   0],
       [  0,  85,   0,   0],
       [  0,   0,  89,   0],
       [  0,   0,   0, 134]]), array([[101,   0,   0,   0],
       [  0,  84,   0,   0],
       [  0,   0,  89,   0],
       [  0,   0,   0, 134]]), array([[101,   0,   0,   0],
       [  0,  84,   0,   0],
       [  0,   0,  89,   0],
       [  0,   0,   0, 134]]), array([[101,   0,   0,   0],
       [  0,  84,   0,   0],
       [  0,   0,  89,   0],
       [  0,   0,   0, 135]]), array([[101,   0,   0,   0],
       [  0,  84,   0,   0],
       [  0,   0,  90,   0],
       [  0,   0,   0, 134]]), array([[101,   0,   0,   0],
       [  0,  85,   0,   0],
       [  0,   0,  89,   0],
       [  0,   0,   0, 134]]), array([[101,   0,   0,   0],
       [  0,  85,   0,   0],
       [  0,   0,  89,   0],
       [  0,   0,   0, 134]]), array([[101,   0,   0,   0],
       [  0,  85,   0,   0],
       [  0,   0,  89,   0],
       [  0,   0,   0, 134]]), array([[101,   0,   0,   0],
       [  0,  85,   0,   0],
       [  0,   0,  89,   0],
       [  0,   0,   0, 134]])]","[0.7391304347826086, 0.8478260869565217, 0.7391304347826086, 0.8043478260869565, 0.7555555555555555, 0.8222222222222222, 0.7333333333333333, 0.8444444444444444, 0.7777777777777778, 0.7111111111111111]","[0.7391304347826086, 0.8478260869565217, 0.7391304347826086, 0.8043478260869565, 0.7555555555555555, 0.8222222222222222, 0.7333333333333333, 0.8444444444444444, 0.7777777777777778, 0.7111111111111111]","[0.7391304347826086, 0.8478260869565217, 0.7391304347826086, 0.8043478260869565, 0.7555555555555555, 0.8222222222222222, 0.7333333333333333, 0.8444444444444444, 0.7777777777777778, 0.7111111111111111]","[0.7391304347826085, 0.8478260869565218, 0.7391304347826085, 0.8043478260869565, 0.7555555555555555, 0.8222222222222222, 0.7333333333333333, 0.8444444444444444, 0.7777777777777778, 0.7111111111111111]","[0.7744047619047619, 0.8646634615384616, 0.7583333333333333, 0.8472222222222222, 0.7535714285714287, 0.8370535714285714, 0.7439102564102564, 0.8646634615384616, 0.7844742063492064, 0.759090909090909]","[0.7305555555555555, 0.8402777777777778, 0.7151515151515151, 0.7916666666666666, 0.7438311688311688, 0.8083333333333333, 0.723989898989899, 0.8333333333333334, 0.7578282828282829, 0.6967171717171716]","[0.7322983529880082, 0.8484274193548388, 0.7217261904761905, 0.7905741055146828, 0.7413445378151261, 0.8120303605313094, 0.7174948240165631, 0.8388440860215055, 0.7605546123372948, 0.6961538461538461]","[0.7640786749482402, 0.8552466555183946, 0.7528985507246376, 0.839975845410628, 0.7603174603174604, 0.8351190476190475, 0.7416239316239316, 0.8554487179487179, 0.784942680776014, 0.7488215488215488]","[0.7391304347826086, 0.8478260869565217, 0.7391304347826086, 0.8043478260869565, 0.7555555555555555, 0.8222222222222222, 0.7333333333333333, 0.8444444444444444, 0.7777777777777778, 0.7111111111111111]","[0.7348630879365513, 0.8481661991584852, 0.7311076604554865, 0.7963332048369326, 0.7511633986928105, 0.818864010120177, 0.7239475500345065, 0.8414217443249701, 0.7722014714204868, 0.7037037037037036]","[array([[12,  0,  0,  0],
       [ 3,  5,  0,  1],
       [ 0,  0,  7,  3],
       [ 0,  0,  5, 10]]), array([[11,  0,  0,  1],
       [ 2,  7,  0,  0],
       [ 0,  0,  8,  2],
       [ 0,  0,  2, 13]]), array([[ 8,  3,  0,  0],
       [ 2,  7,  0,  1],
       [ 0,  0,  5,  5],
       [ 0,  0,  1, 14]]), array([[11,  0,  0,  0],
       [ 4,  5,  0,  1],
       [ 0,  0,  8,  2],
       [ 1,  0,  1, 13]]), array([[ 9,  2,  0,  0],
       [ 5,  5,  0,  0],
       [ 0,  0,  8,  2],
       [ 0,  0,  2, 12]]), array([[11,  0,  0,  0],
       [ 3,  7,  0,  0],
       [ 0,  0,  6,  3],
       [ 0,  0,  2, 13]]), array([[ 9,  1,  1,  0],
       [ 2,  4,  0,  3],
       [ 0,  0,  9,  1],
       [ 1,  0,  3, 11]]), array([[11,  0,  0,  0],
       [ 2,  6,  0,  1],
       [ 0,  0,  8,  2],
       [ 0,  0,  2, 13]]), array([[10,  1,  0,  0],
       [ 4,  5,  0,  0],
       [ 0,  0,  7,  3],
       [ 0,  0,  2, 13]]), array([[10,  0,  0,  1],
       [ 4,  4,  0,  1],
       [ 1,  0,  7,  2],
       [ 0,  0,  4, 11]])]"
11,"[1.0, 1.0, 1.0, 1.0, 1.0, 1.0, 1.0, 1.0, 1.0, 1.0]","[1.0, 1.0, 1.0, 1.0, 1.0, 1.0, 1.0, 1.0, 1.0, 1.0]","[1.0, 1.0, 1.0, 1.0, 1.0, 1.0, 1.0, 1.0, 1.0, 1.0]","[1.0, 1.0, 1.0, 1.0, 1.0, 1.0, 1.0, 1.0, 1.0, 1.0]","[1.0, 1.0, 1.0, 1.0, 1.0, 1.0, 1.0, 1.0, 1.0, 1.0]","[1.0, 1.0, 1.0, 1.0, 1.0, 1.0, 1.0, 1.0, 1.0, 1.0]","[1.0, 1.0, 1.0, 1.0, 1.0, 1.0, 1.0, 1.0, 1.0, 1.0]","[1.0, 1.0, 1.0, 1.0, 1.0, 1.0, 1.0, 1.0, 1.0, 1.0]","[1.0, 1.0, 1.0, 1.0, 1.0, 1.0, 1.0, 1.0, 1.0, 1.0]","[1.0, 1.0, 1.0, 1.0, 1.0, 1.0, 1.0, 1.0, 1.0, 1.0]","[array([[100,   0,   0,   0],
       [  0,  85,   0,   0],
       [  0,   0,  89,   0],
       [  0,   0,   0, 134]]), array([[100,   0,   0,   0],
       [  0,  85,   0,   0],
       [  0,   0,  89,   0],
       [  0,   0,   0, 134]]), array([[101,   0,   0,   0],
       [  0,  84,   0,   0],
       [  0,   0,  89,   0],
       [  0,   0,   0, 134]]), array([[101,   0,   0,   0],
       [  0,  84,   0,   0],
       [  0,   0,  89,   0],
       [  0,   0,   0, 134]]), array([[101,   0,   0,   0],
       [  0,  84,   0,   0],
       [  0,   0,  89,   0],
       [  0,   0,   0, 135]]), array([[101,   0,   0,   0],
       [  0,  84,   0,   0],
       [  0,   0,  90,   0],
       [  0,   0,   0, 134]]), array([[101,   0,   0,   0],
       [  0,  85,   0,   0],
       [  0,   0,  89,   0],
       [  0,   0,   0, 134]]), array([[101,   0,   0,   0],
       [  0,  85,   0,   0],
       [  0,   0,  89,   0],
       [  0,   0,   0, 134]]), array([[101,   0,   0,   0],
       [  0,  85,   0,   0],
       [  0,   0,  89,   0],
       [  0,   0,   0, 134]]), array([[101,   0,   0,   0],
       [  0,  85,   0,   0],
       [  0,   0,  89,   0],
       [  0,   0,   0, 134]])]","[0.717391304347826, 0.8260869565217391, 0.7608695652173914, 0.8478260869565217, 0.6888888888888889, 0.8222222222222222, 0.7777777777777778, 0.8222222222222222, 0.7777777777777778, 0.7555555555555555]","[0.717391304347826, 0.8260869565217391, 0.7608695652173914, 0.8478260869565217, 0.6888888888888889, 0.8222222222222222, 0.7777777777777778, 0.8222222222222222, 0.7777777777777778, 0.7555555555555555]","[0.717391304347826, 0.8260869565217391, 0.7608695652173914, 0.8478260869565217, 0.6888888888888889, 0.8222222222222222, 0.7777777777777778, 0.8222222222222222, 0.7777777777777778, 0.7555555555555555]","[0.717391304347826, 0.8260869565217391, 0.7608695652173914, 0.8478260869565218, 0.6888888888888889, 0.8222222222222222, 0.7777777777777778, 0.8222222222222222, 0.7777777777777778, 0.7555555555555555]","[0.761904761904762, 0.8495535714285714, 0.7734962406015038, 0.8690476190476191, 0.6880952380952381, 0.8370535714285714, 0.7819444444444444, 0.8471593765711413, 0.7844742063492064, 0.8005514705882353]","[0.7027777777777777, 0.8125, 0.7401515151515152, 0.8439393939393939, 0.675974025974026, 0.8083333333333333, 0.7489898989898991, 0.8083333333333332, 0.7578282828282829, 0.7277777777777777]","[0.6996365703262255, 0.8212158808933003, 0.7478291316526611, 0.83891065830721, 0.6695054945054945, 0.8120303605313094, 0.7506305288913985, 0.8165021929824561, 0.7605546123372948, 0.7273415242165242]","[0.7510351966873706, 0.8394798136645963, 0.7700882641386074, 0.8721532091097309, 0.6948148148148148, 0.8351190476190475, 0.7803703703703704, 0.83457907379476, 0.784942680776014, 0.7896241830065359]","[0.717391304347826, 0.8260869565217391, 0.7608695652173914, 0.8478260869565217, 0.6888888888888889, 0.8222222222222222, 0.7777777777777778, 0.8222222222222222, 0.7777777777777778, 0.7555555555555555]","[0.7072312994351975, 0.82466285467688, 0.7563634149311899, 0.8443301076734361, 0.6803418803418803, 0.818864010120177, 0.766196122717862, 0.8186500974658868, 0.7722014714204868, 0.7412353592909148]","[array([[12,  0,  0,  0],
       [ 4,  4,  0,  1],
       [ 0,  0,  7,  3],
       [ 0,  0,  5, 10]]), array([[11,  0,  0,  1],
       [ 3,  6,  0,  0],
       [ 0,  0,  8,  2],
       [ 0,  0,  2, 13]]), array([[ 8,  3,  0,  0],
       [ 2,  7,  0,  1],
       [ 0,  0,  6,  4],
       [ 0,  0,  1, 14]]), array([[10,  0,  1,  0],
       [ 3,  6,  0,  1],
       [ 0,  0, 10,  0],
       [ 1,  0,  1, 13]]), array([[ 9,  2,  0,  0],
       [ 6,  4,  0,  0],
       [ 0,  0,  7,  3],
       [ 0,  0,  3, 11]]), array([[11,  0,  0,  0],
       [ 3,  7,  0,  0],
       [ 0,  0,  6,  3],
       [ 0,  0,  2, 13]]), array([[ 9,  1,  1,  0],
       [ 3,  4,  0,  2],
       [ 0,  0,  8,  2],
       [ 0,  0,  1, 14]]), array([[11,  0,  0,  0],
       [ 2,  6,  0,  1],
       [ 0,  0,  7,  3],
       [ 0,  0,  2, 13]]), array([[10,  1,  0,  0],
       [ 4,  5,  0,  0],
       [ 0,  0,  7,  3],
       [ 0,  0,  2, 13]]), array([[11,  0,  0,  0],
       [ 4,  4,  0,  1],
       [ 1,  0,  6,  3],
       [ 0,  0,  2, 13]])]"
12,"[1.0, 1.0, 1.0, 1.0, 1.0, 1.0, 1.0, 1.0, 1.0, 1.0]","[1.0, 1.0, 1.0, 1.0, 1.0, 1.0, 1.0, 1.0, 1.0, 1.0]","[1.0, 1.0, 1.0, 1.0, 1.0, 1.0, 1.0, 1.0, 1.0, 1.0]","[1.0, 1.0, 1.0, 1.0, 1.0, 1.0, 1.0, 1.0, 1.0, 1.0]","[1.0, 1.0, 1.0, 1.0, 1.0, 1.0, 1.0, 1.0, 1.0, 1.0]","[1.0, 1.0, 1.0, 1.0, 1.0, 1.0, 1.0, 1.0, 1.0, 1.0]","[1.0, 1.0, 1.0, 1.0, 1.0, 1.0, 1.0, 1.0, 1.0, 1.0]","[1.0, 1.0, 1.0, 1.0, 1.0, 1.0, 1.0, 1.0, 1.0, 1.0]","[1.0, 1.0, 1.0, 1.0, 1.0, 1.0, 1.0, 1.0, 1.0, 1.0]","[1.0, 1.0, 1.0, 1.0, 1.0, 1.0, 1.0, 1.0, 1.0, 1.0]","[array([[100,   0,   0,   0],
       [  0,  85,   0,   0],
       [  0,   0,  89,   0],
       [  0,   0,   0, 134]]), array([[100,   0,   0,   0],
       [  0,  85,   0,   0],
       [  0,   0,  89,   0],
       [  0,   0,   0, 134]]), array([[101,   0,   0,   0],
       [  0,  84,   0,   0],
       [  0,   0,  89,   0],
       [  0,   0,   0, 134]]), array([[101,   0,   0,   0],
       [  0,  84,   0,   0],
       [  0,   0,  89,   0],
       [  0,   0,   0, 134]]), array([[101,   0,   0,   0],
       [  0,  84,   0,   0],
       [  0,   0,  89,   0],
       [  0,   0,   0, 135]]), array([[101,   0,   0,   0],
       [  0,  84,   0,   0],
       [  0,   0,  90,   0],
       [  0,   0,   0, 134]]), array([[101,   0,   0,   0],
       [  0,  85,   0,   0],
       [  0,   0,  89,   0],
       [  0,   0,   0, 134]]), array([[101,   0,   0,   0],
       [  0,  85,   0,   0],
       [  0,   0,  89,   0],
       [  0,   0,   0, 134]]), array([[101,   0,   0,   0],
       [  0,  85,   0,   0],
       [  0,   0,  89,   0],
       [  0,   0,   0, 134]]), array([[101,   0,   0,   0],
       [  0,  85,   0,   0],
       [  0,   0,  89,   0],
       [  0,   0,   0, 134]])]","[0.717391304347826, 0.8260869565217391, 0.7391304347826086, 0.8260869565217391, 0.7111111111111111, 0.8222222222222222, 0.7555555555555555, 0.8, 0.7777777777777778, 0.7777777777777778]","[0.717391304347826, 0.8260869565217391, 0.7391304347826086, 0.8260869565217391, 0.7111111111111111, 0.8222222222222222, 0.7555555555555555, 0.8, 0.7777777777777778, 0.7777777777777778]","[0.717391304347826, 0.8260869565217391, 0.7391304347826086, 0.8260869565217391, 0.7111111111111111, 0.8222222222222222, 0.7555555555555555, 0.8, 0.7777777777777778, 0.7777777777777778]","[0.717391304347826, 0.8260869565217391, 0.7391304347826085, 0.8260869565217391, 0.7111111111111111, 0.8222222222222222, 0.7555555555555555, 0.8000000000000002, 0.7777777777777778, 0.7777777777777778]","[0.761904761904762, 0.8527149321266969, 0.7583333333333333, 0.8497835497835499, 0.7107142857142856, 0.8402149321266968, 0.745343137254902, 0.8295940170940171, 0.7844742063492064, 0.8179788961038962]","[0.7027777777777777, 0.8125, 0.7151515151515151, 0.818939393939394, 0.700974025974026, 0.8083333333333333, 0.7345959595959596, 0.7833333333333333, 0.7578282828282829, 0.7611111111111111]","[0.6996365703262255, 0.823125, 0.7217261904761905, 0.8184523809523809, 0.6984873949579831, 0.8146446078431373, 0.7314799783549784, 0.7928030303030302, 0.7605546123372948, 0.754922599750186]","[0.7510351966873706, 0.8396616171552232, 0.7528985507246376, 0.8486730660643704, 0.7158730158730159, 0.8339617898441427, 0.7504575163398692, 0.8142450142450143, 0.784942680776014, 0.8153860028860028]","[0.717391304347826, 0.8260869565217391, 0.7391304347826086, 0.8260869565217391, 0.7111111111111111, 0.8222222222222222, 0.7555555555555555, 0.8, 0.7777777777777778, 0.7777777777777778]","[0.7072312994351975, 0.824945652173913, 0.7311076604554865, 0.8232919254658385, 0.706718954248366, 0.8190904139433551, 0.745561568061568, 0.7948484848484848, 0.7722014714204868, 0.76742811608712]","[array([[12,  0,  0,  0],
       [ 4,  4,  0,  1],
       [ 0,  0,  7,  3],
       [ 0,  0,  5, 10]]), array([[11,  0,  0,  1],
       [ 2,  6,  0,  1],
       [ 0,  0,  8,  2],
       [ 0,  0,  2, 13]]), array([[ 8,  3,  0,  0],
       [ 2,  7,  0,  1],
       [ 0,  0,  5,  5],
       [ 0,  0,  1, 14]]), array([[10,  0,  1,  0],
       [ 3,  6,  0,  1],
       [ 0,  0,  9,  1],
       [ 1,  0,  1, 13]]), array([[ 9,  2,  0,  0],
       [ 5,  5,  0,  0],
       [ 0,  0,  7,  3],
       [ 0,  0,  3, 11]]), array([[11,  0,  0,  0],
       [ 2,  7,  0,  1],
       [ 0,  0,  6,  3],
       [ 0,  0,  2, 13]]), array([[ 8,  2,  1,  0],
       [ 2,  4,  0,  3],
       [ 0,  0,  9,  1],
       [ 0,  0,  2, 13]]), array([[11,  0,  0,  0],
       [ 2,  6,  0,  1],
       [ 0,  0,  6,  4],
       [ 0,  0,  2, 13]]), array([[10,  1,  0,  0],
       [ 4,  5,  0,  0],
       [ 0,  0,  7,  3],
       [ 0,  0,  2, 13]]), array([[11,  0,  0,  0],
       [ 5,  4,  0,  0],
       [ 0,  0,  8,  2],
       [ 0,  0,  3, 12]])]"
13,"[1.0, 1.0, 1.0, 1.0, 1.0, 1.0, 1.0, 1.0, 1.0, 1.0]","[1.0, 1.0, 1.0, 1.0, 1.0, 1.0, 1.0, 1.0, 1.0, 1.0]","[1.0, 1.0, 1.0, 1.0, 1.0, 1.0, 1.0, 1.0, 1.0, 1.0]","[1.0, 1.0, 1.0, 1.0, 1.0, 1.0, 1.0, 1.0, 1.0, 1.0]","[1.0, 1.0, 1.0, 1.0, 1.0, 1.0, 1.0, 1.0, 1.0, 1.0]","[1.0, 1.0, 1.0, 1.0, 1.0, 1.0, 1.0, 1.0, 1.0, 1.0]","[1.0, 1.0, 1.0, 1.0, 1.0, 1.0, 1.0, 1.0, 1.0, 1.0]","[1.0, 1.0, 1.0, 1.0, 1.0, 1.0, 1.0, 1.0, 1.0, 1.0]","[1.0, 1.0, 1.0, 1.0, 1.0, 1.0, 1.0, 1.0, 1.0, 1.0]","[1.0, 1.0, 1.0, 1.0, 1.0, 1.0, 1.0, 1.0, 1.0, 1.0]","[array([[100,   0,   0,   0],
       [  0,  85,   0,   0],
       [  0,   0,  89,   0],
       [  0,   0,   0, 134]]), array([[100,   0,   0,   0],
       [  0,  85,   0,   0],
       [  0,   0,  89,   0],
       [  0,   0,   0, 134]]), array([[101,   0,   0,   0],
       [  0,  84,   0,   0],
       [  0,   0,  89,   0],
       [  0,   0,   0, 134]]), array([[101,   0,   0,   0],
       [  0,  84,   0,   0],
       [  0,   0,  89,   0],
       [  0,   0,   0, 134]]), array([[101,   0,   0,   0],
       [  0,  84,   0,   0],
       [  0,   0,  89,   0],
       [  0,   0,   0, 135]]), array([[101,   0,   0,   0],
       [  0,  84,   0,   0],
       [  0,   0,  90,   0],
       [  0,   0,   0, 134]]), array([[101,   0,   0,   0],
       [  0,  85,   0,   0],
       [  0,   0,  89,   0],
       [  0,   0,   0, 134]]), array([[101,   0,   0,   0],
       [  0,  85,   0,   0],
       [  0,   0,  89,   0],
       [  0,   0,   0, 134]]), array([[101,   0,   0,   0],
       [  0,  85,   0,   0],
       [  0,   0,  89,   0],
       [  0,   0,   0, 134]]), array([[101,   0,   0,   0],
       [  0,  85,   0,   0],
       [  0,   0,  89,   0],
       [  0,   0,   0, 134]])]","[0.717391304347826, 0.8043478260869565, 0.782608695652174, 0.8260869565217391, 0.7111111111111111, 0.8444444444444444, 0.7555555555555555, 0.8222222222222222, 0.7777777777777778, 0.7777777777777778]","[0.717391304347826, 0.8043478260869565, 0.782608695652174, 0.8260869565217391, 0.7111111111111111, 0.8444444444444444, 0.7555555555555555, 0.8222222222222222, 0.7777777777777778, 0.7777777777777778]","[0.717391304347826, 0.8043478260869565, 0.782608695652174, 0.8260869565217391, 0.7111111111111111, 0.8444444444444444, 0.7555555555555555, 0.8222222222222222, 0.7777777777777778, 0.7777777777777778]","[0.717391304347826, 0.8043478260869565, 0.782608695652174, 0.8260869565217391, 0.7111111111111111, 0.8444444444444444, 0.7555555555555555, 0.8222222222222222, 0.7777777777777778, 0.7777777777777778]","[0.761904761904762, 0.8365384615384616, 0.7881944444444444, 0.8497835497835499, 0.7107142857142856, 0.8702686202686203, 0.766919191919192, 0.8471593765711413, 0.7844742063492064, 0.8315319548872181]","[0.7027777777777777, 0.7875, 0.7651515151515151, 0.818939393939394, 0.700974025974026, 0.825, 0.7323232323232324, 0.8083333333333332, 0.7578282828282829, 0.7467171717171717]","[0.6996365703262255, 0.8011802232854863, 0.7720418470418471, 0.8184523809523809, 0.6984873949579831, 0.8346702317290553, 0.7348484848484848, 0.8165021929824561, 0.7605546123372948, 0.7541729512317747]","[0.7510351966873706, 0.8209773318468971, 0.7873188405797101, 0.8486730660643704, 0.7158730158730159, 0.8597476597476597, 0.7623569023569023, 0.83457907379476, 0.784942680776014, 0.8146616541353383]","[0.717391304347826, 0.8043478260869565, 0.782608695652174, 0.8260869565217391, 0.7111111111111111, 0.8444444444444444, 0.7555555555555555, 0.8222222222222222, 0.7777777777777778, 0.7777777777777778]","[0.7072312994351975, 0.803187018930726, 0.7801304975218019, 0.8232919254658385, 0.706718954248366, 0.8399088928500693, 0.7462241462241462, 0.8186500974658868, 0.7722014714204868, 0.7659817887268867]","[array([[12,  0,  0,  0],
       [ 4,  4,  0,  1],
       [ 0,  0,  7,  3],
       [ 0,  0,  5, 10]]), array([[11,  0,  0,  1],
       [ 2,  6,  0,  1],
       [ 0,  0,  7,  3],
       [ 0,  0,  2, 13]]), array([[ 8,  3,  0,  0],
       [ 2,  7,  0,  1],
       [ 0,  0,  7,  3],
       [ 0,  0,  1, 14]]), array([[10,  0,  1,  0],
       [ 3,  6,  0,  1],
       [ 0,  0,  9,  1],
       [ 1,  0,  1, 13]]), array([[ 9,  2,  0,  0],
       [ 5,  5,  0,  0],
       [ 0,  0,  7,  3],
       [ 0,  0,  3, 11]]), array([[11,  0,  0,  0],
       [ 2,  7,  0,  1],
       [ 0,  0,  6,  3],
       [ 0,  0,  1, 14]]), array([[ 9,  1,  1,  0],
       [ 2,  4,  0,  3],
       [ 0,  0,  8,  2],
       [ 0,  0,  2, 13]]), array([[11,  0,  0,  0],
       [ 2,  6,  0,  1],
       [ 0,  0,  7,  3],
       [ 0,  0,  2, 13]]), array([[10,  1,  0,  0],
       [ 4,  5,  0,  0],
       [ 0,  0,  7,  3],
       [ 0,  0,  2, 13]]), array([[10,  0,  0,  1],
       [ 4,  4,  0,  1],
       [ 0,  0,  7,  3],
       [ 0,  0,  1, 14]])]"
14,"[1.0, 1.0, 1.0, 1.0, 1.0, 1.0, 1.0, 1.0, 1.0, 1.0]","[1.0, 1.0, 1.0, 1.0, 1.0, 1.0, 1.0, 1.0, 1.0, 1.0]","[1.0, 1.0, 1.0, 1.0, 1.0, 1.0, 1.0, 1.0, 1.0, 1.0]","[1.0, 1.0, 1.0, 1.0, 1.0, 1.0, 1.0, 1.0, 1.0, 1.0]","[1.0, 1.0, 1.0, 1.0, 1.0, 1.0, 1.0, 1.0, 1.0, 1.0]","[1.0, 1.0, 1.0, 1.0, 1.0, 1.0, 1.0, 1.0, 1.0, 1.0]","[1.0, 1.0, 1.0, 1.0, 1.0, 1.0, 1.0, 1.0, 1.0, 1.0]","[1.0, 1.0, 1.0, 1.0, 1.0, 1.0, 1.0, 1.0, 1.0, 1.0]","[1.0, 1.0, 1.0, 1.0, 1.0, 1.0, 1.0, 1.0, 1.0, 1.0]","[1.0, 1.0, 1.0, 1.0, 1.0, 1.0, 1.0, 1.0, 1.0, 1.0]","[array([[100,   0,   0,   0],
       [  0,  85,   0,   0],
       [  0,   0,  89,   0],
       [  0,   0,   0, 134]]), array([[100,   0,   0,   0],
       [  0,  85,   0,   0],
       [  0,   0,  89,   0],
       [  0,   0,   0, 134]]), array([[101,   0,   0,   0],
       [  0,  84,   0,   0],
       [  0,   0,  89,   0],
       [  0,   0,   0, 134]]), array([[101,   0,   0,   0],
       [  0,  84,   0,   0],
       [  0,   0,  89,   0],
       [  0,   0,   0, 134]]), array([[101,   0,   0,   0],
       [  0,  84,   0,   0],
       [  0,   0,  89,   0],
       [  0,   0,   0, 135]]), array([[101,   0,   0,   0],
       [  0,  84,   0,   0],
       [  0,   0,  90,   0],
       [  0,   0,   0, 134]]), array([[101,   0,   0,   0],
       [  0,  85,   0,   0],
       [  0,   0,  89,   0],
       [  0,   0,   0, 134]]), array([[101,   0,   0,   0],
       [  0,  85,   0,   0],
       [  0,   0,  89,   0],
       [  0,   0,   0, 134]]), array([[101,   0,   0,   0],
       [  0,  85,   0,   0],
       [  0,   0,  89,   0],
       [  0,   0,   0, 134]]), array([[101,   0,   0,   0],
       [  0,  85,   0,   0],
       [  0,   0,  89,   0],
       [  0,   0,   0, 134]])]","[0.7391304347826086, 0.8043478260869565, 0.782608695652174, 0.8260869565217391, 0.7333333333333333, 0.8444444444444444, 0.8, 0.8222222222222222, 0.7777777777777778, 0.8]","[0.7391304347826086, 0.8043478260869565, 0.782608695652174, 0.8260869565217391, 0.7333333333333333, 0.8444444444444444, 0.8, 0.8222222222222222, 0.7777777777777778, 0.8]","[0.7391304347826086, 0.8043478260869565, 0.782608695652174, 0.8260869565217391, 0.7333333333333333, 0.8444444444444444, 0.8, 0.8222222222222222, 0.7777777777777778, 0.8]","[0.7391304347826085, 0.8043478260869565, 0.782608695652174, 0.8260869565217391, 0.7333333333333333, 0.8444444444444444, 0.8000000000000002, 0.8222222222222222, 0.7777777777777778, 0.8000000000000002]","[0.7744047619047619, 0.8365384615384616, 0.7881944444444444, 0.8497835497835499, 0.7320054945054945, 0.8702686202686203, 0.8003472222222222, 0.8471593765711413, 0.7844742063492064, 0.8364583333333333]","[0.7305555555555555, 0.7875, 0.7651515151515151, 0.818939393939394, 0.7259740259740259, 0.825, 0.7901515151515152, 0.8083333333333332, 0.7578282828282829, 0.7777777777777778]","[0.7322983529880082, 0.8011802232854863, 0.7720418470418471, 0.8184523809523809, 0.725595238095238, 0.8346702317290553, 0.7906934621355874, 0.8165021929824561, 0.7605546123372948, 0.7750620347394541]","[0.7640786749482402, 0.8209773318468971, 0.7873188405797101, 0.8486730660643704, 0.7358974358974358, 0.8597476597476597, 0.8047839506172839, 0.83457907379476, 0.784942680776014, 0.8278703703703703]","[0.7391304347826086, 0.8043478260869565, 0.782608695652174, 0.8260869565217391, 0.7333333333333333, 0.8444444444444444, 0.8, 0.8222222222222222, 0.7777777777777778, 0.8]","[0.7348630879365513, 0.803187018930726, 0.7801304975218019, 0.8232919254658385, 0.7314814814814816, 0.8399088928500693, 0.7981201004350911, 0.8186500974658868, 0.7722014714204868, 0.7872622001654261]","[array([[12,  0,  0,  0],
       [ 3,  5,  0,  1],
       [ 0,  0,  7,  3],
       [ 0,  0,  5, 10]]), array([[11,  0,  0,  1],
       [ 2,  6,  0,  1],
       [ 0,  0,  7,  3],
       [ 0,  0,  2, 13]]), array([[ 8,  3,  0,  0],
       [ 2,  7,  0,  1],
       [ 0,  0,  7,  3],
       [ 0,  0,  1, 14]]), array([[10,  0,  1,  0],
       [ 3,  6,  0,  1],
       [ 0,  0,  9,  1],
       [ 1,  0,  1, 13]]), array([[ 9,  2,  0,  0],
       [ 4,  6,  0,  0],
       [ 0,  0,  7,  3],
       [ 0,  0,  3, 11]]), array([[11,  0,  0,  0],
       [ 2,  7,  0,  1],
       [ 0,  0,  6,  3],
       [ 0,  0,  1, 14]]), array([[ 8,  2,  1,  0],
       [ 1,  6,  0,  2],
       [ 0,  0,  9,  1],
       [ 0,  0,  2, 13]]), array([[11,  0,  0,  0],
       [ 2,  6,  0,  1],
       [ 0,  0,  7,  3],
       [ 0,  0,  2, 13]]), array([[10,  1,  0,  0],
       [ 4,  5,  0,  0],
       [ 0,  0,  7,  3],
       [ 0,  0,  2, 13]]), array([[11,  0,  0,  0],
       [ 4,  4,  0,  1],
       [ 0,  0,  8,  2],
       [ 0,  0,  2, 13]])]"
15,"[1.0, 1.0, 1.0, 1.0, 1.0, 1.0, 1.0, 1.0, 1.0, 1.0]","[1.0, 1.0, 1.0, 1.0, 1.0, 1.0, 1.0, 1.0, 1.0, 1.0]","[1.0, 1.0, 1.0, 1.0, 1.0, 1.0, 1.0, 1.0, 1.0, 1.0]","[1.0, 1.0, 1.0, 1.0, 1.0, 1.0, 1.0, 1.0, 1.0, 1.0]","[1.0, 1.0, 1.0, 1.0, 1.0, 1.0, 1.0, 1.0, 1.0, 1.0]","[1.0, 1.0, 1.0, 1.0, 1.0, 1.0, 1.0, 1.0, 1.0, 1.0]","[1.0, 1.0, 1.0, 1.0, 1.0, 1.0, 1.0, 1.0, 1.0, 1.0]","[1.0, 1.0, 1.0, 1.0, 1.0, 1.0, 1.0, 1.0, 1.0, 1.0]","[1.0, 1.0, 1.0, 1.0, 1.0, 1.0, 1.0, 1.0, 1.0, 1.0]","[1.0, 1.0, 1.0, 1.0, 1.0, 1.0, 1.0, 1.0, 1.0, 1.0]","[array([[100,   0,   0,   0],
       [  0,  85,   0,   0],
       [  0,   0,  89,   0],
       [  0,   0,   0, 134]]), array([[100,   0,   0,   0],
       [  0,  85,   0,   0],
       [  0,   0,  89,   0],
       [  0,   0,   0, 134]]), array([[101,   0,   0,   0],
       [  0,  84,   0,   0],
       [  0,   0,  89,   0],
       [  0,   0,   0, 134]]), array([[101,   0,   0,   0],
       [  0,  84,   0,   0],
       [  0,   0,  89,   0],
       [  0,   0,   0, 134]]), array([[101,   0,   0,   0],
       [  0,  84,   0,   0],
       [  0,   0,  89,   0],
       [  0,   0,   0, 135]]), array([[101,   0,   0,   0],
       [  0,  84,   0,   0],
       [  0,   0,  90,   0],
       [  0,   0,   0, 134]]), array([[101,   0,   0,   0],
       [  0,  85,   0,   0],
       [  0,   0,  89,   0],
       [  0,   0,   0, 134]]), array([[101,   0,   0,   0],
       [  0,  85,   0,   0],
       [  0,   0,  89,   0],
       [  0,   0,   0, 134]]), array([[101,   0,   0,   0],
       [  0,  85,   0,   0],
       [  0,   0,  89,   0],
       [  0,   0,   0, 134]]), array([[101,   0,   0,   0],
       [  0,  85,   0,   0],
       [  0,   0,  89,   0],
       [  0,   0,   0, 134]])]","[0.717391304347826, 0.8043478260869565, 0.717391304347826, 0.8478260869565217, 0.7111111111111111, 0.8666666666666667, 0.7333333333333333, 0.8666666666666667, 0.7777777777777778, 0.8222222222222222]","[0.717391304347826, 0.8043478260869565, 0.717391304347826, 0.8478260869565217, 0.7111111111111111, 0.8666666666666667, 0.7333333333333333, 0.8666666666666667, 0.7777777777777778, 0.8222222222222222]","[0.717391304347826, 0.8043478260869565, 0.717391304347826, 0.8478260869565217, 0.7111111111111111, 0.8666666666666667, 0.7333333333333333, 0.8666666666666667, 0.7777777777777778, 0.8222222222222222]","[0.717391304347826, 0.8043478260869565, 0.717391304347826, 0.8478260869565218, 0.7111111111111111, 0.8666666666666667, 0.7333333333333333, 0.8666666666666667, 0.7777777777777778, 0.8222222222222222]","[0.761904761904762, 0.8449248120300752, 0.7281746031746031, 0.8723214285714286, 0.7107142857142856, 0.8861708144796381, 0.7341269841269842, 0.8896430367018602, 0.7844742063492064, 0.8545454545454546]","[0.7027777777777777, 0.7791666666666666, 0.6984848484848485, 0.8356060606060607, 0.700974025974026, 0.8527777777777779, 0.7123737373737373, 0.8500000000000001, 0.7578282828282829, 0.8027777777777778]","[0.6996365703262255, 0.793891402714932, 0.7052480655253571, 0.8383064516129032, 0.6984873949579831, 0.8596813725490197, 0.7186958874458874, 0.8584429824561404, 0.7605546123372948, 0.7963369963369963]","[0.7510351966873706, 0.8272311212814646, 0.7261904761904762, 0.8691770186335405, 0.7158730158730159, 0.8785696329813977, 0.7347089947089948, 0.8788782749567063, 0.784942680776014, 0.84996632996633]","[0.717391304347826, 0.8043478260869565, 0.717391304347826, 0.8478260869565217, 0.7111111111111111, 0.8666666666666667, 0.7333333333333333, 0.8666666666666667, 0.7777777777777778, 0.8222222222222222]","[0.7072312994351975, 0.799252409994098, 0.7140210594417667, 0.8445301542777, 0.706718954248366, 0.8634531590413943, 0.7294252044252044, 0.8628752436647172, 0.7722014714204868, 0.8092796092796093]","[array([[12,  0,  0,  0],
       [ 4,  4,  0,  1],
       [ 0,  0,  7,  3],
       [ 0,  0,  5, 10]]), array([[11,  0,  0,  1],
       [ 3,  6,  0,  0],
       [ 0,  0,  6,  4],
       [ 0,  0,  1, 14]]), array([[ 8,  3,  0,  0],
       [ 3,  6,  0,  1],
       [ 0,  0,  6,  4],
       [ 1,  0,  1, 13]]), array([[10,  0,  1,  0],
       [ 3,  6,  0,  1],
       [ 0,  0,  9,  1],
       [ 1,  0,  0, 14]]), array([[ 9,  2,  0,  0],
       [ 5,  5,  0,  0],
       [ 0,  0,  7,  3],
       [ 0,  0,  3, 11]]), array([[11,  0,  0,  0],
       [ 2,  7,  0,  1],
       [ 0,  0,  7,  2],
       [ 0,  0,  1, 14]]), array([[ 8,  2,  1,  0],
       [ 2,  5,  0,  2],
       [ 0,  0,  7,  3],
       [ 0,  0,  2, 13]]), array([[11,  0,  0,  0],
       [ 2,  6,  0,  1],
       [ 0,  0,  8,  2],
       [ 0,  0,  1, 14]]), array([[10,  1,  0,  0],
       [ 4,  5,  0,  0],
       [ 0,  0,  7,  3],
       [ 0,  0,  2, 13]]), array([[11,  0,  0,  0],
       [ 4,  4,  0,  1],
       [ 0,  0,  9,  1],
       [ 0,  0,  2, 13]])]"
16,"[1.0, 1.0, 1.0, 1.0, 1.0, 1.0, 1.0, 1.0, 1.0, 1.0]","[1.0, 1.0, 1.0, 1.0, 1.0, 1.0, 1.0, 1.0, 1.0, 1.0]","[1.0, 1.0, 1.0, 1.0, 1.0, 1.0, 1.0, 1.0, 1.0, 1.0]","[1.0, 1.0, 1.0, 1.0, 1.0, 1.0, 1.0, 1.0, 1.0, 1.0]","[1.0, 1.0, 1.0, 1.0, 1.0, 1.0, 1.0, 1.0, 1.0, 1.0]","[1.0, 1.0, 1.0, 1.0, 1.0, 1.0, 1.0, 1.0, 1.0, 1.0]","[1.0, 1.0, 1.0, 1.0, 1.0, 1.0, 1.0, 1.0, 1.0, 1.0]","[1.0, 1.0, 1.0, 1.0, 1.0, 1.0, 1.0, 1.0, 1.0, 1.0]","[1.0, 1.0, 1.0, 1.0, 1.0, 1.0, 1.0, 1.0, 1.0, 1.0]","[1.0, 1.0, 1.0, 1.0, 1.0, 1.0, 1.0, 1.0, 1.0, 1.0]","[array([[100,   0,   0,   0],
       [  0,  85,   0,   0],
       [  0,   0,  89,   0],
       [  0,   0,   0, 134]]), array([[100,   0,   0,   0],
       [  0,  85,   0,   0],
       [  0,   0,  89,   0],
       [  0,   0,   0, 134]]), array([[101,   0,   0,   0],
       [  0,  84,   0,   0],
       [  0,   0,  89,   0],
       [  0,   0,   0, 134]]), array([[101,   0,   0,   0],
       [  0,  84,   0,   0],
       [  0,   0,  89,   0],
       [  0,   0,   0, 134]]), array([[101,   0,   0,   0],
       [  0,  84,   0,   0],
       [  0,   0,  89,   0],
       [  0,   0,   0, 135]]), array([[101,   0,   0,   0],
       [  0,  84,   0,   0],
       [  0,   0,  90,   0],
       [  0,   0,   0, 134]]), array([[101,   0,   0,   0],
       [  0,  85,   0,   0],
       [  0,   0,  89,   0],
       [  0,   0,   0, 134]]), array([[101,   0,   0,   0],
       [  0,  85,   0,   0],
       [  0,   0,  89,   0],
       [  0,   0,   0, 134]]), array([[101,   0,   0,   0],
       [  0,  85,   0,   0],
       [  0,   0,  89,   0],
       [  0,   0,   0, 134]]), array([[101,   0,   0,   0],
       [  0,  85,   0,   0],
       [  0,   0,  89,   0],
       [  0,   0,   0, 134]])]","[0.717391304347826, 0.782608695652174, 0.717391304347826, 0.8260869565217391, 0.7111111111111111, 0.8444444444444444, 0.7777777777777778, 0.8666666666666667, 0.7777777777777778, 0.8]","[0.717391304347826, 0.782608695652174, 0.717391304347826, 0.8260869565217391, 0.7111111111111111, 0.8444444444444444, 0.7777777777777778, 0.8666666666666667, 0.7777777777777778, 0.8]","[0.717391304347826, 0.782608695652174, 0.717391304347826, 0.8260869565217391, 0.7111111111111111, 0.8444444444444444, 0.7777777777777778, 0.8666666666666667, 0.7777777777777778, 0.8]","[0.717391304347826, 0.782608695652174, 0.717391304347826, 0.8260869565217391, 0.7111111111111111, 0.8444444444444444, 0.7777777777777778, 0.8666666666666667, 0.7777777777777778, 0.8000000000000002]","[0.761904761904762, 0.814484126984127, 0.7281746031746031, 0.8497835497835499, 0.7107142857142856, 0.8702686202686203, 0.7827168746286393, 0.8896430367018602, 0.7844742063492064, 0.8362418831168832]","[0.7027777777777777, 0.7625, 0.6984848484848485, 0.818939393939394, 0.700974025974026, 0.825, 0.7651515151515152, 0.8500000000000001, 0.7578282828282829, 0.780050505050505]","[0.6996365703262255, 0.775174825174825, 0.7052480655253571, 0.8184523809523809, 0.6984873949579831, 0.8346702317290553, 0.7700717787114846, 0.8584429824561404, 0.7605546123372948, 0.7778092874867069]","[0.7510351966873706, 0.7991718426501037, 0.7261904761904762, 0.8486730660643704, 0.7158730158730159, 0.8597476597476597, 0.7838020730177593, 0.8788782749567063, 0.784942680776014, 0.8272546897546899]","[0.717391304347826, 0.782608695652174, 0.717391304347826, 0.8260869565217391, 0.7111111111111111, 0.8444444444444444, 0.7777777777777778, 0.8666666666666667, 0.7777777777777778, 0.8]","[0.7072312994351975, 0.7791020573629268, 0.7140210594417667, 0.8232919254658385, 0.706718954248366, 0.8399088928500693, 0.7768775287892936, 0.8628752436647172, 0.7722014714204868, 0.7886785615817874]","[array([[12,  0,  0,  0],
       [ 4,  4,  0,  1],
       [ 0,  0,  7,  3],
       [ 0,  0,  5, 10]]), array([[11,  0,  0,  1],
       [ 3,  6,  0,  0],
       [ 0,  0,  6,  4],
       [ 0,  0,  2, 13]]), array([[ 8,  3,  0,  0],
       [ 3,  6,  0,  1],
       [ 0,  0,  6,  4],
       [ 1,  0,  1, 13]]), array([[10,  0,  1,  0],
       [ 3,  6,  0,  1],
       [ 0,  0,  9,  1],
       [ 1,  0,  1, 13]]), array([[ 9,  2,  0,  0],
       [ 5,  5,  0,  0],
       [ 0,  0,  7,  3],
       [ 0,  0,  3, 11]]), array([[11,  0,  0,  0],
       [ 2,  7,  0,  1],
       [ 0,  0,  6,  3],
       [ 0,  0,  1, 14]]), array([[ 8,  2,  1,  0],
       [ 1,  6,  0,  2],
       [ 0,  0,  8,  2],
       [ 0,  0,  2, 13]]), array([[11,  0,  0,  0],
       [ 2,  6,  0,  1],
       [ 0,  0,  8,  2],
       [ 0,  0,  1, 14]]), array([[10,  1,  0,  0],
       [ 4,  5,  0,  0],
       [ 0,  0,  7,  3],
       [ 0,  0,  2, 13]]), array([[10,  0,  0,  1],
       [ 4,  4,  0,  1],
       [ 0,  0,  9,  1],
       [ 0,  0,  2, 13]])]"
17,"[1.0, 1.0, 1.0, 1.0, 1.0, 1.0, 1.0, 1.0, 1.0, 1.0]","[1.0, 1.0, 1.0, 1.0, 1.0, 1.0, 1.0, 1.0, 1.0, 1.0]","[1.0, 1.0, 1.0, 1.0, 1.0, 1.0, 1.0, 1.0, 1.0, 1.0]","[1.0, 1.0, 1.0, 1.0, 1.0, 1.0, 1.0, 1.0, 1.0, 1.0]","[1.0, 1.0, 1.0, 1.0, 1.0, 1.0, 1.0, 1.0, 1.0, 1.0]","[1.0, 1.0, 1.0, 1.0, 1.0, 1.0, 1.0, 1.0, 1.0, 1.0]","[1.0, 1.0, 1.0, 1.0, 1.0, 1.0, 1.0, 1.0, 1.0, 1.0]","[1.0, 1.0, 1.0, 1.0, 1.0, 1.0, 1.0, 1.0, 1.0, 1.0]","[1.0, 1.0, 1.0, 1.0, 1.0, 1.0, 1.0, 1.0, 1.0, 1.0]","[1.0, 1.0, 1.0, 1.0, 1.0, 1.0, 1.0, 1.0, 1.0, 1.0]","[array([[100,   0,   0,   0],
       [  0,  85,   0,   0],
       [  0,   0,  89,   0],
       [  0,   0,   0, 134]]), array([[100,   0,   0,   0],
       [  0,  85,   0,   0],
       [  0,   0,  89,   0],
       [  0,   0,   0, 134]]), array([[101,   0,   0,   0],
       [  0,  84,   0,   0],
       [  0,   0,  89,   0],
       [  0,   0,   0, 134]]), array([[101,   0,   0,   0],
       [  0,  84,   0,   0],
       [  0,   0,  89,   0],
       [  0,   0,   0, 134]]), array([[101,   0,   0,   0],
       [  0,  84,   0,   0],
       [  0,   0,  89,   0],
       [  0,   0,   0, 135]]), array([[101,   0,   0,   0],
       [  0,  84,   0,   0],
       [  0,   0,  90,   0],
       [  0,   0,   0, 134]]), array([[101,   0,   0,   0],
       [  0,  85,   0,   0],
       [  0,   0,  89,   0],
       [  0,   0,   0, 134]]), array([[101,   0,   0,   0],
       [  0,  85,   0,   0],
       [  0,   0,  89,   0],
       [  0,   0,   0, 134]]), array([[101,   0,   0,   0],
       [  0,  85,   0,   0],
       [  0,   0,  89,   0],
       [  0,   0,   0, 134]]), array([[101,   0,   0,   0],
       [  0,  85,   0,   0],
       [  0,   0,  89,   0],
       [  0,   0,   0, 134]])]","[0.717391304347826, 0.8043478260869565, 0.6956521739130435, 0.8043478260869565, 0.7111111111111111, 0.8444444444444444, 0.7777777777777778, 0.8444444444444444, 0.7555555555555555, 0.8222222222222222]","[0.717391304347826, 0.8043478260869565, 0.6956521739130435, 0.8043478260869565, 0.7111111111111111, 0.8444444444444444, 0.7777777777777778, 0.8444444444444444, 0.7555555555555555, 0.8222222222222222]","[0.717391304347826, 0.8043478260869565, 0.6956521739130435, 0.8043478260869565, 0.7111111111111111, 0.8444444444444444, 0.7777777777777778, 0.8444444444444444, 0.7555555555555555, 0.8222222222222222]","[0.717391304347826, 0.8043478260869565, 0.6956521739130435, 0.8043478260869565, 0.7111111111111111, 0.8444444444444444, 0.7777777777777778, 0.8444444444444444, 0.7555555555555555, 0.8222222222222222]","[0.7678571428571428, 0.8465277777777778, 0.712719298245614, 0.8447712418300652, 0.7107142857142856, 0.8710609243697478, 0.7730158730158729, 0.874732905982906, 0.7619047619047619, 0.8499781468531469]","[0.7111111111111111, 0.776388888888889, 0.6734848484848485, 0.7856060606060606, 0.700974025974026, 0.8277777777777777, 0.7540404040404041, 0.825, 0.7411616161616161, 0.8078282828282828]","[0.7014652014652014, 0.7888407888407889, 0.6792342509086015, 0.7882506747638326, 0.6984873949579831, 0.8321323529411765, 0.7588474025974027, 0.8357323232323233, 0.7416666666666668, 0.8108678955453149]","[0.7600931677018634, 0.8307971014492752, 0.7086193745232647, 0.838590508667235, 0.7158730158730159, 0.863795518207283, 0.7754497354497354, 0.8605413105413104, 0.7634920634920636, 0.8406857031857031]","[0.717391304347826, 0.8043478260869565, 0.6956521739130435, 0.8043478260869565, 0.7111111111111111, 0.8444444444444444, 0.7777777777777778, 0.8444444444444444, 0.7555555555555555, 0.8222222222222222]","[0.7063226628444019, 0.7980739067695588, 0.6888815570004742, 0.7972664730387843, 0.706718954248366, 0.8381503267973857, 0.771849446849447, 0.8397418630751964, 0.7511111111111112, 0.8166069295101553]","[array([[12,  0,  0,  0],
       [ 4,  4,  0,  1],
       [ 0,  0,  8,  2],
       [ 0,  0,  6,  9]]), array([[11,  0,  0,  1],
       [ 4,  5,  0,  0],
       [ 0,  0,  7,  3],
       [ 0,  0,  1, 14]]), array([[ 8,  3,  0,  0],
       [ 3,  6,  0,  1],
       [ 0,  0,  5,  5],
       [ 1,  0,  1, 13]]), array([[10,  0,  1,  0],
       [ 4,  5,  0,  1],
       [ 0,  0,  8,  2],
       [ 1,  0,  0, 14]]), array([[ 9,  2,  0,  0],
       [ 5,  5,  0,  0],
       [ 0,  0,  7,  3],
       [ 0,  0,  3, 11]]), array([[11,  0,  0,  0],
       [ 3,  6,  0,  1],
       [ 0,  0,  7,  2],
       [ 0,  0,  1, 14]]), array([[ 8,  2,  1,  0],
       [ 2,  5,  0,  2],
       [ 0,  0,  8,  2],
       [ 0,  0,  1, 14]]), array([[11,  0,  0,  0],
       [ 2,  6,  0,  1],
       [ 0,  0,  7,  3],
       [ 0,  0,  1, 14]]), array([[10,  1,  0,  0],
       [ 4,  5,  0,  0],
       [ 0,  0,  7,  3],
       [ 0,  0,  3, 12]]), array([[10,  0,  0,  1],
       [ 3,  5,  0,  1],
       [ 0,  0,  9,  1],
       [ 0,  0,  2, 13]])]"
18,"[1.0, 1.0, 1.0, 1.0, 1.0, 1.0, 1.0, 1.0, 1.0, 1.0]","[1.0, 1.0, 1.0, 1.0, 1.0, 1.0, 1.0, 1.0, 1.0, 1.0]","[1.0, 1.0, 1.0, 1.0, 1.0, 1.0, 1.0, 1.0, 1.0, 1.0]","[1.0, 1.0, 1.0, 1.0, 1.0, 1.0, 1.0, 1.0, 1.0, 1.0]","[1.0, 1.0, 1.0, 1.0, 1.0, 1.0, 1.0, 1.0, 1.0, 1.0]","[1.0, 1.0, 1.0, 1.0, 1.0, 1.0, 1.0, 1.0, 1.0, 1.0]","[1.0, 1.0, 1.0, 1.0, 1.0, 1.0, 1.0, 1.0, 1.0, 1.0]","[1.0, 1.0, 1.0, 1.0, 1.0, 1.0, 1.0, 1.0, 1.0, 1.0]","[1.0, 1.0, 1.0, 1.0, 1.0, 1.0, 1.0, 1.0, 1.0, 1.0]","[1.0, 1.0, 1.0, 1.0, 1.0, 1.0, 1.0, 1.0, 1.0, 1.0]","[array([[100,   0,   0,   0],
       [  0,  85,   0,   0],
       [  0,   0,  89,   0],
       [  0,   0,   0, 134]]), array([[100,   0,   0,   0],
       [  0,  85,   0,   0],
       [  0,   0,  89,   0],
       [  0,   0,   0, 134]]), array([[101,   0,   0,   0],
       [  0,  84,   0,   0],
       [  0,   0,  89,   0],
       [  0,   0,   0, 134]]), array([[101,   0,   0,   0],
       [  0,  84,   0,   0],
       [  0,   0,  89,   0],
       [  0,   0,   0, 134]]), array([[101,   0,   0,   0],
       [  0,  84,   0,   0],
       [  0,   0,  89,   0],
       [  0,   0,   0, 135]]), array([[101,   0,   0,   0],
       [  0,  84,   0,   0],
       [  0,   0,  90,   0],
       [  0,   0,   0, 134]]), array([[101,   0,   0,   0],
       [  0,  85,   0,   0],
       [  0,   0,  89,   0],
       [  0,   0,   0, 134]]), array([[101,   0,   0,   0],
       [  0,  85,   0,   0],
       [  0,   0,  89,   0],
       [  0,   0,   0, 134]]), array([[101,   0,   0,   0],
       [  0,  85,   0,   0],
       [  0,   0,  89,   0],
       [  0,   0,   0, 134]]), array([[101,   0,   0,   0],
       [  0,  85,   0,   0],
       [  0,   0,  89,   0],
       [  0,   0,   0, 134]])]","[0.6956521739130435, 0.8043478260869565, 0.717391304347826, 0.782608695652174, 0.7555555555555555, 0.8222222222222222, 0.8222222222222222, 0.8666666666666667, 0.7555555555555555, 0.8]","[0.6956521739130435, 0.8043478260869565, 0.717391304347826, 0.782608695652174, 0.7555555555555555, 0.8222222222222222, 0.8222222222222222, 0.8666666666666667, 0.7555555555555555, 0.8]","[0.6956521739130435, 0.8043478260869565, 0.717391304347826, 0.782608695652174, 0.7555555555555555, 0.8222222222222222, 0.8222222222222222, 0.8666666666666667, 0.7555555555555555, 0.8]","[0.6956521739130435, 0.8043478260869565, 0.717391304347826, 0.782608695652174, 0.7555555555555555, 0.8222222222222222, 0.8222222222222222, 0.8666666666666667, 0.7555555555555555, 0.8000000000000002]","[0.7508753501400561, 0.8508241758241759, 0.7281746031746031, 0.829861111111111, 0.7642857142857142, 0.8312257595345831, 0.8337301587301587, 0.8896430367018602, 0.7619047619047619, 0.8362418831168832]","[0.6749999999999999, 0.7791666666666666, 0.6984848484848485, 0.7606060606060607, 0.7487012987012986, 0.805050505050505, 0.8045454545454547, 0.8500000000000001, 0.7411616161616161, 0.780050505050505]","[0.6634012539184952, 0.796470588235294, 0.7052480655253571, 0.7655400155400155, 0.7478991596638656, 0.8094362745098039, 0.8139069264069265, 0.8584429824561404, 0.7416666666666668, 0.7778092874867069]","[0.739526245280721, 0.8309842331581462, 0.7261904761904762, 0.8206521739130435, 0.7650793650793651, 0.8280201824319471, 0.8284656084656083, 0.8788782749567063, 0.7634920634920636, 0.8272546897546899]","[0.6956521739130435, 0.8043478260869565, 0.717391304347826, 0.782608695652174, 0.7555555555555555, 0.8222222222222222, 0.8222222222222222, 0.8666666666666667, 0.7555555555555555, 0.8]","[0.676945618100041, 0.8004092071611252, 0.7140210594417667, 0.7746359920272963, 0.7524183006535948, 0.8169389978213508, 0.8201298701298702, 0.8628752436647172, 0.7511111111111112, 0.7886785615817874]","[array([[12,  0,  0,  0],
       [ 5,  3,  0,  1],
       [ 0,  0,  7,  3],
       [ 0,  0,  5, 10]]), array([[11,  0,  0,  1],
       [ 2,  6,  0,  1],
       [ 0,  0,  6,  4],
       [ 0,  0,  1, 14]]), array([[ 8,  3,  0,  0],
       [ 3,  6,  0,  1],
       [ 0,  0,  6,  4],
       [ 1,  0,  1, 13]]), array([[10,  0,  1,  0],
       [ 4,  5,  0,  1],
       [ 0,  0,  7,  3],
       [ 1,  0,  0, 14]]), array([[10,  1,  0,  0],
       [ 4,  6,  0,  0],
       [ 0,  0,  7,  3],
       [ 0,  0,  3, 11]]), array([[10,  1,  0,  0],
       [ 3,  6,  0,  1],
       [ 0,  0,  7,  2],
       [ 0,  0,  1, 14]]), array([[ 9,  1,  1,  0],
       [ 1,  6,  0,  2],
       [ 0,  0,  8,  2],
       [ 0,  0,  1, 14]]), array([[11,  0,  0,  0],
       [ 2,  6,  0,  1],
       [ 0,  0,  8,  2],
       [ 0,  0,  1, 14]]), array([[10,  1,  0,  0],
       [ 4,  5,  0,  0],
       [ 0,  0,  7,  3],
       [ 0,  0,  3, 12]]), array([[10,  0,  0,  1],
       [ 4,  4,  0,  1],
       [ 0,  0,  9,  1],
       [ 0,  0,  2, 13]])]"
19,"[1.0, 1.0, 1.0, 1.0, 1.0, 1.0, 1.0, 1.0, 1.0, 1.0]","[1.0, 1.0, 1.0, 1.0, 1.0, 1.0, 1.0, 1.0, 1.0, 1.0]","[1.0, 1.0, 1.0, 1.0, 1.0, 1.0, 1.0, 1.0, 1.0, 1.0]","[1.0, 1.0, 1.0, 1.0, 1.0, 1.0, 1.0, 1.0, 1.0, 1.0]","[1.0, 1.0, 1.0, 1.0, 1.0, 1.0, 1.0, 1.0, 1.0, 1.0]","[1.0, 1.0, 1.0, 1.0, 1.0, 1.0, 1.0, 1.0, 1.0, 1.0]","[1.0, 1.0, 1.0, 1.0, 1.0, 1.0, 1.0, 1.0, 1.0, 1.0]","[1.0, 1.0, 1.0, 1.0, 1.0, 1.0, 1.0, 1.0, 1.0, 1.0]","[1.0, 1.0, 1.0, 1.0, 1.0, 1.0, 1.0, 1.0, 1.0, 1.0]","[1.0, 1.0, 1.0, 1.0, 1.0, 1.0, 1.0, 1.0, 1.0, 1.0]","[array([[100,   0,   0,   0],
       [  0,  85,   0,   0],
       [  0,   0,  89,   0],
       [  0,   0,   0, 134]]), array([[100,   0,   0,   0],
       [  0,  85,   0,   0],
       [  0,   0,  89,   0],
       [  0,   0,   0, 134]]), array([[101,   0,   0,   0],
       [  0,  84,   0,   0],
       [  0,   0,  89,   0],
       [  0,   0,   0, 134]]), array([[101,   0,   0,   0],
       [  0,  84,   0,   0],
       [  0,   0,  89,   0],
       [  0,   0,   0, 134]]), array([[101,   0,   0,   0],
       [  0,  84,   0,   0],
       [  0,   0,  89,   0],
       [  0,   0,   0, 135]]), array([[101,   0,   0,   0],
       [  0,  84,   0,   0],
       [  0,   0,  90,   0],
       [  0,   0,   0, 134]]), array([[101,   0,   0,   0],
       [  0,  85,   0,   0],
       [  0,   0,  89,   0],
       [  0,   0,   0, 134]]), array([[101,   0,   0,   0],
       [  0,  85,   0,   0],
       [  0,   0,  89,   0],
       [  0,   0,   0, 134]]), array([[101,   0,   0,   0],
       [  0,  85,   0,   0],
       [  0,   0,  89,   0],
       [  0,   0,   0, 134]]), array([[101,   0,   0,   0],
       [  0,  85,   0,   0],
       [  0,   0,  89,   0],
       [  0,   0,   0, 134]])]","[0.717391304347826, 0.8260869565217391, 0.6739130434782609, 0.8043478260869565, 0.7333333333333333, 0.8666666666666667, 0.7777777777777778, 0.8666666666666667, 0.7333333333333333, 0.8222222222222222]","[0.717391304347826, 0.8260869565217391, 0.6739130434782609, 0.8043478260869565, 0.7333333333333333, 0.8666666666666667, 0.7777777777777778, 0.8666666666666667, 0.7333333333333333, 0.8222222222222222]","[0.717391304347826, 0.8260869565217391, 0.6739130434782609, 0.8043478260869565, 0.7333333333333333, 0.8666666666666667, 0.7777777777777778, 0.8666666666666667, 0.7333333333333333, 0.8222222222222222]","[0.717391304347826, 0.8260869565217391, 0.6739130434782609, 0.8043478260869565, 0.7333333333333333, 0.8666666666666667, 0.7777777777777778, 0.8666666666666667, 0.7333333333333333, 0.8222222222222222]","[0.7678571428571428, 0.8596230158730158, 0.6894821187584346, 0.812797619047619, 0.7320054945054945, 0.8874007936507936, 0.7819444444444444, 0.8896430367018602, 0.7266483516483515, 0.8535714285714286]","[0.7111111111111111, 0.8041666666666667, 0.6484848484848484, 0.7878787878787878, 0.7259740259740259, 0.8555555555555556, 0.7489898989898991, 0.8500000000000001, 0.7184343434343434, 0.805050505050505]","[0.7014652014652014, 0.8181041181041181, 0.6529820261437909, 0.7870564516129033, 0.725595238095238, 0.8555286738351254, 0.7506305288913985, 0.8584429824561404, 0.7187500000000001, 0.7977855477855478]","[0.7600931677018634, 0.8444616977225673, 0.687298304289151, 0.8158643892339544, 0.7358974358974358, 0.8837301587301586, 0.7803703703703704, 0.8788782749567063, 0.7343101343101343, 0.8486772486772487]","[0.717391304347826, 0.8260869565217391, 0.6739130434782609, 0.8043478260869565, 0.7333333333333333, 0.8666666666666667, 0.7777777777777778, 0.8666666666666667, 0.7333333333333333, 0.8222222222222222]","[0.7063226628444019, 0.8230194925847099, 0.6654234157431089, 0.7982258064516129, 0.7314814814814816, 0.8606308243727598, 0.766196122717862, 0.8628752436647172, 0.7305555555555557, 0.8095415695415694]","[array([[12,  0,  0,  0],
       [ 4,  4,  0,  1],
       [ 0,  0,  8,  2],
       [ 0,  0,  6,  9]]), array([[11,  0,  0,  1],
       [ 3,  6,  0,  0],
       [ 0,  0,  7,  3],
       [ 0,  0,  1, 14]]), array([[ 8,  3,  0,  0],
       [ 4,  5,  0,  1],
       [ 0,  0,  5,  5],
       [ 1,  0,  1, 13]]), array([[ 9,  1,  1,  0],
       [ 4,  5,  0,  1],
       [ 0,  0,  9,  1],
       [ 1,  0,  0, 14]]), array([[ 9,  2,  0,  0],
       [ 4,  6,  0,  0],
       [ 0,  0,  7,  3],
       [ 0,  0,  3, 11]]), array([[11,  0,  0,  0],
       [ 3,  6,  0,  1],
       [ 0,  0,  8,  1],
       [ 0,  0,  1, 14]]), array([[ 9,  1,  1,  0],
       [ 3,  4,  0,  2],
       [ 0,  0,  8,  2],
       [ 0,  0,  1, 14]]), array([[11,  0,  0,  0],
       [ 2,  6,  0,  1],
       [ 0,  0,  8,  2],
       [ 0,  0,  1, 14]]), array([[ 9,  2,  0,  0],
       [ 4,  5,  0,  0],
       [ 0,  0,  7,  3],
       [ 0,  0,  3, 12]]), array([[10,  0,  0,  1],
       [ 4,  4,  0,  1],
       [ 0,  0, 10,  0],
       [ 0,  0,  2, 13]])]"
20,"[1.0, 1.0, 1.0, 1.0, 1.0, 1.0, 1.0, 1.0, 1.0, 1.0]","[1.0, 1.0, 1.0, 1.0, 1.0, 1.0, 1.0, 1.0, 1.0, 1.0]","[1.0, 1.0, 1.0, 1.0, 1.0, 1.0, 1.0, 1.0, 1.0, 1.0]","[1.0, 1.0, 1.0, 1.0, 1.0, 1.0, 1.0, 1.0, 1.0, 1.0]","[1.0, 1.0, 1.0, 1.0, 1.0, 1.0, 1.0, 1.0, 1.0, 1.0]","[1.0, 1.0, 1.0, 1.0, 1.0, 1.0, 1.0, 1.0, 1.0, 1.0]","[1.0, 1.0, 1.0, 1.0, 1.0, 1.0, 1.0, 1.0, 1.0, 1.0]","[1.0, 1.0, 1.0, 1.0, 1.0, 1.0, 1.0, 1.0, 1.0, 1.0]","[1.0, 1.0, 1.0, 1.0, 1.0, 1.0, 1.0, 1.0, 1.0, 1.0]","[1.0, 1.0, 1.0, 1.0, 1.0, 1.0, 1.0, 1.0, 1.0, 1.0]","[array([[100,   0,   0,   0],
       [  0,  85,   0,   0],
       [  0,   0,  89,   0],
       [  0,   0,   0, 134]]), array([[100,   0,   0,   0],
       [  0,  85,   0,   0],
       [  0,   0,  89,   0],
       [  0,   0,   0, 134]]), array([[101,   0,   0,   0],
       [  0,  84,   0,   0],
       [  0,   0,  89,   0],
       [  0,   0,   0, 134]]), array([[101,   0,   0,   0],
       [  0,  84,   0,   0],
       [  0,   0,  89,   0],
       [  0,   0,   0, 134]]), array([[101,   0,   0,   0],
       [  0,  84,   0,   0],
       [  0,   0,  89,   0],
       [  0,   0,   0, 135]]), array([[101,   0,   0,   0],
       [  0,  84,   0,   0],
       [  0,   0,  90,   0],
       [  0,   0,   0, 134]]), array([[101,   0,   0,   0],
       [  0,  85,   0,   0],
       [  0,   0,  89,   0],
       [  0,   0,   0, 134]]), array([[101,   0,   0,   0],
       [  0,  85,   0,   0],
       [  0,   0,  89,   0],
       [  0,   0,   0, 134]]), array([[101,   0,   0,   0],
       [  0,  85,   0,   0],
       [  0,   0,  89,   0],
       [  0,   0,   0, 134]]), array([[101,   0,   0,   0],
       [  0,  85,   0,   0],
       [  0,   0,  89,   0],
       [  0,   0,   0, 134]])]","[0.6956521739130435, 0.8260869565217391, 0.6956521739130435, 0.8043478260869565, 0.7333333333333333, 0.8444444444444444, 0.7555555555555555, 0.8666666666666667, 0.7555555555555555, 0.8222222222222222]","[0.6956521739130435, 0.8260869565217391, 0.6956521739130435, 0.8043478260869565, 0.7333333333333333, 0.8444444444444444, 0.7555555555555555, 0.8666666666666667, 0.7555555555555555, 0.8222222222222222]","[0.6956521739130435, 0.8260869565217391, 0.6956521739130435, 0.8043478260869565, 0.7333333333333333, 0.8444444444444444, 0.7555555555555555, 0.8666666666666667, 0.7555555555555555, 0.8222222222222222]","[0.6956521739130435, 0.8260869565217391, 0.6956521739130435, 0.8043478260869565, 0.7333333333333333, 0.8444444444444444, 0.7555555555555555, 0.8666666666666667, 0.7555555555555555, 0.8222222222222222]","[0.7508753501400561, 0.8596230158730158, 0.712719298245614, 0.8447712418300652, 0.7320054945054945, 0.8710609243697478, 0.7604946524064171, 0.8896430367018602, 0.7619047619047619, 0.8535714285714286]","[0.6749999999999999, 0.8041666666666667, 0.6734848484848485, 0.7856060606060606, 0.7259740259740259, 0.8277777777777777, 0.7323232323232324, 0.8500000000000001, 0.7411616161616161, 0.805050505050505]","[0.6634012539184952, 0.8181041181041181, 0.6792342509086015, 0.7882506747638326, 0.725595238095238, 0.8321323529411765, 0.7321105072463768, 0.8584429824561404, 0.7416666666666668, 0.7977855477855478]","[0.739526245280721, 0.8444616977225673, 0.7086193745232647, 0.838590508667235, 0.7358974358974358, 0.863795518207283, 0.7598514557338085, 0.8788782749567063, 0.7634920634920636, 0.8486772486772487]","[0.6956521739130435, 0.8260869565217391, 0.6956521739130435, 0.8043478260869565, 0.7333333333333333, 0.8444444444444444, 0.7555555555555555, 0.8666666666666667, 0.7555555555555555, 0.8222222222222222]","[0.676945618100041, 0.8230194925847099, 0.6888815570004742, 0.7972664730387843, 0.7314814814814816, 0.8381503267973857, 0.7457355647573038, 0.8628752436647172, 0.7511111111111112, 0.8095415695415694]","[array([[12,  0,  0,  0],
       [ 5,  3,  0,  1],
       [ 0,  0,  7,  3],
       [ 0,  0,  5, 10]]), array([[11,  0,  0,  1],
       [ 3,  6,  0,  0],
       [ 0,  0,  7,  3],
       [ 0,  0,  1, 14]]), array([[ 8,  3,  0,  0],
       [ 3,  6,  0,  1],
       [ 0,  0,  5,  5],
       [ 1,  0,  1, 13]]), array([[10,  0,  1,  0],
       [ 4,  5,  0,  1],
       [ 0,  0,  8,  2],
       [ 1,  0,  0, 14]]), array([[ 9,  2,  0,  0],
       [ 4,  6,  0,  0],
       [ 0,  0,  7,  3],
       [ 0,  0,  3, 11]]), array([[11,  0,  0,  0],
       [ 3,  6,  0,  1],
       [ 0,  0,  7,  2],
       [ 0,  0,  1, 14]]), array([[ 9,  1,  1,  0],
       [ 3,  4,  0,  2],
       [ 0,  0,  8,  2],
       [ 0,  0,  2, 13]]), array([[11,  0,  0,  0],
       [ 2,  6,  0,  1],
       [ 0,  0,  8,  2],
       [ 0,  0,  1, 14]]), array([[10,  1,  0,  0],
       [ 4,  5,  0,  0],
       [ 0,  0,  7,  3],
       [ 0,  0,  3, 12]]), array([[10,  0,  0,  1],
       [ 4,  4,  0,  1],
       [ 0,  0, 10,  0],
       [ 0,  0,  2, 13]])]"
21,"[1.0, 1.0, 1.0, 1.0, 1.0, 1.0, 1.0, 1.0, 1.0, 1.0]","[1.0, 1.0, 1.0, 1.0, 1.0, 1.0, 1.0, 1.0, 1.0, 1.0]","[1.0, 1.0, 1.0, 1.0, 1.0, 1.0, 1.0, 1.0, 1.0, 1.0]","[1.0, 1.0, 1.0, 1.0, 1.0, 1.0, 1.0, 1.0, 1.0, 1.0]","[1.0, 1.0, 1.0, 1.0, 1.0, 1.0, 1.0, 1.0, 1.0, 1.0]","[1.0, 1.0, 1.0, 1.0, 1.0, 1.0, 1.0, 1.0, 1.0, 1.0]","[1.0, 1.0, 1.0, 1.0, 1.0, 1.0, 1.0, 1.0, 1.0, 1.0]","[1.0, 1.0, 1.0, 1.0, 1.0, 1.0, 1.0, 1.0, 1.0, 1.0]","[1.0, 1.0, 1.0, 1.0, 1.0, 1.0, 1.0, 1.0, 1.0, 1.0]","[1.0, 1.0, 1.0, 1.0, 1.0, 1.0, 1.0, 1.0, 1.0, 1.0]","[array([[100,   0,   0,   0],
       [  0,  85,   0,   0],
       [  0,   0,  89,   0],
       [  0,   0,   0, 134]]), array([[100,   0,   0,   0],
       [  0,  85,   0,   0],
       [  0,   0,  89,   0],
       [  0,   0,   0, 134]]), array([[101,   0,   0,   0],
       [  0,  84,   0,   0],
       [  0,   0,  89,   0],
       [  0,   0,   0, 134]]), array([[101,   0,   0,   0],
       [  0,  84,   0,   0],
       [  0,   0,  89,   0],
       [  0,   0,   0, 134]]), array([[101,   0,   0,   0],
       [  0,  84,   0,   0],
       [  0,   0,  89,   0],
       [  0,   0,   0, 135]]), array([[101,   0,   0,   0],
       [  0,  84,   0,   0],
       [  0,   0,  90,   0],
       [  0,   0,   0, 134]]), array([[101,   0,   0,   0],
       [  0,  85,   0,   0],
       [  0,   0,  89,   0],
       [  0,   0,   0, 134]]), array([[101,   0,   0,   0],
       [  0,  85,   0,   0],
       [  0,   0,  89,   0],
       [  0,   0,   0, 134]]), array([[101,   0,   0,   0],
       [  0,  85,   0,   0],
       [  0,   0,  89,   0],
       [  0,   0,   0, 134]]), array([[101,   0,   0,   0],
       [  0,  85,   0,   0],
       [  0,   0,  89,   0],
       [  0,   0,   0, 134]])]","[0.6956521739130435, 0.8260869565217391, 0.6739130434782609, 0.782608695652174, 0.7111111111111111, 0.8666666666666667, 0.7111111111111111, 0.8444444444444444, 0.7555555555555555, 0.8222222222222222]","[0.6956521739130435, 0.8260869565217391, 0.6739130434782609, 0.782608695652174, 0.7111111111111111, 0.8666666666666667, 0.7111111111111111, 0.8444444444444444, 0.7555555555555555, 0.8222222222222222]","[0.6956521739130435, 0.8260869565217391, 0.6739130434782609, 0.782608695652174, 0.7111111111111111, 0.8666666666666667, 0.7111111111111111, 0.8444444444444444, 0.7555555555555555, 0.8222222222222222]","[0.6956521739130435, 0.8260869565217391, 0.6739130434782609, 0.782608695652174, 0.7111111111111111, 0.8666666666666667, 0.7111111111111111, 0.8444444444444444, 0.7555555555555555, 0.8222222222222222]","[0.7508753501400561, 0.8596230158730158, 0.6894821187584346, 0.7971521942110178, 0.7107142857142856, 0.8874007936507936, 0.6953216374269006, 0.8646634615384616, 0.7619047619047619, 0.8535714285714286]","[0.6749999999999999, 0.8041666666666667, 0.6484848484848484, 0.7628787878787879, 0.700974025974026, 0.8555555555555556, 0.6734848484848485, 0.8333333333333334, 0.7411616161616161, 0.805050505050505]","[0.6634012539184952, 0.8181041181041181, 0.6529820261437909, 0.7655263157894737, 0.6984873949579831, 0.8555286738351254, 0.671148779878084, 0.8388440860215055, 0.7416666666666668, 0.7977855477855478]","[0.739526245280721, 0.8444616977225673, 0.687298304289151, 0.7966650428287256, 0.7158730158730159, 0.8837301587301586, 0.7014165042235216, 0.8554487179487179, 0.7634920634920636, 0.8486772486772487]","[0.6956521739130435, 0.8260869565217391, 0.6739130434782609, 0.782608695652174, 0.7111111111111111, 0.8666666666666667, 0.7111111111111111, 0.8444444444444444, 0.7555555555555555, 0.8222222222222222]","[0.676945618100041, 0.8230194925847099, 0.6654234157431089, 0.7764359267734554, 0.706718954248366, 0.8606308243727598, 0.6940150888730778, 0.8414217443249701, 0.7511111111111112, 0.8095415695415694]","[array([[12,  0,  0,  0],
       [ 5,  3,  0,  1],
       [ 0,  0,  7,  3],
       [ 0,  0,  5, 10]]), array([[11,  0,  0,  1],
       [ 3,  6,  0,  0],
       [ 0,  0,  7,  3],
       [ 0,  0,  1, 14]]), array([[ 8,  3,  0,  0],
       [ 4,  5,  0,  1],
       [ 0,  0,  5,  5],
       [ 1,  0,  1, 13]]), array([[ 9,  1,  1,  0],
       [ 4,  5,  0,  1],
       [ 0,  0,  8,  2],
       [ 1,  0,  0, 14]]), array([[ 9,  2,  0,  0],
       [ 5,  5,  0,  0],
       [ 0,  0,  7,  3],
       [ 0,  0,  3, 11]]), array([[11,  0,  0,  0],
       [ 3,  6,  0,  1],
       [ 0,  0,  8,  1],
       [ 0,  0,  1, 14]]), array([[ 8,  2,  1,  0],
       [ 4,  3,  0,  2],
       [ 0,  0,  7,  3],
       [ 0,  0,  1, 14]]), array([[11,  0,  0,  0],
       [ 2,  6,  0,  1],
       [ 0,  0,  8,  2],
       [ 0,  0,  2, 13]]), array([[10,  1,  0,  0],
       [ 4,  5,  0,  0],
       [ 0,  0,  7,  3],
       [ 0,  0,  3, 12]]), array([[10,  0,  0,  1],
       [ 4,  4,  0,  1],
       [ 0,  0, 10,  0],
       [ 0,  0,  2, 13]])]"
22,"[1.0, 1.0, 1.0, 1.0, 1.0, 1.0, 1.0, 1.0, 1.0, 1.0]","[1.0, 1.0, 1.0, 1.0, 1.0, 1.0, 1.0, 1.0, 1.0, 1.0]","[1.0, 1.0, 1.0, 1.0, 1.0, 1.0, 1.0, 1.0, 1.0, 1.0]","[1.0, 1.0, 1.0, 1.0, 1.0, 1.0, 1.0, 1.0, 1.0, 1.0]","[1.0, 1.0, 1.0, 1.0, 1.0, 1.0, 1.0, 1.0, 1.0, 1.0]","[1.0, 1.0, 1.0, 1.0, 1.0, 1.0, 1.0, 1.0, 1.0, 1.0]","[1.0, 1.0, 1.0, 1.0, 1.0, 1.0, 1.0, 1.0, 1.0, 1.0]","[1.0, 1.0, 1.0, 1.0, 1.0, 1.0, 1.0, 1.0, 1.0, 1.0]","[1.0, 1.0, 1.0, 1.0, 1.0, 1.0, 1.0, 1.0, 1.0, 1.0]","[1.0, 1.0, 1.0, 1.0, 1.0, 1.0, 1.0, 1.0, 1.0, 1.0]","[array([[100,   0,   0,   0],
       [  0,  85,   0,   0],
       [  0,   0,  89,   0],
       [  0,   0,   0, 134]]), array([[100,   0,   0,   0],
       [  0,  85,   0,   0],
       [  0,   0,  89,   0],
       [  0,   0,   0, 134]]), array([[101,   0,   0,   0],
       [  0,  84,   0,   0],
       [  0,   0,  89,   0],
       [  0,   0,   0, 134]]), array([[101,   0,   0,   0],
       [  0,  84,   0,   0],
       [  0,   0,  89,   0],
       [  0,   0,   0, 134]]), array([[101,   0,   0,   0],
       [  0,  84,   0,   0],
       [  0,   0,  89,   0],
       [  0,   0,   0, 135]]), array([[101,   0,   0,   0],
       [  0,  84,   0,   0],
       [  0,   0,  90,   0],
       [  0,   0,   0, 134]]), array([[101,   0,   0,   0],
       [  0,  85,   0,   0],
       [  0,   0,  89,   0],
       [  0,   0,   0, 134]]), array([[101,   0,   0,   0],
       [  0,  85,   0,   0],
       [  0,   0,  89,   0],
       [  0,   0,   0, 134]]), array([[101,   0,   0,   0],
       [  0,  85,   0,   0],
       [  0,   0,  89,   0],
       [  0,   0,   0, 134]]), array([[101,   0,   0,   0],
       [  0,  85,   0,   0],
       [  0,   0,  89,   0],
       [  0,   0,   0, 134]])]","[0.6956521739130435, 0.8260869565217391, 0.6739130434782609, 0.8043478260869565, 0.7111111111111111, 0.8666666666666667, 0.7555555555555555, 0.8444444444444444, 0.7555555555555555, 0.8]","[0.6956521739130435, 0.8260869565217391, 0.6739130434782609, 0.8043478260869565, 0.7111111111111111, 0.8666666666666667, 0.7555555555555555, 0.8444444444444444, 0.7555555555555555, 0.8]","[0.6956521739130435, 0.8260869565217391, 0.6739130434782609, 0.8043478260869565, 0.7111111111111111, 0.8666666666666667, 0.7555555555555555, 0.8444444444444444, 0.7555555555555555, 0.8]","[0.6956521739130435, 0.8260869565217391, 0.6739130434782609, 0.8043478260869565, 0.7111111111111111, 0.8666666666666667, 0.7555555555555555, 0.8444444444444444, 0.7555555555555555, 0.8000000000000002]","[0.7508753501400561, 0.8596230158730158, 0.6894821187584346, 0.8447712418300652, 0.7107142857142856, 0.8874007936507936, 0.742929292929293, 0.8507236227824462, 0.7619047619047619, 0.8362418831168832]","[0.6749999999999999, 0.8041666666666667, 0.6484848484848484, 0.7856060606060606, 0.700974025974026, 0.8555555555555556, 0.7262626262626263, 0.8272727272727274, 0.7411616161616161, 0.780050505050505]","[0.6634012539184952, 0.8181041181041181, 0.6529820261437909, 0.7882506747638326, 0.6984873949579831, 0.8555286738351254, 0.7272727272727274, 0.8341676201372997, 0.7416666666666668, 0.7778092874867069]","[0.739526245280721, 0.8444616977225673, 0.687298304289151, 0.838590508667235, 0.7158730158730159, 0.8837301587301586, 0.7481481481481481, 0.8471729432513746, 0.7634920634920636, 0.8272546897546899]","[0.6956521739130435, 0.8260869565217391, 0.6739130434782609, 0.8043478260869565, 0.7111111111111111, 0.8666666666666667, 0.7555555555555555, 0.8444444444444444, 0.7555555555555555, 0.8]","[0.676945618100041, 0.8230194925847099, 0.6654234157431089, 0.7972664730387843, 0.706718954248366, 0.8606308243727598, 0.7450505050505052, 0.8413615560640733, 0.7511111111111112, 0.7886785615817874]","[array([[12,  0,  0,  0],
       [ 5,  3,  0,  1],
       [ 0,  0,  7,  3],
       [ 0,  0,  5, 10]]), array([[11,  0,  0,  1],
       [ 3,  6,  0,  0],
       [ 0,  0,  7,  3],
       [ 0,  0,  1, 14]]), array([[ 8,  3,  0,  0],
       [ 4,  5,  0,  1],
       [ 0,  0,  5,  5],
       [ 1,  0,  1, 13]]), array([[10,  0,  1,  0],
       [ 4,  5,  0,  1],
       [ 0,  0,  8,  2],
       [ 1,  0,  0, 14]]), array([[ 9,  2,  0,  0],
       [ 5,  5,  0,  0],
       [ 0,  0,  7,  3],
       [ 0,  0,  3, 11]]), array([[11,  0,  0,  0],
       [ 3,  6,  0,  1],
       [ 0,  0,  8,  1],
       [ 0,  0,  1, 14]]), array([[ 8,  2,  1,  0],
       [ 3,  4,  0,  2],
       [ 0,  0,  8,  2],
       [ 0,  0,  1, 14]]), array([[10,  1,  0,  0],
       [ 2,  6,  0,  1],
       [ 0,  0,  8,  2],
       [ 0,  0,  1, 14]]), array([[10,  1,  0,  0],
       [ 4,  5,  0,  0],
       [ 0,  0,  7,  3],
       [ 0,  0,  3, 12]]), array([[10,  0,  0,  1],
       [ 4,  4,  0,  1],
       [ 0,  0,  9,  1],
       [ 0,  0,  2, 13]])]"
23,"[1.0, 1.0, 1.0, 1.0, 1.0, 1.0, 1.0, 1.0, 1.0, 1.0]","[1.0, 1.0, 1.0, 1.0, 1.0, 1.0, 1.0, 1.0, 1.0, 1.0]","[1.0, 1.0, 1.0, 1.0, 1.0, 1.0, 1.0, 1.0, 1.0, 1.0]","[1.0, 1.0, 1.0, 1.0, 1.0, 1.0, 1.0, 1.0, 1.0, 1.0]","[1.0, 1.0, 1.0, 1.0, 1.0, 1.0, 1.0, 1.0, 1.0, 1.0]","[1.0, 1.0, 1.0, 1.0, 1.0, 1.0, 1.0, 1.0, 1.0, 1.0]","[1.0, 1.0, 1.0, 1.0, 1.0, 1.0, 1.0, 1.0, 1.0, 1.0]","[1.0, 1.0, 1.0, 1.0, 1.0, 1.0, 1.0, 1.0, 1.0, 1.0]","[1.0, 1.0, 1.0, 1.0, 1.0, 1.0, 1.0, 1.0, 1.0, 1.0]","[1.0, 1.0, 1.0, 1.0, 1.0, 1.0, 1.0, 1.0, 1.0, 1.0]","[array([[100,   0,   0,   0],
       [  0,  85,   0,   0],
       [  0,   0,  89,   0],
       [  0,   0,   0, 134]]), array([[100,   0,   0,   0],
       [  0,  85,   0,   0],
       [  0,   0,  89,   0],
       [  0,   0,   0, 134]]), array([[101,   0,   0,   0],
       [  0,  84,   0,   0],
       [  0,   0,  89,   0],
       [  0,   0,   0, 134]]), array([[101,   0,   0,   0],
       [  0,  84,   0,   0],
       [  0,   0,  89,   0],
       [  0,   0,   0, 134]]), array([[101,   0,   0,   0],
       [  0,  84,   0,   0],
       [  0,   0,  89,   0],
       [  0,   0,   0, 135]]), array([[101,   0,   0,   0],
       [  0,  84,   0,   0],
       [  0,   0,  90,   0],
       [  0,   0,   0, 134]]), array([[101,   0,   0,   0],
       [  0,  85,   0,   0],
       [  0,   0,  89,   0],
       [  0,   0,   0, 134]]), array([[101,   0,   0,   0],
       [  0,  85,   0,   0],
       [  0,   0,  89,   0],
       [  0,   0,   0, 134]]), array([[101,   0,   0,   0],
       [  0,  85,   0,   0],
       [  0,   0,  89,   0],
       [  0,   0,   0, 134]]), array([[101,   0,   0,   0],
       [  0,  85,   0,   0],
       [  0,   0,  89,   0],
       [  0,   0,   0, 134]])]","[0.6956521739130435, 0.8260869565217391, 0.6956521739130435, 0.8260869565217391, 0.7111111111111111, 0.8666666666666667, 0.7111111111111111, 0.8666666666666667, 0.7777777777777778, 0.8444444444444444]","[0.6956521739130435, 0.8260869565217391, 0.6956521739130435, 0.8260869565217391, 0.7111111111111111, 0.8666666666666667, 0.7111111111111111, 0.8666666666666667, 0.7777777777777778, 0.8444444444444444]","[0.6956521739130435, 0.8260869565217391, 0.6956521739130435, 0.8260869565217391, 0.7111111111111111, 0.8666666666666667, 0.7111111111111111, 0.8666666666666667, 0.7777777777777778, 0.8444444444444444]","[0.6956521739130435, 0.8260869565217391, 0.6956521739130435, 0.8260869565217391, 0.7111111111111111, 0.8666666666666667, 0.7111111111111111, 0.8666666666666667, 0.7777777777777778, 0.8444444444444444]","[0.7508753501400561, 0.8596230158730158, 0.718671679197995, 0.8604166666666666, 0.7107142857142856, 0.8874007936507936, 0.7060359231411864, 0.8896430367018602, 0.7844742063492064, 0.8673076923076923]","[0.6749999999999999, 0.8041666666666667, 0.6712121212121213, 0.8106060606060606, 0.700974025974026, 0.8555555555555556, 0.6684343434343434, 0.8500000000000001, 0.7578282828282829, 0.8328282828282828]","[0.6634012539184952, 0.8181041181041181, 0.6744852941176471, 0.8097808105872621, 0.6984873949579831, 0.8555286738351254, 0.6534262125902992, 0.8584429824561404, 0.7605546123372948, 0.8308441558441558]","[0.739526245280721, 0.8444616977225673, 0.7132777596164325, 0.8577898550724636, 0.7158730158730159, 0.8837301587301586, 0.7089297317367493, 0.8788782749567063, 0.784942680776014, 0.8621082621082621]","[0.6956521739130435, 0.8260869565217391, 0.6956521739130435, 0.8260869565217391, 0.7111111111111111, 0.8666666666666667, 0.7111111111111111, 0.8666666666666667, 0.7777777777777778, 0.8444444444444444]","[0.676945618100041, 0.8230194925847099, 0.6852813299232736, 0.8190563527169417, 0.706718954248366, 0.8606308243727598, 0.6809191606467148, 0.8628752436647172, 0.7722014714204868, 0.8374699374699374]","[array([[12,  0,  0,  0],
       [ 5,  3,  0,  1],
       [ 0,  0,  7,  3],
       [ 0,  0,  5, 10]]), array([[11,  0,  0,  1],
       [ 3,  6,  0,  0],
       [ 0,  0,  7,  3],
       [ 0,  0,  1, 14]]), array([[ 9,  2,  0,  0],
       [ 4,  5,  0,  1],
       [ 0,  0,  5,  5],
       [ 1,  0,  1, 13]]), array([[10,  0,  1,  0],
       [ 4,  5,  0,  1],
       [ 0,  0,  9,  1],
       [ 1,  0,  0, 14]]), array([[ 9,  2,  0,  0],
       [ 5,  5,  0,  0],
       [ 0,  0,  7,  3],
       [ 0,  0,  3, 11]]), array([[11,  0,  0,  0],
       [ 3,  6,  0,  1],
       [ 0,  0,  8,  1],
       [ 0,  0,  1, 14]]), array([[ 9,  1,  1,  0],
       [ 5,  2,  0,  2],
       [ 0,  0,  7,  3],
       [ 0,  0,  1, 14]]), array([[11,  0,  0,  0],
       [ 2,  6,  0,  1],
       [ 0,  0,  8,  2],
       [ 0,  0,  1, 14]]), array([[10,  1,  0,  0],
       [ 4,  5,  0,  0],
       [ 0,  0,  7,  3],
       [ 0,  0,  2, 13]]), array([[10,  0,  0,  1],
       [ 3,  5,  0,  1],
       [ 0,  0, 10,  0],
       [ 0,  0,  2, 13]])]"
24,"[1.0, 1.0, 1.0, 1.0, 1.0, 1.0, 1.0, 1.0, 1.0, 1.0]","[1.0, 1.0, 1.0, 1.0, 1.0, 1.0, 1.0, 1.0, 1.0, 1.0]","[1.0, 1.0, 1.0, 1.0, 1.0, 1.0, 1.0, 1.0, 1.0, 1.0]","[1.0, 1.0, 1.0, 1.0, 1.0, 1.0, 1.0, 1.0, 1.0, 1.0]","[1.0, 1.0, 1.0, 1.0, 1.0, 1.0, 1.0, 1.0, 1.0, 1.0]","[1.0, 1.0, 1.0, 1.0, 1.0, 1.0, 1.0, 1.0, 1.0, 1.0]","[1.0, 1.0, 1.0, 1.0, 1.0, 1.0, 1.0, 1.0, 1.0, 1.0]","[1.0, 1.0, 1.0, 1.0, 1.0, 1.0, 1.0, 1.0, 1.0, 1.0]","[1.0, 1.0, 1.0, 1.0, 1.0, 1.0, 1.0, 1.0, 1.0, 1.0]","[1.0, 1.0, 1.0, 1.0, 1.0, 1.0, 1.0, 1.0, 1.0, 1.0]","[array([[100,   0,   0,   0],
       [  0,  85,   0,   0],
       [  0,   0,  89,   0],
       [  0,   0,   0, 134]]), array([[100,   0,   0,   0],
       [  0,  85,   0,   0],
       [  0,   0,  89,   0],
       [  0,   0,   0, 134]]), array([[101,   0,   0,   0],
       [  0,  84,   0,   0],
       [  0,   0,  89,   0],
       [  0,   0,   0, 134]]), array([[101,   0,   0,   0],
       [  0,  84,   0,   0],
       [  0,   0,  89,   0],
       [  0,   0,   0, 134]]), array([[101,   0,   0,   0],
       [  0,  84,   0,   0],
       [  0,   0,  89,   0],
       [  0,   0,   0, 135]]), array([[101,   0,   0,   0],
       [  0,  84,   0,   0],
       [  0,   0,  90,   0],
       [  0,   0,   0, 134]]), array([[101,   0,   0,   0],
       [  0,  85,   0,   0],
       [  0,   0,  89,   0],
       [  0,   0,   0, 134]]), array([[101,   0,   0,   0],
       [  0,  85,   0,   0],
       [  0,   0,  89,   0],
       [  0,   0,   0, 134]]), array([[101,   0,   0,   0],
       [  0,  85,   0,   0],
       [  0,   0,  89,   0],
       [  0,   0,   0, 134]]), array([[101,   0,   0,   0],
       [  0,  85,   0,   0],
       [  0,   0,  89,   0],
       [  0,   0,   0, 134]])]","[0.6956521739130435, 0.8260869565217391, 0.6956521739130435, 0.8043478260869565, 0.7333333333333333, 0.8666666666666667, 0.7333333333333333, 0.8444444444444444, 0.7555555555555555, 0.8]","[0.6956521739130435, 0.8260869565217391, 0.6956521739130435, 0.8043478260869565, 0.7333333333333333, 0.8666666666666667, 0.7333333333333333, 0.8444444444444444, 0.7555555555555555, 0.8]","[0.6956521739130435, 0.8260869565217391, 0.6956521739130435, 0.8043478260869565, 0.7333333333333333, 0.8666666666666667, 0.7333333333333333, 0.8444444444444444, 0.7555555555555555, 0.8]","[0.6956521739130435, 0.8260869565217391, 0.6956521739130435, 0.8043478260869565, 0.7333333333333333, 0.8666666666666667, 0.7333333333333333, 0.8444444444444444, 0.7555555555555555, 0.8000000000000002]","[0.7508753501400561, 0.8596230158730158, 0.718671679197995, 0.8447712418300652, 0.7320054945054945, 0.8874007936507936, 0.7335715754833402, 0.874732905982906, 0.7619047619047619, 0.8332219251336899]","[0.6749999999999999, 0.8041666666666667, 0.6712121212121213, 0.7856060606060606, 0.7259740259740259, 0.8555555555555556, 0.7045454545454546, 0.825, 0.7411616161616161, 0.7851010101010101]","[0.6634012539184952, 0.8181041181041181, 0.6744852941176471, 0.7882506747638326, 0.725595238095238, 0.8555286738351254, 0.6964858058608059, 0.8357323232323233, 0.7416666666666668, 0.7916343167701864]","[0.739526245280721, 0.8444616977225673, 0.7132777596164325, 0.838590508667235, 0.7358974358974358, 0.8837301587301586, 0.7357488916312445, 0.8605413105413104, 0.7634920634920636, 0.8200534759358288]","[0.6956521739130435, 0.8260869565217391, 0.6956521739130435, 0.8043478260869565, 0.7333333333333333, 0.8666666666666667, 0.7333333333333333, 0.8444444444444444, 0.7555555555555555, 0.8]","[0.676945618100041, 0.8230194925847099, 0.6852813299232736, 0.7972664730387843, 0.7314814814814816, 0.8606308243727598, 0.7157865282865284, 0.8397418630751964, 0.7511111111111112, 0.7954710144927536]","[array([[12,  0,  0,  0],
       [ 5,  3,  0,  1],
       [ 0,  0,  7,  3],
       [ 0,  0,  5, 10]]), array([[11,  0,  0,  1],
       [ 3,  6,  0,  0],
       [ 0,  0,  7,  3],
       [ 0,  0,  1, 14]]), array([[ 9,  2,  0,  0],
       [ 4,  5,  0,  1],
       [ 0,  0,  5,  5],
       [ 1,  0,  1, 13]]), array([[10,  0,  1,  0],
       [ 4,  5,  0,  1],
       [ 0,  0,  8,  2],
       [ 1,  0,  0, 14]]), array([[ 9,  2,  0,  0],
       [ 4,  6,  0,  0],
       [ 0,  0,  7,  3],
       [ 0,  0,  3, 11]]), array([[11,  0,  0,  0],
       [ 3,  6,  0,  1],
       [ 0,  0,  8,  1],
       [ 0,  0,  1, 14]]), array([[ 9,  1,  1,  0],
       [ 4,  3,  0,  2],
       [ 0,  0,  8,  2],
       [ 0,  0,  2, 13]]), array([[11,  0,  0,  0],
       [ 2,  6,  0,  1],
       [ 0,  0,  7,  3],
       [ 0,  0,  1, 14]]), array([[10,  1,  0,  0],
       [ 4,  5,  0,  0],
       [ 0,  0,  7,  3],
       [ 0,  0,  3, 12]]), array([[ 9,  0,  0,  2],
       [ 3,  5,  0,  1],
       [ 0,  0,  9,  1],
       [ 0,  0,  2, 13]])]"
25,"[1.0, 1.0, 1.0, 1.0, 1.0, 1.0, 1.0, 1.0, 1.0, 1.0]","[1.0, 1.0, 1.0, 1.0, 1.0, 1.0, 1.0, 1.0, 1.0, 1.0]","[1.0, 1.0, 1.0, 1.0, 1.0, 1.0, 1.0, 1.0, 1.0, 1.0]","[1.0, 1.0, 1.0, 1.0, 1.0, 1.0, 1.0, 1.0, 1.0, 1.0]","[1.0, 1.0, 1.0, 1.0, 1.0, 1.0, 1.0, 1.0, 1.0, 1.0]","[1.0, 1.0, 1.0, 1.0, 1.0, 1.0, 1.0, 1.0, 1.0, 1.0]","[1.0, 1.0, 1.0, 1.0, 1.0, 1.0, 1.0, 1.0, 1.0, 1.0]","[1.0, 1.0, 1.0, 1.0, 1.0, 1.0, 1.0, 1.0, 1.0, 1.0]","[1.0, 1.0, 1.0, 1.0, 1.0, 1.0, 1.0, 1.0, 1.0, 1.0]","[1.0, 1.0, 1.0, 1.0, 1.0, 1.0, 1.0, 1.0, 1.0, 1.0]","[array([[100,   0,   0,   0],
       [  0,  85,   0,   0],
       [  0,   0,  89,   0],
       [  0,   0,   0, 134]]), array([[100,   0,   0,   0],
       [  0,  85,   0,   0],
       [  0,   0,  89,   0],
       [  0,   0,   0, 134]]), array([[101,   0,   0,   0],
       [  0,  84,   0,   0],
       [  0,   0,  89,   0],
       [  0,   0,   0, 134]]), array([[101,   0,   0,   0],
       [  0,  84,   0,   0],
       [  0,   0,  89,   0],
       [  0,   0,   0, 134]]), array([[101,   0,   0,   0],
       [  0,  84,   0,   0],
       [  0,   0,  89,   0],
       [  0,   0,   0, 135]]), array([[101,   0,   0,   0],
       [  0,  84,   0,   0],
       [  0,   0,  90,   0],
       [  0,   0,   0, 134]]), array([[101,   0,   0,   0],
       [  0,  85,   0,   0],
       [  0,   0,  89,   0],
       [  0,   0,   0, 134]]), array([[101,   0,   0,   0],
       [  0,  85,   0,   0],
       [  0,   0,  89,   0],
       [  0,   0,   0, 134]]), array([[101,   0,   0,   0],
       [  0,  85,   0,   0],
       [  0,   0,  89,   0],
       [  0,   0,   0, 134]]), array([[101,   0,   0,   0],
       [  0,  85,   0,   0],
       [  0,   0,  89,   0],
       [  0,   0,   0, 134]])]","[0.6956521739130435, 0.8260869565217391, 0.6956521739130435, 0.782608695652174, 0.7111111111111111, 0.8666666666666667, 0.7333333333333333, 0.8666666666666667, 0.7555555555555555, 0.8222222222222222]","[0.6956521739130435, 0.8260869565217391, 0.6956521739130435, 0.782608695652174, 0.7111111111111111, 0.8666666666666667, 0.7333333333333333, 0.8666666666666667, 0.7555555555555555, 0.8222222222222222]","[0.6956521739130435, 0.8260869565217391, 0.6956521739130435, 0.782608695652174, 0.7111111111111111, 0.8666666666666667, 0.7333333333333333, 0.8666666666666667, 0.7555555555555555, 0.8222222222222222]","[0.6956521739130435, 0.8260869565217391, 0.6956521739130435, 0.782608695652174, 0.7111111111111111, 0.8666666666666667, 0.7333333333333333, 0.8666666666666667, 0.7555555555555555, 0.8222222222222222]","[0.7508753501400561, 0.8596230158730158, 0.718671679197995, 0.829861111111111, 0.71002331002331, 0.8888888888888888, 0.7335715754833402, 0.8896430367018602, 0.7619047619047619, 0.8489583333333334]","[0.6749999999999999, 0.8041666666666667, 0.6712121212121213, 0.7606060606060607, 0.700974025974026, 0.8555555555555556, 0.7045454545454546, 0.8500000000000001, 0.7411616161616161, 0.8101010101010101]","[0.6634012539184952, 0.8181041181041181, 0.6744852941176471, 0.7655400155400155, 0.6922568172568173, 0.8545940170940169, 0.6964858058608059, 0.8584429824561404, 0.7416666666666668, 0.8111737491120381]","[0.739526245280721, 0.8444616977225673, 0.7132777596164325, 0.8206521739130435, 0.7196788396788397, 0.8903703703703703, 0.7357488916312445, 0.8788782749567063, 0.7634920634920636, 0.8393518518518519]","[0.6956521739130435, 0.8260869565217391, 0.6956521739130435, 0.782608695652174, 0.7111111111111111, 0.8666666666666667, 0.7333333333333333, 0.8666666666666667, 0.7555555555555555, 0.8222222222222222]","[0.676945618100041, 0.8230194925847099, 0.6852813299232736, 0.7746359920272963, 0.7031519920408809, 0.8623931623931623, 0.7157865282865284, 0.8628752436647172, 0.7511111111111112, 0.81575158517655]","[array([[12,  0,  0,  0],
       [ 5,  3,  0,  1],
       [ 0,  0,  7,  3],
       [ 0,  0,  5, 10]]), array([[11,  0,  0,  1],
       [ 3,  6,  0,  0],
       [ 0,  0,  7,  3],
       [ 0,  0,  1, 14]]), array([[ 9,  2,  0,  0],
       [ 4,  5,  0,  1],
       [ 0,  0,  5,  5],
       [ 1,  0,  1, 13]]), array([[10,  0,  1,  0],
       [ 4,  5,  0,  1],
       [ 0,  0,  7,  3],
       [ 1,  0,  0, 14]]), array([[ 9,  2,  0,  0],
       [ 6,  4,  0,  0],
       [ 0,  0,  8,  2],
       [ 0,  0,  3, 11]]), array([[11,  0,  0,  0],
       [ 4,  6,  0,  0],
       [ 0,  0,  8,  1],
       [ 0,  0,  1, 14]]), array([[ 9,  1,  1,  0],
       [ 4,  3,  0,  2],
       [ 0,  0,  8,  2],
       [ 0,  0,  2, 13]]), array([[11,  0,  0,  0],
       [ 2,  6,  0,  1],
       [ 0,  0,  8,  2],
       [ 0,  0,  1, 14]]), array([[10,  1,  0,  0],
       [ 4,  5,  0,  0],
       [ 0,  0,  7,  3],
       [ 0,  0,  3, 12]]), array([[ 9,  0,  0,  2],
       [ 3,  5,  0,  1],
       [ 0,  0, 10,  0],
       [ 0,  0,  2, 13]])]"
26,"[1.0, 1.0, 1.0, 1.0, 1.0, 1.0, 1.0, 1.0, 1.0, 1.0]","[1.0, 1.0, 1.0, 1.0, 1.0, 1.0, 1.0, 1.0, 1.0, 1.0]","[1.0, 1.0, 1.0, 1.0, 1.0, 1.0, 1.0, 1.0, 1.0, 1.0]","[1.0, 1.0, 1.0, 1.0, 1.0, 1.0, 1.0, 1.0, 1.0, 1.0]","[1.0, 1.0, 1.0, 1.0, 1.0, 1.0, 1.0, 1.0, 1.0, 1.0]","[1.0, 1.0, 1.0, 1.0, 1.0, 1.0, 1.0, 1.0, 1.0, 1.0]","[1.0, 1.0, 1.0, 1.0, 1.0, 1.0, 1.0, 1.0, 1.0, 1.0]","[1.0, 1.0, 1.0, 1.0, 1.0, 1.0, 1.0, 1.0, 1.0, 1.0]","[1.0, 1.0, 1.0, 1.0, 1.0, 1.0, 1.0, 1.0, 1.0, 1.0]","[1.0, 1.0, 1.0, 1.0, 1.0, 1.0, 1.0, 1.0, 1.0, 1.0]","[array([[100,   0,   0,   0],
       [  0,  85,   0,   0],
       [  0,   0,  89,   0],
       [  0,   0,   0, 134]]), array([[100,   0,   0,   0],
       [  0,  85,   0,   0],
       [  0,   0,  89,   0],
       [  0,   0,   0, 134]]), array([[101,   0,   0,   0],
       [  0,  84,   0,   0],
       [  0,   0,  89,   0],
       [  0,   0,   0, 134]]), array([[101,   0,   0,   0],
       [  0,  84,   0,   0],
       [  0,   0,  89,   0],
       [  0,   0,   0, 134]]), array([[101,   0,   0,   0],
       [  0,  84,   0,   0],
       [  0,   0,  89,   0],
       [  0,   0,   0, 135]]), array([[101,   0,   0,   0],
       [  0,  84,   0,   0],
       [  0,   0,  90,   0],
       [  0,   0,   0, 134]]), array([[101,   0,   0,   0],
       [  0,  85,   0,   0],
       [  0,   0,  89,   0],
       [  0,   0,   0, 134]]), array([[101,   0,   0,   0],
       [  0,  85,   0,   0],
       [  0,   0,  89,   0],
       [  0,   0,   0, 134]]), array([[101,   0,   0,   0],
       [  0,  85,   0,   0],
       [  0,   0,  89,   0],
       [  0,   0,   0, 134]]), array([[101,   0,   0,   0],
       [  0,  85,   0,   0],
       [  0,   0,  89,   0],
       [  0,   0,   0, 134]])]","[0.6956521739130435, 0.8260869565217391, 0.6521739130434783, 0.782608695652174, 0.6444444444444445, 0.8444444444444444, 0.7111111111111111, 0.8666666666666667, 0.7333333333333333, 0.8]","[0.6956521739130435, 0.8260869565217391, 0.6521739130434783, 0.782608695652174, 0.6444444444444445, 0.8444444444444444, 0.7111111111111111, 0.8666666666666667, 0.7333333333333333, 0.8]","[0.6956521739130435, 0.8260869565217391, 0.6521739130434783, 0.782608695652174, 0.6444444444444445, 0.8444444444444444, 0.7111111111111111, 0.8666666666666667, 0.7333333333333333, 0.8]","[0.6956521739130435, 0.8260869565217391, 0.6521739130434783, 0.782608695652174, 0.6444444444444445, 0.8444444444444444, 0.7111111111111111, 0.8666666666666667, 0.7333333333333333, 0.8000000000000002]","[0.7508753501400561, 0.8596230158730158, 0.6651002506265664, 0.829861111111111, 0.6329920079920079, 0.8484126984126985, 0.7003756047873695, 0.8896430367018602, 0.7266483516483515, 0.8345352564102564]","[0.6749999999999999, 0.8041666666666667, 0.6234848484848485, 0.7606060606060607, 0.6305194805194805, 0.8328282828282829, 0.6767676767676768, 0.8500000000000001, 0.7184343434343434, 0.7823232323232323]","[0.6634012539184952, 0.8181041181041181, 0.6250735294117648, 0.7655400155400155, 0.6265756302521008, 0.8320261437908496, 0.6569345238095239, 0.8584429824561404, 0.7187500000000001, 0.7782963004737199]","[0.739526245280721, 0.8444616977225673, 0.6651411136536995, 0.8206521739130435, 0.6444666444666444, 0.853968253968254, 0.7069943128766658, 0.8788782749567063, 0.7343101343101343, 0.8252492877492877]","[0.6956521739130435, 0.8260869565217391, 0.6521739130434783, 0.782608695652174, 0.6444444444444445, 0.8444444444444444, 0.7111111111111111, 0.8666666666666667, 0.7333333333333333, 0.8]","[0.676945618100041, 0.8230194925847099, 0.6405754475703326, 0.7746359920272963, 0.639760348583878, 0.8413071895424836, 0.6828121693121694, 0.8628752436647172, 0.7305555555555557, 0.7880003509035768]","[array([[12,  0,  0,  0],
       [ 5,  3,  0,  1],
       [ 0,  0,  7,  3],
       [ 0,  0,  5, 10]]), array([[11,  0,  0,  1],
       [ 3,  6,  0,  0],
       [ 0,  0,  7,  3],
       [ 0,  0,  1, 14]]), array([[ 8,  3,  0,  0],
       [ 5,  4,  0,  1],
       [ 0,  0,  5,  5],
       [ 1,  0,  1, 13]]), array([[10,  0,  1,  0],
       [ 4,  5,  0,  1],
       [ 0,  0,  7,  3],
       [ 1,  0,  0, 14]]), array([[ 7,  3,  1,  0],
       [ 6,  4,  0,  0],
       [ 0,  0,  7,  3],
       [ 0,  0,  3, 11]]), array([[10,  1,  0,  0],
       [ 4,  6,  0,  0],
       [ 0,  0,  8,  1],
       [ 0,  0,  1, 14]]), array([[ 9,  1,  1,  0],
       [ 5,  2,  0,  2],
       [ 0,  0,  8,  2],
       [ 0,  0,  2, 13]]), array([[11,  0,  0,  0],
       [ 2,  6,  0,  1],
       [ 0,  0,  8,  2],
       [ 0,  0,  1, 14]]), array([[ 9,  2,  0,  0],
       [ 4,  5,  0,  0],
       [ 0,  0,  7,  3],
       [ 0,  0,  3, 12]]), array([[ 9,  0,  0,  2],
       [ 4,  4,  0,  1],
       [ 0,  0, 10,  0],
       [ 0,  0,  2, 13]])]"
27,"[1.0, 1.0, 1.0, 1.0, 1.0, 1.0, 1.0, 1.0, 1.0, 1.0]","[1.0, 1.0, 1.0, 1.0, 1.0, 1.0, 1.0, 1.0, 1.0, 1.0]","[1.0, 1.0, 1.0, 1.0, 1.0, 1.0, 1.0, 1.0, 1.0, 1.0]","[1.0, 1.0, 1.0, 1.0, 1.0, 1.0, 1.0, 1.0, 1.0, 1.0]","[1.0, 1.0, 1.0, 1.0, 1.0, 1.0, 1.0, 1.0, 1.0, 1.0]","[1.0, 1.0, 1.0, 1.0, 1.0, 1.0, 1.0, 1.0, 1.0, 1.0]","[1.0, 1.0, 1.0, 1.0, 1.0, 1.0, 1.0, 1.0, 1.0, 1.0]","[1.0, 1.0, 1.0, 1.0, 1.0, 1.0, 1.0, 1.0, 1.0, 1.0]","[1.0, 1.0, 1.0, 1.0, 1.0, 1.0, 1.0, 1.0, 1.0, 1.0]","[1.0, 1.0, 1.0, 1.0, 1.0, 1.0, 1.0, 1.0, 1.0, 1.0]","[array([[100,   0,   0,   0],
       [  0,  85,   0,   0],
       [  0,   0,  89,   0],
       [  0,   0,   0, 134]]), array([[100,   0,   0,   0],
       [  0,  85,   0,   0],
       [  0,   0,  89,   0],
       [  0,   0,   0, 134]]), array([[101,   0,   0,   0],
       [  0,  84,   0,   0],
       [  0,   0,  89,   0],
       [  0,   0,   0, 134]]), array([[101,   0,   0,   0],
       [  0,  84,   0,   0],
       [  0,   0,  89,   0],
       [  0,   0,   0, 134]]), array([[101,   0,   0,   0],
       [  0,  84,   0,   0],
       [  0,   0,  89,   0],
       [  0,   0,   0, 135]]), array([[101,   0,   0,   0],
       [  0,  84,   0,   0],
       [  0,   0,  90,   0],
       [  0,   0,   0, 134]]), array([[101,   0,   0,   0],
       [  0,  85,   0,   0],
       [  0,   0,  89,   0],
       [  0,   0,   0, 134]]), array([[101,   0,   0,   0],
       [  0,  85,   0,   0],
       [  0,   0,  89,   0],
       [  0,   0,   0, 134]]), array([[101,   0,   0,   0],
       [  0,  85,   0,   0],
       [  0,   0,  89,   0],
       [  0,   0,   0, 134]]), array([[101,   0,   0,   0],
       [  0,  85,   0,   0],
       [  0,   0,  89,   0],
       [  0,   0,   0, 134]])]","[0.6956521739130435, 0.8260869565217391, 0.6739130434782609, 0.782608695652174, 0.7333333333333333, 0.8444444444444444, 0.7111111111111111, 0.8666666666666667, 0.7333333333333333, 0.8222222222222222]","[0.6956521739130435, 0.8260869565217391, 0.6739130434782609, 0.782608695652174, 0.7333333333333333, 0.8444444444444444, 0.7111111111111111, 0.8666666666666667, 0.7333333333333333, 0.8222222222222222]","[0.6956521739130435, 0.8260869565217391, 0.6739130434782609, 0.782608695652174, 0.7333333333333333, 0.8444444444444444, 0.7111111111111111, 0.8666666666666667, 0.7333333333333333, 0.8222222222222222]","[0.6956521739130435, 0.8260869565217391, 0.6739130434782609, 0.782608695652174, 0.7333333333333333, 0.8444444444444444, 0.7111111111111111, 0.8666666666666667, 0.7333333333333333, 0.8222222222222222]","[0.7508753501400561, 0.8596230158730158, 0.6805555555555556, 0.829861111111111, 0.7337301587301588, 0.8484126984126985, 0.7060359231411864, 0.8896430367018602, 0.7266483516483515, 0.8489583333333334]","[0.6749999999999999, 0.8041666666666667, 0.6484848484848486, 0.7606060606060607, 0.7188311688311689, 0.8328282828282829, 0.6684343434343434, 0.8500000000000001, 0.7184343434343434, 0.8101010101010101]","[0.6634012539184952, 0.8181041181041181, 0.6510873440285204, 0.7655400155400155, 0.7181659015693391, 0.8320261437908496, 0.6534262125902992, 0.8584429824561404, 0.7187500000000001, 0.8111737491120381]","[0.739526245280721, 0.8444616977225673, 0.682712215320911, 0.8206521739130435, 0.7376014109347444, 0.853968253968254, 0.7089297317367493, 0.8788782749567063, 0.7343101343101343, 0.8393518518518519]","[0.6956521739130435, 0.8260869565217391, 0.6739130434782609, 0.782608695652174, 0.7333333333333333, 0.8444444444444444, 0.7111111111111111, 0.8666666666666667, 0.7333333333333333, 0.8222222222222222]","[0.676945618100041, 0.8230194925847099, 0.6657149500116252, 0.7746359920272963, 0.7279329086746615, 0.8413071895424836, 0.6809191606467148, 0.8628752436647172, 0.7305555555555557, 0.81575158517655]","[array([[12,  0,  0,  0],
       [ 5,  3,  0,  1],
       [ 0,  0,  7,  3],
       [ 0,  0,  5, 10]]), array([[11,  0,  0,  1],
       [ 3,  6,  0,  0],
       [ 0,  0,  7,  3],
       [ 0,  0,  1, 14]]), array([[ 8,  3,  0,  0],
       [ 5,  4,  0,  1],
       [ 0,  0,  6,  4],
       [ 1,  0,  1, 13]]), array([[10,  0,  1,  0],
       [ 4,  5,  0,  1],
       [ 0,  0,  7,  3],
       [ 1,  0,  0, 14]]), array([[ 9,  2,  0,  0],
       [ 5,  5,  0,  0],
       [ 0,  0,  7,  3],
       [ 0,  0,  2, 12]]), array([[10,  1,  0,  0],
       [ 4,  6,  0,  0],
       [ 0,  0,  8,  1],
       [ 0,  0,  1, 14]]), array([[ 9,  1,  1,  0],
       [ 5,  2,  0,  2],
       [ 0,  0,  7,  3],
       [ 0,  0,  1, 14]]), array([[11,  0,  0,  0],
       [ 2,  6,  0,  1],
       [ 0,  0,  8,  2],
       [ 0,  0,  1, 14]]), array([[ 9,  2,  0,  0],
       [ 4,  5,  0,  0],
       [ 0,  0,  7,  3],
       [ 0,  0,  3, 12]]), array([[ 9,  0,  0,  2],
       [ 3,  5,  0,  1],
       [ 0,  0, 10,  0],
       [ 0,  0,  2, 13]])]"
28,"[1.0, 1.0, 1.0, 1.0, 1.0, 1.0, 1.0, 1.0, 1.0, 1.0]","[1.0, 1.0, 1.0, 1.0, 1.0, 1.0, 1.0, 1.0, 1.0, 1.0]","[1.0, 1.0, 1.0, 1.0, 1.0, 1.0, 1.0, 1.0, 1.0, 1.0]","[1.0, 1.0, 1.0, 1.0, 1.0, 1.0, 1.0, 1.0, 1.0, 1.0]","[1.0, 1.0, 1.0, 1.0, 1.0, 1.0, 1.0, 1.0, 1.0, 1.0]","[1.0, 1.0, 1.0, 1.0, 1.0, 1.0, 1.0, 1.0, 1.0, 1.0]","[1.0, 1.0, 1.0, 1.0, 1.0, 1.0, 1.0, 1.0, 1.0, 1.0]","[1.0, 1.0, 1.0, 1.0, 1.0, 1.0, 1.0, 1.0, 1.0, 1.0]","[1.0, 1.0, 1.0, 1.0, 1.0, 1.0, 1.0, 1.0, 1.0, 1.0]","[1.0, 1.0, 1.0, 1.0, 1.0, 1.0, 1.0, 1.0, 1.0, 1.0]","[array([[100,   0,   0,   0],
       [  0,  85,   0,   0],
       [  0,   0,  89,   0],
       [  0,   0,   0, 134]]), array([[100,   0,   0,   0],
       [  0,  85,   0,   0],
       [  0,   0,  89,   0],
       [  0,   0,   0, 134]]), array([[101,   0,   0,   0],
       [  0,  84,   0,   0],
       [  0,   0,  89,   0],
       [  0,   0,   0, 134]]), array([[101,   0,   0,   0],
       [  0,  84,   0,   0],
       [  0,   0,  89,   0],
       [  0,   0,   0, 134]]), array([[101,   0,   0,   0],
       [  0,  84,   0,   0],
       [  0,   0,  89,   0],
       [  0,   0,   0, 135]]), array([[101,   0,   0,   0],
       [  0,  84,   0,   0],
       [  0,   0,  90,   0],
       [  0,   0,   0, 134]]), array([[101,   0,   0,   0],
       [  0,  85,   0,   0],
       [  0,   0,  89,   0],
       [  0,   0,   0, 134]]), array([[101,   0,   0,   0],
       [  0,  85,   0,   0],
       [  0,   0,  89,   0],
       [  0,   0,   0, 134]]), array([[101,   0,   0,   0],
       [  0,  85,   0,   0],
       [  0,   0,  89,   0],
       [  0,   0,   0, 134]]), array([[101,   0,   0,   0],
       [  0,  85,   0,   0],
       [  0,   0,  89,   0],
       [  0,   0,   0, 134]])]","[0.6956521739130435, 0.8043478260869565, 0.6739130434782609, 0.782608695652174, 0.7111111111111111, 0.8222222222222222, 0.7555555555555555, 0.8666666666666667, 0.7777777777777778, 0.8222222222222222]","[0.6956521739130435, 0.8043478260869565, 0.6739130434782609, 0.782608695652174, 0.7111111111111111, 0.8222222222222222, 0.7555555555555555, 0.8666666666666667, 0.7777777777777778, 0.8222222222222222]","[0.6956521739130435, 0.8043478260869565, 0.6739130434782609, 0.782608695652174, 0.7111111111111111, 0.8222222222222222, 0.7555555555555555, 0.8666666666666667, 0.7777777777777778, 0.8222222222222222]","[0.6956521739130435, 0.8043478260869565, 0.6739130434782609, 0.782608695652174, 0.7111111111111111, 0.8222222222222222, 0.7555555555555555, 0.8666666666666667, 0.7777777777777778, 0.8222222222222222]","[0.7508753501400561, 0.8320494864612511, 0.6805555555555556, 0.829861111111111, 0.711111111111111, 0.8305555555555555, 0.7550213675213675, 0.8896430367018602, 0.7683150183150184, 0.8489583333333334]","[0.6749999999999999, 0.7875, 0.6484848484848486, 0.7606060606060607, 0.6938311688311688, 0.8078282828282828, 0.7212121212121212, 0.8500000000000001, 0.76010101010101, 0.8101010101010101]","[0.6634012539184952, 0.798873987854251, 0.6510873440285204, 0.7655400155400155, 0.6891840011168504, 0.8041132478632478, 0.7150058275058276, 0.8584429824561404, 0.7604166666666667, 0.8111737491120381]","[0.739526245280721, 0.8190638574270288, 0.682712215320911, 0.8206521739130435, 0.7165432098765433, 0.8370370370370371, 0.7562678062678062, 0.8788782749567063, 0.7787545787545788, 0.8393518518518519]","[0.6956521739130435, 0.8043478260869565, 0.6739130434782609, 0.782608695652174, 0.7111111111111111, 0.8222222222222222, 0.7555555555555555, 0.8666666666666667, 0.7777777777777778, 0.8222222222222222]","[0.676945618100041, 0.8023862436190811, 0.6657149500116252, 0.7746359920272963, 0.701555834768176, 0.8158119658119658, 0.7362470862470863, 0.8628752436647172, 0.7750000000000001, 0.81575158517655]","[array([[12,  0,  0,  0],
       [ 5,  3,  0,  1],
       [ 0,  0,  7,  3],
       [ 0,  0,  5, 10]]), array([[11,  0,  0,  1],
       [ 3,  6,  0,  0],
       [ 0,  0,  7,  3],
       [ 0,  0,  2, 13]]), array([[ 8,  3,  0,  0],
       [ 5,  4,  0,  1],
       [ 0,  0,  6,  4],
       [ 1,  0,  1, 13]]), array([[10,  0,  1,  0],
       [ 4,  5,  0,  1],
       [ 0,  0,  7,  3],
       [ 1,  0,  0, 14]]), array([[ 9,  2,  0,  0],
       [ 6,  4,  0,  0],
       [ 0,  0,  7,  3],
       [ 0,  0,  2, 12]]), array([[10,  1,  0,  0],
       [ 5,  5,  0,  0],
       [ 0,  0,  8,  1],
       [ 0,  0,  1, 14]]), array([[ 9,  1,  1,  0],
       [ 4,  3,  0,  2],
       [ 0,  0,  8,  2],
       [ 0,  0,  1, 14]]), array([[11,  0,  0,  0],
       [ 2,  6,  0,  1],
       [ 0,  0,  8,  2],
       [ 0,  0,  1, 14]]), array([[ 9,  2,  0,  0],
       [ 4,  5,  0,  0],
       [ 0,  0,  8,  2],
       [ 0,  0,  2, 13]]), array([[ 9,  0,  0,  2],
       [ 3,  5,  0,  1],
       [ 0,  0, 10,  0],
       [ 0,  0,  2, 13]])]"
29,"[1.0, 1.0, 1.0, 1.0, 1.0, 1.0, 1.0, 1.0, 1.0, 1.0]","[1.0, 1.0, 1.0, 1.0, 1.0, 1.0, 1.0, 1.0, 1.0, 1.0]","[1.0, 1.0, 1.0, 1.0, 1.0, 1.0, 1.0, 1.0, 1.0, 1.0]","[1.0, 1.0, 1.0, 1.0, 1.0, 1.0, 1.0, 1.0, 1.0, 1.0]","[1.0, 1.0, 1.0, 1.0, 1.0, 1.0, 1.0, 1.0, 1.0, 1.0]","[1.0, 1.0, 1.0, 1.0, 1.0, 1.0, 1.0, 1.0, 1.0, 1.0]","[1.0, 1.0, 1.0, 1.0, 1.0, 1.0, 1.0, 1.0, 1.0, 1.0]","[1.0, 1.0, 1.0, 1.0, 1.0, 1.0, 1.0, 1.0, 1.0, 1.0]","[1.0, 1.0, 1.0, 1.0, 1.0, 1.0, 1.0, 1.0, 1.0, 1.0]","[1.0, 1.0, 1.0, 1.0, 1.0, 1.0, 1.0, 1.0, 1.0, 1.0]","[array([[100,   0,   0,   0],
       [  0,  85,   0,   0],
       [  0,   0,  89,   0],
       [  0,   0,   0, 134]]), array([[100,   0,   0,   0],
       [  0,  85,   0,   0],
       [  0,   0,  89,   0],
       [  0,   0,   0, 134]]), array([[101,   0,   0,   0],
       [  0,  84,   0,   0],
       [  0,   0,  89,   0],
       [  0,   0,   0, 134]]), array([[101,   0,   0,   0],
       [  0,  84,   0,   0],
       [  0,   0,  89,   0],
       [  0,   0,   0, 134]]), array([[101,   0,   0,   0],
       [  0,  84,   0,   0],
       [  0,   0,  89,   0],
       [  0,   0,   0, 135]]), array([[101,   0,   0,   0],
       [  0,  84,   0,   0],
       [  0,   0,  90,   0],
       [  0,   0,   0, 134]]), array([[101,   0,   0,   0],
       [  0,  85,   0,   0],
       [  0,   0,  89,   0],
       [  0,   0,   0, 134]]), array([[101,   0,   0,   0],
       [  0,  85,   0,   0],
       [  0,   0,  89,   0],
       [  0,   0,   0, 134]]), array([[101,   0,   0,   0],
       [  0,  85,   0,   0],
       [  0,   0,  89,   0],
       [  0,   0,   0, 134]]), array([[101,   0,   0,   0],
       [  0,  85,   0,   0],
       [  0,   0,  89,   0],
       [  0,   0,   0, 134]])]","[0.717391304347826, 0.8043478260869565, 0.6956521739130435, 0.782608695652174, 0.6888888888888889, 0.8222222222222222, 0.7333333333333333, 0.8666666666666667, 0.7555555555555555, 0.8]","[0.717391304347826, 0.8043478260869565, 0.6956521739130435, 0.782608695652174, 0.6888888888888889, 0.8222222222222222, 0.7333333333333333, 0.8666666666666667, 0.7555555555555555, 0.8]","[0.717391304347826, 0.8043478260869565, 0.6956521739130435, 0.782608695652174, 0.6888888888888889, 0.8222222222222222, 0.7333333333333333, 0.8666666666666667, 0.7555555555555555, 0.8]","[0.717391304347826, 0.8043478260869565, 0.6956521739130435, 0.782608695652174, 0.6888888888888889, 0.8222222222222222, 0.7333333333333333, 0.8666666666666667, 0.7555555555555555, 0.8000000000000002]","[0.7726244343891403, 0.8320494864612511, 0.7115079365079365, 0.829861111111111, 0.6850694444444445, 0.8305555555555555, 0.739231893837157, 0.8896430367018602, 0.749217796092796, 0.8332219251336899]","[0.7, 0.7875, 0.6712121212121213, 0.7606060606060607, 0.6688311688311688, 0.8078282828282828, 0.6962121212121213, 0.8500000000000001, 0.7351010101010101, 0.7851010101010101]","[0.6843810237738273, 0.798873987854251, 0.6715172082819141, 0.7655400155400155, 0.6577737447065941, 0.8041132478632478, 0.6929774946415813, 0.8584429824561404, 0.7376379456706282, 0.7916343167701864]","[0.764410781034822, 0.8190638574270288, 0.7102484472049689, 0.8206521739130435, 0.6925617283950618, 0.8370370370370371, 0.737684310491328, 0.8788782749567063, 0.755760751594085, 0.8200534759358288]","[0.717391304347826, 0.8043478260869565, 0.6956521739130435, 0.782608695652174, 0.6888888888888889, 0.8222222222222222, 0.7333333333333333, 0.8666666666666667, 0.7555555555555555, 0.8]","[0.6978661290472776, 0.8023862436190811, 0.6846171731082217, 0.7746359920272963, 0.6730658062781475, 0.8158119658119658, 0.7138935196210738, 0.8628752436647172, 0.7516459158649313, 0.7954710144927536]","[array([[12,  0,  0,  0],
       [ 5,  3,  0,  1],
       [ 0,  0,  8,  2],
       [ 0,  0,  5, 10]]), array([[11,  0,  0,  1],
       [ 3,  6,  0,  0],
       [ 0,  0,  7,  3],
       [ 0,  0,  2, 13]]), array([[ 9,  2,  0,  0],
       [ 5,  4,  0,  1],
       [ 0,  0,  6,  4],
       [ 1,  0,  1, 13]]), array([[10,  0,  1,  0],
       [ 4,  5,  0,  1],
       [ 0,  0,  7,  3],
       [ 1,  0,  0, 14]]), array([[ 9,  2,  0,  0],
       [ 7,  3,  0,  0],
       [ 0,  0,  7,  3],
       [ 0,  0,  2, 12]]), array([[10,  1,  0,  0],
       [ 5,  5,  0,  0],
       [ 0,  0,  8,  1],
       [ 0,  0,  1, 14]]), array([[ 9,  1,  1,  0],
       [ 4,  3,  0,  2],
       [ 0,  0,  7,  3],
       [ 0,  0,  1, 14]]), array([[11,  0,  0,  0],
       [ 2,  6,  0,  1],
       [ 0,  0,  8,  2],
       [ 0,  0,  1, 14]]), array([[ 9,  2,  0,  0],
       [ 4,  5,  0,  0],
       [ 0,  0,  7,  3],
       [ 0,  0,  2, 13]]), array([[ 9,  0,  0,  2],
       [ 3,  5,  0,  1],
       [ 0,  0,  9,  1],
       [ 0,  0,  2, 13]])]"
30,"[1.0, 1.0, 1.0, 1.0, 1.0, 1.0, 1.0, 1.0, 1.0, 1.0]","[1.0, 1.0, 1.0, 1.0, 1.0, 1.0, 1.0, 1.0, 1.0, 1.0]","[1.0, 1.0, 1.0, 1.0, 1.0, 1.0, 1.0, 1.0, 1.0, 1.0]","[1.0, 1.0, 1.0, 1.0, 1.0, 1.0, 1.0, 1.0, 1.0, 1.0]","[1.0, 1.0, 1.0, 1.0, 1.0, 1.0, 1.0, 1.0, 1.0, 1.0]","[1.0, 1.0, 1.0, 1.0, 1.0, 1.0, 1.0, 1.0, 1.0, 1.0]","[1.0, 1.0, 1.0, 1.0, 1.0, 1.0, 1.0, 1.0, 1.0, 1.0]","[1.0, 1.0, 1.0, 1.0, 1.0, 1.0, 1.0, 1.0, 1.0, 1.0]","[1.0, 1.0, 1.0, 1.0, 1.0, 1.0, 1.0, 1.0, 1.0, 1.0]","[1.0, 1.0, 1.0, 1.0, 1.0, 1.0, 1.0, 1.0, 1.0, 1.0]","[array([[100,   0,   0,   0],
       [  0,  85,   0,   0],
       [  0,   0,  89,   0],
       [  0,   0,   0, 134]]), array([[100,   0,   0,   0],
       [  0,  85,   0,   0],
       [  0,   0,  89,   0],
       [  0,   0,   0, 134]]), array([[101,   0,   0,   0],
       [  0,  84,   0,   0],
       [  0,   0,  89,   0],
       [  0,   0,   0, 134]]), array([[101,   0,   0,   0],
       [  0,  84,   0,   0],
       [  0,   0,  89,   0],
       [  0,   0,   0, 134]]), array([[101,   0,   0,   0],
       [  0,  84,   0,   0],
       [  0,   0,  89,   0],
       [  0,   0,   0, 135]]), array([[101,   0,   0,   0],
       [  0,  84,   0,   0],
       [  0,   0,  90,   0],
       [  0,   0,   0, 134]]), array([[101,   0,   0,   0],
       [  0,  85,   0,   0],
       [  0,   0,  89,   0],
       [  0,   0,   0, 134]]), array([[101,   0,   0,   0],
       [  0,  85,   0,   0],
       [  0,   0,  89,   0],
       [  0,   0,   0, 134]]), array([[101,   0,   0,   0],
       [  0,  85,   0,   0],
       [  0,   0,  89,   0],
       [  0,   0,   0, 134]]), array([[101,   0,   0,   0],
       [  0,  85,   0,   0],
       [  0,   0,  89,   0],
       [  0,   0,   0, 134]])]","[0.717391304347826, 0.8043478260869565, 0.717391304347826, 0.782608695652174, 0.7333333333333333, 0.8, 0.7111111111111111, 0.8444444444444444, 0.8, 0.8]","[0.717391304347826, 0.8043478260869565, 0.717391304347826, 0.782608695652174, 0.7333333333333333, 0.8, 0.7111111111111111, 0.8444444444444444, 0.8, 0.8]","[0.717391304347826, 0.8043478260869565, 0.717391304347826, 0.782608695652174, 0.7333333333333333, 0.8, 0.7111111111111111, 0.8444444444444444, 0.8, 0.8]","[0.717391304347826, 0.8043478260869565, 0.717391304347826, 0.782608695652174, 0.7333333333333333, 0.8000000000000002, 0.7111111111111111, 0.8444444444444444, 0.8000000000000002, 0.8000000000000002]","[0.7726244343891403, 0.8320494864612511, 0.7258771929824561, 0.829861111111111, 0.7337301587301588, 0.8125, 0.7161324786324786, 0.874732905982906, 0.8035714285714286, 0.8345352564102564]","[0.7, 0.7875, 0.687878787878788, 0.7606060606060607, 0.7188311688311689, 0.7800505050505051, 0.6795454545454546, 0.825, 0.7828282828282828, 0.7823232323232323]","[0.6843810237738273, 0.798873987854251, 0.6873529411764706, 0.7655400155400155, 0.7181659015693391, 0.780246496861772, 0.6748543123543124, 0.8357323232323233, 0.7833333333333334, 0.7782963004737199]","[0.764410781034822, 0.8190638574270288, 0.7252642475754605, 0.8206521739130435, 0.7376014109347444, 0.8148148148148149, 0.7155270655270656, 0.8605413105413104, 0.8079365079365081, 0.8252492877492877]","[0.717391304347826, 0.8043478260869565, 0.717391304347826, 0.782608695652174, 0.7333333333333333, 0.8, 0.7111111111111111, 0.8444444444444444, 0.8, 0.8]","[0.6978661290472776, 0.8023862436190811, 0.7028644501278771, 0.7746359920272963, 0.7279329086746615, 0.7927042280932224, 0.6938228438228439, 0.8397418630751964, 0.7955555555555557, 0.7880003509035768]","[array([[12,  0,  0,  0],
       [ 5,  3,  0,  1],
       [ 0,  0,  8,  2],
       [ 0,  0,  5, 10]]), array([[11,  0,  0,  1],
       [ 3,  6,  0,  0],
       [ 0,  0,  7,  3],
       [ 0,  0,  2, 13]]), array([[ 9,  2,  0,  0],
       [ 5,  4,  0,  1],
       [ 0,  0,  6,  4],
       [ 0,  0,  1, 14]]), array([[10,  0,  1,  0],
       [ 4,  5,  0,  1],
       [ 0,  0,  7,  3],
       [ 1,  0,  0, 14]]), array([[ 9,  2,  0,  0],
       [ 5,  5,  0,  0],
       [ 0,  0,  7,  3],
       [ 0,  0,  2, 12]]), array([[10,  1,  0,  0],
       [ 5,  5,  0,  0],
       [ 0,  0,  7,  2],
       [ 0,  0,  1, 14]]), array([[ 9,  1,  1,  0],
       [ 4,  3,  0,  2],
       [ 0,  0,  7,  3],
       [ 0,  0,  2, 13]]), array([[11,  0,  0,  0],
       [ 2,  6,  0,  1],
       [ 0,  0,  7,  3],
       [ 0,  0,  1, 14]]), array([[10,  1,  0,  0],
       [ 4,  5,  0,  0],
       [ 0,  0,  8,  2],
       [ 0,  0,  2, 13]]), array([[ 9,  0,  0,  2],
       [ 4,  4,  0,  1],
       [ 0,  0, 10,  0],
       [ 0,  0,  2, 13]])]"
31,"[1.0, 1.0, 1.0, 1.0, 1.0, 1.0, 1.0, 1.0, 1.0, 1.0]","[1.0, 1.0, 1.0, 1.0, 1.0, 1.0, 1.0, 1.0, 1.0, 1.0]","[1.0, 1.0, 1.0, 1.0, 1.0, 1.0, 1.0, 1.0, 1.0, 1.0]","[1.0, 1.0, 1.0, 1.0, 1.0, 1.0, 1.0, 1.0, 1.0, 1.0]","[1.0, 1.0, 1.0, 1.0, 1.0, 1.0, 1.0, 1.0, 1.0, 1.0]","[1.0, 1.0, 1.0, 1.0, 1.0, 1.0, 1.0, 1.0, 1.0, 1.0]","[1.0, 1.0, 1.0, 1.0, 1.0, 1.0, 1.0, 1.0, 1.0, 1.0]","[1.0, 1.0, 1.0, 1.0, 1.0, 1.0, 1.0, 1.0, 1.0, 1.0]","[1.0, 1.0, 1.0, 1.0, 1.0, 1.0, 1.0, 1.0, 1.0, 1.0]","[1.0, 1.0, 1.0, 1.0, 1.0, 1.0, 1.0, 1.0, 1.0, 1.0]","[array([[100,   0,   0,   0],
       [  0,  85,   0,   0],
       [  0,   0,  89,   0],
       [  0,   0,   0, 134]]), array([[100,   0,   0,   0],
       [  0,  85,   0,   0],
       [  0,   0,  89,   0],
       [  0,   0,   0, 134]]), array([[101,   0,   0,   0],
       [  0,  84,   0,   0],
       [  0,   0,  89,   0],
       [  0,   0,   0, 134]]), array([[101,   0,   0,   0],
       [  0,  84,   0,   0],
       [  0,   0,  89,   0],
       [  0,   0,   0, 134]]), array([[101,   0,   0,   0],
       [  0,  84,   0,   0],
       [  0,   0,  89,   0],
       [  0,   0,   0, 135]]), array([[101,   0,   0,   0],
       [  0,  84,   0,   0],
       [  0,   0,  90,   0],
       [  0,   0,   0, 134]]), array([[101,   0,   0,   0],
       [  0,  85,   0,   0],
       [  0,   0,  89,   0],
       [  0,   0,   0, 134]]), array([[101,   0,   0,   0],
       [  0,  85,   0,   0],
       [  0,   0,  89,   0],
       [  0,   0,   0, 134]]), array([[101,   0,   0,   0],
       [  0,  85,   0,   0],
       [  0,   0,  89,   0],
       [  0,   0,   0, 134]]), array([[101,   0,   0,   0],
       [  0,  85,   0,   0],
       [  0,   0,  89,   0],
       [  0,   0,   0, 134]])]","[0.717391304347826, 0.8043478260869565, 0.7391304347826086, 0.782608695652174, 0.6888888888888889, 0.8222222222222222, 0.7111111111111111, 0.8666666666666667, 0.8, 0.7777777777777778]","[0.717391304347826, 0.8043478260869565, 0.7391304347826086, 0.782608695652174, 0.6888888888888889, 0.8222222222222222, 0.7111111111111111, 0.8666666666666667, 0.8, 0.7777777777777778]","[0.717391304347826, 0.8043478260869565, 0.7391304347826086, 0.782608695652174, 0.6888888888888889, 0.8222222222222222, 0.7111111111111111, 0.8666666666666667, 0.8, 0.7777777777777778]","[0.717391304347826, 0.8043478260869565, 0.7391304347826085, 0.782608695652174, 0.6888888888888889, 0.8222222222222222, 0.7111111111111111, 0.8666666666666667, 0.8000000000000002, 0.7777777777777778]","[0.7726244343891403, 0.8320494864612511, 0.7501445922498554, 0.829861111111111, 0.6850694444444445, 0.8305555555555555, 0.7161324786324786, 0.8896430367018602, 0.8035714285714286, 0.8187988482106129]","[0.7, 0.7875, 0.7128787878787879, 0.7606060606060607, 0.6688311688311688, 0.8078282828282828, 0.6795454545454546, 0.8500000000000001, 0.7828282828282828, 0.7573232323232323]","[0.6843810237738273, 0.798873987854251, 0.7169117647058822, 0.7655400155400155, 0.6577737447065941, 0.8041132478632478, 0.6748543123543124, 0.8584429824561404, 0.7833333333333334, 0.7587568681318682]","[0.764410781034822, 0.8190638574270288, 0.7474413458395152, 0.8206521739130435, 0.6925617283950618, 0.8370370370370371, 0.7155270655270656, 0.8788782749567063, 0.8079365079365081, 0.8059509118332646]","[0.717391304347826, 0.8043478260869565, 0.7391304347826086, 0.782608695652174, 0.6888888888888889, 0.8222222222222222, 0.7111111111111111, 0.8666666666666667, 0.8, 0.7777777777777778]","[0.6978661290472776, 0.8023862436190811, 0.7292199488491049, 0.7746359920272963, 0.6730658062781475, 0.8158119658119658, 0.6938228438228439, 0.8628752436647172, 0.7955555555555557, 0.7677197802197804]","[array([[12,  0,  0,  0],
       [ 5,  3,  0,  1],
       [ 0,  0,  8,  2],
       [ 0,  0,  5, 10]]), array([[11,  0,  0,  1],
       [ 3,  6,  0,  0],
       [ 0,  0,  7,  3],
       [ 0,  0,  2, 13]]), array([[ 9,  2,  0,  0],
       [ 4,  5,  0,  1],
       [ 0,  0,  6,  4],
       [ 0,  0,  1, 14]]), array([[10,  0,  1,  0],
       [ 4,  5,  0,  1],
       [ 0,  0,  7,  3],
       [ 1,  0,  0, 14]]), array([[ 9,  2,  0,  0],
       [ 7,  3,  0,  0],
       [ 0,  0,  7,  3],
       [ 0,  0,  2, 12]]), array([[10,  1,  0,  0],
       [ 5,  5,  0,  0],
       [ 0,  0,  8,  1],
       [ 0,  0,  1, 14]]), array([[ 9,  1,  1,  0],
       [ 4,  3,  0,  2],
       [ 0,  0,  7,  3],
       [ 0,  0,  2, 13]]), array([[11,  0,  0,  0],
       [ 2,  6,  0,  1],
       [ 0,  0,  8,  2],
       [ 0,  0,  1, 14]]), array([[10,  1,  0,  0],
       [ 4,  5,  0,  0],
       [ 0,  0,  8,  2],
       [ 0,  0,  2, 13]]), array([[ 9,  0,  0,  2],
       [ 4,  4,  0,  1],
       [ 0,  0,  9,  1],
       [ 0,  0,  2, 13]])]"
32,"[1.0, 1.0, 1.0, 1.0, 1.0, 1.0, 1.0, 1.0, 1.0, 1.0]","[1.0, 1.0, 1.0, 1.0, 1.0, 1.0, 1.0, 1.0, 1.0, 1.0]","[1.0, 1.0, 1.0, 1.0, 1.0, 1.0, 1.0, 1.0, 1.0, 1.0]","[1.0, 1.0, 1.0, 1.0, 1.0, 1.0, 1.0, 1.0, 1.0, 1.0]","[1.0, 1.0, 1.0, 1.0, 1.0, 1.0, 1.0, 1.0, 1.0, 1.0]","[1.0, 1.0, 1.0, 1.0, 1.0, 1.0, 1.0, 1.0, 1.0, 1.0]","[1.0, 1.0, 1.0, 1.0, 1.0, 1.0, 1.0, 1.0, 1.0, 1.0]","[1.0, 1.0, 1.0, 1.0, 1.0, 1.0, 1.0, 1.0, 1.0, 1.0]","[1.0, 1.0, 1.0, 1.0, 1.0, 1.0, 1.0, 1.0, 1.0, 1.0]","[1.0, 1.0, 1.0, 1.0, 1.0, 1.0, 1.0, 1.0, 1.0, 1.0]","[array([[100,   0,   0,   0],
       [  0,  85,   0,   0],
       [  0,   0,  89,   0],
       [  0,   0,   0, 134]]), array([[100,   0,   0,   0],
       [  0,  85,   0,   0],
       [  0,   0,  89,   0],
       [  0,   0,   0, 134]]), array([[101,   0,   0,   0],
       [  0,  84,   0,   0],
       [  0,   0,  89,   0],
       [  0,   0,   0, 134]]), array([[101,   0,   0,   0],
       [  0,  84,   0,   0],
       [  0,   0,  89,   0],
       [  0,   0,   0, 134]]), array([[101,   0,   0,   0],
       [  0,  84,   0,   0],
       [  0,   0,  89,   0],
       [  0,   0,   0, 135]]), array([[101,   0,   0,   0],
       [  0,  84,   0,   0],
       [  0,   0,  90,   0],
       [  0,   0,   0, 134]]), array([[101,   0,   0,   0],
       [  0,  85,   0,   0],
       [  0,   0,  89,   0],
       [  0,   0,   0, 134]]), array([[101,   0,   0,   0],
       [  0,  85,   0,   0],
       [  0,   0,  89,   0],
       [  0,   0,   0, 134]]), array([[101,   0,   0,   0],
       [  0,  85,   0,   0],
       [  0,   0,  89,   0],
       [  0,   0,   0, 134]]), array([[101,   0,   0,   0],
       [  0,  85,   0,   0],
       [  0,   0,  89,   0],
       [  0,   0,   0, 134]])]","[0.6956521739130435, 0.8043478260869565, 0.717391304347826, 0.782608695652174, 0.6888888888888889, 0.8, 0.7333333333333333, 0.8444444444444444, 0.8, 0.8]","[0.6956521739130435, 0.8043478260869565, 0.717391304347826, 0.782608695652174, 0.6888888888888889, 0.8, 0.7333333333333333, 0.8444444444444444, 0.8, 0.8]","[0.6956521739130435, 0.8043478260869565, 0.717391304347826, 0.782608695652174, 0.6888888888888889, 0.8, 0.7333333333333333, 0.8444444444444444, 0.8, 0.8]","[0.6956521739130435, 0.8043478260869565, 0.717391304347826, 0.782608695652174, 0.6888888888888889, 0.8000000000000002, 0.7333333333333333, 0.8444444444444444, 0.8000000000000002, 0.8000000000000002]","[0.7508753501400561, 0.8320494864612511, 0.7258771929824561, 0.829861111111111, 0.6880952380952381, 0.8125, 0.7335715754833402, 0.874732905982906, 0.8035714285714286, 0.8345352564102564]","[0.6749999999999999, 0.7875, 0.687878787878788, 0.7606060606060607, 0.675974025974026, 0.7800505050505051, 0.7045454545454546, 0.825, 0.7828282828282828, 0.7823232323232323]","[0.6634012539184952, 0.798873987854251, 0.6873529411764706, 0.7655400155400155, 0.6695054945054945, 0.780246496861772, 0.6964858058608059, 0.8357323232323233, 0.7833333333333334, 0.7782963004737199]","[0.739526245280721, 0.8190638574270288, 0.7252642475754605, 0.8206521739130435, 0.6948148148148148, 0.8148148148148149, 0.7357488916312445, 0.8605413105413104, 0.8079365079365081, 0.8252492877492877]","[0.6956521739130435, 0.8043478260869565, 0.717391304347826, 0.782608695652174, 0.6888888888888889, 0.8, 0.7333333333333333, 0.8444444444444444, 0.8, 0.8]","[0.676945618100041, 0.8023862436190811, 0.7028644501278771, 0.7746359920272963, 0.6803418803418803, 0.7927042280932224, 0.7157865282865284, 0.8397418630751964, 0.7955555555555557, 0.7880003509035768]","[array([[12,  0,  0,  0],
       [ 5,  3,  0,  1],
       [ 0,  0,  7,  3],
       [ 0,  0,  5, 10]]), array([[11,  0,  0,  1],
       [ 3,  6,  0,  0],
       [ 0,  0,  7,  3],
       [ 0,  0,  2, 13]]), array([[ 9,  2,  0,  0],
       [ 5,  4,  0,  1],
       [ 0,  0,  6,  4],
       [ 0,  0,  1, 14]]), array([[10,  0,  1,  0],
       [ 4,  5,  0,  1],
       [ 0,  0,  7,  3],
       [ 1,  0,  0, 14]]), array([[ 9,  2,  0,  0],
       [ 6,  4,  0,  0],
       [ 0,  0,  7,  3],
       [ 0,  0,  3, 11]]), array([[10,  1,  0,  0],
       [ 5,  5,  0,  0],
       [ 0,  0,  7,  2],
       [ 0,  0,  1, 14]]), array([[ 9,  1,  1,  0],
       [ 4,  3,  0,  2],
       [ 0,  0,  8,  2],
       [ 0,  0,  2, 13]]), array([[11,  0,  0,  0],
       [ 2,  6,  0,  1],
       [ 0,  0,  7,  3],
       [ 0,  0,  1, 14]]), array([[10,  1,  0,  0],
       [ 4,  5,  0,  0],
       [ 0,  0,  8,  2],
       [ 0,  0,  2, 13]]), array([[ 9,  0,  0,  2],
       [ 4,  4,  0,  1],
       [ 0,  0, 10,  0],
       [ 0,  0,  2, 13]])]"
33,"[1.0, 1.0, 1.0, 1.0, 1.0, 1.0, 1.0, 1.0, 1.0, 1.0]","[1.0, 1.0, 1.0, 1.0, 1.0, 1.0, 1.0, 1.0, 1.0, 1.0]","[1.0, 1.0, 1.0, 1.0, 1.0, 1.0, 1.0, 1.0, 1.0, 1.0]","[1.0, 1.0, 1.0, 1.0, 1.0, 1.0, 1.0, 1.0, 1.0, 1.0]","[1.0, 1.0, 1.0, 1.0, 1.0, 1.0, 1.0, 1.0, 1.0, 1.0]","[1.0, 1.0, 1.0, 1.0, 1.0, 1.0, 1.0, 1.0, 1.0, 1.0]","[1.0, 1.0, 1.0, 1.0, 1.0, 1.0, 1.0, 1.0, 1.0, 1.0]","[1.0, 1.0, 1.0, 1.0, 1.0, 1.0, 1.0, 1.0, 1.0, 1.0]","[1.0, 1.0, 1.0, 1.0, 1.0, 1.0, 1.0, 1.0, 1.0, 1.0]","[1.0, 1.0, 1.0, 1.0, 1.0, 1.0, 1.0, 1.0, 1.0, 1.0]","[array([[100,   0,   0,   0],
       [  0,  85,   0,   0],
       [  0,   0,  89,   0],
       [  0,   0,   0, 134]]), array([[100,   0,   0,   0],
       [  0,  85,   0,   0],
       [  0,   0,  89,   0],
       [  0,   0,   0, 134]]), array([[101,   0,   0,   0],
       [  0,  84,   0,   0],
       [  0,   0,  89,   0],
       [  0,   0,   0, 134]]), array([[101,   0,   0,   0],
       [  0,  84,   0,   0],
       [  0,   0,  89,   0],
       [  0,   0,   0, 134]]), array([[101,   0,   0,   0],
       [  0,  84,   0,   0],
       [  0,   0,  89,   0],
       [  0,   0,   0, 135]]), array([[101,   0,   0,   0],
       [  0,  84,   0,   0],
       [  0,   0,  90,   0],
       [  0,   0,   0, 134]]), array([[101,   0,   0,   0],
       [  0,  85,   0,   0],
       [  0,   0,  89,   0],
       [  0,   0,   0, 134]]), array([[101,   0,   0,   0],
       [  0,  85,   0,   0],
       [  0,   0,  89,   0],
       [  0,   0,   0, 134]]), array([[101,   0,   0,   0],
       [  0,  85,   0,   0],
       [  0,   0,  89,   0],
       [  0,   0,   0, 134]]), array([[101,   0,   0,   0],
       [  0,  85,   0,   0],
       [  0,   0,  89,   0],
       [  0,   0,   0, 134]])]","[0.717391304347826, 0.8043478260869565, 0.7391304347826086, 0.782608695652174, 0.6888888888888889, 0.8444444444444444, 0.7555555555555555, 0.8444444444444444, 0.8, 0.7777777777777778]","[0.717391304347826, 0.8043478260869565, 0.7391304347826086, 0.782608695652174, 0.6888888888888889, 0.8444444444444444, 0.7555555555555555, 0.8444444444444444, 0.8, 0.7777777777777778]","[0.717391304347826, 0.8043478260869565, 0.7391304347826086, 0.782608695652174, 0.6888888888888889, 0.8444444444444444, 0.7555555555555555, 0.8444444444444444, 0.8, 0.7777777777777778]","[0.717391304347826, 0.8043478260869565, 0.7391304347826085, 0.782608695652174, 0.6888888888888889, 0.8444444444444444, 0.7555555555555555, 0.8444444444444444, 0.8000000000000002, 0.7777777777777778]","[0.7726244343891403, 0.8320494864612511, 0.7405753968253967, 0.829861111111111, 0.7059873949579831, 0.8774305555555555, 0.7550213675213675, 0.874732905982906, 0.8035714285714286, 0.8187988482106129]","[0.7, 0.7875, 0.7128787878787879, 0.7606060606060607, 0.6737012987012987, 0.8305555555555555, 0.7212121212121212, 0.825, 0.7828282828282828, 0.7573232323232323]","[0.6843810237738273, 0.798873987854251, 0.7115656565656566, 0.7655400155400155, 0.6571428571428571, 0.825925925925926, 0.7150058275058276, 0.8357323232323233, 0.7833333333333334, 0.7587568681318682]","[0.764410781034822, 0.8190638574270288, 0.7424948240165632, 0.8206521739130435, 0.7104575163398692, 0.8791666666666667, 0.7562678062678062, 0.8605413105413104, 0.8079365079365081, 0.8059509118332646]","[0.717391304347826, 0.8043478260869565, 0.7391304347826086, 0.782608695652174, 0.6888888888888889, 0.8444444444444444, 0.7555555555555555, 0.8444444444444444, 0.8, 0.7777777777777778]","[0.6978661290472776, 0.8023862436190811, 0.7266315327184892, 0.7746359920272963, 0.6698412698412698, 0.8362139917695472, 0.7362470862470863, 0.8397418630751964, 0.7955555555555557, 0.7677197802197804]","[array([[12,  0,  0,  0],
       [ 5,  3,  0,  1],
       [ 0,  0,  8,  2],
       [ 0,  0,  5, 10]]), array([[11,  0,  0,  1],
       [ 3,  6,  0,  0],
       [ 0,  0,  7,  3],
       [ 0,  0,  2, 13]]), array([[ 9,  2,  0,  0],
       [ 5,  4,  0,  1],
       [ 0,  0,  7,  3],
       [ 0,  0,  1, 14]]), array([[10,  0,  1,  0],
       [ 4,  5,  0,  1],
       [ 0,  0,  7,  3],
       [ 1,  0,  0, 14]]), array([[10,  1,  0,  0],
       [ 7,  3,  0,  0],
       [ 0,  0,  7,  3],
       [ 0,  0,  3, 11]]), array([[11,  0,  0,  0],
       [ 5,  5,  0,  0],
       [ 0,  0,  8,  1],
       [ 0,  0,  1, 14]]), array([[ 9,  1,  1,  0],
       [ 4,  3,  0,  2],
       [ 0,  0,  8,  2],
       [ 0,  0,  1, 14]]), array([[11,  0,  0,  0],
       [ 2,  6,  0,  1],
       [ 0,  0,  7,  3],
       [ 0,  0,  1, 14]]), array([[10,  1,  0,  0],
       [ 4,  5,  0,  0],
       [ 0,  0,  8,  2],
       [ 0,  0,  2, 13]]), array([[ 9,  0,  0,  2],
       [ 4,  4,  0,  1],
       [ 0,  0,  9,  1],
       [ 0,  0,  2, 13]])]"
34,"[1.0, 1.0, 1.0, 1.0, 1.0, 1.0, 1.0, 1.0, 1.0, 1.0]","[1.0, 1.0, 1.0, 1.0, 1.0, 1.0, 1.0, 1.0, 1.0, 1.0]","[1.0, 1.0, 1.0, 1.0, 1.0, 1.0, 1.0, 1.0, 1.0, 1.0]","[1.0, 1.0, 1.0, 1.0, 1.0, 1.0, 1.0, 1.0, 1.0, 1.0]","[1.0, 1.0, 1.0, 1.0, 1.0, 1.0, 1.0, 1.0, 1.0, 1.0]","[1.0, 1.0, 1.0, 1.0, 1.0, 1.0, 1.0, 1.0, 1.0, 1.0]","[1.0, 1.0, 1.0, 1.0, 1.0, 1.0, 1.0, 1.0, 1.0, 1.0]","[1.0, 1.0, 1.0, 1.0, 1.0, 1.0, 1.0, 1.0, 1.0, 1.0]","[1.0, 1.0, 1.0, 1.0, 1.0, 1.0, 1.0, 1.0, 1.0, 1.0]","[1.0, 1.0, 1.0, 1.0, 1.0, 1.0, 1.0, 1.0, 1.0, 1.0]","[array([[100,   0,   0,   0],
       [  0,  85,   0,   0],
       [  0,   0,  89,   0],
       [  0,   0,   0, 134]]), array([[100,   0,   0,   0],
       [  0,  85,   0,   0],
       [  0,   0,  89,   0],
       [  0,   0,   0, 134]]), array([[101,   0,   0,   0],
       [  0,  84,   0,   0],
       [  0,   0,  89,   0],
       [  0,   0,   0, 134]]), array([[101,   0,   0,   0],
       [  0,  84,   0,   0],
       [  0,   0,  89,   0],
       [  0,   0,   0, 134]]), array([[101,   0,   0,   0],
       [  0,  84,   0,   0],
       [  0,   0,  89,   0],
       [  0,   0,   0, 135]]), array([[101,   0,   0,   0],
       [  0,  84,   0,   0],
       [  0,   0,  90,   0],
       [  0,   0,   0, 134]]), array([[101,   0,   0,   0],
       [  0,  85,   0,   0],
       [  0,   0,  89,   0],
       [  0,   0,   0, 134]]), array([[101,   0,   0,   0],
       [  0,  85,   0,   0],
       [  0,   0,  89,   0],
       [  0,   0,   0, 134]]), array([[101,   0,   0,   0],
       [  0,  85,   0,   0],
       [  0,   0,  89,   0],
       [  0,   0,   0, 134]]), array([[101,   0,   0,   0],
       [  0,  85,   0,   0],
       [  0,   0,  89,   0],
       [  0,   0,   0, 134]])]","[0.6956521739130435, 0.8043478260869565, 0.717391304347826, 0.782608695652174, 0.6888888888888889, 0.8222222222222222, 0.7333333333333333, 0.8444444444444444, 0.8, 0.8]","[0.6956521739130435, 0.8043478260869565, 0.717391304347826, 0.782608695652174, 0.6888888888888889, 0.8222222222222222, 0.7333333333333333, 0.8444444444444444, 0.8, 0.8]","[0.6956521739130435, 0.8043478260869565, 0.717391304347826, 0.782608695652174, 0.6888888888888889, 0.8222222222222222, 0.7333333333333333, 0.8444444444444444, 0.8, 0.8]","[0.6956521739130435, 0.8043478260869565, 0.717391304347826, 0.782608695652174, 0.6888888888888889, 0.8222222222222222, 0.7333333333333333, 0.8444444444444444, 0.8000000000000002, 0.8000000000000002]","[0.7508753501400561, 0.8320494864612511, 0.7131944444444445, 0.829861111111111, 0.7059873949579831, 0.859375, 0.7335715754833402, 0.874732905982906, 0.8035714285714286, 0.8345352564102564]","[0.6749999999999999, 0.7875, 0.6878787878787879, 0.7606060606060607, 0.6737012987012987, 0.8027777777777778, 0.7045454545454546, 0.825, 0.7828282828282828, 0.7823232323232323]","[0.6634012539184952, 0.798873987854251, 0.6796425796425797, 0.7655400155400155, 0.6571428571428571, 0.8020591749244501, 0.6964858058608059, 0.8357323232323233, 0.7833333333333334, 0.7782963004737199]","[0.739526245280721, 0.8190638574270288, 0.7177536231884057, 0.8206521739130435, 0.7104575163398692, 0.8569444444444444, 0.7357488916312445, 0.8605413105413104, 0.8079365079365081, 0.8252492877492877]","[0.6956521739130435, 0.8043478260869565, 0.717391304347826, 0.782608695652174, 0.6888888888888889, 0.8222222222222222, 0.7333333333333333, 0.8444444444444444, 0.8, 0.8]","[0.676945618100041, 0.8023862436190811, 0.6982703287051113, 0.7746359920272963, 0.6698412698412698, 0.8131062540508038, 0.7157865282865284, 0.8397418630751964, 0.7955555555555557, 0.7880003509035768]","[array([[12,  0,  0,  0],
       [ 5,  3,  0,  1],
       [ 0,  0,  7,  3],
       [ 0,  0,  5, 10]]), array([[11,  0,  0,  1],
       [ 3,  6,  0,  0],
       [ 0,  0,  7,  3],
       [ 0,  0,  2, 13]]), array([[ 9,  2,  0,  0],
       [ 6,  3,  0,  1],
       [ 0,  0,  7,  3],
       [ 0,  0,  1, 14]]), array([[10,  0,  1,  0],
       [ 4,  5,  0,  1],
       [ 0,  0,  7,  3],
       [ 1,  0,  0, 14]]), array([[10,  1,  0,  0],
       [ 7,  3,  0,  0],
       [ 0,  0,  7,  3],
       [ 0,  0,  3, 11]]), array([[11,  0,  0,  0],
       [ 5,  5,  0,  0],
       [ 0,  0,  7,  2],
       [ 0,  0,  1, 14]]), array([[ 9,  1,  1,  0],
       [ 4,  3,  0,  2],
       [ 0,  0,  8,  2],
       [ 0,  0,  2, 13]]), array([[11,  0,  0,  0],
       [ 2,  6,  0,  1],
       [ 0,  0,  7,  3],
       [ 0,  0,  1, 14]]), array([[10,  1,  0,  0],
       [ 4,  5,  0,  0],
       [ 0,  0,  8,  2],
       [ 0,  0,  2, 13]]), array([[ 9,  0,  0,  2],
       [ 4,  4,  0,  1],
       [ 0,  0, 10,  0],
       [ 0,  0,  2, 13]])]"
35,"[1.0, 1.0, 1.0, 1.0, 1.0, 1.0, 1.0, 1.0, 1.0, 1.0]","[1.0, 1.0, 1.0, 1.0, 1.0, 1.0, 1.0, 1.0, 1.0, 1.0]","[1.0, 1.0, 1.0, 1.0, 1.0, 1.0, 1.0, 1.0, 1.0, 1.0]","[1.0, 1.0, 1.0, 1.0, 1.0, 1.0, 1.0, 1.0, 1.0, 1.0]","[1.0, 1.0, 1.0, 1.0, 1.0, 1.0, 1.0, 1.0, 1.0, 1.0]","[1.0, 1.0, 1.0, 1.0, 1.0, 1.0, 1.0, 1.0, 1.0, 1.0]","[1.0, 1.0, 1.0, 1.0, 1.0, 1.0, 1.0, 1.0, 1.0, 1.0]","[1.0, 1.0, 1.0, 1.0, 1.0, 1.0, 1.0, 1.0, 1.0, 1.0]","[1.0, 1.0, 1.0, 1.0, 1.0, 1.0, 1.0, 1.0, 1.0, 1.0]","[1.0, 1.0, 1.0, 1.0, 1.0, 1.0, 1.0, 1.0, 1.0, 1.0]","[array([[100,   0,   0,   0],
       [  0,  85,   0,   0],
       [  0,   0,  89,   0],
       [  0,   0,   0, 134]]), array([[100,   0,   0,   0],
       [  0,  85,   0,   0],
       [  0,   0,  89,   0],
       [  0,   0,   0, 134]]), array([[101,   0,   0,   0],
       [  0,  84,   0,   0],
       [  0,   0,  89,   0],
       [  0,   0,   0, 134]]), array([[101,   0,   0,   0],
       [  0,  84,   0,   0],
       [  0,   0,  89,   0],
       [  0,   0,   0, 134]]), array([[101,   0,   0,   0],
       [  0,  84,   0,   0],
       [  0,   0,  89,   0],
       [  0,   0,   0, 135]]), array([[101,   0,   0,   0],
       [  0,  84,   0,   0],
       [  0,   0,  90,   0],
       [  0,   0,   0, 134]]), array([[101,   0,   0,   0],
       [  0,  85,   0,   0],
       [  0,   0,  89,   0],
       [  0,   0,   0, 134]]), array([[101,   0,   0,   0],
       [  0,  85,   0,   0],
       [  0,   0,  89,   0],
       [  0,   0,   0, 134]]), array([[101,   0,   0,   0],
       [  0,  85,   0,   0],
       [  0,   0,  89,   0],
       [  0,   0,   0, 134]]), array([[101,   0,   0,   0],
       [  0,  85,   0,   0],
       [  0,   0,  89,   0],
       [  0,   0,   0, 134]])]","[0.6956521739130435, 0.8043478260869565, 0.717391304347826, 0.8043478260869565, 0.7111111111111111, 0.8222222222222222, 0.7555555555555555, 0.8444444444444444, 0.8, 0.8]","[0.6956521739130435, 0.8043478260869565, 0.717391304347826, 0.8043478260869565, 0.7111111111111111, 0.8222222222222222, 0.7555555555555555, 0.8444444444444444, 0.8, 0.8]","[0.6956521739130435, 0.8043478260869565, 0.717391304347826, 0.8043478260869565, 0.7111111111111111, 0.8222222222222222, 0.7555555555555555, 0.8444444444444444, 0.8, 0.8]","[0.6956521739130435, 0.8043478260869565, 0.717391304347826, 0.8043478260869565, 0.7111111111111111, 0.8222222222222222, 0.7555555555555555, 0.8444444444444444, 0.8000000000000002, 0.8000000000000002]","[0.7508753501400561, 0.8320494864612511, 0.7131944444444445, 0.8447712418300652, 0.7290032679738563, 0.859375, 0.7550213675213675, 0.874732905982906, 0.8035714285714286, 0.8345352564102564]","[0.6749999999999999, 0.7875, 0.6878787878787879, 0.7856060606060606, 0.6915584415584415, 0.8027777777777778, 0.7212121212121212, 0.825, 0.7828282828282828, 0.7823232323232323]","[0.6634012539184952, 0.798873987854251, 0.6796425796425797, 0.7882506747638326, 0.6768213637542131, 0.8020591749244501, 0.7150058275058276, 0.8357323232323233, 0.7833333333333334, 0.7782963004737199]","[0.739526245280721, 0.8190638574270288, 0.7177536231884057, 0.838590508667235, 0.7321859114015977, 0.8569444444444444, 0.7562678062678062, 0.8605413105413104, 0.8079365079365081, 0.8252492877492877]","[0.6956521739130435, 0.8043478260869565, 0.717391304347826, 0.8043478260869565, 0.7111111111111111, 0.8222222222222222, 0.7555555555555555, 0.8444444444444444, 0.8, 0.8]","[0.676945618100041, 0.8023862436190811, 0.6982703287051113, 0.7972664730387843, 0.6910552242675655, 0.8131062540508038, 0.7362470862470863, 0.8397418630751964, 0.7955555555555557, 0.7880003509035768]","[array([[12,  0,  0,  0],
       [ 5,  3,  0,  1],
       [ 0,  0,  7,  3],
       [ 0,  0,  5, 10]]), array([[11,  0,  0,  1],
       [ 3,  6,  0,  0],
       [ 0,  0,  7,  3],
       [ 0,  0,  2, 13]]), array([[ 9,  2,  0,  0],
       [ 6,  3,  0,  1],
       [ 0,  0,  7,  3],
       [ 0,  0,  1, 14]]), array([[10,  0,  1,  0],
       [ 4,  5,  0,  1],
       [ 0,  0,  8,  2],
       [ 1,  0,  0, 14]]), array([[10,  1,  0,  0],
       [ 7,  3,  0,  0],
       [ 0,  0,  7,  3],
       [ 0,  0,  2, 12]]), array([[11,  0,  0,  0],
       [ 5,  5,  0,  0],
       [ 0,  0,  7,  2],
       [ 0,  0,  1, 14]]), array([[ 9,  1,  1,  0],
       [ 4,  3,  0,  2],
       [ 0,  0,  8,  2],
       [ 0,  0,  1, 14]]), array([[11,  0,  0,  0],
       [ 2,  6,  0,  1],
       [ 0,  0,  7,  3],
       [ 0,  0,  1, 14]]), array([[10,  1,  0,  0],
       [ 4,  5,  0,  0],
       [ 0,  0,  8,  2],
       [ 0,  0,  2, 13]]), array([[ 9,  0,  0,  2],
       [ 4,  4,  0,  1],
       [ 0,  0, 10,  0],
       [ 0,  0,  2, 13]])]"
36,"[1.0, 1.0, 1.0, 1.0, 1.0, 1.0, 1.0, 1.0, 1.0, 1.0]","[1.0, 1.0, 1.0, 1.0, 1.0, 1.0, 1.0, 1.0, 1.0, 1.0]","[1.0, 1.0, 1.0, 1.0, 1.0, 1.0, 1.0, 1.0, 1.0, 1.0]","[1.0, 1.0, 1.0, 1.0, 1.0, 1.0, 1.0, 1.0, 1.0, 1.0]","[1.0, 1.0, 1.0, 1.0, 1.0, 1.0, 1.0, 1.0, 1.0, 1.0]","[1.0, 1.0, 1.0, 1.0, 1.0, 1.0, 1.0, 1.0, 1.0, 1.0]","[1.0, 1.0, 1.0, 1.0, 1.0, 1.0, 1.0, 1.0, 1.0, 1.0]","[1.0, 1.0, 1.0, 1.0, 1.0, 1.0, 1.0, 1.0, 1.0, 1.0]","[1.0, 1.0, 1.0, 1.0, 1.0, 1.0, 1.0, 1.0, 1.0, 1.0]","[1.0, 1.0, 1.0, 1.0, 1.0, 1.0, 1.0, 1.0, 1.0, 1.0]","[array([[100,   0,   0,   0],
       [  0,  85,   0,   0],
       [  0,   0,  89,   0],
       [  0,   0,   0, 134]]), array([[100,   0,   0,   0],
       [  0,  85,   0,   0],
       [  0,   0,  89,   0],
       [  0,   0,   0, 134]]), array([[101,   0,   0,   0],
       [  0,  84,   0,   0],
       [  0,   0,  89,   0],
       [  0,   0,   0, 134]]), array([[101,   0,   0,   0],
       [  0,  84,   0,   0],
       [  0,   0,  89,   0],
       [  0,   0,   0, 134]]), array([[101,   0,   0,   0],
       [  0,  84,   0,   0],
       [  0,   0,  89,   0],
       [  0,   0,   0, 135]]), array([[101,   0,   0,   0],
       [  0,  84,   0,   0],
       [  0,   0,  90,   0],
       [  0,   0,   0, 134]]), array([[101,   0,   0,   0],
       [  0,  85,   0,   0],
       [  0,   0,  89,   0],
       [  0,   0,   0, 134]]), array([[101,   0,   0,   0],
       [  0,  85,   0,   0],
       [  0,   0,  89,   0],
       [  0,   0,   0, 134]]), array([[101,   0,   0,   0],
       [  0,  85,   0,   0],
       [  0,   0,  89,   0],
       [  0,   0,   0, 134]]), array([[101,   0,   0,   0],
       [  0,  85,   0,   0],
       [  0,   0,  89,   0],
       [  0,   0,   0, 134]])]","[0.6956521739130435, 0.8043478260869565, 0.6956521739130435, 0.8043478260869565, 0.6666666666666666, 0.8222222222222222, 0.7555555555555555, 0.8666666666666667, 0.8, 0.8]","[0.6956521739130435, 0.8043478260869565, 0.6956521739130435, 0.8043478260869565, 0.6666666666666666, 0.8222222222222222, 0.7555555555555555, 0.8666666666666667, 0.8, 0.8]","[0.6956521739130435, 0.8043478260869565, 0.6956521739130435, 0.8043478260869565, 0.6666666666666666, 0.8222222222222222, 0.7555555555555555, 0.8666666666666667, 0.8, 0.8]","[0.6956521739130435, 0.8043478260869565, 0.6956521739130435, 0.8043478260869565, 0.6666666666666666, 0.8222222222222222, 0.7555555555555555, 0.8666666666666667, 0.8000000000000002, 0.8000000000000002]","[0.7508753501400561, 0.8320494864612511, 0.6984962406015037, 0.8447712418300652, 0.6517973856209149, 0.8305555555555555, 0.7550213675213675, 0.8896430367018602, 0.8035714285714286, 0.8345352564102564]","[0.6749999999999999, 0.7875, 0.6628787878787878, 0.7856060606060606, 0.6438311688311689, 0.8078282828282828, 0.7212121212121212, 0.8500000000000001, 0.7828282828282828, 0.7823232323232323]","[0.6634012539184952, 0.798873987854251, 0.6554298642533937, 0.7882506747638326, 0.6232499351827845, 0.8041132478632478, 0.7150058275058276, 0.8584429824561404, 0.7833333333333334, 0.7782963004737199]","[0.739526245280721, 0.8190638574270288, 0.700523046747303, 0.838590508667235, 0.6622512708787218, 0.8370370370370371, 0.7562678062678062, 0.8788782749567063, 0.8079365079365081, 0.8252492877492877]","[0.6956521739130435, 0.8043478260869565, 0.6956521739130435, 0.8043478260869565, 0.6666666666666666, 0.8222222222222222, 0.7555555555555555, 0.8666666666666667, 0.8, 0.8]","[0.676945618100041, 0.8023862436190811, 0.6745032461144993, 0.7972664730387843, 0.6418488750612162, 0.8158119658119658, 0.7362470862470863, 0.8628752436647172, 0.7955555555555557, 0.7880003509035768]","[array([[12,  0,  0,  0],
       [ 5,  3,  0,  1],
       [ 0,  0,  7,  3],
       [ 0,  0,  5, 10]]), array([[11,  0,  0,  1],
       [ 3,  6,  0,  0],
       [ 0,  0,  7,  3],
       [ 0,  0,  2, 13]]), array([[ 9,  2,  0,  0],
       [ 6,  3,  0,  1],
       [ 0,  0,  6,  4],
       [ 0,  0,  1, 14]]), array([[10,  0,  1,  0],
       [ 4,  5,  0,  1],
       [ 0,  0,  8,  2],
       [ 1,  0,  0, 14]]), array([[ 9,  2,  0,  0],
       [ 8,  2,  0,  0],
       [ 0,  0,  7,  3],
       [ 0,  0,  2, 12]]), array([[10,  1,  0,  0],
       [ 5,  5,  0,  0],
       [ 0,  0,  8,  1],
       [ 0,  0,  1, 14]]), array([[ 9,  1,  1,  0],
       [ 4,  3,  0,  2],
       [ 0,  0,  8,  2],
       [ 0,  0,  1, 14]]), array([[11,  0,  0,  0],
       [ 2,  6,  0,  1],
       [ 0,  0,  8,  2],
       [ 0,  0,  1, 14]]), array([[10,  1,  0,  0],
       [ 4,  5,  0,  0],
       [ 0,  0,  8,  2],
       [ 0,  0,  2, 13]]), array([[ 9,  0,  0,  2],
       [ 4,  4,  0,  1],
       [ 0,  0, 10,  0],
       [ 0,  0,  2, 13]])]"
37,"[1.0, 1.0, 1.0, 1.0, 1.0, 1.0, 1.0, 1.0, 1.0, 1.0]","[1.0, 1.0, 1.0, 1.0, 1.0, 1.0, 1.0, 1.0, 1.0, 1.0]","[1.0, 1.0, 1.0, 1.0, 1.0, 1.0, 1.0, 1.0, 1.0, 1.0]","[1.0, 1.0, 1.0, 1.0, 1.0, 1.0, 1.0, 1.0, 1.0, 1.0]","[1.0, 1.0, 1.0, 1.0, 1.0, 1.0, 1.0, 1.0, 1.0, 1.0]","[1.0, 1.0, 1.0, 1.0, 1.0, 1.0, 1.0, 1.0, 1.0, 1.0]","[1.0, 1.0, 1.0, 1.0, 1.0, 1.0, 1.0, 1.0, 1.0, 1.0]","[1.0, 1.0, 1.0, 1.0, 1.0, 1.0, 1.0, 1.0, 1.0, 1.0]","[1.0, 1.0, 1.0, 1.0, 1.0, 1.0, 1.0, 1.0, 1.0, 1.0]","[1.0, 1.0, 1.0, 1.0, 1.0, 1.0, 1.0, 1.0, 1.0, 1.0]","[array([[100,   0,   0,   0],
       [  0,  85,   0,   0],
       [  0,   0,  89,   0],
       [  0,   0,   0, 134]]), array([[100,   0,   0,   0],
       [  0,  85,   0,   0],
       [  0,   0,  89,   0],
       [  0,   0,   0, 134]]), array([[101,   0,   0,   0],
       [  0,  84,   0,   0],
       [  0,   0,  89,   0],
       [  0,   0,   0, 134]]), array([[101,   0,   0,   0],
       [  0,  84,   0,   0],
       [  0,   0,  89,   0],
       [  0,   0,   0, 134]]), array([[101,   0,   0,   0],
       [  0,  84,   0,   0],
       [  0,   0,  89,   0],
       [  0,   0,   0, 135]]), array([[101,   0,   0,   0],
       [  0,  84,   0,   0],
       [  0,   0,  90,   0],
       [  0,   0,   0, 134]]), array([[101,   0,   0,   0],
       [  0,  85,   0,   0],
       [  0,   0,  89,   0],
       [  0,   0,   0, 134]]), array([[101,   0,   0,   0],
       [  0,  85,   0,   0],
       [  0,   0,  89,   0],
       [  0,   0,   0, 134]]), array([[101,   0,   0,   0],
       [  0,  85,   0,   0],
       [  0,   0,  89,   0],
       [  0,   0,   0, 134]]), array([[101,   0,   0,   0],
       [  0,  85,   0,   0],
       [  0,   0,  89,   0],
       [  0,   0,   0, 134]])]","[0.6956521739130435, 0.8043478260869565, 0.717391304347826, 0.8043478260869565, 0.6888888888888889, 0.8444444444444444, 0.7333333333333333, 0.8444444444444444, 0.8, 0.7777777777777778]","[0.6956521739130435, 0.8043478260869565, 0.717391304347826, 0.8043478260869565, 0.6888888888888889, 0.8444444444444444, 0.7333333333333333, 0.8444444444444444, 0.8, 0.7777777777777778]","[0.6956521739130435, 0.8043478260869565, 0.717391304347826, 0.8043478260869565, 0.6888888888888889, 0.8444444444444444, 0.7333333333333333, 0.8444444444444444, 0.8, 0.7777777777777778]","[0.6956521739130435, 0.8043478260869565, 0.717391304347826, 0.8043478260869565, 0.6888888888888889, 0.8444444444444444, 0.7333333333333333, 0.8444444444444444, 0.8000000000000002, 0.7777777777777778]","[0.7508753501400561, 0.8320494864612511, 0.7131944444444445, 0.8447712418300652, 0.7, 0.8774305555555555, 0.739231893837157, 0.8745331465919701, 0.8035714285714286, 0.8187988482106129]","[0.6749999999999999, 0.7875, 0.6878787878787879, 0.7856060606060606, 0.6665584415584416, 0.8305555555555555, 0.6962121212121213, 0.8222222222222222, 0.7828282828282828, 0.7573232323232323]","[0.6634012539184952, 0.798873987854251, 0.6796425796425797, 0.7882506747638326, 0.6404439480664526, 0.825925925925926, 0.6929774946415813, 0.8278477443609022, 0.7833333333333334, 0.7587568681318682]","[0.739526245280721, 0.8190638574270288, 0.7177536231884057, 0.838590508667235, 0.7056790123456791, 0.8791666666666667, 0.737684310491328, 0.8641041601825915, 0.8079365079365081, 0.8059509118332646]","[0.6956521739130435, 0.8043478260869565, 0.717391304347826, 0.8043478260869565, 0.6888888888888889, 0.8444444444444444, 0.7333333333333333, 0.8444444444444444, 0.8, 0.7777777777777778]","[0.676945618100041, 0.8023862436190811, 0.6982703287051113, 0.7972664730387843, 0.6581723982812911, 0.8362139917695472, 0.7138935196210738, 0.8367694235588973, 0.7955555555555557, 0.7677197802197804]","[array([[12,  0,  0,  0],
       [ 5,  3,  0,  1],
       [ 0,  0,  7,  3],
       [ 0,  0,  5, 10]]), array([[11,  0,  0,  1],
       [ 3,  6,  0,  0],
       [ 0,  0,  7,  3],
       [ 0,  0,  2, 13]]), array([[ 9,  2,  0,  0],
       [ 6,  3,  0,  1],
       [ 0,  0,  7,  3],
       [ 0,  0,  1, 14]]), array([[10,  0,  1,  0],
       [ 4,  5,  0,  1],
       [ 0,  0,  8,  2],
       [ 1,  0,  0, 14]]), array([[10,  1,  0,  0],
       [ 8,  2,  0,  0],
       [ 0,  0,  7,  3],
       [ 0,  0,  2, 12]]), array([[11,  0,  0,  0],
       [ 5,  5,  0,  0],
       [ 0,  0,  8,  1],
       [ 0,  0,  1, 14]]), array([[ 9,  1,  1,  0],
       [ 4,  3,  0,  2],
       [ 0,  0,  7,  3],
       [ 0,  0,  1, 14]]), array([[11,  0,  0,  0],
       [ 3,  5,  0,  1],
       [ 0,  0,  8,  2],
       [ 0,  0,  1, 14]]), array([[10,  1,  0,  0],
       [ 4,  5,  0,  0],
       [ 0,  0,  8,  2],
       [ 0,  0,  2, 13]]), array([[ 9,  0,  0,  2],
       [ 4,  4,  0,  1],
       [ 0,  0,  9,  1],
       [ 0,  0,  2, 13]])]"
38,"[1.0, 1.0, 1.0, 1.0, 1.0, 1.0, 1.0, 1.0, 1.0, 1.0]","[1.0, 1.0, 1.0, 1.0, 1.0, 1.0, 1.0, 1.0, 1.0, 1.0]","[1.0, 1.0, 1.0, 1.0, 1.0, 1.0, 1.0, 1.0, 1.0, 1.0]","[1.0, 1.0, 1.0, 1.0, 1.0, 1.0, 1.0, 1.0, 1.0, 1.0]","[1.0, 1.0, 1.0, 1.0, 1.0, 1.0, 1.0, 1.0, 1.0, 1.0]","[1.0, 1.0, 1.0, 1.0, 1.0, 1.0, 1.0, 1.0, 1.0, 1.0]","[1.0, 1.0, 1.0, 1.0, 1.0, 1.0, 1.0, 1.0, 1.0, 1.0]","[1.0, 1.0, 1.0, 1.0, 1.0, 1.0, 1.0, 1.0, 1.0, 1.0]","[1.0, 1.0, 1.0, 1.0, 1.0, 1.0, 1.0, 1.0, 1.0, 1.0]","[1.0, 1.0, 1.0, 1.0, 1.0, 1.0, 1.0, 1.0, 1.0, 1.0]","[array([[100,   0,   0,   0],
       [  0,  85,   0,   0],
       [  0,   0,  89,   0],
       [  0,   0,   0, 134]]), array([[100,   0,   0,   0],
       [  0,  85,   0,   0],
       [  0,   0,  89,   0],
       [  0,   0,   0, 134]]), array([[101,   0,   0,   0],
       [  0,  84,   0,   0],
       [  0,   0,  89,   0],
       [  0,   0,   0, 134]]), array([[101,   0,   0,   0],
       [  0,  84,   0,   0],
       [  0,   0,  89,   0],
       [  0,   0,   0, 134]]), array([[101,   0,   0,   0],
       [  0,  84,   0,   0],
       [  0,   0,  89,   0],
       [  0,   0,   0, 135]]), array([[101,   0,   0,   0],
       [  0,  84,   0,   0],
       [  0,   0,  90,   0],
       [  0,   0,   0, 134]]), array([[101,   0,   0,   0],
       [  0,  85,   0,   0],
       [  0,   0,  89,   0],
       [  0,   0,   0, 134]]), array([[101,   0,   0,   0],
       [  0,  85,   0,   0],
       [  0,   0,  89,   0],
       [  0,   0,   0, 134]]), array([[101,   0,   0,   0],
       [  0,  85,   0,   0],
       [  0,   0,  89,   0],
       [  0,   0,   0, 134]]), array([[101,   0,   0,   0],
       [  0,  85,   0,   0],
       [  0,   0,  89,   0],
       [  0,   0,   0, 134]])]","[0.6956521739130435, 0.8043478260869565, 0.6956521739130435, 0.8043478260869565, 0.6666666666666666, 0.8, 0.7333333333333333, 0.8444444444444444, 0.8222222222222222, 0.8]","[0.6956521739130435, 0.8043478260869565, 0.6956521739130435, 0.8043478260869565, 0.6666666666666666, 0.8, 0.7333333333333333, 0.8444444444444444, 0.8222222222222222, 0.8]","[0.6956521739130435, 0.8043478260869565, 0.6956521739130435, 0.8043478260869565, 0.6666666666666666, 0.8, 0.7333333333333333, 0.8444444444444444, 0.8222222222222222, 0.8]","[0.6956521739130435, 0.8043478260869565, 0.6956521739130435, 0.8043478260869565, 0.6666666666666666, 0.8000000000000002, 0.7333333333333333, 0.8444444444444444, 0.8222222222222222, 0.8000000000000002]","[0.7508753501400561, 0.8320494864612511, 0.6984962406015037, 0.8447712418300652, 0.6517973856209149, 0.8118055555555557, 0.739231893837157, 0.8745331465919701, 0.85, 0.8345352564102564]","[0.6749999999999999, 0.7875, 0.6628787878787878, 0.7856060606060606, 0.6438311688311689, 0.7828282828282829, 0.6962121212121213, 0.8222222222222222, 0.8055555555555556, 0.7823232323232323]","[0.6634012539184952, 0.798873987854251, 0.6554298642533937, 0.7882506747638326, 0.6232499351827845, 0.7740740740740741, 0.6929774946415813, 0.8278477443609022, 0.8067765567765568, 0.7782963004737199]","[0.739526245280721, 0.8190638574270288, 0.700523046747303, 0.838590508667235, 0.6622512708787218, 0.8194444444444444, 0.737684310491328, 0.8641041601825915, 0.8459259259259259, 0.8252492877492877]","[0.6956521739130435, 0.8043478260869565, 0.6956521739130435, 0.8043478260869565, 0.6666666666666666, 0.8, 0.7333333333333333, 0.8444444444444444, 0.8222222222222222, 0.8]","[0.676945618100041, 0.8023862436190811, 0.6745032461144993, 0.7972664730387843, 0.6418488750612162, 0.788477366255144, 0.7138935196210738, 0.8367694235588973, 0.8163614163614163, 0.7880003509035768]","[array([[12,  0,  0,  0],
       [ 5,  3,  0,  1],
       [ 0,  0,  7,  3],
       [ 0,  0,  5, 10]]), array([[11,  0,  0,  1],
       [ 3,  6,  0,  0],
       [ 0,  0,  7,  3],
       [ 0,  0,  2, 13]]), array([[ 9,  2,  0,  0],
       [ 6,  3,  0,  1],
       [ 0,  0,  6,  4],
       [ 0,  0,  1, 14]]), array([[10,  0,  1,  0],
       [ 4,  5,  0,  1],
       [ 0,  0,  8,  2],
       [ 1,  0,  0, 14]]), array([[ 9,  2,  0,  0],
       [ 8,  2,  0,  0],
       [ 0,  0,  7,  3],
       [ 0,  0,  2, 12]]), array([[10,  1,  0,  0],
       [ 6,  4,  0,  0],
       [ 0,  0,  8,  1],
       [ 0,  0,  1, 14]]), array([[ 9,  1,  1,  0],
       [ 4,  3,  0,  2],
       [ 0,  0,  7,  3],
       [ 0,  0,  1, 14]]), array([[11,  0,  0,  0],
       [ 3,  5,  0,  1],
       [ 0,  0,  8,  2],
       [ 0,  0,  1, 14]]), array([[11,  0,  0,  0],
       [ 4,  5,  0,  0],
       [ 0,  0,  8,  2],
       [ 0,  0,  2, 13]]), array([[ 9,  0,  0,  2],
       [ 4,  4,  0,  1],
       [ 0,  0, 10,  0],
       [ 0,  0,  2, 13]])]"
