n_neighbors value,Train_Accuracy,Train_Precision_micro,Train_Recall_micro,Train_f1_micro,Train_Precision_macro,Train_Recall_macro,Train_f1_macro,Train_Precision_weighted,Train_Recall_weighted,Train_f1_weighted,Train_Confusion_Matrix,Test_Accuracy,Test_Precision_micro,Test_Recall_micro,Test_f1_micro,Test_Precision_macro,Test_Recall_macro,Test_f1_macro,Test_Precision_weighted,Test_Recall_weighted,Test_f1_weighted,Test_Confusion_Matrix
1,"[1.0, 1.0, 1.0, 1.0, 1.0, 1.0, 1.0, 1.0, 1.0, 1.0]","[1.0, 1.0, 1.0, 1.0, 1.0, 1.0, 1.0, 1.0, 1.0, 1.0]","[1.0, 1.0, 1.0, 1.0, 1.0, 1.0, 1.0, 1.0, 1.0, 1.0]","[1.0, 1.0, 1.0, 1.0, 1.0, 1.0, 1.0, 1.0, 1.0, 1.0]","[1.0, 1.0, 1.0, 1.0, 1.0, 1.0, 1.0, 1.0, 1.0, 1.0]","[1.0, 1.0, 1.0, 1.0, 1.0, 1.0, 1.0, 1.0, 1.0, 1.0]","[1.0, 1.0, 1.0, 1.0, 1.0, 1.0, 1.0, 1.0, 1.0, 1.0]","[1.0, 1.0, 1.0, 1.0, 1.0, 1.0, 1.0, 1.0, 1.0, 1.0]","[1.0, 1.0, 1.0, 1.0, 1.0, 1.0, 1.0, 1.0, 1.0, 1.0]","[1.0, 1.0, 1.0, 1.0, 1.0, 1.0, 1.0, 1.0, 1.0, 1.0]","[array([[100,   0,   0,   0],
       [  0,  85,   0,   0],
       [  0,   0,  89,   0],
       [  0,   0,   0, 134]]), array([[100,   0,   0,   0],
       [  0,  85,   0,   0],
       [  0,   0,  89,   0],
       [  0,   0,   0, 134]]), array([[101,   0,   0,   0],
       [  0,  84,   0,   0],
       [  0,   0,  89,   0],
       [  0,   0,   0, 134]]), array([[101,   0,   0,   0],
       [  0,  84,   0,   0],
       [  0,   0,  89,   0],
       [  0,   0,   0, 134]]), array([[101,   0,   0,   0],
       [  0,  84,   0,   0],
       [  0,   0,  89,   0],
       [  0,   0,   0, 135]]), array([[101,   0,   0,   0],
       [  0,  84,   0,   0],
       [  0,   0,  90,   0],
       [  0,   0,   0, 134]]), array([[101,   0,   0,   0],
       [  0,  85,   0,   0],
       [  0,   0,  89,   0],
       [  0,   0,   0, 134]]), array([[101,   0,   0,   0],
       [  0,  85,   0,   0],
       [  0,   0,  89,   0],
       [  0,   0,   0, 134]]), array([[101,   0,   0,   0],
       [  0,  85,   0,   0],
       [  0,   0,  89,   0],
       [  0,   0,   0, 134]]), array([[101,   0,   0,   0],
       [  0,  85,   0,   0],
       [  0,   0,  89,   0],
       [  0,   0,   0, 134]])]","[0.6521739130434783, 0.782608695652174, 0.8260869565217391, 0.782608695652174, 0.8, 0.8, 0.6666666666666666, 0.7333333333333333, 0.6666666666666666, 0.7555555555555555]","[0.6521739130434783, 0.782608695652174, 0.8260869565217391, 0.782608695652174, 0.8, 0.8, 0.6666666666666666, 0.7333333333333333, 0.6666666666666666, 0.7555555555555555]","[0.6521739130434783, 0.782608695652174, 0.8260869565217391, 0.782608695652174, 0.8, 0.8, 0.6666666666666666, 0.7333333333333333, 0.6666666666666666, 0.7555555555555555]","[0.6521739130434783, 0.782608695652174, 0.8260869565217391, 0.782608695652174, 0.8000000000000002, 0.8000000000000002, 0.6666666666666666, 0.7333333333333333, 0.6666666666666666, 0.7555555555555555]","[0.6766483516483517, 0.7922143216260863, 0.8212121212121212, 0.788888888888889, 0.8062499999999999, 0.808603896103896, 0.6674185463659148, 0.7899305555555556, 0.7404401154401155, 0.7607600732600732]","[0.6444444444444444, 0.7666666666666667, 0.8212121212121212, 0.7856060606060606, 0.7938311688311689, 0.8055555555555556, 0.6429292929292929, 0.7, 0.6472222222222223, 0.7439393939393939]","[0.6417124542124542, 0.7748355263157894, 0.8212121212121213, 0.7862509534706331, 0.796993170081626, 0.7917127534774593, 0.6498415155535898, 0.6923400673400673, 0.619644723092999, 0.7472764572722128]","[0.67730530339226, 0.7868134990897139, 0.8260869565217391, 0.783816425120773, 0.8044444444444445, 0.8207455507455508, 0.6685157337788916, 0.775462962962963, 0.7288920955587623, 0.7576109076109075]","[0.6521739130434783, 0.782608695652174, 0.8260869565217391, 0.782608695652174, 0.8, 0.8, 0.6666666666666666, 0.7333333333333333, 0.6666666666666666, 0.7555555555555555]","[0.6489090619525403, 0.7805635011441647, 0.8260869565217391, 0.7823102178887673, 0.7993928961445205, 0.7953052902072509, 0.6618883810834275, 0.709951365506921, 0.6362010913735051, 0.7521190970257184]","[array([[10,  1,  1,  0],
       [ 4,  4,  0,  1],
       [ 0,  0,  7,  3],
       [ 0,  0,  6,  9]]), array([[10,  1,  0,  1],
       [ 3,  6,  0,  0],
       [ 0,  0,  7,  3],
       [ 0,  0,  2, 13]]), array([[ 9,  2,  0,  0],
       [ 2,  8,  0,  0],
       [ 0,  0,  8,  2],
       [ 0,  0,  2, 13]]), array([[10,  1,  0,  0],
       [ 1,  8,  0,  1],
       [ 0,  0,  7,  3],
       [ 1,  0,  3, 11]]), array([[ 9,  1,  0,  1],
       [ 3,  7,  0,  0],
       [ 0,  0,  8,  2],
       [ 0,  0,  2, 12]]), array([[11,  0,  0,  0],
       [ 4,  6,  0,  0],
       [ 0,  0,  8,  1],
       [ 0,  1,  3, 11]]), array([[ 8,  2,  1,  0],
       [ 2,  4,  0,  3],
       [ 0,  0,  6,  4],
       [ 0,  1,  2, 12]]), array([[11,  0,  0,  0],
       [ 5,  3,  0,  1],
       [ 0,  0,  6,  4],
       [ 0,  0,  2, 13]]), array([[11,  0,  0,  0],
       [ 6,  2,  0,  1],
       [ 0,  0,  7,  3],
       [ 1,  0,  4, 10]]), array([[10,  1,  0,  0],
       [ 2,  6,  0,  1],
       [ 1,  0,  6,  3],
       [ 0,  0,  3, 12]])]"
2,"[1.0, 1.0, 1.0, 1.0, 1.0, 1.0, 1.0, 1.0, 1.0, 1.0]","[1.0, 1.0, 1.0, 1.0, 1.0, 1.0, 1.0, 1.0, 1.0, 1.0]","[1.0, 1.0, 1.0, 1.0, 1.0, 1.0, 1.0, 1.0, 1.0, 1.0]","[1.0, 1.0, 1.0, 1.0, 1.0, 1.0, 1.0, 1.0, 1.0, 1.0]","[1.0, 1.0, 1.0, 1.0, 1.0, 1.0, 1.0, 1.0, 1.0, 1.0]","[1.0, 1.0, 1.0, 1.0, 1.0, 1.0, 1.0, 1.0, 1.0, 1.0]","[1.0, 1.0, 1.0, 1.0, 1.0, 1.0, 1.0, 1.0, 1.0, 1.0]","[1.0, 1.0, 1.0, 1.0, 1.0, 1.0, 1.0, 1.0, 1.0, 1.0]","[1.0, 1.0, 1.0, 1.0, 1.0, 1.0, 1.0, 1.0, 1.0, 1.0]","[1.0, 1.0, 1.0, 1.0, 1.0, 1.0, 1.0, 1.0, 1.0, 1.0]","[array([[100,   0,   0,   0],
       [  0,  85,   0,   0],
       [  0,   0,  89,   0],
       [  0,   0,   0, 134]]), array([[100,   0,   0,   0],
       [  0,  85,   0,   0],
       [  0,   0,  89,   0],
       [  0,   0,   0, 134]]), array([[101,   0,   0,   0],
       [  0,  84,   0,   0],
       [  0,   0,  89,   0],
       [  0,   0,   0, 134]]), array([[101,   0,   0,   0],
       [  0,  84,   0,   0],
       [  0,   0,  89,   0],
       [  0,   0,   0, 134]]), array([[101,   0,   0,   0],
       [  0,  84,   0,   0],
       [  0,   0,  89,   0],
       [  0,   0,   0, 135]]), array([[101,   0,   0,   0],
       [  0,  84,   0,   0],
       [  0,   0,  90,   0],
       [  0,   0,   0, 134]]), array([[101,   0,   0,   0],
       [  0,  85,   0,   0],
       [  0,   0,  89,   0],
       [  0,   0,   0, 134]]), array([[101,   0,   0,   0],
       [  0,  85,   0,   0],
       [  0,   0,  89,   0],
       [  0,   0,   0, 134]]), array([[101,   0,   0,   0],
       [  0,  85,   0,   0],
       [  0,   0,  89,   0],
       [  0,   0,   0, 134]]), array([[101,   0,   0,   0],
       [  0,  85,   0,   0],
       [  0,   0,  89,   0],
       [  0,   0,   0, 134]])]","[0.6521739130434783, 0.782608695652174, 0.8260869565217391, 0.782608695652174, 0.8, 0.8, 0.6666666666666666, 0.7333333333333333, 0.6666666666666666, 0.7555555555555555]","[0.6521739130434783, 0.782608695652174, 0.8260869565217391, 0.782608695652174, 0.8, 0.8, 0.6666666666666666, 0.7333333333333333, 0.6666666666666666, 0.7555555555555555]","[0.6521739130434783, 0.782608695652174, 0.8260869565217391, 0.782608695652174, 0.8, 0.8, 0.6666666666666666, 0.7333333333333333, 0.6666666666666666, 0.7555555555555555]","[0.6521739130434783, 0.782608695652174, 0.8260869565217391, 0.782608695652174, 0.8000000000000002, 0.8000000000000002, 0.6666666666666666, 0.7333333333333333, 0.6666666666666666, 0.7555555555555555]","[0.6766483516483517, 0.7922143216260863, 0.8212121212121212, 0.788888888888889, 0.8062499999999999, 0.808603896103896, 0.6674185463659148, 0.7899305555555556, 0.7404401154401155, 0.7607600732600732]","[0.6444444444444444, 0.7666666666666667, 0.8212121212121212, 0.7856060606060606, 0.7938311688311689, 0.8055555555555556, 0.6429292929292929, 0.7, 0.6472222222222223, 0.7439393939393939]","[0.6417124542124542, 0.7748355263157894, 0.8212121212121213, 0.7862509534706331, 0.796993170081626, 0.7917127534774593, 0.6498415155535898, 0.6923400673400673, 0.619644723092999, 0.7472764572722128]","[0.67730530339226, 0.7868134990897139, 0.8260869565217391, 0.783816425120773, 0.8044444444444445, 0.8207455507455508, 0.6685157337788916, 0.775462962962963, 0.7288920955587623, 0.7576109076109075]","[0.6521739130434783, 0.782608695652174, 0.8260869565217391, 0.782608695652174, 0.8, 0.8, 0.6666666666666666, 0.7333333333333333, 0.6666666666666666, 0.7555555555555555]","[0.6489090619525403, 0.7805635011441647, 0.8260869565217391, 0.7823102178887673, 0.7993928961445205, 0.7953052902072509, 0.6618883810834275, 0.709951365506921, 0.6362010913735051, 0.7521190970257184]","[array([[10,  1,  1,  0],
       [ 4,  4,  0,  1],
       [ 0,  0,  7,  3],
       [ 0,  0,  6,  9]]), array([[10,  1,  0,  1],
       [ 3,  6,  0,  0],
       [ 0,  0,  7,  3],
       [ 0,  0,  2, 13]]), array([[ 9,  2,  0,  0],
       [ 2,  8,  0,  0],
       [ 0,  0,  8,  2],
       [ 0,  0,  2, 13]]), array([[10,  1,  0,  0],
       [ 1,  8,  0,  1],
       [ 0,  0,  7,  3],
       [ 1,  0,  3, 11]]), array([[ 9,  1,  0,  1],
       [ 3,  7,  0,  0],
       [ 0,  0,  8,  2],
       [ 0,  0,  2, 12]]), array([[11,  0,  0,  0],
       [ 4,  6,  0,  0],
       [ 0,  0,  8,  1],
       [ 0,  1,  3, 11]]), array([[ 8,  2,  1,  0],
       [ 2,  4,  0,  3],
       [ 0,  0,  6,  4],
       [ 0,  1,  2, 12]]), array([[11,  0,  0,  0],
       [ 5,  3,  0,  1],
       [ 0,  0,  6,  4],
       [ 0,  0,  2, 13]]), array([[11,  0,  0,  0],
       [ 6,  2,  0,  1],
       [ 0,  0,  7,  3],
       [ 1,  0,  4, 10]]), array([[10,  1,  0,  0],
       [ 2,  6,  0,  1],
       [ 1,  0,  6,  3],
       [ 0,  0,  3, 12]])]"
3,"[1.0, 1.0, 1.0, 1.0, 1.0, 1.0, 1.0, 1.0, 1.0, 1.0]","[1.0, 1.0, 1.0, 1.0, 1.0, 1.0, 1.0, 1.0, 1.0, 1.0]","[1.0, 1.0, 1.0, 1.0, 1.0, 1.0, 1.0, 1.0, 1.0, 1.0]","[1.0, 1.0, 1.0, 1.0, 1.0, 1.0, 1.0, 1.0, 1.0, 1.0]","[1.0, 1.0, 1.0, 1.0, 1.0, 1.0, 1.0, 1.0, 1.0, 1.0]","[1.0, 1.0, 1.0, 1.0, 1.0, 1.0, 1.0, 1.0, 1.0, 1.0]","[1.0, 1.0, 1.0, 1.0, 1.0, 1.0, 1.0, 1.0, 1.0, 1.0]","[1.0, 1.0, 1.0, 1.0, 1.0, 1.0, 1.0, 1.0, 1.0, 1.0]","[1.0, 1.0, 1.0, 1.0, 1.0, 1.0, 1.0, 1.0, 1.0, 1.0]","[1.0, 1.0, 1.0, 1.0, 1.0, 1.0, 1.0, 1.0, 1.0, 1.0]","[array([[100,   0,   0,   0],
       [  0,  85,   0,   0],
       [  0,   0,  89,   0],
       [  0,   0,   0, 134]]), array([[100,   0,   0,   0],
       [  0,  85,   0,   0],
       [  0,   0,  89,   0],
       [  0,   0,   0, 134]]), array([[101,   0,   0,   0],
       [  0,  84,   0,   0],
       [  0,   0,  89,   0],
       [  0,   0,   0, 134]]), array([[101,   0,   0,   0],
       [  0,  84,   0,   0],
       [  0,   0,  89,   0],
       [  0,   0,   0, 134]]), array([[101,   0,   0,   0],
       [  0,  84,   0,   0],
       [  0,   0,  89,   0],
       [  0,   0,   0, 135]]), array([[101,   0,   0,   0],
       [  0,  84,   0,   0],
       [  0,   0,  90,   0],
       [  0,   0,   0, 134]]), array([[101,   0,   0,   0],
       [  0,  85,   0,   0],
       [  0,   0,  89,   0],
       [  0,   0,   0, 134]]), array([[101,   0,   0,   0],
       [  0,  85,   0,   0],
       [  0,   0,  89,   0],
       [  0,   0,   0, 134]]), array([[101,   0,   0,   0],
       [  0,  85,   0,   0],
       [  0,   0,  89,   0],
       [  0,   0,   0, 134]]), array([[101,   0,   0,   0],
       [  0,  85,   0,   0],
       [  0,   0,  89,   0],
       [  0,   0,   0, 134]])]","[0.717391304347826, 0.782608695652174, 0.7608695652173914, 0.8260869565217391, 0.7777777777777778, 0.8222222222222222, 0.6888888888888889, 0.7555555555555555, 0.7555555555555555, 0.6888888888888889]","[0.717391304347826, 0.782608695652174, 0.7608695652173914, 0.8260869565217391, 0.7777777777777778, 0.8222222222222222, 0.6888888888888889, 0.7555555555555555, 0.7555555555555555, 0.6888888888888889]","[0.717391304347826, 0.782608695652174, 0.7608695652173914, 0.8260869565217391, 0.7777777777777778, 0.8222222222222222, 0.6888888888888889, 0.7555555555555555, 0.7555555555555555, 0.6888888888888889]","[0.717391304347826, 0.782608695652174, 0.7608695652173914, 0.8260869565217391, 0.7777777777777778, 0.8222222222222222, 0.6888888888888889, 0.7555555555555555, 0.7555555555555555, 0.6888888888888889]","[0.7480769230769231, 0.7970063025210085, 0.7668269230769231, 0.8298888611388612, 0.7824862637362637, 0.824732905982906, 0.7058745348219031, 0.8013888888888889, 0.8062091503267974, 0.7320261437908497]","[0.7166666666666667, 0.7694444444444444, 0.7545454545454544, 0.8272727272727272, 0.7737012987012986, 0.8194444444444444, 0.6679292929292929, 0.7277777777777777, 0.7361111111111112, 0.6633838383838384]","[0.7193001443001443, 0.7759081196581197, 0.7569444444444445, 0.82396004378763, 0.7742063492063491, 0.8180555555555555, 0.6764705882352942, 0.7290209790209788, 0.7344852515905148, 0.6652327935222672]","[0.7387959866220737, 0.7853032517354768, 0.7688127090301002, 0.8315325978369456, 0.7824786324786325, 0.8235042735042735, 0.7025577411542323, 0.7866666666666666, 0.797676107480029, 0.7217138707334786]","[0.717391304347826, 0.782608695652174, 0.7608695652173914, 0.8260869565217391, 0.7777777777777778, 0.8222222222222222, 0.6888888888888889, 0.7555555555555555, 0.7555555555555555, 0.6888888888888889]","[0.7166102013928102, 0.777336492010405, 0.7614734299516909, 0.8245579591156804, 0.7765432098765431, 0.8191358024691358, 0.6856644880174292, 0.7406889406889405, 0.7455497718655614, 0.6780701754385965]","[array([[12,  0,  0,  0],
       [ 3,  6,  0,  0],
       [ 0,  0,  6,  4],
       [ 0,  0,  6,  9]]), array([[12,  0,  0,  0],
       [ 2,  7,  0,  0],
       [ 0,  0,  5,  5],
       [ 0,  0,  3, 12]]), array([[ 9,  2,  0,  0],
       [ 3,  7,  0,  0],
       [ 0,  0,  7,  3],
       [ 1,  1,  1, 12]]), array([[10,  1,  0,  0],
       [ 2,  7,  0,  1],
       [ 0,  0,  9,  1],
       [ 1,  0,  2, 12]]), array([[10,  1,  0,  0],
       [ 3,  7,  0,  0],
       [ 0,  0,  7,  3],
       [ 0,  0,  3, 11]]), array([[11,  0,  0,  0],
       [ 2,  7,  0,  1],
       [ 0,  0,  7,  2],
       [ 0,  1,  2, 12]]), array([[ 8,  2,  1,  0],
       [ 1,  4,  0,  4],
       [ 0,  0,  7,  3],
       [ 0,  0,  3, 12]]), array([[11,  0,  0,  0],
       [ 4,  4,  0,  1],
       [ 0,  0,  6,  4],
       [ 0,  0,  2, 13]]), array([[11,  0,  0,  0],
       [ 5,  4,  0,  0],
       [ 0,  0,  7,  3],
       [ 1,  0,  2, 12]]), array([[10,  0,  1,  0],
       [ 4,  4,  0,  1],
       [ 1,  0,  5,  4],
       [ 0,  0,  3, 12]])]"
4,"[1.0, 1.0, 1.0, 1.0, 1.0, 1.0, 1.0, 1.0, 1.0, 1.0]","[1.0, 1.0, 1.0, 1.0, 1.0, 1.0, 1.0, 1.0, 1.0, 1.0]","[1.0, 1.0, 1.0, 1.0, 1.0, 1.0, 1.0, 1.0, 1.0, 1.0]","[1.0, 1.0, 1.0, 1.0, 1.0, 1.0, 1.0, 1.0, 1.0, 1.0]","[1.0, 1.0, 1.0, 1.0, 1.0, 1.0, 1.0, 1.0, 1.0, 1.0]","[1.0, 1.0, 1.0, 1.0, 1.0, 1.0, 1.0, 1.0, 1.0, 1.0]","[1.0, 1.0, 1.0, 1.0, 1.0, 1.0, 1.0, 1.0, 1.0, 1.0]","[1.0, 1.0, 1.0, 1.0, 1.0, 1.0, 1.0, 1.0, 1.0, 1.0]","[1.0, 1.0, 1.0, 1.0, 1.0, 1.0, 1.0, 1.0, 1.0, 1.0]","[1.0, 1.0, 1.0, 1.0, 1.0, 1.0, 1.0, 1.0, 1.0, 1.0]","[array([[100,   0,   0,   0],
       [  0,  85,   0,   0],
       [  0,   0,  89,   0],
       [  0,   0,   0, 134]]), array([[100,   0,   0,   0],
       [  0,  85,   0,   0],
       [  0,   0,  89,   0],
       [  0,   0,   0, 134]]), array([[101,   0,   0,   0],
       [  0,  84,   0,   0],
       [  0,   0,  89,   0],
       [  0,   0,   0, 134]]), array([[101,   0,   0,   0],
       [  0,  84,   0,   0],
       [  0,   0,  89,   0],
       [  0,   0,   0, 134]]), array([[101,   0,   0,   0],
       [  0,  84,   0,   0],
       [  0,   0,  89,   0],
       [  0,   0,   0, 135]]), array([[101,   0,   0,   0],
       [  0,  84,   0,   0],
       [  0,   0,  90,   0],
       [  0,   0,   0, 134]]), array([[101,   0,   0,   0],
       [  0,  85,   0,   0],
       [  0,   0,  89,   0],
       [  0,   0,   0, 134]]), array([[101,   0,   0,   0],
       [  0,  85,   0,   0],
       [  0,   0,  89,   0],
       [  0,   0,   0, 134]]), array([[101,   0,   0,   0],
       [  0,  85,   0,   0],
       [  0,   0,  89,   0],
       [  0,   0,   0, 134]]), array([[101,   0,   0,   0],
       [  0,  85,   0,   0],
       [  0,   0,  89,   0],
       [  0,   0,   0, 134]])]","[0.717391304347826, 0.7391304347826086, 0.782608695652174, 0.8260869565217391, 0.8222222222222222, 0.7777777777777778, 0.7111111111111111, 0.7777777777777778, 0.7111111111111111, 0.7555555555555555]","[0.717391304347826, 0.7391304347826086, 0.782608695652174, 0.8260869565217391, 0.8222222222222222, 0.7777777777777778, 0.7111111111111111, 0.7777777777777778, 0.7111111111111111, 0.7555555555555555]","[0.717391304347826, 0.7391304347826086, 0.782608695652174, 0.8260869565217391, 0.8222222222222222, 0.7777777777777778, 0.7111111111111111, 0.7777777777777778, 0.7111111111111111, 0.7555555555555555]","[0.717391304347826, 0.7391304347826085, 0.782608695652174, 0.8260869565217391, 0.8222222222222222, 0.7777777777777778, 0.7111111111111111, 0.7777777777777778, 0.7111111111111111, 0.7555555555555555]","[0.7480769230769231, 0.7702205882352942, 0.784375, 0.8464285714285713, 0.8277243589743589, 0.782142857142857, 0.7222222222222221, 0.818954248366013, 0.7600160256410257, 0.7875]","[0.7166666666666667, 0.7138888888888888, 0.7712121212121211, 0.825, 0.8237012987012986, 0.7777777777777778, 0.692929292929293, 0.7527777777777778, 0.7027777777777777, 0.7388888888888889]","[0.7193001443001443, 0.7192460317460317, 0.7747740377123267, 0.8258823529411766, 0.8188616938616938, 0.7703362869648767, 0.6969696969696969, 0.7527201417004048, 0.6952121952121952, 0.7415530140487696]","[0.7387959866220737, 0.7573529411764707, 0.7866847826086957, 0.8400621118012421, 0.8343304843304844, 0.7844444444444444, 0.7209876543209877, 0.8070007262164125, 0.7540954415954417, 0.7774074074074074]","[0.717391304347826, 0.7391304347826086, 0.782608695652174, 0.8260869565217391, 0.8222222222222222, 0.7777777777777778, 0.7111111111111111, 0.7777777777777778, 0.7111111111111111, 0.7555555555555555]","[0.7166102013928102, 0.7286922015182885, 0.7818938824183046, 0.8242455242966752, 0.8216092549425882, 0.7722158404801728, 0.7062626262626261, 0.7644905533063427, 0.7017632573188128, 0.7481101430167644]","[array([[12,  0,  0,  0],
       [ 3,  6,  0,  0],
       [ 0,  0,  6,  4],
       [ 0,  0,  6,  9]]), array([[12,  0,  0,  0],
       [ 4,  5,  0,  0],
       [ 0,  0,  5,  5],
       [ 0,  0,  3, 12]]), array([[ 9,  2,  0,  0],
       [ 3,  7,  0,  0],
       [ 0,  0,  7,  3],
       [ 0,  1,  1, 13]]), array([[11,  0,  0,  0],
       [ 2,  7,  0,  1],
       [ 0,  0,  8,  2],
       [ 1,  0,  2, 12]]), array([[10,  1,  0,  0],
       [ 3,  7,  0,  0],
       [ 0,  0,  9,  1],
       [ 0,  0,  3, 11]]), array([[11,  0,  0,  0],
       [ 3,  6,  0,  1],
       [ 0,  0,  7,  2],
       [ 0,  1,  3, 11]]), array([[ 8,  2,  1,  0],
       [ 1,  4,  0,  4],
       [ 0,  0,  8,  2],
       [ 0,  0,  3, 12]]), array([[11,  0,  0,  0],
       [ 4,  4,  0,  1],
       [ 0,  0,  7,  3],
       [ 0,  0,  2, 13]]), array([[11,  0,  0,  0],
       [ 5,  4,  0,  0],
       [ 0,  0,  7,  3],
       [ 0,  0,  5, 10]]), array([[11,  0,  0,  0],
       [ 3,  5,  0,  1],
       [ 1,  0,  6,  3],
       [ 0,  0,  3, 12]])]"
5,"[1.0, 1.0, 1.0, 1.0, 1.0, 1.0, 1.0, 1.0, 1.0, 1.0]","[1.0, 1.0, 1.0, 1.0, 1.0, 1.0, 1.0, 1.0, 1.0, 1.0]","[1.0, 1.0, 1.0, 1.0, 1.0, 1.0, 1.0, 1.0, 1.0, 1.0]","[1.0, 1.0, 1.0, 1.0, 1.0, 1.0, 1.0, 1.0, 1.0, 1.0]","[1.0, 1.0, 1.0, 1.0, 1.0, 1.0, 1.0, 1.0, 1.0, 1.0]","[1.0, 1.0, 1.0, 1.0, 1.0, 1.0, 1.0, 1.0, 1.0, 1.0]","[1.0, 1.0, 1.0, 1.0, 1.0, 1.0, 1.0, 1.0, 1.0, 1.0]","[1.0, 1.0, 1.0, 1.0, 1.0, 1.0, 1.0, 1.0, 1.0, 1.0]","[1.0, 1.0, 1.0, 1.0, 1.0, 1.0, 1.0, 1.0, 1.0, 1.0]","[1.0, 1.0, 1.0, 1.0, 1.0, 1.0, 1.0, 1.0, 1.0, 1.0]","[array([[100,   0,   0,   0],
       [  0,  85,   0,   0],
       [  0,   0,  89,   0],
       [  0,   0,   0, 134]]), array([[100,   0,   0,   0],
       [  0,  85,   0,   0],
       [  0,   0,  89,   0],
       [  0,   0,   0, 134]]), array([[101,   0,   0,   0],
       [  0,  84,   0,   0],
       [  0,   0,  89,   0],
       [  0,   0,   0, 134]]), array([[101,   0,   0,   0],
       [  0,  84,   0,   0],
       [  0,   0,  89,   0],
       [  0,   0,   0, 134]]), array([[101,   0,   0,   0],
       [  0,  84,   0,   0],
       [  0,   0,  89,   0],
       [  0,   0,   0, 135]]), array([[101,   0,   0,   0],
       [  0,  84,   0,   0],
       [  0,   0,  90,   0],
       [  0,   0,   0, 134]]), array([[101,   0,   0,   0],
       [  0,  85,   0,   0],
       [  0,   0,  89,   0],
       [  0,   0,   0, 134]]), array([[101,   0,   0,   0],
       [  0,  85,   0,   0],
       [  0,   0,  89,   0],
       [  0,   0,   0, 134]]), array([[101,   0,   0,   0],
       [  0,  85,   0,   0],
       [  0,   0,  89,   0],
       [  0,   0,   0, 134]]), array([[101,   0,   0,   0],
       [  0,  85,   0,   0],
       [  0,   0,  89,   0],
       [  0,   0,   0, 134]])]","[0.7391304347826086, 0.8043478260869565, 0.717391304347826, 0.7608695652173914, 0.8, 0.7777777777777778, 0.7333333333333333, 0.7333333333333333, 0.7111111111111111, 0.7777777777777778]","[0.7391304347826086, 0.8043478260869565, 0.717391304347826, 0.7608695652173914, 0.8, 0.7777777777777778, 0.7333333333333333, 0.7333333333333333, 0.7111111111111111, 0.7777777777777778]","[0.7391304347826086, 0.8043478260869565, 0.717391304347826, 0.7608695652173914, 0.8, 0.7777777777777778, 0.7333333333333333, 0.7333333333333333, 0.7111111111111111, 0.7777777777777778]","[0.7391304347826085, 0.8043478260869565, 0.717391304347826, 0.7608695652173914, 0.8000000000000002, 0.7777777777777778, 0.7333333333333333, 0.7333333333333333, 0.7111111111111111, 0.7777777777777778]","[0.7756410256410257, 0.8295940170940171, 0.7316653934300994, 0.7876984126984127, 0.8055021367521367, 0.7776663695781343, 0.7384364002011061, 0.7764705882352941, 0.7545955882352942, 0.8083333333333333]","[0.7305555555555555, 0.7902777777777777, 0.7068181818181818, 0.7439393939393939, 0.7915584415584415, 0.7628787878787878, 0.7179292929292929, 0.711111111111111, 0.6861111111111111, 0.7638888888888888]","[0.7305194805194806, 0.8023863636363635, 0.7124554367201426, 0.7499108734402852, 0.7938848558177052, 0.7683515690965381, 0.7164855072463767, 0.7107793522267205, 0.6839387464387464, 0.7651098901098902]","[0.7689520624303234, 0.8149386845039019, 0.7287673962865778, 0.7789855072463768, 0.8042070275403609, 0.7777414669571532, 0.7397575554438298, 0.7627015250544663, 0.7422385620915034, 0.8014814814814814]","[0.7391304347826086, 0.8043478260869565, 0.717391304347826, 0.7608695652173914, 0.8, 0.7777777777777778, 0.7333333333333333, 0.7333333333333333, 0.7111111111111111, 0.7777777777777778]","[0.7346132128740825, 0.8026054018445322, 0.7168584825234442, 0.7551267147175075, 0.7977571643028388, 0.7757524939800481, 0.726135265700483, 0.7202654071075123, 0.69571066793289, 0.771916971916972]","[array([[12,  0,  0,  0],
       [ 4,  5,  0,  0],
       [ 0,  0,  7,  3],
       [ 0,  0,  5, 10]]), array([[11,  0,  0,  1],
       [ 2,  7,  0,  0],
       [ 0,  0,  6,  4],
       [ 0,  0,  2, 13]]), array([[ 8,  3,  0,  0],
       [ 2,  7,  0,  1],
       [ 0,  0,  6,  4],
       [ 1,  1,  1, 12]]), array([[10,  1,  0,  0],
       [ 3,  6,  0,  1],
       [ 0,  0,  6,  4],
       [ 1,  0,  1, 13]]), array([[10,  1,  0,  0],
       [ 3,  7,  0,  0],
       [ 0,  0,  7,  3],
       [ 0,  0,  2, 12]]), array([[ 9,  2,  0,  0],
       [ 2,  7,  0,  1],
       [ 0,  0,  6,  3],
       [ 0,  0,  2, 13]]), array([[ 8,  2,  1,  0],
       [ 1,  4,  0,  4],
       [ 0,  0,  9,  1],
       [ 0,  0,  3, 12]]), array([[11,  0,  0,  0],
       [ 4,  4,  0,  1],
       [ 0,  0,  6,  4],
       [ 0,  0,  3, 12]]), array([[11,  0,  0,  0],
       [ 5,  4,  0,  0],
       [ 0,  0,  5,  5],
       [ 0,  0,  3, 12]]), array([[11,  0,  0,  0],
       [ 3,  5,  0,  1],
       [ 1,  0,  7,  2],
       [ 0,  0,  3, 12]])]"
6,"[1.0, 1.0, 1.0, 1.0, 1.0, 1.0, 1.0, 1.0, 1.0, 1.0]","[1.0, 1.0, 1.0, 1.0, 1.0, 1.0, 1.0, 1.0, 1.0, 1.0]","[1.0, 1.0, 1.0, 1.0, 1.0, 1.0, 1.0, 1.0, 1.0, 1.0]","[1.0, 1.0, 1.0, 1.0, 1.0, 1.0, 1.0, 1.0, 1.0, 1.0]","[1.0, 1.0, 1.0, 1.0, 1.0, 1.0, 1.0, 1.0, 1.0, 1.0]","[1.0, 1.0, 1.0, 1.0, 1.0, 1.0, 1.0, 1.0, 1.0, 1.0]","[1.0, 1.0, 1.0, 1.0, 1.0, 1.0, 1.0, 1.0, 1.0, 1.0]","[1.0, 1.0, 1.0, 1.0, 1.0, 1.0, 1.0, 1.0, 1.0, 1.0]","[1.0, 1.0, 1.0, 1.0, 1.0, 1.0, 1.0, 1.0, 1.0, 1.0]","[1.0, 1.0, 1.0, 1.0, 1.0, 1.0, 1.0, 1.0, 1.0, 1.0]","[array([[100,   0,   0,   0],
       [  0,  85,   0,   0],
       [  0,   0,  89,   0],
       [  0,   0,   0, 134]]), array([[100,   0,   0,   0],
       [  0,  85,   0,   0],
       [  0,   0,  89,   0],
       [  0,   0,   0, 134]]), array([[101,   0,   0,   0],
       [  0,  84,   0,   0],
       [  0,   0,  89,   0],
       [  0,   0,   0, 134]]), array([[101,   0,   0,   0],
       [  0,  84,   0,   0],
       [  0,   0,  89,   0],
       [  0,   0,   0, 134]]), array([[101,   0,   0,   0],
       [  0,  84,   0,   0],
       [  0,   0,  89,   0],
       [  0,   0,   0, 135]]), array([[101,   0,   0,   0],
       [  0,  84,   0,   0],
       [  0,   0,  90,   0],
       [  0,   0,   0, 134]]), array([[101,   0,   0,   0],
       [  0,  85,   0,   0],
       [  0,   0,  89,   0],
       [  0,   0,   0, 134]]), array([[101,   0,   0,   0],
       [  0,  85,   0,   0],
       [  0,   0,  89,   0],
       [  0,   0,   0, 134]]), array([[101,   0,   0,   0],
       [  0,  85,   0,   0],
       [  0,   0,  89,   0],
       [  0,   0,   0, 134]]), array([[101,   0,   0,   0],
       [  0,  85,   0,   0],
       [  0,   0,  89,   0],
       [  0,   0,   0, 134]])]","[0.717391304347826, 0.7608695652173914, 0.7608695652173914, 0.8043478260869565, 0.7777777777777778, 0.7777777777777778, 0.7333333333333333, 0.8, 0.7333333333333333, 0.7333333333333333]","[0.717391304347826, 0.7608695652173914, 0.7608695652173914, 0.8043478260869565, 0.7777777777777778, 0.7777777777777778, 0.7333333333333333, 0.8, 0.7333333333333333, 0.7333333333333333]","[0.717391304347826, 0.7608695652173914, 0.7608695652173914, 0.8043478260869565, 0.7777777777777778, 0.7777777777777778, 0.7333333333333333, 0.8, 0.7333333333333333, 0.7333333333333333]","[0.717391304347826, 0.7608695652173914, 0.7608695652173914, 0.8043478260869565, 0.7777777777777778, 0.7777777777777778, 0.7333333333333333, 0.8000000000000002, 0.7333333333333333, 0.7333333333333333]","[0.7596153846153846, 0.7895658263305322, 0.7734962406015038, 0.8432598039215686, 0.7763888888888888, 0.78125, 0.7272435897435898, 0.8320494864612511, 0.7760416666666666, 0.7666666666666667]","[0.7138888888888889, 0.7458333333333333, 0.7401515151515152, 0.7916666666666666, 0.7688311688311688, 0.7689393939393938, 0.7179292929292929, 0.7805555555555556, 0.711111111111111, 0.7222222222222222]","[0.7116977225672877, 0.7569331983805667, 0.7478291316526611, 0.7966079059829059, 0.7709697782687603, 0.7720508025557113, 0.7130100848193415, 0.785906954887218, 0.708992981488737, 0.7234432234432234]","[0.7529264214046824, 0.7757276823772987, 0.7700882641386074, 0.8323316283034952, 0.7779012345679013, 0.7814814814814816, 0.7327350427350428, 0.8198049590206453, 0.7662037037037036, 0.757037037037037]","[0.717391304347826, 0.7608695652173914, 0.7608695652173914, 0.8043478260869565, 0.7777777777777778, 0.7777777777777778, 0.7333333333333333, 0.8, 0.7333333333333333, 0.7333333333333333]","[0.7130704833918443, 0.7591225136419644, 0.7563634149311899, 0.7994123931623932, 0.7762609923108619, 0.7767977421086351, 0.7248876125173461, 0.7925442773600668, 0.7206692711314481, 0.7274725274725274]","[array([[12,  0,  0,  0],
       [ 4,  5,  0,  0],
       [ 0,  0,  7,  3],
       [ 0,  0,  6,  9]]), array([[11,  0,  0,  1],
       [ 3,  6,  0,  0],
       [ 0,  0,  6,  4],
       [ 0,  0,  3, 12]]), array([[ 8,  3,  0,  0],
       [ 2,  7,  0,  1],
       [ 0,  0,  6,  4],
       [ 0,  0,  1, 14]]), array([[11,  0,  0,  0],
       [ 3,  6,  0,  1],
       [ 0,  0,  7,  3],
       [ 1,  0,  1, 13]]), array([[ 9,  2,  0,  0],
       [ 3,  7,  0,  0],
       [ 0,  0,  7,  3],
       [ 0,  0,  2, 12]]), array([[10,  1,  0,  0],
       [ 2,  7,  0,  1],
       [ 0,  0,  6,  3],
       [ 0,  0,  3, 12]]), array([[ 8,  2,  1,  0],
       [ 2,  4,  0,  3],
       [ 0,  0,  9,  1],
       [ 0,  0,  3, 12]]), array([[11,  0,  0,  0],
       [ 3,  5,  0,  1],
       [ 0,  0,  7,  3],
       [ 0,  0,  2, 13]]), array([[11,  0,  0,  0],
       [ 5,  4,  0,  0],
       [ 0,  0,  6,  4],
       [ 0,  0,  3, 12]]), array([[11,  0,  0,  0],
       [ 3,  5,  0,  1],
       [ 1,  0,  6,  3],
       [ 0,  0,  4, 11]])]"
7,"[1.0, 1.0, 1.0, 1.0, 1.0, 1.0, 1.0, 1.0, 1.0, 1.0]","[1.0, 1.0, 1.0, 1.0, 1.0, 1.0, 1.0, 1.0, 1.0, 1.0]","[1.0, 1.0, 1.0, 1.0, 1.0, 1.0, 1.0, 1.0, 1.0, 1.0]","[1.0, 1.0, 1.0, 1.0, 1.0, 1.0, 1.0, 1.0, 1.0, 1.0]","[1.0, 1.0, 1.0, 1.0, 1.0, 1.0, 1.0, 1.0, 1.0, 1.0]","[1.0, 1.0, 1.0, 1.0, 1.0, 1.0, 1.0, 1.0, 1.0, 1.0]","[1.0, 1.0, 1.0, 1.0, 1.0, 1.0, 1.0, 1.0, 1.0, 1.0]","[1.0, 1.0, 1.0, 1.0, 1.0, 1.0, 1.0, 1.0, 1.0, 1.0]","[1.0, 1.0, 1.0, 1.0, 1.0, 1.0, 1.0, 1.0, 1.0, 1.0]","[1.0, 1.0, 1.0, 1.0, 1.0, 1.0, 1.0, 1.0, 1.0, 1.0]","[array([[100,   0,   0,   0],
       [  0,  85,   0,   0],
       [  0,   0,  89,   0],
       [  0,   0,   0, 134]]), array([[100,   0,   0,   0],
       [  0,  85,   0,   0],
       [  0,   0,  89,   0],
       [  0,   0,   0, 134]]), array([[101,   0,   0,   0],
       [  0,  84,   0,   0],
       [  0,   0,  89,   0],
       [  0,   0,   0, 134]]), array([[101,   0,   0,   0],
       [  0,  84,   0,   0],
       [  0,   0,  89,   0],
       [  0,   0,   0, 134]]), array([[101,   0,   0,   0],
       [  0,  84,   0,   0],
       [  0,   0,  89,   0],
       [  0,   0,   0, 135]]), array([[101,   0,   0,   0],
       [  0,  84,   0,   0],
       [  0,   0,  90,   0],
       [  0,   0,   0, 134]]), array([[101,   0,   0,   0],
       [  0,  85,   0,   0],
       [  0,   0,  89,   0],
       [  0,   0,   0, 134]]), array([[101,   0,   0,   0],
       [  0,  85,   0,   0],
       [  0,   0,  89,   0],
       [  0,   0,   0, 134]]), array([[101,   0,   0,   0],
       [  0,  85,   0,   0],
       [  0,   0,  89,   0],
       [  0,   0,   0, 134]]), array([[101,   0,   0,   0],
       [  0,  85,   0,   0],
       [  0,   0,  89,   0],
       [  0,   0,   0, 134]])]","[0.7608695652173914, 0.8478260869565217, 0.717391304347826, 0.8043478260869565, 0.7333333333333333, 0.8, 0.7111111111111111, 0.8, 0.7111111111111111, 0.7333333333333333]","[0.7608695652173914, 0.8478260869565217, 0.717391304347826, 0.8043478260869565, 0.7333333333333333, 0.8, 0.7111111111111111, 0.8, 0.7111111111111111, 0.7333333333333333]","[0.7608695652173914, 0.8478260869565217, 0.717391304347826, 0.8043478260869565, 0.7333333333333333, 0.8, 0.7111111111111111, 0.8, 0.7111111111111111, 0.7333333333333333]","[0.7608695652173914, 0.8478260869565218, 0.717391304347826, 0.8043478260869565, 0.7333333333333333, 0.8000000000000002, 0.7111111111111111, 0.8000000000000002, 0.7111111111111111, 0.7333333333333333]","[0.7886904761904763, 0.874732905982906, 0.7384768740031898, 0.8373015873015872, 0.7277777777777779, 0.8036616161616161, 0.7303030303030302, 0.8240384615384615, 0.7257936507936509, 0.7760416666666666]","[0.7583333333333332, 0.8319444444444444, 0.6984848484848485, 0.7856060606060606, 0.7211038961038961, 0.793939393939394, 0.6906565656565656, 0.7916666666666665, 0.680050505050505, 0.711111111111111]","[0.7622739329635883, 0.8453156565656565, 0.7045693277310925, 0.7944741532976827, 0.7229148583602936, 0.7980140968256418, 0.6958874458874458, 0.797715053763441, 0.6791933556639438, 0.708992981488737]","[0.7789855072463768, 0.8602285395763656, 0.7339158172110117, 0.8281573498964804, 0.7328395061728395, 0.8030864197530864, 0.7236363636363636, 0.8123931623931624, 0.7224338624338625, 0.7662037037037036]","[0.7608695652173914, 0.8478260869565217, 0.717391304347826, 0.8043478260869565, 0.7333333333333333, 0.8, 0.7111111111111111, 0.8, 0.7111111111111111, 0.7333333333333333]","[0.7605518918862247, 0.8465228370663153, 0.7123523322372428, 0.8004650081376424, 0.7316131407980221, 0.8007545746085645, 0.7048581048581049, 0.7976941457586619, 0.6956651191945308, 0.7206692711314481]","[array([[12,  0,  0,  0],
       [ 2,  6,  0,  1],
       [ 0,  0,  7,  3],
       [ 0,  0,  5, 10]]), array([[11,  0,  0,  1],
       [ 2,  7,  0,  0],
       [ 0,  0,  7,  3],
       [ 0,  0,  1, 14]]), array([[ 8,  3,  0,  0],
       [ 2,  7,  0,  1],
       [ 0,  0,  5,  5],
       [ 0,  1,  1, 13]]), array([[10,  1,  0,  0],
       [ 3,  6,  0,  1],
       [ 0,  0,  7,  3],
       [ 1,  0,  0, 14]]), array([[ 8,  3,  0,  0],
       [ 4,  6,  0,  0],
       [ 0,  0,  7,  3],
       [ 0,  0,  2, 12]]), array([[10,  1,  0,  0],
       [ 1,  8,  0,  1],
       [ 0,  0,  6,  3],
       [ 0,  0,  3, 12]]), array([[ 9,  1,  1,  0],
       [ 2,  4,  0,  3],
       [ 0,  0,  7,  3],
       [ 0,  0,  3, 12]]), array([[11,  0,  0,  0],
       [ 2,  6,  0,  1],
       [ 0,  0,  7,  3],
       [ 0,  0,  3, 12]]), array([[10,  1,  0,  0],
       [ 5,  4,  0,  0],
       [ 0,  0,  5,  5],
       [ 0,  0,  2, 13]]), array([[11,  0,  0,  0],
       [ 4,  4,  0,  1],
       [ 1,  0,  6,  3],
       [ 0,  0,  3, 12]])]"
8,"[1.0, 1.0, 1.0, 1.0, 1.0, 1.0, 1.0, 1.0, 1.0, 1.0]","[1.0, 1.0, 1.0, 1.0, 1.0, 1.0, 1.0, 1.0, 1.0, 1.0]","[1.0, 1.0, 1.0, 1.0, 1.0, 1.0, 1.0, 1.0, 1.0, 1.0]","[1.0, 1.0, 1.0, 1.0, 1.0, 1.0, 1.0, 1.0, 1.0, 1.0]","[1.0, 1.0, 1.0, 1.0, 1.0, 1.0, 1.0, 1.0, 1.0, 1.0]","[1.0, 1.0, 1.0, 1.0, 1.0, 1.0, 1.0, 1.0, 1.0, 1.0]","[1.0, 1.0, 1.0, 1.0, 1.0, 1.0, 1.0, 1.0, 1.0, 1.0]","[1.0, 1.0, 1.0, 1.0, 1.0, 1.0, 1.0, 1.0, 1.0, 1.0]","[1.0, 1.0, 1.0, 1.0, 1.0, 1.0, 1.0, 1.0, 1.0, 1.0]","[1.0, 1.0, 1.0, 1.0, 1.0, 1.0, 1.0, 1.0, 1.0, 1.0]","[array([[100,   0,   0,   0],
       [  0,  85,   0,   0],
       [  0,   0,  89,   0],
       [  0,   0,   0, 134]]), array([[100,   0,   0,   0],
       [  0,  85,   0,   0],
       [  0,   0,  89,   0],
       [  0,   0,   0, 134]]), array([[101,   0,   0,   0],
       [  0,  84,   0,   0],
       [  0,   0,  89,   0],
       [  0,   0,   0, 134]]), array([[101,   0,   0,   0],
       [  0,  84,   0,   0],
       [  0,   0,  89,   0],
       [  0,   0,   0, 134]]), array([[101,   0,   0,   0],
       [  0,  84,   0,   0],
       [  0,   0,  89,   0],
       [  0,   0,   0, 135]]), array([[101,   0,   0,   0],
       [  0,  84,   0,   0],
       [  0,   0,  90,   0],
       [  0,   0,   0, 134]]), array([[101,   0,   0,   0],
       [  0,  85,   0,   0],
       [  0,   0,  89,   0],
       [  0,   0,   0, 134]]), array([[101,   0,   0,   0],
       [  0,  85,   0,   0],
       [  0,   0,  89,   0],
       [  0,   0,   0, 134]]), array([[101,   0,   0,   0],
       [  0,  85,   0,   0],
       [  0,   0,  89,   0],
       [  0,   0,   0, 134]]), array([[101,   0,   0,   0],
       [  0,  85,   0,   0],
       [  0,   0,  89,   0],
       [  0,   0,   0, 134]])]","[0.7608695652173914, 0.8260869565217391, 0.717391304347826, 0.7608695652173914, 0.7777777777777778, 0.8222222222222222, 0.7333333333333333, 0.8222222222222222, 0.7111111111111111, 0.7333333333333333]","[0.7608695652173914, 0.8260869565217391, 0.717391304347826, 0.7608695652173914, 0.7777777777777778, 0.8222222222222222, 0.7333333333333333, 0.8222222222222222, 0.7111111111111111, 0.7333333333333333]","[0.7608695652173914, 0.8260869565217391, 0.717391304347826, 0.7608695652173914, 0.7777777777777778, 0.8222222222222222, 0.7333333333333333, 0.8222222222222222, 0.7111111111111111, 0.7333333333333333]","[0.7608695652173914, 0.8260869565217391, 0.717391304347826, 0.7608695652173914, 0.7777777777777778, 0.8222222222222222, 0.7333333333333333, 0.8222222222222222, 0.7111111111111111, 0.7333333333333333]","[0.7886904761904763, 0.8471593765711413, 0.7384768740031898, 0.7749999999999999, 0.7748626373626374, 0.8333333333333333, 0.7439309056956116, 0.8471593765711413, 0.7208333333333333, 0.7773944805194805]","[0.7583333333333332, 0.8152777777777778, 0.6984848484848485, 0.7522727272727272, 0.7688311688311689, 0.8166666666666667, 0.7207070707070706, 0.8083333333333332, 0.6883838383838383, 0.7194444444444444]","[0.7622739329635883, 0.8260855263157894, 0.7045693277310925, 0.7485576923076924, 0.768452380952381, 0.8215677107682718, 0.7255681818181818, 0.8165021929824561, 0.6866079591037146, 0.7138716966303174]","[0.7789855072463768, 0.8348306992808271, 0.7339158172110117, 0.7753623188405798, 0.7803418803418803, 0.8296296296296295, 0.7435833592696339, 0.83457907379476, 0.7211111111111111, 0.7713744588744589]","[0.7608695652173914, 0.8260869565217391, 0.717391304347826, 0.7608695652173914, 0.7777777777777778, 0.8222222222222222, 0.7333333333333333, 0.8222222222222222, 0.7111111111111111, 0.7333333333333333]","[0.7605518918862247, 0.8258895881006865, 0.7123523322372428, 0.7545986622073578, 0.775925925925926, 0.8227451387806696, 0.7321717171717171, 0.8186500974658868, 0.700735295641917, 0.7232755891759723]","[array([[12,  0,  0,  0],
       [ 2,  6,  0,  1],
       [ 0,  0,  7,  3],
       [ 0,  0,  5, 10]]), array([[11,  0,  0,  1],
       [ 2,  7,  0,  0],
       [ 0,  0,  7,  3],
       [ 0,  0,  2, 13]]), array([[ 8,  3,  0,  0],
       [ 2,  7,  0,  1],
       [ 0,  0,  5,  5],
       [ 0,  1,  1, 13]]), array([[10,  1,  0,  0],
       [ 4,  5,  0,  1],
       [ 0,  0,  8,  2],
       [ 1,  0,  2, 12]]), array([[ 9,  2,  0,  0],
       [ 4,  6,  0,  0],
       [ 0,  0,  8,  2],
       [ 0,  0,  2, 12]]), array([[11,  0,  0,  0],
       [ 1,  8,  0,  1],
       [ 0,  0,  6,  3],
       [ 0,  0,  3, 12]]), array([[ 8,  2,  1,  0],
       [ 1,  5,  0,  3],
       [ 0,  0,  8,  2],
       [ 0,  0,  3, 12]]), array([[11,  0,  0,  0],
       [ 2,  6,  0,  1],
       [ 0,  0,  7,  3],
       [ 0,  0,  2, 13]]), array([[10,  1,  0,  0],
       [ 5,  4,  0,  0],
       [ 0,  0,  6,  4],
       [ 0,  0,  3, 12]]), array([[11,  0,  0,  0],
       [ 4,  4,  0,  1],
       [ 1,  0,  7,  2],
       [ 0,  0,  4, 11]])]"
9,"[1.0, 1.0, 1.0, 1.0, 1.0, 1.0, 1.0, 1.0, 1.0, 1.0]","[1.0, 1.0, 1.0, 1.0, 1.0, 1.0, 1.0, 1.0, 1.0, 1.0]","[1.0, 1.0, 1.0, 1.0, 1.0, 1.0, 1.0, 1.0, 1.0, 1.0]","[1.0, 1.0, 1.0, 1.0, 1.0, 1.0, 1.0, 1.0, 1.0, 1.0]","[1.0, 1.0, 1.0, 1.0, 1.0, 1.0, 1.0, 1.0, 1.0, 1.0]","[1.0, 1.0, 1.0, 1.0, 1.0, 1.0, 1.0, 1.0, 1.0, 1.0]","[1.0, 1.0, 1.0, 1.0, 1.0, 1.0, 1.0, 1.0, 1.0, 1.0]","[1.0, 1.0, 1.0, 1.0, 1.0, 1.0, 1.0, 1.0, 1.0, 1.0]","[1.0, 1.0, 1.0, 1.0, 1.0, 1.0, 1.0, 1.0, 1.0, 1.0]","[1.0, 1.0, 1.0, 1.0, 1.0, 1.0, 1.0, 1.0, 1.0, 1.0]","[array([[100,   0,   0,   0],
       [  0,  85,   0,   0],
       [  0,   0,  89,   0],
       [  0,   0,   0, 134]]), array([[100,   0,   0,   0],
       [  0,  85,   0,   0],
       [  0,   0,  89,   0],
       [  0,   0,   0, 134]]), array([[101,   0,   0,   0],
       [  0,  84,   0,   0],
       [  0,   0,  89,   0],
       [  0,   0,   0, 134]]), array([[101,   0,   0,   0],
       [  0,  84,   0,   0],
       [  0,   0,  89,   0],
       [  0,   0,   0, 134]]), array([[101,   0,   0,   0],
       [  0,  84,   0,   0],
       [  0,   0,  89,   0],
       [  0,   0,   0, 135]]), array([[101,   0,   0,   0],
       [  0,  84,   0,   0],
       [  0,   0,  90,   0],
       [  0,   0,   0, 134]]), array([[101,   0,   0,   0],
       [  0,  85,   0,   0],
       [  0,   0,  89,   0],
       [  0,   0,   0, 134]]), array([[101,   0,   0,   0],
       [  0,  85,   0,   0],
       [  0,   0,  89,   0],
       [  0,   0,   0, 134]]), array([[101,   0,   0,   0],
       [  0,  85,   0,   0],
       [  0,   0,  89,   0],
       [  0,   0,   0, 134]]), array([[101,   0,   0,   0],
       [  0,  85,   0,   0],
       [  0,   0,  89,   0],
       [  0,   0,   0, 134]])]","[0.7608695652173914, 0.8478260869565217, 0.7608695652173914, 0.8478260869565217, 0.7111111111111111, 0.8222222222222222, 0.7555555555555555, 0.8222222222222222, 0.7333333333333333, 0.7111111111111111]","[0.7608695652173914, 0.8478260869565217, 0.7608695652173914, 0.8478260869565217, 0.7111111111111111, 0.8222222222222222, 0.7555555555555555, 0.8222222222222222, 0.7333333333333333, 0.7111111111111111]","[0.7608695652173914, 0.8478260869565217, 0.7608695652173914, 0.8478260869565217, 0.7111111111111111, 0.8222222222222222, 0.7555555555555555, 0.8222222222222222, 0.7333333333333333, 0.7111111111111111]","[0.7608695652173914, 0.8478260869565218, 0.7608695652173914, 0.8478260869565218, 0.7111111111111111, 0.8222222222222222, 0.7555555555555555, 0.8222222222222222, 0.7333333333333333, 0.7111111111111111]","[0.7886904761904763, 0.874732905982906, 0.7734962406015038, 0.8892156862745098, 0.7276785714285714, 0.8211805555555556, 0.766919191919192, 0.8471593765711413, 0.7410714285714286, 0.7552083333333334]","[0.7583333333333332, 0.8319444444444444, 0.7401515151515152, 0.8333333333333335, 0.6987012987012986, 0.8106060606060606, 0.7323232323232324, 0.8083333333333332, 0.7161616161616162, 0.6944444444444444]","[0.7622739329635883, 0.8453156565656565, 0.7478291316526611, 0.8400106837606837, 0.6899470899470899, 0.8140656277274326, 0.7348484848484848, 0.8165021929824561, 0.7181097906055462, 0.6908831908831908]","[0.7789855072463768, 0.8602285395763656, 0.7700882641386074, 0.878687127024723, 0.7305555555555555, 0.822067901234568, 0.7623569023569023, 0.83457907379476, 0.7394179894179894, 0.7458333333333333]","[0.7608695652173914, 0.8478260869565217, 0.7608695652173914, 0.8478260869565217, 0.7111111111111111, 0.8222222222222222, 0.7555555555555555, 0.8222222222222222, 0.7333333333333333, 0.7111111111111111]","[0.7605518918862247, 0.8465228370663153, 0.7563634149311899, 0.8439474173169824, 0.6995884773662552, 0.8204412524587601, 0.7462241462241462, 0.8186500974658868, 0.7273042822109037, 0.700031655587211]","[array([[12,  0,  0,  0],
       [ 2,  6,  0,  1],
       [ 0,  0,  7,  3],
       [ 0,  0,  5, 10]]), array([[11,  0,  0,  1],
       [ 2,  7,  0,  0],
       [ 0,  0,  7,  3],
       [ 0,  0,  1, 14]]), array([[ 8,  3,  0,  0],
       [ 2,  7,  0,  1],
       [ 0,  0,  6,  4],
       [ 0,  0,  1, 14]]), array([[11,  0,  0,  0],
       [ 3,  6,  0,  1],
       [ 0,  0,  8,  2],
       [ 1,  0,  0, 14]]), array([[10,  1,  0,  0],
       [ 6,  4,  0,  0],
       [ 0,  0,  7,  3],
       [ 0,  0,  3, 11]]), array([[10,  1,  0,  0],
       [ 2,  8,  0,  0],
       [ 0,  0,  6,  3],
       [ 0,  0,  2, 13]]), array([[ 9,  1,  1,  0],
       [ 2,  4,  0,  3],
       [ 0,  0,  8,  2],
       [ 0,  0,  2, 13]]), array([[11,  0,  0,  0],
       [ 2,  6,  0,  1],
       [ 0,  0,  7,  3],
       [ 0,  0,  2, 13]]), array([[10,  1,  0,  0],
       [ 4,  5,  0,  0],
       [ 0,  0,  6,  4],
       [ 0,  0,  3, 12]]), array([[11,  0,  0,  0],
       [ 4,  4,  0,  1],
       [ 1,  0,  6,  3],
       [ 0,  0,  4, 11]])]"
10,"[1.0, 1.0, 1.0, 1.0, 1.0, 1.0, 1.0, 1.0, 1.0, 1.0]","[1.0, 1.0, 1.0, 1.0, 1.0, 1.0, 1.0, 1.0, 1.0, 1.0]","[1.0, 1.0, 1.0, 1.0, 1.0, 1.0, 1.0, 1.0, 1.0, 1.0]","[1.0, 1.0, 1.0, 1.0, 1.0, 1.0, 1.0, 1.0, 1.0, 1.0]","[1.0, 1.0, 1.0, 1.0, 1.0, 1.0, 1.0, 1.0, 1.0, 1.0]","[1.0, 1.0, 1.0, 1.0, 1.0, 1.0, 1.0, 1.0, 1.0, 1.0]","[1.0, 1.0, 1.0, 1.0, 1.0, 1.0, 1.0, 1.0, 1.0, 1.0]","[1.0, 1.0, 1.0, 1.0, 1.0, 1.0, 1.0, 1.0, 1.0, 1.0]","[1.0, 1.0, 1.0, 1.0, 1.0, 1.0, 1.0, 1.0, 1.0, 1.0]","[1.0, 1.0, 1.0, 1.0, 1.0, 1.0, 1.0, 1.0, 1.0, 1.0]","[array([[100,   0,   0,   0],
       [  0,  85,   0,   0],
       [  0,   0,  89,   0],
       [  0,   0,   0, 134]]), array([[100,   0,   0,   0],
       [  0,  85,   0,   0],
       [  0,   0,  89,   0],
       [  0,   0,   0, 134]]), array([[101,   0,   0,   0],
       [  0,  84,   0,   0],
       [  0,   0,  89,   0],
       [  0,   0,   0, 134]]), array([[101,   0,   0,   0],
       [  0,  84,   0,   0],
       [  0,   0,  89,   0],
       [  0,   0,   0, 134]]), array([[101,   0,   0,   0],
       [  0,  84,   0,   0],
       [  0,   0,  89,   0],
       [  0,   0,   0, 135]]), array([[101,   0,   0,   0],
       [  0,  84,   0,   0],
       [  0,   0,  90,   0],
       [  0,   0,   0, 134]]), array([[101,   0,   0,   0],
       [  0,  85,   0,   0],
       [  0,   0,  89,   0],
       [  0,   0,   0, 134]]), array([[101,   0,   0,   0],
       [  0,  85,   0,   0],
       [  0,   0,  89,   0],
       [  0,   0,   0, 134]]), array([[101,   0,   0,   0],
       [  0,  85,   0,   0],
       [  0,   0,  89,   0],
       [  0,   0,   0, 134]]), array([[101,   0,   0,   0],
       [  0,  85,   0,   0],
       [  0,   0,  89,   0],
       [  0,   0,   0, 134]])]","[0.7608695652173914, 0.8043478260869565, 0.7608695652173914, 0.8260869565217391, 0.7555555555555555, 0.8444444444444444, 0.7555555555555555, 0.8, 0.7777777777777778, 0.7333333333333333]","[0.7608695652173914, 0.8043478260869565, 0.7608695652173914, 0.8260869565217391, 0.7555555555555555, 0.8444444444444444, 0.7555555555555555, 0.8, 0.7777777777777778, 0.7333333333333333]","[0.7608695652173914, 0.8043478260869565, 0.7608695652173914, 0.8260869565217391, 0.7555555555555555, 0.8444444444444444, 0.7555555555555555, 0.8, 0.7777777777777778, 0.7333333333333333]","[0.7608695652173914, 0.8043478260869565, 0.7608695652173914, 0.8260869565217391, 0.7555555555555555, 0.8444444444444444, 0.7555555555555555, 0.8000000000000002, 0.7777777777777778, 0.7333333333333333]","[0.7886904761904763, 0.8295940170940171, 0.7734962406015038, 0.8777573529411764, 0.7694444444444444, 0.8578431372549019, 0.7692890442890443, 0.8295940170940171, 0.7844742063492064, 0.7773944805194805]","[0.7583333333333332, 0.7902777777777777, 0.7401515151515152, 0.8083333333333333, 0.7415584415584416, 0.8333333333333334, 0.7517676767676768, 0.7833333333333333, 0.7578282828282829, 0.7194444444444444]","[0.7622739329635883, 0.8023863636363635, 0.7478291316526611, 0.8113425925925926, 0.7396647703476196, 0.8409482452401251, 0.750197628458498, 0.7928030303030302, 0.7605546123372948, 0.7138716966303174]","[0.7789855072463768, 0.8149386845039019, 0.7700882641386074, 0.8677269820971867, 0.7698765432098765, 0.8511982570806099, 0.7649572649572649, 0.8142450142450143, 0.784942680776014, 0.7713744588744589]","[0.7608695652173914, 0.8043478260869565, 0.7608695652173914, 0.8260869565217391, 0.7555555555555555, 0.8444444444444444, 0.7555555555555555, 0.8, 0.7777777777777778, 0.7333333333333333]","[0.7605518918862247, 0.8026054018445322, 0.7563634149311899, 0.8183373590982287, 0.7481370313493724, 0.8433570932398725, 0.7516908212560386, 0.7948484848484848, 0.7722014714204868, 0.7232755891759723]","[array([[12,  0,  0,  0],
       [ 2,  6,  0,  1],
       [ 0,  0,  7,  3],
       [ 0,  0,  5, 10]]), array([[11,  0,  0,  1],
       [ 2,  7,  0,  0],
       [ 0,  0,  6,  4],
       [ 0,  0,  2, 13]]), array([[ 8,  3,  0,  0],
       [ 2,  7,  0,  1],
       [ 0,  0,  6,  4],
       [ 0,  0,  1, 14]]), array([[11,  0,  0,  0],
       [ 4,  5,  0,  1],
       [ 0,  0,  8,  2],
       [ 1,  0,  0, 14]]), array([[10,  1,  0,  0],
       [ 5,  5,  0,  0],
       [ 0,  0,  7,  3],
       [ 0,  0,  2, 12]]), array([[11,  0,  0,  0],
       [ 1,  8,  0,  1],
       [ 0,  0,  6,  3],
       [ 0,  0,  2, 13]]), array([[ 9,  1,  1,  0],
       [ 1,  5,  0,  3],
       [ 0,  0,  9,  1],
       [ 1,  0,  3, 11]]), array([[11,  0,  0,  0],
       [ 2,  6,  0,  1],
       [ 0,  0,  6,  4],
       [ 0,  0,  2, 13]]), array([[10,  1,  0,  0],
       [ 4,  5,  0,  0],
       [ 0,  0,  7,  3],
       [ 0,  0,  2, 13]]), array([[11,  0,  0,  0],
       [ 4,  4,  0,  1],
       [ 1,  0,  7,  2],
       [ 0,  0,  4, 11]])]"
11,"[1.0, 1.0, 1.0, 1.0, 1.0, 1.0, 1.0, 1.0, 1.0, 1.0]","[1.0, 1.0, 1.0, 1.0, 1.0, 1.0, 1.0, 1.0, 1.0, 1.0]","[1.0, 1.0, 1.0, 1.0, 1.0, 1.0, 1.0, 1.0, 1.0, 1.0]","[1.0, 1.0, 1.0, 1.0, 1.0, 1.0, 1.0, 1.0, 1.0, 1.0]","[1.0, 1.0, 1.0, 1.0, 1.0, 1.0, 1.0, 1.0, 1.0, 1.0]","[1.0, 1.0, 1.0, 1.0, 1.0, 1.0, 1.0, 1.0, 1.0, 1.0]","[1.0, 1.0, 1.0, 1.0, 1.0, 1.0, 1.0, 1.0, 1.0, 1.0]","[1.0, 1.0, 1.0, 1.0, 1.0, 1.0, 1.0, 1.0, 1.0, 1.0]","[1.0, 1.0, 1.0, 1.0, 1.0, 1.0, 1.0, 1.0, 1.0, 1.0]","[1.0, 1.0, 1.0, 1.0, 1.0, 1.0, 1.0, 1.0, 1.0, 1.0]","[array([[100,   0,   0,   0],
       [  0,  85,   0,   0],
       [  0,   0,  89,   0],
       [  0,   0,   0, 134]]), array([[100,   0,   0,   0],
       [  0,  85,   0,   0],
       [  0,   0,  89,   0],
       [  0,   0,   0, 134]]), array([[101,   0,   0,   0],
       [  0,  84,   0,   0],
       [  0,   0,  89,   0],
       [  0,   0,   0, 134]]), array([[101,   0,   0,   0],
       [  0,  84,   0,   0],
       [  0,   0,  89,   0],
       [  0,   0,   0, 134]]), array([[101,   0,   0,   0],
       [  0,  84,   0,   0],
       [  0,   0,  89,   0],
       [  0,   0,   0, 135]]), array([[101,   0,   0,   0],
       [  0,  84,   0,   0],
       [  0,   0,  90,   0],
       [  0,   0,   0, 134]]), array([[101,   0,   0,   0],
       [  0,  85,   0,   0],
       [  0,   0,  89,   0],
       [  0,   0,   0, 134]]), array([[101,   0,   0,   0],
       [  0,  85,   0,   0],
       [  0,   0,  89,   0],
       [  0,   0,   0, 134]]), array([[101,   0,   0,   0],
       [  0,  85,   0,   0],
       [  0,   0,  89,   0],
       [  0,   0,   0, 134]]), array([[101,   0,   0,   0],
       [  0,  85,   0,   0],
       [  0,   0,  89,   0],
       [  0,   0,   0, 134]])]","[0.7391304347826086, 0.8260869565217391, 0.7391304347826086, 0.8260869565217391, 0.6888888888888889, 0.8222222222222222, 0.7555555555555555, 0.8222222222222222, 0.7555555555555555, 0.7777777777777778]","[0.7391304347826086, 0.8260869565217391, 0.7391304347826086, 0.8260869565217391, 0.6888888888888889, 0.8222222222222222, 0.7555555555555555, 0.8222222222222222, 0.7555555555555555, 0.7777777777777778]","[0.7391304347826086, 0.8260869565217391, 0.7391304347826086, 0.8260869565217391, 0.6888888888888889, 0.8222222222222222, 0.7555555555555555, 0.8222222222222222, 0.7555555555555555, 0.7777777777777778]","[0.7391304347826085, 0.8260869565217391, 0.7391304347826085, 0.8260869565217391, 0.6888888888888889, 0.8222222222222222, 0.7555555555555555, 0.8222222222222222, 0.7555555555555555, 0.7777777777777778]","[0.7744047619047619, 0.8471593765711413, 0.7469810890863523, 0.8777573529411764, 0.6880952380952381, 0.8402149321266968, 0.773989898989899, 0.8471593765711413, 0.7619047619047619, 0.8194444444444444]","[0.7305555555555555, 0.8152777777777778, 0.7151515151515151, 0.8083333333333333, 0.675974025974026, 0.8083333333333333, 0.723989898989899, 0.8083333333333332, 0.7411616161616161, 0.7527777777777778]","[0.7322983529880082, 0.8260855263157894, 0.7220658598367575, 0.8113425925925926, 0.6695054945054945, 0.8146446078431373, 0.7316131237183867, 0.8165021929824561, 0.7416666666666668, 0.7514378032204857]","[0.7640786749482402, 0.8348306992808271, 0.745450582979187, 0.8677269820971867, 0.6948148148148148, 0.8339617898441427, 0.7661728395061728, 0.83457907379476, 0.7634920634920636, 0.8117283950617284]","[0.7391304347826086, 0.8260869565217391, 0.7391304347826086, 0.8260869565217391, 0.6888888888888889, 0.8222222222222222, 0.7555555555555555, 0.8222222222222222, 0.7555555555555555, 0.7777777777777778]","[0.7348630879365513, 0.8258895881006865, 0.7332076995557948, 0.8183373590982287, 0.6803418803418803, 0.8190904139433551, 0.7446950710108605, 0.8186500974658868, 0.7511111111111112, 0.7655664603410313]","[array([[12,  0,  0,  0],
       [ 3,  5,  0,  1],
       [ 0,  0,  7,  3],
       [ 0,  0,  5, 10]]), array([[11,  0,  0,  1],
       [ 2,  7,  0,  0],
       [ 0,  0,  7,  3],
       [ 0,  0,  2, 13]]), array([[ 8,  3,  0,  0],
       [ 3,  6,  0,  1],
       [ 0,  0,  6,  4],
       [ 0,  0,  1, 14]]), array([[11,  0,  0,  0],
       [ 4,  5,  0,  1],
       [ 0,  0,  8,  2],
       [ 1,  0,  0, 14]]), array([[ 9,  2,  0,  0],
       [ 6,  4,  0,  0],
       [ 0,  0,  7,  3],
       [ 0,  0,  3, 11]]), array([[11,  0,  0,  0],
       [ 2,  7,  0,  1],
       [ 0,  0,  6,  3],
       [ 0,  0,  2, 13]]), array([[ 9,  1,  1,  0],
       [ 2,  4,  0,  3],
       [ 0,  0,  7,  3],
       [ 0,  0,  1, 14]]), array([[11,  0,  0,  0],
       [ 2,  6,  0,  1],
       [ 0,  0,  7,  3],
       [ 0,  0,  2, 13]]), array([[10,  1,  0,  0],
       [ 4,  5,  0,  0],
       [ 0,  0,  7,  3],
       [ 0,  0,  3, 12]]), array([[11,  0,  0,  0],
       [ 4,  4,  0,  1],
       [ 1,  0,  7,  2],
       [ 0,  0,  2, 13]])]"
12,"[1.0, 1.0, 1.0, 1.0, 1.0, 1.0, 1.0, 1.0, 1.0, 1.0]","[1.0, 1.0, 1.0, 1.0, 1.0, 1.0, 1.0, 1.0, 1.0, 1.0]","[1.0, 1.0, 1.0, 1.0, 1.0, 1.0, 1.0, 1.0, 1.0, 1.0]","[1.0, 1.0, 1.0, 1.0, 1.0, 1.0, 1.0, 1.0, 1.0, 1.0]","[1.0, 1.0, 1.0, 1.0, 1.0, 1.0, 1.0, 1.0, 1.0, 1.0]","[1.0, 1.0, 1.0, 1.0, 1.0, 1.0, 1.0, 1.0, 1.0, 1.0]","[1.0, 1.0, 1.0, 1.0, 1.0, 1.0, 1.0, 1.0, 1.0, 1.0]","[1.0, 1.0, 1.0, 1.0, 1.0, 1.0, 1.0, 1.0, 1.0, 1.0]","[1.0, 1.0, 1.0, 1.0, 1.0, 1.0, 1.0, 1.0, 1.0, 1.0]","[1.0, 1.0, 1.0, 1.0, 1.0, 1.0, 1.0, 1.0, 1.0, 1.0]","[array([[100,   0,   0,   0],
       [  0,  85,   0,   0],
       [  0,   0,  89,   0],
       [  0,   0,   0, 134]]), array([[100,   0,   0,   0],
       [  0,  85,   0,   0],
       [  0,   0,  89,   0],
       [  0,   0,   0, 134]]), array([[101,   0,   0,   0],
       [  0,  84,   0,   0],
       [  0,   0,  89,   0],
       [  0,   0,   0, 134]]), array([[101,   0,   0,   0],
       [  0,  84,   0,   0],
       [  0,   0,  89,   0],
       [  0,   0,   0, 134]]), array([[101,   0,   0,   0],
       [  0,  84,   0,   0],
       [  0,   0,  89,   0],
       [  0,   0,   0, 135]]), array([[101,   0,   0,   0],
       [  0,  84,   0,   0],
       [  0,   0,  90,   0],
       [  0,   0,   0, 134]]), array([[101,   0,   0,   0],
       [  0,  85,   0,   0],
       [  0,   0,  89,   0],
       [  0,   0,   0, 134]]), array([[101,   0,   0,   0],
       [  0,  85,   0,   0],
       [  0,   0,  89,   0],
       [  0,   0,   0, 134]]), array([[101,   0,   0,   0],
       [  0,  85,   0,   0],
       [  0,   0,  89,   0],
       [  0,   0,   0, 134]]), array([[101,   0,   0,   0],
       [  0,  85,   0,   0],
       [  0,   0,  89,   0],
       [  0,   0,   0, 134]])]","[0.7391304347826086, 0.8043478260869565, 0.717391304347826, 0.8043478260869565, 0.6888888888888889, 0.8222222222222222, 0.7333333333333333, 0.8, 0.7555555555555555, 0.7333333333333333]","[0.7391304347826086, 0.8043478260869565, 0.717391304347826, 0.8043478260869565, 0.6888888888888889, 0.8222222222222222, 0.7333333333333333, 0.8, 0.7555555555555555, 0.7333333333333333]","[0.7391304347826086, 0.8043478260869565, 0.717391304347826, 0.8043478260869565, 0.6888888888888889, 0.8222222222222222, 0.7333333333333333, 0.8, 0.7555555555555555, 0.7333333333333333]","[0.7391304347826085, 0.8043478260869565, 0.717391304347826, 0.8043478260869565, 0.6888888888888889, 0.8222222222222222, 0.7333333333333333, 0.8000000000000002, 0.7555555555555555, 0.7333333333333333]","[0.7744047619047619, 0.837719298245614, 0.7318181818181819, 0.8472222222222222, 0.6880952380952381, 0.8402149321266968, 0.7505980861244019, 0.8295940170940171, 0.7642361111111111, 0.7800420168067228]","[0.7305555555555555, 0.7902777777777777, 0.6901515151515152, 0.7916666666666666, 0.675974025974026, 0.8083333333333333, 0.7073232323232324, 0.7833333333333333, 0.730050505050505, 0.7133838383838382]","[0.7322983529880082, 0.8057598039215685, 0.6959629186602871, 0.7905741055146828, 0.6695054945054945, 0.8146446078431373, 0.7135790679908327, 0.7928030303030302, 0.7290527808354633, 0.7163461538461537]","[0.7640786749482402, 0.8209382151029748, 0.7282608695652174, 0.839975845410628, 0.6948148148148148, 0.8339617898441427, 0.743625730994152, 0.8142450142450143, 0.7666358024691358, 0.765452847805789]","[0.7391304347826086, 0.8043478260869565, 0.717391304347826, 0.8043478260869565, 0.6888888888888889, 0.8222222222222222, 0.7333333333333333, 0.8, 0.7555555555555555, 0.7333333333333333]","[0.7348630879365513, 0.8046142369991476, 0.7079519450800916, 0.7963332048369326, 0.6803418803418803, 0.8190904139433551, 0.7247432306255835, 0.7948484848484848, 0.7456324848515, 0.7241880341880341]","[array([[12,  0,  0,  0],
       [ 3,  5,  0,  1],
       [ 0,  0,  7,  3],
       [ 0,  0,  5, 10]]), array([[11,  0,  0,  1],
       [ 1,  7,  0,  1],
       [ 0,  0,  6,  4],
       [ 0,  0,  2, 13]]), array([[ 8,  3,  0,  0],
       [ 3,  6,  0,  1],
       [ 0,  0,  5,  5],
       [ 0,  0,  1, 14]]), array([[11,  0,  0,  0],
       [ 4,  5,  0,  1],
       [ 0,  0,  8,  2],
       [ 1,  0,  1, 13]]), array([[ 9,  2,  0,  0],
       [ 6,  4,  0,  0],
       [ 0,  0,  7,  3],
       [ 0,  0,  3, 11]]), array([[11,  0,  0,  0],
       [ 2,  7,  0,  1],
       [ 0,  0,  6,  3],
       [ 0,  0,  2, 13]]), array([[ 9,  1,  1,  0],
       [ 2,  4,  0,  3],
       [ 0,  0,  7,  3],
       [ 0,  0,  2, 13]]), array([[11,  0,  0,  0],
       [ 2,  6,  0,  1],
       [ 0,  0,  6,  4],
       [ 0,  0,  2, 13]]), array([[10,  1,  0,  0],
       [ 5,  4,  0,  0],
       [ 0,  0,  7,  3],
       [ 0,  0,  2, 13]]), array([[10,  0,  0,  1],
       [ 4,  4,  0,  1],
       [ 0,  0,  7,  3],
       [ 0,  0,  3, 12]])]"
13,"[1.0, 1.0, 1.0, 1.0, 1.0, 1.0, 1.0, 1.0, 1.0, 1.0]","[1.0, 1.0, 1.0, 1.0, 1.0, 1.0, 1.0, 1.0, 1.0, 1.0]","[1.0, 1.0, 1.0, 1.0, 1.0, 1.0, 1.0, 1.0, 1.0, 1.0]","[1.0, 1.0, 1.0, 1.0, 1.0, 1.0, 1.0, 1.0, 1.0, 1.0]","[1.0, 1.0, 1.0, 1.0, 1.0, 1.0, 1.0, 1.0, 1.0, 1.0]","[1.0, 1.0, 1.0, 1.0, 1.0, 1.0, 1.0, 1.0, 1.0, 1.0]","[1.0, 1.0, 1.0, 1.0, 1.0, 1.0, 1.0, 1.0, 1.0, 1.0]","[1.0, 1.0, 1.0, 1.0, 1.0, 1.0, 1.0, 1.0, 1.0, 1.0]","[1.0, 1.0, 1.0, 1.0, 1.0, 1.0, 1.0, 1.0, 1.0, 1.0]","[1.0, 1.0, 1.0, 1.0, 1.0, 1.0, 1.0, 1.0, 1.0, 1.0]","[array([[100,   0,   0,   0],
       [  0,  85,   0,   0],
       [  0,   0,  89,   0],
       [  0,   0,   0, 134]]), array([[100,   0,   0,   0],
       [  0,  85,   0,   0],
       [  0,   0,  89,   0],
       [  0,   0,   0, 134]]), array([[101,   0,   0,   0],
       [  0,  84,   0,   0],
       [  0,   0,  89,   0],
       [  0,   0,   0, 134]]), array([[101,   0,   0,   0],
       [  0,  84,   0,   0],
       [  0,   0,  89,   0],
       [  0,   0,   0, 134]]), array([[101,   0,   0,   0],
       [  0,  84,   0,   0],
       [  0,   0,  89,   0],
       [  0,   0,   0, 135]]), array([[101,   0,   0,   0],
       [  0,  84,   0,   0],
       [  0,   0,  90,   0],
       [  0,   0,   0, 134]]), array([[101,   0,   0,   0],
       [  0,  85,   0,   0],
       [  0,   0,  89,   0],
       [  0,   0,   0, 134]]), array([[101,   0,   0,   0],
       [  0,  85,   0,   0],
       [  0,   0,  89,   0],
       [  0,   0,   0, 134]]), array([[101,   0,   0,   0],
       [  0,  85,   0,   0],
       [  0,   0,  89,   0],
       [  0,   0,   0, 134]]), array([[101,   0,   0,   0],
       [  0,  85,   0,   0],
       [  0,   0,  89,   0],
       [  0,   0,   0, 134]])]","[0.7391304347826086, 0.7608695652173914, 0.6739130434782609, 0.8260869565217391, 0.6888888888888889, 0.8222222222222222, 0.7333333333333333, 0.8222222222222222, 0.7777777777777778, 0.7777777777777778]","[0.7391304347826086, 0.7608695652173914, 0.6739130434782609, 0.8260869565217391, 0.6888888888888889, 0.8222222222222222, 0.7333333333333333, 0.8222222222222222, 0.7777777777777778, 0.7777777777777778]","[0.7391304347826086, 0.7608695652173914, 0.6739130434782609, 0.8260869565217391, 0.6888888888888889, 0.8222222222222222, 0.7333333333333333, 0.8222222222222222, 0.7777777777777778, 0.7777777777777778]","[0.7391304347826085, 0.7608695652173914, 0.6739130434782609, 0.8260869565217391, 0.6888888888888889, 0.8222222222222222, 0.7333333333333333, 0.8222222222222222, 0.7777777777777778, 0.7777777777777778]","[0.7744047619047619, 0.8026098901098901, 0.6894821187584346, 0.8777573529411764, 0.6880952380952381, 0.8402149321266968, 0.7505980861244019, 0.8471593765711413, 0.7844742063492064, 0.8315319548872181]","[0.7305555555555555, 0.7374999999999999, 0.6484848484848484, 0.8083333333333333, 0.675974025974026, 0.8083333333333333, 0.7073232323232324, 0.8083333333333332, 0.7578282828282829, 0.7467171717171717]","[0.7322983529880082, 0.7527731092436974, 0.6529820261437909, 0.8113425925925926, 0.6695054945054945, 0.8146446078431373, 0.7135790679908327, 0.8165021929824561, 0.7605546123372948, 0.7541729512317747]","[0.7640786749482402, 0.7836239847109413, 0.687298304289151, 0.8677269820971867, 0.6948148148148148, 0.8339617898441427, 0.743625730994152, 0.83457907379476, 0.784942680776014, 0.8146616541353383]","[0.7391304347826086, 0.7608695652173914, 0.6739130434782609, 0.8260869565217391, 0.6888888888888889, 0.8222222222222222, 0.7333333333333333, 0.8222222222222222, 0.7777777777777778, 0.7777777777777778]","[0.7348630879365513, 0.7562002192181219, 0.6654234157431089, 0.8183373590982287, 0.6803418803418803, 0.8190904139433551, 0.7247432306255835, 0.8186500974658868, 0.7722014714204868, 0.7659817887268867]","[array([[12,  0,  0,  0],
       [ 3,  5,  0,  1],
       [ 0,  0,  7,  3],
       [ 0,  0,  5, 10]]), array([[11,  0,  0,  1],
       [ 2,  6,  0,  1],
       [ 0,  0,  5,  5],
       [ 0,  0,  2, 13]]), array([[ 8,  3,  0,  0],
       [ 4,  5,  0,  1],
       [ 0,  0,  5,  5],
       [ 1,  0,  1, 13]]), array([[11,  0,  0,  0],
       [ 4,  5,  0,  1],
       [ 0,  0,  8,  2],
       [ 1,  0,  0, 14]]), array([[ 9,  2,  0,  0],
       [ 6,  4,  0,  0],
       [ 0,  0,  7,  3],
       [ 0,  0,  3, 11]]), array([[11,  0,  0,  0],
       [ 2,  7,  0,  1],
       [ 0,  0,  6,  3],
       [ 0,  0,  2, 13]]), array([[ 9,  1,  1,  0],
       [ 2,  4,  0,  3],
       [ 0,  0,  7,  3],
       [ 0,  0,  2, 13]]), array([[11,  0,  0,  0],
       [ 2,  6,  0,  1],
       [ 0,  0,  7,  3],
       [ 0,  0,  2, 13]]), array([[10,  1,  0,  0],
       [ 4,  5,  0,  0],
       [ 0,  0,  7,  3],
       [ 0,  0,  2, 13]]), array([[10,  0,  0,  1],
       [ 4,  4,  0,  1],
       [ 0,  0,  7,  3],
       [ 0,  0,  1, 14]])]"
14,"[1.0, 1.0, 1.0, 1.0, 1.0, 1.0, 1.0, 1.0, 1.0, 1.0]","[1.0, 1.0, 1.0, 1.0, 1.0, 1.0, 1.0, 1.0, 1.0, 1.0]","[1.0, 1.0, 1.0, 1.0, 1.0, 1.0, 1.0, 1.0, 1.0, 1.0]","[1.0, 1.0, 1.0, 1.0, 1.0, 1.0, 1.0, 1.0, 1.0, 1.0]","[1.0, 1.0, 1.0, 1.0, 1.0, 1.0, 1.0, 1.0, 1.0, 1.0]","[1.0, 1.0, 1.0, 1.0, 1.0, 1.0, 1.0, 1.0, 1.0, 1.0]","[1.0, 1.0, 1.0, 1.0, 1.0, 1.0, 1.0, 1.0, 1.0, 1.0]","[1.0, 1.0, 1.0, 1.0, 1.0, 1.0, 1.0, 1.0, 1.0, 1.0]","[1.0, 1.0, 1.0, 1.0, 1.0, 1.0, 1.0, 1.0, 1.0, 1.0]","[1.0, 1.0, 1.0, 1.0, 1.0, 1.0, 1.0, 1.0, 1.0, 1.0]","[array([[100,   0,   0,   0],
       [  0,  85,   0,   0],
       [  0,   0,  89,   0],
       [  0,   0,   0, 134]]), array([[100,   0,   0,   0],
       [  0,  85,   0,   0],
       [  0,   0,  89,   0],
       [  0,   0,   0, 134]]), array([[101,   0,   0,   0],
       [  0,  84,   0,   0],
       [  0,   0,  89,   0],
       [  0,   0,   0, 134]]), array([[101,   0,   0,   0],
       [  0,  84,   0,   0],
       [  0,   0,  89,   0],
       [  0,   0,   0, 134]]), array([[101,   0,   0,   0],
       [  0,  84,   0,   0],
       [  0,   0,  89,   0],
       [  0,   0,   0, 135]]), array([[101,   0,   0,   0],
       [  0,  84,   0,   0],
       [  0,   0,  90,   0],
       [  0,   0,   0, 134]]), array([[101,   0,   0,   0],
       [  0,  85,   0,   0],
       [  0,   0,  89,   0],
       [  0,   0,   0, 134]]), array([[101,   0,   0,   0],
       [  0,  85,   0,   0],
       [  0,   0,  89,   0],
       [  0,   0,   0, 134]]), array([[101,   0,   0,   0],
       [  0,  85,   0,   0],
       [  0,   0,  89,   0],
       [  0,   0,   0, 134]]), array([[101,   0,   0,   0],
       [  0,  85,   0,   0],
       [  0,   0,  89,   0],
       [  0,   0,   0, 134]])]","[0.717391304347826, 0.7608695652173914, 0.6956521739130435, 0.8043478260869565, 0.6888888888888889, 0.8444444444444444, 0.7777777777777778, 0.8222222222222222, 0.7555555555555555, 0.7777777777777778]","[0.717391304347826, 0.7608695652173914, 0.6956521739130435, 0.8043478260869565, 0.6888888888888889, 0.8444444444444444, 0.7777777777777778, 0.8222222222222222, 0.7555555555555555, 0.7777777777777778]","[0.717391304347826, 0.7608695652173914, 0.6956521739130435, 0.8043478260869565, 0.6888888888888889, 0.8444444444444444, 0.7777777777777778, 0.8222222222222222, 0.7555555555555555, 0.7777777777777778]","[0.717391304347826, 0.7608695652173914, 0.6956521739130435, 0.8043478260869565, 0.6888888888888889, 0.8444444444444444, 0.7777777777777778, 0.8222222222222222, 0.7555555555555555, 0.7777777777777778]","[0.761904761904762, 0.8026098901098901, 0.70625, 0.8472222222222222, 0.6880952380952381, 0.8702686202686203, 0.7948412698412699, 0.8471593765711413, 0.7642361111111111, 0.8197478991596638]","[0.7027777777777777, 0.7374999999999999, 0.6651515151515152, 0.7916666666666666, 0.675974025974026, 0.825, 0.7628787878787878, 0.8083333333333332, 0.730050505050505, 0.7550505050505051]","[0.6996365703262255, 0.7527731092436974, 0.6690519323671498, 0.7905741055146828, 0.6695054945054945, 0.8346702317290553, 0.7737554112554111, 0.8165021929824561, 0.7290527808354633, 0.7569711538461539]","[0.7510351966873706, 0.7836239847109413, 0.7047101449275361, 0.839975845410628, 0.6948148148148148, 0.8597476597476597, 0.7877248677248677, 0.83457907379476, 0.7666358024691358, 0.8072829131652661]","[0.717391304347826, 0.7608695652173914, 0.6956521739130435, 0.8043478260869565, 0.6888888888888889, 0.8444444444444444, 0.7777777777777778, 0.8222222222222222, 0.7555555555555555, 0.7777777777777778]","[0.7072312994351975, 0.7562002192181219, 0.683863684099979, 0.7963332048369326, 0.6803418803418803, 0.8399088928500693, 0.7777056277056277, 0.8186500974658868, 0.7456324848515, 0.7672435897435897]","[array([[12,  0,  0,  0],
       [ 4,  4,  0,  1],
       [ 0,  0,  7,  3],
       [ 0,  0,  5, 10]]), array([[11,  0,  0,  1],
       [ 2,  6,  0,  1],
       [ 0,  0,  5,  5],
       [ 0,  0,  2, 13]]), array([[ 8,  3,  0,  0],
       [ 4,  5,  0,  1],
       [ 0,  0,  5,  5],
       [ 0,  0,  1, 14]]), array([[11,  0,  0,  0],
       [ 4,  5,  0,  1],
       [ 0,  0,  8,  2],
       [ 1,  0,  1, 13]]), array([[ 9,  2,  0,  0],
       [ 6,  4,  0,  0],
       [ 0,  0,  7,  3],
       [ 0,  0,  3, 11]]), array([[11,  0,  0,  0],
       [ 2,  7,  0,  1],
       [ 0,  0,  6,  3],
       [ 0,  0,  1, 14]]), array([[ 9,  1,  1,  0],
       [ 1,  6,  0,  2],
       [ 0,  0,  7,  3],
       [ 0,  0,  2, 13]]), array([[11,  0,  0,  0],
       [ 2,  6,  0,  1],
       [ 0,  0,  7,  3],
       [ 0,  0,  2, 13]]), array([[10,  1,  0,  0],
       [ 5,  4,  0,  0],
       [ 0,  0,  7,  3],
       [ 0,  0,  2, 13]]), array([[10,  0,  0,  1],
       [ 4,  4,  0,  1],
       [ 0,  0,  8,  2],
       [ 0,  0,  2, 13]])]"
15,"[1.0, 1.0, 1.0, 1.0, 1.0, 1.0, 1.0, 1.0, 1.0, 1.0]","[1.0, 1.0, 1.0, 1.0, 1.0, 1.0, 1.0, 1.0, 1.0, 1.0]","[1.0, 1.0, 1.0, 1.0, 1.0, 1.0, 1.0, 1.0, 1.0, 1.0]","[1.0, 1.0, 1.0, 1.0, 1.0, 1.0, 1.0, 1.0, 1.0, 1.0]","[1.0, 1.0, 1.0, 1.0, 1.0, 1.0, 1.0, 1.0, 1.0, 1.0]","[1.0, 1.0, 1.0, 1.0, 1.0, 1.0, 1.0, 1.0, 1.0, 1.0]","[1.0, 1.0, 1.0, 1.0, 1.0, 1.0, 1.0, 1.0, 1.0, 1.0]","[1.0, 1.0, 1.0, 1.0, 1.0, 1.0, 1.0, 1.0, 1.0, 1.0]","[1.0, 1.0, 1.0, 1.0, 1.0, 1.0, 1.0, 1.0, 1.0, 1.0]","[1.0, 1.0, 1.0, 1.0, 1.0, 1.0, 1.0, 1.0, 1.0, 1.0]","[array([[100,   0,   0,   0],
       [  0,  85,   0,   0],
       [  0,   0,  89,   0],
       [  0,   0,   0, 134]]), array([[100,   0,   0,   0],
       [  0,  85,   0,   0],
       [  0,   0,  89,   0],
       [  0,   0,   0, 134]]), array([[101,   0,   0,   0],
       [  0,  84,   0,   0],
       [  0,   0,  89,   0],
       [  0,   0,   0, 134]]), array([[101,   0,   0,   0],
       [  0,  84,   0,   0],
       [  0,   0,  89,   0],
       [  0,   0,   0, 134]]), array([[101,   0,   0,   0],
       [  0,  84,   0,   0],
       [  0,   0,  89,   0],
       [  0,   0,   0, 135]]), array([[101,   0,   0,   0],
       [  0,  84,   0,   0],
       [  0,   0,  90,   0],
       [  0,   0,   0, 134]]), array([[101,   0,   0,   0],
       [  0,  85,   0,   0],
       [  0,   0,  89,   0],
       [  0,   0,   0, 134]]), array([[101,   0,   0,   0],
       [  0,  85,   0,   0],
       [  0,   0,  89,   0],
       [  0,   0,   0, 134]]), array([[101,   0,   0,   0],
       [  0,  85,   0,   0],
       [  0,   0,  89,   0],
       [  0,   0,   0, 134]]), array([[101,   0,   0,   0],
       [  0,  85,   0,   0],
       [  0,   0,  89,   0],
       [  0,   0,   0, 134]])]","[0.6956521739130435, 0.8043478260869565, 0.717391304347826, 0.8260869565217391, 0.6888888888888889, 0.8444444444444444, 0.7333333333333333, 0.8222222222222222, 0.7777777777777778, 0.8444444444444444]","[0.6956521739130435, 0.8043478260869565, 0.717391304347826, 0.8260869565217391, 0.6888888888888889, 0.8444444444444444, 0.7333333333333333, 0.8222222222222222, 0.7777777777777778, 0.8444444444444444]","[0.6956521739130435, 0.8043478260869565, 0.717391304347826, 0.8260869565217391, 0.6888888888888889, 0.8444444444444444, 0.7333333333333333, 0.8222222222222222, 0.7777777777777778, 0.8444444444444444]","[0.6956521739130435, 0.8043478260869565, 0.717391304347826, 0.8260869565217391, 0.6888888888888889, 0.8444444444444444, 0.7333333333333333, 0.8222222222222222, 0.7777777777777778, 0.8444444444444444]","[0.7508753501400561, 0.8365384615384616, 0.7214129072681704, 0.8805147058823529, 0.6880952380952381, 0.8708333333333333, 0.7430555555555556, 0.864498987854251, 0.7844742063492064, 0.8738095238095238]","[0.6749999999999999, 0.7875, 0.6901515151515152, 0.8083333333333333, 0.675974025974026, 0.8277777777777777, 0.7073232323232324, 0.7972222222222223, 0.7578282828282829, 0.8277777777777778]","[0.6634012539184952, 0.8011802232854863, 0.6951548735436204, 0.8019342711617754, 0.6695054945054945, 0.8307272660925412, 0.7104790137398832, 0.8080648926237162, 0.7605546123372948, 0.8167952736918254]","[0.739526245280721, 0.8209773318468971, 0.7218998583415059, 0.8748401534526854, 0.6948148148148148, 0.8681481481481481, 0.7396296296296296, 0.8468960863697705, 0.784942680776014, 0.873968253968254]","[0.6956521739130435, 0.8043478260869565, 0.717391304347826, 0.8260869565217391, 0.6888888888888889, 0.8444444444444444, 0.7333333333333333, 0.8222222222222222, 0.7777777777777778, 0.8444444444444444]","[0.676945618100041, 0.803187018930726, 0.7091194385756824, 0.812591612270508, 0.6803418803418803, 0.839285424674419, 0.7237718802936194, 0.814280527025625, 0.7722014714204868, 0.8307853066473756]","[array([[12,  0,  0,  0],
       [ 5,  3,  0,  1],
       [ 0,  0,  7,  3],
       [ 0,  0,  5, 10]]), array([[11,  0,  0,  1],
       [ 2,  6,  0,  1],
       [ 0,  0,  7,  3],
       [ 0,  0,  2, 13]]), array([[ 8,  3,  0,  0],
       [ 4,  5,  0,  1],
       [ 0,  0,  6,  4],
       [ 0,  0,  1, 14]]), array([[11,  0,  0,  0],
       [ 5,  4,  0,  1],
       [ 0,  0,  9,  1],
       [ 1,  0,  0, 14]]), array([[ 9,  2,  0,  0],
       [ 6,  4,  0,  0],
       [ 0,  0,  7,  3],
       [ 0,  0,  3, 11]]), array([[11,  0,  0,  0],
       [ 4,  6,  0,  0],
       [ 0,  0,  7,  2],
       [ 0,  0,  1, 14]]), array([[ 9,  1,  1,  0],
       [ 3,  4,  0,  2],
       [ 0,  0,  7,  3],
       [ 0,  0,  2, 13]]), array([[11,  0,  0,  0],
       [ 2,  5,  0,  2],
       [ 0,  0,  7,  3],
       [ 0,  0,  1, 14]]), array([[10,  1,  0,  0],
       [ 4,  5,  0,  0],
       [ 0,  0,  7,  3],
       [ 0,  0,  2, 13]]), array([[11,  0,  0,  0],
       [ 4,  4,  0,  1],
       [ 0,  0, 10,  0],
       [ 0,  0,  2, 13]])]"
16,"[1.0, 1.0, 1.0, 1.0, 1.0, 1.0, 1.0, 1.0, 1.0, 1.0]","[1.0, 1.0, 1.0, 1.0, 1.0, 1.0, 1.0, 1.0, 1.0, 1.0]","[1.0, 1.0, 1.0, 1.0, 1.0, 1.0, 1.0, 1.0, 1.0, 1.0]","[1.0, 1.0, 1.0, 1.0, 1.0, 1.0, 1.0, 1.0, 1.0, 1.0]","[1.0, 1.0, 1.0, 1.0, 1.0, 1.0, 1.0, 1.0, 1.0, 1.0]","[1.0, 1.0, 1.0, 1.0, 1.0, 1.0, 1.0, 1.0, 1.0, 1.0]","[1.0, 1.0, 1.0, 1.0, 1.0, 1.0, 1.0, 1.0, 1.0, 1.0]","[1.0, 1.0, 1.0, 1.0, 1.0, 1.0, 1.0, 1.0, 1.0, 1.0]","[1.0, 1.0, 1.0, 1.0, 1.0, 1.0, 1.0, 1.0, 1.0, 1.0]","[1.0, 1.0, 1.0, 1.0, 1.0, 1.0, 1.0, 1.0, 1.0, 1.0]","[array([[100,   0,   0,   0],
       [  0,  85,   0,   0],
       [  0,   0,  89,   0],
       [  0,   0,   0, 134]]), array([[100,   0,   0,   0],
       [  0,  85,   0,   0],
       [  0,   0,  89,   0],
       [  0,   0,   0, 134]]), array([[101,   0,   0,   0],
       [  0,  84,   0,   0],
       [  0,   0,  89,   0],
       [  0,   0,   0, 134]]), array([[101,   0,   0,   0],
       [  0,  84,   0,   0],
       [  0,   0,  89,   0],
       [  0,   0,   0, 134]]), array([[101,   0,   0,   0],
       [  0,  84,   0,   0],
       [  0,   0,  89,   0],
       [  0,   0,   0, 135]]), array([[101,   0,   0,   0],
       [  0,  84,   0,   0],
       [  0,   0,  90,   0],
       [  0,   0,   0, 134]]), array([[101,   0,   0,   0],
       [  0,  85,   0,   0],
       [  0,   0,  89,   0],
       [  0,   0,   0, 134]]), array([[101,   0,   0,   0],
       [  0,  85,   0,   0],
       [  0,   0,  89,   0],
       [  0,   0,   0, 134]]), array([[101,   0,   0,   0],
       [  0,  85,   0,   0],
       [  0,   0,  89,   0],
       [  0,   0,   0, 134]]), array([[101,   0,   0,   0],
       [  0,  85,   0,   0],
       [  0,   0,  89,   0],
       [  0,   0,   0, 134]])]","[0.6956521739130435, 0.8260869565217391, 0.6956521739130435, 0.8260869565217391, 0.7111111111111111, 0.8222222222222222, 0.7111111111111111, 0.8222222222222222, 0.7777777777777778, 0.8]","[0.6956521739130435, 0.8260869565217391, 0.6956521739130435, 0.8260869565217391, 0.7111111111111111, 0.8222222222222222, 0.7111111111111111, 0.8222222222222222, 0.7777777777777778, 0.8]","[0.6956521739130435, 0.8260869565217391, 0.6956521739130435, 0.8260869565217391, 0.7111111111111111, 0.8222222222222222, 0.7111111111111111, 0.8222222222222222, 0.7777777777777778, 0.8]","[0.6956521739130435, 0.8260869565217391, 0.6956521739130435, 0.8260869565217391, 0.7111111111111111, 0.8222222222222222, 0.7111111111111111, 0.8222222222222222, 0.7777777777777778, 0.8000000000000002]","[0.7508753501400561, 0.8527149321266969, 0.7049374236874237, 0.8635416666666667, 0.7276785714285714, 0.8312257595345831, 0.7161324786324786, 0.864498987854251, 0.7844742063492064, 0.8362418831168832]","[0.6749999999999999, 0.8125, 0.6734848484848485, 0.8166666666666667, 0.6987012987012986, 0.8022727272727272, 0.6795454545454546, 0.7972222222222223, 0.7578282828282829, 0.780050505050505]","[0.6634012539184952, 0.823125, 0.6789958407605466, 0.812037037037037, 0.6899470899470899, 0.8090277777777777, 0.6748543123543124, 0.8080648926237162, 0.7605546123372948, 0.7778092874867069]","[0.739526245280721, 0.8396616171552232, 0.7048694059563626, 0.8600543478260869, 0.7305555555555555, 0.8284170078287725, 0.7155270655270656, 0.8468960863697705, 0.784942680776014, 0.8272546897546899]","[0.6956521739130435, 0.8260869565217391, 0.6956521739130435, 0.8260869565217391, 0.7111111111111111, 0.8222222222222222, 0.7111111111111111, 0.8222222222222222, 0.7777777777777778, 0.8]","[0.676945618100041, 0.824945652173913, 0.6905629181844015, 0.8180354267310789, 0.6995884773662552, 0.8182098765432099, 0.6938228438228439, 0.814280527025625, 0.7722014714204868, 0.7886785615817874]","[array([[12,  0,  0,  0],
       [ 5,  3,  0,  1],
       [ 0,  0,  7,  3],
       [ 0,  0,  5, 10]]), array([[11,  0,  0,  1],
       [ 2,  6,  0,  1],
       [ 0,  0,  8,  2],
       [ 0,  0,  2, 13]]), array([[ 8,  3,  0,  0],
       [ 4,  5,  0,  1],
       [ 0,  0,  6,  4],
       [ 1,  0,  1, 13]]), array([[11,  0,  0,  0],
       [ 4,  5,  0,  1],
       [ 0,  0,  9,  1],
       [ 1,  0,  1, 13]]), array([[10,  1,  0,  0],
       [ 6,  4,  0,  0],
       [ 0,  0,  7,  3],
       [ 0,  0,  3, 11]]), array([[10,  1,  0,  0],
       [ 3,  7,  0,  0],
       [ 0,  0,  6,  3],
       [ 0,  0,  1, 14]]), array([[ 9,  1,  1,  0],
       [ 4,  3,  0,  2],
       [ 0,  0,  7,  3],
       [ 0,  0,  2, 13]]), array([[11,  0,  0,  0],
       [ 2,  5,  0,  2],
       [ 0,  0,  7,  3],
       [ 0,  0,  1, 14]]), array([[10,  1,  0,  0],
       [ 4,  5,  0,  0],
       [ 0,  0,  7,  3],
       [ 0,  0,  2, 13]]), array([[10,  0,  0,  1],
       [ 4,  4,  0,  1],
       [ 0,  0,  9,  1],
       [ 0,  0,  2, 13]])]"
17,"[1.0, 1.0, 1.0, 1.0, 1.0, 1.0, 1.0, 1.0, 1.0, 1.0]","[1.0, 1.0, 1.0, 1.0, 1.0, 1.0, 1.0, 1.0, 1.0, 1.0]","[1.0, 1.0, 1.0, 1.0, 1.0, 1.0, 1.0, 1.0, 1.0, 1.0]","[1.0, 1.0, 1.0, 1.0, 1.0, 1.0, 1.0, 1.0, 1.0, 1.0]","[1.0, 1.0, 1.0, 1.0, 1.0, 1.0, 1.0, 1.0, 1.0, 1.0]","[1.0, 1.0, 1.0, 1.0, 1.0, 1.0, 1.0, 1.0, 1.0, 1.0]","[1.0, 1.0, 1.0, 1.0, 1.0, 1.0, 1.0, 1.0, 1.0, 1.0]","[1.0, 1.0, 1.0, 1.0, 1.0, 1.0, 1.0, 1.0, 1.0, 1.0]","[1.0, 1.0, 1.0, 1.0, 1.0, 1.0, 1.0, 1.0, 1.0, 1.0]","[1.0, 1.0, 1.0, 1.0, 1.0, 1.0, 1.0, 1.0, 1.0, 1.0]","[array([[100,   0,   0,   0],
       [  0,  85,   0,   0],
       [  0,   0,  89,   0],
       [  0,   0,   0, 134]]), array([[100,   0,   0,   0],
       [  0,  85,   0,   0],
       [  0,   0,  89,   0],
       [  0,   0,   0, 134]]), array([[101,   0,   0,   0],
       [  0,  84,   0,   0],
       [  0,   0,  89,   0],
       [  0,   0,   0, 134]]), array([[101,   0,   0,   0],
       [  0,  84,   0,   0],
       [  0,   0,  89,   0],
       [  0,   0,   0, 134]]), array([[101,   0,   0,   0],
       [  0,  84,   0,   0],
       [  0,   0,  89,   0],
       [  0,   0,   0, 135]]), array([[101,   0,   0,   0],
       [  0,  84,   0,   0],
       [  0,   0,  90,   0],
       [  0,   0,   0, 134]]), array([[101,   0,   0,   0],
       [  0,  85,   0,   0],
       [  0,   0,  89,   0],
       [  0,   0,   0, 134]]), array([[101,   0,   0,   0],
       [  0,  85,   0,   0],
       [  0,   0,  89,   0],
       [  0,   0,   0, 134]]), array([[101,   0,   0,   0],
       [  0,  85,   0,   0],
       [  0,   0,  89,   0],
       [  0,   0,   0, 134]]), array([[101,   0,   0,   0],
       [  0,  85,   0,   0],
       [  0,   0,  89,   0],
       [  0,   0,   0, 134]])]","[0.6956521739130435, 0.8043478260869565, 0.6739130434782609, 0.7608695652173914, 0.7111111111111111, 0.8222222222222222, 0.7333333333333333, 0.8, 0.7555555555555555, 0.8222222222222222]","[0.6956521739130435, 0.8043478260869565, 0.6739130434782609, 0.7608695652173914, 0.7111111111111111, 0.8222222222222222, 0.7333333333333333, 0.8, 0.7555555555555555, 0.8222222222222222]","[0.6956521739130435, 0.8043478260869565, 0.6739130434782609, 0.7608695652173914, 0.7111111111111111, 0.8222222222222222, 0.7333333333333333, 0.8, 0.7555555555555555, 0.8222222222222222]","[0.6956521739130435, 0.8043478260869565, 0.6739130434782609, 0.7608695652173914, 0.7111111111111111, 0.8222222222222222, 0.7333333333333333, 0.8000000000000002, 0.7555555555555555, 0.8222222222222222]","[0.756827731092437, 0.8365384615384616, 0.6894821187584346, 0.809375, 0.7276785714285714, 0.8303571428571428, 0.7444444444444445, 0.8508241758241759, 0.7619047619047619, 0.8535714285714286]","[0.6833333333333333, 0.7875, 0.6484848484848484, 0.743939393939394, 0.6987012987012986, 0.805050505050505, 0.6962121212121213, 0.7722222222222221, 0.7411616161616161, 0.805050505050505]","[0.6652298850574712, 0.8011802232854863, 0.6529820261437909, 0.7377197473971668, 0.6899470899470899, 0.8081593927893739, 0.6952473156134483, 0.7842086834733892, 0.7416666666666668, 0.7977855477855478]","[0.7485842162952138, 0.8209773318468971, 0.687298304289151, 0.8057065217391305, 0.7305555555555555, 0.8317460317460318, 0.7395061728395061, 0.8306471306471306, 0.7634920634920636, 0.8486772486772487]","[0.6956521739130435, 0.8043478260869565, 0.6739130434782609, 0.7608695652173914, 0.7111111111111111, 0.8222222222222222, 0.7333333333333333, 0.8, 0.7555555555555555, 0.8222222222222222]","[0.6760369815092453, 0.803187018930726, 0.6654234157431089, 0.748762587472265, 0.6995884773662552, 0.8181994518237403, 0.7140213968589254, 0.7904606286959228, 0.7511111111111112, 0.8095415695415694]","[array([[12,  0,  0,  0],
       [ 5,  3,  0,  1],
       [ 0,  0,  8,  2],
       [ 0,  0,  6,  9]]), array([[11,  0,  0,  1],
       [ 2,  6,  0,  1],
       [ 0,  0,  7,  3],
       [ 0,  0,  2, 13]]), array([[ 8,  3,  0,  0],
       [ 4,  5,  0,  1],
       [ 0,  0,  5,  5],
       [ 1,  0,  1, 13]]), array([[10,  0,  1,  0],
       [ 5,  4,  0,  1],
       [ 0,  0,  8,  2],
       [ 1,  0,  1, 13]]), array([[10,  1,  0,  0],
       [ 6,  4,  0,  0],
       [ 0,  0,  7,  3],
       [ 0,  0,  3, 11]]), array([[10,  1,  0,  0],
       [ 4,  6,  0,  0],
       [ 0,  0,  7,  2],
       [ 0,  0,  1, 14]]), array([[ 9,  1,  1,  0],
       [ 3,  3,  0,  3],
       [ 0,  0,  7,  3],
       [ 0,  0,  1, 14]]), array([[11,  0,  0,  0],
       [ 2,  5,  0,  2],
       [ 0,  0,  6,  4],
       [ 0,  0,  1, 14]]), array([[10,  1,  0,  0],
       [ 4,  5,  0,  0],
       [ 0,  0,  7,  3],
       [ 0,  0,  3, 12]]), array([[10,  0,  0,  1],
       [ 4,  4,  0,  1],
       [ 0,  0, 10,  0],
       [ 0,  0,  2, 13]])]"
18,"[1.0, 1.0, 1.0, 1.0, 1.0, 1.0, 1.0, 1.0, 1.0, 1.0]","[1.0, 1.0, 1.0, 1.0, 1.0, 1.0, 1.0, 1.0, 1.0, 1.0]","[1.0, 1.0, 1.0, 1.0, 1.0, 1.0, 1.0, 1.0, 1.0, 1.0]","[1.0, 1.0, 1.0, 1.0, 1.0, 1.0, 1.0, 1.0, 1.0, 1.0]","[1.0, 1.0, 1.0, 1.0, 1.0, 1.0, 1.0, 1.0, 1.0, 1.0]","[1.0, 1.0, 1.0, 1.0, 1.0, 1.0, 1.0, 1.0, 1.0, 1.0]","[1.0, 1.0, 1.0, 1.0, 1.0, 1.0, 1.0, 1.0, 1.0, 1.0]","[1.0, 1.0, 1.0, 1.0, 1.0, 1.0, 1.0, 1.0, 1.0, 1.0]","[1.0, 1.0, 1.0, 1.0, 1.0, 1.0, 1.0, 1.0, 1.0, 1.0]","[1.0, 1.0, 1.0, 1.0, 1.0, 1.0, 1.0, 1.0, 1.0, 1.0]","[array([[100,   0,   0,   0],
       [  0,  85,   0,   0],
       [  0,   0,  89,   0],
       [  0,   0,   0, 134]]), array([[100,   0,   0,   0],
       [  0,  85,   0,   0],
       [  0,   0,  89,   0],
       [  0,   0,   0, 134]]), array([[101,   0,   0,   0],
       [  0,  84,   0,   0],
       [  0,   0,  89,   0],
       [  0,   0,   0, 134]]), array([[101,   0,   0,   0],
       [  0,  84,   0,   0],
       [  0,   0,  89,   0],
       [  0,   0,   0, 134]]), array([[101,   0,   0,   0],
       [  0,  84,   0,   0],
       [  0,   0,  89,   0],
       [  0,   0,   0, 135]]), array([[101,   0,   0,   0],
       [  0,  84,   0,   0],
       [  0,   0,  90,   0],
       [  0,   0,   0, 134]]), array([[101,   0,   0,   0],
       [  0,  85,   0,   0],
       [  0,   0,  89,   0],
       [  0,   0,   0, 134]]), array([[101,   0,   0,   0],
       [  0,  85,   0,   0],
       [  0,   0,  89,   0],
       [  0,   0,   0, 134]]), array([[101,   0,   0,   0],
       [  0,  85,   0,   0],
       [  0,   0,  89,   0],
       [  0,   0,   0, 134]]), array([[101,   0,   0,   0],
       [  0,  85,   0,   0],
       [  0,   0,  89,   0],
       [  0,   0,   0, 134]])]","[0.7391304347826086, 0.8043478260869565, 0.6521739130434783, 0.7391304347826086, 0.7111111111111111, 0.8, 0.7111111111111111, 0.8444444444444444, 0.7555555555555555, 0.8]","[0.7391304347826086, 0.8043478260869565, 0.6521739130434783, 0.7391304347826086, 0.7111111111111111, 0.8, 0.7111111111111111, 0.8444444444444444, 0.7555555555555555, 0.8]","[0.7391304347826086, 0.8043478260869565, 0.6521739130434783, 0.7391304347826086, 0.7111111111111111, 0.8, 0.7111111111111111, 0.8444444444444444, 0.7555555555555555, 0.8]","[0.7391304347826085, 0.8043478260869565, 0.6521739130434783, 0.7391304347826085, 0.7111111111111111, 0.8000000000000002, 0.7111111111111111, 0.8444444444444444, 0.7555555555555555, 0.8000000000000002]","[0.7895658263305322, 0.8365384615384616, 0.6641081871345029, 0.7918709150326797, 0.7276785714285714, 0.8153235653235653, 0.7161324786324786, 0.874732905982906, 0.7619047619047619, 0.8362418831168832]","[0.7166666666666667, 0.7875, 0.6257575757575757, 0.7189393939393939, 0.6987012987012986, 0.7772727272727273, 0.6795454545454546, 0.825, 0.7411616161616161, 0.780050505050505]","[0.7033699059561127, 0.8011802232854863, 0.6311793310001346, 0.7153778543581175, 0.6899470899470899, 0.7844251336898396, 0.6748543123543124, 0.8357323232323233, 0.7416666666666668, 0.7778092874867069]","[0.7809341127755449, 0.8209773318468971, 0.6645372489194, 0.785290565501563, 0.7305555555555555, 0.8091982091982091, 0.7155270655270656, 0.8605413105413104, 0.7634920634920636, 0.8272546897546899]","[0.7391304347826086, 0.8043478260869565, 0.6521739130434783, 0.7391304347826086, 0.7111111111111111, 0.8, 0.7111111111111111, 0.8444444444444444, 0.7555555555555555, 0.8]","[0.7191972195720322, 0.803187018930726, 0.6452043109553045, 0.726485976414466, 0.6995884773662552, 0.7933947316300257, 0.6938228438228439, 0.8397418630751964, 0.7511111111111112, 0.7886785615817874]","[array([[12,  0,  0,  0],
       [ 5,  3,  0,  1],
       [ 0,  0,  8,  2],
       [ 0,  0,  4, 11]]), array([[11,  0,  0,  1],
       [ 2,  6,  0,  1],
       [ 0,  0,  7,  3],
       [ 0,  0,  2, 13]]), array([[ 7,  4,  0,  0],
       [ 4,  5,  0,  1],
       [ 0,  0,  5,  5],
       [ 1,  0,  1, 13]]), array([[10,  0,  1,  0],
       [ 5,  4,  0,  1],
       [ 0,  0,  7,  3],
       [ 1,  0,  1, 13]]), array([[10,  1,  0,  0],
       [ 6,  4,  0,  0],
       [ 0,  0,  7,  3],
       [ 0,  0,  3, 11]]), array([[10,  1,  0,  0],
       [ 3,  6,  0,  1],
       [ 0,  0,  6,  3],
       [ 0,  0,  1, 14]]), array([[ 9,  1,  1,  0],
       [ 4,  3,  0,  2],
       [ 0,  0,  7,  3],
       [ 0,  0,  2, 13]]), array([[11,  0,  0,  0],
       [ 2,  6,  0,  1],
       [ 0,  0,  7,  3],
       [ 0,  0,  1, 14]]), array([[10,  1,  0,  0],
       [ 4,  5,  0,  0],
       [ 0,  0,  7,  3],
       [ 0,  0,  3, 12]]), array([[10,  0,  0,  1],
       [ 4,  4,  0,  1],
       [ 0,  0,  9,  1],
       [ 0,  0,  2, 13]])]"
19,"[1.0, 1.0, 1.0, 1.0, 1.0, 1.0, 1.0, 1.0, 1.0, 1.0]","[1.0, 1.0, 1.0, 1.0, 1.0, 1.0, 1.0, 1.0, 1.0, 1.0]","[1.0, 1.0, 1.0, 1.0, 1.0, 1.0, 1.0, 1.0, 1.0, 1.0]","[1.0, 1.0, 1.0, 1.0, 1.0, 1.0, 1.0, 1.0, 1.0, 1.0]","[1.0, 1.0, 1.0, 1.0, 1.0, 1.0, 1.0, 1.0, 1.0, 1.0]","[1.0, 1.0, 1.0, 1.0, 1.0, 1.0, 1.0, 1.0, 1.0, 1.0]","[1.0, 1.0, 1.0, 1.0, 1.0, 1.0, 1.0, 1.0, 1.0, 1.0]","[1.0, 1.0, 1.0, 1.0, 1.0, 1.0, 1.0, 1.0, 1.0, 1.0]","[1.0, 1.0, 1.0, 1.0, 1.0, 1.0, 1.0, 1.0, 1.0, 1.0]","[1.0, 1.0, 1.0, 1.0, 1.0, 1.0, 1.0, 1.0, 1.0, 1.0]","[array([[100,   0,   0,   0],
       [  0,  85,   0,   0],
       [  0,   0,  89,   0],
       [  0,   0,   0, 134]]), array([[100,   0,   0,   0],
       [  0,  85,   0,   0],
       [  0,   0,  89,   0],
       [  0,   0,   0, 134]]), array([[101,   0,   0,   0],
       [  0,  84,   0,   0],
       [  0,   0,  89,   0],
       [  0,   0,   0, 134]]), array([[101,   0,   0,   0],
       [  0,  84,   0,   0],
       [  0,   0,  89,   0],
       [  0,   0,   0, 134]]), array([[101,   0,   0,   0],
       [  0,  84,   0,   0],
       [  0,   0,  89,   0],
       [  0,   0,   0, 135]]), array([[101,   0,   0,   0],
       [  0,  84,   0,   0],
       [  0,   0,  90,   0],
       [  0,   0,   0, 134]]), array([[101,   0,   0,   0],
       [  0,  85,   0,   0],
       [  0,   0,  89,   0],
       [  0,   0,   0, 134]]), array([[101,   0,   0,   0],
       [  0,  85,   0,   0],
       [  0,   0,  89,   0],
       [  0,   0,   0, 134]]), array([[101,   0,   0,   0],
       [  0,  85,   0,   0],
       [  0,   0,  89,   0],
       [  0,   0,   0, 134]]), array([[101,   0,   0,   0],
       [  0,  85,   0,   0],
       [  0,   0,  89,   0],
       [  0,   0,   0, 134]])]","[0.6956521739130435, 0.8260869565217391, 0.6739130434782609, 0.782608695652174, 0.7111111111111111, 0.8666666666666667, 0.7111111111111111, 0.8222222222222222, 0.7555555555555555, 0.8222222222222222]","[0.6956521739130435, 0.8260869565217391, 0.6739130434782609, 0.782608695652174, 0.7111111111111111, 0.8666666666666667, 0.7111111111111111, 0.8222222222222222, 0.7555555555555555, 0.8222222222222222]","[0.6956521739130435, 0.8260869565217391, 0.6739130434782609, 0.782608695652174, 0.7111111111111111, 0.8666666666666667, 0.7111111111111111, 0.8222222222222222, 0.7555555555555555, 0.8222222222222222]","[0.6956521739130435, 0.8260869565217391, 0.6739130434782609, 0.782608695652174, 0.7111111111111111, 0.8666666666666667, 0.7111111111111111, 0.8222222222222222, 0.7555555555555555, 0.8222222222222222]","[0.756827731092437, 0.864498987854251, 0.6894821187584346, 0.7971521942110178, 0.7276785714285714, 0.8888888888888888, 0.7003756047873695, 0.8596230158730158, 0.7619047619047619, 0.8535714285714286]","[0.6833333333333333, 0.8041666666666667, 0.6484848484848484, 0.7628787878787879, 0.6987012987012986, 0.8555555555555556, 0.6767676767676768, 0.7972222222222223, 0.7411616161616161, 0.805050505050505]","[0.6652298850574712, 0.8203267973856208, 0.6529820261437909, 0.7655263157894737, 0.6899470899470899, 0.8545940170940169, 0.6569345238095239, 0.8051370851370852, 0.7416666666666668, 0.7977855477855478]","[0.7485842162952138, 0.8468799507129027, 0.687298304289151, 0.7966650428287256, 0.7305555555555555, 0.8903703703703703, 0.7069943128766658, 0.8457671957671958, 0.7634920634920636, 0.8486772486772487]","[0.6956521739130435, 0.8260869565217391, 0.6739130434782609, 0.782608695652174, 0.7111111111111111, 0.8666666666666667, 0.7111111111111111, 0.8222222222222222, 0.7555555555555555, 0.8222222222222222]","[0.6760369815092453, 0.8237112816140949, 0.6654234157431089, 0.7764359267734554, 0.6995884773662552, 0.8623931623931623, 0.6828121693121694, 0.8136360429693763, 0.7511111111111112, 0.8095415695415694]","[array([[12,  0,  0,  0],
       [ 5,  3,  0,  1],
       [ 0,  0,  8,  2],
       [ 0,  0,  6,  9]]), array([[11,  0,  0,  1],
       [ 2,  6,  0,  1],
       [ 0,  0,  7,  3],
       [ 0,  0,  1, 14]]), array([[ 8,  3,  0,  0],
       [ 4,  5,  0,  1],
       [ 0,  0,  5,  5],
       [ 1,  0,  1, 13]]), array([[ 9,  1,  1,  0],
       [ 4,  5,  0,  1],
       [ 0,  0,  8,  2],
       [ 1,  0,  0, 14]]), array([[10,  1,  0,  0],
       [ 6,  4,  0,  0],
       [ 0,  0,  7,  3],
       [ 0,  0,  3, 11]]), array([[11,  0,  0,  0],
       [ 4,  6,  0,  0],
       [ 0,  0,  8,  1],
       [ 0,  0,  1, 14]]), array([[ 9,  1,  1,  0],
       [ 5,  2,  0,  2],
       [ 0,  0,  8,  2],
       [ 0,  0,  2, 13]]), array([[11,  0,  0,  0],
       [ 3,  5,  0,  1],
       [ 0,  0,  7,  3],
       [ 0,  0,  1, 14]]), array([[10,  1,  0,  0],
       [ 4,  5,  0,  0],
       [ 0,  0,  7,  3],
       [ 0,  0,  3, 12]]), array([[10,  0,  0,  1],
       [ 4,  4,  0,  1],
       [ 0,  0, 10,  0],
       [ 0,  0,  2, 13]])]"
20,"[1.0, 1.0, 1.0, 1.0, 1.0, 1.0, 1.0, 1.0, 1.0, 1.0]","[1.0, 1.0, 1.0, 1.0, 1.0, 1.0, 1.0, 1.0, 1.0, 1.0]","[1.0, 1.0, 1.0, 1.0, 1.0, 1.0, 1.0, 1.0, 1.0, 1.0]","[1.0, 1.0, 1.0, 1.0, 1.0, 1.0, 1.0, 1.0, 1.0, 1.0]","[1.0, 1.0, 1.0, 1.0, 1.0, 1.0, 1.0, 1.0, 1.0, 1.0]","[1.0, 1.0, 1.0, 1.0, 1.0, 1.0, 1.0, 1.0, 1.0, 1.0]","[1.0, 1.0, 1.0, 1.0, 1.0, 1.0, 1.0, 1.0, 1.0, 1.0]","[1.0, 1.0, 1.0, 1.0, 1.0, 1.0, 1.0, 1.0, 1.0, 1.0]","[1.0, 1.0, 1.0, 1.0, 1.0, 1.0, 1.0, 1.0, 1.0, 1.0]","[1.0, 1.0, 1.0, 1.0, 1.0, 1.0, 1.0, 1.0, 1.0, 1.0]","[array([[100,   0,   0,   0],
       [  0,  85,   0,   0],
       [  0,   0,  89,   0],
       [  0,   0,   0, 134]]), array([[100,   0,   0,   0],
       [  0,  85,   0,   0],
       [  0,   0,  89,   0],
       [  0,   0,   0, 134]]), array([[101,   0,   0,   0],
       [  0,  84,   0,   0],
       [  0,   0,  89,   0],
       [  0,   0,   0, 134]]), array([[101,   0,   0,   0],
       [  0,  84,   0,   0],
       [  0,   0,  89,   0],
       [  0,   0,   0, 134]]), array([[101,   0,   0,   0],
       [  0,  84,   0,   0],
       [  0,   0,  89,   0],
       [  0,   0,   0, 135]]), array([[101,   0,   0,   0],
       [  0,  84,   0,   0],
       [  0,   0,  90,   0],
       [  0,   0,   0, 134]]), array([[101,   0,   0,   0],
       [  0,  85,   0,   0],
       [  0,   0,  89,   0],
       [  0,   0,   0, 134]]), array([[101,   0,   0,   0],
       [  0,  85,   0,   0],
       [  0,   0,  89,   0],
       [  0,   0,   0, 134]]), array([[101,   0,   0,   0],
       [  0,  85,   0,   0],
       [  0,   0,  89,   0],
       [  0,   0,   0, 134]]), array([[101,   0,   0,   0],
       [  0,  85,   0,   0],
       [  0,   0,  89,   0],
       [  0,   0,   0, 134]])]","[0.6956521739130435, 0.8260869565217391, 0.6739130434782609, 0.782608695652174, 0.7111111111111111, 0.8222222222222222, 0.7333333333333333, 0.8222222222222222, 0.7555555555555555, 0.8222222222222222]","[0.6956521739130435, 0.8260869565217391, 0.6739130434782609, 0.782608695652174, 0.7111111111111111, 0.8222222222222222, 0.7333333333333333, 0.8222222222222222, 0.7555555555555555, 0.8222222222222222]","[0.6956521739130435, 0.8260869565217391, 0.6739130434782609, 0.782608695652174, 0.7111111111111111, 0.8222222222222222, 0.7333333333333333, 0.8222222222222222, 0.7555555555555555, 0.8222222222222222]","[0.6956521739130435, 0.8260869565217391, 0.6739130434782609, 0.782608695652174, 0.7111111111111111, 0.8222222222222222, 0.7333333333333333, 0.8222222222222222, 0.7555555555555555, 0.8222222222222222]","[0.7508753501400561, 0.8596230158730158, 0.6894821187584346, 0.8318014705882353, 0.7276785714285714, 0.8312257595345831, 0.7430555555555556, 0.8596230158730158, 0.7619047619047619, 0.8535714285714286]","[0.6749999999999999, 0.8041666666666667, 0.6484848484848484, 0.7666666666666667, 0.6987012987012986, 0.805050505050505, 0.7073232323232324, 0.7972222222222223, 0.7411616161616161, 0.805050505050505]","[0.6634012539184952, 0.8181041181041181, 0.6529820261437909, 0.7679398148148148, 0.6899470899470899, 0.8094362745098039, 0.7104790137398832, 0.8051370851370852, 0.7416666666666668, 0.7977855477855478]","[0.739526245280721, 0.8444616977225673, 0.687298304289151, 0.821371483375959, 0.7305555555555555, 0.8280201824319471, 0.7396296296296296, 0.8457671957671958, 0.7634920634920636, 0.8486772486772487]","[0.6956521739130435, 0.8260869565217391, 0.6739130434782609, 0.782608695652174, 0.7111111111111111, 0.8222222222222222, 0.7333333333333333, 0.8222222222222222, 0.7555555555555555, 0.8222222222222222]","[0.676945618100041, 0.8230194925847099, 0.6654234157431089, 0.7738023349436393, 0.6995884773662552, 0.8169389978213508, 0.7237718802936194, 0.8136360429693763, 0.7511111111111112, 0.8095415695415694]","[array([[12,  0,  0,  0],
       [ 5,  3,  0,  1],
       [ 0,  0,  7,  3],
       [ 0,  0,  5, 10]]), array([[11,  0,  0,  1],
       [ 3,  6,  0,  0],
       [ 0,  0,  7,  3],
       [ 0,  0,  1, 14]]), array([[ 8,  3,  0,  0],
       [ 4,  5,  0,  1],
       [ 0,  0,  5,  5],
       [ 1,  0,  1, 13]]), array([[11,  0,  0,  0],
       [ 4,  5,  0,  1],
       [ 0,  0,  7,  3],
       [ 1,  0,  1, 13]]), array([[10,  1,  0,  0],
       [ 6,  4,  0,  0],
       [ 0,  0,  7,  3],
       [ 0,  0,  3, 11]]), array([[10,  1,  0,  0],
       [ 3,  6,  0,  1],
       [ 0,  0,  7,  2],
       [ 0,  0,  1, 14]]), array([[ 9,  1,  1,  0],
       [ 3,  4,  0,  2],
       [ 0,  0,  7,  3],
       [ 0,  0,  2, 13]]), array([[11,  0,  0,  0],
       [ 3,  5,  0,  1],
       [ 0,  0,  7,  3],
       [ 0,  0,  1, 14]]), array([[10,  1,  0,  0],
       [ 4,  5,  0,  0],
       [ 0,  0,  7,  3],
       [ 0,  0,  3, 12]]), array([[10,  0,  0,  1],
       [ 4,  4,  0,  1],
       [ 0,  0, 10,  0],
       [ 0,  0,  2, 13]])]"
21,"[1.0, 1.0, 1.0, 1.0, 1.0, 1.0, 1.0, 1.0, 1.0, 1.0]","[1.0, 1.0, 1.0, 1.0, 1.0, 1.0, 1.0, 1.0, 1.0, 1.0]","[1.0, 1.0, 1.0, 1.0, 1.0, 1.0, 1.0, 1.0, 1.0, 1.0]","[1.0, 1.0, 1.0, 1.0, 1.0, 1.0, 1.0, 1.0, 1.0, 1.0]","[1.0, 1.0, 1.0, 1.0, 1.0, 1.0, 1.0, 1.0, 1.0, 1.0]","[1.0, 1.0, 1.0, 1.0, 1.0, 1.0, 1.0, 1.0, 1.0, 1.0]","[1.0, 1.0, 1.0, 1.0, 1.0, 1.0, 1.0, 1.0, 1.0, 1.0]","[1.0, 1.0, 1.0, 1.0, 1.0, 1.0, 1.0, 1.0, 1.0, 1.0]","[1.0, 1.0, 1.0, 1.0, 1.0, 1.0, 1.0, 1.0, 1.0, 1.0]","[1.0, 1.0, 1.0, 1.0, 1.0, 1.0, 1.0, 1.0, 1.0, 1.0]","[array([[100,   0,   0,   0],
       [  0,  85,   0,   0],
       [  0,   0,  89,   0],
       [  0,   0,   0, 134]]), array([[100,   0,   0,   0],
       [  0,  85,   0,   0],
       [  0,   0,  89,   0],
       [  0,   0,   0, 134]]), array([[101,   0,   0,   0],
       [  0,  84,   0,   0],
       [  0,   0,  89,   0],
       [  0,   0,   0, 134]]), array([[101,   0,   0,   0],
       [  0,  84,   0,   0],
       [  0,   0,  89,   0],
       [  0,   0,   0, 134]]), array([[101,   0,   0,   0],
       [  0,  84,   0,   0],
       [  0,   0,  89,   0],
       [  0,   0,   0, 135]]), array([[101,   0,   0,   0],
       [  0,  84,   0,   0],
       [  0,   0,  90,   0],
       [  0,   0,   0, 134]]), array([[101,   0,   0,   0],
       [  0,  85,   0,   0],
       [  0,   0,  89,   0],
       [  0,   0,   0, 134]]), array([[101,   0,   0,   0],
       [  0,  85,   0,   0],
       [  0,   0,  89,   0],
       [  0,   0,   0, 134]]), array([[101,   0,   0,   0],
       [  0,  85,   0,   0],
       [  0,   0,  89,   0],
       [  0,   0,   0, 134]]), array([[101,   0,   0,   0],
       [  0,  85,   0,   0],
       [  0,   0,  89,   0],
       [  0,   0,   0, 134]])]","[0.6956521739130435, 0.8260869565217391, 0.717391304347826, 0.782608695652174, 0.6666666666666666, 0.8444444444444444, 0.7333333333333333, 0.8222222222222222, 0.7555555555555555, 0.8222222222222222]","[0.6956521739130435, 0.8260869565217391, 0.717391304347826, 0.782608695652174, 0.6666666666666666, 0.8444444444444444, 0.7333333333333333, 0.8222222222222222, 0.7555555555555555, 0.8222222222222222]","[0.6956521739130435, 0.8260869565217391, 0.717391304347826, 0.782608695652174, 0.6666666666666666, 0.8444444444444444, 0.7333333333333333, 0.8222222222222222, 0.7555555555555555, 0.8222222222222222]","[0.6956521739130435, 0.8260869565217391, 0.717391304347826, 0.782608695652174, 0.6666666666666666, 0.8444444444444444, 0.7333333333333333, 0.8222222222222222, 0.7555555555555555, 0.8222222222222222]","[0.7508753501400561, 0.8596230158730158, 0.7341269841269842, 0.8003472222222222, 0.6620535714285715, 0.8708333333333333, 0.7218253968253968, 0.8495535714285714, 0.7619047619047619, 0.8535714285714286]","[0.6749999999999999, 0.8041666666666667, 0.6962121212121213, 0.7689393939393939, 0.650974025974026, 0.8277777777777777, 0.6934343434343435, 0.8055555555555556, 0.7411616161616161, 0.805050505050505]","[0.6634012539184952, 0.8181041181041181, 0.7004991087344027, 0.7687614274520047, 0.638095238095238, 0.8307272660925412, 0.6754545454545455, 0.8082488479262674, 0.7416666666666668, 0.7977855477855478]","[0.739526245280721, 0.8444616977225673, 0.7308488612836439, 0.7987620772946861, 0.6708333333333333, 0.8681481481481481, 0.7275132275132276, 0.8406746031746031, 0.7634920634920636, 0.8486772486772487]","[0.6956521739130435, 0.8260869565217391, 0.717391304347826, 0.782608695652174, 0.6666666666666666, 0.8444444444444444, 0.7333333333333333, 0.8222222222222222, 0.7555555555555555, 0.8222222222222222]","[0.676945618100041, 0.8230194925847099, 0.7104208323645662, 0.7763747011827767, 0.6518518518518518, 0.839285424674419, 0.7032727272727273, 0.8153159242191502, 0.7511111111111112, 0.8095415695415694]","[array([[12,  0,  0,  0],
       [ 5,  3,  0,  1],
       [ 0,  0,  7,  3],
       [ 0,  0,  5, 10]]), array([[11,  0,  0,  1],
       [ 3,  6,  0,  0],
       [ 0,  0,  7,  3],
       [ 0,  0,  1, 14]]), array([[ 9,  2,  0,  0],
       [ 4,  5,  0,  1],
       [ 0,  0,  6,  4],
       [ 1,  0,  1, 13]]), array([[10,  1,  0,  0],
       [ 4,  5,  0,  1],
       [ 0,  0,  8,  2],
       [ 1,  0,  1, 13]]), array([[ 9,  2,  0,  0],
       [ 7,  3,  0,  0],
       [ 0,  0,  7,  3],
       [ 0,  0,  3, 11]]), array([[11,  0,  0,  0],
       [ 4,  6,  0,  0],
       [ 0,  0,  7,  2],
       [ 0,  0,  1, 14]]), array([[ 9,  1,  1,  0],
       [ 5,  2,  0,  2],
       [ 0,  0,  8,  2],
       [ 0,  0,  1, 14]]), array([[11,  0,  0,  0],
       [ 3,  5,  0,  1],
       [ 0,  0,  8,  2],
       [ 0,  0,  2, 13]]), array([[10,  1,  0,  0],
       [ 4,  5,  0,  0],
       [ 0,  0,  7,  3],
       [ 0,  0,  3, 12]]), array([[10,  0,  0,  1],
       [ 4,  4,  0,  1],
       [ 0,  0, 10,  0],
       [ 0,  0,  2, 13]])]"
22,"[1.0, 1.0, 1.0, 1.0, 1.0, 1.0, 1.0, 1.0, 1.0, 1.0]","[1.0, 1.0, 1.0, 1.0, 1.0, 1.0, 1.0, 1.0, 1.0, 1.0]","[1.0, 1.0, 1.0, 1.0, 1.0, 1.0, 1.0, 1.0, 1.0, 1.0]","[1.0, 1.0, 1.0, 1.0, 1.0, 1.0, 1.0, 1.0, 1.0, 1.0]","[1.0, 1.0, 1.0, 1.0, 1.0, 1.0, 1.0, 1.0, 1.0, 1.0]","[1.0, 1.0, 1.0, 1.0, 1.0, 1.0, 1.0, 1.0, 1.0, 1.0]","[1.0, 1.0, 1.0, 1.0, 1.0, 1.0, 1.0, 1.0, 1.0, 1.0]","[1.0, 1.0, 1.0, 1.0, 1.0, 1.0, 1.0, 1.0, 1.0, 1.0]","[1.0, 1.0, 1.0, 1.0, 1.0, 1.0, 1.0, 1.0, 1.0, 1.0]","[1.0, 1.0, 1.0, 1.0, 1.0, 1.0, 1.0, 1.0, 1.0, 1.0]","[array([[100,   0,   0,   0],
       [  0,  85,   0,   0],
       [  0,   0,  89,   0],
       [  0,   0,   0, 134]]), array([[100,   0,   0,   0],
       [  0,  85,   0,   0],
       [  0,   0,  89,   0],
       [  0,   0,   0, 134]]), array([[101,   0,   0,   0],
       [  0,  84,   0,   0],
       [  0,   0,  89,   0],
       [  0,   0,   0, 134]]), array([[101,   0,   0,   0],
       [  0,  84,   0,   0],
       [  0,   0,  89,   0],
       [  0,   0,   0, 134]]), array([[101,   0,   0,   0],
       [  0,  84,   0,   0],
       [  0,   0,  89,   0],
       [  0,   0,   0, 135]]), array([[101,   0,   0,   0],
       [  0,  84,   0,   0],
       [  0,   0,  90,   0],
       [  0,   0,   0, 134]]), array([[101,   0,   0,   0],
       [  0,  85,   0,   0],
       [  0,   0,  89,   0],
       [  0,   0,   0, 134]]), array([[101,   0,   0,   0],
       [  0,  85,   0,   0],
       [  0,   0,  89,   0],
       [  0,   0,   0, 134]]), array([[101,   0,   0,   0],
       [  0,  85,   0,   0],
       [  0,   0,  89,   0],
       [  0,   0,   0, 134]]), array([[101,   0,   0,   0],
       [  0,  85,   0,   0],
       [  0,   0,  89,   0],
       [  0,   0,   0, 134]])]","[0.6956521739130435, 0.8043478260869565, 0.717391304347826, 0.782608695652174, 0.6666666666666666, 0.8222222222222222, 0.6666666666666666, 0.8222222222222222, 0.7555555555555555, 0.8222222222222222]","[0.6956521739130435, 0.8043478260869565, 0.717391304347826, 0.782608695652174, 0.6666666666666666, 0.8222222222222222, 0.6666666666666666, 0.8222222222222222, 0.7555555555555555, 0.8222222222222222]","[0.6956521739130435, 0.8043478260869565, 0.717391304347826, 0.782608695652174, 0.6666666666666666, 0.8222222222222222, 0.6666666666666666, 0.8222222222222222, 0.7555555555555555, 0.8222222222222222]","[0.6956521739130435, 0.8043478260869565, 0.717391304347826, 0.782608695652174, 0.6666666666666666, 0.8222222222222222, 0.6666666666666666, 0.8222222222222222, 0.7555555555555555, 0.8222222222222222]","[0.7508753501400561, 0.8320494864612511, 0.7341269841269842, 0.8003472222222222, 0.6836444805194805, 0.8303571428571428, 0.6629424497071557, 0.8614379084967321, 0.7619047619047619, 0.8535714285714286]","[0.6749999999999999, 0.7875, 0.6962121212121213, 0.7689393939393939, 0.650974025974026, 0.805050505050505, 0.6351010101010102, 0.7944444444444445, 0.7411616161616161, 0.805050505050505]","[0.6634012539184952, 0.798873987854251, 0.7004991087344027, 0.7687614274520047, 0.6369047619047619, 0.8081593927893739, 0.6175, 0.794660931174089, 0.7416666666666668, 0.7977855477855478]","[0.739526245280721, 0.8190638574270288, 0.7308488612836439, 0.7987620772946861, 0.6900252525252525, 0.8317460317460318, 0.6671844495373908, 0.8512999273783587, 0.7634920634920636, 0.8486772486772487]","[0.6956521739130435, 0.8043478260869565, 0.717391304347826, 0.782608695652174, 0.6666666666666666, 0.8222222222222222, 0.6666666666666666, 0.8222222222222222, 0.7555555555555555, 0.8222222222222222]","[0.676945618100041, 0.8023862436190811, 0.7104208323645662, 0.7763747011827767, 0.6507936507936508, 0.8181994518237403, 0.6408148148148148, 0.8087156995051732, 0.7511111111111112, 0.8095415695415694]","[array([[12,  0,  0,  0],
       [ 5,  3,  0,  1],
       [ 0,  0,  7,  3],
       [ 0,  0,  5, 10]]), array([[11,  0,  0,  1],
       [ 3,  6,  0,  0],
       [ 0,  0,  7,  3],
       [ 0,  0,  2, 13]]), array([[ 9,  2,  0,  0],
       [ 4,  5,  0,  1],
       [ 0,  0,  6,  4],
       [ 1,  0,  1, 13]]), array([[10,  1,  0,  0],
       [ 4,  5,  0,  1],
       [ 0,  0,  8,  2],
       [ 1,  0,  1, 13]]), array([[ 9,  1,  1,  0],
       [ 7,  3,  0,  0],
       [ 0,  0,  7,  3],
       [ 0,  0,  3, 11]]), array([[10,  1,  0,  0],
       [ 4,  6,  0,  0],
       [ 0,  0,  7,  2],
       [ 0,  0,  1, 14]]), array([[ 9,  1,  1,  0],
       [ 5,  2,  0,  2],
       [ 0,  0,  7,  3],
       [ 0,  0,  3, 12]]), array([[11,  0,  0,  0],
       [ 4,  4,  0,  1],
       [ 0,  0,  8,  2],
       [ 0,  0,  1, 14]]), array([[10,  1,  0,  0],
       [ 4,  5,  0,  0],
       [ 0,  0,  7,  3],
       [ 0,  0,  3, 12]]), array([[10,  0,  0,  1],
       [ 4,  4,  0,  1],
       [ 0,  0, 10,  0],
       [ 0,  0,  2, 13]])]"
23,"[1.0, 1.0, 1.0, 1.0, 1.0, 1.0, 1.0, 1.0, 1.0, 1.0]","[1.0, 1.0, 1.0, 1.0, 1.0, 1.0, 1.0, 1.0, 1.0, 1.0]","[1.0, 1.0, 1.0, 1.0, 1.0, 1.0, 1.0, 1.0, 1.0, 1.0]","[1.0, 1.0, 1.0, 1.0, 1.0, 1.0, 1.0, 1.0, 1.0, 1.0]","[1.0, 1.0, 1.0, 1.0, 1.0, 1.0, 1.0, 1.0, 1.0, 1.0]","[1.0, 1.0, 1.0, 1.0, 1.0, 1.0, 1.0, 1.0, 1.0, 1.0]","[1.0, 1.0, 1.0, 1.0, 1.0, 1.0, 1.0, 1.0, 1.0, 1.0]","[1.0, 1.0, 1.0, 1.0, 1.0, 1.0, 1.0, 1.0, 1.0, 1.0]","[1.0, 1.0, 1.0, 1.0, 1.0, 1.0, 1.0, 1.0, 1.0, 1.0]","[1.0, 1.0, 1.0, 1.0, 1.0, 1.0, 1.0, 1.0, 1.0, 1.0]","[array([[100,   0,   0,   0],
       [  0,  85,   0,   0],
       [  0,   0,  89,   0],
       [  0,   0,   0, 134]]), array([[100,   0,   0,   0],
       [  0,  85,   0,   0],
       [  0,   0,  89,   0],
       [  0,   0,   0, 134]]), array([[101,   0,   0,   0],
       [  0,  84,   0,   0],
       [  0,   0,  89,   0],
       [  0,   0,   0, 134]]), array([[101,   0,   0,   0],
       [  0,  84,   0,   0],
       [  0,   0,  89,   0],
       [  0,   0,   0, 134]]), array([[101,   0,   0,   0],
       [  0,  84,   0,   0],
       [  0,   0,  89,   0],
       [  0,   0,   0, 135]]), array([[101,   0,   0,   0],
       [  0,  84,   0,   0],
       [  0,   0,  90,   0],
       [  0,   0,   0, 134]]), array([[101,   0,   0,   0],
       [  0,  85,   0,   0],
       [  0,   0,  89,   0],
       [  0,   0,   0, 134]]), array([[101,   0,   0,   0],
       [  0,  85,   0,   0],
       [  0,   0,  89,   0],
       [  0,   0,   0, 134]]), array([[101,   0,   0,   0],
       [  0,  85,   0,   0],
       [  0,   0,  89,   0],
       [  0,   0,   0, 134]]), array([[101,   0,   0,   0],
       [  0,  85,   0,   0],
       [  0,   0,  89,   0],
       [  0,   0,   0, 134]])]","[0.6956521739130435, 0.8043478260869565, 0.717391304347826, 0.782608695652174, 0.6888888888888889, 0.8666666666666667, 0.7111111111111111, 0.8222222222222222, 0.7777777777777778, 0.8222222222222222]","[0.6956521739130435, 0.8043478260869565, 0.717391304347826, 0.782608695652174, 0.6888888888888889, 0.8666666666666667, 0.7111111111111111, 0.8222222222222222, 0.7777777777777778, 0.8222222222222222]","[0.6956521739130435, 0.8043478260869565, 0.717391304347826, 0.782608695652174, 0.6888888888888889, 0.8666666666666667, 0.7111111111111111, 0.8222222222222222, 0.7777777777777778, 0.8222222222222222]","[0.6956521739130435, 0.8043478260869565, 0.717391304347826, 0.782608695652174, 0.6888888888888889, 0.8666666666666667, 0.7111111111111111, 0.8222222222222222, 0.7777777777777778, 0.8222222222222222]","[0.7508753501400561, 0.8320494864612511, 0.7341269841269842, 0.8003472222222222, 0.7059873949579831, 0.8888888888888888, 0.7003756047873695, 0.8614379084967321, 0.7844742063492064, 0.8535714285714286]","[0.6749999999999999, 0.7875, 0.6962121212121213, 0.7689393939393939, 0.6737012987012987, 0.8555555555555556, 0.6767676767676768, 0.7944444444444445, 0.7578282828282829, 0.805050505050505]","[0.6634012539184952, 0.798873987854251, 0.7004991087344027, 0.7687614274520047, 0.6571428571428571, 0.8545940170940169, 0.6569345238095239, 0.794660931174089, 0.7605546123372948, 0.7977855477855478]","[0.739526245280721, 0.8190638574270288, 0.7308488612836439, 0.7987620772946861, 0.7104575163398692, 0.8903703703703703, 0.7069943128766658, 0.8512999273783587, 0.784942680776014, 0.8486772486772487]","[0.6956521739130435, 0.8043478260869565, 0.717391304347826, 0.782608695652174, 0.6888888888888889, 0.8666666666666667, 0.7111111111111111, 0.8222222222222222, 0.7777777777777778, 0.8222222222222222]","[0.676945618100041, 0.8023862436190811, 0.7104208323645662, 0.7763747011827767, 0.6698412698412698, 0.8623931623931623, 0.6828121693121694, 0.8087156995051732, 0.7722014714204868, 0.8095415695415694]","[array([[12,  0,  0,  0],
       [ 5,  3,  0,  1],
       [ 0,  0,  7,  3],
       [ 0,  0,  5, 10]]), array([[11,  0,  0,  1],
       [ 3,  6,  0,  0],
       [ 0,  0,  7,  3],
       [ 0,  0,  2, 13]]), array([[ 9,  2,  0,  0],
       [ 4,  5,  0,  1],
       [ 0,  0,  6,  4],
       [ 1,  0,  1, 13]]), array([[10,  1,  0,  0],
       [ 4,  5,  0,  1],
       [ 0,  0,  8,  2],
       [ 1,  0,  1, 13]]), array([[10,  1,  0,  0],
       [ 7,  3,  0,  0],
       [ 0,  0,  7,  3],
       [ 0,  0,  3, 11]]), array([[11,  0,  0,  0],
       [ 4,  6,  0,  0],
       [ 0,  0,  8,  1],
       [ 0,  0,  1, 14]]), array([[ 9,  1,  1,  0],
       [ 5,  2,  0,  2],
       [ 0,  0,  8,  2],
       [ 0,  0,  2, 13]]), array([[11,  0,  0,  0],
       [ 4,  4,  0,  1],
       [ 0,  0,  8,  2],
       [ 0,  0,  1, 14]]), array([[10,  1,  0,  0],
       [ 4,  5,  0,  0],
       [ 0,  0,  7,  3],
       [ 0,  0,  2, 13]]), array([[10,  0,  0,  1],
       [ 4,  4,  0,  1],
       [ 0,  0, 10,  0],
       [ 0,  0,  2, 13]])]"
24,"[1.0, 1.0, 1.0, 1.0, 1.0, 1.0, 1.0, 1.0, 1.0, 1.0]","[1.0, 1.0, 1.0, 1.0, 1.0, 1.0, 1.0, 1.0, 1.0, 1.0]","[1.0, 1.0, 1.0, 1.0, 1.0, 1.0, 1.0, 1.0, 1.0, 1.0]","[1.0, 1.0, 1.0, 1.0, 1.0, 1.0, 1.0, 1.0, 1.0, 1.0]","[1.0, 1.0, 1.0, 1.0, 1.0, 1.0, 1.0, 1.0, 1.0, 1.0]","[1.0, 1.0, 1.0, 1.0, 1.0, 1.0, 1.0, 1.0, 1.0, 1.0]","[1.0, 1.0, 1.0, 1.0, 1.0, 1.0, 1.0, 1.0, 1.0, 1.0]","[1.0, 1.0, 1.0, 1.0, 1.0, 1.0, 1.0, 1.0, 1.0, 1.0]","[1.0, 1.0, 1.0, 1.0, 1.0, 1.0, 1.0, 1.0, 1.0, 1.0]","[1.0, 1.0, 1.0, 1.0, 1.0, 1.0, 1.0, 1.0, 1.0, 1.0]","[array([[100,   0,   0,   0],
       [  0,  85,   0,   0],
       [  0,   0,  89,   0],
       [  0,   0,   0, 134]]), array([[100,   0,   0,   0],
       [  0,  85,   0,   0],
       [  0,   0,  89,   0],
       [  0,   0,   0, 134]]), array([[101,   0,   0,   0],
       [  0,  84,   0,   0],
       [  0,   0,  89,   0],
       [  0,   0,   0, 134]]), array([[101,   0,   0,   0],
       [  0,  84,   0,   0],
       [  0,   0,  89,   0],
       [  0,   0,   0, 134]]), array([[101,   0,   0,   0],
       [  0,  84,   0,   0],
       [  0,   0,  89,   0],
       [  0,   0,   0, 135]]), array([[101,   0,   0,   0],
       [  0,  84,   0,   0],
       [  0,   0,  90,   0],
       [  0,   0,   0, 134]]), array([[101,   0,   0,   0],
       [  0,  85,   0,   0],
       [  0,   0,  89,   0],
       [  0,   0,   0, 134]]), array([[101,   0,   0,   0],
       [  0,  85,   0,   0],
       [  0,   0,  89,   0],
       [  0,   0,   0, 134]]), array([[101,   0,   0,   0],
       [  0,  85,   0,   0],
       [  0,   0,  89,   0],
       [  0,   0,   0, 134]]), array([[101,   0,   0,   0],
       [  0,  85,   0,   0],
       [  0,   0,  89,   0],
       [  0,   0,   0, 134]])]","[0.6956521739130435, 0.8043478260869565, 0.6739130434782609, 0.782608695652174, 0.6888888888888889, 0.8222222222222222, 0.6666666666666666, 0.8222222222222222, 0.7555555555555555, 0.8222222222222222]","[0.6956521739130435, 0.8043478260869565, 0.6739130434782609, 0.782608695652174, 0.6888888888888889, 0.8222222222222222, 0.6666666666666666, 0.8222222222222222, 0.7555555555555555, 0.8222222222222222]","[0.6956521739130435, 0.8043478260869565, 0.6739130434782609, 0.782608695652174, 0.6888888888888889, 0.8222222222222222, 0.6666666666666666, 0.8222222222222222, 0.7555555555555555, 0.8222222222222222]","[0.6956521739130435, 0.8043478260869565, 0.6739130434782609, 0.782608695652174, 0.6888888888888889, 0.8222222222222222, 0.6666666666666666, 0.8222222222222222, 0.7555555555555555, 0.8222222222222222]","[0.7508753501400561, 0.8320494864612511, 0.6894821187584346, 0.8194444444444444, 0.7059873949579831, 0.859375, 0.6629424497071557, 0.8614379084967321, 0.7619047619047619, 0.8535714285714286]","[0.6749999999999999, 0.7875, 0.6484848484848484, 0.7606060606060607, 0.6737012987012987, 0.8027777777777778, 0.6351010101010102, 0.7944444444444445, 0.7411616161616161, 0.805050505050505]","[0.6634012539184952, 0.798873987854251, 0.6529820261437909, 0.7665612573700809, 0.6571428571428571, 0.8020591749244501, 0.6175, 0.794660931174089, 0.7416666666666668, 0.7977855477855478]","[0.739526245280721, 0.8190638574270288, 0.687298304289151, 0.8115942028985508, 0.7104575163398692, 0.8569444444444444, 0.6671844495373908, 0.8512999273783587, 0.7634920634920636, 0.8486772486772487]","[0.6956521739130435, 0.8043478260869565, 0.6739130434782609, 0.782608695652174, 0.6888888888888889, 0.8222222222222222, 0.6666666666666666, 0.8222222222222222, 0.7555555555555555, 0.8222222222222222]","[0.676945618100041, 0.8023862436190811, 0.6654234157431089, 0.7755240284012662, 0.6698412698412698, 0.8131062540508038, 0.6408148148148148, 0.8087156995051732, 0.7511111111111112, 0.8095415695415694]","[array([[12,  0,  0,  0],
       [ 5,  3,  0,  1],
       [ 0,  0,  7,  3],
       [ 0,  0,  5, 10]]), array([[11,  0,  0,  1],
       [ 3,  6,  0,  0],
       [ 0,  0,  7,  3],
       [ 0,  0,  2, 13]]), array([[ 8,  3,  0,  0],
       [ 4,  5,  0,  1],
       [ 0,  0,  5,  5],
       [ 1,  0,  1, 13]]), array([[10,  1,  0,  0],
       [ 4,  5,  0,  1],
       [ 0,  0,  7,  3],
       [ 1,  0,  0, 14]]), array([[10,  1,  0,  0],
       [ 7,  3,  0,  0],
       [ 0,  0,  7,  3],
       [ 0,  0,  3, 11]]), array([[11,  0,  0,  0],
       [ 5,  5,  0,  0],
       [ 0,  0,  7,  2],
       [ 0,  0,  1, 14]]), array([[ 9,  1,  1,  0],
       [ 5,  2,  0,  2],
       [ 0,  0,  7,  3],
       [ 0,  0,  3, 12]]), array([[11,  0,  0,  0],
       [ 4,  4,  0,  1],
       [ 0,  0,  8,  2],
       [ 0,  0,  1, 14]]), array([[10,  1,  0,  0],
       [ 4,  5,  0,  0],
       [ 0,  0,  7,  3],
       [ 0,  0,  3, 12]]), array([[10,  0,  0,  1],
       [ 4,  4,  0,  1],
       [ 0,  0, 10,  0],
       [ 0,  0,  2, 13]])]"
25,"[1.0, 1.0, 1.0, 1.0, 1.0, 1.0, 1.0, 1.0, 1.0, 1.0]","[1.0, 1.0, 1.0, 1.0, 1.0, 1.0, 1.0, 1.0, 1.0, 1.0]","[1.0, 1.0, 1.0, 1.0, 1.0, 1.0, 1.0, 1.0, 1.0, 1.0]","[1.0, 1.0, 1.0, 1.0, 1.0, 1.0, 1.0, 1.0, 1.0, 1.0]","[1.0, 1.0, 1.0, 1.0, 1.0, 1.0, 1.0, 1.0, 1.0, 1.0]","[1.0, 1.0, 1.0, 1.0, 1.0, 1.0, 1.0, 1.0, 1.0, 1.0]","[1.0, 1.0, 1.0, 1.0, 1.0, 1.0, 1.0, 1.0, 1.0, 1.0]","[1.0, 1.0, 1.0, 1.0, 1.0, 1.0, 1.0, 1.0, 1.0, 1.0]","[1.0, 1.0, 1.0, 1.0, 1.0, 1.0, 1.0, 1.0, 1.0, 1.0]","[1.0, 1.0, 1.0, 1.0, 1.0, 1.0, 1.0, 1.0, 1.0, 1.0]","[array([[100,   0,   0,   0],
       [  0,  85,   0,   0],
       [  0,   0,  89,   0],
       [  0,   0,   0, 134]]), array([[100,   0,   0,   0],
       [  0,  85,   0,   0],
       [  0,   0,  89,   0],
       [  0,   0,   0, 134]]), array([[101,   0,   0,   0],
       [  0,  84,   0,   0],
       [  0,   0,  89,   0],
       [  0,   0,   0, 134]]), array([[101,   0,   0,   0],
       [  0,  84,   0,   0],
       [  0,   0,  89,   0],
       [  0,   0,   0, 134]]), array([[101,   0,   0,   0],
       [  0,  84,   0,   0],
       [  0,   0,  89,   0],
       [  0,   0,   0, 135]]), array([[101,   0,   0,   0],
       [  0,  84,   0,   0],
       [  0,   0,  90,   0],
       [  0,   0,   0, 134]]), array([[101,   0,   0,   0],
       [  0,  85,   0,   0],
       [  0,   0,  89,   0],
       [  0,   0,   0, 134]]), array([[101,   0,   0,   0],
       [  0,  85,   0,   0],
       [  0,   0,  89,   0],
       [  0,   0,   0, 134]]), array([[101,   0,   0,   0],
       [  0,  85,   0,   0],
       [  0,   0,  89,   0],
       [  0,   0,   0, 134]]), array([[101,   0,   0,   0],
       [  0,  85,   0,   0],
       [  0,   0,  89,   0],
       [  0,   0,   0, 134]])]","[0.6956521739130435, 0.8043478260869565, 0.6956521739130435, 0.8043478260869565, 0.6888888888888889, 0.8222222222222222, 0.7111111111111111, 0.8444444444444444, 0.7555555555555555, 0.8]","[0.6956521739130435, 0.8043478260869565, 0.6956521739130435, 0.8043478260869565, 0.6888888888888889, 0.8222222222222222, 0.7111111111111111, 0.8444444444444444, 0.7555555555555555, 0.8]","[0.6956521739130435, 0.8043478260869565, 0.6956521739130435, 0.8043478260869565, 0.6888888888888889, 0.8222222222222222, 0.7111111111111111, 0.8444444444444444, 0.7555555555555555, 0.8]","[0.6956521739130435, 0.8043478260869565, 0.6956521739130435, 0.8043478260869565, 0.6888888888888889, 0.8222222222222222, 0.7111111111111111, 0.8444444444444444, 0.7555555555555555, 0.8000000000000002]","[0.7508753501400561, 0.8320494864612511, 0.718671679197995, 0.8663194444444444, 0.7661654135338345, 0.859375, 0.7060359231411864, 0.8745331465919701, 0.7619047619047619, 0.8345352564102564]","[0.6749999999999999, 0.7875, 0.6712121212121213, 0.7833333333333334, 0.6714285714285714, 0.8027777777777778, 0.6684343434343434, 0.8222222222222222, 0.7411616161616161, 0.7823232323232323]","[0.6634012539184952, 0.798873987854251, 0.6744852941176471, 0.788373935432759, 0.6380952380952382, 0.8020591749244501, 0.6534262125902992, 0.8278477443609022, 0.7416666666666668, 0.7782963004737199]","[0.739526245280721, 0.8190638574270288, 0.7132777596164325, 0.8528079710144927, 0.7637426900584795, 0.8569444444444444, 0.7089297317367493, 0.8641041601825915, 0.7634920634920636, 0.8252492877492877]","[0.6956521739130435, 0.8043478260869565, 0.6956521739130435, 0.8043478260869565, 0.6888888888888889, 0.8222222222222222, 0.7111111111111111, 0.8444444444444444, 0.7555555555555555, 0.8]","[0.676945618100041, 0.8023862436190811, 0.6852813299232736, 0.795482532055422, 0.6533333333333333, 0.8131062540508038, 0.6809191606467148, 0.8367694235588973, 0.7511111111111112, 0.7880003509035768]","[array([[12,  0,  0,  0],
       [ 5,  3,  0,  1],
       [ 0,  0,  7,  3],
       [ 0,  0,  5, 10]]), array([[11,  0,  0,  1],
       [ 3,  6,  0,  0],
       [ 0,  0,  7,  3],
       [ 0,  0,  2, 13]]), array([[ 9,  2,  0,  0],
       [ 4,  5,  0,  1],
       [ 0,  0,  5,  5],
       [ 1,  0,  1, 13]]), array([[11,  0,  0,  0],
       [ 4,  5,  0,  1],
       [ 0,  0,  7,  3],
       [ 1,  0,  0, 14]]), array([[11,  0,  0,  0],
       [ 8,  2,  0,  0],
       [ 0,  0,  7,  3],
       [ 0,  0,  3, 11]]), array([[11,  0,  0,  0],
       [ 5,  5,  0,  0],
       [ 0,  0,  7,  2],
       [ 0,  0,  1, 14]]), array([[ 9,  1,  1,  0],
       [ 5,  2,  0,  2],
       [ 0,  0,  7,  3],
       [ 0,  0,  1, 14]]), array([[11,  0,  0,  0],
       [ 3,  5,  0,  1],
       [ 0,  0,  8,  2],
       [ 0,  0,  1, 14]]), array([[10,  1,  0,  0],
       [ 4,  5,  0,  0],
       [ 0,  0,  7,  3],
       [ 0,  0,  3, 12]]), array([[ 9,  0,  0,  2],
       [ 4,  4,  0,  1],
       [ 0,  0, 10,  0],
       [ 0,  0,  2, 13]])]"
26,"[1.0, 1.0, 1.0, 1.0, 1.0, 1.0, 1.0, 1.0, 1.0, 1.0]","[1.0, 1.0, 1.0, 1.0, 1.0, 1.0, 1.0, 1.0, 1.0, 1.0]","[1.0, 1.0, 1.0, 1.0, 1.0, 1.0, 1.0, 1.0, 1.0, 1.0]","[1.0, 1.0, 1.0, 1.0, 1.0, 1.0, 1.0, 1.0, 1.0, 1.0]","[1.0, 1.0, 1.0, 1.0, 1.0, 1.0, 1.0, 1.0, 1.0, 1.0]","[1.0, 1.0, 1.0, 1.0, 1.0, 1.0, 1.0, 1.0, 1.0, 1.0]","[1.0, 1.0, 1.0, 1.0, 1.0, 1.0, 1.0, 1.0, 1.0, 1.0]","[1.0, 1.0, 1.0, 1.0, 1.0, 1.0, 1.0, 1.0, 1.0, 1.0]","[1.0, 1.0, 1.0, 1.0, 1.0, 1.0, 1.0, 1.0, 1.0, 1.0]","[1.0, 1.0, 1.0, 1.0, 1.0, 1.0, 1.0, 1.0, 1.0, 1.0]","[array([[100,   0,   0,   0],
       [  0,  85,   0,   0],
       [  0,   0,  89,   0],
       [  0,   0,   0, 134]]), array([[100,   0,   0,   0],
       [  0,  85,   0,   0],
       [  0,   0,  89,   0],
       [  0,   0,   0, 134]]), array([[101,   0,   0,   0],
       [  0,  84,   0,   0],
       [  0,   0,  89,   0],
       [  0,   0,   0, 134]]), array([[101,   0,   0,   0],
       [  0,  84,   0,   0],
       [  0,   0,  89,   0],
       [  0,   0,   0, 134]]), array([[101,   0,   0,   0],
       [  0,  84,   0,   0],
       [  0,   0,  89,   0],
       [  0,   0,   0, 135]]), array([[101,   0,   0,   0],
       [  0,  84,   0,   0],
       [  0,   0,  90,   0],
       [  0,   0,   0, 134]]), array([[101,   0,   0,   0],
       [  0,  85,   0,   0],
       [  0,   0,  89,   0],
       [  0,   0,   0, 134]]), array([[101,   0,   0,   0],
       [  0,  85,   0,   0],
       [  0,   0,  89,   0],
       [  0,   0,   0, 134]]), array([[101,   0,   0,   0],
       [  0,  85,   0,   0],
       [  0,   0,  89,   0],
       [  0,   0,   0, 134]]), array([[101,   0,   0,   0],
       [  0,  85,   0,   0],
       [  0,   0,  89,   0],
       [  0,   0,   0, 134]])]","[0.6956521739130435, 0.8043478260869565, 0.6956521739130435, 0.782608695652174, 0.7111111111111111, 0.8222222222222222, 0.7111111111111111, 0.8444444444444444, 0.7333333333333333, 0.8]","[0.6956521739130435, 0.8043478260869565, 0.6956521739130435, 0.782608695652174, 0.7111111111111111, 0.8222222222222222, 0.7111111111111111, 0.8444444444444444, 0.7333333333333333, 0.8]","[0.6956521739130435, 0.8043478260869565, 0.6956521739130435, 0.782608695652174, 0.7111111111111111, 0.8222222222222222, 0.7111111111111111, 0.8444444444444444, 0.7333333333333333, 0.8]","[0.6956521739130435, 0.8043478260869565, 0.6956521739130435, 0.782608695652174, 0.7111111111111111, 0.8222222222222222, 0.7111111111111111, 0.8444444444444444, 0.7333333333333333, 0.8000000000000002]","[0.7508753501400561, 0.8320494864612511, 0.718671679197995, 0.829861111111111, 0.7276785714285714, 0.859375, 0.7091880341880341, 0.8745331465919701, 0.7266483516483515, 0.8345352564102564]","[0.6749999999999999, 0.7875, 0.6712121212121213, 0.7606060606060607, 0.6987012987012986, 0.8027777777777778, 0.6684343434343434, 0.8222222222222222, 0.7184343434343434, 0.7823232323232323]","[0.6634012539184952, 0.798873987854251, 0.6744852941176471, 0.7655400155400155, 0.6899470899470899, 0.8020591749244501, 0.6550438596491228, 0.8278477443609022, 0.7187500000000001, 0.7782963004737199]","[0.739526245280721, 0.8190638574270288, 0.7132777596164325, 0.8206521739130435, 0.7305555555555555, 0.8569444444444444, 0.7087369420702754, 0.8641041601825915, 0.7343101343101343, 0.8252492877492877]","[0.6956521739130435, 0.8043478260869565, 0.6956521739130435, 0.782608695652174, 0.7111111111111111, 0.8222222222222222, 0.7111111111111111, 0.8444444444444444, 0.7333333333333333, 0.8]","[0.676945618100041, 0.8023862436190811, 0.6852813299232736, 0.7746359920272963, 0.6995884773662552, 0.8131062540508038, 0.6804093567251462, 0.8367694235588973, 0.7305555555555557, 0.7880003509035768]","[array([[12,  0,  0,  0],
       [ 5,  3,  0,  1],
       [ 0,  0,  7,  3],
       [ 0,  0,  5, 10]]), array([[11,  0,  0,  1],
       [ 3,  6,  0,  0],
       [ 0,  0,  7,  3],
       [ 0,  0,  2, 13]]), array([[ 9,  2,  0,  0],
       [ 4,  5,  0,  1],
       [ 0,  0,  5,  5],
       [ 1,  0,  1, 13]]), array([[10,  0,  1,  0],
       [ 4,  5,  0,  1],
       [ 0,  0,  7,  3],
       [ 1,  0,  0, 14]]), array([[10,  1,  0,  0],
       [ 6,  4,  0,  0],
       [ 0,  0,  7,  3],
       [ 0,  0,  3, 11]]), array([[11,  0,  0,  0],
       [ 5,  5,  0,  0],
       [ 0,  0,  7,  2],
       [ 0,  0,  1, 14]]), array([[ 9,  1,  1,  0],
       [ 4,  2,  0,  3],
       [ 0,  0,  7,  3],
       [ 0,  0,  1, 14]]), array([[11,  0,  0,  0],
       [ 3,  5,  0,  1],
       [ 0,  0,  8,  2],
       [ 0,  0,  1, 14]]), array([[ 9,  2,  0,  0],
       [ 4,  5,  0,  0],
       [ 0,  0,  7,  3],
       [ 0,  0,  3, 12]]), array([[ 9,  0,  0,  2],
       [ 4,  4,  0,  1],
       [ 0,  0, 10,  0],
       [ 0,  0,  2, 13]])]"
27,"[1.0, 1.0, 1.0, 1.0, 1.0, 1.0, 1.0, 1.0, 1.0, 1.0]","[1.0, 1.0, 1.0, 1.0, 1.0, 1.0, 1.0, 1.0, 1.0, 1.0]","[1.0, 1.0, 1.0, 1.0, 1.0, 1.0, 1.0, 1.0, 1.0, 1.0]","[1.0, 1.0, 1.0, 1.0, 1.0, 1.0, 1.0, 1.0, 1.0, 1.0]","[1.0, 1.0, 1.0, 1.0, 1.0, 1.0, 1.0, 1.0, 1.0, 1.0]","[1.0, 1.0, 1.0, 1.0, 1.0, 1.0, 1.0, 1.0, 1.0, 1.0]","[1.0, 1.0, 1.0, 1.0, 1.0, 1.0, 1.0, 1.0, 1.0, 1.0]","[1.0, 1.0, 1.0, 1.0, 1.0, 1.0, 1.0, 1.0, 1.0, 1.0]","[1.0, 1.0, 1.0, 1.0, 1.0, 1.0, 1.0, 1.0, 1.0, 1.0]","[1.0, 1.0, 1.0, 1.0, 1.0, 1.0, 1.0, 1.0, 1.0, 1.0]","[array([[100,   0,   0,   0],
       [  0,  85,   0,   0],
       [  0,   0,  89,   0],
       [  0,   0,   0, 134]]), array([[100,   0,   0,   0],
       [  0,  85,   0,   0],
       [  0,   0,  89,   0],
       [  0,   0,   0, 134]]), array([[101,   0,   0,   0],
       [  0,  84,   0,   0],
       [  0,   0,  89,   0],
       [  0,   0,   0, 134]]), array([[101,   0,   0,   0],
       [  0,  84,   0,   0],
       [  0,   0,  89,   0],
       [  0,   0,   0, 134]]), array([[101,   0,   0,   0],
       [  0,  84,   0,   0],
       [  0,   0,  89,   0],
       [  0,   0,   0, 135]]), array([[101,   0,   0,   0],
       [  0,  84,   0,   0],
       [  0,   0,  90,   0],
       [  0,   0,   0, 134]]), array([[101,   0,   0,   0],
       [  0,  85,   0,   0],
       [  0,   0,  89,   0],
       [  0,   0,   0, 134]]), array([[101,   0,   0,   0],
       [  0,  85,   0,   0],
       [  0,   0,  89,   0],
       [  0,   0,   0, 134]]), array([[101,   0,   0,   0],
       [  0,  85,   0,   0],
       [  0,   0,  89,   0],
       [  0,   0,   0, 134]]), array([[101,   0,   0,   0],
       [  0,  85,   0,   0],
       [  0,   0,  89,   0],
       [  0,   0,   0, 134]])]","[0.717391304347826, 0.8043478260869565, 0.6521739130434783, 0.782608695652174, 0.7333333333333333, 0.8222222222222222, 0.7111111111111111, 0.8222222222222222, 0.7333333333333333, 0.8]","[0.717391304347826, 0.8043478260869565, 0.6521739130434783, 0.782608695652174, 0.7333333333333333, 0.8222222222222222, 0.7111111111111111, 0.8222222222222222, 0.7333333333333333, 0.8]","[0.717391304347826, 0.8043478260869565, 0.6521739130434783, 0.782608695652174, 0.7333333333333333, 0.8222222222222222, 0.7111111111111111, 0.8222222222222222, 0.7333333333333333, 0.8]","[0.717391304347826, 0.8043478260869565, 0.6521739130434783, 0.782608695652174, 0.7333333333333333, 0.8222222222222222, 0.7111111111111111, 0.8222222222222222, 0.7333333333333333, 0.8000000000000002]","[0.7688948306595366, 0.8320494864612511, 0.6700109649122807, 0.829861111111111, 0.7972222222222223, 0.8673202614379085, 0.7232142857142857, 0.8614379084967321, 0.7266483516483515, 0.8345352564102564]","[0.6916666666666667, 0.7875, 0.6212121212121212, 0.7606060606060607, 0.7142857142857143, 0.8055555555555556, 0.6795454545454546, 0.7944444444444445, 0.7184343434343434, 0.7823232323232323]","[0.6818965517241379, 0.798873987854251, 0.614093137254902, 0.7655400155400155, 0.6961468658383358, 0.7948412698412699, 0.6765648386701018, 0.794660931174089, 0.7187500000000001, 0.7782963004737199]","[0.7572657521506625, 0.8190638574270288, 0.6692172006102213, 0.8206521739130435, 0.7933333333333334, 0.869281045751634, 0.7207231040564375, 0.8512999273783587, 0.7343101343101343, 0.8252492877492877]","[0.717391304347826, 0.8043478260869565, 0.6521739130434783, 0.782608695652174, 0.7333333333333333, 0.8222222222222222, 0.7111111111111111, 0.8222222222222222, 0.7333333333333333, 0.8]","[0.6977761119440281, 0.8023862436190811, 0.6316069906223359, 0.7746359920272963, 0.7092186700172181, 0.8079365079365081, 0.6946766449924344, 0.8087156995051732, 0.7305555555555557, 0.7880003509035768]","[array([[12,  0,  0,  0],
       [ 5,  3,  0,  1],
       [ 0,  0,  7,  3],
       [ 0,  0,  4, 11]]), array([[11,  0,  0,  1],
       [ 3,  6,  0,  0],
       [ 0,  0,  7,  3],
       [ 0,  0,  2, 13]]), array([[ 9,  2,  0,  0],
       [ 6,  3,  0,  1],
       [ 0,  0,  5,  5],
       [ 1,  0,  1, 13]]), array([[10,  0,  1,  0],
       [ 4,  5,  0,  1],
       [ 0,  0,  7,  3],
       [ 1,  0,  0, 14]]), array([[11,  0,  0,  0],
       [ 7,  3,  0,  0],
       [ 0,  0,  7,  3],
       [ 0,  0,  2, 12]]), array([[11,  0,  0,  0],
       [ 6,  4,  0,  0],
       [ 0,  0,  8,  1],
       [ 0,  0,  1, 14]]), array([[ 9,  1,  1,  0],
       [ 4,  3,  0,  2],
       [ 0,  0,  7,  3],
       [ 1,  0,  1, 13]]), array([[11,  0,  0,  0],
       [ 4,  4,  0,  1],
       [ 0,  0,  8,  2],
       [ 0,  0,  1, 14]]), array([[ 9,  2,  0,  0],
       [ 4,  5,  0,  0],
       [ 0,  0,  7,  3],
       [ 0,  0,  3, 12]]), array([[ 9,  0,  0,  2],
       [ 4,  4,  0,  1],
       [ 0,  0, 10,  0],
       [ 0,  0,  2, 13]])]"
28,"[1.0, 1.0, 1.0, 1.0, 1.0, 1.0, 1.0, 1.0, 1.0, 1.0]","[1.0, 1.0, 1.0, 1.0, 1.0, 1.0, 1.0, 1.0, 1.0, 1.0]","[1.0, 1.0, 1.0, 1.0, 1.0, 1.0, 1.0, 1.0, 1.0, 1.0]","[1.0, 1.0, 1.0, 1.0, 1.0, 1.0, 1.0, 1.0, 1.0, 1.0]","[1.0, 1.0, 1.0, 1.0, 1.0, 1.0, 1.0, 1.0, 1.0, 1.0]","[1.0, 1.0, 1.0, 1.0, 1.0, 1.0, 1.0, 1.0, 1.0, 1.0]","[1.0, 1.0, 1.0, 1.0, 1.0, 1.0, 1.0, 1.0, 1.0, 1.0]","[1.0, 1.0, 1.0, 1.0, 1.0, 1.0, 1.0, 1.0, 1.0, 1.0]","[1.0, 1.0, 1.0, 1.0, 1.0, 1.0, 1.0, 1.0, 1.0, 1.0]","[1.0, 1.0, 1.0, 1.0, 1.0, 1.0, 1.0, 1.0, 1.0, 1.0]","[array([[100,   0,   0,   0],
       [  0,  85,   0,   0],
       [  0,   0,  89,   0],
       [  0,   0,   0, 134]]), array([[100,   0,   0,   0],
       [  0,  85,   0,   0],
       [  0,   0,  89,   0],
       [  0,   0,   0, 134]]), array([[101,   0,   0,   0],
       [  0,  84,   0,   0],
       [  0,   0,  89,   0],
       [  0,   0,   0, 134]]), array([[101,   0,   0,   0],
       [  0,  84,   0,   0],
       [  0,   0,  89,   0],
       [  0,   0,   0, 134]]), array([[101,   0,   0,   0],
       [  0,  84,   0,   0],
       [  0,   0,  89,   0],
       [  0,   0,   0, 135]]), array([[101,   0,   0,   0],
       [  0,  84,   0,   0],
       [  0,   0,  90,   0],
       [  0,   0,   0, 134]]), array([[101,   0,   0,   0],
       [  0,  85,   0,   0],
       [  0,   0,  89,   0],
       [  0,   0,   0, 134]]), array([[101,   0,   0,   0],
       [  0,  85,   0,   0],
       [  0,   0,  89,   0],
       [  0,   0,   0, 134]]), array([[101,   0,   0,   0],
       [  0,  85,   0,   0],
       [  0,   0,  89,   0],
       [  0,   0,   0, 134]]), array([[101,   0,   0,   0],
       [  0,  85,   0,   0],
       [  0,   0,  89,   0],
       [  0,   0,   0, 134]])]","[0.6956521739130435, 0.8260869565217391, 0.6521739130434783, 0.782608695652174, 0.7555555555555555, 0.7777777777777778, 0.6666666666666666, 0.8666666666666667, 0.7777777777777778, 0.8]","[0.6956521739130435, 0.8260869565217391, 0.6521739130434783, 0.782608695652174, 0.7555555555555555, 0.7777777777777778, 0.6666666666666666, 0.8666666666666667, 0.7777777777777778, 0.8]","[0.6956521739130435, 0.8260869565217391, 0.6521739130434783, 0.782608695652174, 0.7555555555555555, 0.7777777777777778, 0.6666666666666666, 0.8666666666666667, 0.7777777777777778, 0.8]","[0.6956521739130435, 0.8260869565217391, 0.6521739130434783, 0.782608695652174, 0.7555555555555555, 0.7777777777777778, 0.6666666666666666, 0.8666666666666667, 0.7777777777777778, 0.8000000000000002]","[0.7508753501400561, 0.8495535714285714, 0.6700109649122807, 0.829861111111111, 0.7694444444444444, 0.79375, 0.6629424497071557, 0.8874007936507936, 0.7683150183150184, 0.8345352564102564]","[0.6749999999999999, 0.8125, 0.6212121212121212, 0.7606060606060607, 0.7415584415584416, 0.755050505050505, 0.6351010101010102, 0.8500000000000001, 0.76010101010101, 0.7823232323232323]","[0.6634012539184952, 0.8212158808933003, 0.614093137254902, 0.7655400155400155, 0.7396647703476196, 0.7502073230725982, 0.6175, 0.856332767402377, 0.7604166666666667, 0.7782963004737199]","[0.739526245280721, 0.8394798136645963, 0.6692172006102213, 0.8206521739130435, 0.7698765432098765, 0.7972222222222223, 0.6671844495373908, 0.8812610229276896, 0.7787545787545788, 0.8252492877492877]","[0.6956521739130435, 0.8260869565217391, 0.6521739130434783, 0.782608695652174, 0.7555555555555555, 0.7777777777777778, 0.6666666666666666, 0.8666666666666667, 0.7777777777777778, 0.8]","[0.676945618100041, 0.82466285467688, 0.6316069906223359, 0.7746359920272963, 0.7481370313493724, 0.7653696285364007, 0.6408148148148148, 0.863320882852292, 0.7750000000000001, 0.7880003509035768]","[array([[12,  0,  0,  0],
       [ 5,  3,  0,  1],
       [ 0,  0,  7,  3],
       [ 0,  0,  5, 10]]), array([[11,  0,  0,  1],
       [ 3,  6,  0,  0],
       [ 0,  0,  8,  2],
       [ 0,  0,  2, 13]]), array([[ 9,  2,  0,  0],
       [ 6,  3,  0,  1],
       [ 0,  0,  5,  5],
       [ 1,  0,  1, 13]]), array([[10,  0,  1,  0],
       [ 4,  5,  0,  1],
       [ 0,  0,  7,  3],
       [ 1,  0,  0, 14]]), array([[10,  1,  0,  0],
       [ 5,  5,  0,  0],
       [ 0,  0,  7,  3],
       [ 0,  0,  2, 12]]), array([[10,  1,  0,  0],
       [ 6,  4,  0,  0],
       [ 0,  0,  7,  2],
       [ 0,  0,  1, 14]]), array([[ 9,  1,  1,  0],
       [ 5,  2,  0,  2],
       [ 0,  0,  7,  3],
       [ 0,  0,  3, 12]]), array([[11,  0,  0,  0],
       [ 3,  6,  0,  0],
       [ 0,  0,  8,  2],
       [ 0,  0,  1, 14]]), array([[ 9,  2,  0,  0],
       [ 4,  5,  0,  0],
       [ 0,  0,  8,  2],
       [ 0,  0,  2, 13]]), array([[ 9,  0,  0,  2],
       [ 4,  4,  0,  1],
       [ 0,  0, 10,  0],
       [ 0,  0,  2, 13]])]"
29,"[1.0, 1.0, 1.0, 1.0, 1.0, 1.0, 1.0, 1.0, 1.0, 1.0]","[1.0, 1.0, 1.0, 1.0, 1.0, 1.0, 1.0, 1.0, 1.0, 1.0]","[1.0, 1.0, 1.0, 1.0, 1.0, 1.0, 1.0, 1.0, 1.0, 1.0]","[1.0, 1.0, 1.0, 1.0, 1.0, 1.0, 1.0, 1.0, 1.0, 1.0]","[1.0, 1.0, 1.0, 1.0, 1.0, 1.0, 1.0, 1.0, 1.0, 1.0]","[1.0, 1.0, 1.0, 1.0, 1.0, 1.0, 1.0, 1.0, 1.0, 1.0]","[1.0, 1.0, 1.0, 1.0, 1.0, 1.0, 1.0, 1.0, 1.0, 1.0]","[1.0, 1.0, 1.0, 1.0, 1.0, 1.0, 1.0, 1.0, 1.0, 1.0]","[1.0, 1.0, 1.0, 1.0, 1.0, 1.0, 1.0, 1.0, 1.0, 1.0]","[1.0, 1.0, 1.0, 1.0, 1.0, 1.0, 1.0, 1.0, 1.0, 1.0]","[array([[100,   0,   0,   0],
       [  0,  85,   0,   0],
       [  0,   0,  89,   0],
       [  0,   0,   0, 134]]), array([[100,   0,   0,   0],
       [  0,  85,   0,   0],
       [  0,   0,  89,   0],
       [  0,   0,   0, 134]]), array([[101,   0,   0,   0],
       [  0,  84,   0,   0],
       [  0,   0,  89,   0],
       [  0,   0,   0, 134]]), array([[101,   0,   0,   0],
       [  0,  84,   0,   0],
       [  0,   0,  89,   0],
       [  0,   0,   0, 134]]), array([[101,   0,   0,   0],
       [  0,  84,   0,   0],
       [  0,   0,  89,   0],
       [  0,   0,   0, 135]]), array([[101,   0,   0,   0],
       [  0,  84,   0,   0],
       [  0,   0,  90,   0],
       [  0,   0,   0, 134]]), array([[101,   0,   0,   0],
       [  0,  85,   0,   0],
       [  0,   0,  89,   0],
       [  0,   0,   0, 134]]), array([[101,   0,   0,   0],
       [  0,  85,   0,   0],
       [  0,   0,  89,   0],
       [  0,   0,   0, 134]]), array([[101,   0,   0,   0],
       [  0,  85,   0,   0],
       [  0,   0,  89,   0],
       [  0,   0,   0, 134]]), array([[101,   0,   0,   0],
       [  0,  85,   0,   0],
       [  0,   0,  89,   0],
       [  0,   0,   0, 134]])]","[0.717391304347826, 0.8260869565217391, 0.6739130434782609, 0.782608695652174, 0.7333333333333333, 0.8, 0.6888888888888889, 0.8444444444444444, 0.7555555555555555, 0.8]","[0.717391304347826, 0.8260869565217391, 0.6739130434782609, 0.782608695652174, 0.7333333333333333, 0.8, 0.6888888888888889, 0.8444444444444444, 0.7555555555555555, 0.8]","[0.717391304347826, 0.8260869565217391, 0.6739130434782609, 0.782608695652174, 0.7333333333333333, 0.8, 0.6888888888888889, 0.8444444444444444, 0.7555555555555555, 0.8]","[0.717391304347826, 0.8260869565217391, 0.6739130434782609, 0.782608695652174, 0.7333333333333333, 0.8000000000000002, 0.6888888888888889, 0.8444444444444444, 0.7555555555555555, 0.8000000000000002]","[0.7688948306595366, 0.8495535714285714, 0.6833333333333333, 0.829861111111111, 0.7972222222222223, 0.8492647058823529, 0.6916666666666667, 0.8745331465919701, 0.749217796092796, 0.8345352564102564]","[0.6916666666666667, 0.8125, 0.6378787878787879, 0.7606060606060607, 0.7142857142857143, 0.7777777777777777, 0.6517676767676768, 0.8222222222222222, 0.7351010101010101, 0.7823232323232323]","[0.6818965517241379, 0.8212158808933003, 0.6293269230769232, 0.7655400155400155, 0.6961468658383358, 0.7709745188397941, 0.6375904796957428, 0.8278477443609022, 0.7376379456706282, 0.7782963004737199]","[0.7572657521506625, 0.8394798136645963, 0.6833333333333333, 0.8206521739130435, 0.7933333333333334, 0.8470588235294118, 0.6935802469135802, 0.8641041601825915, 0.755760751594085, 0.8252492877492877]","[0.717391304347826, 0.8260869565217391, 0.6739130434782609, 0.782608695652174, 0.7333333333333333, 0.8, 0.6888888888888889, 0.8444444444444444, 0.7555555555555555, 0.8]","[0.6977761119440281, 0.82466285467688, 0.6492474916387959, 0.7746359920272963, 0.7092186700172181, 0.7848287702177646, 0.662266388582178, 0.8367694235588973, 0.7516459158649313, 0.7880003509035768]","[array([[12,  0,  0,  0],
       [ 5,  3,  0,  1],
       [ 0,  0,  7,  3],
       [ 0,  0,  4, 11]]), array([[11,  0,  0,  1],
       [ 3,  6,  0,  0],
       [ 0,  0,  8,  2],
       [ 0,  0,  2, 13]]), array([[ 9,  2,  0,  0],
       [ 6,  3,  0,  1],
       [ 0,  0,  5,  5],
       [ 0,  0,  1, 14]]), array([[10,  0,  1,  0],
       [ 4,  5,  0,  1],
       [ 0,  0,  7,  3],
       [ 1,  0,  0, 14]]), array([[11,  0,  0,  0],
       [ 7,  3,  0,  0],
       [ 0,  0,  7,  3],
       [ 0,  0,  2, 12]]), array([[11,  0,  0,  0],
       [ 6,  4,  0,  0],
       [ 0,  0,  7,  2],
       [ 0,  0,  1, 14]]), array([[ 9,  1,  1,  0],
       [ 5,  2,  0,  2],
       [ 0,  0,  7,  3],
       [ 1,  0,  1, 13]]), array([[11,  0,  0,  0],
       [ 3,  5,  0,  1],
       [ 0,  0,  8,  2],
       [ 0,  0,  1, 14]]), array([[ 9,  2,  0,  0],
       [ 4,  5,  0,  0],
       [ 0,  0,  7,  3],
       [ 0,  0,  2, 13]]), array([[ 9,  0,  0,  2],
       [ 4,  4,  0,  1],
       [ 0,  0, 10,  0],
       [ 0,  0,  2, 13]])]"
30,"[1.0, 1.0, 1.0, 1.0, 1.0, 1.0, 1.0, 1.0, 1.0, 1.0]","[1.0, 1.0, 1.0, 1.0, 1.0, 1.0, 1.0, 1.0, 1.0, 1.0]","[1.0, 1.0, 1.0, 1.0, 1.0, 1.0, 1.0, 1.0, 1.0, 1.0]","[1.0, 1.0, 1.0, 1.0, 1.0, 1.0, 1.0, 1.0, 1.0, 1.0]","[1.0, 1.0, 1.0, 1.0, 1.0, 1.0, 1.0, 1.0, 1.0, 1.0]","[1.0, 1.0, 1.0, 1.0, 1.0, 1.0, 1.0, 1.0, 1.0, 1.0]","[1.0, 1.0, 1.0, 1.0, 1.0, 1.0, 1.0, 1.0, 1.0, 1.0]","[1.0, 1.0, 1.0, 1.0, 1.0, 1.0, 1.0, 1.0, 1.0, 1.0]","[1.0, 1.0, 1.0, 1.0, 1.0, 1.0, 1.0, 1.0, 1.0, 1.0]","[1.0, 1.0, 1.0, 1.0, 1.0, 1.0, 1.0, 1.0, 1.0, 1.0]","[array([[100,   0,   0,   0],
       [  0,  85,   0,   0],
       [  0,   0,  89,   0],
       [  0,   0,   0, 134]]), array([[100,   0,   0,   0],
       [  0,  85,   0,   0],
       [  0,   0,  89,   0],
       [  0,   0,   0, 134]]), array([[101,   0,   0,   0],
       [  0,  84,   0,   0],
       [  0,   0,  89,   0],
       [  0,   0,   0, 134]]), array([[101,   0,   0,   0],
       [  0,  84,   0,   0],
       [  0,   0,  89,   0],
       [  0,   0,   0, 134]]), array([[101,   0,   0,   0],
       [  0,  84,   0,   0],
       [  0,   0,  89,   0],
       [  0,   0,   0, 135]]), array([[101,   0,   0,   0],
       [  0,  84,   0,   0],
       [  0,   0,  90,   0],
       [  0,   0,   0, 134]]), array([[101,   0,   0,   0],
       [  0,  85,   0,   0],
       [  0,   0,  89,   0],
       [  0,   0,   0, 134]]), array([[101,   0,   0,   0],
       [  0,  85,   0,   0],
       [  0,   0,  89,   0],
       [  0,   0,   0, 134]]), array([[101,   0,   0,   0],
       [  0,  85,   0,   0],
       [  0,   0,  89,   0],
       [  0,   0,   0, 134]]), array([[101,   0,   0,   0],
       [  0,  85,   0,   0],
       [  0,   0,  89,   0],
       [  0,   0,   0, 134]])]","[0.6956521739130435, 0.8043478260869565, 0.6739130434782609, 0.782608695652174, 0.7111111111111111, 0.8, 0.7111111111111111, 0.8222222222222222, 0.8, 0.8]","[0.6956521739130435, 0.8043478260869565, 0.6739130434782609, 0.782608695652174, 0.7111111111111111, 0.8, 0.7111111111111111, 0.8222222222222222, 0.8, 0.8]","[0.6956521739130435, 0.8043478260869565, 0.6739130434782609, 0.782608695652174, 0.7111111111111111, 0.8, 0.7111111111111111, 0.8222222222222222, 0.8, 0.8]","[0.6956521739130435, 0.8043478260869565, 0.6739130434782609, 0.782608695652174, 0.7111111111111111, 0.8000000000000002, 0.7111111111111111, 0.8222222222222222, 0.8000000000000002, 0.8000000000000002]","[0.7508753501400561, 0.8364583333333333, 0.6833333333333333, 0.829861111111111, 0.7290032679738563, 0.8492647058823529, 0.7060359231411864, 0.8579656862745098, 0.8035714285714286, 0.8345352564102564]","[0.6749999999999999, 0.7847222222222222, 0.6378787878787879, 0.7606060606060607, 0.6915584415584415, 0.7777777777777777, 0.6684343434343434, 0.7972222222222223, 0.7828282828282828, 0.7823232323232323]","[0.6634012539184952, 0.791952551629971, 0.6293269230769232, 0.7655400155400155, 0.6768213637542131, 0.7709745188397941, 0.6534262125902992, 0.8033043345543345, 0.7833333333333334, 0.7782963004737199]","[0.739526245280721, 0.8258152173913043, 0.6833333333333333, 0.8206521739130435, 0.7321859114015977, 0.8470588235294118, 0.7089297317367493, 0.8482135076252724, 0.8079365079365081, 0.8252492877492877]","[0.6956521739130435, 0.8043478260869565, 0.6739130434782609, 0.782608695652174, 0.7111111111111111, 0.8, 0.7111111111111111, 0.8222222222222222, 0.8, 0.8]","[0.676945618100041, 0.799717268861729, 0.6492474916387959, 0.7746359920272963, 0.6910552242675655, 0.7848287702177646, 0.6809191606467148, 0.8142009225342558, 0.7955555555555557, 0.7880003509035768]","[array([[12,  0,  0,  0],
       [ 5,  3,  0,  1],
       [ 0,  0,  7,  3],
       [ 0,  0,  5, 10]]), array([[11,  0,  0,  1],
       [ 4,  5,  0,  0],
       [ 0,  0,  8,  2],
       [ 0,  0,  2, 13]]), array([[ 9,  2,  0,  0],
       [ 6,  3,  0,  1],
       [ 0,  0,  5,  5],
       [ 0,  0,  1, 14]]), array([[10,  0,  1,  0],
       [ 4,  5,  0,  1],
       [ 0,  0,  7,  3],
       [ 1,  0,  0, 14]]), array([[10,  1,  0,  0],
       [ 7,  3,  0,  0],
       [ 0,  0,  7,  3],
       [ 0,  0,  2, 12]]), array([[11,  0,  0,  0],
       [ 6,  4,  0,  0],
       [ 0,  0,  7,  2],
       [ 0,  0,  1, 14]]), array([[ 9,  1,  1,  0],
       [ 5,  2,  0,  2],
       [ 0,  0,  7,  3],
       [ 0,  0,  1, 14]]), array([[11,  0,  0,  0],
       [ 4,  5,  0,  0],
       [ 0,  0,  7,  3],
       [ 0,  0,  1, 14]]), array([[10,  1,  0,  0],
       [ 4,  5,  0,  0],
       [ 0,  0,  8,  2],
       [ 0,  0,  2, 13]]), array([[ 9,  0,  0,  2],
       [ 4,  4,  0,  1],
       [ 0,  0, 10,  0],
       [ 0,  0,  2, 13]])]"
31,"[1.0, 1.0, 1.0, 1.0, 1.0, 1.0, 1.0, 1.0, 1.0, 1.0]","[1.0, 1.0, 1.0, 1.0, 1.0, 1.0, 1.0, 1.0, 1.0, 1.0]","[1.0, 1.0, 1.0, 1.0, 1.0, 1.0, 1.0, 1.0, 1.0, 1.0]","[1.0, 1.0, 1.0, 1.0, 1.0, 1.0, 1.0, 1.0, 1.0, 1.0]","[1.0, 1.0, 1.0, 1.0, 1.0, 1.0, 1.0, 1.0, 1.0, 1.0]","[1.0, 1.0, 1.0, 1.0, 1.0, 1.0, 1.0, 1.0, 1.0, 1.0]","[1.0, 1.0, 1.0, 1.0, 1.0, 1.0, 1.0, 1.0, 1.0, 1.0]","[1.0, 1.0, 1.0, 1.0, 1.0, 1.0, 1.0, 1.0, 1.0, 1.0]","[1.0, 1.0, 1.0, 1.0, 1.0, 1.0, 1.0, 1.0, 1.0, 1.0]","[1.0, 1.0, 1.0, 1.0, 1.0, 1.0, 1.0, 1.0, 1.0, 1.0]","[array([[100,   0,   0,   0],
       [  0,  85,   0,   0],
       [  0,   0,  89,   0],
       [  0,   0,   0, 134]]), array([[100,   0,   0,   0],
       [  0,  85,   0,   0],
       [  0,   0,  89,   0],
       [  0,   0,   0, 134]]), array([[101,   0,   0,   0],
       [  0,  84,   0,   0],
       [  0,   0,  89,   0],
       [  0,   0,   0, 134]]), array([[101,   0,   0,   0],
       [  0,  84,   0,   0],
       [  0,   0,  89,   0],
       [  0,   0,   0, 134]]), array([[101,   0,   0,   0],
       [  0,  84,   0,   0],
       [  0,   0,  89,   0],
       [  0,   0,   0, 135]]), array([[101,   0,   0,   0],
       [  0,  84,   0,   0],
       [  0,   0,  90,   0],
       [  0,   0,   0, 134]]), array([[101,   0,   0,   0],
       [  0,  85,   0,   0],
       [  0,   0,  89,   0],
       [  0,   0,   0, 134]]), array([[101,   0,   0,   0],
       [  0,  85,   0,   0],
       [  0,   0,  89,   0],
       [  0,   0,   0, 134]]), array([[101,   0,   0,   0],
       [  0,  85,   0,   0],
       [  0,   0,  89,   0],
       [  0,   0,   0, 134]]), array([[101,   0,   0,   0],
       [  0,  85,   0,   0],
       [  0,   0,  89,   0],
       [  0,   0,   0, 134]])]","[0.6956521739130435, 0.8043478260869565, 0.6739130434782609, 0.8043478260869565, 0.7333333333333333, 0.8, 0.7111111111111111, 0.8222222222222222, 0.7777777777777778, 0.8]","[0.6956521739130435, 0.8043478260869565, 0.6739130434782609, 0.8043478260869565, 0.7333333333333333, 0.8, 0.7111111111111111, 0.8222222222222222, 0.7777777777777778, 0.8]","[0.6956521739130435, 0.8043478260869565, 0.6739130434782609, 0.8043478260869565, 0.7333333333333333, 0.8, 0.7111111111111111, 0.8222222222222222, 0.7777777777777778, 0.8]","[0.6956521739130435, 0.8043478260869565, 0.6739130434782609, 0.8043478260869565, 0.7333333333333333, 0.8000000000000002, 0.7111111111111111, 0.8222222222222222, 0.7777777777777778, 0.8000000000000002]","[0.7508753501400561, 0.8320494864612511, 0.6833333333333333, 0.8447712418300652, 0.7506944444444446, 0.8492647058823529, 0.7060359231411864, 0.8596230158730158, 0.7833333333333333, 0.8345352564102564]","[0.6749999999999999, 0.7875, 0.6378787878787879, 0.7856060606060606, 0.7165584415584415, 0.7777777777777777, 0.6684343434343434, 0.7972222222222223, 0.7550505050505051, 0.7823232323232323]","[0.6634012539184952, 0.798873987854251, 0.6293269230769232, 0.7882506747638326, 0.7096255965584459, 0.7709745188397941, 0.6534262125902992, 0.8051370851370852, 0.7518315018315018, 0.7782963004737199]","[0.739526245280721, 0.8190638574270288, 0.6833333333333333, 0.838590508667235, 0.752283950617284, 0.8470588235294118, 0.7089297317367493, 0.8457671957671958, 0.7896296296296296, 0.8252492877492877]","[0.6956521739130435, 0.8043478260869565, 0.6739130434782609, 0.8043478260869565, 0.7333333333333333, 0.8, 0.7111111111111111, 0.8222222222222222, 0.7777777777777778, 0.8]","[0.676945618100041, 0.8023862436190811, 0.6492474916387959, 0.7972664730387843, 0.7208024317925508, 0.7848287702177646, 0.6809191606467148, 0.8136360429693763, 0.768986568986569, 0.7880003509035768]","[array([[12,  0,  0,  0],
       [ 5,  3,  0,  1],
       [ 0,  0,  7,  3],
       [ 0,  0,  5, 10]]), array([[11,  0,  0,  1],
       [ 3,  6,  0,  0],
       [ 0,  0,  7,  3],
       [ 0,  0,  2, 13]]), array([[ 9,  2,  0,  0],
       [ 6,  3,  0,  1],
       [ 0,  0,  5,  5],
       [ 0,  0,  1, 14]]), array([[10,  0,  1,  0],
       [ 4,  5,  0,  1],
       [ 0,  0,  8,  2],
       [ 1,  0,  0, 14]]), array([[10,  1,  0,  0],
       [ 6,  4,  0,  0],
       [ 0,  0,  7,  3],
       [ 0,  0,  2, 12]]), array([[11,  0,  0,  0],
       [ 6,  4,  0,  0],
       [ 0,  0,  7,  2],
       [ 0,  0,  1, 14]]), array([[ 9,  1,  1,  0],
       [ 5,  2,  0,  2],
       [ 0,  0,  7,  3],
       [ 0,  0,  1, 14]]), array([[11,  0,  0,  0],
       [ 3,  5,  0,  1],
       [ 0,  0,  7,  3],
       [ 0,  0,  1, 14]]), array([[10,  1,  0,  0],
       [ 5,  4,  0,  0],
       [ 0,  0,  8,  2],
       [ 0,  0,  2, 13]]), array([[ 9,  0,  0,  2],
       [ 4,  4,  0,  1],
       [ 0,  0, 10,  0],
       [ 0,  0,  2, 13]])]"
32,"[1.0, 1.0, 1.0, 1.0, 1.0, 1.0, 1.0, 1.0, 1.0, 1.0]","[1.0, 1.0, 1.0, 1.0, 1.0, 1.0, 1.0, 1.0, 1.0, 1.0]","[1.0, 1.0, 1.0, 1.0, 1.0, 1.0, 1.0, 1.0, 1.0, 1.0]","[1.0, 1.0, 1.0, 1.0, 1.0, 1.0, 1.0, 1.0, 1.0, 1.0]","[1.0, 1.0, 1.0, 1.0, 1.0, 1.0, 1.0, 1.0, 1.0, 1.0]","[1.0, 1.0, 1.0, 1.0, 1.0, 1.0, 1.0, 1.0, 1.0, 1.0]","[1.0, 1.0, 1.0, 1.0, 1.0, 1.0, 1.0, 1.0, 1.0, 1.0]","[1.0, 1.0, 1.0, 1.0, 1.0, 1.0, 1.0, 1.0, 1.0, 1.0]","[1.0, 1.0, 1.0, 1.0, 1.0, 1.0, 1.0, 1.0, 1.0, 1.0]","[1.0, 1.0, 1.0, 1.0, 1.0, 1.0, 1.0, 1.0, 1.0, 1.0]","[array([[100,   0,   0,   0],
       [  0,  85,   0,   0],
       [  0,   0,  89,   0],
       [  0,   0,   0, 134]]), array([[100,   0,   0,   0],
       [  0,  85,   0,   0],
       [  0,   0,  89,   0],
       [  0,   0,   0, 134]]), array([[101,   0,   0,   0],
       [  0,  84,   0,   0],
       [  0,   0,  89,   0],
       [  0,   0,   0, 134]]), array([[101,   0,   0,   0],
       [  0,  84,   0,   0],
       [  0,   0,  89,   0],
       [  0,   0,   0, 134]]), array([[101,   0,   0,   0],
       [  0,  84,   0,   0],
       [  0,   0,  89,   0],
       [  0,   0,   0, 135]]), array([[101,   0,   0,   0],
       [  0,  84,   0,   0],
       [  0,   0,  90,   0],
       [  0,   0,   0, 134]]), array([[101,   0,   0,   0],
       [  0,  85,   0,   0],
       [  0,   0,  89,   0],
       [  0,   0,   0, 134]]), array([[101,   0,   0,   0],
       [  0,  85,   0,   0],
       [  0,   0,  89,   0],
       [  0,   0,   0, 134]]), array([[101,   0,   0,   0],
       [  0,  85,   0,   0],
       [  0,   0,  89,   0],
       [  0,   0,   0, 134]]), array([[101,   0,   0,   0],
       [  0,  85,   0,   0],
       [  0,   0,  89,   0],
       [  0,   0,   0, 134]])]","[0.6956521739130435, 0.782608695652174, 0.6739130434782609, 0.782608695652174, 0.6888888888888889, 0.8, 0.7111111111111111, 0.8222222222222222, 0.7777777777777778, 0.8]","[0.6956521739130435, 0.782608695652174, 0.6739130434782609, 0.782608695652174, 0.6888888888888889, 0.8, 0.7111111111111111, 0.8222222222222222, 0.7777777777777778, 0.8]","[0.6956521739130435, 0.782608695652174, 0.6739130434782609, 0.782608695652174, 0.6888888888888889, 0.8, 0.7111111111111111, 0.8222222222222222, 0.7777777777777778, 0.8]","[0.6956521739130435, 0.782608695652174, 0.6739130434782609, 0.782608695652174, 0.6888888888888889, 0.8000000000000002, 0.7111111111111111, 0.8222222222222222, 0.7777777777777778, 0.8000000000000002]","[0.7508753501400561, 0.818954248366013, 0.6833333333333333, 0.829861111111111, 0.7059873949579831, 0.8492647058823529, 0.7060359231411864, 0.8579656862745098, 0.7844742063492064, 0.8345352564102564]","[0.6749999999999999, 0.7597222222222223, 0.6378787878787879, 0.7606060606060607, 0.6737012987012987, 0.7777777777777777, 0.6684343434343434, 0.7972222222222223, 0.7578282828282829, 0.7823232323232323]","[0.6634012539184952, 0.7696106585909217, 0.6293269230769232, 0.7655400155400155, 0.6571428571428571, 0.7709745188397941, 0.6534262125902992, 0.8033043345543345, 0.7605546123372948, 0.7782963004737199]","[0.739526245280721, 0.8053992611537367, 0.6833333333333333, 0.8206521739130435, 0.7104575163398692, 0.8470588235294118, 0.7089297317367493, 0.8482135076252724, 0.784942680776014, 0.8252492877492877]","[0.6956521739130435, 0.782608695652174, 0.6739130434782609, 0.782608695652174, 0.6888888888888889, 0.8, 0.7111111111111111, 0.8222222222222222, 0.7777777777777778, 0.8]","[0.676945618100041, 0.7774406578039301, 0.6492474916387959, 0.7746359920272963, 0.6698412698412698, 0.7848287702177646, 0.6809191606467148, 0.8142009225342558, 0.7722014714204868, 0.7880003509035768]","[array([[12,  0,  0,  0],
       [ 5,  3,  0,  1],
       [ 0,  0,  7,  3],
       [ 0,  0,  5, 10]]), array([[11,  0,  0,  1],
       [ 4,  5,  0,  0],
       [ 0,  0,  7,  3],
       [ 0,  0,  2, 13]]), array([[ 9,  2,  0,  0],
       [ 6,  3,  0,  1],
       [ 0,  0,  5,  5],
       [ 0,  0,  1, 14]]), array([[10,  0,  1,  0],
       [ 4,  5,  0,  1],
       [ 0,  0,  7,  3],
       [ 1,  0,  0, 14]]), array([[10,  1,  0,  0],
       [ 7,  3,  0,  0],
       [ 0,  0,  7,  3],
       [ 0,  0,  3, 11]]), array([[11,  0,  0,  0],
       [ 6,  4,  0,  0],
       [ 0,  0,  7,  2],
       [ 0,  0,  1, 14]]), array([[ 9,  1,  1,  0],
       [ 5,  2,  0,  2],
       [ 0,  0,  7,  3],
       [ 0,  0,  1, 14]]), array([[11,  0,  0,  0],
       [ 4,  5,  0,  0],
       [ 0,  0,  7,  3],
       [ 0,  0,  1, 14]]), array([[10,  1,  0,  0],
       [ 4,  5,  0,  0],
       [ 0,  0,  7,  3],
       [ 0,  0,  2, 13]]), array([[ 9,  0,  0,  2],
       [ 4,  4,  0,  1],
       [ 0,  0, 10,  0],
       [ 0,  0,  2, 13]])]"
33,"[1.0, 1.0, 1.0, 1.0, 1.0, 1.0, 1.0, 1.0, 1.0, 1.0]","[1.0, 1.0, 1.0, 1.0, 1.0, 1.0, 1.0, 1.0, 1.0, 1.0]","[1.0, 1.0, 1.0, 1.0, 1.0, 1.0, 1.0, 1.0, 1.0, 1.0]","[1.0, 1.0, 1.0, 1.0, 1.0, 1.0, 1.0, 1.0, 1.0, 1.0]","[1.0, 1.0, 1.0, 1.0, 1.0, 1.0, 1.0, 1.0, 1.0, 1.0]","[1.0, 1.0, 1.0, 1.0, 1.0, 1.0, 1.0, 1.0, 1.0, 1.0]","[1.0, 1.0, 1.0, 1.0, 1.0, 1.0, 1.0, 1.0, 1.0, 1.0]","[1.0, 1.0, 1.0, 1.0, 1.0, 1.0, 1.0, 1.0, 1.0, 1.0]","[1.0, 1.0, 1.0, 1.0, 1.0, 1.0, 1.0, 1.0, 1.0, 1.0]","[1.0, 1.0, 1.0, 1.0, 1.0, 1.0, 1.0, 1.0, 1.0, 1.0]","[array([[100,   0,   0,   0],
       [  0,  85,   0,   0],
       [  0,   0,  89,   0],
       [  0,   0,   0, 134]]), array([[100,   0,   0,   0],
       [  0,  85,   0,   0],
       [  0,   0,  89,   0],
       [  0,   0,   0, 134]]), array([[101,   0,   0,   0],
       [  0,  84,   0,   0],
       [  0,   0,  89,   0],
       [  0,   0,   0, 134]]), array([[101,   0,   0,   0],
       [  0,  84,   0,   0],
       [  0,   0,  89,   0],
       [  0,   0,   0, 134]]), array([[101,   0,   0,   0],
       [  0,  84,   0,   0],
       [  0,   0,  89,   0],
       [  0,   0,   0, 135]]), array([[101,   0,   0,   0],
       [  0,  84,   0,   0],
       [  0,   0,  90,   0],
       [  0,   0,   0, 134]]), array([[101,   0,   0,   0],
       [  0,  85,   0,   0],
       [  0,   0,  89,   0],
       [  0,   0,   0, 134]]), array([[101,   0,   0,   0],
       [  0,  85,   0,   0],
       [  0,   0,  89,   0],
       [  0,   0,   0, 134]]), array([[101,   0,   0,   0],
       [  0,  85,   0,   0],
       [  0,   0,  89,   0],
       [  0,   0,   0, 134]]), array([[101,   0,   0,   0],
       [  0,  85,   0,   0],
       [  0,   0,  89,   0],
       [  0,   0,   0, 134]])]","[0.6956521739130435, 0.8043478260869565, 0.6956521739130435, 0.8043478260869565, 0.6666666666666666, 0.8, 0.7333333333333333, 0.8, 0.7777777777777778, 0.7777777777777778]","[0.6956521739130435, 0.8043478260869565, 0.6956521739130435, 0.8043478260869565, 0.6666666666666666, 0.8, 0.7333333333333333, 0.8, 0.7777777777777778, 0.7777777777777778]","[0.6956521739130435, 0.8043478260869565, 0.6956521739130435, 0.8043478260869565, 0.6666666666666666, 0.8, 0.7333333333333333, 0.8, 0.7777777777777778, 0.7777777777777778]","[0.6956521739130435, 0.8043478260869565, 0.6956521739130435, 0.8043478260869565, 0.6666666666666666, 0.8000000000000002, 0.7333333333333333, 0.8000000000000002, 0.7777777777777778, 0.7777777777777778]","[0.7508753501400561, 0.8320494864612511, 0.6984962406015037, 0.8447712418300652, 0.676984126984127, 0.8492647058823529, 0.7218253968253968, 0.8465277777777778, 0.7844742063492064, 0.8187988482106129]","[0.6749999999999999, 0.7875, 0.6628787878787878, 0.7856060606060606, 0.6487012987012987, 0.7777777777777777, 0.6934343434343435, 0.7694444444444444, 0.7578282828282829, 0.7573232323232323]","[0.6634012539184952, 0.798873987854251, 0.6554298642533937, 0.7882506747638326, 0.6207654414550966, 0.7709745188397941, 0.6754545454545455, 0.7719502719502719, 0.7605546123372948, 0.7587568681318682]","[0.739526245280721, 0.8190638574270288, 0.700523046747303, 0.838590508667235, 0.6839506172839507, 0.8470588235294118, 0.7275132275132276, 0.832962962962963, 0.784942680776014, 0.8059509118332646]","[0.6956521739130435, 0.8043478260869565, 0.6956521739130435, 0.8043478260869565, 0.6666666666666666, 0.8, 0.7333333333333333, 0.8, 0.7777777777777778, 0.7777777777777778]","[0.676945618100041, 0.8023862436190811, 0.6745032461144993, 0.7972664730387843, 0.6369584438549956, 0.7848287702177646, 0.7032727272727273, 0.7855823189156521, 0.7722014714204868, 0.7677197802197804]","[array([[12,  0,  0,  0],
       [ 5,  3,  0,  1],
       [ 0,  0,  7,  3],
       [ 0,  0,  5, 10]]), array([[11,  0,  0,  1],
       [ 3,  6,  0,  0],
       [ 0,  0,  7,  3],
       [ 0,  0,  2, 13]]), array([[ 9,  2,  0,  0],
       [ 6,  3,  0,  1],
       [ 0,  0,  6,  4],
       [ 0,  0,  1, 14]]), array([[10,  0,  1,  0],
       [ 4,  5,  0,  1],
       [ 0,  0,  8,  2],
       [ 1,  0,  0, 14]]), array([[10,  1,  0,  0],
       [ 8,  2,  0,  0],
       [ 0,  0,  7,  3],
       [ 0,  0,  3, 11]]), array([[11,  0,  0,  0],
       [ 6,  4,  0,  0],
       [ 0,  0,  7,  2],
       [ 0,  0,  1, 14]]), array([[ 9,  1,  1,  0],
       [ 5,  2,  0,  2],
       [ 0,  0,  8,  2],
       [ 0,  0,  1, 14]]), array([[11,  0,  0,  0],
       [ 4,  4,  0,  1],
       [ 0,  0,  7,  3],
       [ 0,  0,  1, 14]]), array([[10,  1,  0,  0],
       [ 4,  5,  0,  0],
       [ 0,  0,  7,  3],
       [ 0,  0,  2, 13]]), array([[ 9,  0,  0,  2],
       [ 4,  4,  0,  1],
       [ 0,  0,  9,  1],
       [ 0,  0,  2, 13]])]"
34,"[1.0, 1.0, 1.0, 1.0, 1.0, 1.0, 1.0, 1.0, 1.0, 1.0]","[1.0, 1.0, 1.0, 1.0, 1.0, 1.0, 1.0, 1.0, 1.0, 1.0]","[1.0, 1.0, 1.0, 1.0, 1.0, 1.0, 1.0, 1.0, 1.0, 1.0]","[1.0, 1.0, 1.0, 1.0, 1.0, 1.0, 1.0, 1.0, 1.0, 1.0]","[1.0, 1.0, 1.0, 1.0, 1.0, 1.0, 1.0, 1.0, 1.0, 1.0]","[1.0, 1.0, 1.0, 1.0, 1.0, 1.0, 1.0, 1.0, 1.0, 1.0]","[1.0, 1.0, 1.0, 1.0, 1.0, 1.0, 1.0, 1.0, 1.0, 1.0]","[1.0, 1.0, 1.0, 1.0, 1.0, 1.0, 1.0, 1.0, 1.0, 1.0]","[1.0, 1.0, 1.0, 1.0, 1.0, 1.0, 1.0, 1.0, 1.0, 1.0]","[1.0, 1.0, 1.0, 1.0, 1.0, 1.0, 1.0, 1.0, 1.0, 1.0]","[array([[100,   0,   0,   0],
       [  0,  85,   0,   0],
       [  0,   0,  89,   0],
       [  0,   0,   0, 134]]), array([[100,   0,   0,   0],
       [  0,  85,   0,   0],
       [  0,   0,  89,   0],
       [  0,   0,   0, 134]]), array([[101,   0,   0,   0],
       [  0,  84,   0,   0],
       [  0,   0,  89,   0],
       [  0,   0,   0, 134]]), array([[101,   0,   0,   0],
       [  0,  84,   0,   0],
       [  0,   0,  89,   0],
       [  0,   0,   0, 134]]), array([[101,   0,   0,   0],
       [  0,  84,   0,   0],
       [  0,   0,  89,   0],
       [  0,   0,   0, 135]]), array([[101,   0,   0,   0],
       [  0,  84,   0,   0],
       [  0,   0,  90,   0],
       [  0,   0,   0, 134]]), array([[101,   0,   0,   0],
       [  0,  85,   0,   0],
       [  0,   0,  89,   0],
       [  0,   0,   0, 134]]), array([[101,   0,   0,   0],
       [  0,  85,   0,   0],
       [  0,   0,  89,   0],
       [  0,   0,   0, 134]]), array([[101,   0,   0,   0],
       [  0,  85,   0,   0],
       [  0,   0,  89,   0],
       [  0,   0,   0, 134]]), array([[101,   0,   0,   0],
       [  0,  85,   0,   0],
       [  0,   0,  89,   0],
       [  0,   0,   0, 134]])]","[0.6956521739130435, 0.782608695652174, 0.6956521739130435, 0.782608695652174, 0.6888888888888889, 0.8, 0.7111111111111111, 0.8222222222222222, 0.7777777777777778, 0.7777777777777778]","[0.6956521739130435, 0.782608695652174, 0.6956521739130435, 0.782608695652174, 0.6888888888888889, 0.8, 0.7111111111111111, 0.8222222222222222, 0.7777777777777778, 0.7777777777777778]","[0.6956521739130435, 0.782608695652174, 0.6956521739130435, 0.782608695652174, 0.6888888888888889, 0.8, 0.7111111111111111, 0.8222222222222222, 0.7777777777777778, 0.7777777777777778]","[0.6956521739130435, 0.782608695652174, 0.6956521739130435, 0.782608695652174, 0.6888888888888889, 0.8000000000000002, 0.7111111111111111, 0.8222222222222222, 0.7777777777777778, 0.7777777777777778]","[0.7508753501400561, 0.818954248366013, 0.6984962406015037, 0.829861111111111, 0.7059873949579831, 0.8492647058823529, 0.7060359231411864, 0.8596230158730158, 0.7844742063492064, 0.8187988482106129]","[0.6749999999999999, 0.7597222222222223, 0.6628787878787878, 0.7606060606060607, 0.6737012987012987, 0.7777777777777777, 0.6684343434343434, 0.7972222222222223, 0.7578282828282829, 0.7573232323232323]","[0.6634012539184952, 0.7696106585909217, 0.6554298642533937, 0.7655400155400155, 0.6571428571428571, 0.7709745188397941, 0.6534262125902992, 0.8051370851370852, 0.7605546123372948, 0.7587568681318682]","[0.739526245280721, 0.8053992611537367, 0.700523046747303, 0.8206521739130435, 0.7104575163398692, 0.8470588235294118, 0.7089297317367493, 0.8457671957671958, 0.784942680776014, 0.8059509118332646]","[0.6956521739130435, 0.782608695652174, 0.6956521739130435, 0.782608695652174, 0.6888888888888889, 0.8, 0.7111111111111111, 0.8222222222222222, 0.7777777777777778, 0.7777777777777778]","[0.676945618100041, 0.7774406578039301, 0.6745032461144993, 0.7746359920272963, 0.6698412698412698, 0.7848287702177646, 0.6809191606467148, 0.8136360429693763, 0.7722014714204868, 0.7677197802197804]","[array([[12,  0,  0,  0],
       [ 5,  3,  0,  1],
       [ 0,  0,  7,  3],
       [ 0,  0,  5, 10]]), array([[11,  0,  0,  1],
       [ 4,  5,  0,  0],
       [ 0,  0,  7,  3],
       [ 0,  0,  2, 13]]), array([[ 9,  2,  0,  0],
       [ 6,  3,  0,  1],
       [ 0,  0,  6,  4],
       [ 0,  0,  1, 14]]), array([[10,  0,  1,  0],
       [ 4,  5,  0,  1],
       [ 0,  0,  7,  3],
       [ 1,  0,  0, 14]]), array([[10,  1,  0,  0],
       [ 7,  3,  0,  0],
       [ 0,  0,  7,  3],
       [ 0,  0,  3, 11]]), array([[11,  0,  0,  0],
       [ 6,  4,  0,  0],
       [ 0,  0,  7,  2],
       [ 0,  0,  1, 14]]), array([[ 9,  1,  1,  0],
       [ 5,  2,  0,  2],
       [ 0,  0,  7,  3],
       [ 0,  0,  1, 14]]), array([[11,  0,  0,  0],
       [ 3,  5,  0,  1],
       [ 0,  0,  7,  3],
       [ 0,  0,  1, 14]]), array([[10,  1,  0,  0],
       [ 4,  5,  0,  0],
       [ 0,  0,  7,  3],
       [ 0,  0,  2, 13]]), array([[ 9,  0,  0,  2],
       [ 4,  4,  0,  1],
       [ 0,  0,  9,  1],
       [ 0,  0,  2, 13]])]"
35,"[1.0, 1.0, 1.0, 1.0, 1.0, 1.0, 1.0, 1.0, 1.0, 1.0]","[1.0, 1.0, 1.0, 1.0, 1.0, 1.0, 1.0, 1.0, 1.0, 1.0]","[1.0, 1.0, 1.0, 1.0, 1.0, 1.0, 1.0, 1.0, 1.0, 1.0]","[1.0, 1.0, 1.0, 1.0, 1.0, 1.0, 1.0, 1.0, 1.0, 1.0]","[1.0, 1.0, 1.0, 1.0, 1.0, 1.0, 1.0, 1.0, 1.0, 1.0]","[1.0, 1.0, 1.0, 1.0, 1.0, 1.0, 1.0, 1.0, 1.0, 1.0]","[1.0, 1.0, 1.0, 1.0, 1.0, 1.0, 1.0, 1.0, 1.0, 1.0]","[1.0, 1.0, 1.0, 1.0, 1.0, 1.0, 1.0, 1.0, 1.0, 1.0]","[1.0, 1.0, 1.0, 1.0, 1.0, 1.0, 1.0, 1.0, 1.0, 1.0]","[1.0, 1.0, 1.0, 1.0, 1.0, 1.0, 1.0, 1.0, 1.0, 1.0]","[array([[100,   0,   0,   0],
       [  0,  85,   0,   0],
       [  0,   0,  89,   0],
       [  0,   0,   0, 134]]), array([[100,   0,   0,   0],
       [  0,  85,   0,   0],
       [  0,   0,  89,   0],
       [  0,   0,   0, 134]]), array([[101,   0,   0,   0],
       [  0,  84,   0,   0],
       [  0,   0,  89,   0],
       [  0,   0,   0, 134]]), array([[101,   0,   0,   0],
       [  0,  84,   0,   0],
       [  0,   0,  89,   0],
       [  0,   0,   0, 134]]), array([[101,   0,   0,   0],
       [  0,  84,   0,   0],
       [  0,   0,  89,   0],
       [  0,   0,   0, 135]]), array([[101,   0,   0,   0],
       [  0,  84,   0,   0],
       [  0,   0,  90,   0],
       [  0,   0,   0, 134]]), array([[101,   0,   0,   0],
       [  0,  85,   0,   0],
       [  0,   0,  89,   0],
       [  0,   0,   0, 134]]), array([[101,   0,   0,   0],
       [  0,  85,   0,   0],
       [  0,   0,  89,   0],
       [  0,   0,   0, 134]]), array([[101,   0,   0,   0],
       [  0,  85,   0,   0],
       [  0,   0,  89,   0],
       [  0,   0,   0, 134]]), array([[101,   0,   0,   0],
       [  0,  85,   0,   0],
       [  0,   0,  89,   0],
       [  0,   0,   0, 134]])]","[0.6956521739130435, 0.8043478260869565, 0.6956521739130435, 0.8043478260869565, 0.6888888888888889, 0.8, 0.7111111111111111, 0.8444444444444444, 0.8, 0.7777777777777778]","[0.6956521739130435, 0.8043478260869565, 0.6956521739130435, 0.8043478260869565, 0.6888888888888889, 0.8, 0.7111111111111111, 0.8444444444444444, 0.8, 0.7777777777777778]","[0.6956521739130435, 0.8043478260869565, 0.6956521739130435, 0.8043478260869565, 0.6888888888888889, 0.8, 0.7111111111111111, 0.8444444444444444, 0.8, 0.7777777777777778]","[0.6956521739130435, 0.8043478260869565, 0.6956521739130435, 0.8043478260869565, 0.6888888888888889, 0.8000000000000002, 0.7111111111111111, 0.8444444444444444, 0.8000000000000002, 0.7777777777777778]","[0.7508753501400561, 0.8320494864612511, 0.6984962406015037, 0.8447712418300652, 0.7, 0.8492647058823529, 0.7060359231411864, 0.8745331465919701, 0.8035714285714286, 0.8187988482106129]","[0.6749999999999999, 0.7875, 0.6628787878787878, 0.7856060606060606, 0.6665584415584416, 0.7777777777777777, 0.6684343434343434, 0.8222222222222222, 0.7828282828282828, 0.7573232323232323]","[0.6634012539184952, 0.798873987854251, 0.6554298642533937, 0.7882506747638326, 0.6404439480664526, 0.7709745188397941, 0.6534262125902992, 0.8278477443609022, 0.7833333333333334, 0.7587568681318682]","[0.739526245280721, 0.8190638574270288, 0.700523046747303, 0.838590508667235, 0.7056790123456791, 0.8470588235294118, 0.7089297317367493, 0.8641041601825915, 0.8079365079365081, 0.8059509118332646]","[0.6956521739130435, 0.8043478260869565, 0.6956521739130435, 0.8043478260869565, 0.6888888888888889, 0.8, 0.7111111111111111, 0.8444444444444444, 0.8, 0.7777777777777778]","[0.676945618100041, 0.8023862436190811, 0.6745032461144993, 0.7972664730387843, 0.6581723982812911, 0.7848287702177646, 0.6809191606467148, 0.8367694235588973, 0.7955555555555557, 0.7677197802197804]","[array([[12,  0,  0,  0],
       [ 5,  3,  0,  1],
       [ 0,  0,  7,  3],
       [ 0,  0,  5, 10]]), array([[11,  0,  0,  1],
       [ 3,  6,  0,  0],
       [ 0,  0,  7,  3],
       [ 0,  0,  2, 13]]), array([[ 9,  2,  0,  0],
       [ 6,  3,  0,  1],
       [ 0,  0,  6,  4],
       [ 0,  0,  1, 14]]), array([[10,  0,  1,  0],
       [ 4,  5,  0,  1],
       [ 0,  0,  8,  2],
       [ 1,  0,  0, 14]]), array([[10,  1,  0,  0],
       [ 8,  2,  0,  0],
       [ 0,  0,  7,  3],
       [ 0,  0,  2, 12]]), array([[11,  0,  0,  0],
       [ 6,  4,  0,  0],
       [ 0,  0,  7,  2],
       [ 0,  0,  1, 14]]), array([[ 9,  1,  1,  0],
       [ 5,  2,  0,  2],
       [ 0,  0,  7,  3],
       [ 0,  0,  1, 14]]), array([[11,  0,  0,  0],
       [ 3,  5,  0,  1],
       [ 0,  0,  8,  2],
       [ 0,  0,  1, 14]]), array([[10,  1,  0,  0],
       [ 4,  5,  0,  0],
       [ 0,  0,  8,  2],
       [ 0,  0,  2, 13]]), array([[ 9,  0,  0,  2],
       [ 4,  4,  0,  1],
       [ 0,  0,  9,  1],
       [ 0,  0,  2, 13]])]"
36,"[1.0, 1.0, 1.0, 1.0, 1.0, 1.0, 1.0, 1.0, 1.0, 1.0]","[1.0, 1.0, 1.0, 1.0, 1.0, 1.0, 1.0, 1.0, 1.0, 1.0]","[1.0, 1.0, 1.0, 1.0, 1.0, 1.0, 1.0, 1.0, 1.0, 1.0]","[1.0, 1.0, 1.0, 1.0, 1.0, 1.0, 1.0, 1.0, 1.0, 1.0]","[1.0, 1.0, 1.0, 1.0, 1.0, 1.0, 1.0, 1.0, 1.0, 1.0]","[1.0, 1.0, 1.0, 1.0, 1.0, 1.0, 1.0, 1.0, 1.0, 1.0]","[1.0, 1.0, 1.0, 1.0, 1.0, 1.0, 1.0, 1.0, 1.0, 1.0]","[1.0, 1.0, 1.0, 1.0, 1.0, 1.0, 1.0, 1.0, 1.0, 1.0]","[1.0, 1.0, 1.0, 1.0, 1.0, 1.0, 1.0, 1.0, 1.0, 1.0]","[1.0, 1.0, 1.0, 1.0, 1.0, 1.0, 1.0, 1.0, 1.0, 1.0]","[array([[100,   0,   0,   0],
       [  0,  85,   0,   0],
       [  0,   0,  89,   0],
       [  0,   0,   0, 134]]), array([[100,   0,   0,   0],
       [  0,  85,   0,   0],
       [  0,   0,  89,   0],
       [  0,   0,   0, 134]]), array([[101,   0,   0,   0],
       [  0,  84,   0,   0],
       [  0,   0,  89,   0],
       [  0,   0,   0, 134]]), array([[101,   0,   0,   0],
       [  0,  84,   0,   0],
       [  0,   0,  89,   0],
       [  0,   0,   0, 134]]), array([[101,   0,   0,   0],
       [  0,  84,   0,   0],
       [  0,   0,  89,   0],
       [  0,   0,   0, 135]]), array([[101,   0,   0,   0],
       [  0,  84,   0,   0],
       [  0,   0,  90,   0],
       [  0,   0,   0, 134]]), array([[101,   0,   0,   0],
       [  0,  85,   0,   0],
       [  0,   0,  89,   0],
       [  0,   0,   0, 134]]), array([[101,   0,   0,   0],
       [  0,  85,   0,   0],
       [  0,   0,  89,   0],
       [  0,   0,   0, 134]]), array([[101,   0,   0,   0],
       [  0,  85,   0,   0],
       [  0,   0,  89,   0],
       [  0,   0,   0, 134]]), array([[101,   0,   0,   0],
       [  0,  85,   0,   0],
       [  0,   0,  89,   0],
       [  0,   0,   0, 134]])]","[0.6956521739130435, 0.782608695652174, 0.717391304347826, 0.8043478260869565, 0.6888888888888889, 0.8, 0.7333333333333333, 0.8444444444444444, 0.8222222222222222, 0.7777777777777778]","[0.6956521739130435, 0.782608695652174, 0.717391304347826, 0.8043478260869565, 0.6888888888888889, 0.8, 0.7333333333333333, 0.8444444444444444, 0.8222222222222222, 0.7777777777777778]","[0.6956521739130435, 0.782608695652174, 0.717391304347826, 0.8043478260869565, 0.6888888888888889, 0.8, 0.7333333333333333, 0.8444444444444444, 0.8222222222222222, 0.7777777777777778]","[0.6956521739130435, 0.782608695652174, 0.717391304347826, 0.8043478260869565, 0.6888888888888889, 0.8000000000000002, 0.7333333333333333, 0.8444444444444444, 0.8222222222222222, 0.7777777777777778]","[0.7508753501400561, 0.818954248366013, 0.7422462406015038, 0.8447712418300652, 0.7, 0.8492647058823529, 0.7953216374269005, 0.8745331465919701, 0.85, 0.8187988482106129]","[0.6749999999999999, 0.7597222222222223, 0.6856060606060606, 0.7856060606060606, 0.6665584415584416, 0.7777777777777777, 0.6911616161616161, 0.8222222222222222, 0.8055555555555556, 0.7573232323232323]","[0.6634012539184952, 0.7696106585909217, 0.6746809835045129, 0.7882506747638326, 0.6404439480664526, 0.7709745188397941, 0.6733096624737491, 0.8278477443609022, 0.8067765567765568, 0.7587568681318682]","[0.739526245280721, 0.8053992611537367, 0.7391100032690422, 0.838590508667235, 0.7056790123456791, 0.8470588235294118, 0.7814165042235217, 0.8641041601825915, 0.8459259259259259, 0.8059509118332646]","[0.6956521739130435, 0.782608695652174, 0.717391304347826, 0.8043478260869565, 0.6888888888888889, 0.8, 0.7333333333333333, 0.8444444444444444, 0.8222222222222222, 0.7777777777777778]","[0.676945618100041, 0.7774406578039301, 0.6922962421683649, 0.7972664730387843, 0.6581723982812911, 0.7848287702177646, 0.6990139547415087, 0.8367694235588973, 0.8163614163614163, 0.7677197802197804]","[array([[12,  0,  0,  0],
       [ 5,  3,  0,  1],
       [ 0,  0,  7,  3],
       [ 0,  0,  5, 10]]), array([[11,  0,  0,  1],
       [ 4,  5,  0,  0],
       [ 0,  0,  7,  3],
       [ 0,  0,  2, 13]]), array([[10,  1,  0,  0],
       [ 6,  3,  0,  1],
       [ 0,  0,  6,  4],
       [ 0,  0,  1, 14]]), array([[10,  0,  1,  0],
       [ 4,  5,  0,  1],
       [ 0,  0,  8,  2],
       [ 1,  0,  0, 14]]), array([[10,  1,  0,  0],
       [ 8,  2,  0,  0],
       [ 0,  0,  7,  3],
       [ 0,  0,  2, 12]]), array([[11,  0,  0,  0],
       [ 6,  4,  0,  0],
       [ 0,  0,  7,  2],
       [ 0,  0,  1, 14]]), array([[10,  0,  1,  0],
       [ 5,  2,  0,  2],
       [ 0,  0,  7,  3],
       [ 0,  0,  1, 14]]), array([[11,  0,  0,  0],
       [ 3,  5,  0,  1],
       [ 0,  0,  8,  2],
       [ 0,  0,  1, 14]]), array([[11,  0,  0,  0],
       [ 4,  5,  0,  0],
       [ 0,  0,  8,  2],
       [ 0,  0,  2, 13]]), array([[ 9,  0,  0,  2],
       [ 4,  4,  0,  1],
       [ 0,  0,  9,  1],
       [ 0,  0,  2, 13]])]"
37,"[1.0, 1.0, 1.0, 1.0, 1.0, 1.0, 1.0, 1.0, 1.0, 1.0]","[1.0, 1.0, 1.0, 1.0, 1.0, 1.0, 1.0, 1.0, 1.0, 1.0]","[1.0, 1.0, 1.0, 1.0, 1.0, 1.0, 1.0, 1.0, 1.0, 1.0]","[1.0, 1.0, 1.0, 1.0, 1.0, 1.0, 1.0, 1.0, 1.0, 1.0]","[1.0, 1.0, 1.0, 1.0, 1.0, 1.0, 1.0, 1.0, 1.0, 1.0]","[1.0, 1.0, 1.0, 1.0, 1.0, 1.0, 1.0, 1.0, 1.0, 1.0]","[1.0, 1.0, 1.0, 1.0, 1.0, 1.0, 1.0, 1.0, 1.0, 1.0]","[1.0, 1.0, 1.0, 1.0, 1.0, 1.0, 1.0, 1.0, 1.0, 1.0]","[1.0, 1.0, 1.0, 1.0, 1.0, 1.0, 1.0, 1.0, 1.0, 1.0]","[1.0, 1.0, 1.0, 1.0, 1.0, 1.0, 1.0, 1.0, 1.0, 1.0]","[array([[100,   0,   0,   0],
       [  0,  85,   0,   0],
       [  0,   0,  89,   0],
       [  0,   0,   0, 134]]), array([[100,   0,   0,   0],
       [  0,  85,   0,   0],
       [  0,   0,  89,   0],
       [  0,   0,   0, 134]]), array([[101,   0,   0,   0],
       [  0,  84,   0,   0],
       [  0,   0,  89,   0],
       [  0,   0,   0, 134]]), array([[101,   0,   0,   0],
       [  0,  84,   0,   0],
       [  0,   0,  89,   0],
       [  0,   0,   0, 134]]), array([[101,   0,   0,   0],
       [  0,  84,   0,   0],
       [  0,   0,  89,   0],
       [  0,   0,   0, 135]]), array([[101,   0,   0,   0],
       [  0,  84,   0,   0],
       [  0,   0,  90,   0],
       [  0,   0,   0, 134]]), array([[101,   0,   0,   0],
       [  0,  85,   0,   0],
       [  0,   0,  89,   0],
       [  0,   0,   0, 134]]), array([[101,   0,   0,   0],
       [  0,  85,   0,   0],
       [  0,   0,  89,   0],
       [  0,   0,   0, 134]]), array([[101,   0,   0,   0],
       [  0,  85,   0,   0],
       [  0,   0,  89,   0],
       [  0,   0,   0, 134]]), array([[101,   0,   0,   0],
       [  0,  85,   0,   0],
       [  0,   0,  89,   0],
       [  0,   0,   0, 134]])]","[0.717391304347826, 0.782608695652174, 0.7391304347826086, 0.8043478260869565, 0.7333333333333333, 0.8, 0.6666666666666666, 0.8444444444444444, 0.8, 0.7777777777777778]","[0.717391304347826, 0.782608695652174, 0.7391304347826086, 0.8043478260869565, 0.7333333333333333, 0.8, 0.6666666666666666, 0.8444444444444444, 0.8, 0.7777777777777778]","[0.717391304347826, 0.782608695652174, 0.7391304347826086, 0.8043478260869565, 0.7333333333333333, 0.8, 0.6666666666666666, 0.8444444444444444, 0.8, 0.7777777777777778]","[0.717391304347826, 0.782608695652174, 0.7391304347826085, 0.8043478260869565, 0.7333333333333333, 0.8000000000000002, 0.6666666666666666, 0.8444444444444444, 0.8000000000000002, 0.7777777777777778]","[0.7726244343891403, 0.818954248366013, 0.7569444444444444, 0.8447712418300652, 0.8090225563909775, 0.8492647058823529, 0.675219298245614, 0.8745331465919701, 0.8035714285714286, 0.8187988482106129]","[0.7, 0.7597222222222223, 0.7106060606060606, 0.7856060606060606, 0.7142857142857143, 0.7777777777777777, 0.6267676767676768, 0.8222222222222222, 0.7828282828282828, 0.7573232323232323]","[0.6843810237738273, 0.7696106585909217, 0.6988936988936988, 0.7882506747638326, 0.6809523809523811, 0.7709745188397941, 0.6142533936651584, 0.8278477443609022, 0.7833333333333334, 0.7587568681318682]","[0.764410781034822, 0.8053992611537367, 0.7563405797101449, 0.838590508667235, 0.8081871345029239, 0.8470588235294118, 0.6747368421052632, 0.8641041601825915, 0.8079365079365081, 0.8059509118332646]","[0.717391304347826, 0.782608695652174, 0.7391304347826086, 0.8043478260869565, 0.7333333333333333, 0.8, 0.6666666666666666, 0.8444444444444444, 0.8, 0.7777777777777778]","[0.6978661290472776, 0.7774406578039301, 0.7160633247589768, 0.7972664730387843, 0.6977777777777778, 0.7848287702177646, 0.6389475448298978, 0.8367694235588973, 0.7955555555555557, 0.7677197802197804]","[array([[12,  0,  0,  0],
       [ 5,  3,  0,  1],
       [ 0,  0,  8,  2],
       [ 0,  0,  5, 10]]), array([[11,  0,  0,  1],
       [ 4,  5,  0,  0],
       [ 0,  0,  7,  3],
       [ 0,  0,  2, 13]]), array([[10,  1,  0,  0],
       [ 6,  3,  0,  1],
       [ 0,  0,  7,  3],
       [ 0,  0,  1, 14]]), array([[10,  0,  1,  0],
       [ 4,  5,  0,  1],
       [ 0,  0,  8,  2],
       [ 1,  0,  0, 14]]), array([[11,  0,  0,  0],
       [ 8,  2,  0,  0],
       [ 0,  0,  8,  2],
       [ 0,  0,  2, 12]]), array([[11,  0,  0,  0],
       [ 6,  4,  0,  0],
       [ 0,  0,  7,  2],
       [ 0,  0,  1, 14]]), array([[ 9,  1,  1,  0],
       [ 5,  2,  0,  2],
       [ 0,  0,  6,  4],
       [ 1,  0,  1, 13]]), array([[11,  0,  0,  0],
       [ 3,  5,  0,  1],
       [ 0,  0,  8,  2],
       [ 0,  0,  1, 14]]), array([[10,  1,  0,  0],
       [ 4,  5,  0,  0],
       [ 0,  0,  8,  2],
       [ 0,  0,  2, 13]]), array([[ 9,  0,  0,  2],
       [ 4,  4,  0,  1],
       [ 0,  0,  9,  1],
       [ 0,  0,  2, 13]])]"
38,"[1.0, 1.0, 1.0, 1.0, 1.0, 1.0, 1.0, 1.0, 1.0, 1.0]","[1.0, 1.0, 1.0, 1.0, 1.0, 1.0, 1.0, 1.0, 1.0, 1.0]","[1.0, 1.0, 1.0, 1.0, 1.0, 1.0, 1.0, 1.0, 1.0, 1.0]","[1.0, 1.0, 1.0, 1.0, 1.0, 1.0, 1.0, 1.0, 1.0, 1.0]","[1.0, 1.0, 1.0, 1.0, 1.0, 1.0, 1.0, 1.0, 1.0, 1.0]","[1.0, 1.0, 1.0, 1.0, 1.0, 1.0, 1.0, 1.0, 1.0, 1.0]","[1.0, 1.0, 1.0, 1.0, 1.0, 1.0, 1.0, 1.0, 1.0, 1.0]","[1.0, 1.0, 1.0, 1.0, 1.0, 1.0, 1.0, 1.0, 1.0, 1.0]","[1.0, 1.0, 1.0, 1.0, 1.0, 1.0, 1.0, 1.0, 1.0, 1.0]","[1.0, 1.0, 1.0, 1.0, 1.0, 1.0, 1.0, 1.0, 1.0, 1.0]","[array([[100,   0,   0,   0],
       [  0,  85,   0,   0],
       [  0,   0,  89,   0],
       [  0,   0,   0, 134]]), array([[100,   0,   0,   0],
       [  0,  85,   0,   0],
       [  0,   0,  89,   0],
       [  0,   0,   0, 134]]), array([[101,   0,   0,   0],
       [  0,  84,   0,   0],
       [  0,   0,  89,   0],
       [  0,   0,   0, 134]]), array([[101,   0,   0,   0],
       [  0,  84,   0,   0],
       [  0,   0,  89,   0],
       [  0,   0,   0, 134]]), array([[101,   0,   0,   0],
       [  0,  84,   0,   0],
       [  0,   0,  89,   0],
       [  0,   0,   0, 135]]), array([[101,   0,   0,   0],
       [  0,  84,   0,   0],
       [  0,   0,  90,   0],
       [  0,   0,   0, 134]]), array([[101,   0,   0,   0],
       [  0,  85,   0,   0],
       [  0,   0,  89,   0],
       [  0,   0,   0, 134]]), array([[101,   0,   0,   0],
       [  0,  85,   0,   0],
       [  0,   0,  89,   0],
       [  0,   0,   0, 134]]), array([[101,   0,   0,   0],
       [  0,  85,   0,   0],
       [  0,   0,  89,   0],
       [  0,   0,   0, 134]]), array([[101,   0,   0,   0],
       [  0,  85,   0,   0],
       [  0,   0,  89,   0],
       [  0,   0,   0, 134]])]","[0.6956521739130435, 0.782608695652174, 0.6956521739130435, 0.8043478260869565, 0.7111111111111111, 0.7777777777777778, 0.6888888888888889, 0.8222222222222222, 0.8222222222222222, 0.7777777777777778]","[0.6956521739130435, 0.782608695652174, 0.6956521739130435, 0.8043478260869565, 0.7111111111111111, 0.7777777777777778, 0.6888888888888889, 0.8222222222222222, 0.8222222222222222, 0.7777777777777778]","[0.6956521739130435, 0.782608695652174, 0.6956521739130435, 0.8043478260869565, 0.7111111111111111, 0.7777777777777778, 0.6888888888888889, 0.8222222222222222, 0.8222222222222222, 0.7777777777777778]","[0.6956521739130435, 0.782608695652174, 0.6956521739130435, 0.8043478260869565, 0.7111111111111111, 0.7777777777777778, 0.6888888888888889, 0.8222222222222222, 0.8222222222222222, 0.7777777777777778]","[0.7508753501400561, 0.818954248366013, 0.7270833333333333, 0.8447712418300652, 0.7198412698412698, 0.8308823529411764, 0.6898809523809524, 0.8614379084967321, 0.85, 0.8187988482106129]","[0.6749999999999999, 0.7597222222222223, 0.6606060606060606, 0.7856060606060606, 0.6915584415584416, 0.755050505050505, 0.6434343434343435, 0.7944444444444445, 0.8055555555555556, 0.7573232323232323]","[0.6634012539184952, 0.7696106585909217, 0.6485780423280423, 0.7882506747638326, 0.6636225843122395, 0.7526746809835045, 0.63, 0.794660931174089, 0.8067765567765568, 0.7587568681318682]","[0.739526245280721, 0.8053992611537367, 0.7219202898550725, 0.838590508667235, 0.7283950617283951, 0.8245098039215686, 0.6904761904761905, 0.8512999273783587, 0.8459259259259259, 0.8059509118332646]","[0.6956521739130435, 0.782608695652174, 0.6956521739130435, 0.8043478260869565, 0.7111111111111111, 0.7777777777777778, 0.6888888888888889, 0.8222222222222222, 0.8222222222222222, 0.7777777777777778]","[0.676945618100041, 0.7774406578039301, 0.6670404876926616, 0.7972664730387843, 0.6814028882994401, 0.7644266348514714, 0.6574814814814814, 0.8087156995051732, 0.8163614163614163, 0.7677197802197804]","[array([[12,  0,  0,  0],
       [ 5,  3,  0,  1],
       [ 0,  0,  7,  3],
       [ 0,  0,  5, 10]]), array([[11,  0,  0,  1],
       [ 4,  5,  0,  0],
       [ 0,  0,  7,  3],
       [ 0,  0,  2, 13]]), array([[10,  1,  0,  0],
       [ 6,  3,  0,  1],
       [ 0,  0,  5,  5],
       [ 0,  0,  1, 14]]), array([[10,  0,  1,  0],
       [ 4,  5,  0,  1],
       [ 0,  0,  8,  2],
       [ 1,  0,  0, 14]]), array([[10,  1,  0,  0],
       [ 8,  2,  0,  0],
       [ 0,  0,  8,  2],
       [ 0,  0,  2, 12]]), array([[10,  0,  0,  1],
       [ 6,  4,  0,  0],
       [ 0,  0,  7,  2],
       [ 0,  0,  1, 14]]), array([[ 9,  1,  1,  0],
       [ 5,  2,  0,  2],
       [ 0,  0,  6,  4],
       [ 0,  0,  1, 14]]), array([[11,  0,  0,  0],
       [ 4,  4,  0,  1],
       [ 0,  0,  8,  2],
       [ 0,  0,  1, 14]]), array([[11,  0,  0,  0],
       [ 4,  5,  0,  0],
       [ 0,  0,  8,  2],
       [ 0,  0,  2, 13]]), array([[ 9,  0,  0,  2],
       [ 4,  4,  0,  1],
       [ 0,  0,  9,  1],
       [ 0,  0,  2, 13]])]"
