n_neighbors value,Train_Accuracy,Train_Precision_micro,Train_Recall_micro,Train_f1_micro,Train_Precision_macro,Train_Recall_macro,Train_f1_macro,Train_Precision_weighted,Train_Recall_weighted,Train_f1_weighted,Train_Confusion_Matrix,Test_Accuracy,Test_Precision_micro,Test_Recall_micro,Test_f1_micro,Test_Precision_macro,Test_Recall_macro,Test_f1_macro,Test_Precision_weighted,Test_Recall_weighted,Test_f1_weighted,Test_Confusion_Matrix
1,"[1.0, 1.0, 1.0, 1.0, 1.0, 1.0, 1.0, 1.0, 1.0, 1.0]","[1.0, 1.0, 1.0, 1.0, 1.0, 1.0, 1.0, 1.0, 1.0, 1.0]","[1.0, 1.0, 1.0, 1.0, 1.0, 1.0, 1.0, 1.0, 1.0, 1.0]","[1.0, 1.0, 1.0, 1.0, 1.0, 1.0, 1.0, 1.0, 1.0, 1.0]","[1.0, 1.0, 1.0, 1.0, 1.0, 1.0, 1.0, 1.0, 1.0, 1.0]","[1.0, 1.0, 1.0, 1.0, 1.0, 1.0, 1.0, 1.0, 1.0, 1.0]","[1.0, 1.0, 1.0, 1.0, 1.0, 1.0, 1.0, 1.0, 1.0, 1.0]","[1.0, 1.0, 1.0, 1.0, 1.0, 1.0, 1.0, 1.0, 1.0, 1.0]","[1.0, 1.0, 1.0, 1.0, 1.0, 1.0, 1.0, 1.0, 1.0, 1.0]","[1.0, 1.0, 1.0, 1.0, 1.0, 1.0, 1.0, 1.0, 1.0, 1.0]","[array([[100,   0,   0,   0],
       [  0, 134,   0,   0],
       [  0,   0,  89,   0],
       [  0,   0,   0, 134]]), array([[100,   0,   0,   0],
       [  0, 134,   0,   0],
       [  0,   0,  89,   0],
       [  0,   0,   0, 134]]), array([[101,   0,   0,   0],
       [  0, 134,   0,   0],
       [  0,   0,  89,   0],
       [  0,   0,   0, 134]]), array([[101,   0,   0,   0],
       [  0, 134,   0,   0],
       [  0,   0,  89,   0],
       [  0,   0,   0, 134]]), array([[101,   0,   0,   0],
       [  0, 135,   0,   0],
       [  0,   0,  89,   0],
       [  0,   0,   0, 135]]), array([[101,   0,   0,   0],
       [  0, 134,   0,   0],
       [  0,   0,  90,   0],
       [  0,   0,   0, 134]]), array([[101,   0,   0,   0],
       [  0, 134,   0,   0],
       [  0,   0,  89,   0],
       [  0,   0,   0, 134]]), array([[101,   0,   0,   0],
       [  0, 134,   0,   0],
       [  0,   0,  89,   0],
       [  0,   0,   0, 134]]), array([[101,   0,   0,   0],
       [  0, 134,   0,   0],
       [  0,   0,  89,   0],
       [  0,   0,   0, 134]]), array([[101,   0,   0,   0],
       [  0, 134,   0,   0],
       [  0,   0,  89,   0],
       [  0,   0,   0, 134]])]","[0.6956521739130435, 0.8043478260869565, 0.8478260869565217, 0.782608695652174, 0.8222222222222222, 0.8, 0.7111111111111111, 0.7555555555555555, 0.7555555555555555, 0.7555555555555555]","[0.6956521739130435, 0.8043478260869565, 0.8478260869565217, 0.782608695652174, 0.8222222222222222, 0.8, 0.7111111111111111, 0.7555555555555555, 0.7555555555555555, 0.7555555555555555]","[0.6956521739130435, 0.8043478260869565, 0.8478260869565217, 0.782608695652174, 0.8222222222222222, 0.8, 0.7111111111111111, 0.7555555555555555, 0.7555555555555555, 0.7555555555555555]","[0.6956521739130435, 0.8043478260869565, 0.8478260869565217, 0.782608695652174, 0.8222222222222222, 0.8, 0.7111111111111111, 0.7555555555555555, 0.7555555555555555, 0.7555555555555555]","[0.6913919413919414, 0.805078255078255, 0.8462121212121213, 0.7930021367521367, 0.8250811688311689, 0.7968559218559218, 0.7400568181818181, 0.7652777777777777, 0.8093341503267973, 0.7642857142857142]","[0.686111111111111, 0.7916666666666666, 0.8462121212121213, 0.7772727272727271, 0.8188311688311688, 0.8, 0.7118686868686869, 0.7361111111111112, 0.725, 0.7462121212121211]","[0.6781254976907151, 0.7946428571428571, 0.8452380952380952, 0.7805366911903415, 0.8186680469289165, 0.7960148215366001, 0.7135304659498207, 0.7321545178081681, 0.7153165170991996, 0.7517005610098177]","[0.7013855709507884, 0.8090822221257004, 0.8496047430830039, 0.7878112225938313, 0.8262626262626263, 0.799606566273233, 0.7422979797979798, 0.7620987654320988, 0.8018427741466957, 0.7603174603174604]","[0.6956521739130435, 0.8043478260869565, 0.8478260869565217, 0.782608695652174, 0.8222222222222222, 0.8, 0.7111111111111111, 0.7555555555555555, 0.7555555555555555, 0.7555555555555555]","[0.6891647105257691, 0.8036749482401657, 0.8478260869565217, 0.7809949722365757, 0.8212867111417836, 0.7974154735497748, 0.7148307447232178, 0.742930527310833, 0.7353760745950899, 0.7549244195106749]","[array([[10,  1,  1,  0],
       [ 4,  4,  0,  1],
       [ 0,  0,  8,  2],
       [ 0,  1,  4, 10]]), array([[10,  1,  1,  0],
       [ 3,  6,  0,  0],
       [ 0,  0,  8,  2],
       [ 0,  0,  2, 13]]), array([[ 9,  2,  0,  0],
       [ 1,  9,  0,  0],
       [ 0,  0,  8,  2],
       [ 0,  0,  2, 13]]), array([[10,  1,  0,  0],
       [ 2,  7,  0,  1],
       [ 0,  0,  7,  3],
       [ 1,  1,  1, 12]]), array([[ 9,  1,  0,  1],
       [ 3,  7,  0,  0],
       [ 0,  0,  9,  1],
       [ 0,  0,  2, 12]]), array([[11,  0,  0,  0],
       [ 2,  8,  0,  0],
       [ 0,  0,  6,  3],
       [ 0,  1,  3, 11]]), array([[ 7,  3,  1,  0],
       [ 0,  7,  0,  2],
       [ 0,  0,  7,  3],
       [ 0,  1,  3, 11]]), array([[11,  0,  0,  0],
       [ 4,  4,  0,  1],
       [ 0,  0,  7,  3],
       [ 0,  1,  2, 12]]), array([[11,  0,  0,  0],
       [ 6,  3,  0,  0],
       [ 0,  0,  7,  3],
       [ 0,  0,  2, 13]]), array([[ 9,  1,  0,  1],
       [ 2,  6,  0,  1],
       [ 1,  0,  7,  2],
       [ 0,  0,  3, 12]])]"
2,"[1.0, 1.0, 1.0, 1.0, 1.0, 1.0, 1.0, 1.0, 1.0, 1.0]","[1.0, 1.0, 1.0, 1.0, 1.0, 1.0, 1.0, 1.0, 1.0, 1.0]","[1.0, 1.0, 1.0, 1.0, 1.0, 1.0, 1.0, 1.0, 1.0, 1.0]","[1.0, 1.0, 1.0, 1.0, 1.0, 1.0, 1.0, 1.0, 1.0, 1.0]","[1.0, 1.0, 1.0, 1.0, 1.0, 1.0, 1.0, 1.0, 1.0, 1.0]","[1.0, 1.0, 1.0, 1.0, 1.0, 1.0, 1.0, 1.0, 1.0, 1.0]","[1.0, 1.0, 1.0, 1.0, 1.0, 1.0, 1.0, 1.0, 1.0, 1.0]","[1.0, 1.0, 1.0, 1.0, 1.0, 1.0, 1.0, 1.0, 1.0, 1.0]","[1.0, 1.0, 1.0, 1.0, 1.0, 1.0, 1.0, 1.0, 1.0, 1.0]","[1.0, 1.0, 1.0, 1.0, 1.0, 1.0, 1.0, 1.0, 1.0, 1.0]","[array([[100,   0,   0,   0],
       [  0, 134,   0,   0],
       [  0,   0,  89,   0],
       [  0,   0,   0, 134]]), array([[100,   0,   0,   0],
       [  0, 134,   0,   0],
       [  0,   0,  89,   0],
       [  0,   0,   0, 134]]), array([[101,   0,   0,   0],
       [  0, 134,   0,   0],
       [  0,   0,  89,   0],
       [  0,   0,   0, 134]]), array([[101,   0,   0,   0],
       [  0, 134,   0,   0],
       [  0,   0,  89,   0],
       [  0,   0,   0, 134]]), array([[101,   0,   0,   0],
       [  0, 135,   0,   0],
       [  0,   0,  89,   0],
       [  0,   0,   0, 135]]), array([[101,   0,   0,   0],
       [  0, 134,   0,   0],
       [  0,   0,  90,   0],
       [  0,   0,   0, 134]]), array([[101,   0,   0,   0],
       [  0, 134,   0,   0],
       [  0,   0,  89,   0],
       [  0,   0,   0, 134]]), array([[101,   0,   0,   0],
       [  0, 134,   0,   0],
       [  0,   0,  89,   0],
       [  0,   0,   0, 134]]), array([[101,   0,   0,   0],
       [  0, 134,   0,   0],
       [  0,   0,  89,   0],
       [  0,   0,   0, 134]]), array([[101,   0,   0,   0],
       [  0, 134,   0,   0],
       [  0,   0,  89,   0],
       [  0,   0,   0, 134]])]","[0.6956521739130435, 0.8043478260869565, 0.8478260869565217, 0.782608695652174, 0.8222222222222222, 0.8, 0.7111111111111111, 0.7555555555555555, 0.7555555555555555, 0.7555555555555555]","[0.6956521739130435, 0.8043478260869565, 0.8478260869565217, 0.782608695652174, 0.8222222222222222, 0.8, 0.7111111111111111, 0.7555555555555555, 0.7555555555555555, 0.7555555555555555]","[0.6956521739130435, 0.8043478260869565, 0.8478260869565217, 0.782608695652174, 0.8222222222222222, 0.8, 0.7111111111111111, 0.7555555555555555, 0.7555555555555555, 0.7555555555555555]","[0.6956521739130435, 0.8043478260869565, 0.8478260869565217, 0.782608695652174, 0.8222222222222222, 0.8, 0.7111111111111111, 0.7555555555555555, 0.7555555555555555, 0.7555555555555555]","[0.6913919413919414, 0.805078255078255, 0.8462121212121213, 0.7930021367521367, 0.8250811688311689, 0.7968559218559218, 0.7400568181818181, 0.7652777777777777, 0.8093341503267973, 0.7642857142857142]","[0.686111111111111, 0.7916666666666666, 0.8462121212121213, 0.7772727272727271, 0.8188311688311688, 0.8, 0.7118686868686869, 0.7361111111111112, 0.725, 0.7462121212121211]","[0.6781254976907151, 0.7946428571428571, 0.8452380952380952, 0.7805366911903415, 0.8186680469289165, 0.7960148215366001, 0.7135304659498207, 0.7321545178081681, 0.7153165170991996, 0.7517005610098177]","[0.7013855709507884, 0.8090822221257004, 0.8496047430830039, 0.7878112225938313, 0.8262626262626263, 0.799606566273233, 0.7422979797979798, 0.7620987654320988, 0.8018427741466957, 0.7603174603174604]","[0.6956521739130435, 0.8043478260869565, 0.8478260869565217, 0.782608695652174, 0.8222222222222222, 0.8, 0.7111111111111111, 0.7555555555555555, 0.7555555555555555, 0.7555555555555555]","[0.6891647105257691, 0.8036749482401657, 0.8478260869565217, 0.7809949722365757, 0.8212867111417836, 0.7974154735497748, 0.7148307447232178, 0.742930527310833, 0.7353760745950899, 0.7549244195106749]","[array([[10,  1,  1,  0],
       [ 4,  4,  0,  1],
       [ 0,  0,  8,  2],
       [ 0,  1,  4, 10]]), array([[10,  1,  1,  0],
       [ 3,  6,  0,  0],
       [ 0,  0,  8,  2],
       [ 0,  0,  2, 13]]), array([[ 9,  2,  0,  0],
       [ 1,  9,  0,  0],
       [ 0,  0,  8,  2],
       [ 0,  0,  2, 13]]), array([[10,  1,  0,  0],
       [ 2,  7,  0,  1],
       [ 0,  0,  7,  3],
       [ 1,  1,  1, 12]]), array([[ 9,  1,  0,  1],
       [ 3,  7,  0,  0],
       [ 0,  0,  9,  1],
       [ 0,  0,  2, 12]]), array([[11,  0,  0,  0],
       [ 2,  8,  0,  0],
       [ 0,  0,  6,  3],
       [ 0,  1,  3, 11]]), array([[ 7,  3,  1,  0],
       [ 0,  7,  0,  2],
       [ 0,  0,  7,  3],
       [ 0,  1,  3, 11]]), array([[11,  0,  0,  0],
       [ 4,  4,  0,  1],
       [ 0,  0,  7,  3],
       [ 0,  1,  2, 12]]), array([[11,  0,  0,  0],
       [ 6,  3,  0,  0],
       [ 0,  0,  7,  3],
       [ 0,  0,  2, 13]]), array([[ 9,  1,  0,  1],
       [ 2,  6,  0,  1],
       [ 1,  0,  7,  2],
       [ 0,  0,  3, 12]])]"
3,"[1.0, 1.0, 1.0, 1.0, 1.0, 1.0, 1.0, 1.0, 1.0, 1.0]","[1.0, 1.0, 1.0, 1.0, 1.0, 1.0, 1.0, 1.0, 1.0, 1.0]","[1.0, 1.0, 1.0, 1.0, 1.0, 1.0, 1.0, 1.0, 1.0, 1.0]","[1.0, 1.0, 1.0, 1.0, 1.0, 1.0, 1.0, 1.0, 1.0, 1.0]","[1.0, 1.0, 1.0, 1.0, 1.0, 1.0, 1.0, 1.0, 1.0, 1.0]","[1.0, 1.0, 1.0, 1.0, 1.0, 1.0, 1.0, 1.0, 1.0, 1.0]","[1.0, 1.0, 1.0, 1.0, 1.0, 1.0, 1.0, 1.0, 1.0, 1.0]","[1.0, 1.0, 1.0, 1.0, 1.0, 1.0, 1.0, 1.0, 1.0, 1.0]","[1.0, 1.0, 1.0, 1.0, 1.0, 1.0, 1.0, 1.0, 1.0, 1.0]","[1.0, 1.0, 1.0, 1.0, 1.0, 1.0, 1.0, 1.0, 1.0, 1.0]","[array([[100,   0,   0,   0],
       [  0, 134,   0,   0],
       [  0,   0,  89,   0],
       [  0,   0,   0, 134]]), array([[100,   0,   0,   0],
       [  0, 134,   0,   0],
       [  0,   0,  89,   0],
       [  0,   0,   0, 134]]), array([[101,   0,   0,   0],
       [  0, 134,   0,   0],
       [  0,   0,  89,   0],
       [  0,   0,   0, 134]]), array([[101,   0,   0,   0],
       [  0, 134,   0,   0],
       [  0,   0,  89,   0],
       [  0,   0,   0, 134]]), array([[101,   0,   0,   0],
       [  0, 135,   0,   0],
       [  0,   0,  89,   0],
       [  0,   0,   0, 135]]), array([[101,   0,   0,   0],
       [  0, 134,   0,   0],
       [  0,   0,  90,   0],
       [  0,   0,   0, 134]]), array([[101,   0,   0,   0],
       [  0, 134,   0,   0],
       [  0,   0,  89,   0],
       [  0,   0,   0, 134]]), array([[101,   0,   0,   0],
       [  0, 134,   0,   0],
       [  0,   0,  89,   0],
       [  0,   0,   0, 134]]), array([[101,   0,   0,   0],
       [  0, 134,   0,   0],
       [  0,   0,  89,   0],
       [  0,   0,   0, 134]]), array([[101,   0,   0,   0],
       [  0, 134,   0,   0],
       [  0,   0,  89,   0],
       [  0,   0,   0, 134]])]","[0.7608695652173914, 0.8043478260869565, 0.782608695652174, 0.7391304347826086, 0.8444444444444444, 0.8, 0.6888888888888889, 0.7333333333333333, 0.7777777777777778, 0.7333333333333333]","[0.7608695652173914, 0.8043478260869565, 0.782608695652174, 0.7391304347826086, 0.8444444444444444, 0.8, 0.6888888888888889, 0.7333333333333333, 0.7777777777777778, 0.7333333333333333]","[0.7608695652173914, 0.8043478260869565, 0.782608695652174, 0.7391304347826086, 0.8444444444444444, 0.8, 0.6888888888888889, 0.7333333333333333, 0.7777777777777778, 0.7333333333333333]","[0.7608695652173914, 0.8043478260869565, 0.782608695652174, 0.7391304347826086, 0.8444444444444444, 0.8, 0.6888888888888889, 0.7333333333333333, 0.7777777777777778, 0.7333333333333333]","[0.7728937728937729, 0.8089649321266968, 0.7823183760683761, 0.7327505827505828, 0.8455988455988457, 0.7968559218559218, 0.6993055555555555, 0.7437782805429864, 0.8086080586080586, 0.7576671694318753]","[0.7625, 0.7902777777777777, 0.7696969696969698, 0.7401515151515151, 0.8438311688311688, 0.8, 0.672979797979798, 0.7161616161616162, 0.7833333333333333, 0.718939393939394]","[0.7581366902019075, 0.7956740196078431, 0.768140547722743, 0.7346273291925466, 0.8436431989063569, 0.7960148215366001, 0.6799175970228601, 0.7203947368421053, 0.779098228663446, 0.7274122807017543]","[0.7781892021022456, 0.8043355301987015, 0.7916898922333706, 0.7436404175534611, 0.8460157126823794, 0.799606566273233, 0.7027777777777777, 0.7381431204960617, 0.8065934065934066, 0.7467850958047036]","[0.7608695652173914, 0.8043478260869565, 0.782608695652174, 0.7391304347826086, 0.8444444444444444, 0.8, 0.6888888888888889, 0.7333333333333333, 0.7777777777777778, 0.7333333333333333]","[0.7602495435671238, 0.8005637254901962, 0.779854997576874, 0.7393329732649202, 0.8442773600668336, 0.7974154735497748, 0.6892078681552366, 0.7273879142300195, 0.7766140633387011, 0.7306627680311891]","[array([[11,  1,  0,  0],
       [ 3,  6,  0,  0],
       [ 0,  0,  8,  2],
       [ 0,  0,  5, 10]]), array([[11,  1,  0,  0],
       [ 2,  7,  0,  0],
       [ 0,  0,  6,  4],
       [ 0,  0,  2, 13]]), array([[ 6,  5,  0,  0],
       [ 2,  8,  0,  0],
       [ 0,  0,  8,  2],
       [ 0,  0,  1, 14]]), array([[ 8,  3,  0,  0],
       [ 3,  6,  0,  1],
       [ 0,  0,  9,  1],
       [ 1,  1,  2, 11]]), array([[ 9,  1,  0,  1],
       [ 2,  8,  0,  0],
       [ 0,  0,  9,  1],
       [ 0,  0,  2, 12]]), array([[11,  0,  0,  0],
       [ 2,  8,  0,  0],
       [ 0,  0,  6,  3],
       [ 0,  1,  3, 11]]), array([[ 7,  3,  1,  0],
       [ 1,  5,  0,  3],
       [ 0,  0,  7,  3],
       [ 0,  1,  2, 12]]), array([[10,  1,  0,  0],
       [ 3,  5,  0,  1],
       [ 0,  0,  6,  4],
       [ 0,  0,  3, 12]]), array([[11,  0,  0,  0],
       [ 3,  6,  0,  0],
       [ 0,  0,  8,  2],
       [ 0,  0,  5, 10]]), array([[10,  0,  1,  0],
       [ 2,  6,  0,  1],
       [ 1,  0,  5,  4],
       [ 0,  0,  3, 12]])]"
4,"[1.0, 1.0, 1.0, 1.0, 1.0, 1.0, 1.0, 1.0, 1.0, 1.0]","[1.0, 1.0, 1.0, 1.0, 1.0, 1.0, 1.0, 1.0, 1.0, 1.0]","[1.0, 1.0, 1.0, 1.0, 1.0, 1.0, 1.0, 1.0, 1.0, 1.0]","[1.0, 1.0, 1.0, 1.0, 1.0, 1.0, 1.0, 1.0, 1.0, 1.0]","[1.0, 1.0, 1.0, 1.0, 1.0, 1.0, 1.0, 1.0, 1.0, 1.0]","[1.0, 1.0, 1.0, 1.0, 1.0, 1.0, 1.0, 1.0, 1.0, 1.0]","[1.0, 1.0, 1.0, 1.0, 1.0, 1.0, 1.0, 1.0, 1.0, 1.0]","[1.0, 1.0, 1.0, 1.0, 1.0, 1.0, 1.0, 1.0, 1.0, 1.0]","[1.0, 1.0, 1.0, 1.0, 1.0, 1.0, 1.0, 1.0, 1.0, 1.0]","[1.0, 1.0, 1.0, 1.0, 1.0, 1.0, 1.0, 1.0, 1.0, 1.0]","[array([[100,   0,   0,   0],
       [  0, 134,   0,   0],
       [  0,   0,  89,   0],
       [  0,   0,   0, 134]]), array([[100,   0,   0,   0],
       [  0, 134,   0,   0],
       [  0,   0,  89,   0],
       [  0,   0,   0, 134]]), array([[101,   0,   0,   0],
       [  0, 134,   0,   0],
       [  0,   0,  89,   0],
       [  0,   0,   0, 134]]), array([[101,   0,   0,   0],
       [  0, 134,   0,   0],
       [  0,   0,  89,   0],
       [  0,   0,   0, 134]]), array([[101,   0,   0,   0],
       [  0, 135,   0,   0],
       [  0,   0,  89,   0],
       [  0,   0,   0, 135]]), array([[101,   0,   0,   0],
       [  0, 134,   0,   0],
       [  0,   0,  90,   0],
       [  0,   0,   0, 134]]), array([[101,   0,   0,   0],
       [  0, 134,   0,   0],
       [  0,   0,  89,   0],
       [  0,   0,   0, 134]]), array([[101,   0,   0,   0],
       [  0, 134,   0,   0],
       [  0,   0,  89,   0],
       [  0,   0,   0, 134]]), array([[101,   0,   0,   0],
       [  0, 134,   0,   0],
       [  0,   0,  89,   0],
       [  0,   0,   0, 134]]), array([[101,   0,   0,   0],
       [  0, 134,   0,   0],
       [  0,   0,  89,   0],
       [  0,   0,   0, 134]])]","[0.782608695652174, 0.8260869565217391, 0.8260869565217391, 0.7608695652173914, 0.8, 0.8, 0.6666666666666666, 0.7555555555555555, 0.8222222222222222, 0.7777777777777778]","[0.782608695652174, 0.8260869565217391, 0.8260869565217391, 0.7608695652173914, 0.8, 0.8, 0.6666666666666666, 0.7555555555555555, 0.8222222222222222, 0.7777777777777778]","[0.782608695652174, 0.8260869565217391, 0.8260869565217391, 0.7608695652173914, 0.8, 0.8, 0.6666666666666666, 0.7555555555555555, 0.8222222222222222, 0.7777777777777778]","[0.782608695652174, 0.8260869565217391, 0.8260869565217391, 0.7608695652173914, 0.8, 0.8, 0.6666666666666666, 0.7555555555555555, 0.8222222222222222, 0.7777777777777778]","[0.8104395604395604, 0.827857905982906, 0.8194444444444444, 0.7625, 0.798611111111111, 0.7968559218559218, 0.6639705882352941, 0.7686965811965812, 0.8425324675324676, 0.800595238095238]","[0.7833333333333333, 0.8152777777777778, 0.8174242424242424, 0.7606060606060606, 0.8009740259740259, 0.8, 0.6502525252525253, 0.7328282828282828, 0.8166666666666667, 0.7666666666666666]","[0.7832537028189203, 0.8197702986118047, 0.8151515151515152, 0.7563218390804598, 0.7959466163127491, 0.7960148215366001, 0.6519736842105264, 0.7386363636363635, 0.8173727422003284, 0.7714431239388795]","[0.8038700430004778, 0.8259592159048681, 0.8309178743961353, 0.763975155279503, 0.8080246913580248, 0.799606566273233, 0.6741830065359478, 0.7621082621082621, 0.8393939393939394, 0.7902116402116403]","[0.782608695652174, 0.8260869565217391, 0.8260869565217391, 0.7608695652173914, 0.8, 0.8, 0.6666666666666666, 0.7555555555555555, 0.8222222222222222, 0.7777777777777778]","[0.7814724028334615, 0.8243658895609621, 0.825494071146245, 0.7575212393803099, 0.8001130829506116, 0.7974154735497748, 0.665204678362573, 0.7478114478114479, 0.8202853493887976, 0.7735265044331259]","[array([[12,  0,  0,  0],
       [ 2,  6,  0,  1],
       [ 0,  0,  8,  2],
       [ 0,  0,  5, 10]]), array([[11,  1,  0,  0],
       [ 2,  7,  0,  0],
       [ 0,  0,  7,  3],
       [ 0,  0,  2, 13]]), array([[ 7,  4,  0,  0],
       [ 2,  8,  0,  0],
       [ 0,  0,  9,  1],
       [ 0,  0,  1, 14]]), array([[10,  1,  0,  0],
       [ 3,  6,  0,  1],
       [ 0,  0,  8,  2],
       [ 1,  1,  2, 11]]), array([[ 9,  2,  0,  0],
       [ 3,  7,  0,  0],
       [ 0,  0,  9,  1],
       [ 0,  0,  3, 11]]), array([[11,  0,  0,  0],
       [ 2,  8,  0,  0],
       [ 0,  0,  6,  3],
       [ 0,  1,  3, 11]]), array([[ 6,  4,  1,  0],
       [ 2,  5,  0,  2],
       [ 0,  0,  7,  3],
       [ 0,  1,  2, 12]]), array([[10,  1,  0,  0],
       [ 3,  5,  0,  1],
       [ 0,  0,  6,  4],
       [ 0,  0,  2, 13]]), array([[11,  0,  0,  0],
       [ 3,  6,  0,  0],
       [ 0,  0,  8,  2],
       [ 0,  0,  3, 12]]), array([[11,  0,  0,  0],
       [ 2,  6,  0,  1],
       [ 1,  0,  6,  3],
       [ 0,  0,  3, 12]])]"
5,"[1.0, 1.0, 1.0, 1.0, 1.0, 1.0, 1.0, 1.0, 1.0, 1.0]","[1.0, 1.0, 1.0, 1.0, 1.0, 1.0, 1.0, 1.0, 1.0, 1.0]","[1.0, 1.0, 1.0, 1.0, 1.0, 1.0, 1.0, 1.0, 1.0, 1.0]","[1.0, 1.0, 1.0, 1.0, 1.0, 1.0, 1.0, 1.0, 1.0, 1.0]","[1.0, 1.0, 1.0, 1.0, 1.0, 1.0, 1.0, 1.0, 1.0, 1.0]","[1.0, 1.0, 1.0, 1.0, 1.0, 1.0, 1.0, 1.0, 1.0, 1.0]","[1.0, 1.0, 1.0, 1.0, 1.0, 1.0, 1.0, 1.0, 1.0, 1.0]","[1.0, 1.0, 1.0, 1.0, 1.0, 1.0, 1.0, 1.0, 1.0, 1.0]","[1.0, 1.0, 1.0, 1.0, 1.0, 1.0, 1.0, 1.0, 1.0, 1.0]","[1.0, 1.0, 1.0, 1.0, 1.0, 1.0, 1.0, 1.0, 1.0, 1.0]","[array([[100,   0,   0,   0],
       [  0, 134,   0,   0],
       [  0,   0,  89,   0],
       [  0,   0,   0, 134]]), array([[100,   0,   0,   0],
       [  0, 134,   0,   0],
       [  0,   0,  89,   0],
       [  0,   0,   0, 134]]), array([[101,   0,   0,   0],
       [  0, 134,   0,   0],
       [  0,   0,  89,   0],
       [  0,   0,   0, 134]]), array([[101,   0,   0,   0],
       [  0, 134,   0,   0],
       [  0,   0,  89,   0],
       [  0,   0,   0, 134]]), array([[101,   0,   0,   0],
       [  0, 135,   0,   0],
       [  0,   0,  89,   0],
       [  0,   0,   0, 135]]), array([[101,   0,   0,   0],
       [  0, 134,   0,   0],
       [  0,   0,  90,   0],
       [  0,   0,   0, 134]]), array([[101,   0,   0,   0],
       [  0, 134,   0,   0],
       [  0,   0,  89,   0],
       [  0,   0,   0, 134]]), array([[101,   0,   0,   0],
       [  0, 134,   0,   0],
       [  0,   0,  89,   0],
       [  0,   0,   0, 134]]), array([[101,   0,   0,   0],
       [  0, 134,   0,   0],
       [  0,   0,  89,   0],
       [  0,   0,   0, 134]]), array([[101,   0,   0,   0],
       [  0, 134,   0,   0],
       [  0,   0,  89,   0],
       [  0,   0,   0, 134]])]","[0.7608695652173914, 0.8043478260869565, 0.8043478260869565, 0.8043478260869565, 0.8222222222222222, 0.8222222222222222, 0.7333333333333333, 0.7777777777777778, 0.7777777777777778, 0.7555555555555555]","[0.7608695652173914, 0.8043478260869565, 0.8043478260869565, 0.8043478260869565, 0.8222222222222222, 0.8222222222222222, 0.7333333333333333, 0.7777777777777778, 0.7777777777777778, 0.7555555555555555]","[0.7608695652173914, 0.8043478260869565, 0.8043478260869565, 0.8043478260869565, 0.8222222222222222, 0.8222222222222222, 0.7333333333333333, 0.7777777777777778, 0.7777777777777778, 0.7555555555555555]","[0.7608695652173914, 0.8043478260869565, 0.8043478260869565, 0.8043478260869565, 0.8222222222222222, 0.8222222222222222, 0.7333333333333333, 0.7777777777777778, 0.7777777777777778, 0.7555555555555555]","[0.7886904761904763, 0.8052884615384615, 0.8064505347593582, 0.8110576923076922, 0.8240079365079366, 0.8217171717171716, 0.762719298245614, 0.7862619406737054, 0.7815934065934065, 0.7924603174603175]","[0.7583333333333332, 0.7986111111111112, 0.7901515151515153, 0.8022727272727272, 0.8211038961038962, 0.8217171717171716, 0.7202020202020202, 0.7578282828282829, 0.7689393939393938, 0.7305555555555555]","[0.7622739329635881, 0.8008823529411764, 0.7941468253968254, 0.8027777777777778, 0.8188311688311688, 0.8217171717171716, 0.7277261781905744, 0.7623355263157895, 0.7708333333333333, 0.7341384106089988]","[0.7789855072463768, 0.8049749163879598, 0.8081667054173447, 0.8089464882943144, 0.828395061728395, 0.8222222222222222, 0.7606627680311892, 0.7824423216580079, 0.7816849816849817, 0.7787301587301587]","[0.7608695652173914, 0.8043478260869565, 0.8043478260869565, 0.8043478260869565, 0.8222222222222222, 0.8222222222222222, 0.7333333333333333, 0.7777777777777778, 0.7777777777777778, 0.7555555555555555]","[0.7605518918862246, 0.8037340153452684, 0.8022342995169081, 0.8031400966183575, 0.8218181818181819, 0.8222222222222222, 0.7327447158200512, 0.7716130604288499, 0.775925925925926, 0.7430399665693784]","[array([[12,  0,  0,  0],
       [ 2,  6,  0,  1],
       [ 0,  0,  7,  3],
       [ 0,  0,  5, 10]]), array([[11,  1,  0,  0],
       [ 2,  7,  0,  0],
       [ 0,  0,  7,  3],
       [ 0,  0,  3, 12]]), array([[ 8,  3,  0,  0],
       [ 2,  8,  0,  0],
       [ 0,  0,  7,  3],
       [ 0,  0,  1, 14]]), array([[10,  1,  0,  0],
       [ 2,  7,  0,  1],
       [ 0,  0,  8,  2],
       [ 1,  0,  2, 12]]), array([[ 8,  3,  0,  0],
       [ 1,  9,  0,  0],
       [ 0,  0,  8,  2],
       [ 0,  0,  2, 12]]), array([[10,  1,  0,  0],
       [ 1,  8,  0,  1],
       [ 0,  0,  7,  2],
       [ 0,  1,  2, 12]]), array([[ 7,  3,  1,  0],
       [ 0,  7,  0,  2],
       [ 0,  0,  6,  4],
       [ 0,  0,  2, 13]]), array([[10,  1,  0,  0],
       [ 3,  5,  0,  1],
       [ 0,  0,  7,  3],
       [ 0,  0,  2, 13]]), array([[10,  1,  0,  0],
       [ 3,  6,  0,  0],
       [ 0,  0,  7,  3],
       [ 0,  0,  3, 12]]), array([[11,  0,  0,  0],
       [ 3,  5,  0,  1],
       [ 1,  0,  5,  4],
       [ 0,  0,  2, 13]])]"
6,"[1.0, 1.0, 1.0, 1.0, 1.0, 1.0, 1.0, 1.0, 1.0, 1.0]","[1.0, 1.0, 1.0, 1.0, 1.0, 1.0, 1.0, 1.0, 1.0, 1.0]","[1.0, 1.0, 1.0, 1.0, 1.0, 1.0, 1.0, 1.0, 1.0, 1.0]","[1.0, 1.0, 1.0, 1.0, 1.0, 1.0, 1.0, 1.0, 1.0, 1.0]","[1.0, 1.0, 1.0, 1.0, 1.0, 1.0, 1.0, 1.0, 1.0, 1.0]","[1.0, 1.0, 1.0, 1.0, 1.0, 1.0, 1.0, 1.0, 1.0, 1.0]","[1.0, 1.0, 1.0, 1.0, 1.0, 1.0, 1.0, 1.0, 1.0, 1.0]","[1.0, 1.0, 1.0, 1.0, 1.0, 1.0, 1.0, 1.0, 1.0, 1.0]","[1.0, 1.0, 1.0, 1.0, 1.0, 1.0, 1.0, 1.0, 1.0, 1.0]","[1.0, 1.0, 1.0, 1.0, 1.0, 1.0, 1.0, 1.0, 1.0, 1.0]","[array([[100,   0,   0,   0],
       [  0, 134,   0,   0],
       [  0,   0,  89,   0],
       [  0,   0,   0, 134]]), array([[100,   0,   0,   0],
       [  0, 134,   0,   0],
       [  0,   0,  89,   0],
       [  0,   0,   0, 134]]), array([[101,   0,   0,   0],
       [  0, 134,   0,   0],
       [  0,   0,  89,   0],
       [  0,   0,   0, 134]]), array([[101,   0,   0,   0],
       [  0, 134,   0,   0],
       [  0,   0,  89,   0],
       [  0,   0,   0, 134]]), array([[101,   0,   0,   0],
       [  0, 135,   0,   0],
       [  0,   0,  89,   0],
       [  0,   0,   0, 135]]), array([[101,   0,   0,   0],
       [  0, 134,   0,   0],
       [  0,   0,  90,   0],
       [  0,   0,   0, 134]]), array([[101,   0,   0,   0],
       [  0, 134,   0,   0],
       [  0,   0,  89,   0],
       [  0,   0,   0, 134]]), array([[101,   0,   0,   0],
       [  0, 134,   0,   0],
       [  0,   0,  89,   0],
       [  0,   0,   0, 134]]), array([[101,   0,   0,   0],
       [  0, 134,   0,   0],
       [  0,   0,  89,   0],
       [  0,   0,   0, 134]]), array([[101,   0,   0,   0],
       [  0, 134,   0,   0],
       [  0,   0,  89,   0],
       [  0,   0,   0, 134]])]","[0.7608695652173914, 0.8043478260869565, 0.782608695652174, 0.7608695652173914, 0.8222222222222222, 0.8222222222222222, 0.7555555555555555, 0.7777777777777778, 0.7777777777777778, 0.7555555555555555]","[0.7608695652173914, 0.8043478260869565, 0.782608695652174, 0.7608695652173914, 0.8222222222222222, 0.8222222222222222, 0.7555555555555555, 0.7777777777777778, 0.7777777777777778, 0.7555555555555555]","[0.7608695652173914, 0.8043478260869565, 0.782608695652174, 0.7608695652173914, 0.8222222222222222, 0.8222222222222222, 0.7555555555555555, 0.7777777777777778, 0.7777777777777778, 0.7555555555555555]","[0.7608695652173914, 0.8043478260869565, 0.782608695652174, 0.7608695652173914, 0.8222222222222222, 0.8222222222222222, 0.7555555555555555, 0.7777777777777778, 0.7777777777777778, 0.7555555555555555]","[0.7961538461538462, 0.8127042483660131, 0.7905483405483406, 0.7568181818181818, 0.8188311688311688, 0.8263888888888888, 0.7835526315789474, 0.7906746031746033, 0.783008658008658, 0.7655812324929971]","[0.7555555555555555, 0.7944444444444444, 0.7651515151515151, 0.7568181818181818, 0.8188311688311688, 0.8166666666666667, 0.7401515151515151, 0.7606060606060606, 0.766161616161616, 0.7328282828282828]","[0.7532781228433403, 0.8015512125902993, 0.7695441813088872, 0.7568181818181818, 0.8188311688311688, 0.8196757259041507, 0.7531733746130032, 0.7685276679841897, 0.7640394088669951, 0.7364583333333333]","[0.7889632107023412, 0.8070296959363455, 0.7893657067570111, 0.7608695652173914, 0.8222222222222222, 0.821604938271605, 0.7780701754385965, 0.7825396825396825, 0.7886002886002886, 0.7628384687208217]","[0.7608695652173914, 0.8043478260869565, 0.782608695652174, 0.7608695652173914, 0.8222222222222222, 0.8222222222222222, 0.7555555555555555, 0.7777777777777778, 0.7777777777777778, 0.7555555555555555]","[0.755783598883788, 0.8036453425763898, 0.7779586142757499, 0.7608695652173914, 0.8222222222222222, 0.8201919147620171, 0.7574819401444788, 0.7733347972478408, 0.7740631271665754, 0.7478703703703704]","[array([[12,  0,  0,  0],
       [ 3,  5,  0,  1],
       [ 0,  0,  8,  2],
       [ 0,  0,  5, 10]]), array([[10,  1,  0,  1],
       [ 2,  7,  0,  0],
       [ 0,  0,  7,  3],
       [ 0,  0,  2, 13]]), array([[ 8,  3,  0,  0],
       [ 2,  8,  0,  0],
       [ 0,  0,  6,  4],
       [ 0,  0,  1, 14]]), array([[ 8,  3,  0,  0],
       [ 2,  7,  0,  1],
       [ 0,  0,  8,  2],
       [ 1,  0,  2, 12]]), array([[ 9,  2,  0,  0],
       [ 2,  8,  0,  0],
       [ 0,  0,  8,  2],
       [ 0,  0,  2, 12]]), array([[11,  0,  0,  0],
       [ 1,  8,  0,  1],
       [ 0,  0,  6,  3],
       [ 0,  1,  2, 12]]), array([[ 8,  2,  1,  0],
       [ 0,  6,  0,  3],
       [ 0,  0,  7,  3],
       [ 0,  0,  2, 13]]), array([[10,  1,  0,  0],
       [ 2,  6,  0,  1],
       [ 0,  0,  6,  4],
       [ 0,  0,  2, 13]]), array([[10,  1,  0,  0],
       [ 4,  5,  0,  0],
       [ 0,  0,  8,  2],
       [ 0,  0,  3, 12]]), array([[10,  1,  0,  0],
       [ 3,  5,  0,  1],
       [ 1,  0,  6,  3],
       [ 0,  0,  2, 13]])]"
7,"[1.0, 1.0, 1.0, 1.0, 1.0, 1.0, 1.0, 1.0, 1.0, 1.0]","[1.0, 1.0, 1.0, 1.0, 1.0, 1.0, 1.0, 1.0, 1.0, 1.0]","[1.0, 1.0, 1.0, 1.0, 1.0, 1.0, 1.0, 1.0, 1.0, 1.0]","[1.0, 1.0, 1.0, 1.0, 1.0, 1.0, 1.0, 1.0, 1.0, 1.0]","[1.0, 1.0, 1.0, 1.0, 1.0, 1.0, 1.0, 1.0, 1.0, 1.0]","[1.0, 1.0, 1.0, 1.0, 1.0, 1.0, 1.0, 1.0, 1.0, 1.0]","[1.0, 1.0, 1.0, 1.0, 1.0, 1.0, 1.0, 1.0, 1.0, 1.0]","[1.0, 1.0, 1.0, 1.0, 1.0, 1.0, 1.0, 1.0, 1.0, 1.0]","[1.0, 1.0, 1.0, 1.0, 1.0, 1.0, 1.0, 1.0, 1.0, 1.0]","[1.0, 1.0, 1.0, 1.0, 1.0, 1.0, 1.0, 1.0, 1.0, 1.0]","[array([[100,   0,   0,   0],
       [  0, 134,   0,   0],
       [  0,   0,  89,   0],
       [  0,   0,   0, 134]]), array([[100,   0,   0,   0],
       [  0, 134,   0,   0],
       [  0,   0,  89,   0],
       [  0,   0,   0, 134]]), array([[101,   0,   0,   0],
       [  0, 134,   0,   0],
       [  0,   0,  89,   0],
       [  0,   0,   0, 134]]), array([[101,   0,   0,   0],
       [  0, 134,   0,   0],
       [  0,   0,  89,   0],
       [  0,   0,   0, 134]]), array([[101,   0,   0,   0],
       [  0, 135,   0,   0],
       [  0,   0,  89,   0],
       [  0,   0,   0, 135]]), array([[101,   0,   0,   0],
       [  0, 134,   0,   0],
       [  0,   0,  90,   0],
       [  0,   0,   0, 134]]), array([[101,   0,   0,   0],
       [  0, 134,   0,   0],
       [  0,   0,  89,   0],
       [  0,   0,   0, 134]]), array([[101,   0,   0,   0],
       [  0, 134,   0,   0],
       [  0,   0,  89,   0],
       [  0,   0,   0, 134]]), array([[101,   0,   0,   0],
       [  0, 134,   0,   0],
       [  0,   0,  89,   0],
       [  0,   0,   0, 134]]), array([[101,   0,   0,   0],
       [  0, 134,   0,   0],
       [  0,   0,  89,   0],
       [  0,   0,   0, 134]])]","[0.7608695652173914, 0.8260869565217391, 0.7391304347826086, 0.8043478260869565, 0.7555555555555555, 0.8222222222222222, 0.7555555555555555, 0.7555555555555555, 0.7777777777777778, 0.7777777777777778]","[0.7608695652173914, 0.8260869565217391, 0.7391304347826086, 0.8043478260869565, 0.7555555555555555, 0.8222222222222222, 0.7555555555555555, 0.7555555555555555, 0.7777777777777778, 0.7777777777777778]","[0.7608695652173914, 0.8260869565217391, 0.7391304347826086, 0.8043478260869565, 0.7555555555555555, 0.8222222222222222, 0.7555555555555555, 0.7555555555555555, 0.7777777777777778, 0.7777777777777778]","[0.7608695652173914, 0.8260869565217391, 0.7391304347826086, 0.8043478260869565, 0.7555555555555555, 0.8222222222222222, 0.7555555555555555, 0.7555555555555555, 0.7777777777777778, 0.7777777777777778]","[0.7719780219780219, 0.8402777777777778, 0.7516594516594517, 0.8100490196078431, 0.7476190476190476, 0.8295454545454546, 0.7631673881673882, 0.7657563025210085, 0.773989898989899, 0.7844742063492064]","[0.7625, 0.8111111111111111, 0.7234848484848485, 0.7878787878787878, 0.746103896103896, 0.8189393939393939, 0.7373737373737373, 0.7439393939393939, 0.773989898989899, 0.7578282828282829]","[0.7599844720496894, 0.8207813428401664, 0.7302584670231729, 0.794519132977371, 0.7460934946060804, 0.8223999277130207, 0.7436958874458874, 0.7502860411899313, 0.773989898989899, 0.7605546123372949]","[0.7730530339225992, 0.832427536231884, 0.7479296066252588, 0.8102088661551576, 0.7555555555555555, 0.8262626262626263, 0.7624979958313292, 0.758574540927482, 0.7777777777777778, 0.784942680776014]","[0.7608695652173914, 0.8260869565217391, 0.7391304347826086, 0.8043478260869565, 0.7555555555555555, 0.8222222222222222, 0.7555555555555555, 0.7555555555555555, 0.7777777777777778, 0.7777777777777778]","[0.7604523359438293, 0.8242785915420187, 0.7364566379911648, 0.8030081307553698, 0.7548436308161709, 0.822521409997691, 0.7524939874939875, 0.7529112636664124, 0.7777777777777778, 0.7722014714204868]","[array([[11,  1,  0,  0],
       [ 2,  6,  0,  1],
       [ 0,  0,  8,  2],
       [ 0,  0,  5, 10]]), array([[10,  1,  0,  1],
       [ 2,  7,  0,  0],
       [ 0,  0,  7,  3],
       [ 0,  0,  1, 14]]), array([[ 8,  3,  0,  0],
       [ 2,  7,  0,  1],
       [ 0,  0,  6,  4],
       [ 1,  0,  1, 13]]), array([[ 9,  2,  0,  0],
       [ 3,  6,  0,  1],
       [ 0,  0,  8,  2],
       [ 0,  1,  0, 14]]), array([[ 8,  3,  0,  0],
       [ 4,  6,  0,  0],
       [ 0,  0,  8,  2],
       [ 0,  0,  2, 12]]), array([[10,  1,  0,  0],
       [ 0,  9,  0,  1],
       [ 0,  0,  6,  3],
       [ 0,  1,  2, 12]]), array([[ 8,  2,  1,  0],
       [ 1,  5,  0,  3],
       [ 0,  0,  8,  2],
       [ 0,  0,  2, 13]]), array([[10,  1,  0,  0],
       [ 2,  6,  0,  1],
       [ 0,  0,  6,  4],
       [ 0,  0,  3, 12]]), array([[ 9,  2,  0,  0],
       [ 2,  7,  0,  0],
       [ 0,  0,  7,  3],
       [ 0,  0,  3, 12]]), array([[10,  1,  0,  0],
       [ 3,  5,  0,  1],
       [ 1,  0,  7,  2],
       [ 0,  0,  2, 13]])]"
8,"[1.0, 1.0, 1.0, 1.0, 1.0, 1.0, 1.0, 1.0, 1.0, 1.0]","[1.0, 1.0, 1.0, 1.0, 1.0, 1.0, 1.0, 1.0, 1.0, 1.0]","[1.0, 1.0, 1.0, 1.0, 1.0, 1.0, 1.0, 1.0, 1.0, 1.0]","[1.0, 1.0, 1.0, 1.0, 1.0, 1.0, 1.0, 1.0, 1.0, 1.0]","[1.0, 1.0, 1.0, 1.0, 1.0, 1.0, 1.0, 1.0, 1.0, 1.0]","[1.0, 1.0, 1.0, 1.0, 1.0, 1.0, 1.0, 1.0, 1.0, 1.0]","[1.0, 1.0, 1.0, 1.0, 1.0, 1.0, 1.0, 1.0, 1.0, 1.0]","[1.0, 1.0, 1.0, 1.0, 1.0, 1.0, 1.0, 1.0, 1.0, 1.0]","[1.0, 1.0, 1.0, 1.0, 1.0, 1.0, 1.0, 1.0, 1.0, 1.0]","[1.0, 1.0, 1.0, 1.0, 1.0, 1.0, 1.0, 1.0, 1.0, 1.0]","[array([[100,   0,   0,   0],
       [  0, 134,   0,   0],
       [  0,   0,  89,   0],
       [  0,   0,   0, 134]]), array([[100,   0,   0,   0],
       [  0, 134,   0,   0],
       [  0,   0,  89,   0],
       [  0,   0,   0, 134]]), array([[101,   0,   0,   0],
       [  0, 134,   0,   0],
       [  0,   0,  89,   0],
       [  0,   0,   0, 134]]), array([[101,   0,   0,   0],
       [  0, 134,   0,   0],
       [  0,   0,  89,   0],
       [  0,   0,   0, 134]]), array([[101,   0,   0,   0],
       [  0, 135,   0,   0],
       [  0,   0,  89,   0],
       [  0,   0,   0, 135]]), array([[101,   0,   0,   0],
       [  0, 134,   0,   0],
       [  0,   0,  90,   0],
       [  0,   0,   0, 134]]), array([[101,   0,   0,   0],
       [  0, 134,   0,   0],
       [  0,   0,  89,   0],
       [  0,   0,   0, 134]]), array([[101,   0,   0,   0],
       [  0, 134,   0,   0],
       [  0,   0,  89,   0],
       [  0,   0,   0, 134]]), array([[101,   0,   0,   0],
       [  0, 134,   0,   0],
       [  0,   0,  89,   0],
       [  0,   0,   0, 134]]), array([[101,   0,   0,   0],
       [  0, 134,   0,   0],
       [  0,   0,  89,   0],
       [  0,   0,   0, 134]])]","[0.7608695652173914, 0.8478260869565217, 0.782608695652174, 0.8260869565217391, 0.7777777777777778, 0.8, 0.7555555555555555, 0.8, 0.7777777777777778, 0.7777777777777778]","[0.7608695652173914, 0.8478260869565217, 0.782608695652174, 0.8260869565217391, 0.7777777777777778, 0.8, 0.7555555555555555, 0.8, 0.7777777777777778, 0.7777777777777778]","[0.7608695652173914, 0.8478260869565217, 0.782608695652174, 0.8260869565217391, 0.7777777777777778, 0.8, 0.7555555555555555, 0.8, 0.7777777777777778, 0.7777777777777778]","[0.7608695652173914, 0.8478260869565217, 0.782608695652174, 0.8260869565217391, 0.7777777777777778, 0.8, 0.7555555555555555, 0.8, 0.7777777777777778, 0.7777777777777778]","[0.7886904761904763, 0.874732905982906, 0.8025366446419078, 0.835427807486631, 0.7682692307692307, 0.8036616161616161, 0.7652777777777777, 0.8082399626517274, 0.7815934065934065, 0.7844742063492064]","[0.7583333333333332, 0.8319444444444444, 0.7651515151515151, 0.812878787878788, 0.7733766233766234, 0.793939393939394, 0.7401515151515151, 0.7856060606060605, 0.7689393939393938, 0.7578282828282829]","[0.7622739329635881, 0.8453156565656565, 0.772829131652661, 0.8205176767676767, 0.7684343434343435, 0.7980140968256417, 0.7484402852049912, 0.7922268306636155, 0.7708333333333333, 0.7605546123372949]","[0.7789855072463768, 0.8602285395763656, 0.7972731565408911, 0.8337595907928389, 0.7805128205128204, 0.8030864197530864, 0.7635802469135803, 0.8028737420894283, 0.7816849816849817, 0.784942680776014]","[0.7608695652173914, 0.8478260869565217, 0.782608695652174, 0.8260869565217391, 0.7777777777777778, 0.8, 0.7555555555555555, 0.8, 0.7777777777777778, 0.7777777777777778]","[0.7605518918862246, 0.8465228370663154, 0.7789307027158688, 0.8263888888888888, 0.7768799102132435, 0.8007545746085643, 0.7549138443256092, 0.7971364098652428, 0.775925925925926, 0.7722014714204868]","[array([[12,  0,  0,  0],
       [ 2,  6,  0,  1],
       [ 0,  0,  7,  3],
       [ 0,  0,  5, 10]]), array([[11,  0,  0,  1],
       [ 2,  7,  0,  0],
       [ 0,  0,  7,  3],
       [ 0,  0,  1, 14]]), array([[ 8,  3,  0,  0],
       [ 1,  8,  0,  1],
       [ 0,  0,  6,  4],
       [ 0,  0,  1, 14]]), array([[ 9,  2,  0,  0],
       [ 2,  7,  0,  1],
       [ 0,  0,  8,  2],
       [ 0,  1,  0, 14]]), array([[ 7,  3,  1,  0],
       [ 3,  7,  0,  0],
       [ 0,  0,  9,  1],
       [ 0,  0,  2, 12]]), array([[10,  1,  0,  0],
       [ 1,  8,  0,  1],
       [ 0,  0,  6,  3],
       [ 0,  0,  3, 12]]), array([[ 8,  2,  1,  0],
       [ 1,  6,  0,  2],
       [ 0,  0,  7,  3],
       [ 0,  0,  2, 13]]), array([[10,  1,  0,  0],
       [ 2,  6,  0,  1],
       [ 0,  0,  7,  3],
       [ 0,  0,  2, 13]]), array([[10,  1,  0,  0],
       [ 3,  6,  0,  0],
       [ 0,  0,  7,  3],
       [ 0,  0,  3, 12]]), array([[10,  1,  0,  0],
       [ 3,  5,  0,  1],
       [ 1,  0,  7,  2],
       [ 0,  0,  2, 13]])]"
9,"[1.0, 1.0, 1.0, 1.0, 1.0, 1.0, 1.0, 1.0, 1.0, 1.0]","[1.0, 1.0, 1.0, 1.0, 1.0, 1.0, 1.0, 1.0, 1.0, 1.0]","[1.0, 1.0, 1.0, 1.0, 1.0, 1.0, 1.0, 1.0, 1.0, 1.0]","[1.0, 1.0, 1.0, 1.0, 1.0, 1.0, 1.0, 1.0, 1.0, 1.0]","[1.0, 1.0, 1.0, 1.0, 1.0, 1.0, 1.0, 1.0, 1.0, 1.0]","[1.0, 1.0, 1.0, 1.0, 1.0, 1.0, 1.0, 1.0, 1.0, 1.0]","[1.0, 1.0, 1.0, 1.0, 1.0, 1.0, 1.0, 1.0, 1.0, 1.0]","[1.0, 1.0, 1.0, 1.0, 1.0, 1.0, 1.0, 1.0, 1.0, 1.0]","[1.0, 1.0, 1.0, 1.0, 1.0, 1.0, 1.0, 1.0, 1.0, 1.0]","[1.0, 1.0, 1.0, 1.0, 1.0, 1.0, 1.0, 1.0, 1.0, 1.0]","[array([[100,   0,   0,   0],
       [  0, 134,   0,   0],
       [  0,   0,  89,   0],
       [  0,   0,   0, 134]]), array([[100,   0,   0,   0],
       [  0, 134,   0,   0],
       [  0,   0,  89,   0],
       [  0,   0,   0, 134]]), array([[101,   0,   0,   0],
       [  0, 134,   0,   0],
       [  0,   0,  89,   0],
       [  0,   0,   0, 134]]), array([[101,   0,   0,   0],
       [  0, 134,   0,   0],
       [  0,   0,  89,   0],
       [  0,   0,   0, 134]]), array([[101,   0,   0,   0],
       [  0, 135,   0,   0],
       [  0,   0,  89,   0],
       [  0,   0,   0, 135]]), array([[101,   0,   0,   0],
       [  0, 134,   0,   0],
       [  0,   0,  90,   0],
       [  0,   0,   0, 134]]), array([[101,   0,   0,   0],
       [  0, 134,   0,   0],
       [  0,   0,  89,   0],
       [  0,   0,   0, 134]]), array([[101,   0,   0,   0],
       [  0, 134,   0,   0],
       [  0,   0,  89,   0],
       [  0,   0,   0, 134]]), array([[101,   0,   0,   0],
       [  0, 134,   0,   0],
       [  0,   0,  89,   0],
       [  0,   0,   0, 134]]), array([[101,   0,   0,   0],
       [  0, 134,   0,   0],
       [  0,   0,  89,   0],
       [  0,   0,   0, 134]])]","[0.782608695652174, 0.8695652173913043, 0.782608695652174, 0.8260869565217391, 0.7333333333333333, 0.7777777777777778, 0.7333333333333333, 0.8, 0.7777777777777778, 0.7777777777777778]","[0.782608695652174, 0.8695652173913043, 0.782608695652174, 0.8260869565217391, 0.7333333333333333, 0.7777777777777778, 0.7333333333333333, 0.8, 0.7777777777777778, 0.7777777777777778]","[0.782608695652174, 0.8695652173913043, 0.782608695652174, 0.8260869565217391, 0.7333333333333333, 0.7777777777777778, 0.7333333333333333, 0.8, 0.7777777777777778, 0.7777777777777778]","[0.782608695652174, 0.8695652173913043, 0.782608695652174, 0.8260869565217391, 0.7333333333333333, 0.7777777777777778, 0.7333333333333333, 0.8, 0.7777777777777778, 0.7777777777777778]","[0.8051739926739927, 0.8775995246583481, 0.7855113636363636, 0.835427807486631, 0.7266899766899767, 0.7818181818181819, 0.7409722222222221, 0.8044372294372295, 0.7815934065934065, 0.7912990196078431]","[0.7861111111111111, 0.8638888888888889, 0.7734848484848486, 0.812878787878788, 0.7282467532467531, 0.7712121212121212, 0.7174242424242424, 0.793939393939394, 0.7689393939393938, 0.7467171717171717]","[0.7902547021943573, 0.8688898423595219, 0.7764162360936555, 0.8205176767676767, 0.7259876745002602, 0.7747808800939731, 0.7228468899521532, 0.7953674948240166, 0.7708333333333333, 0.7483592796092796]","[0.7961856983596114, 0.8728461081402258, 0.7871788537549407, 0.8337595907928389, 0.735975135975136, 0.7816161616161617, 0.7435185185185186, 0.8034151034151034, 0.7816849816849817, 0.791917211328976]","[0.782608695652174, 0.8695652173913043, 0.782608695652174, 0.8260869565217391, 0.7333333333333333, 0.7777777777777778, 0.7333333333333333, 0.8, 0.7777777777777778, 0.7777777777777778]","[0.7848579119531144, 0.8691485921798826, 0.7821189251764287, 0.8263888888888888, 0.733209298070727, 0.7780769655532466, 0.731632110579479, 0.7985392224522658, 0.775925925925926, 0.7668260751594084]","[array([[12,  0,  0,  0],
       [ 1,  7,  0,  1],
       [ 0,  0,  7,  3],
       [ 0,  0,  5, 10]]), array([[10,  1,  0,  1],
       [ 1,  8,  0,  0],
       [ 0,  0,  8,  2],
       [ 0,  0,  1, 14]]), array([[ 8,  3,  0,  0],
       [ 2,  8,  0,  0],
       [ 0,  0,  7,  3],
       [ 1,  0,  1, 13]]), array([[ 9,  2,  0,  0],
       [ 2,  7,  0,  1],
       [ 0,  0,  8,  2],
       [ 0,  1,  0, 14]]), array([[ 8,  3,  0,  0],
       [ 4,  6,  0,  0],
       [ 0,  0,  8,  2],
       [ 0,  0,  3, 11]]), array([[ 9,  2,  0,  0],
       [ 1,  8,  0,  1],
       [ 0,  0,  6,  3],
       [ 0,  1,  2, 12]]), array([[ 7,  3,  1,  0],
       [ 1,  6,  0,  2],
       [ 0,  0,  7,  3],
       [ 0,  0,  2, 13]]), array([[10,  1,  0,  0],
       [ 2,  6,  0,  1],
       [ 0,  0,  8,  2],
       [ 0,  0,  3, 12]]), array([[10,  1,  0,  0],
       [ 3,  6,  0,  0],
       [ 0,  0,  7,  3],
       [ 0,  0,  3, 12]]), array([[10,  1,  0,  0],
       [ 4,  4,  0,  1],
       [ 1,  0,  7,  2],
       [ 0,  0,  1, 14]])]"
10,"[1.0, 1.0, 1.0, 1.0, 1.0, 1.0, 1.0, 1.0, 1.0, 1.0]","[1.0, 1.0, 1.0, 1.0, 1.0, 1.0, 1.0, 1.0, 1.0, 1.0]","[1.0, 1.0, 1.0, 1.0, 1.0, 1.0, 1.0, 1.0, 1.0, 1.0]","[1.0, 1.0, 1.0, 1.0, 1.0, 1.0, 1.0, 1.0, 1.0, 1.0]","[1.0, 1.0, 1.0, 1.0, 1.0, 1.0, 1.0, 1.0, 1.0, 1.0]","[1.0, 1.0, 1.0, 1.0, 1.0, 1.0, 1.0, 1.0, 1.0, 1.0]","[1.0, 1.0, 1.0, 1.0, 1.0, 1.0, 1.0, 1.0, 1.0, 1.0]","[1.0, 1.0, 1.0, 1.0, 1.0, 1.0, 1.0, 1.0, 1.0, 1.0]","[1.0, 1.0, 1.0, 1.0, 1.0, 1.0, 1.0, 1.0, 1.0, 1.0]","[1.0, 1.0, 1.0, 1.0, 1.0, 1.0, 1.0, 1.0, 1.0, 1.0]","[array([[100,   0,   0,   0],
       [  0, 134,   0,   0],
       [  0,   0,  89,   0],
       [  0,   0,   0, 134]]), array([[100,   0,   0,   0],
       [  0, 134,   0,   0],
       [  0,   0,  89,   0],
       [  0,   0,   0, 134]]), array([[101,   0,   0,   0],
       [  0, 134,   0,   0],
       [  0,   0,  89,   0],
       [  0,   0,   0, 134]]), array([[101,   0,   0,   0],
       [  0, 134,   0,   0],
       [  0,   0,  89,   0],
       [  0,   0,   0, 134]]), array([[101,   0,   0,   0],
       [  0, 135,   0,   0],
       [  0,   0,  89,   0],
       [  0,   0,   0, 135]]), array([[101,   0,   0,   0],
       [  0, 134,   0,   0],
       [  0,   0,  90,   0],
       [  0,   0,   0, 134]]), array([[101,   0,   0,   0],
       [  0, 134,   0,   0],
       [  0,   0,  89,   0],
       [  0,   0,   0, 134]]), array([[101,   0,   0,   0],
       [  0, 134,   0,   0],
       [  0,   0,  89,   0],
       [  0,   0,   0, 134]]), array([[101,   0,   0,   0],
       [  0, 134,   0,   0],
       [  0,   0,  89,   0],
       [  0,   0,   0, 134]]), array([[101,   0,   0,   0],
       [  0, 134,   0,   0],
       [  0,   0,  89,   0],
       [  0,   0,   0, 134]])]","[0.7391304347826086, 0.8260869565217391, 0.8260869565217391, 0.8043478260869565, 0.8222222222222222, 0.8222222222222222, 0.6888888888888889, 0.8, 0.7777777777777778, 0.7333333333333333]","[0.7391304347826086, 0.8260869565217391, 0.8260869565217391, 0.8043478260869565, 0.8222222222222222, 0.8222222222222222, 0.6888888888888889, 0.8, 0.7777777777777778, 0.7333333333333333]","[0.7391304347826086, 0.8260869565217391, 0.8260869565217391, 0.8043478260869565, 0.8222222222222222, 0.8222222222222222, 0.6888888888888889, 0.8, 0.7777777777777778, 0.7333333333333333]","[0.7391304347826086, 0.8260869565217391, 0.8260869565217391, 0.8043478260869565, 0.8222222222222222, 0.8222222222222222, 0.6888888888888889, 0.8, 0.7777777777777778, 0.7333333333333333]","[0.7744047619047619, 0.8402777777777778, 0.8343545751633987, 0.8029220779220779, 0.8171328671328673, 0.8263888888888888, 0.7041666666666666, 0.7951704545454545, 0.7815934065934065, 0.7410714285714286]","[0.7305555555555555, 0.8111111111111111, 0.8151515151515152, 0.8045454545454545, 0.8211038961038961, 0.8166666666666667, 0.6646464646464647, 0.787878787878788, 0.7689393939393938, 0.7161616161616162]","[0.7322983529880082, 0.8207813428401664, 0.817739898989899, 0.8031086729362591, 0.8174603174603174, 0.8196757259041507, 0.6748783724015922, 0.7906934621355874, 0.7708333333333333, 0.7181097906055462]","[0.7640786749482402, 0.832427536231884, 0.8343634555271384, 0.8091473743647657, 0.8261693861693863, 0.821604938271605, 0.7037037037037036, 0.7986111111111112, 0.7816849816849817, 0.7394179894179894]","[0.7391304347826086, 0.8260869565217391, 0.8260869565217391, 0.8043478260869565, 0.8222222222222222, 0.8222222222222222, 0.6888888888888889, 0.8, 0.7777777777777778, 0.7333333333333333]","[0.7348630879365511, 0.8242785915420187, 0.8235781730346948, 0.8060969515242379, 0.8225749559082891, 0.8201919147620171, 0.685733942699887, 0.7985241408391315, 0.775925925925926, 0.7273042822109037]","[array([[12,  0,  0,  0],
       [ 3,  5,  0,  1],
       [ 0,  0,  7,  3],
       [ 0,  0,  5, 10]]), array([[10,  1,  0,  1],
       [ 2,  7,  0,  0],
       [ 0,  0,  7,  3],
       [ 0,  0,  1, 14]]), array([[ 8,  3,  0,  0],
       [ 1,  9,  0,  0],
       [ 0,  0,  7,  3],
       [ 0,  0,  1, 14]]), array([[ 9,  2,  0,  0],
       [ 2,  7,  0,  1],
       [ 0,  0,  9,  1],
       [ 0,  2,  1, 12]]), array([[ 8,  3,  0,  0],
       [ 2,  8,  0,  0],
       [ 0,  0,  9,  1],
       [ 0,  0,  2, 12]]), array([[11,  0,  0,  0],
       [ 1,  8,  0,  1],
       [ 0,  0,  6,  3],
       [ 0,  1,  2, 12]]), array([[ 7,  3,  1,  0],
       [ 1,  5,  0,  3],
       [ 0,  0,  6,  4],
       [ 0,  0,  2, 13]]), array([[ 9,  2,  0,  0],
       [ 2,  6,  0,  1],
       [ 0,  0,  8,  2],
       [ 0,  0,  2, 13]]), array([[10,  1,  0,  0],
       [ 3,  6,  0,  0],
       [ 0,  0,  7,  3],
       [ 0,  0,  3, 12]]), array([[10,  1,  0,  0],
       [ 3,  5,  0,  1],
       [ 1,  0,  6,  3],
       [ 0,  0,  3, 12]])]"
11,"[1.0, 1.0, 1.0, 1.0, 1.0, 1.0, 1.0, 1.0, 1.0, 1.0]","[1.0, 1.0, 1.0, 1.0, 1.0, 1.0, 1.0, 1.0, 1.0, 1.0]","[1.0, 1.0, 1.0, 1.0, 1.0, 1.0, 1.0, 1.0, 1.0, 1.0]","[1.0, 1.0, 1.0, 1.0, 1.0, 1.0, 1.0, 1.0, 1.0, 1.0]","[1.0, 1.0, 1.0, 1.0, 1.0, 1.0, 1.0, 1.0, 1.0, 1.0]","[1.0, 1.0, 1.0, 1.0, 1.0, 1.0, 1.0, 1.0, 1.0, 1.0]","[1.0, 1.0, 1.0, 1.0, 1.0, 1.0, 1.0, 1.0, 1.0, 1.0]","[1.0, 1.0, 1.0, 1.0, 1.0, 1.0, 1.0, 1.0, 1.0, 1.0]","[1.0, 1.0, 1.0, 1.0, 1.0, 1.0, 1.0, 1.0, 1.0, 1.0]","[1.0, 1.0, 1.0, 1.0, 1.0, 1.0, 1.0, 1.0, 1.0, 1.0]","[array([[100,   0,   0,   0],
       [  0, 134,   0,   0],
       [  0,   0,  89,   0],
       [  0,   0,   0, 134]]), array([[100,   0,   0,   0],
       [  0, 134,   0,   0],
       [  0,   0,  89,   0],
       [  0,   0,   0, 134]]), array([[101,   0,   0,   0],
       [  0, 134,   0,   0],
       [  0,   0,  89,   0],
       [  0,   0,   0, 134]]), array([[101,   0,   0,   0],
       [  0, 134,   0,   0],
       [  0,   0,  89,   0],
       [  0,   0,   0, 134]]), array([[101,   0,   0,   0],
       [  0, 135,   0,   0],
       [  0,   0,  89,   0],
       [  0,   0,   0, 135]]), array([[101,   0,   0,   0],
       [  0, 134,   0,   0],
       [  0,   0,  90,   0],
       [  0,   0,   0, 134]]), array([[101,   0,   0,   0],
       [  0, 134,   0,   0],
       [  0,   0,  89,   0],
       [  0,   0,   0, 134]]), array([[101,   0,   0,   0],
       [  0, 134,   0,   0],
       [  0,   0,  89,   0],
       [  0,   0,   0, 134]]), array([[101,   0,   0,   0],
       [  0, 134,   0,   0],
       [  0,   0,  89,   0],
       [  0,   0,   0, 134]]), array([[101,   0,   0,   0],
       [  0, 134,   0,   0],
       [  0,   0,  89,   0],
       [  0,   0,   0, 134]])]","[0.7391304347826086, 0.8695652173913043, 0.8478260869565217, 0.8260869565217391, 0.7333333333333333, 0.8444444444444444, 0.7111111111111111, 0.8666666666666667, 0.7777777777777778, 0.7555555555555555]","[0.7391304347826086, 0.8695652173913043, 0.8478260869565217, 0.8260869565217391, 0.7333333333333333, 0.8444444444444444, 0.7111111111111111, 0.8666666666666667, 0.7777777777777778, 0.7555555555555555]","[0.7391304347826086, 0.8695652173913043, 0.8478260869565217, 0.8260869565217391, 0.7333333333333333, 0.8444444444444444, 0.7111111111111111, 0.8666666666666667, 0.7777777777777778, 0.7555555555555555]","[0.7391304347826086, 0.8695652173913043, 0.8478260869565217, 0.8260869565217391, 0.7333333333333333, 0.8444444444444444, 0.7111111111111111, 0.8666666666666667, 0.7777777777777778, 0.7555555555555555]","[0.7744047619047619, 0.8896430367018602, 0.8896761133603239, 0.8212121212121212, 0.7282051282051282, 0.8536764705882353, 0.7210526315789474, 0.8827505827505828, 0.7725694444444444, 0.7474431818181818]","[0.7305555555555555, 0.8569444444444445, 0.8318181818181818, 0.8212121212121212, 0.7305194805194806, 0.8356060606060606, 0.6896464646464646, 0.8583333333333333, 0.767929292929293, 0.742929292929293]","[0.7322983529880082, 0.8680263157894736, 0.8360058554314174, 0.8212121212121212, 0.7271885521885522, 0.8426908263305323, 0.6974458204334365, 0.8601190476190477, 0.7685746624626082, 0.7423727941554766]","[0.7640786749482402, 0.8781668743305571, 0.8811828903362084, 0.8260869565217391, 0.7380626780626781, 0.8493464052287582, 0.722514619883041, 0.8775446775446775, 0.7792283950617285, 0.7552777777777777]","[0.7391304347826086, 0.8695652173913043, 0.8478260869565217, 0.8260869565217391, 0.7333333333333333, 0.8444444444444444, 0.7111111111111111, 0.8666666666666667, 0.7777777777777778, 0.7555555555555555]","[0.7348630879365511, 0.8691533180778032, 0.841176177962977, 0.8260869565217391, 0.7336326225215114, 0.8448140367258014, 0.7082215342277262, 0.8634391534391533, 0.7769243898276156, 0.7528642394516759]","[array([[12,  0,  0,  0],
       [ 3,  5,  0,  1],
       [ 0,  0,  7,  3],
       [ 0,  0,  5, 10]]), array([[11,  0,  0,  1],
       [ 2,  7,  0,  0],
       [ 0,  0,  8,  2],
       [ 0,  0,  1, 14]]), array([[ 8,  3,  0,  0],
       [ 0, 10,  0,  0],
       [ 0,  0,  6,  4],
       [ 0,  0,  0, 15]]), array([[ 9,  2,  0,  0],
       [ 2,  7,  0,  1],
       [ 0,  0,  9,  1],
       [ 0,  1,  1, 13]]), array([[ 7,  3,  1,  0],
       [ 3,  7,  0,  0],
       [ 0,  0,  8,  2],
       [ 0,  0,  3, 11]]), array([[10,  1,  0,  0],
       [ 0,  9,  0,  1],
       [ 0,  0,  6,  3],
       [ 0,  0,  2, 13]]), array([[ 7,  3,  1,  0],
       [ 1,  5,  0,  3],
       [ 0,  0,  7,  3],
       [ 0,  0,  2, 13]]), array([[11,  0,  0,  0],
       [ 2,  6,  0,  1],
       [ 0,  0,  9,  1],
       [ 0,  0,  2, 13]]), array([[ 8,  3,  0,  0],
       [ 2,  7,  0,  0],
       [ 0,  0,  7,  3],
       [ 0,  0,  2, 13]]), array([[ 8,  3,  0,  0],
       [ 2,  7,  0,  0],
       [ 1,  0,  6,  3],
       [ 0,  0,  2, 13]])]"
12,"[1.0, 1.0, 1.0, 1.0, 1.0, 1.0, 1.0, 1.0, 1.0, 1.0]","[1.0, 1.0, 1.0, 1.0, 1.0, 1.0, 1.0, 1.0, 1.0, 1.0]","[1.0, 1.0, 1.0, 1.0, 1.0, 1.0, 1.0, 1.0, 1.0, 1.0]","[1.0, 1.0, 1.0, 1.0, 1.0, 1.0, 1.0, 1.0, 1.0, 1.0]","[1.0, 1.0, 1.0, 1.0, 1.0, 1.0, 1.0, 1.0, 1.0, 1.0]","[1.0, 1.0, 1.0, 1.0, 1.0, 1.0, 1.0, 1.0, 1.0, 1.0]","[1.0, 1.0, 1.0, 1.0, 1.0, 1.0, 1.0, 1.0, 1.0, 1.0]","[1.0, 1.0, 1.0, 1.0, 1.0, 1.0, 1.0, 1.0, 1.0, 1.0]","[1.0, 1.0, 1.0, 1.0, 1.0, 1.0, 1.0, 1.0, 1.0, 1.0]","[1.0, 1.0, 1.0, 1.0, 1.0, 1.0, 1.0, 1.0, 1.0, 1.0]","[array([[100,   0,   0,   0],
       [  0, 134,   0,   0],
       [  0,   0,  89,   0],
       [  0,   0,   0, 134]]), array([[100,   0,   0,   0],
       [  0, 134,   0,   0],
       [  0,   0,  89,   0],
       [  0,   0,   0, 134]]), array([[101,   0,   0,   0],
       [  0, 134,   0,   0],
       [  0,   0,  89,   0],
       [  0,   0,   0, 134]]), array([[101,   0,   0,   0],
       [  0, 134,   0,   0],
       [  0,   0,  89,   0],
       [  0,   0,   0, 134]]), array([[101,   0,   0,   0],
       [  0, 135,   0,   0],
       [  0,   0,  89,   0],
       [  0,   0,   0, 135]]), array([[101,   0,   0,   0],
       [  0, 134,   0,   0],
       [  0,   0,  90,   0],
       [  0,   0,   0, 134]]), array([[101,   0,   0,   0],
       [  0, 134,   0,   0],
       [  0,   0,  89,   0],
       [  0,   0,   0, 134]]), array([[101,   0,   0,   0],
       [  0, 134,   0,   0],
       [  0,   0,  89,   0],
       [  0,   0,   0, 134]]), array([[101,   0,   0,   0],
       [  0, 134,   0,   0],
       [  0,   0,  89,   0],
       [  0,   0,   0, 134]]), array([[101,   0,   0,   0],
       [  0, 134,   0,   0],
       [  0,   0,  89,   0],
       [  0,   0,   0, 134]])]","[0.8043478260869565, 0.8913043478260869, 0.782608695652174, 0.8260869565217391, 0.7777777777777778, 0.7777777777777778, 0.6888888888888889, 0.8222222222222222, 0.7555555555555555, 0.7777777777777778]","[0.8043478260869565, 0.8913043478260869, 0.782608695652174, 0.8260869565217391, 0.7777777777777778, 0.7777777777777778, 0.6888888888888889, 0.8222222222222222, 0.7555555555555555, 0.7777777777777778]","[0.8043478260869565, 0.8913043478260869, 0.782608695652174, 0.8260869565217391, 0.7777777777777778, 0.7777777777777778, 0.6888888888888889, 0.8222222222222222, 0.7555555555555555, 0.7777777777777778]","[0.8043478260869565, 0.8913043478260869, 0.782608695652174, 0.8260869565217391, 0.7777777777777778, 0.7777777777777778, 0.6888888888888889, 0.8222222222222222, 0.7555555555555555, 0.7777777777777778]","[0.8231934731934732, 0.9072712418300652, 0.7905483405483406, 0.8212121212121212, 0.7734848484848484, 0.7818181818181819, 0.6992272347535504, 0.8132575757575758, 0.7460542929292929, 0.7745098039215687]","[0.8027777777777778, 0.8847222222222222, 0.7651515151515151, 0.8212121212121212, 0.7782467532467532, 0.7712121212121212, 0.6669191919191919, 0.8128787878787879, 0.7401515151515151, 0.7606060606060606]","[0.80875, 0.8937371001031992, 0.7695441813088872, 0.8212121212121212, 0.772902097902098, 0.7747808800939731, 0.6717320261437909, 0.8119684237331296, 0.7423727941554767, 0.7636535592497868]","[0.813925205229553, 0.8965615231599887, 0.7893657067570111, 0.8260869565217391, 0.7851851851851851, 0.7816161616161617, 0.7042606516290727, 0.8207070707070707, 0.754783950617284, 0.7752723311546842]","[0.8043478260869565, 0.8913043478260869, 0.782608695652174, 0.8260869565217391, 0.7777777777777778, 0.7777777777777778, 0.6888888888888889, 0.8222222222222222, 0.7555555555555555, 0.7777777777777778]","[0.8056884057971014, 0.8916661058015883, 0.7779586142757499, 0.8260869565217391, 0.7783993783993783, 0.7780769655532466, 0.6845315904139433, 0.8205415499533147, 0.7544236936427089, 0.7727183385431468]","[array([[12,  0,  0,  0],
       [ 1,  7,  0,  1],
       [ 0,  0,  7,  3],
       [ 0,  0,  4, 11]]), array([[11,  0,  0,  1],
       [ 1,  8,  0,  0],
       [ 0,  0,  8,  2],
       [ 0,  0,  1, 14]]), array([[ 8,  3,  0,  0],
       [ 2,  8,  0,  0],
       [ 0,  0,  6,  4],
       [ 0,  0,  1, 14]]), array([[ 9,  2,  0,  0],
       [ 2,  7,  0,  1],
       [ 0,  0,  9,  1],
       [ 0,  1,  1, 13]]), array([[ 8,  3,  0,  0],
       [ 3,  7,  0,  0],
       [ 0,  0,  9,  1],
       [ 0,  0,  3, 11]]), array([[ 9,  2,  0,  0],
       [ 1,  8,  0,  1],
       [ 0,  0,  6,  3],
       [ 0,  1,  2, 12]]), array([[ 6,  4,  1,  0],
       [ 1,  5,  0,  3],
       [ 0,  0,  7,  3],
       [ 0,  0,  2, 13]]), array([[ 9,  2,  0,  0],
       [ 2,  6,  0,  1],
       [ 0,  0,  9,  1],
       [ 0,  0,  2, 13]]), array([[ 8,  3,  0,  0],
       [ 3,  6,  0,  0],
       [ 0,  0,  7,  3],
       [ 0,  0,  2, 13]]), array([[10,  1,  0,  0],
       [ 2,  6,  0,  1],
       [ 0,  1,  6,  3],
       [ 0,  0,  2, 13]])]"
13,"[1.0, 1.0, 1.0, 1.0, 1.0, 1.0, 1.0, 1.0, 1.0, 1.0]","[1.0, 1.0, 1.0, 1.0, 1.0, 1.0, 1.0, 1.0, 1.0, 1.0]","[1.0, 1.0, 1.0, 1.0, 1.0, 1.0, 1.0, 1.0, 1.0, 1.0]","[1.0, 1.0, 1.0, 1.0, 1.0, 1.0, 1.0, 1.0, 1.0, 1.0]","[1.0, 1.0, 1.0, 1.0, 1.0, 1.0, 1.0, 1.0, 1.0, 1.0]","[1.0, 1.0, 1.0, 1.0, 1.0, 1.0, 1.0, 1.0, 1.0, 1.0]","[1.0, 1.0, 1.0, 1.0, 1.0, 1.0, 1.0, 1.0, 1.0, 1.0]","[1.0, 1.0, 1.0, 1.0, 1.0, 1.0, 1.0, 1.0, 1.0, 1.0]","[1.0, 1.0, 1.0, 1.0, 1.0, 1.0, 1.0, 1.0, 1.0, 1.0]","[1.0, 1.0, 1.0, 1.0, 1.0, 1.0, 1.0, 1.0, 1.0, 1.0]","[array([[100,   0,   0,   0],
       [  0, 134,   0,   0],
       [  0,   0,  89,   0],
       [  0,   0,   0, 134]]), array([[100,   0,   0,   0],
       [  0, 134,   0,   0],
       [  0,   0,  89,   0],
       [  0,   0,   0, 134]]), array([[101,   0,   0,   0],
       [  0, 134,   0,   0],
       [  0,   0,  89,   0],
       [  0,   0,   0, 134]]), array([[101,   0,   0,   0],
       [  0, 134,   0,   0],
       [  0,   0,  89,   0],
       [  0,   0,   0, 134]]), array([[101,   0,   0,   0],
       [  0, 135,   0,   0],
       [  0,   0,  89,   0],
       [  0,   0,   0, 135]]), array([[101,   0,   0,   0],
       [  0, 134,   0,   0],
       [  0,   0,  90,   0],
       [  0,   0,   0, 134]]), array([[101,   0,   0,   0],
       [  0, 134,   0,   0],
       [  0,   0,  89,   0],
       [  0,   0,   0, 134]]), array([[101,   0,   0,   0],
       [  0, 134,   0,   0],
       [  0,   0,  89,   0],
       [  0,   0,   0, 134]]), array([[101,   0,   0,   0],
       [  0, 134,   0,   0],
       [  0,   0,  89,   0],
       [  0,   0,   0, 134]]), array([[101,   0,   0,   0],
       [  0, 134,   0,   0],
       [  0,   0,  89,   0],
       [  0,   0,   0, 134]])]","[0.782608695652174, 0.8695652173913043, 0.8260869565217391, 0.782608695652174, 0.7333333333333333, 0.8, 0.7111111111111111, 0.8222222222222222, 0.7555555555555555, 0.8444444444444444]","[0.782608695652174, 0.8695652173913043, 0.8260869565217391, 0.782608695652174, 0.7333333333333333, 0.8, 0.7111111111111111, 0.8222222222222222, 0.7555555555555555, 0.8444444444444444]","[0.782608695652174, 0.8695652173913043, 0.8260869565217391, 0.782608695652174, 0.7333333333333333, 0.8, 0.7111111111111111, 0.8222222222222222, 0.7555555555555555, 0.8444444444444444]","[0.782608695652174, 0.8695652173913043, 0.8260869565217391, 0.782608695652174, 0.7333333333333333, 0.8, 0.7111111111111111, 0.8222222222222222, 0.7555555555555555, 0.8444444444444444]","[0.8104395604395604, 0.8896430367018602, 0.8501602564102565, 0.778125, 0.7266899766899767, 0.8016098484848485, 0.7198412698412698, 0.8257440476190476, 0.75, 0.8507236227824462]","[0.7833333333333333, 0.8569444444444445, 0.8090909090909091, 0.7734848484848486, 0.7282467532467531, 0.7929292929292929, 0.6946969696969696, 0.8106060606060607, 0.7462121212121211, 0.8272727272727274]","[0.7832537028189203, 0.8680263157894736, 0.8130177804427368, 0.7751536098310292, 0.7259876745002602, 0.7945980542754737, 0.6965311004784689, 0.8145687237026649, 0.7471227621483376, 0.8341676201372997]","[0.8038700430004778, 0.8781668743305571, 0.8488712374581939, 0.7823369565217391, 0.735975135975136, 0.8052890011223345, 0.7258201058201059, 0.8237433862433862, 0.7555555555555555, 0.8471729432513746]","[0.782608695652174, 0.8695652173913043, 0.8260869565217391, 0.782608695652174, 0.7333333333333333, 0.8, 0.7111111111111111, 0.8222222222222222, 0.7555555555555555, 0.8444444444444444]","[0.7814724028334615, 0.8691533180778032, 0.8218045188788515, 0.7817738596139717, 0.733209298070727, 0.7999931728963986, 0.7074605706184655, 0.819908056724326, 0.7547030406365445, 0.8413615560640733]","[array([[12,  0,  0,  0],
       [ 2,  6,  0,  1],
       [ 0,  0,  8,  2],
       [ 0,  0,  5, 10]]), array([[11,  0,  0,  1],
       [ 2,  7,  0,  0],
       [ 0,  0,  8,  2],
       [ 0,  0,  1, 14]]), array([[ 7,  4,  0,  0],
       [ 1,  9,  0,  0],
       [ 0,  0,  7,  3],
       [ 0,  0,  0, 15]]), array([[ 8,  2,  1,  0],
       [ 2,  7,  0,  1],
       [ 0,  0,  8,  2],
       [ 0,  1,  1, 13]]), array([[ 8,  3,  0,  0],
       [ 4,  6,  0,  0],
       [ 0,  0,  8,  2],
       [ 0,  0,  3, 11]]), array([[ 8,  3,  0,  0],
       [ 1,  8,  0,  1],
       [ 0,  0,  7,  2],
       [ 0,  0,  2, 13]]), array([[ 6,  4,  1,  0],
       [ 1,  6,  0,  2],
       [ 0,  0,  7,  3],
       [ 0,  0,  2, 13]]), array([[10,  1,  0,  0],
       [ 2,  6,  0,  1],
       [ 0,  0,  8,  2],
       [ 0,  0,  2, 13]]), array([[ 9,  2,  0,  0],
       [ 3,  6,  0,  0],
       [ 0,  0,  7,  3],
       [ 0,  0,  3, 12]]), array([[10,  1,  0,  0],
       [ 2,  6,  0,  1],
       [ 0,  0,  8,  2],
       [ 0,  0,  1, 14]])]"
14,"[1.0, 1.0, 1.0, 1.0, 1.0, 1.0, 1.0, 1.0, 1.0, 1.0]","[1.0, 1.0, 1.0, 1.0, 1.0, 1.0, 1.0, 1.0, 1.0, 1.0]","[1.0, 1.0, 1.0, 1.0, 1.0, 1.0, 1.0, 1.0, 1.0, 1.0]","[1.0, 1.0, 1.0, 1.0, 1.0, 1.0, 1.0, 1.0, 1.0, 1.0]","[1.0, 1.0, 1.0, 1.0, 1.0, 1.0, 1.0, 1.0, 1.0, 1.0]","[1.0, 1.0, 1.0, 1.0, 1.0, 1.0, 1.0, 1.0, 1.0, 1.0]","[1.0, 1.0, 1.0, 1.0, 1.0, 1.0, 1.0, 1.0, 1.0, 1.0]","[1.0, 1.0, 1.0, 1.0, 1.0, 1.0, 1.0, 1.0, 1.0, 1.0]","[1.0, 1.0, 1.0, 1.0, 1.0, 1.0, 1.0, 1.0, 1.0, 1.0]","[1.0, 1.0, 1.0, 1.0, 1.0, 1.0, 1.0, 1.0, 1.0, 1.0]","[array([[100,   0,   0,   0],
       [  0, 134,   0,   0],
       [  0,   0,  89,   0],
       [  0,   0,   0, 134]]), array([[100,   0,   0,   0],
       [  0, 134,   0,   0],
       [  0,   0,  89,   0],
       [  0,   0,   0, 134]]), array([[101,   0,   0,   0],
       [  0, 134,   0,   0],
       [  0,   0,  89,   0],
       [  0,   0,   0, 134]]), array([[101,   0,   0,   0],
       [  0, 134,   0,   0],
       [  0,   0,  89,   0],
       [  0,   0,   0, 134]]), array([[101,   0,   0,   0],
       [  0, 135,   0,   0],
       [  0,   0,  89,   0],
       [  0,   0,   0, 135]]), array([[101,   0,   0,   0],
       [  0, 134,   0,   0],
       [  0,   0,  90,   0],
       [  0,   0,   0, 134]]), array([[101,   0,   0,   0],
       [  0, 134,   0,   0],
       [  0,   0,  89,   0],
       [  0,   0,   0, 134]]), array([[101,   0,   0,   0],
       [  0, 134,   0,   0],
       [  0,   0,  89,   0],
       [  0,   0,   0, 134]]), array([[101,   0,   0,   0],
       [  0, 134,   0,   0],
       [  0,   0,  89,   0],
       [  0,   0,   0, 134]]), array([[101,   0,   0,   0],
       [  0, 134,   0,   0],
       [  0,   0,  89,   0],
       [  0,   0,   0, 134]])]","[0.7608695652173914, 0.8695652173913043, 0.7391304347826086, 0.8043478260869565, 0.7777777777777778, 0.8, 0.7111111111111111, 0.8444444444444444, 0.7777777777777778, 0.8444444444444444]","[0.7608695652173914, 0.8695652173913043, 0.7391304347826086, 0.8043478260869565, 0.7777777777777778, 0.8, 0.7111111111111111, 0.8444444444444444, 0.7777777777777778, 0.8444444444444444]","[0.7608695652173914, 0.8695652173913043, 0.7391304347826086, 0.8043478260869565, 0.7777777777777778, 0.8, 0.7111111111111111, 0.8444444444444444, 0.7777777777777778, 0.8444444444444444]","[0.7608695652173914, 0.8695652173913043, 0.7391304347826086, 0.8043478260869565, 0.7777777777777778, 0.8, 0.7111111111111111, 0.8444444444444444, 0.7777777777777778, 0.8444444444444444]","[0.7886904761904763, 0.892361111111111, 0.7536549707602339, 0.7962121212121213, 0.7711038961038962, 0.8122803666921314, 0.7198412698412698, 0.8438311688311688, 0.7725694444444444, 0.8646634615384616]","[0.7583333333333332, 0.8597222222222223, 0.7174242424242425, 0.7984848484848485, 0.7711038961038962, 0.7878787878787878, 0.6946969696969696, 0.8356060606060606, 0.7628787878787878, 0.8333333333333334]","[0.7622739329635881, 0.8710264408793821, 0.7189505347593583, 0.7964285714285714, 0.7711038961038962, 0.7953869047619048, 0.6965311004784689, 0.835843685300207, 0.7660107078189659, 0.8388440860215054]","[0.7789855072463768, 0.878623188405797, 0.7523518942283245, 0.8039525691699605, 0.7777777777777778, 0.8079466938290467, 0.7258201058201059, 0.8458393458393457, 0.7770061728395062, 0.8554487179487179]","[0.7608695652173914, 0.8695652173913043, 0.7391304347826086, 0.8043478260869565, 0.7777777777777778, 0.8, 0.7111111111111111, 0.8444444444444444, 0.7777777777777778, 0.8444444444444444]","[0.7605518918862246, 0.8690356247901004, 0.7299058358521274, 0.8033126293995858, 0.7777777777777778, 0.7996693121693123, 0.7074605706184655, 0.8419254658385094, 0.7757934009459202, 0.8414217443249701]","[array([[12,  0,  0,  0],
       [ 2,  6,  0,  1],
       [ 0,  0,  7,  3],
       [ 0,  0,  5, 10]]), array([[11,  0,  0,  1],
       [ 1,  8,  0,  0],
       [ 0,  0,  7,  3],
       [ 0,  0,  1, 14]]), array([[ 7,  4,  0,  0],
       [ 2,  8,  0,  0],
       [ 0,  0,  5,  5],
       [ 0,  0,  1, 14]]), array([[ 8,  2,  1,  0],
       [ 2,  7,  0,  1],
       [ 0,  0,  9,  1],
       [ 0,  1,  1, 13]]), array([[ 8,  3,  0,  0],
       [ 3,  7,  0,  0],
       [ 0,  0,  8,  2],
       [ 0,  0,  2, 12]]), array([[ 9,  2,  0,  0],
       [ 1,  8,  0,  1],
       [ 0,  0,  6,  3],
       [ 0,  1,  1, 13]]), array([[ 6,  4,  1,  0],
       [ 1,  6,  0,  2],
       [ 0,  0,  7,  3],
       [ 0,  0,  2, 13]]), array([[10,  1,  0,  0],
       [ 2,  6,  0,  1],
       [ 0,  0,  9,  1],
       [ 0,  0,  2, 13]]), array([[ 9,  2,  0,  0],
       [ 3,  6,  0,  0],
       [ 0,  0,  7,  3],
       [ 0,  0,  2, 13]]), array([[11,  0,  0,  0],
       [ 2,  6,  0,  1],
       [ 0,  0,  8,  2],
       [ 0,  0,  2, 13]])]"
15,"[1.0, 1.0, 1.0, 1.0, 1.0, 1.0, 1.0, 1.0, 1.0, 1.0]","[1.0, 1.0, 1.0, 1.0, 1.0, 1.0, 1.0, 1.0, 1.0, 1.0]","[1.0, 1.0, 1.0, 1.0, 1.0, 1.0, 1.0, 1.0, 1.0, 1.0]","[1.0, 1.0, 1.0, 1.0, 1.0, 1.0, 1.0, 1.0, 1.0, 1.0]","[1.0, 1.0, 1.0, 1.0, 1.0, 1.0, 1.0, 1.0, 1.0, 1.0]","[1.0, 1.0, 1.0, 1.0, 1.0, 1.0, 1.0, 1.0, 1.0, 1.0]","[1.0, 1.0, 1.0, 1.0, 1.0, 1.0, 1.0, 1.0, 1.0, 1.0]","[1.0, 1.0, 1.0, 1.0, 1.0, 1.0, 1.0, 1.0, 1.0, 1.0]","[1.0, 1.0, 1.0, 1.0, 1.0, 1.0, 1.0, 1.0, 1.0, 1.0]","[1.0, 1.0, 1.0, 1.0, 1.0, 1.0, 1.0, 1.0, 1.0, 1.0]","[array([[100,   0,   0,   0],
       [  0, 134,   0,   0],
       [  0,   0,  89,   0],
       [  0,   0,   0, 134]]), array([[100,   0,   0,   0],
       [  0, 134,   0,   0],
       [  0,   0,  89,   0],
       [  0,   0,   0, 134]]), array([[101,   0,   0,   0],
       [  0, 134,   0,   0],
       [  0,   0,  89,   0],
       [  0,   0,   0, 134]]), array([[101,   0,   0,   0],
       [  0, 134,   0,   0],
       [  0,   0,  89,   0],
       [  0,   0,   0, 134]]), array([[101,   0,   0,   0],
       [  0, 135,   0,   0],
       [  0,   0,  89,   0],
       [  0,   0,   0, 135]]), array([[101,   0,   0,   0],
       [  0, 134,   0,   0],
       [  0,   0,  90,   0],
       [  0,   0,   0, 134]]), array([[101,   0,   0,   0],
       [  0, 134,   0,   0],
       [  0,   0,  89,   0],
       [  0,   0,   0, 134]]), array([[101,   0,   0,   0],
       [  0, 134,   0,   0],
       [  0,   0,  89,   0],
       [  0,   0,   0, 134]]), array([[101,   0,   0,   0],
       [  0, 134,   0,   0],
       [  0,   0,  89,   0],
       [  0,   0,   0, 134]]), array([[101,   0,   0,   0],
       [  0, 134,   0,   0],
       [  0,   0,  89,   0],
       [  0,   0,   0, 134]])]","[0.8043478260869565, 0.8478260869565217, 0.782608695652174, 0.8043478260869565, 0.7555555555555555, 0.8222222222222222, 0.7111111111111111, 0.7777777777777778, 0.7777777777777778, 0.8666666666666667]","[0.8043478260869565, 0.8478260869565217, 0.782608695652174, 0.8043478260869565, 0.7555555555555555, 0.8222222222222222, 0.7111111111111111, 0.7777777777777778, 0.7777777777777778, 0.8666666666666667]","[0.8043478260869565, 0.8478260869565217, 0.782608695652174, 0.8043478260869565, 0.7555555555555555, 0.8222222222222222, 0.7111111111111111, 0.7777777777777778, 0.7777777777777778, 0.8666666666666667]","[0.8043478260869565, 0.8478260869565217, 0.782608695652174, 0.8043478260869565, 0.7555555555555555, 0.8222222222222222, 0.7111111111111111, 0.7777777777777778, 0.7777777777777778, 0.8666666666666667]","[0.8269230769230769, 0.874732905982906, 0.8211152882205515, 0.8051549145299145, 0.746103896103896, 0.8462301587301587, 0.7198412698412698, 0.7697916666666667, 0.7725694444444444, 0.8831168831168832]","[0.811111111111111, 0.8319444444444444, 0.7674242424242423, 0.793939393939394, 0.7483766233766235, 0.8068181818181819, 0.6946969696969696, 0.7651515151515152, 0.7628787878787878, 0.8583333333333333]","[0.8112344720496895, 0.8453156565656565, 0.7649101307189543, 0.7952037351443124, 0.7464285714285714, 0.8146929824561404, 0.6965311004784689, 0.7668202764976959, 0.7660107078189659, 0.8584236453201971]","[0.8210702341137123, 0.8602285395763656, 0.8158439577203879, 0.8051723337049425, 0.7549494949494948, 0.8417989417989418, 0.7258201058201059, 0.7775, 0.7770061728395062, 0.8834054834054835]","[0.8043478260869565, 0.8478260869565217, 0.782608695652174, 0.8043478260869565, 0.7555555555555555, 0.8222222222222222, 0.7111111111111111, 0.7777777777777778, 0.7777777777777778, 0.8666666666666667]","[0.8057784229003511, 0.8465228370663154, 0.7715615231599887, 0.8007615462217959, 0.7544973544973544, 0.8204944178628388, 0.7074605706184655, 0.7769243898276156, 0.7757934009459202, 0.8644378762999453]","[array([[12,  0,  0,  0],
       [ 1,  7,  0,  1],
       [ 0,  0,  8,  2],
       [ 0,  0,  5, 10]]), array([[11,  0,  0,  1],
       [ 2,  7,  0,  0],
       [ 0,  0,  7,  3],
       [ 0,  0,  1, 14]]), array([[ 7,  4,  0,  0],
       [ 0, 10,  0,  0],
       [ 0,  0,  5,  5],
       [ 0,  0,  1, 14]]), array([[10,  1,  0,  0],
       [ 3,  6,  0,  1],
       [ 0,  0,  8,  2],
       [ 0,  1,  1, 13]]), array([[ 7,  3,  1,  0],
       [ 3,  7,  0,  0],
       [ 0,  0,  8,  2],
       [ 0,  0,  2, 12]]), array([[ 8,  3,  0,  0],
       [ 0,  9,  0,  1],
       [ 0,  0,  6,  3],
       [ 0,  0,  1, 14]]), array([[ 6,  4,  1,  0],
       [ 1,  6,  0,  2],
       [ 0,  0,  7,  3],
       [ 0,  0,  2, 13]]), array([[ 8,  3,  0,  0],
       [ 2,  6,  0,  1],
       [ 0,  0,  8,  2],
       [ 0,  0,  2, 13]]), array([[ 9,  2,  0,  0],
       [ 3,  6,  0,  0],
       [ 0,  0,  7,  3],
       [ 0,  0,  2, 13]]), array([[11,  0,  0,  0],
       [ 3,  6,  0,  0],
       [ 0,  0,  9,  1],
       [ 0,  0,  2, 13]])]"
16,"[1.0, 1.0, 1.0, 1.0, 1.0, 1.0, 1.0, 1.0, 1.0, 1.0]","[1.0, 1.0, 1.0, 1.0, 1.0, 1.0, 1.0, 1.0, 1.0, 1.0]","[1.0, 1.0, 1.0, 1.0, 1.0, 1.0, 1.0, 1.0, 1.0, 1.0]","[1.0, 1.0, 1.0, 1.0, 1.0, 1.0, 1.0, 1.0, 1.0, 1.0]","[1.0, 1.0, 1.0, 1.0, 1.0, 1.0, 1.0, 1.0, 1.0, 1.0]","[1.0, 1.0, 1.0, 1.0, 1.0, 1.0, 1.0, 1.0, 1.0, 1.0]","[1.0, 1.0, 1.0, 1.0, 1.0, 1.0, 1.0, 1.0, 1.0, 1.0]","[1.0, 1.0, 1.0, 1.0, 1.0, 1.0, 1.0, 1.0, 1.0, 1.0]","[1.0, 1.0, 1.0, 1.0, 1.0, 1.0, 1.0, 1.0, 1.0, 1.0]","[1.0, 1.0, 1.0, 1.0, 1.0, 1.0, 1.0, 1.0, 1.0, 1.0]","[array([[100,   0,   0,   0],
       [  0, 134,   0,   0],
       [  0,   0,  89,   0],
       [  0,   0,   0, 134]]), array([[100,   0,   0,   0],
       [  0, 134,   0,   0],
       [  0,   0,  89,   0],
       [  0,   0,   0, 134]]), array([[101,   0,   0,   0],
       [  0, 134,   0,   0],
       [  0,   0,  89,   0],
       [  0,   0,   0, 134]]), array([[101,   0,   0,   0],
       [  0, 134,   0,   0],
       [  0,   0,  89,   0],
       [  0,   0,   0, 134]]), array([[101,   0,   0,   0],
       [  0, 135,   0,   0],
       [  0,   0,  89,   0],
       [  0,   0,   0, 135]]), array([[101,   0,   0,   0],
       [  0, 134,   0,   0],
       [  0,   0,  90,   0],
       [  0,   0,   0, 134]]), array([[101,   0,   0,   0],
       [  0, 134,   0,   0],
       [  0,   0,  89,   0],
       [  0,   0,   0, 134]]), array([[101,   0,   0,   0],
       [  0, 134,   0,   0],
       [  0,   0,  89,   0],
       [  0,   0,   0, 134]]), array([[101,   0,   0,   0],
       [  0, 134,   0,   0],
       [  0,   0,  89,   0],
       [  0,   0,   0, 134]]), array([[101,   0,   0,   0],
       [  0, 134,   0,   0],
       [  0,   0,  89,   0],
       [  0,   0,   0, 134]])]","[0.7608695652173914, 0.8260869565217391, 0.782608695652174, 0.782608695652174, 0.7555555555555555, 0.8, 0.6888888888888889, 0.8, 0.7777777777777778, 0.8222222222222222]","[0.7608695652173914, 0.8260869565217391, 0.782608695652174, 0.782608695652174, 0.7555555555555555, 0.8, 0.6888888888888889, 0.8, 0.7777777777777778, 0.8222222222222222]","[0.7608695652173914, 0.8260869565217391, 0.782608695652174, 0.782608695652174, 0.7555555555555555, 0.8, 0.6888888888888889, 0.8, 0.7777777777777778, 0.8222222222222222]","[0.7608695652173914, 0.8260869565217391, 0.782608695652174, 0.782608695652174, 0.7555555555555555, 0.8, 0.6888888888888889, 0.8, 0.7777777777777778, 0.8222222222222222]","[0.7886904761904763, 0.8402777777777778, 0.8211152882205515, 0.778125, 0.7512626262626263, 0.8127705627705627, 0.7020050125313283, 0.8050653594771242, 0.773989898989899, 0.85]","[0.7583333333333332, 0.8111111111111111, 0.7674242424242423, 0.7734848484848486, 0.746103896103896, 0.7818181818181817, 0.6696969696969697, 0.7906565656565657, 0.773989898989899, 0.8055555555555556]","[0.7622739329635881, 0.8207813428401664, 0.7649101307189543, 0.7751536098310292, 0.7479252598581092, 0.7900974025974026, 0.6736326109391124, 0.7960656850459482, 0.773989898989899, 0.8067765567765568]","[0.7789855072463768, 0.832427536231884, 0.8158439577203879, 0.7823369565217391, 0.7550617283950618, 0.8095879429212762, 0.7057421331105541, 0.8032970225127087, 0.7777777777777778, 0.8459259259259259]","[0.7608695652173914, 0.8260869565217391, 0.782608695652174, 0.782608695652174, 0.7555555555555555, 0.8, 0.6888888888888889, 0.8, 0.7777777777777778, 0.8222222222222222]","[0.7605518918862246, 0.8242785915420187, 0.7715615231599887, 0.7817738596139717, 0.754547287759629, 0.7976960076960077, 0.6845315904139434, 0.7996553884711779, 0.7777777777777778, 0.8163614163614163]","[array([[12,  0,  0,  0],
       [ 2,  6,  0,  1],
       [ 0,  0,  7,  3],
       [ 0,  0,  5, 10]]), array([[10,  1,  0,  1],
       [ 2,  7,  0,  0],
       [ 0,  0,  7,  3],
       [ 0,  0,  1, 14]]), array([[ 7,  4,  0,  0],
       [ 0, 10,  0,  0],
       [ 0,  0,  5,  5],
       [ 0,  0,  1, 14]]), array([[ 8,  2,  1,  0],
       [ 2,  7,  0,  1],
       [ 0,  0,  8,  2],
       [ 0,  1,  1, 13]]), array([[ 8,  3,  0,  0],
       [ 3,  7,  0,  0],
       [ 0,  0,  7,  3],
       [ 0,  0,  2, 12]]), array([[ 8,  3,  0,  0],
       [ 1,  8,  0,  1],
       [ 0,  0,  6,  3],
       [ 0,  0,  1, 14]]), array([[ 6,  4,  1,  0],
       [ 1,  6,  0,  2],
       [ 0,  0,  6,  4],
       [ 0,  0,  2, 13]]), array([[ 9,  2,  0,  0],
       [ 1,  7,  0,  1],
       [ 0,  0,  7,  3],
       [ 0,  0,  2, 13]]), array([[ 9,  2,  0,  0],
       [ 2,  7,  0,  0],
       [ 0,  0,  7,  3],
       [ 0,  0,  3, 12]]), array([[11,  0,  0,  0],
       [ 4,  5,  0,  0],
       [ 0,  0,  8,  2],
       [ 0,  0,  2, 13]])]"
17,"[1.0, 1.0, 1.0, 1.0, 1.0, 1.0, 1.0, 1.0, 1.0, 1.0]","[1.0, 1.0, 1.0, 1.0, 1.0, 1.0, 1.0, 1.0, 1.0, 1.0]","[1.0, 1.0, 1.0, 1.0, 1.0, 1.0, 1.0, 1.0, 1.0, 1.0]","[1.0, 1.0, 1.0, 1.0, 1.0, 1.0, 1.0, 1.0, 1.0, 1.0]","[1.0, 1.0, 1.0, 1.0, 1.0, 1.0, 1.0, 1.0, 1.0, 1.0]","[1.0, 1.0, 1.0, 1.0, 1.0, 1.0, 1.0, 1.0, 1.0, 1.0]","[1.0, 1.0, 1.0, 1.0, 1.0, 1.0, 1.0, 1.0, 1.0, 1.0]","[1.0, 1.0, 1.0, 1.0, 1.0, 1.0, 1.0, 1.0, 1.0, 1.0]","[1.0, 1.0, 1.0, 1.0, 1.0, 1.0, 1.0, 1.0, 1.0, 1.0]","[1.0, 1.0, 1.0, 1.0, 1.0, 1.0, 1.0, 1.0, 1.0, 1.0]","[array([[100,   0,   0,   0],
       [  0, 134,   0,   0],
       [  0,   0,  89,   0],
       [  0,   0,   0, 134]]), array([[100,   0,   0,   0],
       [  0, 134,   0,   0],
       [  0,   0,  89,   0],
       [  0,   0,   0, 134]]), array([[101,   0,   0,   0],
       [  0, 134,   0,   0],
       [  0,   0,  89,   0],
       [  0,   0,   0, 134]]), array([[101,   0,   0,   0],
       [  0, 134,   0,   0],
       [  0,   0,  89,   0],
       [  0,   0,   0, 134]]), array([[101,   0,   0,   0],
       [  0, 135,   0,   0],
       [  0,   0,  89,   0],
       [  0,   0,   0, 135]]), array([[101,   0,   0,   0],
       [  0, 134,   0,   0],
       [  0,   0,  90,   0],
       [  0,   0,   0, 134]]), array([[101,   0,   0,   0],
       [  0, 134,   0,   0],
       [  0,   0,  89,   0],
       [  0,   0,   0, 134]]), array([[101,   0,   0,   0],
       [  0, 134,   0,   0],
       [  0,   0,  89,   0],
       [  0,   0,   0, 134]]), array([[101,   0,   0,   0],
       [  0, 134,   0,   0],
       [  0,   0,  89,   0],
       [  0,   0,   0, 134]]), array([[101,   0,   0,   0],
       [  0, 134,   0,   0],
       [  0,   0,  89,   0],
       [  0,   0,   0, 134]])]","[0.782608695652174, 0.8043478260869565, 0.7608695652173914, 0.782608695652174, 0.7111111111111111, 0.8222222222222222, 0.7111111111111111, 0.8444444444444444, 0.7333333333333333, 0.8666666666666667]","[0.782608695652174, 0.8043478260869565, 0.7608695652173914, 0.782608695652174, 0.7111111111111111, 0.8222222222222222, 0.7111111111111111, 0.8444444444444444, 0.7333333333333333, 0.8666666666666667]","[0.782608695652174, 0.8043478260869565, 0.7608695652173914, 0.782608695652174, 0.7111111111111111, 0.8222222222222222, 0.7111111111111111, 0.8444444444444444, 0.7333333333333333, 0.8666666666666667]","[0.782608695652174, 0.8043478260869565, 0.7608695652173914, 0.782608695652174, 0.7111111111111111, 0.8222222222222222, 0.7111111111111111, 0.8444444444444444, 0.7333333333333333, 0.8666666666666667]","[0.8104395604395604, 0.8255795739348372, 0.7698412698412698, 0.7765894236482471, 0.7007575757575757, 0.8337301587301588, 0.7198412698412698, 0.847549019607843, 0.7234848484848484, 0.86492673992674]","[0.7833333333333333, 0.7861111111111112, 0.7424242424242424, 0.7651515151515151, 0.6983766233766233, 0.8045454545454545, 0.6946969696969696, 0.8323232323232324, 0.7234848484848484, 0.8522727272727273]","[0.7832537028189203, 0.7965686274509804, 0.7454099821746881, 0.7689892344497608, 0.6988821976571523, 0.8139069264069264, 0.6965311004784689, 0.8380064745196324, 0.7234848484848484, 0.8541666666666667]","[0.8038700430004778, 0.8151969597907813, 0.7708764665286403, 0.7806194941744814, 0.7081481481481482, 0.8284656084656083, 0.7258201058201059, 0.8475962236746549, 0.7333333333333333, 0.8705738705738706]","[0.782608695652174, 0.8043478260869565, 0.7608695652173914, 0.782608695652174, 0.7111111111111111, 0.8222222222222222, 0.7111111111111111, 0.8444444444444444, 0.7333333333333333, 0.8666666666666667]","[0.7814724028334615, 0.8005115089514065, 0.7556265984654731, 0.7796052631578947, 0.7089332526719097, 0.8201298701298702, 0.7074605706184655, 0.8438805346700083, 0.7333333333333333, 0.8648148148148149]","[array([[12,  0,  0,  0],
       [ 2,  6,  0,  1],
       [ 0,  0,  8,  2],
       [ 0,  0,  5, 10]]), array([[10,  1,  0,  1],
       [ 2,  7,  0,  0],
       [ 0,  0,  6,  4],
       [ 0,  0,  1, 14]]), array([[ 7,  4,  0,  0],
       [ 2,  8,  0,  0],
       [ 0,  0,  6,  4],
       [ 0,  0,  1, 14]]), array([[ 8,  2,  1,  0],
       [ 3,  6,  0,  1],
       [ 0,  0,  8,  2],
       [ 0,  1,  0, 14]]), array([[ 7,  3,  1,  0],
       [ 4,  6,  0,  0],
       [ 0,  0,  7,  3],
       [ 0,  0,  2, 12]]), array([[ 9,  2,  0,  0],
       [ 1,  8,  0,  1],
       [ 0,  0,  6,  3],
       [ 0,  0,  1, 14]]), array([[ 6,  4,  1,  0],
       [ 1,  6,  0,  2],
       [ 0,  0,  7,  3],
       [ 0,  0,  2, 13]]), array([[ 9,  2,  0,  0],
       [ 1,  7,  0,  1],
       [ 0,  0,  8,  2],
       [ 0,  0,  1, 14]]), array([[ 8,  3,  0,  0],
       [ 3,  6,  0,  0],
       [ 0,  0,  7,  3],
       [ 0,  0,  3, 12]]), array([[10,  1,  0,  0],
       [ 3,  6,  0,  0],
       [ 0,  0,  9,  1],
       [ 0,  0,  1, 14]])]"
18,"[1.0, 1.0, 1.0, 1.0, 1.0, 1.0, 1.0, 1.0, 1.0, 1.0]","[1.0, 1.0, 1.0, 1.0, 1.0, 1.0, 1.0, 1.0, 1.0, 1.0]","[1.0, 1.0, 1.0, 1.0, 1.0, 1.0, 1.0, 1.0, 1.0, 1.0]","[1.0, 1.0, 1.0, 1.0, 1.0, 1.0, 1.0, 1.0, 1.0, 1.0]","[1.0, 1.0, 1.0, 1.0, 1.0, 1.0, 1.0, 1.0, 1.0, 1.0]","[1.0, 1.0, 1.0, 1.0, 1.0, 1.0, 1.0, 1.0, 1.0, 1.0]","[1.0, 1.0, 1.0, 1.0, 1.0, 1.0, 1.0, 1.0, 1.0, 1.0]","[1.0, 1.0, 1.0, 1.0, 1.0, 1.0, 1.0, 1.0, 1.0, 1.0]","[1.0, 1.0, 1.0, 1.0, 1.0, 1.0, 1.0, 1.0, 1.0, 1.0]","[1.0, 1.0, 1.0, 1.0, 1.0, 1.0, 1.0, 1.0, 1.0, 1.0]","[array([[100,   0,   0,   0],
       [  0, 134,   0,   0],
       [  0,   0,  89,   0],
       [  0,   0,   0, 134]]), array([[100,   0,   0,   0],
       [  0, 134,   0,   0],
       [  0,   0,  89,   0],
       [  0,   0,   0, 134]]), array([[101,   0,   0,   0],
       [  0, 134,   0,   0],
       [  0,   0,  89,   0],
       [  0,   0,   0, 134]]), array([[101,   0,   0,   0],
       [  0, 134,   0,   0],
       [  0,   0,  89,   0],
       [  0,   0,   0, 134]]), array([[101,   0,   0,   0],
       [  0, 135,   0,   0],
       [  0,   0,  89,   0],
       [  0,   0,   0, 135]]), array([[101,   0,   0,   0],
       [  0, 134,   0,   0],
       [  0,   0,  90,   0],
       [  0,   0,   0, 134]]), array([[101,   0,   0,   0],
       [  0, 134,   0,   0],
       [  0,   0,  89,   0],
       [  0,   0,   0, 134]]), array([[101,   0,   0,   0],
       [  0, 134,   0,   0],
       [  0,   0,  89,   0],
       [  0,   0,   0, 134]]), array([[101,   0,   0,   0],
       [  0, 134,   0,   0],
       [  0,   0,  89,   0],
       [  0,   0,   0, 134]]), array([[101,   0,   0,   0],
       [  0, 134,   0,   0],
       [  0,   0,  89,   0],
       [  0,   0,   0, 134]])]","[0.7608695652173914, 0.8260869565217391, 0.782608695652174, 0.8043478260869565, 0.7111111111111111, 0.8444444444444444, 0.7333333333333333, 0.8222222222222222, 0.7555555555555555, 0.8222222222222222]","[0.7608695652173914, 0.8260869565217391, 0.782608695652174, 0.8043478260869565, 0.7111111111111111, 0.8444444444444444, 0.7333333333333333, 0.8222222222222222, 0.7555555555555555, 0.8222222222222222]","[0.7608695652173914, 0.8260869565217391, 0.782608695652174, 0.8043478260869565, 0.7111111111111111, 0.8444444444444444, 0.7333333333333333, 0.8222222222222222, 0.7555555555555555, 0.8222222222222222]","[0.7608695652173914, 0.8260869565217391, 0.782608695652174, 0.8043478260869565, 0.7111111111111111, 0.8444444444444444, 0.7333333333333333, 0.8222222222222222, 0.7555555555555555, 0.8222222222222222]","[0.7886904761904763, 0.8479911900964533, 0.8005570818070817, 0.8031045751633987, 0.7007575757575757, 0.8496323529411764, 0.7372803666921314, 0.8326388888888889, 0.75, 0.8232600732600733]","[0.7583333333333332, 0.8138888888888889, 0.7674242424242423, 0.7901515151515153, 0.6983766233766233, 0.8323232323232324, 0.7196969696969696, 0.8073232323232324, 0.7462121212121211, 0.8106060606060607]","[0.7622739329635881, 0.8219664677465188, 0.7684545005853393, 0.7947525062656642, 0.6988821976571523, 0.8389180672268908, 0.7181625939849624, 0.8152958152958153, 0.7471227621483376, 0.8125000000000001]","[0.7789855072463768, 0.8376771969449315, 0.7996993948080905, 0.8052571753339016, 0.7081481481481482, 0.8472875816993464, 0.7460419319242848, 0.8292592592592591, 0.7555555555555555, 0.8261294261294261]","[0.7608695652173914, 0.8260869565217391, 0.782608695652174, 0.8043478260869565, 0.7111111111111111, 0.8444444444444444, 0.7333333333333333, 0.8222222222222222, 0.7555555555555555, 0.8222222222222222]","[0.7605518918862246, 0.8227510285777827, 0.7764662254587167, 0.8027609785332896, 0.7089332526719097, 0.843674136321195, 0.7294242550821498, 0.8207471540804875, 0.7547030406365445, 0.8203703703703705]","[array([[12,  0,  0,  0],
       [ 2,  6,  0,  1],
       [ 0,  0,  7,  3],
       [ 0,  0,  5, 10]]), array([[10,  1,  0,  1],
       [ 1,  8,  0,  0],
       [ 0,  0,  6,  4],
       [ 0,  0,  1, 14]]), array([[ 7,  4,  0,  0],
       [ 1,  9,  0,  0],
       [ 0,  0,  6,  4],
       [ 0,  0,  1, 14]]), array([[ 8,  2,  1,  0],
       [ 2,  7,  0,  1],
       [ 0,  0,  8,  2],
       [ 0,  1,  0, 14]]), array([[ 7,  3,  1,  0],
       [ 4,  6,  0,  0],
       [ 0,  0,  7,  3],
       [ 0,  0,  2, 12]]), array([[ 9,  2,  0,  0],
       [ 1,  8,  0,  1],
       [ 0,  0,  7,  2],
       [ 0,  0,  1, 14]]), array([[ 6,  4,  1,  0],
       [ 1,  6,  0,  2],
       [ 0,  0,  8,  2],
       [ 0,  0,  2, 13]]), array([[ 9,  2,  0,  0],
       [ 1,  7,  0,  1],
       [ 0,  0,  7,  3],
       [ 0,  0,  1, 14]]), array([[ 9,  2,  0,  0],
       [ 3,  6,  0,  0],
       [ 0,  0,  7,  3],
       [ 0,  0,  3, 12]]), array([[10,  1,  0,  0],
       [ 3,  6,  0,  0],
       [ 0,  0,  8,  2],
       [ 0,  0,  2, 13]])]"
19,"[1.0, 1.0, 1.0, 1.0, 1.0, 1.0, 1.0, 1.0, 1.0, 1.0]","[1.0, 1.0, 1.0, 1.0, 1.0, 1.0, 1.0, 1.0, 1.0, 1.0]","[1.0, 1.0, 1.0, 1.0, 1.0, 1.0, 1.0, 1.0, 1.0, 1.0]","[1.0, 1.0, 1.0, 1.0, 1.0, 1.0, 1.0, 1.0, 1.0, 1.0]","[1.0, 1.0, 1.0, 1.0, 1.0, 1.0, 1.0, 1.0, 1.0, 1.0]","[1.0, 1.0, 1.0, 1.0, 1.0, 1.0, 1.0, 1.0, 1.0, 1.0]","[1.0, 1.0, 1.0, 1.0, 1.0, 1.0, 1.0, 1.0, 1.0, 1.0]","[1.0, 1.0, 1.0, 1.0, 1.0, 1.0, 1.0, 1.0, 1.0, 1.0]","[1.0, 1.0, 1.0, 1.0, 1.0, 1.0, 1.0, 1.0, 1.0, 1.0]","[1.0, 1.0, 1.0, 1.0, 1.0, 1.0, 1.0, 1.0, 1.0, 1.0]","[array([[100,   0,   0,   0],
       [  0, 134,   0,   0],
       [  0,   0,  89,   0],
       [  0,   0,   0, 134]]), array([[100,   0,   0,   0],
       [  0, 134,   0,   0],
       [  0,   0,  89,   0],
       [  0,   0,   0, 134]]), array([[101,   0,   0,   0],
       [  0, 134,   0,   0],
       [  0,   0,  89,   0],
       [  0,   0,   0, 134]]), array([[101,   0,   0,   0],
       [  0, 134,   0,   0],
       [  0,   0,  89,   0],
       [  0,   0,   0, 134]]), array([[101,   0,   0,   0],
       [  0, 135,   0,   0],
       [  0,   0,  89,   0],
       [  0,   0,   0, 135]]), array([[101,   0,   0,   0],
       [  0, 134,   0,   0],
       [  0,   0,  90,   0],
       [  0,   0,   0, 134]]), array([[101,   0,   0,   0],
       [  0, 134,   0,   0],
       [  0,   0,  89,   0],
       [  0,   0,   0, 134]]), array([[101,   0,   0,   0],
       [  0, 134,   0,   0],
       [  0,   0,  89,   0],
       [  0,   0,   0, 134]]), array([[101,   0,   0,   0],
       [  0, 134,   0,   0],
       [  0,   0,  89,   0],
       [  0,   0,   0, 134]]), array([[101,   0,   0,   0],
       [  0, 134,   0,   0],
       [  0,   0,  89,   0],
       [  0,   0,   0, 134]])]","[0.7608695652173914, 0.8260869565217391, 0.782608695652174, 0.8043478260869565, 0.7111111111111111, 0.8222222222222222, 0.7333333333333333, 0.8444444444444444, 0.7555555555555555, 0.8222222222222222]","[0.7608695652173914, 0.8260869565217391, 0.782608695652174, 0.8043478260869565, 0.7111111111111111, 0.8222222222222222, 0.7333333333333333, 0.8444444444444444, 0.7555555555555555, 0.8222222222222222]","[0.7608695652173914, 0.8260869565217391, 0.782608695652174, 0.8043478260869565, 0.7111111111111111, 0.8222222222222222, 0.7333333333333333, 0.8444444444444444, 0.7555555555555555, 0.8222222222222222]","[0.7608695652173914, 0.8260869565217391, 0.782608695652174, 0.8043478260869565, 0.7111111111111111, 0.8222222222222222, 0.7333333333333333, 0.8444444444444444, 0.7555555555555555, 0.8222222222222222]","[0.7961538461538462, 0.8402777777777778, 0.8005570818070817, 0.8031045751633987, 0.7007575757575757, 0.8236222519310754, 0.7429406850459482, 0.847549019607843, 0.75, 0.8116883116883118]","[0.7555555555555555, 0.8111111111111111, 0.7674242424242423, 0.7901515151515153, 0.6983766233766233, 0.8073232323232322, 0.7113636363636363, 0.8323232323232324, 0.7462121212121211, 0.8156565656565656]","[0.7532781228433403, 0.8207813428401664, 0.7684545005853393, 0.7947525062656642, 0.6988821976571523, 0.8133883338024205, 0.7146542827657378, 0.8380064745196324, 0.7471227621483376, 0.8128939118957268]","[0.7889632107023412, 0.832427536231884, 0.7996993948080905, 0.8052571753339016, 0.7081481481481482, 0.8223493100944081, 0.7479773507843684, 0.8475962236746549, 0.7555555555555555, 0.8273015873015873]","[0.7608695652173914, 0.8260869565217391, 0.782608695652174, 0.8043478260869565, 0.7111111111111111, 0.8222222222222222, 0.7333333333333333, 0.8444444444444444, 0.7555555555555555, 0.8222222222222222]","[0.755783598883788, 0.8242785915420187, 0.7764662254587167, 0.8027609785332896, 0.7089332526719097, 0.8201152390780874, 0.7275312464166954, 0.8438805346700083, 0.7547030406365445, 0.823996773543053]","[array([[12,  0,  0,  0],
       [ 3,  5,  0,  1],
       [ 0,  0,  8,  2],
       [ 0,  0,  5, 10]]), array([[10,  1,  0,  1],
       [ 2,  7,  0,  0],
       [ 0,  0,  7,  3],
       [ 0,  0,  1, 14]]), array([[ 7,  4,  0,  0],
       [ 1,  9,  0,  0],
       [ 0,  0,  6,  4],
       [ 0,  0,  1, 14]]), array([[ 8,  2,  1,  0],
       [ 2,  7,  0,  1],
       [ 0,  0,  8,  2],
       [ 0,  1,  0, 14]]), array([[ 7,  3,  1,  0],
       [ 4,  6,  0,  0],
       [ 0,  0,  7,  3],
       [ 0,  0,  2, 12]]), array([[ 9,  2,  0,  0],
       [ 2,  7,  0,  1],
       [ 0,  0,  7,  2],
       [ 0,  0,  1, 14]]), array([[ 6,  4,  1,  0],
       [ 1,  6,  0,  2],
       [ 0,  0,  7,  3],
       [ 0,  0,  1, 14]]), array([[ 9,  2,  0,  0],
       [ 1,  7,  0,  1],
       [ 0,  0,  8,  2],
       [ 0,  0,  1, 14]]), array([[ 9,  2,  0,  0],
       [ 3,  6,  0,  0],
       [ 0,  0,  7,  3],
       [ 0,  0,  3, 12]]), array([[ 9,  2,  0,  0],
       [ 2,  7,  0,  0],
       [ 0,  1,  8,  1],
       [ 0,  0,  2, 13]])]"
20,"[1.0, 1.0, 1.0, 1.0, 1.0, 1.0, 1.0, 1.0, 1.0, 1.0]","[1.0, 1.0, 1.0, 1.0, 1.0, 1.0, 1.0, 1.0, 1.0, 1.0]","[1.0, 1.0, 1.0, 1.0, 1.0, 1.0, 1.0, 1.0, 1.0, 1.0]","[1.0, 1.0, 1.0, 1.0, 1.0, 1.0, 1.0, 1.0, 1.0, 1.0]","[1.0, 1.0, 1.0, 1.0, 1.0, 1.0, 1.0, 1.0, 1.0, 1.0]","[1.0, 1.0, 1.0, 1.0, 1.0, 1.0, 1.0, 1.0, 1.0, 1.0]","[1.0, 1.0, 1.0, 1.0, 1.0, 1.0, 1.0, 1.0, 1.0, 1.0]","[1.0, 1.0, 1.0, 1.0, 1.0, 1.0, 1.0, 1.0, 1.0, 1.0]","[1.0, 1.0, 1.0, 1.0, 1.0, 1.0, 1.0, 1.0, 1.0, 1.0]","[1.0, 1.0, 1.0, 1.0, 1.0, 1.0, 1.0, 1.0, 1.0, 1.0]","[array([[100,   0,   0,   0],
       [  0, 134,   0,   0],
       [  0,   0,  89,   0],
       [  0,   0,   0, 134]]), array([[100,   0,   0,   0],
       [  0, 134,   0,   0],
       [  0,   0,  89,   0],
       [  0,   0,   0, 134]]), array([[101,   0,   0,   0],
       [  0, 134,   0,   0],
       [  0,   0,  89,   0],
       [  0,   0,   0, 134]]), array([[101,   0,   0,   0],
       [  0, 134,   0,   0],
       [  0,   0,  89,   0],
       [  0,   0,   0, 134]]), array([[101,   0,   0,   0],
       [  0, 135,   0,   0],
       [  0,   0,  89,   0],
       [  0,   0,   0, 135]]), array([[101,   0,   0,   0],
       [  0, 134,   0,   0],
       [  0,   0,  90,   0],
       [  0,   0,   0, 134]]), array([[101,   0,   0,   0],
       [  0, 134,   0,   0],
       [  0,   0,  89,   0],
       [  0,   0,   0, 134]]), array([[101,   0,   0,   0],
       [  0, 134,   0,   0],
       [  0,   0,  89,   0],
       [  0,   0,   0, 134]]), array([[101,   0,   0,   0],
       [  0, 134,   0,   0],
       [  0,   0,  89,   0],
       [  0,   0,   0, 134]]), array([[101,   0,   0,   0],
       [  0, 134,   0,   0],
       [  0,   0,  89,   0],
       [  0,   0,   0, 134]])]","[0.7608695652173914, 0.8260869565217391, 0.7391304347826086, 0.8260869565217391, 0.7333333333333333, 0.8, 0.7333333333333333, 0.8666666666666667, 0.7333333333333333, 0.8222222222222222]","[0.7608695652173914, 0.8260869565217391, 0.7391304347826086, 0.8260869565217391, 0.7333333333333333, 0.8, 0.7333333333333333, 0.8666666666666667, 0.7333333333333333, 0.8222222222222222]","[0.7608695652173914, 0.8260869565217391, 0.7391304347826086, 0.8260869565217391, 0.7333333333333333, 0.8, 0.7333333333333333, 0.8666666666666667, 0.7333333333333333, 0.8222222222222222]","[0.7608695652173914, 0.8260869565217391, 0.7391304347826086, 0.8260869565217391, 0.7333333333333333, 0.8, 0.7333333333333333, 0.8666666666666667, 0.7333333333333333, 0.8222222222222222]","[0.7886904761904763, 0.8596230158730158, 0.7520315941368573, 0.8343545751633987, 0.7249999999999999, 0.8107638888888888, 0.7429406850459482, 0.874127302436126, 0.7234848484848484, 0.8229978354978356]","[0.7583333333333332, 0.8041666666666667, 0.7174242424242425, 0.812878787878788, 0.7233766233766233, 0.7929292929292929, 0.7113636363636363, 0.8550505050505051, 0.7234848484848484, 0.8128787878787879]","[0.7622739329635881, 0.8181041181041181, 0.7240196078431373, 0.8193729341469616, 0.7235632183908045, 0.797377954114197, 0.7146542827657378, 0.8624313960033774, 0.7234848484848484, 0.8141045548654244]","[0.7789855072463768, 0.8444616977225673, 0.7509402623819099, 0.8313441318556408, 0.731111111111111, 0.8112654320987654, 0.7479773507843684, 0.8692628903413218, 0.7333333333333333, 0.8254689754689755]","[0.7608695652173914, 0.8260869565217391, 0.7391304347826086, 0.8260869565217391, 0.7333333333333333, 0.8, 0.7333333333333333, 0.8666666666666667, 0.7333333333333333, 0.8222222222222222]","[0.7605518918862246, 0.8230194925847101, 0.7343137254901961, 0.8246201317724051, 0.7315453384418902, 0.8014474919977765, 0.7275312464166954, 0.8657292741658067, 0.7333333333333333, 0.8206694271911663]","[array([[12,  0,  0,  0],
       [ 2,  6,  0,  1],
       [ 0,  0,  7,  3],
       [ 0,  0,  5, 10]]), array([[11,  0,  0,  1],
       [ 3,  6,  0,  0],
       [ 0,  0,  7,  3],
       [ 0,  0,  1, 14]]), array([[ 7,  4,  0,  0],
       [ 2,  7,  0,  1],
       [ 0,  0,  6,  4],
       [ 0,  0,  1, 14]]), array([[ 9,  1,  1,  0],
       [ 2,  7,  0,  1],
       [ 0,  0,  8,  2],
       [ 1,  0,  0, 14]]), array([[ 7,  3,  1,  0],
       [ 3,  7,  0,  0],
       [ 0,  0,  7,  3],
       [ 0,  0,  2, 12]]), array([[ 8,  3,  0,  0],
       [ 1,  8,  0,  1],
       [ 0,  0,  7,  2],
       [ 0,  1,  1, 13]]), array([[ 6,  4,  1,  0],
       [ 1,  6,  0,  2],
       [ 0,  0,  7,  3],
       [ 0,  0,  1, 14]]), array([[10,  1,  0,  0],
       [ 1,  7,  0,  1],
       [ 0,  0,  8,  2],
       [ 0,  0,  1, 14]]), array([[ 8,  3,  0,  0],
       [ 3,  6,  0,  0],
       [ 0,  0,  7,  3],
       [ 0,  0,  3, 12]]), array([[ 9,  1,  0,  1],
       [ 3,  6,  0,  0],
       [ 0,  0,  9,  1],
       [ 0,  0,  2, 13]])]"
21,"[1.0, 1.0, 1.0, 1.0, 1.0, 1.0, 1.0, 1.0, 1.0, 1.0]","[1.0, 1.0, 1.0, 1.0, 1.0, 1.0, 1.0, 1.0, 1.0, 1.0]","[1.0, 1.0, 1.0, 1.0, 1.0, 1.0, 1.0, 1.0, 1.0, 1.0]","[1.0, 1.0, 1.0, 1.0, 1.0, 1.0, 1.0, 1.0, 1.0, 1.0]","[1.0, 1.0, 1.0, 1.0, 1.0, 1.0, 1.0, 1.0, 1.0, 1.0]","[1.0, 1.0, 1.0, 1.0, 1.0, 1.0, 1.0, 1.0, 1.0, 1.0]","[1.0, 1.0, 1.0, 1.0, 1.0, 1.0, 1.0, 1.0, 1.0, 1.0]","[1.0, 1.0, 1.0, 1.0, 1.0, 1.0, 1.0, 1.0, 1.0, 1.0]","[1.0, 1.0, 1.0, 1.0, 1.0, 1.0, 1.0, 1.0, 1.0, 1.0]","[1.0, 1.0, 1.0, 1.0, 1.0, 1.0, 1.0, 1.0, 1.0, 1.0]","[array([[100,   0,   0,   0],
       [  0, 134,   0,   0],
       [  0,   0,  89,   0],
       [  0,   0,   0, 134]]), array([[100,   0,   0,   0],
       [  0, 134,   0,   0],
       [  0,   0,  89,   0],
       [  0,   0,   0, 134]]), array([[101,   0,   0,   0],
       [  0, 134,   0,   0],
       [  0,   0,  89,   0],
       [  0,   0,   0, 134]]), array([[101,   0,   0,   0],
       [  0, 134,   0,   0],
       [  0,   0,  89,   0],
       [  0,   0,   0, 134]]), array([[101,   0,   0,   0],
       [  0, 135,   0,   0],
       [  0,   0,  89,   0],
       [  0,   0,   0, 135]]), array([[101,   0,   0,   0],
       [  0, 134,   0,   0],
       [  0,   0,  90,   0],
       [  0,   0,   0, 134]]), array([[101,   0,   0,   0],
       [  0, 134,   0,   0],
       [  0,   0,  89,   0],
       [  0,   0,   0, 134]]), array([[101,   0,   0,   0],
       [  0, 134,   0,   0],
       [  0,   0,  89,   0],
       [  0,   0,   0, 134]]), array([[101,   0,   0,   0],
       [  0, 134,   0,   0],
       [  0,   0,  89,   0],
       [  0,   0,   0, 134]]), array([[101,   0,   0,   0],
       [  0, 134,   0,   0],
       [  0,   0,  89,   0],
       [  0,   0,   0, 134]])]","[0.7391304347826086, 0.8260869565217391, 0.7391304347826086, 0.8043478260869565, 0.7333333333333333, 0.8444444444444444, 0.7555555555555555, 0.8222222222222222, 0.7555555555555555, 0.8]","[0.7391304347826086, 0.8260869565217391, 0.7391304347826086, 0.8043478260869565, 0.7333333333333333, 0.8444444444444444, 0.7555555555555555, 0.8222222222222222, 0.7555555555555555, 0.8]","[0.7391304347826086, 0.8260869565217391, 0.7391304347826086, 0.8043478260869565, 0.7333333333333333, 0.8444444444444444, 0.7555555555555555, 0.8222222222222222, 0.7555555555555555, 0.8]","[0.7391304347826086, 0.8260869565217391, 0.7391304347826086, 0.8043478260869565, 0.7333333333333333, 0.8444444444444444, 0.7555555555555555, 0.8222222222222222, 0.7555555555555555, 0.8]","[0.7836538461538461, 0.8596230158730158, 0.7520315941368573, 0.8031045751633987, 0.7249999999999999, 0.8621323529411764, 0.787745879851143, 0.8201500297088533, 0.75, 0.8026223776223776]","[0.7277777777777777, 0.8041666666666667, 0.7174242424242425, 0.7901515151515153, 0.7233766233766233, 0.8345959595959596, 0.7391414141414141, 0.8045454545454547, 0.7512626262626263, 0.7851010101010101]","[0.7206163401815576, 0.8181041181041181, 0.7240196078431373, 0.7947525062656642, 0.7235632183908045, 0.8397041232761047, 0.74156346749226, 0.8102923585702224, 0.7496867167919798, 0.7851190476190476]","[0.7759197324414716, 0.8444616977225673, 0.7509402623819099, 0.8052571753339016, 0.731111111111111, 0.8606209150326797, 0.7901707129777306, 0.8220406681190996, 0.7577777777777778, 0.8066045066045067]","[0.7391304347826086, 0.8260869565217391, 0.7391304347826086, 0.8043478260869565, 0.7333333333333333, 0.8444444444444444, 0.7555555555555555, 0.8222222222222222, 0.7555555555555555, 0.8]","[0.7281518103824342, 0.8230194925847101, 0.7343137254901961, 0.8027609785332896, 0.7315453384418902, 0.8440386840541638, 0.7508015135878913, 0.8199776401788786, 0.7558340295182401, 0.796031746031746]","[array([[12,  0,  0,  0],
       [ 4,  4,  0,  1],
       [ 0,  0,  8,  2],
       [ 0,  0,  5, 10]]), array([[11,  0,  0,  1],
       [ 3,  6,  0,  0],
       [ 0,  0,  7,  3],
       [ 0,  0,  1, 14]]), array([[ 7,  4,  0,  0],
       [ 2,  7,  0,  1],
       [ 0,  0,  6,  4],
       [ 0,  0,  1, 14]]), array([[ 8,  2,  1,  0],
       [ 2,  7,  0,  1],
       [ 0,  0,  8,  2],
       [ 0,  1,  0, 14]]), array([[ 7,  3,  1,  0],
       [ 3,  7,  0,  0],
       [ 0,  0,  7,  3],
       [ 0,  0,  2, 12]]), array([[ 8,  3,  0,  0],
       [ 0,  9,  0,  1],
       [ 0,  0,  7,  2],
       [ 0,  0,  1, 14]]), array([[ 6,  4,  1,  0],
       [ 0,  7,  0,  2],
       [ 0,  0,  7,  3],
       [ 0,  0,  1, 14]]), array([[ 9,  2,  0,  0],
       [ 2,  6,  0,  1],
       [ 0,  0,  8,  2],
       [ 0,  0,  1, 14]]), array([[ 8,  3,  0,  0],
       [ 2,  7,  0,  0],
       [ 0,  0,  7,  3],
       [ 0,  0,  3, 12]]), array([[ 9,  1,  0,  1],
       [ 4,  5,  0,  0],
       [ 0,  0,  9,  1],
       [ 0,  0,  2, 13]])]"
22,"[1.0, 1.0, 1.0, 1.0, 1.0, 1.0, 1.0, 1.0, 1.0, 1.0]","[1.0, 1.0, 1.0, 1.0, 1.0, 1.0, 1.0, 1.0, 1.0, 1.0]","[1.0, 1.0, 1.0, 1.0, 1.0, 1.0, 1.0, 1.0, 1.0, 1.0]","[1.0, 1.0, 1.0, 1.0, 1.0, 1.0, 1.0, 1.0, 1.0, 1.0]","[1.0, 1.0, 1.0, 1.0, 1.0, 1.0, 1.0, 1.0, 1.0, 1.0]","[1.0, 1.0, 1.0, 1.0, 1.0, 1.0, 1.0, 1.0, 1.0, 1.0]","[1.0, 1.0, 1.0, 1.0, 1.0, 1.0, 1.0, 1.0, 1.0, 1.0]","[1.0, 1.0, 1.0, 1.0, 1.0, 1.0, 1.0, 1.0, 1.0, 1.0]","[1.0, 1.0, 1.0, 1.0, 1.0, 1.0, 1.0, 1.0, 1.0, 1.0]","[1.0, 1.0, 1.0, 1.0, 1.0, 1.0, 1.0, 1.0, 1.0, 1.0]","[array([[100,   0,   0,   0],
       [  0, 134,   0,   0],
       [  0,   0,  89,   0],
       [  0,   0,   0, 134]]), array([[100,   0,   0,   0],
       [  0, 134,   0,   0],
       [  0,   0,  89,   0],
       [  0,   0,   0, 134]]), array([[101,   0,   0,   0],
       [  0, 134,   0,   0],
       [  0,   0,  89,   0],
       [  0,   0,   0, 134]]), array([[101,   0,   0,   0],
       [  0, 134,   0,   0],
       [  0,   0,  89,   0],
       [  0,   0,   0, 134]]), array([[101,   0,   0,   0],
       [  0, 135,   0,   0],
       [  0,   0,  89,   0],
       [  0,   0,   0, 135]]), array([[101,   0,   0,   0],
       [  0, 134,   0,   0],
       [  0,   0,  90,   0],
       [  0,   0,   0, 134]]), array([[101,   0,   0,   0],
       [  0, 134,   0,   0],
       [  0,   0,  89,   0],
       [  0,   0,   0, 134]]), array([[101,   0,   0,   0],
       [  0, 134,   0,   0],
       [  0,   0,  89,   0],
       [  0,   0,   0, 134]]), array([[101,   0,   0,   0],
       [  0, 134,   0,   0],
       [  0,   0,  89,   0],
       [  0,   0,   0, 134]]), array([[101,   0,   0,   0],
       [  0, 134,   0,   0],
       [  0,   0,  89,   0],
       [  0,   0,   0, 134]])]","[0.8043478260869565, 0.8695652173913043, 0.717391304347826, 0.8260869565217391, 0.8, 0.8222222222222222, 0.6888888888888889, 0.8666666666666667, 0.7333333333333333, 0.8]","[0.8043478260869565, 0.8695652173913043, 0.717391304347826, 0.8260869565217391, 0.8, 0.8222222222222222, 0.6888888888888889, 0.8666666666666667, 0.7333333333333333, 0.8]","[0.8043478260869565, 0.8695652173913043, 0.717391304347826, 0.8260869565217391, 0.8, 0.8222222222222222, 0.6888888888888889, 0.8666666666666667, 0.7333333333333333, 0.8]","[0.8043478260869565, 0.8695652173913043, 0.717391304347826, 0.8260869565217391, 0.8, 0.8222222222222222, 0.6888888888888889, 0.8666666666666667, 0.7333333333333333, 0.8]","[0.8273809523809523, 0.8896430367018602, 0.728932178932179, 0.8270944741532977, 0.8036931818181818, 0.8236222519310754, 0.7020050125313283, 0.874127302436126, 0.7190205627705627, 0.8100076394194041]","[0.8, 0.8569444444444445, 0.7007575757575758, 0.812878787878788, 0.7889610389610391, 0.8073232323232322, 0.6696969696969697, 0.8550505050505051, 0.7207070707070706, 0.787878787878788]","[0.8022425850012058, 0.8680263157894736, 0.7067736185383244, 0.8180322966507176, 0.792063492063492, 0.8133883338024205, 0.6736326109391124, 0.8624313960033774, 0.718344609208001, 0.7951704545454545]","[0.8203933747412008, 0.8781668743305571, 0.7275738753999623, 0.8265132139812446, 0.8043939393939395, 0.8223493100944081, 0.7057421331105541, 0.8692628903413218, 0.7352934102934103, 0.804108309990663]","[0.8043478260869565, 0.8695652173913043, 0.717391304347826, 0.8260869565217391, 0.8, 0.8222222222222222, 0.6888888888888889, 0.8666666666666667, 0.7333333333333333, 0.8]","[0.802803493358216, 0.8691533180778032, 0.7147175075563822, 0.8242276887871853, 0.7980246913580247, 0.8201152390780874, 0.6845315904139434, 0.8657292741658067, 0.73286960627996, 0.7986111111111112]","[array([[12,  0,  0,  0],
       [ 2,  6,  0,  1],
       [ 0,  0,  8,  2],
       [ 0,  0,  4, 11]]), array([[11,  0,  0,  1],
       [ 2,  7,  0,  0],
       [ 0,  0,  8,  2],
       [ 0,  0,  1, 14]]), array([[ 7,  4,  0,  0],
       [ 2,  7,  0,  1],
       [ 0,  0,  6,  4],
       [ 1,  0,  1, 13]]), array([[ 9,  1,  1,  0],
       [ 2,  7,  0,  1],
       [ 0,  0,  8,  2],
       [ 0,  1,  0, 14]]), array([[ 8,  3,  0,  0],
       [ 2,  8,  0,  0],
       [ 0,  0,  7,  3],
       [ 0,  0,  1, 13]]), array([[ 9,  2,  0,  0],
       [ 2,  7,  0,  1],
       [ 0,  0,  7,  2],
       [ 0,  0,  1, 14]]), array([[ 6,  4,  1,  0],
       [ 1,  6,  0,  2],
       [ 0,  0,  6,  4],
       [ 0,  0,  2, 13]]), array([[10,  1,  0,  0],
       [ 1,  7,  0,  1],
       [ 0,  0,  8,  2],
       [ 0,  0,  1, 14]]), array([[ 8,  3,  0,  0],
       [ 4,  5,  0,  0],
       [ 0,  0,  8,  2],
       [ 0,  0,  3, 12]]), array([[ 9,  1,  0,  1],
       [ 2,  6,  0,  1],
       [ 0,  0,  8,  2],
       [ 0,  0,  2, 13]])]"
23,"[1.0, 1.0, 1.0, 1.0, 1.0, 1.0, 1.0, 1.0, 1.0, 1.0]","[1.0, 1.0, 1.0, 1.0, 1.0, 1.0, 1.0, 1.0, 1.0, 1.0]","[1.0, 1.0, 1.0, 1.0, 1.0, 1.0, 1.0, 1.0, 1.0, 1.0]","[1.0, 1.0, 1.0, 1.0, 1.0, 1.0, 1.0, 1.0, 1.0, 1.0]","[1.0, 1.0, 1.0, 1.0, 1.0, 1.0, 1.0, 1.0, 1.0, 1.0]","[1.0, 1.0, 1.0, 1.0, 1.0, 1.0, 1.0, 1.0, 1.0, 1.0]","[1.0, 1.0, 1.0, 1.0, 1.0, 1.0, 1.0, 1.0, 1.0, 1.0]","[1.0, 1.0, 1.0, 1.0, 1.0, 1.0, 1.0, 1.0, 1.0, 1.0]","[1.0, 1.0, 1.0, 1.0, 1.0, 1.0, 1.0, 1.0, 1.0, 1.0]","[1.0, 1.0, 1.0, 1.0, 1.0, 1.0, 1.0, 1.0, 1.0, 1.0]","[array([[100,   0,   0,   0],
       [  0, 134,   0,   0],
       [  0,   0,  89,   0],
       [  0,   0,   0, 134]]), array([[100,   0,   0,   0],
       [  0, 134,   0,   0],
       [  0,   0,  89,   0],
       [  0,   0,   0, 134]]), array([[101,   0,   0,   0],
       [  0, 134,   0,   0],
       [  0,   0,  89,   0],
       [  0,   0,   0, 134]]), array([[101,   0,   0,   0],
       [  0, 134,   0,   0],
       [  0,   0,  89,   0],
       [  0,   0,   0, 134]]), array([[101,   0,   0,   0],
       [  0, 135,   0,   0],
       [  0,   0,  89,   0],
       [  0,   0,   0, 135]]), array([[101,   0,   0,   0],
       [  0, 134,   0,   0],
       [  0,   0,  90,   0],
       [  0,   0,   0, 134]]), array([[101,   0,   0,   0],
       [  0, 134,   0,   0],
       [  0,   0,  89,   0],
       [  0,   0,   0, 134]]), array([[101,   0,   0,   0],
       [  0, 134,   0,   0],
       [  0,   0,  89,   0],
       [  0,   0,   0, 134]]), array([[101,   0,   0,   0],
       [  0, 134,   0,   0],
       [  0,   0,  89,   0],
       [  0,   0,   0, 134]]), array([[101,   0,   0,   0],
       [  0, 134,   0,   0],
       [  0,   0,  89,   0],
       [  0,   0,   0, 134]])]","[0.8043478260869565, 0.8478260869565217, 0.717391304347826, 0.782608695652174, 0.7777777777777778, 0.8444444444444444, 0.7333333333333333, 0.8444444444444444, 0.7111111111111111, 0.7777777777777778]","[0.8043478260869565, 0.8478260869565217, 0.717391304347826, 0.782608695652174, 0.7777777777777778, 0.8444444444444444, 0.7333333333333333, 0.8444444444444444, 0.7111111111111111, 0.7777777777777778]","[0.8043478260869565, 0.8478260869565217, 0.717391304347826, 0.782608695652174, 0.7777777777777778, 0.8444444444444444, 0.7333333333333333, 0.8444444444444444, 0.7111111111111111, 0.7777777777777778]","[0.8043478260869565, 0.8478260869565217, 0.717391304347826, 0.782608695652174, 0.7777777777777778, 0.8444444444444444, 0.7333333333333333, 0.8444444444444444, 0.7111111111111111, 0.7777777777777778]","[0.8273809523809523, 0.874732905982906, 0.728932178932179, 0.7881944444444444, 0.7762626262626262, 0.8496323529411764, 0.7429406850459482, 0.847549019607843, 0.7, 0.7786764705882353]","[0.8, 0.8319444444444444, 0.7007575757575758, 0.7651515151515151, 0.7711038961038962, 0.8323232323232324, 0.7113636363636363, 0.8323232323232324, 0.7007575757575757, 0.7651515151515152]","[0.8022425850012058, 0.8453156565656565, 0.7067736185383244, 0.7720418470418471, 0.7720594589923083, 0.8389180672268908, 0.7146542827657378, 0.8380064745196324, 0.6995614035087719, 0.7700717787114846]","[0.8203933747412008, 0.8602285395763656, 0.7275738753999623, 0.7873188405797101, 0.7789001122334456, 0.8472875816993464, 0.7479773507843684, 0.8475962236746549, 0.7133333333333332, 0.7782352941176469]","[0.8043478260869565, 0.8478260869565217, 0.717391304347826, 0.782608695652174, 0.7777777777777778, 0.8444444444444444, 0.7333333333333333, 0.8444444444444444, 0.7111111111111111, 0.7777777777777778]","[0.802803493358216, 0.8465228370663154, 0.7147175075563822, 0.7801304975218019, 0.776769509981851, 0.843674136321195, 0.7275312464166954, 0.8438805346700083, 0.7115009746588694, 0.7760309679427326]","[array([[12,  0,  0,  0],
       [ 2,  6,  0,  1],
       [ 0,  0,  8,  2],
       [ 0,  0,  4, 11]]), array([[11,  0,  0,  1],
       [ 2,  7,  0,  0],
       [ 0,  0,  7,  3],
       [ 0,  0,  1, 14]]), array([[ 7,  4,  0,  0],
       [ 2,  7,  0,  1],
       [ 0,  0,  6,  4],
       [ 1,  0,  1, 13]]), array([[ 8,  2,  1,  0],
       [ 2,  7,  0,  1],
       [ 0,  0,  7,  3],
       [ 0,  1,  0, 14]]), array([[ 8,  3,  0,  0],
       [ 2,  8,  0,  0],
       [ 0,  0,  7,  3],
       [ 0,  0,  2, 12]]), array([[ 9,  2,  0,  0],
       [ 1,  8,  0,  1],
       [ 0,  0,  7,  2],
       [ 0,  0,  1, 14]]), array([[ 6,  4,  1,  0],
       [ 1,  6,  0,  2],
       [ 0,  0,  7,  3],
       [ 0,  0,  1, 14]]), array([[ 9,  2,  0,  0],
       [ 1,  7,  0,  1],
       [ 0,  0,  8,  2],
       [ 0,  0,  1, 14]]), array([[ 7,  4,  0,  0],
       [ 3,  6,  0,  0],
       [ 0,  0,  7,  3],
       [ 0,  0,  3, 12]]), array([[ 8,  2,  0,  1],
       [ 2,  6,  0,  1],
       [ 0,  0,  8,  2],
       [ 0,  0,  2, 13]])]"
24,"[1.0, 1.0, 1.0, 1.0, 1.0, 1.0, 1.0, 1.0, 1.0, 1.0]","[1.0, 1.0, 1.0, 1.0, 1.0, 1.0, 1.0, 1.0, 1.0, 1.0]","[1.0, 1.0, 1.0, 1.0, 1.0, 1.0, 1.0, 1.0, 1.0, 1.0]","[1.0, 1.0, 1.0, 1.0, 1.0, 1.0, 1.0, 1.0, 1.0, 1.0]","[1.0, 1.0, 1.0, 1.0, 1.0, 1.0, 1.0, 1.0, 1.0, 1.0]","[1.0, 1.0, 1.0, 1.0, 1.0, 1.0, 1.0, 1.0, 1.0, 1.0]","[1.0, 1.0, 1.0, 1.0, 1.0, 1.0, 1.0, 1.0, 1.0, 1.0]","[1.0, 1.0, 1.0, 1.0, 1.0, 1.0, 1.0, 1.0, 1.0, 1.0]","[1.0, 1.0, 1.0, 1.0, 1.0, 1.0, 1.0, 1.0, 1.0, 1.0]","[1.0, 1.0, 1.0, 1.0, 1.0, 1.0, 1.0, 1.0, 1.0, 1.0]","[array([[100,   0,   0,   0],
       [  0, 134,   0,   0],
       [  0,   0,  89,   0],
       [  0,   0,   0, 134]]), array([[100,   0,   0,   0],
       [  0, 134,   0,   0],
       [  0,   0,  89,   0],
       [  0,   0,   0, 134]]), array([[101,   0,   0,   0],
       [  0, 134,   0,   0],
       [  0,   0,  89,   0],
       [  0,   0,   0, 134]]), array([[101,   0,   0,   0],
       [  0, 134,   0,   0],
       [  0,   0,  89,   0],
       [  0,   0,   0, 134]]), array([[101,   0,   0,   0],
       [  0, 135,   0,   0],
       [  0,   0,  89,   0],
       [  0,   0,   0, 135]]), array([[101,   0,   0,   0],
       [  0, 134,   0,   0],
       [  0,   0,  90,   0],
       [  0,   0,   0, 134]]), array([[101,   0,   0,   0],
       [  0, 134,   0,   0],
       [  0,   0,  89,   0],
       [  0,   0,   0, 134]]), array([[101,   0,   0,   0],
       [  0, 134,   0,   0],
       [  0,   0,  89,   0],
       [  0,   0,   0, 134]]), array([[101,   0,   0,   0],
       [  0, 134,   0,   0],
       [  0,   0,  89,   0],
       [  0,   0,   0, 134]]), array([[101,   0,   0,   0],
       [  0, 134,   0,   0],
       [  0,   0,  89,   0],
       [  0,   0,   0, 134]])]","[0.782608695652174, 0.8913043478260869, 0.782608695652174, 0.7608695652173914, 0.7777777777777778, 0.8666666666666667, 0.7333333333333333, 0.8222222222222222, 0.7111111111111111, 0.8222222222222222]","[0.782608695652174, 0.8913043478260869, 0.782608695652174, 0.7608695652173914, 0.7777777777777778, 0.8666666666666667, 0.7333333333333333, 0.8222222222222222, 0.7111111111111111, 0.8222222222222222]","[0.782608695652174, 0.8913043478260869, 0.782608695652174, 0.7608695652173914, 0.7777777777777778, 0.8666666666666667, 0.7333333333333333, 0.8222222222222222, 0.7111111111111111, 0.8222222222222222]","[0.782608695652174, 0.8913043478260869, 0.782608695652174, 0.7608695652173914, 0.7777777777777778, 0.8666666666666667, 0.7333333333333333, 0.8222222222222222, 0.7111111111111111, 0.8222222222222222]","[0.8130952380952381, 0.9072712418300652, 0.7857434640522876, 0.7606209150326797, 0.7738320707070707, 0.879177807486631, 0.7429406850459482, 0.8201500297088533, 0.6979166666666666, 0.8349264705882353]","[0.7722222222222223, 0.8847222222222222, 0.7674242424242426, 0.7484848484848484, 0.7662337662337664, 0.8573232323232323, 0.7113636363636363, 0.8045454545454547, 0.6957070707070707, 0.8156565656565656]","[0.7722670050256257, 0.8937371001031992, 0.7700126262626262, 0.7528117167919799, 0.7663533834586466, 0.8639180672268907, 0.7146542827657378, 0.8102923585702224, 0.6959718670076727, 0.8232930672268908]","[0.8054865424430642, 0.8965615231599887, 0.7896774651889741, 0.7619210002841718, 0.7773569023569025, 0.8757724301841948, 0.7479773507843684, 0.8220406681190996, 0.7101851851851851, 0.8276797385620914]","[0.782608695652174, 0.8913043478260869, 0.782608695652174, 0.7608695652173914, 0.7777777777777778, 0.8666666666666667, 0.7333333333333333, 0.8222222222222222, 0.7111111111111111, 0.8222222222222222]","[0.7771146894085426, 0.8916661058015883, 0.7799022837066316, 0.759497248556173, 0.7737956001113896, 0.8668487394957983, 0.7275312464166954, 0.8199776401788786, 0.7099175902244956, 0.8228408029878618]","[array([[12,  0,  0,  0],
       [ 3,  5,  0,  1],
       [ 0,  0,  8,  2],
       [ 0,  0,  4, 11]]), array([[11,  0,  0,  1],
       [ 1,  8,  0,  0],
       [ 0,  0,  8,  2],
       [ 0,  0,  1, 14]]), array([[ 7,  4,  0,  0],
       [ 2,  8,  0,  0],
       [ 0,  0,  7,  3],
       [ 0,  0,  1, 14]]), array([[ 8,  2,  1,  0],
       [ 2,  7,  0,  1],
       [ 0,  0,  7,  3],
       [ 0,  1,  1, 13]]), array([[ 7,  3,  1,  0],
       [ 2,  8,  0,  0],
       [ 0,  0,  7,  3],
       [ 0,  0,  1, 13]]), array([[ 9,  2,  0,  0],
       [ 0,  9,  0,  1],
       [ 0,  0,  7,  2],
       [ 0,  0,  1, 14]]), array([[ 6,  4,  1,  0],
       [ 1,  6,  0,  2],
       [ 0,  0,  7,  3],
       [ 0,  0,  1, 14]]), array([[ 9,  2,  0,  0],
       [ 2,  6,  0,  1],
       [ 0,  0,  8,  2],
       [ 0,  0,  1, 14]]), array([[ 8,  3,  0,  0],
       [ 4,  5,  0,  0],
       [ 0,  0,  7,  3],
       [ 0,  0,  3, 12]]), array([[ 9,  1,  0,  1],
       [ 1,  7,  0,  1],
       [ 0,  0,  8,  2],
       [ 0,  0,  2, 13]])]"
25,"[1.0, 1.0, 1.0, 1.0, 1.0, 1.0, 1.0, 1.0, 1.0, 1.0]","[1.0, 1.0, 1.0, 1.0, 1.0, 1.0, 1.0, 1.0, 1.0, 1.0]","[1.0, 1.0, 1.0, 1.0, 1.0, 1.0, 1.0, 1.0, 1.0, 1.0]","[1.0, 1.0, 1.0, 1.0, 1.0, 1.0, 1.0, 1.0, 1.0, 1.0]","[1.0, 1.0, 1.0, 1.0, 1.0, 1.0, 1.0, 1.0, 1.0, 1.0]","[1.0, 1.0, 1.0, 1.0, 1.0, 1.0, 1.0, 1.0, 1.0, 1.0]","[1.0, 1.0, 1.0, 1.0, 1.0, 1.0, 1.0, 1.0, 1.0, 1.0]","[1.0, 1.0, 1.0, 1.0, 1.0, 1.0, 1.0, 1.0, 1.0, 1.0]","[1.0, 1.0, 1.0, 1.0, 1.0, 1.0, 1.0, 1.0, 1.0, 1.0]","[1.0, 1.0, 1.0, 1.0, 1.0, 1.0, 1.0, 1.0, 1.0, 1.0]","[array([[100,   0,   0,   0],
       [  0, 134,   0,   0],
       [  0,   0,  89,   0],
       [  0,   0,   0, 134]]), array([[100,   0,   0,   0],
       [  0, 134,   0,   0],
       [  0,   0,  89,   0],
       [  0,   0,   0, 134]]), array([[101,   0,   0,   0],
       [  0, 134,   0,   0],
       [  0,   0,  89,   0],
       [  0,   0,   0, 134]]), array([[101,   0,   0,   0],
       [  0, 134,   0,   0],
       [  0,   0,  89,   0],
       [  0,   0,   0, 134]]), array([[101,   0,   0,   0],
       [  0, 135,   0,   0],
       [  0,   0,  89,   0],
       [  0,   0,   0, 135]]), array([[101,   0,   0,   0],
       [  0, 134,   0,   0],
       [  0,   0,  90,   0],
       [  0,   0,   0, 134]]), array([[101,   0,   0,   0],
       [  0, 134,   0,   0],
       [  0,   0,  89,   0],
       [  0,   0,   0, 134]]), array([[101,   0,   0,   0],
       [  0, 134,   0,   0],
       [  0,   0,  89,   0],
       [  0,   0,   0, 134]]), array([[101,   0,   0,   0],
       [  0, 134,   0,   0],
       [  0,   0,  89,   0],
       [  0,   0,   0, 134]]), array([[101,   0,   0,   0],
       [  0, 134,   0,   0],
       [  0,   0,  89,   0],
       [  0,   0,   0, 134]])]","[0.782608695652174, 0.8695652173913043, 0.7391304347826086, 0.8043478260869565, 0.7111111111111111, 0.8444444444444444, 0.7555555555555555, 0.8444444444444444, 0.7111111111111111, 0.8]","[0.782608695652174, 0.8695652173913043, 0.7391304347826086, 0.8043478260869565, 0.7111111111111111, 0.8444444444444444, 0.7555555555555555, 0.8444444444444444, 0.7111111111111111, 0.8]","[0.782608695652174, 0.8695652173913043, 0.7391304347826086, 0.8043478260869565, 0.7111111111111111, 0.8444444444444444, 0.7555555555555555, 0.8444444444444444, 0.7111111111111111, 0.8]","[0.782608695652174, 0.8695652173913043, 0.7391304347826086, 0.8043478260869565, 0.7111111111111111, 0.8444444444444444, 0.7555555555555555, 0.8444444444444444, 0.7111111111111111, 0.8]","[0.8104395604395604, 0.892361111111111, 0.7520315941368573, 0.8121843434343434, 0.7055194805194804, 0.8632756132756133, 0.7587301587301587, 0.8507236227824462, 0.6940836940836941, 0.8100076394194041]","[0.7833333333333333, 0.8597222222222223, 0.7174242424242425, 0.7878787878787878, 0.7055194805194804, 0.8295454545454546, 0.7363636363636363, 0.8272727272727274, 0.697979797979798, 0.787878787878788]","[0.7832537028189203, 0.8710264408793821, 0.7240196078431373, 0.7953216374269007, 0.7047619047619047, 0.8389069264069264, 0.7366826156299842, 0.8341676201372997, 0.6953525401801264, 0.7951704545454545]","[0.8038700430004778, 0.878623188405797, 0.7509402623819099, 0.8085748792270531, 0.7125252525252525, 0.8569504569504569, 0.7665608465608466, 0.8471729432513746, 0.713997113997114, 0.804108309990663]","[0.782608695652174, 0.8695652173913043, 0.7391304347826086, 0.8043478260869565, 0.7111111111111111, 0.8444444444444444, 0.7555555555555555, 0.8444444444444444, 0.7111111111111111, 0.8]","[0.7814724028334615, 0.8690356247901004, 0.7343137254901961, 0.8015972077756975, 0.7111111111111111, 0.8433044733044733, 0.7498848130427078, 0.8413615560640733, 0.7118409049443533, 0.7986111111111112]","[array([[12,  0,  0,  0],
       [ 2,  6,  0,  1],
       [ 0,  0,  8,  2],
       [ 0,  0,  5, 10]]), array([[11,  0,  0,  1],
       [ 1,  8,  0,  0],
       [ 0,  0,  7,  3],
       [ 0,  0,  1, 14]]), array([[ 7,  4,  0,  0],
       [ 2,  7,  0,  1],
       [ 0,  0,  6,  4],
       [ 0,  0,  1, 14]]), array([[ 9,  1,  1,  0],
       [ 2,  7,  0,  1],
       [ 0,  0,  7,  3],
       [ 0,  1,  0, 14]]), array([[ 7,  3,  1,  0],
       [ 3,  7,  0,  0],
       [ 0,  0,  7,  3],
       [ 0,  0,  3, 11]]), array([[ 9,  2,  0,  0],
       [ 0,  9,  0,  1],
       [ 0,  0,  6,  3],
       [ 0,  0,  1, 14]]), array([[ 6,  4,  1,  0],
       [ 1,  6,  0,  2],
       [ 0,  0,  8,  2],
       [ 0,  0,  1, 14]]), array([[10,  1,  0,  0],
       [ 2,  6,  0,  1],
       [ 0,  0,  8,  2],
       [ 0,  0,  1, 14]]), array([[ 7,  4,  0,  0],
       [ 4,  5,  0,  0],
       [ 0,  0,  8,  2],
       [ 0,  0,  3, 12]]), array([[ 9,  1,  0,  1],
       [ 2,  6,  0,  1],
       [ 0,  0,  8,  2],
       [ 0,  0,  2, 13]])]"
26,"[1.0, 1.0, 1.0, 1.0, 1.0, 1.0, 1.0, 1.0, 1.0, 1.0]","[1.0, 1.0, 1.0, 1.0, 1.0, 1.0, 1.0, 1.0, 1.0, 1.0]","[1.0, 1.0, 1.0, 1.0, 1.0, 1.0, 1.0, 1.0, 1.0, 1.0]","[1.0, 1.0, 1.0, 1.0, 1.0, 1.0, 1.0, 1.0, 1.0, 1.0]","[1.0, 1.0, 1.0, 1.0, 1.0, 1.0, 1.0, 1.0, 1.0, 1.0]","[1.0, 1.0, 1.0, 1.0, 1.0, 1.0, 1.0, 1.0, 1.0, 1.0]","[1.0, 1.0, 1.0, 1.0, 1.0, 1.0, 1.0, 1.0, 1.0, 1.0]","[1.0, 1.0, 1.0, 1.0, 1.0, 1.0, 1.0, 1.0, 1.0, 1.0]","[1.0, 1.0, 1.0, 1.0, 1.0, 1.0, 1.0, 1.0, 1.0, 1.0]","[1.0, 1.0, 1.0, 1.0, 1.0, 1.0, 1.0, 1.0, 1.0, 1.0]","[array([[100,   0,   0,   0],
       [  0, 134,   0,   0],
       [  0,   0,  89,   0],
       [  0,   0,   0, 134]]), array([[100,   0,   0,   0],
       [  0, 134,   0,   0],
       [  0,   0,  89,   0],
       [  0,   0,   0, 134]]), array([[101,   0,   0,   0],
       [  0, 134,   0,   0],
       [  0,   0,  89,   0],
       [  0,   0,   0, 134]]), array([[101,   0,   0,   0],
       [  0, 134,   0,   0],
       [  0,   0,  89,   0],
       [  0,   0,   0, 134]]), array([[101,   0,   0,   0],
       [  0, 135,   0,   0],
       [  0,   0,  89,   0],
       [  0,   0,   0, 135]]), array([[101,   0,   0,   0],
       [  0, 134,   0,   0],
       [  0,   0,  90,   0],
       [  0,   0,   0, 134]]), array([[101,   0,   0,   0],
       [  0, 134,   0,   0],
       [  0,   0,  89,   0],
       [  0,   0,   0, 134]]), array([[101,   0,   0,   0],
       [  0, 134,   0,   0],
       [  0,   0,  89,   0],
       [  0,   0,   0, 134]]), array([[101,   0,   0,   0],
       [  0, 134,   0,   0],
       [  0,   0,  89,   0],
       [  0,   0,   0, 134]]), array([[101,   0,   0,   0],
       [  0, 134,   0,   0],
       [  0,   0,  89,   0],
       [  0,   0,   0, 134]])]","[0.782608695652174, 0.8478260869565217, 0.7608695652173914, 0.782608695652174, 0.7555555555555555, 0.8444444444444444, 0.7555555555555555, 0.8222222222222222, 0.7777777777777778, 0.8]","[0.782608695652174, 0.8478260869565217, 0.7608695652173914, 0.782608695652174, 0.7555555555555555, 0.8444444444444444, 0.7555555555555555, 0.8222222222222222, 0.7777777777777778, 0.8]","[0.782608695652174, 0.8478260869565217, 0.7608695652173914, 0.782608695652174, 0.7555555555555555, 0.8444444444444444, 0.7555555555555555, 0.8222222222222222, 0.7777777777777778, 0.8]","[0.782608695652174, 0.8478260869565217, 0.7608695652173914, 0.782608695652174, 0.7555555555555555, 0.8444444444444444, 0.7555555555555555, 0.8222222222222222, 0.7777777777777778, 0.8]","[0.7940705128205128, 0.8531045751633988, 0.7698412698412698, 0.7881944444444444, 0.7475694444444444, 0.8496323529411764, 0.7584113190730837, 0.8326388888888889, 0.7711038961038962, 0.8100076394194041]","[0.7902777777777777, 0.8430555555555557, 0.7424242424242424, 0.7651515151515151, 0.7412337662337662, 0.8323232323232324, 0.7424242424242424, 0.8073232323232324, 0.7762626262626262, 0.787878787878788]","[0.7875334916575326, 0.8443480861244019, 0.7454099821746881, 0.7720418470418471, 0.7425438596491228, 0.8389180672268908, 0.7444783834586466, 0.8152958152958153, 0.7720594589923083, 0.7951704545454545]","[0.7949414715719064, 0.8530832622904235, 0.7708764665286403, 0.7873188405797101, 0.7522839506172839, 0.8472875816993464, 0.7637403446226976, 0.8292592592592591, 0.7828860028860029, 0.804108309990663]","[0.782608695652174, 0.8478260869565217, 0.7608695652173914, 0.782608695652174, 0.7555555555555555, 0.8444444444444444, 0.7555555555555555, 0.8222222222222222, 0.7777777777777778, 0.8]","[0.7844037425934457, 0.8465909090909092, 0.7556265984654731, 0.7801304975218019, 0.7518908382066276, 0.843674136321195, 0.7535957950431634, 0.8207471540804875, 0.7787860455737043, 0.7986111111111112]","[array([[11,  1,  0,  0],
       [ 1,  7,  0,  1],
       [ 0,  0,  8,  2],
       [ 0,  0,  5, 10]]), array([[ 9,  2,  0,  1],
       [ 1,  8,  0,  0],
       [ 0,  0,  8,  2],
       [ 0,  0,  1, 14]]), array([[ 7,  4,  0,  0],
       [ 2,  8,  0,  0],
       [ 0,  0,  6,  4],
       [ 0,  0,  1, 14]]), array([[ 8,  2,  1,  0],
       [ 2,  7,  0,  1],
       [ 0,  0,  7,  3],
       [ 0,  1,  0, 14]]), array([[ 7,  3,  1,  0],
       [ 3,  7,  0,  0],
       [ 0,  0,  7,  3],
       [ 0,  0,  1, 13]]), array([[ 9,  2,  0,  0],
       [ 1,  8,  0,  1],
       [ 0,  0,  7,  2],
       [ 0,  0,  1, 14]]), array([[ 7,  3,  1,  0],
       [ 1,  6,  0,  2],
       [ 0,  0,  8,  2],
       [ 0,  0,  2, 13]]), array([[ 9,  2,  0,  0],
       [ 1,  7,  0,  1],
       [ 0,  0,  7,  3],
       [ 0,  0,  1, 14]]), array([[ 8,  3,  0,  0],
       [ 2,  7,  0,  0],
       [ 0,  0,  8,  2],
       [ 0,  0,  3, 12]]), array([[ 9,  1,  0,  1],
       [ 2,  6,  0,  1],
       [ 0,  0,  8,  2],
       [ 0,  0,  2, 13]])]"
27,"[1.0, 1.0, 1.0, 1.0, 1.0, 1.0, 1.0, 1.0, 1.0, 1.0]","[1.0, 1.0, 1.0, 1.0, 1.0, 1.0, 1.0, 1.0, 1.0, 1.0]","[1.0, 1.0, 1.0, 1.0, 1.0, 1.0, 1.0, 1.0, 1.0, 1.0]","[1.0, 1.0, 1.0, 1.0, 1.0, 1.0, 1.0, 1.0, 1.0, 1.0]","[1.0, 1.0, 1.0, 1.0, 1.0, 1.0, 1.0, 1.0, 1.0, 1.0]","[1.0, 1.0, 1.0, 1.0, 1.0, 1.0, 1.0, 1.0, 1.0, 1.0]","[1.0, 1.0, 1.0, 1.0, 1.0, 1.0, 1.0, 1.0, 1.0, 1.0]","[1.0, 1.0, 1.0, 1.0, 1.0, 1.0, 1.0, 1.0, 1.0, 1.0]","[1.0, 1.0, 1.0, 1.0, 1.0, 1.0, 1.0, 1.0, 1.0, 1.0]","[1.0, 1.0, 1.0, 1.0, 1.0, 1.0, 1.0, 1.0, 1.0, 1.0]","[array([[100,   0,   0,   0],
       [  0, 134,   0,   0],
       [  0,   0,  89,   0],
       [  0,   0,   0, 134]]), array([[100,   0,   0,   0],
       [  0, 134,   0,   0],
       [  0,   0,  89,   0],
       [  0,   0,   0, 134]]), array([[101,   0,   0,   0],
       [  0, 134,   0,   0],
       [  0,   0,  89,   0],
       [  0,   0,   0, 134]]), array([[101,   0,   0,   0],
       [  0, 134,   0,   0],
       [  0,   0,  89,   0],
       [  0,   0,   0, 134]]), array([[101,   0,   0,   0],
       [  0, 135,   0,   0],
       [  0,   0,  89,   0],
       [  0,   0,   0, 135]]), array([[101,   0,   0,   0],
       [  0, 134,   0,   0],
       [  0,   0,  90,   0],
       [  0,   0,   0, 134]]), array([[101,   0,   0,   0],
       [  0, 134,   0,   0],
       [  0,   0,  89,   0],
       [  0,   0,   0, 134]]), array([[101,   0,   0,   0],
       [  0, 134,   0,   0],
       [  0,   0,  89,   0],
       [  0,   0,   0, 134]]), array([[101,   0,   0,   0],
       [  0, 134,   0,   0],
       [  0,   0,  89,   0],
       [  0,   0,   0, 134]]), array([[101,   0,   0,   0],
       [  0, 134,   0,   0],
       [  0,   0,  89,   0],
       [  0,   0,   0, 134]])]","[0.7608695652173914, 0.8695652173913043, 0.7391304347826086, 0.782608695652174, 0.7333333333333333, 0.8444444444444444, 0.7555555555555555, 0.8444444444444444, 0.7555555555555555, 0.7777777777777778]","[0.7608695652173914, 0.8695652173913043, 0.7391304347826086, 0.782608695652174, 0.7333333333333333, 0.8444444444444444, 0.7555555555555555, 0.8444444444444444, 0.7555555555555555, 0.7777777777777778]","[0.7608695652173914, 0.8695652173913043, 0.7391304347826086, 0.782608695652174, 0.7333333333333333, 0.8444444444444444, 0.7555555555555555, 0.8444444444444444, 0.7555555555555555, 0.7777777777777778]","[0.7608695652173914, 0.8695652173913043, 0.7391304347826086, 0.782608695652174, 0.7333333333333333, 0.8444444444444444, 0.7555555555555555, 0.8444444444444444, 0.7555555555555555, 0.7777777777777778]","[0.7678710178710179, 0.8896430367018602, 0.76875, 0.7881944444444444, 0.7249999999999999, 0.8496323529411764, 0.7587301587301587, 0.847549019607843, 0.7445887445887446, 0.7870098039215687]","[0.7694444444444445, 0.8569444444444445, 0.7174242424242425, 0.7651515151515151, 0.7233766233766233, 0.8323232323232324, 0.7363636363636363, 0.8323232323232324, 0.7484848484848485, 0.76010101010101]","[0.7643202208419599, 0.8680263157894736, 0.7222787081339712, 0.7720418470418471, 0.7235632183908045, 0.8389180672268908, 0.7366826156299842, 0.8380064745196324, 0.7458575906851769, 0.7654438405797102]","[0.7739434478564913, 0.8781668743305571, 0.7635869565217391, 0.7873188405797101, 0.731111111111111, 0.8472875816993464, 0.7665608465608466, 0.8475962236746549, 0.7584415584415584, 0.7826797385620915]","[0.7608695652173914, 0.8695652173913043, 0.7391304347826086, 0.782608695652174, 0.7333333333333333, 0.8444444444444444, 0.7555555555555555, 0.8444444444444444, 0.7555555555555555, 0.7777777777777778]","[0.7631650013502566, 0.8691533180778032, 0.7310432702309132, 0.7801304975218019, 0.7315453384418902, 0.843674136321195, 0.7498848130427078, 0.8438805346700083, 0.7562853493887978, 0.7732487922705314]","[array([[10,  2,  0,  0],
       [ 1,  7,  0,  1],
       [ 0,  0,  8,  2],
       [ 0,  0,  5, 10]]), array([[11,  0,  0,  1],
       [ 2,  7,  0,  0],
       [ 0,  0,  8,  2],
       [ 0,  0,  1, 14]]), array([[ 7,  4,  0,  0],
       [ 1,  8,  0,  1],
       [ 0,  0,  5,  5],
       [ 0,  0,  1, 14]]), array([[ 8,  2,  1,  0],
       [ 2,  7,  0,  1],
       [ 0,  0,  7,  3],
       [ 0,  1,  0, 14]]), array([[ 7,  3,  1,  0],
       [ 3,  7,  0,  0],
       [ 0,  0,  7,  3],
       [ 0,  0,  2, 12]]), array([[ 9,  2,  0,  0],
       [ 1,  8,  0,  1],
       [ 0,  0,  7,  2],
       [ 0,  0,  1, 14]]), array([[ 6,  4,  1,  0],
       [ 1,  6,  0,  2],
       [ 0,  0,  8,  2],
       [ 0,  0,  1, 14]]), array([[ 9,  2,  0,  0],
       [ 1,  7,  0,  1],
       [ 0,  0,  8,  2],
       [ 0,  0,  1, 14]]), array([[ 8,  3,  0,  0],
       [ 3,  6,  0,  0],
       [ 0,  0,  8,  2],
       [ 0,  0,  3, 12]]), array([[ 9,  1,  0,  1],
       [ 3,  5,  0,  1],
       [ 0,  0,  8,  2],
       [ 0,  0,  2, 13]])]"
28,"[1.0, 1.0, 1.0, 1.0, 1.0, 1.0, 1.0, 1.0, 1.0, 1.0]","[1.0, 1.0, 1.0, 1.0, 1.0, 1.0, 1.0, 1.0, 1.0, 1.0]","[1.0, 1.0, 1.0, 1.0, 1.0, 1.0, 1.0, 1.0, 1.0, 1.0]","[1.0, 1.0, 1.0, 1.0, 1.0, 1.0, 1.0, 1.0, 1.0, 1.0]","[1.0, 1.0, 1.0, 1.0, 1.0, 1.0, 1.0, 1.0, 1.0, 1.0]","[1.0, 1.0, 1.0, 1.0, 1.0, 1.0, 1.0, 1.0, 1.0, 1.0]","[1.0, 1.0, 1.0, 1.0, 1.0, 1.0, 1.0, 1.0, 1.0, 1.0]","[1.0, 1.0, 1.0, 1.0, 1.0, 1.0, 1.0, 1.0, 1.0, 1.0]","[1.0, 1.0, 1.0, 1.0, 1.0, 1.0, 1.0, 1.0, 1.0, 1.0]","[1.0, 1.0, 1.0, 1.0, 1.0, 1.0, 1.0, 1.0, 1.0, 1.0]","[array([[100,   0,   0,   0],
       [  0, 134,   0,   0],
       [  0,   0,  89,   0],
       [  0,   0,   0, 134]]), array([[100,   0,   0,   0],
       [  0, 134,   0,   0],
       [  0,   0,  89,   0],
       [  0,   0,   0, 134]]), array([[101,   0,   0,   0],
       [  0, 134,   0,   0],
       [  0,   0,  89,   0],
       [  0,   0,   0, 134]]), array([[101,   0,   0,   0],
       [  0, 134,   0,   0],
       [  0,   0,  89,   0],
       [  0,   0,   0, 134]]), array([[101,   0,   0,   0],
       [  0, 135,   0,   0],
       [  0,   0,  89,   0],
       [  0,   0,   0, 135]]), array([[101,   0,   0,   0],
       [  0, 134,   0,   0],
       [  0,   0,  90,   0],
       [  0,   0,   0, 134]]), array([[101,   0,   0,   0],
       [  0, 134,   0,   0],
       [  0,   0,  89,   0],
       [  0,   0,   0, 134]]), array([[101,   0,   0,   0],
       [  0, 134,   0,   0],
       [  0,   0,  89,   0],
       [  0,   0,   0, 134]]), array([[101,   0,   0,   0],
       [  0, 134,   0,   0],
       [  0,   0,  89,   0],
       [  0,   0,   0, 134]]), array([[101,   0,   0,   0],
       [  0, 134,   0,   0],
       [  0,   0,  89,   0],
       [  0,   0,   0, 134]])]","[0.8260869565217391, 0.8478260869565217, 0.7391304347826086, 0.782608695652174, 0.7555555555555555, 0.8444444444444444, 0.7111111111111111, 0.8222222222222222, 0.7111111111111111, 0.8]","[0.8260869565217391, 0.8478260869565217, 0.7391304347826086, 0.782608695652174, 0.7555555555555555, 0.8444444444444444, 0.7111111111111111, 0.8222222222222222, 0.7111111111111111, 0.8]","[0.8260869565217391, 0.8478260869565217, 0.7391304347826086, 0.782608695652174, 0.7555555555555555, 0.8444444444444444, 0.7111111111111111, 0.8222222222222222, 0.7111111111111111, 0.8]","[0.8260869565217391, 0.8478260869565217, 0.7391304347826086, 0.782608695652174, 0.7555555555555555, 0.8444444444444444, 0.7111111111111111, 0.8222222222222222, 0.7111111111111111, 0.8]","[0.8461538461538461, 0.8646634615384616, 0.7536549707602339, 0.7881944444444444, 0.7475694444444444, 0.8496323529411764, 0.7198412698412698, 0.8201500297088533, 0.6979166666666666, 0.8334841628959275]","[0.8388888888888889, 0.8402777777777778, 0.7174242424242425, 0.7651515151515151, 0.7412337662337662, 0.8323232323232324, 0.6946969696969696, 0.8045454545454547, 0.6957070707070707, 0.7828282828282828]","[0.8377785896967482, 0.8484274193548387, 0.7189505347593583, 0.7720418470418471, 0.7425438596491228, 0.8389180672268908, 0.6965311004784689, 0.8102923585702224, 0.6959718670076727, 0.7900297619047619]","[0.8411371237458194, 0.8552466555183946, 0.7523518942283245, 0.7873188405797101, 0.7522839506172839, 0.8472875816993464, 0.7258201058201059, 0.8220406681190996, 0.7101851851851851, 0.8207139265962795]","[0.8260869565217391, 0.8478260869565217, 0.7391304347826086, 0.782608695652174, 0.7555555555555555, 0.8444444444444444, 0.7111111111111111, 0.8222222222222222, 0.7111111111111111, 0.8]","[0.8291607758415275, 0.8481661991584852, 0.7299058358521274, 0.7801304975218019, 0.7518908382066276, 0.843674136321195, 0.7074605706184655, 0.8199776401788786, 0.7099175902244956, 0.7951719576719577]","[array([[12,  0,  0,  0],
       [ 0,  8,  0,  1],
       [ 0,  0,  8,  2],
       [ 0,  0,  5, 10]]), array([[11,  0,  0,  1],
       [ 2,  7,  0,  0],
       [ 0,  0,  8,  2],
       [ 0,  0,  2, 13]]), array([[ 7,  4,  0,  0],
       [ 2,  8,  0,  0],
       [ 0,  0,  5,  5],
       [ 0,  0,  1, 14]]), array([[ 8,  2,  1,  0],
       [ 2,  7,  0,  1],
       [ 0,  0,  7,  3],
       [ 0,  1,  0, 14]]), array([[ 7,  3,  1,  0],
       [ 3,  7,  0,  0],
       [ 0,  0,  7,  3],
       [ 0,  0,  1, 13]]), array([[ 9,  2,  0,  0],
       [ 1,  8,  0,  1],
       [ 0,  0,  7,  2],
       [ 0,  0,  1, 14]]), array([[ 6,  4,  1,  0],
       [ 1,  6,  0,  2],
       [ 0,  0,  7,  3],
       [ 0,  0,  2, 13]]), array([[ 9,  2,  0,  0],
       [ 2,  6,  0,  1],
       [ 0,  0,  8,  2],
       [ 0,  0,  1, 14]]), array([[ 8,  3,  0,  0],
       [ 4,  5,  0,  0],
       [ 0,  0,  7,  3],
       [ 0,  0,  3, 12]]), array([[10,  0,  0,  1],
       [ 3,  5,  0,  1],
       [ 0,  0,  8,  2],
       [ 0,  0,  2, 13]])]"
29,"[1.0, 1.0, 1.0, 1.0, 1.0, 1.0, 1.0, 1.0, 1.0, 1.0]","[1.0, 1.0, 1.0, 1.0, 1.0, 1.0, 1.0, 1.0, 1.0, 1.0]","[1.0, 1.0, 1.0, 1.0, 1.0, 1.0, 1.0, 1.0, 1.0, 1.0]","[1.0, 1.0, 1.0, 1.0, 1.0, 1.0, 1.0, 1.0, 1.0, 1.0]","[1.0, 1.0, 1.0, 1.0, 1.0, 1.0, 1.0, 1.0, 1.0, 1.0]","[1.0, 1.0, 1.0, 1.0, 1.0, 1.0, 1.0, 1.0, 1.0, 1.0]","[1.0, 1.0, 1.0, 1.0, 1.0, 1.0, 1.0, 1.0, 1.0, 1.0]","[1.0, 1.0, 1.0, 1.0, 1.0, 1.0, 1.0, 1.0, 1.0, 1.0]","[1.0, 1.0, 1.0, 1.0, 1.0, 1.0, 1.0, 1.0, 1.0, 1.0]","[1.0, 1.0, 1.0, 1.0, 1.0, 1.0, 1.0, 1.0, 1.0, 1.0]","[array([[100,   0,   0,   0],
       [  0, 134,   0,   0],
       [  0,   0,  89,   0],
       [  0,   0,   0, 134]]), array([[100,   0,   0,   0],
       [  0, 134,   0,   0],
       [  0,   0,  89,   0],
       [  0,   0,   0, 134]]), array([[101,   0,   0,   0],
       [  0, 134,   0,   0],
       [  0,   0,  89,   0],
       [  0,   0,   0, 134]]), array([[101,   0,   0,   0],
       [  0, 134,   0,   0],
       [  0,   0,  89,   0],
       [  0,   0,   0, 134]]), array([[101,   0,   0,   0],
       [  0, 135,   0,   0],
       [  0,   0,  89,   0],
       [  0,   0,   0, 135]]), array([[101,   0,   0,   0],
       [  0, 134,   0,   0],
       [  0,   0,  90,   0],
       [  0,   0,   0, 134]]), array([[101,   0,   0,   0],
       [  0, 134,   0,   0],
       [  0,   0,  89,   0],
       [  0,   0,   0, 134]]), array([[101,   0,   0,   0],
       [  0, 134,   0,   0],
       [  0,   0,  89,   0],
       [  0,   0,   0, 134]]), array([[101,   0,   0,   0],
       [  0, 134,   0,   0],
       [  0,   0,  89,   0],
       [  0,   0,   0, 134]]), array([[101,   0,   0,   0],
       [  0, 134,   0,   0],
       [  0,   0,  89,   0],
       [  0,   0,   0, 134]])]","[0.8043478260869565, 0.8260869565217391, 0.7391304347826086, 0.782608695652174, 0.7555555555555555, 0.8222222222222222, 0.7111111111111111, 0.8222222222222222, 0.7333333333333333, 0.8222222222222222]","[0.8043478260869565, 0.8260869565217391, 0.7391304347826086, 0.782608695652174, 0.7555555555555555, 0.8222222222222222, 0.7111111111111111, 0.8222222222222222, 0.7333333333333333, 0.8222222222222222]","[0.8043478260869565, 0.8260869565217391, 0.7391304347826086, 0.782608695652174, 0.7555555555555555, 0.8222222222222222, 0.7111111111111111, 0.8222222222222222, 0.7333333333333333, 0.8222222222222222]","[0.8043478260869565, 0.8260869565217391, 0.7391304347826086, 0.782608695652174, 0.7555555555555555, 0.8222222222222222, 0.7111111111111111, 0.8222222222222222, 0.7333333333333333, 0.8222222222222222]","[0.8130952380952381, 0.8351158645276292, 0.7520315941368573, 0.7881944444444444, 0.7617694805194805, 0.8236222519310754, 0.7198412698412698, 0.8201500297088533, 0.7211038961038961, 0.8499781468531469]","[0.8138888888888889, 0.8222222222222223, 0.7174242424242425, 0.7628787878787879, 0.7555194805194805, 0.8073232323232322, 0.6946969696969696, 0.8045454545454547, 0.7257575757575758, 0.8078282828282828]","[0.809272397294176, 0.8269490528858378, 0.7240196078431373, 0.7688844971453668, 0.7518512189564821, 0.8133883338024205, 0.6965311004784689, 0.8102923585702224, 0.7219341457091003, 0.8108678955453149]","[0.8185300207039338, 0.8295099330904957, 0.7509402623819099, 0.786231884057971, 0.7664141414141413, 0.8223493100944081, 0.7258201058201059, 0.8220406681190996, 0.7384415584415585, 0.8406857031857031]","[0.8043478260869565, 0.8260869565217391, 0.7391304347826086, 0.782608695652174, 0.7555555555555555, 0.8222222222222222, 0.7111111111111111, 0.8222222222222222, 0.7333333333333333, 0.8222222222222222]","[0.8073929542405831, 0.8258848622027659, 0.7343137254901961, 0.7778350613889365, 0.7545277334751018, 0.8201152390780874, 0.7074605706184655, 0.8199776401788786, 0.7344529907143338, 0.8166069295101553]","[array([[10,  2,  0,  0],
       [ 0,  8,  0,  1],
       [ 0,  0,  8,  2],
       [ 0,  0,  4, 11]]), array([[10,  1,  0,  1],
       [ 1,  8,  0,  0],
       [ 0,  0,  7,  3],
       [ 0,  0,  2, 13]]), array([[ 7,  4,  0,  0],
       [ 2,  7,  0,  1],
       [ 0,  0,  6,  4],
       [ 0,  0,  1, 14]]), array([[ 9,  1,  1,  0],
       [ 3,  6,  0,  1],
       [ 0,  0,  7,  3],
       [ 0,  1,  0, 14]]), array([[ 7,  3,  1,  0],
       [ 1,  9,  0,  0],
       [ 0,  0,  7,  3],
       [ 0,  0,  3, 11]]), array([[ 9,  2,  0,  0],
       [ 2,  7,  0,  1],
       [ 0,  0,  7,  2],
       [ 0,  0,  1, 14]]), array([[ 6,  4,  1,  0],
       [ 1,  6,  0,  2],
       [ 0,  0,  7,  3],
       [ 0,  0,  2, 13]]), array([[ 9,  2,  0,  0],
       [ 2,  6,  0,  1],
       [ 0,  0,  8,  2],
       [ 0,  0,  1, 14]]), array([[ 7,  4,  0,  0],
       [ 3,  6,  0,  0],
       [ 0,  0,  8,  2],
       [ 0,  0,  3, 12]]), array([[10,  0,  0,  1],
       [ 3,  5,  0,  1],
       [ 0,  0,  9,  1],
       [ 0,  0,  2, 13]])]"
30,"[1.0, 1.0, 1.0, 1.0, 1.0, 1.0, 1.0, 1.0, 1.0, 1.0]","[1.0, 1.0, 1.0, 1.0, 1.0, 1.0, 1.0, 1.0, 1.0, 1.0]","[1.0, 1.0, 1.0, 1.0, 1.0, 1.0, 1.0, 1.0, 1.0, 1.0]","[1.0, 1.0, 1.0, 1.0, 1.0, 1.0, 1.0, 1.0, 1.0, 1.0]","[1.0, 1.0, 1.0, 1.0, 1.0, 1.0, 1.0, 1.0, 1.0, 1.0]","[1.0, 1.0, 1.0, 1.0, 1.0, 1.0, 1.0, 1.0, 1.0, 1.0]","[1.0, 1.0, 1.0, 1.0, 1.0, 1.0, 1.0, 1.0, 1.0, 1.0]","[1.0, 1.0, 1.0, 1.0, 1.0, 1.0, 1.0, 1.0, 1.0, 1.0]","[1.0, 1.0, 1.0, 1.0, 1.0, 1.0, 1.0, 1.0, 1.0, 1.0]","[1.0, 1.0, 1.0, 1.0, 1.0, 1.0, 1.0, 1.0, 1.0, 1.0]","[array([[100,   0,   0,   0],
       [  0, 134,   0,   0],
       [  0,   0,  89,   0],
       [  0,   0,   0, 134]]), array([[100,   0,   0,   0],
       [  0, 134,   0,   0],
       [  0,   0,  89,   0],
       [  0,   0,   0, 134]]), array([[101,   0,   0,   0],
       [  0, 134,   0,   0],
       [  0,   0,  89,   0],
       [  0,   0,   0, 134]]), array([[101,   0,   0,   0],
       [  0, 134,   0,   0],
       [  0,   0,  89,   0],
       [  0,   0,   0, 134]]), array([[101,   0,   0,   0],
       [  0, 135,   0,   0],
       [  0,   0,  89,   0],
       [  0,   0,   0, 135]]), array([[101,   0,   0,   0],
       [  0, 134,   0,   0],
       [  0,   0,  90,   0],
       [  0,   0,   0, 134]]), array([[101,   0,   0,   0],
       [  0, 134,   0,   0],
       [  0,   0,  89,   0],
       [  0,   0,   0, 134]]), array([[101,   0,   0,   0],
       [  0, 134,   0,   0],
       [  0,   0,  89,   0],
       [  0,   0,   0, 134]]), array([[101,   0,   0,   0],
       [  0, 134,   0,   0],
       [  0,   0,  89,   0],
       [  0,   0,   0, 134]]), array([[101,   0,   0,   0],
       [  0, 134,   0,   0],
       [  0,   0,  89,   0],
       [  0,   0,   0, 134]])]","[0.782608695652174, 0.8043478260869565, 0.782608695652174, 0.8043478260869565, 0.7333333333333333, 0.8444444444444444, 0.7333333333333333, 0.8444444444444444, 0.7333333333333333, 0.8]","[0.782608695652174, 0.8043478260869565, 0.782608695652174, 0.8043478260869565, 0.7333333333333333, 0.8444444444444444, 0.7333333333333333, 0.8444444444444444, 0.7333333333333333, 0.8]","[0.782608695652174, 0.8043478260869565, 0.782608695652174, 0.8043478260869565, 0.7333333333333333, 0.8444444444444444, 0.7333333333333333, 0.8444444444444444, 0.7333333333333333, 0.8]","[0.782608695652174, 0.8043478260869565, 0.782608695652174, 0.8043478260869565, 0.7333333333333333, 0.8444444444444444, 0.7333333333333333, 0.8444444444444444, 0.7333333333333333, 0.8]","[0.7889194139194139, 0.8127042483660131, 0.7905483405483406, 0.8031045751633987, 0.7282467532467531, 0.8496323529411764, 0.7409722222222221, 0.847549019607843, 0.7211038961038961, 0.803503787878788]","[0.7791666666666667, 0.7944444444444444, 0.7651515151515151, 0.7901515151515153, 0.7282467532467531, 0.8323232323232324, 0.7174242424242424, 0.8323232323232324, 0.7257575757575758, 0.7851010101010101]","[0.778973354231975, 0.8015512125902993, 0.7695441813088872, 0.7947525062656642, 0.7282467532467531, 0.8389180672268908, 0.7228468899521532, 0.8380064745196324, 0.7219341457091003, 0.7862819742202631]","[0.7895763656633221, 0.8070296959363455, 0.7893657067570111, 0.8052571753339016, 0.7333333333333333, 0.8472875816993464, 0.7435185185185186, 0.8475962236746549, 0.7384415584415585, 0.8026515151515151]","[0.782608695652174, 0.8043478260869565, 0.782608695652174, 0.8043478260869565, 0.7333333333333333, 0.8444444444444444, 0.7333333333333333, 0.8444444444444444, 0.7333333333333333, 0.8]","[0.781783426468584, 0.8036453425763898, 0.7779586142757499, 0.8027609785332896, 0.7333333333333333, 0.843674136321195, 0.731632110579479, 0.8438805346700083, 0.7344529907143338, 0.7946837641087291]","[array([[11,  1,  0,  0],
       [ 2,  6,  0,  1],
       [ 0,  0,  8,  2],
       [ 0,  0,  4, 11]]), array([[10,  1,  0,  1],
       [ 2,  7,  0,  0],
       [ 0,  0,  7,  3],
       [ 0,  0,  2, 13]]), array([[ 8,  3,  0,  0],
       [ 2,  8,  0,  0],
       [ 0,  0,  6,  4],
       [ 0,  0,  1, 14]]), array([[ 8,  2,  1,  0],
       [ 2,  7,  0,  1],
       [ 0,  0,  8,  2],
       [ 0,  1,  0, 14]]), array([[ 8,  3,  0,  0],
       [ 3,  7,  0,  0],
       [ 0,  0,  7,  3],
       [ 0,  0,  3, 11]]), array([[ 9,  2,  0,  0],
       [ 1,  8,  0,  1],
       [ 0,  0,  7,  2],
       [ 0,  0,  1, 14]]), array([[ 7,  3,  1,  0],
       [ 1,  6,  0,  2],
       [ 0,  0,  7,  3],
       [ 0,  0,  2, 13]]), array([[ 9,  2,  0,  0],
       [ 1,  7,  0,  1],
       [ 0,  0,  8,  2],
       [ 0,  0,  1, 14]]), array([[ 7,  4,  0,  0],
       [ 3,  6,  0,  0],
       [ 0,  0,  8,  2],
       [ 0,  0,  3, 12]]), array([[ 9,  1,  0,  1],
       [ 3,  5,  0,  1],
       [ 0,  0,  9,  1],
       [ 0,  0,  2, 13]])]"
31,"[1.0, 1.0, 1.0, 1.0, 1.0, 1.0, 1.0, 1.0, 1.0, 1.0]","[1.0, 1.0, 1.0, 1.0, 1.0, 1.0, 1.0, 1.0, 1.0, 1.0]","[1.0, 1.0, 1.0, 1.0, 1.0, 1.0, 1.0, 1.0, 1.0, 1.0]","[1.0, 1.0, 1.0, 1.0, 1.0, 1.0, 1.0, 1.0, 1.0, 1.0]","[1.0, 1.0, 1.0, 1.0, 1.0, 1.0, 1.0, 1.0, 1.0, 1.0]","[1.0, 1.0, 1.0, 1.0, 1.0, 1.0, 1.0, 1.0, 1.0, 1.0]","[1.0, 1.0, 1.0, 1.0, 1.0, 1.0, 1.0, 1.0, 1.0, 1.0]","[1.0, 1.0, 1.0, 1.0, 1.0, 1.0, 1.0, 1.0, 1.0, 1.0]","[1.0, 1.0, 1.0, 1.0, 1.0, 1.0, 1.0, 1.0, 1.0, 1.0]","[1.0, 1.0, 1.0, 1.0, 1.0, 1.0, 1.0, 1.0, 1.0, 1.0]","[array([[100,   0,   0,   0],
       [  0, 134,   0,   0],
       [  0,   0,  89,   0],
       [  0,   0,   0, 134]]), array([[100,   0,   0,   0],
       [  0, 134,   0,   0],
       [  0,   0,  89,   0],
       [  0,   0,   0, 134]]), array([[101,   0,   0,   0],
       [  0, 134,   0,   0],
       [  0,   0,  89,   0],
       [  0,   0,   0, 134]]), array([[101,   0,   0,   0],
       [  0, 134,   0,   0],
       [  0,   0,  89,   0],
       [  0,   0,   0, 134]]), array([[101,   0,   0,   0],
       [  0, 135,   0,   0],
       [  0,   0,  89,   0],
       [  0,   0,   0, 135]]), array([[101,   0,   0,   0],
       [  0, 134,   0,   0],
       [  0,   0,  90,   0],
       [  0,   0,   0, 134]]), array([[101,   0,   0,   0],
       [  0, 134,   0,   0],
       [  0,   0,  89,   0],
       [  0,   0,   0, 134]]), array([[101,   0,   0,   0],
       [  0, 134,   0,   0],
       [  0,   0,  89,   0],
       [  0,   0,   0, 134]]), array([[101,   0,   0,   0],
       [  0, 134,   0,   0],
       [  0,   0,  89,   0],
       [  0,   0,   0, 134]]), array([[101,   0,   0,   0],
       [  0, 134,   0,   0],
       [  0,   0,  89,   0],
       [  0,   0,   0, 134]])]","[0.7608695652173914, 0.8260869565217391, 0.7391304347826086, 0.782608695652174, 0.7333333333333333, 0.8666666666666667, 0.7333333333333333, 0.8222222222222222, 0.7555555555555555, 0.7777777777777778]","[0.7608695652173914, 0.8260869565217391, 0.7391304347826086, 0.782608695652174, 0.7333333333333333, 0.8666666666666667, 0.7333333333333333, 0.8222222222222222, 0.7555555555555555, 0.7777777777777778]","[0.7608695652173914, 0.8260869565217391, 0.7391304347826086, 0.782608695652174, 0.7333333333333333, 0.8666666666666667, 0.7333333333333333, 0.8222222222222222, 0.7555555555555555, 0.7777777777777778]","[0.7608695652173914, 0.8260869565217391, 0.7391304347826086, 0.782608695652174, 0.7333333333333333, 0.8666666666666667, 0.7333333333333333, 0.8222222222222222, 0.7555555555555555, 0.7777777777777778]","[0.7641414141414141, 0.8351158645276292, 0.7520315941368573, 0.7881944444444444, 0.7317821067821068, 0.879177807486631, 0.7409722222222221, 0.8253267973856209, 0.7445887445887446, 0.768060064935065]","[0.7611111111111111, 0.8222222222222223, 0.7174242424242425, 0.7651515151515151, 0.7305194805194806, 0.8573232323232323, 0.7174242424242424, 0.8095959595959596, 0.7484848484848485, 0.7623737373737374]","[0.7618357487922706, 0.8269490528858378, 0.7240196078431373, 0.7720418470418471, 0.7285714285714285, 0.8639180672268907, 0.7228468899521532, 0.8134868421052631, 0.7458575906851769, 0.7620313154587348]","[0.7667984189723319, 0.8295099330904957, 0.7509402623819099, 0.7873188405797101, 0.7375982042648709, 0.8757724301841948, 0.7435185185185186, 0.8293246187363833, 0.7584415584415584, 0.7732864357864357]","[0.7608695652173914, 0.8260869565217391, 0.7391304347826086, 0.782608695652174, 0.7333333333333333, 0.8666666666666667, 0.7333333333333333, 0.8222222222222222, 0.7555555555555555, 0.7777777777777778]","[0.7630749842470069, 0.8258848622027659, 0.7343137254901961, 0.7801304975218019, 0.7330158730158729, 0.8668487394957983, 0.731632110579479, 0.8217251461988304, 0.7562853493887978, 0.7728238607270864]","[array([[10,  2,  0,  0],
       [ 1,  7,  0,  1],
       [ 0,  0,  7,  3],
       [ 0,  0,  4, 11]]), array([[10,  1,  0,  1],
       [ 1,  8,  0,  0],
       [ 0,  0,  7,  3],
       [ 0,  0,  2, 13]]), array([[ 7,  4,  0,  0],
       [ 2,  7,  0,  1],
       [ 0,  0,  6,  4],
       [ 0,  0,  1, 14]]), array([[ 8,  2,  1,  0],
       [ 2,  7,  0,  1],
       [ 0,  0,  7,  3],
       [ 0,  1,  0, 14]]), array([[ 7,  3,  1,  0],
       [ 2,  8,  0,  0],
       [ 0,  0,  7,  3],
       [ 0,  0,  3, 11]]), array([[ 9,  2,  0,  0],
       [ 0,  9,  0,  1],
       [ 0,  0,  7,  2],
       [ 0,  0,  1, 14]]), array([[ 7,  3,  1,  0],
       [ 1,  6,  0,  2],
       [ 0,  0,  7,  3],
       [ 0,  0,  2, 13]]), array([[ 8,  3,  0,  0],
       [ 1,  7,  0,  1],
       [ 0,  0,  8,  2],
       [ 0,  0,  1, 14]]), array([[ 8,  3,  0,  0],
       [ 3,  6,  0,  0],
       [ 0,  0,  8,  2],
       [ 0,  0,  3, 12]]), array([[ 8,  2,  0,  1],
       [ 3,  5,  0,  1],
       [ 0,  0,  9,  1],
       [ 0,  0,  2, 13]])]"
32,"[1.0, 1.0, 1.0, 1.0, 1.0, 1.0, 1.0, 1.0, 1.0, 1.0]","[1.0, 1.0, 1.0, 1.0, 1.0, 1.0, 1.0, 1.0, 1.0, 1.0]","[1.0, 1.0, 1.0, 1.0, 1.0, 1.0, 1.0, 1.0, 1.0, 1.0]","[1.0, 1.0, 1.0, 1.0, 1.0, 1.0, 1.0, 1.0, 1.0, 1.0]","[1.0, 1.0, 1.0, 1.0, 1.0, 1.0, 1.0, 1.0, 1.0, 1.0]","[1.0, 1.0, 1.0, 1.0, 1.0, 1.0, 1.0, 1.0, 1.0, 1.0]","[1.0, 1.0, 1.0, 1.0, 1.0, 1.0, 1.0, 1.0, 1.0, 1.0]","[1.0, 1.0, 1.0, 1.0, 1.0, 1.0, 1.0, 1.0, 1.0, 1.0]","[1.0, 1.0, 1.0, 1.0, 1.0, 1.0, 1.0, 1.0, 1.0, 1.0]","[1.0, 1.0, 1.0, 1.0, 1.0, 1.0, 1.0, 1.0, 1.0, 1.0]","[array([[100,   0,   0,   0],
       [  0, 134,   0,   0],
       [  0,   0,  89,   0],
       [  0,   0,   0, 134]]), array([[100,   0,   0,   0],
       [  0, 134,   0,   0],
       [  0,   0,  89,   0],
       [  0,   0,   0, 134]]), array([[101,   0,   0,   0],
       [  0, 134,   0,   0],
       [  0,   0,  89,   0],
       [  0,   0,   0, 134]]), array([[101,   0,   0,   0],
       [  0, 134,   0,   0],
       [  0,   0,  89,   0],
       [  0,   0,   0, 134]]), array([[101,   0,   0,   0],
       [  0, 135,   0,   0],
       [  0,   0,  89,   0],
       [  0,   0,   0, 135]]), array([[101,   0,   0,   0],
       [  0, 134,   0,   0],
       [  0,   0,  90,   0],
       [  0,   0,   0, 134]]), array([[101,   0,   0,   0],
       [  0, 134,   0,   0],
       [  0,   0,  89,   0],
       [  0,   0,   0, 134]]), array([[101,   0,   0,   0],
       [  0, 134,   0,   0],
       [  0,   0,  89,   0],
       [  0,   0,   0, 134]]), array([[101,   0,   0,   0],
       [  0, 134,   0,   0],
       [  0,   0,  89,   0],
       [  0,   0,   0, 134]]), array([[101,   0,   0,   0],
       [  0, 134,   0,   0],
       [  0,   0,  89,   0],
       [  0,   0,   0, 134]])]","[0.782608695652174, 0.8043478260869565, 0.7391304347826086, 0.8260869565217391, 0.7555555555555555, 0.8444444444444444, 0.7111111111111111, 0.8444444444444444, 0.8, 0.7777777777777778]","[0.782608695652174, 0.8043478260869565, 0.7391304347826086, 0.8260869565217391, 0.7555555555555555, 0.8444444444444444, 0.7111111111111111, 0.8444444444444444, 0.8, 0.7777777777777778]","[0.782608695652174, 0.8043478260869565, 0.7391304347826086, 0.8260869565217391, 0.7555555555555555, 0.8444444444444444, 0.7111111111111111, 0.8444444444444444, 0.8, 0.7777777777777778]","[0.782608695652174, 0.8043478260869565, 0.7391304347826086, 0.8260869565217391, 0.7555555555555555, 0.8444444444444444, 0.7111111111111111, 0.8444444444444444, 0.8, 0.7777777777777778]","[0.8067099567099567, 0.8127042483660131, 0.7583333333333333, 0.8270944741532977, 0.7512626262626263, 0.8450126262626263, 0.7198412698412698, 0.847549019607843, 0.7950937950937952, 0.768060064935065]","[0.7749999999999999, 0.7944444444444444, 0.7151515151515151, 0.812878787878788, 0.7483766233766235, 0.8373737373737373, 0.6946969696969696, 0.8323232323232324, 0.7989898989898989, 0.7623737373737374]","[0.7807692307692308, 0.8015512125902993, 0.7217261904761905, 0.8180322966507176, 0.7473727422003283, 0.838504864311316, 0.6965311004784689, 0.8380064745196324, 0.7963626411902274, 0.7620313154587348]","[0.7967250141163185, 0.8070296959363455, 0.7528985507246376, 0.8265132139812446, 0.7561840628507296, 0.84834455667789, 0.7258201058201059, 0.8475962236746549, 0.8028860028860029, 0.7732864357864357]","[0.782608695652174, 0.8043478260869565, 0.7391304347826086, 0.8260869565217391, 0.7555555555555555, 0.8444444444444444, 0.7111111111111111, 0.8444444444444444, 0.8, 0.7777777777777778]","[0.7813823857302118, 0.8036453425763898, 0.7311076604554865, 0.8242276887871853, 0.7534501003466519, 0.8437207714627069, 0.7074605706184655, 0.8438805346700083, 0.8007297938332422, 0.7728238607270864]","[array([[12,  0,  0,  0],
       [ 2,  6,  0,  1],
       [ 0,  0,  7,  3],
       [ 0,  0,  4, 11]]), array([[10,  1,  0,  1],
       [ 2,  7,  0,  0],
       [ 0,  0,  7,  3],
       [ 0,  0,  2, 13]]), array([[ 8,  3,  0,  0],
       [ 2,  7,  0,  1],
       [ 0,  0,  5,  5],
       [ 0,  0,  1, 14]]), array([[ 9,  1,  1,  0],
       [ 2,  7,  0,  1],
       [ 0,  0,  8,  2],
       [ 0,  1,  0, 14]]), array([[ 7,  3,  1,  0],
       [ 2,  8,  0,  0],
       [ 0,  0,  7,  3],
       [ 0,  0,  2, 12]]), array([[ 8,  3,  0,  0],
       [ 1,  8,  0,  1],
       [ 0,  0,  8,  1],
       [ 0,  0,  1, 14]]), array([[ 6,  4,  1,  0],
       [ 1,  6,  0,  2],
       [ 0,  0,  7,  3],
       [ 0,  0,  2, 13]]), array([[ 9,  2,  0,  0],
       [ 1,  7,  0,  1],
       [ 0,  0,  8,  2],
       [ 0,  0,  1, 14]]), array([[ 9,  2,  0,  0],
       [ 2,  7,  0,  0],
       [ 0,  0,  8,  2],
       [ 0,  0,  3, 12]]), array([[ 8,  2,  0,  1],
       [ 3,  5,  0,  1],
       [ 0,  0,  9,  1],
       [ 0,  0,  2, 13]])]"
33,"[1.0, 1.0, 1.0, 1.0, 1.0, 1.0, 1.0, 1.0, 1.0, 1.0]","[1.0, 1.0, 1.0, 1.0, 1.0, 1.0, 1.0, 1.0, 1.0, 1.0]","[1.0, 1.0, 1.0, 1.0, 1.0, 1.0, 1.0, 1.0, 1.0, 1.0]","[1.0, 1.0, 1.0, 1.0, 1.0, 1.0, 1.0, 1.0, 1.0, 1.0]","[1.0, 1.0, 1.0, 1.0, 1.0, 1.0, 1.0, 1.0, 1.0, 1.0]","[1.0, 1.0, 1.0, 1.0, 1.0, 1.0, 1.0, 1.0, 1.0, 1.0]","[1.0, 1.0, 1.0, 1.0, 1.0, 1.0, 1.0, 1.0, 1.0, 1.0]","[1.0, 1.0, 1.0, 1.0, 1.0, 1.0, 1.0, 1.0, 1.0, 1.0]","[1.0, 1.0, 1.0, 1.0, 1.0, 1.0, 1.0, 1.0, 1.0, 1.0]","[1.0, 1.0, 1.0, 1.0, 1.0, 1.0, 1.0, 1.0, 1.0, 1.0]","[array([[100,   0,   0,   0],
       [  0, 134,   0,   0],
       [  0,   0,  89,   0],
       [  0,   0,   0, 134]]), array([[100,   0,   0,   0],
       [  0, 134,   0,   0],
       [  0,   0,  89,   0],
       [  0,   0,   0, 134]]), array([[101,   0,   0,   0],
       [  0, 134,   0,   0],
       [  0,   0,  89,   0],
       [  0,   0,   0, 134]]), array([[101,   0,   0,   0],
       [  0, 134,   0,   0],
       [  0,   0,  89,   0],
       [  0,   0,   0, 134]]), array([[101,   0,   0,   0],
       [  0, 135,   0,   0],
       [  0,   0,  89,   0],
       [  0,   0,   0, 135]]), array([[101,   0,   0,   0],
       [  0, 134,   0,   0],
       [  0,   0,  90,   0],
       [  0,   0,   0, 134]]), array([[101,   0,   0,   0],
       [  0, 134,   0,   0],
       [  0,   0,  89,   0],
       [  0,   0,   0, 134]]), array([[101,   0,   0,   0],
       [  0, 134,   0,   0],
       [  0,   0,  89,   0],
       [  0,   0,   0, 134]]), array([[101,   0,   0,   0],
       [  0, 134,   0,   0],
       [  0,   0,  89,   0],
       [  0,   0,   0, 134]]), array([[101,   0,   0,   0],
       [  0, 134,   0,   0],
       [  0,   0,  89,   0],
       [  0,   0,   0, 134]])]","[0.7391304347826086, 0.8043478260869565, 0.7608695652173914, 0.8043478260869565, 0.7555555555555555, 0.8444444444444444, 0.7333333333333333, 0.8222222222222222, 0.7555555555555555, 0.8]","[0.7391304347826086, 0.8043478260869565, 0.7608695652173914, 0.8043478260869565, 0.7555555555555555, 0.8444444444444444, 0.7333333333333333, 0.8222222222222222, 0.7555555555555555, 0.8]","[0.7391304347826086, 0.8043478260869565, 0.7608695652173914, 0.8043478260869565, 0.7555555555555555, 0.8444444444444444, 0.7333333333333333, 0.8222222222222222, 0.7555555555555555, 0.8]","[0.7391304347826086, 0.8043478260869565, 0.7608695652173914, 0.8043478260869565, 0.7555555555555555, 0.8444444444444444, 0.7333333333333333, 0.8222222222222222, 0.7555555555555555, 0.8]","[0.7382575757575758, 0.8127042483660131, 0.7698412698412698, 0.8121843434343434, 0.7532467532467533, 0.8420454545454545, 0.7409722222222221, 0.8201500297088533, 0.7395833333333334, 0.803503787878788]","[0.7333333333333334, 0.7944444444444444, 0.7424242424242424, 0.7878787878787878, 0.7532467532467533, 0.8323232323232324, 0.7174242424242424, 0.8045454545454547, 0.7373737373737373, 0.7851010101010101]","[0.7348039215686275, 0.8015512125902993, 0.7454099821746881, 0.7953216374269007, 0.7523809523809524, 0.8362342590995342, 0.7228468899521532, 0.8102923585702224, 0.7376385336743393, 0.7862819742202631]","[0.7416007905138339, 0.8070296959363455, 0.7708764665286403, 0.8085748792270531, 0.7571717171717173, 0.8444444444444444, 0.7435185185185186, 0.8220406681190996, 0.7546296296296295, 0.8026515151515151]","[0.7391304347826086, 0.8043478260869565, 0.7608695652173914, 0.8043478260869565, 0.7555555555555555, 0.8444444444444444, 0.7333333333333333, 0.8222222222222222, 0.7555555555555555, 0.8]","[0.7395566922421142, 0.8036453425763898, 0.7556265984654731, 0.8015972077756975, 0.7555555555555555, 0.8435589289479233, 0.731632110579479, 0.8199776401788786, 0.75436203466894, 0.7946837641087291]","[array([[10,  2,  0,  0],
       [ 2,  6,  0,  1],
       [ 0,  0,  7,  3],
       [ 0,  0,  4, 11]]), array([[10,  1,  0,  1],
       [ 2,  7,  0,  0],
       [ 0,  0,  7,  3],
       [ 0,  0,  2, 13]]), array([[ 7,  4,  0,  0],
       [ 2,  8,  0,  0],
       [ 0,  0,  6,  4],
       [ 0,  0,  1, 14]]), array([[ 9,  1,  1,  0],
       [ 2,  7,  0,  1],
       [ 0,  0,  7,  3],
       [ 0,  1,  0, 14]]), array([[ 8,  3,  0,  0],
       [ 2,  8,  0,  0],
       [ 0,  0,  7,  3],
       [ 0,  0,  3, 11]]), array([[ 9,  2,  0,  0],
       [ 2,  8,  0,  0],
       [ 0,  0,  7,  2],
       [ 0,  0,  1, 14]]), array([[ 7,  3,  1,  0],
       [ 1,  6,  0,  2],
       [ 0,  0,  7,  3],
       [ 0,  0,  2, 13]]), array([[ 9,  2,  0,  0],
       [ 2,  6,  0,  1],
       [ 0,  0,  8,  2],
       [ 0,  0,  1, 14]]), array([[ 8,  3,  0,  0],
       [ 4,  5,  0,  0],
       [ 0,  0,  8,  2],
       [ 0,  0,  2, 13]]), array([[ 9,  1,  0,  1],
       [ 3,  5,  0,  1],
       [ 0,  0,  9,  1],
       [ 0,  0,  2, 13]])]"
34,"[1.0, 1.0, 1.0, 1.0, 1.0, 1.0, 1.0, 1.0, 1.0, 1.0]","[1.0, 1.0, 1.0, 1.0, 1.0, 1.0, 1.0, 1.0, 1.0, 1.0]","[1.0, 1.0, 1.0, 1.0, 1.0, 1.0, 1.0, 1.0, 1.0, 1.0]","[1.0, 1.0, 1.0, 1.0, 1.0, 1.0, 1.0, 1.0, 1.0, 1.0]","[1.0, 1.0, 1.0, 1.0, 1.0, 1.0, 1.0, 1.0, 1.0, 1.0]","[1.0, 1.0, 1.0, 1.0, 1.0, 1.0, 1.0, 1.0, 1.0, 1.0]","[1.0, 1.0, 1.0, 1.0, 1.0, 1.0, 1.0, 1.0, 1.0, 1.0]","[1.0, 1.0, 1.0, 1.0, 1.0, 1.0, 1.0, 1.0, 1.0, 1.0]","[1.0, 1.0, 1.0, 1.0, 1.0, 1.0, 1.0, 1.0, 1.0, 1.0]","[1.0, 1.0, 1.0, 1.0, 1.0, 1.0, 1.0, 1.0, 1.0, 1.0]","[array([[100,   0,   0,   0],
       [  0, 134,   0,   0],
       [  0,   0,  89,   0],
       [  0,   0,   0, 134]]), array([[100,   0,   0,   0],
       [  0, 134,   0,   0],
       [  0,   0,  89,   0],
       [  0,   0,   0, 134]]), array([[101,   0,   0,   0],
       [  0, 134,   0,   0],
       [  0,   0,  89,   0],
       [  0,   0,   0, 134]]), array([[101,   0,   0,   0],
       [  0, 134,   0,   0],
       [  0,   0,  89,   0],
       [  0,   0,   0, 134]]), array([[101,   0,   0,   0],
       [  0, 135,   0,   0],
       [  0,   0,  89,   0],
       [  0,   0,   0, 135]]), array([[101,   0,   0,   0],
       [  0, 134,   0,   0],
       [  0,   0,  90,   0],
       [  0,   0,   0, 134]]), array([[101,   0,   0,   0],
       [  0, 134,   0,   0],
       [  0,   0,  89,   0],
       [  0,   0,   0, 134]]), array([[101,   0,   0,   0],
       [  0, 134,   0,   0],
       [  0,   0,  89,   0],
       [  0,   0,   0, 134]]), array([[101,   0,   0,   0],
       [  0, 134,   0,   0],
       [  0,   0,  89,   0],
       [  0,   0,   0, 134]]), array([[101,   0,   0,   0],
       [  0, 134,   0,   0],
       [  0,   0,  89,   0],
       [  0,   0,   0, 134]])]","[0.8260869565217391, 0.8260869565217391, 0.7608695652173914, 0.782608695652174, 0.7111111111111111, 0.8666666666666667, 0.7555555555555555, 0.8444444444444444, 0.8, 0.8]","[0.8260869565217391, 0.8260869565217391, 0.7608695652173914, 0.782608695652174, 0.7111111111111111, 0.8666666666666667, 0.7555555555555555, 0.8444444444444444, 0.8, 0.8]","[0.8260869565217391, 0.8260869565217391, 0.7608695652173914, 0.782608695652174, 0.7111111111111111, 0.8666666666666667, 0.7555555555555555, 0.8444444444444444, 0.8, 0.8]","[0.8260869565217391, 0.8260869565217391, 0.7608695652173914, 0.782608695652174, 0.7111111111111111, 0.8666666666666667, 0.7555555555555555, 0.8444444444444444, 0.8, 0.8]","[0.8353174603174602, 0.8351158645276292, 0.7698412698412698, 0.7881944444444444, 0.7055194805194804, 0.8659722222222223, 0.7652777777777777, 0.847549019607843, 0.7916666666666666, 0.803503787878788]","[0.8347222222222221, 0.8222222222222223, 0.7424242424242424, 0.7651515151515151, 0.7055194805194804, 0.86010101010101, 0.7401515151515151, 0.8323232323232324, 0.7929292929292929, 0.7851010101010101]","[0.8328260112368058, 0.8269490528858378, 0.7454099821746881, 0.7720418470418471, 0.7047619047619047, 0.8623143881208397, 0.7484402852049912, 0.8380064745196324, 0.7913533834586467, 0.7862819742202631]","[0.8359213250517598, 0.8295099330904957, 0.7708764665286403, 0.7873188405797101, 0.7125252525252525, 0.8672222222222222, 0.7635802469135803, 0.8475962236746549, 0.8022222222222223, 0.8026515151515151]","[0.8260869565217391, 0.8260869565217391, 0.7608695652173914, 0.782608695652174, 0.7111111111111111, 0.8666666666666667, 0.7555555555555555, 0.8444444444444444, 0.8, 0.8]","[0.8289195323286974, 0.8258848622027659, 0.7556265984654731, 0.7801304975218019, 0.7111111111111111, 0.8661546338965694, 0.7549138443256092, 0.8438805346700083, 0.8002784739626846, 0.7946837641087291]","[array([[11,  1,  0,  0],
       [ 0,  8,  0,  1],
       [ 0,  0,  8,  2],
       [ 0,  0,  4, 11]]), array([[10,  1,  0,  1],
       [ 1,  8,  0,  0],
       [ 0,  0,  7,  3],
       [ 0,  0,  2, 13]]), array([[ 7,  4,  0,  0],
       [ 2,  8,  0,  0],
       [ 0,  0,  6,  4],
       [ 0,  0,  1, 14]]), array([[ 8,  2,  1,  0],
       [ 2,  7,  0,  1],
       [ 0,  0,  7,  3],
       [ 0,  1,  0, 14]]), array([[ 7,  3,  1,  0],
       [ 3,  7,  0,  0],
       [ 0,  0,  7,  3],
       [ 0,  0,  3, 11]]), array([[ 9,  2,  0,  0],
       [ 1,  8,  0,  1],
       [ 0,  0,  8,  1],
       [ 0,  0,  1, 14]]), array([[ 8,  2,  1,  0],
       [ 1,  6,  0,  2],
       [ 0,  0,  7,  3],
       [ 0,  0,  2, 13]]), array([[ 9,  2,  0,  0],
       [ 1,  7,  0,  1],
       [ 0,  0,  8,  2],
       [ 0,  0,  1, 14]]), array([[ 8,  3,  0,  0],
       [ 2,  7,  0,  0],
       [ 0,  0,  8,  2],
       [ 0,  0,  2, 13]]), array([[ 9,  1,  0,  1],
       [ 3,  5,  0,  1],
       [ 0,  0,  9,  1],
       [ 0,  0,  2, 13]])]"
35,"[1.0, 1.0, 1.0, 1.0, 1.0, 1.0, 1.0, 1.0, 1.0, 1.0]","[1.0, 1.0, 1.0, 1.0, 1.0, 1.0, 1.0, 1.0, 1.0, 1.0]","[1.0, 1.0, 1.0, 1.0, 1.0, 1.0, 1.0, 1.0, 1.0, 1.0]","[1.0, 1.0, 1.0, 1.0, 1.0, 1.0, 1.0, 1.0, 1.0, 1.0]","[1.0, 1.0, 1.0, 1.0, 1.0, 1.0, 1.0, 1.0, 1.0, 1.0]","[1.0, 1.0, 1.0, 1.0, 1.0, 1.0, 1.0, 1.0, 1.0, 1.0]","[1.0, 1.0, 1.0, 1.0, 1.0, 1.0, 1.0, 1.0, 1.0, 1.0]","[1.0, 1.0, 1.0, 1.0, 1.0, 1.0, 1.0, 1.0, 1.0, 1.0]","[1.0, 1.0, 1.0, 1.0, 1.0, 1.0, 1.0, 1.0, 1.0, 1.0]","[1.0, 1.0, 1.0, 1.0, 1.0, 1.0, 1.0, 1.0, 1.0, 1.0]","[array([[100,   0,   0,   0],
       [  0, 134,   0,   0],
       [  0,   0,  89,   0],
       [  0,   0,   0, 134]]), array([[100,   0,   0,   0],
       [  0, 134,   0,   0],
       [  0,   0,  89,   0],
       [  0,   0,   0, 134]]), array([[101,   0,   0,   0],
       [  0, 134,   0,   0],
       [  0,   0,  89,   0],
       [  0,   0,   0, 134]]), array([[101,   0,   0,   0],
       [  0, 134,   0,   0],
       [  0,   0,  89,   0],
       [  0,   0,   0, 134]]), array([[101,   0,   0,   0],
       [  0, 135,   0,   0],
       [  0,   0,  89,   0],
       [  0,   0,   0, 135]]), array([[101,   0,   0,   0],
       [  0, 134,   0,   0],
       [  0,   0,  90,   0],
       [  0,   0,   0, 134]]), array([[101,   0,   0,   0],
       [  0, 134,   0,   0],
       [  0,   0,  89,   0],
       [  0,   0,   0, 134]]), array([[101,   0,   0,   0],
       [  0, 134,   0,   0],
       [  0,   0,  89,   0],
       [  0,   0,   0, 134]]), array([[101,   0,   0,   0],
       [  0, 134,   0,   0],
       [  0,   0,  89,   0],
       [  0,   0,   0, 134]]), array([[101,   0,   0,   0],
       [  0, 134,   0,   0],
       [  0,   0,  89,   0],
       [  0,   0,   0, 134]])]","[0.782608695652174, 0.8043478260869565, 0.7391304347826086, 0.8043478260869565, 0.7555555555555555, 0.8444444444444444, 0.7555555555555555, 0.8, 0.7555555555555555, 0.8222222222222222]","[0.782608695652174, 0.8043478260869565, 0.7391304347826086, 0.8043478260869565, 0.7555555555555555, 0.8444444444444444, 0.7555555555555555, 0.8, 0.7555555555555555, 0.8222222222222222]","[0.782608695652174, 0.8043478260869565, 0.7391304347826086, 0.8043478260869565, 0.7555555555555555, 0.8444444444444444, 0.7555555555555555, 0.8, 0.7555555555555555, 0.8222222222222222]","[0.782608695652174, 0.8043478260869565, 0.7391304347826086, 0.8043478260869565, 0.7555555555555555, 0.8444444444444444, 0.7555555555555555, 0.8, 0.7555555555555555, 0.8222222222222222]","[0.7889194139194139, 0.8106209150326797, 0.7520315941368573, 0.8172348484848484, 0.7617694805194805, 0.8472222222222222, 0.7652777777777777, 0.805239898989899, 0.7460542929292929, 0.8265016233766234]","[0.7791666666666667, 0.8013888888888888, 0.7174242424242425, 0.7901515151515153, 0.7555194805194805, 0.8345959595959596, 0.7401515151515151, 0.7795454545454545, 0.7401515151515151, 0.8128787878787879]","[0.778973354231975, 0.8024072966507177, 0.7240196078431373, 0.7970418470418471, 0.7518512189564821, 0.8362342590995342, 0.7484402852049912, 0.7875816993464053, 0.7423727941554767, 0.8160085881860076]","[0.7895763656633221, 0.8097470872406933, 0.7509402623819099, 0.8145037329819939, 0.7664141414141413, 0.8506172839506173, 0.7635802469135803, 0.8037037037037037, 0.754783950617284, 0.8240800865800866]","[0.782608695652174, 0.8043478260869565, 0.7391304347826086, 0.8043478260869565, 0.7555555555555555, 0.8444444444444444, 0.7555555555555555, 0.8, 0.7555555555555555, 0.8222222222222222]","[0.781783426468584, 0.8033271791137924, 0.7343137254901961, 0.802697785306481, 0.7545277334751018, 0.8431548885438829, 0.7549138443256092, 0.7968442595893576, 0.7544236936427089, 0.8200460829493087]","[array([[11,  1,  0,  0],
       [ 2,  6,  0,  1],
       [ 0,  0,  8,  2],
       [ 0,  0,  4, 11]]), array([[ 9,  2,  0,  1],
       [ 1,  8,  0,  0],
       [ 0,  0,  7,  3],
       [ 0,  0,  2, 13]]), array([[ 7,  4,  0,  0],
       [ 2,  7,  0,  1],
       [ 0,  0,  6,  4],
       [ 0,  0,  1, 14]]), array([[ 8,  2,  1,  0],
       [ 1,  8,  0,  1],
       [ 0,  0,  7,  3],
       [ 0,  1,  0, 14]]), array([[ 7,  3,  1,  0],
       [ 1,  9,  0,  0],
       [ 0,  0,  7,  3],
       [ 0,  0,  3, 11]]), array([[ 8,  3,  0,  0],
       [ 1,  9,  0,  0],
       [ 0,  0,  7,  2],
       [ 0,  0,  1, 14]]), array([[ 8,  2,  1,  0],
       [ 1,  6,  0,  2],
       [ 0,  0,  7,  3],
       [ 0,  0,  2, 13]]), array([[ 9,  2,  0,  0],
       [ 2,  6,  0,  1],
       [ 0,  0,  7,  3],
       [ 0,  0,  1, 14]]), array([[ 8,  3,  0,  0],
       [ 3,  6,  0,  0],
       [ 0,  0,  7,  3],
       [ 0,  0,  2, 13]]), array([[ 9,  1,  0,  1],
       [ 2,  6,  0,  1],
       [ 0,  0,  9,  1],
       [ 0,  0,  2, 13]])]"
36,"[1.0, 1.0, 1.0, 1.0, 1.0, 1.0, 1.0, 1.0, 1.0, 1.0]","[1.0, 1.0, 1.0, 1.0, 1.0, 1.0, 1.0, 1.0, 1.0, 1.0]","[1.0, 1.0, 1.0, 1.0, 1.0, 1.0, 1.0, 1.0, 1.0, 1.0]","[1.0, 1.0, 1.0, 1.0, 1.0, 1.0, 1.0, 1.0, 1.0, 1.0]","[1.0, 1.0, 1.0, 1.0, 1.0, 1.0, 1.0, 1.0, 1.0, 1.0]","[1.0, 1.0, 1.0, 1.0, 1.0, 1.0, 1.0, 1.0, 1.0, 1.0]","[1.0, 1.0, 1.0, 1.0, 1.0, 1.0, 1.0, 1.0, 1.0, 1.0]","[1.0, 1.0, 1.0, 1.0, 1.0, 1.0, 1.0, 1.0, 1.0, 1.0]","[1.0, 1.0, 1.0, 1.0, 1.0, 1.0, 1.0, 1.0, 1.0, 1.0]","[1.0, 1.0, 1.0, 1.0, 1.0, 1.0, 1.0, 1.0, 1.0, 1.0]","[array([[100,   0,   0,   0],
       [  0, 134,   0,   0],
       [  0,   0,  89,   0],
       [  0,   0,   0, 134]]), array([[100,   0,   0,   0],
       [  0, 134,   0,   0],
       [  0,   0,  89,   0],
       [  0,   0,   0, 134]]), array([[101,   0,   0,   0],
       [  0, 134,   0,   0],
       [  0,   0,  89,   0],
       [  0,   0,   0, 134]]), array([[101,   0,   0,   0],
       [  0, 134,   0,   0],
       [  0,   0,  89,   0],
       [  0,   0,   0, 134]]), array([[101,   0,   0,   0],
       [  0, 135,   0,   0],
       [  0,   0,  89,   0],
       [  0,   0,   0, 135]]), array([[101,   0,   0,   0],
       [  0, 134,   0,   0],
       [  0,   0,  90,   0],
       [  0,   0,   0, 134]]), array([[101,   0,   0,   0],
       [  0, 134,   0,   0],
       [  0,   0,  89,   0],
       [  0,   0,   0, 134]]), array([[101,   0,   0,   0],
       [  0, 134,   0,   0],
       [  0,   0,  89,   0],
       [  0,   0,   0, 134]]), array([[101,   0,   0,   0],
       [  0, 134,   0,   0],
       [  0,   0,  89,   0],
       [  0,   0,   0, 134]]), array([[101,   0,   0,   0],
       [  0, 134,   0,   0],
       [  0,   0,  89,   0],
       [  0,   0,   0, 134]])]","[0.782608695652174, 0.8260869565217391, 0.7391304347826086, 0.7608695652173914, 0.7333333333333333, 0.8444444444444444, 0.7333333333333333, 0.8444444444444444, 0.7555555555555555, 0.8]","[0.782608695652174, 0.8260869565217391, 0.7391304347826086, 0.7608695652173914, 0.7333333333333333, 0.8444444444444444, 0.7333333333333333, 0.8444444444444444, 0.7555555555555555, 0.8]","[0.782608695652174, 0.8260869565217391, 0.7391304347826086, 0.7608695652173914, 0.7333333333333333, 0.8444444444444444, 0.7333333333333333, 0.8444444444444444, 0.7555555555555555, 0.8]","[0.782608695652174, 0.8260869565217391, 0.7391304347826086, 0.7608695652173914, 0.7333333333333333, 0.8444444444444444, 0.7333333333333333, 0.8444444444444444, 0.7555555555555555, 0.8]","[0.7961538461538462, 0.8351158645276292, 0.7536549707602339, 0.7734962406015038, 0.7325396825396825, 0.8420454545454545, 0.7409722222222221, 0.847549019607843, 0.7460542929292929, 0.8026223776223776]","[0.7972222222222222, 0.8222222222222223, 0.7174242424242425, 0.7401515151515152, 0.7305194805194806, 0.8323232323232324, 0.7174242424242424, 0.8323232323232324, 0.7401515151515151, 0.7851010101010101]","[0.7902835151118904, 0.8269490528858378, 0.7189505347593583, 0.7478291316526611, 0.7282467532467531, 0.8362342590995342, 0.7228468899521532, 0.8380064745196324, 0.7423727941554767, 0.7851190476190476]","[0.8020066889632106, 0.8295099330904957, 0.7523518942283245, 0.7700882641386074, 0.7382716049382716, 0.8444444444444444, 0.7435185185185186, 0.8475962236746549, 0.754783950617284, 0.8066045066045067]","[0.782608695652174, 0.8260869565217391, 0.7391304347826086, 0.7608695652173914, 0.7333333333333333, 0.8444444444444444, 0.7333333333333333, 0.8444444444444444, 0.7555555555555555, 0.8]","[0.7860618637158284, 0.8258848622027659, 0.7299058358521274, 0.7563634149311897, 0.7327272727272727, 0.8435589289479233, 0.731632110579479, 0.8438805346700083, 0.7544236936427089, 0.796031746031746]","[array([[10,  2,  0,  0],
       [ 0,  8,  0,  1],
       [ 0,  0,  8,  2],
       [ 0,  0,  5, 10]]), array([[10,  1,  0,  1],
       [ 1,  8,  0,  0],
       [ 0,  0,  7,  3],
       [ 0,  0,  2, 13]]), array([[ 7,  4,  0,  0],
       [ 2,  8,  0,  0],
       [ 0,  0,  5,  5],
       [ 0,  0,  1, 14]]), array([[ 8,  2,  1,  0],
       [ 2,  7,  0,  1],
       [ 0,  0,  6,  4],
       [ 0,  1,  0, 14]]), array([[ 7,  4,  0,  0],
       [ 2,  8,  0,  0],
       [ 0,  0,  7,  3],
       [ 0,  0,  3, 11]]), array([[ 9,  2,  0,  0],
       [ 2,  8,  0,  0],
       [ 0,  0,  7,  2],
       [ 0,  0,  1, 14]]), array([[ 7,  3,  1,  0],
       [ 1,  6,  0,  2],
       [ 0,  0,  7,  3],
       [ 0,  0,  2, 13]]), array([[ 9,  2,  0,  0],
       [ 1,  7,  0,  1],
       [ 0,  0,  8,  2],
       [ 0,  0,  1, 14]]), array([[ 8,  3,  0,  0],
       [ 3,  6,  0,  0],
       [ 0,  0,  7,  3],
       [ 0,  0,  2, 13]]), array([[ 9,  1,  0,  1],
       [ 4,  5,  0,  0],
       [ 0,  0,  9,  1],
       [ 0,  0,  2, 13]])]"
37,"[1.0, 1.0, 1.0, 1.0, 1.0, 1.0, 1.0, 1.0, 1.0, 1.0]","[1.0, 1.0, 1.0, 1.0, 1.0, 1.0, 1.0, 1.0, 1.0, 1.0]","[1.0, 1.0, 1.0, 1.0, 1.0, 1.0, 1.0, 1.0, 1.0, 1.0]","[1.0, 1.0, 1.0, 1.0, 1.0, 1.0, 1.0, 1.0, 1.0, 1.0]","[1.0, 1.0, 1.0, 1.0, 1.0, 1.0, 1.0, 1.0, 1.0, 1.0]","[1.0, 1.0, 1.0, 1.0, 1.0, 1.0, 1.0, 1.0, 1.0, 1.0]","[1.0, 1.0, 1.0, 1.0, 1.0, 1.0, 1.0, 1.0, 1.0, 1.0]","[1.0, 1.0, 1.0, 1.0, 1.0, 1.0, 1.0, 1.0, 1.0, 1.0]","[1.0, 1.0, 1.0, 1.0, 1.0, 1.0, 1.0, 1.0, 1.0, 1.0]","[1.0, 1.0, 1.0, 1.0, 1.0, 1.0, 1.0, 1.0, 1.0, 1.0]","[array([[100,   0,   0,   0],
       [  0, 134,   0,   0],
       [  0,   0,  89,   0],
       [  0,   0,   0, 134]]), array([[100,   0,   0,   0],
       [  0, 134,   0,   0],
       [  0,   0,  89,   0],
       [  0,   0,   0, 134]]), array([[101,   0,   0,   0],
       [  0, 134,   0,   0],
       [  0,   0,  89,   0],
       [  0,   0,   0, 134]]), array([[101,   0,   0,   0],
       [  0, 134,   0,   0],
       [  0,   0,  89,   0],
       [  0,   0,   0, 134]]), array([[101,   0,   0,   0],
       [  0, 135,   0,   0],
       [  0,   0,  89,   0],
       [  0,   0,   0, 135]]), array([[101,   0,   0,   0],
       [  0, 134,   0,   0],
       [  0,   0,  90,   0],
       [  0,   0,   0, 134]]), array([[101,   0,   0,   0],
       [  0, 134,   0,   0],
       [  0,   0,  89,   0],
       [  0,   0,   0, 134]]), array([[101,   0,   0,   0],
       [  0, 134,   0,   0],
       [  0,   0,  89,   0],
       [  0,   0,   0, 134]]), array([[101,   0,   0,   0],
       [  0, 134,   0,   0],
       [  0,   0,  89,   0],
       [  0,   0,   0, 134]]), array([[101,   0,   0,   0],
       [  0, 134,   0,   0],
       [  0,   0,  89,   0],
       [  0,   0,   0, 134]])]","[0.8260869565217391, 0.8043478260869565, 0.717391304347826, 0.782608695652174, 0.7333333333333333, 0.7777777777777778, 0.7333333333333333, 0.8444444444444444, 0.7555555555555555, 0.8]","[0.8260869565217391, 0.8043478260869565, 0.717391304347826, 0.782608695652174, 0.7333333333333333, 0.7777777777777778, 0.7333333333333333, 0.8444444444444444, 0.7555555555555555, 0.8]","[0.8260869565217391, 0.8043478260869565, 0.717391304347826, 0.782608695652174, 0.7333333333333333, 0.7777777777777778, 0.7333333333333333, 0.8444444444444444, 0.7555555555555555, 0.8]","[0.8260869565217391, 0.8043478260869565, 0.717391304347826, 0.782608695652174, 0.7333333333333333, 0.7777777777777778, 0.7333333333333333, 0.8444444444444444, 0.7555555555555555, 0.8]","[0.8353174603174602, 0.8127042483660131, 0.7368686868686869, 0.7881944444444444, 0.7317821067821068, 0.783707264957265, 0.7429406850459482, 0.847549019607843, 0.7460542929292929, 0.8037743506493507]","[0.8347222222222221, 0.7944444444444444, 0.6924242424242424, 0.7651515151515151, 0.7305194805194806, 0.7702020202020202, 0.7113636363636363, 0.8323232323232324, 0.7401515151515151, 0.7901515151515152]","[0.8328260112368058, 0.8015512125902993, 0.6979166666666667, 0.7720418470418471, 0.7285714285714285, 0.771462063086104, 0.7146542827657378, 0.8380064745196324, 0.7423727941554767, 0.7932813154587348]","[0.8359213250517598, 0.8070296959363455, 0.7337505489679402, 0.7873188405797101, 0.7375982042648709, 0.7907644824311492, 0.7479773507843684, 0.8475962236746549, 0.754783950617284, 0.8018578643578643]","[0.8260869565217391, 0.8043478260869565, 0.717391304347826, 0.782608695652174, 0.7333333333333333, 0.7777777777777778, 0.7333333333333333, 0.8444444444444444, 0.7555555555555555, 0.8]","[0.8289195323286974, 0.8036453425763898, 0.7090579710144927, 0.7801304975218019, 0.7330158730158729, 0.7792952543336175, 0.7275312464166954, 0.8438805346700083, 0.7544236936427089, 0.7978238607270864]","[array([[11,  1,  0,  0],
       [ 0,  8,  0,  1],
       [ 0,  0,  8,  2],
       [ 0,  0,  4, 11]]), array([[10,  1,  0,  1],
       [ 2,  7,  0,  0],
       [ 0,  0,  7,  3],
       [ 0,  0,  2, 13]]), array([[ 7,  4,  0,  0],
       [ 2,  7,  0,  1],
       [ 0,  0,  5,  5],
       [ 0,  0,  1, 14]]), array([[ 8,  2,  1,  0],
       [ 2,  7,  0,  1],
       [ 0,  0,  7,  3],
       [ 0,  1,  0, 14]]), array([[ 7,  3,  1,  0],
       [ 2,  8,  0,  0],
       [ 0,  0,  7,  3],
       [ 0,  0,  3, 11]]), array([[ 7,  4,  0,  0],
       [ 2,  8,  0,  0],
       [ 0,  0,  7,  2],
       [ 0,  1,  1, 13]]), array([[ 6,  4,  1,  0],
       [ 1,  6,  0,  2],
       [ 0,  0,  7,  3],
       [ 0,  0,  1, 14]]), array([[ 9,  2,  0,  0],
       [ 1,  7,  0,  1],
       [ 0,  0,  8,  2],
       [ 0,  0,  1, 14]]), array([[ 8,  3,  0,  0],
       [ 3,  6,  0,  0],
       [ 0,  0,  7,  3],
       [ 0,  0,  2, 13]]), array([[ 8,  1,  0,  2],
       [ 3,  6,  0,  0],
       [ 0,  0,  9,  1],
       [ 0,  0,  2, 13]])]"
38,"[1.0, 1.0, 1.0, 1.0, 1.0, 1.0, 1.0, 1.0, 1.0, 1.0]","[1.0, 1.0, 1.0, 1.0, 1.0, 1.0, 1.0, 1.0, 1.0, 1.0]","[1.0, 1.0, 1.0, 1.0, 1.0, 1.0, 1.0, 1.0, 1.0, 1.0]","[1.0, 1.0, 1.0, 1.0, 1.0, 1.0, 1.0, 1.0, 1.0, 1.0]","[1.0, 1.0, 1.0, 1.0, 1.0, 1.0, 1.0, 1.0, 1.0, 1.0]","[1.0, 1.0, 1.0, 1.0, 1.0, 1.0, 1.0, 1.0, 1.0, 1.0]","[1.0, 1.0, 1.0, 1.0, 1.0, 1.0, 1.0, 1.0, 1.0, 1.0]","[1.0, 1.0, 1.0, 1.0, 1.0, 1.0, 1.0, 1.0, 1.0, 1.0]","[1.0, 1.0, 1.0, 1.0, 1.0, 1.0, 1.0, 1.0, 1.0, 1.0]","[1.0, 1.0, 1.0, 1.0, 1.0, 1.0, 1.0, 1.0, 1.0, 1.0]","[array([[100,   0,   0,   0],
       [  0, 134,   0,   0],
       [  0,   0,  89,   0],
       [  0,   0,   0, 134]]), array([[100,   0,   0,   0],
       [  0, 134,   0,   0],
       [  0,   0,  89,   0],
       [  0,   0,   0, 134]]), array([[101,   0,   0,   0],
       [  0, 134,   0,   0],
       [  0,   0,  89,   0],
       [  0,   0,   0, 134]]), array([[101,   0,   0,   0],
       [  0, 134,   0,   0],
       [  0,   0,  89,   0],
       [  0,   0,   0, 134]]), array([[101,   0,   0,   0],
       [  0, 135,   0,   0],
       [  0,   0,  89,   0],
       [  0,   0,   0, 135]]), array([[101,   0,   0,   0],
       [  0, 134,   0,   0],
       [  0,   0,  90,   0],
       [  0,   0,   0, 134]]), array([[101,   0,   0,   0],
       [  0, 134,   0,   0],
       [  0,   0,  89,   0],
       [  0,   0,   0, 134]]), array([[101,   0,   0,   0],
       [  0, 134,   0,   0],
       [  0,   0,  89,   0],
       [  0,   0,   0, 134]]), array([[101,   0,   0,   0],
       [  0, 134,   0,   0],
       [  0,   0,  89,   0],
       [  0,   0,   0, 134]]), array([[101,   0,   0,   0],
       [  0, 134,   0,   0],
       [  0,   0,  89,   0],
       [  0,   0,   0, 134]])]","[0.782608695652174, 0.8043478260869565, 0.7391304347826086, 0.782608695652174, 0.7555555555555555, 0.8666666666666667, 0.7555555555555555, 0.8, 0.7333333333333333, 0.7555555555555555]","[0.782608695652174, 0.8043478260869565, 0.7391304347826086, 0.782608695652174, 0.7555555555555555, 0.8666666666666667, 0.7555555555555555, 0.8, 0.7333333333333333, 0.7555555555555555]","[0.782608695652174, 0.8043478260869565, 0.7391304347826086, 0.782608695652174, 0.7555555555555555, 0.8666666666666667, 0.7555555555555555, 0.8, 0.7333333333333333, 0.7555555555555555]","[0.782608695652174, 0.8043478260869565, 0.7391304347826086, 0.782608695652174, 0.7555555555555555, 0.8666666666666667, 0.7555555555555555, 0.8, 0.7333333333333333, 0.7555555555555555]","[0.7961538461538462, 0.8127042483660131, 0.7536549707602339, 0.8025366446419078, 0.7617694805194805, 0.867739898989899, 0.7640716374269005, 0.805239898989899, 0.720486111111111, 0.7498885918003565]","[0.7972222222222222, 0.7944444444444444, 0.7174242424242425, 0.7651515151515151, 0.7555194805194805, 0.8623737373737375, 0.7340909090909091, 0.7795454545454545, 0.7123737373737373, 0.7446969696969696]","[0.7902835151118904, 0.8015512125902993, 0.7189505347593583, 0.772829131652661, 0.7518512189564821, 0.8623143881208397, 0.7409700722394221, 0.7875816993464053, 0.7148598126783009, 0.7419721177944862]","[0.8020066889632106, 0.8070296959363455, 0.7523518942283245, 0.7972731565408911, 0.7664141414141413, 0.8685465768799102, 0.7656757634827811, 0.8037037037037037, 0.7316358024691358, 0.7533868092691621]","[0.782608695652174, 0.8043478260869565, 0.7391304347826086, 0.782608695652174, 0.7555555555555555, 0.8666666666666667, 0.7555555555555555, 0.8, 0.7333333333333333, 0.7555555555555555]","[0.7860618637158284, 0.8036453425763898, 0.7299058358521274, 0.7789307027158688, 0.7545277334751018, 0.8648847926267281, 0.7517027863777089, 0.7968442595893576, 0.7310079505338712, 0.7490288220551378]","[array([[10,  2,  0,  0],
       [ 0,  8,  0,  1],
       [ 0,  0,  8,  2],
       [ 0,  0,  5, 10]]), array([[10,  1,  0,  1],
       [ 2,  7,  0,  0],
       [ 0,  0,  7,  3],
       [ 0,  0,  2, 13]]), array([[ 7,  4,  0,  0],
       [ 2,  8,  0,  0],
       [ 0,  0,  5,  5],
       [ 0,  0,  1, 14]]), array([[ 8,  2,  1,  0],
       [ 1,  8,  0,  1],
       [ 0,  0,  6,  4],
       [ 0,  1,  0, 14]]), array([[ 7,  3,  1,  0],
       [ 1,  9,  0,  0],
       [ 0,  0,  7,  3],
       [ 0,  0,  3, 11]]), array([[ 8,  2,  0,  1],
       [ 1,  9,  0,  0],
       [ 0,  0,  8,  1],
       [ 0,  0,  1, 14]]), array([[ 7,  3,  1,  0],
       [ 1,  6,  0,  2],
       [ 0,  0,  7,  3],
       [ 0,  0,  1, 14]]), array([[ 9,  2,  0,  0],
       [ 2,  6,  0,  1],
       [ 0,  0,  7,  3],
       [ 0,  0,  1, 14]]), array([[ 8,  3,  0,  0],
       [ 4,  5,  0,  0],
       [ 0,  0,  7,  3],
       [ 0,  0,  2, 13]]), array([[ 6,  3,  0,  2],
       [ 2,  6,  0,  1],
       [ 0,  0,  9,  1],
       [ 0,  0,  2, 13]])]"
