n_neighbors value,Train_Accuracy,Train_Precision_micro,Train_Recall_micro,Train_f1_micro,Train_Precision_macro,Train_Recall_macro,Train_f1_macro,Train_Precision_weighted,Train_Recall_weighted,Train_f1_weighted,Train_Confusion_Matrix,Test_Accuracy,Test_Precision_micro,Test_Recall_micro,Test_f1_micro,Test_Precision_macro,Test_Recall_macro,Test_f1_macro,Test_Precision_weighted,Test_Recall_weighted,Test_f1_weighted,Test_Confusion_Matrix
1,"[1.0, 1.0, 1.0, 1.0, 1.0, 1.0, 1.0, 1.0, 1.0, 1.0]","[1.0, 1.0, 1.0, 1.0, 1.0, 1.0, 1.0, 1.0, 1.0, 1.0]","[1.0, 1.0, 1.0, 1.0, 1.0, 1.0, 1.0, 1.0, 1.0, 1.0]","[1.0, 1.0, 1.0, 1.0, 1.0, 1.0, 1.0, 1.0, 1.0, 1.0]","[1.0, 1.0, 1.0, 1.0, 1.0, 1.0, 1.0, 1.0, 1.0, 1.0]","[1.0, 1.0, 1.0, 1.0, 1.0, 1.0, 1.0, 1.0, 1.0, 1.0]","[1.0, 1.0, 1.0, 1.0, 1.0, 1.0, 1.0, 1.0, 1.0, 1.0]","[1.0, 1.0, 1.0, 1.0, 1.0, 1.0, 1.0, 1.0, 1.0, 1.0]","[1.0, 1.0, 1.0, 1.0, 1.0, 1.0, 1.0, 1.0, 1.0, 1.0]","[1.0, 1.0, 1.0, 1.0, 1.0, 1.0, 1.0, 1.0, 1.0, 1.0]","[array([[100,   0,   0,   0],
       [  0, 134,   0,   0],
       [  0,   0,  89,   0],
       [  0,   0,   0, 134]]), array([[100,   0,   0,   0],
       [  0, 134,   0,   0],
       [  0,   0,  89,   0],
       [  0,   0,   0, 134]]), array([[101,   0,   0,   0],
       [  0, 134,   0,   0],
       [  0,   0,  89,   0],
       [  0,   0,   0, 134]]), array([[101,   0,   0,   0],
       [  0, 134,   0,   0],
       [  0,   0,  89,   0],
       [  0,   0,   0, 134]]), array([[101,   0,   0,   0],
       [  0, 135,   0,   0],
       [  0,   0,  89,   0],
       [  0,   0,   0, 135]]), array([[101,   0,   0,   0],
       [  0, 134,   0,   0],
       [  0,   0,  90,   0],
       [  0,   0,   0, 134]]), array([[101,   0,   0,   0],
       [  0, 134,   0,   0],
       [  0,   0,  89,   0],
       [  0,   0,   0, 134]]), array([[101,   0,   0,   0],
       [  0, 134,   0,   0],
       [  0,   0,  89,   0],
       [  0,   0,   0, 134]]), array([[101,   0,   0,   0],
       [  0, 134,   0,   0],
       [  0,   0,  89,   0],
       [  0,   0,   0, 134]]), array([[101,   0,   0,   0],
       [  0, 134,   0,   0],
       [  0,   0,  89,   0],
       [  0,   0,   0, 134]])]","[0.6086956521739131, 0.782608695652174, 0.8260869565217391, 0.782608695652174, 0.8, 0.8, 0.6666666666666666, 0.7333333333333333, 0.6888888888888889, 0.7555555555555555]","[0.6086956521739131, 0.782608695652174, 0.8260869565217391, 0.782608695652174, 0.8, 0.8, 0.6666666666666666, 0.7333333333333333, 0.6888888888888889, 0.7555555555555555]","[0.6086956521739131, 0.782608695652174, 0.8260869565217391, 0.782608695652174, 0.8, 0.8, 0.6666666666666666, 0.7333333333333333, 0.6888888888888889, 0.7555555555555555]","[0.6086956521739131, 0.782608695652174, 0.8260869565217391, 0.782608695652174, 0.8, 0.8, 0.6666666666666666, 0.7333333333333333, 0.6888888888888889, 0.7555555555555555]","[0.6327380952380952, 0.7922143216260863, 0.8212121212121212, 0.788888888888889, 0.8062499999999999, 0.808603896103896, 0.6674185463659148, 0.7899305555555556, 0.7494270435446906, 0.7607600732600732]","[0.5944444444444444, 0.7666666666666667, 0.8212121212121212, 0.7856060606060606, 0.7938311688311689, 0.8055555555555556, 0.6429292929292929, 0.7, 0.6749999999999999, 0.7439393939393939]","[0.5988011988011989, 0.7748355263157894, 0.8212121212121212, 0.786250953470633, 0.7969931700816258, 0.7917127534774594, 0.6498415155535898, 0.6923400673400673, 0.6605090311986863, 0.7472764572722128]","[0.6290890269151139, 0.7868134990897139, 0.8260869565217391, 0.783816425120773, 0.8044444444444445, 0.8207455507455508, 0.6685157337788916, 0.775462962962963, 0.7376793141499023, 0.7576109076109075]","[0.6086956521739131, 0.782608695652174, 0.8260869565217391, 0.782608695652174, 0.8, 0.8, 0.6666666666666666, 0.7333333333333333, 0.6888888888888889, 0.7555555555555555]","[0.6069365417191505, 0.7805635011441648, 0.8260869565217391, 0.7823102178887673, 0.7993928961445204, 0.7953052902072509, 0.6618883810834275, 0.7099513655069211, 0.6700966976829046, 0.7521190970257183]","[array([[10,  1,  1,  0],
       [ 4,  4,  0,  1],
       [ 0,  0,  5,  5],
       [ 0,  0,  6,  9]]), array([[10,  1,  0,  1],
       [ 3,  6,  0,  0],
       [ 0,  0,  7,  3],
       [ 0,  0,  2, 13]]), array([[ 9,  2,  0,  0],
       [ 2,  8,  0,  0],
       [ 0,  0,  8,  2],
       [ 0,  0,  2, 13]]), array([[10,  1,  0,  0],
       [ 1,  8,  0,  1],
       [ 0,  0,  7,  3],
       [ 1,  0,  3, 11]]), array([[ 9,  1,  0,  1],
       [ 3,  7,  0,  0],
       [ 0,  0,  8,  2],
       [ 0,  0,  2, 12]]), array([[11,  0,  0,  0],
       [ 4,  6,  0,  0],
       [ 0,  0,  8,  1],
       [ 0,  1,  3, 11]]), array([[ 8,  2,  1,  0],
       [ 2,  4,  0,  3],
       [ 0,  0,  6,  4],
       [ 0,  1,  2, 12]]), array([[11,  0,  0,  0],
       [ 5,  3,  0,  1],
       [ 0,  0,  6,  4],
       [ 0,  0,  2, 13]]), array([[11,  0,  0,  0],
       [ 5,  3,  0,  1],
       [ 0,  0,  7,  3],
       [ 1,  0,  4, 10]]), array([[10,  1,  0,  0],
       [ 2,  6,  0,  1],
       [ 1,  0,  6,  3],
       [ 0,  0,  3, 12]])]"
2,"[1.0, 1.0, 1.0, 1.0, 1.0, 1.0, 1.0, 1.0, 1.0, 1.0]","[1.0, 1.0, 1.0, 1.0, 1.0, 1.0, 1.0, 1.0, 1.0, 1.0]","[1.0, 1.0, 1.0, 1.0, 1.0, 1.0, 1.0, 1.0, 1.0, 1.0]","[1.0, 1.0, 1.0, 1.0, 1.0, 1.0, 1.0, 1.0, 1.0, 1.0]","[1.0, 1.0, 1.0, 1.0, 1.0, 1.0, 1.0, 1.0, 1.0, 1.0]","[1.0, 1.0, 1.0, 1.0, 1.0, 1.0, 1.0, 1.0, 1.0, 1.0]","[1.0, 1.0, 1.0, 1.0, 1.0, 1.0, 1.0, 1.0, 1.0, 1.0]","[1.0, 1.0, 1.0, 1.0, 1.0, 1.0, 1.0, 1.0, 1.0, 1.0]","[1.0, 1.0, 1.0, 1.0, 1.0, 1.0, 1.0, 1.0, 1.0, 1.0]","[1.0, 1.0, 1.0, 1.0, 1.0, 1.0, 1.0, 1.0, 1.0, 1.0]","[array([[100,   0,   0,   0],
       [  0, 134,   0,   0],
       [  0,   0,  89,   0],
       [  0,   0,   0, 134]]), array([[100,   0,   0,   0],
       [  0, 134,   0,   0],
       [  0,   0,  89,   0],
       [  0,   0,   0, 134]]), array([[101,   0,   0,   0],
       [  0, 134,   0,   0],
       [  0,   0,  89,   0],
       [  0,   0,   0, 134]]), array([[101,   0,   0,   0],
       [  0, 134,   0,   0],
       [  0,   0,  89,   0],
       [  0,   0,   0, 134]]), array([[101,   0,   0,   0],
       [  0, 135,   0,   0],
       [  0,   0,  89,   0],
       [  0,   0,   0, 135]]), array([[101,   0,   0,   0],
       [  0, 134,   0,   0],
       [  0,   0,  90,   0],
       [  0,   0,   0, 134]]), array([[101,   0,   0,   0],
       [  0, 134,   0,   0],
       [  0,   0,  89,   0],
       [  0,   0,   0, 134]]), array([[101,   0,   0,   0],
       [  0, 134,   0,   0],
       [  0,   0,  89,   0],
       [  0,   0,   0, 134]]), array([[101,   0,   0,   0],
       [  0, 134,   0,   0],
       [  0,   0,  89,   0],
       [  0,   0,   0, 134]]), array([[101,   0,   0,   0],
       [  0, 134,   0,   0],
       [  0,   0,  89,   0],
       [  0,   0,   0, 134]])]","[0.6086956521739131, 0.782608695652174, 0.8260869565217391, 0.782608695652174, 0.8, 0.8, 0.6666666666666666, 0.7333333333333333, 0.6888888888888889, 0.7555555555555555]","[0.6086956521739131, 0.782608695652174, 0.8260869565217391, 0.782608695652174, 0.8, 0.8, 0.6666666666666666, 0.7333333333333333, 0.6888888888888889, 0.7555555555555555]","[0.6086956521739131, 0.782608695652174, 0.8260869565217391, 0.782608695652174, 0.8, 0.8, 0.6666666666666666, 0.7333333333333333, 0.6888888888888889, 0.7555555555555555]","[0.6086956521739131, 0.782608695652174, 0.8260869565217391, 0.782608695652174, 0.8, 0.8, 0.6666666666666666, 0.7333333333333333, 0.6888888888888889, 0.7555555555555555]","[0.6327380952380952, 0.7922143216260863, 0.8212121212121212, 0.788888888888889, 0.8062499999999999, 0.808603896103896, 0.6674185463659148, 0.7899305555555556, 0.7494270435446906, 0.7607600732600732]","[0.5944444444444444, 0.7666666666666667, 0.8212121212121212, 0.7856060606060606, 0.7938311688311689, 0.8055555555555556, 0.6429292929292929, 0.7, 0.6749999999999999, 0.7439393939393939]","[0.5988011988011989, 0.7748355263157894, 0.8212121212121212, 0.786250953470633, 0.7969931700816258, 0.7917127534774594, 0.6498415155535898, 0.6923400673400673, 0.6605090311986863, 0.7472764572722128]","[0.6290890269151139, 0.7868134990897139, 0.8260869565217391, 0.783816425120773, 0.8044444444444445, 0.8207455507455508, 0.6685157337788916, 0.775462962962963, 0.7376793141499023, 0.7576109076109075]","[0.6086956521739131, 0.782608695652174, 0.8260869565217391, 0.782608695652174, 0.8, 0.8, 0.6666666666666666, 0.7333333333333333, 0.6888888888888889, 0.7555555555555555]","[0.6069365417191505, 0.7805635011441648, 0.8260869565217391, 0.7823102178887673, 0.7993928961445204, 0.7953052902072509, 0.6618883810834275, 0.7099513655069211, 0.6700966976829046, 0.7521190970257183]","[array([[10,  1,  1,  0],
       [ 4,  4,  0,  1],
       [ 0,  0,  5,  5],
       [ 0,  0,  6,  9]]), array([[10,  1,  0,  1],
       [ 3,  6,  0,  0],
       [ 0,  0,  7,  3],
       [ 0,  0,  2, 13]]), array([[ 9,  2,  0,  0],
       [ 2,  8,  0,  0],
       [ 0,  0,  8,  2],
       [ 0,  0,  2, 13]]), array([[10,  1,  0,  0],
       [ 1,  8,  0,  1],
       [ 0,  0,  7,  3],
       [ 1,  0,  3, 11]]), array([[ 9,  1,  0,  1],
       [ 3,  7,  0,  0],
       [ 0,  0,  8,  2],
       [ 0,  0,  2, 12]]), array([[11,  0,  0,  0],
       [ 4,  6,  0,  0],
       [ 0,  0,  8,  1],
       [ 0,  1,  3, 11]]), array([[ 8,  2,  1,  0],
       [ 2,  4,  0,  3],
       [ 0,  0,  6,  4],
       [ 0,  1,  2, 12]]), array([[11,  0,  0,  0],
       [ 5,  3,  0,  1],
       [ 0,  0,  6,  4],
       [ 0,  0,  2, 13]]), array([[11,  0,  0,  0],
       [ 5,  3,  0,  1],
       [ 0,  0,  7,  3],
       [ 1,  0,  4, 10]]), array([[10,  1,  0,  0],
       [ 2,  6,  0,  1],
       [ 1,  0,  6,  3],
       [ 0,  0,  3, 12]])]"
3,"[1.0, 1.0, 1.0, 1.0, 1.0, 1.0, 1.0, 1.0, 1.0, 1.0]","[1.0, 1.0, 1.0, 1.0, 1.0, 1.0, 1.0, 1.0, 1.0, 1.0]","[1.0, 1.0, 1.0, 1.0, 1.0, 1.0, 1.0, 1.0, 1.0, 1.0]","[1.0, 1.0, 1.0, 1.0, 1.0, 1.0, 1.0, 1.0, 1.0, 1.0]","[1.0, 1.0, 1.0, 1.0, 1.0, 1.0, 1.0, 1.0, 1.0, 1.0]","[1.0, 1.0, 1.0, 1.0, 1.0, 1.0, 1.0, 1.0, 1.0, 1.0]","[1.0, 1.0, 1.0, 1.0, 1.0, 1.0, 1.0, 1.0, 1.0, 1.0]","[1.0, 1.0, 1.0, 1.0, 1.0, 1.0, 1.0, 1.0, 1.0, 1.0]","[1.0, 1.0, 1.0, 1.0, 1.0, 1.0, 1.0, 1.0, 1.0, 1.0]","[1.0, 1.0, 1.0, 1.0, 1.0, 1.0, 1.0, 1.0, 1.0, 1.0]","[array([[100,   0,   0,   0],
       [  0, 134,   0,   0],
       [  0,   0,  89,   0],
       [  0,   0,   0, 134]]), array([[100,   0,   0,   0],
       [  0, 134,   0,   0],
       [  0,   0,  89,   0],
       [  0,   0,   0, 134]]), array([[101,   0,   0,   0],
       [  0, 134,   0,   0],
       [  0,   0,  89,   0],
       [  0,   0,   0, 134]]), array([[101,   0,   0,   0],
       [  0, 134,   0,   0],
       [  0,   0,  89,   0],
       [  0,   0,   0, 134]]), array([[101,   0,   0,   0],
       [  0, 135,   0,   0],
       [  0,   0,  89,   0],
       [  0,   0,   0, 135]]), array([[101,   0,   0,   0],
       [  0, 134,   0,   0],
       [  0,   0,  90,   0],
       [  0,   0,   0, 134]]), array([[101,   0,   0,   0],
       [  0, 134,   0,   0],
       [  0,   0,  89,   0],
       [  0,   0,   0, 134]]), array([[101,   0,   0,   0],
       [  0, 134,   0,   0],
       [  0,   0,  89,   0],
       [  0,   0,   0, 134]]), array([[101,   0,   0,   0],
       [  0, 134,   0,   0],
       [  0,   0,  89,   0],
       [  0,   0,   0, 134]]), array([[101,   0,   0,   0],
       [  0, 134,   0,   0],
       [  0,   0,  89,   0],
       [  0,   0,   0, 134]])]","[0.7391304347826086, 0.782608695652174, 0.782608695652174, 0.782608695652174, 0.8222222222222222, 0.8, 0.7111111111111111, 0.7555555555555555, 0.8, 0.6666666666666666]","[0.7391304347826086, 0.782608695652174, 0.782608695652174, 0.782608695652174, 0.8222222222222222, 0.8, 0.7111111111111111, 0.7555555555555555, 0.8, 0.6666666666666666]","[0.7391304347826086, 0.782608695652174, 0.782608695652174, 0.782608695652174, 0.8222222222222222, 0.8, 0.7111111111111111, 0.7555555555555555, 0.8, 0.6666666666666666]","[0.7391304347826086, 0.782608695652174, 0.782608695652174, 0.782608695652174, 0.8222222222222222, 0.8, 0.7111111111111111, 0.7555555555555555, 0.8, 0.6666666666666666]","[0.7721153846153846, 0.7970063025210085, 0.7880681818181818, 0.7799422799422799, 0.8272727272727273, 0.7972222222222223, 0.7375222816399286, 0.8013888888888889, 0.8277777777777777, 0.6605975723622782]","[0.7416666666666666, 0.7694444444444444, 0.7795454545454545, 0.7840909090909092, 0.8165584415584416, 0.7967171717171717, 0.7068181818181818, 0.7277777777777777, 0.7916666666666665, 0.6457070707070707]","[0.7410628019323672, 0.7759081196581197, 0.7805728088336783, 0.778000447828034, 0.8189393939393939, 0.7960462751080599, 0.7157346491228069, 0.729020979020979, 0.795748987854251, 0.6492419908466819]","[0.7659698996655517, 0.7853032517354768, 0.7885375494071146, 0.7882865926344186, 0.8222222222222222, 0.7987654320987654, 0.7348781937017231, 0.7866666666666666, 0.8187654320987655, 0.6645710135906214]","[0.7391304347826086, 0.782608695652174, 0.782608695652174, 0.782608695652174, 0.8222222222222222, 0.8, 0.7111111111111111, 0.7555555555555555, 0.8, 0.6666666666666666]","[0.738122243226213, 0.777336492010405, 0.7827287184565068, 0.7816945423392201, 0.8192592592592592, 0.7985252987541317, 0.7164961013645224, 0.7406889406889406, 0.797246963562753, 0.6620073735062293]","[array([[12,  0,  0,  0],
       [ 3,  6,  0,  0],
       [ 0,  0,  7,  3],
       [ 0,  0,  6,  9]]), array([[12,  0,  0,  0],
       [ 2,  7,  0,  0],
       [ 0,  0,  5,  5],
       [ 0,  0,  3, 12]]), array([[ 9,  2,  0,  0],
       [ 2,  8,  0,  0],
       [ 0,  0,  7,  3],
       [ 1,  1,  1, 12]]), array([[ 7,  4,  0,  0],
       [ 1,  8,  0,  1],
       [ 0,  0,  9,  1],
       [ 1,  0,  2, 12]]), array([[10,  1,  0,  0],
       [ 1,  9,  0,  0],
       [ 0,  0,  6,  4],
       [ 0,  0,  2, 12]]), array([[10,  1,  0,  0],
       [ 2,  7,  0,  1],
       [ 0,  0,  7,  2],
       [ 0,  1,  2, 12]]), array([[ 8,  2,  1,  0],
       [ 0,  6,  0,  3],
       [ 0,  0,  7,  3],
       [ 0,  1,  3, 11]]), array([[11,  0,  0,  0],
       [ 4,  4,  0,  1],
       [ 0,  0,  6,  4],
       [ 0,  0,  2, 13]]), array([[11,  0,  0,  0],
       [ 3,  6,  0,  0],
       [ 0,  0,  7,  3],
       [ 1,  0,  2, 12]]), array([[ 8,  2,  1,  0],
       [ 3,  5,  0,  1],
       [ 1,  0,  5,  4],
       [ 0,  0,  3, 12]])]"
4,"[1.0, 1.0, 1.0, 1.0, 1.0, 1.0, 1.0, 1.0, 1.0, 1.0]","[1.0, 1.0, 1.0, 1.0, 1.0, 1.0, 1.0, 1.0, 1.0, 1.0]","[1.0, 1.0, 1.0, 1.0, 1.0, 1.0, 1.0, 1.0, 1.0, 1.0]","[1.0, 1.0, 1.0, 1.0, 1.0, 1.0, 1.0, 1.0, 1.0, 1.0]","[1.0, 1.0, 1.0, 1.0, 1.0, 1.0, 1.0, 1.0, 1.0, 1.0]","[1.0, 1.0, 1.0, 1.0, 1.0, 1.0, 1.0, 1.0, 1.0, 1.0]","[1.0, 1.0, 1.0, 1.0, 1.0, 1.0, 1.0, 1.0, 1.0, 1.0]","[1.0, 1.0, 1.0, 1.0, 1.0, 1.0, 1.0, 1.0, 1.0, 1.0]","[1.0, 1.0, 1.0, 1.0, 1.0, 1.0, 1.0, 1.0, 1.0, 1.0]","[1.0, 1.0, 1.0, 1.0, 1.0, 1.0, 1.0, 1.0, 1.0, 1.0]","[array([[100,   0,   0,   0],
       [  0, 134,   0,   0],
       [  0,   0,  89,   0],
       [  0,   0,   0, 134]]), array([[100,   0,   0,   0],
       [  0, 134,   0,   0],
       [  0,   0,  89,   0],
       [  0,   0,   0, 134]]), array([[101,   0,   0,   0],
       [  0, 134,   0,   0],
       [  0,   0,  89,   0],
       [  0,   0,   0, 134]]), array([[101,   0,   0,   0],
       [  0, 134,   0,   0],
       [  0,   0,  89,   0],
       [  0,   0,   0, 134]]), array([[101,   0,   0,   0],
       [  0, 135,   0,   0],
       [  0,   0,  89,   0],
       [  0,   0,   0, 135]]), array([[101,   0,   0,   0],
       [  0, 134,   0,   0],
       [  0,   0,  90,   0],
       [  0,   0,   0, 134]]), array([[101,   0,   0,   0],
       [  0, 134,   0,   0],
       [  0,   0,  89,   0],
       [  0,   0,   0, 134]]), array([[101,   0,   0,   0],
       [  0, 134,   0,   0],
       [  0,   0,  89,   0],
       [  0,   0,   0, 134]]), array([[101,   0,   0,   0],
       [  0, 134,   0,   0],
       [  0,   0,  89,   0],
       [  0,   0,   0, 134]]), array([[101,   0,   0,   0],
       [  0, 134,   0,   0],
       [  0,   0,  89,   0],
       [  0,   0,   0, 134]])]","[0.717391304347826, 0.7391304347826086, 0.782608695652174, 0.782608695652174, 0.8222222222222222, 0.8, 0.6888888888888889, 0.7333333333333333, 0.7777777777777778, 0.7333333333333333]","[0.717391304347826, 0.7391304347826086, 0.782608695652174, 0.782608695652174, 0.8222222222222222, 0.8, 0.6888888888888889, 0.7333333333333333, 0.7777777777777778, 0.7333333333333333]","[0.717391304347826, 0.7391304347826086, 0.782608695652174, 0.782608695652174, 0.8222222222222222, 0.8, 0.6888888888888889, 0.7333333333333333, 0.7777777777777778, 0.7333333333333333]","[0.717391304347826, 0.7391304347826086, 0.782608695652174, 0.782608695652174, 0.8222222222222222, 0.8, 0.6888888888888889, 0.7333333333333333, 0.7777777777777778, 0.7333333333333333]","[0.7480769230769231, 0.7434348739495799, 0.784375, 0.7819444444444443, 0.8253434065934065, 0.8017170329670329, 0.6949404761904762, 0.7271825396825397, 0.8019480519480519, 0.7410714285714286]","[0.7166666666666667, 0.7208333333333332, 0.7712121212121211, 0.7795454545454545, 0.8165584415584416, 0.8027777777777778, 0.6702020202020202, 0.7133838383838382, 0.7749999999999999, 0.7161616161616162]","[0.7193001443001442, 0.7254273504273505, 0.7747740377123267, 0.779862700228833, 0.8170634920634922, 0.7974768098406937, 0.6728468899521531, 0.7110922467458971, 0.7763218390804598, 0.7181097906055462]","[0.7387959866220737, 0.7387194008037998, 0.7866847826086957, 0.7832125603864735, 0.8269230769230769, 0.8031868131868133, 0.6985449735449736, 0.7307760141093473, 0.7953823953823953, 0.7394179894179894]","[0.717391304347826, 0.7391304347826086, 0.782608695652174, 0.782608695652174, 0.8222222222222222, 0.8, 0.6888888888888889, 0.7333333333333333, 0.7777777777777778, 0.7333333333333333]","[0.7166102013928102, 0.7328130806391676, 0.7818938824183046, 0.782111232713163, 0.8209876543209876, 0.797155564517936, 0.6841573631047315, 0.724029428409734, 0.7761328224776501, 0.7273042822109037]","[array([[12,  0,  0,  0],
       [ 3,  6,  0,  0],
       [ 0,  0,  6,  4],
       [ 0,  0,  6,  9]]), array([[11,  1,  0,  0],
       [ 3,  6,  0,  0],
       [ 0,  0,  5,  5],
       [ 0,  0,  3, 12]]), array([[ 9,  2,  0,  0],
       [ 3,  7,  0,  0],
       [ 0,  0,  7,  3],
       [ 0,  1,  1, 13]]), array([[ 9,  2,  0,  0],
       [ 2,  7,  0,  1],
       [ 0,  0,  8,  2],
       [ 1,  0,  2, 12]]), array([[10,  1,  0,  0],
       [ 3,  7,  0,  0],
       [ 0,  0,  8,  2],
       [ 0,  0,  2, 12]]), array([[11,  0,  0,  0],
       [ 2,  7,  0,  1],
       [ 0,  0,  7,  2],
       [ 0,  1,  3, 11]]), array([[ 7,  3,  1,  0],
       [ 1,  4,  0,  4],
       [ 0,  0,  8,  2],
       [ 0,  0,  3, 12]]), array([[10,  1,  0,  0],
       [ 4,  4,  0,  1],
       [ 0,  0,  7,  3],
       [ 0,  1,  2, 12]]), array([[11,  0,  0,  0],
       [ 3,  6,  0,  0],
       [ 0,  0,  7,  3],
       [ 0,  0,  4, 11]]), array([[10,  1,  0,  0],
       [ 3,  5,  0,  1],
       [ 1,  0,  6,  3],
       [ 0,  0,  3, 12]])]"
5,"[1.0, 1.0, 1.0, 1.0, 1.0, 1.0, 1.0, 1.0, 1.0, 1.0]","[1.0, 1.0, 1.0, 1.0, 1.0, 1.0, 1.0, 1.0, 1.0, 1.0]","[1.0, 1.0, 1.0, 1.0, 1.0, 1.0, 1.0, 1.0, 1.0, 1.0]","[1.0, 1.0, 1.0, 1.0, 1.0, 1.0, 1.0, 1.0, 1.0, 1.0]","[1.0, 1.0, 1.0, 1.0, 1.0, 1.0, 1.0, 1.0, 1.0, 1.0]","[1.0, 1.0, 1.0, 1.0, 1.0, 1.0, 1.0, 1.0, 1.0, 1.0]","[1.0, 1.0, 1.0, 1.0, 1.0, 1.0, 1.0, 1.0, 1.0, 1.0]","[1.0, 1.0, 1.0, 1.0, 1.0, 1.0, 1.0, 1.0, 1.0, 1.0]","[1.0, 1.0, 1.0, 1.0, 1.0, 1.0, 1.0, 1.0, 1.0, 1.0]","[1.0, 1.0, 1.0, 1.0, 1.0, 1.0, 1.0, 1.0, 1.0, 1.0]","[array([[100,   0,   0,   0],
       [  0, 134,   0,   0],
       [  0,   0,  89,   0],
       [  0,   0,   0, 134]]), array([[100,   0,   0,   0],
       [  0, 134,   0,   0],
       [  0,   0,  89,   0],
       [  0,   0,   0, 134]]), array([[101,   0,   0,   0],
       [  0, 134,   0,   0],
       [  0,   0,  89,   0],
       [  0,   0,   0, 134]]), array([[101,   0,   0,   0],
       [  0, 134,   0,   0],
       [  0,   0,  89,   0],
       [  0,   0,   0, 134]]), array([[101,   0,   0,   0],
       [  0, 135,   0,   0],
       [  0,   0,  89,   0],
       [  0,   0,   0, 135]]), array([[101,   0,   0,   0],
       [  0, 134,   0,   0],
       [  0,   0,  90,   0],
       [  0,   0,   0, 134]]), array([[101,   0,   0,   0],
       [  0, 134,   0,   0],
       [  0,   0,  89,   0],
       [  0,   0,   0, 134]]), array([[101,   0,   0,   0],
       [  0, 134,   0,   0],
       [  0,   0,  89,   0],
       [  0,   0,   0, 134]]), array([[101,   0,   0,   0],
       [  0, 134,   0,   0],
       [  0,   0,  89,   0],
       [  0,   0,   0, 134]]), array([[101,   0,   0,   0],
       [  0, 134,   0,   0],
       [  0,   0,  89,   0],
       [  0,   0,   0, 134]])]","[0.7391304347826086, 0.782608695652174, 0.717391304347826, 0.8043478260869565, 0.7777777777777778, 0.8222222222222222, 0.7333333333333333, 0.7333333333333333, 0.6888888888888889, 0.7777777777777778]","[0.7391304347826086, 0.782608695652174, 0.717391304347826, 0.8043478260869565, 0.7777777777777778, 0.8222222222222222, 0.7333333333333333, 0.7333333333333333, 0.6888888888888889, 0.7777777777777778]","[0.7391304347826086, 0.782608695652174, 0.717391304347826, 0.8043478260869565, 0.7777777777777778, 0.8222222222222222, 0.7333333333333333, 0.7333333333333333, 0.6888888888888889, 0.7777777777777778]","[0.7391304347826086, 0.782608695652174, 0.717391304347826, 0.8043478260869565, 0.7777777777777778, 0.8222222222222222, 0.7333333333333333, 0.7333333333333333, 0.6888888888888889, 0.7777777777777778]","[0.7756410256410257, 0.8046757164404224, 0.7513888888888889, 0.8144719251336898, 0.7762626262626262, 0.8332219251336899, 0.7355769230769231, 0.7433035714285714, 0.6993872549019609, 0.8083333333333333]","[0.7305555555555555, 0.773611111111111, 0.7007575757575758, 0.7962121212121213, 0.7711038961038962, 0.8128787878787879, 0.7229797979797981, 0.7222222222222222, 0.6633838383838384, 0.7638888888888888]","[0.7305194805194806, 0.7841447368421053, 0.7102272727272727, 0.802114898989899, 0.7720594589923083, 0.8188813025210084, 0.720469910855019, 0.7219807583474815, 0.6615537240537241, 0.7651098901098901]","[0.7689520624303234, 0.7914945242310971, 0.7471014492753624, 0.8091432225063938, 0.7789001122334456, 0.83116458704694, 0.7427350427350426, 0.7360449735449736, 0.6971459694989106, 0.8014814814814814]","[0.7391304347826086, 0.782608695652174, 0.717391304347826, 0.8043478260869565, 0.7777777777777778, 0.8222222222222222, 0.7333333333333333, 0.7333333333333333, 0.6888888888888889, 0.7777777777777778]","[0.7346132128740824, 0.7826258581235699, 0.7177206851119895, 0.8035929951690821, 0.776769509981851, 0.8224859943977592, 0.72974157749515, 0.7253544614223733, 0.6757766924433591, 0.771916971916972]","[array([[12,  0,  0,  0],
       [ 4,  5,  0,  0],
       [ 0,  0,  7,  3],
       [ 0,  0,  5, 10]]), array([[11,  0,  0,  1],
       [ 2,  7,  0,  0],
       [ 0,  0,  6,  4],
       [ 0,  0,  3, 12]]), array([[ 7,  4,  0,  0],
       [ 2,  7,  0,  1],
       [ 0,  0,  6,  4],
       [ 1,  1,  0, 13]]), array([[ 9,  2,  0,  0],
       [ 1,  8,  0,  1],
       [ 0,  0,  7,  3],
       [ 1,  0,  1, 13]]), array([[ 8,  3,  0,  0],
       [ 2,  8,  0,  0],
       [ 0,  0,  7,  3],
       [ 0,  0,  2, 12]]), array([[ 9,  2,  0,  0],
       [ 0,  9,  0,  1],
       [ 0,  0,  6,  3],
       [ 0,  0,  2, 13]]), array([[ 7,  3,  1,  0],
       [ 1,  5,  0,  3],
       [ 0,  0,  9,  1],
       [ 0,  0,  3, 12]]), array([[11,  0,  0,  0],
       [ 3,  5,  0,  1],
       [ 0,  0,  6,  4],
       [ 0,  1,  3, 11]]), array([[10,  1,  0,  0],
       [ 5,  4,  0,  0],
       [ 0,  0,  5,  5],
       [ 0,  0,  3, 12]]), array([[11,  0,  0,  0],
       [ 3,  5,  0,  1],
       [ 1,  0,  7,  2],
       [ 0,  0,  3, 12]])]"
6,"[1.0, 1.0, 1.0, 1.0, 1.0, 1.0, 1.0, 1.0, 1.0, 1.0]","[1.0, 1.0, 1.0, 1.0, 1.0, 1.0, 1.0, 1.0, 1.0, 1.0]","[1.0, 1.0, 1.0, 1.0, 1.0, 1.0, 1.0, 1.0, 1.0, 1.0]","[1.0, 1.0, 1.0, 1.0, 1.0, 1.0, 1.0, 1.0, 1.0, 1.0]","[1.0, 1.0, 1.0, 1.0, 1.0, 1.0, 1.0, 1.0, 1.0, 1.0]","[1.0, 1.0, 1.0, 1.0, 1.0, 1.0, 1.0, 1.0, 1.0, 1.0]","[1.0, 1.0, 1.0, 1.0, 1.0, 1.0, 1.0, 1.0, 1.0, 1.0]","[1.0, 1.0, 1.0, 1.0, 1.0, 1.0, 1.0, 1.0, 1.0, 1.0]","[1.0, 1.0, 1.0, 1.0, 1.0, 1.0, 1.0, 1.0, 1.0, 1.0]","[1.0, 1.0, 1.0, 1.0, 1.0, 1.0, 1.0, 1.0, 1.0, 1.0]","[array([[100,   0,   0,   0],
       [  0, 134,   0,   0],
       [  0,   0,  89,   0],
       [  0,   0,   0, 134]]), array([[100,   0,   0,   0],
       [  0, 134,   0,   0],
       [  0,   0,  89,   0],
       [  0,   0,   0, 134]]), array([[101,   0,   0,   0],
       [  0, 134,   0,   0],
       [  0,   0,  89,   0],
       [  0,   0,   0, 134]]), array([[101,   0,   0,   0],
       [  0, 134,   0,   0],
       [  0,   0,  89,   0],
       [  0,   0,   0, 134]]), array([[101,   0,   0,   0],
       [  0, 135,   0,   0],
       [  0,   0,  89,   0],
       [  0,   0,   0, 135]]), array([[101,   0,   0,   0],
       [  0, 134,   0,   0],
       [  0,   0,  90,   0],
       [  0,   0,   0, 134]]), array([[101,   0,   0,   0],
       [  0, 134,   0,   0],
       [  0,   0,  89,   0],
       [  0,   0,   0, 134]]), array([[101,   0,   0,   0],
       [  0, 134,   0,   0],
       [  0,   0,  89,   0],
       [  0,   0,   0, 134]]), array([[101,   0,   0,   0],
       [  0, 134,   0,   0],
       [  0,   0,  89,   0],
       [  0,   0,   0, 134]]), array([[101,   0,   0,   0],
       [  0, 134,   0,   0],
       [  0,   0,  89,   0],
       [  0,   0,   0, 134]])]","[0.717391304347826, 0.782608695652174, 0.7391304347826086, 0.782608695652174, 0.8, 0.7555555555555555, 0.7333333333333333, 0.8, 0.7111111111111111, 0.7555555555555555]","[0.717391304347826, 0.782608695652174, 0.7391304347826086, 0.782608695652174, 0.8, 0.7555555555555555, 0.7333333333333333, 0.8, 0.7111111111111111, 0.7555555555555555]","[0.717391304347826, 0.782608695652174, 0.7391304347826086, 0.782608695652174, 0.8, 0.7555555555555555, 0.7333333333333333, 0.8, 0.7111111111111111, 0.7555555555555555]","[0.717391304347826, 0.782608695652174, 0.7391304347826086, 0.782608695652174, 0.8, 0.7555555555555555, 0.7333333333333333, 0.8, 0.7111111111111111, 0.7555555555555555]","[0.7328296703296703, 0.8046757164404224, 0.7682748538011696, 0.7918709150326797, 0.7989898989898989, 0.7568181818181818, 0.7382554945054944, 0.8320494864612511, 0.7202380952380952, 0.7875]","[0.7208333333333333, 0.773611111111111, 0.7234848484848485, 0.7712121212121211, 0.7938311688311689, 0.7545454545454545, 0.7340909090909091, 0.7805555555555556, 0.6994949494949495, 0.7388888888888889]","[0.7178790412486065, 0.7841447368421053, 0.7292446524064171, 0.7774321446732774, 0.7956525325853819, 0.7547619047619047, 0.7274126094847313, 0.7859069548872181, 0.7000000000000001, 0.7415530140487696]","[0.7342928810320114, 0.7914945242310971, 0.7617594711416222, 0.7880079568059107, 0.7995061728395062, 0.7593939393939394, 0.7496398046398045, 0.8198049590206453, 0.7190476190476192, 0.7774074074074074]","[0.717391304347826, 0.782608695652174, 0.7391304347826086, 0.782608695652174, 0.8, 0.7555555555555555, 0.7333333333333333, 0.8, 0.7111111111111111, 0.7555555555555555]","[0.7171913625127236, 0.7826258581235699, 0.734637293652639, 0.7813564017952884, 0.7989917322040735, 0.7566137566137567, 0.7332193552346633, 0.7925442773600669, 0.7066666666666667, 0.7481101430167646]","[array([[11,  1,  0,  0],
       [ 3,  6,  0,  0],
       [ 0,  0,  7,  3],
       [ 0,  0,  6,  9]]), array([[11,  0,  0,  1],
       [ 2,  7,  0,  0],
       [ 0,  0,  6,  4],
       [ 0,  0,  3, 12]]), array([[ 8,  3,  0,  0],
       [ 1,  8,  0,  1],
       [ 0,  0,  5,  5],
       [ 0,  1,  1, 13]]), array([[ 9,  2,  0,  0],
       [ 2,  7,  0,  1],
       [ 0,  0,  7,  3],
       [ 1,  0,  1, 13]]), array([[ 9,  2,  0,  0],
       [ 2,  8,  0,  0],
       [ 0,  0,  7,  3],
       [ 0,  0,  2, 12]]), array([[ 9,  2,  0,  0],
       [ 1,  8,  0,  1],
       [ 0,  0,  6,  3],
       [ 0,  1,  3, 11]]), array([[ 7,  3,  1,  0],
       [ 1,  6,  0,  2],
       [ 0,  0,  9,  1],
       [ 0,  1,  3, 11]]), array([[11,  0,  0,  0],
       [ 3,  5,  0,  1],
       [ 0,  0,  7,  3],
       [ 0,  0,  2, 13]]), array([[10,  1,  0,  0],
       [ 4,  5,  0,  0],
       [ 0,  0,  6,  4],
       [ 0,  0,  4, 11]]), array([[11,  0,  0,  0],
       [ 3,  5,  0,  1],
       [ 1,  0,  6,  3],
       [ 0,  0,  3, 12]])]"
7,"[1.0, 1.0, 1.0, 1.0, 1.0, 1.0, 1.0, 1.0, 1.0, 1.0]","[1.0, 1.0, 1.0, 1.0, 1.0, 1.0, 1.0, 1.0, 1.0, 1.0]","[1.0, 1.0, 1.0, 1.0, 1.0, 1.0, 1.0, 1.0, 1.0, 1.0]","[1.0, 1.0, 1.0, 1.0, 1.0, 1.0, 1.0, 1.0, 1.0, 1.0]","[1.0, 1.0, 1.0, 1.0, 1.0, 1.0, 1.0, 1.0, 1.0, 1.0]","[1.0, 1.0, 1.0, 1.0, 1.0, 1.0, 1.0, 1.0, 1.0, 1.0]","[1.0, 1.0, 1.0, 1.0, 1.0, 1.0, 1.0, 1.0, 1.0, 1.0]","[1.0, 1.0, 1.0, 1.0, 1.0, 1.0, 1.0, 1.0, 1.0, 1.0]","[1.0, 1.0, 1.0, 1.0, 1.0, 1.0, 1.0, 1.0, 1.0, 1.0]","[1.0, 1.0, 1.0, 1.0, 1.0, 1.0, 1.0, 1.0, 1.0, 1.0]","[array([[100,   0,   0,   0],
       [  0, 134,   0,   0],
       [  0,   0,  89,   0],
       [  0,   0,   0, 134]]), array([[100,   0,   0,   0],
       [  0, 134,   0,   0],
       [  0,   0,  89,   0],
       [  0,   0,   0, 134]]), array([[101,   0,   0,   0],
       [  0, 134,   0,   0],
       [  0,   0,  89,   0],
       [  0,   0,   0, 134]]), array([[101,   0,   0,   0],
       [  0, 134,   0,   0],
       [  0,   0,  89,   0],
       [  0,   0,   0, 134]]), array([[101,   0,   0,   0],
       [  0, 135,   0,   0],
       [  0,   0,  89,   0],
       [  0,   0,   0, 135]]), array([[101,   0,   0,   0],
       [  0, 134,   0,   0],
       [  0,   0,  90,   0],
       [  0,   0,   0, 134]]), array([[101,   0,   0,   0],
       [  0, 134,   0,   0],
       [  0,   0,  89,   0],
       [  0,   0,   0, 134]]), array([[101,   0,   0,   0],
       [  0, 134,   0,   0],
       [  0,   0,  89,   0],
       [  0,   0,   0, 134]]), array([[101,   0,   0,   0],
       [  0, 134,   0,   0],
       [  0,   0,  89,   0],
       [  0,   0,   0, 134]]), array([[101,   0,   0,   0],
       [  0, 134,   0,   0],
       [  0,   0,  89,   0],
       [  0,   0,   0, 134]])]","[0.7608695652173914, 0.8478260869565217, 0.717391304347826, 0.8043478260869565, 0.7777777777777778, 0.7777777777777778, 0.6666666666666666, 0.8, 0.7333333333333333, 0.7555555555555555]","[0.7608695652173914, 0.8478260869565217, 0.717391304347826, 0.8043478260869565, 0.7777777777777778, 0.7777777777777778, 0.6666666666666666, 0.8, 0.7333333333333333, 0.7555555555555555]","[0.7608695652173914, 0.8478260869565217, 0.717391304347826, 0.8043478260869565, 0.7777777777777778, 0.7777777777777778, 0.6666666666666666, 0.8, 0.7333333333333333, 0.7555555555555555]","[0.7608695652173914, 0.8478260869565217, 0.717391304347826, 0.8043478260869565, 0.7777777777777778, 0.7777777777777778, 0.6666666666666666, 0.8, 0.7333333333333333, 0.7555555555555555]","[0.7886904761904763, 0.874732905982906, 0.7362041467304625, 0.8373015873015872, 0.7762626262626262, 0.7916666666666666, 0.680871212121212, 0.8240384615384615, 0.746031746031746, 0.7875]","[0.7583333333333332, 0.8319444444444444, 0.6984848484848485, 0.7856060606060606, 0.7711038961038962, 0.7734848484848484, 0.6674242424242424, 0.7916666666666665, 0.7078282828282828, 0.7388888888888889]","[0.7622739329635881, 0.8453156565656565, 0.7042446524064171, 0.7944741532976827, 0.7720594589923083, 0.775286824098369, 0.6675438596491228, 0.797715053763441, 0.7106951871657754, 0.7415530140487696]","[0.7789855072463768, 0.8602285395763656, 0.7303585049580473, 0.8281573498964804, 0.7789001122334456, 0.7944444444444444, 0.6866161616161617, 0.8123931623931624, 0.7407407407407408, 0.7774074074074074]","[0.7608695652173914, 0.8478260869565217, 0.717391304347826, 0.8043478260869565, 0.7777777777777778, 0.7777777777777778, 0.6666666666666666, 0.8, 0.7333333333333333, 0.7555555555555555]","[0.7605518918862246, 0.8465228370663154, 0.7113171355498721, 0.8004650081376424, 0.776769509981851, 0.7790639844969216, 0.6704873294346978, 0.7976941457586618, 0.7222341057635175, 0.7481101430167646]","[array([[12,  0,  0,  0],
       [ 2,  6,  0,  1],
       [ 0,  0,  7,  3],
       [ 0,  0,  5, 10]]), array([[11,  0,  0,  1],
       [ 2,  7,  0,  0],
       [ 0,  0,  7,  3],
       [ 0,  0,  1, 14]]), array([[ 8,  3,  0,  0],
       [ 2,  7,  0,  1],
       [ 0,  0,  5,  5],
       [ 1,  0,  1, 13]]), array([[10,  1,  0,  0],
       [ 3,  6,  0,  1],
       [ 0,  0,  7,  3],
       [ 1,  0,  0, 14]]), array([[ 8,  3,  0,  0],
       [ 2,  8,  0,  0],
       [ 0,  0,  7,  3],
       [ 0,  0,  2, 12]]), array([[ 8,  3,  0,  0],
       [ 0,  9,  0,  1],
       [ 0,  0,  6,  3],
       [ 0,  0,  3, 12]]), array([[ 7,  3,  1,  0],
       [ 1,  6,  0,  2],
       [ 0,  0,  7,  3],
       [ 0,  2,  3, 10]]), array([[11,  0,  0,  0],
       [ 2,  6,  0,  1],
       [ 0,  0,  7,  3],
       [ 0,  0,  3, 12]]), array([[10,  1,  0,  0],
       [ 4,  5,  0,  0],
       [ 0,  0,  5,  5],
       [ 0,  0,  2, 13]]), array([[11,  0,  0,  0],
       [ 3,  5,  0,  1],
       [ 1,  0,  6,  3],
       [ 0,  0,  3, 12]])]"
8,"[1.0, 1.0, 1.0, 1.0, 1.0, 1.0, 1.0, 1.0, 1.0, 1.0]","[1.0, 1.0, 1.0, 1.0, 1.0, 1.0, 1.0, 1.0, 1.0, 1.0]","[1.0, 1.0, 1.0, 1.0, 1.0, 1.0, 1.0, 1.0, 1.0, 1.0]","[1.0, 1.0, 1.0, 1.0, 1.0, 1.0, 1.0, 1.0, 1.0, 1.0]","[1.0, 1.0, 1.0, 1.0, 1.0, 1.0, 1.0, 1.0, 1.0, 1.0]","[1.0, 1.0, 1.0, 1.0, 1.0, 1.0, 1.0, 1.0, 1.0, 1.0]","[1.0, 1.0, 1.0, 1.0, 1.0, 1.0, 1.0, 1.0, 1.0, 1.0]","[1.0, 1.0, 1.0, 1.0, 1.0, 1.0, 1.0, 1.0, 1.0, 1.0]","[1.0, 1.0, 1.0, 1.0, 1.0, 1.0, 1.0, 1.0, 1.0, 1.0]","[1.0, 1.0, 1.0, 1.0, 1.0, 1.0, 1.0, 1.0, 1.0, 1.0]","[array([[100,   0,   0,   0],
       [  0, 134,   0,   0],
       [  0,   0,  89,   0],
       [  0,   0,   0, 134]]), array([[100,   0,   0,   0],
       [  0, 134,   0,   0],
       [  0,   0,  89,   0],
       [  0,   0,   0, 134]]), array([[101,   0,   0,   0],
       [  0, 134,   0,   0],
       [  0,   0,  89,   0],
       [  0,   0,   0, 134]]), array([[101,   0,   0,   0],
       [  0, 134,   0,   0],
       [  0,   0,  89,   0],
       [  0,   0,   0, 134]]), array([[101,   0,   0,   0],
       [  0, 135,   0,   0],
       [  0,   0,  89,   0],
       [  0,   0,   0, 135]]), array([[101,   0,   0,   0],
       [  0, 134,   0,   0],
       [  0,   0,  90,   0],
       [  0,   0,   0, 134]]), array([[101,   0,   0,   0],
       [  0, 134,   0,   0],
       [  0,   0,  89,   0],
       [  0,   0,   0, 134]]), array([[101,   0,   0,   0],
       [  0, 134,   0,   0],
       [  0,   0,  89,   0],
       [  0,   0,   0, 134]]), array([[101,   0,   0,   0],
       [  0, 134,   0,   0],
       [  0,   0,  89,   0],
       [  0,   0,   0, 134]]), array([[101,   0,   0,   0],
       [  0, 134,   0,   0],
       [  0,   0,  89,   0],
       [  0,   0,   0, 134]])]","[0.7608695652173914, 0.8260869565217391, 0.717391304347826, 0.7391304347826086, 0.8222222222222222, 0.7555555555555555, 0.7555555555555555, 0.8222222222222222, 0.7333333333333333, 0.7555555555555555]","[0.7608695652173914, 0.8260869565217391, 0.717391304347826, 0.7391304347826086, 0.8222222222222222, 0.7555555555555555, 0.7555555555555555, 0.8222222222222222, 0.7333333333333333, 0.7555555555555555]","[0.7608695652173914, 0.8260869565217391, 0.717391304347826, 0.7391304347826086, 0.8222222222222222, 0.7555555555555555, 0.7555555555555555, 0.8222222222222222, 0.7333333333333333, 0.7555555555555555]","[0.7608695652173914, 0.8260869565217391, 0.717391304347826, 0.7391304347826086, 0.8222222222222222, 0.7555555555555555, 0.7555555555555555, 0.8222222222222222, 0.7333333333333333, 0.7555555555555555]","[0.7886904761904763, 0.8471593765711413, 0.7384768740031898, 0.7333333333333334, 0.8188311688311688, 0.7582070707070707, 0.7613705738705738, 0.8471593765711413, 0.7410714285714286, 0.7602813852813852]","[0.7583333333333332, 0.8152777777777778, 0.6984848484848485, 0.7318181818181817, 0.8188311688311688, 0.7484848484848485, 0.7457070707070708, 0.8083333333333332, 0.7161616161616162, 0.7472222222222222]","[0.7622739329635881, 0.8260855263157895, 0.7045693277310924, 0.7318077803203662, 0.8188311688311688, 0.7506912442396314, 0.7454505610098177, 0.8165021929824562, 0.7181097906055462, 0.7429885057471264]","[0.7789855072463768, 0.8348306992808271, 0.7339158172110117, 0.7391304347826086, 0.8222222222222222, 0.762233445566779, 0.7639872473205807, 0.83457907379476, 0.7394179894179894, 0.762049062049062]","[0.7608695652173914, 0.8260869565217391, 0.717391304347826, 0.7391304347826086, 0.8222222222222222, 0.7555555555555555, 0.7555555555555555, 0.8222222222222222, 0.7333333333333333, 0.7555555555555555]","[0.7605518918862246, 0.8258895881006865, 0.7123523322372426, 0.7384339866679932, 0.8222222222222222, 0.7562655743300903, 0.7525331151628488, 0.8186500974658868, 0.7273042822109037, 0.7494661558109834]","[array([[12,  0,  0,  0],
       [ 2,  6,  0,  1],
       [ 0,  0,  7,  3],
       [ 0,  0,  5, 10]]), array([[11,  0,  0,  1],
       [ 2,  7,  0,  0],
       [ 0,  0,  7,  3],
       [ 0,  0,  2, 13]]), array([[ 8,  3,  0,  0],
       [ 2,  7,  0,  1],
       [ 0,  0,  5,  5],
       [ 0,  1,  1, 13]]), array([[ 8,  3,  0,  0],
       [ 3,  6,  0,  1],
       [ 0,  0,  8,  2],
       [ 1,  0,  2, 12]]), array([[ 9,  2,  0,  0],
       [ 2,  8,  0,  0],
       [ 0,  0,  8,  2],
       [ 0,  0,  2, 12]]), array([[ 8,  3,  0,  0],
       [ 1,  8,  0,  1],
       [ 0,  0,  6,  3],
       [ 0,  0,  3, 12]]), array([[ 8,  2,  1,  0],
       [ 1,  5,  0,  3],
       [ 0,  0,  9,  1],
       [ 0,  0,  3, 12]]), array([[11,  0,  0,  0],
       [ 2,  6,  0,  1],
       [ 0,  0,  7,  3],
       [ 0,  0,  2, 13]]), array([[10,  1,  0,  0],
       [ 4,  5,  0,  0],
       [ 0,  0,  6,  4],
       [ 0,  0,  3, 12]]), array([[11,  0,  0,  0],
       [ 3,  5,  0,  1],
       [ 0,  1,  7,  2],
       [ 0,  0,  4, 11]])]"
9,"[1.0, 1.0, 1.0, 1.0, 1.0, 1.0, 1.0, 1.0, 1.0, 1.0]","[1.0, 1.0, 1.0, 1.0, 1.0, 1.0, 1.0, 1.0, 1.0, 1.0]","[1.0, 1.0, 1.0, 1.0, 1.0, 1.0, 1.0, 1.0, 1.0, 1.0]","[1.0, 1.0, 1.0, 1.0, 1.0, 1.0, 1.0, 1.0, 1.0, 1.0]","[1.0, 1.0, 1.0, 1.0, 1.0, 1.0, 1.0, 1.0, 1.0, 1.0]","[1.0, 1.0, 1.0, 1.0, 1.0, 1.0, 1.0, 1.0, 1.0, 1.0]","[1.0, 1.0, 1.0, 1.0, 1.0, 1.0, 1.0, 1.0, 1.0, 1.0]","[1.0, 1.0, 1.0, 1.0, 1.0, 1.0, 1.0, 1.0, 1.0, 1.0]","[1.0, 1.0, 1.0, 1.0, 1.0, 1.0, 1.0, 1.0, 1.0, 1.0]","[1.0, 1.0, 1.0, 1.0, 1.0, 1.0, 1.0, 1.0, 1.0, 1.0]","[array([[100,   0,   0,   0],
       [  0, 134,   0,   0],
       [  0,   0,  89,   0],
       [  0,   0,   0, 134]]), array([[100,   0,   0,   0],
       [  0, 134,   0,   0],
       [  0,   0,  89,   0],
       [  0,   0,   0, 134]]), array([[101,   0,   0,   0],
       [  0, 134,   0,   0],
       [  0,   0,  89,   0],
       [  0,   0,   0, 134]]), array([[101,   0,   0,   0],
       [  0, 134,   0,   0],
       [  0,   0,  89,   0],
       [  0,   0,   0, 134]]), array([[101,   0,   0,   0],
       [  0, 135,   0,   0],
       [  0,   0,  89,   0],
       [  0,   0,   0, 135]]), array([[101,   0,   0,   0],
       [  0, 134,   0,   0],
       [  0,   0,  90,   0],
       [  0,   0,   0, 134]]), array([[101,   0,   0,   0],
       [  0, 134,   0,   0],
       [  0,   0,  89,   0],
       [  0,   0,   0, 134]]), array([[101,   0,   0,   0],
       [  0, 134,   0,   0],
       [  0,   0,  89,   0],
       [  0,   0,   0, 134]]), array([[101,   0,   0,   0],
       [  0, 134,   0,   0],
       [  0,   0,  89,   0],
       [  0,   0,   0, 134]]), array([[101,   0,   0,   0],
       [  0, 134,   0,   0],
       [  0,   0,  89,   0],
       [  0,   0,   0, 134]])]","[0.782608695652174, 0.8478260869565217, 0.7608695652173914, 0.8260869565217391, 0.7555555555555555, 0.7777777777777778, 0.7555555555555555, 0.8222222222222222, 0.7333333333333333, 0.7333333333333333]","[0.782608695652174, 0.8478260869565217, 0.7608695652173914, 0.8260869565217391, 0.7555555555555555, 0.7777777777777778, 0.7555555555555555, 0.8222222222222222, 0.7333333333333333, 0.7333333333333333]","[0.782608695652174, 0.8478260869565217, 0.7608695652173914, 0.8260869565217391, 0.7555555555555555, 0.7777777777777778, 0.7555555555555555, 0.8222222222222222, 0.7333333333333333, 0.7333333333333333]","[0.782608695652174, 0.8478260869565217, 0.7608695652173914, 0.8260869565217391, 0.7555555555555555, 0.7777777777777778, 0.7555555555555555, 0.8222222222222222, 0.7333333333333333, 0.7333333333333333]","[0.8051739926739927, 0.874732905982906, 0.7837301587301587, 0.8487394957983192, 0.7532467532467533, 0.7738636363636364, 0.7640716374269005, 0.8471593765711413, 0.7410714285714286, 0.7773944805194805]","[0.7861111111111111, 0.8319444444444444, 0.7484848484848485, 0.8106060606060606, 0.7532467532467533, 0.7712121212121212, 0.7340909090909091, 0.8083333333333332, 0.7161616161616162, 0.7194444444444444]","[0.7902547021943573, 0.8453156565656565, 0.755258467023173, 0.8174428104575163, 0.7523809523809524, 0.7714922332569392, 0.7409700722394221, 0.8165021929824562, 0.7181097906055462, 0.7138716966303174]","[0.7961856983596114, 0.8602285395763656, 0.7793305728088337, 0.8430763609791743, 0.7571717171717173, 0.7782828282828282, 0.7656757634827811, 0.83457907379476, 0.7394179894179894, 0.7713744588744589]","[0.782608695652174, 0.8478260869565217, 0.7608695652173914, 0.8260869565217391, 0.7555555555555555, 0.7777777777777778, 0.7555555555555555, 0.8222222222222222, 0.7333333333333333, 0.7333333333333333]","[0.7848579119531144, 0.8465228370663154, 0.7597767960939317, 0.8233198351804489, 0.7555555555555555, 0.7771553065670713, 0.7517027863777089, 0.8186500974658868, 0.7273042822109037, 0.7232755891759723]","[array([[12,  0,  0,  0],
       [ 1,  7,  0,  1],
       [ 0,  0,  7,  3],
       [ 0,  0,  5, 10]]), array([[11,  0,  0,  1],
       [ 2,  7,  0,  0],
       [ 0,  0,  7,  3],
       [ 0,  0,  1, 14]]), array([[ 8,  3,  0,  0],
       [ 1,  8,  0,  1],
       [ 0,  0,  6,  4],
       [ 0,  1,  1, 13]]), array([[10,  1,  0,  0],
       [ 3,  6,  0,  1],
       [ 0,  0,  8,  2],
       [ 1,  0,  0, 14]]), array([[ 8,  3,  0,  0],
       [ 2,  8,  0,  0],
       [ 0,  0,  7,  3],
       [ 0,  0,  3, 11]]), array([[ 9,  2,  0,  0],
       [ 2,  8,  0,  0],
       [ 0,  0,  6,  3],
       [ 0,  1,  2, 12]]), array([[ 7,  3,  1,  0],
       [ 1,  6,  0,  2],
       [ 0,  0,  7,  3],
       [ 0,  0,  1, 14]]), array([[11,  0,  0,  0],
       [ 2,  6,  0,  1],
       [ 0,  0,  7,  3],
       [ 0,  0,  2, 13]]), array([[10,  1,  0,  0],
       [ 4,  5,  0,  0],
       [ 0,  0,  6,  4],
       [ 0,  0,  3, 12]]), array([[11,  0,  0,  0],
       [ 4,  4,  0,  1],
       [ 1,  0,  7,  2],
       [ 0,  0,  4, 11]])]"
10,"[1.0, 1.0, 1.0, 1.0, 1.0, 1.0, 1.0, 1.0, 1.0, 1.0]","[1.0, 1.0, 1.0, 1.0, 1.0, 1.0, 1.0, 1.0, 1.0, 1.0]","[1.0, 1.0, 1.0, 1.0, 1.0, 1.0, 1.0, 1.0, 1.0, 1.0]","[1.0, 1.0, 1.0, 1.0, 1.0, 1.0, 1.0, 1.0, 1.0, 1.0]","[1.0, 1.0, 1.0, 1.0, 1.0, 1.0, 1.0, 1.0, 1.0, 1.0]","[1.0, 1.0, 1.0, 1.0, 1.0, 1.0, 1.0, 1.0, 1.0, 1.0]","[1.0, 1.0, 1.0, 1.0, 1.0, 1.0, 1.0, 1.0, 1.0, 1.0]","[1.0, 1.0, 1.0, 1.0, 1.0, 1.0, 1.0, 1.0, 1.0, 1.0]","[1.0, 1.0, 1.0, 1.0, 1.0, 1.0, 1.0, 1.0, 1.0, 1.0]","[1.0, 1.0, 1.0, 1.0, 1.0, 1.0, 1.0, 1.0, 1.0, 1.0]","[array([[100,   0,   0,   0],
       [  0, 134,   0,   0],
       [  0,   0,  89,   0],
       [  0,   0,   0, 134]]), array([[100,   0,   0,   0],
       [  0, 134,   0,   0],
       [  0,   0,  89,   0],
       [  0,   0,   0, 134]]), array([[101,   0,   0,   0],
       [  0, 134,   0,   0],
       [  0,   0,  89,   0],
       [  0,   0,   0, 134]]), array([[101,   0,   0,   0],
       [  0, 134,   0,   0],
       [  0,   0,  89,   0],
       [  0,   0,   0, 134]]), array([[101,   0,   0,   0],
       [  0, 135,   0,   0],
       [  0,   0,  89,   0],
       [  0,   0,   0, 135]]), array([[101,   0,   0,   0],
       [  0, 134,   0,   0],
       [  0,   0,  90,   0],
       [  0,   0,   0, 134]]), array([[101,   0,   0,   0],
       [  0, 134,   0,   0],
       [  0,   0,  89,   0],
       [  0,   0,   0, 134]]), array([[101,   0,   0,   0],
       [  0, 134,   0,   0],
       [  0,   0,  89,   0],
       [  0,   0,   0, 134]]), array([[101,   0,   0,   0],
       [  0, 134,   0,   0],
       [  0,   0,  89,   0],
       [  0,   0,   0, 134]]), array([[101,   0,   0,   0],
       [  0, 134,   0,   0],
       [  0,   0,  89,   0],
       [  0,   0,   0, 134]])]","[0.782608695652174, 0.8043478260869565, 0.7391304347826086, 0.8260869565217391, 0.7555555555555555, 0.8, 0.7333333333333333, 0.8444444444444444, 0.7555555555555555, 0.7333333333333333]","[0.782608695652174, 0.8043478260869565, 0.7391304347826086, 0.8260869565217391, 0.7555555555555555, 0.8, 0.7333333333333333, 0.8444444444444444, 0.7555555555555555, 0.7333333333333333]","[0.782608695652174, 0.8043478260869565, 0.7391304347826086, 0.8260869565217391, 0.7555555555555555, 0.8, 0.7333333333333333, 0.8444444444444444, 0.7555555555555555, 0.7333333333333333]","[0.782608695652174, 0.8043478260869565, 0.7391304347826086, 0.8260869565217391, 0.7555555555555555, 0.8, 0.7333333333333333, 0.8444444444444444, 0.7555555555555555, 0.7333333333333333]","[0.8051739926739927, 0.8295940170940171, 0.753932178932179, 0.8487394957983192, 0.7512626262626263, 0.8036764705882353, 0.7382554945054944, 0.8646634615384616, 0.749217796092796, 0.7424242424242424]","[0.7861111111111111, 0.7902777777777777, 0.7234848484848485, 0.8106060606060606, 0.746103896103896, 0.7878787878787878, 0.7340909090909091, 0.8333333333333334, 0.7351010101010101, 0.7244949494949495]","[0.7902547021943573, 0.8023863636363635, 0.7305831423478482, 0.8174428104575163, 0.7479252598581092, 0.7938813025210084, 0.7274126094847313, 0.8388440860215054, 0.7376379456706282, 0.7229885057471264]","[0.7961856983596114, 0.8149386845039019, 0.7514869188782233, 0.8430763609791743, 0.7550617283950618, 0.8026797385620914, 0.7496398046398045, 0.8554487179487179, 0.755760751594085, 0.7445887445887446]","[0.782608695652174, 0.8043478260869565, 0.7391304347826086, 0.8260869565217391, 0.7555555555555555, 0.8, 0.7333333333333333, 0.8444444444444444, 0.7555555555555555, 0.7333333333333333]","[0.7848579119531144, 0.8026054018445323, 0.7374918346785355, 0.8233198351804489, 0.754547287759629, 0.799311391223156, 0.7332193552346633, 0.8414217443249701, 0.7516459158649311, 0.7299106002554279]","[array([[12,  0,  0,  0],
       [ 1,  7,  0,  1],
       [ 0,  0,  7,  3],
       [ 0,  0,  5, 10]]), array([[11,  0,  0,  1],
       [ 2,  7,  0,  0],
       [ 0,  0,  6,  4],
       [ 0,  0,  2, 13]]), array([[ 8,  3,  0,  0],
       [ 2,  7,  0,  1],
       [ 0,  0,  6,  4],
       [ 0,  1,  1, 13]]), array([[10,  1,  0,  0],
       [ 3,  6,  0,  1],
       [ 0,  0,  8,  2],
       [ 1,  0,  0, 14]]), array([[ 8,  3,  0,  0],
       [ 3,  7,  0,  0],
       [ 0,  0,  7,  3],
       [ 0,  0,  2, 12]]), array([[ 9,  2,  0,  0],
       [ 1,  8,  0,  1],
       [ 0,  0,  6,  3],
       [ 0,  0,  2, 13]]), array([[ 7,  3,  1,  0],
       [ 1,  6,  0,  2],
       [ 0,  0,  9,  1],
       [ 0,  1,  3, 11]]), array([[11,  0,  0,  0],
       [ 2,  6,  0,  1],
       [ 0,  0,  8,  2],
       [ 0,  0,  2, 13]]), array([[ 9,  2,  0,  0],
       [ 4,  5,  0,  0],
       [ 0,  0,  7,  3],
       [ 0,  0,  2, 13]]), array([[10,  1,  0,  0],
       [ 3,  5,  0,  1],
       [ 1,  0,  7,  2],
       [ 0,  0,  4, 11]])]"
11,"[1.0, 1.0, 1.0, 1.0, 1.0, 1.0, 1.0, 1.0, 1.0, 1.0]","[1.0, 1.0, 1.0, 1.0, 1.0, 1.0, 1.0, 1.0, 1.0, 1.0]","[1.0, 1.0, 1.0, 1.0, 1.0, 1.0, 1.0, 1.0, 1.0, 1.0]","[1.0, 1.0, 1.0, 1.0, 1.0, 1.0, 1.0, 1.0, 1.0, 1.0]","[1.0, 1.0, 1.0, 1.0, 1.0, 1.0, 1.0, 1.0, 1.0, 1.0]","[1.0, 1.0, 1.0, 1.0, 1.0, 1.0, 1.0, 1.0, 1.0, 1.0]","[1.0, 1.0, 1.0, 1.0, 1.0, 1.0, 1.0, 1.0, 1.0, 1.0]","[1.0, 1.0, 1.0, 1.0, 1.0, 1.0, 1.0, 1.0, 1.0, 1.0]","[1.0, 1.0, 1.0, 1.0, 1.0, 1.0, 1.0, 1.0, 1.0, 1.0]","[1.0, 1.0, 1.0, 1.0, 1.0, 1.0, 1.0, 1.0, 1.0, 1.0]","[array([[100,   0,   0,   0],
       [  0, 134,   0,   0],
       [  0,   0,  89,   0],
       [  0,   0,   0, 134]]), array([[100,   0,   0,   0],
       [  0, 134,   0,   0],
       [  0,   0,  89,   0],
       [  0,   0,   0, 134]]), array([[101,   0,   0,   0],
       [  0, 134,   0,   0],
       [  0,   0,  89,   0],
       [  0,   0,   0, 134]]), array([[101,   0,   0,   0],
       [  0, 134,   0,   0],
       [  0,   0,  89,   0],
       [  0,   0,   0, 134]]), array([[101,   0,   0,   0],
       [  0, 135,   0,   0],
       [  0,   0,  89,   0],
       [  0,   0,   0, 135]]), array([[101,   0,   0,   0],
       [  0, 134,   0,   0],
       [  0,   0,  90,   0],
       [  0,   0,   0, 134]]), array([[101,   0,   0,   0],
       [  0, 134,   0,   0],
       [  0,   0,  89,   0],
       [  0,   0,   0, 134]]), array([[101,   0,   0,   0],
       [  0, 134,   0,   0],
       [  0,   0,  89,   0],
       [  0,   0,   0, 134]]), array([[101,   0,   0,   0],
       [  0, 134,   0,   0],
       [  0,   0,  89,   0],
       [  0,   0,   0, 134]]), array([[101,   0,   0,   0],
       [  0, 134,   0,   0],
       [  0,   0,  89,   0],
       [  0,   0,   0, 134]])]","[0.782608695652174, 0.8260869565217391, 0.7608695652173914, 0.8478260869565217, 0.7555555555555555, 0.8, 0.7555555555555555, 0.8222222222222222, 0.7333333333333333, 0.8444444444444444]","[0.782608695652174, 0.8260869565217391, 0.7608695652173914, 0.8478260869565217, 0.7555555555555555, 0.8, 0.7555555555555555, 0.8222222222222222, 0.7333333333333333, 0.8444444444444444]","[0.782608695652174, 0.8260869565217391, 0.7608695652173914, 0.8478260869565217, 0.7555555555555555, 0.8, 0.7555555555555555, 0.8222222222222222, 0.7333333333333333, 0.8444444444444444]","[0.782608695652174, 0.8260869565217391, 0.7608695652173914, 0.8478260869565217, 0.7555555555555555, 0.8, 0.7555555555555555, 0.8222222222222222, 0.7333333333333333, 0.8444444444444444]","[0.7966269841269842, 0.8471593765711413, 0.7766594516594517, 0.8439102564102565, 0.7533730158730159, 0.8022727272727272, 0.7572263993316625, 0.8471593765711413, 0.7266483516483515, 0.8708333333333333]","[0.7930555555555555, 0.8152777777777778, 0.7484848484848485, 0.8378787878787879, 0.7509740259740258, 0.793939393939394, 0.729040404040404, 0.8083333333333332, 0.7184343434343434, 0.825]","[0.7928573591991883, 0.8260855263157895, 0.7543926661573721, 0.8374999999999999, 0.7512912716574043, 0.7972917026047956, 0.7368190697331565, 0.8165021929824562, 0.71875, 0.8317893575958092]","[0.7945134575569359, 0.8348306992808271, 0.7712497647280258, 0.850334448160535, 0.7561728395061729, 0.8, 0.7568662396732573, 0.83457907379476, 0.7343101343101343, 0.8653703703703702]","[0.782608695652174, 0.8260869565217391, 0.7608695652173914, 0.8478260869565217, 0.7555555555555555, 0.8, 0.7555555555555555, 0.8222222222222222, 0.7333333333333333, 0.8444444444444444]","[0.7866679308567062, 0.8258895881006865, 0.7581957684259474, 0.8460144927536232, 0.7550470378845666, 0.7992409867172676, 0.7494958802234344, 0.8186500974658868, 0.7305555555555555, 0.8407523818276507]","[array([[11,  1,  0,  0],
       [ 0,  8,  0,  1],
       [ 0,  0,  7,  3],
       [ 0,  0,  5, 10]]), array([[11,  0,  0,  1],
       [ 2,  7,  0,  0],
       [ 0,  0,  7,  3],
       [ 0,  0,  2, 13]]), array([[ 8,  3,  0,  0],
       [ 1,  8,  0,  1],
       [ 0,  0,  6,  4],
       [ 1,  0,  1, 13]]), array([[ 9,  2,  0,  0],
       [ 3,  6,  0,  1],
       [ 0,  0, 10,  0],
       [ 1,  0,  0, 14]]), array([[ 9,  2,  0,  0],
       [ 3,  7,  0,  0],
       [ 0,  0,  7,  3],
       [ 0,  0,  3, 11]]), array([[10,  1,  0,  0],
       [ 1,  8,  0,  1],
       [ 0,  0,  6,  3],
       [ 0,  1,  2, 12]]), array([[ 8,  2,  1,  0],
       [ 2,  5,  0,  2],
       [ 0,  0,  7,  3],
       [ 0,  0,  1, 14]]), array([[11,  0,  0,  0],
       [ 2,  6,  0,  1],
       [ 0,  0,  7,  3],
       [ 0,  0,  2, 13]]), array([[ 9,  2,  0,  0],
       [ 4,  5,  0,  0],
       [ 0,  0,  7,  3],
       [ 0,  0,  3, 12]]), array([[11,  0,  0,  0],
       [ 3,  6,  0,  0],
       [ 1,  0,  7,  2],
       [ 0,  0,  1, 14]])]"
12,"[1.0, 1.0, 1.0, 1.0, 1.0, 1.0, 1.0, 1.0, 1.0, 1.0]","[1.0, 1.0, 1.0, 1.0, 1.0, 1.0, 1.0, 1.0, 1.0, 1.0]","[1.0, 1.0, 1.0, 1.0, 1.0, 1.0, 1.0, 1.0, 1.0, 1.0]","[1.0, 1.0, 1.0, 1.0, 1.0, 1.0, 1.0, 1.0, 1.0, 1.0]","[1.0, 1.0, 1.0, 1.0, 1.0, 1.0, 1.0, 1.0, 1.0, 1.0]","[1.0, 1.0, 1.0, 1.0, 1.0, 1.0, 1.0, 1.0, 1.0, 1.0]","[1.0, 1.0, 1.0, 1.0, 1.0, 1.0, 1.0, 1.0, 1.0, 1.0]","[1.0, 1.0, 1.0, 1.0, 1.0, 1.0, 1.0, 1.0, 1.0, 1.0]","[1.0, 1.0, 1.0, 1.0, 1.0, 1.0, 1.0, 1.0, 1.0, 1.0]","[1.0, 1.0, 1.0, 1.0, 1.0, 1.0, 1.0, 1.0, 1.0, 1.0]","[array([[100,   0,   0,   0],
       [  0, 134,   0,   0],
       [  0,   0,  89,   0],
       [  0,   0,   0, 134]]), array([[100,   0,   0,   0],
       [  0, 134,   0,   0],
       [  0,   0,  89,   0],
       [  0,   0,   0, 134]]), array([[101,   0,   0,   0],
       [  0, 134,   0,   0],
       [  0,   0,  89,   0],
       [  0,   0,   0, 134]]), array([[101,   0,   0,   0],
       [  0, 134,   0,   0],
       [  0,   0,  89,   0],
       [  0,   0,   0, 134]]), array([[101,   0,   0,   0],
       [  0, 135,   0,   0],
       [  0,   0,  89,   0],
       [  0,   0,   0, 135]]), array([[101,   0,   0,   0],
       [  0, 134,   0,   0],
       [  0,   0,  90,   0],
       [  0,   0,   0, 134]]), array([[101,   0,   0,   0],
       [  0, 134,   0,   0],
       [  0,   0,  89,   0],
       [  0,   0,   0, 134]]), array([[101,   0,   0,   0],
       [  0, 134,   0,   0],
       [  0,   0,  89,   0],
       [  0,   0,   0, 134]]), array([[101,   0,   0,   0],
       [  0, 134,   0,   0],
       [  0,   0,  89,   0],
       [  0,   0,   0, 134]]), array([[101,   0,   0,   0],
       [  0, 134,   0,   0],
       [  0,   0,  89,   0],
       [  0,   0,   0, 134]])]","[0.8043478260869565, 0.8043478260869565, 0.717391304347826, 0.8260869565217391, 0.7333333333333333, 0.8, 0.7333333333333333, 0.7555555555555555, 0.7777777777777778, 0.7777777777777778]","[0.8043478260869565, 0.8043478260869565, 0.717391304347826, 0.8260869565217391, 0.7333333333333333, 0.8, 0.7333333333333333, 0.7555555555555555, 0.7777777777777778, 0.7777777777777778]","[0.8043478260869565, 0.8043478260869565, 0.717391304347826, 0.8260869565217391, 0.7333333333333333, 0.8, 0.7333333333333333, 0.7555555555555555, 0.7777777777777778, 0.7777777777777778]","[0.8043478260869565, 0.8043478260869565, 0.717391304347826, 0.8260869565217391, 0.7333333333333333, 0.8, 0.7333333333333333, 0.7555555555555555, 0.7777777777777778, 0.7777777777777778]","[0.824404761904762, 0.8295940170940171, 0.7384768740031898, 0.8364049145299145, 0.7325396825396825, 0.7951704545454545, 0.7341269841269842, 0.7601010101010102, 0.7844742063492064, 0.8036764705882353]","[0.8138888888888888, 0.7902777777777777, 0.6984848484848485, 0.818939393939394, 0.7305194805194806, 0.7878787878787878, 0.7123737373737373, 0.7378787878787879, 0.7578282828282829, 0.7628787878787878]","[0.8167988198414162, 0.8023863636363635, 0.7045693277310924, 0.8229815129220902, 0.7282467532467531, 0.7906934621355874, 0.7186958874458875, 0.7446524064171123, 0.7605546123372949, 0.7737771739130435]","[0.8162525879917185, 0.8149386845039019, 0.7339158172110117, 0.8323462467484207, 0.7382716049382716, 0.7986111111111112, 0.7347089947089948, 0.7574074074074074, 0.784942680776014, 0.7937908496732026]","[0.8043478260869565, 0.8043478260869565, 0.717391304347826, 0.8260869565217391, 0.7333333333333333, 0.8, 0.7333333333333333, 0.7555555555555555, 0.7777777777777778, 0.7777777777777778]","[0.8082402648942909, 0.8026054018445323, 0.7123523322372426, 0.8249161355937765, 0.7327272727272727, 0.7985241408391315, 0.7294252044252044, 0.751950881362646, 0.7722014714204868, 0.7776932367149758]","[array([[12,  0,  0,  0],
       [ 0,  8,  0,  1],
       [ 0,  0,  7,  3],
       [ 0,  0,  5, 10]]), array([[11,  0,  0,  1],
       [ 2,  7,  0,  0],
       [ 0,  0,  6,  4],
       [ 0,  0,  2, 13]]), array([[ 8,  3,  0,  0],
       [ 2,  7,  0,  1],
       [ 0,  0,  5,  5],
       [ 0,  1,  1, 13]]), array([[10,  1,  0,  0],
       [ 2,  7,  0,  1],
       [ 0,  0,  8,  2],
       [ 1,  0,  1, 13]]), array([[ 7,  4,  0,  0],
       [ 2,  8,  0,  0],
       [ 0,  0,  7,  3],
       [ 0,  0,  3, 11]]), array([[ 9,  2,  0,  0],
       [ 2,  8,  0,  0],
       [ 0,  0,  6,  3],
       [ 0,  0,  2, 13]]), array([[ 8,  2,  1,  0],
       [ 2,  5,  0,  2],
       [ 0,  0,  7,  3],
       [ 0,  0,  2, 13]]), array([[ 9,  2,  0,  0],
       [ 2,  6,  0,  1],
       [ 0,  0,  6,  4],
       [ 0,  0,  2, 13]]), array([[10,  1,  0,  0],
       [ 4,  5,  0,  0],
       [ 0,  0,  7,  3],
       [ 0,  0,  2, 13]]), array([[ 9,  0,  1,  1],
       [ 3,  6,  0,  0],
       [ 0,  0,  7,  3],
       [ 0,  0,  2, 13]])]"
13,"[1.0, 1.0, 1.0, 1.0, 1.0, 1.0, 1.0, 1.0, 1.0, 1.0]","[1.0, 1.0, 1.0, 1.0, 1.0, 1.0, 1.0, 1.0, 1.0, 1.0]","[1.0, 1.0, 1.0, 1.0, 1.0, 1.0, 1.0, 1.0, 1.0, 1.0]","[1.0, 1.0, 1.0, 1.0, 1.0, 1.0, 1.0, 1.0, 1.0, 1.0]","[1.0, 1.0, 1.0, 1.0, 1.0, 1.0, 1.0, 1.0, 1.0, 1.0]","[1.0, 1.0, 1.0, 1.0, 1.0, 1.0, 1.0, 1.0, 1.0, 1.0]","[1.0, 1.0, 1.0, 1.0, 1.0, 1.0, 1.0, 1.0, 1.0, 1.0]","[1.0, 1.0, 1.0, 1.0, 1.0, 1.0, 1.0, 1.0, 1.0, 1.0]","[1.0, 1.0, 1.0, 1.0, 1.0, 1.0, 1.0, 1.0, 1.0, 1.0]","[1.0, 1.0, 1.0, 1.0, 1.0, 1.0, 1.0, 1.0, 1.0, 1.0]","[array([[100,   0,   0,   0],
       [  0, 134,   0,   0],
       [  0,   0,  89,   0],
       [  0,   0,   0, 134]]), array([[100,   0,   0,   0],
       [  0, 134,   0,   0],
       [  0,   0,  89,   0],
       [  0,   0,   0, 134]]), array([[101,   0,   0,   0],
       [  0, 134,   0,   0],
       [  0,   0,  89,   0],
       [  0,   0,   0, 134]]), array([[101,   0,   0,   0],
       [  0, 134,   0,   0],
       [  0,   0,  89,   0],
       [  0,   0,   0, 134]]), array([[101,   0,   0,   0],
       [  0, 135,   0,   0],
       [  0,   0,  89,   0],
       [  0,   0,   0, 135]]), array([[101,   0,   0,   0],
       [  0, 134,   0,   0],
       [  0,   0,  90,   0],
       [  0,   0,   0, 134]]), array([[101,   0,   0,   0],
       [  0, 134,   0,   0],
       [  0,   0,  89,   0],
       [  0,   0,   0, 134]]), array([[101,   0,   0,   0],
       [  0, 134,   0,   0],
       [  0,   0,  89,   0],
       [  0,   0,   0, 134]]), array([[101,   0,   0,   0],
       [  0, 134,   0,   0],
       [  0,   0,  89,   0],
       [  0,   0,   0, 134]]), array([[101,   0,   0,   0],
       [  0, 134,   0,   0],
       [  0,   0,  89,   0],
       [  0,   0,   0, 134]])]","[0.782608695652174, 0.782608695652174, 0.782608695652174, 0.8260869565217391, 0.7555555555555555, 0.7777777777777778, 0.7333333333333333, 0.7777777777777778, 0.8, 0.7555555555555555]","[0.782608695652174, 0.782608695652174, 0.782608695652174, 0.8260869565217391, 0.7555555555555555, 0.7777777777777778, 0.7333333333333333, 0.7777777777777778, 0.8, 0.7555555555555555]","[0.782608695652174, 0.782608695652174, 0.782608695652174, 0.8260869565217391, 0.7555555555555555, 0.7777777777777778, 0.7333333333333333, 0.7777777777777778, 0.8, 0.7555555555555555]","[0.782608695652174, 0.782608695652174, 0.782608695652174, 0.8260869565217391, 0.7555555555555555, 0.7777777777777778, 0.7333333333333333, 0.7777777777777778, 0.8, 0.7555555555555555]","[0.7966269841269842, 0.8202380952380952, 0.7855113636363636, 0.8777573529411764, 0.7532467532467533, 0.7776663695781343, 0.7505980861244019, 0.7776663695781343, 0.804162851037851, 0.7638888888888888]","[0.7930555555555555, 0.7652777777777778, 0.7734848484848486, 0.8083333333333333, 0.7532467532467533, 0.7628787878787878, 0.7073232323232324, 0.7628787878787878, 0.7856060606060605, 0.729040404040404]","[0.7928573591991883, 0.7806897759103641, 0.7764162360936555, 0.8113425925925926, 0.7523809523809524, 0.7683515690965381, 0.7135790679908327, 0.7683515690965381, 0.7897212790039616, 0.7369114485819291]","[0.7945134575569359, 0.8020186335403726, 0.7871788537549407, 0.8677269820971867, 0.7571717171717173, 0.7777414669571532, 0.743625730994152, 0.7777414669571532, 0.8031355989689323, 0.7617283950617284]","[0.782608695652174, 0.782608695652174, 0.782608695652174, 0.8260869565217391, 0.7555555555555555, 0.7777777777777778, 0.7333333333333333, 0.7777777777777778, 0.8, 0.7555555555555555]","[0.7866679308567062, 0.7804393496529047, 0.7821189251764287, 0.8183373590982287, 0.7555555555555555, 0.7757524939800482, 0.7247432306255834, 0.7757524939800482, 0.7970162862353015, 0.7499526153988397]","[array([[11,  1,  0,  0],
       [ 0,  8,  0,  1],
       [ 0,  0,  7,  3],
       [ 0,  0,  5, 10]]), array([[11,  0,  0,  1],
       [ 1,  7,  0,  1],
       [ 0,  0,  5,  5],
       [ 0,  0,  2, 13]]), array([[ 8,  3,  0,  0],
       [ 2,  8,  0,  0],
       [ 0,  0,  7,  3],
       [ 1,  0,  1, 13]]), array([[11,  0,  0,  0],
       [ 4,  5,  0,  1],
       [ 0,  0,  8,  2],
       [ 1,  0,  0, 14]]), array([[ 8,  3,  0,  0],
       [ 2,  8,  0,  0],
       [ 0,  0,  7,  3],
       [ 0,  0,  3, 11]]), array([[ 9,  2,  0,  0],
       [ 2,  7,  0,  1],
       [ 0,  0,  6,  3],
       [ 0,  0,  2, 13]]), array([[ 9,  1,  1,  0],
       [ 2,  4,  0,  3],
       [ 0,  0,  7,  3],
       [ 0,  0,  2, 13]]), array([[ 9,  2,  0,  0],
       [ 2,  6,  0,  1],
       [ 0,  0,  7,  3],
       [ 0,  0,  2, 13]]), array([[10,  1,  0,  0],
       [ 3,  6,  0,  0],
       [ 0,  0,  7,  3],
       [ 0,  0,  2, 13]]), array([[ 8,  1,  1,  1],
       [ 3,  5,  0,  1],
       [ 1,  0,  7,  2],
       [ 0,  0,  1, 14]])]"
14,"[1.0, 1.0, 1.0, 1.0, 1.0, 1.0, 1.0, 1.0, 1.0, 1.0]","[1.0, 1.0, 1.0, 1.0, 1.0, 1.0, 1.0, 1.0, 1.0, 1.0]","[1.0, 1.0, 1.0, 1.0, 1.0, 1.0, 1.0, 1.0, 1.0, 1.0]","[1.0, 1.0, 1.0, 1.0, 1.0, 1.0, 1.0, 1.0, 1.0, 1.0]","[1.0, 1.0, 1.0, 1.0, 1.0, 1.0, 1.0, 1.0, 1.0, 1.0]","[1.0, 1.0, 1.0, 1.0, 1.0, 1.0, 1.0, 1.0, 1.0, 1.0]","[1.0, 1.0, 1.0, 1.0, 1.0, 1.0, 1.0, 1.0, 1.0, 1.0]","[1.0, 1.0, 1.0, 1.0, 1.0, 1.0, 1.0, 1.0, 1.0, 1.0]","[1.0, 1.0, 1.0, 1.0, 1.0, 1.0, 1.0, 1.0, 1.0, 1.0]","[1.0, 1.0, 1.0, 1.0, 1.0, 1.0, 1.0, 1.0, 1.0, 1.0]","[array([[100,   0,   0,   0],
       [  0, 134,   0,   0],
       [  0,   0,  89,   0],
       [  0,   0,   0, 134]]), array([[100,   0,   0,   0],
       [  0, 134,   0,   0],
       [  0,   0,  89,   0],
       [  0,   0,   0, 134]]), array([[101,   0,   0,   0],
       [  0, 134,   0,   0],
       [  0,   0,  89,   0],
       [  0,   0,   0, 134]]), array([[101,   0,   0,   0],
       [  0, 134,   0,   0],
       [  0,   0,  89,   0],
       [  0,   0,   0, 134]]), array([[101,   0,   0,   0],
       [  0, 135,   0,   0],
       [  0,   0,  89,   0],
       [  0,   0,   0, 135]]), array([[101,   0,   0,   0],
       [  0, 134,   0,   0],
       [  0,   0,  90,   0],
       [  0,   0,   0, 134]]), array([[101,   0,   0,   0],
       [  0, 134,   0,   0],
       [  0,   0,  89,   0],
       [  0,   0,   0, 134]]), array([[101,   0,   0,   0],
       [  0, 134,   0,   0],
       [  0,   0,  89,   0],
       [  0,   0,   0, 134]]), array([[101,   0,   0,   0],
       [  0, 134,   0,   0],
       [  0,   0,  89,   0],
       [  0,   0,   0, 134]]), array([[101,   0,   0,   0],
       [  0, 134,   0,   0],
       [  0,   0,  89,   0],
       [  0,   0,   0, 134]])]","[0.8043478260869565, 0.782608695652174, 0.717391304347826, 0.7608695652173914, 0.7555555555555555, 0.8666666666666667, 0.7555555555555555, 0.8, 0.7777777777777778, 0.7777777777777778]","[0.8043478260869565, 0.782608695652174, 0.717391304347826, 0.7608695652173914, 0.7555555555555555, 0.8666666666666667, 0.7555555555555555, 0.8, 0.7777777777777778, 0.7777777777777778]","[0.8043478260869565, 0.782608695652174, 0.717391304347826, 0.7608695652173914, 0.7555555555555555, 0.8666666666666667, 0.7555555555555555, 0.8, 0.7777777777777778, 0.7777777777777778]","[0.8043478260869565, 0.782608695652174, 0.717391304347826, 0.7608695652173914, 0.7555555555555555, 0.8666666666666667, 0.7555555555555555, 0.8, 0.7777777777777778, 0.7777777777777778]","[0.824404761904762, 0.8202380952380952, 0.7362041467304625, 0.7572916666666667, 0.7532467532467533, 0.8878968253968254, 0.7684343434343435, 0.8082399626517274, 0.7844742063492064, 0.814236111111111]","[0.8138888888888888, 0.7652777777777778, 0.6984848484848485, 0.7484848484848484, 0.7532467532467533, 0.8500000000000001, 0.7351010101010101, 0.7856060606060605, 0.7578282828282829, 0.7578282828282829]","[0.8167988198414162, 0.7806897759103641, 0.7042446524064171, 0.7502571294997662, 0.7523809523809524, 0.8609738691260431, 0.7431818181818182, 0.7922268306636155, 0.7605546123372949, 0.7647670665497491]","[0.8162525879917185, 0.8020186335403726, 0.7303585049580473, 0.7613224637681159, 0.7571717171717173, 0.8769841269841269, 0.7629629629629631, 0.8028737420894283, 0.784942680776014, 0.8066358024691359]","[0.8043478260869565, 0.782608695652174, 0.717391304347826, 0.7608695652173914, 0.7555555555555555, 0.8666666666666667, 0.7555555555555555, 0.8, 0.7777777777777778, 0.7777777777777778]","[0.8082402648942909, 0.7804393496529047, 0.7113171355498721, 0.7586844726304449, 0.7555555555555555, 0.8641755721465867, 0.7515151515151516, 0.7971364098652428, 0.7722014714204868, 0.7742039134229287]","[array([[12,  0,  0,  0],
       [ 0,  8,  0,  1],
       [ 0,  0,  7,  3],
       [ 0,  0,  5, 10]]), array([[11,  0,  0,  1],
       [ 1,  7,  0,  1],
       [ 0,  0,  5,  5],
       [ 0,  0,  2, 13]]), array([[ 8,  3,  0,  0],
       [ 2,  7,  0,  1],
       [ 0,  0,  5,  5],
       [ 1,  0,  1, 13]]), array([[ 8,  2,  1,  0],
       [ 3,  6,  0,  1],
       [ 0,  0,  8,  2],
       [ 1,  0,  1, 13]]), array([[ 8,  3,  0,  0],
       [ 2,  8,  0,  0],
       [ 0,  0,  7,  3],
       [ 0,  0,  3, 11]]), array([[11,  0,  0,  0],
       [ 1,  8,  0,  1],
       [ 0,  0,  6,  3],
       [ 0,  0,  1, 14]]), array([[ 9,  1,  1,  0],
       [ 2,  5,  0,  2],
       [ 0,  0,  7,  3],
       [ 0,  0,  2, 13]]), array([[10,  1,  0,  0],
       [ 2,  6,  0,  1],
       [ 0,  0,  7,  3],
       [ 0,  0,  2, 13]]), array([[10,  1,  0,  0],
       [ 4,  5,  0,  0],
       [ 0,  0,  7,  3],
       [ 0,  0,  2, 13]]), array([[10,  0,  0,  1],
       [ 4,  5,  0,  0],
       [ 1,  0,  7,  2],
       [ 0,  0,  2, 13]])]"
15,"[1.0, 1.0, 1.0, 1.0, 1.0, 1.0, 1.0, 1.0, 1.0, 1.0]","[1.0, 1.0, 1.0, 1.0, 1.0, 1.0, 1.0, 1.0, 1.0, 1.0]","[1.0, 1.0, 1.0, 1.0, 1.0, 1.0, 1.0, 1.0, 1.0, 1.0]","[1.0, 1.0, 1.0, 1.0, 1.0, 1.0, 1.0, 1.0, 1.0, 1.0]","[1.0, 1.0, 1.0, 1.0, 1.0, 1.0, 1.0, 1.0, 1.0, 1.0]","[1.0, 1.0, 1.0, 1.0, 1.0, 1.0, 1.0, 1.0, 1.0, 1.0]","[1.0, 1.0, 1.0, 1.0, 1.0, 1.0, 1.0, 1.0, 1.0, 1.0]","[1.0, 1.0, 1.0, 1.0, 1.0, 1.0, 1.0, 1.0, 1.0, 1.0]","[1.0, 1.0, 1.0, 1.0, 1.0, 1.0, 1.0, 1.0, 1.0, 1.0]","[1.0, 1.0, 1.0, 1.0, 1.0, 1.0, 1.0, 1.0, 1.0, 1.0]","[array([[100,   0,   0,   0],
       [  0, 134,   0,   0],
       [  0,   0,  89,   0],
       [  0,   0,   0, 134]]), array([[100,   0,   0,   0],
       [  0, 134,   0,   0],
       [  0,   0,  89,   0],
       [  0,   0,   0, 134]]), array([[101,   0,   0,   0],
       [  0, 134,   0,   0],
       [  0,   0,  89,   0],
       [  0,   0,   0, 134]]), array([[101,   0,   0,   0],
       [  0, 134,   0,   0],
       [  0,   0,  89,   0],
       [  0,   0,   0, 134]]), array([[101,   0,   0,   0],
       [  0, 135,   0,   0],
       [  0,   0,  89,   0],
       [  0,   0,   0, 135]]), array([[101,   0,   0,   0],
       [  0, 134,   0,   0],
       [  0,   0,  90,   0],
       [  0,   0,   0, 134]]), array([[101,   0,   0,   0],
       [  0, 134,   0,   0],
       [  0,   0,  89,   0],
       [  0,   0,   0, 134]]), array([[101,   0,   0,   0],
       [  0, 134,   0,   0],
       [  0,   0,  89,   0],
       [  0,   0,   0, 134]]), array([[101,   0,   0,   0],
       [  0, 134,   0,   0],
       [  0,   0,  89,   0],
       [  0,   0,   0, 134]]), array([[101,   0,   0,   0],
       [  0, 134,   0,   0],
       [  0,   0,  89,   0],
       [  0,   0,   0, 134]])]","[0.8043478260869565, 0.8260869565217391, 0.7608695652173914, 0.8260869565217391, 0.7777777777777778, 0.8666666666666667, 0.7555555555555555, 0.8222222222222222, 0.7555555555555555, 0.8]","[0.8043478260869565, 0.8260869565217391, 0.7608695652173914, 0.8260869565217391, 0.7777777777777778, 0.8666666666666667, 0.7555555555555555, 0.8222222222222222, 0.7555555555555555, 0.8]","[0.8043478260869565, 0.8260869565217391, 0.7608695652173914, 0.8260869565217391, 0.7777777777777778, 0.8666666666666667, 0.7555555555555555, 0.8222222222222222, 0.7555555555555555, 0.8]","[0.8043478260869565, 0.8260869565217391, 0.7608695652173914, 0.8260869565217391, 0.7777777777777778, 0.8666666666666667, 0.7555555555555555, 0.8222222222222222, 0.7555555555555555, 0.8]","[0.824404761904762, 0.8541666666666666, 0.7690985485103132, 0.8345238095238096, 0.7811507936507935, 0.8670454545454546, 0.7652777777777777, 0.8358134920634921, 0.749217796092796, 0.7997835497835498]","[0.8138888888888888, 0.8152777777777778, 0.7484848484848485, 0.818939393939394, 0.7782467532467532, 0.8573232323232323, 0.7401515151515151, 0.8022727272727272, 0.7351010101010101, 0.780050505050505]","[0.8167988198414162, 0.8290968899521531, 0.7518899605296664, 0.8181372549019608, 0.775974025974026, 0.8602602331255083, 0.7484402852049912, 0.8114569609134826, 0.7376379456706282, 0.7738095238095238]","[0.8162525879917185, 0.8393719806763286, 0.7677118278141295, 0.8354037267080746, 0.7839506172839507, 0.8684848484848484, 0.7635802469135803, 0.8288359788359787, 0.755760751594085, 0.8053102453102453]","[0.8043478260869565, 0.8260869565217391, 0.7608695652173914, 0.8260869565217391, 0.7777777777777778, 0.8666666666666667, 0.7555555555555555, 0.8222222222222222, 0.7555555555555555, 0.8]","[0.8082402648942909, 0.8274261493655086, 0.7579428510534649, 0.8230179028132992, 0.7773737373737374, 0.8657811511701455, 0.7549138443256092, 0.8182281754745524, 0.7516459158649311, 0.7892063492063491]","[array([[12,  0,  0,  0],
       [ 0,  8,  0,  1],
       [ 0,  0,  7,  3],
       [ 0,  0,  5, 10]]), array([[11,  0,  0,  1],
       [ 1,  7,  0,  1],
       [ 0,  0,  7,  3],
       [ 0,  0,  2, 13]]), array([[ 8,  3,  0,  0],
       [ 2,  8,  0,  0],
       [ 0,  0,  6,  4],
       [ 1,  0,  1, 13]]), array([[10,  1,  0,  0],
       [ 3,  6,  0,  1],
       [ 0,  0,  9,  1],
       [ 1,  0,  1, 13]]), array([[ 8,  3,  0,  0],
       [ 1,  9,  0,  0],
       [ 0,  0,  7,  3],
       [ 0,  0,  3, 11]]), array([[ 9,  2,  0,  0],
       [ 1,  9,  0,  0],
       [ 0,  0,  7,  2],
       [ 0,  0,  1, 14]]), array([[ 8,  2,  1,  0],
       [ 1,  6,  0,  2],
       [ 0,  0,  7,  3],
       [ 0,  0,  2, 13]]), array([[10,  1,  0,  0],
       [ 2,  6,  0,  1],
       [ 0,  0,  7,  3],
       [ 0,  0,  1, 14]]), array([[ 9,  2,  0,  0],
       [ 4,  5,  0,  0],
       [ 0,  0,  7,  3],
       [ 0,  0,  2, 13]]), array([[10,  1,  0,  0],
       [ 4,  4,  0,  1],
       [ 0,  0,  9,  1],
       [ 0,  0,  2, 13]])]"
16,"[1.0, 1.0, 1.0, 1.0, 1.0, 1.0, 1.0, 1.0, 1.0, 1.0]","[1.0, 1.0, 1.0, 1.0, 1.0, 1.0, 1.0, 1.0, 1.0, 1.0]","[1.0, 1.0, 1.0, 1.0, 1.0, 1.0, 1.0, 1.0, 1.0, 1.0]","[1.0, 1.0, 1.0, 1.0, 1.0, 1.0, 1.0, 1.0, 1.0, 1.0]","[1.0, 1.0, 1.0, 1.0, 1.0, 1.0, 1.0, 1.0, 1.0, 1.0]","[1.0, 1.0, 1.0, 1.0, 1.0, 1.0, 1.0, 1.0, 1.0, 1.0]","[1.0, 1.0, 1.0, 1.0, 1.0, 1.0, 1.0, 1.0, 1.0, 1.0]","[1.0, 1.0, 1.0, 1.0, 1.0, 1.0, 1.0, 1.0, 1.0, 1.0]","[1.0, 1.0, 1.0, 1.0, 1.0, 1.0, 1.0, 1.0, 1.0, 1.0]","[1.0, 1.0, 1.0, 1.0, 1.0, 1.0, 1.0, 1.0, 1.0, 1.0]","[array([[100,   0,   0,   0],
       [  0, 134,   0,   0],
       [  0,   0,  89,   0],
       [  0,   0,   0, 134]]), array([[100,   0,   0,   0],
       [  0, 134,   0,   0],
       [  0,   0,  89,   0],
       [  0,   0,   0, 134]]), array([[101,   0,   0,   0],
       [  0, 134,   0,   0],
       [  0,   0,  89,   0],
       [  0,   0,   0, 134]]), array([[101,   0,   0,   0],
       [  0, 134,   0,   0],
       [  0,   0,  89,   0],
       [  0,   0,   0, 134]]), array([[101,   0,   0,   0],
       [  0, 135,   0,   0],
       [  0,   0,  89,   0],
       [  0,   0,   0, 135]]), array([[101,   0,   0,   0],
       [  0, 134,   0,   0],
       [  0,   0,  90,   0],
       [  0,   0,   0, 134]]), array([[101,   0,   0,   0],
       [  0, 134,   0,   0],
       [  0,   0,  89,   0],
       [  0,   0,   0, 134]]), array([[101,   0,   0,   0],
       [  0, 134,   0,   0],
       [  0,   0,  89,   0],
       [  0,   0,   0, 134]]), array([[101,   0,   0,   0],
       [  0, 134,   0,   0],
       [  0,   0,  89,   0],
       [  0,   0,   0, 134]]), array([[101,   0,   0,   0],
       [  0, 134,   0,   0],
       [  0,   0,  89,   0],
       [  0,   0,   0, 134]])]","[0.782608695652174, 0.8260869565217391, 0.717391304347826, 0.8043478260869565, 0.7555555555555555, 0.8666666666666667, 0.7333333333333333, 0.8, 0.7777777777777778, 0.7777777777777778]","[0.782608695652174, 0.8260869565217391, 0.717391304347826, 0.8043478260869565, 0.7555555555555555, 0.8666666666666667, 0.7333333333333333, 0.8, 0.7777777777777778, 0.7777777777777778]","[0.782608695652174, 0.8260869565217391, 0.717391304347826, 0.8043478260869565, 0.7555555555555555, 0.8666666666666667, 0.7333333333333333, 0.8, 0.7777777777777778, 0.7777777777777778]","[0.782608695652174, 0.8260869565217391, 0.717391304347826, 0.8043478260869565, 0.7555555555555555, 0.8666666666666667, 0.7333333333333333, 0.8, 0.7777777777777778, 0.7777777777777778]","[0.7966269841269842, 0.8541666666666666, 0.7281746031746031, 0.8085747585747586, 0.7632554945054945, 0.874127302436126, 0.7409722222222221, 0.805239898989899, 0.7844742063492064, 0.7691964285714286]","[0.7930555555555555, 0.8152777777777778, 0.6984848484848485, 0.7962121212121213, 0.7555194805194805, 0.8550505050505051, 0.7174242424242424, 0.7795454545454545, 0.7578282828282829, 0.76010101010101]","[0.7928573591991883, 0.8290968899521531, 0.7052480655253572, 0.7949229691876751, 0.7512912716574043, 0.8624313960033774, 0.7228468899521532, 0.7875816993464053, 0.7605546123372949, 0.7615795932678822]","[0.7945134575569359, 0.8393719806763286, 0.7261904761904762, 0.8123615514919863, 0.7677350427350427, 0.8692628903413218, 0.7435185185185186, 0.8037037037037037, 0.784942680776014, 0.7748015873015873]","[0.782608695652174, 0.8260869565217391, 0.717391304347826, 0.8043478260869565, 0.7555555555555555, 0.8666666666666667, 0.7333333333333333, 0.8, 0.7777777777777778, 0.7777777777777778]","[0.7866679308567062, 0.8274261493655086, 0.7140210594417667, 0.8017446108878334, 0.7540300025425883, 0.8657292741658065, 0.731632110579479, 0.7968442595893576, 0.7722014714204868, 0.7736520180769831]","[array([[11,  1,  0,  0],
       [ 0,  8,  0,  1],
       [ 0,  0,  7,  3],
       [ 0,  0,  5, 10]]), array([[11,  0,  0,  1],
       [ 1,  7,  0,  1],
       [ 0,  0,  7,  3],
       [ 0,  0,  2, 13]]), array([[ 8,  3,  0,  0],
       [ 3,  6,  0,  1],
       [ 0,  0,  6,  4],
       [ 1,  0,  1, 13]]), array([[ 9,  1,  1,  0],
       [ 3,  6,  0,  1],
       [ 0,  0,  9,  1],
       [ 1,  0,  1, 13]]), array([[ 7,  4,  0,  0],
       [ 1,  9,  0,  0],
       [ 0,  0,  7,  3],
       [ 0,  0,  3, 11]]), array([[10,  1,  0,  0],
       [ 1,  8,  0,  1],
       [ 0,  0,  7,  2],
       [ 0,  0,  1, 14]]), array([[ 7,  3,  1,  0],
       [ 1,  6,  0,  2],
       [ 0,  0,  7,  3],
       [ 0,  0,  2, 13]]), array([[ 9,  2,  0,  0],
       [ 2,  6,  0,  1],
       [ 0,  0,  7,  3],
       [ 0,  0,  1, 14]]), array([[10,  1,  0,  0],
       [ 4,  5,  0,  0],
       [ 0,  0,  7,  3],
       [ 0,  0,  2, 13]]), array([[ 9,  1,  0,  1],
       [ 3,  5,  0,  1],
       [ 0,  1,  8,  1],
       [ 0,  0,  2, 13]])]"
17,"[1.0, 1.0, 1.0, 1.0, 1.0, 1.0, 1.0, 1.0, 1.0, 1.0]","[1.0, 1.0, 1.0, 1.0, 1.0, 1.0, 1.0, 1.0, 1.0, 1.0]","[1.0, 1.0, 1.0, 1.0, 1.0, 1.0, 1.0, 1.0, 1.0, 1.0]","[1.0, 1.0, 1.0, 1.0, 1.0, 1.0, 1.0, 1.0, 1.0, 1.0]","[1.0, 1.0, 1.0, 1.0, 1.0, 1.0, 1.0, 1.0, 1.0, 1.0]","[1.0, 1.0, 1.0, 1.0, 1.0, 1.0, 1.0, 1.0, 1.0, 1.0]","[1.0, 1.0, 1.0, 1.0, 1.0, 1.0, 1.0, 1.0, 1.0, 1.0]","[1.0, 1.0, 1.0, 1.0, 1.0, 1.0, 1.0, 1.0, 1.0, 1.0]","[1.0, 1.0, 1.0, 1.0, 1.0, 1.0, 1.0, 1.0, 1.0, 1.0]","[1.0, 1.0, 1.0, 1.0, 1.0, 1.0, 1.0, 1.0, 1.0, 1.0]","[array([[100,   0,   0,   0],
       [  0, 134,   0,   0],
       [  0,   0,  89,   0],
       [  0,   0,   0, 134]]), array([[100,   0,   0,   0],
       [  0, 134,   0,   0],
       [  0,   0,  89,   0],
       [  0,   0,   0, 134]]), array([[101,   0,   0,   0],
       [  0, 134,   0,   0],
       [  0,   0,  89,   0],
       [  0,   0,   0, 134]]), array([[101,   0,   0,   0],
       [  0, 134,   0,   0],
       [  0,   0,  89,   0],
       [  0,   0,   0, 134]]), array([[101,   0,   0,   0],
       [  0, 135,   0,   0],
       [  0,   0,  89,   0],
       [  0,   0,   0, 135]]), array([[101,   0,   0,   0],
       [  0, 134,   0,   0],
       [  0,   0,  90,   0],
       [  0,   0,   0, 134]]), array([[101,   0,   0,   0],
       [  0, 134,   0,   0],
       [  0,   0,  89,   0],
       [  0,   0,   0, 134]]), array([[101,   0,   0,   0],
       [  0, 134,   0,   0],
       [  0,   0,  89,   0],
       [  0,   0,   0, 134]]), array([[101,   0,   0,   0],
       [  0, 134,   0,   0],
       [  0,   0,  89,   0],
       [  0,   0,   0, 134]]), array([[101,   0,   0,   0],
       [  0, 134,   0,   0],
       [  0,   0,  89,   0],
       [  0,   0,   0, 134]])]","[0.7608695652173914, 0.8260869565217391, 0.6956521739130435, 0.8043478260869565, 0.7333333333333333, 0.8444444444444444, 0.7777777777777778, 0.8, 0.7333333333333333, 0.8444444444444444]","[0.7608695652173914, 0.8260869565217391, 0.6956521739130435, 0.8043478260869565, 0.7333333333333333, 0.8444444444444444, 0.7777777777777778, 0.8, 0.7333333333333333, 0.8444444444444444]","[0.7608695652173914, 0.8260869565217391, 0.6956521739130435, 0.8043478260869565, 0.7333333333333333, 0.8444444444444444, 0.7777777777777778, 0.8, 0.7333333333333333, 0.8444444444444444]","[0.7608695652173914, 0.8260869565217391, 0.6956521739130435, 0.8043478260869565, 0.7333333333333333, 0.8444444444444444, 0.7777777777777778, 0.8, 0.7333333333333333, 0.8444444444444444]","[0.7946428571428572, 0.8333333333333333, 0.7070707070707071, 0.8316964285714286, 0.7325396825396825, 0.8420454545454545, 0.7883771929824561, 0.8211152882205514, 0.7266483516483515, 0.8438311688311688]","[0.7666666666666667, 0.8263888888888888, 0.6757575757575758, 0.793939393939394, 0.7305194805194806, 0.8323232323232324, 0.7568181818181818, 0.7772727272727273, 0.7184343434343434, 0.8378787878787879]","[0.764102564102564, 0.8291478023014525, 0.6789772727272727, 0.7971774193548388, 0.7282467532467531, 0.8362342590995342, 0.7665634674922601, 0.7872442455242967, 0.71875, 0.8359848484848486]","[0.7880434782608695, 0.8266908212560387, 0.7071805006587616, 0.8270574534161491, 0.7382716049382716, 0.8444444444444444, 0.7857374918778428, 0.8112225006961848, 0.7343101343101343, 0.8455026455026455]","[0.7608695652173914, 0.8260869565217391, 0.6956521739130435, 0.8043478260869565, 0.7333333333333333, 0.8444444444444444, 0.7777777777777778, 0.8, 0.7333333333333333, 0.8444444444444444]","[0.7596432552954291, 0.8256809625747398, 0.6898880105401844, 0.8017531556802244, 0.7327272727272727, 0.8435589289479233, 0.774984520123839, 0.7939329354930378, 0.7305555555555555, 0.8409090909090909]","[array([[12,  0,  0,  0],
       [ 2,  6,  0,  1],
       [ 0,  0,  8,  2],
       [ 0,  0,  6,  9]]), array([[11,  0,  0,  1],
       [ 1,  8,  0,  0],
       [ 0,  0,  7,  3],
       [ 0,  1,  2, 12]]), array([[ 7,  4,  0,  0],
       [ 3,  7,  0,  0],
       [ 0,  0,  5,  5],
       [ 1,  0,  1, 13]]), array([[10,  0,  1,  0],
       [ 3,  6,  0,  1],
       [ 0,  0,  8,  2],
       [ 1,  0,  1, 13]]), array([[ 7,  4,  0,  0],
       [ 2,  8,  0,  0],
       [ 0,  0,  7,  3],
       [ 0,  0,  3, 11]]), array([[ 9,  2,  0,  0],
       [ 2,  8,  0,  0],
       [ 0,  0,  7,  2],
       [ 0,  0,  1, 14]]), array([[ 8,  2,  1,  0],
       [ 1,  6,  0,  2],
       [ 0,  0,  7,  3],
       [ 0,  0,  1, 14]]), array([[10,  1,  0,  0],
       [ 2,  6,  0,  1],
       [ 0,  0,  6,  4],
       [ 0,  0,  1, 14]]), array([[ 9,  2,  0,  0],
       [ 4,  5,  0,  0],
       [ 0,  0,  7,  3],
       [ 0,  0,  3, 12]]), array([[ 9,  1,  0,  1],
       [ 2,  6,  0,  1],
       [ 0,  0, 10,  0],
       [ 0,  0,  2, 13]])]"
18,"[1.0, 1.0, 1.0, 1.0, 1.0, 1.0, 1.0, 1.0, 1.0, 1.0]","[1.0, 1.0, 1.0, 1.0, 1.0, 1.0, 1.0, 1.0, 1.0, 1.0]","[1.0, 1.0, 1.0, 1.0, 1.0, 1.0, 1.0, 1.0, 1.0, 1.0]","[1.0, 1.0, 1.0, 1.0, 1.0, 1.0, 1.0, 1.0, 1.0, 1.0]","[1.0, 1.0, 1.0, 1.0, 1.0, 1.0, 1.0, 1.0, 1.0, 1.0]","[1.0, 1.0, 1.0, 1.0, 1.0, 1.0, 1.0, 1.0, 1.0, 1.0]","[1.0, 1.0, 1.0, 1.0, 1.0, 1.0, 1.0, 1.0, 1.0, 1.0]","[1.0, 1.0, 1.0, 1.0, 1.0, 1.0, 1.0, 1.0, 1.0, 1.0]","[1.0, 1.0, 1.0, 1.0, 1.0, 1.0, 1.0, 1.0, 1.0, 1.0]","[1.0, 1.0, 1.0, 1.0, 1.0, 1.0, 1.0, 1.0, 1.0, 1.0]","[array([[100,   0,   0,   0],
       [  0, 134,   0,   0],
       [  0,   0,  89,   0],
       [  0,   0,   0, 134]]), array([[100,   0,   0,   0],
       [  0, 134,   0,   0],
       [  0,   0,  89,   0],
       [  0,   0,   0, 134]]), array([[101,   0,   0,   0],
       [  0, 134,   0,   0],
       [  0,   0,  89,   0],
       [  0,   0,   0, 134]]), array([[101,   0,   0,   0],
       [  0, 134,   0,   0],
       [  0,   0,  89,   0],
       [  0,   0,   0, 134]]), array([[101,   0,   0,   0],
       [  0, 135,   0,   0],
       [  0,   0,  89,   0],
       [  0,   0,   0, 135]]), array([[101,   0,   0,   0],
       [  0, 134,   0,   0],
       [  0,   0,  90,   0],
       [  0,   0,   0, 134]]), array([[101,   0,   0,   0],
       [  0, 134,   0,   0],
       [  0,   0,  89,   0],
       [  0,   0,   0, 134]]), array([[101,   0,   0,   0],
       [  0, 134,   0,   0],
       [  0,   0,  89,   0],
       [  0,   0,   0, 134]]), array([[101,   0,   0,   0],
       [  0, 134,   0,   0],
       [  0,   0,  89,   0],
       [  0,   0,   0, 134]]), array([[101,   0,   0,   0],
       [  0, 134,   0,   0],
       [  0,   0,  89,   0],
       [  0,   0,   0, 134]])]","[0.7391304347826086, 0.8478260869565217, 0.717391304347826, 0.782608695652174, 0.7555555555555555, 0.8444444444444444, 0.7555555555555555, 0.8222222222222222, 0.7555555555555555, 0.8]","[0.7391304347826086, 0.8478260869565217, 0.717391304347826, 0.782608695652174, 0.7555555555555555, 0.8444444444444444, 0.7555555555555555, 0.8222222222222222, 0.7555555555555555, 0.8]","[0.7391304347826086, 0.8478260869565217, 0.717391304347826, 0.782608695652174, 0.7555555555555555, 0.8444444444444444, 0.7555555555555555, 0.8222222222222222, 0.7555555555555555, 0.8]","[0.7391304347826086, 0.8478260869565217, 0.717391304347826, 0.782608695652174, 0.7555555555555555, 0.8444444444444444, 0.7555555555555555, 0.8222222222222222, 0.7555555555555555, 0.8]","[0.7744047619047619, 0.8647875816993463, 0.7305555555555556, 0.7918709150326797, 0.7532467532467533, 0.8420454545454545, 0.7652777777777777, 0.8358134920634921, 0.749217796092796, 0.8362418831168832]","[0.7305555555555555, 0.8430555555555556, 0.7007575757575758, 0.7712121212121211, 0.7532467532467533, 0.8323232323232324, 0.7401515151515151, 0.8022727272727272, 0.7351010101010101, 0.780050505050505]","[0.7322983529880082, 0.851796310629515, 0.7017045454545454, 0.7774321446732774, 0.7523809523809524, 0.8362342590995342, 0.7484402852049912, 0.8114569609134826, 0.7376379456706282, 0.7778092874867069]","[0.7640786749482402, 0.8532253481102586, 0.7289855072463768, 0.7880079568059107, 0.7571717171717173, 0.8444444444444444, 0.7635802469135803, 0.8288359788359787, 0.755760751594085, 0.8272546897546899]","[0.7391304347826086, 0.8478260869565217, 0.717391304347826, 0.782608695652174, 0.7555555555555555, 0.8444444444444444, 0.7555555555555555, 0.8222222222222222, 0.7555555555555555, 0.8]","[0.7348630879365511, 0.8484023758244715, 0.7103096179183135, 0.7813564017952884, 0.7555555555555555, 0.8435589289479233, 0.7549138443256092, 0.8182281754745524, 0.7516459158649311, 0.7886785615817874]","[array([[12,  0,  0,  0],
       [ 3,  5,  0,  1],
       [ 0,  0,  7,  3],
       [ 0,  0,  5, 10]]), array([[11,  0,  0,  1],
       [ 1,  8,  0,  0],
       [ 0,  0,  7,  3],
       [ 0,  0,  2, 13]]), array([[ 7,  4,  0,  0],
       [ 2,  8,  0,  0],
       [ 0,  0,  5,  5],
       [ 1,  0,  1, 13]]), array([[ 9,  1,  1,  0],
       [ 2,  7,  0,  1],
       [ 0,  0,  7,  3],
       [ 1,  0,  1, 13]]), array([[ 8,  3,  0,  0],
       [ 2,  8,  0,  0],
       [ 0,  0,  7,  3],
       [ 0,  0,  3, 11]]), array([[ 9,  2,  0,  0],
       [ 2,  8,  0,  0],
       [ 0,  0,  7,  2],
       [ 0,  0,  1, 14]]), array([[ 8,  2,  1,  0],
       [ 1,  6,  0,  2],
       [ 0,  0,  7,  3],
       [ 0,  0,  2, 13]]), array([[10,  1,  0,  0],
       [ 2,  6,  0,  1],
       [ 0,  0,  7,  3],
       [ 0,  0,  1, 14]]), array([[ 9,  2,  0,  0],
       [ 4,  5,  0,  0],
       [ 0,  0,  7,  3],
       [ 0,  0,  2, 13]]), array([[10,  0,  0,  1],
       [ 4,  4,  0,  1],
       [ 0,  0,  9,  1],
       [ 0,  0,  2, 13]])]"
19,"[1.0, 1.0, 1.0, 1.0, 1.0, 1.0, 1.0, 1.0, 1.0, 1.0]","[1.0, 1.0, 1.0, 1.0, 1.0, 1.0, 1.0, 1.0, 1.0, 1.0]","[1.0, 1.0, 1.0, 1.0, 1.0, 1.0, 1.0, 1.0, 1.0, 1.0]","[1.0, 1.0, 1.0, 1.0, 1.0, 1.0, 1.0, 1.0, 1.0, 1.0]","[1.0, 1.0, 1.0, 1.0, 1.0, 1.0, 1.0, 1.0, 1.0, 1.0]","[1.0, 1.0, 1.0, 1.0, 1.0, 1.0, 1.0, 1.0, 1.0, 1.0]","[1.0, 1.0, 1.0, 1.0, 1.0, 1.0, 1.0, 1.0, 1.0, 1.0]","[1.0, 1.0, 1.0, 1.0, 1.0, 1.0, 1.0, 1.0, 1.0, 1.0]","[1.0, 1.0, 1.0, 1.0, 1.0, 1.0, 1.0, 1.0, 1.0, 1.0]","[1.0, 1.0, 1.0, 1.0, 1.0, 1.0, 1.0, 1.0, 1.0, 1.0]","[array([[100,   0,   0,   0],
       [  0, 134,   0,   0],
       [  0,   0,  89,   0],
       [  0,   0,   0, 134]]), array([[100,   0,   0,   0],
       [  0, 134,   0,   0],
       [  0,   0,  89,   0],
       [  0,   0,   0, 134]]), array([[101,   0,   0,   0],
       [  0, 134,   0,   0],
       [  0,   0,  89,   0],
       [  0,   0,   0, 134]]), array([[101,   0,   0,   0],
       [  0, 134,   0,   0],
       [  0,   0,  89,   0],
       [  0,   0,   0, 134]]), array([[101,   0,   0,   0],
       [  0, 135,   0,   0],
       [  0,   0,  89,   0],
       [  0,   0,   0, 135]]), array([[101,   0,   0,   0],
       [  0, 134,   0,   0],
       [  0,   0,  90,   0],
       [  0,   0,   0, 134]]), array([[101,   0,   0,   0],
       [  0, 134,   0,   0],
       [  0,   0,  89,   0],
       [  0,   0,   0, 134]]), array([[101,   0,   0,   0],
       [  0, 134,   0,   0],
       [  0,   0,  89,   0],
       [  0,   0,   0, 134]]), array([[101,   0,   0,   0],
       [  0, 134,   0,   0],
       [  0,   0,  89,   0],
       [  0,   0,   0, 134]]), array([[101,   0,   0,   0],
       [  0, 134,   0,   0],
       [  0,   0,  89,   0],
       [  0,   0,   0, 134]])]","[0.7391304347826086, 0.8260869565217391, 0.6956521739130435, 0.8043478260869565, 0.7555555555555555, 0.8666666666666667, 0.7333333333333333, 0.8444444444444444, 0.7333333333333333, 0.8444444444444444]","[0.7391304347826086, 0.8260869565217391, 0.6956521739130435, 0.8043478260869565, 0.7555555555555555, 0.8666666666666667, 0.7333333333333333, 0.8444444444444444, 0.7333333333333333, 0.8444444444444444]","[0.7391304347826086, 0.8260869565217391, 0.6956521739130435, 0.8043478260869565, 0.7555555555555555, 0.8666666666666667, 0.7333333333333333, 0.8444444444444444, 0.7333333333333333, 0.8444444444444444]","[0.7391304347826086, 0.8260869565217391, 0.6956521739130435, 0.8043478260869565, 0.7555555555555555, 0.8666666666666667, 0.7333333333333333, 0.8444444444444444, 0.7333333333333333, 0.8444444444444444]","[0.7803571428571429, 0.8596230158730158, 0.7070707070707071, 0.804367201426025, 0.7532467532467533, 0.8626984126984127, 0.740359477124183, 0.874732905982906, 0.7266483516483515, 0.8673076923076923]","[0.7388888888888889, 0.8041666666666667, 0.6757575757575758, 0.7901515151515153, 0.7532467532467533, 0.8661616161616161, 0.7234848484848484, 0.825, 0.7184343434343434, 0.8328282828282828]","[0.7341269841269841, 0.8181041181041181, 0.6789772727272727, 0.7953050239234449, 0.7523809523809524, 0.8637514576045311, 0.7291666666666667, 0.8357323232323233, 0.71875, 0.8308441558441558]","[0.773136645962733, 0.8444616977225673, 0.7071805006587616, 0.804774083546462, 0.7571717171717173, 0.8687830687830688, 0.7414669571532316, 0.8605413105413104, 0.7343101343101343, 0.8621082621082621]","[0.7391304347826086, 0.8260869565217391, 0.6956521739130435, 0.8043478260869565, 0.7555555555555555, 0.8666666666666667, 0.7333333333333333, 0.8444444444444444, 0.7333333333333333, 0.8444444444444444]","[0.7339544513457557, 0.8230194925847101, 0.6898880105401844, 0.8024885583524027, 0.7555555555555555, 0.8669665167416292, 0.7344444444444443, 0.8397418630751964, 0.7305555555555555, 0.8374699374699375]","[array([[12,  0,  0,  0],
       [ 3,  5,  0,  1],
       [ 0,  0,  8,  2],
       [ 0,  0,  6,  9]]), array([[11,  0,  0,  1],
       [ 3,  6,  0,  0],
       [ 0,  0,  7,  3],
       [ 0,  0,  1, 14]]), array([[ 7,  4,  0,  0],
       [ 3,  7,  0,  0],
       [ 0,  0,  5,  5],
       [ 1,  0,  1, 13]]), array([[ 8,  2,  1,  0],
       [ 2,  7,  0,  1],
       [ 0,  0,  8,  2],
       [ 1,  0,  0, 14]]), array([[ 8,  3,  0,  0],
       [ 2,  8,  0,  0],
       [ 0,  0,  7,  3],
       [ 0,  0,  3, 11]]), array([[10,  1,  0,  0],
       [ 2,  8,  0,  0],
       [ 0,  0,  8,  1],
       [ 0,  1,  1, 13]]), array([[ 8,  2,  1,  0],
       [ 1,  6,  0,  2],
       [ 0,  0,  7,  3],
       [ 0,  1,  2, 12]]), array([[11,  0,  0,  0],
       [ 2,  6,  0,  1],
       [ 0,  0,  7,  3],
       [ 0,  0,  1, 14]]), array([[ 9,  2,  0,  0],
       [ 4,  5,  0,  0],
       [ 0,  0,  7,  3],
       [ 0,  0,  3, 12]]), array([[10,  0,  0,  1],
       [ 3,  5,  0,  1],
       [ 0,  0, 10,  0],
       [ 0,  0,  2, 13]])]"
20,"[1.0, 1.0, 1.0, 1.0, 1.0, 1.0, 1.0, 1.0, 1.0, 1.0]","[1.0, 1.0, 1.0, 1.0, 1.0, 1.0, 1.0, 1.0, 1.0, 1.0]","[1.0, 1.0, 1.0, 1.0, 1.0, 1.0, 1.0, 1.0, 1.0, 1.0]","[1.0, 1.0, 1.0, 1.0, 1.0, 1.0, 1.0, 1.0, 1.0, 1.0]","[1.0, 1.0, 1.0, 1.0, 1.0, 1.0, 1.0, 1.0, 1.0, 1.0]","[1.0, 1.0, 1.0, 1.0, 1.0, 1.0, 1.0, 1.0, 1.0, 1.0]","[1.0, 1.0, 1.0, 1.0, 1.0, 1.0, 1.0, 1.0, 1.0, 1.0]","[1.0, 1.0, 1.0, 1.0, 1.0, 1.0, 1.0, 1.0, 1.0, 1.0]","[1.0, 1.0, 1.0, 1.0, 1.0, 1.0, 1.0, 1.0, 1.0, 1.0]","[1.0, 1.0, 1.0, 1.0, 1.0, 1.0, 1.0, 1.0, 1.0, 1.0]","[array([[100,   0,   0,   0],
       [  0, 134,   0,   0],
       [  0,   0,  89,   0],
       [  0,   0,   0, 134]]), array([[100,   0,   0,   0],
       [  0, 134,   0,   0],
       [  0,   0,  89,   0],
       [  0,   0,   0, 134]]), array([[101,   0,   0,   0],
       [  0, 134,   0,   0],
       [  0,   0,  89,   0],
       [  0,   0,   0, 134]]), array([[101,   0,   0,   0],
       [  0, 134,   0,   0],
       [  0,   0,  89,   0],
       [  0,   0,   0, 134]]), array([[101,   0,   0,   0],
       [  0, 135,   0,   0],
       [  0,   0,  89,   0],
       [  0,   0,   0, 135]]), array([[101,   0,   0,   0],
       [  0, 134,   0,   0],
       [  0,   0,  90,   0],
       [  0,   0,   0, 134]]), array([[101,   0,   0,   0],
       [  0, 134,   0,   0],
       [  0,   0,  89,   0],
       [  0,   0,   0, 134]]), array([[101,   0,   0,   0],
       [  0, 134,   0,   0],
       [  0,   0,  89,   0],
       [  0,   0,   0, 134]]), array([[101,   0,   0,   0],
       [  0, 134,   0,   0],
       [  0,   0,  89,   0],
       [  0,   0,   0, 134]]), array([[101,   0,   0,   0],
       [  0, 134,   0,   0],
       [  0,   0,  89,   0],
       [  0,   0,   0, 134]])]","[0.782608695652174, 0.8260869565217391, 0.6956521739130435, 0.7608695652173914, 0.7333333333333333, 0.8666666666666667, 0.7333333333333333, 0.8222222222222222, 0.7333333333333333, 0.8222222222222222]","[0.782608695652174, 0.8260869565217391, 0.6956521739130435, 0.7608695652173914, 0.7333333333333333, 0.8666666666666667, 0.7333333333333333, 0.8222222222222222, 0.7333333333333333, 0.8222222222222222]","[0.782608695652174, 0.8260869565217391, 0.6956521739130435, 0.7608695652173914, 0.7333333333333333, 0.8666666666666667, 0.7333333333333333, 0.8222222222222222, 0.7333333333333333, 0.8222222222222222]","[0.782608695652174, 0.8260869565217391, 0.6956521739130435, 0.7608695652173914, 0.7333333333333333, 0.8666666666666667, 0.7333333333333333, 0.8222222222222222, 0.7333333333333333, 0.8222222222222222]","[0.8051739926739927, 0.8471593765711413, 0.7134768740031898, 0.772983552395317, 0.7325396825396825, 0.8626984126984127, 0.7409722222222221, 0.8358134920634921, 0.7266483516483515, 0.8499781468531469]","[0.7861111111111111, 0.8152777777777778, 0.6757575757575758, 0.7462121212121212, 0.7305194805194806, 0.8661616161616161, 0.7174242424242424, 0.8022727272727272, 0.7184343434343434, 0.8078282828282828]","[0.7902547021943573, 0.8260855263157895, 0.6807598039215685, 0.7513061145510836, 0.7282467532467531, 0.8637514576045311, 0.7228468899521532, 0.8114569609134826, 0.71875, 0.8108678955453149]","[0.7961856983596114, 0.8348306992808271, 0.7100027737327509, 0.7703299826061974, 0.7382716049382716, 0.8687830687830688, 0.7435185185185186, 0.8288359788359787, 0.7343101343101343, 0.8406857031857031]","[0.782608695652174, 0.8260869565217391, 0.6956521739130435, 0.7608695652173914, 0.7333333333333333, 0.8666666666666667, 0.7333333333333333, 0.8222222222222222, 0.7333333333333333, 0.8222222222222222]","[0.7848579119531144, 0.8258895881006865, 0.6895780051150895, 0.7579292300444205, 0.7327272727272727, 0.8669665167416292, 0.731632110579479, 0.8182281754745524, 0.7305555555555555, 0.8166069295101553]","[array([[12,  0,  0,  0],
       [ 1,  7,  0,  1],
       [ 0,  0,  7,  3],
       [ 0,  0,  5, 10]]), array([[11,  0,  0,  1],
       [ 2,  7,  0,  0],
       [ 0,  0,  7,  3],
       [ 0,  0,  2, 13]]), array([[ 7,  4,  0,  0],
       [ 2,  7,  0,  1],
       [ 0,  0,  5,  5],
       [ 1,  0,  1, 13]]), array([[ 9,  1,  1,  0],
       [ 3,  6,  0,  1],
       [ 0,  0,  7,  3],
       [ 1,  0,  1, 13]]), array([[ 7,  4,  0,  0],
       [ 2,  8,  0,  0],
       [ 0,  0,  7,  3],
       [ 0,  0,  3, 11]]), array([[10,  1,  0,  0],
       [ 2,  8,  0,  0],
       [ 0,  0,  8,  1],
       [ 0,  1,  1, 13]]), array([[ 7,  3,  1,  0],
       [ 1,  6,  0,  2],
       [ 0,  0,  7,  3],
       [ 0,  0,  2, 13]]), array([[10,  1,  0,  0],
       [ 2,  6,  0,  1],
       [ 0,  0,  7,  3],
       [ 0,  0,  1, 14]]), array([[ 9,  2,  0,  0],
       [ 4,  5,  0,  0],
       [ 0,  0,  7,  3],
       [ 0,  0,  3, 12]]), array([[10,  0,  0,  1],
       [ 3,  5,  0,  1],
       [ 0,  0,  9,  1],
       [ 0,  0,  2, 13]])]"
21,"[1.0, 1.0, 1.0, 1.0, 1.0, 1.0, 1.0, 1.0, 1.0, 1.0]","[1.0, 1.0, 1.0, 1.0, 1.0, 1.0, 1.0, 1.0, 1.0, 1.0]","[1.0, 1.0, 1.0, 1.0, 1.0, 1.0, 1.0, 1.0, 1.0, 1.0]","[1.0, 1.0, 1.0, 1.0, 1.0, 1.0, 1.0, 1.0, 1.0, 1.0]","[1.0, 1.0, 1.0, 1.0, 1.0, 1.0, 1.0, 1.0, 1.0, 1.0]","[1.0, 1.0, 1.0, 1.0, 1.0, 1.0, 1.0, 1.0, 1.0, 1.0]","[1.0, 1.0, 1.0, 1.0, 1.0, 1.0, 1.0, 1.0, 1.0, 1.0]","[1.0, 1.0, 1.0, 1.0, 1.0, 1.0, 1.0, 1.0, 1.0, 1.0]","[1.0, 1.0, 1.0, 1.0, 1.0, 1.0, 1.0, 1.0, 1.0, 1.0]","[1.0, 1.0, 1.0, 1.0, 1.0, 1.0, 1.0, 1.0, 1.0, 1.0]","[array([[100,   0,   0,   0],
       [  0, 134,   0,   0],
       [  0,   0,  89,   0],
       [  0,   0,   0, 134]]), array([[100,   0,   0,   0],
       [  0, 134,   0,   0],
       [  0,   0,  89,   0],
       [  0,   0,   0, 134]]), array([[101,   0,   0,   0],
       [  0, 134,   0,   0],
       [  0,   0,  89,   0],
       [  0,   0,   0, 134]]), array([[101,   0,   0,   0],
       [  0, 134,   0,   0],
       [  0,   0,  89,   0],
       [  0,   0,   0, 134]]), array([[101,   0,   0,   0],
       [  0, 135,   0,   0],
       [  0,   0,  89,   0],
       [  0,   0,   0, 135]]), array([[101,   0,   0,   0],
       [  0, 134,   0,   0],
       [  0,   0,  90,   0],
       [  0,   0,   0, 134]]), array([[101,   0,   0,   0],
       [  0, 134,   0,   0],
       [  0,   0,  89,   0],
       [  0,   0,   0, 134]]), array([[101,   0,   0,   0],
       [  0, 134,   0,   0],
       [  0,   0,  89,   0],
       [  0,   0,   0, 134]]), array([[101,   0,   0,   0],
       [  0, 134,   0,   0],
       [  0,   0,  89,   0],
       [  0,   0,   0, 134]]), array([[101,   0,   0,   0],
       [  0, 134,   0,   0],
       [  0,   0,  89,   0],
       [  0,   0,   0, 134]])]","[0.7391304347826086, 0.8478260869565217, 0.7391304347826086, 0.7608695652173914, 0.7111111111111111, 0.8666666666666667, 0.7777777777777778, 0.8, 0.7333333333333333, 0.8666666666666667]","[0.7391304347826086, 0.8478260869565217, 0.7391304347826086, 0.7608695652173914, 0.7111111111111111, 0.8666666666666667, 0.7777777777777778, 0.8, 0.7333333333333333, 0.8666666666666667]","[0.7391304347826086, 0.8478260869565217, 0.7391304347826086, 0.7608695652173914, 0.7111111111111111, 0.8666666666666667, 0.7777777777777778, 0.8, 0.7333333333333333, 0.8666666666666667]","[0.7391304347826086, 0.8478260869565217, 0.7391304347826086, 0.7608695652173914, 0.7111111111111111, 0.8666666666666667, 0.7777777777777778, 0.8, 0.7333333333333333, 0.8666666666666667]","[0.7744047619047619, 0.8647875816993463, 0.7440173796791444, 0.772172619047619, 0.7047619047619047, 0.8666132478632478, 0.7798611111111111, 0.7951704545454545, 0.7266483516483515, 0.863771645021645]","[0.7305555555555555, 0.8430555555555556, 0.7257575757575757, 0.7462121212121212, 0.7032467532467532, 0.8578282828282828, 0.759090909090909, 0.787878787878788, 0.7184343434343434, 0.8656565656565657]","[0.7322983529880082, 0.851796310629515, 0.7309027777777778, 0.7459274193548387, 0.7032363517489375, 0.8583333333333334, 0.7629984051036682, 0.7906934621355874, 0.71875, 0.861838465793841]","[0.7640786749482402, 0.8532253481102586, 0.7453092304115322, 0.7737448240165632, 0.7111111111111111, 0.8713675213675214, 0.7842592592592592, 0.7986111111111112, 0.7343101343101343, 0.8697089947089948]","[0.7391304347826086, 0.8478260869565217, 0.7391304347826086, 0.7608695652173914, 0.7111111111111111, 0.8666666666666667, 0.7777777777777778, 0.8, 0.7333333333333333, 0.8666666666666667]","[0.7348630879365511, 0.8484023758244715, 0.7383756038647343, 0.7554488078541375, 0.7103991863717264, 0.865432098765432, 0.7740563530037214, 0.7985241408391315, 0.7305555555555555, 0.8655766590857868]","[array([[12,  0,  0,  0],
       [ 3,  5,  0,  1],
       [ 0,  0,  7,  3],
       [ 0,  0,  5, 10]]), array([[11,  0,  0,  1],
       [ 1,  8,  0,  0],
       [ 0,  0,  7,  3],
       [ 0,  0,  2, 13]]), array([[ 7,  4,  0,  0],
       [ 2,  7,  0,  1],
       [ 0,  0,  7,  3],
       [ 1,  0,  1, 13]]), array([[ 9,  1,  1,  0],
       [ 4,  5,  0,  1],
       [ 0,  0,  8,  2],
       [ 1,  0,  1, 13]]), array([[ 8,  3,  0,  0],
       [ 4,  6,  0,  0],
       [ 0,  0,  7,  3],
       [ 0,  0,  3, 11]]), array([[10,  1,  0,  0],
       [ 3,  7,  0,  0],
       [ 0,  0,  8,  1],
       [ 0,  0,  1, 14]]), array([[ 7,  3,  1,  0],
       [ 1,  6,  0,  2],
       [ 0,  0,  8,  2],
       [ 0,  0,  1, 14]]), array([[ 9,  2,  0,  0],
       [ 2,  6,  0,  1],
       [ 0,  0,  8,  2],
       [ 0,  0,  2, 13]]), array([[ 9,  2,  0,  0],
       [ 4,  5,  0,  0],
       [ 0,  0,  7,  3],
       [ 0,  0,  3, 12]]), array([[ 9,  1,  0,  1],
       [ 2,  7,  0,  0],
       [ 0,  0, 10,  0],
       [ 0,  0,  2, 13]])]"
22,"[1.0, 1.0, 1.0, 1.0, 1.0, 1.0, 1.0, 1.0, 1.0, 1.0]","[1.0, 1.0, 1.0, 1.0, 1.0, 1.0, 1.0, 1.0, 1.0, 1.0]","[1.0, 1.0, 1.0, 1.0, 1.0, 1.0, 1.0, 1.0, 1.0, 1.0]","[1.0, 1.0, 1.0, 1.0, 1.0, 1.0, 1.0, 1.0, 1.0, 1.0]","[1.0, 1.0, 1.0, 1.0, 1.0, 1.0, 1.0, 1.0, 1.0, 1.0]","[1.0, 1.0, 1.0, 1.0, 1.0, 1.0, 1.0, 1.0, 1.0, 1.0]","[1.0, 1.0, 1.0, 1.0, 1.0, 1.0, 1.0, 1.0, 1.0, 1.0]","[1.0, 1.0, 1.0, 1.0, 1.0, 1.0, 1.0, 1.0, 1.0, 1.0]","[1.0, 1.0, 1.0, 1.0, 1.0, 1.0, 1.0, 1.0, 1.0, 1.0]","[1.0, 1.0, 1.0, 1.0, 1.0, 1.0, 1.0, 1.0, 1.0, 1.0]","[array([[100,   0,   0,   0],
       [  0, 134,   0,   0],
       [  0,   0,  89,   0],
       [  0,   0,   0, 134]]), array([[100,   0,   0,   0],
       [  0, 134,   0,   0],
       [  0,   0,  89,   0],
       [  0,   0,   0, 134]]), array([[101,   0,   0,   0],
       [  0, 134,   0,   0],
       [  0,   0,  89,   0],
       [  0,   0,   0, 134]]), array([[101,   0,   0,   0],
       [  0, 134,   0,   0],
       [  0,   0,  89,   0],
       [  0,   0,   0, 134]]), array([[101,   0,   0,   0],
       [  0, 135,   0,   0],
       [  0,   0,  89,   0],
       [  0,   0,   0, 135]]), array([[101,   0,   0,   0],
       [  0, 134,   0,   0],
       [  0,   0,  90,   0],
       [  0,   0,   0, 134]]), array([[101,   0,   0,   0],
       [  0, 134,   0,   0],
       [  0,   0,  89,   0],
       [  0,   0,   0, 134]]), array([[101,   0,   0,   0],
       [  0, 134,   0,   0],
       [  0,   0,  89,   0],
       [  0,   0,   0, 134]]), array([[101,   0,   0,   0],
       [  0, 134,   0,   0],
       [  0,   0,  89,   0],
       [  0,   0,   0, 134]]), array([[101,   0,   0,   0],
       [  0, 134,   0,   0],
       [  0,   0,  89,   0],
       [  0,   0,   0, 134]])]","[0.717391304347826, 0.8260869565217391, 0.717391304347826, 0.8043478260869565, 0.7333333333333333, 0.8, 0.7333333333333333, 0.8, 0.7333333333333333, 0.8444444444444444]","[0.717391304347826, 0.8260869565217391, 0.717391304347826, 0.8043478260869565, 0.7333333333333333, 0.8, 0.7333333333333333, 0.8, 0.7333333333333333, 0.8444444444444444]","[0.717391304347826, 0.8260869565217391, 0.717391304347826, 0.8043478260869565, 0.7333333333333333, 0.8, 0.7333333333333333, 0.8, 0.7333333333333333, 0.8444444444444444]","[0.717391304347826, 0.8260869565217391, 0.717391304347826, 0.8043478260869565, 0.7333333333333333, 0.8, 0.7333333333333333, 0.8, 0.7333333333333333, 0.8444444444444444]","[0.7202380952380953, 0.8471593765711413, 0.728932178932179, 0.8072916666666666, 0.7325396825396825, 0.7979166666666667, 0.7341269841269842, 0.7951704545454545, 0.7266483516483515, 0.8438311688311688]","[0.7166666666666667, 0.8152777777777778, 0.7007575757575758, 0.7962121212121213, 0.7305194805194806, 0.7906565656565656, 0.7123737373737373, 0.787878787878788, 0.7184343434343434, 0.8378787878787879]","[0.7163086237629849, 0.8260855263157895, 0.7067736185383244, 0.8000664353731454, 0.7282467532467531, 0.7932011935208866, 0.7186958874458875, 0.7906934621355874, 0.71875, 0.8359848484848486]","[0.7238612836438925, 0.8348306992808271, 0.7275738753999623, 0.8066123188405798, 0.7382716049382716, 0.8027777777777778, 0.7347089947089948, 0.7986111111111112, 0.7343101343101343, 0.8455026455026455]","[0.717391304347826, 0.8260869565217391, 0.717391304347826, 0.8043478260869565, 0.7333333333333333, 0.8, 0.7333333333333333, 0.8, 0.7333333333333333, 0.8444444444444444]","[0.718726198398127, 0.8258895881006865, 0.7147175075563822, 0.8038872716885818, 0.7327272727272727, 0.8004546746234726, 0.7294252044252044, 0.7985241408391315, 0.7305555555555555, 0.8409090909090909]","[array([[10,  2,  0,  0],
       [ 2,  6,  0,  1],
       [ 0,  0,  7,  3],
       [ 0,  0,  5, 10]]), array([[11,  0,  0,  1],
       [ 2,  7,  0,  0],
       [ 0,  0,  7,  3],
       [ 0,  0,  2, 13]]), array([[ 7,  4,  0,  0],
       [ 2,  7,  0,  1],
       [ 0,  0,  6,  4],
       [ 1,  0,  1, 13]]), array([[ 9,  2,  0,  0],
       [ 2,  7,  0,  1],
       [ 0,  0,  8,  2],
       [ 1,  0,  1, 13]]), array([[ 7,  4,  0,  0],
       [ 2,  8,  0,  0],
       [ 0,  0,  7,  3],
       [ 0,  0,  3, 11]]), array([[ 9,  2,  0,  0],
       [ 3,  7,  0,  0],
       [ 0,  0,  7,  2],
       [ 0,  1,  1, 13]]), array([[ 8,  2,  1,  0],
       [ 2,  5,  0,  2],
       [ 0,  0,  7,  3],
       [ 0,  0,  2, 13]]), array([[ 9,  2,  0,  0],
       [ 2,  6,  0,  1],
       [ 0,  0,  8,  2],
       [ 0,  0,  2, 13]]), array([[ 9,  2,  0,  0],
       [ 4,  5,  0,  0],
       [ 0,  0,  7,  3],
       [ 0,  0,  3, 12]]), array([[ 9,  1,  0,  1],
       [ 2,  6,  0,  1],
       [ 0,  0, 10,  0],
       [ 0,  0,  2, 13]])]"
23,"[1.0, 1.0, 1.0, 1.0, 1.0, 1.0, 1.0, 1.0, 1.0, 1.0]","[1.0, 1.0, 1.0, 1.0, 1.0, 1.0, 1.0, 1.0, 1.0, 1.0]","[1.0, 1.0, 1.0, 1.0, 1.0, 1.0, 1.0, 1.0, 1.0, 1.0]","[1.0, 1.0, 1.0, 1.0, 1.0, 1.0, 1.0, 1.0, 1.0, 1.0]","[1.0, 1.0, 1.0, 1.0, 1.0, 1.0, 1.0, 1.0, 1.0, 1.0]","[1.0, 1.0, 1.0, 1.0, 1.0, 1.0, 1.0, 1.0, 1.0, 1.0]","[1.0, 1.0, 1.0, 1.0, 1.0, 1.0, 1.0, 1.0, 1.0, 1.0]","[1.0, 1.0, 1.0, 1.0, 1.0, 1.0, 1.0, 1.0, 1.0, 1.0]","[1.0, 1.0, 1.0, 1.0, 1.0, 1.0, 1.0, 1.0, 1.0, 1.0]","[1.0, 1.0, 1.0, 1.0, 1.0, 1.0, 1.0, 1.0, 1.0, 1.0]","[array([[100,   0,   0,   0],
       [  0, 134,   0,   0],
       [  0,   0,  89,   0],
       [  0,   0,   0, 134]]), array([[100,   0,   0,   0],
       [  0, 134,   0,   0],
       [  0,   0,  89,   0],
       [  0,   0,   0, 134]]), array([[101,   0,   0,   0],
       [  0, 134,   0,   0],
       [  0,   0,  89,   0],
       [  0,   0,   0, 134]]), array([[101,   0,   0,   0],
       [  0, 134,   0,   0],
       [  0,   0,  89,   0],
       [  0,   0,   0, 134]]), array([[101,   0,   0,   0],
       [  0, 135,   0,   0],
       [  0,   0,  89,   0],
       [  0,   0,   0, 135]]), array([[101,   0,   0,   0],
       [  0, 134,   0,   0],
       [  0,   0,  90,   0],
       [  0,   0,   0, 134]]), array([[101,   0,   0,   0],
       [  0, 134,   0,   0],
       [  0,   0,  89,   0],
       [  0,   0,   0, 134]]), array([[101,   0,   0,   0],
       [  0, 134,   0,   0],
       [  0,   0,  89,   0],
       [  0,   0,   0, 134]]), array([[101,   0,   0,   0],
       [  0, 134,   0,   0],
       [  0,   0,  89,   0],
       [  0,   0,   0, 134]]), array([[101,   0,   0,   0],
       [  0, 134,   0,   0],
       [  0,   0,  89,   0],
       [  0,   0,   0, 134]])]","[0.7391304347826086, 0.8478260869565217, 0.717391304347826, 0.782608695652174, 0.7111111111111111, 0.8444444444444444, 0.6888888888888889, 0.8444444444444444, 0.7333333333333333, 0.8888888888888888]","[0.7391304347826086, 0.8478260869565217, 0.717391304347826, 0.782608695652174, 0.7111111111111111, 0.8444444444444444, 0.6888888888888889, 0.8444444444444444, 0.7333333333333333, 0.8888888888888888]","[0.7391304347826086, 0.8478260869565217, 0.717391304347826, 0.782608695652174, 0.7111111111111111, 0.8444444444444444, 0.6888888888888889, 0.8444444444444444, 0.7333333333333333, 0.8888888888888888]","[0.7391304347826086, 0.8478260869565217, 0.717391304347826, 0.782608695652174, 0.7111111111111111, 0.8444444444444444, 0.6888888888888889, 0.8444444444444444, 0.7333333333333333, 0.8888888888888888]","[0.7502289377289377, 0.8647875816993463, 0.728932178932179, 0.8003472222222222, 0.7055194805194804, 0.8485576923076923, 0.6722222222222222, 0.8507236227824462, 0.7266483516483515, 0.898809523809524]","[0.7374999999999999, 0.8430555555555556, 0.7007575757575758, 0.7689393939393939, 0.7055194805194804, 0.8300505050505049, 0.6568181818181817, 0.8272727272727274, 0.7184343434343434, 0.8883838383838384]","[0.7390047021943573, 0.851796310629515, 0.7067736185383244, 0.7687614274520047, 0.7047619047619047, 0.8344665823318576, 0.653025597590815, 0.8341676201372997, 0.71875, 0.8875519626550361]","[0.7481684981684983, 0.8532253481102586, 0.7275738753999623, 0.7987620772946861, 0.7125252525252525, 0.8491452991452991, 0.6792592592592593, 0.8471729432513746, 0.7343101343101343, 0.8984126984126984]","[0.7391304347826086, 0.8478260869565217, 0.717391304347826, 0.782608695652174, 0.7111111111111111, 0.8444444444444444, 0.6888888888888889, 0.8444444444444444, 0.7333333333333333, 0.8888888888888888]","[0.7395318249965928, 0.8484023758244715, 0.7147175075563822, 0.7763747011827767, 0.7111111111111111, 0.8423243610466886, 0.6739444130748478, 0.8413615560640733, 0.7305555555555555, 0.8884311632062757]","[array([[11,  1,  0,  0],
       [ 2,  6,  0,  1],
       [ 0,  0,  7,  3],
       [ 0,  0,  5, 10]]), array([[11,  0,  0,  1],
       [ 1,  8,  0,  0],
       [ 0,  0,  7,  3],
       [ 0,  0,  2, 13]]), array([[ 7,  4,  0,  0],
       [ 2,  7,  0,  1],
       [ 0,  0,  6,  4],
       [ 1,  0,  1, 13]]), array([[10,  1,  0,  0],
       [ 4,  5,  0,  1],
       [ 0,  0,  8,  2],
       [ 1,  0,  1, 13]]), array([[ 7,  4,  0,  0],
       [ 3,  7,  0,  0],
       [ 0,  0,  7,  3],
       [ 0,  0,  3, 11]]), array([[10,  1,  0,  0],
       [ 3,  7,  0,  0],
       [ 0,  0,  7,  2],
       [ 0,  0,  1, 14]]), array([[ 8,  2,  1,  0],
       [ 4,  3,  0,  2],
       [ 0,  0,  7,  3],
       [ 0,  0,  2, 13]]), array([[10,  1,  0,  0],
       [ 2,  6,  0,  1],
       [ 0,  0,  8,  2],
       [ 0,  0,  1, 14]]), array([[ 9,  2,  0,  0],
       [ 4,  5,  0,  0],
       [ 0,  0,  7,  3],
       [ 0,  0,  3, 12]]), array([[10,  0,  0,  1],
       [ 2,  7,  0,  0],
       [ 0,  0, 10,  0],
       [ 0,  0,  2, 13]])]"
24,"[1.0, 1.0, 1.0, 1.0, 1.0, 1.0, 1.0, 1.0, 1.0, 1.0]","[1.0, 1.0, 1.0, 1.0, 1.0, 1.0, 1.0, 1.0, 1.0, 1.0]","[1.0, 1.0, 1.0, 1.0, 1.0, 1.0, 1.0, 1.0, 1.0, 1.0]","[1.0, 1.0, 1.0, 1.0, 1.0, 1.0, 1.0, 1.0, 1.0, 1.0]","[1.0, 1.0, 1.0, 1.0, 1.0, 1.0, 1.0, 1.0, 1.0, 1.0]","[1.0, 1.0, 1.0, 1.0, 1.0, 1.0, 1.0, 1.0, 1.0, 1.0]","[1.0, 1.0, 1.0, 1.0, 1.0, 1.0, 1.0, 1.0, 1.0, 1.0]","[1.0, 1.0, 1.0, 1.0, 1.0, 1.0, 1.0, 1.0, 1.0, 1.0]","[1.0, 1.0, 1.0, 1.0, 1.0, 1.0, 1.0, 1.0, 1.0, 1.0]","[1.0, 1.0, 1.0, 1.0, 1.0, 1.0, 1.0, 1.0, 1.0, 1.0]","[array([[100,   0,   0,   0],
       [  0, 134,   0,   0],
       [  0,   0,  89,   0],
       [  0,   0,   0, 134]]), array([[100,   0,   0,   0],
       [  0, 134,   0,   0],
       [  0,   0,  89,   0],
       [  0,   0,   0, 134]]), array([[101,   0,   0,   0],
       [  0, 134,   0,   0],
       [  0,   0,  89,   0],
       [  0,   0,   0, 134]]), array([[101,   0,   0,   0],
       [  0, 134,   0,   0],
       [  0,   0,  89,   0],
       [  0,   0,   0, 134]]), array([[101,   0,   0,   0],
       [  0, 135,   0,   0],
       [  0,   0,  89,   0],
       [  0,   0,   0, 135]]), array([[101,   0,   0,   0],
       [  0, 134,   0,   0],
       [  0,   0,  90,   0],
       [  0,   0,   0, 134]]), array([[101,   0,   0,   0],
       [  0, 134,   0,   0],
       [  0,   0,  89,   0],
       [  0,   0,   0, 134]]), array([[101,   0,   0,   0],
       [  0, 134,   0,   0],
       [  0,   0,  89,   0],
       [  0,   0,   0, 134]]), array([[101,   0,   0,   0],
       [  0, 134,   0,   0],
       [  0,   0,  89,   0],
       [  0,   0,   0, 134]]), array([[101,   0,   0,   0],
       [  0, 134,   0,   0],
       [  0,   0,  89,   0],
       [  0,   0,   0, 134]])]","[0.6956521739130435, 0.8043478260869565, 0.6956521739130435, 0.7391304347826086, 0.7333333333333333, 0.8444444444444444, 0.6888888888888889, 0.8222222222222222, 0.7555555555555555, 0.8666666666666667]","[0.6956521739130435, 0.8043478260869565, 0.6956521739130435, 0.7391304347826086, 0.7333333333333333, 0.8444444444444444, 0.6888888888888889, 0.8222222222222222, 0.7555555555555555, 0.8666666666666667]","[0.6956521739130435, 0.8043478260869565, 0.6956521739130435, 0.7391304347826086, 0.7333333333333333, 0.8444444444444444, 0.6888888888888889, 0.8222222222222222, 0.7555555555555555, 0.8666666666666667]","[0.6956521739130435, 0.8043478260869565, 0.6956521739130435, 0.7391304347826086, 0.7333333333333333, 0.8444444444444444, 0.6888888888888889, 0.8222222222222222, 0.7555555555555555, 0.8666666666666667]","[0.7077380952380953, 0.812232905982906, 0.7134768740031898, 0.7492121848739496, 0.7325396825396825, 0.8485576923076923, 0.6840463458110517, 0.8201500297088533, 0.749217796092796, 0.86492673992674]","[0.6819444444444444, 0.7986111111111112, 0.6757575757575758, 0.7212121212121213, 0.7305194805194806, 0.8300505050505049, 0.6679292929292929, 0.8045454545454547, 0.7351010101010101, 0.8606060606060606]","[0.6780655487552039, 0.8036412663537402, 0.6807598039215685, 0.7246282679738562, 0.7282467532467531, 0.8344665823318576, 0.6693181818181818, 0.8102923585702224, 0.7376379456706282, 0.8552489177489178]","[0.7075569358178054, 0.8055787811222593, 0.7100027737327509, 0.7485842162952138, 0.7382716049382716, 0.8491452991452991, 0.6878193701723114, 0.8220406681190996, 0.755760751594085, 0.877981277981278]","[0.6956521739130435, 0.8043478260869565, 0.6956521739130435, 0.7391304347826086, 0.7333333333333333, 0.8444444444444444, 0.6888888888888889, 0.8222222222222222, 0.7555555555555555, 0.8666666666666667]","[0.6875891058799605, 0.8033280213982693, 0.6895780051150895, 0.7340789286729185, 0.7327272727272727, 0.8423243610466886, 0.6825925925925926, 0.8199776401788786, 0.7516459158649311, 0.8652477152477153]","[array([[11,  1,  0,  0],
       [ 4,  4,  0,  1],
       [ 0,  0,  7,  3],
       [ 0,  0,  5, 10]]), array([[11,  0,  0,  1],
       [ 2,  7,  0,  0],
       [ 0,  0,  7,  3],
       [ 0,  1,  2, 12]]), array([[ 7,  4,  0,  0],
       [ 2,  7,  0,  1],
       [ 0,  0,  5,  5],
       [ 1,  0,  1, 13]]), array([[ 9,  2,  0,  0],
       [ 4,  5,  0,  1],
       [ 0,  0,  7,  3],
       [ 1,  0,  1, 13]]), array([[ 7,  4,  0,  0],
       [ 2,  8,  0,  0],
       [ 0,  0,  7,  3],
       [ 0,  0,  3, 11]]), array([[10,  1,  0,  0],
       [ 3,  7,  0,  0],
       [ 0,  0,  7,  2],
       [ 0,  0,  1, 14]]), array([[ 8,  2,  1,  0],
       [ 3,  4,  0,  2],
       [ 0,  0,  7,  3],
       [ 0,  0,  3, 12]]), array([[ 9,  2,  0,  0],
       [ 2,  6,  0,  1],
       [ 0,  0,  8,  2],
       [ 0,  0,  1, 14]]), array([[ 9,  2,  0,  0],
       [ 4,  5,  0,  0],
       [ 0,  0,  7,  3],
       [ 0,  0,  2, 13]]), array([[10,  1,  0,  0],
       [ 3,  6,  0,  0],
       [ 0,  0, 10,  0],
       [ 0,  0,  2, 13]])]"
25,"[1.0, 1.0, 1.0, 1.0, 1.0, 1.0, 1.0, 1.0, 1.0, 1.0]","[1.0, 1.0, 1.0, 1.0, 1.0, 1.0, 1.0, 1.0, 1.0, 1.0]","[1.0, 1.0, 1.0, 1.0, 1.0, 1.0, 1.0, 1.0, 1.0, 1.0]","[1.0, 1.0, 1.0, 1.0, 1.0, 1.0, 1.0, 1.0, 1.0, 1.0]","[1.0, 1.0, 1.0, 1.0, 1.0, 1.0, 1.0, 1.0, 1.0, 1.0]","[1.0, 1.0, 1.0, 1.0, 1.0, 1.0, 1.0, 1.0, 1.0, 1.0]","[1.0, 1.0, 1.0, 1.0, 1.0, 1.0, 1.0, 1.0, 1.0, 1.0]","[1.0, 1.0, 1.0, 1.0, 1.0, 1.0, 1.0, 1.0, 1.0, 1.0]","[1.0, 1.0, 1.0, 1.0, 1.0, 1.0, 1.0, 1.0, 1.0, 1.0]","[1.0, 1.0, 1.0, 1.0, 1.0, 1.0, 1.0, 1.0, 1.0, 1.0]","[array([[100,   0,   0,   0],
       [  0, 134,   0,   0],
       [  0,   0,  89,   0],
       [  0,   0,   0, 134]]), array([[100,   0,   0,   0],
       [  0, 134,   0,   0],
       [  0,   0,  89,   0],
       [  0,   0,   0, 134]]), array([[101,   0,   0,   0],
       [  0, 134,   0,   0],
       [  0,   0,  89,   0],
       [  0,   0,   0, 134]]), array([[101,   0,   0,   0],
       [  0, 134,   0,   0],
       [  0,   0,  89,   0],
       [  0,   0,   0, 134]]), array([[101,   0,   0,   0],
       [  0, 135,   0,   0],
       [  0,   0,  89,   0],
       [  0,   0,   0, 135]]), array([[101,   0,   0,   0],
       [  0, 134,   0,   0],
       [  0,   0,  90,   0],
       [  0,   0,   0, 134]]), array([[101,   0,   0,   0],
       [  0, 134,   0,   0],
       [  0,   0,  89,   0],
       [  0,   0,   0, 134]]), array([[101,   0,   0,   0],
       [  0, 134,   0,   0],
       [  0,   0,  89,   0],
       [  0,   0,   0, 134]]), array([[101,   0,   0,   0],
       [  0, 134,   0,   0],
       [  0,   0,  89,   0],
       [  0,   0,   0, 134]]), array([[101,   0,   0,   0],
       [  0, 134,   0,   0],
       [  0,   0,  89,   0],
       [  0,   0,   0, 134]])]","[0.7391304347826086, 0.8043478260869565, 0.6739130434782609, 0.782608695652174, 0.7111111111111111, 0.8666666666666667, 0.7777777777777778, 0.8222222222222222, 0.7777777777777778, 0.8666666666666667]","[0.7391304347826086, 0.8043478260869565, 0.6739130434782609, 0.782608695652174, 0.7111111111111111, 0.8666666666666667, 0.7777777777777778, 0.8222222222222222, 0.7777777777777778, 0.8666666666666667]","[0.7391304347826086, 0.8043478260869565, 0.6739130434782609, 0.782608695652174, 0.7111111111111111, 0.8666666666666667, 0.7777777777777778, 0.8222222222222222, 0.7777777777777778, 0.8666666666666667]","[0.7391304347826086, 0.8043478260869565, 0.6739130434782609, 0.782608695652174, 0.7111111111111111, 0.8666666666666667, 0.7777777777777778, 0.8222222222222222, 0.7777777777777778, 0.8666666666666667]","[0.7502289377289377, 0.8320494864612511, 0.6884768740031898, 0.8194444444444444, 0.7055194805194804, 0.8680555555555556, 0.7730158730158729, 0.8287456008044243, 0.7683150183150184, 0.8833333333333334]","[0.7374999999999999, 0.7875, 0.6507575757575758, 0.7606060606060607, 0.7055194805194804, 0.8550505050505051, 0.7540404040404041, 0.7994949494949495, 0.76010101010101, 0.8606060606060606]","[0.7390047021943573, 0.798873987854251, 0.6565173796791444, 0.7665612573700809, 0.7047619047619047, 0.8596064246913795, 0.7588474025974026, 0.8042763157894737, 0.7604166666666666, 0.8613306982872201]","[0.7481684981684983, 0.8190638574270288, 0.6868802440884821, 0.8115942028985508, 0.7125252525252525, 0.8679012345679012, 0.7754497354497354, 0.8267415228199542, 0.7787545787545788, 0.8777777777777778]","[0.7391304347826086, 0.8043478260869565, 0.6739130434782609, 0.782608695652174, 0.7111111111111111, 0.8666666666666667, 0.7777777777777778, 0.8222222222222222, 0.7777777777777778, 0.8666666666666667]","[0.7395318249965928, 0.8023862436190811, 0.6678388746803069, 0.7755240284012662, 0.7111111111111111, 0.8654760405675521, 0.7718494468494468, 0.8158382066276804, 0.775, 0.8634694773825209]","[array([[11,  1,  0,  0],
       [ 2,  6,  0,  1],
       [ 0,  0,  7,  3],
       [ 0,  0,  5, 10]]), array([[11,  0,  0,  1],
       [ 3,  6,  0,  0],
       [ 0,  0,  7,  3],
       [ 0,  0,  2, 13]]), array([[ 7,  4,  0,  0],
       [ 3,  6,  0,  1],
       [ 0,  0,  5,  5],
       [ 1,  0,  1, 13]]), array([[10,  1,  0,  0],
       [ 4,  5,  0,  1],
       [ 0,  0,  7,  3],
       [ 1,  0,  0, 14]]), array([[ 7,  3,  1,  0],
       [ 3,  7,  0,  0],
       [ 0,  0,  7,  3],
       [ 0,  0,  3, 11]]), array([[10,  1,  0,  0],
       [ 2,  8,  0,  0],
       [ 0,  0,  7,  2],
       [ 0,  0,  1, 14]]), array([[ 8,  2,  1,  0],
       [ 2,  5,  0,  2],
       [ 0,  0,  8,  2],
       [ 0,  0,  1, 14]]), array([[10,  1,  0,  0],
       [ 3,  5,  0,  1],
       [ 0,  0,  8,  2],
       [ 0,  0,  1, 14]]), array([[ 9,  2,  0,  0],
       [ 4,  5,  0,  0],
       [ 0,  0,  8,  2],
       [ 0,  0,  2, 13]]), array([[10,  0,  0,  1],
       [ 2,  6,  0,  1],
       [ 0,  0, 10,  0],
       [ 0,  0,  2, 13]])]"
26,"[1.0, 1.0, 1.0, 1.0, 1.0, 1.0, 1.0, 1.0, 1.0, 1.0]","[1.0, 1.0, 1.0, 1.0, 1.0, 1.0, 1.0, 1.0, 1.0, 1.0]","[1.0, 1.0, 1.0, 1.0, 1.0, 1.0, 1.0, 1.0, 1.0, 1.0]","[1.0, 1.0, 1.0, 1.0, 1.0, 1.0, 1.0, 1.0, 1.0, 1.0]","[1.0, 1.0, 1.0, 1.0, 1.0, 1.0, 1.0, 1.0, 1.0, 1.0]","[1.0, 1.0, 1.0, 1.0, 1.0, 1.0, 1.0, 1.0, 1.0, 1.0]","[1.0, 1.0, 1.0, 1.0, 1.0, 1.0, 1.0, 1.0, 1.0, 1.0]","[1.0, 1.0, 1.0, 1.0, 1.0, 1.0, 1.0, 1.0, 1.0, 1.0]","[1.0, 1.0, 1.0, 1.0, 1.0, 1.0, 1.0, 1.0, 1.0, 1.0]","[1.0, 1.0, 1.0, 1.0, 1.0, 1.0, 1.0, 1.0, 1.0, 1.0]","[array([[100,   0,   0,   0],
       [  0, 134,   0,   0],
       [  0,   0,  89,   0],
       [  0,   0,   0, 134]]), array([[100,   0,   0,   0],
       [  0, 134,   0,   0],
       [  0,   0,  89,   0],
       [  0,   0,   0, 134]]), array([[101,   0,   0,   0],
       [  0, 134,   0,   0],
       [  0,   0,  89,   0],
       [  0,   0,   0, 134]]), array([[101,   0,   0,   0],
       [  0, 134,   0,   0],
       [  0,   0,  89,   0],
       [  0,   0,   0, 134]]), array([[101,   0,   0,   0],
       [  0, 135,   0,   0],
       [  0,   0,  89,   0],
       [  0,   0,   0, 135]]), array([[101,   0,   0,   0],
       [  0, 134,   0,   0],
       [  0,   0,  90,   0],
       [  0,   0,   0, 134]]), array([[101,   0,   0,   0],
       [  0, 134,   0,   0],
       [  0,   0,  89,   0],
       [  0,   0,   0, 134]]), array([[101,   0,   0,   0],
       [  0, 134,   0,   0],
       [  0,   0,  89,   0],
       [  0,   0,   0, 134]]), array([[101,   0,   0,   0],
       [  0, 134,   0,   0],
       [  0,   0,  89,   0],
       [  0,   0,   0, 134]]), array([[101,   0,   0,   0],
       [  0, 134,   0,   0],
       [  0,   0,  89,   0],
       [  0,   0,   0, 134]])]","[0.6956521739130435, 0.8260869565217391, 0.717391304347826, 0.7391304347826086, 0.7111111111111111, 0.8444444444444444, 0.7111111111111111, 0.8444444444444444, 0.7333333333333333, 0.8444444444444444]","[0.6956521739130435, 0.8260869565217391, 0.717391304347826, 0.7391304347826086, 0.7111111111111111, 0.8444444444444444, 0.7111111111111111, 0.8444444444444444, 0.7333333333333333, 0.8444444444444444]","[0.6956521739130435, 0.8260869565217391, 0.717391304347826, 0.7391304347826086, 0.7111111111111111, 0.8444444444444444, 0.7111111111111111, 0.8444444444444444, 0.7333333333333333, 0.8444444444444444]","[0.6956521739130435, 0.8260869565217391, 0.717391304347826, 0.7391304347826086, 0.7111111111111111, 0.8444444444444444, 0.7111111111111111, 0.8444444444444444, 0.7333333333333333, 0.8444444444444444]","[0.7077380952380953, 0.8471593765711413, 0.7404970760233918, 0.7545405982905983, 0.7055194805194804, 0.8485576923076923, 0.7141329258976318, 0.8507236227824462, 0.7266483516483515, 0.8673076923076923]","[0.6819444444444444, 0.8152777777777778, 0.7007575757575758, 0.7151515151515151, 0.7055194805194804, 0.8300505050505049, 0.6957070707070707, 0.8272727272727274, 0.7184343434343434, 0.8328282828282828]","[0.6780655487552039, 0.8260855263157895, 0.7042446524064171, 0.7235591206179441, 0.7047619047619047, 0.8344665823318576, 0.7008928571428571, 0.8341676201372997, 0.71875, 0.8308441558441558]","[0.7075569358178054, 0.8348306992808271, 0.7351894228324435, 0.754041248606466, 0.7125252525252525, 0.8491452991452991, 0.7151209574738987, 0.8471729432513746, 0.7343101343101343, 0.8621082621082621]","[0.6956521739130435, 0.8260869565217391, 0.717391304347826, 0.7391304347826086, 0.7111111111111111, 0.8444444444444444, 0.7111111111111111, 0.8444444444444444, 0.7333333333333333, 0.8444444444444444]","[0.6875891058799605, 0.8258895881006865, 0.7107242501743779, 0.7359012116045365, 0.7111111111111111, 0.8423243610466886, 0.7093915343915344, 0.8413615560640733, 0.7305555555555555, 0.8374699374699375]","[array([[11,  1,  0,  0],
       [ 4,  4,  0,  1],
       [ 0,  0,  7,  3],
       [ 0,  0,  5, 10]]), array([[11,  0,  0,  1],
       [ 2,  7,  0,  0],
       [ 0,  0,  7,  3],
       [ 0,  0,  2, 13]]), array([[ 7,  4,  0,  0],
       [ 1,  8,  0,  1],
       [ 0,  0,  5,  5],
       [ 1,  0,  1, 13]]), array([[ 8,  3,  0,  0],
       [ 4,  5,  0,  1],
       [ 0,  0,  7,  3],
       [ 1,  0,  0, 14]]), array([[ 7,  3,  1,  0],
       [ 3,  7,  0,  0],
       [ 0,  0,  7,  3],
       [ 0,  0,  3, 11]]), array([[10,  1,  0,  0],
       [ 3,  7,  0,  0],
       [ 0,  0,  7,  2],
       [ 0,  0,  1, 14]]), array([[ 8,  2,  1,  0],
       [ 2,  5,  0,  2],
       [ 0,  0,  7,  3],
       [ 0,  0,  3, 12]]), array([[10,  1,  0,  0],
       [ 2,  6,  0,  1],
       [ 0,  0,  8,  2],
       [ 0,  0,  1, 14]]), array([[ 9,  2,  0,  0],
       [ 4,  5,  0,  0],
       [ 0,  0,  7,  3],
       [ 0,  0,  3, 12]]), array([[10,  0,  0,  1],
       [ 3,  5,  0,  1],
       [ 0,  0, 10,  0],
       [ 0,  0,  2, 13]])]"
27,"[1.0, 1.0, 1.0, 1.0, 1.0, 1.0, 1.0, 1.0, 1.0, 1.0]","[1.0, 1.0, 1.0, 1.0, 1.0, 1.0, 1.0, 1.0, 1.0, 1.0]","[1.0, 1.0, 1.0, 1.0, 1.0, 1.0, 1.0, 1.0, 1.0, 1.0]","[1.0, 1.0, 1.0, 1.0, 1.0, 1.0, 1.0, 1.0, 1.0, 1.0]","[1.0, 1.0, 1.0, 1.0, 1.0, 1.0, 1.0, 1.0, 1.0, 1.0]","[1.0, 1.0, 1.0, 1.0, 1.0, 1.0, 1.0, 1.0, 1.0, 1.0]","[1.0, 1.0, 1.0, 1.0, 1.0, 1.0, 1.0, 1.0, 1.0, 1.0]","[1.0, 1.0, 1.0, 1.0, 1.0, 1.0, 1.0, 1.0, 1.0, 1.0]","[1.0, 1.0, 1.0, 1.0, 1.0, 1.0, 1.0, 1.0, 1.0, 1.0]","[1.0, 1.0, 1.0, 1.0, 1.0, 1.0, 1.0, 1.0, 1.0, 1.0]","[array([[100,   0,   0,   0],
       [  0, 134,   0,   0],
       [  0,   0,  89,   0],
       [  0,   0,   0, 134]]), array([[100,   0,   0,   0],
       [  0, 134,   0,   0],
       [  0,   0,  89,   0],
       [  0,   0,   0, 134]]), array([[101,   0,   0,   0],
       [  0, 134,   0,   0],
       [  0,   0,  89,   0],
       [  0,   0,   0, 134]]), array([[101,   0,   0,   0],
       [  0, 134,   0,   0],
       [  0,   0,  89,   0],
       [  0,   0,   0, 134]]), array([[101,   0,   0,   0],
       [  0, 135,   0,   0],
       [  0,   0,  89,   0],
       [  0,   0,   0, 135]]), array([[101,   0,   0,   0],
       [  0, 134,   0,   0],
       [  0,   0,  90,   0],
       [  0,   0,   0, 134]]), array([[101,   0,   0,   0],
       [  0, 134,   0,   0],
       [  0,   0,  89,   0],
       [  0,   0,   0, 134]]), array([[101,   0,   0,   0],
       [  0, 134,   0,   0],
       [  0,   0,  89,   0],
       [  0,   0,   0, 134]]), array([[101,   0,   0,   0],
       [  0, 134,   0,   0],
       [  0,   0,  89,   0],
       [  0,   0,   0, 134]]), array([[101,   0,   0,   0],
       [  0, 134,   0,   0],
       [  0,   0,  89,   0],
       [  0,   0,   0, 134]])]","[0.717391304347826, 0.8043478260869565, 0.6739130434782609, 0.782608695652174, 0.8, 0.9111111111111111, 0.7555555555555555, 0.8222222222222222, 0.7555555555555555, 0.8]","[0.717391304347826, 0.8043478260869565, 0.6739130434782609, 0.782608695652174, 0.8, 0.9111111111111111, 0.7555555555555555, 0.8222222222222222, 0.7555555555555555, 0.8]","[0.717391304347826, 0.8043478260869565, 0.6739130434782609, 0.782608695652174, 0.8, 0.9111111111111111, 0.7555555555555555, 0.8222222222222222, 0.7555555555555555, 0.8]","[0.717391304347826, 0.8043478260869565, 0.6739130434782609, 0.782608695652174, 0.8, 0.9111111111111111, 0.7555555555555555, 0.8222222222222222, 0.7555555555555555, 0.8]","[0.7291666666666667, 0.8320494864612511, 0.6884768740031898, 0.8270676691729323, 0.8055021367521367, 0.9078282828282829, 0.7572263993316625, 0.8201500297088533, 0.7477522477522477, 0.8016098484848485]","[0.7097222222222223, 0.7875, 0.6507575757575758, 0.7606060606060605, 0.7915584415584415, 0.9078282828282829, 0.729040404040404, 0.8045454545454547, 0.7434343434343433, 0.7873737373737374]","[0.7097098303994855, 0.798873987854251, 0.6565173796791444, 0.7698529411764705, 0.7938848558177052, 0.9078282828282829, 0.7368190697331565, 0.8102923585702224, 0.7411227422003284, 0.7854349951124145]","[0.7277432712215323, 0.8190638574270288, 0.6868802440884821, 0.8148087610330174, 0.8042070275403609, 0.9111111111111111, 0.7568662396732573, 0.8220406681190996, 0.7594183594183593, 0.800462962962963]","[0.717391304347826, 0.8043478260869565, 0.6739130434782609, 0.782608695652174, 0.8, 0.9111111111111111, 0.7555555555555555, 0.8222222222222222, 0.7555555555555555, 0.8]","[0.7143980457323785, 0.8023862436190811, 0.6678388746803069, 0.7763427109974425, 0.7977571643028388, 0.9111111111111111, 0.7494958802234344, 0.8199776401788786, 0.75350757161102, 0.7927012056044315]","[array([[11,  1,  0,  0],
       [ 3,  5,  0,  1],
       [ 0,  0,  7,  3],
       [ 0,  0,  5, 10]]), array([[11,  0,  0,  1],
       [ 3,  6,  0,  0],
       [ 0,  0,  7,  3],
       [ 0,  0,  2, 13]]), array([[ 7,  4,  0,  0],
       [ 3,  6,  0,  1],
       [ 0,  0,  5,  5],
       [ 1,  0,  1, 13]]), array([[10,  1,  0,  0],
       [ 3,  6,  0,  1],
       [ 0,  0,  6,  4],
       [ 1,  0,  0, 14]]), array([[10,  1,  0,  0],
       [ 3,  7,  0,  0],
       [ 0,  0,  7,  3],
       [ 0,  0,  2, 12]]), array([[10,  1,  0,  0],
       [ 1,  9,  0,  0],
       [ 0,  0,  8,  1],
       [ 0,  0,  1, 14]]), array([[ 8,  2,  1,  0],
       [ 2,  5,  0,  2],
       [ 0,  0,  7,  3],
       [ 0,  0,  1, 14]]), array([[ 9,  2,  0,  0],
       [ 2,  6,  0,  1],
       [ 0,  0,  8,  2],
       [ 0,  0,  1, 14]]), array([[ 9,  2,  0,  0],
       [ 4,  5,  0,  0],
       [ 0,  0,  8,  2],
       [ 0,  0,  3, 12]]), array([[ 8,  1,  0,  2],
       [ 3,  5,  0,  1],
       [ 0,  0, 10,  0],
       [ 0,  0,  2, 13]])]"
28,"[1.0, 1.0, 1.0, 1.0, 1.0, 1.0, 1.0, 1.0, 1.0, 1.0]","[1.0, 1.0, 1.0, 1.0, 1.0, 1.0, 1.0, 1.0, 1.0, 1.0]","[1.0, 1.0, 1.0, 1.0, 1.0, 1.0, 1.0, 1.0, 1.0, 1.0]","[1.0, 1.0, 1.0, 1.0, 1.0, 1.0, 1.0, 1.0, 1.0, 1.0]","[1.0, 1.0, 1.0, 1.0, 1.0, 1.0, 1.0, 1.0, 1.0, 1.0]","[1.0, 1.0, 1.0, 1.0, 1.0, 1.0, 1.0, 1.0, 1.0, 1.0]","[1.0, 1.0, 1.0, 1.0, 1.0, 1.0, 1.0, 1.0, 1.0, 1.0]","[1.0, 1.0, 1.0, 1.0, 1.0, 1.0, 1.0, 1.0, 1.0, 1.0]","[1.0, 1.0, 1.0, 1.0, 1.0, 1.0, 1.0, 1.0, 1.0, 1.0]","[1.0, 1.0, 1.0, 1.0, 1.0, 1.0, 1.0, 1.0, 1.0, 1.0]","[array([[100,   0,   0,   0],
       [  0, 134,   0,   0],
       [  0,   0,  89,   0],
       [  0,   0,   0, 134]]), array([[100,   0,   0,   0],
       [  0, 134,   0,   0],
       [  0,   0,  89,   0],
       [  0,   0,   0, 134]]), array([[101,   0,   0,   0],
       [  0, 134,   0,   0],
       [  0,   0,  89,   0],
       [  0,   0,   0, 134]]), array([[101,   0,   0,   0],
       [  0, 134,   0,   0],
       [  0,   0,  89,   0],
       [  0,   0,   0, 134]]), array([[101,   0,   0,   0],
       [  0, 135,   0,   0],
       [  0,   0,  89,   0],
       [  0,   0,   0, 135]]), array([[101,   0,   0,   0],
       [  0, 134,   0,   0],
       [  0,   0,  90,   0],
       [  0,   0,   0, 134]]), array([[101,   0,   0,   0],
       [  0, 134,   0,   0],
       [  0,   0,  89,   0],
       [  0,   0,   0, 134]]), array([[101,   0,   0,   0],
       [  0, 134,   0,   0],
       [  0,   0,  89,   0],
       [  0,   0,   0, 134]]), array([[101,   0,   0,   0],
       [  0, 134,   0,   0],
       [  0,   0,  89,   0],
       [  0,   0,   0, 134]]), array([[101,   0,   0,   0],
       [  0, 134,   0,   0],
       [  0,   0,  89,   0],
       [  0,   0,   0, 134]])]","[0.7391304347826086, 0.8260869565217391, 0.6739130434782609, 0.7608695652173914, 0.7555555555555555, 0.8666666666666667, 0.7555555555555555, 0.8222222222222222, 0.7555555555555555, 0.8222222222222222]","[0.7391304347826086, 0.8260869565217391, 0.6739130434782609, 0.7608695652173914, 0.7555555555555555, 0.8666666666666667, 0.7555555555555555, 0.8222222222222222, 0.7555555555555555, 0.8222222222222222]","[0.7391304347826086, 0.8260869565217391, 0.6739130434782609, 0.7608695652173914, 0.7555555555555555, 0.8666666666666667, 0.7555555555555555, 0.8222222222222222, 0.7555555555555555, 0.8222222222222222]","[0.7391304347826086, 0.8260869565217391, 0.6739130434782609, 0.7608695652173914, 0.7555555555555555, 0.8666666666666667, 0.7555555555555555, 0.8222222222222222, 0.7555555555555555, 0.8222222222222222]","[0.7502289377289377, 0.8495535714285714, 0.6884768740031898, 0.7822420634920635, 0.7512626262626263, 0.8680555555555556, 0.7652777777777777, 0.8159722222222222, 0.7477522477522477, 0.8489583333333334]","[0.7374999999999999, 0.8125, 0.6507575757575758, 0.737878787878788, 0.746103896103896, 0.8550505050505051, 0.7401515151515151, 0.8045454545454547, 0.7434343434343433, 0.8101010101010101]","[0.7390047021943573, 0.8212158808933003, 0.6565173796791444, 0.7428156565656566, 0.7479252598581092, 0.8596064246913795, 0.7484402852049912, 0.8084555295507145, 0.7411227422003284, 0.8111737491120381]","[0.7481684981684983, 0.8394798136645963, 0.6868802440884821, 0.7787267080745341, 0.7550617283950618, 0.8679012345679012, 0.7635802469135803, 0.8225308641975307, 0.7594183594183593, 0.8393518518518519]","[0.7391304347826086, 0.8260869565217391, 0.6739130434782609, 0.7608695652173914, 0.7555555555555555, 0.8666666666666667, 0.7555555555555555, 0.8222222222222222, 0.7555555555555555, 0.8222222222222222]","[0.7395318249965928, 0.8246628546768799, 0.6678388746803069, 0.7538054457619675, 0.754547287759629, 0.8654760405675521, 0.7549138443256092, 0.8206905901555033, 0.75350757161102, 0.81575158517655]","[array([[11,  1,  0,  0],
       [ 2,  6,  0,  1],
       [ 0,  0,  7,  3],
       [ 0,  0,  5, 10]]), array([[11,  0,  0,  1],
       [ 3,  6,  0,  0],
       [ 0,  0,  8,  2],
       [ 0,  0,  2, 13]]), array([[ 7,  4,  0,  0],
       [ 3,  6,  0,  1],
       [ 0,  0,  5,  5],
       [ 1,  0,  1, 13]]), array([[ 9,  1,  1,  0],
       [ 4,  5,  0,  1],
       [ 0,  0,  7,  3],
       [ 1,  0,  0, 14]]), array([[ 8,  3,  0,  0],
       [ 3,  7,  0,  0],
       [ 0,  0,  7,  3],
       [ 0,  0,  2, 12]]), array([[10,  1,  0,  0],
       [ 2,  8,  0,  0],
       [ 0,  0,  7,  2],
       [ 0,  0,  1, 14]]), array([[ 8,  2,  1,  0],
       [ 1,  6,  0,  2],
       [ 0,  0,  7,  3],
       [ 0,  0,  2, 13]]), array([[ 9,  2,  0,  0],
       [ 3,  6,  0,  0],
       [ 0,  0,  8,  2],
       [ 0,  0,  1, 14]]), array([[ 9,  2,  0,  0],
       [ 4,  5,  0,  0],
       [ 0,  0,  8,  2],
       [ 0,  0,  3, 12]]), array([[ 9,  0,  0,  2],
       [ 3,  5,  0,  1],
       [ 0,  0, 10,  0],
       [ 0,  0,  2, 13]])]"
29,"[1.0, 1.0, 1.0, 1.0, 1.0, 1.0, 1.0, 1.0, 1.0, 1.0]","[1.0, 1.0, 1.0, 1.0, 1.0, 1.0, 1.0, 1.0, 1.0, 1.0]","[1.0, 1.0, 1.0, 1.0, 1.0, 1.0, 1.0, 1.0, 1.0, 1.0]","[1.0, 1.0, 1.0, 1.0, 1.0, 1.0, 1.0, 1.0, 1.0, 1.0]","[1.0, 1.0, 1.0, 1.0, 1.0, 1.0, 1.0, 1.0, 1.0, 1.0]","[1.0, 1.0, 1.0, 1.0, 1.0, 1.0, 1.0, 1.0, 1.0, 1.0]","[1.0, 1.0, 1.0, 1.0, 1.0, 1.0, 1.0, 1.0, 1.0, 1.0]","[1.0, 1.0, 1.0, 1.0, 1.0, 1.0, 1.0, 1.0, 1.0, 1.0]","[1.0, 1.0, 1.0, 1.0, 1.0, 1.0, 1.0, 1.0, 1.0, 1.0]","[1.0, 1.0, 1.0, 1.0, 1.0, 1.0, 1.0, 1.0, 1.0, 1.0]","[array([[100,   0,   0,   0],
       [  0, 134,   0,   0],
       [  0,   0,  89,   0],
       [  0,   0,   0, 134]]), array([[100,   0,   0,   0],
       [  0, 134,   0,   0],
       [  0,   0,  89,   0],
       [  0,   0,   0, 134]]), array([[101,   0,   0,   0],
       [  0, 134,   0,   0],
       [  0,   0,  89,   0],
       [  0,   0,   0, 134]]), array([[101,   0,   0,   0],
       [  0, 134,   0,   0],
       [  0,   0,  89,   0],
       [  0,   0,   0, 134]]), array([[101,   0,   0,   0],
       [  0, 135,   0,   0],
       [  0,   0,  89,   0],
       [  0,   0,   0, 135]]), array([[101,   0,   0,   0],
       [  0, 134,   0,   0],
       [  0,   0,  90,   0],
       [  0,   0,   0, 134]]), array([[101,   0,   0,   0],
       [  0, 134,   0,   0],
       [  0,   0,  89,   0],
       [  0,   0,   0, 134]]), array([[101,   0,   0,   0],
       [  0, 134,   0,   0],
       [  0,   0,  89,   0],
       [  0,   0,   0, 134]]), array([[101,   0,   0,   0],
       [  0, 134,   0,   0],
       [  0,   0,  89,   0],
       [  0,   0,   0, 134]]), array([[101,   0,   0,   0],
       [  0, 134,   0,   0],
       [  0,   0,  89,   0],
       [  0,   0,   0, 134]])]","[0.7608695652173914, 0.8695652173913043, 0.6956521739130435, 0.7608695652173914, 0.7555555555555555, 0.8444444444444444, 0.7555555555555555, 0.8444444444444444, 0.7555555555555555, 0.8]","[0.7608695652173914, 0.8695652173913043, 0.6956521739130435, 0.7608695652173914, 0.7555555555555555, 0.8444444444444444, 0.7555555555555555, 0.8444444444444444, 0.7555555555555555, 0.8]","[0.7608695652173914, 0.8695652173913043, 0.6956521739130435, 0.7608695652173914, 0.7555555555555555, 0.8444444444444444, 0.7555555555555555, 0.8444444444444444, 0.7555555555555555, 0.8]","[0.7608695652173914, 0.8695652173913043, 0.6956521739130435, 0.7608695652173914, 0.7555555555555555, 0.8444444444444444, 0.7555555555555555, 0.8444444444444444, 0.7555555555555555, 0.8]","[0.7682484182484183, 0.8822916666666667, 0.712719298245614, 0.7616792929292929, 0.7512626262626263, 0.8479166666666667, 0.7625000000000001, 0.8507236227824462, 0.7477522477522477, 0.8016098484848485]","[0.7541666666666667, 0.8680555555555555, 0.6734848484848485, 0.7401515151515152, 0.746103896103896, 0.8406565656565657, 0.7401515151515151, 0.8272727272727274, 0.7434343434343433, 0.7873737373737374]","[0.7575, 0.8741382036685643, 0.6792342509086013, 0.7462785752259437, 0.7479252598581092, 0.841380188439012, 0.748127001996971, 0.8341676201372997, 0.7411227422003284, 0.7854349951124145]","[0.7659080050384397, 0.873641304347826, 0.7086193745232647, 0.7626811594202898, 0.7550617283950618, 0.8505555555555555, 0.7591358024691358, 0.8471729432513746, 0.7594183594183593, 0.800462962962963]","[0.7608695652173914, 0.8695652173913043, 0.6956521739130435, 0.7608695652173914, 0.7555555555555555, 0.8444444444444444, 0.7555555555555555, 0.8444444444444444, 0.7555555555555555, 0.8]","[0.7603623188405797, 0.8706789868822703, 0.688881557000474, 0.7569747821464069, 0.754547287759629, 0.8449367625838214, 0.7537888095163637, 0.8413615560640733, 0.75350757161102, 0.7927012056044315]","[array([[11,  1,  0,  0],
       [ 2,  6,  0,  1],
       [ 0,  0,  7,  3],
       [ 0,  0,  4, 11]]), array([[11,  0,  0,  1],
       [ 1,  8,  0,  0],
       [ 0,  0,  8,  2],
       [ 0,  0,  2, 13]]), array([[ 8,  3,  0,  0],
       [ 3,  6,  0,  1],
       [ 0,  0,  5,  5],
       [ 1,  0,  1, 13]]), array([[ 8,  2,  1,  0],
       [ 3,  6,  0,  1],
       [ 0,  0,  7,  3],
       [ 0,  1,  0, 14]]), array([[ 8,  3,  0,  0],
       [ 3,  7,  0,  0],
       [ 0,  0,  7,  3],
       [ 0,  0,  2, 12]]), array([[ 9,  2,  0,  0],
       [ 1,  9,  0,  0],
       [ 0,  0,  7,  2],
       [ 0,  1,  1, 13]]), array([[ 8,  2,  1,  0],
       [ 1,  6,  0,  2],
       [ 0,  0,  7,  3],
       [ 1,  0,  1, 13]]), array([[10,  1,  0,  0],
       [ 2,  6,  0,  1],
       [ 0,  0,  8,  2],
       [ 0,  0,  1, 14]]), array([[ 9,  2,  0,  0],
       [ 4,  5,  0,  0],
       [ 0,  0,  8,  2],
       [ 0,  0,  3, 12]]), array([[ 8,  1,  0,  2],
       [ 3,  5,  0,  1],
       [ 0,  0, 10,  0],
       [ 0,  0,  2, 13]])]"
30,"[1.0, 1.0, 1.0, 1.0, 1.0, 1.0, 1.0, 1.0, 1.0, 1.0]","[1.0, 1.0, 1.0, 1.0, 1.0, 1.0, 1.0, 1.0, 1.0, 1.0]","[1.0, 1.0, 1.0, 1.0, 1.0, 1.0, 1.0, 1.0, 1.0, 1.0]","[1.0, 1.0, 1.0, 1.0, 1.0, 1.0, 1.0, 1.0, 1.0, 1.0]","[1.0, 1.0, 1.0, 1.0, 1.0, 1.0, 1.0, 1.0, 1.0, 1.0]","[1.0, 1.0, 1.0, 1.0, 1.0, 1.0, 1.0, 1.0, 1.0, 1.0]","[1.0, 1.0, 1.0, 1.0, 1.0, 1.0, 1.0, 1.0, 1.0, 1.0]","[1.0, 1.0, 1.0, 1.0, 1.0, 1.0, 1.0, 1.0, 1.0, 1.0]","[1.0, 1.0, 1.0, 1.0, 1.0, 1.0, 1.0, 1.0, 1.0, 1.0]","[1.0, 1.0, 1.0, 1.0, 1.0, 1.0, 1.0, 1.0, 1.0, 1.0]","[array([[100,   0,   0,   0],
       [  0, 134,   0,   0],
       [  0,   0,  89,   0],
       [  0,   0,   0, 134]]), array([[100,   0,   0,   0],
       [  0, 134,   0,   0],
       [  0,   0,  89,   0],
       [  0,   0,   0, 134]]), array([[101,   0,   0,   0],
       [  0, 134,   0,   0],
       [  0,   0,  89,   0],
       [  0,   0,   0, 134]]), array([[101,   0,   0,   0],
       [  0, 134,   0,   0],
       [  0,   0,  89,   0],
       [  0,   0,   0, 134]]), array([[101,   0,   0,   0],
       [  0, 135,   0,   0],
       [  0,   0,  89,   0],
       [  0,   0,   0, 135]]), array([[101,   0,   0,   0],
       [  0, 134,   0,   0],
       [  0,   0,  90,   0],
       [  0,   0,   0, 134]]), array([[101,   0,   0,   0],
       [  0, 134,   0,   0],
       [  0,   0,  89,   0],
       [  0,   0,   0, 134]]), array([[101,   0,   0,   0],
       [  0, 134,   0,   0],
       [  0,   0,  89,   0],
       [  0,   0,   0, 134]]), array([[101,   0,   0,   0],
       [  0, 134,   0,   0],
       [  0,   0,  89,   0],
       [  0,   0,   0, 134]]), array([[101,   0,   0,   0],
       [  0, 134,   0,   0],
       [  0,   0,  89,   0],
       [  0,   0,   0, 134]])]","[0.7391304347826086, 0.8260869565217391, 0.6739130434782609, 0.7608695652173914, 0.7555555555555555, 0.8444444444444444, 0.7555555555555555, 0.8222222222222222, 0.7777777777777778, 0.8]","[0.7391304347826086, 0.8260869565217391, 0.6739130434782609, 0.7608695652173914, 0.7555555555555555, 0.8444444444444444, 0.7555555555555555, 0.8222222222222222, 0.7777777777777778, 0.8]","[0.7391304347826086, 0.8260869565217391, 0.6739130434782609, 0.7608695652173914, 0.7555555555555555, 0.8444444444444444, 0.7555555555555555, 0.8222222222222222, 0.7777777777777778, 0.8]","[0.7391304347826086, 0.8260869565217391, 0.6739130434782609, 0.7608695652173914, 0.7555555555555555, 0.8444444444444444, 0.7555555555555555, 0.8222222222222222, 0.7777777777777778, 0.8]","[0.7502289377289377, 0.8495535714285714, 0.6884768740031898, 0.767361111111111, 0.7512626262626263, 0.84375, 0.7625000000000001, 0.8159722222222222, 0.7683150183150184, 0.8016098484848485]","[0.7374999999999999, 0.8125, 0.6507575757575758, 0.7401515151515152, 0.746103896103896, 0.8383838383838383, 0.7401515151515151, 0.8045454545454547, 0.76010101010101, 0.7873737373737374]","[0.7390047021943573, 0.8212158808933003, 0.6565173796791444, 0.7471453667105841, 0.7479252598581092, 0.8399403239556692, 0.748127001996971, 0.8084555295507145, 0.7604166666666666, 0.7854349951124145]","[0.7481684981684983, 0.8394798136645963, 0.6868802440884821, 0.7663043478260869, 0.7550617283950618, 0.8453703703703704, 0.7591358024691358, 0.8225308641975307, 0.7787545787545788, 0.800462962962963]","[0.7391304347826086, 0.8260869565217391, 0.6739130434782609, 0.7608695652173914, 0.7555555555555555, 0.8444444444444444, 0.7555555555555555, 0.8222222222222222, 0.7777777777777778, 0.8]","[0.7395318249965928, 0.8246628546768799, 0.6678388746803069, 0.757041110538275, 0.754547287759629, 0.8439329354930377, 0.7537888095163637, 0.8206905901555033, 0.775, 0.7927012056044315]","[array([[11,  1,  0,  0],
       [ 2,  6,  0,  1],
       [ 0,  0,  7,  3],
       [ 0,  0,  5, 10]]), array([[11,  0,  0,  1],
       [ 3,  6,  0,  0],
       [ 0,  0,  8,  2],
       [ 0,  0,  2, 13]]), array([[ 7,  4,  0,  0],
       [ 3,  6,  0,  1],
       [ 0,  0,  5,  5],
       [ 1,  0,  1, 13]]), array([[ 8,  2,  1,  0],
       [ 3,  6,  0,  1],
       [ 0,  0,  7,  3],
       [ 1,  0,  0, 14]]), array([[ 8,  3,  0,  0],
       [ 3,  7,  0,  0],
       [ 0,  0,  7,  3],
       [ 0,  0,  2, 12]]), array([[10,  1,  0,  0],
       [ 2,  8,  0,  0],
       [ 0,  0,  7,  2],
       [ 0,  1,  1, 13]]), array([[ 8,  2,  1,  0],
       [ 1,  6,  0,  2],
       [ 0,  0,  7,  3],
       [ 1,  0,  1, 13]]), array([[ 9,  2,  0,  0],
       [ 3,  6,  0,  0],
       [ 0,  0,  8,  2],
       [ 0,  0,  1, 14]]), array([[ 9,  2,  0,  0],
       [ 4,  5,  0,  0],
       [ 0,  0,  8,  2],
       [ 0,  0,  2, 13]]), array([[ 8,  1,  0,  2],
       [ 3,  5,  0,  1],
       [ 0,  0, 10,  0],
       [ 0,  0,  2, 13]])]"
31,"[1.0, 1.0, 1.0, 1.0, 1.0, 1.0, 1.0, 1.0, 1.0, 1.0]","[1.0, 1.0, 1.0, 1.0, 1.0, 1.0, 1.0, 1.0, 1.0, 1.0]","[1.0, 1.0, 1.0, 1.0, 1.0, 1.0, 1.0, 1.0, 1.0, 1.0]","[1.0, 1.0, 1.0, 1.0, 1.0, 1.0, 1.0, 1.0, 1.0, 1.0]","[1.0, 1.0, 1.0, 1.0, 1.0, 1.0, 1.0, 1.0, 1.0, 1.0]","[1.0, 1.0, 1.0, 1.0, 1.0, 1.0, 1.0, 1.0, 1.0, 1.0]","[1.0, 1.0, 1.0, 1.0, 1.0, 1.0, 1.0, 1.0, 1.0, 1.0]","[1.0, 1.0, 1.0, 1.0, 1.0, 1.0, 1.0, 1.0, 1.0, 1.0]","[1.0, 1.0, 1.0, 1.0, 1.0, 1.0, 1.0, 1.0, 1.0, 1.0]","[1.0, 1.0, 1.0, 1.0, 1.0, 1.0, 1.0, 1.0, 1.0, 1.0]","[array([[100,   0,   0,   0],
       [  0, 134,   0,   0],
       [  0,   0,  89,   0],
       [  0,   0,   0, 134]]), array([[100,   0,   0,   0],
       [  0, 134,   0,   0],
       [  0,   0,  89,   0],
       [  0,   0,   0, 134]]), array([[101,   0,   0,   0],
       [  0, 134,   0,   0],
       [  0,   0,  89,   0],
       [  0,   0,   0, 134]]), array([[101,   0,   0,   0],
       [  0, 134,   0,   0],
       [  0,   0,  89,   0],
       [  0,   0,   0, 134]]), array([[101,   0,   0,   0],
       [  0, 135,   0,   0],
       [  0,   0,  89,   0],
       [  0,   0,   0, 135]]), array([[101,   0,   0,   0],
       [  0, 134,   0,   0],
       [  0,   0,  90,   0],
       [  0,   0,   0, 134]]), array([[101,   0,   0,   0],
       [  0, 134,   0,   0],
       [  0,   0,  89,   0],
       [  0,   0,   0, 134]]), array([[101,   0,   0,   0],
       [  0, 134,   0,   0],
       [  0,   0,  89,   0],
       [  0,   0,   0, 134]]), array([[101,   0,   0,   0],
       [  0, 134,   0,   0],
       [  0,   0,  89,   0],
       [  0,   0,   0, 134]]), array([[101,   0,   0,   0],
       [  0, 134,   0,   0],
       [  0,   0,  89,   0],
       [  0,   0,   0, 134]])]","[0.717391304347826, 0.8043478260869565, 0.6739130434782609, 0.8043478260869565, 0.7555555555555555, 0.8444444444444444, 0.7555555555555555, 0.8, 0.7777777777777778, 0.7777777777777778]","[0.717391304347826, 0.8043478260869565, 0.6739130434782609, 0.8043478260869565, 0.7555555555555555, 0.8444444444444444, 0.7555555555555555, 0.8, 0.7777777777777778, 0.7777777777777778]","[0.717391304347826, 0.8043478260869565, 0.6739130434782609, 0.8043478260869565, 0.7555555555555555, 0.8444444444444444, 0.7555555555555555, 0.8, 0.7777777777777778, 0.7777777777777778]","[0.717391304347826, 0.8043478260869565, 0.6739130434782609, 0.8043478260869565, 0.7555555555555555, 0.8444444444444444, 0.7555555555555555, 0.8, 0.7777777777777778, 0.7777777777777778]","[0.761904761904762, 0.8127042483660131, 0.6813131313131313, 0.815467212526036, 0.7512626262626263, 0.8485576923076923, 0.7625000000000001, 0.805239898989899, 0.7683150183150184, 0.7781250000000001]","[0.7027777777777777, 0.7944444444444444, 0.6424242424242423, 0.7878787878787878, 0.746103896103896, 0.8300505050505049, 0.7401515151515151, 0.7795454545454545, 0.76010101010101, 0.7595959595959596]","[0.6996365703262255, 0.8015512125902993, 0.6469198564593301, 0.7932469040247678, 0.7479252598581092, 0.8344665823318576, 0.748127001996971, 0.7875816993464053, 0.7604166666666666, 0.7537203329629697]","[0.7510351966873706, 0.8070296959363455, 0.6823671497584541, 0.8136661576559274, 0.7550617283950618, 0.8491452991452991, 0.7591358024691358, 0.8037037037037037, 0.7787545787545788, 0.7789814814814815]","[0.717391304347826, 0.8043478260869565, 0.6739130434782609, 0.8043478260869565, 0.7555555555555555, 0.8444444444444444, 0.7555555555555555, 0.8, 0.7777777777777778, 0.7777777777777778]","[0.7072312994351975, 0.8036453425763898, 0.6633295194508009, 0.8011929600215373, 0.754547287759629, 0.8423243610466886, 0.7537888095163637, 0.7968442595893576, 0.775, 0.7659241179577786]","[array([[12,  0,  0,  0],
       [ 4,  4,  0,  1],
       [ 0,  0,  7,  3],
       [ 0,  0,  5, 10]]), array([[10,  1,  0,  1],
       [ 2,  7,  0,  0],
       [ 0,  0,  7,  3],
       [ 0,  0,  2, 13]]), array([[ 7,  4,  0,  0],
       [ 4,  5,  0,  1],
       [ 0,  0,  5,  5],
       [ 0,  0,  1, 14]]), array([[ 9,  1,  1,  0],
       [ 3,  6,  0,  1],
       [ 0,  0,  8,  2],
       [ 1,  0,  0, 14]]), array([[ 8,  3,  0,  0],
       [ 3,  7,  0,  0],
       [ 0,  0,  7,  3],
       [ 0,  0,  2, 12]]), array([[10,  1,  0,  0],
       [ 3,  7,  0,  0],
       [ 0,  0,  7,  2],
       [ 0,  0,  1, 14]]), array([[ 8,  2,  1,  0],
       [ 1,  6,  0,  2],
       [ 0,  0,  7,  3],
       [ 1,  0,  1, 13]]), array([[ 9,  2,  0,  0],
       [ 2,  6,  0,  1],
       [ 0,  0,  7,  3],
       [ 0,  0,  1, 14]]), array([[ 9,  2,  0,  0],
       [ 4,  5,  0,  0],
       [ 0,  0,  8,  2],
       [ 0,  0,  2, 13]]), array([[ 8,  1,  0,  2],
       [ 4,  4,  0,  1],
       [ 0,  0, 10,  0],
       [ 0,  0,  2, 13]])]"
32,"[1.0, 1.0, 1.0, 1.0, 1.0, 1.0, 1.0, 1.0, 1.0, 1.0]","[1.0, 1.0, 1.0, 1.0, 1.0, 1.0, 1.0, 1.0, 1.0, 1.0]","[1.0, 1.0, 1.0, 1.0, 1.0, 1.0, 1.0, 1.0, 1.0, 1.0]","[1.0, 1.0, 1.0, 1.0, 1.0, 1.0, 1.0, 1.0, 1.0, 1.0]","[1.0, 1.0, 1.0, 1.0, 1.0, 1.0, 1.0, 1.0, 1.0, 1.0]","[1.0, 1.0, 1.0, 1.0, 1.0, 1.0, 1.0, 1.0, 1.0, 1.0]","[1.0, 1.0, 1.0, 1.0, 1.0, 1.0, 1.0, 1.0, 1.0, 1.0]","[1.0, 1.0, 1.0, 1.0, 1.0, 1.0, 1.0, 1.0, 1.0, 1.0]","[1.0, 1.0, 1.0, 1.0, 1.0, 1.0, 1.0, 1.0, 1.0, 1.0]","[1.0, 1.0, 1.0, 1.0, 1.0, 1.0, 1.0, 1.0, 1.0, 1.0]","[array([[100,   0,   0,   0],
       [  0, 134,   0,   0],
       [  0,   0,  89,   0],
       [  0,   0,   0, 134]]), array([[100,   0,   0,   0],
       [  0, 134,   0,   0],
       [  0,   0,  89,   0],
       [  0,   0,   0, 134]]), array([[101,   0,   0,   0],
       [  0, 134,   0,   0],
       [  0,   0,  89,   0],
       [  0,   0,   0, 134]]), array([[101,   0,   0,   0],
       [  0, 134,   0,   0],
       [  0,   0,  89,   0],
       [  0,   0,   0, 134]]), array([[101,   0,   0,   0],
       [  0, 135,   0,   0],
       [  0,   0,  89,   0],
       [  0,   0,   0, 135]]), array([[101,   0,   0,   0],
       [  0, 134,   0,   0],
       [  0,   0,  90,   0],
       [  0,   0,   0, 134]]), array([[101,   0,   0,   0],
       [  0, 134,   0,   0],
       [  0,   0,  89,   0],
       [  0,   0,   0, 134]]), array([[101,   0,   0,   0],
       [  0, 134,   0,   0],
       [  0,   0,  89,   0],
       [  0,   0,   0, 134]]), array([[101,   0,   0,   0],
       [  0, 134,   0,   0],
       [  0,   0,  89,   0],
       [  0,   0,   0, 134]]), array([[101,   0,   0,   0],
       [  0, 134,   0,   0],
       [  0,   0,  89,   0],
       [  0,   0,   0, 134]])]","[0.717391304347826, 0.8260869565217391, 0.6956521739130435, 0.782608695652174, 0.7333333333333333, 0.8222222222222222, 0.7555555555555555, 0.8222222222222222, 0.7777777777777778, 0.7777777777777778]","[0.717391304347826, 0.8260869565217391, 0.6956521739130435, 0.782608695652174, 0.7333333333333333, 0.8222222222222222, 0.7555555555555555, 0.8222222222222222, 0.7777777777777778, 0.7777777777777778]","[0.717391304347826, 0.8260869565217391, 0.6956521739130435, 0.782608695652174, 0.7333333333333333, 0.8222222222222222, 0.7555555555555555, 0.8222222222222222, 0.7777777777777778, 0.7777777777777778]","[0.717391304347826, 0.8260869565217391, 0.6956521739130435, 0.782608695652174, 0.7333333333333333, 0.8222222222222222, 0.7555555555555555, 0.8222222222222222, 0.7777777777777778, 0.7777777777777778]","[0.7291666666666667, 0.8471593765711413, 0.7083333333333333, 0.7881944444444444, 0.7282467532467531, 0.821780303030303, 0.7625000000000001, 0.8201500297088533, 0.7683150183150184, 0.7781250000000001]","[0.7097222222222223, 0.8152777777777778, 0.6674242424242425, 0.7628787878787879, 0.7282467532467531, 0.8156565656565656, 0.7401515151515151, 0.8045454545454547, 0.76010101010101, 0.7595959595959596]","[0.7097098303994855, 0.8260855263157895, 0.6729166666666666, 0.7688844971453668, 0.7282467532467531, 0.8175706646294881, 0.748127001996971, 0.8102923585702224, 0.7604166666666666, 0.7537203329629697]","[0.7277432712215323, 0.8348306992808271, 0.7072463768115942, 0.786231884057971, 0.7333333333333333, 0.8255050505050505, 0.7591358024691358, 0.8220406681190996, 0.7787545787545788, 0.7789814814814815]","[0.717391304347826, 0.8260869565217391, 0.6956521739130435, 0.782608695652174, 0.7333333333333333, 0.8222222222222222, 0.7555555555555555, 0.8222222222222222, 0.7777777777777778, 0.7777777777777778]","[0.7143980457323785, 0.8258895881006865, 0.6865942028985507, 0.7778350613889365, 0.7333333333333333, 0.8229069405539993, 0.7537888095163637, 0.8199776401788786, 0.775, 0.7659241179577786]","[array([[11,  1,  0,  0],
       [ 3,  5,  0,  1],
       [ 0,  0,  7,  3],
       [ 0,  0,  5, 10]]), array([[11,  0,  0,  1],
       [ 2,  7,  0,  0],
       [ 0,  0,  7,  3],
       [ 0,  0,  2, 13]]), array([[ 7,  4,  0,  0],
       [ 3,  6,  0,  1],
       [ 0,  0,  5,  5],
       [ 0,  0,  1, 14]]), array([[ 9,  1,  1,  0],
       [ 3,  6,  0,  1],
       [ 0,  0,  7,  3],
       [ 0,  1,  0, 14]]), array([[ 8,  3,  0,  0],
       [ 3,  7,  0,  0],
       [ 0,  0,  7,  3],
       [ 0,  0,  3, 11]]), array([[ 9,  2,  0,  0],
       [ 2,  8,  0,  0],
       [ 0,  0,  7,  2],
       [ 0,  1,  1, 13]]), array([[ 8,  2,  1,  0],
       [ 1,  6,  0,  2],
       [ 0,  0,  7,  3],
       [ 1,  0,  1, 13]]), array([[ 9,  2,  0,  0],
       [ 2,  6,  0,  1],
       [ 0,  0,  8,  2],
       [ 0,  0,  1, 14]]), array([[ 9,  2,  0,  0],
       [ 4,  5,  0,  0],
       [ 0,  0,  8,  2],
       [ 0,  0,  2, 13]]), array([[ 8,  1,  0,  2],
       [ 4,  4,  0,  1],
       [ 0,  0, 10,  0],
       [ 0,  0,  2, 13]])]"
33,"[1.0, 1.0, 1.0, 1.0, 1.0, 1.0, 1.0, 1.0, 1.0, 1.0]","[1.0, 1.0, 1.0, 1.0, 1.0, 1.0, 1.0, 1.0, 1.0, 1.0]","[1.0, 1.0, 1.0, 1.0, 1.0, 1.0, 1.0, 1.0, 1.0, 1.0]","[1.0, 1.0, 1.0, 1.0, 1.0, 1.0, 1.0, 1.0, 1.0, 1.0]","[1.0, 1.0, 1.0, 1.0, 1.0, 1.0, 1.0, 1.0, 1.0, 1.0]","[1.0, 1.0, 1.0, 1.0, 1.0, 1.0, 1.0, 1.0, 1.0, 1.0]","[1.0, 1.0, 1.0, 1.0, 1.0, 1.0, 1.0, 1.0, 1.0, 1.0]","[1.0, 1.0, 1.0, 1.0, 1.0, 1.0, 1.0, 1.0, 1.0, 1.0]","[1.0, 1.0, 1.0, 1.0, 1.0, 1.0, 1.0, 1.0, 1.0, 1.0]","[1.0, 1.0, 1.0, 1.0, 1.0, 1.0, 1.0, 1.0, 1.0, 1.0]","[array([[100,   0,   0,   0],
       [  0, 134,   0,   0],
       [  0,   0,  89,   0],
       [  0,   0,   0, 134]]), array([[100,   0,   0,   0],
       [  0, 134,   0,   0],
       [  0,   0,  89,   0],
       [  0,   0,   0, 134]]), array([[101,   0,   0,   0],
       [  0, 134,   0,   0],
       [  0,   0,  89,   0],
       [  0,   0,   0, 134]]), array([[101,   0,   0,   0],
       [  0, 134,   0,   0],
       [  0,   0,  89,   0],
       [  0,   0,   0, 134]]), array([[101,   0,   0,   0],
       [  0, 135,   0,   0],
       [  0,   0,  89,   0],
       [  0,   0,   0, 135]]), array([[101,   0,   0,   0],
       [  0, 134,   0,   0],
       [  0,   0,  90,   0],
       [  0,   0,   0, 134]]), array([[101,   0,   0,   0],
       [  0, 134,   0,   0],
       [  0,   0,  89,   0],
       [  0,   0,   0, 134]]), array([[101,   0,   0,   0],
       [  0, 134,   0,   0],
       [  0,   0,  89,   0],
       [  0,   0,   0, 134]]), array([[101,   0,   0,   0],
       [  0, 134,   0,   0],
       [  0,   0,  89,   0],
       [  0,   0,   0, 134]]), array([[101,   0,   0,   0],
       [  0, 134,   0,   0],
       [  0,   0,  89,   0],
       [  0,   0,   0, 134]])]","[0.7391304347826086, 0.782608695652174, 0.6956521739130435, 0.782608695652174, 0.7777777777777778, 0.8222222222222222, 0.7333333333333333, 0.8222222222222222, 0.7777777777777778, 0.7777777777777778]","[0.7391304347826086, 0.782608695652174, 0.6956521739130435, 0.782608695652174, 0.7777777777777778, 0.8222222222222222, 0.7333333333333333, 0.8222222222222222, 0.7777777777777778, 0.7777777777777778]","[0.7391304347826086, 0.782608695652174, 0.6956521739130435, 0.782608695652174, 0.7777777777777778, 0.8222222222222222, 0.7333333333333333, 0.8222222222222222, 0.7777777777777778, 0.7777777777777778]","[0.7391304347826086, 0.782608695652174, 0.6956521739130435, 0.782608695652174, 0.7777777777777778, 0.8222222222222222, 0.7333333333333333, 0.8222222222222222, 0.7777777777777778, 0.7777777777777778]","[0.7502289377289377, 0.7922143216260863, 0.7083333333333333, 0.7822712418300652, 0.7763888888888888, 0.8221688034188034, 0.7245098039215686, 0.8358134920634921, 0.7725694444444444, 0.785873440285205]","[0.7374999999999999, 0.7666666666666667, 0.6674242424242425, 0.7651515151515151, 0.7688311688311688, 0.8133838383838383, 0.7095959595959596, 0.8022727272727272, 0.7628787878787878, 0.7623737373737374]","[0.7390047021943573, 0.7748355263157894, 0.6729166666666666, 0.7698560259344012, 0.7709697782687603, 0.8150928792569659, 0.7103713768115942, 0.8114569609134826, 0.7660107078189659, 0.7658955627705628]","[0.7481684981684983, 0.7868134990897139, 0.7072463768115942, 0.7842426825802784, 0.7779012345679013, 0.8247625830959164, 0.7289760348583877, 0.8288359788359787, 0.7770061728395062, 0.7811645870469399]","[0.7391304347826086, 0.782608695652174, 0.6956521739130435, 0.782608695652174, 0.7777777777777778, 0.8222222222222222, 0.7333333333333333, 0.8222222222222222, 0.7777777777777778, 0.7777777777777778]","[0.7395318249965928, 0.7805635011441648, 0.6865942028985507, 0.7796715915497628, 0.7762609923108621, 0.8210411650040133, 0.7253260869565218, 0.8182281754745524, 0.7757934009459202, 0.7724206349206348]","[array([[11,  1,  0,  0],
       [ 2,  6,  0,  1],
       [ 0,  0,  7,  3],
       [ 0,  0,  5, 10]]), array([[10,  1,  0,  1],
       [ 3,  6,  0,  0],
       [ 0,  0,  7,  3],
       [ 0,  0,  2, 13]]), array([[ 7,  4,  0,  0],
       [ 3,  6,  0,  1],
       [ 0,  0,  5,  5],
       [ 0,  0,  1, 14]]), array([[ 8,  2,  1,  0],
       [ 3,  6,  0,  1],
       [ 0,  0,  8,  2],
       [ 1,  0,  0, 14]]), array([[ 9,  2,  0,  0],
       [ 3,  7,  0,  0],
       [ 0,  0,  7,  3],
       [ 0,  0,  2, 12]]), array([[10,  1,  0,  0],
       [ 3,  7,  0,  0],
       [ 0,  0,  7,  2],
       [ 0,  1,  1, 13]]), array([[ 8,  2,  1,  0],
       [ 3,  4,  0,  2],
       [ 0,  0,  8,  2],
       [ 1,  0,  1, 13]]), array([[10,  1,  0,  0],
       [ 2,  6,  0,  1],
       [ 0,  0,  7,  3],
       [ 0,  0,  1, 14]]), array([[ 9,  2,  0,  0],
       [ 3,  6,  0,  0],
       [ 0,  0,  7,  3],
       [ 0,  0,  2, 13]]), array([[ 8,  1,  0,  2],
       [ 3,  5,  0,  1],
       [ 0,  0,  9,  1],
       [ 0,  0,  2, 13]])]"
34,"[1.0, 1.0, 1.0, 1.0, 1.0, 1.0, 1.0, 1.0, 1.0, 1.0]","[1.0, 1.0, 1.0, 1.0, 1.0, 1.0, 1.0, 1.0, 1.0, 1.0]","[1.0, 1.0, 1.0, 1.0, 1.0, 1.0, 1.0, 1.0, 1.0, 1.0]","[1.0, 1.0, 1.0, 1.0, 1.0, 1.0, 1.0, 1.0, 1.0, 1.0]","[1.0, 1.0, 1.0, 1.0, 1.0, 1.0, 1.0, 1.0, 1.0, 1.0]","[1.0, 1.0, 1.0, 1.0, 1.0, 1.0, 1.0, 1.0, 1.0, 1.0]","[1.0, 1.0, 1.0, 1.0, 1.0, 1.0, 1.0, 1.0, 1.0, 1.0]","[1.0, 1.0, 1.0, 1.0, 1.0, 1.0, 1.0, 1.0, 1.0, 1.0]","[1.0, 1.0, 1.0, 1.0, 1.0, 1.0, 1.0, 1.0, 1.0, 1.0]","[1.0, 1.0, 1.0, 1.0, 1.0, 1.0, 1.0, 1.0, 1.0, 1.0]","[array([[100,   0,   0,   0],
       [  0, 134,   0,   0],
       [  0,   0,  89,   0],
       [  0,   0,   0, 134]]), array([[100,   0,   0,   0],
       [  0, 134,   0,   0],
       [  0,   0,  89,   0],
       [  0,   0,   0, 134]]), array([[101,   0,   0,   0],
       [  0, 134,   0,   0],
       [  0,   0,  89,   0],
       [  0,   0,   0, 134]]), array([[101,   0,   0,   0],
       [  0, 134,   0,   0],
       [  0,   0,  89,   0],
       [  0,   0,   0, 134]]), array([[101,   0,   0,   0],
       [  0, 135,   0,   0],
       [  0,   0,  89,   0],
       [  0,   0,   0, 135]]), array([[101,   0,   0,   0],
       [  0, 134,   0,   0],
       [  0,   0,  90,   0],
       [  0,   0,   0, 134]]), array([[101,   0,   0,   0],
       [  0, 134,   0,   0],
       [  0,   0,  89,   0],
       [  0,   0,   0, 134]]), array([[101,   0,   0,   0],
       [  0, 134,   0,   0],
       [  0,   0,  89,   0],
       [  0,   0,   0, 134]]), array([[101,   0,   0,   0],
       [  0, 134,   0,   0],
       [  0,   0,  89,   0],
       [  0,   0,   0, 134]]), array([[101,   0,   0,   0],
       [  0, 134,   0,   0],
       [  0,   0,  89,   0],
       [  0,   0,   0, 134]])]","[0.717391304347826, 0.8043478260869565, 0.717391304347826, 0.8043478260869565, 0.7333333333333333, 0.8222222222222222, 0.7555555555555555, 0.8, 0.8, 0.8222222222222222]","[0.717391304347826, 0.8043478260869565, 0.717391304347826, 0.8043478260869565, 0.7333333333333333, 0.8222222222222222, 0.7555555555555555, 0.8, 0.8, 0.8222222222222222]","[0.717391304347826, 0.8043478260869565, 0.717391304347826, 0.8043478260869565, 0.7333333333333333, 0.8222222222222222, 0.7555555555555555, 0.8, 0.8, 0.8222222222222222]","[0.717391304347826, 0.8043478260869565, 0.717391304347826, 0.8043478260869565, 0.7333333333333333, 0.8222222222222222, 0.7555555555555555, 0.8, 0.8, 0.8222222222222222]","[0.7291666666666667, 0.8127042483660131, 0.7234962406015037, 0.815467212526036, 0.7282467532467531, 0.8303571428571428, 0.770301757066463, 0.805239898989899, 0.7916666666666666, 0.8489583333333334]","[0.7097222222222223, 0.7944444444444444, 0.6924242424242424, 0.7878787878787878, 0.7282467532467531, 0.805050505050505, 0.7462121212121211, 0.7795454545454545, 0.787878787878788, 0.8101010101010101]","[0.7097098303994855, 0.8015512125902993, 0.6990196078431372, 0.7932469040247678, 0.7282467532467531, 0.8081593927893738, 0.7545454545454546, 0.7875816993464053, 0.7887894288150042, 0.8111737491120381]","[0.7277432712215323, 0.8070296959363455, 0.724436090225564, 0.8136661576559274, 0.7333333333333333, 0.8317460317460318, 0.7622782446311858, 0.8037037037037037, 0.8, 0.8393518518518519]","[0.717391304347826, 0.8043478260869565, 0.717391304347826, 0.8043478260869565, 0.7333333333333333, 0.8222222222222222, 0.7555555555555555, 0.8, 0.8, 0.8222222222222222]","[0.7143980457323785, 0.8036453425763898, 0.7118499573742539, 0.8011929600215373, 0.7333333333333333, 0.8181994518237403, 0.7555555555555555, 0.7968442595893576, 0.7991474850809889, 0.81575158517655]","[array([[11,  1,  0,  0],
       [ 3,  5,  0,  1],
       [ 0,  0,  7,  3],
       [ 0,  0,  5, 10]]), array([[10,  1,  0,  1],
       [ 2,  7,  0,  0],
       [ 0,  0,  7,  3],
       [ 0,  0,  2, 13]]), array([[ 7,  4,  0,  0],
       [ 3,  6,  0,  1],
       [ 0,  0,  6,  4],
       [ 0,  0,  1, 14]]), array([[ 9,  1,  1,  0],
       [ 3,  6,  0,  1],
       [ 0,  0,  8,  2],
       [ 1,  0,  0, 14]]), array([[ 8,  3,  0,  0],
       [ 3,  7,  0,  0],
       [ 0,  0,  7,  3],
       [ 0,  0,  3, 11]]), array([[10,  1,  0,  0],
       [ 4,  6,  0,  0],
       [ 0,  0,  7,  2],
       [ 0,  0,  1, 14]]), array([[ 9,  1,  1,  0],
       [ 1,  6,  0,  2],
       [ 0,  0,  7,  3],
       [ 1,  0,  2, 12]]), array([[ 9,  2,  0,  0],
       [ 2,  6,  0,  1],
       [ 0,  0,  7,  3],
       [ 0,  0,  1, 14]]), array([[ 9,  2,  0,  0],
       [ 3,  6,  0,  0],
       [ 0,  0,  8,  2],
       [ 0,  0,  2, 13]]), array([[ 9,  0,  0,  2],
       [ 3,  5,  0,  1],
       [ 0,  0, 10,  0],
       [ 0,  0,  2, 13]])]"
35,"[1.0, 1.0, 1.0, 1.0, 1.0, 1.0, 1.0, 1.0, 1.0, 1.0]","[1.0, 1.0, 1.0, 1.0, 1.0, 1.0, 1.0, 1.0, 1.0, 1.0]","[1.0, 1.0, 1.0, 1.0, 1.0, 1.0, 1.0, 1.0, 1.0, 1.0]","[1.0, 1.0, 1.0, 1.0, 1.0, 1.0, 1.0, 1.0, 1.0, 1.0]","[1.0, 1.0, 1.0, 1.0, 1.0, 1.0, 1.0, 1.0, 1.0, 1.0]","[1.0, 1.0, 1.0, 1.0, 1.0, 1.0, 1.0, 1.0, 1.0, 1.0]","[1.0, 1.0, 1.0, 1.0, 1.0, 1.0, 1.0, 1.0, 1.0, 1.0]","[1.0, 1.0, 1.0, 1.0, 1.0, 1.0, 1.0, 1.0, 1.0, 1.0]","[1.0, 1.0, 1.0, 1.0, 1.0, 1.0, 1.0, 1.0, 1.0, 1.0]","[1.0, 1.0, 1.0, 1.0, 1.0, 1.0, 1.0, 1.0, 1.0, 1.0]","[array([[100,   0,   0,   0],
       [  0, 134,   0,   0],
       [  0,   0,  89,   0],
       [  0,   0,   0, 134]]), array([[100,   0,   0,   0],
       [  0, 134,   0,   0],
       [  0,   0,  89,   0],
       [  0,   0,   0, 134]]), array([[101,   0,   0,   0],
       [  0, 134,   0,   0],
       [  0,   0,  89,   0],
       [  0,   0,   0, 134]]), array([[101,   0,   0,   0],
       [  0, 134,   0,   0],
       [  0,   0,  89,   0],
       [  0,   0,   0, 134]]), array([[101,   0,   0,   0],
       [  0, 135,   0,   0],
       [  0,   0,  89,   0],
       [  0,   0,   0, 135]]), array([[101,   0,   0,   0],
       [  0, 134,   0,   0],
       [  0,   0,  90,   0],
       [  0,   0,   0, 134]]), array([[101,   0,   0,   0],
       [  0, 134,   0,   0],
       [  0,   0,  89,   0],
       [  0,   0,   0, 134]]), array([[101,   0,   0,   0],
       [  0, 134,   0,   0],
       [  0,   0,  89,   0],
       [  0,   0,   0, 134]]), array([[101,   0,   0,   0],
       [  0, 134,   0,   0],
       [  0,   0,  89,   0],
       [  0,   0,   0, 134]]), array([[101,   0,   0,   0],
       [  0, 134,   0,   0],
       [  0,   0,  89,   0],
       [  0,   0,   0, 134]])]","[0.717391304347826, 0.8260869565217391, 0.7391304347826086, 0.8043478260869565, 0.7555555555555555, 0.8444444444444444, 0.7777777777777778, 0.8444444444444444, 0.8, 0.7777777777777778]","[0.717391304347826, 0.8260869565217391, 0.7391304347826086, 0.8043478260869565, 0.7555555555555555, 0.8444444444444444, 0.7777777777777778, 0.8444444444444444, 0.8, 0.7777777777777778]","[0.717391304347826, 0.8260869565217391, 0.7391304347826086, 0.8043478260869565, 0.7555555555555555, 0.8444444444444444, 0.7777777777777778, 0.8444444444444444, 0.8, 0.7777777777777778]","[0.717391304347826, 0.8260869565217391, 0.7391304347826086, 0.8043478260869565, 0.7555555555555555, 0.8444444444444444, 0.7777777777777778, 0.8444444444444444, 0.8, 0.7777777777777778]","[0.7291666666666667, 0.8471593765711413, 0.7469810890863523, 0.815467212526036, 0.7512626262626263, 0.8479166666666667, 0.7938311688311689, 0.8507236227824462, 0.7916666666666666, 0.785873440285205]","[0.7097222222222223, 0.8152777777777778, 0.7151515151515151, 0.7878787878787878, 0.746103896103896, 0.8406565656565657, 0.7628787878787878, 0.8272727272727274, 0.787878787878788, 0.7623737373737374]","[0.7097098303994855, 0.8260855263157895, 0.7220658598367578, 0.7932469040247678, 0.7479252598581092, 0.841380188439012, 0.773225677830941, 0.8341676201372997, 0.7887894288150042, 0.7658955627705628]","[0.7277432712215323, 0.8348306992808271, 0.745450582979187, 0.8136661576559274, 0.7550617283950618, 0.8505555555555555, 0.7850088183421517, 0.8471729432513746, 0.8, 0.7811645870469399]","[0.717391304347826, 0.8260869565217391, 0.7391304347826086, 0.8043478260869565, 0.7555555555555555, 0.8444444444444444, 0.7777777777777778, 0.8444444444444444, 0.8, 0.7777777777777778]","[0.7143980457323785, 0.8258895881006865, 0.7332076995557949, 0.8011929600215373, 0.754547287759629, 0.8449367625838214, 0.7763689526847422, 0.8413615560640733, 0.7991474850809889, 0.7724206349206348]","[array([[11,  1,  0,  0],
       [ 3,  5,  0,  1],
       [ 0,  0,  7,  3],
       [ 0,  0,  5, 10]]), array([[11,  0,  0,  1],
       [ 2,  7,  0,  0],
       [ 0,  0,  7,  3],
       [ 0,  0,  2, 13]]), array([[ 8,  3,  0,  0],
       [ 3,  6,  0,  1],
       [ 0,  0,  6,  4],
       [ 0,  0,  1, 14]]), array([[ 9,  1,  1,  0],
       [ 3,  6,  0,  1],
       [ 0,  0,  8,  2],
       [ 1,  0,  0, 14]]), array([[ 8,  3,  0,  0],
       [ 3,  7,  0,  0],
       [ 0,  0,  7,  3],
       [ 0,  0,  2, 12]]), array([[ 9,  2,  0,  0],
       [ 1,  9,  0,  0],
       [ 0,  0,  7,  2],
       [ 0,  1,  1, 13]]), array([[ 9,  1,  1,  0],
       [ 1,  6,  0,  2],
       [ 0,  0,  7,  3],
       [ 1,  0,  1, 13]]), array([[10,  1,  0,  0],
       [ 2,  6,  0,  1],
       [ 0,  0,  8,  2],
       [ 0,  0,  1, 14]]), array([[ 9,  2,  0,  0],
       [ 3,  6,  0,  0],
       [ 0,  0,  8,  2],
       [ 0,  0,  2, 13]]), array([[ 8,  1,  0,  2],
       [ 3,  5,  0,  1],
       [ 0,  0,  9,  1],
       [ 0,  0,  2, 13]])]"
36,"[1.0, 1.0, 1.0, 1.0, 1.0, 1.0, 1.0, 1.0, 1.0, 1.0]","[1.0, 1.0, 1.0, 1.0, 1.0, 1.0, 1.0, 1.0, 1.0, 1.0]","[1.0, 1.0, 1.0, 1.0, 1.0, 1.0, 1.0, 1.0, 1.0, 1.0]","[1.0, 1.0, 1.0, 1.0, 1.0, 1.0, 1.0, 1.0, 1.0, 1.0]","[1.0, 1.0, 1.0, 1.0, 1.0, 1.0, 1.0, 1.0, 1.0, 1.0]","[1.0, 1.0, 1.0, 1.0, 1.0, 1.0, 1.0, 1.0, 1.0, 1.0]","[1.0, 1.0, 1.0, 1.0, 1.0, 1.0, 1.0, 1.0, 1.0, 1.0]","[1.0, 1.0, 1.0, 1.0, 1.0, 1.0, 1.0, 1.0, 1.0, 1.0]","[1.0, 1.0, 1.0, 1.0, 1.0, 1.0, 1.0, 1.0, 1.0, 1.0]","[1.0, 1.0, 1.0, 1.0, 1.0, 1.0, 1.0, 1.0, 1.0, 1.0]","[array([[100,   0,   0,   0],
       [  0, 134,   0,   0],
       [  0,   0,  89,   0],
       [  0,   0,   0, 134]]), array([[100,   0,   0,   0],
       [  0, 134,   0,   0],
       [  0,   0,  89,   0],
       [  0,   0,   0, 134]]), array([[101,   0,   0,   0],
       [  0, 134,   0,   0],
       [  0,   0,  89,   0],
       [  0,   0,   0, 134]]), array([[101,   0,   0,   0],
       [  0, 134,   0,   0],
       [  0,   0,  89,   0],
       [  0,   0,   0, 134]]), array([[101,   0,   0,   0],
       [  0, 135,   0,   0],
       [  0,   0,  89,   0],
       [  0,   0,   0, 135]]), array([[101,   0,   0,   0],
       [  0, 134,   0,   0],
       [  0,   0,  90,   0],
       [  0,   0,   0, 134]]), array([[101,   0,   0,   0],
       [  0, 134,   0,   0],
       [  0,   0,  89,   0],
       [  0,   0,   0, 134]]), array([[101,   0,   0,   0],
       [  0, 134,   0,   0],
       [  0,   0,  89,   0],
       [  0,   0,   0, 134]]), array([[101,   0,   0,   0],
       [  0, 134,   0,   0],
       [  0,   0,  89,   0],
       [  0,   0,   0, 134]]), array([[101,   0,   0,   0],
       [  0, 134,   0,   0],
       [  0,   0,  89,   0],
       [  0,   0,   0, 134]])]","[0.7608695652173914, 0.8043478260869565, 0.6956521739130435, 0.8043478260869565, 0.7555555555555555, 0.7777777777777778, 0.7777777777777778, 0.8222222222222222, 0.8, 0.7777777777777778]","[0.7608695652173914, 0.8043478260869565, 0.6956521739130435, 0.8043478260869565, 0.7555555555555555, 0.7777777777777778, 0.7777777777777778, 0.8222222222222222, 0.8, 0.7777777777777778]","[0.7608695652173914, 0.8043478260869565, 0.6956521739130435, 0.8043478260869565, 0.7555555555555555, 0.7777777777777778, 0.7777777777777778, 0.8222222222222222, 0.8, 0.7777777777777778]","[0.7608695652173914, 0.8043478260869565, 0.6956521739130435, 0.8043478260869565, 0.7555555555555555, 0.7777777777777778, 0.7777777777777778, 0.8222222222222222, 0.8, 0.7777777777777778]","[0.7886904761904763, 0.8127042483660131, 0.7083333333333333, 0.815467212526036, 0.7555555555555555, 0.7763257575757576, 0.7883771929824561, 0.8201500297088533, 0.7916666666666666, 0.785873440285205]","[0.7583333333333332, 0.7944444444444444, 0.6674242424242425, 0.7878787878787878, 0.7483766233766235, 0.7679292929292929, 0.7568181818181818, 0.8045454545454547, 0.787878787878788, 0.7623737373737374]","[0.7622739329635881, 0.8015512125902993, 0.6729166666666666, 0.7932469040247678, 0.7479252598581092, 0.7710338680926917, 0.7665634674922601, 0.8102923585702224, 0.7887894288150042, 0.7658955627705628]","[0.7789855072463768, 0.8070296959363455, 0.7072463768115942, 0.8136661576559274, 0.76, 0.783080808080808, 0.7857374918778428, 0.8220406681190996, 0.8, 0.7811645870469399]","[0.7608695652173914, 0.8043478260869565, 0.6956521739130435, 0.8043478260869565, 0.7555555555555555, 0.7777777777777778, 0.7777777777777778, 0.8222222222222222, 0.8, 0.7777777777777778]","[0.7605518918862246, 0.8036453425763898, 0.6865942028985507, 0.8011929600215373, 0.7539412271535683, 0.779520697167756, 0.774984520123839, 0.8199776401788786, 0.7991474850809889, 0.7724206349206348]","[array([[12,  0,  0,  0],
       [ 2,  6,  0,  1],
       [ 0,  0,  7,  3],
       [ 0,  0,  5, 10]]), array([[10,  1,  0,  1],
       [ 2,  7,  0,  0],
       [ 0,  0,  7,  3],
       [ 0,  0,  2, 13]]), array([[ 7,  4,  0,  0],
       [ 3,  6,  0,  1],
       [ 0,  0,  5,  5],
       [ 0,  0,  1, 14]]), array([[ 9,  1,  1,  0],
       [ 3,  6,  0,  1],
       [ 0,  0,  8,  2],
       [ 1,  0,  0, 14]]), array([[ 7,  4,  0,  0],
       [ 2,  8,  0,  0],
       [ 0,  0,  7,  3],
       [ 0,  0,  2, 12]]), array([[ 8,  3,  0,  0],
       [ 3,  7,  0,  0],
       [ 0,  0,  7,  2],
       [ 0,  1,  1, 13]]), array([[ 8,  2,  1,  0],
       [ 1,  6,  0,  2],
       [ 0,  0,  7,  3],
       [ 0,  0,  1, 14]]), array([[ 9,  2,  0,  0],
       [ 2,  6,  0,  1],
       [ 0,  0,  8,  2],
       [ 0,  0,  1, 14]]), array([[ 9,  2,  0,  0],
       [ 3,  6,  0,  0],
       [ 0,  0,  8,  2],
       [ 0,  0,  2, 13]]), array([[ 8,  1,  0,  2],
       [ 3,  5,  0,  1],
       [ 0,  0,  9,  1],
       [ 0,  0,  2, 13]])]"
37,"[1.0, 1.0, 1.0, 1.0, 1.0, 1.0, 1.0, 1.0, 1.0, 1.0]","[1.0, 1.0, 1.0, 1.0, 1.0, 1.0, 1.0, 1.0, 1.0, 1.0]","[1.0, 1.0, 1.0, 1.0, 1.0, 1.0, 1.0, 1.0, 1.0, 1.0]","[1.0, 1.0, 1.0, 1.0, 1.0, 1.0, 1.0, 1.0, 1.0, 1.0]","[1.0, 1.0, 1.0, 1.0, 1.0, 1.0, 1.0, 1.0, 1.0, 1.0]","[1.0, 1.0, 1.0, 1.0, 1.0, 1.0, 1.0, 1.0, 1.0, 1.0]","[1.0, 1.0, 1.0, 1.0, 1.0, 1.0, 1.0, 1.0, 1.0, 1.0]","[1.0, 1.0, 1.0, 1.0, 1.0, 1.0, 1.0, 1.0, 1.0, 1.0]","[1.0, 1.0, 1.0, 1.0, 1.0, 1.0, 1.0, 1.0, 1.0, 1.0]","[1.0, 1.0, 1.0, 1.0, 1.0, 1.0, 1.0, 1.0, 1.0, 1.0]","[array([[100,   0,   0,   0],
       [  0, 134,   0,   0],
       [  0,   0,  89,   0],
       [  0,   0,   0, 134]]), array([[100,   0,   0,   0],
       [  0, 134,   0,   0],
       [  0,   0,  89,   0],
       [  0,   0,   0, 134]]), array([[101,   0,   0,   0],
       [  0, 134,   0,   0],
       [  0,   0,  89,   0],
       [  0,   0,   0, 134]]), array([[101,   0,   0,   0],
       [  0, 134,   0,   0],
       [  0,   0,  89,   0],
       [  0,   0,   0, 134]]), array([[101,   0,   0,   0],
       [  0, 135,   0,   0],
       [  0,   0,  89,   0],
       [  0,   0,   0, 135]]), array([[101,   0,   0,   0],
       [  0, 134,   0,   0],
       [  0,   0,  90,   0],
       [  0,   0,   0, 134]]), array([[101,   0,   0,   0],
       [  0, 134,   0,   0],
       [  0,   0,  89,   0],
       [  0,   0,   0, 134]]), array([[101,   0,   0,   0],
       [  0, 134,   0,   0],
       [  0,   0,  89,   0],
       [  0,   0,   0, 134]]), array([[101,   0,   0,   0],
       [  0, 134,   0,   0],
       [  0,   0,  89,   0],
       [  0,   0,   0, 134]]), array([[101,   0,   0,   0],
       [  0, 134,   0,   0],
       [  0,   0,  89,   0],
       [  0,   0,   0, 134]])]","[0.7391304347826086, 0.8043478260869565, 0.7391304347826086, 0.8260869565217391, 0.7777777777777778, 0.8222222222222222, 0.7333333333333333, 0.8222222222222222, 0.7555555555555555, 0.7777777777777778]","[0.7391304347826086, 0.8043478260869565, 0.7391304347826086, 0.8260869565217391, 0.7777777777777778, 0.8222222222222222, 0.7333333333333333, 0.8222222222222222, 0.7555555555555555, 0.7777777777777778]","[0.7391304347826086, 0.8043478260869565, 0.7391304347826086, 0.8260869565217391, 0.7777777777777778, 0.8222222222222222, 0.7333333333333333, 0.8222222222222222, 0.7555555555555555, 0.7777777777777778]","[0.7391304347826086, 0.8043478260869565, 0.7391304347826086, 0.8260869565217391, 0.7777777777777778, 0.8222222222222222, 0.7333333333333333, 0.8222222222222222, 0.7555555555555555, 0.7777777777777778]","[0.7744047619047619, 0.8092171717171717, 0.7381944444444444, 0.8270944741532977, 0.7762626262626262, 0.8193181818181818, 0.7271398192450824, 0.8287456008044243, 0.7395833333333334, 0.785873440285205]","[0.7305555555555555, 0.8055555555555556, 0.7174242424242424, 0.812878787878788, 0.7711038961038962, 0.8095959595959596, 0.7012626262626263, 0.7994949494949495, 0.7373737373737373, 0.7623737373737374]","[0.7322983529880082, 0.8056765335498635, 0.7232323232323232, 0.8180322966507176, 0.7720594589923083, 0.8126411855064606, 0.7052443944084812, 0.8042763157894737, 0.7376385336743393, 0.7658955627705628]","[0.7640786749482402, 0.8073232323232323, 0.7416666666666667, 0.8265132139812446, 0.7789001122334456, 0.8238383838383839, 0.72956465237167, 0.8267415228199542, 0.7546296296296295, 0.7811645870469399]","[0.7391304347826086, 0.8043478260869565, 0.7391304347826086, 0.8260869565217391, 0.7777777777777778, 0.8222222222222222, 0.7333333333333333, 0.8222222222222222, 0.7555555555555555, 0.7777777777777778]","[0.7348630879365511, 0.8042403099033638, 0.7356170399648662, 0.8242276887871853, 0.776769509981851, 0.821336706725701, 0.7226969384244926, 0.8158382066276804, 0.75436203466894, 0.7724206349206348]","[array([[12,  0,  0,  0],
       [ 3,  5,  0,  1],
       [ 0,  0,  7,  3],
       [ 0,  0,  5, 10]]), array([[10,  1,  0,  1],
       [ 1,  8,  0,  0],
       [ 0,  0,  7,  3],
       [ 0,  1,  2, 12]]), array([[ 7,  4,  0,  0],
       [ 3,  6,  0,  1],
       [ 0,  0,  7,  3],
       [ 0,  0,  1, 14]]), array([[ 9,  1,  1,  0],
       [ 2,  7,  0,  1],
       [ 0,  0,  8,  2],
       [ 0,  1,  0, 14]]), array([[ 8,  3,  0,  0],
       [ 2,  8,  0,  0],
       [ 0,  0,  7,  3],
       [ 0,  0,  2, 12]]), array([[ 8,  3,  0,  0],
       [ 2,  8,  0,  0],
       [ 0,  0,  7,  2],
       [ 0,  0,  1, 14]]), array([[ 8,  2,  1,  0],
       [ 3,  4,  0,  2],
       [ 0,  0,  7,  3],
       [ 0,  0,  1, 14]]), array([[10,  1,  0,  0],
       [ 3,  5,  0,  1],
       [ 0,  0,  8,  2],
       [ 0,  0,  1, 14]]), array([[ 8,  3,  0,  0],
       [ 4,  5,  0,  0],
       [ 0,  0,  8,  2],
       [ 0,  0,  2, 13]]), array([[ 8,  1,  0,  2],
       [ 3,  5,  0,  1],
       [ 0,  0,  9,  1],
       [ 0,  0,  2, 13]])]"
38,"[1.0, 1.0, 1.0, 1.0, 1.0, 1.0, 1.0, 1.0, 1.0, 1.0]","[1.0, 1.0, 1.0, 1.0, 1.0, 1.0, 1.0, 1.0, 1.0, 1.0]","[1.0, 1.0, 1.0, 1.0, 1.0, 1.0, 1.0, 1.0, 1.0, 1.0]","[1.0, 1.0, 1.0, 1.0, 1.0, 1.0, 1.0, 1.0, 1.0, 1.0]","[1.0, 1.0, 1.0, 1.0, 1.0, 1.0, 1.0, 1.0, 1.0, 1.0]","[1.0, 1.0, 1.0, 1.0, 1.0, 1.0, 1.0, 1.0, 1.0, 1.0]","[1.0, 1.0, 1.0, 1.0, 1.0, 1.0, 1.0, 1.0, 1.0, 1.0]","[1.0, 1.0, 1.0, 1.0, 1.0, 1.0, 1.0, 1.0, 1.0, 1.0]","[1.0, 1.0, 1.0, 1.0, 1.0, 1.0, 1.0, 1.0, 1.0, 1.0]","[1.0, 1.0, 1.0, 1.0, 1.0, 1.0, 1.0, 1.0, 1.0, 1.0]","[array([[100,   0,   0,   0],
       [  0, 134,   0,   0],
       [  0,   0,  89,   0],
       [  0,   0,   0, 134]]), array([[100,   0,   0,   0],
       [  0, 134,   0,   0],
       [  0,   0,  89,   0],
       [  0,   0,   0, 134]]), array([[101,   0,   0,   0],
       [  0, 134,   0,   0],
       [  0,   0,  89,   0],
       [  0,   0,   0, 134]]), array([[101,   0,   0,   0],
       [  0, 134,   0,   0],
       [  0,   0,  89,   0],
       [  0,   0,   0, 134]]), array([[101,   0,   0,   0],
       [  0, 135,   0,   0],
       [  0,   0,  89,   0],
       [  0,   0,   0, 135]]), array([[101,   0,   0,   0],
       [  0, 134,   0,   0],
       [  0,   0,  90,   0],
       [  0,   0,   0, 134]]), array([[101,   0,   0,   0],
       [  0, 134,   0,   0],
       [  0,   0,  89,   0],
       [  0,   0,   0, 134]]), array([[101,   0,   0,   0],
       [  0, 134,   0,   0],
       [  0,   0,  89,   0],
       [  0,   0,   0, 134]]), array([[101,   0,   0,   0],
       [  0, 134,   0,   0],
       [  0,   0,  89,   0],
       [  0,   0,   0, 134]]), array([[101,   0,   0,   0],
       [  0, 134,   0,   0],
       [  0,   0,  89,   0],
       [  0,   0,   0, 134]])]","[0.7391304347826086, 0.782608695652174, 0.717391304347826, 0.8043478260869565, 0.7777777777777778, 0.8444444444444444, 0.7777777777777778, 0.8222222222222222, 0.7777777777777778, 0.7777777777777778]","[0.7391304347826086, 0.782608695652174, 0.717391304347826, 0.8043478260869565, 0.7777777777777778, 0.8444444444444444, 0.7777777777777778, 0.8222222222222222, 0.7777777777777778, 0.7777777777777778]","[0.7391304347826086, 0.782608695652174, 0.717391304347826, 0.8043478260869565, 0.7777777777777778, 0.8444444444444444, 0.7777777777777778, 0.8222222222222222, 0.7777777777777778, 0.7777777777777778]","[0.7391304347826086, 0.782608695652174, 0.717391304347826, 0.8043478260869565, 0.7777777777777778, 0.8444444444444444, 0.7777777777777778, 0.8222222222222222, 0.7777777777777778, 0.7777777777777778]","[0.7461219336219337, 0.7847222222222222, 0.7234962406015037, 0.815467212526036, 0.7762626262626262, 0.8486111111111111, 0.8017857142857143, 0.8287456008044243, 0.7651515151515152, 0.785873440285205]","[0.7444444444444444, 0.7777777777777777, 0.6924242424242424, 0.7878787878787878, 0.7711038961038962, 0.8457070707070707, 0.7545454545454546, 0.7994949494949495, 0.7651515151515152, 0.7623737373737374]","[0.7433404509866279, 0.7805366911903415, 0.6990196078431372, 0.7932469040247678, 0.7720594589923083, 0.8434343434343434, 0.7684523809523809, 0.8042763157894737, 0.7651515151515152, 0.7658955627705628]","[0.7490589121023904, 0.7832125603864735, 0.724436090225564, 0.8136661576559274, 0.7789001122334456, 0.8506172839506173, 0.7914285714285714, 0.8267415228199542, 0.7777777777777778, 0.7811645870469399]","[0.7391304347826086, 0.782608695652174, 0.717391304347826, 0.8043478260869565, 0.7777777777777778, 0.8444444444444444, 0.7777777777777778, 0.8222222222222222, 0.7777777777777778, 0.7777777777777778]","[0.7422444904030199, 0.7822027017051746, 0.7118499573742539, 0.8011929600215373, 0.776769509981851, 0.8440404040404041, 0.7743386243386243, 0.8158382066276804, 0.7777777777777778, 0.7724206349206348]","[array([[10,  2,  0,  0],
       [ 1,  7,  0,  1],
       [ 0,  0,  7,  3],
       [ 0,  0,  5, 10]]), array([[10,  1,  0,  1],
       [ 2,  7,  0,  0],
       [ 0,  0,  7,  3],
       [ 0,  1,  2, 12]]), array([[ 7,  4,  0,  0],
       [ 3,  6,  0,  1],
       [ 0,  0,  6,  4],
       [ 0,  0,  1, 14]]), array([[ 9,  1,  1,  0],
       [ 3,  6,  0,  1],
       [ 0,  0,  8,  2],
       [ 1,  0,  0, 14]]), array([[ 8,  3,  0,  0],
       [ 2,  8,  0,  0],
       [ 0,  0,  7,  3],
       [ 0,  0,  2, 12]]), array([[ 8,  2,  0,  1],
       [ 1,  9,  0,  0],
       [ 0,  0,  8,  1],
       [ 0,  1,  1, 13]]), array([[ 9,  1,  1,  0],
       [ 1,  6,  0,  2],
       [ 0,  0,  6,  4],
       [ 0,  0,  1, 14]]), array([[10,  1,  0,  0],
       [ 3,  5,  0,  1],
       [ 0,  0,  8,  2],
       [ 0,  0,  1, 14]]), array([[ 8,  3,  0,  0],
       [ 3,  6,  0,  0],
       [ 0,  0,  8,  2],
       [ 0,  0,  2, 13]]), array([[ 8,  1,  0,  2],
       [ 3,  5,  0,  1],
       [ 0,  0,  9,  1],
       [ 0,  0,  2, 13]])]"
