n_neighbors value,Train_Accuracy,Train_Precision_micro,Train_Recall_micro,Train_f1_micro,Train_Precision_macro,Train_Recall_macro,Train_f1_macro,Train_Precision_weighted,Train_Recall_weighted,Train_f1_weighted,Train_Confusion_Matrix,Test_Accuracy,Test_Precision_micro,Test_Recall_micro,Test_f1_micro,Test_Precision_macro,Test_Recall_macro,Test_f1_macro,Test_Precision_weighted,Test_Recall_weighted,Test_f1_weighted,Test_Confusion_Matrix
1,"[1.0, 1.0, 1.0, 1.0, 1.0, 1.0, 1.0, 1.0, 1.0, 1.0]","[1.0, 1.0, 1.0, 1.0, 1.0, 1.0, 1.0, 1.0, 1.0, 1.0]","[1.0, 1.0, 1.0, 1.0, 1.0, 1.0, 1.0, 1.0, 1.0, 1.0]","[1.0, 1.0, 1.0, 1.0, 1.0, 1.0, 1.0, 1.0, 1.0, 1.0]","[1.0, 1.0, 1.0, 1.0, 1.0, 1.0, 1.0, 1.0, 1.0, 1.0]","[1.0, 1.0, 1.0, 1.0, 1.0, 1.0, 1.0, 1.0, 1.0, 1.0]","[1.0, 1.0, 1.0, 1.0, 1.0, 1.0, 1.0, 1.0, 1.0, 1.0]","[1.0, 1.0, 1.0, 1.0, 1.0, 1.0, 1.0, 1.0, 1.0, 1.0]","[1.0, 1.0, 1.0, 1.0, 1.0, 1.0, 1.0, 1.0, 1.0, 1.0]","[1.0, 1.0, 1.0, 1.0, 1.0, 1.0, 1.0, 1.0, 1.0, 1.0]","[array([[100,   0,   0,   0],
       [  0, 134,   0,   0],
       [  0,   0,  89,   0],
       [  0,   0,   0, 134]]), array([[100,   0,   0,   0],
       [  0, 134,   0,   0],
       [  0,   0,  89,   0],
       [  0,   0,   0, 134]]), array([[101,   0,   0,   0],
       [  0, 134,   0,   0],
       [  0,   0,  89,   0],
       [  0,   0,   0, 134]]), array([[101,   0,   0,   0],
       [  0, 134,   0,   0],
       [  0,   0,  89,   0],
       [  0,   0,   0, 134]]), array([[101,   0,   0,   0],
       [  0, 135,   0,   0],
       [  0,   0,  89,   0],
       [  0,   0,   0, 135]]), array([[101,   0,   0,   0],
       [  0, 134,   0,   0],
       [  0,   0,  90,   0],
       [  0,   0,   0, 134]]), array([[101,   0,   0,   0],
       [  0, 134,   0,   0],
       [  0,   0,  89,   0],
       [  0,   0,   0, 134]]), array([[101,   0,   0,   0],
       [  0, 134,   0,   0],
       [  0,   0,  89,   0],
       [  0,   0,   0, 134]]), array([[101,   0,   0,   0],
       [  0, 134,   0,   0],
       [  0,   0,  89,   0],
       [  0,   0,   0, 134]]), array([[101,   0,   0,   0],
       [  0, 134,   0,   0],
       [  0,   0,  89,   0],
       [  0,   0,   0, 134]])]","[0.6086956521739131, 0.8043478260869565, 0.8260869565217391, 0.782608695652174, 0.8, 0.8, 0.6666666666666666, 0.7333333333333333, 0.6666666666666666, 0.7333333333333333]","[0.6086956521739131, 0.8043478260869565, 0.8260869565217391, 0.782608695652174, 0.8, 0.8, 0.6666666666666666, 0.7333333333333333, 0.6666666666666666, 0.7333333333333333]","[0.6086956521739131, 0.8043478260869565, 0.8260869565217391, 0.782608695652174, 0.8, 0.8, 0.6666666666666666, 0.7333333333333333, 0.6666666666666666, 0.7333333333333333]","[0.6086956521739131, 0.8043478260869565, 0.8260869565217391, 0.782608695652174, 0.8, 0.8, 0.6666666666666666, 0.7333333333333333, 0.6666666666666666, 0.7333333333333333]","[0.6327380952380952, 0.8082837301587301, 0.8212121212121212, 0.788888888888889, 0.8062499999999999, 0.808603896103896, 0.6674185463659148, 0.7899305555555556, 0.7404401154401155, 0.7392857142857143]","[0.5944444444444444, 0.7875, 0.8212121212121212, 0.7856060606060606, 0.7938311688311689, 0.8055555555555556, 0.6429292929292929, 0.7, 0.6472222222222223, 0.7212121212121212]","[0.5988011988011989, 0.7929264072090898, 0.8212121212121212, 0.786250953470633, 0.7969931700816258, 0.7917127534774594, 0.6498415155535898, 0.6923400673400673, 0.6196447230929989, 0.7267005610098176]","[0.6290890269151139, 0.806698585231194, 0.8260869565217391, 0.783816425120773, 0.8044444444444445, 0.8207455507455508, 0.6685157337788916, 0.775462962962963, 0.7288920955587623, 0.7380952380952381]","[0.6086956521739131, 0.8043478260869565, 0.8260869565217391, 0.782608695652174, 0.8, 0.8, 0.6666666666666666, 0.7333333333333333, 0.6666666666666666, 0.7333333333333333]","[0.6069365417191505, 0.801150268864523, 0.8260869565217391, 0.7823102178887673, 0.7993928961445204, 0.7953052902072509, 0.6618883810834275, 0.7099513655069211, 0.6362010913735051, 0.7327021972884527]","[array([[10,  1,  1,  0],
       [ 4,  4,  0,  1],
       [ 0,  0,  5,  5],
       [ 0,  0,  6,  9]]), array([[11,  1,  0,  0],
       [ 3,  6,  0,  0],
       [ 0,  0,  7,  3],
       [ 0,  0,  2, 13]]), array([[ 9,  2,  0,  0],
       [ 2,  8,  0,  0],
       [ 0,  0,  8,  2],
       [ 0,  0,  2, 13]]), array([[10,  1,  0,  0],
       [ 1,  8,  0,  1],
       [ 0,  0,  7,  3],
       [ 1,  0,  3, 11]]), array([[ 9,  1,  0,  1],
       [ 3,  7,  0,  0],
       [ 0,  0,  8,  2],
       [ 0,  0,  2, 12]]), array([[11,  0,  0,  0],
       [ 4,  6,  0,  0],
       [ 0,  0,  8,  1],
       [ 0,  1,  3, 11]]), array([[ 8,  2,  1,  0],
       [ 2,  4,  0,  3],
       [ 0,  0,  6,  4],
       [ 0,  1,  2, 12]]), array([[11,  0,  0,  0],
       [ 5,  3,  0,  1],
       [ 0,  0,  6,  4],
       [ 0,  0,  2, 13]]), array([[11,  0,  0,  0],
       [ 6,  2,  0,  1],
       [ 0,  0,  7,  3],
       [ 1,  0,  4, 10]]), array([[ 9,  1,  1,  0],
       [ 2,  6,  0,  1],
       [ 1,  0,  6,  3],
       [ 0,  0,  3, 12]])]"
2,"[1.0, 1.0, 1.0, 1.0, 1.0, 1.0, 1.0, 1.0, 1.0, 1.0]","[1.0, 1.0, 1.0, 1.0, 1.0, 1.0, 1.0, 1.0, 1.0, 1.0]","[1.0, 1.0, 1.0, 1.0, 1.0, 1.0, 1.0, 1.0, 1.0, 1.0]","[1.0, 1.0, 1.0, 1.0, 1.0, 1.0, 1.0, 1.0, 1.0, 1.0]","[1.0, 1.0, 1.0, 1.0, 1.0, 1.0, 1.0, 1.0, 1.0, 1.0]","[1.0, 1.0, 1.0, 1.0, 1.0, 1.0, 1.0, 1.0, 1.0, 1.0]","[1.0, 1.0, 1.0, 1.0, 1.0, 1.0, 1.0, 1.0, 1.0, 1.0]","[1.0, 1.0, 1.0, 1.0, 1.0, 1.0, 1.0, 1.0, 1.0, 1.0]","[1.0, 1.0, 1.0, 1.0, 1.0, 1.0, 1.0, 1.0, 1.0, 1.0]","[1.0, 1.0, 1.0, 1.0, 1.0, 1.0, 1.0, 1.0, 1.0, 1.0]","[array([[100,   0,   0,   0],
       [  0, 134,   0,   0],
       [  0,   0,  89,   0],
       [  0,   0,   0, 134]]), array([[100,   0,   0,   0],
       [  0, 134,   0,   0],
       [  0,   0,  89,   0],
       [  0,   0,   0, 134]]), array([[101,   0,   0,   0],
       [  0, 134,   0,   0],
       [  0,   0,  89,   0],
       [  0,   0,   0, 134]]), array([[101,   0,   0,   0],
       [  0, 134,   0,   0],
       [  0,   0,  89,   0],
       [  0,   0,   0, 134]]), array([[101,   0,   0,   0],
       [  0, 135,   0,   0],
       [  0,   0,  89,   0],
       [  0,   0,   0, 135]]), array([[101,   0,   0,   0],
       [  0, 134,   0,   0],
       [  0,   0,  90,   0],
       [  0,   0,   0, 134]]), array([[101,   0,   0,   0],
       [  0, 134,   0,   0],
       [  0,   0,  89,   0],
       [  0,   0,   0, 134]]), array([[101,   0,   0,   0],
       [  0, 134,   0,   0],
       [  0,   0,  89,   0],
       [  0,   0,   0, 134]]), array([[101,   0,   0,   0],
       [  0, 134,   0,   0],
       [  0,   0,  89,   0],
       [  0,   0,   0, 134]]), array([[101,   0,   0,   0],
       [  0, 134,   0,   0],
       [  0,   0,  89,   0],
       [  0,   0,   0, 134]])]","[0.6086956521739131, 0.8043478260869565, 0.8260869565217391, 0.782608695652174, 0.8, 0.8, 0.6666666666666666, 0.7333333333333333, 0.6666666666666666, 0.7333333333333333]","[0.6086956521739131, 0.8043478260869565, 0.8260869565217391, 0.782608695652174, 0.8, 0.8, 0.6666666666666666, 0.7333333333333333, 0.6666666666666666, 0.7333333333333333]","[0.6086956521739131, 0.8043478260869565, 0.8260869565217391, 0.782608695652174, 0.8, 0.8, 0.6666666666666666, 0.7333333333333333, 0.6666666666666666, 0.7333333333333333]","[0.6086956521739131, 0.8043478260869565, 0.8260869565217391, 0.782608695652174, 0.8, 0.8, 0.6666666666666666, 0.7333333333333333, 0.6666666666666666, 0.7333333333333333]","[0.6327380952380952, 0.8082837301587301, 0.8212121212121212, 0.788888888888889, 0.8062499999999999, 0.808603896103896, 0.6674185463659148, 0.7899305555555556, 0.7404401154401155, 0.7392857142857143]","[0.5944444444444444, 0.7875, 0.8212121212121212, 0.7856060606060606, 0.7938311688311689, 0.8055555555555556, 0.6429292929292929, 0.7, 0.6472222222222223, 0.7212121212121212]","[0.5988011988011989, 0.7929264072090898, 0.8212121212121212, 0.786250953470633, 0.7969931700816258, 0.7917127534774594, 0.6498415155535898, 0.6923400673400673, 0.6196447230929989, 0.7267005610098176]","[0.6290890269151139, 0.806698585231194, 0.8260869565217391, 0.783816425120773, 0.8044444444444445, 0.8207455507455508, 0.6685157337788916, 0.775462962962963, 0.7288920955587623, 0.7380952380952381]","[0.6086956521739131, 0.8043478260869565, 0.8260869565217391, 0.782608695652174, 0.8, 0.8, 0.6666666666666666, 0.7333333333333333, 0.6666666666666666, 0.7333333333333333]","[0.6069365417191505, 0.801150268864523, 0.8260869565217391, 0.7823102178887673, 0.7993928961445204, 0.7953052902072509, 0.6618883810834275, 0.7099513655069211, 0.6362010913735051, 0.7327021972884527]","[array([[10,  1,  1,  0],
       [ 4,  4,  0,  1],
       [ 0,  0,  5,  5],
       [ 0,  0,  6,  9]]), array([[11,  1,  0,  0],
       [ 3,  6,  0,  0],
       [ 0,  0,  7,  3],
       [ 0,  0,  2, 13]]), array([[ 9,  2,  0,  0],
       [ 2,  8,  0,  0],
       [ 0,  0,  8,  2],
       [ 0,  0,  2, 13]]), array([[10,  1,  0,  0],
       [ 1,  8,  0,  1],
       [ 0,  0,  7,  3],
       [ 1,  0,  3, 11]]), array([[ 9,  1,  0,  1],
       [ 3,  7,  0,  0],
       [ 0,  0,  8,  2],
       [ 0,  0,  2, 12]]), array([[11,  0,  0,  0],
       [ 4,  6,  0,  0],
       [ 0,  0,  8,  1],
       [ 0,  1,  3, 11]]), array([[ 8,  2,  1,  0],
       [ 2,  4,  0,  3],
       [ 0,  0,  6,  4],
       [ 0,  1,  2, 12]]), array([[11,  0,  0,  0],
       [ 5,  3,  0,  1],
       [ 0,  0,  6,  4],
       [ 0,  0,  2, 13]]), array([[11,  0,  0,  0],
       [ 6,  2,  0,  1],
       [ 0,  0,  7,  3],
       [ 1,  0,  4, 10]]), array([[ 9,  1,  1,  0],
       [ 2,  6,  0,  1],
       [ 1,  0,  6,  3],
       [ 0,  0,  3, 12]])]"
3,"[1.0, 1.0, 1.0, 1.0, 1.0, 1.0, 1.0, 1.0, 1.0, 1.0]","[1.0, 1.0, 1.0, 1.0, 1.0, 1.0, 1.0, 1.0, 1.0, 1.0]","[1.0, 1.0, 1.0, 1.0, 1.0, 1.0, 1.0, 1.0, 1.0, 1.0]","[1.0, 1.0, 1.0, 1.0, 1.0, 1.0, 1.0, 1.0, 1.0, 1.0]","[1.0, 1.0, 1.0, 1.0, 1.0, 1.0, 1.0, 1.0, 1.0, 1.0]","[1.0, 1.0, 1.0, 1.0, 1.0, 1.0, 1.0, 1.0, 1.0, 1.0]","[1.0, 1.0, 1.0, 1.0, 1.0, 1.0, 1.0, 1.0, 1.0, 1.0]","[1.0, 1.0, 1.0, 1.0, 1.0, 1.0, 1.0, 1.0, 1.0, 1.0]","[1.0, 1.0, 1.0, 1.0, 1.0, 1.0, 1.0, 1.0, 1.0, 1.0]","[1.0, 1.0, 1.0, 1.0, 1.0, 1.0, 1.0, 1.0, 1.0, 1.0]","[array([[100,   0,   0,   0],
       [  0, 134,   0,   0],
       [  0,   0,  89,   0],
       [  0,   0,   0, 134]]), array([[100,   0,   0,   0],
       [  0, 134,   0,   0],
       [  0,   0,  89,   0],
       [  0,   0,   0, 134]]), array([[101,   0,   0,   0],
       [  0, 134,   0,   0],
       [  0,   0,  89,   0],
       [  0,   0,   0, 134]]), array([[101,   0,   0,   0],
       [  0, 134,   0,   0],
       [  0,   0,  89,   0],
       [  0,   0,   0, 134]]), array([[101,   0,   0,   0],
       [  0, 135,   0,   0],
       [  0,   0,  89,   0],
       [  0,   0,   0, 135]]), array([[101,   0,   0,   0],
       [  0, 134,   0,   0],
       [  0,   0,  90,   0],
       [  0,   0,   0, 134]]), array([[101,   0,   0,   0],
       [  0, 134,   0,   0],
       [  0,   0,  89,   0],
       [  0,   0,   0, 134]]), array([[101,   0,   0,   0],
       [  0, 134,   0,   0],
       [  0,   0,  89,   0],
       [  0,   0,   0, 134]]), array([[101,   0,   0,   0],
       [  0, 134,   0,   0],
       [  0,   0,  89,   0],
       [  0,   0,   0, 134]]), array([[101,   0,   0,   0],
       [  0, 134,   0,   0],
       [  0,   0,  89,   0],
       [  0,   0,   0, 134]])]","[0.7391304347826086, 0.7608695652173914, 0.7391304347826086, 0.7608695652173914, 0.7777777777777778, 0.8222222222222222, 0.7111111111111111, 0.7555555555555555, 0.7777777777777778, 0.6666666666666666]","[0.7391304347826086, 0.7608695652173914, 0.7391304347826086, 0.7608695652173914, 0.7777777777777778, 0.8222222222222222, 0.7111111111111111, 0.7555555555555555, 0.7777777777777778, 0.6666666666666666]","[0.7391304347826086, 0.7608695652173914, 0.7391304347826086, 0.7608695652173914, 0.7777777777777778, 0.8222222222222222, 0.7111111111111111, 0.7555555555555555, 0.7777777777777778, 0.6666666666666666]","[0.7391304347826086, 0.7608695652173914, 0.7391304347826086, 0.7608695652173914, 0.7777777777777778, 0.8222222222222222, 0.7111111111111111, 0.7555555555555555, 0.7777777777777778, 0.6666666666666666]","[0.7721153846153846, 0.7630090497737557, 0.7445075757575756, 0.752922077922078, 0.7805555555555556, 0.817063492063492, 0.7198547979797979, 0.8013888888888889, 0.8163194444444444, 0.6764705882352942]","[0.7416666666666666, 0.7486111111111111, 0.7318181818181817, 0.759090909090909, 0.7737012987012987, 0.8217171717171716, 0.7068181818181818, 0.7277777777777777, 0.7638888888888888, 0.6457070707070707]","[0.7410628019323672, 0.7522712418300654, 0.7350241545893719, 0.7545155993431855, 0.7754675293931981, 0.8187323005164084, 0.710752688172043, 0.729020979020979, 0.7664856585909217, 0.6530797101449275]","[0.7659698996655517, 0.7579800314774738, 0.7488471673254281, 0.763099943534726, 0.7775308641975308, 0.8227513227513228, 0.7211980920314253, 0.7866666666666666, 0.8075617283950618, 0.6760348583877995]","[0.7391304347826086, 0.7608695652173914, 0.7391304347826086, 0.7608695652173914, 0.7777777777777778, 0.8222222222222222, 0.7111111111111111, 0.7555555555555555, 0.7777777777777778, 0.6666666666666666]","[0.738122243226213, 0.7560287013356067, 0.7412308338584331, 0.7605482972799315, 0.7760610922608872, 0.8217557887722805, 0.7135961768219834, 0.7406889406889406, 0.7724434543147993, 0.6644927536231884]","[array([[12,  0,  0,  0],
       [ 3,  6,  0,  0],
       [ 0,  0,  7,  3],
       [ 0,  0,  6,  9]]), array([[11,  1,  0,  0],
       [ 2,  7,  0,  0],
       [ 0,  0,  5,  5],
       [ 0,  0,  3, 12]]), array([[ 8,  3,  0,  0],
       [ 3,  7,  0,  0],
       [ 0,  0,  7,  3],
       [ 1,  1,  1, 12]]), array([[ 7,  4,  0,  0],
       [ 2,  7,  0,  1],
       [ 0,  0,  9,  1],
       [ 1,  0,  2, 12]]), array([[10,  1,  0,  0],
       [ 2,  8,  0,  0],
       [ 0,  0,  6,  4],
       [ 0,  0,  3, 11]]), array([[10,  1,  0,  0],
       [ 2,  8,  0,  0],
       [ 0,  0,  7,  2],
       [ 0,  1,  2, 12]]), array([[ 8,  2,  1,  0],
       [ 1,  6,  0,  2],
       [ 0,  0,  7,  3],
       [ 0,  1,  3, 11]]), array([[11,  0,  0,  0],
       [ 4,  4,  0,  1],
       [ 0,  0,  6,  4],
       [ 0,  0,  2, 13]]), array([[11,  0,  0,  0],
       [ 4,  5,  0,  0],
       [ 0,  0,  7,  3],
       [ 1,  0,  2, 12]]), array([[ 8,  1,  2,  0],
       [ 3,  5,  0,  1],
       [ 1,  0,  5,  4],
       [ 0,  0,  3, 12]])]"
4,"[1.0, 1.0, 1.0, 1.0, 1.0, 1.0, 1.0, 1.0, 1.0, 1.0]","[1.0, 1.0, 1.0, 1.0, 1.0, 1.0, 1.0, 1.0, 1.0, 1.0]","[1.0, 1.0, 1.0, 1.0, 1.0, 1.0, 1.0, 1.0, 1.0, 1.0]","[1.0, 1.0, 1.0, 1.0, 1.0, 1.0, 1.0, 1.0, 1.0, 1.0]","[1.0, 1.0, 1.0, 1.0, 1.0, 1.0, 1.0, 1.0, 1.0, 1.0]","[1.0, 1.0, 1.0, 1.0, 1.0, 1.0, 1.0, 1.0, 1.0, 1.0]","[1.0, 1.0, 1.0, 1.0, 1.0, 1.0, 1.0, 1.0, 1.0, 1.0]","[1.0, 1.0, 1.0, 1.0, 1.0, 1.0, 1.0, 1.0, 1.0, 1.0]","[1.0, 1.0, 1.0, 1.0, 1.0, 1.0, 1.0, 1.0, 1.0, 1.0]","[1.0, 1.0, 1.0, 1.0, 1.0, 1.0, 1.0, 1.0, 1.0, 1.0]","[array([[100,   0,   0,   0],
       [  0, 134,   0,   0],
       [  0,   0,  89,   0],
       [  0,   0,   0, 134]]), array([[100,   0,   0,   0],
       [  0, 134,   0,   0],
       [  0,   0,  89,   0],
       [  0,   0,   0, 134]]), array([[101,   0,   0,   0],
       [  0, 134,   0,   0],
       [  0,   0,  89,   0],
       [  0,   0,   0, 134]]), array([[101,   0,   0,   0],
       [  0, 134,   0,   0],
       [  0,   0,  89,   0],
       [  0,   0,   0, 134]]), array([[101,   0,   0,   0],
       [  0, 135,   0,   0],
       [  0,   0,  89,   0],
       [  0,   0,   0, 135]]), array([[101,   0,   0,   0],
       [  0, 134,   0,   0],
       [  0,   0,  90,   0],
       [  0,   0,   0, 134]]), array([[101,   0,   0,   0],
       [  0, 134,   0,   0],
       [  0,   0,  89,   0],
       [  0,   0,   0, 134]]), array([[101,   0,   0,   0],
       [  0, 134,   0,   0],
       [  0,   0,  89,   0],
       [  0,   0,   0, 134]]), array([[101,   0,   0,   0],
       [  0, 134,   0,   0],
       [  0,   0,  89,   0],
       [  0,   0,   0, 134]]), array([[101,   0,   0,   0],
       [  0, 134,   0,   0],
       [  0,   0,  89,   0],
       [  0,   0,   0, 134]])]","[0.6956521739130435, 0.7608695652173914, 0.7608695652173914, 0.8043478260869565, 0.8222222222222222, 0.8, 0.7333333333333333, 0.7777777777777778, 0.7333333333333333, 0.7333333333333333]","[0.6956521739130435, 0.7608695652173914, 0.7608695652173914, 0.8043478260869565, 0.8222222222222222, 0.8, 0.7333333333333333, 0.7777777777777778, 0.7333333333333333, 0.7333333333333333]","[0.6956521739130435, 0.7608695652173914, 0.7608695652173914, 0.8043478260869565, 0.8222222222222222, 0.8, 0.7333333333333333, 0.7777777777777778, 0.7333333333333333, 0.7333333333333333]","[0.6956521739130435, 0.7608695652173914, 0.7608695652173914, 0.8043478260869565, 0.8222222222222222, 0.8, 0.7333333333333333, 0.7777777777777778, 0.7333333333333333, 0.7333333333333333]","[0.7087912087912087, 0.7630090497737557, 0.7668269230769231, 0.8110576923076922, 0.8253434065934065, 0.7990384615384615, 0.7598039215686274, 0.818954248366013, 0.7867647058823528, 0.7410714285714286]","[0.6958333333333333, 0.7486111111111111, 0.7545454545454544, 0.8022727272727272, 0.8165584415584416, 0.8073232323232323, 0.7257575757575758, 0.7527777777777778, 0.7083333333333333, 0.7161616161616162]","[0.6961163836163836, 0.7522712418300654, 0.7569444444444444, 0.8027777777777778, 0.8170634920634922, 0.7994702665755297, 0.7304292929292929, 0.7527201417004049, 0.6964285714285714, 0.7181097906055462]","[0.7071189679885331, 0.7579800314774738, 0.7688127090301002, 0.8089464882943144, 0.8269230769230769, 0.8087179487179487, 0.7612200435729847, 0.8070007262164125, 0.7803921568627451, 0.7394179894179894]","[0.6956521739130435, 0.7608695652173914, 0.7608695652173914, 0.8043478260869565, 0.8222222222222222, 0.8, 0.7333333333333333, 0.7777777777777778, 0.7333333333333333, 0.7333333333333333]","[0.6956793206793207, 0.7560287013356067, 0.7614734299516909, 0.8031400966183575, 0.8209876543209876, 0.8006151742993849, 0.7350729517396185, 0.7644905533063429, 0.7142857142857142, 0.7273042822109037]","[array([[11,  1,  0,  0],
       [ 3,  6,  0,  0],
       [ 0,  0,  6,  4],
       [ 0,  0,  6,  9]]), array([[11,  1,  0,  0],
       [ 2,  7,  0,  0],
       [ 0,  0,  5,  5],
       [ 0,  0,  3, 12]]), array([[ 9,  2,  0,  0],
       [ 3,  7,  0,  0],
       [ 0,  0,  7,  3],
       [ 1,  1,  1, 12]]), array([[10,  1,  0,  0],
       [ 2,  7,  0,  1],
       [ 0,  0,  8,  2],
       [ 1,  0,  2, 12]]), array([[10,  1,  0,  0],
       [ 3,  7,  0,  0],
       [ 0,  0,  8,  2],
       [ 0,  0,  2, 12]]), array([[ 9,  2,  0,  0],
       [ 1,  9,  0,  0],
       [ 0,  0,  7,  2],
       [ 0,  1,  3, 11]]), array([[ 7,  3,  1,  0],
       [ 0,  6,  0,  3],
       [ 0,  0,  8,  2],
       [ 0,  0,  3, 12]]), array([[11,  0,  0,  0],
       [ 4,  4,  0,  1],
       [ 0,  0,  7,  3],
       [ 0,  0,  2, 13]]), array([[11,  0,  0,  0],
       [ 6,  3,  0,  0],
       [ 0,  0,  7,  3],
       [ 0,  0,  3, 12]]), array([[10,  1,  0,  0],
       [ 3,  5,  0,  1],
       [ 1,  0,  6,  3],
       [ 0,  0,  3, 12]])]"
5,"[1.0, 1.0, 1.0, 1.0, 1.0, 1.0, 1.0, 1.0, 1.0, 1.0]","[1.0, 1.0, 1.0, 1.0, 1.0, 1.0, 1.0, 1.0, 1.0, 1.0]","[1.0, 1.0, 1.0, 1.0, 1.0, 1.0, 1.0, 1.0, 1.0, 1.0]","[1.0, 1.0, 1.0, 1.0, 1.0, 1.0, 1.0, 1.0, 1.0, 1.0]","[1.0, 1.0, 1.0, 1.0, 1.0, 1.0, 1.0, 1.0, 1.0, 1.0]","[1.0, 1.0, 1.0, 1.0, 1.0, 1.0, 1.0, 1.0, 1.0, 1.0]","[1.0, 1.0, 1.0, 1.0, 1.0, 1.0, 1.0, 1.0, 1.0, 1.0]","[1.0, 1.0, 1.0, 1.0, 1.0, 1.0, 1.0, 1.0, 1.0, 1.0]","[1.0, 1.0, 1.0, 1.0, 1.0, 1.0, 1.0, 1.0, 1.0, 1.0]","[1.0, 1.0, 1.0, 1.0, 1.0, 1.0, 1.0, 1.0, 1.0, 1.0]","[array([[100,   0,   0,   0],
       [  0, 134,   0,   0],
       [  0,   0,  89,   0],
       [  0,   0,   0, 134]]), array([[100,   0,   0,   0],
       [  0, 134,   0,   0],
       [  0,   0,  89,   0],
       [  0,   0,   0, 134]]), array([[101,   0,   0,   0],
       [  0, 134,   0,   0],
       [  0,   0,  89,   0],
       [  0,   0,   0, 134]]), array([[101,   0,   0,   0],
       [  0, 134,   0,   0],
       [  0,   0,  89,   0],
       [  0,   0,   0, 134]]), array([[101,   0,   0,   0],
       [  0, 135,   0,   0],
       [  0,   0,  89,   0],
       [  0,   0,   0, 135]]), array([[101,   0,   0,   0],
       [  0, 134,   0,   0],
       [  0,   0,  90,   0],
       [  0,   0,   0, 134]]), array([[101,   0,   0,   0],
       [  0, 134,   0,   0],
       [  0,   0,  89,   0],
       [  0,   0,   0, 134]]), array([[101,   0,   0,   0],
       [  0, 134,   0,   0],
       [  0,   0,  89,   0],
       [  0,   0,   0, 134]]), array([[101,   0,   0,   0],
       [  0, 134,   0,   0],
       [  0,   0,  89,   0],
       [  0,   0,   0, 134]]), array([[101,   0,   0,   0],
       [  0, 134,   0,   0],
       [  0,   0,  89,   0],
       [  0,   0,   0, 134]])]","[0.7391304347826086, 0.8043478260869565, 0.717391304347826, 0.782608695652174, 0.7777777777777778, 0.7777777777777778, 0.7555555555555555, 0.7777777777777778, 0.7333333333333333, 0.7333333333333333]","[0.7391304347826086, 0.8043478260869565, 0.717391304347826, 0.782608695652174, 0.7777777777777778, 0.7777777777777778, 0.7555555555555555, 0.7777777777777778, 0.7333333333333333, 0.7333333333333333]","[0.7391304347826086, 0.8043478260869565, 0.717391304347826, 0.782608695652174, 0.7777777777777778, 0.7777777777777778, 0.7555555555555555, 0.7777777777777778, 0.7333333333333333, 0.7333333333333333]","[0.7391304347826086, 0.8043478260869565, 0.717391304347826, 0.782608695652174, 0.7777777777777778, 0.7777777777777778, 0.7555555555555555, 0.7777777777777778, 0.7333333333333333, 0.7333333333333333]","[0.7488553113553114, 0.8295940170940171, 0.7316653934300994, 0.8027836134453781, 0.7762626262626262, 0.7818181818181819, 0.7584935897435896, 0.8046757164404224, 0.7291666666666666, 0.7266483516483515]","[0.7374999999999999, 0.7902777777777777, 0.7068181818181818, 0.7689393939393939, 0.7711038961038962, 0.7712121212121212, 0.7507575757575757, 0.7666666666666666, 0.7212121212121212, 0.7184343434343434]","[0.7367007992007992, 0.8023863636363635, 0.7124554367201427, 0.7740400326797385, 0.7720594589923083, 0.7747808800939731, 0.7465293668954995, 0.774561403508772, 0.7235658860872172, 0.71875]","[0.7503185220576525, 0.8149386845039019, 0.7287673962865778, 0.7967208622579467, 0.7789001122334456, 0.7816161616161617, 0.7677350427350427, 0.7902798726328137, 0.7314814814814814, 0.7343101343101343]","[0.7391304347826086, 0.8043478260869565, 0.717391304347826, 0.782608695652174, 0.7777777777777778, 0.7777777777777778, 0.7555555555555555, 0.7777777777777778, 0.7333333333333333, 0.7333333333333333]","[0.7387340919949615, 0.8026054018445323, 0.7168584825234442, 0.7787848110258596, 0.776769509981851, 0.7780769655532466, 0.7540300025425883, 0.7744249512670566, 0.7308962117363371, 0.7305555555555555]","[array([[11,  1,  0,  0],
       [ 3,  6,  0,  0],
       [ 0,  0,  7,  3],
       [ 0,  0,  5, 10]]), array([[11,  0,  0,  1],
       [ 2,  7,  0,  0],
       [ 0,  0,  6,  4],
       [ 0,  0,  2, 13]]), array([[ 8,  3,  0,  0],
       [ 2,  7,  0,  1],
       [ 0,  0,  6,  4],
       [ 1,  1,  1, 12]]), array([[10,  1,  0,  0],
       [ 3,  6,  0,  1],
       [ 0,  0,  7,  3],
       [ 1,  0,  1, 13]]), array([[ 8,  3,  0,  0],
       [ 2,  8,  0,  0],
       [ 0,  0,  7,  3],
       [ 0,  0,  2, 12]]), array([[ 9,  2,  0,  0],
       [ 1,  8,  0,  1],
       [ 0,  0,  6,  3],
       [ 0,  1,  2, 12]]), array([[ 7,  3,  1,  0],
       [ 1,  6,  0,  2],
       [ 0,  0,  9,  1],
       [ 0,  0,  3, 12]]), array([[11,  0,  0,  0],
       [ 2,  6,  0,  1],
       [ 0,  0,  6,  4],
       [ 0,  0,  3, 12]]), array([[ 9,  2,  0,  0],
       [ 3,  6,  0,  0],
       [ 0,  0,  6,  4],
       [ 0,  0,  3, 12]]), array([[ 9,  2,  0,  0],
       [ 3,  5,  0,  1],
       [ 1,  0,  7,  2],
       [ 0,  0,  3, 12]])]"
6,"[1.0, 1.0, 1.0, 1.0, 1.0, 1.0, 1.0, 1.0, 1.0, 1.0]","[1.0, 1.0, 1.0, 1.0, 1.0, 1.0, 1.0, 1.0, 1.0, 1.0]","[1.0, 1.0, 1.0, 1.0, 1.0, 1.0, 1.0, 1.0, 1.0, 1.0]","[1.0, 1.0, 1.0, 1.0, 1.0, 1.0, 1.0, 1.0, 1.0, 1.0]","[1.0, 1.0, 1.0, 1.0, 1.0, 1.0, 1.0, 1.0, 1.0, 1.0]","[1.0, 1.0, 1.0, 1.0, 1.0, 1.0, 1.0, 1.0, 1.0, 1.0]","[1.0, 1.0, 1.0, 1.0, 1.0, 1.0, 1.0, 1.0, 1.0, 1.0]","[1.0, 1.0, 1.0, 1.0, 1.0, 1.0, 1.0, 1.0, 1.0, 1.0]","[1.0, 1.0, 1.0, 1.0, 1.0, 1.0, 1.0, 1.0, 1.0, 1.0]","[1.0, 1.0, 1.0, 1.0, 1.0, 1.0, 1.0, 1.0, 1.0, 1.0]","[array([[100,   0,   0,   0],
       [  0, 134,   0,   0],
       [  0,   0,  89,   0],
       [  0,   0,   0, 134]]), array([[100,   0,   0,   0],
       [  0, 134,   0,   0],
       [  0,   0,  89,   0],
       [  0,   0,   0, 134]]), array([[101,   0,   0,   0],
       [  0, 134,   0,   0],
       [  0,   0,  89,   0],
       [  0,   0,   0, 134]]), array([[101,   0,   0,   0],
       [  0, 134,   0,   0],
       [  0,   0,  89,   0],
       [  0,   0,   0, 134]]), array([[101,   0,   0,   0],
       [  0, 135,   0,   0],
       [  0,   0,  89,   0],
       [  0,   0,   0, 135]]), array([[101,   0,   0,   0],
       [  0, 134,   0,   0],
       [  0,   0,  90,   0],
       [  0,   0,   0, 134]]), array([[101,   0,   0,   0],
       [  0, 134,   0,   0],
       [  0,   0,  89,   0],
       [  0,   0,   0, 134]]), array([[101,   0,   0,   0],
       [  0, 134,   0,   0],
       [  0,   0,  89,   0],
       [  0,   0,   0, 134]]), array([[101,   0,   0,   0],
       [  0, 134,   0,   0],
       [  0,   0,  89,   0],
       [  0,   0,   0, 134]]), array([[101,   0,   0,   0],
       [  0, 134,   0,   0],
       [  0,   0,  89,   0],
       [  0,   0,   0, 134]])]","[0.7391304347826086, 0.8043478260869565, 0.717391304347826, 0.8478260869565217, 0.7777777777777778, 0.7555555555555555, 0.7555555555555555, 0.8, 0.7777777777777778, 0.7333333333333333]","[0.7391304347826086, 0.8043478260869565, 0.717391304347826, 0.8478260869565217, 0.7777777777777778, 0.7555555555555555, 0.7555555555555555, 0.8, 0.7777777777777778, 0.7333333333333333]","[0.7391304347826086, 0.8043478260869565, 0.717391304347826, 0.8478260869565217, 0.7777777777777778, 0.7555555555555555, 0.7555555555555555, 0.8, 0.7777777777777778, 0.7333333333333333]","[0.7391304347826086, 0.8043478260869565, 0.717391304347826, 0.8478260869565217, 0.7777777777777778, 0.7555555555555555, 0.7555555555555555, 0.8, 0.7777777777777778, 0.7333333333333333]","[0.7721153846153846, 0.8184523809523809, 0.7384768740031898, 0.8717757936507936, 0.7762626262626262, 0.7582070707070707, 0.7613705738705738, 0.8082399626517274, 0.7815934065934065, 0.7410714285714286]","[0.7416666666666666, 0.7944444444444445, 0.6984848484848485, 0.8416666666666667, 0.7711038961038962, 0.7484848484848485, 0.7457070707070708, 0.7856060606060605, 0.7689393939393938, 0.7161616161616162]","[0.7410628019323672, 0.8009623547081102, 0.7045693277310924, 0.8460860880854889, 0.7720594589923083, 0.7506912442396314, 0.7454505610098177, 0.7922268306636155, 0.7708333333333333, 0.7181097906055462]","[0.7659698996655517, 0.8087474120082815, 0.7339158172110117, 0.8634618702553485, 0.7789001122334456, 0.762233445566779, 0.7639872473205807, 0.8028737420894283, 0.7816849816849817, 0.7394179894179894]","[0.7391304347826086, 0.8043478260869565, 0.717391304347826, 0.8478260869565217, 0.7777777777777778, 0.7555555555555555, 0.7555555555555555, 0.8, 0.7777777777777778, 0.7333333333333333]","[0.738122243226213, 0.8017525168785594, 0.7123523322372426, 0.8460215632720941, 0.776769509981851, 0.7562655743300903, 0.7525331151628488, 0.7971364098652428, 0.775925925925926, 0.7273042822109037]","[array([[12,  0,  0,  0],
       [ 3,  6,  0,  0],
       [ 0,  0,  7,  3],
       [ 0,  0,  6,  9]]), array([[12,  0,  0,  0],
       [ 2,  7,  0,  0],
       [ 0,  0,  6,  4],
       [ 0,  0,  3, 12]]), array([[ 8,  3,  0,  0],
       [ 2,  7,  0,  1],
       [ 0,  0,  5,  5],
       [ 0,  1,  1, 13]]), array([[11,  0,  0,  0],
       [ 2,  7,  0,  1],
       [ 0,  0,  8,  2],
       [ 1,  0,  1, 13]]), array([[ 8,  3,  0,  0],
       [ 2,  8,  0,  0],
       [ 0,  0,  7,  3],
       [ 0,  0,  2, 12]]), array([[ 8,  3,  0,  0],
       [ 1,  8,  0,  1],
       [ 0,  0,  6,  3],
       [ 0,  0,  3, 12]]), array([[ 8,  2,  1,  0],
       [ 1,  5,  0,  3],
       [ 0,  0,  9,  1],
       [ 0,  0,  3, 12]]), array([[10,  1,  0,  0],
       [ 2,  6,  0,  1],
       [ 0,  0,  7,  3],
       [ 0,  0,  2, 13]]), array([[10,  1,  0,  0],
       [ 3,  6,  0,  0],
       [ 0,  0,  7,  3],
       [ 0,  0,  3, 12]]), array([[10,  1,  0,  0],
       [ 3,  5,  0,  1],
       [ 1,  0,  6,  3],
       [ 0,  0,  3, 12]])]"
7,"[1.0, 1.0, 1.0, 1.0, 1.0, 1.0, 1.0, 1.0, 1.0, 1.0]","[1.0, 1.0, 1.0, 1.0, 1.0, 1.0, 1.0, 1.0, 1.0, 1.0]","[1.0, 1.0, 1.0, 1.0, 1.0, 1.0, 1.0, 1.0, 1.0, 1.0]","[1.0, 1.0, 1.0, 1.0, 1.0, 1.0, 1.0, 1.0, 1.0, 1.0]","[1.0, 1.0, 1.0, 1.0, 1.0, 1.0, 1.0, 1.0, 1.0, 1.0]","[1.0, 1.0, 1.0, 1.0, 1.0, 1.0, 1.0, 1.0, 1.0, 1.0]","[1.0, 1.0, 1.0, 1.0, 1.0, 1.0, 1.0, 1.0, 1.0, 1.0]","[1.0, 1.0, 1.0, 1.0, 1.0, 1.0, 1.0, 1.0, 1.0, 1.0]","[1.0, 1.0, 1.0, 1.0, 1.0, 1.0, 1.0, 1.0, 1.0, 1.0]","[1.0, 1.0, 1.0, 1.0, 1.0, 1.0, 1.0, 1.0, 1.0, 1.0]","[array([[100,   0,   0,   0],
       [  0, 134,   0,   0],
       [  0,   0,  89,   0],
       [  0,   0,   0, 134]]), array([[100,   0,   0,   0],
       [  0, 134,   0,   0],
       [  0,   0,  89,   0],
       [  0,   0,   0, 134]]), array([[101,   0,   0,   0],
       [  0, 134,   0,   0],
       [  0,   0,  89,   0],
       [  0,   0,   0, 134]]), array([[101,   0,   0,   0],
       [  0, 134,   0,   0],
       [  0,   0,  89,   0],
       [  0,   0,   0, 134]]), array([[101,   0,   0,   0],
       [  0, 135,   0,   0],
       [  0,   0,  89,   0],
       [  0,   0,   0, 135]]), array([[101,   0,   0,   0],
       [  0, 134,   0,   0],
       [  0,   0,  90,   0],
       [  0,   0,   0, 134]]), array([[101,   0,   0,   0],
       [  0, 134,   0,   0],
       [  0,   0,  89,   0],
       [  0,   0,   0, 134]]), array([[101,   0,   0,   0],
       [  0, 134,   0,   0],
       [  0,   0,  89,   0],
       [  0,   0,   0, 134]]), array([[101,   0,   0,   0],
       [  0, 134,   0,   0],
       [  0,   0,  89,   0],
       [  0,   0,   0, 134]]), array([[101,   0,   0,   0],
       [  0, 134,   0,   0],
       [  0,   0,  89,   0],
       [  0,   0,   0, 134]])]","[0.7608695652173914, 0.8913043478260869, 0.717391304347826, 0.8043478260869565, 0.7777777777777778, 0.7555555555555555, 0.6888888888888889, 0.7777777777777778, 0.7111111111111111, 0.7555555555555555]","[0.7608695652173914, 0.8913043478260869, 0.717391304347826, 0.8043478260869565, 0.7777777777777778, 0.7555555555555555, 0.6888888888888889, 0.7777777777777778, 0.7111111111111111, 0.7555555555555555]","[0.7608695652173914, 0.8913043478260869, 0.717391304347826, 0.8043478260869565, 0.7777777777777778, 0.7555555555555555, 0.6888888888888889, 0.7777777777777778, 0.7111111111111111, 0.7555555555555555]","[0.7608695652173914, 0.8913043478260869, 0.717391304347826, 0.8043478260869565, 0.7777777777777778, 0.7555555555555555, 0.6888888888888889, 0.7777777777777778, 0.7111111111111111, 0.7555555555555555]","[0.7886904761904763, 0.9054015837104072, 0.7362041467304625, 0.8127005347593583, 0.7763888888888888, 0.7730769230769231, 0.6840463458110517, 0.8046757164404224, 0.7107753357753358, 0.7595238095238095]","[0.7583333333333332, 0.8805555555555555, 0.6984848484848485, 0.7901515151515153, 0.7688311688311688, 0.7568181818181818, 0.6679292929292929, 0.7666666666666666, 0.6851010101010101, 0.7439393939393939]","[0.7622739329635881, 0.8884885620915033, 0.7042446524064171, 0.797790404040404, 0.7709697782687603, 0.7561784897025171, 0.6693181818181818, 0.774561403508772, 0.6877785204991087, 0.7453947368421052]","[0.7789855072463768, 0.8952144402911665, 0.7303585049580473, 0.8120204603580562, 0.7779012345679013, 0.776068376068376, 0.6878193701723114, 0.7902798726328137, 0.7115588115588115, 0.7608465608465609]","[0.7608695652173914, 0.8913043478260869, 0.717391304347826, 0.8043478260869565, 0.7777777777777778, 0.7555555555555555, 0.6888888888888889, 0.7777777777777778, 0.7111111111111111, 0.7555555555555555]","[0.7605518918862246, 0.888986217675476, 0.7113171355498721, 0.8046497584541062, 0.7762609923108621, 0.757538774472413, 0.6825925925925926, 0.7744249512670566, 0.701678550207962, 0.7525730994152047]","[array([[12,  0,  0,  0],
       [ 2,  6,  0,  1],
       [ 0,  0,  7,  3],
       [ 0,  0,  5, 10]]), array([[12,  0,  0,  0],
       [ 1,  8,  0,  0],
       [ 0,  0,  7,  3],
       [ 0,  0,  1, 14]]), array([[ 8,  3,  0,  0],
       [ 2,  7,  0,  1],
       [ 0,  0,  5,  5],
       [ 1,  0,  1, 13]]), array([[ 8,  3,  0,  0],
       [ 2,  7,  0,  1],
       [ 0,  0,  8,  2],
       [ 1,  0,  0, 14]]), array([[ 9,  2,  0,  0],
       [ 3,  7,  0,  0],
       [ 0,  0,  7,  3],
       [ 0,  0,  2, 12]]), array([[ 8,  3,  0,  0],
       [ 0,  9,  0,  1],
       [ 0,  0,  6,  3],
       [ 0,  1,  3, 11]]), array([[ 8,  2,  1,  0],
       [ 3,  4,  0,  2],
       [ 0,  0,  7,  3],
       [ 0,  0,  3, 12]]), array([[11,  0,  0,  0],
       [ 2,  6,  0,  1],
       [ 0,  0,  6,  4],
       [ 0,  0,  3, 12]]), array([[ 9,  2,  0,  0],
       [ 4,  5,  0,  0],
       [ 0,  0,  5,  5],
       [ 0,  0,  2, 13]]), array([[10,  1,  0,  0],
       [ 3,  6,  0,  0],
       [ 1,  0,  6,  3],
       [ 0,  0,  3, 12]])]"
8,"[1.0, 1.0, 1.0, 1.0, 1.0, 1.0, 1.0, 1.0, 1.0, 1.0]","[1.0, 1.0, 1.0, 1.0, 1.0, 1.0, 1.0, 1.0, 1.0, 1.0]","[1.0, 1.0, 1.0, 1.0, 1.0, 1.0, 1.0, 1.0, 1.0, 1.0]","[1.0, 1.0, 1.0, 1.0, 1.0, 1.0, 1.0, 1.0, 1.0, 1.0]","[1.0, 1.0, 1.0, 1.0, 1.0, 1.0, 1.0, 1.0, 1.0, 1.0]","[1.0, 1.0, 1.0, 1.0, 1.0, 1.0, 1.0, 1.0, 1.0, 1.0]","[1.0, 1.0, 1.0, 1.0, 1.0, 1.0, 1.0, 1.0, 1.0, 1.0]","[1.0, 1.0, 1.0, 1.0, 1.0, 1.0, 1.0, 1.0, 1.0, 1.0]","[1.0, 1.0, 1.0, 1.0, 1.0, 1.0, 1.0, 1.0, 1.0, 1.0]","[1.0, 1.0, 1.0, 1.0, 1.0, 1.0, 1.0, 1.0, 1.0, 1.0]","[array([[100,   0,   0,   0],
       [  0, 134,   0,   0],
       [  0,   0,  89,   0],
       [  0,   0,   0, 134]]), array([[100,   0,   0,   0],
       [  0, 134,   0,   0],
       [  0,   0,  89,   0],
       [  0,   0,   0, 134]]), array([[101,   0,   0,   0],
       [  0, 134,   0,   0],
       [  0,   0,  89,   0],
       [  0,   0,   0, 134]]), array([[101,   0,   0,   0],
       [  0, 134,   0,   0],
       [  0,   0,  89,   0],
       [  0,   0,   0, 134]]), array([[101,   0,   0,   0],
       [  0, 135,   0,   0],
       [  0,   0,  89,   0],
       [  0,   0,   0, 135]]), array([[101,   0,   0,   0],
       [  0, 134,   0,   0],
       [  0,   0,  90,   0],
       [  0,   0,   0, 134]]), array([[101,   0,   0,   0],
       [  0, 134,   0,   0],
       [  0,   0,  89,   0],
       [  0,   0,   0, 134]]), array([[101,   0,   0,   0],
       [  0, 134,   0,   0],
       [  0,   0,  89,   0],
       [  0,   0,   0, 134]]), array([[101,   0,   0,   0],
       [  0, 134,   0,   0],
       [  0,   0,  89,   0],
       [  0,   0,   0, 134]]), array([[101,   0,   0,   0],
       [  0, 134,   0,   0],
       [  0,   0,  89,   0],
       [  0,   0,   0, 134]])]","[0.7608695652173914, 0.8260869565217391, 0.7391304347826086, 0.8043478260869565, 0.8, 0.7777777777777778, 0.7111111111111111, 0.8222222222222222, 0.6888888888888889, 0.7333333333333333]","[0.7608695652173914, 0.8260869565217391, 0.7391304347826086, 0.8043478260869565, 0.8, 0.7777777777777778, 0.7111111111111111, 0.8222222222222222, 0.6888888888888889, 0.7333333333333333]","[0.7608695652173914, 0.8260869565217391, 0.7391304347826086, 0.8043478260869565, 0.8, 0.7777777777777778, 0.7111111111111111, 0.8222222222222222, 0.6888888888888889, 0.7333333333333333]","[0.7608695652173914, 0.8260869565217391, 0.7391304347826086, 0.8043478260869565, 0.8, 0.7777777777777778, 0.7111111111111111, 0.8222222222222222, 0.6888888888888889, 0.7333333333333333]","[0.7886904761904763, 0.8471593765711413, 0.7682748538011696, 0.8164592760180995, 0.7961038961038961, 0.7875, 0.6978785103785103, 0.8471593765711413, 0.6815476190476191, 0.7773944805194805]","[0.7583333333333332, 0.8152777777777778, 0.7234848484848485, 0.7878787878787878, 0.7961038961038961, 0.7795454545454545, 0.6952020202020202, 0.8083333333333332, 0.6656565656565656, 0.7194444444444444]","[0.7622739329635881, 0.8260855263157895, 0.7292446524064171, 0.7951388888888888, 0.7952380952380952, 0.7795454545454545, 0.6892005610098177, 0.8165021929824562, 0.6647764572722128, 0.7138716966303174]","[0.7789855072463768, 0.8348306992808271, 0.7617594711416222, 0.8145288215620695, 0.8016161616161617, 0.7888888888888889, 0.7082553249219916, 0.83457907379476, 0.6886243386243387, 0.7713744588744589]","[0.7608695652173914, 0.8260869565217391, 0.7391304347826086, 0.8043478260869565, 0.8, 0.7777777777777778, 0.7111111111111111, 0.8222222222222222, 0.6888888888888889, 0.7333333333333333]","[0.7605518918862246, 0.8258895881006865, 0.734637293652639, 0.8028381642512078, 0.8, 0.7795959595959595, 0.7030886707184042, 0.8186500974658868, 0.6810820599886814, 0.7232755891759723]","[array([[12,  0,  0,  0],
       [ 2,  6,  0,  1],
       [ 0,  0,  7,  3],
       [ 0,  0,  5, 10]]), array([[11,  0,  0,  1],
       [ 2,  7,  0,  0],
       [ 0,  0,  7,  3],
       [ 0,  0,  2, 13]]), array([[ 8,  3,  0,  0],
       [ 1,  8,  0,  1],
       [ 0,  0,  5,  5],
       [ 0,  1,  1, 13]]), array([[ 9,  2,  0,  0],
       [ 3,  6,  0,  1],
       [ 0,  0,  8,  2],
       [ 1,  0,  0, 14]]), array([[ 8,  3,  0,  0],
       [ 2,  8,  0,  0],
       [ 0,  0,  8,  2],
       [ 0,  0,  2, 12]]), array([[ 9,  2,  0,  0],
       [ 0,  9,  0,  1],
       [ 0,  0,  6,  3],
       [ 0,  1,  3, 11]]), array([[ 7,  3,  1,  0],
       [ 2,  4,  0,  3],
       [ 0,  0,  9,  1],
       [ 0,  0,  3, 12]]), array([[11,  0,  0,  0],
       [ 2,  6,  0,  1],
       [ 0,  0,  7,  3],
       [ 0,  0,  2, 13]]), array([[ 9,  2,  0,  0],
       [ 5,  4,  0,  0],
       [ 0,  0,  6,  4],
       [ 0,  0,  3, 12]]), array([[11,  0,  0,  0],
       [ 4,  4,  0,  1],
       [ 1,  0,  7,  2],
       [ 0,  0,  4, 11]])]"
9,"[1.0, 1.0, 1.0, 1.0, 1.0, 1.0, 1.0, 1.0, 1.0, 1.0]","[1.0, 1.0, 1.0, 1.0, 1.0, 1.0, 1.0, 1.0, 1.0, 1.0]","[1.0, 1.0, 1.0, 1.0, 1.0, 1.0, 1.0, 1.0, 1.0, 1.0]","[1.0, 1.0, 1.0, 1.0, 1.0, 1.0, 1.0, 1.0, 1.0, 1.0]","[1.0, 1.0, 1.0, 1.0, 1.0, 1.0, 1.0, 1.0, 1.0, 1.0]","[1.0, 1.0, 1.0, 1.0, 1.0, 1.0, 1.0, 1.0, 1.0, 1.0]","[1.0, 1.0, 1.0, 1.0, 1.0, 1.0, 1.0, 1.0, 1.0, 1.0]","[1.0, 1.0, 1.0, 1.0, 1.0, 1.0, 1.0, 1.0, 1.0, 1.0]","[1.0, 1.0, 1.0, 1.0, 1.0, 1.0, 1.0, 1.0, 1.0, 1.0]","[1.0, 1.0, 1.0, 1.0, 1.0, 1.0, 1.0, 1.0, 1.0, 1.0]","[array([[100,   0,   0,   0],
       [  0, 134,   0,   0],
       [  0,   0,  89,   0],
       [  0,   0,   0, 134]]), array([[100,   0,   0,   0],
       [  0, 134,   0,   0],
       [  0,   0,  89,   0],
       [  0,   0,   0, 134]]), array([[101,   0,   0,   0],
       [  0, 134,   0,   0],
       [  0,   0,  89,   0],
       [  0,   0,   0, 134]]), array([[101,   0,   0,   0],
       [  0, 134,   0,   0],
       [  0,   0,  89,   0],
       [  0,   0,   0, 134]]), array([[101,   0,   0,   0],
       [  0, 135,   0,   0],
       [  0,   0,  89,   0],
       [  0,   0,   0, 135]]), array([[101,   0,   0,   0],
       [  0, 134,   0,   0],
       [  0,   0,  90,   0],
       [  0,   0,   0, 134]]), array([[101,   0,   0,   0],
       [  0, 134,   0,   0],
       [  0,   0,  89,   0],
       [  0,   0,   0, 134]]), array([[101,   0,   0,   0],
       [  0, 134,   0,   0],
       [  0,   0,  89,   0],
       [  0,   0,   0, 134]]), array([[101,   0,   0,   0],
       [  0, 134,   0,   0],
       [  0,   0,  89,   0],
       [  0,   0,   0, 134]]), array([[101,   0,   0,   0],
       [  0, 134,   0,   0],
       [  0,   0,  89,   0],
       [  0,   0,   0, 134]])]","[0.782608695652174, 0.8913043478260869, 0.7608695652173914, 0.8043478260869565, 0.7777777777777778, 0.7777777777777778, 0.7555555555555555, 0.7777777777777778, 0.7333333333333333, 0.7555555555555555]","[0.782608695652174, 0.8913043478260869, 0.7608695652173914, 0.8043478260869565, 0.7777777777777778, 0.7777777777777778, 0.7555555555555555, 0.7777777777777778, 0.7333333333333333, 0.7555555555555555]","[0.782608695652174, 0.8913043478260869, 0.7608695652173914, 0.8043478260869565, 0.7777777777777778, 0.7777777777777778, 0.7555555555555555, 0.7777777777777778, 0.7333333333333333, 0.7555555555555555]","[0.782608695652174, 0.8913043478260869, 0.7608695652173914, 0.8043478260869565, 0.7777777777777778, 0.7777777777777778, 0.7555555555555555, 0.7777777777777778, 0.7333333333333333, 0.7555555555555555]","[0.8051739926739927, 0.9072712418300652, 0.7743867243867244, 0.8191964285714286, 0.7762626262626262, 0.7818181818181819, 0.7413194444444444, 0.7776663695781343, 0.7410714285714286, 0.7888528138528138]","[0.7861111111111111, 0.8847222222222222, 0.7462121212121212, 0.793939393939394, 0.7711038961038962, 0.7712121212121212, 0.7396464646464647, 0.7628787878787878, 0.7161616161616162, 0.7472222222222222]","[0.7902547021943573, 0.8937371001031992, 0.7529857397504456, 0.7985663082437277, 0.7720594589923083, 0.7747808800939731, 0.7362816974297051, 0.7683515690965381, 0.7181097906055462, 0.74643172919035]","[0.7961856983596114, 0.8965615231599887, 0.7696687370600415, 0.8161878881987579, 0.7789001122334456, 0.7816161616161617, 0.7526234567901235, 0.7777414669571532, 0.7394179894179894, 0.7825781625781626]","[0.782608695652174, 0.8913043478260869, 0.7608695652173914, 0.8043478260869565, 0.7777777777777778, 0.7777777777777778, 0.7555555555555555, 0.7777777777777778, 0.7333333333333333, 0.7555555555555555]","[0.7848579119531144, 0.8916661058015883, 0.7581957684259474, 0.8029608851488234, 0.776769509981851, 0.7780769655532466, 0.7501462442259405, 0.7757524939800482, 0.7273042822109037, 0.7507164610612886]","[array([[12,  0,  0,  0],
       [ 1,  7,  0,  1],
       [ 0,  0,  7,  3],
       [ 0,  0,  5, 10]]), array([[11,  0,  0,  1],
       [ 1,  8,  0,  0],
       [ 0,  0,  8,  2],
       [ 0,  0,  1, 14]]), array([[ 9,  2,  0,  0],
       [ 2,  7,  0,  1],
       [ 0,  0,  6,  4],
       [ 0,  1,  1, 13]]), array([[10,  1,  0,  0],
       [ 3,  6,  0,  1],
       [ 0,  0,  8,  2],
       [ 1,  1,  0, 13]]), array([[ 8,  3,  0,  0],
       [ 2,  8,  0,  0],
       [ 0,  0,  7,  3],
       [ 0,  0,  2, 12]]), array([[ 9,  2,  0,  0],
       [ 1,  8,  0,  1],
       [ 0,  0,  6,  3],
       [ 0,  1,  2, 12]]), array([[ 7,  3,  1,  0],
       [ 2,  5,  0,  2],
       [ 0,  0,  9,  1],
       [ 0,  0,  2, 13]]), array([[ 9,  2,  0,  0],
       [ 2,  6,  0,  1],
       [ 0,  0,  7,  3],
       [ 0,  0,  2, 13]]), array([[10,  1,  0,  0],
       [ 4,  5,  0,  0],
       [ 0,  0,  6,  4],
       [ 0,  0,  3, 12]]), array([[11,  0,  0,  0],
       [ 3,  5,  0,  1],
       [ 1,  0,  7,  2],
       [ 0,  0,  4, 11]])]"
10,"[1.0, 1.0, 1.0, 1.0, 1.0, 1.0, 1.0, 1.0, 1.0, 1.0]","[1.0, 1.0, 1.0, 1.0, 1.0, 1.0, 1.0, 1.0, 1.0, 1.0]","[1.0, 1.0, 1.0, 1.0, 1.0, 1.0, 1.0, 1.0, 1.0, 1.0]","[1.0, 1.0, 1.0, 1.0, 1.0, 1.0, 1.0, 1.0, 1.0, 1.0]","[1.0, 1.0, 1.0, 1.0, 1.0, 1.0, 1.0, 1.0, 1.0, 1.0]","[1.0, 1.0, 1.0, 1.0, 1.0, 1.0, 1.0, 1.0, 1.0, 1.0]","[1.0, 1.0, 1.0, 1.0, 1.0, 1.0, 1.0, 1.0, 1.0, 1.0]","[1.0, 1.0, 1.0, 1.0, 1.0, 1.0, 1.0, 1.0, 1.0, 1.0]","[1.0, 1.0, 1.0, 1.0, 1.0, 1.0, 1.0, 1.0, 1.0, 1.0]","[1.0, 1.0, 1.0, 1.0, 1.0, 1.0, 1.0, 1.0, 1.0, 1.0]","[array([[100,   0,   0,   0],
       [  0, 134,   0,   0],
       [  0,   0,  89,   0],
       [  0,   0,   0, 134]]), array([[100,   0,   0,   0],
       [  0, 134,   0,   0],
       [  0,   0,  89,   0],
       [  0,   0,   0, 134]]), array([[101,   0,   0,   0],
       [  0, 134,   0,   0],
       [  0,   0,  89,   0],
       [  0,   0,   0, 134]]), array([[101,   0,   0,   0],
       [  0, 134,   0,   0],
       [  0,   0,  89,   0],
       [  0,   0,   0, 134]]), array([[101,   0,   0,   0],
       [  0, 135,   0,   0],
       [  0,   0,  89,   0],
       [  0,   0,   0, 135]]), array([[101,   0,   0,   0],
       [  0, 134,   0,   0],
       [  0,   0,  90,   0],
       [  0,   0,   0, 134]]), array([[101,   0,   0,   0],
       [  0, 134,   0,   0],
       [  0,   0,  89,   0],
       [  0,   0,   0, 134]]), array([[101,   0,   0,   0],
       [  0, 134,   0,   0],
       [  0,   0,  89,   0],
       [  0,   0,   0, 134]]), array([[101,   0,   0,   0],
       [  0, 134,   0,   0],
       [  0,   0,  89,   0],
       [  0,   0,   0, 134]]), array([[101,   0,   0,   0],
       [  0, 134,   0,   0],
       [  0,   0,  89,   0],
       [  0,   0,   0, 134]])]","[0.782608695652174, 0.8260869565217391, 0.7391304347826086, 0.8260869565217391, 0.7555555555555555, 0.8, 0.7333333333333333, 0.8222222222222222, 0.7777777777777778, 0.7333333333333333]","[0.782608695652174, 0.8260869565217391, 0.7391304347826086, 0.8260869565217391, 0.7555555555555555, 0.8, 0.7333333333333333, 0.8222222222222222, 0.7777777777777778, 0.7333333333333333]","[0.782608695652174, 0.8260869565217391, 0.7391304347826086, 0.8260869565217391, 0.7555555555555555, 0.8, 0.7333333333333333, 0.8222222222222222, 0.7777777777777778, 0.7333333333333333]","[0.782608695652174, 0.8260869565217391, 0.7391304347826086, 0.8260869565217391, 0.7555555555555555, 0.8, 0.7333333333333333, 0.8222222222222222, 0.7777777777777778, 0.7333333333333333]","[0.8051739926739927, 0.8472222222222222, 0.7589314194577352, 0.8487394957983192, 0.7512626262626263, 0.8087121212121212, 0.7237713675213675, 0.8257440476190476, 0.7844742063492064, 0.7773944805194805]","[0.7861111111111111, 0.8180555555555555, 0.7212121212121212, 0.8106060606060606, 0.746103896103896, 0.7962121212121211, 0.7229797979797981, 0.8106060606060607, 0.7578282828282829, 0.7194444444444444]","[0.7902547021943573, 0.8280971479500892, 0.7269719251336898, 0.8174428104575163, 0.7479252598581092, 0.799500768049155, 0.7177109974424551, 0.8145687237026649, 0.7605546123372949, 0.7138716966303174]","[0.7961856983596114, 0.8333333333333334, 0.7520976353928299, 0.8430763609791743, 0.7550617283950618, 0.8095959595959595, 0.7356362773029439, 0.8237433862433862, 0.784942680776014, 0.7713744588744589]","[0.782608695652174, 0.8260869565217391, 0.7391304347826086, 0.8260869565217391, 0.7555555555555555, 0.8, 0.7333333333333333, 0.8222222222222222, 0.7777777777777778, 0.7333333333333333]","[0.7848579119531144, 0.8251181895683174, 0.7330562659846547, 0.8233198351804489, 0.754547287759629, 0.8018740399385561, 0.7293378800795681, 0.819908056724326, 0.7722014714204868, 0.7232755891759723]","[array([[12,  0,  0,  0],
       [ 1,  7,  0,  1],
       [ 0,  0,  7,  3],
       [ 0,  0,  5, 10]]), array([[11,  0,  0,  1],
       [ 1,  8,  0,  0],
       [ 0,  0,  6,  4],
       [ 0,  0,  2, 13]]), array([[ 9,  2,  0,  0],
       [ 2,  7,  0,  1],
       [ 0,  0,  5,  5],
       [ 0,  1,  1, 13]]), array([[10,  1,  0,  0],
       [ 3,  6,  0,  1],
       [ 0,  0,  8,  2],
       [ 1,  0,  0, 14]]), array([[ 8,  3,  0,  0],
       [ 3,  7,  0,  0],
       [ 0,  0,  7,  3],
       [ 0,  0,  2, 12]]), array([[ 9,  2,  0,  0],
       [ 0,  9,  0,  1],
       [ 0,  0,  6,  3],
       [ 0,  0,  3, 12]]), array([[ 7,  3,  1,  0],
       [ 2,  5,  0,  2],
       [ 0,  0,  9,  1],
       [ 0,  0,  3, 12]]), array([[10,  1,  0,  0],
       [ 2,  6,  0,  1],
       [ 0,  0,  8,  2],
       [ 0,  0,  2, 13]]), array([[10,  1,  0,  0],
       [ 4,  5,  0,  0],
       [ 0,  0,  7,  3],
       [ 0,  0,  2, 13]]), array([[11,  0,  0,  0],
       [ 4,  4,  0,  1],
       [ 1,  0,  7,  2],
       [ 0,  0,  4, 11]])]"
11,"[1.0, 1.0, 1.0, 1.0, 1.0, 1.0, 1.0, 1.0, 1.0, 1.0]","[1.0, 1.0, 1.0, 1.0, 1.0, 1.0, 1.0, 1.0, 1.0, 1.0]","[1.0, 1.0, 1.0, 1.0, 1.0, 1.0, 1.0, 1.0, 1.0, 1.0]","[1.0, 1.0, 1.0, 1.0, 1.0, 1.0, 1.0, 1.0, 1.0, 1.0]","[1.0, 1.0, 1.0, 1.0, 1.0, 1.0, 1.0, 1.0, 1.0, 1.0]","[1.0, 1.0, 1.0, 1.0, 1.0, 1.0, 1.0, 1.0, 1.0, 1.0]","[1.0, 1.0, 1.0, 1.0, 1.0, 1.0, 1.0, 1.0, 1.0, 1.0]","[1.0, 1.0, 1.0, 1.0, 1.0, 1.0, 1.0, 1.0, 1.0, 1.0]","[1.0, 1.0, 1.0, 1.0, 1.0, 1.0, 1.0, 1.0, 1.0, 1.0]","[1.0, 1.0, 1.0, 1.0, 1.0, 1.0, 1.0, 1.0, 1.0, 1.0]","[array([[100,   0,   0,   0],
       [  0, 134,   0,   0],
       [  0,   0,  89,   0],
       [  0,   0,   0, 134]]), array([[100,   0,   0,   0],
       [  0, 134,   0,   0],
       [  0,   0,  89,   0],
       [  0,   0,   0, 134]]), array([[101,   0,   0,   0],
       [  0, 134,   0,   0],
       [  0,   0,  89,   0],
       [  0,   0,   0, 134]]), array([[101,   0,   0,   0],
       [  0, 134,   0,   0],
       [  0,   0,  89,   0],
       [  0,   0,   0, 134]]), array([[101,   0,   0,   0],
       [  0, 135,   0,   0],
       [  0,   0,  89,   0],
       [  0,   0,   0, 135]]), array([[101,   0,   0,   0],
       [  0, 134,   0,   0],
       [  0,   0,  90,   0],
       [  0,   0,   0, 134]]), array([[101,   0,   0,   0],
       [  0, 134,   0,   0],
       [  0,   0,  89,   0],
       [  0,   0,   0, 134]]), array([[101,   0,   0,   0],
       [  0, 134,   0,   0],
       [  0,   0,  89,   0],
       [  0,   0,   0, 134]]), array([[101,   0,   0,   0],
       [  0, 134,   0,   0],
       [  0,   0,  89,   0],
       [  0,   0,   0, 134]]), array([[101,   0,   0,   0],
       [  0, 134,   0,   0],
       [  0,   0,  89,   0],
       [  0,   0,   0, 134]])]","[0.7608695652173914, 0.782608695652174, 0.717391304347826, 0.8478260869565217, 0.7333333333333333, 0.8444444444444444, 0.7555555555555555, 0.7777777777777778, 0.7777777777777778, 0.7777777777777778]","[0.7608695652173914, 0.782608695652174, 0.717391304347826, 0.8478260869565217, 0.7333333333333333, 0.8444444444444444, 0.7555555555555555, 0.7777777777777778, 0.7777777777777778, 0.7777777777777778]","[0.7608695652173914, 0.782608695652174, 0.717391304347826, 0.8478260869565217, 0.7333333333333333, 0.8444444444444444, 0.7555555555555555, 0.7777777777777778, 0.7777777777777778, 0.7777777777777778]","[0.7608695652173914, 0.782608695652174, 0.717391304347826, 0.8478260869565217, 0.7333333333333333, 0.8444444444444444, 0.7555555555555555, 0.7777777777777778, 0.7777777777777778, 0.7777777777777778]","[0.7723214285714286, 0.795138888888889, 0.7316653934300994, 0.8439102564102565, 0.7325396825396825, 0.8536764705882353, 0.7640716374269005, 0.7776663695781343, 0.7815934065934065, 0.7912990196078431]","[0.7652777777777777, 0.7694444444444445, 0.7068181818181818, 0.8378787878787879, 0.7305194805194806, 0.8356060606060606, 0.7340909090909091, 0.7628787878787878, 0.7689393939393938, 0.7467171717171717]","[0.7665537218022005, 0.7778520499108734, 0.7124554367201427, 0.8374999999999999, 0.7282467532467531, 0.8426908263305323, 0.7409700722394221, 0.7683515690965381, 0.7708333333333333, 0.7483592796092796]","[0.7700569358178054, 0.7871376811594203, 0.7287673962865778, 0.850334448160535, 0.7382716049382716, 0.8493464052287582, 0.7656757634827811, 0.7777414669571532, 0.7816849816849817, 0.791917211328976]","[0.7608695652173914, 0.782608695652174, 0.717391304347826, 0.8478260869565217, 0.7333333333333333, 0.8444444444444444, 0.7555555555555555, 0.7777777777777778, 0.7777777777777778, 0.7777777777777778]","[0.7634832316462089, 0.7803611563202356, 0.7168584825234442, 0.8460144927536232, 0.7327272727272727, 0.8448140367258014, 0.7517027863777089, 0.7757524939800482, 0.775925925925926, 0.7668260751594084]","[array([[11,  1,  0,  0],
       [ 1,  7,  0,  1],
       [ 0,  0,  7,  3],
       [ 0,  0,  5, 10]]), array([[10,  1,  0,  1],
       [ 2,  7,  0,  0],
       [ 0,  0,  6,  4],
       [ 0,  0,  2, 13]]), array([[ 8,  3,  0,  0],
       [ 2,  7,  0,  1],
       [ 0,  0,  6,  4],
       [ 1,  1,  1, 12]]), array([[ 9,  2,  0,  0],
       [ 3,  6,  0,  1],
       [ 0,  0, 10,  0],
       [ 1,  0,  0, 14]]), array([[ 7,  4,  0,  0],
       [ 2,  8,  0,  0],
       [ 0,  0,  7,  3],
       [ 0,  0,  3, 11]]), array([[10,  1,  0,  0],
       [ 0,  9,  0,  1],
       [ 0,  0,  6,  3],
       [ 0,  0,  2, 13]]), array([[ 7,  3,  1,  0],
       [ 1,  6,  0,  2],
       [ 0,  0,  7,  3],
       [ 0,  0,  1, 14]]), array([[ 9,  2,  0,  0],
       [ 2,  6,  0,  1],
       [ 0,  0,  7,  3],
       [ 0,  0,  2, 13]]), array([[10,  1,  0,  0],
       [ 3,  6,  0,  0],
       [ 0,  0,  7,  3],
       [ 0,  0,  3, 12]]), array([[10,  1,  0,  0],
       [ 4,  4,  0,  1],
       [ 1,  0,  7,  2],
       [ 0,  0,  1, 14]])]"
12,"[1.0, 1.0, 1.0, 1.0, 1.0, 1.0, 1.0, 1.0, 1.0, 1.0]","[1.0, 1.0, 1.0, 1.0, 1.0, 1.0, 1.0, 1.0, 1.0, 1.0]","[1.0, 1.0, 1.0, 1.0, 1.0, 1.0, 1.0, 1.0, 1.0, 1.0]","[1.0, 1.0, 1.0, 1.0, 1.0, 1.0, 1.0, 1.0, 1.0, 1.0]","[1.0, 1.0, 1.0, 1.0, 1.0, 1.0, 1.0, 1.0, 1.0, 1.0]","[1.0, 1.0, 1.0, 1.0, 1.0, 1.0, 1.0, 1.0, 1.0, 1.0]","[1.0, 1.0, 1.0, 1.0, 1.0, 1.0, 1.0, 1.0, 1.0, 1.0]","[1.0, 1.0, 1.0, 1.0, 1.0, 1.0, 1.0, 1.0, 1.0, 1.0]","[1.0, 1.0, 1.0, 1.0, 1.0, 1.0, 1.0, 1.0, 1.0, 1.0]","[1.0, 1.0, 1.0, 1.0, 1.0, 1.0, 1.0, 1.0, 1.0, 1.0]","[array([[100,   0,   0,   0],
       [  0, 134,   0,   0],
       [  0,   0,  89,   0],
       [  0,   0,   0, 134]]), array([[100,   0,   0,   0],
       [  0, 134,   0,   0],
       [  0,   0,  89,   0],
       [  0,   0,   0, 134]]), array([[101,   0,   0,   0],
       [  0, 134,   0,   0],
       [  0,   0,  89,   0],
       [  0,   0,   0, 134]]), array([[101,   0,   0,   0],
       [  0, 134,   0,   0],
       [  0,   0,  89,   0],
       [  0,   0,   0, 134]]), array([[101,   0,   0,   0],
       [  0, 135,   0,   0],
       [  0,   0,  89,   0],
       [  0,   0,   0, 135]]), array([[101,   0,   0,   0],
       [  0, 134,   0,   0],
       [  0,   0,  90,   0],
       [  0,   0,   0, 134]]), array([[101,   0,   0,   0],
       [  0, 134,   0,   0],
       [  0,   0,  89,   0],
       [  0,   0,   0, 134]]), array([[101,   0,   0,   0],
       [  0, 134,   0,   0],
       [  0,   0,  89,   0],
       [  0,   0,   0, 134]]), array([[101,   0,   0,   0],
       [  0, 134,   0,   0],
       [  0,   0,  89,   0],
       [  0,   0,   0, 134]]), array([[101,   0,   0,   0],
       [  0, 134,   0,   0],
       [  0,   0,  89,   0],
       [  0,   0,   0, 134]])]","[0.782608695652174, 0.8043478260869565, 0.7391304347826086, 0.8260869565217391, 0.7111111111111111, 0.8444444444444444, 0.7555555555555555, 0.8, 0.7777777777777778, 0.7555555555555555]","[0.782608695652174, 0.8043478260869565, 0.7391304347826086, 0.8260869565217391, 0.7111111111111111, 0.8444444444444444, 0.7555555555555555, 0.8, 0.7777777777777778, 0.7555555555555555]","[0.782608695652174, 0.8043478260869565, 0.7391304347826086, 0.8260869565217391, 0.7111111111111111, 0.8444444444444444, 0.7555555555555555, 0.8, 0.7777777777777778, 0.7555555555555555]","[0.782608695652174, 0.8043478260869565, 0.7391304347826086, 0.8260869565217391, 0.7111111111111111, 0.8444444444444444, 0.7555555555555555, 0.8, 0.7777777777777778, 0.7555555555555555]","[0.8051739926739927, 0.837719298245614, 0.7583333333333333, 0.8345238095238096, 0.7055194805194804, 0.8536764705882353, 0.7652777777777777, 0.8295940170940171, 0.7844742063492064, 0.7708333333333334]","[0.7861111111111111, 0.7902777777777777, 0.7151515151515151, 0.818939393939394, 0.7055194805194804, 0.8356060606060606, 0.7401515151515151, 0.7833333333333333, 0.7578282828282829, 0.7351010101010101]","[0.7902547021943573, 0.8057598039215685, 0.7217261904761905, 0.8181372549019608, 0.7047619047619047, 0.8426908263305323, 0.7484402852049912, 0.7928030303030302, 0.7605546123372949, 0.7434990638651966]","[0.7961856983596114, 0.8209382151029748, 0.7528985507246376, 0.8354037267080746, 0.7125252525252525, 0.8493464052287582, 0.7635802469135803, 0.8142450142450143, 0.784942680776014, 0.7635802469135803]","[0.782608695652174, 0.8043478260869565, 0.7391304347826086, 0.8260869565217391, 0.7111111111111111, 0.8444444444444444, 0.7555555555555555, 0.8, 0.7777777777777778, 0.7555555555555555]","[0.7848579119531144, 0.8046142369991474, 0.7311076604554865, 0.8230179028132992, 0.7111111111111111, 0.8448140367258014, 0.7549138443256092, 0.7948484848484848, 0.7722014714204868, 0.7510066338441624]","[array([[12,  0,  0,  0],
       [ 1,  7,  0,  1],
       [ 0,  0,  7,  3],
       [ 0,  0,  5, 10]]), array([[11,  0,  0,  1],
       [ 1,  7,  0,  1],
       [ 0,  0,  6,  4],
       [ 0,  0,  2, 13]]), array([[ 8,  3,  0,  0],
       [ 2,  7,  0,  1],
       [ 0,  0,  5,  5],
       [ 0,  0,  1, 14]]), array([[10,  1,  0,  0],
       [ 3,  6,  0,  1],
       [ 0,  0,  9,  1],
       [ 1,  0,  1, 13]]), array([[ 7,  4,  0,  0],
       [ 3,  7,  0,  0],
       [ 0,  0,  7,  3],
       [ 0,  0,  3, 11]]), array([[10,  1,  0,  0],
       [ 0,  9,  0,  1],
       [ 0,  0,  6,  3],
       [ 0,  0,  2, 13]]), array([[ 8,  2,  1,  0],
       [ 1,  6,  0,  2],
       [ 0,  0,  7,  3],
       [ 0,  0,  2, 13]]), array([[11,  0,  0,  0],
       [ 2,  6,  0,  1],
       [ 0,  0,  6,  4],
       [ 0,  0,  2, 13]]), array([[10,  1,  0,  0],
       [ 4,  5,  0,  0],
       [ 0,  0,  7,  3],
       [ 0,  0,  2, 13]]), array([[ 9,  1,  0,  1],
       [ 3,  5,  0,  1],
       [ 0,  0,  7,  3],
       [ 0,  0,  2, 13]])]"
13,"[1.0, 1.0, 1.0, 1.0, 1.0, 1.0, 1.0, 1.0, 1.0, 1.0]","[1.0, 1.0, 1.0, 1.0, 1.0, 1.0, 1.0, 1.0, 1.0, 1.0]","[1.0, 1.0, 1.0, 1.0, 1.0, 1.0, 1.0, 1.0, 1.0, 1.0]","[1.0, 1.0, 1.0, 1.0, 1.0, 1.0, 1.0, 1.0, 1.0, 1.0]","[1.0, 1.0, 1.0, 1.0, 1.0, 1.0, 1.0, 1.0, 1.0, 1.0]","[1.0, 1.0, 1.0, 1.0, 1.0, 1.0, 1.0, 1.0, 1.0, 1.0]","[1.0, 1.0, 1.0, 1.0, 1.0, 1.0, 1.0, 1.0, 1.0, 1.0]","[1.0, 1.0, 1.0, 1.0, 1.0, 1.0, 1.0, 1.0, 1.0, 1.0]","[1.0, 1.0, 1.0, 1.0, 1.0, 1.0, 1.0, 1.0, 1.0, 1.0]","[1.0, 1.0, 1.0, 1.0, 1.0, 1.0, 1.0, 1.0, 1.0, 1.0]","[array([[100,   0,   0,   0],
       [  0, 134,   0,   0],
       [  0,   0,  89,   0],
       [  0,   0,   0, 134]]), array([[100,   0,   0,   0],
       [  0, 134,   0,   0],
       [  0,   0,  89,   0],
       [  0,   0,   0, 134]]), array([[101,   0,   0,   0],
       [  0, 134,   0,   0],
       [  0,   0,  89,   0],
       [  0,   0,   0, 134]]), array([[101,   0,   0,   0],
       [  0, 134,   0,   0],
       [  0,   0,  89,   0],
       [  0,   0,   0, 134]]), array([[101,   0,   0,   0],
       [  0, 135,   0,   0],
       [  0,   0,  89,   0],
       [  0,   0,   0, 135]]), array([[101,   0,   0,   0],
       [  0, 134,   0,   0],
       [  0,   0,  90,   0],
       [  0,   0,   0, 134]]), array([[101,   0,   0,   0],
       [  0, 134,   0,   0],
       [  0,   0,  89,   0],
       [  0,   0,   0, 134]]), array([[101,   0,   0,   0],
       [  0, 134,   0,   0],
       [  0,   0,  89,   0],
       [  0,   0,   0, 134]]), array([[101,   0,   0,   0],
       [  0, 134,   0,   0],
       [  0,   0,  89,   0],
       [  0,   0,   0, 134]]), array([[101,   0,   0,   0],
       [  0, 134,   0,   0],
       [  0,   0,  89,   0],
       [  0,   0,   0, 134]])]","[0.7391304347826086, 0.782608695652174, 0.717391304347826, 0.8478260869565217, 0.7555555555555555, 0.8444444444444444, 0.7777777777777778, 0.8222222222222222, 0.7777777777777778, 0.8]","[0.7391304347826086, 0.782608695652174, 0.717391304347826, 0.8478260869565217, 0.7555555555555555, 0.8444444444444444, 0.7777777777777778, 0.8222222222222222, 0.7777777777777778, 0.8]","[0.7391304347826086, 0.782608695652174, 0.717391304347826, 0.8478260869565217, 0.7555555555555555, 0.8444444444444444, 0.7777777777777778, 0.8222222222222222, 0.7777777777777778, 0.8]","[0.7391304347826086, 0.782608695652174, 0.717391304347826, 0.8478260869565217, 0.7555555555555555, 0.8444444444444444, 0.7777777777777778, 0.8222222222222222, 0.7777777777777778, 0.8]","[0.7502289377289377, 0.8202380952380952, 0.7281746031746031, 0.890625, 0.7533730158730159, 0.8496323529411764, 0.7948412698412699, 0.8471593765711413, 0.7844742063492064, 0.8452380952380952]","[0.7374999999999999, 0.7652777777777778, 0.6984848484848485, 0.8333333333333333, 0.7509740259740258, 0.8323232323232324, 0.7628787878787878, 0.8083333333333332, 0.7578282828282829, 0.7717171717171718]","[0.7390047021943573, 0.7806897759103641, 0.7052480655253572, 0.8330189272464315, 0.7512912716574043, 0.8389180672268908, 0.7737554112554113, 0.8165021929824562, 0.7605546123372949, 0.7764936817568397]","[0.7481684981684983, 0.8020186335403726, 0.7261904761904762, 0.8845108695652174, 0.7561728395061729, 0.8472875816993464, 0.7877248677248677, 0.83457907379476, 0.784942680776014, 0.8313932980599646]","[0.7391304347826086, 0.782608695652174, 0.717391304347826, 0.8478260869565217, 0.7555555555555555, 0.8444444444444444, 0.7777777777777778, 0.8222222222222222, 0.7777777777777778, 0.8]","[0.7395318249965928, 0.7804393496529047, 0.7140210594417667, 0.8402543681941333, 0.7550470378845666, 0.843674136321195, 0.7777056277056278, 0.8186500974658868, 0.7722014714204868, 0.7885952643847381]","[array([[11,  1,  0,  0],
       [ 2,  6,  0,  1],
       [ 0,  0,  7,  3],
       [ 0,  0,  5, 10]]), array([[11,  0,  0,  1],
       [ 1,  7,  0,  1],
       [ 0,  0,  5,  5],
       [ 0,  0,  2, 13]]), array([[ 8,  3,  0,  0],
       [ 3,  6,  0,  1],
       [ 0,  0,  6,  4],
       [ 1,  0,  1, 13]]), array([[11,  0,  0,  0],
       [ 4,  5,  0,  1],
       [ 0,  0,  9,  1],
       [ 1,  0,  0, 14]]), array([[ 9,  2,  0,  0],
       [ 3,  7,  0,  0],
       [ 0,  0,  7,  3],
       [ 0,  0,  3, 11]]), array([[ 9,  2,  0,  0],
       [ 1,  8,  0,  1],
       [ 0,  0,  7,  2],
       [ 0,  0,  1, 14]]), array([[ 9,  1,  1,  0],
       [ 1,  6,  0,  2],
       [ 0,  0,  7,  3],
       [ 0,  0,  2, 13]]), array([[11,  0,  0,  0],
       [ 2,  6,  0,  1],
       [ 0,  0,  7,  3],
       [ 0,  0,  2, 13]]), array([[10,  1,  0,  0],
       [ 4,  5,  0,  0],
       [ 0,  0,  7,  3],
       [ 0,  0,  2, 13]]), array([[10,  0,  0,  1],
       [ 4,  4,  0,  1],
       [ 0,  0,  8,  2],
       [ 0,  0,  1, 14]])]"
14,"[1.0, 1.0, 1.0, 1.0, 1.0, 1.0, 1.0, 1.0, 1.0, 1.0]","[1.0, 1.0, 1.0, 1.0, 1.0, 1.0, 1.0, 1.0, 1.0, 1.0]","[1.0, 1.0, 1.0, 1.0, 1.0, 1.0, 1.0, 1.0, 1.0, 1.0]","[1.0, 1.0, 1.0, 1.0, 1.0, 1.0, 1.0, 1.0, 1.0, 1.0]","[1.0, 1.0, 1.0, 1.0, 1.0, 1.0, 1.0, 1.0, 1.0, 1.0]","[1.0, 1.0, 1.0, 1.0, 1.0, 1.0, 1.0, 1.0, 1.0, 1.0]","[1.0, 1.0, 1.0, 1.0, 1.0, 1.0, 1.0, 1.0, 1.0, 1.0]","[1.0, 1.0, 1.0, 1.0, 1.0, 1.0, 1.0, 1.0, 1.0, 1.0]","[1.0, 1.0, 1.0, 1.0, 1.0, 1.0, 1.0, 1.0, 1.0, 1.0]","[1.0, 1.0, 1.0, 1.0, 1.0, 1.0, 1.0, 1.0, 1.0, 1.0]","[array([[100,   0,   0,   0],
       [  0, 134,   0,   0],
       [  0,   0,  89,   0],
       [  0,   0,   0, 134]]), array([[100,   0,   0,   0],
       [  0, 134,   0,   0],
       [  0,   0,  89,   0],
       [  0,   0,   0, 134]]), array([[101,   0,   0,   0],
       [  0, 134,   0,   0],
       [  0,   0,  89,   0],
       [  0,   0,   0, 134]]), array([[101,   0,   0,   0],
       [  0, 134,   0,   0],
       [  0,   0,  89,   0],
       [  0,   0,   0, 134]]), array([[101,   0,   0,   0],
       [  0, 135,   0,   0],
       [  0,   0,  89,   0],
       [  0,   0,   0, 135]]), array([[101,   0,   0,   0],
       [  0, 134,   0,   0],
       [  0,   0,  90,   0],
       [  0,   0,   0, 134]]), array([[101,   0,   0,   0],
       [  0, 134,   0,   0],
       [  0,   0,  89,   0],
       [  0,   0,   0, 134]]), array([[101,   0,   0,   0],
       [  0, 134,   0,   0],
       [  0,   0,  89,   0],
       [  0,   0,   0, 134]]), array([[101,   0,   0,   0],
       [  0, 134,   0,   0],
       [  0,   0,  89,   0],
       [  0,   0,   0, 134]]), array([[101,   0,   0,   0],
       [  0, 134,   0,   0],
       [  0,   0,  89,   0],
       [  0,   0,   0, 134]])]","[0.7608695652173914, 0.782608695652174, 0.7608695652173914, 0.8478260869565217, 0.7555555555555555, 0.8666666666666667, 0.7777777777777778, 0.8222222222222222, 0.7777777777777778, 0.7777777777777778]","[0.7608695652173914, 0.782608695652174, 0.7608695652173914, 0.8478260869565217, 0.7555555555555555, 0.8666666666666667, 0.7777777777777778, 0.8222222222222222, 0.7777777777777778, 0.7777777777777778]","[0.7608695652173914, 0.782608695652174, 0.7608695652173914, 0.8478260869565217, 0.7555555555555555, 0.8666666666666667, 0.7777777777777778, 0.8222222222222222, 0.7777777777777778, 0.7777777777777778]","[0.7608695652173914, 0.782608695652174, 0.7608695652173914, 0.8478260869565217, 0.7555555555555555, 0.8666666666666667, 0.7777777777777778, 0.8222222222222222, 0.7777777777777778, 0.7777777777777778]","[0.7744047619047619, 0.8202380952380952, 0.7873737373737373, 0.8635198135198136, 0.7532467532467533, 0.8878968253968254, 0.7827168746286393, 0.8471593765711413, 0.7844742063492064, 0.7816964285714285]","[0.7722222222222223, 0.7652777777777778, 0.7401515151515152, 0.8439393939393939, 0.7532467532467533, 0.8500000000000001, 0.7651515151515152, 0.8083333333333332, 0.7578282828282829, 0.7550505050505051]","[0.7693037452565583, 0.7806897759103641, 0.7467261904761904, 0.8451680672268908, 0.7523809523809524, 0.8609738691260431, 0.7700717787114846, 0.8165021929824562, 0.7605546123372949, 0.7525345622119817]","[0.7771221532091097, 0.8020186335403726, 0.7800834431269215, 0.8618121009425357, 0.7571717171717173, 0.8769841269841269, 0.7838020730177593, 0.83457907379476, 0.784942680776014, 0.7832142857142858]","[0.7608695652173914, 0.782608695652174, 0.7608695652173914, 0.8478260869565217, 0.7555555555555555, 0.8666666666666667, 0.7777777777777778, 0.8222222222222222, 0.7777777777777778, 0.7777777777777778]","[0.7651413527685919, 0.7804393496529047, 0.7536749482401656, 0.84724759469005, 0.7555555555555555, 0.8641755721465867, 0.7768775287892936, 0.8186500974658868, 0.7722014714204868, 0.767188940092166]","[array([[10,  2,  0,  0],
       [ 0,  8,  0,  1],
       [ 0,  0,  7,  3],
       [ 0,  0,  5, 10]]), array([[11,  0,  0,  1],
       [ 1,  7,  0,  1],
       [ 0,  0,  5,  5],
       [ 0,  0,  2, 13]]), array([[ 8,  3,  0,  0],
       [ 1,  8,  0,  1],
       [ 0,  0,  5,  5],
       [ 0,  0,  1, 14]]), array([[10,  0,  1,  0],
       [ 2,  7,  0,  1],
       [ 0,  0,  9,  1],
       [ 1,  0,  1, 13]]), array([[ 8,  3,  0,  0],
       [ 2,  8,  0,  0],
       [ 0,  0,  7,  3],
       [ 0,  0,  3, 11]]), array([[11,  0,  0,  0],
       [ 1,  8,  0,  1],
       [ 0,  0,  6,  3],
       [ 0,  0,  1, 14]]), array([[ 8,  2,  1,  0],
       [ 1,  6,  0,  2],
       [ 0,  0,  8,  2],
       [ 0,  0,  2, 13]]), array([[11,  0,  0,  0],
       [ 2,  6,  0,  1],
       [ 0,  0,  7,  3],
       [ 0,  0,  2, 13]]), array([[10,  1,  0,  0],
       [ 4,  5,  0,  0],
       [ 0,  0,  7,  3],
       [ 0,  0,  2, 13]]), array([[10,  1,  0,  0],
       [ 4,  4,  0,  1],
       [ 0,  0,  8,  2],
       [ 0,  0,  2, 13]])]"
15,"[1.0, 1.0, 1.0, 1.0, 1.0, 1.0, 1.0, 1.0, 1.0, 1.0]","[1.0, 1.0, 1.0, 1.0, 1.0, 1.0, 1.0, 1.0, 1.0, 1.0]","[1.0, 1.0, 1.0, 1.0, 1.0, 1.0, 1.0, 1.0, 1.0, 1.0]","[1.0, 1.0, 1.0, 1.0, 1.0, 1.0, 1.0, 1.0, 1.0, 1.0]","[1.0, 1.0, 1.0, 1.0, 1.0, 1.0, 1.0, 1.0, 1.0, 1.0]","[1.0, 1.0, 1.0, 1.0, 1.0, 1.0, 1.0, 1.0, 1.0, 1.0]","[1.0, 1.0, 1.0, 1.0, 1.0, 1.0, 1.0, 1.0, 1.0, 1.0]","[1.0, 1.0, 1.0, 1.0, 1.0, 1.0, 1.0, 1.0, 1.0, 1.0]","[1.0, 1.0, 1.0, 1.0, 1.0, 1.0, 1.0, 1.0, 1.0, 1.0]","[1.0, 1.0, 1.0, 1.0, 1.0, 1.0, 1.0, 1.0, 1.0, 1.0]","[array([[100,   0,   0,   0],
       [  0, 134,   0,   0],
       [  0,   0,  89,   0],
       [  0,   0,   0, 134]]), array([[100,   0,   0,   0],
       [  0, 134,   0,   0],
       [  0,   0,  89,   0],
       [  0,   0,   0, 134]]), array([[101,   0,   0,   0],
       [  0, 134,   0,   0],
       [  0,   0,  89,   0],
       [  0,   0,   0, 134]]), array([[101,   0,   0,   0],
       [  0, 134,   0,   0],
       [  0,   0,  89,   0],
       [  0,   0,   0, 134]]), array([[101,   0,   0,   0],
       [  0, 135,   0,   0],
       [  0,   0,  89,   0],
       [  0,   0,   0, 135]]), array([[101,   0,   0,   0],
       [  0, 134,   0,   0],
       [  0,   0,  90,   0],
       [  0,   0,   0, 134]]), array([[101,   0,   0,   0],
       [  0, 134,   0,   0],
       [  0,   0,  89,   0],
       [  0,   0,   0, 134]]), array([[101,   0,   0,   0],
       [  0, 134,   0,   0],
       [  0,   0,  89,   0],
       [  0,   0,   0, 134]]), array([[101,   0,   0,   0],
       [  0, 134,   0,   0],
       [  0,   0,  89,   0],
       [  0,   0,   0, 134]]), array([[101,   0,   0,   0],
       [  0, 134,   0,   0],
       [  0,   0,  89,   0],
       [  0,   0,   0, 134]])]","[0.782608695652174, 0.8260869565217391, 0.6739130434782609, 0.8043478260869565, 0.7333333333333333, 0.8666666666666667, 0.7777777777777778, 0.8, 0.7555555555555555, 0.8666666666666667]","[0.782608695652174, 0.8260869565217391, 0.6739130434782609, 0.8043478260869565, 0.7333333333333333, 0.8666666666666667, 0.7777777777777778, 0.8, 0.7555555555555555, 0.8666666666666667]","[0.782608695652174, 0.8260869565217391, 0.6739130434782609, 0.8043478260869565, 0.7333333333333333, 0.8666666666666667, 0.7777777777777778, 0.8, 0.7555555555555555, 0.8666666666666667]","[0.782608695652174, 0.8260869565217391, 0.6739130434782609, 0.8043478260869565, 0.7333333333333333, 0.8666666666666667, 0.7777777777777778, 0.8, 0.7555555555555555, 0.8666666666666667]","[0.8051739926739927, 0.8541666666666666, 0.6862108479755539, 0.8085747585747586, 0.7317821067821068, 0.8680555555555556, 0.7948412698412699, 0.805239898989899, 0.749217796092796, 0.8822916666666667]","[0.7861111111111111, 0.8152777777777778, 0.6590909090909092, 0.7962121212121213, 0.7305194805194806, 0.8550505050505051, 0.7628787878787878, 0.7795454545454545, 0.7351010101010101, 0.861111111111111]","[0.7902547021943573, 0.8290968899521531, 0.6659186401833461, 0.7949229691876751, 0.7285714285714285, 0.8596064246913795, 0.7737554112554113, 0.7875816993464053, 0.7376379456706282, 0.8675578541374475]","[0.7961856983596114, 0.8393719806763286, 0.6872654200019929, 0.8123615514919863, 0.7375982042648709, 0.8679012345679012, 0.7877248677248677, 0.8037037037037037, 0.755760751594085, 0.8726851851851851]","[0.782608695652174, 0.8260869565217391, 0.6739130434782609, 0.8043478260869565, 0.7333333333333333, 0.8666666666666667, 0.7777777777777778, 0.8, 0.7555555555555555, 0.8666666666666667]","[0.7848579119531144, 0.8274261493655086, 0.6744154183412495, 0.8017446108878334, 0.7330158730158729, 0.8654760405675521, 0.7777056277056278, 0.7968442595893576, 0.7516459158649311, 0.8661640953716689]","[array([[12,  0,  0,  0],
       [ 1,  7,  0,  1],
       [ 0,  0,  7,  3],
       [ 0,  0,  5, 10]]), array([[11,  0,  0,  1],
       [ 1,  7,  0,  1],
       [ 0,  0,  7,  3],
       [ 0,  0,  2, 13]]), array([[ 7,  4,  0,  0],
       [ 3,  6,  0,  1],
       [ 0,  0,  6,  4],
       [ 1,  1,  1, 12]]), array([[ 9,  1,  1,  0],
       [ 3,  6,  0,  1],
       [ 0,  0,  9,  1],
       [ 1,  0,  1, 13]]), array([[ 7,  3,  1,  0],
       [ 2,  8,  0,  0],
       [ 0,  0,  7,  3],
       [ 0,  0,  3, 11]]), array([[10,  1,  0,  0],
       [ 2,  8,  0,  0],
       [ 0,  0,  7,  2],
       [ 0,  0,  1, 14]]), array([[ 9,  1,  1,  0],
       [ 1,  6,  0,  2],
       [ 0,  0,  7,  3],
       [ 0,  0,  2, 13]]), array([[ 9,  2,  0,  0],
       [ 2,  6,  0,  1],
       [ 0,  0,  7,  3],
       [ 0,  0,  1, 14]]), array([[ 9,  2,  0,  0],
       [ 4,  5,  0,  0],
       [ 0,  0,  7,  3],
       [ 0,  0,  2, 13]]), array([[11,  0,  0,  0],
       [ 1,  7,  0,  1],
       [ 0,  0,  8,  2],
       [ 0,  0,  2, 13]])]"
16,"[1.0, 1.0, 1.0, 1.0, 1.0, 1.0, 1.0, 1.0, 1.0, 1.0]","[1.0, 1.0, 1.0, 1.0, 1.0, 1.0, 1.0, 1.0, 1.0, 1.0]","[1.0, 1.0, 1.0, 1.0, 1.0, 1.0, 1.0, 1.0, 1.0, 1.0]","[1.0, 1.0, 1.0, 1.0, 1.0, 1.0, 1.0, 1.0, 1.0, 1.0]","[1.0, 1.0, 1.0, 1.0, 1.0, 1.0, 1.0, 1.0, 1.0, 1.0]","[1.0, 1.0, 1.0, 1.0, 1.0, 1.0, 1.0, 1.0, 1.0, 1.0]","[1.0, 1.0, 1.0, 1.0, 1.0, 1.0, 1.0, 1.0, 1.0, 1.0]","[1.0, 1.0, 1.0, 1.0, 1.0, 1.0, 1.0, 1.0, 1.0, 1.0]","[1.0, 1.0, 1.0, 1.0, 1.0, 1.0, 1.0, 1.0, 1.0, 1.0]","[1.0, 1.0, 1.0, 1.0, 1.0, 1.0, 1.0, 1.0, 1.0, 1.0]","[array([[100,   0,   0,   0],
       [  0, 134,   0,   0],
       [  0,   0,  89,   0],
       [  0,   0,   0, 134]]), array([[100,   0,   0,   0],
       [  0, 134,   0,   0],
       [  0,   0,  89,   0],
       [  0,   0,   0, 134]]), array([[101,   0,   0,   0],
       [  0, 134,   0,   0],
       [  0,   0,  89,   0],
       [  0,   0,   0, 134]]), array([[101,   0,   0,   0],
       [  0, 134,   0,   0],
       [  0,   0,  89,   0],
       [  0,   0,   0, 134]]), array([[101,   0,   0,   0],
       [  0, 135,   0,   0],
       [  0,   0,  89,   0],
       [  0,   0,   0, 135]]), array([[101,   0,   0,   0],
       [  0, 134,   0,   0],
       [  0,   0,  90,   0],
       [  0,   0,   0, 134]]), array([[101,   0,   0,   0],
       [  0, 134,   0,   0],
       [  0,   0,  89,   0],
       [  0,   0,   0, 134]]), array([[101,   0,   0,   0],
       [  0, 134,   0,   0],
       [  0,   0,  89,   0],
       [  0,   0,   0, 134]]), array([[101,   0,   0,   0],
       [  0, 134,   0,   0],
       [  0,   0,  89,   0],
       [  0,   0,   0, 134]]), array([[101,   0,   0,   0],
       [  0, 134,   0,   0],
       [  0,   0,  89,   0],
       [  0,   0,   0, 134]])]","[0.782608695652174, 0.8260869565217391, 0.7391304347826086, 0.782608695652174, 0.7777777777777778, 0.8222222222222222, 0.7333333333333333, 0.8222222222222222, 0.7777777777777778, 0.8]","[0.782608695652174, 0.8260869565217391, 0.7391304347826086, 0.782608695652174, 0.7777777777777778, 0.8222222222222222, 0.7333333333333333, 0.8222222222222222, 0.7777777777777778, 0.8]","[0.782608695652174, 0.8260869565217391, 0.7391304347826086, 0.782608695652174, 0.7777777777777778, 0.8222222222222222, 0.7333333333333333, 0.8222222222222222, 0.7777777777777778, 0.8]","[0.782608695652174, 0.8260869565217391, 0.7391304347826086, 0.782608695652174, 0.7777777777777778, 0.8222222222222222, 0.7333333333333333, 0.8222222222222222, 0.7777777777777778, 0.8]","[0.8051739926739927, 0.8541666666666666, 0.7516594516594517, 0.775, 0.7822871572871573, 0.8221688034188034, 0.7409722222222221, 0.8358134920634921, 0.7844742063492064, 0.8362418831168832]","[0.7861111111111111, 0.8152777777777778, 0.7234848484848485, 0.7734848484848484, 0.775974025974026, 0.8133838383838383, 0.7174242424242424, 0.8022727272727272, 0.7578282828282829, 0.780050505050505]","[0.7902547021943573, 0.8290968899521531, 0.7302584670231729, 0.7734744469870328, 0.7781670084301663, 0.8150928792569659, 0.7228468899521532, 0.8114569609134826, 0.7605546123372949, 0.7778092874867069]","[0.7961856983596114, 0.8393719806763286, 0.7479296066252588, 0.782608695652174, 0.7833894500561167, 0.8247625830959164, 0.7435185185185186, 0.8288359788359787, 0.784942680776014, 0.8272546897546899]","[0.782608695652174, 0.8260869565217391, 0.7391304347826086, 0.782608695652174, 0.7777777777777778, 0.8222222222222222, 0.7333333333333333, 0.8222222222222222, 0.7777777777777778, 0.8]","[0.7848579119531144, 0.8274261493655086, 0.7364566379911648, 0.7819122475375585, 0.779727095516569, 0.8210411650040133, 0.731632110579479, 0.8182281754745524, 0.7722014714204868, 0.7886785615817874]","[array([[12,  0,  0,  0],
       [ 1,  7,  0,  1],
       [ 0,  0,  7,  3],
       [ 0,  0,  5, 10]]), array([[11,  0,  0,  1],
       [ 1,  7,  0,  1],
       [ 0,  0,  7,  3],
       [ 0,  0,  2, 13]]), array([[ 8,  3,  0,  0],
       [ 2,  7,  0,  1],
       [ 0,  0,  6,  4],
       [ 1,  0,  1, 13]]), array([[ 8,  3,  0,  0],
       [ 3,  6,  0,  1],
       [ 0,  0,  9,  1],
       [ 1,  0,  1, 13]]), array([[ 9,  1,  1,  0],
       [ 2,  8,  0,  0],
       [ 0,  0,  7,  3],
       [ 0,  0,  3, 11]]), array([[10,  1,  0,  0],
       [ 3,  7,  0,  0],
       [ 0,  0,  7,  2],
       [ 0,  1,  1, 13]]), array([[ 7,  3,  1,  0],
       [ 1,  6,  0,  2],
       [ 0,  0,  7,  3],
       [ 0,  0,  2, 13]]), array([[10,  1,  0,  0],
       [ 2,  6,  0,  1],
       [ 0,  0,  7,  3],
       [ 0,  0,  1, 14]]), array([[10,  1,  0,  0],
       [ 4,  5,  0,  0],
       [ 0,  0,  7,  3],
       [ 0,  0,  2, 13]]), array([[10,  0,  0,  1],
       [ 4,  4,  0,  1],
       [ 0,  0,  9,  1],
       [ 0,  0,  2, 13]])]"
17,"[1.0, 1.0, 1.0, 1.0, 1.0, 1.0, 1.0, 1.0, 1.0, 1.0]","[1.0, 1.0, 1.0, 1.0, 1.0, 1.0, 1.0, 1.0, 1.0, 1.0]","[1.0, 1.0, 1.0, 1.0, 1.0, 1.0, 1.0, 1.0, 1.0, 1.0]","[1.0, 1.0, 1.0, 1.0, 1.0, 1.0, 1.0, 1.0, 1.0, 1.0]","[1.0, 1.0, 1.0, 1.0, 1.0, 1.0, 1.0, 1.0, 1.0, 1.0]","[1.0, 1.0, 1.0, 1.0, 1.0, 1.0, 1.0, 1.0, 1.0, 1.0]","[1.0, 1.0, 1.0, 1.0, 1.0, 1.0, 1.0, 1.0, 1.0, 1.0]","[1.0, 1.0, 1.0, 1.0, 1.0, 1.0, 1.0, 1.0, 1.0, 1.0]","[1.0, 1.0, 1.0, 1.0, 1.0, 1.0, 1.0, 1.0, 1.0, 1.0]","[1.0, 1.0, 1.0, 1.0, 1.0, 1.0, 1.0, 1.0, 1.0, 1.0]","[array([[100,   0,   0,   0],
       [  0, 134,   0,   0],
       [  0,   0,  89,   0],
       [  0,   0,   0, 134]]), array([[100,   0,   0,   0],
       [  0, 134,   0,   0],
       [  0,   0,  89,   0],
       [  0,   0,   0, 134]]), array([[101,   0,   0,   0],
       [  0, 134,   0,   0],
       [  0,   0,  89,   0],
       [  0,   0,   0, 134]]), array([[101,   0,   0,   0],
       [  0, 134,   0,   0],
       [  0,   0,  89,   0],
       [  0,   0,   0, 134]]), array([[101,   0,   0,   0],
       [  0, 135,   0,   0],
       [  0,   0,  89,   0],
       [  0,   0,   0, 135]]), array([[101,   0,   0,   0],
       [  0, 134,   0,   0],
       [  0,   0,  90,   0],
       [  0,   0,   0, 134]]), array([[101,   0,   0,   0],
       [  0, 134,   0,   0],
       [  0,   0,  89,   0],
       [  0,   0,   0, 134]]), array([[101,   0,   0,   0],
       [  0, 134,   0,   0],
       [  0,   0,  89,   0],
       [  0,   0,   0, 134]]), array([[101,   0,   0,   0],
       [  0, 134,   0,   0],
       [  0,   0,  89,   0],
       [  0,   0,   0, 134]]), array([[101,   0,   0,   0],
       [  0, 134,   0,   0],
       [  0,   0,  89,   0],
       [  0,   0,   0, 134]])]","[0.8260869565217391, 0.8260869565217391, 0.7391304347826086, 0.782608695652174, 0.7333333333333333, 0.8444444444444444, 0.7777777777777778, 0.7777777777777778, 0.7333333333333333, 0.8666666666666667]","[0.8260869565217391, 0.8260869565217391, 0.7391304347826086, 0.782608695652174, 0.7333333333333333, 0.8444444444444444, 0.7777777777777778, 0.7777777777777778, 0.7333333333333333, 0.8666666666666667]","[0.8260869565217391, 0.8260869565217391, 0.7391304347826086, 0.782608695652174, 0.7333333333333333, 0.8444444444444444, 0.7777777777777778, 0.7777777777777778, 0.7333333333333333, 0.8666666666666667]","[0.8260869565217391, 0.8260869565217391, 0.7391304347826086, 0.782608695652174, 0.7333333333333333, 0.8444444444444444, 0.7777777777777778, 0.7777777777777778, 0.7333333333333333, 0.8666666666666667]","[0.8461538461538461, 0.8471593765711413, 0.7471288515406163, 0.7904876373626373, 0.7325396825396825, 0.8420454545454545, 0.7827168746286393, 0.805952380952381, 0.7266483516483515, 0.8827838827838828]","[0.8388888888888889, 0.8152777777777778, 0.7257575757575758, 0.7712121212121212, 0.7305194805194806, 0.8323232323232324, 0.7651515151515152, 0.7494949494949494, 0.7184343434343434, 0.8606060606060606]","[0.8377785896967482, 0.8260855263157895, 0.7280804367201427, 0.7736480075901329, 0.7282467532467531, 0.8362342590995342, 0.7700717787114846, 0.7605285592497868, 0.71875, 0.8597439916405434]","[0.8411371237458194, 0.8348306992808271, 0.7480148581171598, 0.7907459388437649, 0.7382716049382716, 0.8444444444444444, 0.7838020730177593, 0.7941798941798942, 0.7343101343101343, 0.8827431827431828]","[0.8260869565217391, 0.8260869565217391, 0.7391304347826086, 0.782608695652174, 0.7333333333333333, 0.8444444444444444, 0.7777777777777778, 0.7777777777777778, 0.7333333333333333, 0.8666666666666667]","[0.8291607758415275, 0.8258895881006865, 0.7359213942493994, 0.7802058411022194, 0.7327272727272727, 0.8435589289479233, 0.7768775287892936, 0.7694231315714691, 0.7305555555555555, 0.8645744804365494]","[array([[12,  0,  0,  0],
       [ 0,  8,  0,  1],
       [ 0,  0,  8,  2],
       [ 0,  0,  5, 10]]), array([[11,  0,  0,  1],
       [ 2,  7,  0,  0],
       [ 0,  0,  7,  3],
       [ 0,  0,  2, 13]]), array([[ 7,  4,  0,  0],
       [ 2,  8,  0,  0],
       [ 0,  0,  6,  4],
       [ 1,  0,  1, 13]]), array([[ 9,  1,  1,  0],
       [ 3,  6,  0,  1],
       [ 0,  0,  8,  2],
       [ 1,  0,  1, 13]]), array([[ 7,  4,  0,  0],
       [ 2,  8,  0,  0],
       [ 0,  0,  7,  3],
       [ 0,  0,  3, 11]]), array([[ 9,  2,  0,  0],
       [ 2,  8,  0,  0],
       [ 0,  0,  7,  2],
       [ 0,  0,  1, 14]]), array([[ 8,  2,  1,  0],
       [ 1,  6,  0,  2],
       [ 0,  0,  8,  2],
       [ 0,  0,  2, 13]]), array([[10,  1,  0,  0],
       [ 2,  5,  0,  2],
       [ 0,  0,  6,  4],
       [ 0,  0,  1, 14]]), array([[ 9,  2,  0,  0],
       [ 4,  5,  0,  0],
       [ 0,  0,  7,  3],
       [ 0,  0,  3, 12]]), array([[10,  0,  0,  1],
       [ 3,  6,  0,  0],
       [ 0,  0, 10,  0],
       [ 0,  0,  2, 13]])]"
18,"[1.0, 1.0, 1.0, 1.0, 1.0, 1.0, 1.0, 1.0, 1.0, 1.0]","[1.0, 1.0, 1.0, 1.0, 1.0, 1.0, 1.0, 1.0, 1.0, 1.0]","[1.0, 1.0, 1.0, 1.0, 1.0, 1.0, 1.0, 1.0, 1.0, 1.0]","[1.0, 1.0, 1.0, 1.0, 1.0, 1.0, 1.0, 1.0, 1.0, 1.0]","[1.0, 1.0, 1.0, 1.0, 1.0, 1.0, 1.0, 1.0, 1.0, 1.0]","[1.0, 1.0, 1.0, 1.0, 1.0, 1.0, 1.0, 1.0, 1.0, 1.0]","[1.0, 1.0, 1.0, 1.0, 1.0, 1.0, 1.0, 1.0, 1.0, 1.0]","[1.0, 1.0, 1.0, 1.0, 1.0, 1.0, 1.0, 1.0, 1.0, 1.0]","[1.0, 1.0, 1.0, 1.0, 1.0, 1.0, 1.0, 1.0, 1.0, 1.0]","[1.0, 1.0, 1.0, 1.0, 1.0, 1.0, 1.0, 1.0, 1.0, 1.0]","[array([[100,   0,   0,   0],
       [  0, 134,   0,   0],
       [  0,   0,  89,   0],
       [  0,   0,   0, 134]]), array([[100,   0,   0,   0],
       [  0, 134,   0,   0],
       [  0,   0,  89,   0],
       [  0,   0,   0, 134]]), array([[101,   0,   0,   0],
       [  0, 134,   0,   0],
       [  0,   0,  89,   0],
       [  0,   0,   0, 134]]), array([[101,   0,   0,   0],
       [  0, 134,   0,   0],
       [  0,   0,  89,   0],
       [  0,   0,   0, 134]]), array([[101,   0,   0,   0],
       [  0, 135,   0,   0],
       [  0,   0,  89,   0],
       [  0,   0,   0, 135]]), array([[101,   0,   0,   0],
       [  0, 134,   0,   0],
       [  0,   0,  90,   0],
       [  0,   0,   0, 134]]), array([[101,   0,   0,   0],
       [  0, 134,   0,   0],
       [  0,   0,  89,   0],
       [  0,   0,   0, 134]]), array([[101,   0,   0,   0],
       [  0, 134,   0,   0],
       [  0,   0,  89,   0],
       [  0,   0,   0, 134]]), array([[101,   0,   0,   0],
       [  0, 134,   0,   0],
       [  0,   0,  89,   0],
       [  0,   0,   0, 134]]), array([[101,   0,   0,   0],
       [  0, 134,   0,   0],
       [  0,   0,  89,   0],
       [  0,   0,   0, 134]])]","[0.7391304347826086, 0.8260869565217391, 0.717391304347826, 0.7608695652173914, 0.7333333333333333, 0.8666666666666667, 0.7555555555555555, 0.8, 0.7555555555555555, 0.8444444444444444]","[0.7391304347826086, 0.8260869565217391, 0.717391304347826, 0.7608695652173914, 0.7333333333333333, 0.8666666666666667, 0.7555555555555555, 0.8, 0.7555555555555555, 0.8444444444444444]","[0.7391304347826086, 0.8260869565217391, 0.717391304347826, 0.7608695652173914, 0.7333333333333333, 0.8666666666666667, 0.7555555555555555, 0.8, 0.7555555555555555, 0.8444444444444444]","[0.7391304347826086, 0.8260869565217391, 0.717391304347826, 0.7608695652173914, 0.7333333333333333, 0.8666666666666667, 0.7555555555555555, 0.8, 0.7555555555555555, 0.8444444444444444]","[0.7799242424242424, 0.8351158645276292, 0.7404970760233918, 0.772983552395317, 0.7282467532467531, 0.8672348484848486, 0.7652777777777777, 0.8211152882205514, 0.7619047619047619, 0.8635198135198136]","[0.7194444444444444, 0.8222222222222223, 0.7007575757575758, 0.7462121212121212, 0.7282467532467531, 0.8633838383838384, 0.7401515151515151, 0.7772727272727273, 0.7411616161616161, 0.8356060606060606]","[0.7181318681318681, 0.8269490528858378, 0.7042446524064171, 0.7513061145510836, 0.7282467532467531, 0.8641074611662847, 0.7484402852049912, 0.7872442455242967, 0.7416666666666667, 0.8392857142857143]","[0.7687747035573121, 0.8295099330904957, 0.7351894228324435, 0.7703299826061974, 0.7333333333333333, 0.8679292929292929, 0.7635802469135803, 0.8112225006961848, 0.7634920634920636, 0.8587412587412586]","[0.7391304347826086, 0.8260869565217391, 0.717391304347826, 0.7608695652173914, 0.7333333333333333, 0.8666666666666667, 0.7555555555555555, 0.8, 0.7555555555555555, 0.8444444444444444]","[0.7280617932791845, 0.8258848622027659, 0.7107242501743779, 0.7579292300444205, 0.7333333333333333, 0.8662931839402426, 0.7549138443256092, 0.7939329354930378, 0.7511111111111111, 0.8430687830687831]","[array([[12,  0,  0,  0],
       [ 4,  4,  0,  1],
       [ 0,  0,  7,  3],
       [ 0,  0,  4, 11]]), array([[10,  1,  0,  1],
       [ 1,  8,  0,  0],
       [ 0,  0,  7,  3],
       [ 0,  0,  2, 13]]), array([[ 7,  4,  0,  0],
       [ 1,  8,  0,  1],
       [ 0,  0,  5,  5],
       [ 1,  0,  1, 13]]), array([[ 9,  1,  1,  0],
       [ 3,  6,  0,  1],
       [ 0,  0,  7,  3],
       [ 1,  0,  1, 13]]), array([[ 8,  3,  0,  0],
       [ 3,  7,  0,  0],
       [ 0,  0,  7,  3],
       [ 0,  0,  3, 11]]), array([[10,  1,  0,  0],
       [ 1,  9,  0,  0],
       [ 0,  0,  7,  2],
       [ 0,  1,  1, 13]]), array([[ 8,  2,  1,  0],
       [ 1,  6,  0,  2],
       [ 0,  0,  7,  3],
       [ 0,  0,  2, 13]]), array([[10,  1,  0,  0],
       [ 2,  6,  0,  1],
       [ 0,  0,  6,  4],
       [ 0,  0,  1, 14]]), array([[10,  1,  0,  0],
       [ 4,  5,  0,  0],
       [ 0,  0,  7,  3],
       [ 0,  0,  3, 12]]), array([[10,  0,  0,  1],
       [ 3,  6,  0,  0],
       [ 0,  0,  9,  1],
       [ 0,  0,  2, 13]])]"
19,"[1.0, 1.0, 1.0, 1.0, 1.0, 1.0, 1.0, 1.0, 1.0, 1.0]","[1.0, 1.0, 1.0, 1.0, 1.0, 1.0, 1.0, 1.0, 1.0, 1.0]","[1.0, 1.0, 1.0, 1.0, 1.0, 1.0, 1.0, 1.0, 1.0, 1.0]","[1.0, 1.0, 1.0, 1.0, 1.0, 1.0, 1.0, 1.0, 1.0, 1.0]","[1.0, 1.0, 1.0, 1.0, 1.0, 1.0, 1.0, 1.0, 1.0, 1.0]","[1.0, 1.0, 1.0, 1.0, 1.0, 1.0, 1.0, 1.0, 1.0, 1.0]","[1.0, 1.0, 1.0, 1.0, 1.0, 1.0, 1.0, 1.0, 1.0, 1.0]","[1.0, 1.0, 1.0, 1.0, 1.0, 1.0, 1.0, 1.0, 1.0, 1.0]","[1.0, 1.0, 1.0, 1.0, 1.0, 1.0, 1.0, 1.0, 1.0, 1.0]","[1.0, 1.0, 1.0, 1.0, 1.0, 1.0, 1.0, 1.0, 1.0, 1.0]","[array([[100,   0,   0,   0],
       [  0, 134,   0,   0],
       [  0,   0,  89,   0],
       [  0,   0,   0, 134]]), array([[100,   0,   0,   0],
       [  0, 134,   0,   0],
       [  0,   0,  89,   0],
       [  0,   0,   0, 134]]), array([[101,   0,   0,   0],
       [  0, 134,   0,   0],
       [  0,   0,  89,   0],
       [  0,   0,   0, 134]]), array([[101,   0,   0,   0],
       [  0, 134,   0,   0],
       [  0,   0,  89,   0],
       [  0,   0,   0, 134]]), array([[101,   0,   0,   0],
       [  0, 135,   0,   0],
       [  0,   0,  89,   0],
       [  0,   0,   0, 135]]), array([[101,   0,   0,   0],
       [  0, 134,   0,   0],
       [  0,   0,  90,   0],
       [  0,   0,   0, 134]]), array([[101,   0,   0,   0],
       [  0, 134,   0,   0],
       [  0,   0,  89,   0],
       [  0,   0,   0, 134]]), array([[101,   0,   0,   0],
       [  0, 134,   0,   0],
       [  0,   0,  89,   0],
       [  0,   0,   0, 134]]), array([[101,   0,   0,   0],
       [  0, 134,   0,   0],
       [  0,   0,  89,   0],
       [  0,   0,   0, 134]]), array([[101,   0,   0,   0],
       [  0, 134,   0,   0],
       [  0,   0,  89,   0],
       [  0,   0,   0, 134]])]","[0.7391304347826086, 0.8695652173913043, 0.6739130434782609, 0.782608695652174, 0.7777777777777778, 0.8888888888888888, 0.7333333333333333, 0.8222222222222222, 0.7555555555555555, 0.8222222222222222]","[0.7391304347826086, 0.8695652173913043, 0.6739130434782609, 0.782608695652174, 0.7777777777777778, 0.8888888888888888, 0.7333333333333333, 0.8222222222222222, 0.7555555555555555, 0.8222222222222222]","[0.7391304347826086, 0.8695652173913043, 0.6739130434782609, 0.782608695652174, 0.7777777777777778, 0.8888888888888888, 0.7333333333333333, 0.8222222222222222, 0.7555555555555555, 0.8222222222222222]","[0.7391304347826086, 0.8695652173913043, 0.6739130434782609, 0.782608695652174, 0.7777777777777778, 0.8888888888888888, 0.7333333333333333, 0.8222222222222222, 0.7555555555555555, 0.8222222222222222]","[0.7803571428571429, 0.892361111111111, 0.6862108479755539, 0.8027836134453781, 0.7811507936507935, 0.8861111111111111, 0.7409722222222221, 0.8600347021399654, 0.7619047619047619, 0.8208333333333334]","[0.7388888888888889, 0.8597222222222223, 0.6590909090909092, 0.7689393939393939, 0.7782467532467532, 0.8828282828282827, 0.7174242424242424, 0.8, 0.7411616161616161, 0.8101010101010101]","[0.7341269841269841, 0.8710264408793821, 0.6659186401833461, 0.7740400326797385, 0.775974025974026, 0.8834731756928553, 0.7228468899521532, 0.8115196078431373, 0.7416666666666667, 0.8062582345191041]","[0.773136645962733, 0.878623188405797, 0.6872654200019929, 0.7967208622579467, 0.7839506172839507, 0.8901234567901235, 0.7435185185185186, 0.8429278324015166, 0.7634920634920636, 0.8240740740740742]","[0.7391304347826086, 0.8695652173913043, 0.6739130434782609, 0.782608695652174, 0.7777777777777778, 0.8888888888888888, 0.7333333333333333, 0.8222222222222222, 0.7555555555555555, 0.8222222222222222]","[0.7339544513457557, 0.8690356247901004, 0.6744154183412495, 0.7787848110258596, 0.7773737373737374, 0.8885837782862954, 0.731632110579479, 0.8154466230936818, 0.7511111111111111, 0.8155467720685111]","[array([[12,  0,  0,  0],
       [ 3,  5,  0,  1],
       [ 0,  0,  8,  2],
       [ 0,  0,  6,  9]]), array([[11,  0,  0,  1],
       [ 1,  8,  0,  0],
       [ 0,  0,  7,  3],
       [ 0,  0,  1, 14]]), array([[ 7,  4,  0,  0],
       [ 3,  6,  0,  1],
       [ 0,  0,  6,  4],
       [ 1,  1,  1, 12]]), array([[10,  1,  0,  0],
       [ 3,  6,  0,  1],
       [ 0,  0,  7,  3],
       [ 1,  0,  1, 13]]), array([[ 8,  3,  0,  0],
       [ 1,  9,  0,  0],
       [ 0,  0,  7,  3],
       [ 0,  0,  3, 11]]), array([[10,  1,  0,  0],
       [ 2,  8,  0,  0],
       [ 0,  0,  8,  1],
       [ 0,  0,  1, 14]]), array([[ 7,  3,  1,  0],
       [ 1,  6,  0,  2],
       [ 0,  0,  7,  3],
       [ 0,  0,  2, 13]]), array([[11,  0,  0,  0],
       [ 2,  6,  0,  1],
       [ 0,  0,  6,  4],
       [ 0,  0,  1, 14]]), array([[10,  1,  0,  0],
       [ 4,  5,  0,  0],
       [ 0,  0,  7,  3],
       [ 0,  0,  3, 12]]), array([[ 9,  1,  0,  1],
       [ 3,  5,  0,  1],
       [ 0,  0, 10,  0],
       [ 0,  0,  2, 13]])]"
20,"[1.0, 1.0, 1.0, 1.0, 1.0, 1.0, 1.0, 1.0, 1.0, 1.0]","[1.0, 1.0, 1.0, 1.0, 1.0, 1.0, 1.0, 1.0, 1.0, 1.0]","[1.0, 1.0, 1.0, 1.0, 1.0, 1.0, 1.0, 1.0, 1.0, 1.0]","[1.0, 1.0, 1.0, 1.0, 1.0, 1.0, 1.0, 1.0, 1.0, 1.0]","[1.0, 1.0, 1.0, 1.0, 1.0, 1.0, 1.0, 1.0, 1.0, 1.0]","[1.0, 1.0, 1.0, 1.0, 1.0, 1.0, 1.0, 1.0, 1.0, 1.0]","[1.0, 1.0, 1.0, 1.0, 1.0, 1.0, 1.0, 1.0, 1.0, 1.0]","[1.0, 1.0, 1.0, 1.0, 1.0, 1.0, 1.0, 1.0, 1.0, 1.0]","[1.0, 1.0, 1.0, 1.0, 1.0, 1.0, 1.0, 1.0, 1.0, 1.0]","[1.0, 1.0, 1.0, 1.0, 1.0, 1.0, 1.0, 1.0, 1.0, 1.0]","[array([[100,   0,   0,   0],
       [  0, 134,   0,   0],
       [  0,   0,  89,   0],
       [  0,   0,   0, 134]]), array([[100,   0,   0,   0],
       [  0, 134,   0,   0],
       [  0,   0,  89,   0],
       [  0,   0,   0, 134]]), array([[101,   0,   0,   0],
       [  0, 134,   0,   0],
       [  0,   0,  89,   0],
       [  0,   0,   0, 134]]), array([[101,   0,   0,   0],
       [  0, 134,   0,   0],
       [  0,   0,  89,   0],
       [  0,   0,   0, 134]]), array([[101,   0,   0,   0],
       [  0, 135,   0,   0],
       [  0,   0,  89,   0],
       [  0,   0,   0, 135]]), array([[101,   0,   0,   0],
       [  0, 134,   0,   0],
       [  0,   0,  90,   0],
       [  0,   0,   0, 134]]), array([[101,   0,   0,   0],
       [  0, 134,   0,   0],
       [  0,   0,  89,   0],
       [  0,   0,   0, 134]]), array([[101,   0,   0,   0],
       [  0, 134,   0,   0],
       [  0,   0,  89,   0],
       [  0,   0,   0, 134]]), array([[101,   0,   0,   0],
       [  0, 134,   0,   0],
       [  0,   0,  89,   0],
       [  0,   0,   0, 134]]), array([[101,   0,   0,   0],
       [  0, 134,   0,   0],
       [  0,   0,  89,   0],
       [  0,   0,   0, 134]])]","[0.7608695652173914, 0.8260869565217391, 0.717391304347826, 0.7608695652173914, 0.7555555555555555, 0.8444444444444444, 0.7555555555555555, 0.8222222222222222, 0.7333333333333333, 0.8]","[0.7608695652173914, 0.8260869565217391, 0.717391304347826, 0.7608695652173914, 0.7555555555555555, 0.8444444444444444, 0.7555555555555555, 0.8222222222222222, 0.7333333333333333, 0.8]","[0.7608695652173914, 0.8260869565217391, 0.717391304347826, 0.7608695652173914, 0.7555555555555555, 0.8444444444444444, 0.7555555555555555, 0.8222222222222222, 0.7333333333333333, 0.8]","[0.7608695652173914, 0.8260869565217391, 0.717391304347826, 0.7608695652173914, 0.7555555555555555, 0.8444444444444444, 0.7555555555555555, 0.8222222222222222, 0.7333333333333333, 0.8]","[0.7886904761904763, 0.8471593765711413, 0.728932178932179, 0.772983552395317, 0.7533730158730159, 0.8411172161172162, 0.7652777777777777, 0.8471593765711413, 0.7266483516483515, 0.7853896103896104]","[0.7583333333333332, 0.8152777777777778, 0.7007575757575758, 0.7462121212121212, 0.7509740259740258, 0.8411616161616161, 0.7401515151515151, 0.8083333333333332, 0.7184343434343434, 0.7873737373737374]","[0.7622739329635881, 0.8260855263157895, 0.7067736185383244, 0.7513061145510836, 0.7512912716574043, 0.8389040129058277, 0.7484402852049912, 0.8165021929824562, 0.71875, 0.7820075757575757]","[0.7789855072463768, 0.8348306992808271, 0.7275738753999623, 0.7703299826061974, 0.7561728395061729, 0.8481752815086149, 0.7635802469135803, 0.83457907379476, 0.7343101343101343, 0.7947089947089947]","[0.7608695652173914, 0.8260869565217391, 0.717391304347826, 0.7608695652173914, 0.7555555555555555, 0.8444444444444444, 0.7555555555555555, 0.8222222222222222, 0.7333333333333333, 0.8]","[0.7605518918862246, 0.8258895881006865, 0.7147175075563822, 0.7579292300444205, 0.7550470378845666, 0.8440747462526048, 0.7549138443256092, 0.8186500974658868, 0.7305555555555555, 0.7936868686868688]","[array([[12,  0,  0,  0],
       [ 2,  6,  0,  1],
       [ 0,  0,  7,  3],
       [ 0,  0,  5, 10]]), array([[11,  0,  0,  1],
       [ 2,  7,  0,  0],
       [ 0,  0,  7,  3],
       [ 0,  0,  2, 13]]), array([[ 7,  4,  0,  0],
       [ 2,  7,  0,  1],
       [ 0,  0,  6,  4],
       [ 1,  0,  1, 13]]), array([[ 9,  1,  1,  0],
       [ 3,  6,  0,  1],
       [ 0,  0,  7,  3],
       [ 1,  0,  1, 13]]), array([[ 9,  2,  0,  0],
       [ 3,  7,  0,  0],
       [ 0,  0,  7,  3],
       [ 0,  0,  3, 11]]), array([[10,  1,  0,  0],
       [ 3,  7,  0,  0],
       [ 0,  0,  8,  1],
       [ 0,  1,  1, 13]]), array([[ 8,  2,  1,  0],
       [ 1,  6,  0,  2],
       [ 0,  0,  7,  3],
       [ 0,  0,  2, 13]]), array([[11,  0,  0,  0],
       [ 2,  6,  0,  1],
       [ 0,  0,  7,  3],
       [ 0,  0,  2, 13]]), array([[ 9,  2,  0,  0],
       [ 4,  5,  0,  0],
       [ 0,  0,  7,  3],
       [ 0,  0,  3, 12]]), array([[ 8,  2,  0,  1],
       [ 3,  5,  0,  1],
       [ 0,  0, 10,  0],
       [ 0,  0,  2, 13]])]"
21,"[1.0, 1.0, 1.0, 1.0, 1.0, 1.0, 1.0, 1.0, 1.0, 1.0]","[1.0, 1.0, 1.0, 1.0, 1.0, 1.0, 1.0, 1.0, 1.0, 1.0]","[1.0, 1.0, 1.0, 1.0, 1.0, 1.0, 1.0, 1.0, 1.0, 1.0]","[1.0, 1.0, 1.0, 1.0, 1.0, 1.0, 1.0, 1.0, 1.0, 1.0]","[1.0, 1.0, 1.0, 1.0, 1.0, 1.0, 1.0, 1.0, 1.0, 1.0]","[1.0, 1.0, 1.0, 1.0, 1.0, 1.0, 1.0, 1.0, 1.0, 1.0]","[1.0, 1.0, 1.0, 1.0, 1.0, 1.0, 1.0, 1.0, 1.0, 1.0]","[1.0, 1.0, 1.0, 1.0, 1.0, 1.0, 1.0, 1.0, 1.0, 1.0]","[1.0, 1.0, 1.0, 1.0, 1.0, 1.0, 1.0, 1.0, 1.0, 1.0]","[1.0, 1.0, 1.0, 1.0, 1.0, 1.0, 1.0, 1.0, 1.0, 1.0]","[array([[100,   0,   0,   0],
       [  0, 134,   0,   0],
       [  0,   0,  89,   0],
       [  0,   0,   0, 134]]), array([[100,   0,   0,   0],
       [  0, 134,   0,   0],
       [  0,   0,  89,   0],
       [  0,   0,   0, 134]]), array([[101,   0,   0,   0],
       [  0, 134,   0,   0],
       [  0,   0,  89,   0],
       [  0,   0,   0, 134]]), array([[101,   0,   0,   0],
       [  0, 134,   0,   0],
       [  0,   0,  89,   0],
       [  0,   0,   0, 134]]), array([[101,   0,   0,   0],
       [  0, 135,   0,   0],
       [  0,   0,  89,   0],
       [  0,   0,   0, 135]]), array([[101,   0,   0,   0],
       [  0, 134,   0,   0],
       [  0,   0,  90,   0],
       [  0,   0,   0, 134]]), array([[101,   0,   0,   0],
       [  0, 134,   0,   0],
       [  0,   0,  89,   0],
       [  0,   0,   0, 134]]), array([[101,   0,   0,   0],
       [  0, 134,   0,   0],
       [  0,   0,  89,   0],
       [  0,   0,   0, 134]]), array([[101,   0,   0,   0],
       [  0, 134,   0,   0],
       [  0,   0,  89,   0],
       [  0,   0,   0, 134]]), array([[101,   0,   0,   0],
       [  0, 134,   0,   0],
       [  0,   0,  89,   0],
       [  0,   0,   0, 134]])]","[0.717391304347826, 0.8478260869565217, 0.7391304347826086, 0.782608695652174, 0.7555555555555555, 0.8444444444444444, 0.7555555555555555, 0.8222222222222222, 0.7333333333333333, 0.8666666666666667]","[0.717391304347826, 0.8478260869565217, 0.7391304347826086, 0.782608695652174, 0.7555555555555555, 0.8444444444444444, 0.7555555555555555, 0.8222222222222222, 0.7333333333333333, 0.8666666666666667]","[0.717391304347826, 0.8478260869565217, 0.7391304347826086, 0.782608695652174, 0.7555555555555555, 0.8444444444444444, 0.7555555555555555, 0.8222222222222222, 0.7333333333333333, 0.8666666666666667]","[0.717391304347826, 0.8478260869565217, 0.7391304347826086, 0.782608695652174, 0.7555555555555555, 0.8444444444444444, 0.7555555555555555, 0.8222222222222222, 0.7333333333333333, 0.8666666666666667]","[0.761904761904762, 0.8647875816993463, 0.7559523809523809, 0.7904876373626373, 0.7532467532467533, 0.8407287157287158, 0.7652777777777777, 0.8257440476190476, 0.7266483516483515, 0.8833333333333334]","[0.7027777777777777, 0.8430555555555556, 0.7257575757575758, 0.7712121212121212, 0.7532467532467533, 0.8434343434343434, 0.7401515151515151, 0.8106060606060607, 0.7184343434343434, 0.8606060606060606]","[0.6996365703262255, 0.851796310629515, 0.7302584670231729, 0.7736480075901329, 0.7523809523809524, 0.84138179827835, 0.7484402852049912, 0.8145687237026649, 0.71875, 0.8613306982872201]","[0.7510351966873706, 0.8532253481102586, 0.7527605244996549, 0.7907459388437649, 0.7571717171717173, 0.848917748917749, 0.7635802469135803, 0.8237433862433862, 0.7343101343101343, 0.8777777777777778]","[0.717391304347826, 0.8478260869565217, 0.7391304347826086, 0.782608695652174, 0.7555555555555555, 0.8444444444444444, 0.7555555555555555, 0.8222222222222222, 0.7333333333333333, 0.8666666666666667]","[0.7072312994351975, 0.8484023758244715, 0.7358637526156708, 0.7802058411022194, 0.7555555555555555, 0.8459405218025908, 0.7549138443256092, 0.819908056724326, 0.7305555555555555, 0.8634694773825209]","[array([[12,  0,  0,  0],
       [ 4,  4,  0,  1],
       [ 0,  0,  7,  3],
       [ 0,  0,  5, 10]]), array([[11,  0,  0,  1],
       [ 1,  8,  0,  0],
       [ 0,  0,  7,  3],
       [ 0,  0,  2, 13]]), array([[ 7,  4,  0,  0],
       [ 1,  8,  0,  1],
       [ 0,  0,  6,  4],
       [ 1,  0,  1, 13]]), array([[ 9,  1,  1,  0],
       [ 3,  6,  0,  1],
       [ 0,  0,  8,  2],
       [ 1,  0,  1, 13]]), array([[ 8,  3,  0,  0],
       [ 2,  8,  0,  0],
       [ 0,  0,  7,  3],
       [ 0,  0,  3, 11]]), array([[ 9,  2,  0,  0],
       [ 2,  8,  0,  0],
       [ 0,  0,  8,  1],
       [ 0,  1,  1, 13]]), array([[ 8,  2,  1,  0],
       [ 1,  6,  0,  2],
       [ 0,  0,  7,  3],
       [ 0,  0,  2, 13]]), array([[10,  1,  0,  0],
       [ 2,  6,  0,  1],
       [ 0,  0,  8,  2],
       [ 0,  0,  2, 13]]), array([[ 9,  2,  0,  0],
       [ 4,  5,  0,  0],
       [ 0,  0,  7,  3],
       [ 0,  0,  3, 12]]), array([[10,  0,  0,  1],
       [ 2,  6,  0,  1],
       [ 0,  0, 10,  0],
       [ 0,  0,  2, 13]])]"
22,"[1.0, 1.0, 1.0, 1.0, 1.0, 1.0, 1.0, 1.0, 1.0, 1.0]","[1.0, 1.0, 1.0, 1.0, 1.0, 1.0, 1.0, 1.0, 1.0, 1.0]","[1.0, 1.0, 1.0, 1.0, 1.0, 1.0, 1.0, 1.0, 1.0, 1.0]","[1.0, 1.0, 1.0, 1.0, 1.0, 1.0, 1.0, 1.0, 1.0, 1.0]","[1.0, 1.0, 1.0, 1.0, 1.0, 1.0, 1.0, 1.0, 1.0, 1.0]","[1.0, 1.0, 1.0, 1.0, 1.0, 1.0, 1.0, 1.0, 1.0, 1.0]","[1.0, 1.0, 1.0, 1.0, 1.0, 1.0, 1.0, 1.0, 1.0, 1.0]","[1.0, 1.0, 1.0, 1.0, 1.0, 1.0, 1.0, 1.0, 1.0, 1.0]","[1.0, 1.0, 1.0, 1.0, 1.0, 1.0, 1.0, 1.0, 1.0, 1.0]","[1.0, 1.0, 1.0, 1.0, 1.0, 1.0, 1.0, 1.0, 1.0, 1.0]","[array([[100,   0,   0,   0],
       [  0, 134,   0,   0],
       [  0,   0,  89,   0],
       [  0,   0,   0, 134]]), array([[100,   0,   0,   0],
       [  0, 134,   0,   0],
       [  0,   0,  89,   0],
       [  0,   0,   0, 134]]), array([[101,   0,   0,   0],
       [  0, 134,   0,   0],
       [  0,   0,  89,   0],
       [  0,   0,   0, 134]]), array([[101,   0,   0,   0],
       [  0, 134,   0,   0],
       [  0,   0,  89,   0],
       [  0,   0,   0, 134]]), array([[101,   0,   0,   0],
       [  0, 135,   0,   0],
       [  0,   0,  89,   0],
       [  0,   0,   0, 135]]), array([[101,   0,   0,   0],
       [  0, 134,   0,   0],
       [  0,   0,  90,   0],
       [  0,   0,   0, 134]]), array([[101,   0,   0,   0],
       [  0, 134,   0,   0],
       [  0,   0,  89,   0],
       [  0,   0,   0, 134]]), array([[101,   0,   0,   0],
       [  0, 134,   0,   0],
       [  0,   0,  89,   0],
       [  0,   0,   0, 134]]), array([[101,   0,   0,   0],
       [  0, 134,   0,   0],
       [  0,   0,  89,   0],
       [  0,   0,   0, 134]]), array([[101,   0,   0,   0],
       [  0, 134,   0,   0],
       [  0,   0,  89,   0],
       [  0,   0,   0, 134]])]","[0.717391304347826, 0.8478260869565217, 0.6956521739130435, 0.782608695652174, 0.7333333333333333, 0.8444444444444444, 0.7333333333333333, 0.8222222222222222, 0.7333333333333333, 0.8666666666666667]","[0.717391304347826, 0.8478260869565217, 0.6956521739130435, 0.782608695652174, 0.7333333333333333, 0.8444444444444444, 0.7333333333333333, 0.8222222222222222, 0.7333333333333333, 0.8666666666666667]","[0.717391304347826, 0.8478260869565217, 0.6956521739130435, 0.782608695652174, 0.7333333333333333, 0.8444444444444444, 0.7333333333333333, 0.8222222222222222, 0.7333333333333333, 0.8666666666666667]","[0.717391304347826, 0.8478260869565217, 0.6956521739130435, 0.782608695652174, 0.7333333333333333, 0.8444444444444444, 0.7333333333333333, 0.8222222222222222, 0.7333333333333333, 0.8666666666666667]","[0.7291666666666667, 0.8647875816993463, 0.703932178932179, 0.8003472222222222, 0.7317821067821068, 0.8485576923076923, 0.7409722222222221, 0.8257440476190476, 0.7266483516483515, 0.8833333333333334]","[0.7097222222222223, 0.8430555555555556, 0.6757575757575758, 0.7689393939393939, 0.7305194805194806, 0.8300505050505049, 0.7174242424242424, 0.8106060606060607, 0.7184343434343434, 0.8606060606060606]","[0.7097098303994855, 0.851796310629515, 0.6825311942959003, 0.7687614274520047, 0.7285714285714285, 0.8344665823318576, 0.7228468899521532, 0.8145687237026649, 0.71875, 0.8613306982872201]","[0.7277432712215323, 0.8532253481102586, 0.7044513457556936, 0.7987620772946861, 0.7375982042648709, 0.8491452991452991, 0.7435185185185186, 0.8237433862433862, 0.7343101343101343, 0.8777777777777778]","[0.717391304347826, 0.8478260869565217, 0.6956521739130435, 0.782608695652174, 0.7333333333333333, 0.8444444444444444, 0.7333333333333333, 0.8222222222222222, 0.7333333333333333, 0.8666666666666667]","[0.7143980457323785, 0.8484023758244715, 0.6929783771215996, 0.7763747011827767, 0.7330158730158729, 0.8423243610466886, 0.731632110579479, 0.819908056724326, 0.7305555555555555, 0.8634694773825209]","[array([[11,  1,  0,  0],
       [ 3,  5,  0,  1],
       [ 0,  0,  7,  3],
       [ 0,  0,  5, 10]]), array([[11,  0,  0,  1],
       [ 1,  8,  0,  0],
       [ 0,  0,  7,  3],
       [ 0,  0,  2, 13]]), array([[ 7,  4,  0,  0],
       [ 3,  6,  0,  1],
       [ 0,  0,  6,  4],
       [ 1,  0,  1, 13]]), array([[10,  1,  0,  0],
       [ 4,  5,  0,  1],
       [ 0,  0,  8,  2],
       [ 1,  0,  1, 13]]), array([[ 7,  3,  1,  0],
       [ 2,  8,  0,  0],
       [ 0,  0,  7,  3],
       [ 0,  0,  3, 11]]), array([[10,  1,  0,  0],
       [ 3,  7,  0,  0],
       [ 0,  0,  7,  2],
       [ 0,  0,  1, 14]]), array([[ 7,  3,  1,  0],
       [ 1,  6,  0,  2],
       [ 0,  0,  7,  3],
       [ 0,  0,  2, 13]]), array([[10,  1,  0,  0],
       [ 2,  6,  0,  1],
       [ 0,  0,  8,  2],
       [ 0,  0,  2, 13]]), array([[ 9,  2,  0,  0],
       [ 4,  5,  0,  0],
       [ 0,  0,  7,  3],
       [ 0,  0,  3, 12]]), array([[10,  0,  0,  1],
       [ 2,  6,  0,  1],
       [ 0,  0, 10,  0],
       [ 0,  0,  2, 13]])]"
23,"[1.0, 1.0, 1.0, 1.0, 1.0, 1.0, 1.0, 1.0, 1.0, 1.0]","[1.0, 1.0, 1.0, 1.0, 1.0, 1.0, 1.0, 1.0, 1.0, 1.0]","[1.0, 1.0, 1.0, 1.0, 1.0, 1.0, 1.0, 1.0, 1.0, 1.0]","[1.0, 1.0, 1.0, 1.0, 1.0, 1.0, 1.0, 1.0, 1.0, 1.0]","[1.0, 1.0, 1.0, 1.0, 1.0, 1.0, 1.0, 1.0, 1.0, 1.0]","[1.0, 1.0, 1.0, 1.0, 1.0, 1.0, 1.0, 1.0, 1.0, 1.0]","[1.0, 1.0, 1.0, 1.0, 1.0, 1.0, 1.0, 1.0, 1.0, 1.0]","[1.0, 1.0, 1.0, 1.0, 1.0, 1.0, 1.0, 1.0, 1.0, 1.0]","[1.0, 1.0, 1.0, 1.0, 1.0, 1.0, 1.0, 1.0, 1.0, 1.0]","[1.0, 1.0, 1.0, 1.0, 1.0, 1.0, 1.0, 1.0, 1.0, 1.0]","[array([[100,   0,   0,   0],
       [  0, 134,   0,   0],
       [  0,   0,  89,   0],
       [  0,   0,   0, 134]]), array([[100,   0,   0,   0],
       [  0, 134,   0,   0],
       [  0,   0,  89,   0],
       [  0,   0,   0, 134]]), array([[101,   0,   0,   0],
       [  0, 134,   0,   0],
       [  0,   0,  89,   0],
       [  0,   0,   0, 134]]), array([[101,   0,   0,   0],
       [  0, 134,   0,   0],
       [  0,   0,  89,   0],
       [  0,   0,   0, 134]]), array([[101,   0,   0,   0],
       [  0, 135,   0,   0],
       [  0,   0,  89,   0],
       [  0,   0,   0, 135]]), array([[101,   0,   0,   0],
       [  0, 134,   0,   0],
       [  0,   0,  90,   0],
       [  0,   0,   0, 134]]), array([[101,   0,   0,   0],
       [  0, 134,   0,   0],
       [  0,   0,  89,   0],
       [  0,   0,   0, 134]]), array([[101,   0,   0,   0],
       [  0, 134,   0,   0],
       [  0,   0,  89,   0],
       [  0,   0,   0, 134]]), array([[101,   0,   0,   0],
       [  0, 134,   0,   0],
       [  0,   0,  89,   0],
       [  0,   0,   0, 134]]), array([[101,   0,   0,   0],
       [  0, 134,   0,   0],
       [  0,   0,  89,   0],
       [  0,   0,   0, 134]])]","[0.7391304347826086, 0.8260869565217391, 0.717391304347826, 0.8260869565217391, 0.7111111111111111, 0.8666666666666667, 0.7111111111111111, 0.8, 0.7333333333333333, 0.7777777777777778]","[0.7391304347826086, 0.8260869565217391, 0.717391304347826, 0.8260869565217391, 0.7111111111111111, 0.8666666666666667, 0.7111111111111111, 0.8, 0.7333333333333333, 0.7777777777777778]","[0.7391304347826086, 0.8260869565217391, 0.717391304347826, 0.8260869565217391, 0.7111111111111111, 0.8666666666666667, 0.7111111111111111, 0.8, 0.7333333333333333, 0.7777777777777778]","[0.7391304347826086, 0.8260869565217391, 0.717391304347826, 0.8260869565217391, 0.7111111111111111, 0.8666666666666667, 0.7111111111111111, 0.8, 0.7333333333333333, 0.7777777777777778]","[0.7502289377289377, 0.8471593765711413, 0.728932178932179, 0.8364049145299145, 0.7055194805194804, 0.8666132478632478, 0.7118601986249045, 0.7941760037348273, 0.7266483516483515, 0.7781250000000001]","[0.7374999999999999, 0.8152777777777778, 0.7007575757575758, 0.818939393939394, 0.7055194805194804, 0.8578282828282828, 0.6957070707070707, 0.7767676767676768, 0.7184343434343434, 0.7595959595959596]","[0.7390047021943573, 0.8260855263157895, 0.7067736185383244, 0.8229815129220902, 0.7047619047619047, 0.8583333333333334, 0.7005681818181818, 0.7811784897025171, 0.71875, 0.7537203329629697]","[0.7481684981684983, 0.8348306992808271, 0.7275738753999623, 0.8323462467484207, 0.7125252525252525, 0.8713675213675214, 0.7114845938375352, 0.7982311443095756, 0.7343101343101343, 0.7789814814814815]","[0.7391304347826086, 0.8260869565217391, 0.717391304347826, 0.8260869565217391, 0.7111111111111111, 0.8666666666666667, 0.7111111111111111, 0.8, 0.7333333333333333, 0.7777777777777778]","[0.7395318249965928, 0.8258895881006865, 0.7147175075563822, 0.8249161355937765, 0.7111111111111111, 0.865432098765432, 0.7083333333333334, 0.7951055174167302, 0.7305555555555555, 0.7659241179577786]","[array([[11,  1,  0,  0],
       [ 2,  6,  0,  1],
       [ 0,  0,  7,  3],
       [ 0,  0,  5, 10]]), array([[11,  0,  0,  1],
       [ 2,  7,  0,  0],
       [ 0,  0,  7,  3],
       [ 0,  0,  2, 13]]), array([[ 7,  4,  0,  0],
       [ 2,  7,  0,  1],
       [ 0,  0,  6,  4],
       [ 1,  0,  1, 13]]), array([[10,  1,  0,  0],
       [ 2,  7,  0,  1],
       [ 0,  0,  8,  2],
       [ 1,  0,  1, 13]]), array([[ 7,  3,  1,  0],
       [ 3,  7,  0,  0],
       [ 0,  0,  7,  3],
       [ 0,  0,  3, 11]]), array([[10,  1,  0,  0],
       [ 3,  7,  0,  0],
       [ 0,  0,  8,  1],
       [ 0,  0,  1, 14]]), array([[ 8,  2,  1,  0],
       [ 2,  5,  0,  2],
       [ 0,  0,  7,  3],
       [ 1,  0,  2, 12]]), array([[ 9,  2,  0,  0],
       [ 3,  5,  0,  1],
       [ 0,  0,  8,  2],
       [ 0,  0,  1, 14]]), array([[ 9,  2,  0,  0],
       [ 4,  5,  0,  0],
       [ 0,  0,  7,  3],
       [ 0,  0,  3, 12]]), array([[ 8,  1,  0,  2],
       [ 4,  4,  0,  1],
       [ 0,  0, 10,  0],
       [ 0,  0,  2, 13]])]"
24,"[1.0, 1.0, 1.0, 1.0, 1.0, 1.0, 1.0, 1.0, 1.0, 1.0]","[1.0, 1.0, 1.0, 1.0, 1.0, 1.0, 1.0, 1.0, 1.0, 1.0]","[1.0, 1.0, 1.0, 1.0, 1.0, 1.0, 1.0, 1.0, 1.0, 1.0]","[1.0, 1.0, 1.0, 1.0, 1.0, 1.0, 1.0, 1.0, 1.0, 1.0]","[1.0, 1.0, 1.0, 1.0, 1.0, 1.0, 1.0, 1.0, 1.0, 1.0]","[1.0, 1.0, 1.0, 1.0, 1.0, 1.0, 1.0, 1.0, 1.0, 1.0]","[1.0, 1.0, 1.0, 1.0, 1.0, 1.0, 1.0, 1.0, 1.0, 1.0]","[1.0, 1.0, 1.0, 1.0, 1.0, 1.0, 1.0, 1.0, 1.0, 1.0]","[1.0, 1.0, 1.0, 1.0, 1.0, 1.0, 1.0, 1.0, 1.0, 1.0]","[1.0, 1.0, 1.0, 1.0, 1.0, 1.0, 1.0, 1.0, 1.0, 1.0]","[array([[100,   0,   0,   0],
       [  0, 134,   0,   0],
       [  0,   0,  89,   0],
       [  0,   0,   0, 134]]), array([[100,   0,   0,   0],
       [  0, 134,   0,   0],
       [  0,   0,  89,   0],
       [  0,   0,   0, 134]]), array([[101,   0,   0,   0],
       [  0, 134,   0,   0],
       [  0,   0,  89,   0],
       [  0,   0,   0, 134]]), array([[101,   0,   0,   0],
       [  0, 134,   0,   0],
       [  0,   0,  89,   0],
       [  0,   0,   0, 134]]), array([[101,   0,   0,   0],
       [  0, 135,   0,   0],
       [  0,   0,  89,   0],
       [  0,   0,   0, 135]]), array([[101,   0,   0,   0],
       [  0, 134,   0,   0],
       [  0,   0,  90,   0],
       [  0,   0,   0, 134]]), array([[101,   0,   0,   0],
       [  0, 134,   0,   0],
       [  0,   0,  89,   0],
       [  0,   0,   0, 134]]), array([[101,   0,   0,   0],
       [  0, 134,   0,   0],
       [  0,   0,  89,   0],
       [  0,   0,   0, 134]]), array([[101,   0,   0,   0],
       [  0, 134,   0,   0],
       [  0,   0,  89,   0],
       [  0,   0,   0, 134]]), array([[101,   0,   0,   0],
       [  0, 134,   0,   0],
       [  0,   0,  89,   0],
       [  0,   0,   0, 134]])]","[0.717391304347826, 0.8043478260869565, 0.6521739130434783, 0.7608695652173914, 0.7111111111111111, 0.8, 0.7111111111111111, 0.8222222222222222, 0.7333333333333333, 0.8444444444444444]","[0.717391304347826, 0.8043478260869565, 0.6521739130434783, 0.7608695652173914, 0.7111111111111111, 0.8, 0.7111111111111111, 0.8222222222222222, 0.7333333333333333, 0.8444444444444444]","[0.717391304347826, 0.8043478260869565, 0.6521739130434783, 0.7608695652173914, 0.7111111111111111, 0.8, 0.7111111111111111, 0.8222222222222222, 0.7333333333333333, 0.8444444444444444]","[0.717391304347826, 0.8043478260869565, 0.6521739130434783, 0.7608695652173914, 0.7111111111111111, 0.8, 0.7111111111111111, 0.8222222222222222, 0.7333333333333333, 0.8444444444444444]","[0.7291666666666667, 0.812232905982906, 0.6641081871345029, 0.772983552395317, 0.7055194805194804, 0.8014880952380953, 0.7209781639928698, 0.8201500297088533, 0.7266483516483515, 0.866003787878788]","[0.7097222222222223, 0.7986111111111112, 0.6257575757575757, 0.7462121212121212, 0.7055194805194804, 0.7883838383838384, 0.7007575757575757, 0.8045454545454547, 0.7184343434343434, 0.8378787878787879]","[0.7097098303994855, 0.8036412663537402, 0.6311793310001346, 0.7513061145510836, 0.7047619047619047, 0.7892156862745098, 0.7050438596491228, 0.8102923585702224, 0.71875, 0.8414956011730206]","[0.7277432712215323, 0.8055787811222593, 0.6645372489194, 0.7703299826061974, 0.7125252525252525, 0.8051587301587303, 0.7239304812834225, 0.8220406681190996, 0.7343101343101343, 0.8560185185185186]","[0.717391304347826, 0.8043478260869565, 0.6521739130434783, 0.7608695652173914, 0.7111111111111111, 0.8, 0.7111111111111111, 0.8222222222222222, 0.7333333333333333, 0.8444444444444444]","[0.7143980457323785, 0.8033280213982693, 0.6452043109553044, 0.7579292300444205, 0.7111111111111111, 0.7972984749455337, 0.711598440545809, 0.8199776401788786, 0.7305555555555555, 0.8415900944933203]","[array([[11,  1,  0,  0],
       [ 3,  5,  0,  1],
       [ 0,  0,  7,  3],
       [ 0,  0,  5, 10]]), array([[11,  0,  0,  1],
       [ 2,  7,  0,  0],
       [ 0,  0,  7,  3],
       [ 0,  1,  2, 12]]), array([[ 7,  4,  0,  0],
       [ 4,  5,  0,  1],
       [ 0,  0,  5,  5],
       [ 1,  0,  1, 13]]), array([[ 9,  1,  1,  0],
       [ 3,  6,  0,  1],
       [ 0,  0,  7,  3],
       [ 1,  0,  1, 13]]), array([[ 7,  3,  1,  0],
       [ 3,  7,  0,  0],
       [ 0,  0,  7,  3],
       [ 0,  0,  3, 11]]), array([[10,  1,  0,  0],
       [ 4,  6,  0,  0],
       [ 0,  0,  7,  2],
       [ 0,  1,  1, 13]]), array([[ 7,  3,  1,  0],
       [ 1,  6,  0,  2],
       [ 0,  0,  7,  3],
       [ 0,  0,  3, 12]]), array([[ 9,  2,  0,  0],
       [ 2,  6,  0,  1],
       [ 0,  0,  8,  2],
       [ 0,  0,  1, 14]]), array([[ 9,  2,  0,  0],
       [ 4,  5,  0,  0],
       [ 0,  0,  7,  3],
       [ 0,  0,  3, 12]]), array([[ 9,  0,  0,  2],
       [ 2,  6,  0,  1],
       [ 0,  0, 10,  0],
       [ 0,  0,  2, 13]])]"
25,"[1.0, 1.0, 1.0, 1.0, 1.0, 1.0, 1.0, 1.0, 1.0, 1.0]","[1.0, 1.0, 1.0, 1.0, 1.0, 1.0, 1.0, 1.0, 1.0, 1.0]","[1.0, 1.0, 1.0, 1.0, 1.0, 1.0, 1.0, 1.0, 1.0, 1.0]","[1.0, 1.0, 1.0, 1.0, 1.0, 1.0, 1.0, 1.0, 1.0, 1.0]","[1.0, 1.0, 1.0, 1.0, 1.0, 1.0, 1.0, 1.0, 1.0, 1.0]","[1.0, 1.0, 1.0, 1.0, 1.0, 1.0, 1.0, 1.0, 1.0, 1.0]","[1.0, 1.0, 1.0, 1.0, 1.0, 1.0, 1.0, 1.0, 1.0, 1.0]","[1.0, 1.0, 1.0, 1.0, 1.0, 1.0, 1.0, 1.0, 1.0, 1.0]","[1.0, 1.0, 1.0, 1.0, 1.0, 1.0, 1.0, 1.0, 1.0, 1.0]","[1.0, 1.0, 1.0, 1.0, 1.0, 1.0, 1.0, 1.0, 1.0, 1.0]","[array([[100,   0,   0,   0],
       [  0, 134,   0,   0],
       [  0,   0,  89,   0],
       [  0,   0,   0, 134]]), array([[100,   0,   0,   0],
       [  0, 134,   0,   0],
       [  0,   0,  89,   0],
       [  0,   0,   0, 134]]), array([[101,   0,   0,   0],
       [  0, 134,   0,   0],
       [  0,   0,  89,   0],
       [  0,   0,   0, 134]]), array([[101,   0,   0,   0],
       [  0, 134,   0,   0],
       [  0,   0,  89,   0],
       [  0,   0,   0, 134]]), array([[101,   0,   0,   0],
       [  0, 135,   0,   0],
       [  0,   0,  89,   0],
       [  0,   0,   0, 135]]), array([[101,   0,   0,   0],
       [  0, 134,   0,   0],
       [  0,   0,  90,   0],
       [  0,   0,   0, 134]]), array([[101,   0,   0,   0],
       [  0, 134,   0,   0],
       [  0,   0,  89,   0],
       [  0,   0,   0, 134]]), array([[101,   0,   0,   0],
       [  0, 134,   0,   0],
       [  0,   0,  89,   0],
       [  0,   0,   0, 134]]), array([[101,   0,   0,   0],
       [  0, 134,   0,   0],
       [  0,   0,  89,   0],
       [  0,   0,   0, 134]]), array([[101,   0,   0,   0],
       [  0, 134,   0,   0],
       [  0,   0,  89,   0],
       [  0,   0,   0, 134]])]","[0.717391304347826, 0.8478260869565217, 0.6739130434782609, 0.782608695652174, 0.6888888888888889, 0.8666666666666667, 0.7333333333333333, 0.8222222222222222, 0.7333333333333333, 0.8666666666666667]","[0.717391304347826, 0.8478260869565217, 0.6739130434782609, 0.782608695652174, 0.6888888888888889, 0.8666666666666667, 0.7333333333333333, 0.8222222222222222, 0.7333333333333333, 0.8666666666666667]","[0.717391304347826, 0.8478260869565217, 0.6739130434782609, 0.782608695652174, 0.6888888888888889, 0.8666666666666667, 0.7333333333333333, 0.8222222222222222, 0.7333333333333333, 0.8666666666666667]","[0.717391304347826, 0.8478260869565217, 0.6739130434782609, 0.782608695652174, 0.6888888888888889, 0.8666666666666667, 0.7333333333333333, 0.8222222222222222, 0.7333333333333333, 0.8666666666666667]","[0.7291666666666667, 0.874732905982906, 0.6958333333333333, 0.8005570818070817, 0.6812770562770563, 0.8680555555555556, 0.7214795008912656, 0.8201500297088533, 0.7266483516483515, 0.8795454545454546]","[0.7097222222222223, 0.8319444444444444, 0.6590909090909092, 0.7628787878787879, 0.6805194805194805, 0.8550505050505051, 0.7095959595959596, 0.8045454545454547, 0.7184343434343434, 0.8656565656565657]","[0.7097098303994855, 0.8453156565656565, 0.6638257575757576, 0.7705362448009507, 0.6800808840282524, 0.8596064246913795, 0.7087527056277056, 0.8102923585702224, 0.71875, 0.8672348484848486]","[0.7277432712215323, 0.8602285395763656, 0.6927536231884058, 0.7957278229017359, 0.6895622895622896, 0.8679012345679012, 0.7276292335115865, 0.8220406681190996, 0.7343101343101343, 0.8740740740740741]","[0.717391304347826, 0.8478260869565217, 0.6739130434782609, 0.782608695652174, 0.6888888888888889, 0.8666666666666667, 0.7333333333333333, 0.8222222222222222, 0.7333333333333333, 0.8666666666666667]","[0.7143980457323785, 0.8465228370663154, 0.6707839262187089, 0.7785624790100494, 0.6884990253411306, 0.8654760405675521, 0.7245899470899471, 0.8199776401788786, 0.7305555555555555, 0.865909090909091]","[array([[11,  1,  0,  0],
       [ 3,  5,  0,  1],
       [ 0,  0,  7,  3],
       [ 0,  0,  5, 10]]), array([[11,  0,  0,  1],
       [ 2,  7,  0,  0],
       [ 0,  0,  7,  3],
       [ 0,  0,  1, 14]]), array([[ 7,  4,  0,  0],
       [ 2,  7,  0,  1],
       [ 0,  0,  5,  5],
       [ 1,  1,  1, 12]]), array([[ 9,  1,  1,  0],
       [ 3,  6,  0,  1],
       [ 0,  0,  7,  3],
       [ 1,  0,  0, 14]]), array([[ 7,  3,  1,  0],
       [ 4,  6,  0,  0],
       [ 0,  0,  7,  3],
       [ 0,  0,  3, 11]]), array([[10,  1,  0,  0],
       [ 2,  8,  0,  0],
       [ 0,  0,  7,  2],
       [ 0,  0,  1, 14]]), array([[ 8,  2,  1,  0],
       [ 3,  4,  0,  2],
       [ 0,  0,  8,  2],
       [ 0,  0,  2, 13]]), array([[ 9,  2,  0,  0],
       [ 2,  6,  0,  1],
       [ 0,  0,  8,  2],
       [ 0,  0,  1, 14]]), array([[ 9,  2,  0,  0],
       [ 4,  5,  0,  0],
       [ 0,  0,  7,  3],
       [ 0,  0,  3, 12]]), array([[ 9,  0,  0,  2],
       [ 2,  7,  0,  0],
       [ 0,  0, 10,  0],
       [ 0,  0,  2, 13]])]"
26,"[1.0, 1.0, 1.0, 1.0, 1.0, 1.0, 1.0, 1.0, 1.0, 1.0]","[1.0, 1.0, 1.0, 1.0, 1.0, 1.0, 1.0, 1.0, 1.0, 1.0]","[1.0, 1.0, 1.0, 1.0, 1.0, 1.0, 1.0, 1.0, 1.0, 1.0]","[1.0, 1.0, 1.0, 1.0, 1.0, 1.0, 1.0, 1.0, 1.0, 1.0]","[1.0, 1.0, 1.0, 1.0, 1.0, 1.0, 1.0, 1.0, 1.0, 1.0]","[1.0, 1.0, 1.0, 1.0, 1.0, 1.0, 1.0, 1.0, 1.0, 1.0]","[1.0, 1.0, 1.0, 1.0, 1.0, 1.0, 1.0, 1.0, 1.0, 1.0]","[1.0, 1.0, 1.0, 1.0, 1.0, 1.0, 1.0, 1.0, 1.0, 1.0]","[1.0, 1.0, 1.0, 1.0, 1.0, 1.0, 1.0, 1.0, 1.0, 1.0]","[1.0, 1.0, 1.0, 1.0, 1.0, 1.0, 1.0, 1.0, 1.0, 1.0]","[array([[100,   0,   0,   0],
       [  0, 134,   0,   0],
       [  0,   0,  89,   0],
       [  0,   0,   0, 134]]), array([[100,   0,   0,   0],
       [  0, 134,   0,   0],
       [  0,   0,  89,   0],
       [  0,   0,   0, 134]]), array([[101,   0,   0,   0],
       [  0, 134,   0,   0],
       [  0,   0,  89,   0],
       [  0,   0,   0, 134]]), array([[101,   0,   0,   0],
       [  0, 134,   0,   0],
       [  0,   0,  89,   0],
       [  0,   0,   0, 134]]), array([[101,   0,   0,   0],
       [  0, 135,   0,   0],
       [  0,   0,  89,   0],
       [  0,   0,   0, 135]]), array([[101,   0,   0,   0],
       [  0, 134,   0,   0],
       [  0,   0,  90,   0],
       [  0,   0,   0, 134]]), array([[101,   0,   0,   0],
       [  0, 134,   0,   0],
       [  0,   0,  89,   0],
       [  0,   0,   0, 134]]), array([[101,   0,   0,   0],
       [  0, 134,   0,   0],
       [  0,   0,  89,   0],
       [  0,   0,   0, 134]]), array([[101,   0,   0,   0],
       [  0, 134,   0,   0],
       [  0,   0,  89,   0],
       [  0,   0,   0, 134]]), array([[101,   0,   0,   0],
       [  0, 134,   0,   0],
       [  0,   0,  89,   0],
       [  0,   0,   0, 134]])]","[0.7391304347826086, 0.8043478260869565, 0.6956521739130435, 0.7391304347826086, 0.7111111111111111, 0.8666666666666667, 0.7111111111111111, 0.8222222222222222, 0.7333333333333333, 0.7777777777777778]","[0.7391304347826086, 0.8043478260869565, 0.6956521739130435, 0.7391304347826086, 0.7111111111111111, 0.8666666666666667, 0.7111111111111111, 0.8222222222222222, 0.7333333333333333, 0.7777777777777778]","[0.7391304347826086, 0.8043478260869565, 0.6956521739130435, 0.7391304347826086, 0.7111111111111111, 0.8666666666666667, 0.7111111111111111, 0.8222222222222222, 0.7333333333333333, 0.7777777777777778]","[0.7391304347826086, 0.8043478260869565, 0.6956521739130435, 0.7391304347826086, 0.7111111111111111, 0.8666666666666667, 0.7111111111111111, 0.8222222222222222, 0.7333333333333333, 0.7777777777777778]","[0.7471861471861472, 0.8320494864612511, 0.7134768740031898, 0.7456120268620269, 0.7055194805194804, 0.8680555555555556, 0.7141329258976318, 0.8201500297088533, 0.7266483516483515, 0.7781250000000001]","[0.726388888888889, 0.7875, 0.6757575757575758, 0.7151515151515151, 0.7055194805194804, 0.8550505050505051, 0.6957070707070707, 0.8045454545454547, 0.7184343434343434, 0.7595959595959596]","[0.7282051282051282, 0.798873987854251, 0.6807598039215685, 0.720291146761735, 0.7047619047619047, 0.8596064246913795, 0.7008928571428571, 0.8102923585702224, 0.71875, 0.7537203329629697]","[0.7454827780914737, 0.8190638574270288, 0.7100027737327509, 0.7462772734511864, 0.7125252525252525, 0.8679012345679012, 0.7151209574738987, 0.8220406681190996, 0.7343101343101343, 0.7789814814814815]","[0.7391304347826086, 0.8043478260869565, 0.6956521739130435, 0.7391304347826086, 0.7111111111111111, 0.8666666666666667, 0.7111111111111111, 0.8222222222222222, 0.7333333333333333, 0.7777777777777778]","[0.7352285395763656, 0.8023862436190811, 0.6895780051150895, 0.7330594952078329, 0.7111111111111111, 0.8654760405675521, 0.7093915343915344, 0.8199776401788786, 0.7305555555555555, 0.7659241179577786]","[array([[11,  1,  0,  0],
       [ 3,  5,  0,  1],
       [ 0,  0,  7,  3],
       [ 0,  0,  4, 11]]), array([[11,  0,  0,  1],
       [ 3,  6,  0,  0],
       [ 0,  0,  7,  3],
       [ 0,  0,  2, 13]]), array([[ 7,  4,  0,  0],
       [ 2,  7,  0,  1],
       [ 0,  0,  5,  5],
       [ 1,  0,  1, 13]]), array([[ 8,  2,  1,  0],
       [ 4,  5,  0,  1],
       [ 0,  0,  7,  3],
       [ 1,  0,  0, 14]]), array([[ 7,  3,  1,  0],
       [ 3,  7,  0,  0],
       [ 0,  0,  7,  3],
       [ 0,  0,  3, 11]]), array([[10,  1,  0,  0],
       [ 2,  8,  0,  0],
       [ 0,  0,  7,  2],
       [ 0,  0,  1, 14]]), array([[ 8,  2,  1,  0],
       [ 2,  5,  0,  2],
       [ 0,  0,  7,  3],
       [ 0,  0,  3, 12]]), array([[ 9,  2,  0,  0],
       [ 2,  6,  0,  1],
       [ 0,  0,  8,  2],
       [ 0,  0,  1, 14]]), array([[ 9,  2,  0,  0],
       [ 4,  5,  0,  0],
       [ 0,  0,  7,  3],
       [ 0,  0,  3, 12]]), array([[ 8,  1,  0,  2],
       [ 4,  4,  0,  1],
       [ 0,  0, 10,  0],
       [ 0,  0,  2, 13]])]"
27,"[1.0, 1.0, 1.0, 1.0, 1.0, 1.0, 1.0, 1.0, 1.0, 1.0]","[1.0, 1.0, 1.0, 1.0, 1.0, 1.0, 1.0, 1.0, 1.0, 1.0]","[1.0, 1.0, 1.0, 1.0, 1.0, 1.0, 1.0, 1.0, 1.0, 1.0]","[1.0, 1.0, 1.0, 1.0, 1.0, 1.0, 1.0, 1.0, 1.0, 1.0]","[1.0, 1.0, 1.0, 1.0, 1.0, 1.0, 1.0, 1.0, 1.0, 1.0]","[1.0, 1.0, 1.0, 1.0, 1.0, 1.0, 1.0, 1.0, 1.0, 1.0]","[1.0, 1.0, 1.0, 1.0, 1.0, 1.0, 1.0, 1.0, 1.0, 1.0]","[1.0, 1.0, 1.0, 1.0, 1.0, 1.0, 1.0, 1.0, 1.0, 1.0]","[1.0, 1.0, 1.0, 1.0, 1.0, 1.0, 1.0, 1.0, 1.0, 1.0]","[1.0, 1.0, 1.0, 1.0, 1.0, 1.0, 1.0, 1.0, 1.0, 1.0]","[array([[100,   0,   0,   0],
       [  0, 134,   0,   0],
       [  0,   0,  89,   0],
       [  0,   0,   0, 134]]), array([[100,   0,   0,   0],
       [  0, 134,   0,   0],
       [  0,   0,  89,   0],
       [  0,   0,   0, 134]]), array([[101,   0,   0,   0],
       [  0, 134,   0,   0],
       [  0,   0,  89,   0],
       [  0,   0,   0, 134]]), array([[101,   0,   0,   0],
       [  0, 134,   0,   0],
       [  0,   0,  89,   0],
       [  0,   0,   0, 134]]), array([[101,   0,   0,   0],
       [  0, 135,   0,   0],
       [  0,   0,  89,   0],
       [  0,   0,   0, 135]]), array([[101,   0,   0,   0],
       [  0, 134,   0,   0],
       [  0,   0,  90,   0],
       [  0,   0,   0, 134]]), array([[101,   0,   0,   0],
       [  0, 134,   0,   0],
       [  0,   0,  89,   0],
       [  0,   0,   0, 134]]), array([[101,   0,   0,   0],
       [  0, 134,   0,   0],
       [  0,   0,  89,   0],
       [  0,   0,   0, 134]]), array([[101,   0,   0,   0],
       [  0, 134,   0,   0],
       [  0,   0,  89,   0],
       [  0,   0,   0, 134]]), array([[101,   0,   0,   0],
       [  0, 134,   0,   0],
       [  0,   0,  89,   0],
       [  0,   0,   0, 134]])]","[0.7608695652173914, 0.8043478260869565, 0.717391304347826, 0.7608695652173914, 0.7777777777777778, 0.8666666666666667, 0.6888888888888889, 0.8222222222222222, 0.7777777777777778, 0.7777777777777778]","[0.7608695652173914, 0.8043478260869565, 0.717391304347826, 0.7608695652173914, 0.7777777777777778, 0.8666666666666667, 0.6888888888888889, 0.8222222222222222, 0.7777777777777778, 0.7777777777777778]","[0.7608695652173914, 0.8043478260869565, 0.717391304347826, 0.7608695652173914, 0.7777777777777778, 0.8666666666666667, 0.6888888888888889, 0.8222222222222222, 0.7777777777777778, 0.7777777777777778]","[0.7608695652173914, 0.8043478260869565, 0.717391304347826, 0.7608695652173914, 0.7777777777777778, 0.8666666666666667, 0.6888888888888889, 0.8222222222222222, 0.7777777777777778, 0.7777777777777778]","[0.7682484182484183, 0.8320494864612511, 0.7404970760233918, 0.7858588779641411, 0.7763888888888888, 0.86010101010101, 0.6722222222222222, 0.8201500297088533, 0.7711038961038962, 0.7781250000000001]","[0.7541666666666667, 0.7875, 0.7007575757575758, 0.7378787878787878, 0.7688311688311688, 0.86010101010101, 0.6568181818181817, 0.8045454545454547, 0.7712121212121212, 0.7595959595959596]","[0.7575, 0.798873987854251, 0.7042446524064171, 0.7463235294117647, 0.7709697782687603, 0.86010101010101, 0.653025597590815, 0.8102923585702224, 0.769495504348666, 0.7537203329629697]","[0.7659080050384397, 0.8190638574270288, 0.7351894228324435, 0.7784972464606332, 0.7779012345679013, 0.8666666666666667, 0.6792592592592593, 0.8220406681190996, 0.7806637806637806, 0.7789814814814815]","[0.7608695652173914, 0.8043478260869565, 0.717391304347826, 0.7608695652173914, 0.7777777777777778, 0.8666666666666667, 0.6888888888888889, 0.8222222222222222, 0.7777777777777778, 0.7777777777777778]","[0.7603623188405797, 0.8023862436190811, 0.7107242501743779, 0.7547953964194373, 0.7762609923108621, 0.8666666666666667, 0.6739444130748478, 0.8199776401788786, 0.7776550566920089, 0.7659241179577786]","[array([[11,  1,  0,  0],
       [ 2,  6,  0,  1],
       [ 0,  0,  7,  3],
       [ 0,  0,  4, 11]]), array([[11,  0,  0,  1],
       [ 3,  6,  0,  0],
       [ 0,  0,  7,  3],
       [ 0,  0,  2, 13]]), array([[ 7,  4,  0,  0],
       [ 1,  8,  0,  1],
       [ 0,  0,  5,  5],
       [ 1,  0,  1, 13]]), array([[ 9,  1,  1,  0],
       [ 3,  6,  0,  1],
       [ 0,  0,  6,  4],
       [ 1,  0,  0, 14]]), array([[ 9,  2,  0,  0],
       [ 3,  7,  0,  0],
       [ 0,  0,  7,  3],
       [ 0,  0,  2, 12]]), array([[ 9,  2,  0,  0],
       [ 2,  8,  0,  0],
       [ 0,  0,  8,  1],
       [ 0,  0,  1, 14]]), array([[ 8,  2,  1,  0],
       [ 4,  3,  0,  2],
       [ 0,  0,  7,  3],
       [ 0,  0,  2, 13]]), array([[ 9,  2,  0,  0],
       [ 2,  6,  0,  1],
       [ 0,  0,  8,  2],
       [ 0,  0,  1, 14]]), array([[ 9,  2,  0,  0],
       [ 3,  6,  0,  0],
       [ 0,  0,  8,  2],
       [ 0,  0,  3, 12]]), array([[ 8,  1,  0,  2],
       [ 4,  4,  0,  1],
       [ 0,  0, 10,  0],
       [ 0,  0,  2, 13]])]"
28,"[1.0, 1.0, 1.0, 1.0, 1.0, 1.0, 1.0, 1.0, 1.0, 1.0]","[1.0, 1.0, 1.0, 1.0, 1.0, 1.0, 1.0, 1.0, 1.0, 1.0]","[1.0, 1.0, 1.0, 1.0, 1.0, 1.0, 1.0, 1.0, 1.0, 1.0]","[1.0, 1.0, 1.0, 1.0, 1.0, 1.0, 1.0, 1.0, 1.0, 1.0]","[1.0, 1.0, 1.0, 1.0, 1.0, 1.0, 1.0, 1.0, 1.0, 1.0]","[1.0, 1.0, 1.0, 1.0, 1.0, 1.0, 1.0, 1.0, 1.0, 1.0]","[1.0, 1.0, 1.0, 1.0, 1.0, 1.0, 1.0, 1.0, 1.0, 1.0]","[1.0, 1.0, 1.0, 1.0, 1.0, 1.0, 1.0, 1.0, 1.0, 1.0]","[1.0, 1.0, 1.0, 1.0, 1.0, 1.0, 1.0, 1.0, 1.0, 1.0]","[1.0, 1.0, 1.0, 1.0, 1.0, 1.0, 1.0, 1.0, 1.0, 1.0]","[array([[100,   0,   0,   0],
       [  0, 134,   0,   0],
       [  0,   0,  89,   0],
       [  0,   0,   0, 134]]), array([[100,   0,   0,   0],
       [  0, 134,   0,   0],
       [  0,   0,  89,   0],
       [  0,   0,   0, 134]]), array([[101,   0,   0,   0],
       [  0, 134,   0,   0],
       [  0,   0,  89,   0],
       [  0,   0,   0, 134]]), array([[101,   0,   0,   0],
       [  0, 134,   0,   0],
       [  0,   0,  89,   0],
       [  0,   0,   0, 134]]), array([[101,   0,   0,   0],
       [  0, 135,   0,   0],
       [  0,   0,  89,   0],
       [  0,   0,   0, 135]]), array([[101,   0,   0,   0],
       [  0, 134,   0,   0],
       [  0,   0,  90,   0],
       [  0,   0,   0, 134]]), array([[101,   0,   0,   0],
       [  0, 134,   0,   0],
       [  0,   0,  89,   0],
       [  0,   0,   0, 134]]), array([[101,   0,   0,   0],
       [  0, 134,   0,   0],
       [  0,   0,  89,   0],
       [  0,   0,   0, 134]]), array([[101,   0,   0,   0],
       [  0, 134,   0,   0],
       [  0,   0,  89,   0],
       [  0,   0,   0, 134]]), array([[101,   0,   0,   0],
       [  0, 134,   0,   0],
       [  0,   0,  89,   0],
       [  0,   0,   0, 134]])]","[0.782608695652174, 0.8478260869565217, 0.6521739130434783, 0.7608695652173914, 0.7555555555555555, 0.8666666666666667, 0.7111111111111111, 0.8444444444444444, 0.7777777777777778, 0.8]","[0.782608695652174, 0.8478260869565217, 0.6521739130434783, 0.7608695652173914, 0.7555555555555555, 0.8666666666666667, 0.7111111111111111, 0.8444444444444444, 0.7777777777777778, 0.8]","[0.782608695652174, 0.8478260869565217, 0.6521739130434783, 0.7608695652173914, 0.7555555555555555, 0.8666666666666667, 0.7111111111111111, 0.8444444444444444, 0.7777777777777778, 0.8]","[0.782608695652174, 0.8478260869565217, 0.6521739130434783, 0.7608695652173914, 0.7555555555555555, 0.8666666666666667, 0.7111111111111111, 0.8444444444444444, 0.7777777777777778, 0.8]","[0.790340909090909, 0.8646634615384616, 0.6704545454545454, 0.7858588779641411, 0.7555555555555555, 0.8680555555555556, 0.7125816993464053, 0.8507236227824462, 0.7711038961038962, 0.8016098484848485]","[0.7819444444444444, 0.8402777777777778, 0.634090909090909, 0.7378787878787878, 0.7483766233766235, 0.8550505050505051, 0.7007575757575757, 0.8272727272727274, 0.7712121212121212, 0.7873737373737374]","[0.7850490196078431, 0.8484274193548387, 0.6400162337662338, 0.7463235294117647, 0.7479252598581092, 0.8596064246913795, 0.7041666666666666, 0.8341676201372997, 0.769495504348666, 0.7854349951124145]","[0.787796442687747, 0.8552466555183946, 0.6693017127799736, 0.7784972464606332, 0.76, 0.8679012345679012, 0.7143064633260713, 0.8471729432513746, 0.7806637806637806, 0.800462962962963]","[0.782608695652174, 0.8478260869565217, 0.6521739130434783, 0.7608695652173914, 0.7555555555555555, 0.8666666666666667, 0.7111111111111111, 0.8444444444444444, 0.7777777777777778, 0.8]","[0.7843137254901961, 0.8481661991584852, 0.6494212309429701, 0.7547953964194373, 0.7539412271535683, 0.8654760405675521, 0.71, 0.8413615560640733, 0.7776550566920089, 0.7927012056044315]","[array([[11,  1,  0,  0],
       [ 1,  7,  0,  1],
       [ 0,  0,  7,  3],
       [ 0,  0,  4, 11]]), array([[11,  0,  0,  1],
       [ 2,  7,  0,  0],
       [ 0,  0,  8,  2],
       [ 0,  0,  2, 13]]), array([[ 7,  4,  0,  0],
       [ 3,  6,  0,  1],
       [ 0,  0,  5,  5],
       [ 1,  1,  1, 12]]), array([[ 9,  1,  1,  0],
       [ 3,  6,  0,  1],
       [ 0,  0,  6,  4],
       [ 1,  0,  0, 14]]), array([[ 7,  4,  0,  0],
       [ 2,  8,  0,  0],
       [ 0,  0,  7,  3],
       [ 0,  0,  2, 12]]), array([[10,  1,  0,  0],
       [ 2,  8,  0,  0],
       [ 0,  0,  7,  2],
       [ 0,  0,  1, 14]]), array([[ 7,  3,  1,  0],
       [ 1,  6,  0,  2],
       [ 0,  0,  7,  3],
       [ 1,  0,  2, 12]]), array([[10,  1,  0,  0],
       [ 2,  6,  0,  1],
       [ 0,  0,  8,  2],
       [ 0,  0,  1, 14]]), array([[ 9,  2,  0,  0],
       [ 3,  6,  0,  0],
       [ 0,  0,  8,  2],
       [ 0,  0,  3, 12]]), array([[ 8,  1,  0,  2],
       [ 3,  5,  0,  1],
       [ 0,  0, 10,  0],
       [ 0,  0,  2, 13]])]"
29,"[1.0, 1.0, 1.0, 1.0, 1.0, 1.0, 1.0, 1.0, 1.0, 1.0]","[1.0, 1.0, 1.0, 1.0, 1.0, 1.0, 1.0, 1.0, 1.0, 1.0]","[1.0, 1.0, 1.0, 1.0, 1.0, 1.0, 1.0, 1.0, 1.0, 1.0]","[1.0, 1.0, 1.0, 1.0, 1.0, 1.0, 1.0, 1.0, 1.0, 1.0]","[1.0, 1.0, 1.0, 1.0, 1.0, 1.0, 1.0, 1.0, 1.0, 1.0]","[1.0, 1.0, 1.0, 1.0, 1.0, 1.0, 1.0, 1.0, 1.0, 1.0]","[1.0, 1.0, 1.0, 1.0, 1.0, 1.0, 1.0, 1.0, 1.0, 1.0]","[1.0, 1.0, 1.0, 1.0, 1.0, 1.0, 1.0, 1.0, 1.0, 1.0]","[1.0, 1.0, 1.0, 1.0, 1.0, 1.0, 1.0, 1.0, 1.0, 1.0]","[1.0, 1.0, 1.0, 1.0, 1.0, 1.0, 1.0, 1.0, 1.0, 1.0]","[array([[100,   0,   0,   0],
       [  0, 134,   0,   0],
       [  0,   0,  89,   0],
       [  0,   0,   0, 134]]), array([[100,   0,   0,   0],
       [  0, 134,   0,   0],
       [  0,   0,  89,   0],
       [  0,   0,   0, 134]]), array([[101,   0,   0,   0],
       [  0, 134,   0,   0],
       [  0,   0,  89,   0],
       [  0,   0,   0, 134]]), array([[101,   0,   0,   0],
       [  0, 134,   0,   0],
       [  0,   0,  89,   0],
       [  0,   0,   0, 134]]), array([[101,   0,   0,   0],
       [  0, 135,   0,   0],
       [  0,   0,  89,   0],
       [  0,   0,   0, 135]]), array([[101,   0,   0,   0],
       [  0, 134,   0,   0],
       [  0,   0,  90,   0],
       [  0,   0,   0, 134]]), array([[101,   0,   0,   0],
       [  0, 134,   0,   0],
       [  0,   0,  89,   0],
       [  0,   0,   0, 134]]), array([[101,   0,   0,   0],
       [  0, 134,   0,   0],
       [  0,   0,  89,   0],
       [  0,   0,   0, 134]]), array([[101,   0,   0,   0],
       [  0, 134,   0,   0],
       [  0,   0,  89,   0],
       [  0,   0,   0, 134]]), array([[101,   0,   0,   0],
       [  0, 134,   0,   0],
       [  0,   0,  89,   0],
       [  0,   0,   0, 134]])]","[0.7391304347826086, 0.8043478260869565, 0.6956521739130435, 0.782608695652174, 0.7555555555555555, 0.8666666666666667, 0.7555555555555555, 0.8666666666666667, 0.7555555555555555, 0.7777777777777778]","[0.7391304347826086, 0.8043478260869565, 0.6956521739130435, 0.782608695652174, 0.7555555555555555, 0.8666666666666667, 0.7555555555555555, 0.8666666666666667, 0.7555555555555555, 0.7777777777777778]","[0.7391304347826086, 0.8043478260869565, 0.6956521739130435, 0.782608695652174, 0.7555555555555555, 0.8666666666666667, 0.7555555555555555, 0.8666666666666667, 0.7555555555555555, 0.7777777777777778]","[0.7391304347826086, 0.8043478260869565, 0.6956521739130435, 0.782608695652174, 0.7555555555555555, 0.8666666666666667, 0.7555555555555555, 0.8666666666666667, 0.7555555555555555, 0.7777777777777778]","[0.7471861471861472, 0.8107142857142857, 0.7134768740031898, 0.8047462406015038, 0.7512626262626263, 0.8680555555555556, 0.7625000000000001, 0.8874007936507936, 0.7477522477522477, 0.7781250000000001]","[0.726388888888889, 0.7958333333333334, 0.6757575757575758, 0.7628787878787879, 0.746103896103896, 0.8550505050505051, 0.7401515151515151, 0.8500000000000001, 0.7434343434343433, 0.7595959595959596]","[0.7282051282051282, 0.7990384615384616, 0.6807598039215685, 0.7724495595339584, 0.7479252598581092, 0.8596064246913795, 0.748127001996971, 0.856332767402377, 0.7411227422003284, 0.7537203329629697]","[0.7454827780914737, 0.8074534161490682, 0.7100027737327509, 0.7961752206603465, 0.7550617283950618, 0.8679012345679012, 0.7591358024691358, 0.8812610229276896, 0.7594183594183593, 0.7789814814814815]","[0.7391304347826086, 0.8043478260869565, 0.6956521739130435, 0.782608695652174, 0.7555555555555555, 0.8666666666666667, 0.7555555555555555, 0.8666666666666667, 0.7555555555555555, 0.7777777777777778]","[0.7352285395763656, 0.802257525083612, 0.6895780051150895, 0.7782225681703052, 0.754547287759629, 0.8654760405675521, 0.7537888095163637, 0.863320882852292, 0.75350757161102, 0.7659241179577786]","[array([[11,  1,  0,  0],
       [ 3,  5,  0,  1],
       [ 0,  0,  7,  3],
       [ 0,  0,  4, 11]]), array([[11,  0,  0,  1],
       [ 3,  6,  0,  0],
       [ 0,  0,  8,  2],
       [ 0,  1,  2, 12]]), array([[ 7,  4,  0,  0],
       [ 2,  7,  0,  1],
       [ 0,  0,  5,  5],
       [ 1,  0,  1, 13]]), array([[ 9,  1,  1,  0],
       [ 2,  7,  0,  1],
       [ 0,  0,  6,  4],
       [ 1,  0,  0, 14]]), array([[ 8,  3,  0,  0],
       [ 3,  7,  0,  0],
       [ 0,  0,  7,  3],
       [ 0,  0,  2, 12]]), array([[10,  1,  0,  0],
       [ 2,  8,  0,  0],
       [ 0,  0,  7,  2],
       [ 0,  0,  1, 14]]), array([[ 8,  2,  1,  0],
       [ 1,  6,  0,  2],
       [ 0,  0,  7,  3],
       [ 1,  0,  1, 13]]), array([[11,  0,  0,  0],
       [ 3,  6,  0,  0],
       [ 0,  0,  8,  2],
       [ 0,  0,  1, 14]]), array([[ 9,  2,  0,  0],
       [ 4,  5,  0,  0],
       [ 0,  0,  8,  2],
       [ 0,  0,  3, 12]]), array([[ 8,  1,  0,  2],
       [ 4,  4,  0,  1],
       [ 0,  0, 10,  0],
       [ 0,  0,  2, 13]])]"
30,"[1.0, 1.0, 1.0, 1.0, 1.0, 1.0, 1.0, 1.0, 1.0, 1.0]","[1.0, 1.0, 1.0, 1.0, 1.0, 1.0, 1.0, 1.0, 1.0, 1.0]","[1.0, 1.0, 1.0, 1.0, 1.0, 1.0, 1.0, 1.0, 1.0, 1.0]","[1.0, 1.0, 1.0, 1.0, 1.0, 1.0, 1.0, 1.0, 1.0, 1.0]","[1.0, 1.0, 1.0, 1.0, 1.0, 1.0, 1.0, 1.0, 1.0, 1.0]","[1.0, 1.0, 1.0, 1.0, 1.0, 1.0, 1.0, 1.0, 1.0, 1.0]","[1.0, 1.0, 1.0, 1.0, 1.0, 1.0, 1.0, 1.0, 1.0, 1.0]","[1.0, 1.0, 1.0, 1.0, 1.0, 1.0, 1.0, 1.0, 1.0, 1.0]","[1.0, 1.0, 1.0, 1.0, 1.0, 1.0, 1.0, 1.0, 1.0, 1.0]","[1.0, 1.0, 1.0, 1.0, 1.0, 1.0, 1.0, 1.0, 1.0, 1.0]","[array([[100,   0,   0,   0],
       [  0, 134,   0,   0],
       [  0,   0,  89,   0],
       [  0,   0,   0, 134]]), array([[100,   0,   0,   0],
       [  0, 134,   0,   0],
       [  0,   0,  89,   0],
       [  0,   0,   0, 134]]), array([[101,   0,   0,   0],
       [  0, 134,   0,   0],
       [  0,   0,  89,   0],
       [  0,   0,   0, 134]]), array([[101,   0,   0,   0],
       [  0, 134,   0,   0],
       [  0,   0,  89,   0],
       [  0,   0,   0, 134]]), array([[101,   0,   0,   0],
       [  0, 135,   0,   0],
       [  0,   0,  89,   0],
       [  0,   0,   0, 135]]), array([[101,   0,   0,   0],
       [  0, 134,   0,   0],
       [  0,   0,  90,   0],
       [  0,   0,   0, 134]]), array([[101,   0,   0,   0],
       [  0, 134,   0,   0],
       [  0,   0,  89,   0],
       [  0,   0,   0, 134]]), array([[101,   0,   0,   0],
       [  0, 134,   0,   0],
       [  0,   0,  89,   0],
       [  0,   0,   0, 134]]), array([[101,   0,   0,   0],
       [  0, 134,   0,   0],
       [  0,   0,  89,   0],
       [  0,   0,   0, 134]]), array([[101,   0,   0,   0],
       [  0, 134,   0,   0],
       [  0,   0,  89,   0],
       [  0,   0,   0, 134]])]","[0.7608695652173914, 0.8260869565217391, 0.7391304347826086, 0.7608695652173914, 0.7555555555555555, 0.8222222222222222, 0.7555555555555555, 0.8222222222222222, 0.7777777777777778, 0.8444444444444444]","[0.7608695652173914, 0.8260869565217391, 0.7391304347826086, 0.7608695652173914, 0.7555555555555555, 0.8222222222222222, 0.7555555555555555, 0.8222222222222222, 0.7777777777777778, 0.8444444444444444]","[0.7608695652173914, 0.8260869565217391, 0.7391304347826086, 0.7608695652173914, 0.7555555555555555, 0.8222222222222222, 0.7555555555555555, 0.8222222222222222, 0.7777777777777778, 0.8444444444444444]","[0.7608695652173914, 0.8260869565217391, 0.7391304347826086, 0.7608695652173914, 0.7555555555555555, 0.8222222222222222, 0.7555555555555555, 0.8222222222222222, 0.7777777777777778, 0.8444444444444444]","[0.7723214285714286, 0.8495535714285714, 0.7612041467304625, 0.7822420634920635, 0.7512626262626263, 0.821780303030303, 0.7625000000000001, 0.8159722222222222, 0.7683150183150184, 0.866003787878788]","[0.7652777777777777, 0.8125, 0.7234848484848485, 0.737878787878788, 0.746103896103896, 0.8156565656565656, 0.7401515151515151, 0.8045454545454547, 0.76010101010101, 0.8378787878787879]","[0.7665537218022005, 0.8212158808933003, 0.7283788515406162, 0.7428156565656566, 0.7479252598581092, 0.8175706646294881, 0.748127001996971, 0.8084555295507145, 0.7604166666666666, 0.8414956011730206]","[0.7700569358178054, 0.8394798136645963, 0.7536786630608141, 0.7787267080745341, 0.7550617283950618, 0.8255050505050505, 0.7591358024691358, 0.8225308641975307, 0.7787545787545788, 0.8560185185185186]","[0.7608695652173914, 0.8260869565217391, 0.7391304347826086, 0.7608695652173914, 0.7555555555555555, 0.8222222222222222, 0.7555555555555555, 0.8222222222222222, 0.7777777777777778, 0.8444444444444444]","[0.7634832316462089, 0.8246628546768799, 0.7330562659846547, 0.7538054457619675, 0.754547287759629, 0.8229069405539993, 0.7537888095163637, 0.8206905901555033, 0.775, 0.8415900944933203]","[array([[11,  1,  0,  0],
       [ 1,  7,  0,  1],
       [ 0,  0,  7,  3],
       [ 0,  0,  5, 10]]), array([[11,  0,  0,  1],
       [ 3,  6,  0,  0],
       [ 0,  0,  8,  2],
       [ 0,  0,  2, 13]]), array([[ 8,  3,  0,  0],
       [ 1,  8,  0,  1],
       [ 0,  0,  5,  5],
       [ 1,  0,  1, 13]]), array([[ 9,  1,  1,  0],
       [ 4,  5,  0,  1],
       [ 0,  0,  7,  3],
       [ 1,  0,  0, 14]]), array([[ 8,  3,  0,  0],
       [ 3,  7,  0,  0],
       [ 0,  0,  7,  3],
       [ 0,  0,  2, 12]]), array([[ 9,  2,  0,  0],
       [ 2,  8,  0,  0],
       [ 0,  0,  7,  2],
       [ 0,  1,  1, 13]]), array([[ 8,  2,  1,  0],
       [ 1,  6,  0,  2],
       [ 0,  0,  7,  3],
       [ 1,  0,  1, 13]]), array([[ 9,  2,  0,  0],
       [ 3,  6,  0,  0],
       [ 0,  0,  8,  2],
       [ 0,  0,  1, 14]]), array([[ 9,  2,  0,  0],
       [ 4,  5,  0,  0],
       [ 0,  0,  8,  2],
       [ 0,  0,  2, 13]]), array([[ 9,  0,  0,  2],
       [ 2,  6,  0,  1],
       [ 0,  0, 10,  0],
       [ 0,  0,  2, 13]])]"
31,"[1.0, 1.0, 1.0, 1.0, 1.0, 1.0, 1.0, 1.0, 1.0, 1.0]","[1.0, 1.0, 1.0, 1.0, 1.0, 1.0, 1.0, 1.0, 1.0, 1.0]","[1.0, 1.0, 1.0, 1.0, 1.0, 1.0, 1.0, 1.0, 1.0, 1.0]","[1.0, 1.0, 1.0, 1.0, 1.0, 1.0, 1.0, 1.0, 1.0, 1.0]","[1.0, 1.0, 1.0, 1.0, 1.0, 1.0, 1.0, 1.0, 1.0, 1.0]","[1.0, 1.0, 1.0, 1.0, 1.0, 1.0, 1.0, 1.0, 1.0, 1.0]","[1.0, 1.0, 1.0, 1.0, 1.0, 1.0, 1.0, 1.0, 1.0, 1.0]","[1.0, 1.0, 1.0, 1.0, 1.0, 1.0, 1.0, 1.0, 1.0, 1.0]","[1.0, 1.0, 1.0, 1.0, 1.0, 1.0, 1.0, 1.0, 1.0, 1.0]","[1.0, 1.0, 1.0, 1.0, 1.0, 1.0, 1.0, 1.0, 1.0, 1.0]","[array([[100,   0,   0,   0],
       [  0, 134,   0,   0],
       [  0,   0,  89,   0],
       [  0,   0,   0, 134]]), array([[100,   0,   0,   0],
       [  0, 134,   0,   0],
       [  0,   0,  89,   0],
       [  0,   0,   0, 134]]), array([[101,   0,   0,   0],
       [  0, 134,   0,   0],
       [  0,   0,  89,   0],
       [  0,   0,   0, 134]]), array([[101,   0,   0,   0],
       [  0, 134,   0,   0],
       [  0,   0,  89,   0],
       [  0,   0,   0, 134]]), array([[101,   0,   0,   0],
       [  0, 135,   0,   0],
       [  0,   0,  89,   0],
       [  0,   0,   0, 135]]), array([[101,   0,   0,   0],
       [  0, 134,   0,   0],
       [  0,   0,  90,   0],
       [  0,   0,   0, 134]]), array([[101,   0,   0,   0],
       [  0, 134,   0,   0],
       [  0,   0,  89,   0],
       [  0,   0,   0, 134]]), array([[101,   0,   0,   0],
       [  0, 134,   0,   0],
       [  0,   0,  89,   0],
       [  0,   0,   0, 134]]), array([[101,   0,   0,   0],
       [  0, 134,   0,   0],
       [  0,   0,  89,   0],
       [  0,   0,   0, 134]]), array([[101,   0,   0,   0],
       [  0, 134,   0,   0],
       [  0,   0,  89,   0],
       [  0,   0,   0, 134]])]","[0.7608695652173914, 0.8260869565217391, 0.6956521739130435, 0.782608695652174, 0.7333333333333333, 0.8444444444444444, 0.7333333333333333, 0.8222222222222222, 0.8, 0.8]","[0.7608695652173914, 0.8260869565217391, 0.6956521739130435, 0.782608695652174, 0.7333333333333333, 0.8444444444444444, 0.7333333333333333, 0.8222222222222222, 0.8, 0.8]","[0.7608695652173914, 0.8260869565217391, 0.6956521739130435, 0.782608695652174, 0.7333333333333333, 0.8444444444444444, 0.7333333333333333, 0.8222222222222222, 0.8, 0.8]","[0.7608695652173914, 0.8260869565217391, 0.6956521739130435, 0.782608695652174, 0.7333333333333333, 0.8444444444444444, 0.7333333333333333, 0.8222222222222222, 0.8, 0.8]","[0.7924242424242425, 0.8471593765711413, 0.7083333333333333, 0.7971521942110178, 0.7277777777777779, 0.8485576923076923, 0.7353896103896104, 0.8159722222222222, 0.7916666666666666, 0.8016098484848485]","[0.7472222222222222, 0.8152777777777778, 0.6674242424242425, 0.7628787878787879, 0.7211038961038961, 0.8300505050505049, 0.7123737373737373, 0.8045454545454547, 0.787878787878788, 0.7873737373737374]","[0.7507936507936508, 0.8260855263157895, 0.6729166666666666, 0.7655263157894736, 0.7229148583602935, 0.8344665823318576, 0.7192484051036683, 0.8084555295507145, 0.7887894288150042, 0.7854349951124145]","[0.781818181818182, 0.8348306992808271, 0.7072463768115942, 0.7966650428287256, 0.7328395061728395, 0.8491452991452991, 0.7342151675485008, 0.8225308641975307, 0.8, 0.800462962962963]","[0.7608695652173914, 0.8260869565217391, 0.6956521739130435, 0.782608695652174, 0.7333333333333333, 0.8444444444444444, 0.7333333333333333, 0.8222222222222222, 0.8, 0.8]","[0.7556935817805382, 0.8258895881006865, 0.6865942028985507, 0.7764359267734554, 0.7316131407980221, 0.8423243610466886, 0.7291467304625199, 0.8206905901555033, 0.7991474850809889, 0.7927012056044315]","[array([[12,  0,  0,  0],
       [ 3,  5,  0,  1],
       [ 0,  0,  7,  3],
       [ 0,  0,  4, 11]]), array([[11,  0,  0,  1],
       [ 2,  7,  0,  0],
       [ 0,  0,  7,  3],
       [ 0,  0,  2, 13]]), array([[ 7,  4,  0,  0],
       [ 3,  6,  0,  1],
       [ 0,  0,  5,  5],
       [ 0,  0,  1, 14]]), array([[ 9,  1,  1,  0],
       [ 4,  5,  0,  1],
       [ 0,  0,  8,  2],
       [ 1,  0,  0, 14]]), array([[ 8,  3,  0,  0],
       [ 4,  6,  0,  0],
       [ 0,  0,  7,  3],
       [ 0,  0,  2, 12]]), array([[10,  1,  0,  0],
       [ 3,  7,  0,  0],
       [ 0,  0,  7,  2],
       [ 0,  0,  1, 14]]), array([[ 8,  2,  1,  0],
       [ 2,  5,  0,  2],
       [ 0,  0,  7,  3],
       [ 1,  0,  1, 13]]), array([[ 9,  2,  0,  0],
       [ 3,  6,  0,  0],
       [ 0,  0,  8,  2],
       [ 0,  0,  1, 14]]), array([[ 9,  2,  0,  0],
       [ 3,  6,  0,  0],
       [ 0,  0,  8,  2],
       [ 0,  0,  2, 13]]), array([[ 8,  1,  0,  2],
       [ 3,  5,  0,  1],
       [ 0,  0, 10,  0],
       [ 0,  0,  2, 13]])]"
32,"[1.0, 1.0, 1.0, 1.0, 1.0, 1.0, 1.0, 1.0, 1.0, 1.0]","[1.0, 1.0, 1.0, 1.0, 1.0, 1.0, 1.0, 1.0, 1.0, 1.0]","[1.0, 1.0, 1.0, 1.0, 1.0, 1.0, 1.0, 1.0, 1.0, 1.0]","[1.0, 1.0, 1.0, 1.0, 1.0, 1.0, 1.0, 1.0, 1.0, 1.0]","[1.0, 1.0, 1.0, 1.0, 1.0, 1.0, 1.0, 1.0, 1.0, 1.0]","[1.0, 1.0, 1.0, 1.0, 1.0, 1.0, 1.0, 1.0, 1.0, 1.0]","[1.0, 1.0, 1.0, 1.0, 1.0, 1.0, 1.0, 1.0, 1.0, 1.0]","[1.0, 1.0, 1.0, 1.0, 1.0, 1.0, 1.0, 1.0, 1.0, 1.0]","[1.0, 1.0, 1.0, 1.0, 1.0, 1.0, 1.0, 1.0, 1.0, 1.0]","[1.0, 1.0, 1.0, 1.0, 1.0, 1.0, 1.0, 1.0, 1.0, 1.0]","[array([[100,   0,   0,   0],
       [  0, 134,   0,   0],
       [  0,   0,  89,   0],
       [  0,   0,   0, 134]]), array([[100,   0,   0,   0],
       [  0, 134,   0,   0],
       [  0,   0,  89,   0],
       [  0,   0,   0, 134]]), array([[101,   0,   0,   0],
       [  0, 134,   0,   0],
       [  0,   0,  89,   0],
       [  0,   0,   0, 134]]), array([[101,   0,   0,   0],
       [  0, 134,   0,   0],
       [  0,   0,  89,   0],
       [  0,   0,   0, 134]]), array([[101,   0,   0,   0],
       [  0, 135,   0,   0],
       [  0,   0,  89,   0],
       [  0,   0,   0, 135]]), array([[101,   0,   0,   0],
       [  0, 134,   0,   0],
       [  0,   0,  90,   0],
       [  0,   0,   0, 134]]), array([[101,   0,   0,   0],
       [  0, 134,   0,   0],
       [  0,   0,  89,   0],
       [  0,   0,   0, 134]]), array([[101,   0,   0,   0],
       [  0, 134,   0,   0],
       [  0,   0,  89,   0],
       [  0,   0,   0, 134]]), array([[101,   0,   0,   0],
       [  0, 134,   0,   0],
       [  0,   0,  89,   0],
       [  0,   0,   0, 134]]), array([[101,   0,   0,   0],
       [  0, 134,   0,   0],
       [  0,   0,  89,   0],
       [  0,   0,   0, 134]])]","[0.6956521739130435, 0.8260869565217391, 0.7391304347826086, 0.782608695652174, 0.7555555555555555, 0.8666666666666667, 0.7777777777777778, 0.8222222222222222, 0.7777777777777778, 0.8]","[0.6956521739130435, 0.8260869565217391, 0.7391304347826086, 0.782608695652174, 0.7555555555555555, 0.8666666666666667, 0.7777777777777778, 0.8222222222222222, 0.7777777777777778, 0.8]","[0.6956521739130435, 0.8260869565217391, 0.7391304347826086, 0.782608695652174, 0.7555555555555555, 0.8666666666666667, 0.7777777777777778, 0.8222222222222222, 0.7777777777777778, 0.8]","[0.6956521739130435, 0.8260869565217391, 0.7391304347826086, 0.782608695652174, 0.7555555555555555, 0.8666666666666667, 0.7777777777777778, 0.8222222222222222, 0.7777777777777778, 0.8]","[0.7077380952380953, 0.8471593765711413, 0.76875, 0.7894570707070707, 0.7533730158730159, 0.8680555555555556, 0.7938311688311689, 0.8358134920634921, 0.7683150183150184, 0.8016098484848485]","[0.6819444444444444, 0.8152777777777778, 0.7174242424242425, 0.7651515151515151, 0.7509740259740258, 0.8550505050505051, 0.7628787878787878, 0.8022727272727272, 0.76010101010101, 0.7873737373737374]","[0.6780655487552039, 0.8260855263157895, 0.7222787081339712, 0.7725943646996278, 0.7512912716574043, 0.8596064246913795, 0.773225677830941, 0.8114569609134826, 0.7604166666666666, 0.7854349951124145]","[0.7075569358178054, 0.8348306992808271, 0.7635869565217391, 0.7868357487922705, 0.7561728395061729, 0.8679012345679012, 0.7850088183421517, 0.8288359788359787, 0.7787545787545788, 0.800462962962963]","[0.6956521739130435, 0.8260869565217391, 0.7391304347826086, 0.782608695652174, 0.7555555555555555, 0.8666666666666667, 0.7777777777777778, 0.8222222222222222, 0.7777777777777778, 0.8]","[0.6875891058799605, 0.8258895881006865, 0.7310432702309132, 0.779858077340915, 0.7550470378845666, 0.8654760405675521, 0.7763689526847422, 0.8182281754745524, 0.775, 0.7927012056044315]","[array([[11,  1,  0,  0],
       [ 4,  4,  0,  1],
       [ 0,  0,  7,  3],
       [ 0,  0,  5, 10]]), array([[11,  0,  0,  1],
       [ 2,  7,  0,  0],
       [ 0,  0,  7,  3],
       [ 0,  0,  2, 13]]), array([[ 7,  4,  0,  0],
       [ 1,  8,  0,  1],
       [ 0,  0,  5,  5],
       [ 0,  0,  1, 14]]), array([[ 8,  2,  1,  0],
       [ 2,  7,  0,  1],
       [ 0,  0,  7,  3],
       [ 1,  0,  0, 14]]), array([[ 9,  2,  0,  0],
       [ 3,  7,  0,  0],
       [ 0,  0,  7,  3],
       [ 0,  0,  3, 11]]), array([[10,  1,  0,  0],
       [ 2,  8,  0,  0],
       [ 0,  0,  7,  2],
       [ 0,  0,  1, 14]]), array([[ 9,  1,  1,  0],
       [ 1,  6,  0,  2],
       [ 0,  0,  7,  3],
       [ 1,  0,  1, 13]]), array([[10,  1,  0,  0],
       [ 2,  6,  0,  1],
       [ 0,  0,  7,  3],
       [ 0,  0,  1, 14]]), array([[ 9,  2,  0,  0],
       [ 4,  5,  0,  0],
       [ 0,  0,  8,  2],
       [ 0,  0,  2, 13]]), array([[ 8,  1,  0,  2],
       [ 3,  5,  0,  1],
       [ 0,  0, 10,  0],
       [ 0,  0,  2, 13]])]"
33,"[1.0, 1.0, 1.0, 1.0, 1.0, 1.0, 1.0, 1.0, 1.0, 1.0]","[1.0, 1.0, 1.0, 1.0, 1.0, 1.0, 1.0, 1.0, 1.0, 1.0]","[1.0, 1.0, 1.0, 1.0, 1.0, 1.0, 1.0, 1.0, 1.0, 1.0]","[1.0, 1.0, 1.0, 1.0, 1.0, 1.0, 1.0, 1.0, 1.0, 1.0]","[1.0, 1.0, 1.0, 1.0, 1.0, 1.0, 1.0, 1.0, 1.0, 1.0]","[1.0, 1.0, 1.0, 1.0, 1.0, 1.0, 1.0, 1.0, 1.0, 1.0]","[1.0, 1.0, 1.0, 1.0, 1.0, 1.0, 1.0, 1.0, 1.0, 1.0]","[1.0, 1.0, 1.0, 1.0, 1.0, 1.0, 1.0, 1.0, 1.0, 1.0]","[1.0, 1.0, 1.0, 1.0, 1.0, 1.0, 1.0, 1.0, 1.0, 1.0]","[1.0, 1.0, 1.0, 1.0, 1.0, 1.0, 1.0, 1.0, 1.0, 1.0]","[array([[100,   0,   0,   0],
       [  0, 134,   0,   0],
       [  0,   0,  89,   0],
       [  0,   0,   0, 134]]), array([[100,   0,   0,   0],
       [  0, 134,   0,   0],
       [  0,   0,  89,   0],
       [  0,   0,   0, 134]]), array([[101,   0,   0,   0],
       [  0, 134,   0,   0],
       [  0,   0,  89,   0],
       [  0,   0,   0, 134]]), array([[101,   0,   0,   0],
       [  0, 134,   0,   0],
       [  0,   0,  89,   0],
       [  0,   0,   0, 134]]), array([[101,   0,   0,   0],
       [  0, 135,   0,   0],
       [  0,   0,  89,   0],
       [  0,   0,   0, 135]]), array([[101,   0,   0,   0],
       [  0, 134,   0,   0],
       [  0,   0,  90,   0],
       [  0,   0,   0, 134]]), array([[101,   0,   0,   0],
       [  0, 134,   0,   0],
       [  0,   0,  89,   0],
       [  0,   0,   0, 134]]), array([[101,   0,   0,   0],
       [  0, 134,   0,   0],
       [  0,   0,  89,   0],
       [  0,   0,   0, 134]]), array([[101,   0,   0,   0],
       [  0, 134,   0,   0],
       [  0,   0,  89,   0],
       [  0,   0,   0, 134]]), array([[101,   0,   0,   0],
       [  0, 134,   0,   0],
       [  0,   0,  89,   0],
       [  0,   0,   0, 134]])]","[0.717391304347826, 0.782608695652174, 0.717391304347826, 0.782608695652174, 0.7555555555555555, 0.8666666666666667, 0.8, 0.8666666666666667, 0.8, 0.8]","[0.717391304347826, 0.782608695652174, 0.717391304347826, 0.782608695652174, 0.7555555555555555, 0.8666666666666667, 0.8, 0.8666666666666667, 0.8, 0.8]","[0.717391304347826, 0.782608695652174, 0.717391304347826, 0.782608695652174, 0.7555555555555555, 0.8666666666666667, 0.8, 0.8666666666666667, 0.8, 0.8]","[0.717391304347826, 0.782608695652174, 0.717391304347826, 0.782608695652174, 0.7555555555555555, 0.8666666666666667, 0.8, 0.8666666666666667, 0.8, 0.8]","[0.761904761904762, 0.7922143216260863, 0.7234962406015037, 0.7971521942110178, 0.7512626262626263, 0.8680555555555556, 0.8100076394194041, 0.8896430367018602, 0.7916666666666666, 0.8016098484848485]","[0.7027777777777777, 0.7666666666666667, 0.6924242424242424, 0.7628787878787879, 0.746103896103896, 0.8550505050505051, 0.787878787878788, 0.8500000000000001, 0.787878787878788, 0.7873737373737374]","[0.6996365703262255, 0.7748355263157894, 0.6990196078431372, 0.7655263157894736, 0.7479252598581092, 0.8596064246913795, 0.7951704545454545, 0.8584429824561404, 0.7887894288150042, 0.7854349951124145]","[0.7510351966873706, 0.7868134990897139, 0.724436090225564, 0.7966650428287256, 0.7550617283950618, 0.8679012345679012, 0.804108309990663, 0.8788782749567063, 0.8, 0.800462962962963]","[0.717391304347826, 0.782608695652174, 0.717391304347826, 0.782608695652174, 0.7555555555555555, 0.8666666666666667, 0.8, 0.8666666666666667, 0.8, 0.8]","[0.7072312994351975, 0.7805635011441648, 0.7118499573742539, 0.7764359267734554, 0.754547287759629, 0.8654760405675521, 0.7986111111111112, 0.8628752436647172, 0.7991474850809889, 0.7927012056044315]","[array([[12,  0,  0,  0],
       [ 4,  4,  0,  1],
       [ 0,  0,  7,  3],
       [ 0,  0,  5, 10]]), array([[10,  1,  0,  1],
       [ 3,  6,  0,  0],
       [ 0,  0,  7,  3],
       [ 0,  0,  2, 13]]), array([[ 7,  4,  0,  0],
       [ 3,  6,  0,  1],
       [ 0,  0,  6,  4],
       [ 0,  0,  1, 14]]), array([[ 9,  1,  1,  0],
       [ 4,  5,  0,  1],
       [ 0,  0,  8,  2],
       [ 1,  0,  0, 14]]), array([[ 8,  3,  0,  0],
       [ 3,  7,  0,  0],
       [ 0,  0,  7,  3],
       [ 0,  0,  2, 12]]), array([[10,  1,  0,  0],
       [ 2,  8,  0,  0],
       [ 0,  0,  7,  2],
       [ 0,  0,  1, 14]]), array([[ 9,  1,  1,  0],
       [ 1,  6,  0,  2],
       [ 0,  0,  8,  2],
       [ 1,  0,  1, 13]]), array([[11,  0,  0,  0],
       [ 2,  6,  0,  1],
       [ 0,  0,  8,  2],
       [ 0,  0,  1, 14]]), array([[ 9,  2,  0,  0],
       [ 3,  6,  0,  0],
       [ 0,  0,  8,  2],
       [ 0,  0,  2, 13]]), array([[ 8,  1,  0,  2],
       [ 3,  5,  0,  1],
       [ 0,  0, 10,  0],
       [ 0,  0,  2, 13]])]"
34,"[1.0, 1.0, 1.0, 1.0, 1.0, 1.0, 1.0, 1.0, 1.0, 1.0]","[1.0, 1.0, 1.0, 1.0, 1.0, 1.0, 1.0, 1.0, 1.0, 1.0]","[1.0, 1.0, 1.0, 1.0, 1.0, 1.0, 1.0, 1.0, 1.0, 1.0]","[1.0, 1.0, 1.0, 1.0, 1.0, 1.0, 1.0, 1.0, 1.0, 1.0]","[1.0, 1.0, 1.0, 1.0, 1.0, 1.0, 1.0, 1.0, 1.0, 1.0]","[1.0, 1.0, 1.0, 1.0, 1.0, 1.0, 1.0, 1.0, 1.0, 1.0]","[1.0, 1.0, 1.0, 1.0, 1.0, 1.0, 1.0, 1.0, 1.0, 1.0]","[1.0, 1.0, 1.0, 1.0, 1.0, 1.0, 1.0, 1.0, 1.0, 1.0]","[1.0, 1.0, 1.0, 1.0, 1.0, 1.0, 1.0, 1.0, 1.0, 1.0]","[1.0, 1.0, 1.0, 1.0, 1.0, 1.0, 1.0, 1.0, 1.0, 1.0]","[array([[100,   0,   0,   0],
       [  0, 134,   0,   0],
       [  0,   0,  89,   0],
       [  0,   0,   0, 134]]), array([[100,   0,   0,   0],
       [  0, 134,   0,   0],
       [  0,   0,  89,   0],
       [  0,   0,   0, 134]]), array([[101,   0,   0,   0],
       [  0, 134,   0,   0],
       [  0,   0,  89,   0],
       [  0,   0,   0, 134]]), array([[101,   0,   0,   0],
       [  0, 134,   0,   0],
       [  0,   0,  89,   0],
       [  0,   0,   0, 134]]), array([[101,   0,   0,   0],
       [  0, 135,   0,   0],
       [  0,   0,  89,   0],
       [  0,   0,   0, 135]]), array([[101,   0,   0,   0],
       [  0, 134,   0,   0],
       [  0,   0,  90,   0],
       [  0,   0,   0, 134]]), array([[101,   0,   0,   0],
       [  0, 134,   0,   0],
       [  0,   0,  89,   0],
       [  0,   0,   0, 134]]), array([[101,   0,   0,   0],
       [  0, 134,   0,   0],
       [  0,   0,  89,   0],
       [  0,   0,   0, 134]]), array([[101,   0,   0,   0],
       [  0, 134,   0,   0],
       [  0,   0,  89,   0],
       [  0,   0,   0, 134]]), array([[101,   0,   0,   0],
       [  0, 134,   0,   0],
       [  0,   0,  89,   0],
       [  0,   0,   0, 134]])]","[0.717391304347826, 0.8260869565217391, 0.717391304347826, 0.782608695652174, 0.7555555555555555, 0.8444444444444444, 0.7555555555555555, 0.8, 0.8, 0.8]","[0.717391304347826, 0.8260869565217391, 0.717391304347826, 0.782608695652174, 0.7555555555555555, 0.8444444444444444, 0.7555555555555555, 0.8, 0.8, 0.8]","[0.717391304347826, 0.8260869565217391, 0.717391304347826, 0.782608695652174, 0.7555555555555555, 0.8444444444444444, 0.7555555555555555, 0.8, 0.8, 0.8]","[0.717391304347826, 0.8260869565217391, 0.717391304347826, 0.782608695652174, 0.7555555555555555, 0.8444444444444444, 0.7555555555555555, 0.8, 0.8, 0.8]","[0.7291666666666667, 0.8471593765711413, 0.7234962406015037, 0.7816399286987521, 0.7532467532467533, 0.84375, 0.770301757066463, 0.805239898989899, 0.7916666666666666, 0.8016098484848485]","[0.7097222222222223, 0.8152777777777778, 0.6924242424242424, 0.7674242424242426, 0.7532467532467533, 0.8383838383838383, 0.7462121212121211, 0.7795454545454545, 0.787878787878788, 0.7873737373737374]","[0.7097098303994855, 0.8260855263157895, 0.6990196078431372, 0.7709429824561403, 0.7523809523809524, 0.8399403239556692, 0.7545454545454546, 0.7875816993464053, 0.7887894288150042, 0.7854349951124145]","[0.7277432712215323, 0.8348306992808271, 0.724436090225564, 0.7861091735772042, 0.7571717171717173, 0.8453703703703704, 0.7622782446311858, 0.8037037037037037, 0.8, 0.800462962962963]","[0.717391304347826, 0.8260869565217391, 0.717391304347826, 0.782608695652174, 0.7555555555555555, 0.8444444444444444, 0.7555555555555555, 0.8, 0.8, 0.8]","[0.7143980457323785, 0.8258895881006865, 0.7118499573742539, 0.7807112890922959, 0.7555555555555555, 0.8439329354930377, 0.7555555555555555, 0.7968442595893576, 0.7991474850809889, 0.7927012056044315]","[array([[11,  1,  0,  0],
       [ 3,  5,  0,  1],
       [ 0,  0,  7,  3],
       [ 0,  0,  5, 10]]), array([[11,  0,  0,  1],
       [ 2,  7,  0,  0],
       [ 0,  0,  7,  3],
       [ 0,  0,  2, 13]]), array([[ 7,  4,  0,  0],
       [ 3,  6,  0,  1],
       [ 0,  0,  6,  4],
       [ 0,  0,  1, 14]]), array([[ 7,  3,  1,  0],
       [ 2,  7,  0,  1],
       [ 0,  0,  8,  2],
       [ 0,  1,  0, 14]]), array([[ 8,  3,  0,  0],
       [ 2,  8,  0,  0],
       [ 0,  0,  7,  3],
       [ 0,  0,  3, 11]]), array([[10,  1,  0,  0],
       [ 2,  8,  0,  0],
       [ 0,  0,  7,  2],
       [ 0,  1,  1, 13]]), array([[ 9,  1,  1,  0],
       [ 1,  6,  0,  2],
       [ 0,  0,  7,  3],
       [ 1,  0,  2, 12]]), array([[ 9,  2,  0,  0],
       [ 2,  6,  0,  1],
       [ 0,  0,  7,  3],
       [ 0,  0,  1, 14]]), array([[ 9,  2,  0,  0],
       [ 3,  6,  0,  0],
       [ 0,  0,  8,  2],
       [ 0,  0,  2, 13]]), array([[ 8,  1,  0,  2],
       [ 3,  5,  0,  1],
       [ 0,  0, 10,  0],
       [ 0,  0,  2, 13]])]"
35,"[1.0, 1.0, 1.0, 1.0, 1.0, 1.0, 1.0, 1.0, 1.0, 1.0]","[1.0, 1.0, 1.0, 1.0, 1.0, 1.0, 1.0, 1.0, 1.0, 1.0]","[1.0, 1.0, 1.0, 1.0, 1.0, 1.0, 1.0, 1.0, 1.0, 1.0]","[1.0, 1.0, 1.0, 1.0, 1.0, 1.0, 1.0, 1.0, 1.0, 1.0]","[1.0, 1.0, 1.0, 1.0, 1.0, 1.0, 1.0, 1.0, 1.0, 1.0]","[1.0, 1.0, 1.0, 1.0, 1.0, 1.0, 1.0, 1.0, 1.0, 1.0]","[1.0, 1.0, 1.0, 1.0, 1.0, 1.0, 1.0, 1.0, 1.0, 1.0]","[1.0, 1.0, 1.0, 1.0, 1.0, 1.0, 1.0, 1.0, 1.0, 1.0]","[1.0, 1.0, 1.0, 1.0, 1.0, 1.0, 1.0, 1.0, 1.0, 1.0]","[1.0, 1.0, 1.0, 1.0, 1.0, 1.0, 1.0, 1.0, 1.0, 1.0]","[array([[100,   0,   0,   0],
       [  0, 134,   0,   0],
       [  0,   0,  89,   0],
       [  0,   0,   0, 134]]), array([[100,   0,   0,   0],
       [  0, 134,   0,   0],
       [  0,   0,  89,   0],
       [  0,   0,   0, 134]]), array([[101,   0,   0,   0],
       [  0, 134,   0,   0],
       [  0,   0,  89,   0],
       [  0,   0,   0, 134]]), array([[101,   0,   0,   0],
       [  0, 134,   0,   0],
       [  0,   0,  89,   0],
       [  0,   0,   0, 134]]), array([[101,   0,   0,   0],
       [  0, 135,   0,   0],
       [  0,   0,  89,   0],
       [  0,   0,   0, 135]]), array([[101,   0,   0,   0],
       [  0, 134,   0,   0],
       [  0,   0,  90,   0],
       [  0,   0,   0, 134]]), array([[101,   0,   0,   0],
       [  0, 134,   0,   0],
       [  0,   0,  89,   0],
       [  0,   0,   0, 134]]), array([[101,   0,   0,   0],
       [  0, 134,   0,   0],
       [  0,   0,  89,   0],
       [  0,   0,   0, 134]]), array([[101,   0,   0,   0],
       [  0, 134,   0,   0],
       [  0,   0,  89,   0],
       [  0,   0,   0, 134]]), array([[101,   0,   0,   0],
       [  0, 134,   0,   0],
       [  0,   0,  89,   0],
       [  0,   0,   0, 134]])]","[0.717391304347826, 0.8043478260869565, 0.717391304347826, 0.8260869565217391, 0.7555555555555555, 0.8444444444444444, 0.6888888888888889, 0.8444444444444444, 0.7777777777777778, 0.7777777777777778]","[0.717391304347826, 0.8043478260869565, 0.717391304347826, 0.8260869565217391, 0.7555555555555555, 0.8444444444444444, 0.6888888888888889, 0.8444444444444444, 0.7777777777777778, 0.7777777777777778]","[0.717391304347826, 0.8043478260869565, 0.717391304347826, 0.8260869565217391, 0.7555555555555555, 0.8444444444444444, 0.6888888888888889, 0.8444444444444444, 0.7777777777777778, 0.7777777777777778]","[0.717391304347826, 0.8043478260869565, 0.717391304347826, 0.8260869565217391, 0.7555555555555555, 0.8444444444444444, 0.6888888888888889, 0.8444444444444444, 0.7777777777777778, 0.7777777777777778]","[0.761904761904762, 0.8320494864612511, 0.7234962406015037, 0.8343545751633987, 0.7512626262626263, 0.8420454545454545, 0.6788461538461539, 0.8507236227824462, 0.7683150183150184, 0.785873440285205]","[0.7027777777777777, 0.7875, 0.6924242424242424, 0.812878787878788, 0.746103896103896, 0.8323232323232324, 0.6568181818181817, 0.8272727272727274, 0.76010101010101, 0.7623737373737374]","[0.6996365703262255, 0.798873987854251, 0.6990196078431372, 0.8193729341469616, 0.7479252598581092, 0.8362342590995342, 0.6549897470950101, 0.8341676201372997, 0.7604166666666666, 0.7658955627705628]","[0.7510351966873706, 0.8190638574270288, 0.724436090225564, 0.8313441318556408, 0.7550617283950618, 0.8444444444444444, 0.6840075973409306, 0.8471729432513746, 0.7787545787545788, 0.7811645870469399]","[0.717391304347826, 0.8043478260869565, 0.717391304347826, 0.8260869565217391, 0.7555555555555555, 0.8444444444444444, 0.6888888888888889, 0.8444444444444444, 0.7777777777777778, 0.7777777777777778]","[0.7072312994351975, 0.8023862436190811, 0.7118499573742539, 0.8246201317724051, 0.754547287759629, 0.8435589289479233, 0.6750462013619908, 0.8413615560640733, 0.775, 0.7724206349206348]","[array([[12,  0,  0,  0],
       [ 4,  4,  0,  1],
       [ 0,  0,  7,  3],
       [ 0,  0,  5, 10]]), array([[11,  0,  0,  1],
       [ 3,  6,  0,  0],
       [ 0,  0,  7,  3],
       [ 0,  0,  2, 13]]), array([[ 7,  4,  0,  0],
       [ 3,  6,  0,  1],
       [ 0,  0,  6,  4],
       [ 0,  0,  1, 14]]), array([[ 9,  1,  1,  0],
       [ 2,  7,  0,  1],
       [ 0,  0,  8,  2],
       [ 1,  0,  0, 14]]), array([[ 8,  3,  0,  0],
       [ 3,  7,  0,  0],
       [ 0,  0,  7,  3],
       [ 0,  0,  2, 12]]), array([[ 9,  2,  0,  0],
       [ 2,  8,  0,  0],
       [ 0,  0,  7,  2],
       [ 0,  0,  1, 14]]), array([[ 8,  2,  1,  0],
       [ 4,  3,  0,  2],
       [ 0,  0,  7,  3],
       [ 1,  0,  1, 13]]), array([[10,  1,  0,  0],
       [ 2,  6,  0,  1],
       [ 0,  0,  8,  2],
       [ 0,  0,  1, 14]]), array([[ 9,  2,  0,  0],
       [ 4,  5,  0,  0],
       [ 0,  0,  8,  2],
       [ 0,  0,  2, 13]]), array([[ 8,  1,  0,  2],
       [ 3,  5,  0,  1],
       [ 0,  0,  9,  1],
       [ 0,  0,  2, 13]])]"
36,"[1.0, 1.0, 1.0, 1.0, 1.0, 1.0, 1.0, 1.0, 1.0, 1.0]","[1.0, 1.0, 1.0, 1.0, 1.0, 1.0, 1.0, 1.0, 1.0, 1.0]","[1.0, 1.0, 1.0, 1.0, 1.0, 1.0, 1.0, 1.0, 1.0, 1.0]","[1.0, 1.0, 1.0, 1.0, 1.0, 1.0, 1.0, 1.0, 1.0, 1.0]","[1.0, 1.0, 1.0, 1.0, 1.0, 1.0, 1.0, 1.0, 1.0, 1.0]","[1.0, 1.0, 1.0, 1.0, 1.0, 1.0, 1.0, 1.0, 1.0, 1.0]","[1.0, 1.0, 1.0, 1.0, 1.0, 1.0, 1.0, 1.0, 1.0, 1.0]","[1.0, 1.0, 1.0, 1.0, 1.0, 1.0, 1.0, 1.0, 1.0, 1.0]","[1.0, 1.0, 1.0, 1.0, 1.0, 1.0, 1.0, 1.0, 1.0, 1.0]","[1.0, 1.0, 1.0, 1.0, 1.0, 1.0, 1.0, 1.0, 1.0, 1.0]","[array([[100,   0,   0,   0],
       [  0, 134,   0,   0],
       [  0,   0,  89,   0],
       [  0,   0,   0, 134]]), array([[100,   0,   0,   0],
       [  0, 134,   0,   0],
       [  0,   0,  89,   0],
       [  0,   0,   0, 134]]), array([[101,   0,   0,   0],
       [  0, 134,   0,   0],
       [  0,   0,  89,   0],
       [  0,   0,   0, 134]]), array([[101,   0,   0,   0],
       [  0, 134,   0,   0],
       [  0,   0,  89,   0],
       [  0,   0,   0, 134]]), array([[101,   0,   0,   0],
       [  0, 135,   0,   0],
       [  0,   0,  89,   0],
       [  0,   0,   0, 135]]), array([[101,   0,   0,   0],
       [  0, 134,   0,   0],
       [  0,   0,  90,   0],
       [  0,   0,   0, 134]]), array([[101,   0,   0,   0],
       [  0, 134,   0,   0],
       [  0,   0,  89,   0],
       [  0,   0,   0, 134]]), array([[101,   0,   0,   0],
       [  0, 134,   0,   0],
       [  0,   0,  89,   0],
       [  0,   0,   0, 134]]), array([[101,   0,   0,   0],
       [  0, 134,   0,   0],
       [  0,   0,  89,   0],
       [  0,   0,   0, 134]]), array([[101,   0,   0,   0],
       [  0, 134,   0,   0],
       [  0,   0,  89,   0],
       [  0,   0,   0, 134]])]","[0.7608695652173914, 0.8260869565217391, 0.7391304347826086, 0.8260869565217391, 0.7333333333333333, 0.8444444444444444, 0.7111111111111111, 0.8, 0.8, 0.7777777777777778]","[0.7608695652173914, 0.8260869565217391, 0.7391304347826086, 0.8260869565217391, 0.7333333333333333, 0.8444444444444444, 0.7111111111111111, 0.8, 0.8, 0.7777777777777778]","[0.7608695652173914, 0.8260869565217391, 0.7391304347826086, 0.8260869565217391, 0.7333333333333333, 0.8444444444444444, 0.7111111111111111, 0.8, 0.8, 0.7777777777777778]","[0.7608695652173914, 0.8260869565217391, 0.7391304347826086, 0.8260869565217391, 0.7333333333333333, 0.8444444444444444, 0.7111111111111111, 0.8, 0.8, 0.7777777777777778]","[0.7886904761904763, 0.8471593765711413, 0.7469810890863523, 0.8343545751633987, 0.7277777777777779, 0.8485576923076923, 0.7083333333333334, 0.7941760037348273, 0.7916666666666666, 0.785873440285205]","[0.7583333333333332, 0.8152777777777778, 0.7151515151515151, 0.812878787878788, 0.7211038961038961, 0.8300505050505049, 0.6845959595959596, 0.7767676767676768, 0.787878787878788, 0.7623737373737374]","[0.7622739329635881, 0.8260855263157895, 0.7220658598367578, 0.8193729341469616, 0.7229148583602935, 0.8344665823318576, 0.6884266000970807, 0.7811784897025171, 0.7887894288150042, 0.7658955627705628]","[0.7789855072463768, 0.8348306992808271, 0.745450582979187, 0.8313441318556408, 0.7328395061728395, 0.8491452991452991, 0.7098765432098765, 0.7982311443095756, 0.8, 0.7811645870469399]","[0.7608695652173914, 0.8260869565217391, 0.7391304347826086, 0.8260869565217391, 0.7333333333333333, 0.8444444444444444, 0.7111111111111111, 0.8, 0.8, 0.7777777777777778]","[0.7605518918862246, 0.8258895881006865, 0.7332076995557949, 0.8246201317724051, 0.7316131407980221, 0.8423243610466886, 0.7030839285301528, 0.7951055174167302, 0.7991474850809889, 0.7724206349206348]","[array([[12,  0,  0,  0],
       [ 2,  6,  0,  1],
       [ 0,  0,  7,  3],
       [ 0,  0,  5, 10]]), array([[11,  0,  0,  1],
       [ 2,  7,  0,  0],
       [ 0,  0,  7,  3],
       [ 0,  0,  2, 13]]), array([[ 8,  3,  0,  0],
       [ 3,  6,  0,  1],
       [ 0,  0,  6,  4],
       [ 0,  0,  1, 14]]), array([[ 9,  1,  1,  0],
       [ 2,  7,  0,  1],
       [ 0,  0,  8,  2],
       [ 1,  0,  0, 14]]), array([[ 8,  3,  0,  0],
       [ 4,  6,  0,  0],
       [ 0,  0,  7,  3],
       [ 0,  0,  2, 12]]), array([[10,  1,  0,  0],
       [ 3,  7,  0,  0],
       [ 0,  0,  7,  2],
       [ 0,  0,  1, 14]]), array([[ 8,  2,  1,  0],
       [ 3,  4,  0,  2],
       [ 0,  0,  7,  3],
       [ 1,  0,  1, 13]]), array([[ 9,  2,  0,  0],
       [ 3,  5,  0,  1],
       [ 0,  0,  8,  2],
       [ 0,  0,  1, 14]]), array([[ 9,  2,  0,  0],
       [ 3,  6,  0,  0],
       [ 0,  0,  8,  2],
       [ 0,  0,  2, 13]]), array([[ 8,  1,  0,  2],
       [ 3,  5,  0,  1],
       [ 0,  0,  9,  1],
       [ 0,  0,  2, 13]])]"
37,"[1.0, 1.0, 1.0, 1.0, 1.0, 1.0, 1.0, 1.0, 1.0, 1.0]","[1.0, 1.0, 1.0, 1.0, 1.0, 1.0, 1.0, 1.0, 1.0, 1.0]","[1.0, 1.0, 1.0, 1.0, 1.0, 1.0, 1.0, 1.0, 1.0, 1.0]","[1.0, 1.0, 1.0, 1.0, 1.0, 1.0, 1.0, 1.0, 1.0, 1.0]","[1.0, 1.0, 1.0, 1.0, 1.0, 1.0, 1.0, 1.0, 1.0, 1.0]","[1.0, 1.0, 1.0, 1.0, 1.0, 1.0, 1.0, 1.0, 1.0, 1.0]","[1.0, 1.0, 1.0, 1.0, 1.0, 1.0, 1.0, 1.0, 1.0, 1.0]","[1.0, 1.0, 1.0, 1.0, 1.0, 1.0, 1.0, 1.0, 1.0, 1.0]","[1.0, 1.0, 1.0, 1.0, 1.0, 1.0, 1.0, 1.0, 1.0, 1.0]","[1.0, 1.0, 1.0, 1.0, 1.0, 1.0, 1.0, 1.0, 1.0, 1.0]","[array([[100,   0,   0,   0],
       [  0, 134,   0,   0],
       [  0,   0,  89,   0],
       [  0,   0,   0, 134]]), array([[100,   0,   0,   0],
       [  0, 134,   0,   0],
       [  0,   0,  89,   0],
       [  0,   0,   0, 134]]), array([[101,   0,   0,   0],
       [  0, 134,   0,   0],
       [  0,   0,  89,   0],
       [  0,   0,   0, 134]]), array([[101,   0,   0,   0],
       [  0, 134,   0,   0],
       [  0,   0,  89,   0],
       [  0,   0,   0, 134]]), array([[101,   0,   0,   0],
       [  0, 135,   0,   0],
       [  0,   0,  89,   0],
       [  0,   0,   0, 135]]), array([[101,   0,   0,   0],
       [  0, 134,   0,   0],
       [  0,   0,  90,   0],
       [  0,   0,   0, 134]]), array([[101,   0,   0,   0],
       [  0, 134,   0,   0],
       [  0,   0,  89,   0],
       [  0,   0,   0, 134]]), array([[101,   0,   0,   0],
       [  0, 134,   0,   0],
       [  0,   0,  89,   0],
       [  0,   0,   0, 134]]), array([[101,   0,   0,   0],
       [  0, 134,   0,   0],
       [  0,   0,  89,   0],
       [  0,   0,   0, 134]]), array([[101,   0,   0,   0],
       [  0, 134,   0,   0],
       [  0,   0,  89,   0],
       [  0,   0,   0, 134]])]","[0.7391304347826086, 0.7608695652173914, 0.6956521739130435, 0.782608695652174, 0.7777777777777778, 0.8222222222222222, 0.6888888888888889, 0.8444444444444444, 0.7555555555555555, 0.8]","[0.7391304347826086, 0.7608695652173914, 0.6956521739130435, 0.782608695652174, 0.7777777777777778, 0.8222222222222222, 0.6888888888888889, 0.8444444444444444, 0.7555555555555555, 0.8]","[0.7391304347826086, 0.7608695652173914, 0.6956521739130435, 0.782608695652174, 0.7777777777777778, 0.8222222222222222, 0.6888888888888889, 0.8444444444444444, 0.7555555555555555, 0.8]","[0.7391304347826086, 0.7608695652173914, 0.6956521739130435, 0.782608695652174, 0.7777777777777778, 0.8222222222222222, 0.6888888888888889, 0.8444444444444444, 0.7555555555555555, 0.8]","[0.7502289377289377, 0.7617521367521367, 0.6964760385813018, 0.7971521942110178, 0.7762626262626262, 0.8221688034188034, 0.6916666666666667, 0.8507236227824462, 0.7395833333333334, 0.8100076394194041]","[0.7374999999999999, 0.75, 0.6674242424242425, 0.7628787878787879, 0.7711038961038962, 0.8133838383838383, 0.6517676767676768, 0.8272727272727274, 0.7373737373737373, 0.7901515151515152]","[0.7390047021943573, 0.7542295016478577, 0.6730227976358008, 0.7655263157894736, 0.7720594589923083, 0.8150928792569659, 0.6375904796957428, 0.8341676201372997, 0.7376385336743393, 0.7953869047619048]","[0.7481684981684983, 0.761055369751022, 0.6995568631724238, 0.7966650428287256, 0.7789001122334456, 0.8247625830959164, 0.6935802469135802, 0.8471729432513746, 0.7546296296296295, 0.8037042695866224]","[0.7391304347826086, 0.7608695652173914, 0.6956521739130435, 0.782608695652174, 0.7777777777777778, 0.8222222222222222, 0.6888888888888889, 0.8444444444444444, 0.7555555555555555, 0.8]","[0.7395318249965928, 0.7594405533675789, 0.6885852739265043, 0.7764359267734554, 0.776769509981851, 0.8210411650040133, 0.6622663885821781, 0.8413615560640733, 0.75436203466894, 0.79755291005291]","[array([[11,  1,  0,  0],
       [ 2,  6,  0,  1],
       [ 0,  0,  7,  3],
       [ 0,  0,  5, 10]]), array([[10,  1,  0,  1],
       [ 3,  6,  0,  0],
       [ 0,  0,  7,  3],
       [ 0,  1,  2, 12]]), array([[ 7,  4,  0,  0],
       [ 4,  5,  0,  1],
       [ 0,  0,  6,  4],
       [ 0,  0,  1, 14]]), array([[ 9,  1,  1,  0],
       [ 4,  5,  0,  1],
       [ 0,  0,  8,  2],
       [ 1,  0,  0, 14]]), array([[ 8,  3,  0,  0],
       [ 2,  8,  0,  0],
       [ 0,  0,  7,  3],
       [ 0,  0,  2, 12]]), array([[10,  1,  0,  0],
       [ 3,  7,  0,  0],
       [ 0,  0,  7,  2],
       [ 0,  1,  1, 13]]), array([[ 9,  1,  1,  0],
       [ 5,  2,  0,  2],
       [ 0,  0,  7,  3],
       [ 1,  0,  1, 13]]), array([[10,  1,  0,  0],
       [ 2,  6,  0,  1],
       [ 0,  0,  8,  2],
       [ 0,  0,  1, 14]]), array([[ 8,  3,  0,  0],
       [ 4,  5,  0,  0],
       [ 0,  0,  8,  2],
       [ 0,  0,  2, 13]]), array([[ 8,  1,  0,  2],
       [ 2,  6,  0,  1],
       [ 0,  0,  9,  1],
       [ 0,  0,  2, 13]])]"
38,"[1.0, 1.0, 1.0, 1.0, 1.0, 1.0, 1.0, 1.0, 1.0, 1.0]","[1.0, 1.0, 1.0, 1.0, 1.0, 1.0, 1.0, 1.0, 1.0, 1.0]","[1.0, 1.0, 1.0, 1.0, 1.0, 1.0, 1.0, 1.0, 1.0, 1.0]","[1.0, 1.0, 1.0, 1.0, 1.0, 1.0, 1.0, 1.0, 1.0, 1.0]","[1.0, 1.0, 1.0, 1.0, 1.0, 1.0, 1.0, 1.0, 1.0, 1.0]","[1.0, 1.0, 1.0, 1.0, 1.0, 1.0, 1.0, 1.0, 1.0, 1.0]","[1.0, 1.0, 1.0, 1.0, 1.0, 1.0, 1.0, 1.0, 1.0, 1.0]","[1.0, 1.0, 1.0, 1.0, 1.0, 1.0, 1.0, 1.0, 1.0, 1.0]","[1.0, 1.0, 1.0, 1.0, 1.0, 1.0, 1.0, 1.0, 1.0, 1.0]","[1.0, 1.0, 1.0, 1.0, 1.0, 1.0, 1.0, 1.0, 1.0, 1.0]","[array([[100,   0,   0,   0],
       [  0, 134,   0,   0],
       [  0,   0,  89,   0],
       [  0,   0,   0, 134]]), array([[100,   0,   0,   0],
       [  0, 134,   0,   0],
       [  0,   0,  89,   0],
       [  0,   0,   0, 134]]), array([[101,   0,   0,   0],
       [  0, 134,   0,   0],
       [  0,   0,  89,   0],
       [  0,   0,   0, 134]]), array([[101,   0,   0,   0],
       [  0, 134,   0,   0],
       [  0,   0,  89,   0],
       [  0,   0,   0, 134]]), array([[101,   0,   0,   0],
       [  0, 135,   0,   0],
       [  0,   0,  89,   0],
       [  0,   0,   0, 135]]), array([[101,   0,   0,   0],
       [  0, 134,   0,   0],
       [  0,   0,  90,   0],
       [  0,   0,   0, 134]]), array([[101,   0,   0,   0],
       [  0, 134,   0,   0],
       [  0,   0,  89,   0],
       [  0,   0,   0, 134]]), array([[101,   0,   0,   0],
       [  0, 134,   0,   0],
       [  0,   0,  89,   0],
       [  0,   0,   0, 134]]), array([[101,   0,   0,   0],
       [  0, 134,   0,   0],
       [  0,   0,  89,   0],
       [  0,   0,   0, 134]]), array([[101,   0,   0,   0],
       [  0, 134,   0,   0],
       [  0,   0,  89,   0],
       [  0,   0,   0, 134]])]","[0.782608695652174, 0.7608695652173914, 0.717391304347826, 0.8260869565217391, 0.7555555555555555, 0.9111111111111111, 0.7111111111111111, 0.8222222222222222, 0.7777777777777778, 0.8]","[0.782608695652174, 0.7608695652173914, 0.717391304347826, 0.8260869565217391, 0.7555555555555555, 0.9111111111111111, 0.7111111111111111, 0.8222222222222222, 0.7777777777777778, 0.8]","[0.782608695652174, 0.7608695652173914, 0.717391304347826, 0.8260869565217391, 0.7555555555555555, 0.9111111111111111, 0.7111111111111111, 0.8222222222222222, 0.7777777777777778, 0.8]","[0.782608695652174, 0.7608695652173914, 0.717391304347826, 0.8260869565217391, 0.7555555555555555, 0.9111111111111111, 0.7111111111111111, 0.8222222222222222, 0.7777777777777778, 0.8]","[0.8051739926739927, 0.7617521367521367, 0.7214129072681704, 0.8343545751633987, 0.7512626262626263, 0.9078282828282829, 0.7189422419685577, 0.8201500297088533, 0.7683150183150184, 0.8100076394194041]","[0.7861111111111111, 0.75, 0.6901515151515152, 0.812878787878788, 0.746103896103896, 0.9078282828282829, 0.6873737373737374, 0.8045454545454547, 0.76010101010101, 0.7901515151515152]","[0.7902547021943573, 0.7542295016478577, 0.6951548735436204, 0.8193729341469616, 0.7479252598581092, 0.9078282828282829, 0.6959113190730838, 0.8102923585702224, 0.7604166666666666, 0.7953869047619048]","[0.7961856983596114, 0.761055369751022, 0.7218998583415059, 0.8313441318556408, 0.7550617283950618, 0.9111111111111111, 0.7153717627401839, 0.8220406681190996, 0.7787545787545788, 0.8037042695866224]","[0.782608695652174, 0.7608695652173914, 0.717391304347826, 0.8260869565217391, 0.7555555555555555, 0.9111111111111111, 0.7111111111111111, 0.8222222222222222, 0.7777777777777778, 0.8]","[0.7848579119531144, 0.7594405533675789, 0.7091194385756824, 0.8246201317724051, 0.754547287759629, 0.9111111111111111, 0.7058278867102395, 0.8199776401788786, 0.775, 0.79755291005291]","[array([[12,  0,  0,  0],
       [ 1,  7,  0,  1],
       [ 0,  0,  7,  3],
       [ 0,  0,  5, 10]]), array([[10,  1,  0,  1],
       [ 3,  6,  0,  0],
       [ 0,  0,  7,  3],
       [ 0,  1,  2, 12]]), array([[ 8,  3,  0,  0],
       [ 4,  5,  0,  1],
       [ 0,  0,  6,  4],
       [ 0,  0,  1, 14]]), array([[ 9,  1,  1,  0],
       [ 2,  7,  0,  1],
       [ 0,  0,  8,  2],
       [ 1,  0,  0, 14]]), array([[ 8,  3,  0,  0],
       [ 3,  7,  0,  0],
       [ 0,  0,  7,  3],
       [ 0,  0,  2, 12]]), array([[10,  1,  0,  0],
       [ 1,  9,  0,  0],
       [ 0,  0,  8,  1],
       [ 0,  0,  1, 14]]), array([[ 8,  2,  1,  0],
       [ 2,  5,  0,  2],
       [ 0,  0,  6,  4],
       [ 1,  0,  1, 13]]), array([[ 9,  2,  0,  0],
       [ 2,  6,  0,  1],
       [ 0,  0,  8,  2],
       [ 0,  0,  1, 14]]), array([[ 9,  2,  0,  0],
       [ 4,  5,  0,  0],
       [ 0,  0,  8,  2],
       [ 0,  0,  2, 13]]), array([[ 8,  1,  0,  2],
       [ 2,  6,  0,  1],
       [ 0,  0,  9,  1],
       [ 0,  0,  2, 13]])]"
