n_neighbors value,Train_Accuracy,Train_Precision_micro,Train_Recall_micro,Train_f1_micro,Train_Precision_macro,Train_Recall_macro,Train_f1_macro,Train_Precision_weighted,Train_Recall_weighted,Train_f1_weighted,Train_Confusion_Matrix,Test_Accuracy,Test_Precision_micro,Test_Recall_micro,Test_f1_micro,Test_Precision_macro,Test_Recall_macro,Test_f1_macro,Test_Precision_weighted,Test_Recall_weighted,Test_f1_weighted,Test_Confusion_Matrix
1,"[1.0, 1.0, 1.0, 1.0, 1.0, 1.0, 1.0, 1.0, 1.0, 1.0]","[1.0, 1.0, 1.0, 1.0, 1.0, 1.0, 1.0, 1.0, 1.0, 1.0]","[1.0, 1.0, 1.0, 1.0, 1.0, 1.0, 1.0, 1.0, 1.0, 1.0]","[1.0, 1.0, 1.0, 1.0, 1.0, 1.0, 1.0, 1.0, 1.0, 1.0]","[1.0, 1.0, 1.0, 1.0, 1.0, 1.0, 1.0, 1.0, 1.0, 1.0]","[1.0, 1.0, 1.0, 1.0, 1.0, 1.0, 1.0, 1.0, 1.0, 1.0]","[1.0, 1.0, 1.0, 1.0, 1.0, 1.0, 1.0, 1.0, 1.0, 1.0]","[1.0, 1.0, 1.0, 1.0, 1.0, 1.0, 1.0, 1.0, 1.0, 1.0]","[1.0, 1.0, 1.0, 1.0, 1.0, 1.0, 1.0, 1.0, 1.0, 1.0]","[1.0, 1.0, 1.0, 1.0, 1.0, 1.0, 1.0, 1.0, 1.0, 1.0]","[array([[100,   0,   0,   0],
       [  0, 134,   0,   0],
       [  0,   0,  89,   0],
       [  0,   0,   0, 134]]), array([[100,   0,   0,   0],
       [  0, 134,   0,   0],
       [  0,   0,  89,   0],
       [  0,   0,   0, 134]]), array([[101,   0,   0,   0],
       [  0, 134,   0,   0],
       [  0,   0,  89,   0],
       [  0,   0,   0, 134]]), array([[101,   0,   0,   0],
       [  0, 134,   0,   0],
       [  0,   0,  89,   0],
       [  0,   0,   0, 134]]), array([[101,   0,   0,   0],
       [  0, 135,   0,   0],
       [  0,   0,  89,   0],
       [  0,   0,   0, 135]]), array([[101,   0,   0,   0],
       [  0, 134,   0,   0],
       [  0,   0,  90,   0],
       [  0,   0,   0, 134]]), array([[101,   0,   0,   0],
       [  0, 134,   0,   0],
       [  0,   0,  89,   0],
       [  0,   0,   0, 134]]), array([[101,   0,   0,   0],
       [  0, 134,   0,   0],
       [  0,   0,  89,   0],
       [  0,   0,   0, 134]]), array([[101,   0,   0,   0],
       [  0, 134,   0,   0],
       [  0,   0,  89,   0],
       [  0,   0,   0, 134]]), array([[101,   0,   0,   0],
       [  0, 134,   0,   0],
       [  0,   0,  89,   0],
       [  0,   0,   0, 134]])]","[0.6739130434782609, 0.8260869565217391, 0.8043478260869565, 0.717391304347826, 0.8444444444444444, 0.8222222222222222, 0.6444444444444445, 0.7111111111111111, 0.7333333333333333, 0.7333333333333333]","[0.6739130434782609, 0.8260869565217391, 0.8043478260869565, 0.717391304347826, 0.8444444444444444, 0.8222222222222222, 0.6444444444444445, 0.7111111111111111, 0.7333333333333333, 0.7333333333333333]","[0.6739130434782609, 0.8260869565217391, 0.8043478260869565, 0.717391304347826, 0.8444444444444444, 0.8222222222222222, 0.6444444444444445, 0.7111111111111111, 0.7333333333333333, 0.7333333333333333]","[0.6739130434782609, 0.8260869565217391, 0.8043478260869565, 0.717391304347826, 0.8444444444444444, 0.8222222222222222, 0.6444444444444445, 0.7111111111111111, 0.7333333333333333, 0.7333333333333333]","[0.6875, 0.827857905982906, 0.8006493506493507, 0.7194805194805195, 0.8500000000000001, 0.8261634199134199, 0.6638471177944862, 0.7222222222222222, 0.770995670995671, 0.7291666666666666]","[0.6833333333333333, 0.8152777777777778, 0.8045454545454545, 0.7234848484848485, 0.8438311688311689, 0.8305555555555555, 0.6252525252525252, 0.6772727272727272, 0.7305555555555555, 0.7212121212121212]","[0.6787854030501089, 0.8197702986118047, 0.8019181967457829, 0.7200328407224958, 0.8461822660098521, 0.8181481481481482, 0.6326109391124871, 0.6713286713286712, 0.7291903498800051, 0.7235658860872172]","[0.6902173913043478, 0.8259592159048681, 0.8071710897797854, 0.7206662902315076, 0.8466666666666667, 0.8375180375180374, 0.6681982734614313, 0.7203703703703703, 0.7587686387686388, 0.7314814814814814]","[0.6739130434782609, 0.8260869565217391, 0.8043478260869565, 0.717391304347826, 0.8444444444444444, 0.8222222222222222, 0.6444444444444445, 0.7111111111111111, 0.7333333333333333, 0.7333333333333333]","[0.6755470304063654, 0.8243658895609621, 0.8050617548368674, 0.7176411794102948, 0.8447728516694034, 0.8195555555555555, 0.643871115697741, 0.6911162911162912, 0.7277279553141622, 0.7308962117363371]","[array([[10,  1,  1,  0],
       [ 2,  6,  0,  1],
       [ 0,  0,  7,  3],
       [ 0,  1,  6,  8]]), array([[11,  1,  0,  0],
       [ 2,  7,  0,  0],
       [ 0,  0,  7,  3],
       [ 0,  0,  2, 13]]), array([[ 9,  2,  0,  0],
       [ 2,  8,  0,  0],
       [ 0,  0,  8,  2],
       [ 0,  1,  2, 12]]), array([[ 8,  3,  0,  0],
       [ 1,  8,  0,  1],
       [ 0,  0,  7,  3],
       [ 1,  0,  4, 10]]), array([[ 9,  1,  0,  1],
       [ 1,  9,  0,  0],
       [ 0,  0,  8,  2],
       [ 0,  0,  2, 12]]), array([[11,  0,  0,  0],
       [ 3,  7,  0,  0],
       [ 0,  0,  8,  1],
       [ 0,  1,  3, 11]]), array([[ 6,  4,  1,  0],
       [ 1,  5,  0,  3],
       [ 0,  0,  6,  4],
       [ 0,  1,  2, 12]]), array([[10,  1,  0,  0],
       [ 5,  3,  0,  1],
       [ 0,  0,  6,  4],
       [ 0,  0,  2, 13]]), array([[11,  0,  0,  0],
       [ 3,  5,  0,  1],
       [ 0,  0,  7,  3],
       [ 1,  0,  4, 10]]), array([[ 9,  2,  0,  0],
       [ 2,  6,  0,  1],
       [ 1,  0,  6,  3],
       [ 0,  0,  3, 12]])]"
2,"[1.0, 1.0, 1.0, 1.0, 1.0, 1.0, 1.0, 1.0, 1.0, 1.0]","[1.0, 1.0, 1.0, 1.0, 1.0, 1.0, 1.0, 1.0, 1.0, 1.0]","[1.0, 1.0, 1.0, 1.0, 1.0, 1.0, 1.0, 1.0, 1.0, 1.0]","[1.0, 1.0, 1.0, 1.0, 1.0, 1.0, 1.0, 1.0, 1.0, 1.0]","[1.0, 1.0, 1.0, 1.0, 1.0, 1.0, 1.0, 1.0, 1.0, 1.0]","[1.0, 1.0, 1.0, 1.0, 1.0, 1.0, 1.0, 1.0, 1.0, 1.0]","[1.0, 1.0, 1.0, 1.0, 1.0, 1.0, 1.0, 1.0, 1.0, 1.0]","[1.0, 1.0, 1.0, 1.0, 1.0, 1.0, 1.0, 1.0, 1.0, 1.0]","[1.0, 1.0, 1.0, 1.0, 1.0, 1.0, 1.0, 1.0, 1.0, 1.0]","[1.0, 1.0, 1.0, 1.0, 1.0, 1.0, 1.0, 1.0, 1.0, 1.0]","[array([[100,   0,   0,   0],
       [  0, 134,   0,   0],
       [  0,   0,  89,   0],
       [  0,   0,   0, 134]]), array([[100,   0,   0,   0],
       [  0, 134,   0,   0],
       [  0,   0,  89,   0],
       [  0,   0,   0, 134]]), array([[101,   0,   0,   0],
       [  0, 134,   0,   0],
       [  0,   0,  89,   0],
       [  0,   0,   0, 134]]), array([[101,   0,   0,   0],
       [  0, 134,   0,   0],
       [  0,   0,  89,   0],
       [  0,   0,   0, 134]]), array([[101,   0,   0,   0],
       [  0, 135,   0,   0],
       [  0,   0,  89,   0],
       [  0,   0,   0, 135]]), array([[101,   0,   0,   0],
       [  0, 134,   0,   0],
       [  0,   0,  90,   0],
       [  0,   0,   0, 134]]), array([[101,   0,   0,   0],
       [  0, 134,   0,   0],
       [  0,   0,  89,   0],
       [  0,   0,   0, 134]]), array([[101,   0,   0,   0],
       [  0, 134,   0,   0],
       [  0,   0,  89,   0],
       [  0,   0,   0, 134]]), array([[101,   0,   0,   0],
       [  0, 134,   0,   0],
       [  0,   0,  89,   0],
       [  0,   0,   0, 134]]), array([[101,   0,   0,   0],
       [  0, 134,   0,   0],
       [  0,   0,  89,   0],
       [  0,   0,   0, 134]])]","[0.6739130434782609, 0.8043478260869565, 0.8478260869565217, 0.6521739130434783, 0.8444444444444444, 0.8222222222222222, 0.6666666666666666, 0.7333333333333333, 0.7555555555555555, 0.7333333333333333]","[0.6739130434782609, 0.8043478260869565, 0.8478260869565217, 0.6521739130434783, 0.8444444444444444, 0.8222222222222222, 0.6666666666666666, 0.7333333333333333, 0.7555555555555555, 0.7333333333333333]","[0.6739130434782609, 0.8043478260869565, 0.8478260869565217, 0.6521739130434783, 0.8444444444444444, 0.8222222222222222, 0.6666666666666666, 0.7333333333333333, 0.7555555555555555, 0.7333333333333333]","[0.6739130434782609, 0.8043478260869565, 0.8478260869565217, 0.6521739130434783, 0.8444444444444444, 0.8222222222222222, 0.6666666666666666, 0.7333333333333333, 0.7555555555555555, 0.7333333333333333]","[0.6875, 0.8082837301587301, 0.8462121212121213, 0.6625249750249751, 0.8500000000000001, 0.8261634199134199, 0.6839826839826839, 0.7899305555555556, 0.7840909090909091, 0.7392857142857143]","[0.6833333333333333, 0.7875, 0.8462121212121213, 0.6613636363636364, 0.8438311688311689, 0.8305555555555555, 0.6530303030303031, 0.7, 0.7583333333333332, 0.7212121212121212]","[0.6787854030501089, 0.7929264072090898, 0.8452380952380952, 0.6519423558897243, 0.8461822660098521, 0.8181481481481482, 0.6563795853269537, 0.6923400673400673, 0.759080459770115, 0.7267005610098176]","[0.6902173913043478, 0.806698585231194, 0.8496047430830039, 0.6676638578812492, 0.8466666666666667, 0.8375180375180374, 0.6889850889850889, 0.775462962962963, 0.7715728715728716, 0.7380952380952381]","[0.6739130434782609, 0.8043478260869565, 0.8478260869565217, 0.6521739130434783, 0.8444444444444444, 0.8222222222222222, 0.6666666666666666, 0.7333333333333333, 0.7555555555555555, 0.7333333333333333]","[0.6755470304063654, 0.801150268864523, 0.8478260869565217, 0.6505121499400677, 0.8447728516694034, 0.8195555555555555, 0.6657380825801879, 0.7099513655069211, 0.7531443167305236, 0.7327021972884527]","[array([[10,  1,  1,  0],
       [ 2,  6,  0,  1],
       [ 0,  0,  7,  3],
       [ 0,  1,  6,  8]]), array([[11,  1,  0,  0],
       [ 3,  6,  0,  0],
       [ 0,  0,  7,  3],
       [ 0,  0,  2, 13]]), array([[ 9,  2,  0,  0],
       [ 1,  9,  0,  0],
       [ 0,  0,  8,  2],
       [ 0,  0,  2, 13]]), array([[6, 5, 0, 0],
       [1, 8, 0, 1],
       [0, 0, 7, 3],
       [1, 1, 4, 9]]), array([[ 9,  1,  0,  1],
       [ 1,  9,  0,  0],
       [ 0,  0,  8,  2],
       [ 0,  0,  2, 12]]), array([[11,  0,  0,  0],
       [ 3,  7,  0,  0],
       [ 0,  0,  8,  1],
       [ 0,  1,  3, 11]]), array([[ 6,  4,  1,  0],
       [ 1,  6,  0,  2],
       [ 0,  0,  6,  4],
       [ 0,  1,  2, 12]]), array([[11,  0,  0,  0],
       [ 5,  3,  0,  1],
       [ 0,  0,  6,  4],
       [ 0,  0,  2, 13]]), array([[11,  0,  0,  0],
       [ 2,  6,  0,  1],
       [ 0,  0,  7,  3],
       [ 1,  0,  4, 10]]), array([[ 9,  1,  1,  0],
       [ 2,  6,  0,  1],
       [ 1,  0,  6,  3],
       [ 0,  0,  3, 12]])]"
3,"[1.0, 1.0, 1.0, 1.0, 1.0, 1.0, 1.0, 1.0, 1.0, 1.0]","[1.0, 1.0, 1.0, 1.0, 1.0, 1.0, 1.0, 1.0, 1.0, 1.0]","[1.0, 1.0, 1.0, 1.0, 1.0, 1.0, 1.0, 1.0, 1.0, 1.0]","[1.0, 1.0, 1.0, 1.0, 1.0, 1.0, 1.0, 1.0, 1.0, 1.0]","[1.0, 1.0, 1.0, 1.0, 1.0, 1.0, 1.0, 1.0, 1.0, 1.0]","[1.0, 1.0, 1.0, 1.0, 1.0, 1.0, 1.0, 1.0, 1.0, 1.0]","[1.0, 1.0, 1.0, 1.0, 1.0, 1.0, 1.0, 1.0, 1.0, 1.0]","[1.0, 1.0, 1.0, 1.0, 1.0, 1.0, 1.0, 1.0, 1.0, 1.0]","[1.0, 1.0, 1.0, 1.0, 1.0, 1.0, 1.0, 1.0, 1.0, 1.0]","[1.0, 1.0, 1.0, 1.0, 1.0, 1.0, 1.0, 1.0, 1.0, 1.0]","[array([[100,   0,   0,   0],
       [  0, 134,   0,   0],
       [  0,   0,  89,   0],
       [  0,   0,   0, 134]]), array([[100,   0,   0,   0],
       [  0, 134,   0,   0],
       [  0,   0,  89,   0],
       [  0,   0,   0, 134]]), array([[101,   0,   0,   0],
       [  0, 134,   0,   0],
       [  0,   0,  89,   0],
       [  0,   0,   0, 134]]), array([[101,   0,   0,   0],
       [  0, 134,   0,   0],
       [  0,   0,  89,   0],
       [  0,   0,   0, 134]]), array([[101,   0,   0,   0],
       [  0, 135,   0,   0],
       [  0,   0,  89,   0],
       [  0,   0,   0, 135]]), array([[101,   0,   0,   0],
       [  0, 134,   0,   0],
       [  0,   0,  90,   0],
       [  0,   0,   0, 134]]), array([[101,   0,   0,   0],
       [  0, 134,   0,   0],
       [  0,   0,  89,   0],
       [  0,   0,   0, 134]]), array([[101,   0,   0,   0],
       [  0, 134,   0,   0],
       [  0,   0,  89,   0],
       [  0,   0,   0, 134]]), array([[101,   0,   0,   0],
       [  0, 134,   0,   0],
       [  0,   0,  89,   0],
       [  0,   0,   0, 134]]), array([[101,   0,   0,   0],
       [  0, 134,   0,   0],
       [  0,   0,  89,   0],
       [  0,   0,   0, 134]])]","[0.6956521739130435, 0.7608695652173914, 0.782608695652174, 0.7391304347826086, 0.8, 0.8, 0.6222222222222222, 0.7333333333333333, 0.7777777777777778, 0.6888888888888889]","[0.6956521739130435, 0.7608695652173914, 0.782608695652174, 0.7391304347826086, 0.8, 0.8, 0.6222222222222222, 0.7333333333333333, 0.7777777777777778, 0.6888888888888889]","[0.6956521739130435, 0.7608695652173914, 0.782608695652174, 0.7391304347826086, 0.8, 0.8, 0.6222222222222222, 0.7333333333333333, 0.7777777777777778, 0.6888888888888889]","[0.6956521739130435, 0.7608695652173914, 0.782608695652174, 0.7391304347826086, 0.8, 0.8, 0.6222222222222222, 0.7333333333333333, 0.7777777777777778, 0.6888888888888889]","[0.7019230769230769, 0.7630090497737557, 0.784375, 0.7340909090909091, 0.8009740259740259, 0.8012626262626263, 0.643262987012987, 0.734849709114415, 0.8152777777777778, 0.6846776589423649]","[0.7000000000000001, 0.7486111111111111, 0.7712121212121211, 0.7340909090909091, 0.8009740259740259, 0.7989898989898989, 0.6169191919191919, 0.7161616161616162, 0.7638888888888888, 0.6734848484848486]","[0.695311167945439, 0.7522712418300654, 0.7747740377123267, 0.7333333333333334, 0.7999999999999999, 0.7992063492063493, 0.6196236559139784, 0.71875, 0.7678688035224537, 0.6773677174218969]","[0.7090301003344481, 0.7579800314774738, 0.7866847826086957, 0.7405138339920948, 0.8018181818181818, 0.8038383838383838, 0.6501803751803752, 0.7328521152050563, 0.8020987654320989, 0.6865286855482935]","[0.6956521739130435, 0.7608695652173914, 0.782608695652174, 0.7391304347826086, 0.8, 0.8, 0.6222222222222222, 0.7333333333333333, 0.7777777777777778, 0.6888888888888889]","[0.6965195151784722, 0.7560287013356067, 0.7818938824183046, 0.7391304347826086, 0.8, 0.8010582010582011, 0.6261648745519713, 0.7268518518518519, 0.7715019558822616, 0.6859133126934984]","[array([[10,  2,  0,  0],
       [ 3,  6,  0,  0],
       [ 0,  0,  7,  3],
       [ 0,  0,  6,  9]]), array([[11,  1,  0,  0],
       [ 2,  7,  0,  0],
       [ 0,  0,  5,  5],
       [ 0,  0,  3, 12]]), array([[ 9,  2,  0,  0],
       [ 3,  7,  0,  0],
       [ 0,  0,  7,  3],
       [ 0,  1,  1, 13]]), array([[ 7,  4,  0,  0],
       [ 2,  7,  0,  1],
       [ 0,  0,  8,  2],
       [ 1,  0,  2, 12]]), array([[ 9,  2,  0,  0],
       [ 1,  9,  0,  0],
       [ 0,  0,  7,  3],
       [ 0,  0,  3, 11]]), array([[ 9,  2,  0,  0],
       [ 1,  8,  0,  1],
       [ 0,  0,  7,  2],
       [ 0,  1,  2, 12]]), array([[ 6,  4,  1,  0],
       [ 1,  5,  0,  3],
       [ 0,  0,  7,  3],
       [ 0,  2,  3, 10]]), array([[10,  1,  0,  0],
       [ 3,  5,  0,  1],
       [ 0,  0,  6,  4],
       [ 0,  1,  2, 12]]), array([[11,  0,  0,  0],
       [ 3,  5,  0,  1],
       [ 0,  0,  7,  3],
       [ 1,  0,  2, 12]]), array([[ 8,  2,  1,  0],
       [ 2,  6,  0,  1],
       [ 1,  0,  5,  4],
       [ 0,  0,  3, 12]])]"
4,"[1.0, 1.0, 1.0, 1.0, 1.0, 1.0, 1.0, 1.0, 1.0, 1.0]","[1.0, 1.0, 1.0, 1.0, 1.0, 1.0, 1.0, 1.0, 1.0, 1.0]","[1.0, 1.0, 1.0, 1.0, 1.0, 1.0, 1.0, 1.0, 1.0, 1.0]","[1.0, 1.0, 1.0, 1.0, 1.0, 1.0, 1.0, 1.0, 1.0, 1.0]","[1.0, 1.0, 1.0, 1.0, 1.0, 1.0, 1.0, 1.0, 1.0, 1.0]","[1.0, 1.0, 1.0, 1.0, 1.0, 1.0, 1.0, 1.0, 1.0, 1.0]","[1.0, 1.0, 1.0, 1.0, 1.0, 1.0, 1.0, 1.0, 1.0, 1.0]","[1.0, 1.0, 1.0, 1.0, 1.0, 1.0, 1.0, 1.0, 1.0, 1.0]","[1.0, 1.0, 1.0, 1.0, 1.0, 1.0, 1.0, 1.0, 1.0, 1.0]","[1.0, 1.0, 1.0, 1.0, 1.0, 1.0, 1.0, 1.0, 1.0, 1.0]","[array([[100,   0,   0,   0],
       [  0, 134,   0,   0],
       [  0,   0,  89,   0],
       [  0,   0,   0, 134]]), array([[100,   0,   0,   0],
       [  0, 134,   0,   0],
       [  0,   0,  89,   0],
       [  0,   0,   0, 134]]), array([[101,   0,   0,   0],
       [  0, 134,   0,   0],
       [  0,   0,  89,   0],
       [  0,   0,   0, 134]]), array([[101,   0,   0,   0],
       [  0, 134,   0,   0],
       [  0,   0,  89,   0],
       [  0,   0,   0, 134]]), array([[101,   0,   0,   0],
       [  0, 135,   0,   0],
       [  0,   0,  89,   0],
       [  0,   0,   0, 135]]), array([[101,   0,   0,   0],
       [  0, 134,   0,   0],
       [  0,   0,  90,   0],
       [  0,   0,   0, 134]]), array([[101,   0,   0,   0],
       [  0, 134,   0,   0],
       [  0,   0,  89,   0],
       [  0,   0,   0, 134]]), array([[101,   0,   0,   0],
       [  0, 134,   0,   0],
       [  0,   0,  89,   0],
       [  0,   0,   0, 134]]), array([[101,   0,   0,   0],
       [  0, 134,   0,   0],
       [  0,   0,  89,   0],
       [  0,   0,   0, 134]]), array([[101,   0,   0,   0],
       [  0, 134,   0,   0],
       [  0,   0,  89,   0],
       [  0,   0,   0, 134]])]","[0.6956521739130435, 0.7391304347826086, 0.782608695652174, 0.7391304347826086, 0.8222222222222222, 0.7777777777777778, 0.6888888888888889, 0.7777777777777778, 0.8, 0.7555555555555555]","[0.6956521739130435, 0.7391304347826086, 0.782608695652174, 0.7391304347826086, 0.8222222222222222, 0.7777777777777778, 0.6888888888888889, 0.7777777777777778, 0.8, 0.7555555555555555]","[0.6956521739130435, 0.7391304347826086, 0.782608695652174, 0.7391304347826086, 0.8222222222222222, 0.7777777777777778, 0.6888888888888889, 0.7777777777777778, 0.8, 0.7555555555555555]","[0.6956521739130435, 0.7391304347826086, 0.782608695652174, 0.7391304347826086, 0.8222222222222222, 0.7777777777777778, 0.6888888888888889, 0.7777777777777778, 0.8, 0.7555555555555555]","[0.7087912087912087, 0.735498366013072, 0.7885416666666667, 0.7340909090909091, 0.8229020979020979, 0.7742063492063491, 0.7006493506493506, 0.814484126984127, 0.8294372294372295, 0.7607600732600732]","[0.6958333333333333, 0.7277777777777779, 0.7734848484848486, 0.7340909090909091, 0.825974025974026, 0.780050505050505, 0.6863636363636363, 0.7555555555555555, 0.788888888888889, 0.7439393939393939]","[0.6961163836163836, 0.7291666666666667, 0.7764162360936555, 0.7333333333333334, 0.8227513227513228, 0.7754675293931981, 0.6818181818181818, 0.7622077922077921, 0.7874826323102184, 0.7472764572722128]","[0.7071189679885331, 0.7356138107416881, 0.791394927536232, 0.7405138339920948, 0.8266822066822066, 0.7784479717813052, 0.7112073112073112, 0.7994708994708994, 0.8265897065897067, 0.7576109076109075]","[0.6956521739130435, 0.7391304347826086, 0.782608695652174, 0.7391304347826086, 0.8222222222222222, 0.7777777777777778, 0.6888888888888889, 0.7777777777777778, 0.8, 0.7555555555555555]","[0.6956793206793207, 0.7349033816425121, 0.7828717954945164, 0.7391304347826086, 0.8228101116990005, 0.7765450608029318, 0.6890235690235691, 0.7687426647426647, 0.7948689879724363, 0.7521190970257183]","[array([[11,  1,  0,  0],
       [ 3,  6,  0,  0],
       [ 0,  0,  6,  4],
       [ 0,  0,  6,  9]]), array([[10,  2,  0,  0],
       [ 2,  7,  0,  0],
       [ 0,  0,  5,  5],
       [ 0,  0,  3, 12]]), array([[ 8,  3,  0,  0],
       [ 2,  8,  0,  0],
       [ 0,  0,  7,  3],
       [ 0,  1,  1, 13]]), array([[ 7,  4,  0,  0],
       [ 2,  7,  0,  1],
       [ 0,  0,  8,  2],
       [ 1,  0,  2, 12]]), array([[ 9,  2,  0,  0],
       [ 1,  9,  0,  0],
       [ 0,  0,  8,  2],
       [ 0,  0,  3, 11]]), array([[10,  1,  0,  0],
       [ 2,  7,  0,  1],
       [ 0,  0,  7,  2],
       [ 0,  1,  3, 11]]), array([[ 6,  4,  1,  0],
       [ 1,  6,  0,  2],
       [ 0,  0,  8,  2],
       [ 0,  1,  3, 11]]), array([[11,  0,  0,  0],
       [ 3,  5,  0,  1],
       [ 0,  0,  6,  4],
       [ 0,  0,  2, 13]]), array([[11,  0,  0,  0],
       [ 4,  5,  0,  0],
       [ 0,  0,  8,  2],
       [ 0,  0,  3, 12]]), array([[10,  1,  0,  0],
       [ 2,  6,  0,  1],
       [ 1,  0,  6,  3],
       [ 0,  0,  3, 12]])]"
5,"[1.0, 1.0, 1.0, 1.0, 1.0, 1.0, 1.0, 1.0, 1.0, 1.0]","[1.0, 1.0, 1.0, 1.0, 1.0, 1.0, 1.0, 1.0, 1.0, 1.0]","[1.0, 1.0, 1.0, 1.0, 1.0, 1.0, 1.0, 1.0, 1.0, 1.0]","[1.0, 1.0, 1.0, 1.0, 1.0, 1.0, 1.0, 1.0, 1.0, 1.0]","[1.0, 1.0, 1.0, 1.0, 1.0, 1.0, 1.0, 1.0, 1.0, 1.0]","[1.0, 1.0, 1.0, 1.0, 1.0, 1.0, 1.0, 1.0, 1.0, 1.0]","[1.0, 1.0, 1.0, 1.0, 1.0, 1.0, 1.0, 1.0, 1.0, 1.0]","[1.0, 1.0, 1.0, 1.0, 1.0, 1.0, 1.0, 1.0, 1.0, 1.0]","[1.0, 1.0, 1.0, 1.0, 1.0, 1.0, 1.0, 1.0, 1.0, 1.0]","[1.0, 1.0, 1.0, 1.0, 1.0, 1.0, 1.0, 1.0, 1.0, 1.0]","[array([[100,   0,   0,   0],
       [  0, 134,   0,   0],
       [  0,   0,  89,   0],
       [  0,   0,   0, 134]]), array([[100,   0,   0,   0],
       [  0, 134,   0,   0],
       [  0,   0,  89,   0],
       [  0,   0,   0, 134]]), array([[101,   0,   0,   0],
       [  0, 134,   0,   0],
       [  0,   0,  89,   0],
       [  0,   0,   0, 134]]), array([[101,   0,   0,   0],
       [  0, 134,   0,   0],
       [  0,   0,  89,   0],
       [  0,   0,   0, 134]]), array([[101,   0,   0,   0],
       [  0, 135,   0,   0],
       [  0,   0,  89,   0],
       [  0,   0,   0, 135]]), array([[101,   0,   0,   0],
       [  0, 134,   0,   0],
       [  0,   0,  90,   0],
       [  0,   0,   0, 134]]), array([[101,   0,   0,   0],
       [  0, 134,   0,   0],
       [  0,   0,  89,   0],
       [  0,   0,   0, 134]]), array([[101,   0,   0,   0],
       [  0, 134,   0,   0],
       [  0,   0,  89,   0],
       [  0,   0,   0, 134]]), array([[101,   0,   0,   0],
       [  0, 134,   0,   0],
       [  0,   0,  89,   0],
       [  0,   0,   0, 134]]), array([[101,   0,   0,   0],
       [  0, 134,   0,   0],
       [  0,   0,  89,   0],
       [  0,   0,   0, 134]])]","[0.7391304347826086, 0.8260869565217391, 0.7391304347826086, 0.717391304347826, 0.8, 0.7555555555555555, 0.6666666666666666, 0.7555555555555555, 0.7333333333333333, 0.7333333333333333]","[0.7391304347826086, 0.8260869565217391, 0.7391304347826086, 0.717391304347826, 0.8, 0.7555555555555555, 0.6666666666666666, 0.7555555555555555, 0.7333333333333333, 0.7333333333333333]","[0.7391304347826086, 0.8260869565217391, 0.7391304347826086, 0.717391304347826, 0.8, 0.7555555555555555, 0.6666666666666666, 0.7555555555555555, 0.7333333333333333, 0.7333333333333333]","[0.7391304347826086, 0.8260869565217391, 0.7391304347826086, 0.717391304347826, 0.8, 0.7555555555555555, 0.6666666666666666, 0.7555555555555555, 0.7333333333333333, 0.7333333333333333]","[0.7488553113553114, 0.8351158645276292, 0.7537527831645479, 0.7230614973262033, 0.8041666666666667, 0.7638888888888888, 0.6891025641025641, 0.7601010101010102, 0.7291666666666666, 0.7234848484848484]","[0.7374999999999999, 0.8222222222222223, 0.7257575757575758, 0.7068181818181818, 0.7961038961038961, 0.7484848484848485, 0.6719696969696969, 0.7378787878787879, 0.7212121212121212, 0.7234848484848484]","[0.7367007992007992, 0.8269490528858378, 0.728508631713555, 0.7113095238095237, 0.7956525325853819, 0.7518371571502502, 0.6576460623775202, 0.7446524064171123, 0.7235658860872172, 0.7234848484848484]","[0.7503185220576525, 0.8295099330904957, 0.7554656199157478, 0.7228667751685655, 0.8056790123456791, 0.7654320987654321, 0.7062678062678063, 0.7574074074074074, 0.7314814814814814, 0.7333333333333333]","[0.7391304347826086, 0.8260869565217391, 0.7391304347826086, 0.717391304347826, 0.8, 0.7555555555555555, 0.6666666666666666, 0.7555555555555555, 0.7333333333333333, 0.7333333333333333]","[0.7387340919949615, 0.8258848622027659, 0.7370183754030911, 0.716614906832298, 0.7985876918000331, 0.7564127038889848, 0.6648900403376107, 0.751950881362646, 0.7308962117363371, 0.7333333333333333]","[array([[11,  1,  0,  0],
       [ 3,  6,  0,  0],
       [ 0,  0,  7,  3],
       [ 0,  0,  5, 10]]), array([[10,  1,  0,  1],
       [ 1,  8,  0,  0],
       [ 0,  0,  7,  3],
       [ 0,  0,  2, 13]]), array([[ 7,  4,  0,  0],
       [ 2,  8,  0,  0],
       [ 0,  0,  6,  4],
       [ 0,  1,  1, 13]]), array([[ 8,  3,  0,  0],
       [ 2,  7,  0,  1],
       [ 0,  0,  6,  4],
       [ 0,  1,  2, 12]]), array([[ 8,  3,  0,  0],
       [ 1,  9,  0,  0],
       [ 0,  0,  7,  3],
       [ 0,  0,  2, 12]]), array([[ 8,  3,  0,  0],
       [ 1,  8,  0,  1],
       [ 0,  0,  6,  3],
       [ 0,  1,  2, 12]]), array([[ 5,  5,  1,  0],
       [ 1,  6,  0,  2],
       [ 0,  0,  9,  1],
       [ 0,  2,  3, 10]]), array([[ 9,  2,  0,  0],
       [ 2,  6,  0,  1],
       [ 0,  0,  6,  4],
       [ 0,  0,  2, 13]]), array([[ 9,  2,  0,  0],
       [ 3,  6,  0,  0],
       [ 0,  0,  6,  4],
       [ 0,  0,  3, 12]]), array([[ 8,  3,  0,  0],
       [ 2,  6,  0,  1],
       [ 1,  0,  7,  2],
       [ 0,  0,  3, 12]])]"
6,"[1.0, 1.0, 1.0, 1.0, 1.0, 1.0, 1.0, 1.0, 1.0, 1.0]","[1.0, 1.0, 1.0, 1.0, 1.0, 1.0, 1.0, 1.0, 1.0, 1.0]","[1.0, 1.0, 1.0, 1.0, 1.0, 1.0, 1.0, 1.0, 1.0, 1.0]","[1.0, 1.0, 1.0, 1.0, 1.0, 1.0, 1.0, 1.0, 1.0, 1.0]","[1.0, 1.0, 1.0, 1.0, 1.0, 1.0, 1.0, 1.0, 1.0, 1.0]","[1.0, 1.0, 1.0, 1.0, 1.0, 1.0, 1.0, 1.0, 1.0, 1.0]","[1.0, 1.0, 1.0, 1.0, 1.0, 1.0, 1.0, 1.0, 1.0, 1.0]","[1.0, 1.0, 1.0, 1.0, 1.0, 1.0, 1.0, 1.0, 1.0, 1.0]","[1.0, 1.0, 1.0, 1.0, 1.0, 1.0, 1.0, 1.0, 1.0, 1.0]","[1.0, 1.0, 1.0, 1.0, 1.0, 1.0, 1.0, 1.0, 1.0, 1.0]","[array([[100,   0,   0,   0],
       [  0, 134,   0,   0],
       [  0,   0,  89,   0],
       [  0,   0,   0, 134]]), array([[100,   0,   0,   0],
       [  0, 134,   0,   0],
       [  0,   0,  89,   0],
       [  0,   0,   0, 134]]), array([[101,   0,   0,   0],
       [  0, 134,   0,   0],
       [  0,   0,  89,   0],
       [  0,   0,   0, 134]]), array([[101,   0,   0,   0],
       [  0, 134,   0,   0],
       [  0,   0,  89,   0],
       [  0,   0,   0, 134]]), array([[101,   0,   0,   0],
       [  0, 135,   0,   0],
       [  0,   0,  89,   0],
       [  0,   0,   0, 135]]), array([[101,   0,   0,   0],
       [  0, 134,   0,   0],
       [  0,   0,  90,   0],
       [  0,   0,   0, 134]]), array([[101,   0,   0,   0],
       [  0, 134,   0,   0],
       [  0,   0,  89,   0],
       [  0,   0,   0, 134]]), array([[101,   0,   0,   0],
       [  0, 134,   0,   0],
       [  0,   0,  89,   0],
       [  0,   0,   0, 134]]), array([[101,   0,   0,   0],
       [  0, 134,   0,   0],
       [  0,   0,  89,   0],
       [  0,   0,   0, 134]]), array([[101,   0,   0,   0],
       [  0, 134,   0,   0],
       [  0,   0,  89,   0],
       [  0,   0,   0, 134]])]","[0.717391304347826, 0.8260869565217391, 0.8043478260869565, 0.7608695652173914, 0.7777777777777778, 0.7777777777777778, 0.7555555555555555, 0.8222222222222222, 0.7777777777777778, 0.7777777777777778]","[0.717391304347826, 0.8260869565217391, 0.8043478260869565, 0.7608695652173914, 0.7777777777777778, 0.7777777777777778, 0.7555555555555555, 0.8222222222222222, 0.7777777777777778, 0.7777777777777778]","[0.717391304347826, 0.8260869565217391, 0.8043478260869565, 0.7608695652173914, 0.7777777777777778, 0.7777777777777778, 0.7555555555555555, 0.8222222222222222, 0.7777777777777778, 0.7777777777777778]","[0.717391304347826, 0.8260869565217391, 0.8043478260869565, 0.7608695652173914, 0.7777777777777778, 0.7777777777777778, 0.7555555555555555, 0.8222222222222222, 0.7777777777777778, 0.7777777777777778]","[0.7328296703296703, 0.8416666666666666, 0.8330033936651584, 0.7568181818181818, 0.7762626262626262, 0.7772727272727272, 0.7785964035964035, 0.8257440476190476, 0.7942590497737557, 0.7815934065934065]","[0.7208333333333333, 0.8263888888888888, 0.7984848484848485, 0.7568181818181818, 0.7711038961038962, 0.7772727272727272, 0.7618686868686869, 0.8106060606060607, 0.7694444444444444, 0.7689393939393938]","[0.7178790412486065, 0.8330091714104997, 0.8037479341469616, 0.7568181818181818, 0.7720594589923083, 0.7772727272727272, 0.7547517907712811, 0.8145687237026649, 0.7743055555555556, 0.7708333333333333]","[0.7342928810320114, 0.8315217391304348, 0.8292101121385008, 0.7608695652173914, 0.7789001122334456, 0.7777777777777778, 0.7874680874680874, 0.8237433862433862, 0.7810206133735547, 0.7816849816849817]","[0.717391304347826, 0.8260869565217391, 0.8043478260869565, 0.7608695652173914, 0.7777777777777778, 0.7777777777777778, 0.7555555555555555, 0.8222222222222222, 0.7777777777777778, 0.7777777777777778]","[0.7171913625127236, 0.8279019882847949, 0.8055331006312251, 0.7608695652173914, 0.776769509981851, 0.7777777777777778, 0.756910063486775, 0.819908056724326, 0.7725308641975308, 0.775925925925926]","[array([[11,  1,  0,  0],
       [ 3,  6,  0,  0],
       [ 0,  0,  7,  3],
       [ 0,  0,  6,  9]]), array([[11,  0,  0,  1],
       [ 1,  8,  0,  0],
       [ 0,  0,  7,  3],
       [ 0,  0,  3, 12]]), array([[ 8,  3,  0,  0],
       [ 0,  9,  0,  1],
       [ 0,  0,  7,  3],
       [ 0,  1,  1, 13]]), array([[ 8,  3,  0,  0],
       [ 2,  7,  0,  1],
       [ 0,  0,  8,  2],
       [ 1,  0,  2, 12]]), array([[ 8,  3,  0,  0],
       [ 2,  8,  0,  0],
       [ 0,  0,  7,  3],
       [ 0,  0,  2, 12]]), array([[10,  1,  0,  0],
       [ 1,  8,  0,  1],
       [ 0,  0,  6,  3],
       [ 0,  1,  3, 11]]), array([[ 7,  3,  1,  0],
       [ 0,  7,  0,  2],
       [ 0,  0,  9,  1],
       [ 0,  1,  3, 11]]), array([[10,  1,  0,  0],
       [ 2,  6,  0,  1],
       [ 0,  0,  8,  2],
       [ 0,  0,  2, 13]]), array([[11,  0,  0,  0],
       [ 2,  7,  0,  0],
       [ 0,  0,  5,  5],
       [ 0,  0,  3, 12]]), array([[10,  1,  0,  0],
       [ 2,  6,  0,  1],
       [ 1,  0,  7,  2],
       [ 0,  0,  3, 12]])]"
7,"[1.0, 1.0, 1.0, 1.0, 1.0, 1.0, 1.0, 1.0, 1.0, 1.0]","[1.0, 1.0, 1.0, 1.0, 1.0, 1.0, 1.0, 1.0, 1.0, 1.0]","[1.0, 1.0, 1.0, 1.0, 1.0, 1.0, 1.0, 1.0, 1.0, 1.0]","[1.0, 1.0, 1.0, 1.0, 1.0, 1.0, 1.0, 1.0, 1.0, 1.0]","[1.0, 1.0, 1.0, 1.0, 1.0, 1.0, 1.0, 1.0, 1.0, 1.0]","[1.0, 1.0, 1.0, 1.0, 1.0, 1.0, 1.0, 1.0, 1.0, 1.0]","[1.0, 1.0, 1.0, 1.0, 1.0, 1.0, 1.0, 1.0, 1.0, 1.0]","[1.0, 1.0, 1.0, 1.0, 1.0, 1.0, 1.0, 1.0, 1.0, 1.0]","[1.0, 1.0, 1.0, 1.0, 1.0, 1.0, 1.0, 1.0, 1.0, 1.0]","[1.0, 1.0, 1.0, 1.0, 1.0, 1.0, 1.0, 1.0, 1.0, 1.0]","[array([[100,   0,   0,   0],
       [  0, 134,   0,   0],
       [  0,   0,  89,   0],
       [  0,   0,   0, 134]]), array([[100,   0,   0,   0],
       [  0, 134,   0,   0],
       [  0,   0,  89,   0],
       [  0,   0,   0, 134]]), array([[101,   0,   0,   0],
       [  0, 134,   0,   0],
       [  0,   0,  89,   0],
       [  0,   0,   0, 134]]), array([[101,   0,   0,   0],
       [  0, 134,   0,   0],
       [  0,   0,  89,   0],
       [  0,   0,   0, 134]]), array([[101,   0,   0,   0],
       [  0, 135,   0,   0],
       [  0,   0,  89,   0],
       [  0,   0,   0, 135]]), array([[101,   0,   0,   0],
       [  0, 134,   0,   0],
       [  0,   0,  90,   0],
       [  0,   0,   0, 134]]), array([[101,   0,   0,   0],
       [  0, 134,   0,   0],
       [  0,   0,  89,   0],
       [  0,   0,   0, 134]]), array([[101,   0,   0,   0],
       [  0, 134,   0,   0],
       [  0,   0,  89,   0],
       [  0,   0,   0, 134]]), array([[101,   0,   0,   0],
       [  0, 134,   0,   0],
       [  0,   0,  89,   0],
       [  0,   0,   0, 134]]), array([[101,   0,   0,   0],
       [  0, 134,   0,   0],
       [  0,   0,  89,   0],
       [  0,   0,   0, 134]])]","[0.7608695652173914, 0.782608695652174, 0.8043478260869565, 0.7391304347826086, 0.7555555555555555, 0.7777777777777778, 0.6444444444444445, 0.7555555555555555, 0.7555555555555555, 0.7777777777777778]","[0.7608695652173914, 0.782608695652174, 0.8043478260869565, 0.7391304347826086, 0.7555555555555555, 0.7777777777777778, 0.6444444444444445, 0.7555555555555555, 0.7555555555555555, 0.7777777777777778]","[0.7608695652173914, 0.782608695652174, 0.8043478260869565, 0.7391304347826086, 0.7555555555555555, 0.7777777777777778, 0.6444444444444445, 0.7555555555555555, 0.7555555555555555, 0.7777777777777778]","[0.7608695652173914, 0.782608695652174, 0.8043478260869565, 0.7391304347826086, 0.7555555555555555, 0.7777777777777778, 0.6444444444444445, 0.7555555555555555, 0.7555555555555555, 0.7777777777777778]","[0.7886904761904763, 0.820640756302521, 0.8340336134453782, 0.7558080808080807, 0.7626068376068376, 0.7916666666666666, 0.6705929487179487, 0.7545454545454546, 0.7581168831168832, 0.7711038961038962]","[0.7583333333333332, 0.7875, 0.7984848484848485, 0.7174242424242424, 0.7603896103896104, 0.7734848484848484, 0.6386363636363636, 0.7462121212121211, 0.7406565656565657, 0.779040404040404]","[0.7622739329635881, 0.7774321446732774, 0.7984552373581012, 0.7275273745861981, 0.7558373590982286, 0.775286824098369, 0.6358418147317578, 0.7495644298775228, 0.7430184194890077, 0.7723727422003284]","[0.7789855072463768, 0.8262239678480087, 0.8301059554256485, 0.7569828722002635, 0.7660018993352326, 0.7944444444444444, 0.6807336182336182, 0.7555555555555555, 0.7550264550264549, 0.7822799422799424]","[0.7608695652173914, 0.782608695652174, 0.8043478260869565, 0.7391304347826086, 0.7555555555555555, 0.7777777777777778, 0.6444444444444445, 0.7555555555555555, 0.7555555555555555, 0.7777777777777778]","[0.7605518918862246, 0.7793665500392443, 0.8009307555974337, 0.7393518672291052, 0.7554768294864914, 0.7790639844969216, 0.6449964541046135, 0.7547965422728231, 0.7489007724301843, 0.7776610107644589]","[array([[12,  0,  0,  0],
       [ 2,  6,  0,  1],
       [ 0,  0,  7,  3],
       [ 0,  0,  5, 10]]), array([[ 7,  4,  0,  1],
       [ 0,  9,  0,  0],
       [ 0,  0,  7,  3],
       [ 0,  1,  1, 13]]), array([[ 8,  3,  0,  0],
       [ 0, 10,  0,  0],
       [ 0,  0,  6,  4],
       [ 0,  1,  1, 13]]), array([[ 7,  4,  0,  0],
       [ 3,  6,  0,  1],
       [ 0,  0,  7,  3],
       [ 0,  1,  0, 14]]), array([[ 8,  3,  0,  0],
       [ 1,  9,  0,  0],
       [ 0,  0,  7,  3],
       [ 0,  1,  3, 10]]), array([[ 8,  3,  0,  0],
       [ 0,  9,  0,  1],
       [ 0,  0,  6,  3],
       [ 0,  0,  3, 12]]), array([[ 5,  5,  1,  0],
       [ 1,  6,  0,  2],
       [ 0,  0,  7,  3],
       [ 0,  2,  2, 11]]), array([[ 9,  2,  0,  0],
       [ 2,  6,  0,  1],
       [ 0,  0,  7,  3],
       [ 0,  0,  3, 12]]), array([[ 9,  2,  0,  0],
       [ 2,  7,  0,  0],
       [ 0,  0,  5,  5],
       [ 0,  0,  2, 13]]), array([[ 8,  3,  0,  0],
       [ 1,  8,  0,  0],
       [ 1,  0,  7,  2],
       [ 0,  0,  3, 12]])]"
8,"[1.0, 1.0, 1.0, 1.0, 1.0, 1.0, 1.0, 1.0, 1.0, 1.0]","[1.0, 1.0, 1.0, 1.0, 1.0, 1.0, 1.0, 1.0, 1.0, 1.0]","[1.0, 1.0, 1.0, 1.0, 1.0, 1.0, 1.0, 1.0, 1.0, 1.0]","[1.0, 1.0, 1.0, 1.0, 1.0, 1.0, 1.0, 1.0, 1.0, 1.0]","[1.0, 1.0, 1.0, 1.0, 1.0, 1.0, 1.0, 1.0, 1.0, 1.0]","[1.0, 1.0, 1.0, 1.0, 1.0, 1.0, 1.0, 1.0, 1.0, 1.0]","[1.0, 1.0, 1.0, 1.0, 1.0, 1.0, 1.0, 1.0, 1.0, 1.0]","[1.0, 1.0, 1.0, 1.0, 1.0, 1.0, 1.0, 1.0, 1.0, 1.0]","[1.0, 1.0, 1.0, 1.0, 1.0, 1.0, 1.0, 1.0, 1.0, 1.0]","[1.0, 1.0, 1.0, 1.0, 1.0, 1.0, 1.0, 1.0, 1.0, 1.0]","[array([[100,   0,   0,   0],
       [  0, 134,   0,   0],
       [  0,   0,  89,   0],
       [  0,   0,   0, 134]]), array([[100,   0,   0,   0],
       [  0, 134,   0,   0],
       [  0,   0,  89,   0],
       [  0,   0,   0, 134]]), array([[101,   0,   0,   0],
       [  0, 134,   0,   0],
       [  0,   0,  89,   0],
       [  0,   0,   0, 134]]), array([[101,   0,   0,   0],
       [  0, 134,   0,   0],
       [  0,   0,  89,   0],
       [  0,   0,   0, 134]]), array([[101,   0,   0,   0],
       [  0, 135,   0,   0],
       [  0,   0,  89,   0],
       [  0,   0,   0, 135]]), array([[101,   0,   0,   0],
       [  0, 134,   0,   0],
       [  0,   0,  90,   0],
       [  0,   0,   0, 134]]), array([[101,   0,   0,   0],
       [  0, 134,   0,   0],
       [  0,   0,  89,   0],
       [  0,   0,   0, 134]]), array([[101,   0,   0,   0],
       [  0, 134,   0,   0],
       [  0,   0,  89,   0],
       [  0,   0,   0, 134]]), array([[101,   0,   0,   0],
       [  0, 134,   0,   0],
       [  0,   0,  89,   0],
       [  0,   0,   0, 134]]), array([[101,   0,   0,   0],
       [  0, 134,   0,   0],
       [  0,   0,  89,   0],
       [  0,   0,   0, 134]])]","[0.782608695652174, 0.8478260869565217, 0.7391304347826086, 0.782608695652174, 0.8222222222222222, 0.7777777777777778, 0.6222222222222222, 0.8222222222222222, 0.7333333333333333, 0.7333333333333333]","[0.782608695652174, 0.8478260869565217, 0.7391304347826086, 0.782608695652174, 0.8222222222222222, 0.7777777777777778, 0.6222222222222222, 0.8222222222222222, 0.7333333333333333, 0.7333333333333333]","[0.782608695652174, 0.8478260869565217, 0.7391304347826086, 0.782608695652174, 0.8222222222222222, 0.7777777777777778, 0.6222222222222222, 0.8222222222222222, 0.7333333333333333, 0.7333333333333333]","[0.782608695652174, 0.8478260869565217, 0.7391304347826086, 0.782608695652174, 0.8222222222222222, 0.7777777777777778, 0.6222222222222222, 0.8222222222222222, 0.7333333333333333, 0.7333333333333333]","[0.8051739926739927, 0.8606209150326797, 0.7682748538011696, 0.7844381313131313, 0.8240079365079366, 0.7916666666666666, 0.6446428571428572, 0.8257440476190476, 0.7367609922756981, 0.7305194805194805]","[0.7861111111111111, 0.85, 0.7234848484848485, 0.7734848484848486, 0.8211038961038962, 0.7734848484848484, 0.6181818181818182, 0.8106060606060607, 0.7290404040404039, 0.7295454545454545]","[0.7902547021943573, 0.8514503588516746, 0.7292446524064171, 0.7773465922871695, 0.8188311688311688, 0.775286824098369, 0.5955862977602108, 0.8145687237026649, 0.726388888888889, 0.7284446012287973]","[0.7961856983596114, 0.8553992611537369, 0.7617594711416222, 0.7878266359244621, 0.828395061728395, 0.7944444444444444, 0.6616402116402117, 0.8237433862433862, 0.7369215026077771, 0.7366522366522367]","[0.782608695652174, 0.8478260869565217, 0.7391304347826086, 0.782608695652174, 0.8222222222222222, 0.7777777777777778, 0.6222222222222222, 0.8222222222222222, 0.7333333333333333, 0.7333333333333333]","[0.7848579119531144, 0.8476375598086123, 0.734637293652639, 0.7836808008801808, 0.8218181818181819, 0.7790639844969216, 0.6081862099253404, 0.819908056724326, 0.7290123456790124, 0.7335025297808612]","[array([[12,  0,  0,  0],
       [ 1,  7,  0,  1],
       [ 0,  0,  7,  3],
       [ 0,  0,  5, 10]]), array([[10,  1,  0,  1],
       [ 0,  9,  0,  0],
       [ 0,  0,  7,  3],
       [ 0,  0,  2, 13]]), array([[ 8,  3,  0,  0],
       [ 1,  8,  0,  1],
       [ 0,  0,  5,  5],
       [ 0,  1,  1, 13]]), array([[ 8,  3,  0,  0],
       [ 2,  7,  0,  1],
       [ 0,  0,  8,  2],
       [ 0,  1,  1, 13]]), array([[ 8,  3,  0,  0],
       [ 1,  9,  0,  0],
       [ 0,  0,  8,  2],
       [ 0,  0,  2, 12]]), array([[ 8,  3,  0,  0],
       [ 0,  9,  0,  1],
       [ 0,  0,  6,  3],
       [ 0,  0,  3, 12]]), array([[ 3,  7,  1,  0],
       [ 1,  6,  0,  2],
       [ 0,  0,  8,  2],
       [ 0,  1,  3, 11]]), array([[10,  1,  0,  0],
       [ 2,  6,  0,  1],
       [ 0,  0,  8,  2],
       [ 0,  0,  2, 13]]), array([[ 8,  3,  0,  0],
       [ 1,  8,  0,  0],
       [ 0,  0,  5,  5],
       [ 0,  0,  3, 12]]), array([[ 9,  2,  0,  0],
       [ 2,  6,  0,  1],
       [ 1,  0,  7,  2],
       [ 0,  0,  4, 11]])]"
9,"[1.0, 1.0, 1.0, 1.0, 1.0, 1.0, 1.0, 1.0, 1.0, 1.0]","[1.0, 1.0, 1.0, 1.0, 1.0, 1.0, 1.0, 1.0, 1.0, 1.0]","[1.0, 1.0, 1.0, 1.0, 1.0, 1.0, 1.0, 1.0, 1.0, 1.0]","[1.0, 1.0, 1.0, 1.0, 1.0, 1.0, 1.0, 1.0, 1.0, 1.0]","[1.0, 1.0, 1.0, 1.0, 1.0, 1.0, 1.0, 1.0, 1.0, 1.0]","[1.0, 1.0, 1.0, 1.0, 1.0, 1.0, 1.0, 1.0, 1.0, 1.0]","[1.0, 1.0, 1.0, 1.0, 1.0, 1.0, 1.0, 1.0, 1.0, 1.0]","[1.0, 1.0, 1.0, 1.0, 1.0, 1.0, 1.0, 1.0, 1.0, 1.0]","[1.0, 1.0, 1.0, 1.0, 1.0, 1.0, 1.0, 1.0, 1.0, 1.0]","[1.0, 1.0, 1.0, 1.0, 1.0, 1.0, 1.0, 1.0, 1.0, 1.0]","[array([[100,   0,   0,   0],
       [  0, 134,   0,   0],
       [  0,   0,  89,   0],
       [  0,   0,   0, 134]]), array([[100,   0,   0,   0],
       [  0, 134,   0,   0],
       [  0,   0,  89,   0],
       [  0,   0,   0, 134]]), array([[101,   0,   0,   0],
       [  0, 134,   0,   0],
       [  0,   0,  89,   0],
       [  0,   0,   0, 134]]), array([[101,   0,   0,   0],
       [  0, 134,   0,   0],
       [  0,   0,  89,   0],
       [  0,   0,   0, 134]]), array([[101,   0,   0,   0],
       [  0, 135,   0,   0],
       [  0,   0,  89,   0],
       [  0,   0,   0, 135]]), array([[101,   0,   0,   0],
       [  0, 134,   0,   0],
       [  0,   0,  90,   0],
       [  0,   0,   0, 134]]), array([[101,   0,   0,   0],
       [  0, 134,   0,   0],
       [  0,   0,  89,   0],
       [  0,   0,   0, 134]]), array([[101,   0,   0,   0],
       [  0, 134,   0,   0],
       [  0,   0,  89,   0],
       [  0,   0,   0, 134]]), array([[101,   0,   0,   0],
       [  0, 134,   0,   0],
       [  0,   0,  89,   0],
       [  0,   0,   0, 134]]), array([[101,   0,   0,   0],
       [  0, 134,   0,   0],
       [  0,   0,  89,   0],
       [  0,   0,   0, 134]])]","[0.7608695652173914, 0.8478260869565217, 0.7391304347826086, 0.782608695652174, 0.7111111111111111, 0.8222222222222222, 0.7333333333333333, 0.7777777777777778, 0.7777777777777778, 0.7111111111111111]","[0.7608695652173914, 0.8478260869565217, 0.7391304347826086, 0.782608695652174, 0.7111111111111111, 0.8222222222222222, 0.7333333333333333, 0.7777777777777778, 0.7777777777777778, 0.7111111111111111]","[0.7608695652173914, 0.8478260869565217, 0.7391304347826086, 0.782608695652174, 0.7111111111111111, 0.8222222222222222, 0.7333333333333333, 0.7777777777777778, 0.7777777777777778, 0.7111111111111111]","[0.7608695652173914, 0.8478260869565217, 0.7391304347826086, 0.782608695652174, 0.7111111111111111, 0.8222222222222222, 0.7333333333333333, 0.7777777777777778, 0.7777777777777778, 0.7111111111111111]","[0.7744047619047619, 0.8656045751633987, 0.7537527831645479, 0.7989583333333333, 0.7082167832167832, 0.8332219251336899, 0.7757918552036198, 0.7851190476190476, 0.7776663695781343, 0.7]","[0.7722222222222223, 0.8500000000000001, 0.7257575757575758, 0.7734848484848486, 0.7103896103896103, 0.8128787878787879, 0.7247474747474748, 0.7689393939393938, 0.7656565656565657, 0.7007575757575757]","[0.7693037452565583, 0.8435620300751879, 0.728508631713555, 0.7814667411441605, 0.7086700336700336, 0.8188813025210084, 0.7184659090909091, 0.7734396914446002, 0.7687815656565656, 0.6995614035087719]","[0.7771221532091097, 0.8693876101165104, 0.7554656199157478, 0.8004528985507247, 0.714063714063714, 0.83116458704694, 0.7848164906988436, 0.7806878306878307, 0.777124183006536, 0.7133333333333332]","[0.7608695652173914, 0.8478260869565217, 0.7391304347826086, 0.782608695652174, 0.7111111111111111, 0.8222222222222222, 0.7333333333333333, 0.7777777777777778, 0.7777777777777778, 0.7111111111111111]","[0.7651413527685919, 0.8447899640405361, 0.7370183754030911, 0.7872635390166948, 0.7119341563786008, 0.8224859943977592, 0.7286616161616162, 0.7761804581580177, 0.774537037037037, 0.7115009746588694]","[array([[10,  2,  0,  0],
       [ 0,  8,  0,  1],
       [ 0,  0,  7,  3],
       [ 0,  0,  5, 10]]), array([[ 8,  3,  0,  1],
       [ 0,  9,  0,  0],
       [ 0,  0,  8,  2],
       [ 0,  0,  1, 14]]), array([[ 7,  4,  0,  0],
       [ 2,  8,  0,  0],
       [ 0,  0,  6,  4],
       [ 0,  1,  1, 13]]), array([[ 8,  3,  0,  0],
       [ 2,  7,  0,  1],
       [ 0,  0,  8,  2],
       [ 0,  2,  0, 13]]), array([[ 8,  3,  0,  0],
       [ 3,  7,  0,  0],
       [ 0,  0,  7,  3],
       [ 0,  1,  3, 10]]), array([[ 9,  2,  0,  0],
       [ 0,  9,  0,  1],
       [ 0,  0,  6,  3],
       [ 0,  0,  2, 13]]), array([[ 5,  5,  1,  0],
       [ 0,  7,  0,  2],
       [ 0,  0,  8,  2],
       [ 0,  1,  1, 13]]), array([[10,  1,  0,  0],
       [ 2,  6,  0,  1],
       [ 0,  0,  7,  3],
       [ 0,  0,  3, 12]]), array([[ 9,  2,  0,  0],
       [ 2,  7,  0,  0],
       [ 0,  0,  6,  4],
       [ 0,  0,  2, 13]]), array([[ 7,  4,  0,  0],
       [ 2,  6,  0,  1],
       [ 1,  0,  7,  2],
       [ 0,  0,  3, 12]])]"
10,"[1.0, 1.0, 1.0, 1.0, 1.0, 1.0, 1.0, 1.0, 1.0, 1.0]","[1.0, 1.0, 1.0, 1.0, 1.0, 1.0, 1.0, 1.0, 1.0, 1.0]","[1.0, 1.0, 1.0, 1.0, 1.0, 1.0, 1.0, 1.0, 1.0, 1.0]","[1.0, 1.0, 1.0, 1.0, 1.0, 1.0, 1.0, 1.0, 1.0, 1.0]","[1.0, 1.0, 1.0, 1.0, 1.0, 1.0, 1.0, 1.0, 1.0, 1.0]","[1.0, 1.0, 1.0, 1.0, 1.0, 1.0, 1.0, 1.0, 1.0, 1.0]","[1.0, 1.0, 1.0, 1.0, 1.0, 1.0, 1.0, 1.0, 1.0, 1.0]","[1.0, 1.0, 1.0, 1.0, 1.0, 1.0, 1.0, 1.0, 1.0, 1.0]","[1.0, 1.0, 1.0, 1.0, 1.0, 1.0, 1.0, 1.0, 1.0, 1.0]","[1.0, 1.0, 1.0, 1.0, 1.0, 1.0, 1.0, 1.0, 1.0, 1.0]","[array([[100,   0,   0,   0],
       [  0, 134,   0,   0],
       [  0,   0,  89,   0],
       [  0,   0,   0, 134]]), array([[100,   0,   0,   0],
       [  0, 134,   0,   0],
       [  0,   0,  89,   0],
       [  0,   0,   0, 134]]), array([[101,   0,   0,   0],
       [  0, 134,   0,   0],
       [  0,   0,  89,   0],
       [  0,   0,   0, 134]]), array([[101,   0,   0,   0],
       [  0, 134,   0,   0],
       [  0,   0,  89,   0],
       [  0,   0,   0, 134]]), array([[101,   0,   0,   0],
       [  0, 135,   0,   0],
       [  0,   0,  89,   0],
       [  0,   0,   0, 135]]), array([[101,   0,   0,   0],
       [  0, 134,   0,   0],
       [  0,   0,  90,   0],
       [  0,   0,   0, 134]]), array([[101,   0,   0,   0],
       [  0, 134,   0,   0],
       [  0,   0,  89,   0],
       [  0,   0,   0, 134]]), array([[101,   0,   0,   0],
       [  0, 134,   0,   0],
       [  0,   0,  89,   0],
       [  0,   0,   0, 134]]), array([[101,   0,   0,   0],
       [  0, 134,   0,   0],
       [  0,   0,  89,   0],
       [  0,   0,   0, 134]]), array([[101,   0,   0,   0],
       [  0, 134,   0,   0],
       [  0,   0,  89,   0],
       [  0,   0,   0, 134]])]","[0.8043478260869565, 0.8478260869565217, 0.782608695652174, 0.782608695652174, 0.7555555555555555, 0.8, 0.6666666666666666, 0.8222222222222222, 0.8222222222222222, 0.7111111111111111]","[0.8043478260869565, 0.8478260869565217, 0.782608695652174, 0.782608695652174, 0.7555555555555555, 0.8, 0.6666666666666666, 0.8222222222222222, 0.8222222222222222, 0.7111111111111111]","[0.8043478260869565, 0.8478260869565217, 0.782608695652174, 0.782608695652174, 0.7555555555555555, 0.8, 0.6666666666666666, 0.8222222222222222, 0.8222222222222222, 0.7111111111111111]","[0.8043478260869565, 0.8478260869565217, 0.782608695652174, 0.782608695652174, 0.7555555555555555, 0.8, 0.6666666666666666, 0.8222222222222222, 0.8222222222222222, 0.7111111111111111]","[0.824404761904762, 0.8606209150326797, 0.8179181929181929, 0.7844381313131313, 0.7694444444444444, 0.8125, 0.6691017316017316, 0.8257440476190476, 0.8246527777777778, 0.7071678321678321]","[0.8138888888888888, 0.85, 0.7734848484848486, 0.7734848484848486, 0.7506493506493507, 0.7962121212121211, 0.6696969696969696, 0.8106060606060607, 0.8133838383838384, 0.7017676767676768]","[0.8167988198414162, 0.8514503588516746, 0.7796187749075083, 0.7773465922871695, 0.745273744706594, 0.7995644298775229, 0.6621267117637353, 0.8145687237026649, 0.8171616029596308, 0.7000718390804597]","[0.8162525879917185, 0.8553992611537369, 0.8114747571269312, 0.7878266359244621, 0.7741093474426808, 0.8111111111111111, 0.6786676286676286, 0.8237433862433862, 0.8223765432098765, 0.7154068154068155]","[0.8043478260869565, 0.8478260869565217, 0.782608695652174, 0.782608695652174, 0.7555555555555555, 0.8, 0.6666666666666666, 0.8222222222222222, 0.8222222222222222, 0.7111111111111111]","[0.8082402648942909, 0.8476375598086123, 0.7818750043228732, 0.7836808008801808, 0.7508435840559252, 0.8010591685354493, 0.6658871839997066, 0.819908056724326, 0.8205788513579689, 0.7093550446998722]","[array([[12,  0,  0,  0],
       [ 0,  8,  0,  1],
       [ 0,  0,  7,  3],
       [ 0,  0,  5, 10]]), array([[10,  1,  0,  1],
       [ 0,  9,  0,  0],
       [ 0,  0,  7,  3],
       [ 0,  0,  2, 13]]), array([[ 8,  3,  0,  0],
       [ 0,  9,  0,  1],
       [ 0,  0,  6,  4],
       [ 0,  1,  1, 13]]), array([[ 8,  3,  0,  0],
       [ 2,  7,  0,  1],
       [ 0,  0,  8,  2],
       [ 0,  1,  1, 13]]), array([[ 6,  5,  0,  0],
       [ 1,  9,  0,  0],
       [ 0,  0,  7,  3],
       [ 0,  0,  2, 12]]), array([[ 9,  2,  0,  0],
       [ 0,  9,  0,  1],
       [ 0,  0,  6,  3],
       [ 0,  1,  2, 12]]), array([[ 6,  4,  1,  0],
       [ 1,  6,  0,  2],
       [ 0,  0,  8,  2],
       [ 1,  1,  3, 10]]), array([[10,  1,  0,  0],
       [ 2,  6,  0,  1],
       [ 0,  0,  8,  2],
       [ 0,  0,  2, 13]]), array([[10,  1,  0,  0],
       [ 2,  7,  0,  0],
       [ 0,  0,  7,  3],
       [ 0,  0,  2, 13]]), array([[ 9,  2,  0,  0],
       [ 3,  5,  0,  1],
       [ 1,  0,  7,  2],
       [ 0,  0,  4, 11]])]"
11,"[1.0, 1.0, 1.0, 1.0, 1.0, 1.0, 1.0, 1.0, 1.0, 1.0]","[1.0, 1.0, 1.0, 1.0, 1.0, 1.0, 1.0, 1.0, 1.0, 1.0]","[1.0, 1.0, 1.0, 1.0, 1.0, 1.0, 1.0, 1.0, 1.0, 1.0]","[1.0, 1.0, 1.0, 1.0, 1.0, 1.0, 1.0, 1.0, 1.0, 1.0]","[1.0, 1.0, 1.0, 1.0, 1.0, 1.0, 1.0, 1.0, 1.0, 1.0]","[1.0, 1.0, 1.0, 1.0, 1.0, 1.0, 1.0, 1.0, 1.0, 1.0]","[1.0, 1.0, 1.0, 1.0, 1.0, 1.0, 1.0, 1.0, 1.0, 1.0]","[1.0, 1.0, 1.0, 1.0, 1.0, 1.0, 1.0, 1.0, 1.0, 1.0]","[1.0, 1.0, 1.0, 1.0, 1.0, 1.0, 1.0, 1.0, 1.0, 1.0]","[1.0, 1.0, 1.0, 1.0, 1.0, 1.0, 1.0, 1.0, 1.0, 1.0]","[array([[100,   0,   0,   0],
       [  0, 134,   0,   0],
       [  0,   0,  89,   0],
       [  0,   0,   0, 134]]), array([[100,   0,   0,   0],
       [  0, 134,   0,   0],
       [  0,   0,  89,   0],
       [  0,   0,   0, 134]]), array([[101,   0,   0,   0],
       [  0, 134,   0,   0],
       [  0,   0,  89,   0],
       [  0,   0,   0, 134]]), array([[101,   0,   0,   0],
       [  0, 134,   0,   0],
       [  0,   0,  89,   0],
       [  0,   0,   0, 134]]), array([[101,   0,   0,   0],
       [  0, 135,   0,   0],
       [  0,   0,  89,   0],
       [  0,   0,   0, 135]]), array([[101,   0,   0,   0],
       [  0, 134,   0,   0],
       [  0,   0,  90,   0],
       [  0,   0,   0, 134]]), array([[101,   0,   0,   0],
       [  0, 134,   0,   0],
       [  0,   0,  89,   0],
       [  0,   0,   0, 134]]), array([[101,   0,   0,   0],
       [  0, 134,   0,   0],
       [  0,   0,  89,   0],
       [  0,   0,   0, 134]]), array([[101,   0,   0,   0],
       [  0, 134,   0,   0],
       [  0,   0,  89,   0],
       [  0,   0,   0, 134]]), array([[101,   0,   0,   0],
       [  0, 134,   0,   0],
       [  0,   0,  89,   0],
       [  0,   0,   0, 134]])]","[0.782608695652174, 0.8043478260869565, 0.782608695652174, 0.782608695652174, 0.7111111111111111, 0.8, 0.7111111111111111, 0.8, 0.8, 0.8]","[0.782608695652174, 0.8043478260869565, 0.782608695652174, 0.782608695652174, 0.7111111111111111, 0.8, 0.7111111111111111, 0.8, 0.8, 0.8]","[0.782608695652174, 0.8043478260869565, 0.782608695652174, 0.782608695652174, 0.7111111111111111, 0.8, 0.7111111111111111, 0.8, 0.8, 0.8]","[0.782608695652174, 0.8043478260869565, 0.782608695652174, 0.782608695652174, 0.7111111111111111, 0.8, 0.7111111111111111, 0.8, 0.8, 0.8]","[0.7966269841269842, 0.8106209150326797, 0.8179181929181929, 0.7910547785547786, 0.7155982905982905, 0.8036764705882353, 0.7555304172951232, 0.8082399626517274, 0.804162851037851, 0.8309027777777778]","[0.7930555555555555, 0.8013888888888888, 0.7734848484848486, 0.7901515151515152, 0.7126623376623378, 0.7878787878787878, 0.7058080808080807, 0.7856060606060605, 0.7856060606060605, 0.7805555555555556]","[0.7928573591991883, 0.8024072966507177, 0.7796187749075083, 0.7844490453186106, 0.709098228663446, 0.7938813025210084, 0.7072720236419927, 0.7922268306636155, 0.7897212790039616, 0.7839978357805183]","[0.7945134575569359, 0.8097470872406933, 0.8114747571269312, 0.8049027059896625, 0.7217473884140551, 0.8026797385620914, 0.7602703759566506, 0.8028737420894283, 0.8031355989689323, 0.8229320987654322]","[0.782608695652174, 0.8043478260869565, 0.782608695652174, 0.782608695652174, 0.7111111111111111, 0.8, 0.7111111111111111, 0.8, 0.8, 0.8]","[0.7866679308567062, 0.8033271791137924, 0.7818750043228732, 0.7872595793200707, 0.7117087135444624, 0.799311391223156, 0.71356443693905, 0.7971364098652428, 0.7970162862353015, 0.7930073322263476]","[array([[11,  1,  0,  0],
       [ 0,  8,  0,  1],
       [ 0,  0,  7,  3],
       [ 0,  0,  5, 10]]), array([[ 9,  2,  0,  1],
       [ 1,  8,  0,  0],
       [ 0,  0,  7,  3],
       [ 0,  0,  2, 13]]), array([[ 8,  3,  0,  0],
       [ 0,  9,  0,  1],
       [ 0,  0,  6,  4],
       [ 0,  1,  1, 13]]), array([[ 8,  3,  0,  0],
       [ 2,  7,  0,  1],
       [ 0,  0, 10,  0],
       [ 0,  3,  1, 11]]), array([[ 7,  4,  0,  0],
       [ 2,  8,  0,  0],
       [ 0,  0,  7,  3],
       [ 0,  1,  3, 10]]), array([[ 9,  2,  0,  0],
       [ 1,  8,  0,  1],
       [ 0,  0,  6,  3],
       [ 0,  0,  2, 13]]), array([[ 6,  4,  1,  0],
       [ 0,  7,  0,  2],
       [ 0,  0,  7,  3],
       [ 0,  2,  1, 12]]), array([[10,  1,  0,  0],
       [ 2,  6,  0,  1],
       [ 0,  0,  7,  3],
       [ 0,  0,  2, 13]]), array([[10,  1,  0,  0],
       [ 3,  6,  0,  0],
       [ 0,  0,  7,  3],
       [ 0,  0,  2, 13]]), array([[11,  0,  0,  0],
       [ 3,  5,  0,  1],
       [ 1,  0,  7,  2],
       [ 0,  0,  2, 13]])]"
12,"[1.0, 1.0, 1.0, 1.0, 1.0, 1.0, 1.0, 1.0, 1.0, 1.0]","[1.0, 1.0, 1.0, 1.0, 1.0, 1.0, 1.0, 1.0, 1.0, 1.0]","[1.0, 1.0, 1.0, 1.0, 1.0, 1.0, 1.0, 1.0, 1.0, 1.0]","[1.0, 1.0, 1.0, 1.0, 1.0, 1.0, 1.0, 1.0, 1.0, 1.0]","[1.0, 1.0, 1.0, 1.0, 1.0, 1.0, 1.0, 1.0, 1.0, 1.0]","[1.0, 1.0, 1.0, 1.0, 1.0, 1.0, 1.0, 1.0, 1.0, 1.0]","[1.0, 1.0, 1.0, 1.0, 1.0, 1.0, 1.0, 1.0, 1.0, 1.0]","[1.0, 1.0, 1.0, 1.0, 1.0, 1.0, 1.0, 1.0, 1.0, 1.0]","[1.0, 1.0, 1.0, 1.0, 1.0, 1.0, 1.0, 1.0, 1.0, 1.0]","[1.0, 1.0, 1.0, 1.0, 1.0, 1.0, 1.0, 1.0, 1.0, 1.0]","[array([[100,   0,   0,   0],
       [  0, 134,   0,   0],
       [  0,   0,  89,   0],
       [  0,   0,   0, 134]]), array([[100,   0,   0,   0],
       [  0, 134,   0,   0],
       [  0,   0,  89,   0],
       [  0,   0,   0, 134]]), array([[101,   0,   0,   0],
       [  0, 134,   0,   0],
       [  0,   0,  89,   0],
       [  0,   0,   0, 134]]), array([[101,   0,   0,   0],
       [  0, 134,   0,   0],
       [  0,   0,  89,   0],
       [  0,   0,   0, 134]]), array([[101,   0,   0,   0],
       [  0, 135,   0,   0],
       [  0,   0,  89,   0],
       [  0,   0,   0, 135]]), array([[101,   0,   0,   0],
       [  0, 134,   0,   0],
       [  0,   0,  90,   0],
       [  0,   0,   0, 134]]), array([[101,   0,   0,   0],
       [  0, 134,   0,   0],
       [  0,   0,  89,   0],
       [  0,   0,   0, 134]]), array([[101,   0,   0,   0],
       [  0, 134,   0,   0],
       [  0,   0,  89,   0],
       [  0,   0,   0, 134]]), array([[101,   0,   0,   0],
       [  0, 134,   0,   0],
       [  0,   0,  89,   0],
       [  0,   0,   0, 134]]), array([[101,   0,   0,   0],
       [  0, 134,   0,   0],
       [  0,   0,  89,   0],
       [  0,   0,   0, 134]])]","[0.782608695652174, 0.782608695652174, 0.7391304347826086, 0.782608695652174, 0.7555555555555555, 0.7333333333333333, 0.7111111111111111, 0.7555555555555555, 0.8222222222222222, 0.7777777777777778]","[0.782608695652174, 0.782608695652174, 0.7391304347826086, 0.782608695652174, 0.7555555555555555, 0.7333333333333333, 0.7111111111111111, 0.7555555555555555, 0.8222222222222222, 0.7777777777777778]","[0.782608695652174, 0.782608695652174, 0.7391304347826086, 0.782608695652174, 0.7555555555555555, 0.7333333333333333, 0.7111111111111111, 0.7555555555555555, 0.8222222222222222, 0.7777777777777778]","[0.782608695652174, 0.782608695652174, 0.7391304347826086, 0.782608695652174, 0.7555555555555555, 0.7333333333333333, 0.7111111111111111, 0.7555555555555555, 0.8222222222222222, 0.7777777777777778]","[0.7966269841269842, 0.7930555555555556, 0.7674374236874237, 0.7819444444444444, 0.7632554945054945, 0.7388888888888888, 0.7198412698412698, 0.7601010101010102, 0.8246527777777778, 0.7776663695781343]","[0.7930555555555555, 0.7763888888888889, 0.7257575757575758, 0.7757575757575758, 0.7555194805194805, 0.7318181818181818, 0.6946969696969696, 0.7378787878787879, 0.8133838383838384, 0.7628787878787878]","[0.7928573591991883, 0.7787081339712918, 0.7315638549990415, 0.7757575757575758, 0.7512912716574043, 0.7318181818181818, 0.6965311004784689, 0.7446524064171123, 0.8171616029596308, 0.7683515690965381]","[0.7945134575569359, 0.7898550724637682, 0.7648610447523491, 0.7910628019323671, 0.7677350427350427, 0.7432098765432098, 0.7258201058201059, 0.7574074074074074, 0.8223765432098765, 0.7777414669571532]","[0.782608695652174, 0.782608695652174, 0.7391304347826086, 0.782608695652174, 0.7555555555555555, 0.7333333333333333, 0.7111111111111111, 0.7555555555555555, 0.8222222222222222, 0.7777777777777778]","[0.7866679308567062, 0.7800429928576382, 0.7377997879264946, 0.7839920948616601, 0.7540300025425883, 0.734949494949495, 0.7074605706184655, 0.751950881362646, 0.8205788513579689, 0.7757524939800482]","[array([[11,  1,  0,  0],
       [ 0,  8,  0,  1],
       [ 0,  0,  7,  3],
       [ 0,  0,  5, 10]]), array([[ 9,  2,  0,  1],
       [ 1,  8,  0,  0],
       [ 0,  0,  6,  4],
       [ 0,  0,  2, 13]]), array([[ 7,  4,  0,  0],
       [ 1,  8,  0,  1],
       [ 0,  0,  6,  4],
       [ 0,  1,  1, 13]]), array([[ 7,  4,  0,  0],
       [ 2,  7,  0,  1],
       [ 0,  0,  9,  1],
       [ 0,  1,  1, 13]]), array([[ 7,  4,  0,  0],
       [ 1,  9,  0,  0],
       [ 0,  0,  7,  3],
       [ 0,  0,  3, 11]]), array([[ 8,  3,  0,  0],
       [ 1,  8,  0,  1],
       [ 0,  0,  6,  3],
       [ 0,  1,  3, 11]]), array([[ 6,  4,  1,  0],
       [ 1,  6,  0,  2],
       [ 0,  0,  7,  3],
       [ 0,  0,  2, 13]]), array([[ 9,  2,  0,  0],
       [ 2,  6,  0,  1],
       [ 0,  0,  6,  4],
       [ 0,  0,  2, 13]]), array([[10,  1,  0,  0],
       [ 2,  7,  0,  0],
       [ 0,  0,  7,  3],
       [ 0,  0,  2, 13]]), array([[ 9,  1,  0,  1],
       [ 2,  6,  0,  1],
       [ 0,  1,  7,  2],
       [ 0,  0,  2, 13]])]"
13,"[1.0, 1.0, 1.0, 1.0, 1.0, 1.0, 1.0, 1.0, 1.0, 1.0]","[1.0, 1.0, 1.0, 1.0, 1.0, 1.0, 1.0, 1.0, 1.0, 1.0]","[1.0, 1.0, 1.0, 1.0, 1.0, 1.0, 1.0, 1.0, 1.0, 1.0]","[1.0, 1.0, 1.0, 1.0, 1.0, 1.0, 1.0, 1.0, 1.0, 1.0]","[1.0, 1.0, 1.0, 1.0, 1.0, 1.0, 1.0, 1.0, 1.0, 1.0]","[1.0, 1.0, 1.0, 1.0, 1.0, 1.0, 1.0, 1.0, 1.0, 1.0]","[1.0, 1.0, 1.0, 1.0, 1.0, 1.0, 1.0, 1.0, 1.0, 1.0]","[1.0, 1.0, 1.0, 1.0, 1.0, 1.0, 1.0, 1.0, 1.0, 1.0]","[1.0, 1.0, 1.0, 1.0, 1.0, 1.0, 1.0, 1.0, 1.0, 1.0]","[1.0, 1.0, 1.0, 1.0, 1.0, 1.0, 1.0, 1.0, 1.0, 1.0]","[array([[100,   0,   0,   0],
       [  0, 134,   0,   0],
       [  0,   0,  89,   0],
       [  0,   0,   0, 134]]), array([[100,   0,   0,   0],
       [  0, 134,   0,   0],
       [  0,   0,  89,   0],
       [  0,   0,   0, 134]]), array([[101,   0,   0,   0],
       [  0, 134,   0,   0],
       [  0,   0,  89,   0],
       [  0,   0,   0, 134]]), array([[101,   0,   0,   0],
       [  0, 134,   0,   0],
       [  0,   0,  89,   0],
       [  0,   0,   0, 134]]), array([[101,   0,   0,   0],
       [  0, 135,   0,   0],
       [  0,   0,  89,   0],
       [  0,   0,   0, 135]]), array([[101,   0,   0,   0],
       [  0, 134,   0,   0],
       [  0,   0,  90,   0],
       [  0,   0,   0, 134]]), array([[101,   0,   0,   0],
       [  0, 134,   0,   0],
       [  0,   0,  89,   0],
       [  0,   0,   0, 134]]), array([[101,   0,   0,   0],
       [  0, 134,   0,   0],
       [  0,   0,  89,   0],
       [  0,   0,   0, 134]]), array([[101,   0,   0,   0],
       [  0, 134,   0,   0],
       [  0,   0,  89,   0],
       [  0,   0,   0, 134]]), array([[101,   0,   0,   0],
       [  0, 134,   0,   0],
       [  0,   0,  89,   0],
       [  0,   0,   0, 134]])]","[0.7608695652173914, 0.7608695652173914, 0.782608695652174, 0.8260869565217391, 0.7555555555555555, 0.7555555555555555, 0.6888888888888889, 0.8222222222222222, 0.7777777777777778, 0.7777777777777778]","[0.7608695652173914, 0.7608695652173914, 0.782608695652174, 0.8260869565217391, 0.7555555555555555, 0.7555555555555555, 0.6888888888888889, 0.8222222222222222, 0.7777777777777778, 0.7777777777777778]","[0.7608695652173914, 0.7608695652173914, 0.782608695652174, 0.8260869565217391, 0.7555555555555555, 0.7555555555555555, 0.6888888888888889, 0.8222222222222222, 0.7777777777777778, 0.7777777777777778]","[0.7608695652173914, 0.7608695652173914, 0.782608695652174, 0.8260869565217391, 0.7555555555555555, 0.7555555555555555, 0.6888888888888889, 0.8222222222222222, 0.7777777777777778, 0.7777777777777778]","[0.7744047619047619, 0.774624060150376, 0.828125, 0.8200126262626263, 0.7632554945054945, 0.789390756302521, 0.7021199388846449, 0.8225694444444445, 0.7815934065934065, 0.7798611111111111]","[0.7722222222222223, 0.7513888888888889, 0.778030303030303, 0.8151515151515152, 0.7555194805194805, 0.7446969696969696, 0.678030303030303, 0.8156565656565656, 0.7689393939393938, 0.7568181818181818]","[0.7693037452565583, 0.7533070644525753, 0.7729001443422696, 0.8168351597468745, 0.7512912716574043, 0.7435661764705883, 0.6791666666666667, 0.8184075780849975, 0.7708333333333333, 0.7637085137085137]","[0.7771221532091097, 0.7696959790781301, 0.8301630434782609, 0.8239734299516909, 0.7677350427350427, 0.792203548085901, 0.709464391817333, 0.8241666666666666, 0.7816849816849817, 0.7825925925925926]","[0.7608695652173914, 0.7608695652173914, 0.782608695652174, 0.8260869565217391, 0.7555555555555555, 0.7555555555555555, 0.6888888888888889, 0.8222222222222222, 0.7777777777777778, 0.7777777777777778]","[0.7651413527685919, 0.7554363122407274, 0.7785964459506248, 0.8242784380305603, 0.7540300025425883, 0.7512254901960784, 0.6885185185185185, 0.8224270353302612, 0.775925925925926, 0.7752445085778419]","[array([[10,  2,  0,  0],
       [ 0,  8,  0,  1],
       [ 0,  0,  7,  3],
       [ 0,  0,  5, 10]]), array([[ 9,  2,  0,  1],
       [ 1,  8,  0,  0],
       [ 0,  0,  5,  5],
       [ 0,  0,  2, 13]]), array([[ 6,  5,  0,  0],
       [ 0, 10,  0,  0],
       [ 0,  0,  7,  3],
       [ 0,  1,  1, 13]]), array([[ 8,  2,  1,  0],
       [ 2,  7,  0,  1],
       [ 0,  0,  9,  1],
       [ 1,  0,  0, 14]]), array([[ 7,  4,  0,  0],
       [ 1,  9,  0,  0],
       [ 0,  0,  7,  3],
       [ 0,  0,  3, 11]]), array([[ 6,  5,  0,  0],
       [ 0,  9,  0,  1],
       [ 0,  0,  6,  3],
       [ 0,  0,  2, 13]]), array([[ 6,  4,  1,  0],
       [ 1,  6,  0,  2],
       [ 0,  0,  7,  3],
       [ 0,  1,  2, 12]]), array([[ 9,  2,  0,  0],
       [ 1,  7,  0,  1],
       [ 0,  0,  8,  2],
       [ 0,  0,  2, 13]]), array([[10,  1,  0,  0],
       [ 3,  6,  0,  0],
       [ 0,  0,  7,  3],
       [ 0,  0,  3, 12]]), array([[ 8,  2,  0,  1],
       [ 2,  6,  0,  1],
       [ 0,  1,  7,  2],
       [ 0,  0,  1, 14]])]"
14,"[1.0, 1.0, 1.0, 1.0, 1.0, 1.0, 1.0, 1.0, 1.0, 1.0]","[1.0, 1.0, 1.0, 1.0, 1.0, 1.0, 1.0, 1.0, 1.0, 1.0]","[1.0, 1.0, 1.0, 1.0, 1.0, 1.0, 1.0, 1.0, 1.0, 1.0]","[1.0, 1.0, 1.0, 1.0, 1.0, 1.0, 1.0, 1.0, 1.0, 1.0]","[1.0, 1.0, 1.0, 1.0, 1.0, 1.0, 1.0, 1.0, 1.0, 1.0]","[1.0, 1.0, 1.0, 1.0, 1.0, 1.0, 1.0, 1.0, 1.0, 1.0]","[1.0, 1.0, 1.0, 1.0, 1.0, 1.0, 1.0, 1.0, 1.0, 1.0]","[1.0, 1.0, 1.0, 1.0, 1.0, 1.0, 1.0, 1.0, 1.0, 1.0]","[1.0, 1.0, 1.0, 1.0, 1.0, 1.0, 1.0, 1.0, 1.0, 1.0]","[1.0, 1.0, 1.0, 1.0, 1.0, 1.0, 1.0, 1.0, 1.0, 1.0]","[array([[100,   0,   0,   0],
       [  0, 134,   0,   0],
       [  0,   0,  89,   0],
       [  0,   0,   0, 134]]), array([[100,   0,   0,   0],
       [  0, 134,   0,   0],
       [  0,   0,  89,   0],
       [  0,   0,   0, 134]]), array([[101,   0,   0,   0],
       [  0, 134,   0,   0],
       [  0,   0,  89,   0],
       [  0,   0,   0, 134]]), array([[101,   0,   0,   0],
       [  0, 134,   0,   0],
       [  0,   0,  89,   0],
       [  0,   0,   0, 134]]), array([[101,   0,   0,   0],
       [  0, 135,   0,   0],
       [  0,   0,  89,   0],
       [  0,   0,   0, 135]]), array([[101,   0,   0,   0],
       [  0, 134,   0,   0],
       [  0,   0,  90,   0],
       [  0,   0,   0, 134]]), array([[101,   0,   0,   0],
       [  0, 134,   0,   0],
       [  0,   0,  89,   0],
       [  0,   0,   0, 134]]), array([[101,   0,   0,   0],
       [  0, 134,   0,   0],
       [  0,   0,  89,   0],
       [  0,   0,   0, 134]]), array([[101,   0,   0,   0],
       [  0, 134,   0,   0],
       [  0,   0,  89,   0],
       [  0,   0,   0, 134]]), array([[101,   0,   0,   0],
       [  0, 134,   0,   0],
       [  0,   0,  89,   0],
       [  0,   0,   0, 134]])]","[0.782608695652174, 0.782608695652174, 0.7608695652173914, 0.782608695652174, 0.7333333333333333, 0.8444444444444444, 0.6888888888888889, 0.7777777777777778, 0.8, 0.8]","[0.782608695652174, 0.782608695652174, 0.7608695652173914, 0.782608695652174, 0.7333333333333333, 0.8444444444444444, 0.6888888888888889, 0.7777777777777778, 0.8, 0.8]","[0.782608695652174, 0.782608695652174, 0.7608695652173914, 0.782608695652174, 0.7333333333333333, 0.8444444444444444, 0.6888888888888889, 0.7777777777777778, 0.8, 0.8]","[0.782608695652174, 0.782608695652174, 0.7608695652173914, 0.782608695652174, 0.7333333333333333, 0.8444444444444444, 0.6888888888888889, 0.7777777777777778, 0.8, 0.8]","[0.7966269841269842, 0.8041695146958305, 0.8055555555555556, 0.7844381313131313, 0.7467719780219779, 0.8632756132756133, 0.7314903846153846, 0.7776663695781343, 0.804162851037851, 0.8100076394194041]","[0.7930555555555555, 0.7791666666666667, 0.7507575757575757, 0.7734848484848486, 0.7376623376623377, 0.8295454545454546, 0.689141414141414, 0.7628787878787878, 0.7856060606060605, 0.787878787878788]","[0.7928573591991883, 0.7775210084033614, 0.7476641414141414, 0.7773465922871695, 0.7318957115009745, 0.8389069264069264, 0.6879808521649129, 0.7683515690965381, 0.7897212790039616, 0.7951704545454545]","[0.7945134575569359, 0.7993402478528336, 0.8007246376811594, 0.7878266359244621, 0.7516178266178267, 0.8569504569504569, 0.7368589743589744, 0.7777414669571532, 0.8031355989689323, 0.804108309990663]","[0.782608695652174, 0.782608695652174, 0.7608695652173914, 0.782608695652174, 0.7333333333333333, 0.8444444444444444, 0.6888888888888889, 0.7777777777777778, 0.8, 0.8]","[0.7866679308567062, 0.7769272926561929, 0.7526899429073343, 0.7836808008801808, 0.732791856183669, 0.8433044733044733, 0.6919364422210723, 0.7757524939800482, 0.7970162862353015, 0.7986111111111112]","[array([[11,  1,  0,  0],
       [ 0,  8,  0,  1],
       [ 0,  0,  7,  3],
       [ 0,  0,  5, 10]]), array([[ 9,  2,  0,  1],
       [ 0,  9,  0,  0],
       [ 0,  0,  5,  5],
       [ 0,  0,  2, 13]]), array([[ 7,  4,  0,  0],
       [ 0, 10,  0,  0],
       [ 0,  0,  5,  5],
       [ 0,  1,  1, 13]]), array([[ 8,  2,  1,  0],
       [ 2,  7,  0,  1],
       [ 0,  0,  8,  2],
       [ 0,  2,  0, 13]]), array([[ 7,  4,  0,  0],
       [ 1,  9,  0,  0],
       [ 0,  0,  7,  3],
       [ 0,  1,  3, 10]]), array([[ 9,  2,  0,  0],
       [ 0,  9,  0,  1],
       [ 0,  0,  6,  3],
       [ 0,  0,  1, 14]]), array([[ 6,  4,  1,  0],
       [ 0,  7,  0,  2],
       [ 0,  0,  7,  3],
       [ 0,  2,  2, 11]]), array([[ 9,  2,  0,  0],
       [ 2,  6,  0,  1],
       [ 0,  0,  7,  3],
       [ 0,  0,  2, 13]]), array([[10,  1,  0,  0],
       [ 3,  6,  0,  0],
       [ 0,  0,  7,  3],
       [ 0,  0,  2, 13]]), array([[ 9,  1,  0,  1],
       [ 2,  6,  0,  1],
       [ 0,  0,  8,  2],
       [ 0,  0,  2, 13]])]"
15,"[1.0, 1.0, 1.0, 1.0, 1.0, 1.0, 1.0, 1.0, 1.0, 1.0]","[1.0, 1.0, 1.0, 1.0, 1.0, 1.0, 1.0, 1.0, 1.0, 1.0]","[1.0, 1.0, 1.0, 1.0, 1.0, 1.0, 1.0, 1.0, 1.0, 1.0]","[1.0, 1.0, 1.0, 1.0, 1.0, 1.0, 1.0, 1.0, 1.0, 1.0]","[1.0, 1.0, 1.0, 1.0, 1.0, 1.0, 1.0, 1.0, 1.0, 1.0]","[1.0, 1.0, 1.0, 1.0, 1.0, 1.0, 1.0, 1.0, 1.0, 1.0]","[1.0, 1.0, 1.0, 1.0, 1.0, 1.0, 1.0, 1.0, 1.0, 1.0]","[1.0, 1.0, 1.0, 1.0, 1.0, 1.0, 1.0, 1.0, 1.0, 1.0]","[1.0, 1.0, 1.0, 1.0, 1.0, 1.0, 1.0, 1.0, 1.0, 1.0]","[1.0, 1.0, 1.0, 1.0, 1.0, 1.0, 1.0, 1.0, 1.0, 1.0]","[array([[100,   0,   0,   0],
       [  0, 134,   0,   0],
       [  0,   0,  89,   0],
       [  0,   0,   0, 134]]), array([[100,   0,   0,   0],
       [  0, 134,   0,   0],
       [  0,   0,  89,   0],
       [  0,   0,   0, 134]]), array([[101,   0,   0,   0],
       [  0, 134,   0,   0],
       [  0,   0,  89,   0],
       [  0,   0,   0, 134]]), array([[101,   0,   0,   0],
       [  0, 134,   0,   0],
       [  0,   0,  89,   0],
       [  0,   0,   0, 134]]), array([[101,   0,   0,   0],
       [  0, 135,   0,   0],
       [  0,   0,  89,   0],
       [  0,   0,   0, 135]]), array([[101,   0,   0,   0],
       [  0, 134,   0,   0],
       [  0,   0,  90,   0],
       [  0,   0,   0, 134]]), array([[101,   0,   0,   0],
       [  0, 134,   0,   0],
       [  0,   0,  89,   0],
       [  0,   0,   0, 134]]), array([[101,   0,   0,   0],
       [  0, 134,   0,   0],
       [  0,   0,  89,   0],
       [  0,   0,   0, 134]]), array([[101,   0,   0,   0],
       [  0, 134,   0,   0],
       [  0,   0,  89,   0],
       [  0,   0,   0, 134]]), array([[101,   0,   0,   0],
       [  0, 134,   0,   0],
       [  0,   0,  89,   0],
       [  0,   0,   0, 134]])]","[0.7391304347826086, 0.782608695652174, 0.7391304347826086, 0.7391304347826086, 0.7777777777777778, 0.8666666666666667, 0.6888888888888889, 0.7777777777777778, 0.7777777777777778, 0.8]","[0.7391304347826086, 0.782608695652174, 0.7391304347826086, 0.7391304347826086, 0.7777777777777778, 0.8666666666666667, 0.6888888888888889, 0.7777777777777778, 0.7777777777777778, 0.8]","[0.7391304347826086, 0.782608695652174, 0.7391304347826086, 0.7391304347826086, 0.7777777777777778, 0.8666666666666667, 0.6888888888888889, 0.7777777777777778, 0.7777777777777778, 0.8]","[0.7391304347826086, 0.782608695652174, 0.7391304347826086, 0.7391304347826086, 0.7777777777777778, 0.8666666666666667, 0.6888888888888889, 0.7777777777777778, 0.7777777777777778, 0.8]","[0.7562229437229437, 0.820640756302521, 0.767063492063492, 0.7474626068376068, 0.7811507936507935, 0.8798076923076923, 0.7021199388846449, 0.7905416951469584, 0.7725694444444444, 0.787878787878788]","[0.7513888888888888, 0.7875, 0.7219696969696969, 0.728030303030303, 0.7782467532467532, 0.8595959595959597, 0.678030303030303, 0.7545454545454546, 0.7628787878787878, 0.7901515151515152]","[0.7457904164800716, 0.7774321446732774, 0.715650623885918, 0.730272385029896, 0.775974025974026, 0.8596064246913795, 0.6791666666666667, 0.7633689839572193, 0.7660107078189659, 0.7880952380952381]","[0.7628929041972521, 0.8262239678480087, 0.7696687370600415, 0.7545870494240059, 0.7839506172839507, 0.882051282051282, 0.709464391817333, 0.7860902255639097, 0.7770061728395062, 0.7995959595959596]","[0.7391304347826086, 0.782608695652174, 0.7391304347826086, 0.7391304347826086, 0.7777777777777778, 0.8666666666666667, 0.6888888888888889, 0.7777777777777778, 0.7777777777777778, 0.8]","[0.7433517007729901, 0.7793665500392443, 0.7273192280864916, 0.7399135377317616, 0.7773737373737374, 0.8648658193623651, 0.6885185185185185, 0.7725490196078432, 0.7757934009459202, 0.7989417989417988]","[array([[ 9,  3,  0,  0],
       [ 0,  8,  0,  1],
       [ 0,  0,  7,  3],
       [ 0,  0,  5, 10]]), array([[ 7,  4,  0,  1],
       [ 0,  9,  0,  0],
       [ 0,  0,  7,  3],
       [ 0,  1,  1, 13]]), array([[ 5,  6,  0,  0],
       [ 1,  9,  0,  0],
       [ 0,  0,  6,  4],
       [ 0,  0,  1, 14]]), array([[ 6,  4,  1,  0],
       [ 2,  7,  0,  1],
       [ 0,  0,  8,  2],
       [ 0,  2,  0, 13]]), array([[ 8,  3,  0,  0],
       [ 1,  9,  0,  0],
       [ 0,  0,  7,  3],
       [ 0,  0,  3, 11]]), array([[ 8,  3,  0,  0],
       [ 0, 10,  0,  0],
       [ 0,  0,  7,  2],
       [ 0,  0,  1, 14]]), array([[ 6,  4,  1,  0],
       [ 1,  6,  0,  2],
       [ 0,  0,  7,  3],
       [ 0,  1,  2, 12]]), array([[ 9,  2,  0,  0],
       [ 2,  6,  0,  1],
       [ 0,  0,  6,  4],
       [ 0,  0,  1, 14]]), array([[ 9,  2,  0,  0],
       [ 3,  6,  0,  0],
       [ 0,  0,  7,  3],
       [ 0,  0,  2, 13]]), array([[ 8,  2,  0,  1],
       [ 2,  6,  0,  1],
       [ 0,  1,  9,  0],
       [ 0,  0,  2, 13]])]"
16,"[1.0, 1.0, 1.0, 1.0, 1.0, 1.0, 1.0, 1.0, 1.0, 1.0]","[1.0, 1.0, 1.0, 1.0, 1.0, 1.0, 1.0, 1.0, 1.0, 1.0]","[1.0, 1.0, 1.0, 1.0, 1.0, 1.0, 1.0, 1.0, 1.0, 1.0]","[1.0, 1.0, 1.0, 1.0, 1.0, 1.0, 1.0, 1.0, 1.0, 1.0]","[1.0, 1.0, 1.0, 1.0, 1.0, 1.0, 1.0, 1.0, 1.0, 1.0]","[1.0, 1.0, 1.0, 1.0, 1.0, 1.0, 1.0, 1.0, 1.0, 1.0]","[1.0, 1.0, 1.0, 1.0, 1.0, 1.0, 1.0, 1.0, 1.0, 1.0]","[1.0, 1.0, 1.0, 1.0, 1.0, 1.0, 1.0, 1.0, 1.0, 1.0]","[1.0, 1.0, 1.0, 1.0, 1.0, 1.0, 1.0, 1.0, 1.0, 1.0]","[1.0, 1.0, 1.0, 1.0, 1.0, 1.0, 1.0, 1.0, 1.0, 1.0]","[array([[100,   0,   0,   0],
       [  0, 134,   0,   0],
       [  0,   0,  89,   0],
       [  0,   0,   0, 134]]), array([[100,   0,   0,   0],
       [  0, 134,   0,   0],
       [  0,   0,  89,   0],
       [  0,   0,   0, 134]]), array([[101,   0,   0,   0],
       [  0, 134,   0,   0],
       [  0,   0,  89,   0],
       [  0,   0,   0, 134]]), array([[101,   0,   0,   0],
       [  0, 134,   0,   0],
       [  0,   0,  89,   0],
       [  0,   0,   0, 134]]), array([[101,   0,   0,   0],
       [  0, 135,   0,   0],
       [  0,   0,  89,   0],
       [  0,   0,   0, 135]]), array([[101,   0,   0,   0],
       [  0, 134,   0,   0],
       [  0,   0,  90,   0],
       [  0,   0,   0, 134]]), array([[101,   0,   0,   0],
       [  0, 134,   0,   0],
       [  0,   0,  89,   0],
       [  0,   0,   0, 134]]), array([[101,   0,   0,   0],
       [  0, 134,   0,   0],
       [  0,   0,  89,   0],
       [  0,   0,   0, 134]]), array([[101,   0,   0,   0],
       [  0, 134,   0,   0],
       [  0,   0,  89,   0],
       [  0,   0,   0, 134]]), array([[101,   0,   0,   0],
       [  0, 134,   0,   0],
       [  0,   0,  89,   0],
       [  0,   0,   0, 134]])]","[0.782608695652174, 0.8043478260869565, 0.8043478260869565, 0.782608695652174, 0.6888888888888889, 0.8, 0.6222222222222222, 0.8, 0.7777777777777778, 0.8888888888888888]","[0.782608695652174, 0.8043478260869565, 0.8043478260869565, 0.782608695652174, 0.6888888888888889, 0.8, 0.6222222222222222, 0.8, 0.7777777777777778, 0.8888888888888888]","[0.782608695652174, 0.8043478260869565, 0.8043478260869565, 0.782608695652174, 0.6888888888888889, 0.8, 0.6222222222222222, 0.8, 0.7777777777777778, 0.8888888888888888]","[0.782608695652174, 0.8043478260869565, 0.8043478260869565, 0.782608695652174, 0.6888888888888889, 0.8, 0.6222222222222222, 0.8, 0.7777777777777778, 0.8888888888888888]","[0.7966269841269842, 0.8250000000000001, 0.8373015873015873, 0.7770833333333333, 0.7162660256410256, 0.8107638888888888, 0.6540178571428572, 0.805239898989899, 0.7725694444444444, 0.8864989177489178]","[0.7930555555555555, 0.8013888888888888, 0.7924242424242425, 0.7696969696969698, 0.6922077922077923, 0.7929292929292929, 0.6159090909090909, 0.7795454545454545, 0.7628787878787878, 0.8883838383838384]","[0.7928573591991883, 0.8059922533606745, 0.7913695781342841, 0.7677920975459176, 0.68032093179152, 0.797377954114197, 0.6078541374474054, 0.7875816993464053, 0.7660107078189659, 0.8845657385211138]","[0.7945134575569359, 0.8219806763285024, 0.8343685300207039, 0.7871376811594203, 0.7235754985754986, 0.8112654320987654, 0.6659920634920635, 0.8037037037037037, 0.7770061728395062, 0.891931216931217]","[0.782608695652174, 0.8043478260869565, 0.8043478260869565, 0.782608695652174, 0.6888888888888889, 0.8, 0.6222222222222222, 0.8, 0.7777777777777778, 0.8888888888888888]","[0.7866679308567062, 0.8054622722814943, 0.7972822857733344, 0.7795519974231128, 0.6836452339720314, 0.8014474919977765, 0.6186847436496805, 0.7968442595893576, 0.7757934009459202, 0.8877988813080091]","[array([[11,  1,  0,  0],
       [ 0,  8,  0,  1],
       [ 0,  0,  7,  3],
       [ 0,  0,  5, 10]]), array([[ 9,  2,  0,  1],
       [ 0,  8,  0,  1],
       [ 0,  0,  7,  3],
       [ 0,  0,  2, 13]]), array([[ 7,  4,  0,  0],
       [ 0, 10,  0,  0],
       [ 0,  0,  6,  4],
       [ 0,  0,  1, 14]]), array([[ 6,  4,  1,  0],
       [ 2,  7,  0,  1],
       [ 0,  0,  9,  1],
       [ 0,  1,  0, 14]]), array([[ 5,  6,  0,  0],
       [ 1,  9,  0,  0],
       [ 0,  0,  7,  3],
       [ 0,  1,  3, 10]]), array([[ 8,  3,  0,  0],
       [ 1,  8,  0,  1],
       [ 0,  0,  7,  2],
       [ 0,  1,  1, 13]]), array([[ 4,  6,  1,  0],
       [ 1,  6,  0,  2],
       [ 0,  0,  7,  3],
       [ 0,  2,  2, 11]]), array([[ 9,  2,  0,  0],
       [ 2,  6,  0,  1],
       [ 0,  0,  7,  3],
       [ 0,  0,  1, 14]]), array([[ 9,  2,  0,  0],
       [ 3,  6,  0,  0],
       [ 0,  0,  7,  3],
       [ 0,  0,  2, 13]]), array([[10,  1,  0,  0],
       [ 1,  7,  0,  1],
       [ 0,  0, 10,  0],
       [ 0,  0,  2, 13]])]"
17,"[1.0, 1.0, 1.0, 1.0, 1.0, 1.0, 1.0, 1.0, 1.0, 1.0]","[1.0, 1.0, 1.0, 1.0, 1.0, 1.0, 1.0, 1.0, 1.0, 1.0]","[1.0, 1.0, 1.0, 1.0, 1.0, 1.0, 1.0, 1.0, 1.0, 1.0]","[1.0, 1.0, 1.0, 1.0, 1.0, 1.0, 1.0, 1.0, 1.0, 1.0]","[1.0, 1.0, 1.0, 1.0, 1.0, 1.0, 1.0, 1.0, 1.0, 1.0]","[1.0, 1.0, 1.0, 1.0, 1.0, 1.0, 1.0, 1.0, 1.0, 1.0]","[1.0, 1.0, 1.0, 1.0, 1.0, 1.0, 1.0, 1.0, 1.0, 1.0]","[1.0, 1.0, 1.0, 1.0, 1.0, 1.0, 1.0, 1.0, 1.0, 1.0]","[1.0, 1.0, 1.0, 1.0, 1.0, 1.0, 1.0, 1.0, 1.0, 1.0]","[1.0, 1.0, 1.0, 1.0, 1.0, 1.0, 1.0, 1.0, 1.0, 1.0]","[array([[100,   0,   0,   0],
       [  0, 134,   0,   0],
       [  0,   0,  89,   0],
       [  0,   0,   0, 134]]), array([[100,   0,   0,   0],
       [  0, 134,   0,   0],
       [  0,   0,  89,   0],
       [  0,   0,   0, 134]]), array([[101,   0,   0,   0],
       [  0, 134,   0,   0],
       [  0,   0,  89,   0],
       [  0,   0,   0, 134]]), array([[101,   0,   0,   0],
       [  0, 134,   0,   0],
       [  0,   0,  89,   0],
       [  0,   0,   0, 134]]), array([[101,   0,   0,   0],
       [  0, 135,   0,   0],
       [  0,   0,  89,   0],
       [  0,   0,   0, 135]]), array([[101,   0,   0,   0],
       [  0, 134,   0,   0],
       [  0,   0,  90,   0],
       [  0,   0,   0, 134]]), array([[101,   0,   0,   0],
       [  0, 134,   0,   0],
       [  0,   0,  89,   0],
       [  0,   0,   0, 134]]), array([[101,   0,   0,   0],
       [  0, 134,   0,   0],
       [  0,   0,  89,   0],
       [  0,   0,   0, 134]]), array([[101,   0,   0,   0],
       [  0, 134,   0,   0],
       [  0,   0,  89,   0],
       [  0,   0,   0, 134]]), array([[101,   0,   0,   0],
       [  0, 134,   0,   0],
       [  0,   0,  89,   0],
       [  0,   0,   0, 134]])]","[0.7608695652173914, 0.7608695652173914, 0.7391304347826086, 0.782608695652174, 0.7555555555555555, 0.8444444444444444, 0.7111111111111111, 0.8, 0.7777777777777778, 0.8888888888888888]","[0.7608695652173914, 0.7608695652173914, 0.7391304347826086, 0.782608695652174, 0.7555555555555555, 0.8444444444444444, 0.7111111111111111, 0.8, 0.7777777777777778, 0.8888888888888888]","[0.7608695652173914, 0.7608695652173914, 0.7391304347826086, 0.782608695652174, 0.7555555555555555, 0.8444444444444444, 0.7111111111111111, 0.8, 0.7777777777777778, 0.8888888888888888]","[0.7608695652173914, 0.7608695652173914, 0.7391304347826086, 0.782608695652174, 0.7555555555555555, 0.8444444444444444, 0.7111111111111111, 0.8, 0.7777777777777778, 0.8888888888888888]","[0.7799145299145298, 0.7708333333333333, 0.7712128879892037, 0.7770833333333333, 0.7626068376068376, 0.859375, 0.7199675324675325, 0.805239898989899, 0.7725694444444444, 0.9022727272727273]","[0.7763888888888889, 0.7638888888888888, 0.7257575757575757, 0.7696969696969698, 0.7603896103896104, 0.8406565656565657, 0.7030303030303029, 0.7795454545454545, 0.7628787878787878, 0.8883838383838384]","[0.7742408557625949, 0.7587112943649446, 0.7272891708170682, 0.7677920975459176, 0.7558373590982286, 0.8451052268414698, 0.7006912442396314, 0.7875816993464053, 0.7660107078189659, 0.8899621212121213]","[0.7775919732441471, 0.7759661835748792, 0.7640123511118935, 0.7871376811594203, 0.7660018993352326, 0.8569444444444444, 0.7302308802308802, 0.8037037037037037, 0.7770061728395062, 0.8962962962962964]","[0.7608695652173914, 0.7608695652173914, 0.7391304347826086, 0.782608695652174, 0.7555555555555555, 0.8444444444444444, 0.7111111111111111, 0.8, 0.7777777777777778, 0.8888888888888888]","[0.7653929246556848, 0.760463571270392, 0.7315638771676215, 0.7795519974231128, 0.7554768294864914, 0.8460939566442414, 0.7103396484041645, 0.7968442595893576, 0.7757934009459202, 0.8881313131313132]","[array([[11,  1,  0,  0],
       [ 0,  8,  0,  1],
       [ 0,  0,  7,  3],
       [ 0,  0,  6,  9]]), array([[ 8,  3,  0,  1],
       [ 1,  8,  0,  0],
       [ 0,  0,  7,  3],
       [ 0,  1,  2, 12]]), array([[ 7,  4,  0,  0],
       [ 0,  9,  0,  1],
       [ 0,  0,  5,  5],
       [ 1,  0,  1, 13]]), array([[ 6,  4,  1,  0],
       [ 2,  7,  0,  1],
       [ 0,  0,  9,  1],
       [ 0,  1,  0, 14]]), array([[ 8,  3,  0,  0],
       [ 1,  9,  0,  0],
       [ 0,  0,  7,  3],
       [ 0,  1,  3, 10]]), array([[ 9,  2,  0,  0],
       [ 0,  9,  0,  1],
       [ 0,  0,  7,  2],
       [ 0,  1,  1, 13]]), array([[ 6,  4,  1,  0],
       [ 1,  6,  0,  2],
       [ 0,  0,  8,  2],
       [ 0,  1,  2, 12]]), array([[ 9,  2,  0,  0],
       [ 2,  6,  0,  1],
       [ 0,  0,  7,  3],
       [ 0,  0,  1, 14]]), array([[ 9,  2,  0,  0],
       [ 3,  6,  0,  0],
       [ 0,  0,  7,  3],
       [ 0,  0,  2, 13]]), array([[10,  0,  0,  1],
       [ 1,  7,  0,  1],
       [ 0,  0, 10,  0],
       [ 0,  0,  2, 13]])]"
18,"[1.0, 1.0, 1.0, 1.0, 1.0, 1.0, 1.0, 1.0, 1.0, 1.0]","[1.0, 1.0, 1.0, 1.0, 1.0, 1.0, 1.0, 1.0, 1.0, 1.0]","[1.0, 1.0, 1.0, 1.0, 1.0, 1.0, 1.0, 1.0, 1.0, 1.0]","[1.0, 1.0, 1.0, 1.0, 1.0, 1.0, 1.0, 1.0, 1.0, 1.0]","[1.0, 1.0, 1.0, 1.0, 1.0, 1.0, 1.0, 1.0, 1.0, 1.0]","[1.0, 1.0, 1.0, 1.0, 1.0, 1.0, 1.0, 1.0, 1.0, 1.0]","[1.0, 1.0, 1.0, 1.0, 1.0, 1.0, 1.0, 1.0, 1.0, 1.0]","[1.0, 1.0, 1.0, 1.0, 1.0, 1.0, 1.0, 1.0, 1.0, 1.0]","[1.0, 1.0, 1.0, 1.0, 1.0, 1.0, 1.0, 1.0, 1.0, 1.0]","[1.0, 1.0, 1.0, 1.0, 1.0, 1.0, 1.0, 1.0, 1.0, 1.0]","[array([[100,   0,   0,   0],
       [  0, 134,   0,   0],
       [  0,   0,  89,   0],
       [  0,   0,   0, 134]]), array([[100,   0,   0,   0],
       [  0, 134,   0,   0],
       [  0,   0,  89,   0],
       [  0,   0,   0, 134]]), array([[101,   0,   0,   0],
       [  0, 134,   0,   0],
       [  0,   0,  89,   0],
       [  0,   0,   0, 134]]), array([[101,   0,   0,   0],
       [  0, 134,   0,   0],
       [  0,   0,  89,   0],
       [  0,   0,   0, 134]]), array([[101,   0,   0,   0],
       [  0, 135,   0,   0],
       [  0,   0,  89,   0],
       [  0,   0,   0, 135]]), array([[101,   0,   0,   0],
       [  0, 134,   0,   0],
       [  0,   0,  90,   0],
       [  0,   0,   0, 134]]), array([[101,   0,   0,   0],
       [  0, 134,   0,   0],
       [  0,   0,  89,   0],
       [  0,   0,   0, 134]]), array([[101,   0,   0,   0],
       [  0, 134,   0,   0],
       [  0,   0,  89,   0],
       [  0,   0,   0, 134]]), array([[101,   0,   0,   0],
       [  0, 134,   0,   0],
       [  0,   0,  89,   0],
       [  0,   0,   0, 134]]), array([[101,   0,   0,   0],
       [  0, 134,   0,   0],
       [  0,   0,  89,   0],
       [  0,   0,   0, 134]])]","[0.7608695652173914, 0.782608695652174, 0.6956521739130435, 0.7391304347826086, 0.7777777777777778, 0.8222222222222222, 0.7111111111111111, 0.7777777777777778, 0.7777777777777778, 0.8444444444444444]","[0.7608695652173914, 0.782608695652174, 0.6956521739130435, 0.7391304347826086, 0.7777777777777778, 0.8222222222222222, 0.7111111111111111, 0.7777777777777778, 0.7777777777777778, 0.8444444444444444]","[0.7608695652173914, 0.782608695652174, 0.6956521739130435, 0.7391304347826086, 0.7777777777777778, 0.8222222222222222, 0.7111111111111111, 0.7777777777777778, 0.7777777777777778, 0.8444444444444444]","[0.7608695652173914, 0.782608695652174, 0.6956521739130435, 0.7391304347826086, 0.7777777777777778, 0.8222222222222222, 0.7111111111111111, 0.7777777777777778, 0.7777777777777778, 0.8444444444444444]","[0.7744047619047619, 0.7887626262626263, 0.7211134453781513, 0.7391562685680333, 0.7811507936507935, 0.8299107142857143, 0.7473039215686275, 0.7798611111111111, 0.7725694444444444, 0.8514204545454546]","[0.7722222222222223, 0.7847222222222221, 0.6863636363636363, 0.7257575757575757, 0.7782467532467532, 0.8128787878787879, 0.7058080808080807, 0.7568181818181818, 0.7628787878787878, 0.8406565656565657]","[0.7693037452565583, 0.7823043679580182, 0.6885319917440661, 0.7290021929824562, 0.775974025974026, 0.8160085881860075, 0.7056372549019607, 0.7637085137085137, 0.7660107078189659, 0.8441312008674438]","[0.7771221532091097, 0.7907224418093984, 0.7200858604311289, 0.7427729985274741, 0.7839506172839507, 0.8289285714285715, 0.7519607843137256, 0.7825925925925926, 0.7770061728395062, 0.847651515151515]","[0.7608695652173914, 0.782608695652174, 0.6956521739130435, 0.7391304347826086, 0.7777777777777778, 0.8222222222222222, 0.7111111111111111, 0.7777777777777778, 0.7777777777777778, 0.8444444444444444]","[0.7651413527685919, 0.7825979586221707, 0.6939751873289361, 0.7374475591151792, 0.7773737373737374, 0.8209118838151097, 0.711437908496732, 0.7752445085778419, 0.7757934009459202, 0.8442757748260596]","[array([[10,  2,  0,  0],
       [ 0,  8,  0,  1],
       [ 0,  0,  7,  3],
       [ 0,  0,  5, 10]]), array([[ 9,  2,  0,  1],
       [ 1,  8,  0,  0],
       [ 0,  0,  7,  3],
       [ 0,  1,  2, 12]]), array([[ 6,  5,  0,  0],
       [ 1,  8,  0,  1],
       [ 0,  0,  6,  4],
       [ 1,  1,  1, 12]]), array([[ 7,  3,  1,  0],
       [ 2,  7,  0,  1],
       [ 0,  0,  7,  3],
       [ 0,  1,  1, 13]]), array([[ 8,  3,  0,  0],
       [ 1,  9,  0,  0],
       [ 0,  0,  7,  3],
       [ 0,  0,  3, 11]]), array([[ 9,  2,  0,  0],
       [ 1,  9,  0,  0],
       [ 0,  0,  6,  3],
       [ 0,  1,  1, 13]]), array([[ 6,  4,  1,  0],
       [ 0,  7,  0,  2],
       [ 0,  0,  7,  3],
       [ 0,  1,  2, 12]]), array([[ 8,  3,  0,  0],
       [ 2,  6,  0,  1],
       [ 0,  0,  7,  3],
       [ 0,  0,  1, 14]]), array([[ 9,  2,  0,  0],
       [ 3,  6,  0,  0],
       [ 0,  0,  7,  3],
       [ 0,  0,  2, 13]]), array([[ 9,  1,  0,  1],
       [ 1,  7,  0,  1],
       [ 0,  0,  9,  1],
       [ 0,  0,  2, 13]])]"
19,"[1.0, 1.0, 1.0, 1.0, 1.0, 1.0, 1.0, 1.0, 1.0, 1.0]","[1.0, 1.0, 1.0, 1.0, 1.0, 1.0, 1.0, 1.0, 1.0, 1.0]","[1.0, 1.0, 1.0, 1.0, 1.0, 1.0, 1.0, 1.0, 1.0, 1.0]","[1.0, 1.0, 1.0, 1.0, 1.0, 1.0, 1.0, 1.0, 1.0, 1.0]","[1.0, 1.0, 1.0, 1.0, 1.0, 1.0, 1.0, 1.0, 1.0, 1.0]","[1.0, 1.0, 1.0, 1.0, 1.0, 1.0, 1.0, 1.0, 1.0, 1.0]","[1.0, 1.0, 1.0, 1.0, 1.0, 1.0, 1.0, 1.0, 1.0, 1.0]","[1.0, 1.0, 1.0, 1.0, 1.0, 1.0, 1.0, 1.0, 1.0, 1.0]","[1.0, 1.0, 1.0, 1.0, 1.0, 1.0, 1.0, 1.0, 1.0, 1.0]","[1.0, 1.0, 1.0, 1.0, 1.0, 1.0, 1.0, 1.0, 1.0, 1.0]","[array([[100,   0,   0,   0],
       [  0, 134,   0,   0],
       [  0,   0,  89,   0],
       [  0,   0,   0, 134]]), array([[100,   0,   0,   0],
       [  0, 134,   0,   0],
       [  0,   0,  89,   0],
       [  0,   0,   0, 134]]), array([[101,   0,   0,   0],
       [  0, 134,   0,   0],
       [  0,   0,  89,   0],
       [  0,   0,   0, 134]]), array([[101,   0,   0,   0],
       [  0, 134,   0,   0],
       [  0,   0,  89,   0],
       [  0,   0,   0, 134]]), array([[101,   0,   0,   0],
       [  0, 135,   0,   0],
       [  0,   0,  89,   0],
       [  0,   0,   0, 135]]), array([[101,   0,   0,   0],
       [  0, 134,   0,   0],
       [  0,   0,  90,   0],
       [  0,   0,   0, 134]]), array([[101,   0,   0,   0],
       [  0, 134,   0,   0],
       [  0,   0,  89,   0],
       [  0,   0,   0, 134]]), array([[101,   0,   0,   0],
       [  0, 134,   0,   0],
       [  0,   0,  89,   0],
       [  0,   0,   0, 134]]), array([[101,   0,   0,   0],
       [  0, 134,   0,   0],
       [  0,   0,  89,   0],
       [  0,   0,   0, 134]]), array([[101,   0,   0,   0],
       [  0, 134,   0,   0],
       [  0,   0,  89,   0],
       [  0,   0,   0, 134]])]","[0.7391304347826086, 0.8043478260869565, 0.6956521739130435, 0.7391304347826086, 0.7777777777777778, 0.8888888888888888, 0.6888888888888889, 0.8444444444444444, 0.7555555555555555, 0.8444444444444444]","[0.7391304347826086, 0.8043478260869565, 0.6956521739130435, 0.7391304347826086, 0.7777777777777778, 0.8888888888888888, 0.6888888888888889, 0.8444444444444444, 0.7555555555555555, 0.8444444444444444]","[0.7391304347826086, 0.8043478260869565, 0.6956521739130435, 0.7391304347826086, 0.7777777777777778, 0.8888888888888888, 0.6888888888888889, 0.8444444444444444, 0.7555555555555555, 0.8444444444444444]","[0.7391304347826086, 0.8043478260869565, 0.6956521739130435, 0.7391304347826086, 0.7777777777777778, 0.8888888888888888, 0.6888888888888889, 0.8444444444444444, 0.7555555555555555, 0.8444444444444444]","[0.7621753246753247, 0.8167446524064171, 0.737719298245614, 0.7465277777777778, 0.7811507936507935, 0.8955176767676768, 0.7314903846153846, 0.847549019607843, 0.7460542929292929, 0.8416666666666667]","[0.7597222222222223, 0.8013888888888888, 0.6803030303030303, 0.7196969696969697, 0.7782467532467532, 0.8851010101010102, 0.689141414141414, 0.8323232323232324, 0.7401515151515151, 0.842929292929293]","[0.7476190476190475, 0.802114898989899, 0.674485294117647, 0.723551302498671, 0.775974025974026, 0.8873143881208397, 0.6879808521649129, 0.8380064745196324, 0.7423727941554767, 0.8383838383838385]","[0.7719508752117449, 0.8166531039293187, 0.7339816933638444, 0.75, 0.7839506172839507, 0.8957070707070707, 0.7368589743589744, 0.8475962236746549, 0.754783950617284, 0.8469135802469137]","[0.7391304347826086, 0.8043478260869565, 0.6956521739130435, 0.7391304347826086, 0.7777777777777778, 0.8888888888888888, 0.6888888888888889, 0.8444444444444444, 0.7555555555555555, 0.8444444444444444]","[0.7424430641821946, 0.8039882520860783, 0.6824168797953964, 0.7351316367334675, 0.7773737373737374, 0.8893292370711726, 0.6919364422210723, 0.8438805346700083, 0.7544236936427089, 0.842020202020202]","[array([[9, 3, 0, 0],
       [0, 8, 0, 1],
       [0, 0, 8, 2],
       [0, 0, 6, 9]]), array([[ 9,  2,  0,  1],
       [ 1,  8,  0,  0],
       [ 0,  0,  7,  3],
       [ 0,  1,  1, 13]]), array([[ 5,  6,  0,  0],
       [ 0,  9,  0,  1],
       [ 0,  0,  5,  5],
       [ 1,  0,  1, 13]]), array([[ 6,  4,  1,  0],
       [ 2,  7,  0,  1],
       [ 0,  0,  7,  3],
       [ 0,  1,  0, 14]]), array([[ 8,  3,  0,  0],
       [ 1,  9,  0,  0],
       [ 0,  0,  7,  3],
       [ 0,  0,  3, 11]]), array([[ 9,  2,  0,  0],
       [ 0,  9,  0,  1],
       [ 0,  0,  8,  1],
       [ 0,  0,  1, 14]]), array([[ 6,  4,  1,  0],
       [ 0,  7,  0,  2],
       [ 0,  0,  7,  3],
       [ 0,  2,  2, 11]]), array([[ 9,  2,  0,  0],
       [ 1,  7,  0,  1],
       [ 0,  0,  8,  2],
       [ 0,  0,  1, 14]]), array([[ 8,  3,  0,  0],
       [ 3,  6,  0,  0],
       [ 0,  0,  7,  3],
       [ 0,  0,  2, 13]]), array([[ 8,  2,  0,  1],
       [ 1,  7,  0,  1],
       [ 0,  0, 10,  0],
       [ 0,  0,  2, 13]])]"
20,"[1.0, 1.0, 1.0, 1.0, 1.0, 1.0, 1.0, 1.0, 1.0, 1.0]","[1.0, 1.0, 1.0, 1.0, 1.0, 1.0, 1.0, 1.0, 1.0, 1.0]","[1.0, 1.0, 1.0, 1.0, 1.0, 1.0, 1.0, 1.0, 1.0, 1.0]","[1.0, 1.0, 1.0, 1.0, 1.0, 1.0, 1.0, 1.0, 1.0, 1.0]","[1.0, 1.0, 1.0, 1.0, 1.0, 1.0, 1.0, 1.0, 1.0, 1.0]","[1.0, 1.0, 1.0, 1.0, 1.0, 1.0, 1.0, 1.0, 1.0, 1.0]","[1.0, 1.0, 1.0, 1.0, 1.0, 1.0, 1.0, 1.0, 1.0, 1.0]","[1.0, 1.0, 1.0, 1.0, 1.0, 1.0, 1.0, 1.0, 1.0, 1.0]","[1.0, 1.0, 1.0, 1.0, 1.0, 1.0, 1.0, 1.0, 1.0, 1.0]","[1.0, 1.0, 1.0, 1.0, 1.0, 1.0, 1.0, 1.0, 1.0, 1.0]","[array([[100,   0,   0,   0],
       [  0, 134,   0,   0],
       [  0,   0,  89,   0],
       [  0,   0,   0, 134]]), array([[100,   0,   0,   0],
       [  0, 134,   0,   0],
       [  0,   0,  89,   0],
       [  0,   0,   0, 134]]), array([[101,   0,   0,   0],
       [  0, 134,   0,   0],
       [  0,   0,  89,   0],
       [  0,   0,   0, 134]]), array([[101,   0,   0,   0],
       [  0, 134,   0,   0],
       [  0,   0,  89,   0],
       [  0,   0,   0, 134]]), array([[101,   0,   0,   0],
       [  0, 135,   0,   0],
       [  0,   0,  89,   0],
       [  0,   0,   0, 135]]), array([[101,   0,   0,   0],
       [  0, 134,   0,   0],
       [  0,   0,  90,   0],
       [  0,   0,   0, 134]]), array([[101,   0,   0,   0],
       [  0, 134,   0,   0],
       [  0,   0,  89,   0],
       [  0,   0,   0, 134]]), array([[101,   0,   0,   0],
       [  0, 134,   0,   0],
       [  0,   0,  89,   0],
       [  0,   0,   0, 134]]), array([[101,   0,   0,   0],
       [  0, 134,   0,   0],
       [  0,   0,  89,   0],
       [  0,   0,   0, 134]]), array([[101,   0,   0,   0],
       [  0, 134,   0,   0],
       [  0,   0,  89,   0],
       [  0,   0,   0, 134]])]","[0.717391304347826, 0.8043478260869565, 0.6956521739130435, 0.782608695652174, 0.7777777777777778, 0.8222222222222222, 0.6666666666666666, 0.7777777777777778, 0.7777777777777778, 0.8222222222222222]","[0.717391304347826, 0.8043478260869565, 0.6956521739130435, 0.782608695652174, 0.7777777777777778, 0.8222222222222222, 0.6666666666666666, 0.7777777777777778, 0.7777777777777778, 0.8222222222222222]","[0.717391304347826, 0.8043478260869565, 0.6956521739130435, 0.782608695652174, 0.7777777777777778, 0.8222222222222222, 0.6666666666666666, 0.7777777777777778, 0.7777777777777778, 0.8222222222222222]","[0.717391304347826, 0.8043478260869565, 0.6956521739130435, 0.782608695652174, 0.7777777777777778, 0.8222222222222222, 0.6666666666666666, 0.7777777777777778, 0.7777777777777778, 0.8222222222222222]","[0.7410714285714286, 0.8231209150326797, 0.7223039215686275, 0.7816399286987521, 0.7811507936507935, 0.8307158119658119, 0.6861607142857142, 0.7798611111111111, 0.7725694444444444, 0.8243371212121212]","[0.7305555555555555, 0.8083333333333332, 0.6863636363636363, 0.7674242424242426, 0.7782467532467532, 0.817929292929293, 0.6613636363636363, 0.7568181818181818, 0.767929292929293, 0.817929292929293]","[0.7219808926705479, 0.8016212406015037, 0.6816447368421052, 0.7709429824561403, 0.775974025974026, 0.8182011935208867, 0.6619431643625192, 0.7637085137085137, 0.7685746624626082, 0.8184075780849975]","[0.7510351966873706, 0.8260514350667804, 0.7211210571184996, 0.7861091735772042, 0.7839506172839507, 0.8350189933523267, 0.6942460317460318, 0.7825925925925926, 0.7792283950617285, 0.8254910213243546]","[0.717391304347826, 0.8043478260869565, 0.6956521739130435, 0.782608695652174, 0.7777777777777778, 0.8222222222222222, 0.6666666666666666, 0.7777777777777778, 0.7777777777777778, 0.8222222222222222]","[0.7209914523257852, 0.8015262340634194, 0.6879862700228833, 0.7807112890922959, 0.7773737373737374, 0.8230633702756466, 0.6693633725891791, 0.7752445085778419, 0.7769243898276156, 0.82115719406042]","[array([[ 8,  4,  0,  0],
       [ 0,  8,  0,  1],
       [ 0,  0,  7,  3],
       [ 0,  0,  5, 10]]), array([[ 8,  3,  0,  1],
       [ 0,  9,  0,  0],
       [ 0,  0,  7,  3],
       [ 0,  0,  2, 13]]), array([[ 6,  5,  0,  0],
       [ 1,  9,  0,  0],
       [ 0,  0,  5,  5],
       [ 1,  1,  1, 12]]), array([[ 7,  3,  1,  0],
       [ 2,  7,  0,  1],
       [ 0,  0,  8,  2],
       [ 0,  1,  0, 14]]), array([[ 8,  3,  0,  0],
       [ 1,  9,  0,  0],
       [ 0,  0,  7,  3],
       [ 0,  0,  3, 11]]), array([[ 8,  3,  0,  0],
       [ 1,  9,  0,  0],
       [ 0,  0,  7,  2],
       [ 0,  1,  1, 13]]), array([[ 6,  4,  1,  0],
       [ 1,  6,  0,  2],
       [ 0,  0,  7,  3],
       [ 0,  2,  2, 11]]), array([[ 8,  3,  0,  0],
       [ 2,  6,  0,  1],
       [ 0,  0,  7,  3],
       [ 0,  0,  1, 14]]), array([[ 8,  3,  0,  0],
       [ 2,  7,  0,  0],
       [ 0,  0,  7,  3],
       [ 0,  0,  2, 13]]), array([[ 8,  2,  0,  1],
       [ 1,  7,  0,  1],
       [ 0,  0,  9,  1],
       [ 0,  0,  2, 13]])]"
21,"[1.0, 1.0, 1.0, 1.0, 1.0, 1.0, 1.0, 1.0, 1.0, 1.0]","[1.0, 1.0, 1.0, 1.0, 1.0, 1.0, 1.0, 1.0, 1.0, 1.0]","[1.0, 1.0, 1.0, 1.0, 1.0, 1.0, 1.0, 1.0, 1.0, 1.0]","[1.0, 1.0, 1.0, 1.0, 1.0, 1.0, 1.0, 1.0, 1.0, 1.0]","[1.0, 1.0, 1.0, 1.0, 1.0, 1.0, 1.0, 1.0, 1.0, 1.0]","[1.0, 1.0, 1.0, 1.0, 1.0, 1.0, 1.0, 1.0, 1.0, 1.0]","[1.0, 1.0, 1.0, 1.0, 1.0, 1.0, 1.0, 1.0, 1.0, 1.0]","[1.0, 1.0, 1.0, 1.0, 1.0, 1.0, 1.0, 1.0, 1.0, 1.0]","[1.0, 1.0, 1.0, 1.0, 1.0, 1.0, 1.0, 1.0, 1.0, 1.0]","[1.0, 1.0, 1.0, 1.0, 1.0, 1.0, 1.0, 1.0, 1.0, 1.0]","[array([[100,   0,   0,   0],
       [  0, 134,   0,   0],
       [  0,   0,  89,   0],
       [  0,   0,   0, 134]]), array([[100,   0,   0,   0],
       [  0, 134,   0,   0],
       [  0,   0,  89,   0],
       [  0,   0,   0, 134]]), array([[101,   0,   0,   0],
       [  0, 134,   0,   0],
       [  0,   0,  89,   0],
       [  0,   0,   0, 134]]), array([[101,   0,   0,   0],
       [  0, 134,   0,   0],
       [  0,   0,  89,   0],
       [  0,   0,   0, 134]]), array([[101,   0,   0,   0],
       [  0, 135,   0,   0],
       [  0,   0,  89,   0],
       [  0,   0,   0, 135]]), array([[101,   0,   0,   0],
       [  0, 134,   0,   0],
       [  0,   0,  90,   0],
       [  0,   0,   0, 134]]), array([[101,   0,   0,   0],
       [  0, 134,   0,   0],
       [  0,   0,  89,   0],
       [  0,   0,   0, 134]]), array([[101,   0,   0,   0],
       [  0, 134,   0,   0],
       [  0,   0,  89,   0],
       [  0,   0,   0, 134]]), array([[101,   0,   0,   0],
       [  0, 134,   0,   0],
       [  0,   0,  89,   0],
       [  0,   0,   0, 134]]), array([[101,   0,   0,   0],
       [  0, 134,   0,   0],
       [  0,   0,  89,   0],
       [  0,   0,   0, 134]])]","[0.7391304347826086, 0.782608695652174, 0.717391304347826, 0.7608695652173914, 0.7777777777777778, 0.8666666666666667, 0.7111111111111111, 0.7777777777777778, 0.7333333333333333, 0.8666666666666667]","[0.7391304347826086, 0.782608695652174, 0.717391304347826, 0.7608695652173914, 0.7777777777777778, 0.8666666666666667, 0.7111111111111111, 0.7777777777777778, 0.7333333333333333, 0.8666666666666667]","[0.7391304347826086, 0.782608695652174, 0.717391304347826, 0.7608695652173914, 0.7777777777777778, 0.8666666666666667, 0.7111111111111111, 0.7777777777777778, 0.7333333333333333, 0.8666666666666667]","[0.7391304347826086, 0.782608695652174, 0.717391304347826, 0.7608695652173914, 0.7777777777777778, 0.8666666666666667, 0.7111111111111111, 0.7777777777777778, 0.7333333333333333, 0.8666666666666667]","[0.7562229437229437, 0.820640756302521, 0.7531746031746032, 0.7586805555555556, 0.7811507936507935, 0.86010101010101, 0.7256493506493507, 0.7697916666666667, 0.7234848484848484, 0.86875]","[0.7513888888888888, 0.7875, 0.7053030303030303, 0.7484848484848484, 0.7782467532467532, 0.86010101010101, 0.6946969696969696, 0.7651515151515152, 0.7234848484848484, 0.8656565656565657]","[0.7457904164800716, 0.7774321446732774, 0.7004991087344028, 0.7520115154646785, 0.775974025974026, 0.86010101010101, 0.697846889952153, 0.7668202764976959, 0.7234848484848484, 0.8641074611662847]","[0.7628929041972521, 0.8262239678480087, 0.751552795031056, 0.7625301932367149, 0.7839506172839507, 0.8666666666666667, 0.7321949655282989, 0.7775, 0.7333333333333333, 0.8690740740740741]","[0.7391304347826086, 0.782608695652174, 0.717391304347826, 0.7608695652173914, 0.7777777777777778, 0.8666666666666667, 0.7111111111111111, 0.7777777777777778, 0.7333333333333333, 0.8666666666666667]","[0.7433517007729901, 0.7793665500392443, 0.7075563822366892, 0.760210025643412, 0.7773737373737374, 0.8666666666666667, 0.7093319156477051, 0.7769243898276156, 0.7333333333333333, 0.8651387827858416]","[array([[ 9,  3,  0,  0],
       [ 0,  8,  0,  1],
       [ 0,  0,  7,  3],
       [ 0,  0,  5, 10]]), array([[ 7,  4,  0,  1],
       [ 0,  9,  0,  0],
       [ 0,  0,  7,  3],
       [ 0,  1,  1, 13]]), array([[ 5,  6,  0,  0],
       [ 0,  9,  0,  1],
       [ 0,  0,  6,  4],
       [ 1,  0,  1, 13]]), array([[ 8,  2,  1,  0],
       [ 3,  6,  0,  1],
       [ 0,  0,  8,  2],
       [ 1,  1,  0, 13]]), array([[ 8,  3,  0,  0],
       [ 1,  9,  0,  0],
       [ 0,  0,  7,  3],
       [ 0,  0,  3, 11]]), array([[ 9,  2,  0,  0],
       [ 2,  8,  0,  0],
       [ 0,  0,  8,  1],
       [ 0,  0,  1, 14]]), array([[ 6,  4,  1,  0],
       [ 1,  6,  0,  2],
       [ 0,  0,  7,  3],
       [ 0,  1,  1, 13]]), array([[ 8,  3,  0,  0],
       [ 2,  6,  0,  1],
       [ 0,  0,  8,  2],
       [ 0,  0,  2, 13]]), array([[ 8,  3,  0,  0],
       [ 3,  6,  0,  0],
       [ 0,  0,  7,  3],
       [ 0,  0,  3, 12]]), array([[ 9,  1,  0,  1],
       [ 1,  7,  0,  1],
       [ 0,  0, 10,  0],
       [ 0,  0,  2, 13]])]"
22,"[1.0, 1.0, 1.0, 1.0, 1.0, 1.0, 1.0, 1.0, 1.0, 1.0]","[1.0, 1.0, 1.0, 1.0, 1.0, 1.0, 1.0, 1.0, 1.0, 1.0]","[1.0, 1.0, 1.0, 1.0, 1.0, 1.0, 1.0, 1.0, 1.0, 1.0]","[1.0, 1.0, 1.0, 1.0, 1.0, 1.0, 1.0, 1.0, 1.0, 1.0]","[1.0, 1.0, 1.0, 1.0, 1.0, 1.0, 1.0, 1.0, 1.0, 1.0]","[1.0, 1.0, 1.0, 1.0, 1.0, 1.0, 1.0, 1.0, 1.0, 1.0]","[1.0, 1.0, 1.0, 1.0, 1.0, 1.0, 1.0, 1.0, 1.0, 1.0]","[1.0, 1.0, 1.0, 1.0, 1.0, 1.0, 1.0, 1.0, 1.0, 1.0]","[1.0, 1.0, 1.0, 1.0, 1.0, 1.0, 1.0, 1.0, 1.0, 1.0]","[1.0, 1.0, 1.0, 1.0, 1.0, 1.0, 1.0, 1.0, 1.0, 1.0]","[array([[100,   0,   0,   0],
       [  0, 134,   0,   0],
       [  0,   0,  89,   0],
       [  0,   0,   0, 134]]), array([[100,   0,   0,   0],
       [  0, 134,   0,   0],
       [  0,   0,  89,   0],
       [  0,   0,   0, 134]]), array([[101,   0,   0,   0],
       [  0, 134,   0,   0],
       [  0,   0,  89,   0],
       [  0,   0,   0, 134]]), array([[101,   0,   0,   0],
       [  0, 134,   0,   0],
       [  0,   0,  89,   0],
       [  0,   0,   0, 134]]), array([[101,   0,   0,   0],
       [  0, 135,   0,   0],
       [  0,   0,  89,   0],
       [  0,   0,   0, 135]]), array([[101,   0,   0,   0],
       [  0, 134,   0,   0],
       [  0,   0,  90,   0],
       [  0,   0,   0, 134]]), array([[101,   0,   0,   0],
       [  0, 134,   0,   0],
       [  0,   0,  89,   0],
       [  0,   0,   0, 134]]), array([[101,   0,   0,   0],
       [  0, 134,   0,   0],
       [  0,   0,  89,   0],
       [  0,   0,   0, 134]]), array([[101,   0,   0,   0],
       [  0, 134,   0,   0],
       [  0,   0,  89,   0],
       [  0,   0,   0, 134]]), array([[101,   0,   0,   0],
       [  0, 134,   0,   0],
       [  0,   0,  89,   0],
       [  0,   0,   0, 134]])]","[0.7608695652173914, 0.8260869565217391, 0.717391304347826, 0.8043478260869565, 0.7555555555555555, 0.8444444444444444, 0.7333333333333333, 0.8444444444444444, 0.7555555555555555, 0.8444444444444444]","[0.7608695652173914, 0.8260869565217391, 0.717391304347826, 0.8043478260869565, 0.7555555555555555, 0.8444444444444444, 0.7333333333333333, 0.8444444444444444, 0.7555555555555555, 0.8444444444444444]","[0.7608695652173914, 0.8260869565217391, 0.717391304347826, 0.8043478260869565, 0.7555555555555555, 0.8444444444444444, 0.7333333333333333, 0.8444444444444444, 0.7555555555555555, 0.8444444444444444]","[0.7608695652173914, 0.8260869565217391, 0.717391304347826, 0.8043478260869565, 0.7555555555555555, 0.8444444444444444, 0.7333333333333333, 0.8444444444444444, 0.7555555555555555, 0.8444444444444444]","[0.7744047619047619, 0.8321654040404041, 0.7550420168067227, 0.8007575757575758, 0.7632554945054945, 0.84375, 0.7708333333333334, 0.847549019607843, 0.75, 0.8416666666666667]","[0.7722222222222223, 0.826388888888889, 0.7113636363636364, 0.7984848484848485, 0.7555194805194805, 0.8383838383838383, 0.7224747474747474, 0.8323232323232324, 0.7462121212121211, 0.842929292929293]","[0.7693037452565583, 0.824749189689767, 0.7106372549019608, 0.7988095238095237, 0.7512912716574043, 0.8399403239556692, 0.7243174781874473, 0.8380064745196324, 0.7471227621483376, 0.8383838383838385]","[0.7771221532091097, 0.8352574659639878, 0.751918158567775, 0.807905138339921, 0.7677350427350427, 0.8453703703703704, 0.7746913580246915, 0.8475962236746549, 0.7555555555555555, 0.8469135802469137]","[0.7608695652173914, 0.8260869565217391, 0.717391304347826, 0.8043478260869565, 0.7555555555555555, 0.8444444444444444, 0.7333333333333333, 0.8444444444444444, 0.7555555555555555, 0.8444444444444444]","[0.7651413527685919, 0.8265191219793716, 0.7139599317988065, 0.805383022774327, 0.7540300025425883, 0.8439329354930377, 0.7322513056259186, 0.8438805346700083, 0.7547030406365445, 0.842020202020202]","[array([[10,  2,  0,  0],
       [ 0,  8,  0,  1],
       [ 0,  0,  7,  3],
       [ 0,  0,  5, 10]]), array([[ 9,  2,  0,  1],
       [ 1,  8,  0,  0],
       [ 0,  0,  8,  2],
       [ 0,  1,  1, 13]]), array([[ 6,  5,  0,  0],
       [ 0,  9,  0,  1],
       [ 0,  0,  6,  4],
       [ 1,  1,  1, 12]]), array([[ 8,  3,  0,  0],
       [ 2,  7,  0,  1],
       [ 0,  0,  9,  1],
       [ 0,  1,  1, 13]]), array([[ 7,  4,  0,  0],
       [ 1,  9,  0,  0],
       [ 0,  0,  7,  3],
       [ 0,  0,  3, 11]]), array([[10,  1,  0,  0],
       [ 2,  8,  0,  0],
       [ 0,  0,  7,  2],
       [ 0,  1,  1, 13]]), array([[ 6,  4,  1,  0],
       [ 0,  7,  0,  2],
       [ 0,  0,  7,  3],
       [ 0,  1,  1, 13]]), array([[ 9,  2,  0,  0],
       [ 1,  7,  0,  1],
       [ 0,  0,  8,  2],
       [ 0,  0,  1, 14]]), array([[ 9,  2,  0,  0],
       [ 3,  6,  0,  0],
       [ 0,  0,  7,  3],
       [ 0,  0,  3, 12]]), array([[ 8,  2,  0,  1],
       [ 1,  7,  0,  1],
       [ 0,  0, 10,  0],
       [ 0,  0,  2, 13]])]"
23,"[1.0, 1.0, 1.0, 1.0, 1.0, 1.0, 1.0, 1.0, 1.0, 1.0]","[1.0, 1.0, 1.0, 1.0, 1.0, 1.0, 1.0, 1.0, 1.0, 1.0]","[1.0, 1.0, 1.0, 1.0, 1.0, 1.0, 1.0, 1.0, 1.0, 1.0]","[1.0, 1.0, 1.0, 1.0, 1.0, 1.0, 1.0, 1.0, 1.0, 1.0]","[1.0, 1.0, 1.0, 1.0, 1.0, 1.0, 1.0, 1.0, 1.0, 1.0]","[1.0, 1.0, 1.0, 1.0, 1.0, 1.0, 1.0, 1.0, 1.0, 1.0]","[1.0, 1.0, 1.0, 1.0, 1.0, 1.0, 1.0, 1.0, 1.0, 1.0]","[1.0, 1.0, 1.0, 1.0, 1.0, 1.0, 1.0, 1.0, 1.0, 1.0]","[1.0, 1.0, 1.0, 1.0, 1.0, 1.0, 1.0, 1.0, 1.0, 1.0]","[1.0, 1.0, 1.0, 1.0, 1.0, 1.0, 1.0, 1.0, 1.0, 1.0]","[array([[100,   0,   0,   0],
       [  0, 134,   0,   0],
       [  0,   0,  89,   0],
       [  0,   0,   0, 134]]), array([[100,   0,   0,   0],
       [  0, 134,   0,   0],
       [  0,   0,  89,   0],
       [  0,   0,   0, 134]]), array([[101,   0,   0,   0],
       [  0, 134,   0,   0],
       [  0,   0,  89,   0],
       [  0,   0,   0, 134]]), array([[101,   0,   0,   0],
       [  0, 134,   0,   0],
       [  0,   0,  89,   0],
       [  0,   0,   0, 134]]), array([[101,   0,   0,   0],
       [  0, 135,   0,   0],
       [  0,   0,  89,   0],
       [  0,   0,   0, 135]]), array([[101,   0,   0,   0],
       [  0, 134,   0,   0],
       [  0,   0,  90,   0],
       [  0,   0,   0, 134]]), array([[101,   0,   0,   0],
       [  0, 134,   0,   0],
       [  0,   0,  89,   0],
       [  0,   0,   0, 134]]), array([[101,   0,   0,   0],
       [  0, 134,   0,   0],
       [  0,   0,  89,   0],
       [  0,   0,   0, 134]]), array([[101,   0,   0,   0],
       [  0, 134,   0,   0],
       [  0,   0,  89,   0],
       [  0,   0,   0, 134]]), array([[101,   0,   0,   0],
       [  0, 134,   0,   0],
       [  0,   0,  89,   0],
       [  0,   0,   0, 134]])]","[0.7391304347826086, 0.782608695652174, 0.7391304347826086, 0.782608695652174, 0.7333333333333333, 0.8444444444444444, 0.7111111111111111, 0.8666666666666667, 0.7111111111111111, 0.8444444444444444]","[0.7391304347826086, 0.782608695652174, 0.7391304347826086, 0.782608695652174, 0.7333333333333333, 0.8444444444444444, 0.7111111111111111, 0.8666666666666667, 0.7111111111111111, 0.8444444444444444]","[0.7391304347826086, 0.782608695652174, 0.7391304347826086, 0.782608695652174, 0.7333333333333333, 0.8444444444444444, 0.7111111111111111, 0.8666666666666667, 0.7111111111111111, 0.8444444444444444]","[0.7391304347826086, 0.782608695652174, 0.7391304347826086, 0.782608695652174, 0.7333333333333333, 0.8444444444444444, 0.7111111111111111, 0.8666666666666667, 0.7111111111111111, 0.8444444444444444]","[0.7562229437229437, 0.820640756302521, 0.7698412698412699, 0.7765894236482471, 0.7464285714285714, 0.84375, 0.7245098039215687, 0.874127302436126, 0.7, 0.8416666666666667]","[0.7513888888888888, 0.7875, 0.728030303030303, 0.7651515151515151, 0.7327922077922078, 0.8383838383838383, 0.696969696969697, 0.8550505050505051, 0.7007575757575757, 0.842929292929293]","[0.7457904164800716, 0.7774321446732774, 0.7276069518716577, 0.7689892344497608, 0.725595238095238, 0.8399403239556692, 0.6930409663865547, 0.8624313960033774, 0.6995614035087719, 0.8383838383838385]","[0.7628929041972521, 0.8262239678480087, 0.7665631469979297, 0.7806194941744814, 0.7523809523809525, 0.8453703703703704, 0.7363834422657953, 0.8692628903413218, 0.7133333333333332, 0.8469135802469137]","[0.7391304347826086, 0.782608695652174, 0.7391304347826086, 0.782608695652174, 0.7333333333333333, 0.8444444444444444, 0.7111111111111111, 0.8666666666666667, 0.7111111111111111, 0.8444444444444444]","[0.7433517007729901, 0.7793665500392443, 0.7328334495853678, 0.7796052631578947, 0.7296296296296295, 0.8439329354930377, 0.706687675070028, 0.8657292741658067, 0.7115009746588694, 0.842020202020202]","[array([[ 9,  3,  0,  0],
       [ 0,  8,  0,  1],
       [ 0,  0,  7,  3],
       [ 0,  0,  5, 10]]), array([[ 7,  4,  0,  1],
       [ 0,  9,  0,  0],
       [ 0,  0,  7,  3],
       [ 0,  1,  1, 13]]), array([[ 6,  5,  0,  0],
       [ 0,  9,  0,  1],
       [ 0,  0,  6,  4],
       [ 1,  0,  1, 13]]), array([[ 8,  2,  1,  0],
       [ 3,  6,  0,  1],
       [ 0,  0,  8,  2],
       [ 0,  1,  0, 14]]), array([[ 6,  5,  0,  0],
       [ 1,  9,  0,  0],
       [ 0,  0,  7,  3],
       [ 0,  0,  3, 11]]), array([[10,  1,  0,  0],
       [ 2,  8,  0,  0],
       [ 0,  0,  7,  2],
       [ 0,  1,  1, 13]]), array([[ 5,  5,  1,  0],
       [ 1,  6,  0,  2],
       [ 0,  0,  8,  2],
       [ 0,  1,  1, 13]]), array([[10,  1,  0,  0],
       [ 1,  7,  0,  1],
       [ 0,  0,  8,  2],
       [ 0,  0,  1, 14]]), array([[ 7,  4,  0,  0],
       [ 3,  6,  0,  0],
       [ 0,  0,  7,  3],
       [ 0,  0,  3, 12]]), array([[ 8,  2,  0,  1],
       [ 1,  7,  0,  1],
       [ 0,  0, 10,  0],
       [ 0,  0,  2, 13]])]"
24,"[1.0, 1.0, 1.0, 1.0, 1.0, 1.0, 1.0, 1.0, 1.0, 1.0]","[1.0, 1.0, 1.0, 1.0, 1.0, 1.0, 1.0, 1.0, 1.0, 1.0]","[1.0, 1.0, 1.0, 1.0, 1.0, 1.0, 1.0, 1.0, 1.0, 1.0]","[1.0, 1.0, 1.0, 1.0, 1.0, 1.0, 1.0, 1.0, 1.0, 1.0]","[1.0, 1.0, 1.0, 1.0, 1.0, 1.0, 1.0, 1.0, 1.0, 1.0]","[1.0, 1.0, 1.0, 1.0, 1.0, 1.0, 1.0, 1.0, 1.0, 1.0]","[1.0, 1.0, 1.0, 1.0, 1.0, 1.0, 1.0, 1.0, 1.0, 1.0]","[1.0, 1.0, 1.0, 1.0, 1.0, 1.0, 1.0, 1.0, 1.0, 1.0]","[1.0, 1.0, 1.0, 1.0, 1.0, 1.0, 1.0, 1.0, 1.0, 1.0]","[1.0, 1.0, 1.0, 1.0, 1.0, 1.0, 1.0, 1.0, 1.0, 1.0]","[array([[100,   0,   0,   0],
       [  0, 134,   0,   0],
       [  0,   0,  89,   0],
       [  0,   0,   0, 134]]), array([[100,   0,   0,   0],
       [  0, 134,   0,   0],
       [  0,   0,  89,   0],
       [  0,   0,   0, 134]]), array([[101,   0,   0,   0],
       [  0, 134,   0,   0],
       [  0,   0,  89,   0],
       [  0,   0,   0, 134]]), array([[101,   0,   0,   0],
       [  0, 134,   0,   0],
       [  0,   0,  89,   0],
       [  0,   0,   0, 134]]), array([[101,   0,   0,   0],
       [  0, 135,   0,   0],
       [  0,   0,  89,   0],
       [  0,   0,   0, 135]]), array([[101,   0,   0,   0],
       [  0, 134,   0,   0],
       [  0,   0,  90,   0],
       [  0,   0,   0, 134]]), array([[101,   0,   0,   0],
       [  0, 134,   0,   0],
       [  0,   0,  89,   0],
       [  0,   0,   0, 134]]), array([[101,   0,   0,   0],
       [  0, 134,   0,   0],
       [  0,   0,  89,   0],
       [  0,   0,   0, 134]]), array([[101,   0,   0,   0],
       [  0, 134,   0,   0],
       [  0,   0,  89,   0],
       [  0,   0,   0, 134]]), array([[101,   0,   0,   0],
       [  0, 134,   0,   0],
       [  0,   0,  89,   0],
       [  0,   0,   0, 134]])]","[0.782608695652174, 0.8260869565217391, 0.7391304347826086, 0.8260869565217391, 0.7555555555555555, 0.7777777777777778, 0.6888888888888889, 0.8222222222222222, 0.7333333333333333, 0.8666666666666667]","[0.782608695652174, 0.8260869565217391, 0.7391304347826086, 0.8260869565217391, 0.7555555555555555, 0.7777777777777778, 0.6888888888888889, 0.8222222222222222, 0.7333333333333333, 0.8666666666666667]","[0.782608695652174, 0.8260869565217391, 0.7391304347826086, 0.8260869565217391, 0.7555555555555555, 0.7777777777777778, 0.6888888888888889, 0.8222222222222222, 0.7333333333333333, 0.8666666666666667]","[0.782608695652174, 0.8260869565217391, 0.7391304347826086, 0.8260869565217391, 0.7555555555555555, 0.7777777777777778, 0.6888888888888889, 0.8222222222222222, 0.7333333333333333, 0.8666666666666667]","[0.7966269841269842, 0.8371991978609625, 0.7712128879892037, 0.835427807486631, 0.7626068376068376, 0.783707264957265, 0.7021199388846449, 0.8253267973856209, 0.7225694444444444, 0.86875]","[0.7930555555555555, 0.8222222222222223, 0.7257575757575757, 0.812878787878788, 0.7603896103896104, 0.7702020202020202, 0.678030303030303, 0.8095959595959596, 0.7174242424242424, 0.8656565656565657]","[0.7928573591991883, 0.8254870645817441, 0.7272891708170682, 0.8205176767676767, 0.7558373590982286, 0.771462063086104, 0.6791666666666667, 0.8134868421052631, 0.7184493491794002, 0.8641074611662847]","[0.7945134575569359, 0.8332538944431527, 0.7640123511118935, 0.8337595907928389, 0.7660018993352326, 0.7907644824311492, 0.709464391817333, 0.8293246187363833, 0.734783950617284, 0.8690740740740741]","[0.782608695652174, 0.8260869565217391, 0.7391304347826086, 0.8260869565217391, 0.7555555555555555, 0.7777777777777778, 0.6888888888888889, 0.8222222222222222, 0.7333333333333333, 0.8666666666666667]","[0.7866679308567062, 0.8256306033672713, 0.7315638771676215, 0.8263888888888888, 0.7554768294864914, 0.7792952543336175, 0.6885185185185185, 0.8217251461988304, 0.732591334968245, 0.8651387827858416]","[array([[11,  1,  0,  0],
       [ 0,  8,  0,  1],
       [ 0,  0,  7,  3],
       [ 0,  0,  5, 10]]), array([[10,  1,  0,  1],
       [ 1,  8,  0,  0],
       [ 0,  0,  7,  3],
       [ 0,  1,  1, 13]]), array([[ 7,  4,  0,  0],
       [ 0,  9,  0,  1],
       [ 0,  0,  5,  5],
       [ 1,  0,  1, 13]]), array([[ 9,  2,  0,  0],
       [ 2,  7,  0,  1],
       [ 0,  0,  8,  2],
       [ 0,  1,  0, 14]]), array([[ 8,  3,  0,  0],
       [ 1,  9,  0,  0],
       [ 0,  0,  7,  3],
       [ 0,  1,  3, 10]]), array([[ 7,  4,  0,  0],
       [ 2,  8,  0,  0],
       [ 0,  0,  7,  2],
       [ 0,  1,  1, 13]]), array([[ 6,  4,  1,  0],
       [ 1,  6,  0,  2],
       [ 0,  0,  7,  3],
       [ 0,  1,  2, 12]]), array([[ 8,  3,  0,  0],
       [ 1,  7,  0,  1],
       [ 0,  0,  8,  2],
       [ 0,  0,  1, 14]]), array([[ 7,  4,  0,  0],
       [ 3,  6,  0,  0],
       [ 0,  0,  7,  3],
       [ 0,  0,  2, 13]]), array([[ 9,  1,  0,  1],
       [ 1,  7,  0,  1],
       [ 0,  0, 10,  0],
       [ 0,  0,  2, 13]])]"
25,"[1.0, 1.0, 1.0, 1.0, 1.0, 1.0, 1.0, 1.0, 1.0, 1.0]","[1.0, 1.0, 1.0, 1.0, 1.0, 1.0, 1.0, 1.0, 1.0, 1.0]","[1.0, 1.0, 1.0, 1.0, 1.0, 1.0, 1.0, 1.0, 1.0, 1.0]","[1.0, 1.0, 1.0, 1.0, 1.0, 1.0, 1.0, 1.0, 1.0, 1.0]","[1.0, 1.0, 1.0, 1.0, 1.0, 1.0, 1.0, 1.0, 1.0, 1.0]","[1.0, 1.0, 1.0, 1.0, 1.0, 1.0, 1.0, 1.0, 1.0, 1.0]","[1.0, 1.0, 1.0, 1.0, 1.0, 1.0, 1.0, 1.0, 1.0, 1.0]","[1.0, 1.0, 1.0, 1.0, 1.0, 1.0, 1.0, 1.0, 1.0, 1.0]","[1.0, 1.0, 1.0, 1.0, 1.0, 1.0, 1.0, 1.0, 1.0, 1.0]","[1.0, 1.0, 1.0, 1.0, 1.0, 1.0, 1.0, 1.0, 1.0, 1.0]","[array([[100,   0,   0,   0],
       [  0, 134,   0,   0],
       [  0,   0,  89,   0],
       [  0,   0,   0, 134]]), array([[100,   0,   0,   0],
       [  0, 134,   0,   0],
       [  0,   0,  89,   0],
       [  0,   0,   0, 134]]), array([[101,   0,   0,   0],
       [  0, 134,   0,   0],
       [  0,   0,  89,   0],
       [  0,   0,   0, 134]]), array([[101,   0,   0,   0],
       [  0, 134,   0,   0],
       [  0,   0,  89,   0],
       [  0,   0,   0, 134]]), array([[101,   0,   0,   0],
       [  0, 135,   0,   0],
       [  0,   0,  89,   0],
       [  0,   0,   0, 135]]), array([[101,   0,   0,   0],
       [  0, 134,   0,   0],
       [  0,   0,  90,   0],
       [  0,   0,   0, 134]]), array([[101,   0,   0,   0],
       [  0, 134,   0,   0],
       [  0,   0,  89,   0],
       [  0,   0,   0, 134]]), array([[101,   0,   0,   0],
       [  0, 134,   0,   0],
       [  0,   0,  89,   0],
       [  0,   0,   0, 134]]), array([[101,   0,   0,   0],
       [  0, 134,   0,   0],
       [  0,   0,  89,   0],
       [  0,   0,   0, 134]]), array([[101,   0,   0,   0],
       [  0, 134,   0,   0],
       [  0,   0,  89,   0],
       [  0,   0,   0, 134]])]","[0.7608695652173914, 0.8043478260869565, 0.717391304347826, 0.7391304347826086, 0.7777777777777778, 0.8222222222222222, 0.6888888888888889, 0.8444444444444444, 0.6888888888888889, 0.8444444444444444]","[0.7608695652173914, 0.8043478260869565, 0.717391304347826, 0.7391304347826086, 0.7777777777777778, 0.8222222222222222, 0.6888888888888889, 0.8444444444444444, 0.6888888888888889, 0.8444444444444444]","[0.7608695652173914, 0.8043478260869565, 0.717391304347826, 0.7391304347826086, 0.7777777777777778, 0.8222222222222222, 0.6888888888888889, 0.8444444444444444, 0.6888888888888889, 0.8444444444444444]","[0.7608695652173914, 0.8043478260869565, 0.717391304347826, 0.7391304347826086, 0.7777777777777778, 0.8222222222222222, 0.6888888888888889, 0.8444444444444444, 0.6888888888888889, 0.8444444444444444]","[0.7744047619047619, 0.8167446524064171, 0.751984126984127, 0.7702362996480643, 0.7811507936507935, 0.821031746031746, 0.7021199388846449, 0.8507236227824462, 0.6788194444444444, 0.8524305555555556]","[0.7722222222222223, 0.8013888888888888, 0.703030303030303, 0.7257575757575757, 0.7782467532467532, 0.8207070707070707, 0.678030303030303, 0.8272727272727274, 0.6719696969696969, 0.842929292929293]","[0.7693037452565583, 0.802114898989899, 0.7067736185383244, 0.7361812659846547, 0.775974025974026, 0.8186545255510772, 0.6791666666666667, 0.8341676201372997, 0.6683240358961922, 0.8428324995687425]","[0.7771221532091097, 0.8166531039293187, 0.7510351966873706, 0.76979911251011, 0.7839506172839507, 0.8310052910052911, 0.709464391817333, 0.8471729432513746, 0.6964506172839506, 0.8483024691358025]","[0.7608695652173914, 0.8043478260869565, 0.717391304347826, 0.7391304347826086, 0.7777777777777778, 0.8222222222222222, 0.6888888888888889, 0.8444444444444444, 0.6888888888888889, 0.8444444444444444]","[0.7651413527685919, 0.8039882520860783, 0.7147175075563822, 0.7436902312910041, 0.7773737373737374, 0.8244879003499693, 0.6885185185185185, 0.8413615560640733, 0.686253267577546, 0.841851532401817]","[array([[10,  2,  0,  0],
       [ 0,  8,  0,  1],
       [ 0,  0,  7,  3],
       [ 0,  0,  5, 10]]), array([[ 9,  2,  0,  1],
       [ 1,  8,  0,  0],
       [ 0,  0,  7,  3],
       [ 0,  1,  1, 13]]), array([[ 6,  5,  0,  0],
       [ 1,  8,  0,  1],
       [ 0,  0,  6,  4],
       [ 0,  1,  1, 13]]), array([[ 7,  4,  0,  0],
       [ 2,  7,  0,  1],
       [ 0,  0,  7,  3],
       [ 0,  2,  0, 13]]), array([[ 8,  3,  0,  0],
       [ 1,  9,  0,  0],
       [ 0,  0,  7,  3],
       [ 0,  0,  3, 11]]), array([[ 8,  3,  0,  0],
       [ 2,  8,  0,  0],
       [ 0,  0,  8,  1],
       [ 0,  1,  1, 13]]), array([[ 6,  4,  1,  0],
       [ 1,  6,  0,  2],
       [ 0,  0,  7,  3],
       [ 0,  1,  2, 12]]), array([[10,  1,  0,  0],
       [ 2,  6,  0,  1],
       [ 0,  0,  8,  2],
       [ 0,  0,  1, 14]]), array([[ 5,  6,  0,  0],
       [ 3,  6,  0,  0],
       [ 0,  0,  7,  3],
       [ 0,  0,  2, 13]]), array([[ 8,  1,  0,  2],
       [ 1,  7,  0,  1],
       [ 0,  0, 10,  0],
       [ 0,  0,  2, 13]])]"
26,"[1.0, 1.0, 1.0, 1.0, 1.0, 1.0, 1.0, 1.0, 1.0, 1.0]","[1.0, 1.0, 1.0, 1.0, 1.0, 1.0, 1.0, 1.0, 1.0, 1.0]","[1.0, 1.0, 1.0, 1.0, 1.0, 1.0, 1.0, 1.0, 1.0, 1.0]","[1.0, 1.0, 1.0, 1.0, 1.0, 1.0, 1.0, 1.0, 1.0, 1.0]","[1.0, 1.0, 1.0, 1.0, 1.0, 1.0, 1.0, 1.0, 1.0, 1.0]","[1.0, 1.0, 1.0, 1.0, 1.0, 1.0, 1.0, 1.0, 1.0, 1.0]","[1.0, 1.0, 1.0, 1.0, 1.0, 1.0, 1.0, 1.0, 1.0, 1.0]","[1.0, 1.0, 1.0, 1.0, 1.0, 1.0, 1.0, 1.0, 1.0, 1.0]","[1.0, 1.0, 1.0, 1.0, 1.0, 1.0, 1.0, 1.0, 1.0, 1.0]","[1.0, 1.0, 1.0, 1.0, 1.0, 1.0, 1.0, 1.0, 1.0, 1.0]","[array([[100,   0,   0,   0],
       [  0, 134,   0,   0],
       [  0,   0,  89,   0],
       [  0,   0,   0, 134]]), array([[100,   0,   0,   0],
       [  0, 134,   0,   0],
       [  0,   0,  89,   0],
       [  0,   0,   0, 134]]), array([[101,   0,   0,   0],
       [  0, 134,   0,   0],
       [  0,   0,  89,   0],
       [  0,   0,   0, 134]]), array([[101,   0,   0,   0],
       [  0, 134,   0,   0],
       [  0,   0,  89,   0],
       [  0,   0,   0, 134]]), array([[101,   0,   0,   0],
       [  0, 135,   0,   0],
       [  0,   0,  89,   0],
       [  0,   0,   0, 135]]), array([[101,   0,   0,   0],
       [  0, 134,   0,   0],
       [  0,   0,  90,   0],
       [  0,   0,   0, 134]]), array([[101,   0,   0,   0],
       [  0, 134,   0,   0],
       [  0,   0,  89,   0],
       [  0,   0,   0, 134]]), array([[101,   0,   0,   0],
       [  0, 134,   0,   0],
       [  0,   0,  89,   0],
       [  0,   0,   0, 134]]), array([[101,   0,   0,   0],
       [  0, 134,   0,   0],
       [  0,   0,  89,   0],
       [  0,   0,   0, 134]]), array([[101,   0,   0,   0],
       [  0, 134,   0,   0],
       [  0,   0,  89,   0],
       [  0,   0,   0, 134]])]","[0.6956521739130435, 0.7391304347826086, 0.7608695652173914, 0.8260869565217391, 0.7111111111111111, 0.8, 0.6888888888888889, 0.8222222222222222, 0.7333333333333333, 0.8222222222222222]","[0.6956521739130435, 0.7391304347826086, 0.7608695652173914, 0.8260869565217391, 0.7111111111111111, 0.8, 0.6888888888888889, 0.8222222222222222, 0.7333333333333333, 0.8222222222222222]","[0.6956521739130435, 0.7391304347826086, 0.7608695652173914, 0.8260869565217391, 0.7111111111111111, 0.8, 0.6888888888888889, 0.8222222222222222, 0.7333333333333333, 0.8222222222222222]","[0.6956521739130435, 0.7391304347826086, 0.7608695652173914, 0.8260869565217391, 0.7111111111111111, 0.8, 0.6888888888888889, 0.8222222222222222, 0.7333333333333333, 0.8222222222222222]","[0.7282509157509158, 0.7545405982905983, 0.7729835523953171, 0.835427807486631, 0.7263986013986014, 0.8020833333333334, 0.7314903846153846, 0.8253267973856209, 0.7285353535353536, 0.8246527777777778]","[0.7097222222222223, 0.7430555555555556, 0.7507575757575757, 0.812878787878788, 0.714935064935065, 0.7929292929292929, 0.689141414141414, 0.8095959595959596, 0.7285353535353536, 0.8202020202020203]","[0.6975334103283286, 0.7345770952307455, 0.7502477621483377, 0.8205176767676767, 0.7060185185185184, 0.7948433919022154, 0.6879808521649129, 0.8134868421052631, 0.7249999999999999, 0.8156051173878]","[0.7410017518713172, 0.7623095503530287, 0.7721880279425035, 0.8337595907928389, 0.7331113331113333, 0.8075925925925926, 0.7368589743589744, 0.8293246187363833, 0.739618406285073, 0.8254629629629631]","[0.6956521739130435, 0.7391304347826086, 0.7608695652173914, 0.8260869565217391, 0.7111111111111111, 0.8, 0.6888888888888889, 0.8222222222222222, 0.7333333333333333, 0.8222222222222222]","[0.69773964692295, 0.7375386700846213, 0.755921967085511, 0.8263888888888888, 0.7082304526748971, 0.801454319101378, 0.6919364422210723, 0.8217251461988304, 0.7333333333333333, 0.8172626091132034]","[array([[ 7,  5,  0,  0],
       [ 0,  8,  0,  1],
       [ 0,  0,  7,  3],
       [ 0,  0,  5, 10]]), array([[ 7,  4,  0,  1],
       [ 1,  8,  0,  0],
       [ 0,  0,  7,  3],
       [ 0,  1,  2, 12]]), array([[ 7,  4,  0,  0],
       [ 1,  9,  0,  0],
       [ 0,  0,  6,  4],
       [ 1,  0,  1, 13]]), array([[ 9,  2,  0,  0],
       [ 2,  7,  0,  1],
       [ 0,  0,  8,  2],
       [ 0,  1,  0, 14]]), array([[ 6,  4,  1,  0],
       [ 1,  9,  0,  0],
       [ 0,  0,  7,  3],
       [ 0,  1,  3, 10]]), array([[ 8,  3,  0,  0],
       [ 2,  8,  0,  0],
       [ 0,  0,  7,  2],
       [ 0,  1,  1, 13]]), array([[ 6,  4,  1,  0],
       [ 0,  7,  0,  2],
       [ 0,  0,  7,  3],
       [ 0,  2,  2, 11]]), array([[ 8,  3,  0,  0],
       [ 1,  7,  0,  1],
       [ 0,  0,  8,  2],
       [ 0,  0,  1, 14]]), array([[ 7,  4,  0,  0],
       [ 2,  7,  0,  0],
       [ 0,  0,  7,  3],
       [ 0,  0,  3, 12]]), array([[ 7,  2,  0,  2],
       [ 1,  7,  0,  1],
       [ 0,  0, 10,  0],
       [ 0,  0,  2, 13]])]"
27,"[1.0, 1.0, 1.0, 1.0, 1.0, 1.0, 1.0, 1.0, 1.0, 1.0]","[1.0, 1.0, 1.0, 1.0, 1.0, 1.0, 1.0, 1.0, 1.0, 1.0]","[1.0, 1.0, 1.0, 1.0, 1.0, 1.0, 1.0, 1.0, 1.0, 1.0]","[1.0, 1.0, 1.0, 1.0, 1.0, 1.0, 1.0, 1.0, 1.0, 1.0]","[1.0, 1.0, 1.0, 1.0, 1.0, 1.0, 1.0, 1.0, 1.0, 1.0]","[1.0, 1.0, 1.0, 1.0, 1.0, 1.0, 1.0, 1.0, 1.0, 1.0]","[1.0, 1.0, 1.0, 1.0, 1.0, 1.0, 1.0, 1.0, 1.0, 1.0]","[1.0, 1.0, 1.0, 1.0, 1.0, 1.0, 1.0, 1.0, 1.0, 1.0]","[1.0, 1.0, 1.0, 1.0, 1.0, 1.0, 1.0, 1.0, 1.0, 1.0]","[1.0, 1.0, 1.0, 1.0, 1.0, 1.0, 1.0, 1.0, 1.0, 1.0]","[array([[100,   0,   0,   0],
       [  0, 134,   0,   0],
       [  0,   0,  89,   0],
       [  0,   0,   0, 134]]), array([[100,   0,   0,   0],
       [  0, 134,   0,   0],
       [  0,   0,  89,   0],
       [  0,   0,   0, 134]]), array([[101,   0,   0,   0],
       [  0, 134,   0,   0],
       [  0,   0,  89,   0],
       [  0,   0,   0, 134]]), array([[101,   0,   0,   0],
       [  0, 134,   0,   0],
       [  0,   0,  89,   0],
       [  0,   0,   0, 134]]), array([[101,   0,   0,   0],
       [  0, 135,   0,   0],
       [  0,   0,  89,   0],
       [  0,   0,   0, 135]]), array([[101,   0,   0,   0],
       [  0, 134,   0,   0],
       [  0,   0,  90,   0],
       [  0,   0,   0, 134]]), array([[101,   0,   0,   0],
       [  0, 134,   0,   0],
       [  0,   0,  89,   0],
       [  0,   0,   0, 134]]), array([[101,   0,   0,   0],
       [  0, 134,   0,   0],
       [  0,   0,  89,   0],
       [  0,   0,   0, 134]]), array([[101,   0,   0,   0],
       [  0, 134,   0,   0],
       [  0,   0,  89,   0],
       [  0,   0,   0, 134]]), array([[101,   0,   0,   0],
       [  0, 134,   0,   0],
       [  0,   0,  89,   0],
       [  0,   0,   0, 134]])]","[0.717391304347826, 0.7608695652173914, 0.7391304347826086, 0.8043478260869565, 0.7333333333333333, 0.8444444444444444, 0.7111111111111111, 0.8, 0.7333333333333333, 0.8444444444444444]","[0.717391304347826, 0.7608695652173914, 0.7391304347826086, 0.8043478260869565, 0.7333333333333333, 0.8444444444444444, 0.7111111111111111, 0.8, 0.7333333333333333, 0.8444444444444444]","[0.717391304347826, 0.7608695652173914, 0.7391304347826086, 0.8043478260869565, 0.7333333333333333, 0.8444444444444444, 0.7111111111111111, 0.8, 0.7333333333333333, 0.8444444444444444]","[0.717391304347826, 0.7608695652173914, 0.7391304347826086, 0.8043478260869565, 0.7333333333333333, 0.8444444444444444, 0.7111111111111111, 0.8, 0.7333333333333333, 0.8444444444444444]","[0.7410714285714286, 0.7926587301587301, 0.76875, 0.8149732620320855, 0.7527777777777778, 0.8407287157287158, 0.7310340802987862, 0.8104166666666666, 0.7211038961038961, 0.8524305555555556]","[0.7305555555555555, 0.7708333333333333, 0.7174242424242425, 0.7901515151515153, 0.727922077922078, 0.8434343434343434, 0.7058080808080807, 0.7845959595959597, 0.7257575757575758, 0.842929292929293]","[0.7219808926705479, 0.7576216136413967, 0.7222787081339712, 0.7981150793650793, 0.7181659015693391, 0.84138179827835, 0.7050438596491228, 0.790776182881446, 0.7219341457091003, 0.8428324995687425]","[0.7510351966873706, 0.8002933057280883, 0.7635869565217391, 0.8155777726110207, 0.7587654320987655, 0.848917748917749, 0.7343241000103745, 0.8109876543209875, 0.7384415584415585, 0.8483024691358025]","[0.717391304347826, 0.7608695652173914, 0.7391304347826086, 0.8043478260869565, 0.7333333333333333, 0.8444444444444444, 0.7111111111111111, 0.8, 0.7333333333333333, 0.8444444444444444]","[0.7209914523257852, 0.7579762565753367, 0.7310432702309132, 0.8056849551414769, 0.7250048040994982, 0.8459405218025908, 0.7100389863547758, 0.7985917656093094, 0.7344529907143338, 0.841851532401817]","[array([[ 8,  4,  0,  0],
       [ 0,  8,  0,  1],
       [ 0,  0,  7,  3],
       [ 0,  0,  5, 10]]), array([[ 7,  4,  0,  1],
       [ 0,  9,  0,  0],
       [ 0,  0,  7,  3],
       [ 0,  1,  2, 12]]), array([[ 7,  4,  0,  0],
       [ 1,  8,  0,  1],
       [ 0,  0,  5,  5],
       [ 0,  0,  1, 14]]), array([[ 8,  3,  0,  0],
       [ 2,  7,  0,  1],
       [ 0,  0,  8,  2],
       [ 0,  1,  0, 14]]), array([[ 5,  6,  0,  0],
       [ 1,  9,  0,  0],
       [ 0,  0,  7,  3],
       [ 0,  0,  2, 12]]), array([[ 9,  2,  0,  0],
       [ 2,  8,  0,  0],
       [ 0,  0,  8,  1],
       [ 0,  1,  1, 13]]), array([[ 6,  4,  1,  0],
       [ 0,  7,  0,  2],
       [ 0,  0,  7,  3],
       [ 1,  1,  1, 12]]), array([[ 8,  3,  0,  0],
       [ 1,  7,  0,  1],
       [ 0,  0,  7,  3],
       [ 0,  0,  1, 14]]), array([[ 7,  4,  0,  0],
       [ 3,  6,  0,  0],
       [ 0,  0,  8,  2],
       [ 0,  0,  3, 12]]), array([[ 8,  1,  0,  2],
       [ 1,  7,  0,  1],
       [ 0,  0, 10,  0],
       [ 0,  0,  2, 13]])]"
28,"[1.0, 1.0, 1.0, 1.0, 1.0, 1.0, 1.0, 1.0, 1.0, 1.0]","[1.0, 1.0, 1.0, 1.0, 1.0, 1.0, 1.0, 1.0, 1.0, 1.0]","[1.0, 1.0, 1.0, 1.0, 1.0, 1.0, 1.0, 1.0, 1.0, 1.0]","[1.0, 1.0, 1.0, 1.0, 1.0, 1.0, 1.0, 1.0, 1.0, 1.0]","[1.0, 1.0, 1.0, 1.0, 1.0, 1.0, 1.0, 1.0, 1.0, 1.0]","[1.0, 1.0, 1.0, 1.0, 1.0, 1.0, 1.0, 1.0, 1.0, 1.0]","[1.0, 1.0, 1.0, 1.0, 1.0, 1.0, 1.0, 1.0, 1.0, 1.0]","[1.0, 1.0, 1.0, 1.0, 1.0, 1.0, 1.0, 1.0, 1.0, 1.0]","[1.0, 1.0, 1.0, 1.0, 1.0, 1.0, 1.0, 1.0, 1.0, 1.0]","[1.0, 1.0, 1.0, 1.0, 1.0, 1.0, 1.0, 1.0, 1.0, 1.0]","[array([[100,   0,   0,   0],
       [  0, 134,   0,   0],
       [  0,   0,  89,   0],
       [  0,   0,   0, 134]]), array([[100,   0,   0,   0],
       [  0, 134,   0,   0],
       [  0,   0,  89,   0],
       [  0,   0,   0, 134]]), array([[101,   0,   0,   0],
       [  0, 134,   0,   0],
       [  0,   0,  89,   0],
       [  0,   0,   0, 134]]), array([[101,   0,   0,   0],
       [  0, 134,   0,   0],
       [  0,   0,  89,   0],
       [  0,   0,   0, 134]]), array([[101,   0,   0,   0],
       [  0, 135,   0,   0],
       [  0,   0,  89,   0],
       [  0,   0,   0, 135]]), array([[101,   0,   0,   0],
       [  0, 134,   0,   0],
       [  0,   0,  90,   0],
       [  0,   0,   0, 134]]), array([[101,   0,   0,   0],
       [  0, 134,   0,   0],
       [  0,   0,  89,   0],
       [  0,   0,   0, 134]]), array([[101,   0,   0,   0],
       [  0, 134,   0,   0],
       [  0,   0,  89,   0],
       [  0,   0,   0, 134]]), array([[101,   0,   0,   0],
       [  0, 134,   0,   0],
       [  0,   0,  89,   0],
       [  0,   0,   0, 134]]), array([[101,   0,   0,   0],
       [  0, 134,   0,   0],
       [  0,   0,  89,   0],
       [  0,   0,   0, 134]])]","[0.7391304347826086, 0.8695652173913043, 0.7391304347826086, 0.7608695652173914, 0.7333333333333333, 0.8222222222222222, 0.7333333333333333, 0.8222222222222222, 0.7555555555555555, 0.8444444444444444]","[0.7391304347826086, 0.8695652173913043, 0.7391304347826086, 0.7608695652173914, 0.7333333333333333, 0.8222222222222222, 0.7333333333333333, 0.8222222222222222, 0.7555555555555555, 0.8444444444444444]","[0.7391304347826086, 0.8695652173913043, 0.7391304347826086, 0.7608695652173914, 0.7333333333333333, 0.8222222222222222, 0.7333333333333333, 0.8222222222222222, 0.7555555555555555, 0.8444444444444444]","[0.7391304347826086, 0.8695652173913043, 0.7391304347826086, 0.7608695652173914, 0.7333333333333333, 0.8222222222222222, 0.7333333333333333, 0.8222222222222222, 0.7555555555555555, 0.8444444444444444]","[0.7562229437229437, 0.8822916666666667, 0.7712128879892037, 0.761437908496732, 0.7551587301587301, 0.821031746031746, 0.7708333333333334, 0.8253267973856209, 0.7445887445887446, 0.8524305555555556]","[0.7513888888888888, 0.8680555555555555, 0.7257575757575757, 0.7446969696969696, 0.7327922077922078, 0.8207070707070707, 0.7224747474747474, 0.8095959595959596, 0.7484848484848485, 0.842929292929293]","[0.7457904164800716, 0.8741382036685643, 0.7272891708170682, 0.746261961722488, 0.7273057644110276, 0.8186545255510772, 0.7243174781874473, 0.8134868421052631, 0.7458575906851769, 0.8428324995687425]","[0.7628929041972521, 0.873641304347826, 0.7640123511118935, 0.7679383347541915, 0.7601410934744267, 0.8310052910052911, 0.7746913580246915, 0.8293246187363833, 0.7584415584415584, 0.8483024691358025]","[0.7391304347826086, 0.8695652173913043, 0.7391304347826086, 0.7608695652173914, 0.7333333333333333, 0.8222222222222222, 0.7333333333333333, 0.8222222222222222, 0.7555555555555555, 0.8444444444444444]","[0.7433517007729901, 0.8706789868822703, 0.7315638771676215, 0.7577621177449553, 0.7311500974658868, 0.8244879003499693, 0.7322513056259186, 0.8217251461988304, 0.7562853493887978, 0.841851532401817]","[array([[ 9,  3,  0,  0],
       [ 0,  8,  0,  1],
       [ 0,  0,  7,  3],
       [ 0,  0,  5, 10]]), array([[11,  0,  0,  1],
       [ 1,  8,  0,  0],
       [ 0,  0,  8,  2],
       [ 0,  0,  2, 13]]), array([[ 7,  4,  0,  0],
       [ 0,  9,  0,  1],
       [ 0,  0,  5,  5],
       [ 1,  0,  1, 13]]), array([[ 6,  4,  1,  0],
       [ 2,  7,  0,  1],
       [ 0,  0,  8,  2],
       [ 0,  1,  0, 14]]), array([[ 6,  5,  0,  0],
       [ 1,  9,  0,  0],
       [ 0,  0,  7,  3],
       [ 0,  1,  2, 11]]), array([[ 8,  3,  0,  0],
       [ 2,  8,  0,  0],
       [ 0,  0,  8,  1],
       [ 0,  1,  1, 13]]), array([[ 6,  4,  1,  0],
       [ 0,  7,  0,  2],
       [ 0,  0,  7,  3],
       [ 0,  1,  1, 13]]), array([[ 8,  3,  0,  0],
       [ 1,  7,  0,  1],
       [ 0,  0,  8,  2],
       [ 0,  0,  1, 14]]), array([[ 8,  3,  0,  0],
       [ 3,  6,  0,  0],
       [ 0,  0,  8,  2],
       [ 0,  0,  3, 12]]), array([[ 8,  1,  0,  2],
       [ 1,  7,  0,  1],
       [ 0,  0, 10,  0],
       [ 0,  0,  2, 13]])]"
29,"[1.0, 1.0, 1.0, 1.0, 1.0, 1.0, 1.0, 1.0, 1.0, 1.0]","[1.0, 1.0, 1.0, 1.0, 1.0, 1.0, 1.0, 1.0, 1.0, 1.0]","[1.0, 1.0, 1.0, 1.0, 1.0, 1.0, 1.0, 1.0, 1.0, 1.0]","[1.0, 1.0, 1.0, 1.0, 1.0, 1.0, 1.0, 1.0, 1.0, 1.0]","[1.0, 1.0, 1.0, 1.0, 1.0, 1.0, 1.0, 1.0, 1.0, 1.0]","[1.0, 1.0, 1.0, 1.0, 1.0, 1.0, 1.0, 1.0, 1.0, 1.0]","[1.0, 1.0, 1.0, 1.0, 1.0, 1.0, 1.0, 1.0, 1.0, 1.0]","[1.0, 1.0, 1.0, 1.0, 1.0, 1.0, 1.0, 1.0, 1.0, 1.0]","[1.0, 1.0, 1.0, 1.0, 1.0, 1.0, 1.0, 1.0, 1.0, 1.0]","[1.0, 1.0, 1.0, 1.0, 1.0, 1.0, 1.0, 1.0, 1.0, 1.0]","[array([[100,   0,   0,   0],
       [  0, 134,   0,   0],
       [  0,   0,  89,   0],
       [  0,   0,   0, 134]]), array([[100,   0,   0,   0],
       [  0, 134,   0,   0],
       [  0,   0,  89,   0],
       [  0,   0,   0, 134]]), array([[101,   0,   0,   0],
       [  0, 134,   0,   0],
       [  0,   0,  89,   0],
       [  0,   0,   0, 134]]), array([[101,   0,   0,   0],
       [  0, 134,   0,   0],
       [  0,   0,  89,   0],
       [  0,   0,   0, 134]]), array([[101,   0,   0,   0],
       [  0, 135,   0,   0],
       [  0,   0,  89,   0],
       [  0,   0,   0, 135]]), array([[101,   0,   0,   0],
       [  0, 134,   0,   0],
       [  0,   0,  90,   0],
       [  0,   0,   0, 134]]), array([[101,   0,   0,   0],
       [  0, 134,   0,   0],
       [  0,   0,  89,   0],
       [  0,   0,   0, 134]]), array([[101,   0,   0,   0],
       [  0, 134,   0,   0],
       [  0,   0,  89,   0],
       [  0,   0,   0, 134]]), array([[101,   0,   0,   0],
       [  0, 134,   0,   0],
       [  0,   0,  89,   0],
       [  0,   0,   0, 134]]), array([[101,   0,   0,   0],
       [  0, 134,   0,   0],
       [  0,   0,  89,   0],
       [  0,   0,   0, 134]])]","[0.7391304347826086, 0.8260869565217391, 0.7391304347826086, 0.7391304347826086, 0.8, 0.8666666666666667, 0.7333333333333333, 0.8444444444444444, 0.7111111111111111, 0.8444444444444444]","[0.7391304347826086, 0.8260869565217391, 0.7391304347826086, 0.7391304347826086, 0.8, 0.8666666666666667, 0.7333333333333333, 0.8444444444444444, 0.7111111111111111, 0.8444444444444444]","[0.7391304347826086, 0.8260869565217391, 0.7391304347826086, 0.7391304347826086, 0.8, 0.8666666666666667, 0.7333333333333333, 0.8444444444444444, 0.7111111111111111, 0.8444444444444444]","[0.7391304347826086, 0.8260869565217391, 0.7391304347826086, 0.7391304347826086, 0.8, 0.8666666666666667, 0.7333333333333333, 0.8444444444444444, 0.7111111111111111, 0.8444444444444444]","[0.7562229437229437, 0.840625, 0.7901002506265664, 0.7465277777777778, 0.8068376068376069, 0.8668650793650794, 0.7708333333333334, 0.847549019607843, 0.7, 0.8524305555555556]","[0.7513888888888888, 0.8333333333333334, 0.7257575757575757, 0.7196969696969697, 0.8032467532467533, 0.8684343434343434, 0.7224747474747474, 0.8323232323232324, 0.7007575757575757, 0.842929292929293]","[0.7457904164800716, 0.8239631336405531, 0.7293709150326797, 0.723551302498671, 0.7993558776167473, 0.8651913220878739, 0.7243174781874473, 0.8380064745196324, 0.6995614035087719, 0.8428324995687425]","[0.7628929041972521, 0.8464673913043478, 0.783153536013948, 0.75, 0.8121557454890788, 0.873968253968254, 0.7746913580246915, 0.8475962236746549, 0.7133333333333332, 0.8483024691358025]","[0.7391304347826086, 0.8260869565217391, 0.7391304347826086, 0.7391304347826086, 0.8, 0.8666666666666667, 0.7333333333333333, 0.8444444444444444, 0.7111111111111111, 0.8444444444444444]","[0.7433517007729901, 0.8238028451212182, 0.7342639954532537, 0.7351316367334675, 0.8007443191984254, 0.8679703438324129, 0.7322513056259186, 0.8438805346700083, 0.7115009746588694, 0.841851532401817]","[array([[ 9,  3,  0,  0],
       [ 0,  8,  0,  1],
       [ 0,  0,  7,  3],
       [ 0,  0,  5, 10]]), array([[ 8,  3,  0,  1],
       [ 0,  9,  0,  0],
       [ 0,  0,  8,  2],
       [ 0,  0,  2, 13]]), array([[ 7,  4,  0,  0],
       [ 0,  9,  0,  1],
       [ 0,  0,  5,  5],
       [ 0,  1,  1, 13]]), array([[ 6,  4,  1,  0],
       [ 2,  7,  0,  1],
       [ 0,  0,  7,  3],
       [ 0,  1,  0, 14]]), array([[ 8,  3,  0,  0],
       [ 1,  9,  0,  0],
       [ 0,  0,  8,  2],
       [ 0,  1,  2, 11]]), array([[ 9,  2,  0,  0],
       [ 1,  9,  0,  0],
       [ 0,  0,  8,  1],
       [ 0,  1,  1, 13]]), array([[ 6,  4,  1,  0],
       [ 0,  7,  0,  2],
       [ 0,  0,  7,  3],
       [ 0,  1,  1, 13]]), array([[ 9,  2,  0,  0],
       [ 1,  7,  0,  1],
       [ 0,  0,  8,  2],
       [ 0,  0,  1, 14]]), array([[ 7,  4,  0,  0],
       [ 3,  6,  0,  0],
       [ 0,  0,  7,  3],
       [ 0,  0,  3, 12]]), array([[ 8,  1,  0,  2],
       [ 1,  7,  0,  1],
       [ 0,  0, 10,  0],
       [ 0,  0,  2, 13]])]"
30,"[1.0, 1.0, 1.0, 1.0, 1.0, 1.0, 1.0, 1.0, 1.0, 1.0]","[1.0, 1.0, 1.0, 1.0, 1.0, 1.0, 1.0, 1.0, 1.0, 1.0]","[1.0, 1.0, 1.0, 1.0, 1.0, 1.0, 1.0, 1.0, 1.0, 1.0]","[1.0, 1.0, 1.0, 1.0, 1.0, 1.0, 1.0, 1.0, 1.0, 1.0]","[1.0, 1.0, 1.0, 1.0, 1.0, 1.0, 1.0, 1.0, 1.0, 1.0]","[1.0, 1.0, 1.0, 1.0, 1.0, 1.0, 1.0, 1.0, 1.0, 1.0]","[1.0, 1.0, 1.0, 1.0, 1.0, 1.0, 1.0, 1.0, 1.0, 1.0]","[1.0, 1.0, 1.0, 1.0, 1.0, 1.0, 1.0, 1.0, 1.0, 1.0]","[1.0, 1.0, 1.0, 1.0, 1.0, 1.0, 1.0, 1.0, 1.0, 1.0]","[1.0, 1.0, 1.0, 1.0, 1.0, 1.0, 1.0, 1.0, 1.0, 1.0]","[array([[100,   0,   0,   0],
       [  0, 134,   0,   0],
       [  0,   0,  89,   0],
       [  0,   0,   0, 134]]), array([[100,   0,   0,   0],
       [  0, 134,   0,   0],
       [  0,   0,  89,   0],
       [  0,   0,   0, 134]]), array([[101,   0,   0,   0],
       [  0, 134,   0,   0],
       [  0,   0,  89,   0],
       [  0,   0,   0, 134]]), array([[101,   0,   0,   0],
       [  0, 134,   0,   0],
       [  0,   0,  89,   0],
       [  0,   0,   0, 134]]), array([[101,   0,   0,   0],
       [  0, 135,   0,   0],
       [  0,   0,  89,   0],
       [  0,   0,   0, 135]]), array([[101,   0,   0,   0],
       [  0, 134,   0,   0],
       [  0,   0,  90,   0],
       [  0,   0,   0, 134]]), array([[101,   0,   0,   0],
       [  0, 134,   0,   0],
       [  0,   0,  89,   0],
       [  0,   0,   0, 134]]), array([[101,   0,   0,   0],
       [  0, 134,   0,   0],
       [  0,   0,  89,   0],
       [  0,   0,   0, 134]]), array([[101,   0,   0,   0],
       [  0, 134,   0,   0],
       [  0,   0,  89,   0],
       [  0,   0,   0, 134]]), array([[101,   0,   0,   0],
       [  0, 134,   0,   0],
       [  0,   0,  89,   0],
       [  0,   0,   0, 134]])]","[0.7391304347826086, 0.8043478260869565, 0.7608695652173914, 0.7391304347826086, 0.7777777777777778, 0.8222222222222222, 0.7111111111111111, 0.8444444444444444, 0.7555555555555555, 0.8444444444444444]","[0.7391304347826086, 0.8043478260869565, 0.7608695652173914, 0.7391304347826086, 0.7777777777777778, 0.8222222222222222, 0.7111111111111111, 0.8444444444444444, 0.7555555555555555, 0.8444444444444444]","[0.7391304347826086, 0.8043478260869565, 0.7608695652173914, 0.7391304347826086, 0.7777777777777778, 0.8222222222222222, 0.7111111111111111, 0.8444444444444444, 0.7555555555555555, 0.8444444444444444]","[0.7391304347826086, 0.8043478260869565, 0.7608695652173914, 0.7391304347826086, 0.7777777777777778, 0.8222222222222222, 0.7111111111111111, 0.8444444444444444, 0.7555555555555555, 0.8444444444444444]","[0.7562229437229437, 0.8027777777777778, 0.8117121848739496, 0.7465277777777778, 0.7862713675213675, 0.821780303030303, 0.7473039215686275, 0.847549019607843, 0.7460542929292929, 0.8524305555555556]","[0.7513888888888888, 0.8027777777777778, 0.753030303030303, 0.7196969696969697, 0.7733766233766234, 0.8156565656565656, 0.7058080808080807, 0.8323232323232324, 0.7401515151515151, 0.842929292929293]","[0.7457904164800716, 0.8027777777777778, 0.7483738687782806, 0.723551302498671, 0.7709697782687603, 0.8175706646294881, 0.7056372549019607, 0.8380064745196324, 0.7423727941554767, 0.8428324995687425]","[0.7628929041972521, 0.8043478260869565, 0.8106960175374497, 0.75, 0.7894634377967711, 0.8255050505050505, 0.7519607843137256, 0.8475962236746549, 0.754783950617284, 0.8483024691358025]","[0.7391304347826086, 0.8043478260869565, 0.7608695652173914, 0.7391304347826086, 0.7777777777777778, 0.8222222222222222, 0.7111111111111111, 0.8444444444444444, 0.7555555555555555, 0.8444444444444444]","[0.7433517007729901, 0.8043478260869565, 0.754420371827661, 0.7351316367334675, 0.775243956968884, 0.8229069405539993, 0.711437908496732, 0.8438805346700083, 0.7544236936427089, 0.841851532401817]","[array([[ 9,  3,  0,  0],
       [ 0,  8,  0,  1],
       [ 0,  0,  7,  3],
       [ 0,  0,  5, 10]]), array([[10,  1,  0,  1],
       [ 2,  7,  0,  0],
       [ 0,  0,  8,  2],
       [ 0,  1,  2, 12]]), array([[ 6,  5,  0,  0],
       [ 0, 10,  0,  0],
       [ 0,  0,  6,  4],
       [ 0,  1,  1, 13]]), array([[ 6,  4,  1,  0],
       [ 2,  7,  0,  1],
       [ 0,  0,  7,  3],
       [ 0,  1,  0, 14]]), array([[ 7,  4,  0,  0],
       [ 1,  9,  0,  0],
       [ 0,  0,  7,  3],
       [ 0,  0,  2, 12]]), array([[ 9,  2,  0,  0],
       [ 2,  8,  0,  0],
       [ 0,  0,  7,  2],
       [ 0,  1,  1, 13]]), array([[ 6,  4,  1,  0],
       [ 0,  7,  0,  2],
       [ 0,  0,  7,  3],
       [ 0,  1,  2, 12]]), array([[ 9,  2,  0,  0],
       [ 1,  7,  0,  1],
       [ 0,  0,  8,  2],
       [ 0,  0,  1, 14]]), array([[ 8,  3,  0,  0],
       [ 3,  6,  0,  0],
       [ 0,  0,  7,  3],
       [ 0,  0,  2, 13]]), array([[ 8,  1,  0,  2],
       [ 1,  7,  0,  1],
       [ 0,  0, 10,  0],
       [ 0,  0,  2, 13]])]"
31,"[1.0, 1.0, 1.0, 1.0, 1.0, 1.0, 1.0, 1.0, 1.0, 1.0]","[1.0, 1.0, 1.0, 1.0, 1.0, 1.0, 1.0, 1.0, 1.0, 1.0]","[1.0, 1.0, 1.0, 1.0, 1.0, 1.0, 1.0, 1.0, 1.0, 1.0]","[1.0, 1.0, 1.0, 1.0, 1.0, 1.0, 1.0, 1.0, 1.0, 1.0]","[1.0, 1.0, 1.0, 1.0, 1.0, 1.0, 1.0, 1.0, 1.0, 1.0]","[1.0, 1.0, 1.0, 1.0, 1.0, 1.0, 1.0, 1.0, 1.0, 1.0]","[1.0, 1.0, 1.0, 1.0, 1.0, 1.0, 1.0, 1.0, 1.0, 1.0]","[1.0, 1.0, 1.0, 1.0, 1.0, 1.0, 1.0, 1.0, 1.0, 1.0]","[1.0, 1.0, 1.0, 1.0, 1.0, 1.0, 1.0, 1.0, 1.0, 1.0]","[1.0, 1.0, 1.0, 1.0, 1.0, 1.0, 1.0, 1.0, 1.0, 1.0]","[array([[100,   0,   0,   0],
       [  0, 134,   0,   0],
       [  0,   0,  89,   0],
       [  0,   0,   0, 134]]), array([[100,   0,   0,   0],
       [  0, 134,   0,   0],
       [  0,   0,  89,   0],
       [  0,   0,   0, 134]]), array([[101,   0,   0,   0],
       [  0, 134,   0,   0],
       [  0,   0,  89,   0],
       [  0,   0,   0, 134]]), array([[101,   0,   0,   0],
       [  0, 134,   0,   0],
       [  0,   0,  89,   0],
       [  0,   0,   0, 134]]), array([[101,   0,   0,   0],
       [  0, 135,   0,   0],
       [  0,   0,  89,   0],
       [  0,   0,   0, 135]]), array([[101,   0,   0,   0],
       [  0, 134,   0,   0],
       [  0,   0,  90,   0],
       [  0,   0,   0, 134]]), array([[101,   0,   0,   0],
       [  0, 134,   0,   0],
       [  0,   0,  89,   0],
       [  0,   0,   0, 134]]), array([[101,   0,   0,   0],
       [  0, 134,   0,   0],
       [  0,   0,  89,   0],
       [  0,   0,   0, 134]]), array([[101,   0,   0,   0],
       [  0, 134,   0,   0],
       [  0,   0,  89,   0],
       [  0,   0,   0, 134]]), array([[101,   0,   0,   0],
       [  0, 134,   0,   0],
       [  0,   0,  89,   0],
       [  0,   0,   0, 134]])]","[0.6956521739130435, 0.782608695652174, 0.7608695652173914, 0.7608695652173914, 0.7333333333333333, 0.8, 0.7111111111111111, 0.8, 0.7555555555555555, 0.8444444444444444]","[0.6956521739130435, 0.782608695652174, 0.7608695652173914, 0.7608695652173914, 0.7333333333333333, 0.8, 0.7111111111111111, 0.8, 0.7555555555555555, 0.8444444444444444]","[0.6956521739130435, 0.782608695652174, 0.7608695652173914, 0.7608695652173914, 0.7333333333333333, 0.8, 0.7111111111111111, 0.8, 0.7555555555555555, 0.8444444444444444]","[0.6956521739130435, 0.782608695652174, 0.7608695652173914, 0.7608695652173914, 0.7333333333333333, 0.8, 0.7111111111111111, 0.8, 0.7555555555555555, 0.8444444444444444]","[0.7057178932178932, 0.7887626262626263, 0.8092105263157895, 0.761437908496732, 0.7464285714285714, 0.8020833333333334, 0.7596153846153846, 0.8104166666666666, 0.7460542929292929, 0.8524305555555556]","[0.7027777777777777, 0.7847222222222221, 0.7446969696969696, 0.7446969696969696, 0.7327922077922078, 0.7929292929292929, 0.6997474747474748, 0.7845959595959597, 0.7401515151515151, 0.842929292929293]","[0.6969808926705479, 0.7823043679580182, 0.7463235294117647, 0.746261961722488, 0.725595238095238, 0.7948433919022154, 0.6965211323763956, 0.790776182881446, 0.7423727941554767, 0.8428324995687425]","[0.7161208356860531, 0.7907224418093984, 0.805491990846682, 0.7679383347541915, 0.7523809523809525, 0.8075925925925926, 0.7657169990503324, 0.8109876543209875, 0.754783950617284, 0.8483024691358025]","[0.6956521739130435, 0.782608695652174, 0.7608695652173914, 0.7608695652173914, 0.7333333333333333, 0.8, 0.7111111111111111, 0.8, 0.7555555555555555, 0.8444444444444444]","[0.6989417628847913, 0.7825979586221707, 0.7538363171355498, 0.7577621177449553, 0.7296296296296295, 0.801454319101378, 0.7064194577352472, 0.7985917656093094, 0.7544236936427089, 0.841851532401817]","[array([[ 8,  4,  0,  0],
       [ 1,  7,  0,  1],
       [ 0,  0,  7,  3],
       [ 0,  0,  5, 10]]), array([[ 9,  2,  0,  1],
       [ 1,  8,  0,  0],
       [ 0,  0,  7,  3],
       [ 0,  1,  2, 12]]), array([[ 6,  5,  0,  0],
       [ 0,  9,  0,  1],
       [ 0,  0,  6,  4],
       [ 0,  0,  1, 14]]), array([[ 6,  4,  1,  0],
       [ 2,  7,  0,  1],
       [ 0,  0,  8,  2],
       [ 0,  1,  0, 14]]), array([[ 6,  4,  1,  0],
       [ 1,  9,  0,  0],
       [ 0,  0,  7,  3],
       [ 0,  1,  2, 11]]), array([[ 8,  3,  0,  0],
       [ 2,  8,  0,  0],
       [ 0,  0,  7,  2],
       [ 0,  1,  1, 13]]), array([[ 5,  5,  1,  0],
       [ 0,  7,  0,  2],
       [ 0,  0,  7,  3],
       [ 0,  1,  1, 13]]), array([[ 8,  3,  0,  0],
       [ 1,  7,  0,  1],
       [ 0,  0,  7,  3],
       [ 0,  0,  1, 14]]), array([[ 8,  3,  0,  0],
       [ 3,  6,  0,  0],
       [ 0,  0,  7,  3],
       [ 0,  0,  2, 13]]), array([[ 8,  1,  0,  2],
       [ 1,  7,  0,  1],
       [ 0,  0, 10,  0],
       [ 0,  0,  2, 13]])]"
32,"[1.0, 1.0, 1.0, 1.0, 1.0, 1.0, 1.0, 1.0, 1.0, 1.0]","[1.0, 1.0, 1.0, 1.0, 1.0, 1.0, 1.0, 1.0, 1.0, 1.0]","[1.0, 1.0, 1.0, 1.0, 1.0, 1.0, 1.0, 1.0, 1.0, 1.0]","[1.0, 1.0, 1.0, 1.0, 1.0, 1.0, 1.0, 1.0, 1.0, 1.0]","[1.0, 1.0, 1.0, 1.0, 1.0, 1.0, 1.0, 1.0, 1.0, 1.0]","[1.0, 1.0, 1.0, 1.0, 1.0, 1.0, 1.0, 1.0, 1.0, 1.0]","[1.0, 1.0, 1.0, 1.0, 1.0, 1.0, 1.0, 1.0, 1.0, 1.0]","[1.0, 1.0, 1.0, 1.0, 1.0, 1.0, 1.0, 1.0, 1.0, 1.0]","[1.0, 1.0, 1.0, 1.0, 1.0, 1.0, 1.0, 1.0, 1.0, 1.0]","[1.0, 1.0, 1.0, 1.0, 1.0, 1.0, 1.0, 1.0, 1.0, 1.0]","[array([[100,   0,   0,   0],
       [  0, 134,   0,   0],
       [  0,   0,  89,   0],
       [  0,   0,   0, 134]]), array([[100,   0,   0,   0],
       [  0, 134,   0,   0],
       [  0,   0,  89,   0],
       [  0,   0,   0, 134]]), array([[101,   0,   0,   0],
       [  0, 134,   0,   0],
       [  0,   0,  89,   0],
       [  0,   0,   0, 134]]), array([[101,   0,   0,   0],
       [  0, 134,   0,   0],
       [  0,   0,  89,   0],
       [  0,   0,   0, 134]]), array([[101,   0,   0,   0],
       [  0, 135,   0,   0],
       [  0,   0,  89,   0],
       [  0,   0,   0, 135]]), array([[101,   0,   0,   0],
       [  0, 134,   0,   0],
       [  0,   0,  90,   0],
       [  0,   0,   0, 134]]), array([[101,   0,   0,   0],
       [  0, 134,   0,   0],
       [  0,   0,  89,   0],
       [  0,   0,   0, 134]]), array([[101,   0,   0,   0],
       [  0, 134,   0,   0],
       [  0,   0,  89,   0],
       [  0,   0,   0, 134]]), array([[101,   0,   0,   0],
       [  0, 134,   0,   0],
       [  0,   0,  89,   0],
       [  0,   0,   0, 134]]), array([[101,   0,   0,   0],
       [  0, 134,   0,   0],
       [  0,   0,  89,   0],
       [  0,   0,   0, 134]])]","[0.7608695652173914, 0.7391304347826086, 0.7608695652173914, 0.8043478260869565, 0.7555555555555555, 0.8444444444444444, 0.7111111111111111, 0.8222222222222222, 0.7333333333333333, 0.8]","[0.7608695652173914, 0.7391304347826086, 0.7608695652173914, 0.8043478260869565, 0.7555555555555555, 0.8444444444444444, 0.7111111111111111, 0.8222222222222222, 0.7333333333333333, 0.8]","[0.7608695652173914, 0.7391304347826086, 0.7608695652173914, 0.8043478260869565, 0.7555555555555555, 0.8444444444444444, 0.7111111111111111, 0.8222222222222222, 0.7333333333333333, 0.8]","[0.7608695652173914, 0.7391304347826086, 0.7608695652173914, 0.8043478260869565, 0.7555555555555555, 0.8444444444444444, 0.7111111111111111, 0.8222222222222222, 0.7333333333333333, 0.8]","[0.7744047619047619, 0.7819444444444444, 0.8055555555555556, 0.8031045751633987, 0.7632554945054945, 0.8420454545454545, 0.7473039215686275, 0.8326388888888889, 0.7225694444444444, 0.7934027777777778]","[0.7722222222222223, 0.75, 0.7507575757575757, 0.7901515151515153, 0.7555194805194805, 0.8323232323232324, 0.7058080808080807, 0.8073232323232324, 0.7174242424242424, 0.7924242424242424]","[0.7693037452565583, 0.7319255800792304, 0.7553847296494356, 0.7947525062656642, 0.7512912716574043, 0.8362342590995342, 0.7056372549019607, 0.8152958152958153, 0.7184493491794002, 0.7884207348628601]","[0.7771221532091097, 0.7919082125603865, 0.8007246376811594, 0.8052571753339016, 0.7677350427350427, 0.8444444444444444, 0.7519607843137256, 0.8292592592592591, 0.734783950617284, 0.796141975308642]","[0.7608695652173914, 0.7391304347826086, 0.7608695652173914, 0.8043478260869565, 0.7555555555555555, 0.8444444444444444, 0.7111111111111111, 0.8222222222222222, 0.7333333333333333, 0.8]","[0.7651413527685919, 0.7332896582269137, 0.7594034978945465, 0.8027609785332896, 0.7540300025425883, 0.8435589289479233, 0.711437908496732, 0.8207471540804875, 0.732591334968245, 0.7938776761926666]","[array([[10,  2,  0,  0],
       [ 0,  8,  0,  1],
       [ 0,  0,  7,  3],
       [ 0,  0,  5, 10]]), array([[ 6,  5,  0,  1],
       [ 0,  9,  0,  0],
       [ 0,  0,  7,  3],
       [ 0,  1,  2, 12]]), array([[ 7,  4,  0,  0],
       [ 0,  9,  0,  1],
       [ 0,  0,  6,  4],
       [ 0,  1,  1, 13]]), array([[ 8,  2,  1,  0],
       [ 2,  7,  0,  1],
       [ 0,  0,  8,  2],
       [ 0,  1,  0, 14]]), array([[ 7,  4,  0,  0],
       [ 1,  9,  0,  0],
       [ 0,  0,  7,  3],
       [ 0,  0,  3, 11]]), array([[ 9,  2,  0,  0],
       [ 2,  8,  0,  0],
       [ 0,  0,  7,  2],
       [ 0,  0,  1, 14]]), array([[ 6,  4,  1,  0],
       [ 0,  7,  0,  2],
       [ 0,  0,  7,  3],
       [ 0,  1,  2, 12]]), array([[ 9,  2,  0,  0],
       [ 1,  7,  0,  1],
       [ 0,  0,  7,  3],
       [ 0,  0,  1, 14]]), array([[ 7,  4,  0,  0],
       [ 3,  6,  0,  0],
       [ 0,  0,  7,  3],
       [ 0,  0,  2, 13]]), array([[ 7,  2,  0,  2],
       [ 2,  6,  0,  1],
       [ 0,  0, 10,  0],
       [ 0,  0,  2, 13]])]"
33,"[1.0, 1.0, 1.0, 1.0, 1.0, 1.0, 1.0, 1.0, 1.0, 1.0]","[1.0, 1.0, 1.0, 1.0, 1.0, 1.0, 1.0, 1.0, 1.0, 1.0]","[1.0, 1.0, 1.0, 1.0, 1.0, 1.0, 1.0, 1.0, 1.0, 1.0]","[1.0, 1.0, 1.0, 1.0, 1.0, 1.0, 1.0, 1.0, 1.0, 1.0]","[1.0, 1.0, 1.0, 1.0, 1.0, 1.0, 1.0, 1.0, 1.0, 1.0]","[1.0, 1.0, 1.0, 1.0, 1.0, 1.0, 1.0, 1.0, 1.0, 1.0]","[1.0, 1.0, 1.0, 1.0, 1.0, 1.0, 1.0, 1.0, 1.0, 1.0]","[1.0, 1.0, 1.0, 1.0, 1.0, 1.0, 1.0, 1.0, 1.0, 1.0]","[1.0, 1.0, 1.0, 1.0, 1.0, 1.0, 1.0, 1.0, 1.0, 1.0]","[1.0, 1.0, 1.0, 1.0, 1.0, 1.0, 1.0, 1.0, 1.0, 1.0]","[array([[100,   0,   0,   0],
       [  0, 134,   0,   0],
       [  0,   0,  89,   0],
       [  0,   0,   0, 134]]), array([[100,   0,   0,   0],
       [  0, 134,   0,   0],
       [  0,   0,  89,   0],
       [  0,   0,   0, 134]]), array([[101,   0,   0,   0],
       [  0, 134,   0,   0],
       [  0,   0,  89,   0],
       [  0,   0,   0, 134]]), array([[101,   0,   0,   0],
       [  0, 134,   0,   0],
       [  0,   0,  89,   0],
       [  0,   0,   0, 134]]), array([[101,   0,   0,   0],
       [  0, 135,   0,   0],
       [  0,   0,  89,   0],
       [  0,   0,   0, 135]]), array([[101,   0,   0,   0],
       [  0, 134,   0,   0],
       [  0,   0,  90,   0],
       [  0,   0,   0, 134]]), array([[101,   0,   0,   0],
       [  0, 134,   0,   0],
       [  0,   0,  89,   0],
       [  0,   0,   0, 134]]), array([[101,   0,   0,   0],
       [  0, 134,   0,   0],
       [  0,   0,  89,   0],
       [  0,   0,   0, 134]]), array([[101,   0,   0,   0],
       [  0, 134,   0,   0],
       [  0,   0,  89,   0],
       [  0,   0,   0, 134]]), array([[101,   0,   0,   0],
       [  0, 134,   0,   0],
       [  0,   0,  89,   0],
       [  0,   0,   0, 134]])]","[0.7391304347826086, 0.782608695652174, 0.7391304347826086, 0.8043478260869565, 0.7333333333333333, 0.7777777777777778, 0.6222222222222222, 0.8222222222222222, 0.7333333333333333, 0.8222222222222222]","[0.7391304347826086, 0.782608695652174, 0.7391304347826086, 0.8043478260869565, 0.7333333333333333, 0.7777777777777778, 0.6222222222222222, 0.8222222222222222, 0.7333333333333333, 0.8222222222222222]","[0.7391304347826086, 0.782608695652174, 0.7391304347826086, 0.8043478260869565, 0.7333333333333333, 0.7777777777777778, 0.6222222222222222, 0.8222222222222222, 0.7333333333333333, 0.8222222222222222]","[0.7391304347826086, 0.782608695652174, 0.7391304347826086, 0.8043478260869565, 0.7333333333333333, 0.7777777777777778, 0.6222222222222222, 0.8222222222222222, 0.7333333333333333, 0.8222222222222222]","[0.7628205128205128, 0.7887626262626263, 0.7674374236874237, 0.8031045751633987, 0.7282467532467531, 0.783707264957265, 0.6461134453781513, 0.8326388888888889, 0.7225694444444444, 0.8257440476190476]","[0.7555555555555554, 0.7847222222222221, 0.7257575757575758, 0.7901515151515153, 0.7282467532467531, 0.7702020202020202, 0.6098484848484849, 0.8073232323232324, 0.7174242424242424, 0.8151515151515152]","[0.74296066252588, 0.7823043679580182, 0.7315638549990415, 0.7947525062656642, 0.7282467532467531, 0.771462063086104, 0.5929347826086957, 0.8152958152958153, 0.7184493491794002, 0.8149263371037565]","[0.7759197324414716, 0.7907224418093984, 0.7648610447523491, 0.8052571753339016, 0.7333333333333333, 0.7907644824311492, 0.6598972922502335, 0.8292592592592591, 0.734783950617284, 0.8230026455026456]","[0.7391304347826086, 0.782608695652174, 0.7391304347826086, 0.8043478260869565, 0.7333333333333333, 0.7777777777777778, 0.6222222222222222, 0.8222222222222222, 0.7333333333333333, 0.8222222222222222]","[0.7419119632730219, 0.7825979586221707, 0.7377997879264946, 0.8027609785332896, 0.7333333333333333, 0.7792952543336175, 0.6076811594202899, 0.8207471540804875, 0.732591334968245, 0.8178334807367065]","[array([[ 8,  4,  0,  0],
       [ 0,  8,  0,  1],
       [ 0,  0,  8,  2],
       [ 0,  0,  5, 10]]), array([[ 9,  2,  0,  1],
       [ 1,  8,  0,  0],
       [ 0,  0,  7,  3],
       [ 0,  1,  2, 12]]), array([[ 7,  4,  0,  0],
       [ 1,  8,  0,  1],
       [ 0,  0,  6,  4],
       [ 0,  1,  1, 13]]), array([[ 8,  2,  1,  0],
       [ 2,  7,  0,  1],
       [ 0,  0,  8,  2],
       [ 0,  1,  0, 14]]), array([[ 8,  3,  0,  0],
       [ 3,  7,  0,  0],
       [ 0,  0,  7,  3],
       [ 0,  0,  3, 11]]), array([[ 7,  4,  0,  0],
       [ 2,  8,  0,  0],
       [ 0,  0,  7,  2],
       [ 0,  1,  1, 13]]), array([[ 3,  7,  1,  0],
       [ 1,  6,  0,  2],
       [ 0,  0,  7,  3],
       [ 0,  1,  2, 12]]), array([[ 9,  2,  0,  0],
       [ 1,  7,  0,  1],
       [ 0,  0,  7,  3],
       [ 0,  0,  1, 14]]), array([[ 7,  4,  0,  0],
       [ 3,  6,  0,  0],
       [ 0,  0,  7,  3],
       [ 0,  0,  2, 13]]), array([[ 8,  1,  0,  2],
       [ 2,  6,  0,  1],
       [ 0,  0, 10,  0],
       [ 0,  0,  2, 13]])]"
34,"[1.0, 1.0, 1.0, 1.0, 1.0, 1.0, 1.0, 1.0, 1.0, 1.0]","[1.0, 1.0, 1.0, 1.0, 1.0, 1.0, 1.0, 1.0, 1.0, 1.0]","[1.0, 1.0, 1.0, 1.0, 1.0, 1.0, 1.0, 1.0, 1.0, 1.0]","[1.0, 1.0, 1.0, 1.0, 1.0, 1.0, 1.0, 1.0, 1.0, 1.0]","[1.0, 1.0, 1.0, 1.0, 1.0, 1.0, 1.0, 1.0, 1.0, 1.0]","[1.0, 1.0, 1.0, 1.0, 1.0, 1.0, 1.0, 1.0, 1.0, 1.0]","[1.0, 1.0, 1.0, 1.0, 1.0, 1.0, 1.0, 1.0, 1.0, 1.0]","[1.0, 1.0, 1.0, 1.0, 1.0, 1.0, 1.0, 1.0, 1.0, 1.0]","[1.0, 1.0, 1.0, 1.0, 1.0, 1.0, 1.0, 1.0, 1.0, 1.0]","[1.0, 1.0, 1.0, 1.0, 1.0, 1.0, 1.0, 1.0, 1.0, 1.0]","[array([[100,   0,   0,   0],
       [  0, 134,   0,   0],
       [  0,   0,  89,   0],
       [  0,   0,   0, 134]]), array([[100,   0,   0,   0],
       [  0, 134,   0,   0],
       [  0,   0,  89,   0],
       [  0,   0,   0, 134]]), array([[101,   0,   0,   0],
       [  0, 134,   0,   0],
       [  0,   0,  89,   0],
       [  0,   0,   0, 134]]), array([[101,   0,   0,   0],
       [  0, 134,   0,   0],
       [  0,   0,  89,   0],
       [  0,   0,   0, 134]]), array([[101,   0,   0,   0],
       [  0, 135,   0,   0],
       [  0,   0,  89,   0],
       [  0,   0,   0, 135]]), array([[101,   0,   0,   0],
       [  0, 134,   0,   0],
       [  0,   0,  90,   0],
       [  0,   0,   0, 134]]), array([[101,   0,   0,   0],
       [  0, 134,   0,   0],
       [  0,   0,  89,   0],
       [  0,   0,   0, 134]]), array([[101,   0,   0,   0],
       [  0, 134,   0,   0],
       [  0,   0,  89,   0],
       [  0,   0,   0, 134]]), array([[101,   0,   0,   0],
       [  0, 134,   0,   0],
       [  0,   0,  89,   0],
       [  0,   0,   0, 134]]), array([[101,   0,   0,   0],
       [  0, 134,   0,   0],
       [  0,   0,  89,   0],
       [  0,   0,   0, 134]])]","[0.717391304347826, 0.8043478260869565, 0.7608695652173914, 0.782608695652174, 0.7777777777777778, 0.8, 0.7333333333333333, 0.8222222222222222, 0.7333333333333333, 0.8222222222222222]","[0.717391304347826, 0.8043478260869565, 0.7608695652173914, 0.782608695652174, 0.7777777777777778, 0.8, 0.7333333333333333, 0.8222222222222222, 0.7333333333333333, 0.8222222222222222]","[0.717391304347826, 0.8043478260869565, 0.7608695652173914, 0.782608695652174, 0.7777777777777778, 0.8, 0.7333333333333333, 0.8222222222222222, 0.7333333333333333, 0.8222222222222222]","[0.717391304347826, 0.8043478260869565, 0.7608695652173914, 0.782608695652174, 0.7777777777777778, 0.8, 0.7333333333333333, 0.8222222222222222, 0.7333333333333333, 0.8222222222222222]","[0.7410714285714286, 0.8194444444444444, 0.8117121848739496, 0.798611111111111, 0.7811507936507935, 0.8020833333333334, 0.7409722222222221, 0.8253267973856209, 0.7225694444444444, 0.8246527777777778]","[0.7305555555555555, 0.8125, 0.753030303030303, 0.7674242424242426, 0.7782467532467532, 0.7929292929292929, 0.7174242424242424, 0.8095959595959596, 0.7174242424242424, 0.8202020202020203]","[0.7219808926705479, 0.8063303419839922, 0.7483738687782806, 0.7725943646996278, 0.775974025974026, 0.7948433919022154, 0.7228468899521532, 0.8134868421052631, 0.7184493491794002, 0.8156051173878]","[0.7510351966873706, 0.821256038647343, 0.8106960175374497, 0.7980072463768115, 0.7839506172839507, 0.8075925925925926, 0.7435185185185186, 0.8293246187363833, 0.734783950617284, 0.8254629629629631]","[0.717391304347826, 0.8043478260869565, 0.7608695652173914, 0.782608695652174, 0.7777777777777778, 0.8, 0.7333333333333333, 0.8222222222222222, 0.7333333333333333, 0.8222222222222222]","[0.7209914523257852, 0.8039418321399572, 0.754420371827661, 0.7800661072972287, 0.7773737373737374, 0.801454319101378, 0.731632110579479, 0.8217251461988304, 0.732591334968245, 0.8172626091132034]","[array([[ 8,  4,  0,  0],
       [ 0,  8,  0,  1],
       [ 0,  0,  7,  3],
       [ 0,  0,  5, 10]]), array([[ 9,  2,  0,  1],
       [ 0,  9,  0,  0],
       [ 0,  0,  7,  3],
       [ 0,  1,  2, 12]]), array([[ 6,  5,  0,  0],
       [ 0, 10,  0,  0],
       [ 0,  0,  6,  4],
       [ 0,  1,  1, 13]]), array([[ 7,  3,  1,  0],
       [ 1,  8,  0,  1],
       [ 0,  0,  7,  3],
       [ 0,  1,  0, 14]]), array([[ 8,  3,  0,  0],
       [ 1,  9,  0,  0],
       [ 0,  0,  7,  3],
       [ 0,  0,  3, 11]]), array([[ 8,  3,  0,  0],
       [ 2,  8,  0,  0],
       [ 0,  0,  7,  2],
       [ 0,  1,  1, 13]]), array([[ 7,  3,  1,  0],
       [ 1,  6,  0,  2],
       [ 0,  0,  7,  3],
       [ 0,  0,  2, 13]]), array([[ 8,  3,  0,  0],
       [ 1,  7,  0,  1],
       [ 0,  0,  8,  2],
       [ 0,  0,  1, 14]]), array([[ 7,  4,  0,  0],
       [ 3,  6,  0,  0],
       [ 0,  0,  7,  3],
       [ 0,  0,  2, 13]]), array([[ 7,  2,  0,  2],
       [ 1,  7,  0,  1],
       [ 0,  0, 10,  0],
       [ 0,  0,  2, 13]])]"
35,"[1.0, 1.0, 1.0, 1.0, 1.0, 1.0, 1.0, 1.0, 1.0, 1.0]","[1.0, 1.0, 1.0, 1.0, 1.0, 1.0, 1.0, 1.0, 1.0, 1.0]","[1.0, 1.0, 1.0, 1.0, 1.0, 1.0, 1.0, 1.0, 1.0, 1.0]","[1.0, 1.0, 1.0, 1.0, 1.0, 1.0, 1.0, 1.0, 1.0, 1.0]","[1.0, 1.0, 1.0, 1.0, 1.0, 1.0, 1.0, 1.0, 1.0, 1.0]","[1.0, 1.0, 1.0, 1.0, 1.0, 1.0, 1.0, 1.0, 1.0, 1.0]","[1.0, 1.0, 1.0, 1.0, 1.0, 1.0, 1.0, 1.0, 1.0, 1.0]","[1.0, 1.0, 1.0, 1.0, 1.0, 1.0, 1.0, 1.0, 1.0, 1.0]","[1.0, 1.0, 1.0, 1.0, 1.0, 1.0, 1.0, 1.0, 1.0, 1.0]","[1.0, 1.0, 1.0, 1.0, 1.0, 1.0, 1.0, 1.0, 1.0, 1.0]","[array([[100,   0,   0,   0],
       [  0, 134,   0,   0],
       [  0,   0,  89,   0],
       [  0,   0,   0, 134]]), array([[100,   0,   0,   0],
       [  0, 134,   0,   0],
       [  0,   0,  89,   0],
       [  0,   0,   0, 134]]), array([[101,   0,   0,   0],
       [  0, 134,   0,   0],
       [  0,   0,  89,   0],
       [  0,   0,   0, 134]]), array([[101,   0,   0,   0],
       [  0, 134,   0,   0],
       [  0,   0,  89,   0],
       [  0,   0,   0, 134]]), array([[101,   0,   0,   0],
       [  0, 135,   0,   0],
       [  0,   0,  89,   0],
       [  0,   0,   0, 135]]), array([[101,   0,   0,   0],
       [  0, 134,   0,   0],
       [  0,   0,  90,   0],
       [  0,   0,   0, 134]]), array([[101,   0,   0,   0],
       [  0, 134,   0,   0],
       [  0,   0,  89,   0],
       [  0,   0,   0, 134]]), array([[101,   0,   0,   0],
       [  0, 134,   0,   0],
       [  0,   0,  89,   0],
       [  0,   0,   0, 134]]), array([[101,   0,   0,   0],
       [  0, 134,   0,   0],
       [  0,   0,  89,   0],
       [  0,   0,   0, 134]]), array([[101,   0,   0,   0],
       [  0, 134,   0,   0],
       [  0,   0,  89,   0],
       [  0,   0,   0, 134]])]","[0.7608695652173914, 0.782608695652174, 0.7391304347826086, 0.7391304347826086, 0.8, 0.8222222222222222, 0.7333333333333333, 0.8666666666666667, 0.7777777777777778, 0.8222222222222222]","[0.7608695652173914, 0.782608695652174, 0.7391304347826086, 0.7391304347826086, 0.8, 0.8222222222222222, 0.7333333333333333, 0.8666666666666667, 0.7777777777777778, 0.8222222222222222]","[0.7608695652173914, 0.782608695652174, 0.7391304347826086, 0.7391304347826086, 0.8, 0.8222222222222222, 0.7333333333333333, 0.8666666666666667, 0.7777777777777778, 0.8222222222222222]","[0.7608695652173914, 0.782608695652174, 0.7391304347826086, 0.7391304347826086, 0.8, 0.8222222222222222, 0.7333333333333333, 0.8666666666666667, 0.7777777777777778, 0.8222222222222222]","[0.7744047619047619, 0.7887626262626263, 0.767063492063492, 0.7474626068376068, 0.8030788655788655, 0.8307158119658119, 0.7708333333333334, 0.874127302436126, 0.7725694444444444, 0.8366941473559121]","[0.7722222222222223, 0.7847222222222221, 0.7219696969696969, 0.728030303030303, 0.8032467532467533, 0.817929292929293, 0.7224747474747474, 0.8550505050505051, 0.767929292929293, 0.817929292929293]","[0.7693037452565583, 0.7823043679580182, 0.715650623885918, 0.730272385029896, 0.7987253487253487, 0.8182011935208867, 0.7243174781874473, 0.8624313960033774, 0.7685746624626082, 0.8232930672268908]","[0.7771221532091097, 0.7907224418093984, 0.7696687370600415, 0.7545870494240059, 0.8088146421479755, 0.8350189933523267, 0.7746913580246915, 0.8692628903413218, 0.7792283950617285, 0.8290040932197794]","[0.7608695652173914, 0.782608695652174, 0.7391304347826086, 0.7391304347826086, 0.8, 0.8222222222222222, 0.7333333333333333, 0.8666666666666667, 0.7777777777777778, 0.8222222222222222]","[0.7651413527685919, 0.7825979586221707, 0.7273192280864916, 0.7399135377317616, 0.800183849072738, 0.8230633702756466, 0.7322513056259186, 0.8657292741658067, 0.7769243898276156, 0.8215709617180205]","[array([[10,  2,  0,  0],
       [ 0,  8,  0,  1],
       [ 0,  0,  7,  3],
       [ 0,  0,  5, 10]]), array([[ 9,  2,  0,  1],
       [ 1,  8,  0,  0],
       [ 0,  0,  7,  3],
       [ 0,  1,  2, 12]]), array([[ 5,  6,  0,  0],
       [ 1,  9,  0,  0],
       [ 0,  0,  6,  4],
       [ 0,  0,  1, 14]]), array([[ 6,  4,  1,  0],
       [ 2,  7,  0,  1],
       [ 0,  0,  8,  2],
       [ 0,  2,  0, 13]]), array([[ 8,  3,  0,  0],
       [ 1,  9,  0,  0],
       [ 0,  0,  8,  2],
       [ 0,  0,  3, 11]]), array([[ 8,  3,  0,  0],
       [ 1,  9,  0,  0],
       [ 0,  0,  7,  2],
       [ 0,  1,  1, 13]]), array([[ 6,  4,  1,  0],
       [ 0,  7,  0,  2],
       [ 0,  0,  7,  3],
       [ 0,  1,  1, 13]]), array([[10,  1,  0,  0],
       [ 1,  7,  0,  1],
       [ 0,  0,  8,  2],
       [ 0,  0,  1, 14]]), array([[ 8,  3,  0,  0],
       [ 2,  7,  0,  0],
       [ 0,  0,  7,  3],
       [ 0,  0,  2, 13]]), array([[ 8,  1,  0,  2],
       [ 1,  7,  0,  1],
       [ 0,  0,  9,  1],
       [ 0,  0,  2, 13]])]"
36,"[1.0, 1.0, 1.0, 1.0, 1.0, 1.0, 1.0, 1.0, 1.0, 1.0]","[1.0, 1.0, 1.0, 1.0, 1.0, 1.0, 1.0, 1.0, 1.0, 1.0]","[1.0, 1.0, 1.0, 1.0, 1.0, 1.0, 1.0, 1.0, 1.0, 1.0]","[1.0, 1.0, 1.0, 1.0, 1.0, 1.0, 1.0, 1.0, 1.0, 1.0]","[1.0, 1.0, 1.0, 1.0, 1.0, 1.0, 1.0, 1.0, 1.0, 1.0]","[1.0, 1.0, 1.0, 1.0, 1.0, 1.0, 1.0, 1.0, 1.0, 1.0]","[1.0, 1.0, 1.0, 1.0, 1.0, 1.0, 1.0, 1.0, 1.0, 1.0]","[1.0, 1.0, 1.0, 1.0, 1.0, 1.0, 1.0, 1.0, 1.0, 1.0]","[1.0, 1.0, 1.0, 1.0, 1.0, 1.0, 1.0, 1.0, 1.0, 1.0]","[1.0, 1.0, 1.0, 1.0, 1.0, 1.0, 1.0, 1.0, 1.0, 1.0]","[array([[100,   0,   0,   0],
       [  0, 134,   0,   0],
       [  0,   0,  89,   0],
       [  0,   0,   0, 134]]), array([[100,   0,   0,   0],
       [  0, 134,   0,   0],
       [  0,   0,  89,   0],
       [  0,   0,   0, 134]]), array([[101,   0,   0,   0],
       [  0, 134,   0,   0],
       [  0,   0,  89,   0],
       [  0,   0,   0, 134]]), array([[101,   0,   0,   0],
       [  0, 134,   0,   0],
       [  0,   0,  89,   0],
       [  0,   0,   0, 134]]), array([[101,   0,   0,   0],
       [  0, 135,   0,   0],
       [  0,   0,  89,   0],
       [  0,   0,   0, 135]]), array([[101,   0,   0,   0],
       [  0, 134,   0,   0],
       [  0,   0,  90,   0],
       [  0,   0,   0, 134]]), array([[101,   0,   0,   0],
       [  0, 134,   0,   0],
       [  0,   0,  89,   0],
       [  0,   0,   0, 134]]), array([[101,   0,   0,   0],
       [  0, 134,   0,   0],
       [  0,   0,  89,   0],
       [  0,   0,   0, 134]]), array([[101,   0,   0,   0],
       [  0, 134,   0,   0],
       [  0,   0,  89,   0],
       [  0,   0,   0, 134]]), array([[101,   0,   0,   0],
       [  0, 134,   0,   0],
       [  0,   0,  89,   0],
       [  0,   0,   0, 134]])]","[0.7391304347826086, 0.8260869565217391, 0.7391304347826086, 0.782608695652174, 0.7777777777777778, 0.8444444444444444, 0.7555555555555555, 0.8444444444444444, 0.7777777777777778, 0.8]","[0.7391304347826086, 0.8260869565217391, 0.7391304347826086, 0.782608695652174, 0.7777777777777778, 0.8444444444444444, 0.7555555555555555, 0.8444444444444444, 0.7777777777777778, 0.8]","[0.7391304347826086, 0.8260869565217391, 0.7391304347826086, 0.782608695652174, 0.7777777777777778, 0.8444444444444444, 0.7555555555555555, 0.8444444444444444, 0.7777777777777778, 0.8]","[0.7391304347826086, 0.8260869565217391, 0.7391304347826086, 0.782608695652174, 0.7777777777777778, 0.8444444444444444, 0.7555555555555555, 0.8444444444444444, 0.7777777777777778, 0.8]","[0.7562229437229437, 0.8351158645276292, 0.766628108733372, 0.7816399286987521, 0.7811507936507935, 0.8496642246642248, 0.787745879851143, 0.847549019607843, 0.7702020202020202, 0.8089163695781343]","[0.7513888888888888, 0.8222222222222223, 0.7196969696969697, 0.7674242424242426, 0.7782467532467532, 0.8457070707070707, 0.7391414141414141, 0.8323232323232324, 0.7702020202020202, 0.7952020202020202]","[0.7457904164800716, 0.8269490528858378, 0.7229326513213981, 0.7709429824561403, 0.775974025974026, 0.8420123271697485, 0.74156346749226, 0.8380064745196324, 0.7666666666666667, 0.7960656850459482]","[0.7628929041972521, 0.8295099330904957, 0.7653582115824679, 0.7861091735772042, 0.7839506172839507, 0.8584316917650251, 0.7901707129777306, 0.8475962236746549, 0.7840628507295174, 0.8061645870469399]","[0.7391304347826086, 0.8260869565217391, 0.7391304347826086, 0.782608695652174, 0.7777777777777778, 0.8444444444444444, 0.7555555555555555, 0.8444444444444444, 0.7777777777777778, 0.8]","[0.7433517007729901, 0.8258848622027659, 0.7326439082249157, 0.7807112890922959, 0.7773737373737374, 0.8460969515242379, 0.7508015135878913, 0.8438805346700083, 0.7777777777777778, 0.7969820384294068]","[array([[ 9,  3,  0,  0],
       [ 0,  8,  0,  1],
       [ 0,  0,  7,  3],
       [ 0,  0,  5, 10]]), array([[10,  1,  0,  1],
       [ 1,  8,  0,  0],
       [ 0,  0,  7,  3],
       [ 0,  0,  2, 13]]), array([[ 6,  5,  0,  0],
       [ 1,  8,  0,  1],
       [ 0,  0,  6,  4],
       [ 0,  0,  1, 14]]), array([[ 7,  3,  1,  0],
       [ 2,  7,  0,  1],
       [ 0,  0,  8,  2],
       [ 0,  1,  0, 14]]), array([[ 8,  3,  0,  0],
       [ 1,  9,  0,  0],
       [ 0,  0,  7,  3],
       [ 0,  0,  3, 11]]), array([[ 8,  3,  0,  0],
       [ 1,  9,  0,  0],
       [ 0,  0,  8,  1],
       [ 0,  1,  1, 13]]), array([[ 6,  4,  1,  0],
       [ 0,  7,  0,  2],
       [ 0,  0,  7,  3],
       [ 0,  0,  1, 14]]), array([[ 9,  2,  0,  0],
       [ 1,  7,  0,  1],
       [ 0,  0,  8,  2],
       [ 0,  0,  1, 14]]), array([[ 7,  4,  0,  0],
       [ 2,  7,  0,  0],
       [ 0,  0,  8,  2],
       [ 0,  0,  2, 13]]), array([[ 7,  2,  0,  2],
       [ 1,  7,  0,  1],
       [ 0,  0,  9,  1],
       [ 0,  0,  2, 13]])]"
37,"[1.0, 1.0, 1.0, 1.0, 1.0, 1.0, 1.0, 1.0, 1.0, 1.0]","[1.0, 1.0, 1.0, 1.0, 1.0, 1.0, 1.0, 1.0, 1.0, 1.0]","[1.0, 1.0, 1.0, 1.0, 1.0, 1.0, 1.0, 1.0, 1.0, 1.0]","[1.0, 1.0, 1.0, 1.0, 1.0, 1.0, 1.0, 1.0, 1.0, 1.0]","[1.0, 1.0, 1.0, 1.0, 1.0, 1.0, 1.0, 1.0, 1.0, 1.0]","[1.0, 1.0, 1.0, 1.0, 1.0, 1.0, 1.0, 1.0, 1.0, 1.0]","[1.0, 1.0, 1.0, 1.0, 1.0, 1.0, 1.0, 1.0, 1.0, 1.0]","[1.0, 1.0, 1.0, 1.0, 1.0, 1.0, 1.0, 1.0, 1.0, 1.0]","[1.0, 1.0, 1.0, 1.0, 1.0, 1.0, 1.0, 1.0, 1.0, 1.0]","[1.0, 1.0, 1.0, 1.0, 1.0, 1.0, 1.0, 1.0, 1.0, 1.0]","[array([[100,   0,   0,   0],
       [  0, 134,   0,   0],
       [  0,   0,  89,   0],
       [  0,   0,   0, 134]]), array([[100,   0,   0,   0],
       [  0, 134,   0,   0],
       [  0,   0,  89,   0],
       [  0,   0,   0, 134]]), array([[101,   0,   0,   0],
       [  0, 134,   0,   0],
       [  0,   0,  89,   0],
       [  0,   0,   0, 134]]), array([[101,   0,   0,   0],
       [  0, 134,   0,   0],
       [  0,   0,  89,   0],
       [  0,   0,   0, 134]]), array([[101,   0,   0,   0],
       [  0, 135,   0,   0],
       [  0,   0,  89,   0],
       [  0,   0,   0, 135]]), array([[101,   0,   0,   0],
       [  0, 134,   0,   0],
       [  0,   0,  90,   0],
       [  0,   0,   0, 134]]), array([[101,   0,   0,   0],
       [  0, 134,   0,   0],
       [  0,   0,  89,   0],
       [  0,   0,   0, 134]]), array([[101,   0,   0,   0],
       [  0, 134,   0,   0],
       [  0,   0,  89,   0],
       [  0,   0,   0, 134]]), array([[101,   0,   0,   0],
       [  0, 134,   0,   0],
       [  0,   0,  89,   0],
       [  0,   0,   0, 134]]), array([[101,   0,   0,   0],
       [  0, 134,   0,   0],
       [  0,   0,  89,   0],
       [  0,   0,   0, 134]])]","[0.7391304347826086, 0.7608695652173914, 0.8043478260869565, 0.7391304347826086, 0.7555555555555555, 0.8222222222222222, 0.7555555555555555, 0.8222222222222222, 0.7777777777777778, 0.8]","[0.7391304347826086, 0.7608695652173914, 0.8043478260869565, 0.7391304347826086, 0.7555555555555555, 0.8222222222222222, 0.7555555555555555, 0.8222222222222222, 0.7777777777777778, 0.8]","[0.7391304347826086, 0.7608695652173914, 0.8043478260869565, 0.7391304347826086, 0.7555555555555555, 0.8222222222222222, 0.7555555555555555, 0.8222222222222222, 0.7777777777777778, 0.8]","[0.7391304347826086, 0.7608695652173914, 0.8043478260869565, 0.7391304347826086, 0.7555555555555555, 0.8222222222222222, 0.7555555555555555, 0.8222222222222222, 0.7777777777777778, 0.8]","[0.7562229437229437, 0.7708333333333333, 0.8412990196078431, 0.7474626068376068, 0.7758241758241758, 0.8307158119658119, 0.7840909090909091, 0.8253267973856209, 0.7847985347985348, 0.8100076394194041]","[0.7513888888888888, 0.7638888888888888, 0.7946969696969697, 0.728030303030303, 0.7577922077922077, 0.817929292929293, 0.7452020202020202, 0.8095959595959596, 0.7752525252525252, 0.7901515151515152]","[0.7457904164800716, 0.7587112943649446, 0.7896650326797385, 0.730272385029896, 0.7503703703703704, 0.8182011935208867, 0.7506246677299309, 0.8134868421052631, 0.7651515151515152, 0.7953869047619048]","[0.7628929041972521, 0.7759661835748792, 0.8428175618073316, 0.7545870494240059, 0.783882783882784, 0.8350189933523267, 0.785297418630752, 0.8293246187363833, 0.7992673992673992, 0.8037042695866224]","[0.7391304347826086, 0.7608695652173914, 0.8043478260869565, 0.7391304347826086, 0.7555555555555555, 0.8222222222222222, 0.7555555555555555, 0.8222222222222222, 0.7777777777777778, 0.8]","[0.7433517007729901, 0.760463571270392, 0.7971192100028418, 0.7399135377317616, 0.7542386831275719, 0.8230633702756466, 0.7564924094748655, 0.8217251461988304, 0.775084175084175, 0.79755291005291]","[array([[ 9,  3,  0,  0],
       [ 0,  8,  0,  1],
       [ 0,  0,  7,  3],
       [ 0,  0,  5, 10]]), array([[ 8,  3,  0,  1],
       [ 1,  8,  0,  0],
       [ 0,  0,  7,  3],
       [ 0,  1,  2, 12]]), array([[ 6,  5,  0,  0],
       [ 0, 10,  0,  0],
       [ 0,  0,  7,  3],
       [ 0,  0,  1, 14]]), array([[ 6,  4,  1,  0],
       [ 2,  7,  0,  1],
       [ 0,  0,  8,  2],
       [ 0,  2,  0, 13]]), array([[ 6,  5,  0,  0],
       [ 1,  9,  0,  0],
       [ 0,  0,  8,  2],
       [ 0,  1,  2, 11]]), array([[ 8,  3,  0,  0],
       [ 1,  9,  0,  0],
       [ 0,  0,  7,  2],
       [ 0,  1,  1, 13]]), array([[ 7,  3,  1,  0],
       [ 0,  7,  0,  2],
       [ 0,  0,  7,  3],
       [ 0,  1,  1, 13]]), array([[ 8,  3,  0,  0],
       [ 1,  7,  0,  1],
       [ 0,  0,  8,  2],
       [ 0,  0,  1, 14]]), array([[ 6,  5,  0,  0],
       [ 1,  8,  0,  0],
       [ 0,  0,  8,  2],
       [ 0,  0,  2, 13]]), array([[ 8,  1,  0,  2],
       [ 2,  6,  0,  1],
       [ 0,  0,  9,  1],
       [ 0,  0,  2, 13]])]"
38,"[1.0, 1.0, 1.0, 1.0, 1.0, 1.0, 1.0, 1.0, 1.0, 1.0]","[1.0, 1.0, 1.0, 1.0, 1.0, 1.0, 1.0, 1.0, 1.0, 1.0]","[1.0, 1.0, 1.0, 1.0, 1.0, 1.0, 1.0, 1.0, 1.0, 1.0]","[1.0, 1.0, 1.0, 1.0, 1.0, 1.0, 1.0, 1.0, 1.0, 1.0]","[1.0, 1.0, 1.0, 1.0, 1.0, 1.0, 1.0, 1.0, 1.0, 1.0]","[1.0, 1.0, 1.0, 1.0, 1.0, 1.0, 1.0, 1.0, 1.0, 1.0]","[1.0, 1.0, 1.0, 1.0, 1.0, 1.0, 1.0, 1.0, 1.0, 1.0]","[1.0, 1.0, 1.0, 1.0, 1.0, 1.0, 1.0, 1.0, 1.0, 1.0]","[1.0, 1.0, 1.0, 1.0, 1.0, 1.0, 1.0, 1.0, 1.0, 1.0]","[1.0, 1.0, 1.0, 1.0, 1.0, 1.0, 1.0, 1.0, 1.0, 1.0]","[array([[100,   0,   0,   0],
       [  0, 134,   0,   0],
       [  0,   0,  89,   0],
       [  0,   0,   0, 134]]), array([[100,   0,   0,   0],
       [  0, 134,   0,   0],
       [  0,   0,  89,   0],
       [  0,   0,   0, 134]]), array([[101,   0,   0,   0],
       [  0, 134,   0,   0],
       [  0,   0,  89,   0],
       [  0,   0,   0, 134]]), array([[101,   0,   0,   0],
       [  0, 134,   0,   0],
       [  0,   0,  89,   0],
       [  0,   0,   0, 134]]), array([[101,   0,   0,   0],
       [  0, 135,   0,   0],
       [  0,   0,  89,   0],
       [  0,   0,   0, 135]]), array([[101,   0,   0,   0],
       [  0, 134,   0,   0],
       [  0,   0,  90,   0],
       [  0,   0,   0, 134]]), array([[101,   0,   0,   0],
       [  0, 134,   0,   0],
       [  0,   0,  89,   0],
       [  0,   0,   0, 134]]), array([[101,   0,   0,   0],
       [  0, 134,   0,   0],
       [  0,   0,  89,   0],
       [  0,   0,   0, 134]]), array([[101,   0,   0,   0],
       [  0, 134,   0,   0],
       [  0,   0,  89,   0],
       [  0,   0,   0, 134]]), array([[101,   0,   0,   0],
       [  0, 134,   0,   0],
       [  0,   0,  89,   0],
       [  0,   0,   0, 134]])]","[0.717391304347826, 0.8043478260869565, 0.7608695652173914, 0.7391304347826086, 0.8222222222222222, 0.8444444444444444, 0.7555555555555555, 0.8222222222222222, 0.8222222222222222, 0.8]","[0.717391304347826, 0.8043478260869565, 0.7608695652173914, 0.7391304347826086, 0.8222222222222222, 0.8444444444444444, 0.7555555555555555, 0.8222222222222222, 0.8222222222222222, 0.8]","[0.717391304347826, 0.8043478260869565, 0.7608695652173914, 0.7391304347826086, 0.8222222222222222, 0.8444444444444444, 0.7555555555555555, 0.8222222222222222, 0.8222222222222222, 0.8]","[0.717391304347826, 0.8043478260869565, 0.7608695652173914, 0.7391304347826086, 0.8222222222222222, 0.8444444444444444, 0.7555555555555555, 0.8222222222222222, 0.8222222222222222, 0.8]","[0.7410714285714286, 0.8194444444444444, 0.8189338235294118, 0.7474626068376068, 0.8240079365079366, 0.8496642246642248, 0.787745879851143, 0.8253267973856209, 0.8207070707070707, 0.8089163695781343]","[0.7305555555555555, 0.8125, 0.7553030303030303, 0.728030303030303, 0.8211038961038962, 0.8457070707070707, 0.7391414141414141, 0.8095959595959596, 0.8207070707070707, 0.7952020202020202]","[0.7219808926705479, 0.8063303419839922, 0.7455570489844684, 0.730272385029896, 0.8188311688311688, 0.8420123271697485, 0.74156346749226, 0.8134868421052631, 0.8166666666666668, 0.7960656850459482]","[0.7510351966873706, 0.821256038647343, 0.822170716112532, 0.7545870494240059, 0.828395061728395, 0.8584316917650251, 0.7901707129777306, 0.8293246187363833, 0.829405162738496, 0.8061645870469399]","[0.717391304347826, 0.8043478260869565, 0.7608695652173914, 0.7391304347826086, 0.8222222222222222, 0.8444444444444444, 0.7555555555555555, 0.8222222222222222, 0.8222222222222222, 0.8]","[0.7209914523257852, 0.8039418321399572, 0.7530615292712067, 0.7399135377317616, 0.8218181818181819, 0.8460969515242379, 0.7508015135878913, 0.8217251461988304, 0.8222222222222222, 0.7969820384294068]","[array([[ 8,  4,  0,  0],
       [ 0,  8,  0,  1],
       [ 0,  0,  7,  3],
       [ 0,  0,  5, 10]]), array([[ 9,  2,  0,  1],
       [ 0,  9,  0,  0],
       [ 0,  0,  7,  3],
       [ 0,  1,  2, 12]]), array([[ 5,  6,  0,  0],
       [ 0, 10,  0,  0],
       [ 0,  0,  7,  3],
       [ 0,  1,  1, 13]]), array([[ 6,  4,  1,  0],
       [ 2,  7,  0,  1],
       [ 0,  0,  8,  2],
       [ 0,  2,  0, 13]]), array([[ 8,  3,  0,  0],
       [ 1,  9,  0,  0],
       [ 0,  0,  8,  2],
       [ 0,  0,  2, 12]]), array([[ 8,  3,  0,  0],
       [ 1,  9,  0,  0],
       [ 0,  0,  8,  1],
       [ 0,  1,  1, 13]]), array([[ 6,  4,  1,  0],
       [ 0,  7,  0,  2],
       [ 0,  0,  7,  3],
       [ 0,  0,  1, 14]]), array([[ 8,  3,  0,  0],
       [ 1,  7,  0,  1],
       [ 0,  0,  8,  2],
       [ 0,  0,  1, 14]]), array([[ 8,  3,  0,  0],
       [ 1,  8,  0,  0],
       [ 0,  0,  8,  2],
       [ 0,  0,  2, 13]]), array([[ 7,  2,  0,  2],
       [ 1,  7,  0,  1],
       [ 0,  0,  9,  1],
       [ 0,  0,  2, 13]])]"
